model,substrate,quant,stack,family,trials,pass_rate,clean_pass_rate,mean_score,classified_rate,cascade_rate,echo_rate,avg_distractors,avg_missing_required,stability_score,top_failure
27b,base,base_f16,q2_amplifier_low_echo,adversarial,560,0.9286,0.5929,0.9361,0.9946,0.0482,0.2696,0.1589,0.0661,0.5084,none
27b,base,base_f16,q2_amplifier_low_echo,boundary,560,0.9125,0.5464,0.9299,0.9911,0.05,0.3,0.2,0.0554,0.4527,none
27b,base,base_f16,q2_amplifier_low_echo,coding,560,0.9304,0.5839,0.9377,0.9893,0.05,0.2589,0.1464,0.0482,0.503,none
27b,base,base_f16,q2_amplifier_low_echo,epistemic,560,0.9357,0.5982,0.944,0.9821,0.0375,0.2607,0.1554,0.0375,0.5205,none
27b,base,base_f16,q2_amplifier_low_echo,forensic,560,0.9429,0.5732,0.9412,0.9946,0.025,0.3179,0.1429,0.0679,0.4873,none
27b,base,base_f16,q2_amplifier_low_echo,generalist,560,0.9125,0.5589,0.9355,0.9893,0.0429,0.275,0.1768,0.0482,0.4745,none
27b,base,base_f16,q2_amplifier_low_echo,math,560,0.9375,0.5625,0.942,0.9929,0.0393,0.2643,0.1929,0.05,0.4799,none
27b,base,base_f16,q2_amplifier_low_echo,planning,560,0.9196,0.6018,0.9351,0.9893,0.0464,0.2786,0.1214,0.0661,0.5191,none
27b,base,base_f16,q2_amplifier_low_echo,rhetoric,560,0.9143,0.5661,0.9363,0.9911,0.0518,0.275,0.1589,0.0625,0.4797,none
27b,base,base_f16,q2_amplifier_low_echo,spatial,560,0.95,0.6143,0.95,0.9911,0.0321,0.2786,0.1214,0.0339,0.5375,none
27b,base,base_f16,q3_routed_tri_68,adversarial,560,0.9625,0.85,0.9715,0.9821,0.0196,0.0357,0.0875,0.0625,0.8268,none
27b,base,base_f16,q3_routed_tri_68,boundary,560,0.9696,0.85,0.9739,0.9821,0.0214,0.0554,0.075,0.05,0.824,none
27b,base,base_f16,q3_routed_tri_68,coding,560,0.9679,0.8304,0.9745,0.9911,0.0143,0.0482,0.0929,0.0571,0.8061,none
27b,base,base_f16,q3_routed_tri_68,epistemic,560,0.9554,0.8304,0.9732,0.9964,0.0196,0.0179,0.1304,0.0464,0.8081,none
27b,base,base_f16,q3_routed_tri_68,forensic,560,0.9714,0.8518,0.9719,0.9875,0.0179,0.0375,0.0911,0.0643,0.8284,none
27b,base,base_f16,q3_routed_tri_68,generalist,560,0.9768,0.8446,0.979,0.9964,0.0089,0.0446,0.1,0.0446,0.8228,none
27b,base,base_f16,q3_routed_tri_68,math,560,0.975,0.8,0.976,0.9964,0.0107,0.0482,0.1429,0.05,0.7732,none
27b,base,base_f16,q3_routed_tri_68,planning,560,0.9839,0.8821,0.9792,0.9839,0.0107,0.0375,0.0696,0.0411,0.8638,none
27b,base,base_f16,q3_routed_tri_68,rhetoric,560,0.9696,0.85,0.9754,0.9875,0.0143,0.0268,0.1107,0.0464,0.8292,none
27b,base,base_f16,q3_routed_tri_68,spatial,560,0.9696,0.8679,0.9771,0.9893,0.0232,0.0268,0.0875,0.0375,0.8467,none
27b,base,base_f16,q3_stability_tri_72,adversarial,560,0.95,0.8179,0.9669,0.9893,0.0286,0.0429,0.1071,0.0732,0.7885,none
27b,base,base_f16,q3_stability_tri_72,boundary,560,0.9821,0.85,0.9798,0.9839,0.0107,0.0518,0.0929,0.0321,0.8274,none
27b,base,base_f16,q3_stability_tri_72,coding,560,0.975,0.8536,0.9751,0.9893,0.0107,0.0357,0.0946,0.0589,0.8327,none
27b,base,base_f16,q3_stability_tri_72,epistemic,560,0.9464,0.85,0.9741,0.9946,0.025,0.0179,0.0964,0.0446,0.829,none
27b,base,base_f16,q3_stability_tri_72,forensic,560,0.9839,0.8821,0.9837,0.9929,0.0089,0.0357,0.0786,0.0321,0.8644,none
27b,base,base_f16,q3_stability_tri_72,generalist,560,0.9554,0.8214,0.9728,0.9929,0.0214,0.0464,0.1036,0.0482,0.795,none
27b,base,base_f16,q3_stability_tri_72,math,560,0.9786,0.8196,0.9756,0.9875,0.0107,0.0321,0.1554,0.0411,0.7955,none
27b,base,base_f16,q3_stability_tri_72,planning,560,0.9732,0.8393,0.9758,0.9911,0.0161,0.0482,0.0929,0.05,0.8149,none
27b,base,base_f16,q3_stability_tri_72,rhetoric,560,0.9732,0.8446,0.9778,0.9875,0.0089,0.0393,0.1054,0.0464,0.8234,none
27b,base,base_f16,q3_stability_tri_72,spatial,560,0.975,0.8464,0.9764,0.9929,0.0107,0.0393,0.1018,0.05,0.8247,none
27b,base,base_f16,q4_boundary_pair_72_28,adversarial,560,0.9589,0.8643,0.9754,0.9857,0.0286,0.0375,0.0714,0.0375,0.8406,none
27b,base,base_f16,q4_boundary_pair_72_28,boundary,560,0.95,0.8286,0.9702,0.9946,0.0268,0.0482,0.0893,0.0714,0.8002,none
27b,base,base_f16,q4_boundary_pair_72_28,coding,560,0.9679,0.8482,0.9747,0.9857,0.0161,0.0393,0.0893,0.0518,0.8258,none
27b,base,base_f16,q4_boundary_pair_72_28,epistemic,560,0.9679,0.8446,0.9769,0.9911,0.0125,0.0214,0.1179,0.0375,0.8253,none
27b,base,base_f16,q4_boundary_pair_72_28,forensic,560,0.9804,0.8696,0.9835,0.9911,0.0161,0.0411,0.075,0.0214,0.8495,none
27b,base,base_f16,q4_boundary_pair_72_28,generalist,560,0.9571,0.8268,0.9741,0.9946,0.0232,0.0429,0.1107,0.0411,0.8003,none
27b,base,base_f16,q4_boundary_pair_72_28,math,560,0.9679,0.8196,0.9707,0.9929,0.0161,0.0321,0.1321,0.0679,0.7944,none
27b,base,base_f16,q4_boundary_pair_72_28,planning,560,0.9714,0.8786,0.9771,0.9893,0.0214,0.0375,0.0661,0.0446,0.8571,none
27b,base,base_f16,q4_boundary_pair_72_28,rhetoric,560,0.9768,0.8554,0.9781,0.9893,0.0071,0.0411,0.0857,0.0571,0.8353,none
27b,base,base_f16,q4_boundary_pair_72_28,spatial,560,0.9732,0.8857,0.9782,0.9911,0.0161,0.0268,0.0696,0.0482,0.8676,none
27b,base,base_f16,q4_generalist_pair_72_28,adversarial,560,0.9661,0.8875,0.976,0.9839,0.0179,0.0268,0.0589,0.0554,0.8693,none
27b,base,base_f16,q4_generalist_pair_72_28,boundary,560,0.9482,0.8518,0.9688,0.9946,0.0393,0.0357,0.0732,0.0643,0.8238,none
27b,base,base_f16,q4_generalist_pair_72_28,coding,560,0.9875,0.8732,0.9833,0.9982,0.0107,0.0339,0.0857,0.0357,0.8546,none
27b,base,base_f16,q4_generalist_pair_72_28,epistemic,560,0.9446,0.8518,0.9678,0.9893,0.0214,0.0143,0.1089,0.0679,0.8304,none
27b,base,base_f16,q4_generalist_pair_72_28,forensic,560,0.9768,0.8696,0.9773,0.9911,0.0179,0.025,0.0875,0.0446,0.8501,none
27b,base,base_f16,q4_generalist_pair_72_28,generalist,560,0.9714,0.8643,0.9785,0.9893,0.0089,0.0321,0.0875,0.0429,0.846,none
27b,base,base_f16,q4_generalist_pair_72_28,math,560,0.9732,0.8179,0.9699,0.9875,0.0107,0.0268,0.1536,0.0714,0.7934,none
27b,base,base_f16,q4_generalist_pair_72_28,planning,560,0.9786,0.8607,0.9769,0.9911,0.0089,0.0125,0.1125,0.0446,0.8443,none
27b,base,base_f16,q4_generalist_pair_72_28,rhetoric,560,0.9643,0.8214,0.9729,0.9911,0.0214,0.0196,0.1429,0.0393,0.7977,none
27b,base,base_f16,q4_generalist_pair_72_28,spatial,560,0.9625,0.8804,0.9706,0.9821,0.0268,0.0179,0.0732,0.0589,0.8599,none
27b,base,collapsed_q2_edge,q2_amplifier_low_echo,adversarial,560,0.8357,0.35,0.8878,0.9893,0.1179,0.3321,0.475,0.0482,0.2078,none
27b,base,collapsed_q2_edge,q2_amplifier_low_echo,boundary,560,0.7946,0.3786,0.8759,0.9911,0.1625,0.3071,0.4643,0.0571,0.2284,none
27b,base,collapsed_q2_edge,q2_amplifier_low_echo,coding,560,0.7875,0.3875,0.8674,0.9143,0.1304,0.3196,0.3554,0.0911,0.2515,none
27b,base,collapsed_q2_edge,q2_amplifier_low_echo,epistemic,560,0.825,0.4089,0.8885,0.9286,0.1071,0.2286,0.4232,0.0661,0.2939,none
27b,base,collapsed_q2_edge,q2_amplifier_low_echo,forensic,560,0.7857,0.4054,0.8761,0.9857,0.1554,0.2804,0.4107,0.1089,0.2644,none
27b,base,collapsed_q2_edge,q2_amplifier_low_echo,generalist,560,0.7232,0.3696,0.8412,0.8732,0.1321,0.2679,0.4446,0.1607,0.2328,none
27b,base,collapsed_q2_edge,q2_amplifier_low_echo,math,560,0.7375,0.3839,0.8398,0.8786,0.1357,0.2714,0.4321,0.225,0.2431,none
27b,base,collapsed_q2_edge,q2_amplifier_low_echo,planning,560,0.7786,0.4054,0.8674,0.9018,0.1393,0.2714,0.3304,0.0929,0.2782,none
27b,base,collapsed_q2_edge,q2_amplifier_low_echo,rhetoric,560,0.7929,0.3893,0.8672,0.8857,0.1,0.2679,0.4304,0.1339,0.2646,none
27b,base,collapsed_q2_edge,q2_amplifier_low_echo,spatial,560,0.7804,0.4393,0.8688,0.9,0.1357,0.2696,0.3321,0.1125,0.3124,none
27b,base,collapsed_q2_edge,q3_routed_tri_68,adversarial,560,0.7268,0.4411,0.8554,0.9964,0.1589,0.0464,0.4518,0.3679,0.3296,none
27b,base,collapsed_q2_edge,q3_routed_tri_68,boundary,560,0.7357,0.4661,0.8475,0.9857,0.1821,0.0446,0.4589,0.35,0.3483,none
27b,base,collapsed_q2_edge,q3_routed_tri_68,coding,560,0.5589,0.4179,0.7414,0.85,0.1571,0.0429,0.3393,0.7804,0.296,none
27b,base,collapsed_q2_edge,q3_routed_tri_68,epistemic,560,0.5429,0.3839,0.7459,0.85,0.1821,0.0268,0.3857,0.6286,0.2616,none
27b,base,collapsed_q2_edge,q3_routed_tri_68,forensic,560,0.5893,0.4143,0.7623,0.9857,0.1643,0.0304,0.4214,0.7768,0.2864,none
27b,base,collapsed_q2_edge,q3_routed_tri_68,generalist,560,0.5161,0.3607,0.7343,0.8125,0.1696,0.0429,0.4036,0.6839,0.2348,none
27b,base,collapsed_q2_edge,q3_routed_tri_68,math,560,0.4839,0.3554,0.6914,0.8071,0.175,0.0411,0.4429,1.0464,0.2069,none
27b,base,collapsed_q2_edge,q3_routed_tri_68,planning,560,0.6054,0.4589,0.7578,0.8232,0.1714,0.0393,0.3214,0.6643,0.3407,none
27b,base,collapsed_q2_edge,q3_routed_tri_68,rhetoric,560,0.4696,0.3464,0.6905,0.825,0.1893,0.0375,0.4268,0.95,0.2005,none
27b,base,collapsed_q2_edge,q3_routed_tri_68,spatial,560,0.5054,0.3732,0.7077,0.8054,0.1679,0.0357,0.3446,0.8732,0.2445,none
27b,base,collapsed_q2_edge,q3_stability_tri_72,adversarial,560,0.7571,0.5,0.8733,0.9893,0.1339,0.0464,0.4036,0.3179,0.4024,none
27b,base,collapsed_q2_edge,q3_stability_tri_72,boundary,560,0.7554,0.4607,0.8594,0.9893,0.1643,0.0571,0.4946,0.2982,0.3455,none
27b,base,collapsed_q2_edge,q3_stability_tri_72,coding,560,0.5554,0.4375,0.7422,0.7839,0.1643,0.0661,0.3321,0.7054,0.3132,none
27b,base,collapsed_q2_edge,q3_stability_tri_72,epistemic,560,0.5625,0.4018,0.7672,0.8607,0.15,0.0232,0.3786,0.5804,0.2928,none
27b,base,collapsed_q2_edge,q3_stability_tri_72,forensic,560,0.6429,0.4286,0.781,0.975,0.175,0.0464,0.4107,0.6643,0.3007,none
27b,base,collapsed_q2_edge,q3_stability_tri_72,generalist,560,0.5464,0.3857,0.7469,0.8143,0.1643,0.0518,0.4036,0.6339,0.2621,none
27b,base,collapsed_q2_edge,q3_stability_tri_72,math,560,0.5,0.3571,0.7099,0.8304,0.1536,0.0411,0.4339,0.9911,0.2186,none
27b,base,collapsed_q2_edge,q3_stability_tri_72,planning,560,0.5964,0.4571,0.7661,0.8089,0.1804,0.0304,0.3179,0.5964,0.3417,none
27b,base,collapsed_q2_edge,q3_stability_tri_72,rhetoric,560,0.5071,0.3768,0.7078,0.7857,0.175,0.0214,0.4036,0.85,0.2452,none
27b,base,collapsed_q2_edge,q3_stability_tri_72,spatial,560,0.5857,0.4268,0.748,0.8357,0.15,0.0411,0.3482,0.7518,0.3081,none
27b,base,collapsed_q2_edge,q4_boundary_pair_72_28,adversarial,560,0.5161,0.3375,0.7405,0.9821,0.2446,0.0286,0.4375,0.8446,0.1812,none
27b,base,collapsed_q2_edge,q4_boundary_pair_72_28,boundary,560,0.5964,0.3964,0.7791,0.9929,0.2143,0.0589,0.4482,0.6929,0.2499,none
27b,base,collapsed_q2_edge,q4_boundary_pair_72_28,coding,560,0.3232,0.2411,0.5732,0.7196,0.2054,0.0375,0.3429,1.4518,0.0719,none
27b,base,collapsed_q2_edge,q4_boundary_pair_72_28,epistemic,560,0.2518,0.1964,0.5525,0.7,0.2357,0.025,0.3714,1.2911,0.0264,cascade
27b,base,collapsed_q2_edge,q4_boundary_pair_72_28,forensic,560,0.3679,0.2839,0.6364,0.9625,0.2286,0.0482,0.3661,1.2804,0.1124,none
27b,base,collapsed_q2_edge,q4_boundary_pair_72_28,generalist,560,0.2321,0.1839,0.5258,0.6518,0.2375,0.0339,0.3607,1.4339,0.0053,cascade
27b,base,collapsed_q2_edge,q4_boundary_pair_72_28,math,560,0.2786,0.2196,0.5344,0.6893,0.2036,0.0286,0.3893,1.7304,0.0352,none
27b,base,collapsed_q2_edge,q4_boundary_pair_72_28,planning,560,0.3554,0.2839,0.5737,0.7,0.2304,0.0339,0.3321,1.3554,0.1137,none
27b,base,collapsed_q2_edge,q4_boundary_pair_72_28,rhetoric,560,0.2554,0.1804,0.5129,0.6946,0.2375,0.0286,0.4089,1.6589,-0.0123,cascade
27b,base,collapsed_q2_edge,q4_boundary_pair_72_28,spatial,560,0.2911,0.2232,0.5353,0.6804,0.2107,0.0304,0.3375,1.5446,0.0497,none
27b,base,collapsed_q2_edge,q4_generalist_pair_72_28,adversarial,560,0.3589,0.275,0.6267,0.8875,0.25,0.0214,0.4107,1.3964,0.093,none
27b,base,collapsed_q2_edge,q4_generalist_pair_72_28,boundary,560,0.3696,0.2589,0.6232,0.8786,0.2554,0.0286,0.4482,1.3339,0.0741,none
27b,base,collapsed_q2_edge,q4_generalist_pair_72_28,coding,560,0.2982,0.2357,0.5657,0.725,0.2179,0.0321,0.3286,1.4821,0.0635,none
27b,base,collapsed_q2_edge,q4_generalist_pair_72_28,epistemic,560,0.2607,0.1946,0.5591,0.7732,0.2554,0.0071,0.4554,1.2821,0.0161,cascade
27b,base,collapsed_q2_edge,q4_generalist_pair_72_28,forensic,560,0.3232,0.2643,0.5774,0.8732,0.2232,0.0125,0.4446,1.5,0.0842,none
27b,base,collapsed_q2_edge,q4_generalist_pair_72_28,generalist,560,0.2821,0.2214,0.5681,0.7679,0.2196,0.0268,0.4643,1.3554,0.0453,none
27b,base,collapsed_q2_edge,q4_generalist_pair_72_28,math,560,0.2696,0.225,0.5598,0.7411,0.1786,0.0179,0.4232,1.6804,0.05,primitive_gap
27b,base,collapsed_q2_edge,q4_generalist_pair_72_28,planning,560,0.3768,0.3143,0.5994,0.75,0.1946,0.0179,0.3429,1.3375,0.158,none
27b,base,collapsed_q2_edge,q4_generalist_pair_72_28,rhetoric,560,0.2732,0.2089,0.5447,0.7714,0.25,0.0214,0.4607,1.575,0.014,cascade
27b,base,collapsed_q2_edge,q4_generalist_pair_72_28,spatial,560,0.3,0.2268,0.5718,0.7732,0.1911,0.0125,0.3893,1.5,0.0608,none
27b,base,damaged_q2,q2_amplifier_low_echo,adversarial,560,0.8536,0.3982,0.9008,0.9929,0.0982,0.3071,0.3607,0.075,0.2747,none
27b,base,damaged_q2,q2_amplifier_low_echo,boundary,560,0.8393,0.4214,0.8947,0.9893,0.1286,0.3214,0.3607,0.0411,0.2877,none
27b,base,damaged_q2,q2_amplifier_low_echo,coding,560,0.8446,0.4411,0.8982,0.9786,0.1089,0.2768,0.3161,0.0732,0.3241,none
27b,base,damaged_q2,q2_amplifier_low_echo,epistemic,560,0.8804,0.4393,0.9091,0.9821,0.0929,0.275,0.3768,0.0411,0.3242,none
27b,base,damaged_q2,q2_amplifier_low_echo,forensic,560,0.8696,0.4482,0.9067,0.9911,0.0875,0.3089,0.3393,0.0732,0.3294,none
27b,base,damaged_q2,q2_amplifier_low_echo,generalist,560,0.8554,0.4393,0.9042,0.9607,0.0821,0.2804,0.3768,0.0429,0.3263,none
27b,base,damaged_q2,q2_amplifier_low_echo,math,560,0.8839,0.4732,0.9144,0.975,0.0768,0.2571,0.3839,0.0464,0.3657,none
27b,base,damaged_q2,q2_amplifier_low_echo,planning,560,0.875,0.4625,0.9057,0.9786,0.0946,0.2857,0.3125,0.0518,0.3494,none
27b,base,damaged_q2,q2_amplifier_low_echo,rhetoric,560,0.8446,0.4143,0.8994,0.9661,0.1089,0.3018,0.3857,0.0393,0.2884,none
27b,base,damaged_q2,q2_amplifier_low_echo,spatial,560,0.8875,0.5161,0.9185,0.9786,0.0857,0.2839,0.2643,0.0429,0.4103,none
27b,base,damaged_q2,q3_routed_tri_68,adversarial,560,0.8732,0.5732,0.9266,0.9839,0.1018,0.0464,0.3571,0.0661,0.5015,none
27b,base,damaged_q2,q3_routed_tri_68,boundary,560,0.8589,0.6036,0.9293,0.9964,0.1214,0.0446,0.3125,0.0518,0.5306,none
27b,base,damaged_q2,q3_routed_tri_68,coding,560,0.8482,0.6161,0.9148,0.9446,0.0929,0.0464,0.3018,0.1143,0.5491,none
27b,base,damaged_q2,q3_routed_tri_68,epistemic,560,0.8357,0.5804,0.9135,0.9732,0.1,0.0321,0.3393,0.1179,0.5109,none
27b,base,damaged_q2,q3_routed_tri_68,forensic,560,0.8482,0.5946,0.9109,0.9839,0.1089,0.0286,0.3679,0.1375,0.5199,none
27b,base,damaged_q2,q3_routed_tri_68,generalist,560,0.8054,0.5643,0.9017,0.9482,0.1036,0.05,0.3357,0.1446,0.4891,none
27b,base,damaged_q2,q3_routed_tri_68,math,560,0.7982,0.5696,0.8834,0.9268,0.1054,0.0411,0.3482,0.2607,0.4889,none
27b,base,damaged_q2,q3_routed_tri_68,planning,560,0.8482,0.6339,0.9146,0.9446,0.1054,0.0321,0.2643,0.1071,0.5694,none
27b,base,damaged_q2,q3_routed_tri_68,rhetoric,560,0.8143,0.5643,0.8903,0.9429,0.1179,0.0339,0.3536,0.1893,0.4844,none
27b,base,damaged_q2,q3_routed_tri_68,spatial,560,0.8411,0.6143,0.9057,0.9268,0.0875,0.0446,0.2625,0.1786,0.5492,none
27b,base,damaged_q2,q3_stability_tri_72,adversarial,560,0.8714,0.5893,0.9311,0.9946,0.1179,0.0304,0.3375,0.0393,0.5189,none
27b,base,damaged_q2,q3_stability_tri_72,boundary,560,0.8714,0.5679,0.9261,0.9929,0.1161,0.0518,0.3661,0.0518,0.4908,none
27b,base,damaged_q2,q3_stability_tri_72,coding,560,0.8768,0.6196,0.9274,0.9607,0.1,0.0607,0.2911,0.0625,0.5511,none
27b,base,damaged_q2,q3_stability_tri_72,epistemic,560,0.8304,0.5518,0.9112,0.9732,0.1196,0.0339,0.35,0.0946,0.4764,none
27b,base,damaged_q2,q3_stability_tri_72,forensic,560,0.8536,0.5893,0.9212,0.9857,0.1125,0.0411,0.3179,0.0946,0.5172,none
27b,base,damaged_q2,q3_stability_tri_72,generalist,560,0.8232,0.55,0.9046,0.9464,0.1036,0.0536,0.3714,0.1161,0.4727,none
27b,base,damaged_q2,q3_stability_tri_72,math,560,0.8482,0.5875,0.9074,0.9375,0.0929,0.0446,0.3429,0.1589,0.5153,none
27b,base,damaged_q2,q3_stability_tri_72,planning,560,0.8554,0.6357,0.92,0.9589,0.0982,0.0375,0.275,0.1036,0.5716,none
27b,base,damaged_q2,q3_stability_tri_72,rhetoric,560,0.85,0.5625,0.9061,0.9393,0.0929,0.0429,0.3875,0.1321,0.4885,none
27b,base,damaged_q2,q3_stability_tri_72,spatial,560,0.8661,0.6286,0.9216,0.9518,0.0893,0.0464,0.2696,0.1107,0.5654,none
27b,base,damaged_q2,q4_boundary_pair_72_28,adversarial,560,0.8393,0.5804,0.9109,0.9946,0.1232,0.0304,0.35,0.1393,0.5024,none
27b,base,damaged_q2,q4_boundary_pair_72_28,boundary,560,0.8518,0.5536,0.9126,0.9875,0.125,0.0446,0.3714,0.1071,0.4721,none
27b,base,damaged_q2,q4_boundary_pair_72_28,coding,560,0.6839,0.5232,0.8203,0.8857,0.1036,0.0446,0.2643,0.525,0.4358,none
27b,base,damaged_q2,q4_boundary_pair_72_28,epistemic,560,0.5982,0.4482,0.7845,0.8518,0.1411,0.0161,0.3571,0.5089,0.3487,none
27b,base,damaged_q2,q4_boundary_pair_72_28,forensic,560,0.7375,0.5518,0.8473,0.9929,0.1036,0.0268,0.3107,0.475,0.4668,none
27b,base,damaged_q2,q4_boundary_pair_72_28,generalist,560,0.6054,0.4714,0.7789,0.8375,0.1375,0.0375,0.3286,0.5679,0.368,none
27b,base,damaged_q2,q4_boundary_pair_72_28,math,560,0.5714,0.4196,0.753,0.8196,0.1161,0.0375,0.3589,0.8196,0.3076,none
27b,base,damaged_q2,q4_boundary_pair_72_28,planning,560,0.7,0.5804,0.8067,0.8714,0.1429,0.0232,0.2411,0.5286,0.4871,none
27b,base,damaged_q2,q4_boundary_pair_72_28,rhetoric,560,0.5643,0.4161,0.7479,0.8107,0.1446,0.0321,0.3339,0.7286,0.3031,none
27b,base,damaged_q2,q4_boundary_pair_72_28,spatial,560,0.5946,0.4732,0.7513,0.8054,0.1321,0.0286,0.2661,0.7393,0.3696,none
27b,base,damaged_q2,q4_generalist_pair_72_28,adversarial,560,0.7304,0.5286,0.8538,0.9857,0.1393,0.0161,0.3429,0.4429,0.434,none
27b,base,damaged_q2,q4_generalist_pair_72_28,boundary,560,0.7518,0.4661,0.8444,0.9768,0.1464,0.0357,0.425,0.425,0.3598,none
27b,base,damaged_q2,q4_generalist_pair_72_28,coding,560,0.6464,0.4714,0.8047,0.8929,0.1339,0.0268,0.3161,0.55,0.3731,none
27b,base,damaged_q2,q4_generalist_pair_72_28,epistemic,560,0.6446,0.4714,0.8144,0.9339,0.1214,0.0089,0.3661,0.4946,0.3792,none
27b,base,damaged_q2,q4_generalist_pair_72_28,forensic,560,0.6607,0.4804,0.8052,0.9821,0.1339,0.0214,0.3536,0.625,0.3764,none
27b,base,damaged_q2,q4_generalist_pair_72_28,generalist,560,0.5946,0.4089,0.7847,0.8857,0.1393,0.0286,0.4286,0.5554,0.2994,none
27b,base,damaged_q2,q4_generalist_pair_72_28,math,560,0.6393,0.4839,0.7984,0.9018,0.0964,0.0214,0.3768,0.7054,0.3853,none
27b,base,damaged_q2,q4_generalist_pair_72_28,planning,560,0.7482,0.575,0.8376,0.9214,0.1161,0.025,0.3071,0.4768,0.4868,none
27b,base,damaged_q2,q4_generalist_pair_72_28,rhetoric,560,0.6071,0.425,0.7737,0.8786,0.1179,0.0143,0.4375,0.6839,0.3176,none
27b,base,damaged_q2,q4_generalist_pair_72_28,spatial,560,0.7161,0.5357,0.8278,0.9071,0.0946,0.0232,0.3018,0.5107,0.453,none
27b,base,damaged_q3,q2_amplifier_low_echo,adversarial,560,0.8643,0.4768,0.9122,0.9875,0.0911,0.275,0.2821,0.0607,0.3689,none
27b,base,damaged_q3,q2_amplifier_low_echo,boundary,560,0.9018,0.4929,0.9226,0.9946,0.0732,0.2946,0.2643,0.0429,0.3887,none
27b,base,damaged_q3,q2_amplifier_low_echo,coding,560,0.9179,0.5268,0.926,0.9857,0.0607,0.2875,0.2339,0.0464,0.43,none
27b,base,damaged_q3,q2_amplifier_low_echo,epistemic,560,0.8911,0.525,0.9254,0.9911,0.0679,0.2554,0.2661,0.0518,0.4297,none
27b,base,damaged_q3,q2_amplifier_low_echo,forensic,560,0.9125,0.5036,0.9304,0.9982,0.0661,0.3143,0.2196,0.0393,0.4014,none
27b,base,damaged_q3,q2_amplifier_low_echo,generalist,560,0.8768,0.4893,0.9167,0.9946,0.0768,0.2839,0.2821,0.0536,0.3842,none
27b,base,damaged_q3,q2_amplifier_low_echo,math,560,0.9018,0.4929,0.9194,0.9893,0.0714,0.2893,0.2857,0.0696,0.3872,none
27b,base,damaged_q3,q2_amplifier_low_echo,planning,560,0.8893,0.5107,0.9223,0.9929,0.0839,0.2696,0.2393,0.0429,0.4103,none
27b,base,damaged_q3,q2_amplifier_low_echo,rhetoric,560,0.8982,0.5232,0.9275,0.9857,0.0643,0.2732,0.2321,0.0571,0.4279,none
27b,base,damaged_q3,q2_amplifier_low_echo,spatial,560,0.8964,0.575,0.9311,0.9875,0.0714,0.2179,0.2357,0.05,0.4886,none
27b,base,damaged_q3,q3_routed_tri_68,adversarial,560,0.9161,0.6964,0.9516,0.9911,0.0661,0.0464,0.2321,0.05,0.6463,none
27b,base,damaged_q3,q3_routed_tri_68,boundary,560,0.9143,0.6732,0.9489,0.9982,0.0732,0.0607,0.2411,0.0536,0.6171,none
27b,base,damaged_q3,q3_routed_tri_68,coding,560,0.9143,0.7375,0.9524,0.9857,0.075,0.0411,0.1696,0.0446,0.691,none
27b,base,damaged_q3,q3_routed_tri_68,epistemic,560,0.8982,0.7036,0.948,0.9839,0.0768,0.0286,0.2054,0.0446,0.6562,none
27b,base,damaged_q3,q3_routed_tri_68,forensic,560,0.9125,0.6911,0.9484,0.9929,0.0768,0.0375,0.2554,0.0393,0.6381,none
27b,base,damaged_q3,q3_routed_tri_68,generalist,560,0.9125,0.7357,0.9541,0.9946,0.0607,0.0536,0.1786,0.0554,0.6897,none
27b,base,damaged_q3,q3_routed_tri_68,math,560,0.9232,0.6982,0.9527,0.9929,0.0625,0.0304,0.2482,0.05,0.651,none
27b,base,damaged_q3,q3_routed_tri_68,planning,560,0.9464,0.7607,0.9644,0.9875,0.0411,0.0286,0.1804,0.0339,0.7266,none
27b,base,damaged_q3,q3_routed_tri_68,rhetoric,560,0.9107,0.7018,0.949,0.9893,0.0786,0.0304,0.2286,0.0429,0.6517,none
27b,base,damaged_q3,q3_routed_tri_68,spatial,560,0.9143,0.7107,0.9557,0.9911,0.0714,0.0625,0.1786,0.0375,0.6606,none
27b,base,damaged_q3,q3_stability_tri_72,adversarial,560,0.9286,0.7161,0.954,0.9893,0.0571,0.0375,0.2143,0.0571,0.6714,none
27b,base,damaged_q3,q3_stability_tri_72,boundary,560,0.9143,0.7089,0.9508,0.9946,0.0696,0.0339,0.2214,0.0518,0.6609,none
27b,base,damaged_q3,q3_stability_tri_72,coding,560,0.9321,0.7554,0.9567,0.9929,0.0536,0.0286,0.1679,0.0625,0.717,none
27b,base,damaged_q3,q3_stability_tri_72,epistemic,560,0.925,0.6982,0.9551,0.9911,0.0536,0.025,0.2446,0.0375,0.6557,none
27b,base,damaged_q3,q3_stability_tri_72,forensic,560,0.9268,0.7464,0.9534,0.9929,0.0661,0.0375,0.1804,0.0607,0.7016,none
27b,base,damaged_q3,q3_stability_tri_72,generalist,560,0.9196,0.6929,0.9555,0.9804,0.0536,0.0446,0.2268,0.0321,0.6481,none
27b,base,damaged_q3,q3_stability_tri_72,math,560,0.9286,0.7107,0.9541,0.9911,0.0571,0.0429,0.2268,0.0536,0.6642,none
27b,base,damaged_q3,q3_stability_tri_72,planning,560,0.9482,0.7554,0.9617,0.9875,0.0464,0.0375,0.1839,0.0357,0.7174,none
27b,base,damaged_q3,q3_stability_tri_72,rhetoric,560,0.9143,0.7018,0.9517,0.9875,0.0625,0.0286,0.2268,0.05,0.6567,none
27b,base,damaged_q3,q3_stability_tri_72,spatial,560,0.9393,0.7607,0.9597,0.9982,0.0482,0.0304,0.1804,0.0607,0.7227,none
27b,base,damaged_q3,q4_boundary_pair_72_28,adversarial,560,0.9196,0.7018,0.9525,0.9893,0.0661,0.0411,0.2143,0.0518,0.654,none
27b,base,damaged_q3,q4_boundary_pair_72_28,boundary,560,0.9036,0.6661,0.9452,0.9875,0.0786,0.0482,0.2732,0.0411,0.6089,none
27b,base,damaged_q3,q4_boundary_pair_72_28,coding,560,0.9018,0.7107,0.9465,0.9893,0.0839,0.0429,0.1857,0.0589,0.6592,none
27b,base,damaged_q3,q4_boundary_pair_72_28,epistemic,560,0.9089,0.7,0.9441,0.9821,0.0589,0.0196,0.2393,0.0696,0.6558,none
27b,base,damaged_q3,q4_boundary_pair_72_28,forensic,560,0.9429,0.7071,0.957,0.9929,0.0446,0.0357,0.2411,0.0482,0.6649,none
27b,base,damaged_q3,q4_boundary_pair_72_28,generalist,560,0.8946,0.6946,0.9434,0.975,0.0804,0.0393,0.2071,0.05,0.6436,none
27b,base,damaged_q3,q4_boundary_pair_72_28,math,560,0.8964,0.6732,0.9434,0.9768,0.0679,0.0357,0.2571,0.0643,0.6219,none
27b,base,damaged_q3,q4_boundary_pair_72_28,planning,560,0.9179,0.75,0.9522,0.9893,0.0714,0.0286,0.1714,0.05,0.7066,none
27b,base,damaged_q3,q4_boundary_pair_72_28,rhetoric,560,0.8964,0.6821,0.9431,0.9821,0.0804,0.0339,0.2232,0.0607,0.6304,none
27b,base,damaged_q3,q4_boundary_pair_72_28,spatial,560,0.9179,0.75,0.9555,0.9929,0.0625,0.0268,0.1786,0.0536,0.7089,none
27b,base,damaged_q3,q4_generalist_pair_72_28,adversarial,560,0.8839,0.6911,0.9427,0.9893,0.0857,0.025,0.2339,0.0625,0.6385,none
27b,base,damaged_q3,q4_generalist_pair_72_28,boundary,560,0.9214,0.7161,0.9532,0.9875,0.0661,0.05,0.1982,0.05,0.6679,none
27b,base,damaged_q3,q4_generalist_pair_72_28,coding,560,0.9179,0.7232,0.9524,0.9857,0.0518,0.0339,0.2214,0.0607,0.6801,none
27b,base,damaged_q3,q4_generalist_pair_72_28,epistemic,560,0.9018,0.6911,0.9463,0.9839,0.0679,0.0071,0.2554,0.0482,0.6464,none
27b,base,damaged_q3,q4_generalist_pair_72_28,forensic,560,0.9054,0.7089,0.9473,0.9875,0.075,0.0196,0.2268,0.0518,0.6618,none
27b,base,damaged_q3,q4_generalist_pair_72_28,generalist,560,0.8786,0.7054,0.9451,0.9875,0.0875,0.0268,0.2071,0.0446,0.6549,none
27b,base,damaged_q3,q4_generalist_pair_72_28,math,560,0.9179,0.7,0.9509,0.9946,0.0607,0.0232,0.2571,0.0589,0.6536,none
27b,base,damaged_q3,q4_generalist_pair_72_28,planning,560,0.8875,0.6929,0.9429,0.9893,0.0857,0.0304,0.2196,0.0536,0.6408,none
27b,base,damaged_q3,q4_generalist_pair_72_28,rhetoric,560,0.875,0.6679,0.9358,0.9839,0.1018,0.0179,0.2571,0.0554,0.6104,none
27b,base,damaged_q3,q4_generalist_pair_72_28,spatial,560,0.9214,0.7482,0.9584,0.9929,0.0589,0.0107,0.1964,0.0339,0.711,none
27b,base,damaged_q4,q2_amplifier_low_echo,adversarial,560,0.9054,0.5107,0.9218,0.9875,0.0589,0.3107,0.2125,0.0732,0.4102,none
27b,base,damaged_q4,q2_amplifier_low_echo,boundary,560,0.9089,0.5339,0.9272,0.9821,0.0607,0.3,0.2089,0.0411,0.4369,none
27b,base,damaged_q4,q2_amplifier_low_echo,coding,560,0.9,0.5518,0.926,0.9804,0.0625,0.2946,0.1911,0.0482,0.4564,none
27b,base,damaged_q4,q2_amplifier_low_echo,epistemic,560,0.8929,0.5089,0.924,0.9893,0.0768,0.2786,0.2429,0.0411,0.4087,none
27b,base,damaged_q4,q2_amplifier_low_echo,forensic,560,0.9143,0.5196,0.9304,0.9929,0.0607,0.275,0.2554,0.0464,0.4237,none
27b,base,damaged_q4,q2_amplifier_low_echo,generalist,560,0.8804,0.4875,0.9146,0.9946,0.0786,0.2893,0.2679,0.0625,0.3815,none
27b,base,damaged_q4,q2_amplifier_low_echo,math,560,0.9321,0.5893,0.9361,0.9893,0.0482,0.2393,0.2339,0.0625,0.5051,none
27b,base,damaged_q4,q2_amplifier_low_echo,planning,560,0.9161,0.5589,0.9341,0.9946,0.0482,0.2661,0.1839,0.0554,0.4738,none
27b,base,damaged_q4,q2_amplifier_low_echo,rhetoric,560,0.9036,0.525,0.9271,0.975,0.0607,0.2821,0.2411,0.0464,0.4287,none
27b,base,damaged_q4,q2_amplifier_low_echo,spatial,560,0.9179,0.575,0.9348,0.9804,0.0554,0.2554,0.1893,0.0518,0.4896,none
27b,base,damaged_q4,q3_routed_tri_68,adversarial,560,0.9304,0.7571,0.9557,0.9875,0.05,0.0482,0.1714,0.0714,0.7152,none
27b,base,damaged_q4,q3_routed_tri_68,boundary,560,0.9196,0.6964,0.9524,0.9821,0.0625,0.0411,0.2357,0.0375,0.6487,none
27b,base,damaged_q4,q3_routed_tri_68,coding,560,0.9393,0.7893,0.9634,0.9929,0.0446,0.0393,0.1446,0.0518,0.7539,none
27b,base,damaged_q4,q3_routed_tri_68,epistemic,560,0.9357,0.7554,0.961,0.9929,0.0464,0.0179,0.1929,0.0429,0.7203,none
27b,base,damaged_q4,q3_routed_tri_68,forensic,560,0.9429,0.7429,0.9589,0.9893,0.0411,0.0375,0.2036,0.0536,0.7041,none
27b,base,damaged_q4,q3_routed_tri_68,generalist,560,0.925,0.7089,0.9601,0.9929,0.05,0.05,0.2125,0.0321,0.6653,none
27b,base,damaged_q4,q3_routed_tri_68,math,560,0.9393,0.7179,0.9597,0.9911,0.0411,0.0446,0.2179,0.0536,0.6765,none
27b,base,damaged_q4,q3_routed_tri_68,planning,560,0.9625,0.7964,0.9691,0.9946,0.0321,0.0304,0.1464,0.0464,0.7667,none
27b,base,damaged_q4,q3_routed_tri_68,rhetoric,560,0.9232,0.7214,0.9575,0.9857,0.0536,0.05,0.1964,0.0446,0.6774,none
27b,base,damaged_q4,q3_routed_tri_68,spatial,560,0.9357,0.7732,0.9627,0.9929,0.0482,0.0429,0.1446,0.0482,0.7362,none
27b,base,damaged_q4,q3_stability_tri_72,adversarial,560,0.9321,0.7696,0.9562,0.9946,0.0446,0.0375,0.1732,0.0875,0.7305,none
27b,base,damaged_q4,q3_stability_tri_72,boundary,560,0.9107,0.6946,0.953,0.9911,0.075,0.0518,0.2,0.0357,0.644,none
27b,base,damaged_q4,q3_stability_tri_72,coding,560,0.9411,0.7839,0.9658,0.9893,0.0464,0.0464,0.1429,0.0339,0.7476,none
27b,base,damaged_q4,q3_stability_tri_72,epistemic,560,0.9232,0.7304,0.9583,0.9964,0.0589,0.0304,0.1982,0.0411,0.6887,none
27b,base,damaged_q4,q3_stability_tri_72,forensic,560,0.9125,0.7464,0.9536,0.9911,0.075,0.0411,0.1661,0.0446,0.7002,none
27b,base,damaged_q4,q3_stability_tri_72,generalist,560,0.925,0.7625,0.9614,0.9839,0.0536,0.0464,0.1607,0.0286,0.7229,none
27b,base,damaged_q4,q3_stability_tri_72,math,560,0.9464,0.7429,0.9579,0.9911,0.0393,0.0411,0.2232,0.0643,0.7018,none
27b,base,damaged_q4,q3_stability_tri_72,planning,560,0.9357,0.7661,0.9615,0.9857,0.0464,0.0339,0.1661,0.0429,0.7299,none
27b,base,damaged_q4,q3_stability_tri_72,rhetoric,560,0.9482,0.7679,0.9637,0.9839,0.0393,0.0304,0.1714,0.0429,0.7341,none
27b,base,damaged_q4,q3_stability_tri_72,spatial,560,0.9446,0.7768,0.9631,1.0,0.0446,0.0357,0.1554,0.0571,0.741,none
27b,base,damaged_q4,q4_boundary_pair_72_28,adversarial,560,0.9089,0.7411,0.9518,0.9893,0.0732,0.0411,0.1786,0.0536,0.6939,none
27b,base,damaged_q4,q4_boundary_pair_72_28,boundary,560,0.9214,0.7179,0.9563,0.9911,0.0518,0.0304,0.2089,0.0518,0.6769,none
27b,base,damaged_q4,q4_boundary_pair_72_28,coding,560,0.9339,0.7643,0.9602,0.9929,0.0554,0.0357,0.1661,0.0446,0.725,none
27b,base,damaged_q4,q4_boundary_pair_72_28,epistemic,560,0.9179,0.7464,0.9578,0.9911,0.0661,0.025,0.1714,0.0339,0.7062,none
27b,base,damaged_q4,q4_boundary_pair_72_28,forensic,560,0.9214,0.7411,0.9541,0.9821,0.0518,0.0321,0.1893,0.0554,0.7012,none
27b,base,damaged_q4,q4_boundary_pair_72_28,generalist,560,0.9161,0.7357,0.9589,0.9893,0.0446,0.0393,0.1857,0.0518,0.697,none
27b,base,damaged_q4,q4_boundary_pair_72_28,math,560,0.9375,0.7357,0.9594,0.9857,0.0446,0.0179,0.2161,0.0429,0.6993,none
27b,base,damaged_q4,q4_boundary_pair_72_28,planning,560,0.9286,0.7643,0.9586,0.9875,0.0554,0.025,0.1643,0.0446,0.7273,none
27b,base,damaged_q4,q4_boundary_pair_72_28,rhetoric,560,0.9357,0.75,0.9617,0.9946,0.0446,0.0286,0.1821,0.0518,0.7137,none
27b,base,damaged_q4,q4_boundary_pair_72_28,spatial,560,0.9446,0.7821,0.9658,0.9946,0.0393,0.0304,0.1571,0.0464,0.7494,none
27b,base,damaged_q4,q4_generalist_pair_72_28,adversarial,560,0.9161,0.75,0.9572,0.9982,0.0643,0.0179,0.1875,0.0482,0.7097,none
27b,base,damaged_q4,q4_generalist_pair_72_28,boundary,560,0.9464,0.7482,0.958,0.9857,0.0464,0.0268,0.2107,0.05,0.7096,none
27b,base,damaged_q4,q4_generalist_pair_72_28,coding,560,0.925,0.7393,0.9555,0.9929,0.0464,0.025,0.1875,0.0732,0.7017,none
27b,base,damaged_q4,q4_generalist_pair_72_28,epistemic,560,0.9304,0.7661,0.9599,0.9929,0.05,0.0054,0.1964,0.0411,0.7322,none
27b,base,damaged_q4,q4_generalist_pair_72_28,forensic,560,0.9286,0.7929,0.9584,0.9946,0.0518,0.0232,0.1643,0.0625,0.7564,none
27b,base,damaged_q4,q4_generalist_pair_72_28,generalist,560,0.9089,0.7071,0.9524,0.9875,0.0643,0.0339,0.2125,0.0411,0.662,none
27b,base,damaged_q4,q4_generalist_pair_72_28,math,560,0.9375,0.7339,0.9589,0.9911,0.0482,0.025,0.2179,0.0482,0.6946,none
27b,base,damaged_q4,q4_generalist_pair_72_28,planning,560,0.9339,0.7696,0.96,0.9946,0.0536,0.025,0.1732,0.0446,0.7325,none
27b,base,damaged_q4,q4_generalist_pair_72_28,rhetoric,560,0.9518,0.7464,0.9634,0.9911,0.0321,0.0214,0.2196,0.0482,0.7125,none
27b,base,damaged_q4,q4_generalist_pair_72_28,spatial,560,0.9357,0.8357,0.9635,0.9786,0.0482,0.0232,0.1054,0.0411,0.8061,none
27b,base,healthy_q6,q2_amplifier_low_echo,adversarial,560,0.9089,0.4929,0.9235,0.9893,0.0554,0.3446,0.2036,0.0679,0.3876,none
27b,base,healthy_q6,q2_amplifier_low_echo,boundary,560,0.8857,0.475,0.9155,0.9839,0.0786,0.3411,0.2,0.0554,0.3644,none
27b,base,healthy_q6,q2_amplifier_low_echo,coding,560,0.9232,0.6,0.9372,0.9964,0.0607,0.2536,0.1536,0.0464,0.5165,none
27b,base,healthy_q6,q2_amplifier_low_echo,epistemic,560,0.9357,0.5518,0.9401,0.9893,0.0429,0.2732,0.2179,0.0321,0.4652,none
27b,base,healthy_q6,q2_amplifier_low_echo,forensic,560,0.9179,0.5393,0.9337,0.9964,0.0554,0.3143,0.1804,0.0482,0.443,none
27b,base,healthy_q6,q2_amplifier_low_echo,generalist,560,0.8911,0.5268,0.9237,0.9911,0.0714,0.2946,0.2,0.0482,0.428,none
27b,base,healthy_q6,q2_amplifier_low_echo,math,560,0.9268,0.5518,0.935,0.975,0.0446,0.2411,0.2357,0.0536,0.4686,none
27b,base,healthy_q6,q2_amplifier_low_echo,planning,560,0.9143,0.5911,0.9325,0.9929,0.0518,0.2679,0.1679,0.0607,0.5055,none
27b,base,healthy_q6,q2_amplifier_low_echo,rhetoric,560,0.9054,0.55,0.9334,0.9964,0.0536,0.2821,0.1839,0.0696,0.4593,none
27b,base,healthy_q6,q2_amplifier_low_echo,spatial,560,0.9304,0.5893,0.9424,0.9857,0.05,0.2518,0.1536,0.0393,0.5097,none
27b,base,healthy_q6,q3_routed_tri_68,adversarial,560,0.9411,0.8089,0.9669,0.9946,0.0429,0.0536,0.0982,0.0607,0.7745,none
27b,base,healthy_q6,q3_routed_tri_68,boundary,560,0.9464,0.8179,0.9694,0.9911,0.0411,0.0446,0.1,0.0429,0.7865,none
27b,base,healthy_q6,q3_routed_tri_68,coding,560,0.9679,0.8036,0.9669,0.9893,0.0268,0.0411,0.1429,0.0607,0.7729,none
27b,base,healthy_q6,q3_routed_tri_68,epistemic,560,0.9482,0.8161,0.9701,0.9911,0.0304,0.025,0.1339,0.0411,0.7892,none
27b,base,healthy_q6,q3_routed_tri_68,forensic,560,0.9625,0.8054,0.9724,0.9946,0.025,0.0357,0.1589,0.0339,0.7763,none
27b,base,healthy_q6,q3_routed_tri_68,generalist,560,0.9393,0.8018,0.972,0.9982,0.0321,0.0464,0.1125,0.0393,0.7719,none
27b,base,healthy_q6,q3_routed_tri_68,math,560,0.9554,0.8089,0.9709,0.9875,0.0232,0.0339,0.1411,0.0482,0.7815,none
27b,base,healthy_q6,q3_routed_tri_68,planning,560,0.9536,0.7982,0.9679,0.9929,0.0339,0.0375,0.1286,0.0464,0.7679,none
27b,base,healthy_q6,q3_routed_tri_68,rhetoric,560,0.9661,0.7893,0.97,0.9946,0.025,0.0339,0.175,0.0464,0.7587,none
27b,base,healthy_q6,q3_routed_tri_68,spatial,560,0.9625,0.8232,0.9715,0.9964,0.0321,0.0357,0.1286,0.0464,0.7938,none
27b,base,healthy_q6,q3_stability_tri_72,adversarial,560,0.9464,0.8107,0.9674,0.9964,0.0446,0.0482,0.125,0.0464,0.7754,none
27b,base,healthy_q6,q3_stability_tri_72,boundary,560,0.9375,0.8071,0.9623,0.9929,0.05,0.0446,0.1214,0.0625,0.7704,none
27b,base,healthy_q6,q3_stability_tri_72,coding,560,0.9536,0.7839,0.9686,0.9839,0.0268,0.0518,0.1393,0.0446,0.7522,none
27b,base,healthy_q6,q3_stability_tri_72,epistemic,560,0.9071,0.7946,0.9566,0.9857,0.0679,0.0268,0.1196,0.0482,0.7569,none
27b,base,healthy_q6,q3_stability_tri_72,forensic,560,0.9357,0.8036,0.964,0.9875,0.0464,0.0393,0.1304,0.0446,0.7691,none
27b,base,healthy_q6,q3_stability_tri_72,generalist,560,0.9357,0.7964,0.9665,0.9893,0.0393,0.0393,0.1268,0.0411,0.7646,none
27b,base,healthy_q6,q3_stability_tri_72,math,560,0.9518,0.7839,0.966,0.9893,0.0286,0.0393,0.1554,0.0643,0.7519,none
27b,base,healthy_q6,q3_stability_tri_72,planning,560,0.9482,0.8214,0.9656,0.9911,0.0464,0.0321,0.1107,0.0482,0.7898,none
27b,base,healthy_q6,q3_stability_tri_72,rhetoric,560,0.9571,0.7661,0.9695,0.9964,0.0321,0.0571,0.15,0.0464,0.7307,none
27b,base,healthy_q6,q3_stability_tri_72,spatial,560,0.9589,0.8232,0.9698,0.9929,0.0339,0.0536,0.0946,0.0571,0.7919,none
27b,base,healthy_q6,q4_boundary_pair_72_28,adversarial,560,0.9321,0.8196,0.9591,0.9929,0.0518,0.0304,0.1161,0.0786,0.7848,none
27b,base,healthy_q6,q4_boundary_pair_72_28,boundary,560,0.9357,0.7625,0.9621,0.9911,0.0589,0.0518,0.15,0.0357,0.7207,none
27b,base,healthy_q6,q4_boundary_pair_72_28,coding,560,0.9536,0.8161,0.9684,0.9857,0.0304,0.0286,0.1179,0.0518,0.7892,none
27b,base,healthy_q6,q4_boundary_pair_72_28,epistemic,560,0.9393,0.7982,0.9641,0.9804,0.0411,0.0179,0.1357,0.0411,0.7694,none
27b,base,healthy_q6,q4_boundary_pair_72_28,forensic,560,0.9464,0.8143,0.9661,0.9857,0.0304,0.0339,0.1286,0.0536,0.7854,none
27b,base,healthy_q6,q4_boundary_pair_72_28,generalist,560,0.9446,0.7768,0.9684,0.9929,0.0304,0.0536,0.1393,0.0446,0.7436,none
27b,base,healthy_q6,q4_boundary_pair_72_28,math,560,0.9679,0.7661,0.9685,0.9839,0.0196,0.0268,0.1911,0.0446,0.7373,none
27b,base,healthy_q6,q4_boundary_pair_72_28,planning,560,0.9464,0.7982,0.9644,0.9911,0.0429,0.0429,0.1304,0.0482,0.7639,none
27b,base,healthy_q6,q4_boundary_pair_72_28,rhetoric,560,0.9375,0.8,0.9619,0.9893,0.0411,0.0321,0.1357,0.0679,0.767,none
27b,base,healthy_q6,q4_boundary_pair_72_28,spatial,560,0.9714,0.8179,0.974,0.9929,0.0179,0.0304,0.1375,0.0446,0.7932,none
27b,base,healthy_q6,q4_generalist_pair_72_28,adversarial,560,0.9446,0.8161,0.9679,0.9946,0.0429,0.0286,0.1339,0.0393,0.7848,none
27b,base,healthy_q6,q4_generalist_pair_72_28,boundary,560,0.925,0.7696,0.959,0.9911,0.0625,0.0357,0.1393,0.0482,0.7302,none
27b,base,healthy_q6,q4_generalist_pair_72_28,coding,560,0.9554,0.8357,0.9698,0.9839,0.0232,0.0232,0.1125,0.0536,0.8124,none
27b,base,healthy_q6,q4_generalist_pair_72_28,epistemic,560,0.9464,0.8125,0.9686,0.9893,0.0304,0.0089,0.1446,0.0411,0.788,none
27b,base,healthy_q6,q4_generalist_pair_72_28,forensic,560,0.9411,0.7946,0.9622,0.9857,0.0518,0.0179,0.1464,0.0411,0.7618,none
27b,base,healthy_q6,q4_generalist_pair_72_28,generalist,560,0.9446,0.8071,0.9694,0.9964,0.0339,0.0232,0.1411,0.0393,0.7791,none
27b,base,healthy_q6,q4_generalist_pair_72_28,math,560,0.9536,0.7679,0.9651,0.9821,0.0232,0.0143,0.1982,0.05,0.7397,none
27b,base,healthy_q6,q4_generalist_pair_72_28,planning,560,0.9429,0.7964,0.9619,0.9929,0.0393,0.0286,0.1375,0.0643,0.7647,none
27b,base,healthy_q6,q4_generalist_pair_72_28,rhetoric,560,0.9643,0.825,0.9723,0.9911,0.0196,0.0125,0.1393,0.0482,0.8031,none
27b,base,healthy_q6,q4_generalist_pair_72_28,spatial,560,0.9393,0.8286,0.9645,0.9893,0.0411,0.0089,0.1232,0.0554,0.8018,none
27b,base,healthy_q8,q2_amplifier_low_echo,adversarial,560,0.9071,0.5625,0.9305,0.9875,0.0536,0.2911,0.1536,0.0696,0.4724,none
27b,base,healthy_q8,q2_amplifier_low_echo,boundary,560,0.9179,0.6,0.9378,0.9946,0.0464,0.2714,0.1607,0.0536,0.5162,none
27b,base,healthy_q8,q2_amplifier_low_echo,coding,560,0.9232,0.5839,0.9373,0.9857,0.0554,0.2768,0.1446,0.0339,0.4987,none
27b,base,healthy_q8,q2_amplifier_low_echo,epistemic,560,0.9232,0.5607,0.9366,0.9857,0.05,0.2714,0.1804,0.0446,0.4748,none
27b,base,healthy_q8,q2_amplifier_low_echo,forensic,560,0.9393,0.5732,0.9438,0.9893,0.0411,0.2893,0.1714,0.0304,0.4878,none
27b,base,healthy_q8,q2_amplifier_low_echo,generalist,560,0.9143,0.5304,0.9317,0.9875,0.0536,0.3054,0.1714,0.0411,0.4374,none
27b,base,healthy_q8,q2_amplifier_low_echo,math,560,0.9089,0.5339,0.9313,0.9946,0.0643,0.2875,0.1946,0.0554,0.4388,none
27b,base,healthy_q8,q2_amplifier_low_echo,planning,560,0.9429,0.5946,0.9419,0.9929,0.0411,0.2643,0.1536,0.0393,0.5152,none
27b,base,healthy_q8,q2_amplifier_low_echo,rhetoric,560,0.9304,0.5571,0.9393,0.9875,0.0446,0.2875,0.1929,0.0375,0.4689,none
27b,base,healthy_q8,q2_amplifier_low_echo,spatial,560,0.9286,0.6,0.9417,0.9893,0.0536,0.2589,0.1536,0.0375,0.518,none
27b,base,healthy_q8,q3_routed_tri_68,adversarial,560,0.9589,0.825,0.9681,0.9875,0.025,0.0357,0.1125,0.0696,0.7979,none
27b,base,healthy_q8,q3_routed_tri_68,boundary,560,0.9643,0.7893,0.9691,0.9875,0.025,0.0696,0.1304,0.0536,0.7548,none
27b,base,healthy_q8,q3_routed_tri_68,coding,560,0.9643,0.8536,0.9759,0.9893,0.0161,0.0268,0.1,0.0464,0.8331,none
27b,base,healthy_q8,q3_routed_tri_68,epistemic,560,0.9482,0.8,0.9679,0.9875,0.025,0.0286,0.1464,0.0464,0.7728,none
27b,base,healthy_q8,q3_routed_tri_68,forensic,560,0.9589,0.8161,0.9725,0.9946,0.0286,0.0411,0.1179,0.0411,0.7878,none
27b,base,healthy_q8,q3_routed_tri_68,generalist,560,0.9714,0.8196,0.9763,0.9857,0.0161,0.0446,0.1268,0.0268,0.7944,none
27b,base,healthy_q8,q3_routed_tri_68,math,560,0.9607,0.7929,0.9677,0.9875,0.0214,0.0357,0.1518,0.0643,0.7639,none
27b,base,healthy_q8,q3_routed_tri_68,planning,560,0.9571,0.8107,0.9664,0.9821,0.0196,0.0286,0.1393,0.0607,0.7849,none
27b,base,healthy_q8,q3_routed_tri_68,rhetoric,560,0.9607,0.8125,0.9668,0.9875,0.0304,0.0286,0.1321,0.0607,0.7841,none
27b,base,healthy_q8,q3_routed_tri_68,spatial,560,0.9607,0.825,0.971,0.9893,0.0321,0.0429,0.1089,0.0464,0.7957,none
27b,base,healthy_q8,q3_stability_tri_72,adversarial,560,0.9607,0.8232,0.9703,0.9911,0.025,0.0357,0.1232,0.0571,0.7959,none
27b,base,healthy_q8,q3_stability_tri_72,boundary,560,0.9536,0.8268,0.9709,0.9929,0.0357,0.05,0.0982,0.0464,0.7959,none
27b,base,healthy_q8,q3_stability_tri_72,coding,560,0.9643,0.8429,0.9758,0.9929,0.0161,0.0482,0.0821,0.0536,0.8191,none
27b,base,healthy_q8,q3_stability_tri_72,epistemic,560,0.9411,0.8,0.9704,0.9929,0.0304,0.0429,0.125,0.0375,0.7704,none
27b,base,healthy_q8,q3_stability_tri_72,forensic,560,0.9536,0.8125,0.9654,0.9893,0.0339,0.0464,0.1125,0.0661,0.7807,none
27b,base,healthy_q8,q3_stability_tri_72,generalist,560,0.9339,0.7786,0.9637,0.9875,0.0304,0.0554,0.1286,0.0625,0.745,none
27b,base,healthy_q8,q3_stability_tri_72,math,560,0.9607,0.7804,0.9681,0.9875,0.0143,0.0304,0.1804,0.0625,0.7524,none
27b,base,healthy_q8,q3_stability_tri_72,planning,560,0.9607,0.85,0.9688,0.9804,0.0268,0.025,0.0929,0.0536,0.8269,none
27b,base,healthy_q8,q3_stability_tri_72,rhetoric,560,0.9643,0.8071,0.9722,0.9929,0.0196,0.0357,0.1429,0.05,0.7802,none
27b,base,healthy_q8,q3_stability_tri_72,spatial,560,0.9732,0.8268,0.9763,0.9964,0.0161,0.0518,0.1089,0.0536,0.8002,none
27b,base,healthy_q8,q4_boundary_pair_72_28,adversarial,560,0.9643,0.8464,0.9747,0.9893,0.025,0.0286,0.1018,0.0393,0.8231,none
27b,base,healthy_q8,q4_boundary_pair_72_28,boundary,560,0.9571,0.8321,0.9735,0.9893,0.0286,0.0268,0.1161,0.0357,0.8071,none
27b,base,healthy_q8,q4_boundary_pair_72_28,coding,560,0.975,0.8536,0.979,0.9982,0.0161,0.0446,0.0821,0.0464,0.8309,none
27b,base,healthy_q8,q4_boundary_pair_72_28,epistemic,560,0.9464,0.8214,0.9695,0.9929,0.0339,0.0179,0.1393,0.0393,0.7946,none
27b,base,healthy_q8,q4_boundary_pair_72_28,forensic,560,0.9643,0.8375,0.9721,0.9875,0.0232,0.0357,0.1089,0.05,0.8122,none
27b,base,healthy_q8,q4_boundary_pair_72_28,generalist,560,0.9625,0.8071,0.9701,0.9929,0.025,0.0321,0.1429,0.0464,0.7795,none
27b,base,healthy_q8,q4_boundary_pair_72_28,math,560,0.9607,0.7875,0.9676,0.9875,0.0214,0.0286,0.1786,0.0589,0.7581,none
27b,base,healthy_q8,q4_boundary_pair_72_28,planning,560,0.9571,0.8232,0.9683,0.9929,0.0232,0.0393,0.1161,0.0607,0.7961,none
27b,base,healthy_q8,q4_boundary_pair_72_28,rhetoric,560,0.9571,0.8107,0.9698,0.9929,0.0357,0.0339,0.1357,0.0411,0.7803,none
27b,base,healthy_q8,q4_boundary_pair_72_28,spatial,560,0.9607,0.8518,0.9703,0.9875,0.0268,0.0232,0.1036,0.0571,0.828,none
27b,base,healthy_q8,q4_generalist_pair_72_28,adversarial,560,0.9661,0.8393,0.9708,0.9911,0.0286,0.0232,0.1304,0.05,0.8131,none
27b,base,healthy_q8,q4_generalist_pair_72_28,boundary,560,0.9589,0.8357,0.9683,0.9875,0.0304,0.0161,0.1286,0.0536,0.8104,none
27b,base,healthy_q8,q4_generalist_pair_72_28,coding,560,0.9625,0.8125,0.9703,0.9929,0.0304,0.0375,0.1268,0.0464,0.7834,none
27b,base,healthy_q8,q4_generalist_pair_72_28,epistemic,560,0.9429,0.8143,0.9656,0.9857,0.0339,0.0125,0.1321,0.05,0.7885,none
27b,base,healthy_q8,q4_generalist_pair_72_28,forensic,560,0.9554,0.8375,0.9691,0.9786,0.0339,0.0232,0.1018,0.0393,0.8126,none
27b,base,healthy_q8,q4_generalist_pair_72_28,generalist,560,0.9571,0.8357,0.9733,0.9964,0.0214,0.0179,0.1232,0.0464,0.8135,none
27b,base,healthy_q8,q4_generalist_pair_72_28,math,560,0.95,0.7929,0.9657,0.9893,0.0304,0.0196,0.1589,0.0589,0.7642,none
27b,base,healthy_q8,q4_generalist_pair_72_28,planning,560,0.9571,0.8446,0.9678,0.9821,0.0268,0.0089,0.1179,0.0536,0.8227,none
27b,base,healthy_q8,q4_generalist_pair_72_28,rhetoric,560,0.9536,0.8268,0.972,0.9946,0.025,0.0214,0.1304,0.05,0.8021,none
27b,base,healthy_q8,q4_generalist_pair_72_28,spatial,560,0.9625,0.8696,0.971,0.9857,0.0268,0.0143,0.0857,0.0571,0.849,none
27b,base,q8_k_m,q2_amplifier_low_echo,adversarial,560,0.9214,0.5804,0.935,0.9929,0.05,0.2964,0.1357,0.0554,0.4924,none
27b,base,q8_k_m,q2_amplifier_low_echo,boundary,560,0.9161,0.5304,0.9311,0.9875,0.0482,0.3054,0.1607,0.0571,0.4391,none
27b,base,q8_k_m,q2_amplifier_low_echo,coding,560,0.9446,0.5679,0.9414,0.9893,0.025,0.3018,0.1589,0.0446,0.4851,none
27b,base,q8_k_m,q2_amplifier_low_echo,epistemic,560,0.9214,0.6054,0.9438,0.9929,0.0518,0.2571,0.1357,0.0357,0.5257,none
27b,base,q8_k_m,q2_amplifier_low_echo,forensic,560,0.9446,0.5929,0.9435,0.9893,0.0304,0.2929,0.1625,0.0482,0.5098,none
27b,base,q8_k_m,q2_amplifier_low_echo,generalist,560,0.9304,0.55,0.9359,0.9875,0.0411,0.3143,0.1554,0.0357,0.4606,none
27b,base,q8_k_m,q2_amplifier_low_echo,math,560,0.9446,0.5536,0.9427,0.9929,0.0339,0.2911,0.2018,0.0393,0.4671,none
27b,base,q8_k_m,q2_amplifier_low_echo,planning,560,0.9429,0.5643,0.9408,0.9804,0.0321,0.3161,0.1357,0.0268,0.4792,none
27b,base,q8_k_m,q2_amplifier_low_echo,rhetoric,560,0.9464,0.5786,0.9427,0.9911,0.0375,0.2768,0.1696,0.05,0.4959,none
27b,base,q8_k_m,q2_amplifier_low_echo,spatial,560,0.9321,0.6232,0.9461,0.9839,0.0393,0.2625,0.1125,0.0429,0.5478,none
27b,base,q8_k_m,q3_routed_tri_68,adversarial,560,0.9589,0.7857,0.9681,0.9875,0.0232,0.0643,0.1339,0.0607,0.7521,none
27b,base,q8_k_m,q3_routed_tri_68,boundary,560,0.9625,0.8179,0.9735,0.9964,0.0268,0.0554,0.1018,0.0536,0.7879,none
27b,base,q8_k_m,q3_routed_tri_68,coding,560,0.9607,0.8429,0.973,0.9929,0.0196,0.0464,0.0946,0.0589,0.8172,none
27b,base,q8_k_m,q3_routed_tri_68,epistemic,560,0.9643,0.8339,0.975,0.9857,0.0161,0.0286,0.1232,0.0375,0.8117,none
27b,base,q8_k_m,q3_routed_tri_68,forensic,560,0.9661,0.8321,0.9711,0.9946,0.025,0.0321,0.1107,0.0589,0.8064,none
27b,base,q8_k_m,q3_routed_tri_68,generalist,560,0.9679,0.8357,0.9772,0.9893,0.0143,0.0536,0.1,0.0375,0.8108,none
27b,base,q8_k_m,q3_routed_tri_68,math,560,0.9607,0.7857,0.9704,0.9911,0.025,0.0571,0.15,0.05,0.7523,none
27b,base,q8_k_m,q3_routed_tri_68,planning,560,0.9696,0.8393,0.9761,0.9875,0.0143,0.0375,0.1054,0.0357,0.8173,none
27b,base,q8_k_m,q3_routed_tri_68,rhetoric,560,0.9464,0.7982,0.9652,0.9911,0.0321,0.0286,0.15,0.0625,0.7677,none
27b,base,q8_k_m,q3_routed_tri_68,spatial,560,0.9589,0.8571,0.9746,0.9857,0.0196,0.0321,0.0786,0.0446,0.8363,none
27b,base,q8_k_m,q3_stability_tri_72,adversarial,560,0.9643,0.8464,0.9741,0.9857,0.0304,0.0464,0.0821,0.0375,0.8196,none
27b,base,q8_k_m,q3_stability_tri_72,boundary,560,0.9571,0.8268,0.9708,0.9804,0.0232,0.0536,0.0929,0.0518,0.7991,none
27b,base,q8_k_m,q3_stability_tri_72,coding,560,0.9661,0.8446,0.971,0.9911,0.0161,0.0321,0.1054,0.0714,0.8214,none
27b,base,q8_k_m,q3_stability_tri_72,epistemic,560,0.9554,0.8446,0.9742,0.9875,0.0161,0.0143,0.1125,0.0429,0.8258,none
27b,base,q8_k_m,q3_stability_tri_72,forensic,560,0.975,0.8536,0.9765,0.9911,0.0161,0.0304,0.0946,0.0482,0.8327,none
27b,base,q8_k_m,q3_stability_tri_72,generalist,560,0.9679,0.8321,0.9731,0.9857,0.0125,0.0304,0.1179,0.0482,0.8105,none
27b,base,q8_k_m,q3_stability_tri_72,math,560,0.9661,0.7946,0.9721,0.9875,0.0161,0.0464,0.1536,0.05,0.7658,none
27b,base,q8_k_m,q3_stability_tri_72,planning,560,0.9607,0.8304,0.9721,0.9875,0.025,0.0429,0.0982,0.0429,0.8043,none
27b,base,q8_k_m,q3_stability_tri_72,rhetoric,560,0.9661,0.8321,0.9749,0.9911,0.0196,0.0357,0.1089,0.05,0.8079,none
27b,base,q8_k_m,q3_stability_tri_72,spatial,560,0.9571,0.8607,0.9701,0.9804,0.0196,0.0232,0.0875,0.0607,0.8401,none
27b,base,q8_k_m,q4_boundary_pair_72_28,adversarial,560,0.9786,0.8571,0.9798,0.9982,0.0125,0.0339,0.1036,0.0429,0.8362,none
27b,base,q8_k_m,q4_boundary_pair_72_28,boundary,560,0.9607,0.8089,0.9758,0.9929,0.0196,0.0518,0.1125,0.0357,0.7819,none
27b,base,q8_k_m,q4_boundary_pair_72_28,coding,560,0.975,0.8714,0.9739,0.9875,0.0179,0.0286,0.0821,0.0589,0.8508,none
27b,base,q8_k_m,q4_boundary_pair_72_28,epistemic,560,0.9554,0.8268,0.9736,0.9982,0.025,0.0214,0.125,0.0411,0.8029,none
27b,base,q8_k_m,q4_boundary_pair_72_28,forensic,560,0.9661,0.8446,0.9752,0.9893,0.0125,0.0321,0.1036,0.0518,0.8236,none
27b,base,q8_k_m,q4_boundary_pair_72_28,generalist,560,0.9446,0.8232,0.9706,0.9857,0.0304,0.0446,0.1036,0.0411,0.7948,none
27b,base,q8_k_m,q4_boundary_pair_72_28,math,560,0.9607,0.8054,0.9707,0.9875,0.025,0.0375,0.1446,0.0446,0.7766,none
27b,base,q8_k_m,q4_boundary_pair_72_28,planning,560,0.9732,0.85,0.9752,0.9875,0.0196,0.0286,0.1054,0.0375,0.8281,none
27b,base,q8_k_m,q4_boundary_pair_72_28,rhetoric,560,0.9768,0.85,0.9746,0.9929,0.0143,0.0232,0.1196,0.0571,0.8286,none
27b,base,q8_k_m,q4_boundary_pair_72_28,spatial,560,0.9768,0.8464,0.9768,0.9946,0.0179,0.0393,0.0982,0.0464,0.823,none
27b,base,q8_k_m,q4_generalist_pair_72_28,adversarial,560,0.9589,0.8518,0.9725,0.9911,0.0339,0.025,0.0911,0.0429,0.8272,none
27b,base,q8_k_m,q4_generalist_pair_72_28,boundary,560,0.9661,0.8482,0.9725,0.9875,0.0304,0.0268,0.1036,0.0411,0.8234,none
27b,base,q8_k_m,q4_generalist_pair_72_28,coding,560,0.975,0.85,0.9771,0.9875,0.0125,0.0304,0.1054,0.0411,0.8297,none
27b,base,q8_k_m,q4_generalist_pair_72_28,epistemic,560,0.9554,0.8339,0.9714,0.9929,0.0268,0.0071,0.1321,0.0429,0.8118,none
27b,base,q8_k_m,q4_generalist_pair_72_28,forensic,560,0.9679,0.8536,0.973,0.9911,0.0214,0.025,0.1,0.0554,0.8314,none
27b,base,q8_k_m,q4_generalist_pair_72_28,generalist,560,0.9625,0.8375,0.9781,0.9929,0.0196,0.0286,0.1089,0.0268,0.8158,none
27b,base,q8_k_m,q4_generalist_pair_72_28,math,560,0.9661,0.8321,0.9715,0.9893,0.0179,0.0125,0.1411,0.0589,0.8101,none
27b,base,q8_k_m,q4_generalist_pair_72_28,planning,560,0.9643,0.8482,0.9728,0.9893,0.0268,0.0268,0.1036,0.0464,0.8242,none
27b,base,q8_k_m,q4_generalist_pair_72_28,rhetoric,560,0.9536,0.8429,0.9711,0.9893,0.0339,0.025,0.0982,0.0446,0.8176,none
27b,base,q8_k_m,q4_generalist_pair_72_28,spatial,560,0.9661,0.8464,0.9719,0.9875,0.0214,0.0232,0.1036,0.0518,0.8245,none
27b,degraded_instruct,base_f16,q2_amplifier_low_echo,adversarial,560,0.9375,0.5857,0.9376,0.9911,0.0357,0.3,0.1482,0.0625,0.5,none
27b,degraded_instruct,base_f16,q2_amplifier_low_echo,boundary,560,0.9196,0.5411,0.9312,0.9929,0.05,0.3393,0.1446,0.0518,0.4441,none
27b,degraded_instruct,base_f16,q2_amplifier_low_echo,coding,560,0.9375,0.5536,0.9372,0.9964,0.0357,0.3018,0.1732,0.0571,0.4658,none
27b,degraded_instruct,base_f16,q2_amplifier_low_echo,epistemic,560,0.9125,0.6018,0.9373,0.9946,0.0607,0.2786,0.1554,0.0411,0.5134,none
27b,degraded_instruct,base_f16,q2_amplifier_low_echo,forensic,560,0.9411,0.5804,0.9431,0.9839,0.0268,0.3089,0.1268,0.0536,0.4977,none
27b,degraded_instruct,base_f16,q2_amplifier_low_echo,generalist,560,0.9321,0.5518,0.9387,0.9786,0.0393,0.2893,0.175,0.025,0.4669,none
27b,degraded_instruct,base_f16,q2_amplifier_low_echo,math,560,0.9268,0.5464,0.9386,0.9857,0.0446,0.2571,0.2321,0.0393,0.4611,none
27b,degraded_instruct,base_f16,q2_amplifier_low_echo,planning,560,0.9357,0.5982,0.9401,0.9929,0.0304,0.2643,0.1339,0.0643,0.5223,none
27b,degraded_instruct,base_f16,q2_amplifier_low_echo,rhetoric,560,0.9339,0.5732,0.941,0.9911,0.0446,0.2839,0.1571,0.0482,0.4881,none
27b,degraded_instruct,base_f16,q2_amplifier_low_echo,spatial,560,0.95,0.6089,0.9509,0.9982,0.0393,0.2625,0.1518,0.025,0.5312,none
27b,degraded_instruct,base_f16,q3_routed_tri_68,adversarial,560,0.9625,0.8464,0.9711,0.9893,0.0304,0.0429,0.0839,0.0589,0.8191,none
27b,degraded_instruct,base_f16,q3_routed_tri_68,boundary,560,0.9661,0.8036,0.9723,0.9946,0.0214,0.0679,0.1161,0.0589,0.7713,none
27b,degraded_instruct,base_f16,q3_routed_tri_68,coding,560,0.9679,0.8446,0.975,0.9946,0.0179,0.0393,0.1071,0.05,0.8204,none
27b,degraded_instruct,base_f16,q3_routed_tri_68,epistemic,560,0.9536,0.8161,0.9717,0.9893,0.0286,0.0304,0.1232,0.0375,0.7897,none
27b,degraded_instruct,base_f16,q3_routed_tri_68,forensic,560,0.9714,0.8482,0.9753,0.9875,0.0179,0.0429,0.0911,0.0464,0.8247,none
27b,degraded_instruct,base_f16,q3_routed_tri_68,generalist,560,0.9625,0.8411,0.9747,0.9821,0.0161,0.0554,0.0839,0.0411,0.8164,none
27b,degraded_instruct,base_f16,q3_routed_tri_68,math,560,0.975,0.8357,0.9766,0.9929,0.0125,0.0339,0.1232,0.0482,0.8129,none
27b,degraded_instruct,base_f16,q3_routed_tri_68,planning,560,0.9643,0.8661,0.97,0.9893,0.0196,0.0375,0.0696,0.075,0.8434,none
27b,degraded_instruct,base_f16,q3_routed_tri_68,rhetoric,560,0.9679,0.8232,0.9718,0.9929,0.0179,0.05,0.1196,0.0643,0.7951,none
27b,degraded_instruct,base_f16,q3_routed_tri_68,spatial,560,0.9661,0.8429,0.9735,0.9857,0.0179,0.0393,0.0982,0.0518,0.8192,none
27b,degraded_instruct,base_f16,q3_stability_tri_72,adversarial,560,0.9661,0.8589,0.9772,0.9946,0.025,0.0357,0.0786,0.0411,0.8359,none
27b,degraded_instruct,base_f16,q3_stability_tri_72,boundary,560,0.9768,0.8214,0.9764,0.9875,0.0179,0.0696,0.1054,0.0393,0.7917,none
27b,degraded_instruct,base_f16,q3_stability_tri_72,coding,560,0.9714,0.8357,0.9765,0.9857,0.0179,0.0607,0.0875,0.0375,0.8093,none
27b,degraded_instruct,base_f16,q3_stability_tri_72,epistemic,560,0.9536,0.8268,0.97,0.9786,0.0232,0.0286,0.1089,0.0429,0.8033,none
27b,degraded_instruct,base_f16,q3_stability_tri_72,forensic,560,0.9679,0.8714,0.9776,0.9946,0.025,0.0321,0.0679,0.0411,0.85,none
27b,degraded_instruct,base_f16,q3_stability_tri_72,generalist,560,0.9643,0.8357,0.9761,0.9857,0.0107,0.0589,0.0875,0.0464,0.8114,none
27b,degraded_instruct,base_f16,q3_stability_tri_72,math,560,0.9786,0.8071,0.9731,0.9821,0.0125,0.0446,0.1464,0.0464,0.7804,none
27b,degraded_instruct,base_f16,q3_stability_tri_72,planning,560,0.975,0.8429,0.9777,0.9929,0.0143,0.05,0.0911,0.0411,0.8192,none
27b,degraded_instruct,base_f16,q3_stability_tri_72,rhetoric,560,0.9679,0.8268,0.974,0.9911,0.0214,0.0411,0.1143,0.0464,0.8007,none
27b,degraded_instruct,base_f16,q3_stability_tri_72,spatial,560,0.9696,0.8607,0.9731,0.9857,0.0232,0.0375,0.0857,0.0536,0.8367,none
27b,degraded_instruct,base_f16,q4_boundary_pair_72_28,adversarial,560,0.9714,0.8732,0.9788,0.9911,0.0143,0.0357,0.0714,0.0482,0.8537,none
27b,degraded_instruct,base_f16,q4_boundary_pair_72_28,boundary,560,0.9679,0.8089,0.9758,0.9911,0.0196,0.0536,0.1214,0.0339,0.7809,none
27b,degraded_instruct,base_f16,q4_boundary_pair_72_28,coding,560,0.9571,0.8375,0.9717,0.9893,0.0304,0.0411,0.0875,0.05,0.8107,none
27b,degraded_instruct,base_f16,q4_boundary_pair_72_28,epistemic,560,0.9679,0.8696,0.9796,0.9929,0.0179,0.0304,0.0821,0.0357,0.8499,none
27b,degraded_instruct,base_f16,q4_boundary_pair_72_28,forensic,560,0.9643,0.8661,0.9757,0.9911,0.0214,0.0411,0.0732,0.0518,0.843,none
27b,degraded_instruct,base_f16,q4_boundary_pair_72_28,generalist,560,0.9643,0.8429,0.9745,0.9839,0.0143,0.0375,0.1018,0.0446,0.8207,none
27b,degraded_instruct,base_f16,q4_boundary_pair_72_28,math,560,0.9768,0.8196,0.9742,0.9893,0.0107,0.0304,0.1411,0.0554,0.7963,none
27b,degraded_instruct,base_f16,q4_boundary_pair_72_28,planning,560,0.9732,0.8625,0.9753,0.9875,0.0143,0.0339,0.0875,0.0482,0.842,none
27b,degraded_instruct,base_f16,q4_boundary_pair_72_28,rhetoric,560,0.9679,0.8196,0.9734,0.9875,0.0143,0.0357,0.1321,0.05,0.7951,none
27b,degraded_instruct,base_f16,q4_boundary_pair_72_28,spatial,560,0.9625,0.8679,0.9733,0.9911,0.025,0.0339,0.0714,0.0554,0.8451,none
27b,degraded_instruct,base_f16,q4_generalist_pair_72_28,adversarial,560,0.9768,0.8589,0.9774,0.9875,0.0161,0.0411,0.0875,0.0429,0.8367,none
27b,degraded_instruct,base_f16,q4_generalist_pair_72_28,boundary,560,0.9411,0.8375,0.9674,0.9946,0.0357,0.025,0.0911,0.0679,0.8111,none
27b,degraded_instruct,base_f16,q4_generalist_pair_72_28,coding,560,0.9625,0.8339,0.9741,0.9875,0.025,0.0321,0.1054,0.0357,0.8098,none
27b,degraded_instruct,base_f16,q4_generalist_pair_72_28,epistemic,560,0.95,0.8482,0.9722,0.9893,0.0179,0.0089,0.125,0.0446,0.8288,none
27b,degraded_instruct,base_f16,q4_generalist_pair_72_28,forensic,560,0.9679,0.8589,0.9723,0.9821,0.0214,0.0232,0.0911,0.0518,0.838,none
27b,degraded_instruct,base_f16,q4_generalist_pair_72_28,generalist,560,0.9571,0.8357,0.9744,0.9875,0.0161,0.0339,0.0982,0.0464,0.8139,none
27b,degraded_instruct,base_f16,q4_generalist_pair_72_28,math,560,0.9482,0.7982,0.9674,0.9875,0.0268,0.0196,0.1661,0.05,0.7705,none
27b,degraded_instruct,base_f16,q4_generalist_pair_72_28,planning,560,0.9786,0.8768,0.9795,0.9857,0.0089,0.0232,0.0821,0.0375,0.861,none
27b,degraded_instruct,base_f16,q4_generalist_pair_72_28,rhetoric,560,0.9679,0.8375,0.9737,0.9875,0.0196,0.025,0.1143,0.0464,0.8151,none
27b,degraded_instruct,base_f16,q4_generalist_pair_72_28,spatial,560,0.9607,0.8643,0.9733,0.9893,0.0232,0.0214,0.0893,0.05,0.8434,none
27b,degraded_instruct,collapsed_q2_edge,q2_amplifier_low_echo,adversarial,560,0.8036,0.3679,0.8784,0.9857,0.1464,0.3089,0.4482,0.0696,0.2228,none
27b,degraded_instruct,collapsed_q2_edge,q2_amplifier_low_echo,boundary,560,0.8143,0.3714,0.8833,0.9929,0.1393,0.3143,0.4375,0.0643,0.2286,none
27b,degraded_instruct,collapsed_q2_edge,q2_amplifier_low_echo,coding,560,0.7696,0.4357,0.8617,0.8625,0.1339,0.2482,0.3732,0.0929,0.3114,none
27b,degraded_instruct,collapsed_q2_edge,q2_amplifier_low_echo,epistemic,560,0.7946,0.3857,0.8664,0.8982,0.1143,0.2893,0.4232,0.1054,0.2544,none
27b,degraded_instruct,collapsed_q2_edge,q2_amplifier_low_echo,forensic,560,0.8339,0.3946,0.8868,0.9964,0.1268,0.2911,0.4429,0.0982,0.2581,none
27b,degraded_instruct,collapsed_q2_edge,q2_amplifier_low_echo,generalist,560,0.7196,0.4125,0.8379,0.8357,0.1143,0.2357,0.4232,0.1839,0.288,none
27b,degraded_instruct,collapsed_q2_edge,q2_amplifier_low_echo,math,560,0.725,0.3821,0.8341,0.8375,0.125,0.2643,0.4321,0.2375,0.2453,none
27b,degraded_instruct,collapsed_q2_edge,q2_amplifier_low_echo,planning,560,0.7982,0.45,0.8717,0.8679,0.1,0.2679,0.3321,0.0982,0.3349,none
27b,degraded_instruct,collapsed_q2_edge,q2_amplifier_low_echo,rhetoric,560,0.7179,0.3696,0.8308,0.8411,0.1339,0.2964,0.4214,0.2054,0.2262,none
27b,degraded_instruct,collapsed_q2_edge,q2_amplifier_low_echo,spatial,560,0.7696,0.4214,0.8555,0.8821,0.1429,0.2768,0.3375,0.1554,0.2884,none
27b,degraded_instruct,collapsed_q2_edge,q3_routed_tri_68,adversarial,560,0.7036,0.4768,0.8439,0.9911,0.1357,0.0357,0.3875,0.4929,0.3733,none
27b,degraded_instruct,collapsed_q2_edge,q3_routed_tri_68,boundary,560,0.7429,0.4571,0.8407,0.9786,0.1768,0.0482,0.4571,0.3893,0.3384,none
27b,degraded_instruct,collapsed_q2_edge,q3_routed_tri_68,coding,560,0.5036,0.3804,0.7174,0.8054,0.1661,0.0536,0.3268,0.8536,0.251,none
27b,degraded_instruct,collapsed_q2_edge,q3_routed_tri_68,epistemic,560,0.5268,0.3589,0.7234,0.8196,0.1607,0.0321,0.4071,0.7161,0.2359,none
27b,degraded_instruct,collapsed_q2_edge,q3_routed_tri_68,forensic,560,0.5661,0.4107,0.7388,0.9696,0.1714,0.0339,0.3893,0.8946,0.2766,none
27b,degraded_instruct,collapsed_q2_edge,q3_routed_tri_68,generalist,560,0.4411,0.3232,0.6896,0.7982,0.1964,0.0482,0.3732,0.8482,0.1824,none
27b,degraded_instruct,collapsed_q2_edge,q3_routed_tri_68,math,560,0.4536,0.3464,0.6896,0.7982,0.15,0.0518,0.4125,1.0732,0.2044,none
27b,degraded_instruct,collapsed_q2_edge,q3_routed_tri_68,planning,560,0.5196,0.3786,0.7129,0.7964,0.1696,0.0304,0.3446,0.8554,0.2513,none
27b,degraded_instruct,collapsed_q2_edge,q3_routed_tri_68,rhetoric,560,0.4625,0.3214,0.673,0.7714,0.1554,0.0304,0.3768,1.0321,0.187,none
27b,degraded_instruct,collapsed_q2_edge,q3_routed_tri_68,spatial,560,0.4804,0.3536,0.6957,0.7661,0.1875,0.05,0.3179,0.8571,0.219,none
27b,degraded_instruct,collapsed_q2_edge,q3_stability_tri_72,adversarial,560,0.7179,0.4536,0.8456,0.9786,0.1571,0.0482,0.4268,0.4054,0.3424,none
27b,degraded_instruct,collapsed_q2_edge,q3_stability_tri_72,boundary,560,0.7482,0.4821,0.8638,0.9911,0.1714,0.0518,0.4321,0.2929,0.3711,none
27b,degraded_instruct,collapsed_q2_edge,q3_stability_tri_72,coding,560,0.525,0.3643,0.7082,0.7839,0.1857,0.0554,0.3589,0.8429,0.2266,none
27b,degraded_instruct,collapsed_q2_edge,q3_stability_tri_72,epistemic,560,0.5589,0.4018,0.7417,0.8107,0.1536,0.0393,0.3982,0.6536,0.2833,none
27b,degraded_instruct,collapsed_q2_edge,q3_stability_tri_72,forensic,560,0.5696,0.4018,0.7551,0.9679,0.1679,0.0429,0.4161,0.7821,0.2705,none
27b,degraded_instruct,collapsed_q2_edge,q3_stability_tri_72,generalist,560,0.5161,0.4054,0.7298,0.775,0.1589,0.0464,0.3411,0.7,0.2861,none
27b,degraded_instruct,collapsed_q2_edge,q3_stability_tri_72,math,560,0.4661,0.3357,0.7032,0.8232,0.1536,0.0357,0.3946,1.0232,0.1998,none
27b,degraded_instruct,collapsed_q2_edge,q3_stability_tri_72,planning,560,0.5911,0.4518,0.7499,0.8071,0.15,0.0429,0.3214,0.7161,0.3367,none
27b,degraded_instruct,collapsed_q2_edge,q3_stability_tri_72,rhetoric,560,0.4625,0.3321,0.6906,0.7893,0.2036,0.0304,0.4214,0.8929,0.1866,none
27b,degraded_instruct,collapsed_q2_edge,q3_stability_tri_72,spatial,560,0.5625,0.4161,0.7395,0.7875,0.1643,0.05,0.2929,0.7179,0.2975,none
27b,degraded_instruct,collapsed_q2_edge,q4_boundary_pair_72_28,adversarial,560,0.5089,0.3482,0.7324,0.9696,0.2268,0.0536,0.4161,0.9214,0.1901,none
27b,degraded_instruct,collapsed_q2_edge,q4_boundary_pair_72_28,boundary,560,0.5786,0.3696,0.7628,0.9786,0.1929,0.05,0.4696,0.7696,0.2257,none
27b,degraded_instruct,collapsed_q2_edge,q4_boundary_pair_72_28,coding,560,0.3036,0.2304,0.5524,0.6875,0.2268,0.0196,0.3375,1.4839,0.0572,none
27b,degraded_instruct,collapsed_q2_edge,q4_boundary_pair_72_28,epistemic,560,0.2732,0.2196,0.5562,0.6982,0.2518,0.0232,0.3929,1.2661,0.0447,cascade
27b,degraded_instruct,collapsed_q2_edge,q4_boundary_pair_72_28,forensic,560,0.375,0.2821,0.633,0.9518,0.2071,0.0321,0.4089,1.3,0.1159,none
27b,degraded_instruct,collapsed_q2_edge,q4_boundary_pair_72_28,generalist,560,0.2375,0.1679,0.5418,0.6982,0.2429,0.0643,0.4643,1.3536,-0.0227,cascade
27b,degraded_instruct,collapsed_q2_edge,q4_boundary_pair_72_28,math,560,0.2214,0.175,0.5115,0.6875,0.2411,0.0357,0.4071,1.7946,-0.0268,cascade
27b,degraded_instruct,collapsed_q2_edge,q4_boundary_pair_72_28,planning,560,0.3375,0.2589,0.5719,0.6964,0.2054,0.0393,0.3411,1.3964,0.0924,none
27b,degraded_instruct,collapsed_q2_edge,q4_boundary_pair_72_28,rhetoric,560,0.2196,0.1536,0.4863,0.6554,0.2375,0.0411,0.4107,1.7571,-0.0466,classification_miss
27b,degraded_instruct,collapsed_q2_edge,q4_boundary_pair_72_28,spatial,560,0.2518,0.2054,0.518,0.65,0.2357,0.0357,0.3518,1.5536,0.0217,cascade
27b,degraded_instruct,collapsed_q2_edge,q4_generalist_pair_72_28,adversarial,560,0.325,0.2286,0.6157,0.8786,0.2089,0.0268,0.4446,1.5107,0.0494,primitive_gap
27b,degraded_instruct,collapsed_q2_edge,q4_generalist_pair_72_28,boundary,560,0.3375,0.2304,0.5957,0.8196,0.2661,0.0286,0.4911,1.3893,0.0361,cascade
27b,degraded_instruct,collapsed_q2_edge,q4_generalist_pair_72_28,coding,560,0.2821,0.2089,0.5626,0.7893,0.2446,0.0214,0.4196,1.5018,0.0226,cascade
27b,degraded_instruct,collapsed_q2_edge,q4_generalist_pair_72_28,epistemic,560,0.2571,0.2071,0.5499,0.775,0.225,0.0071,0.4571,1.3696,0.0332,cascade
27b,degraded_instruct,collapsed_q2_edge,q4_generalist_pair_72_28,forensic,560,0.3,0.2393,0.5708,0.8321,0.2232,0.0321,0.4464,1.4875,0.0558,none
27b,degraded_instruct,collapsed_q2_edge,q4_generalist_pair_72_28,generalist,560,0.2161,0.1732,0.5398,0.7411,0.2643,0.0357,0.425,1.3786,-0.0161,cascade
27b,degraded_instruct,collapsed_q2_edge,q4_generalist_pair_72_28,math,560,0.2875,0.2304,0.5636,0.7357,0.1732,0.0232,0.4518,1.6643,0.0544,primitive_gap
27b,degraded_instruct,collapsed_q2_edge,q4_generalist_pair_72_28,planning,560,0.3446,0.2768,0.5788,0.7536,0.2179,0.0357,0.3732,1.4179,0.1035,none
27b,degraded_instruct,collapsed_q2_edge,q4_generalist_pair_72_28,rhetoric,560,0.2286,0.1643,0.5039,0.7214,0.2304,0.0161,0.5518,1.7321,-0.0388,cascade
27b,degraded_instruct,collapsed_q2_edge,q4_generalist_pair_72_28,spatial,560,0.2821,0.2196,0.5577,0.7339,0.1964,0.0179,0.3036,1.4946,0.0581,none
27b,degraded_instruct,damaged_q2,q2_amplifier_low_echo,adversarial,560,0.8393,0.4429,0.9021,0.9875,0.1107,0.2964,0.3518,0.0464,0.3199,none
27b,degraded_instruct,damaged_q2,q2_amplifier_low_echo,boundary,560,0.8268,0.375,0.8895,0.9839,0.1375,0.3143,0.3732,0.0518,0.2384,none
27b,degraded_instruct,damaged_q2,q2_amplifier_low_echo,coding,560,0.8893,0.4268,0.9121,0.9786,0.0804,0.2875,0.3375,0.0393,0.3162,none
27b,degraded_instruct,damaged_q2,q2_amplifier_low_echo,epistemic,560,0.8643,0.4286,0.9065,0.9964,0.1018,0.2679,0.3946,0.0482,0.3105,none
27b,degraded_instruct,damaged_q2,q2_amplifier_low_echo,forensic,560,0.8554,0.4196,0.9033,0.9893,0.1214,0.3054,0.3518,0.0375,0.2921,none
27b,degraded_instruct,damaged_q2,q2_amplifier_low_echo,generalist,560,0.8268,0.4375,0.8904,0.9393,0.0929,0.2964,0.3875,0.0554,0.3166,none
27b,degraded_instruct,damaged_q2,q2_amplifier_low_echo,math,560,0.8482,0.4482,0.9027,0.9643,0.0946,0.2714,0.3411,0.0768,0.3344,none
27b,degraded_instruct,damaged_q2,q2_amplifier_low_echo,planning,560,0.8768,0.4929,0.9113,0.9661,0.0786,0.2821,0.2661,0.0536,0.3889,none
27b,degraded_instruct,damaged_q2,q2_amplifier_low_echo,rhetoric,560,0.8286,0.4304,0.8953,0.9357,0.0929,0.2625,0.3554,0.0786,0.3176,none
27b,degraded_instruct,damaged_q2,q2_amplifier_low_echo,spatial,560,0.8464,0.4768,0.9058,0.9679,0.1071,0.2768,0.2893,0.0536,0.3635,none
27b,degraded_instruct,damaged_q2,q3_routed_tri_68,adversarial,560,0.8786,0.5964,0.9279,0.9893,0.0964,0.0554,0.3518,0.075,0.5245,none
27b,degraded_instruct,damaged_q2,q3_routed_tri_68,boundary,560,0.8661,0.5625,0.9237,0.9875,0.1214,0.0446,0.3893,0.0429,0.4839,none
27b,degraded_instruct,damaged_q2,q3_routed_tri_68,coding,560,0.8214,0.5429,0.8984,0.9196,0.0982,0.0536,0.3393,0.15,0.468,none
27b,degraded_instruct,damaged_q2,q3_routed_tri_68,epistemic,560,0.85,0.5714,0.9116,0.9589,0.0982,0.0286,0.3625,0.1107,0.5017,none
27b,degraded_instruct,damaged_q2,q3_routed_tri_68,forensic,560,0.8357,0.6036,0.9066,0.9893,0.125,0.0375,0.3179,0.1589,0.5252,none
27b,degraded_instruct,damaged_q2,q3_routed_tri_68,generalist,560,0.7911,0.5643,0.8891,0.9179,0.1089,0.0446,0.325,0.1696,0.4882,none
27b,degraded_instruct,damaged_q2,q3_routed_tri_68,math,560,0.8125,0.55,0.8882,0.9179,0.0786,0.0196,0.3768,0.25,0.4799,none
27b,degraded_instruct,damaged_q2,q3_routed_tri_68,planning,560,0.8089,0.5911,0.8983,0.925,0.1196,0.0339,0.2732,0.1411,0.5195,none
27b,degraded_instruct,damaged_q2,q3_routed_tri_68,rhetoric,560,0.775,0.5107,0.866,0.9143,0.1357,0.0393,0.3839,0.2411,0.4194,none
27b,degraded_instruct,damaged_q2,q3_routed_tri_68,spatial,560,0.7982,0.5893,0.887,0.9214,0.1232,0.0321,0.2946,0.1964,0.5125,none
27b,degraded_instruct,damaged_q2,q3_stability_tri_72,adversarial,560,0.8661,0.5911,0.9281,0.9929,0.1107,0.0393,0.3589,0.0554,0.5185,none
27b,degraded_instruct,damaged_q2,q3_stability_tri_72,boundary,560,0.875,0.5964,0.9292,0.9929,0.1,0.0375,0.3554,0.0696,0.527,none
27b,degraded_instruct,damaged_q2,q3_stability_tri_72,coding,560,0.8464,0.6179,0.9145,0.9446,0.1107,0.0429,0.2696,0.0982,0.5496,none
27b,degraded_instruct,damaged_q2,q3_stability_tri_72,epistemic,560,0.8536,0.5857,0.9195,0.9536,0.0804,0.0393,0.3321,0.1,0.5222,none
27b,degraded_instruct,damaged_q2,q3_stability_tri_72,forensic,560,0.8679,0.6232,0.9206,0.9929,0.0982,0.0429,0.3018,0.1339,0.5543,none
27b,degraded_instruct,damaged_q2,q3_stability_tri_72,generalist,560,0.7839,0.5536,0.8875,0.9304,0.1196,0.0464,0.3411,0.1661,0.4728,none
27b,degraded_instruct,damaged_q2,q3_stability_tri_72,math,560,0.8464,0.5875,0.905,0.9393,0.0857,0.05,0.3375,0.1857,0.5155,none
27b,degraded_instruct,damaged_q2,q3_stability_tri_72,planning,560,0.85,0.6018,0.9147,0.95,0.1,0.0429,0.3,0.1054,0.5339,none
27b,degraded_instruct,damaged_q2,q3_stability_tri_72,rhetoric,560,0.7964,0.5536,0.8918,0.9214,0.1071,0.0411,0.3571,0.1696,0.4762,none
27b,degraded_instruct,damaged_q2,q3_stability_tri_72,spatial,560,0.8393,0.6089,0.9108,0.9375,0.1036,0.0482,0.2643,0.1268,0.5407,none
27b,degraded_instruct,damaged_q2,q4_boundary_pair_72_28,adversarial,560,0.8304,0.5821,0.9087,0.9946,0.1107,0.0321,0.35,0.1732,0.5058,none
27b,degraded_instruct,damaged_q2,q4_boundary_pair_72_28,boundary,560,0.8375,0.5643,0.9104,0.9929,0.1411,0.0554,0.3607,0.1,0.477,none
27b,degraded_instruct,damaged_q2,q4_boundary_pair_72_28,coding,560,0.6161,0.4946,0.7873,0.8375,0.1339,0.0393,0.2661,0.5946,0.3956,none
27b,degraded_instruct,damaged_q2,q4_boundary_pair_72_28,epistemic,560,0.5732,0.4411,0.7754,0.8161,0.1446,0.0214,0.3679,0.5107,0.3384,none
27b,degraded_instruct,damaged_q2,q4_boundary_pair_72_28,forensic,560,0.7268,0.5161,0.8363,0.9946,0.1304,0.0393,0.3429,0.5018,0.4166,none
27b,degraded_instruct,damaged_q2,q4_boundary_pair_72_28,generalist,560,0.5554,0.3964,0.7544,0.7857,0.1446,0.0554,0.3375,0.6054,0.2847,none
27b,degraded_instruct,damaged_q2,q4_boundary_pair_72_28,math,560,0.525,0.3661,0.7177,0.7768,0.1571,0.0393,0.4054,0.8714,0.2351,none
27b,degraded_instruct,damaged_q2,q4_boundary_pair_72_28,planning,560,0.6625,0.4964,0.7737,0.7821,0.1393,0.0339,0.2821,0.5875,0.3959,none
27b,degraded_instruct,damaged_q2,q4_boundary_pair_72_28,rhetoric,560,0.5643,0.4107,0.7441,0.7946,0.1161,0.0196,0.3571,0.7804,0.3044,none
27b,degraded_instruct,damaged_q2,q4_boundary_pair_72_28,spatial,560,0.6071,0.4661,0.767,0.8411,0.1357,0.0304,0.2571,0.6929,0.3641,none
27b,degraded_instruct,damaged_q2,q4_generalist_pair_72_28,adversarial,560,0.7179,0.4982,0.8367,0.9768,0.1375,0.0339,0.3625,0.5161,0.3954,none
27b,degraded_instruct,damaged_q2,q4_generalist_pair_72_28,boundary,560,0.7446,0.4857,0.8397,0.9643,0.1411,0.0357,0.3839,0.4696,0.3821,none
27b,degraded_instruct,damaged_q2,q4_generalist_pair_72_28,coding,560,0.6321,0.4554,0.7863,0.8732,0.1393,0.025,0.325,0.6232,0.3514,none
27b,degraded_instruct,damaged_q2,q4_generalist_pair_72_28,epistemic,560,0.6036,0.4339,0.793,0.8982,0.1339,0.0214,0.3875,0.5393,0.3315,none
27b,degraded_instruct,damaged_q2,q4_generalist_pair_72_28,forensic,560,0.6107,0.4732,0.779,0.9571,0.1679,0.0196,0.3714,0.6804,0.3552,none
27b,degraded_instruct,damaged_q2,q4_generalist_pair_72_28,generalist,560,0.6089,0.4643,0.7919,0.8643,0.1232,0.05,0.3589,0.5518,0.361,none
27b,degraded_instruct,damaged_q2,q4_generalist_pair_72_28,math,560,0.5661,0.4411,0.7626,0.8679,0.1411,0.0179,0.3875,0.7732,0.3255,none
27b,degraded_instruct,damaged_q2,q4_generalist_pair_72_28,planning,560,0.6804,0.5214,0.8139,0.8929,0.1518,0.0232,0.3036,0.4929,0.4223,none
27b,degraded_instruct,damaged_q2,q4_generalist_pair_72_28,rhetoric,560,0.5554,0.4286,0.7478,0.8661,0.1482,0.0179,0.3714,0.7714,0.3122,none
27b,degraded_instruct,damaged_q2,q4_generalist_pair_72_28,spatial,560,0.6446,0.5089,0.7826,0.8857,0.1625,0.025,0.275,0.6268,0.4018,none
27b,degraded_instruct,damaged_q3,q2_amplifier_low_echo,adversarial,560,0.875,0.4804,0.9117,0.9893,0.0839,0.3036,0.2804,0.0607,0.369,none
27b,degraded_instruct,damaged_q3,q2_amplifier_low_echo,boundary,560,0.8768,0.4536,0.908,0.9839,0.0857,0.3536,0.2625,0.0589,0.3332,none
27b,degraded_instruct,damaged_q3,q2_amplifier_low_echo,coding,560,0.8911,0.4929,0.9145,0.9804,0.0714,0.3018,0.2696,0.0589,0.3866,none
27b,degraded_instruct,damaged_q3,q2_amplifier_low_echo,epistemic,560,0.8875,0.4964,0.9226,0.9946,0.075,0.2857,0.2643,0.0482,0.3932,none
27b,degraded_instruct,damaged_q3,q2_amplifier_low_echo,forensic,560,0.9143,0.5196,0.9308,0.9982,0.0643,0.2554,0.2911,0.0375,0.4241,none
27b,degraded_instruct,damaged_q3,q2_amplifier_low_echo,generalist,560,0.8893,0.4982,0.9178,0.9911,0.075,0.2893,0.2946,0.0429,0.3921,none
27b,degraded_instruct,damaged_q3,q2_amplifier_low_echo,math,560,0.9268,0.5304,0.9331,0.9911,0.0536,0.275,0.2696,0.0393,0.4357,none
27b,degraded_instruct,damaged_q3,q2_amplifier_low_echo,planning,560,0.8857,0.5375,0.9194,0.9839,0.0893,0.2768,0.2036,0.0446,0.4368,none
27b,degraded_instruct,damaged_q3,q2_amplifier_low_echo,rhetoric,560,0.8875,0.4929,0.9223,0.9911,0.0732,0.2804,0.2804,0.0554,0.3896,none
27b,degraded_instruct,damaged_q3,q2_amplifier_low_echo,spatial,560,0.9089,0.5071,0.9272,0.9893,0.0625,0.2982,0.2464,0.0482,0.4066,none
27b,degraded_instruct,damaged_q3,q3_routed_tri_68,adversarial,560,0.9214,0.7286,0.952,0.9857,0.0625,0.0482,0.2,0.0589,0.6812,none
27b,degraded_instruct,damaged_q3,q3_routed_tri_68,boundary,560,0.8875,0.6589,0.9386,0.9911,0.0857,0.0643,0.2411,0.0786,0.5971,none
27b,degraded_instruct,damaged_q3,q3_routed_tri_68,coding,560,0.9196,0.7214,0.956,0.9964,0.0732,0.0393,0.2054,0.0286,0.6737,none
27b,degraded_instruct,damaged_q3,q3_routed_tri_68,epistemic,560,0.9143,0.6911,0.9532,0.9946,0.0607,0.025,0.2393,0.0411,0.6467,none
27b,degraded_instruct,damaged_q3,q3_routed_tri_68,forensic,560,0.9339,0.6982,0.9537,0.9857,0.0554,0.0482,0.2375,0.0464,0.6506,none
27b,degraded_instruct,damaged_q3,q3_routed_tri_68,generalist,560,0.9071,0.6804,0.9482,0.9875,0.0768,0.0464,0.2339,0.0357,0.6275,none
27b,degraded_instruct,damaged_q3,q3_routed_tri_68,math,560,0.9143,0.6929,0.9494,0.9929,0.0607,0.0339,0.25,0.0625,0.6447,none
27b,degraded_instruct,damaged_q3,q3_routed_tri_68,planning,560,0.9071,0.7161,0.949,0.9893,0.0768,0.0286,0.2161,0.0429,0.6679,none
27b,degraded_instruct,damaged_q3,q3_routed_tri_68,rhetoric,560,0.8982,0.6839,0.946,0.9911,0.0839,0.0464,0.2464,0.0429,0.6276,none
27b,degraded_instruct,damaged_q3,q3_routed_tri_68,spatial,560,0.925,0.7446,0.9535,0.9857,0.0696,0.0375,0.1768,0.0464,0.6998,none
27b,degraded_instruct,damaged_q3,q3_stability_tri_72,adversarial,560,0.9071,0.6982,0.9486,0.9929,0.0804,0.0321,0.2161,0.0518,0.6478,none
27b,degraded_instruct,damaged_q3,q3_stability_tri_72,boundary,560,0.9071,0.7232,0.95,0.9893,0.075,0.0411,0.1946,0.0536,0.6743,none
27b,degraded_instruct,damaged_q3,q3_stability_tri_72,coding,560,0.9304,0.7071,0.9541,0.9893,0.0589,0.0518,0.2054,0.0518,0.6601,none
27b,degraded_instruct,damaged_q3,q3_stability_tri_72,epistemic,560,0.9143,0.7107,0.9532,0.9911,0.0589,0.0375,0.2286,0.0464,0.6649,none
27b,degraded_instruct,damaged_q3,q3_stability_tri_72,forensic,560,0.9179,0.7125,0.9505,0.9875,0.0661,0.05,0.2321,0.0464,0.6618,none
27b,degraded_instruct,damaged_q3,q3_stability_tri_72,generalist,560,0.8786,0.6536,0.9431,0.9911,0.0821,0.0625,0.2179,0.0571,0.5961,none
27b,degraded_instruct,damaged_q3,q3_stability_tri_72,math,560,0.9375,0.7089,0.9578,1.0,0.0518,0.0518,0.2429,0.0482,0.6612,none
27b,degraded_instruct,damaged_q3,q3_stability_tri_72,planning,560,0.9089,0.7143,0.9486,0.9893,0.0732,0.0286,0.2107,0.0554,0.667,none
27b,degraded_instruct,damaged_q3,q3_stability_tri_72,rhetoric,560,0.9179,0.7089,0.9475,0.9839,0.0643,0.0321,0.2232,0.0679,0.662,none
27b,degraded_instruct,damaged_q3,q3_stability_tri_72,spatial,560,0.9339,0.7339,0.9563,0.9857,0.0571,0.0446,0.1875,0.05,0.6904,none
27b,degraded_instruct,damaged_q3,q4_boundary_pair_72_28,adversarial,560,0.9054,0.6839,0.9495,0.9982,0.0857,0.0429,0.2339,0.0375,0.6291,none
27b,degraded_instruct,damaged_q3,q4_boundary_pair_72_28,boundary,560,0.9018,0.65,0.9401,0.9839,0.0839,0.0375,0.2714,0.0554,0.5928,none
27b,degraded_instruct,damaged_q3,q4_boundary_pair_72_28,coding,560,0.9071,0.7,0.9502,0.9929,0.075,0.0339,0.2125,0.0464,0.6514,none
27b,degraded_instruct,damaged_q3,q4_boundary_pair_72_28,epistemic,560,0.9,0.6714,0.9457,0.9911,0.0714,0.0179,0.2679,0.05,0.6225,none
27b,degraded_instruct,damaged_q3,q4_boundary_pair_72_28,forensic,560,0.9018,0.6911,0.9449,0.9893,0.0821,0.0375,0.2375,0.0482,0.6375,none
27b,degraded_instruct,damaged_q3,q4_boundary_pair_72_28,generalist,560,0.8911,0.6679,0.9431,0.9554,0.0607,0.0429,0.2357,0.0518,0.6196,none
27b,degraded_instruct,damaged_q3,q4_boundary_pair_72_28,math,560,0.9107,0.6768,0.9419,0.9661,0.0643,0.0304,0.2679,0.0679,0.6266,none
27b,degraded_instruct,damaged_q3,q4_boundary_pair_72_28,planning,560,0.9089,0.7179,0.9494,0.9821,0.0786,0.0339,0.1875,0.0411,0.6704,none
27b,degraded_instruct,damaged_q3,q4_boundary_pair_72_28,rhetoric,560,0.8893,0.6964,0.9382,0.975,0.0696,0.0214,0.2375,0.0911,0.6477,none
27b,degraded_instruct,damaged_q3,q4_boundary_pair_72_28,spatial,560,0.9196,0.7357,0.9489,0.9839,0.0661,0.0482,0.1821,0.075,0.6879,none
27b,degraded_instruct,damaged_q3,q4_generalist_pair_72_28,adversarial,560,0.8821,0.6607,0.936,0.9911,0.1,0.0393,0.2589,0.0679,0.5987,none
27b,degraded_instruct,damaged_q3,q4_generalist_pair_72_28,boundary,560,0.9071,0.6286,0.943,0.9929,0.0839,0.0393,0.3107,0.0375,0.5688,none
27b,degraded_instruct,damaged_q3,q4_generalist_pair_72_28,coding,560,0.9107,0.7232,0.9505,0.9893,0.0732,0.0375,0.1875,0.05,0.6763,none
27b,degraded_instruct,damaged_q3,q4_generalist_pair_72_28,epistemic,560,0.9036,0.6839,0.9483,0.9911,0.0714,0.0179,0.2661,0.0375,0.6358,none
27b,degraded_instruct,damaged_q3,q4_generalist_pair_72_28,forensic,560,0.9125,0.7161,0.9494,0.9911,0.0696,0.0357,0.2321,0.0482,0.6671,none
27b,degraded_instruct,damaged_q3,q4_generalist_pair_72_28,generalist,560,0.9125,0.6768,0.9552,0.9964,0.0536,0.0446,0.2464,0.0429,0.6299,none
27b,degraded_instruct,damaged_q3,q4_generalist_pair_72_28,math,560,0.9161,0.6696,0.9463,0.9893,0.0589,0.0429,0.2661,0.0768,0.6183,none
27b,degraded_instruct,damaged_q3,q4_generalist_pair_72_28,planning,560,0.9196,0.7446,0.9538,0.9821,0.0518,0.0143,0.2018,0.0554,0.7073,none
27b,degraded_instruct,damaged_q3,q4_generalist_pair_72_28,rhetoric,560,0.9018,0.6661,0.9443,0.9946,0.0821,0.0143,0.2929,0.0429,0.613,none
27b,degraded_instruct,damaged_q3,q4_generalist_pair_72_28,spatial,560,0.9125,0.7107,0.9533,0.9946,0.075,0.0143,0.2232,0.0304,0.666,none
27b,degraded_instruct,damaged_q4,q2_amplifier_low_echo,adversarial,560,0.9125,0.5429,0.9317,0.9911,0.0536,0.275,0.2089,0.0518,0.4525,none
27b,degraded_instruct,damaged_q4,q2_amplifier_low_echo,boundary,560,0.8732,0.475,0.9116,0.9786,0.0804,0.3089,0.2607,0.0607,0.3652,none
27b,degraded_instruct,damaged_q4,q2_amplifier_low_echo,coding,560,0.9036,0.4982,0.9245,0.9893,0.0661,0.3125,0.2196,0.0446,0.3961,none
27b,degraded_instruct,damaged_q4,q2_amplifier_low_echo,epistemic,560,0.9179,0.5161,0.9312,0.9911,0.0607,0.2857,0.2411,0.0357,0.4196,none
27b,degraded_instruct,damaged_q4,q2_amplifier_low_echo,forensic,560,0.9,0.525,0.9235,0.9875,0.0768,0.2929,0.2268,0.0536,0.4226,none
27b,degraded_instruct,damaged_q4,q2_amplifier_low_echo,generalist,560,0.9429,0.5304,0.9388,0.9911,0.0429,0.3,0.2125,0.0179,0.4396,none
27b,degraded_instruct,damaged_q4,q2_amplifier_low_echo,math,560,0.9,0.4875,0.9244,0.9946,0.0554,0.2946,0.2839,0.0714,0.3857,none
27b,degraded_instruct,damaged_q4,q2_amplifier_low_echo,planning,560,0.9214,0.5196,0.9301,0.9946,0.0536,0.3268,0.1714,0.05,0.422,none
27b,degraded_instruct,damaged_q4,q2_amplifier_low_echo,rhetoric,560,0.8964,0.5054,0.9224,0.9839,0.0589,0.3143,0.2518,0.0643,0.4015,none
27b,degraded_instruct,damaged_q4,q2_amplifier_low_echo,spatial,560,0.9107,0.5429,0.9334,0.9821,0.0607,0.2661,0.2,0.0429,0.4533,none
27b,degraded_instruct,damaged_q4,q3_routed_tri_68,adversarial,560,0.9143,0.7518,0.9545,0.9911,0.0696,0.0482,0.1536,0.0571,0.7061,none
27b,degraded_instruct,damaged_q4,q3_routed_tri_68,boundary,560,0.9339,0.7268,0.9602,0.9911,0.0518,0.0625,0.1768,0.0446,0.6824,none
27b,degraded_instruct,damaged_q4,q3_routed_tri_68,coding,560,0.9393,0.7804,0.9627,0.9911,0.0446,0.0411,0.1464,0.0536,0.7444,none
27b,degraded_instruct,damaged_q4,q3_routed_tri_68,epistemic,560,0.9196,0.7357,0.9582,0.9857,0.0464,0.0268,0.1911,0.0446,0.6989,none
27b,degraded_instruct,damaged_q4,q3_routed_tri_68,forensic,560,0.9482,0.7714,0.9641,0.9911,0.0429,0.0411,0.175,0.0429,0.7342,none
27b,degraded_instruct,damaged_q4,q3_routed_tri_68,generalist,560,0.9143,0.7464,0.9561,0.9875,0.0571,0.0393,0.1625,0.0518,0.7058,none
27b,degraded_instruct,damaged_q4,q3_routed_tri_68,math,560,0.9321,0.7339,0.9593,0.9964,0.0464,0.0321,0.2054,0.0571,0.6943,none
27b,degraded_instruct,damaged_q4,q3_routed_tri_68,planning,560,0.9321,0.7607,0.9606,0.9911,0.0518,0.0464,0.1536,0.0446,0.7214,none
27b,degraded_instruct,damaged_q4,q3_routed_tri_68,rhetoric,560,0.9411,0.7339,0.9605,0.9929,0.0375,0.0554,0.1875,0.0625,0.6935,none
27b,degraded_instruct,damaged_q4,q3_routed_tri_68,spatial,560,0.9393,0.7393,0.9599,0.9804,0.0518,0.05,0.1786,0.0339,0.6978,none
27b,degraded_instruct,damaged_q4,q3_stability_tri_72,adversarial,560,0.9232,0.7429,0.9548,0.9893,0.0589,0.0518,0.1679,0.0679,0.698,none
27b,degraded_instruct,damaged_q4,q3_stability_tri_72,boundary,560,0.9179,0.7107,0.9528,0.9857,0.0696,0.0429,0.2071,0.0375,0.6628,none
27b,degraded_instruct,damaged_q4,q3_stability_tri_72,coding,560,0.9393,0.7696,0.9643,0.9857,0.0393,0.0429,0.1536,0.0429,0.7349,none
27b,degraded_instruct,damaged_q4,q3_stability_tri_72,epistemic,560,0.925,0.775,0.9628,0.9893,0.0446,0.025,0.1554,0.0429,0.742,none
27b,degraded_instruct,damaged_q4,q3_stability_tri_72,forensic,560,0.9446,0.775,0.9641,0.9929,0.0393,0.0429,0.1536,0.0518,0.7398,none
27b,degraded_instruct,damaged_q4,q3_stability_tri_72,generalist,560,0.9268,0.7464,0.9611,0.9929,0.0429,0.0536,0.1679,0.0518,0.7068,none
27b,degraded_instruct,damaged_q4,q3_stability_tri_72,math,560,0.9411,0.7357,0.9603,0.9929,0.0429,0.0232,0.2179,0.05,0.6983,none
27b,degraded_instruct,damaged_q4,q3_stability_tri_72,planning,560,0.9411,0.7661,0.9611,0.9911,0.0446,0.0357,0.1679,0.0536,0.7294,none
27b,degraded_instruct,damaged_q4,q3_stability_tri_72,rhetoric,560,0.9196,0.7232,0.9563,0.9911,0.0571,0.0518,0.1857,0.0554,0.6781,none
27b,degraded_instruct,damaged_q4,q3_stability_tri_72,spatial,560,0.9375,0.7821,0.9621,0.9893,0.0464,0.0339,0.1554,0.05,0.7465,none
27b,degraded_instruct,damaged_q4,q4_boundary_pair_72_28,adversarial,560,0.9232,0.7804,0.9579,0.9929,0.0643,0.0321,0.1536,0.0518,0.7398,none
27b,degraded_instruct,damaged_q4,q4_boundary_pair_72_28,boundary,560,0.9196,0.6929,0.9507,0.9946,0.0661,0.0446,0.2321,0.0571,0.6427,none
27b,degraded_instruct,damaged_q4,q4_boundary_pair_72_28,coding,560,0.9375,0.7661,0.9608,0.9875,0.05,0.0375,0.1554,0.0482,0.7287,none
27b,degraded_instruct,damaged_q4,q4_boundary_pair_72_28,epistemic,560,0.9268,0.7429,0.9608,0.9911,0.05,0.0304,0.1821,0.0357,0.7054,none
27b,degraded_instruct,damaged_q4,q4_boundary_pair_72_28,forensic,560,0.9375,0.7768,0.9637,0.9946,0.0482,0.0357,0.15,0.0464,0.7409,none
27b,degraded_instruct,damaged_q4,q4_boundary_pair_72_28,generalist,560,0.9143,0.7179,0.9559,0.9929,0.0643,0.0464,0.1839,0.0411,0.6725,none
27b,degraded_instruct,damaged_q4,q4_boundary_pair_72_28,math,560,0.9357,0.7161,0.9555,0.9911,0.0464,0.0321,0.2286,0.0625,0.6743,none
27b,degraded_instruct,damaged_q4,q4_boundary_pair_72_28,planning,560,0.9214,0.7446,0.9572,0.9929,0.0571,0.0375,0.1714,0.0464,0.704,none
27b,degraded_instruct,damaged_q4,q4_boundary_pair_72_28,rhetoric,560,0.9393,0.7571,0.9634,0.9893,0.0482,0.0179,0.1893,0.0286,0.7225,none
27b,degraded_instruct,damaged_q4,q4_boundary_pair_72_28,spatial,560,0.9268,0.7714,0.958,0.9875,0.0643,0.0214,0.1464,0.0429,0.734,none
27b,degraded_instruct,damaged_q4,q4_generalist_pair_72_28,adversarial,560,0.9286,0.7571,0.9539,0.9857,0.0554,0.0179,0.1857,0.0679,0.7187,none
27b,degraded_instruct,damaged_q4,q4_generalist_pair_72_28,boundary,560,0.9036,0.7107,0.9477,0.9857,0.0696,0.0589,0.1982,0.0625,0.6591,none
27b,degraded_instruct,damaged_q4,q4_generalist_pair_72_28,coding,560,0.9232,0.7446,0.9551,0.9964,0.0625,0.0304,0.175,0.0625,0.7027,none
27b,degraded_instruct,damaged_q4,q4_generalist_pair_72_28,epistemic,560,0.9214,0.7357,0.9572,0.9875,0.0518,0.0089,0.2232,0.0357,0.6987,none
27b,degraded_instruct,damaged_q4,q4_generalist_pair_72_28,forensic,560,0.9464,0.7768,0.9652,0.9893,0.0464,0.0232,0.1786,0.0286,0.7425,none
27b,degraded_instruct,damaged_q4,q4_generalist_pair_72_28,generalist,560,0.9107,0.7411,0.9555,0.9946,0.05,0.0286,0.1929,0.0625,0.7018,none
27b,degraded_instruct,damaged_q4,q4_generalist_pair_72_28,math,560,0.9446,0.7339,0.9625,0.9946,0.0464,0.0339,0.2161,0.0375,0.6941,none
27b,degraded_instruct,damaged_q4,q4_generalist_pair_72_28,planning,560,0.9393,0.7839,0.9602,0.9875,0.0518,0.0232,0.1589,0.0464,0.7487,none
27b,degraded_instruct,damaged_q4,q4_generalist_pair_72_28,rhetoric,560,0.9357,0.7768,0.961,0.9893,0.05,0.0143,0.1679,0.0446,0.7433,none
27b,degraded_instruct,damaged_q4,q4_generalist_pair_72_28,spatial,560,0.9268,0.7482,0.9566,0.9911,0.0607,0.0196,0.1929,0.0446,0.7084,none
27b,degraded_instruct,healthy_q6,q2_amplifier_low_echo,adversarial,560,0.9232,0.5643,0.9357,0.9911,0.0482,0.2821,0.1875,0.0411,0.4763,none
27b,degraded_instruct,healthy_q6,q2_amplifier_low_echo,boundary,560,0.9339,0.5268,0.9309,0.9911,0.0375,0.3089,0.2071,0.0625,0.4341,none
27b,degraded_instruct,healthy_q6,q2_amplifier_low_echo,coding,560,0.9143,0.5339,0.9319,0.9893,0.0518,0.3179,0.1518,0.05,0.4402,none
27b,degraded_instruct,healthy_q6,q2_amplifier_low_echo,epistemic,560,0.8964,0.5375,0.9291,0.9786,0.0661,0.2661,0.2054,0.0429,0.4459,none
27b,degraded_instruct,healthy_q6,q2_amplifier_low_echo,forensic,560,0.9214,0.5696,0.9354,0.9857,0.0607,0.3,0.1607,0.0393,0.4766,none
27b,degraded_instruct,healthy_q6,q2_amplifier_low_echo,generalist,560,0.9143,0.5589,0.9359,0.9911,0.0375,0.2643,0.2161,0.05,0.475,none
27b,degraded_instruct,healthy_q6,q2_amplifier_low_echo,math,560,0.9179,0.5446,0.9332,0.9893,0.0429,0.2625,0.2643,0.0625,0.455,none
27b,degraded_instruct,healthy_q6,q2_amplifier_low_echo,planning,560,0.8964,0.5554,0.9213,0.9893,0.075,0.2911,0.1714,0.0661,0.4576,none
27b,degraded_instruct,healthy_q6,q2_amplifier_low_echo,rhetoric,560,0.9,0.5286,0.9277,0.9875,0.0589,0.2982,0.2054,0.0643,0.4316,none
27b,degraded_instruct,healthy_q6,q2_amplifier_low_echo,spatial,560,0.8982,0.5464,0.9302,0.9821,0.0732,0.2679,0.1839,0.0429,0.454,none
27b,degraded_instruct,healthy_q6,q3_routed_tri_68,adversarial,560,0.9482,0.8054,0.9657,0.9929,0.0429,0.0518,0.1125,0.0607,0.7701,none
27b,degraded_instruct,healthy_q6,q3_routed_tri_68,boundary,560,0.9393,0.7643,0.9666,0.9911,0.0482,0.0768,0.1232,0.0339,0.7229,none
27b,degraded_instruct,healthy_q6,q3_routed_tri_68,coding,560,0.95,0.7821,0.9688,0.9982,0.0321,0.05,0.1339,0.0518,0.7492,none
27b,degraded_instruct,healthy_q6,q3_routed_tri_68,epistemic,560,0.9393,0.7964,0.9709,0.9946,0.0304,0.0357,0.1375,0.0339,0.7675,none
27b,degraded_instruct,healthy_q6,q3_routed_tri_68,forensic,560,0.9643,0.8411,0.9729,0.9839,0.0268,0.0339,0.1054,0.0357,0.816,none
27b,degraded_instruct,healthy_q6,q3_routed_tri_68,generalist,560,0.9357,0.7554,0.9651,0.9929,0.0393,0.0554,0.1536,0.0429,0.7181,none
27b,degraded_instruct,healthy_q6,q3_routed_tri_68,math,560,0.9607,0.7679,0.9685,0.9911,0.0268,0.0429,0.175,0.0482,0.7348,none
27b,degraded_instruct,healthy_q6,q3_routed_tri_68,planning,560,0.9661,0.8143,0.97,0.9911,0.025,0.0464,0.1268,0.0554,0.7846,none
27b,degraded_instruct,healthy_q6,q3_routed_tri_68,rhetoric,560,0.9518,0.7857,0.9649,0.9929,0.0304,0.0357,0.1464,0.0696,0.7543,none
27b,degraded_instruct,healthy_q6,q3_routed_tri_68,spatial,560,0.9482,0.8214,0.9664,0.9929,0.0375,0.0339,0.1286,0.0536,0.7904,none
27b,degraded_instruct,healthy_q6,q3_stability_tri_72,adversarial,560,0.9554,0.7732,0.9639,0.9857,0.0321,0.0589,0.1554,0.0589,0.7364,none
27b,degraded_instruct,healthy_q6,q3_stability_tri_72,boundary,560,0.9625,0.8071,0.9709,0.9929,0.0321,0.0554,0.1125,0.0446,0.7752,none
27b,degraded_instruct,healthy_q6,q3_stability_tri_72,coding,560,0.9571,0.8161,0.9714,0.9875,0.0268,0.05,0.1196,0.0393,0.7865,none
27b,degraded_instruct,healthy_q6,q3_stability_tri_72,epistemic,560,0.9554,0.8018,0.9709,0.9875,0.0375,0.0357,0.1393,0.0214,0.7712,none
27b,degraded_instruct,healthy_q6,q3_stability_tri_72,forensic,560,0.9589,0.8304,0.9716,0.9946,0.0268,0.0518,0.1,0.0518,0.8014,none
27b,degraded_instruct,healthy_q6,q3_stability_tri_72,generalist,560,0.9286,0.7464,0.9616,0.9946,0.05,0.0482,0.1571,0.0446,0.707,none
27b,degraded_instruct,healthy_q6,q3_stability_tri_72,math,560,0.9536,0.7893,0.9693,0.9946,0.0214,0.0393,0.1554,0.0643,0.7594,none
27b,degraded_instruct,healthy_q6,q3_stability_tri_72,planning,560,0.95,0.7839,0.9658,0.9893,0.0321,0.0536,0.1357,0.0518,0.7501,none
27b,degraded_instruct,healthy_q6,q3_stability_tri_72,rhetoric,560,0.9643,0.8018,0.9729,0.9964,0.0304,0.0321,0.1375,0.0375,0.7734,none
27b,degraded_instruct,healthy_q6,q3_stability_tri_72,spatial,560,0.9643,0.8375,0.9695,0.9893,0.0214,0.0268,0.1125,0.0679,0.8133,none
27b,degraded_instruct,healthy_q6,q4_boundary_pair_72_28,adversarial,560,0.9518,0.7893,0.967,0.9875,0.0268,0.0429,0.1607,0.0536,0.7571,none
27b,degraded_instruct,healthy_q6,q4_boundary_pair_72_28,boundary,560,0.9571,0.8036,0.9696,0.9875,0.0304,0.0393,0.1321,0.0429,0.7739,none
27b,degraded_instruct,healthy_q6,q4_boundary_pair_72_28,coding,560,0.9446,0.8018,0.9647,0.9857,0.0339,0.0482,0.1161,0.0607,0.7696,none
27b,degraded_instruct,healthy_q6,q4_boundary_pair_72_28,epistemic,560,0.9411,0.7893,0.9681,0.9929,0.0357,0.0196,0.1571,0.0339,0.7604,none
27b,degraded_instruct,healthy_q6,q4_boundary_pair_72_28,forensic,560,0.9536,0.8161,0.9678,0.9946,0.0375,0.0339,0.1304,0.05,0.7851,none
27b,degraded_instruct,healthy_q6,q4_boundary_pair_72_28,generalist,560,0.95,0.7768,0.9674,0.9875,0.0321,0.0464,0.1536,0.0375,0.7437,none
27b,degraded_instruct,healthy_q6,q4_boundary_pair_72_28,math,560,0.9679,0.7839,0.9714,0.9964,0.0286,0.0179,0.1857,0.0339,0.7552,none
27b,degraded_instruct,healthy_q6,q4_boundary_pair_72_28,planning,560,0.9482,0.7982,0.9627,0.9839,0.0429,0.0536,0.1214,0.0571,0.7621,none
27b,degraded_instruct,healthy_q6,q4_boundary_pair_72_28,rhetoric,560,0.9571,0.8018,0.9693,0.9911,0.0321,0.0304,0.1446,0.0446,0.7723,none
27b,degraded_instruct,healthy_q6,q4_boundary_pair_72_28,spatial,560,0.9482,0.8196,0.9683,0.9875,0.0339,0.0268,0.1321,0.0446,0.7913,none
27b,degraded_instruct,healthy_q6,q4_generalist_pair_72_28,adversarial,560,0.9482,0.8214,0.9602,0.9911,0.0411,0.025,0.1232,0.0875,0.7899,none
27b,degraded_instruct,healthy_q6,q4_generalist_pair_72_28,boundary,560,0.9429,0.7929,0.9639,0.9911,0.0375,0.0464,0.1429,0.0589,0.7579,none
27b,degraded_instruct,healthy_q6,q4_generalist_pair_72_28,coding,560,0.9607,0.8304,0.9695,0.9839,0.0232,0.0179,0.1286,0.0518,0.8069,none
27b,degraded_instruct,healthy_q6,q4_generalist_pair_72_28,epistemic,560,0.9304,0.7714,0.9634,0.9929,0.0446,0.0196,0.175,0.0411,0.7381,none
27b,degraded_instruct,healthy_q6,q4_generalist_pair_72_28,forensic,560,0.9554,0.8196,0.9675,0.9875,0.0321,0.0089,0.1446,0.0446,0.7944,none
27b,degraded_instruct,healthy_q6,q4_generalist_pair_72_28,generalist,560,0.9339,0.7929,0.9636,0.9839,0.0304,0.0268,0.1518,0.0571,0.7634,none
27b,degraded_instruct,healthy_q6,q4_generalist_pair_72_28,math,560,0.95,0.7804,0.9653,0.9893,0.0339,0.0196,0.1839,0.0446,0.7493,none
27b,degraded_instruct,healthy_q6,q4_generalist_pair_72_28,planning,560,0.9589,0.8196,0.969,0.9911,0.0304,0.0196,0.1339,0.0464,0.7936,none
27b,degraded_instruct,healthy_q6,q4_generalist_pair_72_28,rhetoric,560,0.9357,0.7518,0.9596,0.9893,0.0482,0.0286,0.1911,0.0482,0.7139,none
27b,degraded_instruct,healthy_q6,q4_generalist_pair_72_28,spatial,560,0.9411,0.8268,0.9648,0.9946,0.0411,0.0339,0.0875,0.0679,0.7973,none
27b,degraded_instruct,healthy_q8,q2_amplifier_low_echo,adversarial,560,0.9089,0.5304,0.9278,0.9893,0.05,0.3232,0.1786,0.0679,0.433,none
27b,degraded_instruct,healthy_q8,q2_amplifier_low_echo,boundary,560,0.9179,0.5286,0.9263,0.9893,0.0607,0.325,0.1946,0.0482,0.4274,none
27b,degraded_instruct,healthy_q8,q2_amplifier_low_echo,coding,560,0.9446,0.5536,0.9379,0.9893,0.0304,0.3214,0.1464,0.0518,0.4659,none
27b,degraded_instruct,healthy_q8,q2_amplifier_low_echo,epistemic,560,0.9107,0.5857,0.9378,0.9929,0.0482,0.2625,0.1661,0.0554,0.5027,none
27b,degraded_instruct,healthy_q8,q2_amplifier_low_echo,forensic,560,0.9232,0.5321,0.935,0.9875,0.0429,0.3214,0.1732,0.0554,0.4384,none
27b,degraded_instruct,healthy_q8,q2_amplifier_low_echo,generalist,560,0.9107,0.5429,0.9336,0.9875,0.0446,0.2804,0.1929,0.0464,0.4556,none
27b,degraded_instruct,healthy_q8,q2_amplifier_low_echo,math,560,0.9339,0.5232,0.9379,0.9893,0.0482,0.2911,0.2304,0.0268,0.4308,none
27b,degraded_instruct,healthy_q8,q2_amplifier_low_echo,planning,560,0.9429,0.6,0.9432,0.9857,0.0286,0.2661,0.15,0.0429,0.5241,none
27b,degraded_instruct,healthy_q8,q2_amplifier_low_echo,rhetoric,560,0.925,0.5679,0.9381,0.9875,0.0464,0.2607,0.2143,0.0429,0.4825,none
27b,degraded_instruct,healthy_q8,q2_amplifier_low_echo,spatial,560,0.9339,0.5679,0.9382,0.9893,0.0464,0.3214,0.1464,0.0411,0.4759,none
27b,degraded_instruct,healthy_q8,q3_routed_tri_68,adversarial,560,0.9625,0.8375,0.9723,0.9946,0.0268,0.0393,0.1036,0.0589,0.8104,none
27b,degraded_instruct,healthy_q8,q3_routed_tri_68,boundary,560,0.9518,0.8018,0.9669,0.9893,0.0339,0.0536,0.1143,0.0607,0.7687,none
27b,degraded_instruct,healthy_q8,q3_routed_tri_68,coding,560,0.9554,0.8018,0.9701,0.9839,0.0268,0.0554,0.1196,0.0411,0.7711,none
27b,degraded_instruct,healthy_q8,q3_routed_tri_68,epistemic,560,0.9536,0.7946,0.9719,0.9893,0.0339,0.0411,0.1464,0.0232,0.7634,none
27b,degraded_instruct,healthy_q8,q3_routed_tri_68,forensic,560,0.9589,0.8214,0.9699,0.9893,0.0321,0.0571,0.1107,0.0464,0.7892,none
27b,degraded_instruct,healthy_q8,q3_routed_tri_68,generalist,560,0.95,0.7893,0.9698,0.9839,0.0304,0.0696,0.1107,0.0375,0.7555,none
27b,degraded_instruct,healthy_q8,q3_routed_tri_68,math,560,0.9625,0.7893,0.97,0.9929,0.0161,0.0375,0.1732,0.0589,0.7602,none
27b,degraded_instruct,healthy_q8,q3_routed_tri_68,planning,560,0.9714,0.825,0.9742,0.9946,0.0179,0.0518,0.1143,0.0518,0.7976,none
27b,degraded_instruct,healthy_q8,q3_routed_tri_68,rhetoric,560,0.9482,0.8214,0.9674,0.9857,0.0304,0.0268,0.1232,0.0571,0.7942,none
27b,degraded_instruct,healthy_q8,q3_routed_tri_68,spatial,560,0.9643,0.8179,0.9751,0.9929,0.025,0.0536,0.1054,0.0375,0.7893,none
27b,degraded_instruct,healthy_q8,q3_stability_tri_72,adversarial,560,0.9411,0.8125,0.9657,0.9893,0.0268,0.0411,0.1143,0.075,0.7834,none
27b,degraded_instruct,healthy_q8,q3_stability_tri_72,boundary,560,0.9393,0.7857,0.964,0.9875,0.0375,0.0625,0.1232,0.0625,0.749,none
27b,degraded_instruct,healthy_q8,q3_stability_tri_72,coding,560,0.9732,0.8375,0.9744,0.9839,0.0161,0.0411,0.1054,0.0446,0.8138,none
27b,degraded_instruct,healthy_q8,q3_stability_tri_72,epistemic,560,0.9286,0.7821,0.9628,0.9804,0.0464,0.025,0.1411,0.0339,0.7502,none
27b,degraded_instruct,healthy_q8,q3_stability_tri_72,forensic,560,0.9607,0.8125,0.9718,0.9946,0.0268,0.05,0.1286,0.05,0.7817,none
27b,degraded_instruct,healthy_q8,q3_stability_tri_72,generalist,560,0.9429,0.7929,0.9683,0.9875,0.0268,0.0518,0.1232,0.0482,0.7622,none
27b,degraded_instruct,healthy_q8,q3_stability_tri_72,math,560,0.9589,0.7661,0.9687,0.9929,0.0161,0.0464,0.1661,0.0661,0.7354,none
27b,degraded_instruct,healthy_q8,q3_stability_tri_72,planning,560,0.9607,0.8071,0.9729,0.9893,0.0214,0.05,0.1125,0.0393,0.7797,none
27b,degraded_instruct,healthy_q8,q3_stability_tri_72,rhetoric,560,0.975,0.8339,0.9789,0.9964,0.0196,0.0357,0.1214,0.0304,0.8097,none
27b,degraded_instruct,healthy_q8,q3_stability_tri_72,spatial,560,0.9589,0.8446,0.9725,0.9929,0.0286,0.0304,0.0946,0.0482,0.82,none
27b,degraded_instruct,healthy_q8,q4_boundary_pair_72_28,adversarial,560,0.9518,0.8018,0.9662,0.9857,0.0321,0.0393,0.1339,0.0571,0.7707,none
27b,degraded_instruct,healthy_q8,q4_boundary_pair_72_28,boundary,560,0.9571,0.825,0.9694,0.9804,0.025,0.0393,0.1089,0.0518,0.7983,none
27b,degraded_instruct,healthy_q8,q4_boundary_pair_72_28,coding,560,0.9607,0.8214,0.9728,0.9893,0.0232,0.0393,0.1214,0.0446,0.7947,none
27b,degraded_instruct,healthy_q8,q4_boundary_pair_72_28,epistemic,560,0.9446,0.8107,0.964,0.9839,0.0339,0.0143,0.1464,0.0518,0.7834,none
27b,degraded_instruct,healthy_q8,q4_boundary_pair_72_28,forensic,560,0.9643,0.85,0.9718,0.9821,0.0286,0.0339,0.0964,0.0464,0.8246,none
27b,degraded_instruct,healthy_q8,q4_boundary_pair_72_28,generalist,560,0.9393,0.7714,0.9677,0.9929,0.0321,0.0536,0.1393,0.0446,0.7377,none
27b,degraded_instruct,healthy_q8,q4_boundary_pair_72_28,math,560,0.9589,0.7839,0.9694,0.9946,0.0214,0.0268,0.1696,0.0554,0.7558,none
27b,degraded_instruct,healthy_q8,q4_boundary_pair_72_28,planning,560,0.9679,0.8518,0.9752,0.9964,0.0304,0.0429,0.0804,0.0429,0.8255,none
27b,degraded_instruct,healthy_q8,q4_boundary_pair_72_28,rhetoric,560,0.9679,0.8143,0.9714,0.9893,0.025,0.025,0.1446,0.0446,0.788,none
27b,degraded_instruct,healthy_q8,q4_boundary_pair_72_28,spatial,560,0.9679,0.8429,0.9721,0.9839,0.0214,0.0232,0.1107,0.0482,0.8205,none
27b,degraded_instruct,healthy_q8,q4_generalist_pair_72_28,adversarial,560,0.9643,0.8464,0.9732,0.9893,0.0268,0.025,0.1143,0.0446,0.822,none
27b,degraded_instruct,healthy_q8,q4_generalist_pair_72_28,boundary,560,0.9661,0.8393,0.9734,0.9946,0.025,0.0339,0.1018,0.0518,0.8143,none
27b,degraded_instruct,healthy_q8,q4_generalist_pair_72_28,coding,560,0.9589,0.8232,0.97,0.9929,0.025,0.0286,0.1268,0.0589,0.7969,none
27b,degraded_instruct,healthy_q8,q4_generalist_pair_72_28,epistemic,560,0.9393,0.8161,0.9677,0.9946,0.0446,0.0036,0.1339,0.0339,0.7896,none
27b,degraded_instruct,healthy_q8,q4_generalist_pair_72_28,forensic,560,0.9696,0.8464,0.976,0.9929,0.0196,0.0268,0.1054,0.0411,0.8247,none
27b,degraded_instruct,healthy_q8,q4_generalist_pair_72_28,generalist,560,0.9661,0.8232,0.9753,0.9911,0.0179,0.0339,0.1268,0.0357,0.7991,none
27b,degraded_instruct,healthy_q8,q4_generalist_pair_72_28,math,560,0.9571,0.8,0.9665,0.9964,0.0286,0.0304,0.1536,0.0679,0.7697,none
27b,degraded_instruct,healthy_q8,q4_generalist_pair_72_28,planning,560,0.9607,0.8554,0.9717,0.9893,0.025,0.0232,0.0982,0.05,0.8329,none
27b,degraded_instruct,healthy_q8,q4_generalist_pair_72_28,rhetoric,560,0.9661,0.825,0.9731,0.9946,0.0268,0.0214,0.1554,0.0339,0.7986,none
27b,degraded_instruct,healthy_q8,q4_generalist_pair_72_28,spatial,560,0.9536,0.8464,0.9688,0.9839,0.0339,0.0179,0.1018,0.0518,0.8219,none
27b,degraded_instruct,q8_k_m,q2_amplifier_low_echo,adversarial,560,0.9304,0.5411,0.9346,0.9911,0.0464,0.3143,0.1571,0.0482,0.4493,none
27b,degraded_instruct,q8_k_m,q2_amplifier_low_echo,boundary,560,0.9089,0.5411,0.9272,0.9857,0.0607,0.3286,0.1589,0.0518,0.4418,none
27b,degraded_instruct,q8_k_m,q2_amplifier_low_echo,coding,560,0.9107,0.5446,0.9295,0.9929,0.0554,0.2911,0.1679,0.0679,0.453,none
27b,degraded_instruct,q8_k_m,q2_amplifier_low_echo,epistemic,560,0.9268,0.5893,0.9436,0.9911,0.0464,0.2571,0.1661,0.0321,0.509,none
27b,degraded_instruct,q8_k_m,q2_amplifier_low_echo,forensic,560,0.9393,0.5661,0.939,0.9875,0.0411,0.3,0.1643,0.05,0.4781,none
27b,degraded_instruct,q8_k_m,q2_amplifier_low_echo,generalist,560,0.9089,0.5107,0.9293,0.9893,0.0429,0.3321,0.1643,0.0554,0.4155,none
27b,degraded_instruct,q8_k_m,q2_amplifier_low_echo,math,560,0.9339,0.5536,0.9388,0.9911,0.0429,0.2643,0.2125,0.0518,0.4683,none
27b,degraded_instruct,q8_k_m,q2_amplifier_low_echo,planning,560,0.9357,0.5804,0.9399,0.9893,0.0393,0.2661,0.1643,0.0393,0.5002,none
27b,degraded_instruct,q8_k_m,q2_amplifier_low_echo,rhetoric,560,0.9196,0.6304,0.9416,0.9929,0.0482,0.2393,0.1518,0.0607,0.5529,none
27b,degraded_instruct,q8_k_m,q2_amplifier_low_echo,spatial,560,0.9286,0.575,0.9419,0.9893,0.0429,0.2946,0.1375,0.0446,0.49,none
27b,degraded_instruct,q8_k_m,q3_routed_tri_68,adversarial,560,0.9643,0.8179,0.9713,0.9964,0.025,0.0411,0.1161,0.0607,0.7898,none
27b,degraded_instruct,q8_k_m,q3_routed_tri_68,boundary,560,0.9732,0.8304,0.9744,0.9875,0.025,0.0393,0.1161,0.0393,0.8038,none
27b,degraded_instruct,q8_k_m,q3_routed_tri_68,coding,560,0.9625,0.8286,0.9719,0.9821,0.0232,0.0464,0.1089,0.0429,0.8015,none
27b,degraded_instruct,q8_k_m,q3_routed_tri_68,epistemic,560,0.95,0.8036,0.9717,0.9982,0.0268,0.0268,0.1357,0.0393,0.7774,none
27b,degraded_instruct,q8_k_m,q3_routed_tri_68,forensic,560,0.95,0.8232,0.966,0.9821,0.0304,0.0464,0.1054,0.0589,0.7934,none
27b,degraded_instruct,q8_k_m,q3_routed_tri_68,generalist,560,0.9679,0.8,0.978,0.9946,0.0107,0.0571,0.1232,0.0357,0.7737,none
27b,degraded_instruct,q8_k_m,q3_routed_tri_68,math,560,0.9643,0.7839,0.9711,0.9911,0.0179,0.0536,0.1536,0.0554,0.7528,none
27b,degraded_instruct,q8_k_m,q3_routed_tri_68,planning,560,0.9536,0.8286,0.9701,0.9857,0.0339,0.0393,0.1,0.0411,0.8005,none
27b,degraded_instruct,q8_k_m,q3_routed_tri_68,rhetoric,560,0.9554,0.8196,0.9709,0.9911,0.0339,0.0375,0.1125,0.0446,0.7907,none
27b,degraded_instruct,q8_k_m,q3_routed_tri_68,spatial,560,0.9643,0.8196,0.9727,0.9821,0.025,0.0518,0.1143,0.0357,0.7909,none
27b,degraded_instruct,q8_k_m,q3_stability_tri_72,adversarial,560,0.9589,0.8536,0.9731,0.9875,0.0268,0.0411,0.0911,0.0464,0.8277,none
27b,degraded_instruct,q8_k_m,q3_stability_tri_72,boundary,560,0.9625,0.8161,0.9707,0.9946,0.0304,0.0661,0.1054,0.0571,0.7825,none
27b,degraded_instruct,q8_k_m,q3_stability_tri_72,coding,560,0.9589,0.8321,0.9726,0.9893,0.0321,0.0482,0.0929,0.0429,0.8033,none
27b,degraded_instruct,q8_k_m,q3_stability_tri_72,epistemic,560,0.9464,0.8179,0.9708,0.9893,0.0321,0.0429,0.1054,0.0411,0.7892,none
27b,degraded_instruct,q8_k_m,q3_stability_tri_72,forensic,560,0.9607,0.8339,0.9743,0.9946,0.0268,0.0393,0.1054,0.0429,0.8075,none
27b,degraded_instruct,q8_k_m,q3_stability_tri_72,generalist,560,0.9571,0.8071,0.9728,0.9964,0.0143,0.0482,0.1143,0.0607,0.781,none
27b,degraded_instruct,q8_k_m,q3_stability_tri_72,math,560,0.9661,0.7946,0.9725,0.9911,0.0107,0.0286,0.1589,0.0571,0.7701,none
27b,degraded_instruct,q8_k_m,q3_stability_tri_72,planning,560,0.9643,0.8589,0.9756,0.9929,0.0268,0.0393,0.0804,0.0357,0.8348,none
27b,degraded_instruct,q8_k_m,q3_stability_tri_72,rhetoric,560,0.9554,0.8071,0.9718,0.9929,0.0179,0.0375,0.1339,0.0554,0.7808,none
27b,degraded_instruct,q8_k_m,q3_stability_tri_72,spatial,560,0.9607,0.8482,0.9762,0.9929,0.0161,0.0446,0.0839,0.0518,0.8252,none
27b,degraded_instruct,q8_k_m,q4_boundary_pair_72_28,adversarial,560,0.9643,0.8446,0.9753,0.9911,0.0196,0.0339,0.1,0.0464,0.8216,none
27b,degraded_instruct,q8_k_m,q4_boundary_pair_72_28,boundary,560,0.9518,0.8304,0.9672,0.9893,0.0375,0.0429,0.1018,0.0571,0.7995,none
27b,degraded_instruct,q8_k_m,q4_boundary_pair_72_28,coding,560,0.9714,0.85,0.9741,0.9964,0.0196,0.0321,0.0964,0.0589,0.827,none
27b,degraded_instruct,q8_k_m,q4_boundary_pair_72_28,epistemic,560,0.9375,0.8196,0.9675,0.9911,0.0429,0.0232,0.1125,0.0411,0.7911,none
27b,degraded_instruct,q8_k_m,q4_boundary_pair_72_28,forensic,560,0.9607,0.8464,0.9764,0.9911,0.0214,0.0411,0.0982,0.0321,0.8223,none
27b,degraded_instruct,q8_k_m,q4_boundary_pair_72_28,generalist,560,0.9554,0.8125,0.9733,0.9911,0.0179,0.0536,0.1036,0.0482,0.7857,none
27b,degraded_instruct,q8_k_m,q4_boundary_pair_72_28,math,560,0.9607,0.7875,0.9697,0.9946,0.025,0.0464,0.1464,0.0589,0.7561,none
27b,degraded_instruct,q8_k_m,q4_boundary_pair_72_28,planning,560,0.9661,0.85,0.972,0.9893,0.0179,0.0304,0.1071,0.0571,0.8271,none
27b,degraded_instruct,q8_k_m,q4_boundary_pair_72_28,rhetoric,560,0.9589,0.8339,0.9742,0.9911,0.0232,0.0214,0.1196,0.0411,0.8111,none
27b,degraded_instruct,q8_k_m,q4_boundary_pair_72_28,spatial,560,0.9554,0.8196,0.9696,0.9893,0.0393,0.0464,0.1018,0.0446,0.7882,none
27b,degraded_instruct,q8_k_m,q4_generalist_pair_72_28,adversarial,560,0.9554,0.8411,0.9707,0.9875,0.025,0.0321,0.0964,0.0607,0.8164,none
27b,degraded_instruct,q8_k_m,q4_generalist_pair_72_28,boundary,560,0.9607,0.8304,0.9715,0.9875,0.0214,0.0446,0.1054,0.0571,0.8037,none
27b,degraded_instruct,q8_k_m,q4_generalist_pair_72_28,coding,560,0.9661,0.8375,0.9755,0.9893,0.0179,0.0375,0.1018,0.0429,0.8144,none
27b,degraded_instruct,q8_k_m,q4_generalist_pair_72_28,epistemic,560,0.9518,0.8554,0.9732,0.9893,0.0161,0.0089,0.1036,0.0464,0.8381,none
27b,degraded_instruct,q8_k_m,q4_generalist_pair_72_28,forensic,560,0.9839,0.8607,0.9777,0.9964,0.0107,0.0321,0.1089,0.0518,0.8398,none
27b,degraded_instruct,q8_k_m,q4_generalist_pair_72_28,generalist,560,0.9571,0.7875,0.9715,0.9875,0.0214,0.0357,0.1643,0.0304,0.7593,none
27b,degraded_instruct,q8_k_m,q4_generalist_pair_72_28,math,560,0.9643,0.8036,0.9702,0.9946,0.0232,0.0196,0.1679,0.0518,0.7767,none
27b,degraded_instruct,q8_k_m,q4_generalist_pair_72_28,planning,560,0.9536,0.8357,0.9659,0.9857,0.0339,0.0268,0.0982,0.0607,0.8093,none
27b,degraded_instruct,q8_k_m,q4_generalist_pair_72_28,rhetoric,560,0.9518,0.8107,0.9642,0.9911,0.0339,0.0089,0.1518,0.0625,0.7835,none
27b,degraded_instruct,q8_k_m,q4_generalist_pair_72_28,spatial,560,0.9732,0.8661,0.9774,0.9857,0.0107,0.0268,0.0946,0.0464,0.8476,none
27b,instruct,base_f16,q2_amplifier_low_echo,adversarial,560,0.9268,0.5732,0.9388,0.9911,0.0411,0.3089,0.1429,0.0429,0.4855,none
27b,instruct,base_f16,q2_amplifier_low_echo,boundary,560,0.9232,0.5554,0.9344,0.9875,0.0464,0.2911,0.1768,0.0482,0.4667,none
27b,instruct,base_f16,q2_amplifier_low_echo,coding,560,0.9464,0.6071,0.9475,0.9964,0.0375,0.2536,0.1464,0.0357,0.5317,none
27b,instruct,base_f16,q2_amplifier_low_echo,epistemic,560,0.9232,0.6107,0.9401,0.9875,0.0464,0.2589,0.1429,0.0518,0.531,none
27b,instruct,base_f16,q2_amplifier_low_echo,forensic,560,0.9464,0.5929,0.9465,0.9946,0.0375,0.2839,0.1554,0.0375,0.5105,none
27b,instruct,base_f16,q2_amplifier_low_echo,generalist,560,0.9286,0.5625,0.9349,0.9893,0.0357,0.2911,0.1821,0.0518,0.4764,none
27b,instruct,base_f16,q2_amplifier_low_echo,math,560,0.9375,0.5714,0.9417,0.9893,0.0429,0.2607,0.1893,0.0446,0.4891,none
27b,instruct,base_f16,q2_amplifier_low_echo,planning,560,0.9304,0.6071,0.9428,0.9821,0.0304,0.2643,0.1286,0.0446,0.5327,none
27b,instruct,base_f16,q2_amplifier_low_echo,rhetoric,560,0.9411,0.5875,0.9454,0.9893,0.0268,0.2589,0.1911,0.0482,0.51,none
27b,instruct,base_f16,q2_amplifier_low_echo,spatial,560,0.9518,0.6196,0.9512,0.9929,0.0304,0.2732,0.1089,0.0411,0.5451,none
27b,instruct,base_f16,q3_routed_tri_68,adversarial,560,0.9786,0.8643,0.9774,0.9839,0.0107,0.0482,0.0786,0.0518,0.8426,none
27b,instruct,base_f16,q3_routed_tri_68,boundary,560,0.9607,0.8518,0.9722,0.9911,0.0286,0.0357,0.0893,0.0554,0.8262,none
27b,instruct,base_f16,q3_routed_tri_68,coding,560,0.9661,0.8464,0.9733,0.9857,0.0161,0.0393,0.0911,0.0554,0.8237,none
27b,instruct,base_f16,q3_routed_tri_68,epistemic,560,0.9589,0.8411,0.9758,0.9875,0.0143,0.0196,0.1179,0.0375,0.8216,none
27b,instruct,base_f16,q3_routed_tri_68,forensic,560,0.9714,0.8732,0.9775,0.9893,0.0214,0.0268,0.0804,0.0375,0.8531,none
27b,instruct,base_f16,q3_routed_tri_68,generalist,560,0.9643,0.8268,0.979,0.9929,0.0125,0.0482,0.0946,0.0339,0.8041,none
27b,instruct,base_f16,q3_routed_tri_68,math,560,0.9536,0.8196,0.9686,0.9875,0.0179,0.0268,0.1339,0.0696,0.7947,none
27b,instruct,base_f16,q3_routed_tri_68,planning,560,0.9679,0.8554,0.9749,0.9875,0.0143,0.0357,0.0911,0.05,0.8341,none
27b,instruct,base_f16,q3_routed_tri_68,rhetoric,560,0.9571,0.8196,0.9718,0.9875,0.0232,0.0393,0.1125,0.05,0.7933,none
27b,instruct,base_f16,q3_routed_tri_68,spatial,560,0.9804,0.8732,0.9763,0.9839,0.0107,0.0304,0.0821,0.0571,0.8545,none
27b,instruct,base_f16,q3_stability_tri_72,adversarial,560,0.9554,0.85,0.9729,0.9911,0.0304,0.0393,0.0732,0.0518,0.8246,none
27b,instruct,base_f16,q3_stability_tri_72,boundary,560,0.9714,0.8411,0.9756,0.9946,0.0196,0.0536,0.0929,0.0554,0.8143,none
27b,instruct,base_f16,q3_stability_tri_72,coding,560,0.9571,0.8196,0.9727,0.9911,0.0286,0.0464,0.0982,0.0429,0.7918,none
27b,instruct,base_f16,q3_stability_tri_72,epistemic,560,0.9589,0.8304,0.9757,0.9929,0.0143,0.0321,0.1179,0.0411,0.8082,none
27b,instruct,base_f16,q3_stability_tri_72,forensic,560,0.9643,0.8339,0.9766,0.9964,0.0286,0.0357,0.1179,0.0268,0.8074,none
27b,instruct,base_f16,q3_stability_tri_72,generalist,560,0.9696,0.8393,0.9788,0.9893,0.0125,0.0482,0.0911,0.0357,0.8168,none
27b,instruct,base_f16,q3_stability_tri_72,math,560,0.9839,0.8304,0.9784,0.9893,0.0054,0.0357,0.1357,0.0429,0.8086,none
27b,instruct,base_f16,q3_stability_tri_72,planning,560,0.9571,0.8339,0.9686,0.9893,0.025,0.0321,0.1036,0.0607,0.8087,none
27b,instruct,base_f16,q3_stability_tri_72,rhetoric,560,0.9732,0.825,0.9755,0.9911,0.0089,0.0339,0.1214,0.0554,0.8031,none
27b,instruct,base_f16,q3_stability_tri_72,spatial,560,0.9607,0.8375,0.972,0.9893,0.0214,0.0304,0.0964,0.0536,0.8146,none
27b,instruct,base_f16,q4_boundary_pair_72_28,adversarial,560,0.9643,0.8643,0.9732,0.9911,0.0196,0.0232,0.0911,0.0625,0.8433,none
27b,instruct,base_f16,q4_boundary_pair_72_28,boundary,560,0.9536,0.8286,0.9731,0.9964,0.0339,0.0464,0.0964,0.0429,0.7993,none
27b,instruct,base_f16,q4_boundary_pair_72_28,coding,560,0.9696,0.8482,0.9755,0.9929,0.0179,0.0429,0.0964,0.05,0.8241,none
27b,instruct,base_f16,q4_boundary_pair_72_28,epistemic,560,0.9393,0.8232,0.9678,0.9768,0.0321,0.025,0.1161,0.0339,0.7976,none
27b,instruct,base_f16,q4_boundary_pair_72_28,forensic,560,0.9804,0.8571,0.9802,0.9893,0.0179,0.0339,0.0964,0.0268,0.8359,none
27b,instruct,base_f16,q4_boundary_pair_72_28,generalist,560,0.9661,0.8464,0.9747,0.9911,0.0143,0.0268,0.1071,0.05,0.8257,none
27b,instruct,base_f16,q4_boundary_pair_72_28,math,560,0.9679,0.8429,0.9739,0.9804,0.0107,0.0179,0.1268,0.0482,0.8235,none
27b,instruct,base_f16,q4_boundary_pair_72_28,planning,560,0.9714,0.8732,0.9774,0.9893,0.0179,0.0161,0.0893,0.0339,0.8558,none
27b,instruct,base_f16,q4_boundary_pair_72_28,rhetoric,560,0.9661,0.8554,0.9743,0.9875,0.0214,0.0196,0.1089,0.0446,0.8341,none
27b,instruct,base_f16,q4_boundary_pair_72_28,spatial,560,0.9714,0.8482,0.9724,0.9857,0.0214,0.0375,0.0964,0.0554,0.8238,none
27b,instruct,base_f16,q4_generalist_pair_72_28,adversarial,560,0.9321,0.8375,0.9667,0.9875,0.05,0.0232,0.0839,0.0464,0.8088,none
27b,instruct,base_f16,q4_generalist_pair_72_28,boundary,560,0.9518,0.8268,0.9677,0.9857,0.0375,0.0268,0.1054,0.0518,0.7992,none
27b,instruct,base_f16,q4_generalist_pair_72_28,coding,560,0.9732,0.8714,0.9791,0.9857,0.0107,0.0232,0.0911,0.0375,0.8544,none
27b,instruct,base_f16,q4_generalist_pair_72_28,epistemic,560,0.9661,0.8339,0.9724,0.9893,0.0232,0.0054,0.1339,0.0393,0.8132,none
27b,instruct,base_f16,q4_generalist_pair_72_28,forensic,560,0.9589,0.8732,0.9738,0.9946,0.0214,0.0143,0.0786,0.0554,0.8549,none
27b,instruct,base_f16,q4_generalist_pair_72_28,generalist,560,0.9643,0.8393,0.9774,0.9911,0.0054,0.0268,0.1161,0.0446,0.8208,none
27b,instruct,base_f16,q4_generalist_pair_72_28,math,560,0.9625,0.8375,0.9724,0.9875,0.0232,0.0161,0.1321,0.0464,0.8144,none
27b,instruct,base_f16,q4_generalist_pair_72_28,planning,560,0.9571,0.8321,0.9691,0.9893,0.0286,0.0107,0.125,0.0482,0.809,none
27b,instruct,base_f16,q4_generalist_pair_72_28,rhetoric,560,0.9714,0.8696,0.9775,0.9911,0.0089,0.0071,0.1018,0.05,0.8549,none
27b,instruct,base_f16,q4_generalist_pair_72_28,spatial,560,0.9768,0.8589,0.9761,0.9946,0.0179,0.0179,0.1107,0.0446,0.8389,none
27b,instruct,collapsed_q2_edge,q2_amplifier_low_echo,adversarial,560,0.8161,0.3893,0.8824,0.9857,0.1429,0.2893,0.4786,0.0536,0.2476,none
27b,instruct,collapsed_q2_edge,q2_amplifier_low_echo,boundary,560,0.7768,0.3393,0.8694,0.9821,0.1714,0.3018,0.5161,0.0464,0.1839,none
27b,instruct,collapsed_q2_edge,q2_amplifier_low_echo,coding,560,0.7036,0.3768,0.8197,0.8054,0.1482,0.2768,0.3536,0.2196,0.2377,none
27b,instruct,collapsed_q2_edge,q2_amplifier_low_echo,epistemic,560,0.6536,0.3536,0.803,0.8071,0.1679,0.2625,0.4804,0.2232,0.2011,none
27b,instruct,collapsed_q2_edge,q2_amplifier_low_echo,forensic,560,0.7554,0.3893,0.8565,0.9821,0.1607,0.2839,0.4107,0.2036,0.2413,none
27b,instruct,collapsed_q2_edge,q2_amplifier_low_echo,generalist,560,0.6375,0.3554,0.7871,0.7821,0.1554,0.2839,0.4554,0.2893,0.2011,none
27b,instruct,collapsed_q2_edge,q2_amplifier_low_echo,math,560,0.6232,0.3893,0.7748,0.725,0.1268,0.2661,0.4089,0.4339,0.2436,none
27b,instruct,collapsed_q2_edge,q2_amplifier_low_echo,planning,560,0.7018,0.3786,0.8247,0.7875,0.1321,0.2607,0.3661,0.1929,0.2479,none
27b,instruct,collapsed_q2_edge,q2_amplifier_low_echo,rhetoric,560,0.6554,0.3446,0.7886,0.7857,0.1375,0.2732,0.4714,0.35,0.1935,none
27b,instruct,collapsed_q2_edge,q2_amplifier_low_echo,spatial,560,0.6411,0.35,0.7883,0.7554,0.1643,0.2625,0.375,0.3143,0.2025,none
27b,instruct,collapsed_q2_edge,q3_routed_tri_68,adversarial,560,0.5625,0.3804,0.7498,0.9589,0.2161,0.0571,0.4589,0.8304,0.2259,none
27b,instruct,collapsed_q2_edge,q3_routed_tri_68,boundary,560,0.5821,0.3875,0.7511,0.9375,0.2232,0.0411,0.4554,0.75,0.2384,none
27b,instruct,collapsed_q2_edge,q3_routed_tri_68,coding,560,0.3804,0.275,0.6364,0.7393,0.2018,0.0357,0.3732,1.1375,0.1206,none
27b,instruct,collapsed_q2_edge,q3_routed_tri_68,epistemic,560,0.3768,0.2804,0.6412,0.7411,0.1821,0.0321,0.3964,0.9839,0.1384,none
27b,instruct,collapsed_q2_edge,q3_routed_tri_68,forensic,560,0.4036,0.3054,0.6484,0.9143,0.2321,0.0375,0.425,1.1625,0.1361,none
27b,instruct,collapsed_q2_edge,q3_routed_tri_68,generalist,560,0.3482,0.2571,0.618,0.725,0.1964,0.0518,0.4482,1.075,0.0982,none
27b,instruct,collapsed_q2_edge,q3_routed_tri_68,math,560,0.3696,0.2821,0.618,0.7232,0.1625,0.0393,0.3946,1.3571,0.1261,none
27b,instruct,collapsed_q2_edge,q3_routed_tri_68,planning,560,0.4339,0.3304,0.6505,0.7214,0.1607,0.0357,0.3714,1.1125,0.1897,none
27b,instruct,collapsed_q2_edge,q3_routed_tri_68,rhetoric,560,0.3321,0.2536,0.6037,0.7446,0.2196,0.0179,0.4054,1.2821,0.0876,none
27b,instruct,collapsed_q2_edge,q3_routed_tri_68,spatial,560,0.3982,0.3268,0.6402,0.7554,0.1643,0.0286,0.3339,1.1679,0.1867,none
27b,instruct,collapsed_q2_edge,q3_stability_tri_72,adversarial,560,0.6089,0.4054,0.785,0.95,0.1857,0.0304,0.4571,0.6625,0.2739,none
27b,instruct,collapsed_q2_edge,q3_stability_tri_72,boundary,560,0.5821,0.3661,0.758,0.9339,0.2161,0.0464,0.5375,0.6893,0.2145,none
27b,instruct,collapsed_q2_edge,q3_stability_tri_72,coding,560,0.4232,0.3018,0.6616,0.7839,0.2268,0.0321,0.3982,0.9911,0.1459,none
27b,instruct,collapsed_q2_edge,q3_stability_tri_72,epistemic,560,0.3607,0.2804,0.6245,0.7321,0.2107,0.0196,0.4589,1.0071,0.1261,none
27b,instruct,collapsed_q2_edge,q3_stability_tri_72,forensic,560,0.4607,0.3304,0.6754,0.9179,0.1964,0.025,0.3821,1.1107,0.1803,none
27b,instruct,collapsed_q2_edge,q3_stability_tri_72,generalist,560,0.3679,0.2804,0.6424,0.7268,0.1982,0.0393,0.4339,0.9768,0.1295,none
27b,instruct,collapsed_q2_edge,q3_stability_tri_72,math,560,0.3839,0.275,0.6267,0.7375,0.1732,0.0357,0.4411,1.3018,0.1155,none
27b,instruct,collapsed_q2_edge,q3_stability_tri_72,planning,560,0.4714,0.3554,0.6715,0.7518,0.2179,0.0232,0.3732,0.9393,0.2085,none
27b,instruct,collapsed_q2_edge,q3_stability_tri_72,rhetoric,560,0.375,0.2732,0.6117,0.7036,0.2107,0.0196,0.4179,1.1946,0.1129,none
27b,instruct,collapsed_q2_edge,q3_stability_tri_72,spatial,560,0.4125,0.3232,0.6384,0.7536,0.1964,0.0393,0.3482,1.1071,0.1732,none
27b,instruct,collapsed_q2_edge,q4_boundary_pair_72_28,adversarial,560,0.3768,0.2696,0.6503,0.9071,0.2518,0.0268,0.4161,1.2857,0.0912,none
27b,instruct,collapsed_q2_edge,q4_boundary_pair_72_28,boundary,560,0.4714,0.3429,0.6943,0.9304,0.2196,0.0357,0.4232,1.0839,0.1818,none
27b,instruct,collapsed_q2_edge,q4_boundary_pair_72_28,coding,560,0.2107,0.1714,0.4986,0.6964,0.2518,0.0411,0.3375,1.7429,-0.0265,cascade
27b,instruct,collapsed_q2_edge,q4_boundary_pair_72_28,epistemic,560,0.2161,0.1661,0.4977,0.6714,0.2625,0.0161,0.4143,1.475,-0.0228,cascade
27b,instruct,collapsed_q2_edge,q4_boundary_pair_72_28,forensic,560,0.2732,0.2,0.5591,0.8821,0.2732,0.0268,0.4375,1.5143,0.002,primitive_gap
27b,instruct,collapsed_q2_edge,q4_boundary_pair_72_28,generalist,560,0.1571,0.1143,0.45,0.5893,0.25,0.0286,0.4125,1.725,-0.0857,classification_miss
27b,instruct,collapsed_q2_edge,q4_boundary_pair_72_28,math,560,0.1911,0.1482,0.4512,0.6161,0.2661,0.0268,0.4482,2.0161,-0.0736,cascade
27b,instruct,collapsed_q2_edge,q4_boundary_pair_72_28,planning,560,0.275,0.225,0.5031,0.625,0.2375,0.0161,0.3339,1.6643,0.0406,classification_miss
27b,instruct,collapsed_q2_edge,q4_boundary_pair_72_28,rhetoric,560,0.1857,0.1375,0.4608,0.6304,0.2607,0.0232,0.4286,1.875,-0.0734,cascade
27b,instruct,collapsed_q2_edge,q4_boundary_pair_72_28,spatial,560,0.2161,0.175,0.4724,0.6482,0.2393,0.0339,0.3536,1.8107,-0.0224,classification_miss
27b,instruct,collapsed_q2_edge,q4_generalist_pair_72_28,adversarial,560,0.2429,0.1893,0.5496,0.8143,0.2304,0.0232,0.4536,1.8179,-0.0116,primitive_gap
27b,instruct,collapsed_q2_edge,q4_generalist_pair_72_28,boundary,560,0.2589,0.1571,0.5478,0.8018,0.2339,0.025,0.5411,1.6625,-0.0444,primitive_gap
27b,instruct,collapsed_q2_edge,q4_generalist_pair_72_28,coding,560,0.2214,0.1696,0.5153,0.6929,0.2125,0.0268,0.3839,1.7304,-0.0167,primitive_gap
27b,instruct,collapsed_q2_edge,q4_generalist_pair_72_28,epistemic,560,0.1821,0.1518,0.4941,0.7125,0.2536,0.0054,0.4518,1.5518,-0.0391,cascade
27b,instruct,collapsed_q2_edge,q4_generalist_pair_72_28,forensic,560,0.2143,0.1589,0.4914,0.7929,0.2536,0.0125,0.4804,1.7911,-0.0476,primitive_gap
27b,instruct,collapsed_q2_edge,q4_generalist_pair_72_28,generalist,560,0.2036,0.1589,0.4984,0.7375,0.2554,0.0143,0.4429,1.6214,-0.037,cascade
27b,instruct,collapsed_q2_edge,q4_generalist_pair_72_28,math,560,0.225,0.175,0.4983,0.7018,0.2393,0.0054,0.4393,1.9018,-0.0281,primitive_gap
27b,instruct,collapsed_q2_edge,q4_generalist_pair_72_28,planning,560,0.2661,0.2179,0.5225,0.7196,0.2304,0.0179,0.35,1.6554,0.0344,cascade
27b,instruct,collapsed_q2_edge,q4_generalist_pair_72_28,rhetoric,560,0.175,0.1393,0.4502,0.6821,0.2714,0.0089,0.4464,1.95,-0.0771,cascade
27b,instruct,collapsed_q2_edge,q4_generalist_pair_72_28,spatial,560,0.25,0.1857,0.5064,0.725,0.2518,0.0196,0.3857,1.6768,-0.0084,cascade
27b,instruct,damaged_q2,q2_amplifier_low_echo,adversarial,560,0.8536,0.4536,0.9012,0.9964,0.1143,0.2607,0.3982,0.0571,0.3324,none
27b,instruct,damaged_q2,q2_amplifier_low_echo,boundary,560,0.8429,0.3732,0.8884,0.9946,0.1321,0.3214,0.4446,0.0464,0.2314,none
27b,instruct,damaged_q2,q2_amplifier_low_echo,coding,560,0.8179,0.4357,0.8851,0.9232,0.1161,0.2893,0.3339,0.0554,0.3136,none
27b,instruct,damaged_q2,q2_amplifier_low_echo,epistemic,560,0.8482,0.4286,0.8992,0.9536,0.1036,0.2643,0.4018,0.0393,0.3105,none
27b,instruct,damaged_q2,q2_amplifier_low_echo,forensic,560,0.8429,0.4089,0.8981,0.9911,0.1268,0.2464,0.4071,0.0589,0.2861,none
27b,instruct,damaged_q2,q2_amplifier_low_echo,generalist,560,0.7857,0.4321,0.8737,0.8857,0.0982,0.2786,0.3982,0.0786,0.3112,none
27b,instruct,damaged_q2,q2_amplifier_low_echo,math,560,0.8232,0.4125,0.8823,0.9018,0.1018,0.2911,0.4054,0.0732,0.2877,none
27b,instruct,damaged_q2,q2_amplifier_low_echo,planning,560,0.8232,0.4679,0.8886,0.9089,0.1179,0.2393,0.3054,0.05,0.3577,none
27b,instruct,damaged_q2,q2_amplifier_low_echo,rhetoric,560,0.7929,0.4321,0.8786,0.8929,0.1268,0.2536,0.3732,0.0643,0.3103,none
27b,instruct,damaged_q2,q2_amplifier_low_echo,spatial,560,0.8018,0.4286,0.8838,0.9143,0.1268,0.2714,0.3071,0.0714,0.3081,none
27b,instruct,damaged_q2,q3_routed_tri_68,adversarial,560,0.8786,0.6125,0.9284,0.9929,0.1018,0.025,0.3268,0.0875,0.5464,none
27b,instruct,damaged_q2,q3_routed_tri_68,boundary,560,0.8661,0.575,0.9231,0.9964,0.1107,0.0321,0.3768,0.0804,0.5012,none
27b,instruct,damaged_q2,q3_routed_tri_68,coding,560,0.7554,0.5786,0.856,0.8607,0.1107,0.0357,0.2571,0.3232,0.5015,none
27b,instruct,damaged_q2,q3_routed_tri_68,epistemic,560,0.7429,0.5107,0.8578,0.9179,0.1143,0.0179,0.3875,0.2821,0.4277,none
27b,instruct,damaged_q2,q3_routed_tri_68,forensic,560,0.8018,0.5482,0.8716,0.9893,0.1411,0.0268,0.3589,0.3036,0.4566,none
27b,instruct,damaged_q2,q3_routed_tri_68,generalist,560,0.7018,0.525,0.8399,0.8554,0.1232,0.0446,0.3286,0.3196,0.4368,none
27b,instruct,damaged_q2,q3_routed_tri_68,math,560,0.7071,0.5339,0.8206,0.8482,0.1143,0.025,0.3375,0.5036,0.4425,none
27b,instruct,damaged_q2,q3_routed_tri_68,planning,560,0.7589,0.5911,0.861,0.8589,0.1196,0.0375,0.2446,0.2714,0.5145,none
27b,instruct,damaged_q2,q3_routed_tri_68,rhetoric,560,0.7196,0.5393,0.8276,0.8589,0.1232,0.0268,0.3214,0.425,0.45,none
27b,instruct,damaged_q2,q3_routed_tri_68,spatial,560,0.7679,0.5714,0.8532,0.8786,0.1161,0.0304,0.2911,0.325,0.491,none
27b,instruct,damaged_q2,q3_stability_tri_72,adversarial,560,0.85,0.5339,0.9145,0.9768,0.1268,0.05,0.3875,0.075,0.4511,none
27b,instruct,damaged_q2,q3_stability_tri_72,boundary,560,0.8589,0.575,0.9216,0.9893,0.1143,0.0482,0.3661,0.0714,0.4982,none
27b,instruct,damaged_q2,q3_stability_tri_72,coding,560,0.7875,0.5393,0.8707,0.8893,0.1268,0.0357,0.3446,0.2125,0.4559,none
27b,instruct,damaged_q2,q3_stability_tri_72,epistemic,560,0.7661,0.5786,0.8725,0.9036,0.1321,0.0161,0.3304,0.2071,0.4989,none
27b,instruct,damaged_q2,q3_stability_tri_72,forensic,560,0.8286,0.6125,0.8928,0.9893,0.1143,0.0411,0.3339,0.2411,0.5312,none
27b,instruct,damaged_q2,q3_stability_tri_72,generalist,560,0.7571,0.5339,0.8552,0.8589,0.1,0.05,0.3304,0.2821,0.4534,none
27b,instruct,damaged_q2,q3_stability_tri_72,math,560,0.7446,0.5339,0.8433,0.8607,0.1071,0.0196,0.3696,0.3929,0.4486,none
27b,instruct,damaged_q2,q3_stability_tri_72,planning,560,0.7839,0.5911,0.8759,0.8732,0.125,0.0411,0.2518,0.2089,0.5148,none
27b,instruct,damaged_q2,q3_stability_tri_72,rhetoric,560,0.7446,0.5411,0.8434,0.8768,0.1196,0.0214,0.3357,0.3536,0.4564,none
27b,instruct,damaged_q2,q3_stability_tri_72,spatial,560,0.7911,0.5768,0.8673,0.875,0.1071,0.0411,0.2571,0.2857,0.5016,none
27b,instruct,damaged_q2,q4_boundary_pair_72_28,adversarial,560,0.7732,0.5429,0.8756,0.9911,0.1268,0.025,0.3768,0.3304,0.4532,none
27b,instruct,damaged_q2,q4_boundary_pair_72_28,boundary,560,0.8,0.5661,0.8801,0.9804,0.1518,0.0321,0.3518,0.25,0.4735,none
27b,instruct,damaged_q2,q4_boundary_pair_72_28,coding,560,0.5321,0.3964,0.7326,0.8143,0.1661,0.025,0.2946,0.7946,0.2783,none
27b,instruct,damaged_q2,q4_boundary_pair_72_28,epistemic,560,0.5286,0.4268,0.7356,0.8214,0.1607,0.0179,0.3071,0.6893,0.316,none
27b,instruct,damaged_q2,q4_boundary_pair_72_28,forensic,560,0.5929,0.4304,0.7718,0.9732,0.1714,0.0321,0.3768,0.7054,0.3071,none
27b,instruct,damaged_q2,q4_boundary_pair_72_28,generalist,560,0.5089,0.4018,0.7233,0.8036,0.1661,0.0357,0.3393,0.7357,0.2809,none
27b,instruct,damaged_q2,q4_boundary_pair_72_28,math,560,0.4964,0.3821,0.7196,0.7804,0.1,0.0286,0.3125,0.9893,0.272,none
27b,instruct,damaged_q2,q4_boundary_pair_72_28,planning,560,0.5375,0.4179,0.7146,0.775,0.1536,0.0232,0.3036,0.8321,0.3012,none
27b,instruct,damaged_q2,q4_boundary_pair_72_28,rhetoric,560,0.4446,0.3357,0.6712,0.7375,0.1679,0.0214,0.3982,1.0143,0.1985,none
27b,instruct,damaged_q2,q4_boundary_pair_72_28,spatial,560,0.4946,0.3786,0.6952,0.7839,0.1786,0.0321,0.3071,0.9196,0.248,none
27b,instruct,damaged_q2,q4_generalist_pair_72_28,adversarial,560,0.5768,0.4071,0.7719,0.9446,0.1821,0.0339,0.3875,0.7679,0.2763,none
27b,instruct,damaged_q2,q4_generalist_pair_72_28,boundary,560,0.6589,0.45,0.7867,0.9321,0.1429,0.0339,0.3875,0.7,0.3344,none
27b,instruct,damaged_q2,q4_generalist_pair_72_28,coding,560,0.4911,0.3768,0.7116,0.825,0.1643,0.0179,0.3107,0.9179,0.2532,none
27b,instruct,damaged_q2,q4_generalist_pair_72_28,epistemic,560,0.5036,0.3518,0.7428,0.8768,0.1554,0.0089,0.3821,0.6929,0.2382,none
27b,instruct,damaged_q2,q4_generalist_pair_72_28,forensic,560,0.5482,0.3893,0.7382,0.9161,0.1464,0.0179,0.3786,0.8661,0.2682,none
27b,instruct,damaged_q2,q4_generalist_pair_72_28,generalist,560,0.4589,0.3446,0.7113,0.7929,0.1446,0.0214,0.3571,0.8143,0.2277,none
27b,instruct,damaged_q2,q4_generalist_pair_72_28,math,560,0.4625,0.3518,0.7043,0.8339,0.1375,0.0196,0.3607,1.0464,0.2254,none
27b,instruct,damaged_q2,q4_generalist_pair_72_28,planning,560,0.5679,0.4214,0.7511,0.8357,0.1286,0.0107,0.3375,0.7589,0.3158,none
27b,instruct,damaged_q2,q4_generalist_pair_72_28,rhetoric,560,0.4571,0.3625,0.6892,0.8214,0.1589,0.0089,0.3536,1.025,0.2335,none
27b,instruct,damaged_q2,q4_generalist_pair_72_28,spatial,560,0.5732,0.4232,0.7352,0.8554,0.1446,0.025,0.3232,0.8411,0.3069,none
27b,instruct,damaged_q3,q2_amplifier_low_echo,adversarial,560,0.8625,0.4661,0.9071,0.9839,0.1036,0.2911,0.2946,0.0482,0.3508,none
27b,instruct,damaged_q3,q2_amplifier_low_echo,boundary,560,0.8982,0.4982,0.9203,0.9893,0.0696,0.2661,0.3071,0.0482,0.3971,none
27b,instruct,damaged_q3,q2_amplifier_low_echo,coding,560,0.8661,0.4946,0.9149,0.9875,0.0786,0.2839,0.2661,0.0643,0.3898,none
27b,instruct,damaged_q3,q2_amplifier_low_echo,epistemic,560,0.8946,0.5054,0.924,0.9893,0.075,0.2482,0.2964,0.0393,0.4075,none
27b,instruct,damaged_q3,q2_amplifier_low_echo,forensic,560,0.8946,0.5018,0.9225,0.9929,0.0768,0.2518,0.3,0.0482,0.402,none
27b,instruct,damaged_q3,q2_amplifier_low_echo,generalist,560,0.8589,0.4625,0.9103,0.9893,0.1,0.2804,0.3036,0.0429,0.35,none
27b,instruct,damaged_q3,q2_amplifier_low_echo,math,560,0.9018,0.5214,0.9243,0.9946,0.0661,0.2625,0.2875,0.0679,0.4227,none
27b,instruct,damaged_q3,q2_amplifier_low_echo,planning,560,0.8982,0.5321,0.9221,0.9893,0.0821,0.2482,0.2464,0.0482,0.4357,none
27b,instruct,damaged_q3,q2_amplifier_low_echo,rhetoric,560,0.8839,0.5071,0.9192,0.9875,0.0839,0.2589,0.2839,0.0571,0.4046,none
27b,instruct,damaged_q3,q2_amplifier_low_echo,spatial,560,0.8839,0.5036,0.9237,0.9946,0.0857,0.2607,0.2446,0.0536,0.4035,none
27b,instruct,damaged_q3,q3_routed_tri_68,adversarial,560,0.9304,0.7464,0.9562,0.9893,0.0554,0.0232,0.2232,0.0464,0.705,none
27b,instruct,damaged_q3,q3_routed_tri_68,boundary,560,0.9018,0.6304,0.9386,0.9875,0.0732,0.0411,0.3125,0.0696,0.5717,none
27b,instruct,damaged_q3,q3_routed_tri_68,coding,560,0.8893,0.6911,0.9429,0.9929,0.0768,0.0464,0.2054,0.0786,0.6384,none
27b,instruct,damaged_q3,q3_routed_tri_68,epistemic,560,0.9143,0.7143,0.9508,0.9804,0.0643,0.0196,0.225,0.0393,0.6711,none
27b,instruct,damaged_q3,q3_routed_tri_68,forensic,560,0.9339,0.7411,0.9554,0.9964,0.0518,0.0375,0.2071,0.0625,0.6983,none
27b,instruct,damaged_q3,q3_routed_tri_68,generalist,560,0.8857,0.6982,0.9447,0.9964,0.0911,0.0375,0.2143,0.0482,0.6438,none
27b,instruct,damaged_q3,q3_routed_tri_68,math,560,0.95,0.7268,0.9614,0.9946,0.0375,0.0357,0.2429,0.0482,0.6866,none
27b,instruct,damaged_q3,q3_routed_tri_68,planning,560,0.9268,0.7446,0.9553,0.9875,0.0518,0.025,0.1875,0.0571,0.7062,none
27b,instruct,damaged_q3,q3_routed_tri_68,rhetoric,560,0.8911,0.6554,0.9418,0.9964,0.0893,0.025,0.2714,0.0536,0.5992,none
27b,instruct,damaged_q3,q3_routed_tri_68,spatial,560,0.9161,0.7196,0.9519,0.9893,0.0679,0.0339,0.2107,0.05,0.6731,none
27b,instruct,damaged_q3,q3_stability_tri_72,adversarial,560,0.9071,0.6964,0.9428,0.9911,0.0804,0.025,0.2411,0.0714,0.6445,none
27b,instruct,damaged_q3,q3_stability_tri_72,boundary,560,0.9411,0.6929,0.9533,0.9946,0.0518,0.0393,0.2571,0.0571,0.646,none
27b,instruct,damaged_q3,q3_stability_tri_72,coding,560,0.9089,0.7196,0.9479,0.9911,0.0786,0.0286,0.1946,0.0607,0.6718,none
27b,instruct,damaged_q3,q3_stability_tri_72,epistemic,560,0.9036,0.6714,0.9459,0.9875,0.0679,0.0196,0.275,0.0446,0.6229,none
27b,instruct,damaged_q3,q3_stability_tri_72,forensic,560,0.8982,0.7054,0.9422,0.9875,0.0768,0.0339,0.2089,0.0768,0.655,none
27b,instruct,damaged_q3,q3_stability_tri_72,generalist,560,0.8982,0.7089,0.9466,0.9857,0.0696,0.0304,0.2054,0.0625,0.6624,none
27b,instruct,damaged_q3,q3_stability_tri_72,math,560,0.9161,0.6875,0.9492,0.9893,0.0679,0.0321,0.2571,0.0482,0.6377,none
27b,instruct,damaged_q3,q3_stability_tri_72,planning,560,0.9214,0.7607,0.9567,0.9839,0.0625,0.0196,0.175,0.0393,0.7221,none
27b,instruct,damaged_q3,q3_stability_tri_72,rhetoric,560,0.9018,0.6786,0.9475,0.9964,0.075,0.025,0.2589,0.05,0.6279,none
27b,instruct,damaged_q3,q3_stability_tri_72,spatial,560,0.9214,0.7571,0.9535,0.9857,0.0696,0.0214,0.1839,0.0446,0.715,none
27b,instruct,damaged_q3,q4_boundary_pair_72_28,adversarial,560,0.8964,0.6804,0.9447,0.9946,0.0911,0.0321,0.2357,0.05,0.6252,none
27b,instruct,damaged_q3,q4_boundary_pair_72_28,boundary,560,0.875,0.6411,0.9324,0.9893,0.1,0.0446,0.2929,0.0661,0.5754,none
27b,instruct,damaged_q3,q4_boundary_pair_72_28,coding,560,0.8964,0.6929,0.9456,0.9804,0.0786,0.0375,0.2036,0.0518,0.6429,none
27b,instruct,damaged_q3,q4_boundary_pair_72_28,epistemic,560,0.8946,0.6821,0.9415,0.9679,0.0732,0.0214,0.2446,0.0536,0.6336,none
27b,instruct,damaged_q3,q4_boundary_pair_72_28,forensic,560,0.9214,0.7125,0.9536,0.9911,0.0643,0.0196,0.2286,0.0375,0.6691,none
27b,instruct,damaged_q3,q4_boundary_pair_72_28,generalist,560,0.8696,0.6821,0.9353,0.9661,0.0857,0.025,0.225,0.0679,0.63,none
27b,instruct,damaged_q3,q4_boundary_pair_72_28,math,560,0.8929,0.7125,0.9396,0.9571,0.0732,0.0411,0.1982,0.0839,0.6623,none
27b,instruct,damaged_q3,q4_boundary_pair_72_28,planning,560,0.9018,0.7232,0.9474,0.9821,0.0732,0.0304,0.1857,0.0571,0.6775,none
27b,instruct,damaged_q3,q4_boundary_pair_72_28,rhetoric,560,0.8732,0.6946,0.9336,0.9536,0.0875,0.0089,0.2446,0.0625,0.6439,none
27b,instruct,damaged_q3,q4_boundary_pair_72_28,spatial,560,0.875,0.7107,0.9351,0.9607,0.0893,0.0196,0.2036,0.0696,0.6602,none
27b,instruct,damaged_q3,q4_generalist_pair_72_28,adversarial,560,0.8875,0.6661,0.9373,0.9821,0.0929,0.0286,0.2429,0.0679,0.6097,none
27b,instruct,damaged_q3,q4_generalist_pair_72_28,boundary,560,0.8821,0.6625,0.9355,0.9857,0.0929,0.025,0.2625,0.0679,0.6052,none
27b,instruct,damaged_q3,q4_generalist_pair_72_28,coding,560,0.9286,0.7411,0.9557,0.9875,0.0536,0.0286,0.2054,0.0518,0.7003,none
27b,instruct,damaged_q3,q4_generalist_pair_72_28,epistemic,560,0.8875,0.6679,0.9431,0.9857,0.075,0.0036,0.2768,0.0482,0.6201,none
27b,instruct,damaged_q3,q4_generalist_pair_72_28,forensic,560,0.8804,0.6571,0.936,0.9839,0.0982,0.0143,0.2857,0.05,0.5995,none
27b,instruct,damaged_q3,q4_generalist_pair_72_28,generalist,560,0.8982,0.6875,0.9468,0.9875,0.0714,0.025,0.2393,0.05,0.6394,none
27b,instruct,damaged_q3,q4_generalist_pair_72_28,math,560,0.9214,0.7,0.9515,0.9929,0.0554,0.0196,0.2625,0.0625,0.6553,none
27b,instruct,damaged_q3,q4_generalist_pair_72_28,planning,560,0.9143,0.7268,0.9487,0.9804,0.0714,0.0268,0.2089,0.0464,0.681,none
27b,instruct,damaged_q3,q4_generalist_pair_72_28,rhetoric,560,0.8946,0.6661,0.9363,0.9768,0.0732,0.0125,0.2875,0.0804,0.6146,none
27b,instruct,damaged_q3,q4_generalist_pair_72_28,spatial,560,0.9304,0.7446,0.9579,0.9964,0.0661,0.0214,0.1821,0.0393,0.704,none
27b,instruct,damaged_q4,q2_amplifier_low_echo,adversarial,560,0.9089,0.5536,0.9267,0.9911,0.0625,0.2768,0.2018,0.0625,0.4602,none
27b,instruct,damaged_q4,q2_amplifier_low_echo,boundary,560,0.8875,0.5196,0.9182,0.9857,0.0714,0.2661,0.2661,0.0714,0.4201,none
27b,instruct,damaged_q4,q2_amplifier_low_echo,coding,560,0.9054,0.5482,0.9299,0.9964,0.0643,0.2661,0.1964,0.0536,0.4573,none
27b,instruct,damaged_q4,q2_amplifier_low_echo,epistemic,560,0.9125,0.525,0.9354,0.9893,0.0643,0.2696,0.2268,0.0214,0.4326,none
27b,instruct,damaged_q4,q2_amplifier_low_echo,forensic,560,0.8946,0.4821,0.9227,0.9929,0.0714,0.3304,0.2107,0.0589,0.3748,none
27b,instruct,damaged_q4,q2_amplifier_low_echo,generalist,560,0.8911,0.5393,0.9237,0.9786,0.0786,0.2571,0.2268,0.0339,0.4444,none
27b,instruct,damaged_q4,q2_amplifier_low_echo,math,560,0.9214,0.4964,0.9266,0.9875,0.0554,0.2839,0.2821,0.0571,0.3976,none
27b,instruct,damaged_q4,q2_amplifier_low_echo,planning,560,0.9161,0.5571,0.9295,0.9964,0.0679,0.2571,0.2089,0.0464,0.4663,none
27b,instruct,damaged_q4,q2_amplifier_low_echo,rhetoric,560,0.8929,0.5,0.9238,0.9893,0.0696,0.3054,0.2429,0.0536,0.3959,none
27b,instruct,damaged_q4,q2_amplifier_low_echo,spatial,560,0.9036,0.5518,0.9278,0.9875,0.0786,0.2679,0.1839,0.0536,0.4572,none
27b,instruct,damaged_q4,q3_routed_tri_68,adversarial,560,0.9411,0.7679,0.9595,0.9893,0.0464,0.0286,0.175,0.0607,0.7312,none
27b,instruct,damaged_q4,q3_routed_tri_68,boundary,560,0.9357,0.7482,0.9604,0.9946,0.05,0.0482,0.1679,0.0571,0.7073,none
27b,instruct,damaged_q4,q3_routed_tri_68,coding,560,0.9393,0.7429,0.9613,0.9964,0.0446,0.0536,0.1875,0.0518,0.7012,none
27b,instruct,damaged_q4,q3_routed_tri_68,epistemic,560,0.9196,0.7286,0.952,0.9893,0.0554,0.0214,0.2304,0.0518,0.6867,none
27b,instruct,damaged_q4,q3_routed_tri_68,forensic,560,0.9536,0.7857,0.9672,0.9893,0.0429,0.0357,0.1661,0.0304,0.7509,none
27b,instruct,damaged_q4,q3_routed_tri_68,generalist,560,0.9375,0.7554,0.9623,0.9964,0.0411,0.0482,0.1839,0.0482,0.7163,none
27b,instruct,damaged_q4,q3_routed_tri_68,math,560,0.9286,0.6929,0.9528,0.9786,0.0393,0.0232,0.2714,0.0554,0.6519,none
27b,instruct,damaged_q4,q3_routed_tri_68,planning,560,0.9518,0.7911,0.9656,0.9911,0.0357,0.0286,0.1554,0.05,0.7597,none
27b,instruct,damaged_q4,q3_routed_tri_68,rhetoric,560,0.9375,0.7679,0.9585,0.9804,0.0536,0.0339,0.1661,0.0464,0.7294,none
27b,instruct,damaged_q4,q3_routed_tri_68,spatial,560,0.9393,0.7929,0.9602,0.9857,0.0464,0.0143,0.1536,0.0536,0.7611,none
27b,instruct,damaged_q4,q3_stability_tri_72,adversarial,560,0.9393,0.7821,0.961,0.9946,0.0536,0.0339,0.1518,0.0554,0.7444,none
27b,instruct,damaged_q4,q3_stability_tri_72,boundary,560,0.9304,0.7196,0.9557,0.9911,0.0589,0.0446,0.2232,0.0411,0.6731,none
27b,instruct,damaged_q4,q3_stability_tri_72,coding,560,0.9375,0.7768,0.9606,0.9875,0.0518,0.0268,0.1536,0.0464,0.7413,none
27b,instruct,damaged_q4,q3_stability_tri_72,epistemic,560,0.9321,0.7571,0.9614,0.9786,0.0411,0.0214,0.1911,0.0321,0.7236,none
27b,instruct,damaged_q4,q3_stability_tri_72,forensic,560,0.9357,0.7696,0.96,0.9893,0.0446,0.0357,0.1804,0.0518,0.7321,none
27b,instruct,damaged_q4,q3_stability_tri_72,generalist,560,0.925,0.7375,0.9597,0.9911,0.05,0.0411,0.1786,0.0429,0.6979,none
27b,instruct,damaged_q4,q3_stability_tri_72,math,560,0.9357,0.7161,0.9584,0.9893,0.05,0.0411,0.2196,0.0464,0.673,none
27b,instruct,damaged_q4,q3_stability_tri_72,planning,560,0.9304,0.7768,0.9536,0.9786,0.0482,0.0214,0.1589,0.0661,0.742,none
27b,instruct,damaged_q4,q3_stability_tri_72,rhetoric,560,0.9268,0.7268,0.9562,0.9893,0.0607,0.0268,0.2054,0.0411,0.6847,none
27b,instruct,damaged_q4,q3_stability_tri_72,spatial,560,0.9321,0.7964,0.9598,0.9911,0.0554,0.0179,0.1375,0.0536,0.7626,none
27b,instruct,damaged_q4,q4_boundary_pair_72_28,adversarial,560,0.9393,0.7643,0.9618,0.9911,0.05,0.0339,0.1696,0.0446,0.7267,none
27b,instruct,damaged_q4,q4_boundary_pair_72_28,boundary,560,0.9089,0.6982,0.9469,0.9893,0.0786,0.0411,0.2232,0.0536,0.6459,none
27b,instruct,damaged_q4,q4_boundary_pair_72_28,coding,560,0.9286,0.7661,0.9575,0.9946,0.0607,0.0339,0.1625,0.0554,0.7253,none
27b,instruct,damaged_q4,q4_boundary_pair_72_28,epistemic,560,0.9107,0.7429,0.953,0.9857,0.0625,0.0179,0.1893,0.0482,0.703,none
27b,instruct,damaged_q4,q4_boundary_pair_72_28,forensic,560,0.9339,0.7411,0.9577,0.9893,0.0446,0.0357,0.1946,0.0554,0.7022,none
27b,instruct,damaged_q4,q4_boundary_pair_72_28,generalist,560,0.9161,0.7143,0.9549,0.9875,0.0625,0.0339,0.2036,0.0375,0.6706,none
27b,instruct,damaged_q4,q4_boundary_pair_72_28,math,560,0.9304,0.7393,0.9574,0.9946,0.0571,0.0143,0.2143,0.0446,0.6999,none
27b,instruct,damaged_q4,q4_boundary_pair_72_28,planning,560,0.9357,0.7696,0.9587,0.9946,0.0518,0.0214,0.1625,0.0554,0.7341,none
27b,instruct,damaged_q4,q4_boundary_pair_72_28,rhetoric,560,0.9268,0.7554,0.9566,0.9875,0.0607,0.0161,0.1946,0.0411,0.7163,none
27b,instruct,damaged_q4,q4_boundary_pair_72_28,spatial,560,0.9107,0.7643,0.9547,0.9946,0.0768,0.0196,0.1571,0.0446,0.7225,none
27b,instruct,damaged_q4,q4_generalist_pair_72_28,adversarial,560,0.9196,0.7589,0.9561,0.9929,0.075,0.0232,0.1714,0.0339,0.7164,none
27b,instruct,damaged_q4,q4_generalist_pair_72_28,boundary,560,0.9339,0.7286,0.9538,0.9929,0.0571,0.0357,0.2036,0.0661,0.6847,none
27b,instruct,damaged_q4,q4_generalist_pair_72_28,coding,560,0.9375,0.7804,0.9596,0.9875,0.0482,0.0304,0.1518,0.0589,0.7447,none
27b,instruct,damaged_q4,q4_generalist_pair_72_28,epistemic,560,0.9161,0.7536,0.9551,0.9911,0.0607,0.0018,0.2089,0.0411,0.7162,none
27b,instruct,damaged_q4,q4_generalist_pair_72_28,forensic,560,0.9286,0.7696,0.9588,0.9911,0.0536,0.0196,0.1875,0.0429,0.7325,none
27b,instruct,damaged_q4,q4_generalist_pair_72_28,generalist,560,0.9179,0.7554,0.9587,0.9964,0.0411,0.0179,0.1768,0.0679,0.7219,none
27b,instruct,damaged_q4,q4_generalist_pair_72_28,math,560,0.9268,0.7268,0.9528,0.9804,0.0446,0.0214,0.2339,0.0643,0.6872,none
27b,instruct,damaged_q4,q4_generalist_pair_72_28,planning,560,0.9518,0.8,0.966,0.9929,0.0393,0.0179,0.1518,0.0411,0.7704,none
27b,instruct,damaged_q4,q4_generalist_pair_72_28,rhetoric,560,0.9268,0.7304,0.9562,0.9875,0.0571,0.0161,0.2143,0.0429,0.6907,none
27b,instruct,damaged_q4,q4_generalist_pair_72_28,spatial,560,0.9143,0.7714,0.9554,0.9946,0.0643,0.0161,0.1589,0.0589,0.7333,none
27b,instruct,healthy_q6,q2_amplifier_low_echo,adversarial,560,0.9071,0.5536,0.9292,0.9893,0.0607,0.2804,0.1768,0.0571,0.4623,none
27b,instruct,healthy_q6,q2_amplifier_low_echo,boundary,560,0.9196,0.5179,0.9261,0.9893,0.0571,0.2911,0.2339,0.0536,0.4211,none
27b,instruct,healthy_q6,q2_amplifier_low_echo,coding,560,0.925,0.5714,0.9361,0.9929,0.0518,0.2732,0.1964,0.0357,0.4837,none
27b,instruct,healthy_q6,q2_amplifier_low_echo,epistemic,560,0.9196,0.5357,0.9337,0.9911,0.0518,0.2696,0.2304,0.0411,0.4458,none
27b,instruct,healthy_q6,q2_amplifier_low_echo,forensic,560,0.9107,0.5268,0.9308,0.9911,0.0607,0.2839,0.2286,0.0482,0.4311,none
27b,instruct,healthy_q6,q2_amplifier_low_echo,generalist,560,0.9268,0.5518,0.9361,0.9857,0.0446,0.2714,0.2071,0.0357,0.4658,none
27b,instruct,healthy_q6,q2_amplifier_low_echo,math,560,0.9125,0.5679,0.9355,0.9929,0.0625,0.2357,0.2321,0.0464,0.4811,none
27b,instruct,healthy_q6,q2_amplifier_low_echo,planning,560,0.9161,0.575,0.9346,0.9911,0.0607,0.2554,0.1875,0.0357,0.4889,none
27b,instruct,healthy_q6,q2_amplifier_low_echo,rhetoric,560,0.9,0.5768,0.9287,0.9768,0.0571,0.2446,0.2089,0.0696,0.4905,none
27b,instruct,healthy_q6,q2_amplifier_low_echo,spatial,560,0.9143,0.5571,0.9334,0.9857,0.0643,0.2804,0.1768,0.0411,0.4656,none
27b,instruct,healthy_q6,q3_routed_tri_68,adversarial,560,0.9482,0.775,0.964,0.9982,0.0411,0.0321,0.1625,0.0589,0.7403,none
27b,instruct,healthy_q6,q3_routed_tri_68,boundary,560,0.9536,0.7875,0.9666,0.9839,0.0268,0.0518,0.1357,0.0571,0.7554,none
27b,instruct,healthy_q6,q3_routed_tri_68,coding,560,0.9464,0.7804,0.9651,0.9911,0.0411,0.0554,0.1286,0.0518,0.7441,none
27b,instruct,healthy_q6,q3_routed_tri_68,epistemic,560,0.9411,0.7893,0.9641,0.9875,0.0393,0.0196,0.1643,0.0393,0.7585,none
27b,instruct,healthy_q6,q3_routed_tri_68,forensic,560,0.9625,0.8214,0.9692,0.9821,0.0304,0.0321,0.125,0.0429,0.7937,none
27b,instruct,healthy_q6,q3_routed_tri_68,generalist,560,0.9339,0.7571,0.9636,0.9893,0.0375,0.0571,0.1571,0.0464,0.7196,none
27b,instruct,healthy_q6,q3_routed_tri_68,math,560,0.9571,0.7536,0.9627,0.9911,0.0304,0.0393,0.1982,0.0643,0.7175,none
27b,instruct,healthy_q6,q3_routed_tri_68,planning,560,0.9536,0.7929,0.9684,0.9964,0.0357,0.025,0.1643,0.0411,0.7619,none
27b,instruct,healthy_q6,q3_routed_tri_68,rhetoric,560,0.95,0.7821,0.9656,0.9929,0.0304,0.0357,0.1661,0.0571,0.7498,none
27b,instruct,healthy_q6,q3_routed_tri_68,spatial,560,0.9518,0.7964,0.9682,0.9929,0.0286,0.0339,0.1482,0.0536,0.7665,none
27b,instruct,healthy_q6,q3_stability_tri_72,adversarial,560,0.9589,0.8107,0.9683,0.9893,0.0286,0.0393,0.1411,0.0536,0.7803,none
27b,instruct,healthy_q6,q3_stability_tri_72,boundary,560,0.9571,0.7768,0.9666,0.9911,0.0393,0.0589,0.1393,0.0464,0.7398,none
27b,instruct,healthy_q6,q3_stability_tri_72,coding,560,0.9554,0.8,0.9659,0.9821,0.0357,0.0339,0.1357,0.0464,0.7693,none
27b,instruct,healthy_q6,q3_stability_tri_72,epistemic,560,0.9554,0.7946,0.9691,0.9821,0.0214,0.0161,0.1732,0.0321,0.7695,none
27b,instruct,healthy_q6,q3_stability_tri_72,forensic,560,0.9625,0.8196,0.9715,0.9875,0.0304,0.0304,0.1321,0.0321,0.7923,none
27b,instruct,healthy_q6,q3_stability_tri_72,generalist,560,0.9339,0.8179,0.9659,0.9893,0.0339,0.0357,0.1125,0.0571,0.7887,none
27b,instruct,healthy_q6,q3_stability_tri_72,math,560,0.9464,0.7768,0.9628,0.9857,0.0286,0.0214,0.1893,0.0643,0.7456,none
27b,instruct,healthy_q6,q3_stability_tri_72,planning,560,0.9696,0.8232,0.9734,0.9911,0.0232,0.0339,0.1357,0.0375,0.7967,none
27b,instruct,healthy_q6,q3_stability_tri_72,rhetoric,560,0.9375,0.7732,0.9615,0.9911,0.0482,0.0393,0.1607,0.0536,0.7354,none
27b,instruct,healthy_q6,q3_stability_tri_72,spatial,560,0.9393,0.8143,0.9654,0.9964,0.0482,0.0357,0.1179,0.0518,0.7807,none
27b,instruct,healthy_q6,q4_boundary_pair_72_28,adversarial,560,0.9357,0.8071,0.9621,0.9893,0.0482,0.0321,0.1304,0.0589,0.7729,none
27b,instruct,healthy_q6,q4_boundary_pair_72_28,boundary,560,0.9643,0.7946,0.9661,0.9875,0.0232,0.0464,0.1411,0.0714,0.7635,none
27b,instruct,healthy_q6,q4_boundary_pair_72_28,coding,560,0.9482,0.7875,0.9663,0.9929,0.0357,0.0286,0.15,0.0518,0.7565,none
27b,instruct,healthy_q6,q4_boundary_pair_72_28,epistemic,560,0.9339,0.7982,0.964,0.9839,0.0411,0.0143,0.1464,0.0393,0.7694,none
27b,instruct,healthy_q6,q4_boundary_pair_72_28,forensic,560,0.9357,0.775,0.9596,0.9857,0.0482,0.0304,0.1589,0.0518,0.7392,none
27b,instruct,healthy_q6,q4_boundary_pair_72_28,generalist,560,0.9536,0.8,0.9667,0.9893,0.0321,0.0321,0.1375,0.05,0.7704,none
27b,instruct,healthy_q6,q4_boundary_pair_72_28,math,560,0.95,0.7464,0.9634,0.9911,0.0321,0.0375,0.1964,0.0571,0.7107,none
27b,instruct,healthy_q6,q4_boundary_pair_72_28,planning,560,0.9393,0.8,0.9629,0.9839,0.05,0.0143,0.1304,0.0393,0.7697,none
27b,instruct,healthy_q6,q4_boundary_pair_72_28,rhetoric,560,0.9643,0.8143,0.9689,0.9893,0.0268,0.0214,0.1536,0.05,0.7872,none
27b,instruct,healthy_q6,q4_boundary_pair_72_28,spatial,560,0.9571,0.8321,0.9686,0.9821,0.0304,0.025,0.1089,0.05,0.8068,none
27b,instruct,healthy_q6,q4_generalist_pair_72_28,adversarial,560,0.9304,0.8054,0.9639,0.9929,0.05,0.0161,0.125,0.0518,0.7746,none
27b,instruct,healthy_q6,q4_generalist_pair_72_28,boundary,560,0.9446,0.8089,0.9627,0.9839,0.0411,0.0179,0.1375,0.0571,0.7792,none
27b,instruct,healthy_q6,q4_generalist_pair_72_28,coding,560,0.9393,0.8089,0.9631,0.9929,0.0411,0.0196,0.1286,0.0679,0.779,none
27b,instruct,healthy_q6,q4_generalist_pair_72_28,epistemic,560,0.9375,0.7679,0.961,0.9893,0.0464,0.0018,0.2071,0.0339,0.7353,none
27b,instruct,healthy_q6,q4_generalist_pair_72_28,forensic,560,0.9536,0.8446,0.9682,0.9929,0.0429,0.0107,0.1125,0.0464,0.8183,none
27b,instruct,healthy_q6,q4_generalist_pair_72_28,generalist,560,0.9375,0.775,0.9651,0.9911,0.0446,0.0214,0.1643,0.0321,0.7426,none
27b,instruct,healthy_q6,q4_generalist_pair_72_28,math,560,0.9536,0.7946,0.9671,0.9911,0.0304,0.0089,0.1661,0.0536,0.7678,none
27b,instruct,healthy_q6,q4_generalist_pair_72_28,planning,560,0.9304,0.8054,0.9584,0.9893,0.0571,0.0089,0.1339,0.0571,0.7729,none
27b,instruct,healthy_q6,q4_generalist_pair_72_28,rhetoric,560,0.9536,0.7946,0.9661,0.9857,0.0339,0.0214,0.1607,0.0464,0.765,none
27b,instruct,healthy_q6,q4_generalist_pair_72_28,spatial,560,0.9518,0.8214,0.9657,0.9821,0.0339,0.0179,0.1286,0.0518,0.7948,none
27b,instruct,healthy_q8,q2_amplifier_low_echo,adversarial,560,0.9036,0.5571,0.9265,0.9929,0.0679,0.2875,0.1732,0.0661,0.4621,none
27b,instruct,healthy_q8,q2_amplifier_low_echo,boundary,560,0.9071,0.5143,0.9246,0.9839,0.0554,0.3304,0.1768,0.0607,0.4144,none
27b,instruct,healthy_q8,q2_amplifier_low_echo,coding,560,0.9339,0.5571,0.9348,0.9893,0.0429,0.3071,0.1821,0.0411,0.4662,none
27b,instruct,healthy_q8,q2_amplifier_low_echo,epistemic,560,0.9232,0.5661,0.9404,0.9911,0.0429,0.2643,0.1714,0.0518,0.4841,none
27b,instruct,healthy_q8,q2_amplifier_low_echo,forensic,560,0.9286,0.5929,0.9398,0.9929,0.0518,0.2679,0.1607,0.0446,0.5087,none
27b,instruct,healthy_q8,q2_amplifier_low_echo,generalist,560,0.8964,0.5554,0.9264,0.9893,0.0607,0.3018,0.1821,0.0518,0.4596,none
27b,instruct,healthy_q8,q2_amplifier_low_echo,math,560,0.9321,0.5625,0.9383,0.9929,0.0393,0.2268,0.2589,0.0607,0.4816,none
27b,instruct,healthy_q8,q2_amplifier_low_echo,planning,560,0.9018,0.575,0.9295,0.9893,0.0625,0.2661,0.1661,0.0589,0.4868,none
27b,instruct,healthy_q8,q2_amplifier_low_echo,rhetoric,560,0.9268,0.5857,0.9435,0.9964,0.0446,0.2482,0.2036,0.0393,0.5044,none
27b,instruct,healthy_q8,q2_amplifier_low_echo,spatial,560,0.9339,0.5696,0.9411,0.9857,0.0429,0.2732,0.1607,0.0446,0.4871,none
27b,instruct,healthy_q8,q3_routed_tri_68,adversarial,560,0.9661,0.8107,0.9717,0.9875,0.0214,0.0518,0.125,0.0554,0.7812,none
27b,instruct,healthy_q8,q3_routed_tri_68,boundary,560,0.9625,0.8268,0.9676,0.9786,0.0268,0.0482,0.1125,0.0571,0.7972,none
27b,instruct,healthy_q8,q3_routed_tri_68,coding,560,0.9518,0.8196,0.9698,0.9929,0.0304,0.0429,0.1196,0.0482,0.79,none
27b,instruct,healthy_q8,q3_routed_tri_68,epistemic,560,0.9464,0.7857,0.9689,0.9946,0.0357,0.0196,0.1643,0.0321,0.7563,none
27b,instruct,healthy_q8,q3_routed_tri_68,forensic,560,0.9714,0.8143,0.9738,0.9964,0.0196,0.0375,0.1321,0.0482,0.7879,none
27b,instruct,healthy_q8,q3_routed_tri_68,generalist,560,0.9607,0.8179,0.9748,0.9929,0.0161,0.0482,0.1054,0.0464,0.7926,none
27b,instruct,healthy_q8,q3_routed_tri_68,math,560,0.9625,0.7804,0.9694,0.9929,0.0214,0.025,0.1768,0.0518,0.7522,none
27b,instruct,healthy_q8,q3_routed_tri_68,planning,560,0.9571,0.8214,0.969,0.9911,0.0286,0.0375,0.1196,0.0482,0.7934,none
27b,instruct,healthy_q8,q3_routed_tri_68,rhetoric,560,0.9536,0.8179,0.9703,0.9857,0.0321,0.0179,0.1375,0.0339,0.7919,none
27b,instruct,healthy_q8,q3_routed_tri_68,spatial,560,0.9536,0.8089,0.9677,0.9929,0.0339,0.0554,0.1107,0.0625,0.7757,none
27b,instruct,healthy_q8,q3_stability_tri_72,adversarial,560,0.9482,0.8232,0.9668,0.9839,0.0393,0.0339,0.1036,0.0554,0.7936,none
27b,instruct,healthy_q8,q3_stability_tri_72,boundary,560,0.9321,0.7982,0.964,0.9911,0.0518,0.0411,0.1268,0.0446,0.7621,none
27b,instruct,healthy_q8,q3_stability_tri_72,coding,560,0.9661,0.8286,0.974,0.9929,0.0286,0.0518,0.1107,0.0375,0.7989,none
27b,instruct,healthy_q8,q3_stability_tri_72,epistemic,560,0.9536,0.8161,0.971,0.9911,0.0268,0.0089,0.1429,0.0375,0.7929,none
27b,instruct,healthy_q8,q3_stability_tri_72,forensic,560,0.9536,0.8339,0.9686,0.9875,0.0411,0.0286,0.1143,0.0393,0.8048,none
27b,instruct,healthy_q8,q3_stability_tri_72,generalist,560,0.9679,0.8429,0.976,0.9893,0.0196,0.0357,0.0964,0.0375,0.8202,none
27b,instruct,healthy_q8,q3_stability_tri_72,math,560,0.9554,0.8071,0.9651,0.9875,0.0304,0.025,0.1536,0.0643,0.7775,none
27b,instruct,healthy_q8,q3_stability_tri_72,planning,560,0.95,0.825,0.9663,0.9839,0.0429,0.0429,0.0946,0.0464,0.7937,none
27b,instruct,healthy_q8,q3_stability_tri_72,rhetoric,560,0.9643,0.8089,0.9727,0.9911,0.0214,0.0286,0.1482,0.0429,0.7828,none
27b,instruct,healthy_q8,q3_stability_tri_72,spatial,560,0.9571,0.8446,0.9718,0.9875,0.025,0.0357,0.0929,0.0518,0.82,none
27b,instruct,healthy_q8,q4_boundary_pair_72_28,adversarial,560,0.9625,0.8268,0.973,0.9964,0.025,0.0214,0.1411,0.0446,0.8015,none
27b,instruct,healthy_q8,q4_boundary_pair_72_28,boundary,560,0.9446,0.8161,0.966,0.9911,0.0393,0.0339,0.1054,0.0607,0.786,none
27b,instruct,healthy_q8,q4_boundary_pair_72_28,coding,560,0.95,0.825,0.9698,0.9929,0.0339,0.0357,0.1179,0.0464,0.7959,none
27b,instruct,healthy_q8,q4_boundary_pair_72_28,epistemic,560,0.9554,0.8393,0.9739,0.9929,0.0196,0.0161,0.1179,0.0411,0.8187,none
27b,instruct,healthy_q8,q4_boundary_pair_72_28,forensic,560,0.95,0.8268,0.9671,0.9946,0.0393,0.0286,0.1214,0.0518,0.797,none
27b,instruct,healthy_q8,q4_boundary_pair_72_28,generalist,560,0.9375,0.8,0.9662,0.9964,0.0321,0.0321,0.1214,0.0625,0.7711,none
27b,instruct,healthy_q8,q4_boundary_pair_72_28,math,560,0.9625,0.7821,0.9683,0.9929,0.0232,0.0286,0.1804,0.0554,0.7523,none
27b,instruct,healthy_q8,q4_boundary_pair_72_28,planning,560,0.9446,0.8214,0.9662,0.9946,0.0357,0.0232,0.1214,0.0571,0.7935,none
27b,instruct,healthy_q8,q4_boundary_pair_72_28,rhetoric,560,0.9625,0.8321,0.9718,0.9911,0.0214,0.025,0.1304,0.0536,0.8076,none
27b,instruct,healthy_q8,q4_boundary_pair_72_28,spatial,560,0.9482,0.8286,0.967,0.9857,0.0375,0.0268,0.1179,0.0482,0.8001,none
27b,instruct,healthy_q8,q4_generalist_pair_72_28,adversarial,560,0.9571,0.8464,0.9708,0.9893,0.0357,0.0179,0.1143,0.0411,0.8209,none
27b,instruct,healthy_q8,q4_generalist_pair_72_28,boundary,560,0.9643,0.8107,0.9713,0.9875,0.0214,0.0375,0.1304,0.05,0.7839,none
27b,instruct,healthy_q8,q4_generalist_pair_72_28,coding,560,0.9518,0.825,0.9691,0.9911,0.0304,0.025,0.1161,0.0536,0.7989,none
27b,instruct,healthy_q8,q4_generalist_pair_72_28,epistemic,560,0.9446,0.8321,0.9699,0.9893,0.0286,0.0036,0.1286,0.0393,0.8106,none
27b,instruct,healthy_q8,q4_generalist_pair_72_28,forensic,560,0.9554,0.8054,0.9669,0.9857,0.0339,0.0268,0.1464,0.0464,0.7758,none
27b,instruct,healthy_q8,q4_generalist_pair_72_28,generalist,560,0.95,0.8304,0.9728,0.9946,0.025,0.0268,0.1036,0.0482,0.8068,none
27b,instruct,healthy_q8,q4_generalist_pair_72_28,math,560,0.9679,0.7875,0.9709,0.9946,0.0143,0.0143,0.1875,0.0518,0.7628,none
27b,instruct,healthy_q8,q4_generalist_pair_72_28,planning,560,0.95,0.8518,0.9701,0.9893,0.0339,0.0161,0.0911,0.0446,0.8289,none
27b,instruct,healthy_q8,q4_generalist_pair_72_28,rhetoric,560,0.95,0.8107,0.9657,0.9893,0.0357,0.0071,0.15,0.0518,0.784,none
27b,instruct,healthy_q8,q4_generalist_pair_72_28,spatial,560,0.9536,0.85,0.9697,0.9839,0.0375,0.0196,0.0893,0.0429,0.8255,none
27b,instruct,q8_k_m,q2_amplifier_low_echo,adversarial,560,0.9125,0.5571,0.9326,0.9946,0.0643,0.2571,0.1732,0.0571,0.4697,none
27b,instruct,q8_k_m,q2_amplifier_low_echo,boundary,560,0.9196,0.5446,0.9319,0.9929,0.0554,0.2804,0.2071,0.0482,0.453,none
27b,instruct,q8_k_m,q2_amplifier_low_echo,coding,560,0.9339,0.5911,0.9427,0.9964,0.0411,0.2661,0.1571,0.0429,0.5108,none
27b,instruct,q8_k_m,q2_amplifier_low_echo,epistemic,560,0.9357,0.6089,0.9465,0.9946,0.0393,0.2482,0.1679,0.0375,0.5322,none
27b,instruct,q8_k_m,q2_amplifier_low_echo,forensic,560,0.9518,0.5661,0.9437,0.9893,0.0286,0.3179,0.1589,0.0411,0.4792,none
27b,instruct,q8_k_m,q2_amplifier_low_echo,generalist,560,0.9143,0.5482,0.9343,0.9911,0.0446,0.2643,0.1911,0.0554,0.4639,none
27b,instruct,q8_k_m,q2_amplifier_low_echo,math,560,0.9393,0.5714,0.9426,0.9964,0.0411,0.2411,0.2,0.0571,0.492,none
27b,instruct,q8_k_m,q2_amplifier_low_echo,planning,560,0.9482,0.6304,0.9437,0.9875,0.0339,0.2482,0.1339,0.05,0.5573,none
27b,instruct,q8_k_m,q2_amplifier_low_echo,rhetoric,560,0.9214,0.575,0.9404,0.9946,0.0429,0.2518,0.1768,0.0625,0.4945,none
27b,instruct,q8_k_m,q2_amplifier_low_echo,spatial,560,0.9232,0.5946,0.9425,0.9929,0.0446,0.2643,0.1464,0.0446,0.5144,none
27b,instruct,q8_k_m,q3_routed_tri_68,adversarial,560,0.9643,0.8571,0.9742,0.9875,0.0214,0.0286,0.0946,0.0536,0.8347,none
27b,instruct,q8_k_m,q3_routed_tri_68,boundary,560,0.9625,0.8089,0.9705,0.9929,0.0268,0.0429,0.1393,0.05,0.7787,none
27b,instruct,q8_k_m,q3_routed_tri_68,coding,560,0.9518,0.7946,0.9689,0.9982,0.0339,0.0304,0.1393,0.05,0.7647,none
27b,instruct,q8_k_m,q3_routed_tri_68,epistemic,560,0.9589,0.8357,0.9731,0.9929,0.0286,0.0196,0.1161,0.0375,0.8121,none
27b,instruct,q8_k_m,q3_routed_tri_68,forensic,560,0.9661,0.8589,0.9729,0.9821,0.0268,0.0429,0.0714,0.0482,0.8342,none
27b,instruct,q8_k_m,q3_routed_tri_68,generalist,560,0.9482,0.8214,0.9699,0.9875,0.0125,0.025,0.1232,0.0643,0.7996,none
27b,instruct,q8_k_m,q3_routed_tri_68,math,560,0.9607,0.7929,0.9707,0.9911,0.0196,0.0286,0.1571,0.0518,0.7661,none
27b,instruct,q8_k_m,q3_routed_tri_68,planning,560,0.9696,0.8518,0.9771,0.9964,0.0179,0.0286,0.1036,0.0393,0.8305,none
27b,instruct,q8_k_m,q3_routed_tri_68,rhetoric,560,0.9607,0.8625,0.9753,0.9911,0.0321,0.025,0.0839,0.0357,0.8394,none
27b,instruct,q8_k_m,q3_routed_tri_68,spatial,560,0.9732,0.8571,0.9753,0.9875,0.0161,0.0357,0.0857,0.0518,0.8357,none
27b,instruct,q8_k_m,q3_stability_tri_72,adversarial,560,0.9661,0.8571,0.9722,0.9857,0.0232,0.0286,0.0946,0.0571,0.834,none
27b,instruct,q8_k_m,q3_stability_tri_72,boundary,560,0.9643,0.8268,0.9737,0.9911,0.0304,0.0643,0.1018,0.0375,0.7948,none
27b,instruct,q8_k_m,q3_stability_tri_72,coding,560,0.9643,0.8375,0.9703,0.9839,0.0179,0.0357,0.1,0.0661,0.8137,none
27b,instruct,q8_k_m,q3_stability_tri_72,epistemic,560,0.9607,0.8393,0.9748,0.9911,0.0268,0.0125,0.125,0.0286,0.8173,none
27b,instruct,q8_k_m,q3_stability_tri_72,forensic,560,0.9714,0.8357,0.9726,0.9839,0.0196,0.0411,0.1089,0.05,0.8104,none
27b,instruct,q8_k_m,q3_stability_tri_72,generalist,560,0.9607,0.8411,0.9741,0.9893,0.0232,0.0411,0.0946,0.0429,0.8162,none
27b,instruct,q8_k_m,q3_stability_tri_72,math,560,0.9536,0.8107,0.97,0.9875,0.0179,0.0268,0.1411,0.0607,0.7857,none
27b,instruct,q8_k_m,q3_stability_tri_72,planning,560,0.9661,0.8714,0.9707,0.9875,0.0196,0.0143,0.0911,0.0661,0.8521,none
27b,instruct,q8_k_m,q3_stability_tri_72,rhetoric,560,0.9518,0.8196,0.9694,0.9857,0.0268,0.025,0.1304,0.0482,0.7938,none
27b,instruct,q8_k_m,q3_stability_tri_72,spatial,560,0.9661,0.8393,0.9745,0.9911,0.0304,0.0375,0.0982,0.0393,0.8129,none
27b,instruct,q8_k_m,q4_boundary_pair_72_28,adversarial,560,0.9661,0.825,0.9712,0.9946,0.025,0.0339,0.1125,0.0607,0.7987,none
27b,instruct,q8_k_m,q4_boundary_pair_72_28,boundary,560,0.9411,0.7839,0.9633,0.9875,0.0375,0.0464,0.1375,0.0589,0.7494,none
27b,instruct,q8_k_m,q4_boundary_pair_72_28,coding,560,0.9679,0.8571,0.9749,0.9857,0.0179,0.0286,0.1,0.0464,0.8357,none
27b,instruct,q8_k_m,q4_boundary_pair_72_28,epistemic,560,0.9464,0.8125,0.968,0.9839,0.0268,0.0179,0.1339,0.0464,0.7879,none
27b,instruct,q8_k_m,q4_boundary_pair_72_28,forensic,560,0.9554,0.825,0.9705,0.9929,0.0268,0.0214,0.125,0.0464,0.8004,none
27b,instruct,q8_k_m,q4_boundary_pair_72_28,generalist,560,0.9536,0.8286,0.9731,0.9893,0.0214,0.0393,0.0982,0.0464,0.8041,none
27b,instruct,q8_k_m,q4_boundary_pair_72_28,math,560,0.9607,0.8036,0.9712,0.9839,0.0161,0.0286,0.1518,0.05,0.7784,none
27b,instruct,q8_k_m,q4_boundary_pair_72_28,planning,560,0.9661,0.8036,0.9689,0.9875,0.0232,0.025,0.1464,0.0518,0.7773,none
27b,instruct,q8_k_m,q4_boundary_pair_72_28,rhetoric,560,0.9625,0.8375,0.9712,0.9893,0.0268,0.0179,0.1232,0.0482,0.8136,none
27b,instruct,q8_k_m,q4_boundary_pair_72_28,spatial,560,0.9589,0.8554,0.9746,0.9857,0.0286,0.0179,0.1036,0.0268,0.8336,none
27b,instruct,q8_k_m,q4_generalist_pair_72_28,adversarial,560,0.9554,0.8554,0.9668,0.9839,0.0375,0.0214,0.0964,0.0625,0.829,none
27b,instruct,q8_k_m,q4_generalist_pair_72_28,boundary,560,0.9661,0.8393,0.9742,0.9893,0.0214,0.0321,0.1125,0.0464,0.8151,none
27b,instruct,q8_k_m,q4_generalist_pair_72_28,coding,560,0.9482,0.8446,0.9706,0.9893,0.0268,0.0214,0.0964,0.0571,0.8217,none
27b,instruct,q8_k_m,q4_generalist_pair_72_28,epistemic,560,0.95,0.8,0.9704,0.9946,0.025,0.0125,0.1589,0.0393,0.7753,none
27b,instruct,q8_k_m,q4_generalist_pair_72_28,forensic,560,0.9714,0.8411,0.9749,0.9929,0.0196,0.0161,0.1232,0.0411,0.8201,none
27b,instruct,q8_k_m,q4_generalist_pair_72_28,generalist,560,0.9304,0.8161,0.9666,0.9911,0.0321,0.0214,0.1071,0.0571,0.7907,none
27b,instruct,q8_k_m,q4_generalist_pair_72_28,math,560,0.9518,0.7982,0.9661,0.9911,0.0375,0.0071,0.1643,0.0446,0.7702,none
27b,instruct,q8_k_m,q4_generalist_pair_72_28,planning,560,0.9625,0.8357,0.9705,0.9911,0.0232,0.0125,0.1268,0.05,0.8136,none
27b,instruct,q8_k_m,q4_generalist_pair_72_28,rhetoric,560,0.9607,0.8357,0.9739,0.9964,0.0214,0.0107,0.1268,0.0482,0.8146,none
27b,instruct,q8_k_m,q4_generalist_pair_72_28,spatial,560,0.9732,0.8732,0.9794,0.9946,0.0214,0.0196,0.0911,0.0321,0.854,none
2b_reference,base,base_f16,q2_amplifier_low_echo,adversarial,560,0.9179,0.5375,0.9285,0.9911,0.05,0.3089,0.1875,0.0679,0.4423,none
2b_reference,base,base_f16,q2_amplifier_low_echo,boundary,560,0.9143,0.5357,0.9273,0.9893,0.0679,0.3232,0.1589,0.0429,0.4359,none
2b_reference,base,base_f16,q2_amplifier_low_echo,coding,560,0.9393,0.6071,0.9415,0.9946,0.0446,0.2732,0.1518,0.0411,0.5249,none
2b_reference,base,base_f16,q2_amplifier_low_echo,epistemic,560,0.9304,0.575,0.9434,0.9911,0.0411,0.2589,0.1768,0.0357,0.495,none
2b_reference,base,base_f16,q2_amplifier_low_echo,forensic,560,0.9286,0.5714,0.9372,0.9768,0.05,0.2982,0.1661,0.0321,0.4819,none
2b_reference,base,base_f16,q2_amplifier_low_echo,generalist,560,0.9196,0.5482,0.9351,0.9911,0.0321,0.3161,0.1607,0.0518,0.4599,none
2b_reference,base,base_f16,q2_amplifier_low_echo,math,560,0.9232,0.5804,0.9408,0.9964,0.0429,0.2518,0.1911,0.0607,0.4988,none
2b_reference,base,base_f16,q2_amplifier_low_echo,planning,560,0.9429,0.5714,0.9391,0.9911,0.0357,0.2768,0.1643,0.0518,0.4896,none
2b_reference,base,base_f16,q2_amplifier_low_echo,rhetoric,560,0.9375,0.5857,0.9398,0.9857,0.0411,0.2714,0.1661,0.0554,0.5031,none
2b_reference,base,base_f16,q2_amplifier_low_echo,spatial,560,0.9321,0.5643,0.9395,0.9839,0.0393,0.3036,0.1571,0.0446,0.477,none
2b_reference,base,base_f16,q3_routed_tri_68,adversarial,560,0.9536,0.8232,0.9698,0.9946,0.0375,0.0482,0.1036,0.05,0.7915,none
2b_reference,base,base_f16,q3_routed_tri_68,boundary,560,0.9643,0.7964,0.9738,0.9911,0.0196,0.0643,0.1214,0.0429,0.7658,none
2b_reference,base,base_f16,q3_routed_tri_68,coding,560,0.9571,0.8286,0.9712,0.9875,0.025,0.0393,0.1,0.0536,0.8025,none
2b_reference,base,base_f16,q3_routed_tri_68,epistemic,560,0.9643,0.8286,0.9734,0.9821,0.0179,0.0304,0.1179,0.0357,0.8059,none
2b_reference,base,base_f16,q3_routed_tri_68,forensic,560,0.9732,0.8482,0.9757,0.9946,0.0196,0.0357,0.1018,0.0482,0.8246,none
2b_reference,base,base_f16,q3_routed_tri_68,generalist,560,0.9607,0.825,0.9739,0.9857,0.0179,0.0482,0.1036,0.0429,0.7996,none
2b_reference,base,base_f16,q3_routed_tri_68,math,560,0.9643,0.8071,0.9723,0.9875,0.0161,0.0393,0.1446,0.0518,0.7803,none
2b_reference,base,base_f16,q3_routed_tri_68,planning,560,0.9679,0.8393,0.9717,0.9911,0.0232,0.025,0.1161,0.0536,0.8154,none
2b_reference,base,base_f16,q3_routed_tri_68,rhetoric,560,0.9625,0.7964,0.9692,0.9839,0.0214,0.0393,0.1411,0.0536,0.7682,none
2b_reference,base,base_f16,q3_routed_tri_68,spatial,560,0.9571,0.8464,0.9705,0.9893,0.025,0.0411,0.0911,0.0607,0.8204,none
2b_reference,base,base_f16,q3_stability_tri_72,adversarial,560,0.9607,0.8411,0.9704,0.9857,0.0232,0.0357,0.1,0.0661,0.8157,none
2b_reference,base,base_f16,q3_stability_tri_72,boundary,560,0.9589,0.8161,0.9701,0.9768,0.0268,0.0429,0.1196,0.0411,0.7878,none
2b_reference,base,base_f16,q3_stability_tri_72,coding,560,0.9786,0.8286,0.9788,0.9946,0.0107,0.0464,0.1143,0.0393,0.805,none
2b_reference,base,base_f16,q3_stability_tri_72,epistemic,560,0.9429,0.8036,0.9647,0.9821,0.0268,0.0196,0.1429,0.0518,0.7776,none
2b_reference,base,base_f16,q3_stability_tri_72,forensic,560,0.9696,0.825,0.9724,0.9911,0.0232,0.0446,0.1179,0.05,0.7972,none
2b_reference,base,base_f16,q3_stability_tri_72,generalist,560,0.9518,0.8125,0.9691,0.9857,0.0179,0.0411,0.1179,0.0607,0.7865,none
2b_reference,base,base_f16,q3_stability_tri_72,math,560,0.9804,0.8196,0.9735,0.9857,0.0107,0.0286,0.1625,0.0482,0.7953,none
2b_reference,base,base_f16,q3_stability_tri_72,planning,560,0.9768,0.8571,0.9762,0.9875,0.0143,0.025,0.1071,0.0411,0.8372,none
2b_reference,base,base_f16,q3_stability_tri_72,rhetoric,560,0.9732,0.8143,0.9754,0.9929,0.0161,0.0304,0.1429,0.0411,0.7899,none
2b_reference,base,base_f16,q3_stability_tri_72,spatial,560,0.9625,0.8411,0.973,0.9929,0.025,0.0339,0.1036,0.05,0.816,none
2b_reference,base,base_f16,q4_boundary_pair_72_28,adversarial,560,0.9696,0.825,0.9754,0.9946,0.0125,0.0464,0.1089,0.0589,0.8003,none
2b_reference,base,base_f16,q4_boundary_pair_72_28,boundary,560,0.9661,0.8625,0.9745,0.9946,0.0214,0.0393,0.0804,0.0625,0.8387,none
2b_reference,base,base_f16,q4_boundary_pair_72_28,coding,560,0.9589,0.8286,0.9697,0.9857,0.0214,0.0429,0.1018,0.0625,0.8023,none
2b_reference,base,base_f16,q4_boundary_pair_72_28,epistemic,560,0.95,0.8446,0.9696,0.9857,0.025,0.0143,0.1054,0.0518,0.8233,none
2b_reference,base,base_f16,q4_boundary_pair_72_28,forensic,560,0.9589,0.8429,0.9693,0.9857,0.0286,0.0304,0.1071,0.0518,0.8171,none
2b_reference,base,base_f16,q4_boundary_pair_72_28,generalist,560,0.9589,0.8321,0.9744,0.9893,0.0268,0.0232,0.1125,0.0304,0.8089,none
2b_reference,base,base_f16,q4_boundary_pair_72_28,math,560,0.9696,0.8232,0.9715,0.9911,0.0232,0.0214,0.1429,0.0482,0.7981,none
2b_reference,base,base_f16,q4_boundary_pair_72_28,planning,560,0.9732,0.8732,0.9779,0.9911,0.0143,0.0339,0.0875,0.0446,0.8529,none
2b_reference,base,base_f16,q4_boundary_pair_72_28,rhetoric,560,0.9625,0.825,0.9727,0.9821,0.025,0.0268,0.1268,0.0321,0.8004,none
2b_reference,base,base_f16,q4_boundary_pair_72_28,spatial,560,0.9696,0.8482,0.9733,0.9929,0.0214,0.0339,0.1036,0.0571,0.8239,none
2b_reference,base,base_f16,q4_generalist_pair_72_28,adversarial,560,0.9518,0.825,0.9668,0.9911,0.0304,0.0339,0.1125,0.0732,0.7964,none
2b_reference,base,base_f16,q4_generalist_pair_72_28,boundary,560,0.9482,0.825,0.9646,0.9875,0.0339,0.0232,0.1143,0.0696,0.7976,none
2b_reference,base,base_f16,q4_generalist_pair_72_28,coding,560,0.9607,0.8304,0.9712,0.9946,0.0214,0.0357,0.1036,0.0643,0.8053,none
2b_reference,base,base_f16,q4_generalist_pair_72_28,epistemic,560,0.9411,0.8268,0.97,0.9893,0.0286,0.0071,0.1214,0.0411,0.805,none
2b_reference,base,base_f16,q4_generalist_pair_72_28,forensic,560,0.9607,0.8286,0.9731,0.9875,0.0214,0.0196,0.1304,0.0375,0.8059,none
2b_reference,base,base_f16,q4_generalist_pair_72_28,generalist,560,0.95,0.7982,0.9688,0.9875,0.0196,0.0232,0.1554,0.0482,0.7728,none
2b_reference,base,base_f16,q4_generalist_pair_72_28,math,560,0.975,0.8304,0.9764,1.0,0.0161,0.0196,0.1446,0.0446,0.8078,none
2b_reference,base,base_f16,q4_generalist_pair_72_28,planning,560,0.9607,0.8571,0.9696,0.9964,0.0214,0.0161,0.1018,0.075,0.8356,none
2b_reference,base,base_f16,q4_generalist_pair_72_28,rhetoric,560,0.9607,0.8196,0.9744,0.9946,0.0268,0.0214,0.1339,0.0339,0.7949,none
2b_reference,base,base_f16,q4_generalist_pair_72_28,spatial,560,0.9732,0.8643,0.975,0.9929,0.0161,0.0232,0.1036,0.0554,0.8438,none
2b_reference,base,collapsed_q2_edge,q2_amplifier_low_echo,adversarial,560,0.6464,0.2857,0.8124,0.9857,0.2375,0.3018,0.5786,0.2482,0.0954,distractor_capture
2b_reference,base,collapsed_q2_edge,q2_amplifier_low_echo,boundary,560,0.7143,0.2946,0.835,0.9893,0.2107,0.2964,0.5964,0.1625,0.1163,distractor_capture
2b_reference,base,collapsed_q2_edge,q2_amplifier_low_echo,coding,560,0.4304,0.2429,0.6569,0.7339,0.25,0.2661,0.4982,0.7839,0.0356,cascade
2b_reference,base,collapsed_q2_edge,q2_amplifier_low_echo,epistemic,560,0.4143,0.2018,0.6561,0.7357,0.2482,0.3107,0.5571,0.6804,-0.0134,cascade
2b_reference,base,collapsed_q2_edge,q2_amplifier_low_echo,forensic,560,0.4911,0.2571,0.7249,0.9839,0.2411,0.2821,0.5393,0.6857,0.051,distractor_capture
2b_reference,base,collapsed_q2_edge,q2_amplifier_low_echo,generalist,560,0.3571,0.2107,0.6088,0.6375,0.2411,0.2911,0.5446,0.8518,-0.006,cascade
2b_reference,base,collapsed_q2_edge,q2_amplifier_low_echo,math,560,0.3482,0.2036,0.5956,0.6786,0.2464,0.2607,0.5875,1.1482,-0.0269,cascade
2b_reference,base,collapsed_q2_edge,q2_amplifier_low_echo,planning,560,0.4554,0.2554,0.6661,0.7054,0.2536,0.2518,0.4518,0.7125,0.0572,none
2b_reference,base,collapsed_q2_edge,q2_amplifier_low_echo,rhetoric,560,0.3518,0.2054,0.5948,0.6857,0.2625,0.2625,0.5393,1.0625,-0.0222,cascade
2b_reference,base,collapsed_q2_edge,q2_amplifier_low_echo,spatial,560,0.3625,0.1964,0.5957,0.6625,0.2643,0.275,0.4589,1.0232,-0.0257,cascade
2b_reference,base,collapsed_q2_edge,q3_routed_tri_68,adversarial,560,0.2018,0.1357,0.4792,0.8161,0.3982,0.0429,0.5571,1.9054,-0.1322,cascade
2b_reference,base,collapsed_q2_edge,q3_routed_tri_68,boundary,560,0.2429,0.1589,0.5085,0.8071,0.3857,0.05,0.675,1.6625,-0.1039,cascade
2b_reference,base,collapsed_q2_edge,q3_routed_tri_68,coding,560,0.1036,0.0804,0.3789,0.5786,0.3768,0.0357,0.4732,2.1125,-0.1833,cascade
2b_reference,base,collapsed_q2_edge,q3_routed_tri_68,epistemic,560,0.1393,0.0857,0.3743,0.5946,0.3893,0.0411,0.5786,1.8554,-0.1783,cascade
2b_reference,base,collapsed_q2_edge,q3_routed_tri_68,forensic,560,0.1839,0.1304,0.4205,0.7893,0.3929,0.0429,0.5232,2.025,-0.1392,cascade
2b_reference,base,collapsed_q2_edge,q3_routed_tri_68,generalist,560,0.1161,0.0857,0.3712,0.6036,0.4143,0.0411,0.5482,1.9321,-0.1873,cascade
2b_reference,base,collapsed_q2_edge,q3_routed_tri_68,math,560,0.1357,0.1054,0.3613,0.5429,0.3839,0.0375,0.5286,2.3607,-0.1776,cascade
2b_reference,base,collapsed_q2_edge,q3_routed_tri_68,planning,560,0.1786,0.1393,0.4091,0.5911,0.4054,0.0446,0.4482,1.8964,-0.1219,cascade
2b_reference,base,collapsed_q2_edge,q3_routed_tri_68,rhetoric,560,0.1107,0.0714,0.3638,0.6089,0.3804,0.0214,0.5571,2.2232,-0.2027,cascade
2b_reference,base,collapsed_q2_edge,q3_routed_tri_68,spatial,560,0.1375,0.1036,0.381,0.5804,0.3589,0.0286,0.4714,2.1357,-0.1543,cascade
2b_reference,base,collapsed_q2_edge,q3_stability_tri_72,adversarial,560,0.225,0.1696,0.5183,0.85,0.3982,0.0411,0.5464,1.7321,-0.0884,cascade
2b_reference,base,collapsed_q2_edge,q3_stability_tri_72,boundary,560,0.2357,0.1339,0.5135,0.7946,0.3679,0.0482,0.6946,1.6196,-0.1226,cascade
2b_reference,base,collapsed_q2_edge,q3_stability_tri_72,coding,560,0.1286,0.1036,0.3997,0.5804,0.3714,0.05,0.4714,2.0161,-0.1564,cascade
2b_reference,base,collapsed_q2_edge,q3_stability_tri_72,epistemic,560,0.1482,0.1054,0.407,0.6357,0.4304,0.0321,0.5768,1.7036,-0.1615,cascade
2b_reference,base,collapsed_q2_edge,q3_stability_tri_72,forensic,560,0.1786,0.1393,0.4329,0.7875,0.3768,0.0321,0.5393,1.9446,-0.1206,cascade
2b_reference,base,collapsed_q2_edge,q3_stability_tri_72,generalist,560,0.1321,0.0964,0.3979,0.5911,0.375,0.0375,0.5321,1.8589,-0.1591,cascade
2b_reference,base,collapsed_q2_edge,q3_stability_tri_72,math,560,0.1268,0.0804,0.38,0.6018,0.3643,0.0482,0.5268,2.3107,-0.1962,cascade
2b_reference,base,collapsed_q2_edge,q3_stability_tri_72,planning,560,0.2321,0.1804,0.4578,0.6464,0.3571,0.0268,0.4339,1.7464,-0.0542,cascade
2b_reference,base,collapsed_q2_edge,q3_stability_tri_72,rhetoric,560,0.1411,0.1,0.3774,0.5911,0.3964,0.025,0.5607,2.1393,-0.1757,cascade
2b_reference,base,collapsed_q2_edge,q3_stability_tri_72,spatial,560,0.1714,0.1268,0.3939,0.5518,0.3696,0.0446,0.4554,1.9232,-0.1256,cascade
2b_reference,base,collapsed_q2_edge,q4_boundary_pair_72_28,adversarial,560,0.1357,0.1036,0.3942,0.8036,0.475,0.0268,0.5679,2.3321,-0.2063,cascade
2b_reference,base,collapsed_q2_edge,q4_boundary_pair_72_28,boundary,560,0.15,0.0982,0.4138,0.7982,0.4554,0.0304,0.6696,2.1054,-0.2033,cascade
2b_reference,base,collapsed_q2_edge,q4_boundary_pair_72_28,coding,560,0.0696,0.0554,0.2587,0.4839,0.4929,0.0429,0.4429,2.7268,-0.2728,cascade
2b_reference,base,collapsed_q2_edge,q4_boundary_pair_72_28,epistemic,560,0.0768,0.0571,0.2527,0.4625,0.5018,0.0196,0.5357,2.375,-0.2589,cascade
2b_reference,base,collapsed_q2_edge,q4_boundary_pair_72_28,forensic,560,0.1,0.0821,0.3135,0.725,0.4875,0.0429,0.5804,2.5375,-0.246,cascade
2b_reference,base,collapsed_q2_edge,q4_boundary_pair_72_28,generalist,560,0.0482,0.0321,0.2367,0.4464,0.5179,0.0286,0.5696,2.5286,-0.3009,cascade
2b_reference,base,collapsed_q2_edge,q4_boundary_pair_72_28,math,560,0.0429,0.0304,0.2165,0.4375,0.4875,0.0339,0.5804,3.1518,-0.3267,cascade
2b_reference,base,collapsed_q2_edge,q4_boundary_pair_72_28,planning,560,0.0982,0.0821,0.2588,0.4411,0.4964,0.0321,0.4786,2.6196,-0.2425,cascade
2b_reference,base,collapsed_q2_edge,q4_boundary_pair_72_28,rhetoric,560,0.0375,0.0321,0.1964,0.4304,0.5304,0.0196,0.5411,3.0107,-0.3247,cascade
2b_reference,base,collapsed_q2_edge,q4_boundary_pair_72_28,spatial,560,0.0661,0.0429,0.2423,0.5214,0.4821,0.0375,0.45,2.8107,-0.2858,cascade
2b_reference,base,collapsed_q2_edge,q4_generalist_pair_72_28,adversarial,560,0.0661,0.0393,0.2683,0.6536,0.5393,0.025,0.6964,2.9964,-0.333,cascade
2b_reference,base,collapsed_q2_edge,q4_generalist_pair_72_28,boundary,560,0.0571,0.0446,0.2528,0.5946,0.5607,0.0411,0.6571,2.9036,-0.3295,cascade
2b_reference,base,collapsed_q2_edge,q4_generalist_pair_72_28,coding,560,0.0607,0.0482,0.2598,0.5232,0.4893,0.0286,0.5179,2.725,-0.282,cascade
2b_reference,base,collapsed_q2_edge,q4_generalist_pair_72_28,epistemic,560,0.0589,0.0429,0.2509,0.5411,0.5321,0.0107,0.6482,2.3857,-0.2901,cascade
2b_reference,base,collapsed_q2_edge,q4_generalist_pair_72_28,forensic,560,0.0482,0.0357,0.2311,0.6375,0.5464,0.0196,0.5982,2.8214,-0.3211,cascade
2b_reference,base,collapsed_q2_edge,q4_generalist_pair_72_28,generalist,560,0.0536,0.0375,0.2394,0.5161,0.5214,0.0321,0.6196,2.5679,-0.3033,cascade
2b_reference,base,collapsed_q2_edge,q4_generalist_pair_72_28,math,560,0.0589,0.0446,0.2374,0.4929,0.4857,0.0232,0.5964,3.0357,-0.3052,cascade
2b_reference,base,collapsed_q2_edge,q4_generalist_pair_72_28,planning,560,0.0875,0.0661,0.2817,0.55,0.4679,0.0196,0.5018,2.5607,-0.2464,cascade
2b_reference,base,collapsed_q2_edge,q4_generalist_pair_72_28,rhetoric,560,0.0446,0.0357,0.2117,0.5125,0.5179,0.0179,0.6107,3.0179,-0.323,cascade
2b_reference,base,collapsed_q2_edge,q4_generalist_pair_72_28,spatial,560,0.0786,0.0643,0.2725,0.5518,0.4446,0.025,0.4696,2.6304,-0.2432,cascade
2b_reference,base,damaged_q2,q2_amplifier_low_echo,adversarial,560,0.7929,0.3589,0.8773,0.9893,0.1661,0.2946,0.5,0.0357,0.2084,none
2b_reference,base,damaged_q2,q2_amplifier_low_echo,boundary,560,0.8107,0.35,0.8773,0.9929,0.1393,0.3286,0.4821,0.0732,0.2003,none
2b_reference,base,damaged_q2,q2_amplifier_low_echo,coding,560,0.7071,0.3589,0.8346,0.8393,0.1554,0.2589,0.4196,0.1482,0.2196,none
2b_reference,base,damaged_q2,q2_amplifier_low_echo,epistemic,560,0.7196,0.3839,0.8339,0.8554,0.1571,0.2625,0.4286,0.1607,0.242,none
2b_reference,base,damaged_q2,q2_amplifier_low_echo,forensic,560,0.7804,0.3857,0.8668,0.9839,0.1339,0.2964,0.4661,0.1714,0.2404,none
2b_reference,base,damaged_q2,q2_amplifier_low_echo,generalist,560,0.6536,0.3125,0.7951,0.8018,0.15,0.3125,0.5036,0.2429,0.1526,none
2b_reference,base,damaged_q2,q2_amplifier_low_echo,math,560,0.6768,0.3464,0.8049,0.8107,0.1321,0.25,0.4696,0.3446,0.202,none
2b_reference,base,damaged_q2,q2_amplifier_low_echo,planning,560,0.7339,0.4,0.8333,0.8232,0.1554,0.2536,0.4018,0.1464,0.2632,none
2b_reference,base,damaged_q2,q2_amplifier_low_echo,rhetoric,560,0.6196,0.3143,0.7754,0.7786,0.1768,0.2732,0.4696,0.35,0.1515,none
2b_reference,base,damaged_q2,q2_amplifier_low_echo,spatial,560,0.6893,0.3482,0.8118,0.8036,0.1446,0.2696,0.4464,0.2393,0.2032,none
2b_reference,base,damaged_q2,q3_routed_tri_68,adversarial,560,0.5804,0.3804,0.7675,0.9554,0.2339,0.0411,0.425,0.7125,0.2323,none
2b_reference,base,damaged_q2,q3_routed_tri_68,boundary,560,0.5911,0.3661,0.761,0.9482,0.2464,0.0607,0.5518,0.6393,0.2039,none
2b_reference,base,damaged_q2,q3_routed_tri_68,coding,560,0.375,0.2768,0.6262,0.75,0.2536,0.0625,0.3661,1.1179,0.103,none
2b_reference,base,damaged_q2,q3_routed_tri_68,epistemic,560,0.4268,0.3268,0.6659,0.7893,0.2036,0.0304,0.4929,0.8714,0.1766,none
2b_reference,base,damaged_q2,q3_routed_tri_68,forensic,560,0.4714,0.3321,0.6869,0.9607,0.2071,0.0393,0.4179,1.0696,0.1752,none
2b_reference,base,damaged_q2,q3_routed_tri_68,generalist,560,0.3464,0.2482,0.6226,0.7411,0.2339,0.0446,0.4893,1.0268,0.0786,none
2b_reference,base,damaged_q2,q3_routed_tri_68,math,560,0.3411,0.2357,0.5958,0.7179,0.2071,0.0571,0.4982,1.3821,0.0532,none
2b_reference,base,damaged_q2,q3_routed_tri_68,planning,560,0.45,0.3286,0.6811,0.775,0.2268,0.0321,0.3982,0.8946,0.1775,none
2b_reference,base,damaged_q2,q3_routed_tri_68,rhetoric,560,0.3446,0.2232,0.5837,0.7196,0.2464,0.0339,0.475,1.3214,0.0384,cascade
2b_reference,base,damaged_q2,q3_routed_tri_68,spatial,560,0.4268,0.3054,0.6346,0.775,0.2321,0.0286,0.3911,1.1286,0.1423,none
2b_reference,base,damaged_q2,q3_stability_tri_72,adversarial,560,0.6143,0.4018,0.7817,0.9661,0.225,0.0232,0.4571,0.6607,0.26,none
2b_reference,base,damaged_q2,q3_stability_tri_72,boundary,560,0.6714,0.4161,0.7997,0.9607,0.2,0.0393,0.5661,0.5268,0.2766,none
2b_reference,base,damaged_q2,q3_stability_tri_72,coding,560,0.3946,0.2714,0.6452,0.7321,0.2214,0.0429,0.3929,1.0304,0.1135,none
2b_reference,base,damaged_q2,q3_stability_tri_72,epistemic,560,0.4339,0.3339,0.6854,0.8143,0.2161,0.0286,0.4321,0.8214,0.1877,none
2b_reference,base,damaged_q2,q3_stability_tri_72,forensic,560,0.4589,0.3214,0.6852,0.9125,0.2643,0.0518,0.4768,0.95,0.1461,none
2b_reference,base,damaged_q2,q3_stability_tri_72,generalist,560,0.3714,0.2875,0.6279,0.7107,0.2482,0.0321,0.4161,0.9857,0.124,none
2b_reference,base,damaged_q2,q3_stability_tri_72,math,560,0.3929,0.2929,0.6381,0.7536,0.2054,0.0429,0.4893,1.1893,0.1241,none
2b_reference,base,damaged_q2,q3_stability_tri_72,planning,560,0.5018,0.375,0.6924,0.7536,0.1839,0.0357,0.4,0.875,0.2369,none
2b_reference,base,damaged_q2,q3_stability_tri_72,rhetoric,560,0.3411,0.2304,0.5938,0.6929,0.2518,0.0304,0.4661,1.2357,0.0497,cascade
2b_reference,base,damaged_q2,q3_stability_tri_72,spatial,560,0.4304,0.3179,0.6277,0.7143,0.2393,0.0375,0.4018,1.0643,0.1532,none
2b_reference,base,damaged_q2,q4_boundary_pair_72_28,adversarial,560,0.3518,0.2518,0.6344,0.9179,0.2946,0.0214,0.4661,1.3179,0.0559,cascade
2b_reference,base,damaged_q2,q4_boundary_pair_72_28,boundary,560,0.4821,0.3268,0.6885,0.9143,0.2554,0.0446,0.5179,1.0036,0.1496,none
2b_reference,base,damaged_q2,q4_boundary_pair_72_28,coding,560,0.2036,0.1446,0.4722,0.6571,0.3357,0.0179,0.3893,1.7268,-0.0771,cascade
2b_reference,base,damaged_q2,q4_boundary_pair_72_28,epistemic,560,0.2286,0.1696,0.4873,0.6875,0.3089,0.0196,0.4536,1.5,-0.0383,cascade
2b_reference,base,damaged_q2,q4_boundary_pair_72_28,forensic,560,0.2732,0.2054,0.5452,0.8964,0.3214,0.0286,0.4643,1.5411,-0.011,cascade
2b_reference,base,damaged_q2,q4_boundary_pair_72_28,generalist,560,0.1875,0.1464,0.4586,0.6036,0.2929,0.0482,0.4768,1.6536,-0.0719,cascade
2b_reference,base,damaged_q2,q4_boundary_pair_72_28,math,560,0.1875,0.15,0.4522,0.6393,0.2804,0.0089,0.4929,2.0429,-0.0775,cascade
2b_reference,base,damaged_q2,q4_boundary_pair_72_28,planning,560,0.2286,0.1696,0.4661,0.5839,0.2964,0.0286,0.3679,1.7196,-0.0404,cascade
2b_reference,base,damaged_q2,q4_boundary_pair_72_28,rhetoric,560,0.1839,0.1339,0.4373,0.5982,0.3357,0.0268,0.4786,1.8839,-0.1046,cascade
2b_reference,base,damaged_q2,q4_boundary_pair_72_28,spatial,560,0.2161,0.1589,0.4399,0.5964,0.2839,0.0375,0.3839,1.8768,-0.0583,cascade
2b_reference,base,damaged_q2,q4_generalist_pair_72_28,adversarial,560,0.2054,0.15,0.5024,0.7857,0.3339,0.0232,0.5321,1.8625,-0.0905,cascade
2b_reference,base,damaged_q2,q4_generalist_pair_72_28,boundary,560,0.2286,0.1554,0.5061,0.7714,0.3268,0.0286,0.5768,1.7232,-0.0807,cascade
2b_reference,base,damaged_q2,q4_generalist_pair_72_28,coding,560,0.1839,0.1339,0.4701,0.7018,0.3107,0.0161,0.4339,1.8339,-0.0889,cascade
2b_reference,base,damaged_q2,q4_generalist_pair_72_28,epistemic,560,0.2125,0.1625,0.4806,0.6839,0.2929,0.0036,0.5071,1.5375,-0.0435,cascade
2b_reference,base,damaged_q2,q4_generalist_pair_72_28,forensic,560,0.2161,0.1589,0.4714,0.7821,0.3464,0.0214,0.5321,1.8018,-0.0819,cascade
2b_reference,base,damaged_q2,q4_generalist_pair_72_28,generalist,560,0.1946,0.1411,0.4868,0.6911,0.2929,0.0232,0.5268,1.5804,-0.0726,cascade
2b_reference,base,damaged_q2,q4_generalist_pair_72_28,math,560,0.1857,0.1393,0.4694,0.6929,0.2696,0.0214,0.5464,1.9643,-0.0878,cascade
2b_reference,base,damaged_q2,q4_generalist_pair_72_28,planning,560,0.2946,0.2125,0.5374,0.7375,0.2536,0.0214,0.4339,1.5696,0.0189,cascade
2b_reference,base,damaged_q2,q4_generalist_pair_72_28,rhetoric,560,0.1643,0.1232,0.46,0.6893,0.2804,0.0143,0.5536,1.8911,-0.1026,cascade
2b_reference,base,damaged_q2,q4_generalist_pair_72_28,spatial,560,0.2625,0.2018,0.5013,0.7089,0.25,0.0304,0.3982,1.7518,0.0013,cascade
2b_reference,base,damaged_q3,q2_amplifier_low_echo,adversarial,560,0.8286,0.4446,0.8975,0.9911,0.1268,0.2804,0.3321,0.0607,0.3209,none
2b_reference,base,damaged_q3,q2_amplifier_low_echo,boundary,560,0.8804,0.4393,0.9077,0.9929,0.0911,0.2911,0.3714,0.0482,0.3216,none
2b_reference,base,damaged_q3,q2_amplifier_low_echo,coding,560,0.8661,0.4268,0.9031,0.9911,0.1089,0.3054,0.3161,0.0571,0.3049,none
2b_reference,base,damaged_q3,q2_amplifier_low_echo,epistemic,560,0.8643,0.4571,0.9119,0.9946,0.1089,0.2589,0.3429,0.0375,0.3434,none
2b_reference,base,damaged_q3,q2_amplifier_low_echo,forensic,560,0.8518,0.4339,0.9019,0.9857,0.1161,0.2946,0.3482,0.0464,0.31,none
2b_reference,base,damaged_q3,q2_amplifier_low_echo,generalist,560,0.8589,0.4625,0.9045,0.9786,0.0982,0.2893,0.3143,0.0518,0.3474,none
2b_reference,base,damaged_q3,q2_amplifier_low_echo,math,560,0.8589,0.4375,0.9059,0.9768,0.1018,0.2714,0.3393,0.0643,0.3223,none
2b_reference,base,damaged_q3,q2_amplifier_low_echo,planning,560,0.8679,0.4804,0.9084,0.9875,0.1018,0.2607,0.3,0.0589,0.3707,none
2b_reference,base,damaged_q3,q2_amplifier_low_echo,rhetoric,560,0.8268,0.4125,0.8954,0.9786,0.1393,0.2911,0.3321,0.0518,0.2833,none
2b_reference,base,damaged_q3,q2_amplifier_low_echo,spatial,560,0.8661,0.5125,0.9152,0.9786,0.1054,0.2804,0.2446,0.0357,0.4035,none
2b_reference,base,damaged_q3,q3_routed_tri_68,adversarial,560,0.8696,0.6518,0.9334,0.9821,0.1107,0.0304,0.2732,0.0464,0.5883,none
2b_reference,base,damaged_q3,q3_routed_tri_68,boundary,560,0.8893,0.6071,0.9347,0.9839,0.0946,0.0411,0.3393,0.0429,0.5413,none
2b_reference,base,damaged_q3,q3_routed_tri_68,coding,560,0.8643,0.6286,0.9253,0.9625,0.1036,0.0411,0.275,0.0768,0.5634,none
2b_reference,base,damaged_q3,q3_routed_tri_68,epistemic,560,0.8589,0.625,0.9297,0.9804,0.0964,0.0321,0.2982,0.0625,0.5627,none
2b_reference,base,damaged_q3,q3_routed_tri_68,forensic,560,0.8571,0.6161,0.9254,0.9911,0.125,0.0375,0.2804,0.0714,0.5451,none
2b_reference,base,damaged_q3,q3_routed_tri_68,generalist,560,0.8286,0.6054,0.9137,0.9554,0.1268,0.0393,0.2875,0.0768,0.5326,none
2b_reference,base,damaged_q3,q3_routed_tri_68,math,560,0.8536,0.5732,0.9126,0.95,0.0946,0.0411,0.3607,0.1286,0.5013,none
2b_reference,base,damaged_q3,q3_routed_tri_68,planning,560,0.8732,0.6625,0.9333,0.9661,0.1,0.0411,0.2536,0.0482,0.6016,none
2b_reference,base,damaged_q3,q3_routed_tri_68,rhetoric,560,0.8286,0.5839,0.9055,0.9375,0.1107,0.0411,0.3179,0.1268,0.5107,none
2b_reference,base,damaged_q3,q3_routed_tri_68,spatial,560,0.8696,0.6536,0.9295,0.9643,0.0964,0.0482,0.2589,0.075,0.5905,none
2b_reference,base,damaged_q3,q3_stability_tri_72,adversarial,560,0.8536,0.6054,0.9247,0.9929,0.1286,0.0304,0.3339,0.0571,0.5311,none
2b_reference,base,damaged_q3,q3_stability_tri_72,boundary,560,0.8536,0.5804,0.9231,0.9982,0.1357,0.0482,0.3304,0.0571,0.5007,none
2b_reference,base,damaged_q3,q3_stability_tri_72,coding,560,0.8411,0.5857,0.9202,0.9536,0.1196,0.0571,0.2946,0.0571,0.512,none
2b_reference,base,damaged_q3,q3_stability_tri_72,epistemic,560,0.8554,0.5946,0.9227,0.975,0.1161,0.0304,0.3161,0.0607,0.5254,none
2b_reference,base,damaged_q3,q3_stability_tri_72,forensic,560,0.8696,0.6268,0.9292,0.9893,0.1054,0.0339,0.3286,0.0607,0.5591,none
2b_reference,base,damaged_q3,q3_stability_tri_72,generalist,560,0.8357,0.6018,0.9192,0.9554,0.1143,0.0536,0.2911,0.0661,0.5302,none
2b_reference,base,damaged_q3,q3_stability_tri_72,math,560,0.8446,0.5911,0.9146,0.9304,0.0946,0.0339,0.3357,0.1,0.524,none
2b_reference,base,damaged_q3,q3_stability_tri_72,planning,560,0.8536,0.6661,0.9239,0.9625,0.1143,0.025,0.2393,0.0696,0.6042,none
2b_reference,base,damaged_q3,q3_stability_tri_72,rhetoric,560,0.8143,0.5661,0.9048,0.9214,0.1143,0.0446,0.3411,0.0982,0.4907,none
2b_reference,base,damaged_q3,q3_stability_tri_72,spatial,560,0.8589,0.6554,0.9252,0.9589,0.1161,0.0321,0.2357,0.075,0.5915,none
2b_reference,base,damaged_q3,q4_boundary_pair_72_28,adversarial,560,0.8321,0.5875,0.9127,0.9804,0.1375,0.0268,0.3125,0.1036,0.5107,none
2b_reference,base,damaged_q3,q4_boundary_pair_72_28,boundary,560,0.8518,0.6071,0.9226,0.9929,0.1339,0.0339,0.3214,0.0589,0.5315,none
2b_reference,base,damaged_q3,q4_boundary_pair_72_28,coding,560,0.7125,0.55,0.833,0.8571,0.1411,0.0375,0.2393,0.3839,0.4618,none
2b_reference,base,damaged_q3,q4_boundary_pair_72_28,epistemic,560,0.6857,0.5393,0.8347,0.8839,0.1482,0.0143,0.3,0.3357,0.4512,none
2b_reference,base,damaged_q3,q4_boundary_pair_72_28,forensic,560,0.8071,0.6107,0.8865,0.9911,0.1179,0.0321,0.2804,0.2839,0.5323,none
2b_reference,base,damaged_q3,q4_boundary_pair_72_28,generalist,560,0.6536,0.4804,0.8083,0.8125,0.1268,0.0375,0.3518,0.4089,0.3862,none
2b_reference,base,damaged_q3,q4_boundary_pair_72_28,math,560,0.6411,0.4875,0.786,0.8179,0.1321,0.0518,0.3321,0.6196,0.3799,none
2b_reference,base,damaged_q3,q4_boundary_pair_72_28,planning,560,0.7375,0.55,0.8308,0.8411,0.1357,0.0411,0.2536,0.3911,0.4612,none
2b_reference,base,damaged_q3,q4_boundary_pair_72_28,rhetoric,560,0.6411,0.4857,0.7893,0.8286,0.1446,0.0375,0.3268,0.5518,0.3811,none
2b_reference,base,damaged_q3,q4_boundary_pair_72_28,spatial,560,0.6964,0.55,0.8139,0.8589,0.1339,0.0393,0.2286,0.4929,0.459,none
2b_reference,base,damaged_q3,q4_generalist_pair_72_28,adversarial,560,0.7661,0.5518,0.8835,0.9893,0.1518,0.0232,0.3393,0.2589,0.4615,none
2b_reference,base,damaged_q3,q4_generalist_pair_72_28,boundary,560,0.8125,0.5518,0.8861,0.975,0.1304,0.025,0.3696,0.2411,0.4661,none
2b_reference,base,damaged_q3,q4_generalist_pair_72_28,coding,560,0.7464,0.5661,0.8444,0.9,0.125,0.0107,0.2964,0.3893,0.4833,none
2b_reference,base,damaged_q3,q4_generalist_pair_72_28,epistemic,560,0.7161,0.5518,0.8535,0.925,0.1179,0.0107,0.3375,0.3286,0.4709,none
2b_reference,base,damaged_q3,q4_generalist_pair_72_28,forensic,560,0.7036,0.525,0.8228,0.9857,0.175,0.0268,0.3679,0.4911,0.4132,none
2b_reference,base,damaged_q3,q4_generalist_pair_72_28,generalist,560,0.7179,0.5268,0.8429,0.9143,0.1339,0.0411,0.3411,0.3464,0.4338,none
2b_reference,base,damaged_q3,q4_generalist_pair_72_28,math,560,0.6571,0.4714,0.8155,0.8929,0.1161,0.0179,0.3768,0.5607,0.3749,none
2b_reference,base,damaged_q3,q4_generalist_pair_72_28,planning,560,0.7536,0.5714,0.8629,0.9286,0.1179,0.0214,0.2804,0.3446,0.4921,none
2b_reference,base,damaged_q3,q4_generalist_pair_72_28,rhetoric,560,0.6964,0.5018,0.8234,0.8964,0.1286,0.0161,0.3464,0.475,0.4085,none
2b_reference,base,damaged_q3,q4_generalist_pair_72_28,spatial,560,0.7304,0.5375,0.8401,0.9036,0.1304,0.0268,0.3071,0.4018,0.4484,none
2b_reference,base,damaged_q4,q2_amplifier_low_echo,adversarial,560,0.8857,0.4786,0.9178,0.9911,0.0714,0.3107,0.2643,0.0589,0.3709,none
2b_reference,base,damaged_q4,q2_amplifier_low_echo,boundary,560,0.8821,0.4643,0.9116,0.9946,0.0911,0.2911,0.3125,0.05,0.3513,none
2b_reference,base,damaged_q4,q2_amplifier_low_echo,coding,560,0.8821,0.5143,0.9162,0.9839,0.0893,0.2964,0.2196,0.05,0.4081,none
2b_reference,base,damaged_q4,q2_amplifier_low_echo,epistemic,560,0.8857,0.4482,0.9189,0.9893,0.075,0.2643,0.35,0.0411,0.3428,none
2b_reference,base,damaged_q4,q2_amplifier_low_echo,forensic,560,0.8964,0.4964,0.9212,0.9857,0.0696,0.3018,0.275,0.0518,0.3906,none
2b_reference,base,damaged_q4,q2_amplifier_low_echo,generalist,560,0.8768,0.4679,0.9171,0.9946,0.075,0.275,0.2964,0.0571,0.3638,none
2b_reference,base,damaged_q4,q2_amplifier_low_echo,math,560,0.9018,0.5036,0.9237,0.9804,0.0679,0.2607,0.2946,0.0536,0.4048,none
2b_reference,base,damaged_q4,q2_amplifier_low_echo,planning,560,0.8857,0.5357,0.918,0.9786,0.0857,0.2714,0.2286,0.0375,0.4356,none
2b_reference,base,damaged_q4,q2_amplifier_low_echo,rhetoric,560,0.8661,0.5,0.916,0.9875,0.1,0.2821,0.2607,0.0482,0.3903,none
2b_reference,base,damaged_q4,q2_amplifier_low_echo,spatial,560,0.8946,0.5339,0.9228,0.975,0.0821,0.2643,0.2482,0.0393,0.4346,none
2b_reference,base,damaged_q4,q3_routed_tri_68,adversarial,560,0.8893,0.6482,0.9378,0.9911,0.0929,0.0571,0.275,0.0643,0.5837,none
2b_reference,base,damaged_q4,q3_routed_tri_68,boundary,560,0.9161,0.6661,0.9484,0.9946,0.0679,0.0571,0.2589,0.0554,0.6108,none
2b_reference,base,damaged_q4,q3_routed_tri_68,coding,560,0.8821,0.675,0.9435,0.9911,0.1,0.05,0.2107,0.0393,0.6162,none
2b_reference,base,damaged_q4,q3_routed_tri_68,epistemic,560,0.9089,0.7143,0.9489,0.9911,0.0768,0.0214,0.2429,0.0375,0.6657,none
2b_reference,base,damaged_q4,q3_routed_tri_68,forensic,560,0.9143,0.6839,0.9473,0.9946,0.0804,0.0393,0.2429,0.05,0.63,none
2b_reference,base,damaged_q4,q3_routed_tri_68,generalist,560,0.8946,0.6696,0.9441,0.9893,0.0768,0.05,0.2464,0.0536,0.6142,none
2b_reference,base,damaged_q4,q3_routed_tri_68,math,560,0.925,0.6804,0.9528,0.9946,0.0607,0.0304,0.2804,0.0411,0.6316,none
2b_reference,base,damaged_q4,q3_routed_tri_68,planning,560,0.9125,0.7518,0.9537,0.9946,0.0732,0.0268,0.1643,0.0518,0.7087,none
2b_reference,base,damaged_q4,q3_routed_tri_68,rhetoric,560,0.9143,0.6857,0.9514,0.9911,0.075,0.0429,0.2429,0.0321,0.6336,none
2b_reference,base,damaged_q4,q3_routed_tri_68,spatial,560,0.8982,0.6625,0.9455,0.9929,0.0875,0.0464,0.2393,0.0464,0.6055,none
2b_reference,base,damaged_q4,q3_stability_tri_72,adversarial,560,0.9089,0.6911,0.9491,0.9893,0.0804,0.0411,0.2339,0.0357,0.6382,none
2b_reference,base,damaged_q4,q3_stability_tri_72,boundary,560,0.8893,0.65,0.9368,0.9875,0.0929,0.0429,0.2661,0.0643,0.5891,none
2b_reference,base,damaged_q4,q3_stability_tri_72,coding,560,0.9018,0.6964,0.9474,0.9911,0.075,0.0339,0.225,0.0536,0.6465,none
2b_reference,base,damaged_q4,q3_stability_tri_72,epistemic,560,0.8982,0.6875,0.9473,0.9821,0.075,0.0304,0.2429,0.0375,0.6376,none
2b_reference,base,damaged_q4,q3_stability_tri_72,forensic,560,0.9,0.675,0.9435,0.9982,0.0946,0.0357,0.2661,0.0411,0.6161,none
2b_reference,base,damaged_q4,q3_stability_tri_72,generalist,560,0.9054,0.7,0.9517,0.9964,0.0732,0.0357,0.2214,0.0393,0.6512,none
2b_reference,base,damaged_q4,q3_stability_tri_72,math,560,0.9214,0.6804,0.9478,0.9821,0.0661,0.0357,0.2607,0.0536,0.6299,none
2b_reference,base,damaged_q4,q3_stability_tri_72,planning,560,0.9089,0.725,0.9498,0.9946,0.0821,0.0339,0.1893,0.0464,0.6761,none
2b_reference,base,damaged_q4,q3_stability_tri_72,rhetoric,560,0.8875,0.6875,0.943,0.9804,0.0839,0.0286,0.2536,0.0429,0.6342,none
2b_reference,base,damaged_q4,q3_stability_tri_72,spatial,560,0.9161,0.7714,0.9525,0.9786,0.0679,0.0214,0.1625,0.0482,0.7314,none
2b_reference,base,damaged_q4,q4_boundary_pair_72_28,adversarial,560,0.8857,0.6839,0.9401,0.9929,0.1,0.025,0.2321,0.0554,0.6276,none
2b_reference,base,damaged_q4,q4_boundary_pair_72_28,boundary,560,0.8839,0.6625,0.9396,0.9911,0.1018,0.0393,0.2589,0.0411,0.6013,none
2b_reference,base,damaged_q4,q4_boundary_pair_72_28,coding,560,0.8857,0.7,0.9339,0.9661,0.0804,0.0304,0.2089,0.0911,0.6486,none
2b_reference,base,damaged_q4,q4_boundary_pair_72_28,epistemic,560,0.8679,0.6571,0.9281,0.9571,0.0768,0.0161,0.2714,0.0839,0.605,none
2b_reference,base,damaged_q4,q4_boundary_pair_72_28,forensic,560,0.9018,0.6589,0.9457,0.9929,0.0804,0.0429,0.2554,0.0518,0.6032,none
2b_reference,base,damaged_q4,q4_boundary_pair_72_28,generalist,560,0.8196,0.6357,0.9088,0.9196,0.125,0.0571,0.2232,0.0839,0.5647,none
2b_reference,base,damaged_q4,q4_boundary_pair_72_28,math,560,0.8696,0.6554,0.9173,0.9304,0.0857,0.0196,0.2768,0.1304,0.5971,none
2b_reference,base,damaged_q4,q4_boundary_pair_72_28,planning,560,0.8964,0.725,0.94,0.9482,0.0768,0.0161,0.1911,0.0536,0.6808,none
2b_reference,base,damaged_q4,q4_boundary_pair_72_28,rhetoric,560,0.8357,0.6375,0.9093,0.9107,0.0857,0.0268,0.275,0.1286,0.578,none
2b_reference,base,damaged_q4,q4_boundary_pair_72_28,spatial,560,0.8607,0.7125,0.9297,0.95,0.1018,0.025,0.1607,0.0839,0.6599,none
2b_reference,base,damaged_q4,q4_generalist_pair_72_28,adversarial,560,0.8714,0.6554,0.9334,0.9893,0.1125,0.0286,0.2446,0.0625,0.5932,none
2b_reference,base,damaged_q4,q4_generalist_pair_72_28,boundary,560,0.8768,0.65,0.9371,0.9946,0.1018,0.025,0.2554,0.0607,0.591,none
2b_reference,base,damaged_q4,q4_generalist_pair_72_28,coding,560,0.9179,0.7143,0.95,0.9911,0.0643,0.0304,0.225,0.0589,0.668,none
2b_reference,base,damaged_q4,q4_generalist_pair_72_28,epistemic,560,0.8893,0.6625,0.9424,0.9929,0.0821,0.0018,0.2768,0.0482,0.6129,none
2b_reference,base,damaged_q4,q4_generalist_pair_72_28,forensic,560,0.8893,0.6679,0.9388,0.9893,0.0911,0.025,0.2518,0.0643,0.6122,none
2b_reference,base,damaged_q4,q4_generalist_pair_72_28,generalist,560,0.8875,0.6589,0.9411,0.9821,0.0875,0.0339,0.2429,0.0464,0.6041,none
2b_reference,base,damaged_q4,q4_generalist_pair_72_28,math,560,0.8982,0.6786,0.9423,0.9839,0.0768,0.0321,0.2554,0.0696,0.6252,none
2b_reference,base,damaged_q4,q4_generalist_pair_72_28,planning,560,0.9196,0.7232,0.9531,0.9964,0.0679,0.0054,0.2089,0.0482,0.6827,none
2b_reference,base,damaged_q4,q4_generalist_pair_72_28,rhetoric,560,0.9,0.6857,0.9416,0.9821,0.0679,0.0125,0.2661,0.0714,0.638,none
2b_reference,base,damaged_q4,q4_generalist_pair_72_28,spatial,560,0.875,0.6786,0.9375,0.9839,0.1,0.0179,0.2393,0.05,0.6234,none
2b_reference,base,healthy_q6,q2_amplifier_low_echo,adversarial,560,0.8911,0.5393,0.9198,0.9929,0.0732,0.3054,0.2125,0.0679,0.4359,none
2b_reference,base,healthy_q6,q2_amplifier_low_echo,boundary,560,0.8964,0.4964,0.921,0.9911,0.075,0.3018,0.2518,0.0446,0.3912,none
2b_reference,base,healthy_q6,q2_amplifier_low_echo,coding,560,0.9071,0.5339,0.9276,0.9875,0.0571,0.2946,0.1982,0.0536,0.4393,none
2b_reference,base,healthy_q6,q2_amplifier_low_echo,epistemic,560,0.9036,0.5339,0.93,0.9929,0.0714,0.2661,0.2143,0.0411,0.4401,none
2b_reference,base,healthy_q6,q2_amplifier_low_echo,forensic,560,0.8946,0.5143,0.9261,0.9911,0.0607,0.2911,0.2214,0.0643,0.4169,none
2b_reference,base,healthy_q6,q2_amplifier_low_echo,generalist,560,0.8893,0.4911,0.9219,0.9911,0.0554,0.3071,0.2393,0.0625,0.3908,none
2b_reference,base,healthy_q6,q2_amplifier_low_echo,math,560,0.9214,0.5393,0.931,0.9946,0.05,0.2804,0.2554,0.0643,0.4446,none
2b_reference,base,healthy_q6,q2_amplifier_low_echo,planning,560,0.9089,0.5643,0.9301,0.9875,0.075,0.2571,0.2036,0.0321,0.4725,none
2b_reference,base,healthy_q6,q2_amplifier_low_echo,rhetoric,560,0.9214,0.5339,0.9312,0.9911,0.0661,0.2893,0.2268,0.0393,0.4361,none
2b_reference,base,healthy_q6,q2_amplifier_low_echo,spatial,560,0.9125,0.5893,0.938,0.9911,0.0607,0.2554,0.15,0.05,0.5055,none
2b_reference,base,healthy_q6,q3_routed_tri_68,adversarial,560,0.9196,0.7304,0.9523,0.9946,0.0643,0.0429,0.1929,0.0661,0.6838,none
2b_reference,base,healthy_q6,q3_routed_tri_68,boundary,560,0.9304,0.7696,0.9591,0.9893,0.0589,0.0429,0.1411,0.0536,0.7294,none
2b_reference,base,healthy_q6,q3_routed_tri_68,coding,560,0.9464,0.7679,0.9618,0.9929,0.0482,0.0464,0.1482,0.0536,0.7296,none
2b_reference,base,healthy_q6,q3_routed_tri_68,epistemic,560,0.925,0.775,0.9599,0.9946,0.05,0.0232,0.1571,0.0536,0.7401,none
2b_reference,base,healthy_q6,q3_routed_tri_68,forensic,560,0.9357,0.7304,0.9595,0.9893,0.05,0.0554,0.1893,0.0446,0.6869,none
2b_reference,base,healthy_q6,q3_routed_tri_68,generalist,560,0.9286,0.7536,0.9616,0.9946,0.05,0.0411,0.1714,0.0411,0.7146,none
2b_reference,base,healthy_q6,q3_routed_tri_68,math,560,0.9482,0.7625,0.9624,0.9893,0.0429,0.0268,0.2036,0.0429,0.7259,none
2b_reference,base,healthy_q6,q3_routed_tri_68,planning,560,0.9214,0.7554,0.9522,0.9857,0.0679,0.0196,0.1893,0.0464,0.7136,none
2b_reference,base,healthy_q6,q3_routed_tri_68,rhetoric,560,0.925,0.7589,0.9566,0.9875,0.0589,0.0268,0.1732,0.05,0.7195,none
2b_reference,base,healthy_q6,q3_routed_tri_68,spatial,560,0.9179,0.7589,0.9536,0.9839,0.0625,0.0321,0.1464,0.0607,0.719,none
2b_reference,base,healthy_q6,q3_stability_tri_72,adversarial,560,0.9375,0.7446,0.9602,0.9929,0.05,0.0446,0.1768,0.0536,0.7039,none
2b_reference,base,healthy_q6,q3_stability_tri_72,boundary,560,0.9179,0.7482,0.953,0.9875,0.0696,0.0321,0.1821,0.0482,0.7039,none
2b_reference,base,healthy_q6,q3_stability_tri_72,coding,560,0.9482,0.7661,0.965,0.9911,0.0429,0.0518,0.1482,0.0429,0.7289,none
2b_reference,base,healthy_q6,q3_stability_tri_72,epistemic,560,0.925,0.7411,0.957,0.9839,0.0482,0.0339,0.1964,0.0446,0.7019,none
2b_reference,base,healthy_q6,q3_stability_tri_72,forensic,560,0.9321,0.7768,0.9618,0.9804,0.0518,0.0464,0.1339,0.0393,0.7393,none
2b_reference,base,healthy_q6,q3_stability_tri_72,generalist,560,0.9196,0.7643,0.9627,0.9929,0.0571,0.0321,0.1518,0.0304,0.7271,none
2b_reference,base,healthy_q6,q3_stability_tri_72,math,560,0.925,0.7286,0.9548,0.9893,0.0518,0.0268,0.2232,0.0589,0.6869,none
2b_reference,base,healthy_q6,q3_stability_tri_72,planning,560,0.9429,0.775,0.9609,0.9946,0.0464,0.0339,0.1536,0.0589,0.7391,none
2b_reference,base,healthy_q6,q3_stability_tri_72,rhetoric,560,0.9304,0.7464,0.9607,0.9911,0.05,0.0375,0.1732,0.0464,0.7077,none
2b_reference,base,healthy_q6,q3_stability_tri_72,spatial,560,0.9446,0.7946,0.9654,0.9893,0.0429,0.0375,0.1321,0.0464,0.7614,none
2b_reference,base,healthy_q6,q4_boundary_pair_72_28,adversarial,560,0.9196,0.7607,0.9571,0.9893,0.0589,0.0393,0.1464,0.0589,0.7205,none
2b_reference,base,healthy_q6,q4_boundary_pair_72_28,boundary,560,0.9304,0.7625,0.959,0.9929,0.0643,0.0393,0.1625,0.0411,0.7203,none
2b_reference,base,healthy_q6,q4_boundary_pair_72_28,coding,560,0.9161,0.7536,0.9554,0.9911,0.0607,0.0321,0.1536,0.0589,0.7137,none
2b_reference,base,healthy_q6,q4_boundary_pair_72_28,epistemic,560,0.9339,0.75,0.9623,0.9911,0.0393,0.0304,0.1804,0.0429,0.7156,none
2b_reference,base,healthy_q6,q4_boundary_pair_72_28,forensic,560,0.9125,0.7446,0.9508,0.9893,0.0696,0.0411,0.1696,0.0643,0.6987,none
2b_reference,base,healthy_q6,q4_boundary_pair_72_28,generalist,560,0.9196,0.7179,0.9554,0.9946,0.0607,0.0429,0.2179,0.0393,0.6717,none
2b_reference,base,healthy_q6,q4_boundary_pair_72_28,math,560,0.9286,0.7143,0.9554,0.9875,0.05,0.0268,0.2411,0.05,0.6721,none
2b_reference,base,healthy_q6,q4_boundary_pair_72_28,planning,560,0.9214,0.7768,0.9575,0.9929,0.0696,0.0196,0.1411,0.0464,0.7384,none
2b_reference,base,healthy_q6,q4_boundary_pair_72_28,rhetoric,560,0.9232,0.725,0.957,0.9839,0.0554,0.0268,0.2018,0.0393,0.6849,none
2b_reference,base,healthy_q6,q4_boundary_pair_72_28,spatial,560,0.9232,0.775,0.9569,0.9875,0.0607,0.0321,0.1393,0.0554,0.7364,none
2b_reference,base,healthy_q6,q4_generalist_pair_72_28,adversarial,560,0.9357,0.7893,0.961,0.9929,0.0518,0.0214,0.1571,0.0536,0.7542,none
2b_reference,base,healthy_q6,q4_generalist_pair_72_28,boundary,560,0.9089,0.7375,0.9511,0.9964,0.0714,0.025,0.1857,0.0643,0.693,none
2b_reference,base,healthy_q6,q4_generalist_pair_72_28,coding,560,0.925,0.7679,0.9569,0.9857,0.0625,0.0196,0.1696,0.0411,0.7296,none
2b_reference,base,healthy_q6,q4_generalist_pair_72_28,epistemic,560,0.9143,0.7357,0.9558,0.9946,0.0625,0.0107,0.2107,0.0375,0.6961,none
2b_reference,base,healthy_q6,q4_generalist_pair_72_28,forensic,560,0.9339,0.7661,0.9587,0.9857,0.0482,0.0286,0.1732,0.0518,0.7294,none
2b_reference,base,healthy_q6,q4_generalist_pair_72_28,generalist,560,0.925,0.7821,0.9614,0.9875,0.0482,0.0304,0.1518,0.0446,0.7472,none
2b_reference,base,healthy_q6,q4_generalist_pair_72_28,math,560,0.9286,0.7411,0.957,0.9911,0.0554,0.0143,0.2089,0.0464,0.7026,none
2b_reference,base,healthy_q6,q4_generalist_pair_72_28,planning,560,0.9482,0.7875,0.9614,0.9929,0.0482,0.0054,0.1696,0.0518,0.7558,none
2b_reference,base,healthy_q6,q4_generalist_pair_72_28,rhetoric,560,0.9268,0.7393,0.9528,0.9875,0.0571,0.0179,0.2125,0.0607,0.6985,none
2b_reference,base,healthy_q6,q4_generalist_pair_72_28,spatial,560,0.9143,0.7571,0.9542,0.9875,0.0643,0.0286,0.1607,0.0536,0.7166,none
2b_reference,base,healthy_q8,q2_amplifier_low_echo,adversarial,560,0.9071,0.5,0.9229,0.9911,0.0607,0.3143,0.2214,0.0643,0.398,none
2b_reference,base,healthy_q8,q2_amplifier_low_echo,boundary,560,0.9125,0.5375,0.9271,0.9964,0.0589,0.2643,0.2321,0.0661,0.4451,none
2b_reference,base,healthy_q8,q2_amplifier_low_echo,coding,560,0.9232,0.55,0.9333,0.9839,0.0464,0.3089,0.1625,0.0464,0.459,none
2b_reference,base,healthy_q8,q2_amplifier_low_echo,epistemic,560,0.9196,0.5679,0.9377,0.9911,0.0571,0.2643,0.2,0.0304,0.4803,none
2b_reference,base,healthy_q8,q2_amplifier_low_echo,forensic,560,0.9036,0.5571,0.9305,0.9911,0.0696,0.2929,0.1589,0.0518,0.4624,none
2b_reference,base,healthy_q8,q2_amplifier_low_echo,generalist,560,0.9071,0.5304,0.9292,0.9929,0.0643,0.3,0.1982,0.0339,0.4335,none
2b_reference,base,healthy_q8,q2_amplifier_low_echo,math,560,0.9357,0.5696,0.9399,0.9875,0.0429,0.25,0.2286,0.0411,0.4864,none
2b_reference,base,healthy_q8,q2_amplifier_low_echo,planning,560,0.9054,0.5982,0.9307,0.9875,0.0625,0.2554,0.1482,0.0589,0.5136,none
2b_reference,base,healthy_q8,q2_amplifier_low_echo,rhetoric,560,0.8911,0.5268,0.9283,0.9964,0.0768,0.2804,0.2036,0.0536,0.4287,none
2b_reference,base,healthy_q8,q2_amplifier_low_echo,spatial,560,0.9125,0.5607,0.9312,0.9875,0.0607,0.2929,0.1696,0.0607,0.4673,none
2b_reference,base,healthy_q8,q3_routed_tri_68,adversarial,560,0.9393,0.7893,0.9648,0.9911,0.0411,0.0232,0.1393,0.0536,0.7585,none
2b_reference,base,healthy_q8,q3_routed_tri_68,boundary,560,0.9286,0.7625,0.9599,0.9929,0.0571,0.0571,0.1411,0.0518,0.7201,none
2b_reference,base,healthy_q8,q3_routed_tri_68,coding,560,0.95,0.7982,0.9697,0.9946,0.0357,0.0429,0.1339,0.0393,0.7663,none
2b_reference,base,healthy_q8,q3_routed_tri_68,epistemic,560,0.9286,0.8036,0.9627,0.9875,0.0464,0.0321,0.1321,0.0482,0.7702,none
2b_reference,base,healthy_q8,q3_routed_tri_68,forensic,560,0.9429,0.7964,0.9615,0.9857,0.0482,0.0214,0.1429,0.0536,0.7636,none
2b_reference,base,healthy_q8,q3_routed_tri_68,generalist,560,0.9429,0.7518,0.9645,0.9893,0.0304,0.0429,0.1804,0.0482,0.7173,none
2b_reference,base,healthy_q8,q3_routed_tri_68,math,560,0.9607,0.75,0.965,0.9911,0.025,0.0464,0.2036,0.0571,0.7141,none
2b_reference,base,healthy_q8,q3_routed_tri_68,planning,560,0.9464,0.7786,0.9614,0.9875,0.0375,0.0339,0.1536,0.0571,0.7454,none
2b_reference,base,healthy_q8,q3_routed_tri_68,rhetoric,560,0.9571,0.7839,0.9695,0.9893,0.0321,0.0411,0.1679,0.0339,0.7509,none
2b_reference,base,healthy_q8,q3_routed_tri_68,spatial,560,0.9607,0.8161,0.9707,0.9946,0.0321,0.0339,0.1304,0.0446,0.787,none
2b_reference,base,healthy_q8,q3_stability_tri_72,adversarial,560,0.9446,0.7946,0.965,0.9893,0.0429,0.0589,0.1179,0.0536,0.7579,none
2b_reference,base,healthy_q8,q3_stability_tri_72,boundary,560,0.9375,0.7607,0.9616,0.9839,0.0464,0.0482,0.1589,0.0464,0.7221,none
2b_reference,base,healthy_q8,q3_stability_tri_72,coding,560,0.9429,0.8232,0.9675,0.9929,0.0357,0.0321,0.1054,0.0589,0.7947,none
2b_reference,base,healthy_q8,q3_stability_tri_72,epistemic,560,0.9446,0.7625,0.9655,0.9839,0.0304,0.0339,0.1839,0.0357,0.7301,none
2b_reference,base,healthy_q8,q3_stability_tri_72,forensic,560,0.9625,0.7982,0.9684,0.9893,0.0304,0.0375,0.1518,0.0464,0.7671,none
2b_reference,base,healthy_q8,q3_stability_tri_72,generalist,560,0.9429,0.7857,0.9672,0.9893,0.0321,0.0464,0.1232,0.0482,0.7545,none
2b_reference,base,healthy_q8,q3_stability_tri_72,math,560,0.9679,0.7482,0.9714,0.9982,0.0196,0.0339,0.2107,0.0375,0.7168,none
2b_reference,base,healthy_q8,q3_stability_tri_72,planning,560,0.95,0.8179,0.967,0.9893,0.0411,0.0339,0.1143,0.0482,0.7872,none
2b_reference,base,healthy_q8,q3_stability_tri_72,rhetoric,560,0.9393,0.7839,0.9632,0.9875,0.0429,0.0286,0.1518,0.05,0.7507,none
2b_reference,base,healthy_q8,q3_stability_tri_72,spatial,560,0.9571,0.8125,0.9692,0.9946,0.0286,0.0393,0.1196,0.0571,0.7836,none
2b_reference,base,healthy_q8,q4_boundary_pair_72_28,adversarial,560,0.9536,0.7946,0.9676,0.9964,0.0304,0.0411,0.1482,0.0607,0.7624,none
2b_reference,base,healthy_q8,q4_boundary_pair_72_28,boundary,560,0.9393,0.7661,0.9671,0.9893,0.0411,0.0482,0.1589,0.0286,0.73,none
2b_reference,base,healthy_q8,q4_boundary_pair_72_28,coding,560,0.9589,0.7768,0.9688,0.9857,0.0268,0.05,0.15,0.0446,0.7445,none
2b_reference,base,healthy_q8,q4_boundary_pair_72_28,epistemic,560,0.9321,0.7857,0.9637,0.9929,0.0464,0.0196,0.15,0.0411,0.7538,none
2b_reference,base,healthy_q8,q4_boundary_pair_72_28,forensic,560,0.9321,0.7839,0.9599,0.9857,0.0589,0.0393,0.1357,0.0429,0.7454,none
2b_reference,base,healthy_q8,q4_boundary_pair_72_28,generalist,560,0.9429,0.8125,0.9692,0.9946,0.0339,0.0339,0.1161,0.0464,0.7839,none
2b_reference,base,healthy_q8,q4_boundary_pair_72_28,math,560,0.9518,0.7518,0.9623,0.9929,0.0304,0.0304,0.2036,0.0679,0.7169,none
2b_reference,base,healthy_q8,q4_boundary_pair_72_28,planning,560,0.9464,0.8089,0.966,0.9929,0.0357,0.025,0.1339,0.0518,0.7799,none
2b_reference,base,healthy_q8,q4_boundary_pair_72_28,rhetoric,560,0.9446,0.7821,0.9609,0.9821,0.0446,0.0286,0.1589,0.0518,0.7477,none
2b_reference,base,healthy_q8,q4_boundary_pair_72_28,spatial,560,0.9571,0.8143,0.9688,0.9875,0.0375,0.0357,0.1268,0.0393,0.7838,none
2b_reference,base,healthy_q8,q4_generalist_pair_72_28,adversarial,560,0.9482,0.7821,0.9655,0.9911,0.0357,0.0339,0.15,0.0571,0.7498,none
2b_reference,base,healthy_q8,q4_generalist_pair_72_28,boundary,560,0.9482,0.7982,0.9652,0.9929,0.0446,0.0268,0.1429,0.0482,0.7656,none
2b_reference,base,healthy_q8,q4_generalist_pair_72_28,coding,560,0.95,0.8107,0.9684,0.9929,0.0268,0.025,0.1357,0.0571,0.784,none
2b_reference,base,healthy_q8,q4_generalist_pair_72_28,epistemic,560,0.9375,0.7625,0.9633,0.9982,0.0357,0.0089,0.1857,0.05,0.7326,none
2b_reference,base,healthy_q8,q4_generalist_pair_72_28,forensic,560,0.9429,0.8,0.9617,0.9929,0.0429,0.0161,0.1554,0.0589,0.7686,none
2b_reference,base,healthy_q8,q4_generalist_pair_72_28,generalist,560,0.9393,0.7768,0.9653,0.9911,0.0304,0.0393,0.1411,0.0571,0.7457,none
2b_reference,base,healthy_q8,q4_generalist_pair_72_28,math,560,0.9464,0.7571,0.9591,0.975,0.0393,0.0232,0.1964,0.05,0.7225,none
2b_reference,base,healthy_q8,q4_generalist_pair_72_28,planning,560,0.9482,0.8125,0.9669,0.9929,0.0357,0.0161,0.1375,0.0464,0.7853,none
2b_reference,base,healthy_q8,q4_generalist_pair_72_28,rhetoric,560,0.9536,0.8268,0.9702,0.9875,0.0321,0.0125,0.1339,0.0375,0.8021,none
2b_reference,base,healthy_q8,q4_generalist_pair_72_28,spatial,560,0.9464,0.8143,0.9671,0.9911,0.0393,0.0196,0.1339,0.0393,0.7859,none
2b_reference,base,q8_k_m,q2_amplifier_low_echo,adversarial,560,0.9304,0.5571,0.9325,0.9893,0.05,0.2946,0.1875,0.05,0.4657,none
2b_reference,base,q8_k_m,q2_amplifier_low_echo,boundary,560,0.925,0.5786,0.938,0.9875,0.0446,0.2732,0.1607,0.0446,0.4954,none
2b_reference,base,q8_k_m,q2_amplifier_low_echo,coding,560,0.9268,0.5732,0.9375,0.9911,0.0464,0.2946,0.1304,0.0464,0.4876,none
2b_reference,base,q8_k_m,q2_amplifier_low_echo,epistemic,560,0.9232,0.5946,0.9386,0.9893,0.0482,0.2446,0.1875,0.05,0.5138,none
2b_reference,base,q8_k_m,q2_amplifier_low_echo,forensic,560,0.9196,0.5411,0.9337,0.9839,0.0625,0.2946,0.1714,0.0375,0.4478,none
2b_reference,base,q8_k_m,q2_amplifier_low_echo,generalist,560,0.9196,0.5536,0.9333,0.9804,0.0482,0.2929,0.175,0.0339,0.4648,none
2b_reference,base,q8_k_m,q2_amplifier_low_echo,math,560,0.9232,0.5286,0.9344,0.9929,0.0518,0.2804,0.2357,0.05,0.4356,none
2b_reference,base,q8_k_m,q2_amplifier_low_echo,planning,560,0.9357,0.5679,0.9378,0.9946,0.0464,0.2786,0.1804,0.0375,0.4819,none
2b_reference,base,q8_k_m,q2_amplifier_low_echo,rhetoric,560,0.9304,0.5589,0.9379,0.9946,0.0536,0.2571,0.225,0.0393,0.4715,none
2b_reference,base,q8_k_m,q2_amplifier_low_echo,spatial,560,0.9232,0.5661,0.9389,0.9946,0.0571,0.2714,0.1786,0.0393,0.4784,none
2b_reference,base,q8_k_m,q3_routed_tri_68,adversarial,560,0.9482,0.7946,0.966,0.9911,0.0393,0.0411,0.1375,0.05,0.7611,none
2b_reference,base,q8_k_m,q3_routed_tri_68,boundary,560,0.9554,0.7946,0.965,0.9857,0.0339,0.0625,0.1286,0.0625,0.7586,none
2b_reference,base,q8_k_m,q3_routed_tri_68,coding,560,0.9607,0.8196,0.9702,0.9946,0.0268,0.0518,0.1071,0.0589,0.7897,none
2b_reference,base,q8_k_m,q3_routed_tri_68,epistemic,560,0.9571,0.7982,0.969,0.9929,0.0214,0.0107,0.1696,0.0446,0.7738,none
2b_reference,base,q8_k_m,q3_routed_tri_68,forensic,560,0.9518,0.8036,0.9673,0.9893,0.0375,0.0446,0.1286,0.0482,0.7707,none
2b_reference,base,q8_k_m,q3_routed_tri_68,generalist,560,0.9464,0.7982,0.9702,0.9893,0.025,0.0411,0.1232,0.0464,0.7703,none
2b_reference,base,q8_k_m,q3_routed_tri_68,math,560,0.9464,0.7679,0.9645,0.9893,0.0357,0.0446,0.1643,0.0571,0.7322,none
2b_reference,base,q8_k_m,q3_routed_tri_68,planning,560,0.9554,0.8071,0.9688,0.9893,0.025,0.0268,0.1429,0.0446,0.7806,none
2b_reference,base,q8_k_m,q3_routed_tri_68,rhetoric,560,0.9464,0.7946,0.9657,0.9857,0.0304,0.025,0.1554,0.0536,0.7654,none
2b_reference,base,q8_k_m,q3_routed_tri_68,spatial,560,0.9482,0.8214,0.9676,0.9821,0.0357,0.0321,0.1071,0.0464,0.7934,none
2b_reference,base,q8_k_m,q3_stability_tri_72,adversarial,560,0.9554,0.8304,0.9638,0.9911,0.0393,0.0339,0.1125,0.0768,0.7989,none
2b_reference,base,q8_k_m,q3_stability_tri_72,boundary,560,0.9268,0.775,0.9589,0.9839,0.0554,0.0536,0.1393,0.0518,0.7339,none
2b_reference,base,q8_k_m,q3_stability_tri_72,coding,560,0.9482,0.8036,0.9657,0.9821,0.0357,0.0375,0.1196,0.0518,0.7732,none
2b_reference,base,q8_k_m,q3_stability_tri_72,epistemic,560,0.9429,0.7911,0.9666,0.9893,0.0411,0.0393,0.1393,0.0339,0.7581,none
2b_reference,base,q8_k_m,q3_stability_tri_72,forensic,560,0.9554,0.8143,0.97,0.9929,0.0321,0.0571,0.1054,0.0536,0.7821,none
2b_reference,base,q8_k_m,q3_stability_tri_72,generalist,560,0.9268,0.7714,0.9636,0.9893,0.0393,0.0446,0.1464,0.0464,0.7367,none
2b_reference,base,q8_k_m,q3_stability_tri_72,math,560,0.9589,0.8018,0.97,0.9893,0.0196,0.0357,0.1446,0.0571,0.7743,none
2b_reference,base,q8_k_m,q3_stability_tri_72,planning,560,0.9464,0.8089,0.9664,0.9857,0.025,0.0357,0.1268,0.0571,0.7813,none
2b_reference,base,q8_k_m,q3_stability_tri_72,rhetoric,560,0.9625,0.8018,0.9696,0.9893,0.0196,0.0375,0.1357,0.0607,0.7745,none
2b_reference,base,q8_k_m,q3_stability_tri_72,spatial,560,0.9571,0.8232,0.9711,0.9893,0.0286,0.0321,0.1232,0.0446,0.7961,none
2b_reference,base,q8_k_m,q4_boundary_pair_72_28,adversarial,560,0.9411,0.7857,0.9652,0.9875,0.0464,0.0464,0.1286,0.0429,0.7501,none
2b_reference,base,q8_k_m,q4_boundary_pair_72_28,boundary,560,0.9411,0.8071,0.9657,0.9982,0.0411,0.0411,0.1196,0.0607,0.774,none
2b_reference,base,q8_k_m,q4_boundary_pair_72_28,coding,560,0.9661,0.8375,0.9756,0.9911,0.0232,0.0339,0.1089,0.0357,0.8133,none
2b_reference,base,q8_k_m,q4_boundary_pair_72_28,epistemic,560,0.9375,0.8018,0.9656,0.9875,0.0268,0.0161,0.1446,0.0536,0.7763,none
2b_reference,base,q8_k_m,q4_boundary_pair_72_28,forensic,560,0.9554,0.8179,0.9679,0.9804,0.0286,0.0411,0.1214,0.0482,0.7889,none
2b_reference,base,q8_k_m,q4_boundary_pair_72_28,generalist,560,0.9286,0.7357,0.9611,0.9893,0.0357,0.0411,0.1929,0.05,0.6989,none
2b_reference,base,q8_k_m,q4_boundary_pair_72_28,math,560,0.9554,0.8071,0.9691,0.9929,0.0357,0.0321,0.1482,0.0411,0.7761,none
2b_reference,base,q8_k_m,q4_boundary_pair_72_28,planning,560,0.9429,0.8036,0.9636,0.9911,0.0393,0.0375,0.1214,0.0589,0.7716,none
2b_reference,base,q8_k_m,q4_boundary_pair_72_28,rhetoric,560,0.95,0.8143,0.9641,0.9893,0.0339,0.0196,0.1357,0.0679,0.7859,none
2b_reference,base,q8_k_m,q4_boundary_pair_72_28,spatial,560,0.9589,0.8357,0.9713,0.9857,0.0232,0.0214,0.1214,0.0429,0.8126,none
2b_reference,base,q8_k_m,q4_generalist_pair_72_28,adversarial,560,0.9536,0.8268,0.9699,0.9911,0.025,0.0321,0.1125,0.0589,0.8009,none
2b_reference,base,q8_k_m,q4_generalist_pair_72_28,boundary,560,0.9661,0.8214,0.9685,0.9839,0.0286,0.0286,0.1393,0.05,0.7935,none
2b_reference,base,q8_k_m,q4_generalist_pair_72_28,coding,560,0.9571,0.8375,0.9696,0.9857,0.0304,0.0196,0.1214,0.0446,0.8125,none
2b_reference,base,q8_k_m,q4_generalist_pair_72_28,epistemic,560,0.9375,0.7929,0.9641,0.9911,0.0393,0.0071,0.1571,0.0446,0.7648,none
2b_reference,base,q8_k_m,q4_generalist_pair_72_28,forensic,560,0.9607,0.8482,0.9716,0.9875,0.025,0.0143,0.1125,0.0464,0.8265,none
2b_reference,base,q8_k_m,q4_generalist_pair_72_28,generalist,560,0.9554,0.8304,0.9763,0.9929,0.0143,0.0393,0.1036,0.0429,0.8078,none
2b_reference,base,q8_k_m,q4_generalist_pair_72_28,math,560,0.9554,0.7893,0.9649,0.9875,0.025,0.0179,0.1732,0.0643,0.7611,none
2b_reference,base,q8_k_m,q4_generalist_pair_72_28,planning,560,0.9536,0.8179,0.9717,0.9911,0.0321,0.0286,0.1232,0.0339,0.7909,none
2b_reference,base,q8_k_m,q4_generalist_pair_72_28,rhetoric,560,0.9536,0.8071,0.9668,0.9946,0.0304,0.0089,0.1554,0.0589,0.7809,none
2b_reference,base,q8_k_m,q4_generalist_pair_72_28,spatial,560,0.9589,0.8411,0.9688,0.9839,0.0286,0.0143,0.1125,0.0536,0.818,none
2b_reference,degraded_instruct,base_f16,q2_amplifier_low_echo,adversarial,560,0.9232,0.5911,0.9394,0.9857,0.0429,0.2821,0.1339,0.0464,0.5088,none
2b_reference,degraded_instruct,base_f16,q2_amplifier_low_echo,boundary,560,0.9143,0.5286,0.9274,0.9893,0.0589,0.3054,0.1839,0.0571,0.4323,none
2b_reference,degraded_instruct,base_f16,q2_amplifier_low_echo,coding,560,0.9196,0.5321,0.9301,0.9893,0.0571,0.2929,0.2089,0.0393,0.4377,none
2b_reference,degraded_instruct,base_f16,q2_amplifier_low_echo,epistemic,560,0.9143,0.5589,0.9377,0.9875,0.0518,0.2661,0.1804,0.0393,0.4738,none
2b_reference,degraded_instruct,base_f16,q2_amplifier_low_echo,forensic,560,0.9304,0.5589,0.9382,0.9857,0.0446,0.3018,0.175,0.0429,0.469,none
2b_reference,degraded_instruct,base_f16,q2_amplifier_low_echo,generalist,560,0.9089,0.5464,0.9309,0.9857,0.0446,0.3,0.1679,0.0554,0.4568,none
2b_reference,degraded_instruct,base_f16,q2_amplifier_low_echo,math,560,0.9393,0.5411,0.9394,0.9946,0.0357,0.2714,0.2321,0.0554,0.4547,none
2b_reference,degraded_instruct,base_f16,q2_amplifier_low_echo,planning,560,0.9429,0.5768,0.94,0.9893,0.0429,0.2732,0.1571,0.0375,0.4948,none
2b_reference,degraded_instruct,base_f16,q2_amplifier_low_echo,rhetoric,560,0.9232,0.5536,0.9356,0.9911,0.0429,0.3125,0.1821,0.0571,0.4608,none
2b_reference,degraded_instruct,base_f16,q2_amplifier_low_echo,spatial,560,0.9357,0.5768,0.9398,0.9946,0.0304,0.2982,0.1607,0.0625,0.4921,none
2b_reference,degraded_instruct,base_f16,q3_routed_tri_68,adversarial,560,0.9679,0.8,0.9742,0.9911,0.0179,0.0696,0.1232,0.0446,0.7686,none
2b_reference,degraded_instruct,base_f16,q3_routed_tri_68,boundary,560,0.9536,0.7875,0.9667,0.9964,0.0321,0.0625,0.1268,0.0679,0.7518,none
2b_reference,degraded_instruct,base_f16,q3_routed_tri_68,coding,560,0.9554,0.8143,0.9703,0.9911,0.0304,0.0589,0.1071,0.0518,0.7822,none
2b_reference,degraded_instruct,base_f16,q3_routed_tri_68,epistemic,560,0.9661,0.8232,0.9754,0.9929,0.0107,0.0375,0.1232,0.05,0.8001,none
2b_reference,degraded_instruct,base_f16,q3_routed_tri_68,forensic,560,0.9643,0.825,0.9745,0.9857,0.0196,0.05,0.1089,0.0375,0.7985,none
2b_reference,degraded_instruct,base_f16,q3_routed_tri_68,generalist,560,0.9554,0.7964,0.9701,0.9911,0.0196,0.0464,0.1339,0.0518,0.7679,none
2b_reference,degraded_instruct,base_f16,q3_routed_tri_68,math,560,0.975,0.7804,0.9714,0.9893,0.0143,0.0393,0.1839,0.0482,0.7511,none
2b_reference,degraded_instruct,base_f16,q3_routed_tri_68,planning,560,0.9607,0.8375,0.9684,0.9857,0.0268,0.0518,0.0929,0.0589,0.8087,none
2b_reference,degraded_instruct,base_f16,q3_routed_tri_68,rhetoric,560,0.9643,0.8179,0.9745,0.9893,0.0179,0.0268,0.1411,0.0375,0.794,none
2b_reference,degraded_instruct,base_f16,q3_routed_tri_68,spatial,560,0.9589,0.8321,0.9704,0.9929,0.0286,0.0482,0.0875,0.0607,0.8039,none
2b_reference,degraded_instruct,base_f16,q3_stability_tri_72,adversarial,560,0.95,0.8214,0.9653,0.9946,0.0375,0.0464,0.1107,0.0714,0.7885,none
2b_reference,degraded_instruct,base_f16,q3_stability_tri_72,boundary,560,0.9696,0.8321,0.9711,0.9857,0.0196,0.0232,0.1304,0.0554,0.8084,none
2b_reference,degraded_instruct,base_f16,q3_stability_tri_72,coding,560,0.9625,0.8482,0.9747,0.9911,0.0232,0.0357,0.0929,0.0446,0.8244,none
2b_reference,degraded_instruct,base_f16,q3_stability_tri_72,epistemic,560,0.9357,0.7911,0.9655,0.9857,0.0375,0.0411,0.125,0.0482,0.7592,none
2b_reference,degraded_instruct,base_f16,q3_stability_tri_72,forensic,560,0.9804,0.8393,0.9771,0.9911,0.0179,0.0446,0.1107,0.0393,0.8142,none
2b_reference,degraded_instruct,base_f16,q3_stability_tri_72,generalist,560,0.9589,0.8268,0.9729,0.9911,0.0214,0.0375,0.1107,0.0464,0.8017,none
2b_reference,degraded_instruct,base_f16,q3_stability_tri_72,math,560,0.9661,0.8071,0.9726,0.9893,0.0196,0.0357,0.1357,0.0518,0.7807,none
2b_reference,degraded_instruct,base_f16,q3_stability_tri_72,planning,560,0.9643,0.8089,0.9742,0.9982,0.025,0.0446,0.1268,0.0375,0.7805,none
2b_reference,degraded_instruct,base_f16,q3_stability_tri_72,rhetoric,560,0.9589,0.8268,0.9704,0.9839,0.025,0.0304,0.1196,0.05,0.8011,none
2b_reference,degraded_instruct,base_f16,q3_stability_tri_72,spatial,560,0.9607,0.8625,0.971,0.9839,0.0268,0.0304,0.0768,0.0571,0.8394,none
2b_reference,degraded_instruct,base_f16,q4_boundary_pair_72_28,adversarial,560,0.9571,0.8179,0.9676,0.9875,0.0339,0.0607,0.1,0.0625,0.7844,none
2b_reference,degraded_instruct,base_f16,q4_boundary_pair_72_28,boundary,560,0.9536,0.7893,0.9665,0.9893,0.0304,0.0554,0.1268,0.0643,0.7557,none
2b_reference,degraded_instruct,base_f16,q4_boundary_pair_72_28,coding,560,0.9768,0.8054,0.9749,0.9929,0.0125,0.0554,0.1304,0.05,0.7776,none
2b_reference,degraded_instruct,base_f16,q4_boundary_pair_72_28,epistemic,560,0.9446,0.8018,0.967,0.9911,0.0375,0.0232,0.1375,0.0429,0.7728,none
2b_reference,degraded_instruct,base_f16,q4_boundary_pair_72_28,forensic,560,0.95,0.8518,0.9688,0.9911,0.0375,0.0304,0.0804,0.0571,0.8252,none
2b_reference,degraded_instruct,base_f16,q4_boundary_pair_72_28,generalist,560,0.9357,0.7982,0.9677,0.9911,0.0304,0.0411,0.1107,0.0536,0.7694,none
2b_reference,degraded_instruct,base_f16,q4_boundary_pair_72_28,math,560,0.9536,0.7821,0.9682,0.9893,0.0232,0.0411,0.1518,0.0589,0.7519,none
2b_reference,degraded_instruct,base_f16,q4_boundary_pair_72_28,planning,560,0.9679,0.8464,0.9756,0.9857,0.0179,0.0339,0.0964,0.0375,0.8247,none
2b_reference,degraded_instruct,base_f16,q4_boundary_pair_72_28,rhetoric,560,0.9589,0.8214,0.9703,0.9839,0.025,0.0375,0.1179,0.05,0.7945,none
2b_reference,degraded_instruct,base_f16,q4_boundary_pair_72_28,spatial,560,0.9393,0.8268,0.9675,0.9929,0.0446,0.0375,0.0839,0.0536,0.7965,none
2b_reference,degraded_instruct,base_f16,q4_generalist_pair_72_28,adversarial,560,0.9571,0.8375,0.9702,0.9893,0.0286,0.0339,0.1036,0.0607,0.8108,none
2b_reference,degraded_instruct,base_f16,q4_generalist_pair_72_28,boundary,560,0.9643,0.8054,0.9695,0.9911,0.0321,0.0464,0.1304,0.0482,0.7736,none
2b_reference,degraded_instruct,base_f16,q4_generalist_pair_72_28,coding,560,0.9714,0.8429,0.9771,0.9929,0.0179,0.0304,0.1268,0.0321,0.8197,none
2b_reference,degraded_instruct,base_f16,q4_generalist_pair_72_28,epistemic,560,0.95,0.8125,0.9712,0.9929,0.0232,0.0143,0.1357,0.0446,0.7896,none
2b_reference,degraded_instruct,base_f16,q4_generalist_pair_72_28,forensic,560,0.9679,0.825,0.9729,0.9875,0.0268,0.0321,0.1232,0.0411,0.7986,none
2b_reference,degraded_instruct,base_f16,q4_generalist_pair_72_28,generalist,560,0.95,0.8179,0.9727,0.9982,0.0196,0.0286,0.1196,0.0536,0.794,none
2b_reference,degraded_instruct,base_f16,q4_generalist_pair_72_28,math,560,0.9589,0.7643,0.9634,0.9893,0.0179,0.0411,0.1982,0.0786,0.7309,none
2b_reference,degraded_instruct,base_f16,q4_generalist_pair_72_28,planning,560,0.9661,0.8446,0.9764,0.9929,0.025,0.0268,0.1071,0.0268,0.8219,none
2b_reference,degraded_instruct,base_f16,q4_generalist_pair_72_28,rhetoric,560,0.9679,0.825,0.975,0.9929,0.0196,0.0268,0.1339,0.0411,0.801,none
2b_reference,degraded_instruct,base_f16,q4_generalist_pair_72_28,spatial,560,0.9643,0.8464,0.9735,0.9893,0.0232,0.0339,0.1036,0.0446,0.8222,none
2b_reference,degraded_instruct,collapsed_q2_edge,q2_amplifier_low_echo,adversarial,560,0.6625,0.2804,0.8133,0.9768,0.2196,0.3089,0.6143,0.2339,0.0918,distractor_capture
2b_reference,degraded_instruct,collapsed_q2_edge,q2_amplifier_low_echo,boundary,560,0.6946,0.2643,0.8199,0.9821,0.225,0.2786,0.6286,0.2107,0.0802,distractor_capture
2b_reference,degraded_instruct,collapsed_q2_edge,q2_amplifier_low_echo,coding,560,0.3893,0.2339,0.639,0.6768,0.2536,0.2768,0.4482,0.8125,0.026,cascade
2b_reference,degraded_instruct,collapsed_q2_edge,q2_amplifier_low_echo,epistemic,560,0.4089,0.2196,0.6437,0.6857,0.2089,0.2446,0.5018,0.8089,0.0274,none
2b_reference,degraded_instruct,collapsed_q2_edge,q2_amplifier_low_echo,forensic,560,0.4429,0.2339,0.6948,0.9732,0.2786,0.2875,0.5232,0.8,0.011,cascade
2b_reference,degraded_instruct,collapsed_q2_edge,q2_amplifier_low_echo,generalist,560,0.35,0.1821,0.5846,0.6161,0.2643,0.3286,0.5446,0.8964,-0.0512,cascade
2b_reference,degraded_instruct,collapsed_q2_edge,q2_amplifier_low_echo,math,560,0.3107,0.1607,0.5653,0.6321,0.2393,0.2946,0.5661,1.2714,-0.0789,classification_miss
2b_reference,degraded_instruct,collapsed_q2_edge,q2_amplifier_low_echo,planning,560,0.4482,0.2625,0.6612,0.6982,0.2214,0.2929,0.4018,0.7982,0.0654,none
2b_reference,degraded_instruct,collapsed_q2_edge,q2_amplifier_low_echo,rhetoric,560,0.2804,0.1607,0.5357,0.6071,0.2536,0.3232,0.5839,1.2554,-0.0895,classification_miss
2b_reference,degraded_instruct,collapsed_q2_edge,q2_amplifier_low_echo,spatial,560,0.3375,0.1929,0.5996,0.6732,0.2464,0.2589,0.4607,1.0464,-0.022,cascade
2b_reference,degraded_instruct,collapsed_q2_edge,q3_routed_tri_68,adversarial,560,0.225,0.1518,0.465,0.775,0.4071,0.0554,0.5911,1.9732,-0.1274,cascade
2b_reference,degraded_instruct,collapsed_q2_edge,q3_routed_tri_68,boundary,560,0.1786,0.1071,0.4667,0.7929,0.4036,0.0643,0.6839,1.8196,-0.1725,cascade
2b_reference,degraded_instruct,collapsed_q2_edge,q3_routed_tri_68,coding,560,0.1357,0.1036,0.3767,0.5964,0.3768,0.05,0.4589,2.1804,-0.1652,cascade
2b_reference,degraded_instruct,collapsed_q2_edge,q3_routed_tri_68,epistemic,560,0.1232,0.0982,0.3535,0.5857,0.4036,0.0411,0.5768,1.9286,-0.1736,cascade
2b_reference,degraded_instruct,collapsed_q2_edge,q3_routed_tri_68,forensic,560,0.1232,0.0839,0.3907,0.7643,0.3768,0.0393,0.6321,2.0911,-0.1921,cascade
2b_reference,degraded_instruct,collapsed_q2_edge,q3_routed_tri_68,generalist,560,0.0964,0.0786,0.3419,0.55,0.4446,0.0411,0.5429,2.0321,-0.2081,cascade
2b_reference,degraded_instruct,collapsed_q2_edge,q3_routed_tri_68,math,560,0.1143,0.0786,0.3437,0.5482,0.3571,0.0429,0.5714,2.5054,-0.2081,cascade
2b_reference,degraded_instruct,collapsed_q2_edge,q3_routed_tri_68,planning,560,0.15,0.1214,0.3881,0.5661,0.4054,0.05,0.4643,1.9821,-0.1464,cascade
2b_reference,degraded_instruct,collapsed_q2_edge,q3_routed_tri_68,rhetoric,560,0.0821,0.0589,0.3141,0.5339,0.4339,0.0411,0.5732,2.4018,-0.2454,cascade
2b_reference,degraded_instruct,collapsed_q2_edge,q3_routed_tri_68,spatial,560,0.1268,0.0911,0.346,0.5661,0.4054,0.0625,0.5071,2.1661,-0.1919,cascade
2b_reference,degraded_instruct,collapsed_q2_edge,q3_stability_tri_72,adversarial,560,0.2143,0.1304,0.4909,0.7929,0.4089,0.0482,0.6054,1.8018,-0.1405,cascade
2b_reference,degraded_instruct,collapsed_q2_edge,q3_stability_tri_72,boundary,560,0.2232,0.1232,0.5016,0.8107,0.3875,0.0482,0.6625,1.6821,-0.1398,cascade
2b_reference,degraded_instruct,collapsed_q2_edge,q3_stability_tri_72,coding,560,0.1304,0.0964,0.3907,0.5661,0.3625,0.0464,0.5018,2.0589,-0.1647,cascade
2b_reference,degraded_instruct,collapsed_q2_edge,q3_stability_tri_72,epistemic,560,0.1804,0.1482,0.4184,0.6143,0.3268,0.0357,0.6018,1.7321,-0.0917,cascade
2b_reference,degraded_instruct,collapsed_q2_edge,q3_stability_tri_72,forensic,560,0.1821,0.1268,0.4197,0.7679,0.4161,0.0554,0.525,1.9393,-0.1481,cascade
2b_reference,degraded_instruct,collapsed_q2_edge,q3_stability_tri_72,generalist,560,0.1214,0.0911,0.3806,0.5589,0.3946,0.0536,0.6018,1.8857,-0.1805,cascade
2b_reference,degraded_instruct,collapsed_q2_edge,q3_stability_tri_72,math,560,0.1036,0.075,0.3659,0.5536,0.3786,0.0446,0.5446,2.3571,-0.2089,cascade
2b_reference,degraded_instruct,collapsed_q2_edge,q3_stability_tri_72,planning,560,0.1589,0.1304,0.3951,0.5714,0.3607,0.0643,0.4214,1.9804,-0.1234,cascade
2b_reference,degraded_instruct,collapsed_q2_edge,q3_stability_tri_72,rhetoric,560,0.0786,0.0571,0.3293,0.5375,0.4357,0.0304,0.55,2.3125,-0.2393,cascade
2b_reference,degraded_instruct,collapsed_q2_edge,q3_stability_tri_72,spatial,560,0.1625,0.1071,0.4002,0.6125,0.3714,0.0393,0.4554,2.0107,-0.1491,cascade
2b_reference,degraded_instruct,collapsed_q2_edge,q4_boundary_pair_72_28,adversarial,560,0.1018,0.0714,0.3527,0.7357,0.4929,0.0393,0.6268,2.5304,-0.2609,cascade
2b_reference,degraded_instruct,collapsed_q2_edge,q4_boundary_pair_72_28,boundary,560,0.1179,0.0929,0.3756,0.7482,0.4929,0.0625,0.5964,2.2964,-0.23,cascade
2b_reference,degraded_instruct,collapsed_q2_edge,q4_boundary_pair_72_28,coding,560,0.0446,0.0321,0.2251,0.45,0.5071,0.0411,0.5,2.8839,-0.3124,cascade
2b_reference,degraded_instruct,collapsed_q2_edge,q4_boundary_pair_72_28,epistemic,560,0.0518,0.0357,0.2285,0.4571,0.5464,0.0179,0.5643,2.5125,-0.3026,cascade
2b_reference,degraded_instruct,collapsed_q2_edge,q4_boundary_pair_72_28,forensic,560,0.0732,0.0679,0.2748,0.7393,0.5286,0.0357,0.5482,2.6411,-0.2738,cascade
2b_reference,degraded_instruct,collapsed_q2_edge,q4_boundary_pair_72_28,generalist,560,0.0357,0.0232,0.2128,0.4357,0.5321,0.0446,0.5554,2.6661,-0.3231,cascade
2b_reference,degraded_instruct,collapsed_q2_edge,q4_boundary_pair_72_28,math,560,0.0375,0.0286,0.203,0.4554,0.5054,0.0232,0.5625,3.2357,-0.3345,cascade
2b_reference,degraded_instruct,collapsed_q2_edge,q4_boundary_pair_72_28,planning,560,0.0643,0.05,0.23,0.4161,0.5125,0.0429,0.4518,2.7518,-0.2861,cascade
2b_reference,degraded_instruct,collapsed_q2_edge,q4_boundary_pair_72_28,rhetoric,560,0.0321,0.0304,0.1878,0.4643,0.5571,0.0375,0.5643,3.075,-0.3432,cascade
2b_reference,degraded_instruct,collapsed_q2_edge,q4_boundary_pair_72_28,spatial,560,0.0643,0.0518,0.2277,0.4179,0.4964,0.0429,0.4732,2.7786,-0.2825,cascade
2b_reference,degraded_instruct,collapsed_q2_edge,q4_generalist_pair_72_28,adversarial,560,0.0536,0.0339,0.2537,0.5929,0.5304,0.0357,0.6821,3.0804,-0.3409,cascade
2b_reference,degraded_instruct,collapsed_q2_edge,q4_generalist_pair_72_28,boundary,560,0.0554,0.0446,0.2422,0.5589,0.5554,0.0411,0.6839,2.8946,-0.3296,cascade
2b_reference,degraded_instruct,collapsed_q2_edge,q4_generalist_pair_72_28,coding,560,0.0536,0.0429,0.242,0.5429,0.4732,0.0161,0.4946,2.9089,-0.2873,cascade
2b_reference,degraded_instruct,collapsed_q2_edge,q4_generalist_pair_72_28,epistemic,560,0.0518,0.0321,0.2377,0.4946,0.4893,0.0143,0.5804,2.4375,-0.2858,cascade
2b_reference,degraded_instruct,collapsed_q2_edge,q4_generalist_pair_72_28,forensic,560,0.0375,0.0268,0.2239,0.6196,0.5518,0.0286,0.6196,2.85,-0.3365,cascade
2b_reference,degraded_instruct,collapsed_q2_edge,q4_generalist_pair_72_28,generalist,560,0.0679,0.0411,0.2672,0.5321,0.4821,0.0429,0.5786,2.5286,-0.2849,cascade
2b_reference,degraded_instruct,collapsed_q2_edge,q4_generalist_pair_72_28,math,560,0.0482,0.0393,0.2352,0.5232,0.4696,0.0321,0.6446,3.0696,-0.3131,cascade
2b_reference,degraded_instruct,collapsed_q2_edge,q4_generalist_pair_72_28,planning,560,0.0679,0.0446,0.2491,0.5143,0.4625,0.0179,0.5339,2.7607,-0.2784,cascade
2b_reference,degraded_instruct,collapsed_q2_edge,q4_generalist_pair_72_28,rhetoric,560,0.0339,0.0232,0.2106,0.4964,0.5268,0.0179,0.675,3.0268,-0.3437,cascade
2b_reference,degraded_instruct,collapsed_q2_edge,q4_generalist_pair_72_28,spatial,560,0.0714,0.0482,0.251,0.525,0.4714,0.0232,0.4732,2.7607,-0.2738,cascade
2b_reference,degraded_instruct,damaged_q2,q2_amplifier_low_echo,adversarial,560,0.7982,0.3554,0.8824,0.9929,0.1643,0.2804,0.4607,0.0375,0.2113,none
2b_reference,degraded_instruct,damaged_q2,q2_amplifier_low_echo,boundary,560,0.7911,0.3321,0.87,0.9857,0.1571,0.3339,0.5179,0.0571,0.1739,none
2b_reference,degraded_instruct,damaged_q2,q2_amplifier_low_echo,coding,560,0.6946,0.3268,0.8211,0.8196,0.15,0.2929,0.4321,0.1786,0.1797,none
2b_reference,degraded_instruct,damaged_q2,q2_amplifier_low_echo,epistemic,560,0.6964,0.3429,0.8178,0.8143,0.1321,0.2804,0.4411,0.2232,0.2007,none
2b_reference,degraded_instruct,damaged_q2,q2_amplifier_low_echo,forensic,560,0.7661,0.3589,0.8629,0.9911,0.15,0.3036,0.4696,0.1661,0.2073,none
2b_reference,degraded_instruct,damaged_q2,q2_amplifier_low_echo,generalist,560,0.6661,0.3179,0.7916,0.7875,0.1482,0.2857,0.4964,0.2696,0.1631,none
2b_reference,degraded_instruct,damaged_q2,q2_amplifier_low_echo,math,560,0.6393,0.3286,0.7816,0.7679,0.1518,0.2786,0.4714,0.3893,0.1701,none
2b_reference,degraded_instruct,damaged_q2,q2_amplifier_low_echo,planning,560,0.6679,0.3625,0.813,0.8,0.1625,0.2875,0.3893,0.1929,0.2155,none
2b_reference,degraded_instruct,damaged_q2,q2_amplifier_low_echo,rhetoric,560,0.6625,0.3286,0.7996,0.7875,0.1321,0.2536,0.4946,0.3107,0.1831,none
2b_reference,degraded_instruct,damaged_q2,q2_amplifier_low_echo,spatial,560,0.6679,0.3661,0.8126,0.7946,0.1696,0.2589,0.3732,0.225,0.2223,none
2b_reference,degraded_instruct,damaged_q2,q3_routed_tri_68,adversarial,560,0.5446,0.3464,0.7417,0.9464,0.2268,0.0696,0.5107,0.8321,0.182,none
2b_reference,degraded_instruct,damaged_q2,q3_routed_tri_68,boundary,560,0.5875,0.3518,0.7555,0.9357,0.2089,0.0625,0.5286,0.7357,0.1975,none
2b_reference,degraded_instruct,damaged_q2,q3_routed_tri_68,coding,560,0.3768,0.275,0.6295,0.7232,0.2196,0.05,0.4179,1.1286,0.1093,none
2b_reference,degraded_instruct,damaged_q2,q3_routed_tri_68,epistemic,560,0.375,0.2518,0.6327,0.7571,0.2196,0.0232,0.475,1.0,0.0932,none
2b_reference,degraded_instruct,damaged_q2,q3_routed_tri_68,forensic,560,0.4232,0.2964,0.6585,0.9179,0.2232,0.0464,0.4929,1.1196,0.1248,none
2b_reference,degraded_instruct,damaged_q2,q3_routed_tri_68,generalist,560,0.3286,0.2321,0.5979,0.6875,0.2589,0.0518,0.4875,1.0714,0.0515,cascade
2b_reference,degraded_instruct,damaged_q2,q3_routed_tri_68,math,560,0.3393,0.2357,0.5874,0.7393,0.2321,0.0375,0.4911,1.4321,0.0477,none
2b_reference,degraded_instruct,damaged_q2,q3_routed_tri_68,planning,560,0.4143,0.2964,0.6317,0.7071,0.2375,0.05,0.3946,1.0536,0.1309,none
2b_reference,degraded_instruct,damaged_q2,q3_routed_tri_68,rhetoric,560,0.3125,0.2125,0.5831,0.7179,0.2232,0.0554,0.4446,1.3518,0.0313,cascade
2b_reference,degraded_instruct,damaged_q2,q3_routed_tri_68,spatial,560,0.4,0.3036,0.631,0.7518,0.2375,0.0393,0.35,1.1143,0.1407,none
2b_reference,degraded_instruct,damaged_q2,q3_stability_tri_72,adversarial,560,0.5768,0.3732,0.7637,0.9232,0.2196,0.0286,0.4982,0.7054,0.2265,none
2b_reference,degraded_instruct,damaged_q2,q3_stability_tri_72,boundary,560,0.5911,0.3661,0.7653,0.9268,0.225,0.0554,0.5339,0.6482,0.2124,none
2b_reference,degraded_instruct,damaged_q2,q3_stability_tri_72,coding,560,0.3964,0.2821,0.6455,0.75,0.2375,0.0446,0.3571,1.0429,0.1212,none
2b_reference,degraded_instruct,damaged_q2,q3_stability_tri_72,epistemic,560,0.3857,0.2625,0.6469,0.7571,0.2214,0.0357,0.4589,0.9125,0.1066,none
2b_reference,degraded_instruct,damaged_q2,q3_stability_tri_72,forensic,560,0.4589,0.3036,0.6671,0.9107,0.2357,0.0429,0.4643,1.0536,0.1345,none
2b_reference,degraded_instruct,damaged_q2,q3_stability_tri_72,generalist,560,0.3643,0.2696,0.6244,0.7125,0.2286,0.0339,0.4643,1.0161,0.1063,none
2b_reference,degraded_instruct,damaged_q2,q3_stability_tri_72,math,560,0.3411,0.2393,0.5875,0.6911,0.2625,0.0482,0.4821,1.3321,0.0457,cascade
2b_reference,degraded_instruct,damaged_q2,q3_stability_tri_72,planning,560,0.4893,0.3732,0.6787,0.75,0.2107,0.0339,0.3929,0.9125,0.2262,none
2b_reference,degraded_instruct,damaged_q2,q3_stability_tri_72,rhetoric,560,0.3232,0.2286,0.5861,0.7036,0.2536,0.0429,0.5268,1.225,0.0405,cascade
2b_reference,degraded_instruct,damaged_q2,q3_stability_tri_72,spatial,560,0.4196,0.2893,0.6388,0.7589,0.2304,0.0607,0.3804,1.0786,0.1237,none
2b_reference,degraded_instruct,damaged_q2,q4_boundary_pair_72_28,adversarial,560,0.3518,0.2286,0.6139,0.8804,0.3125,0.0411,0.4804,1.3696,0.0197,cascade
2b_reference,degraded_instruct,damaged_q2,q4_boundary_pair_72_28,boundary,560,0.4518,0.2893,0.6739,0.9232,0.2661,0.0411,0.5375,1.0571,0.1054,none
2b_reference,degraded_instruct,damaged_q2,q4_boundary_pair_72_28,coding,560,0.1982,0.1464,0.4737,0.6464,0.3196,0.0536,0.3982,1.7304,-0.0786,cascade
2b_reference,degraded_instruct,damaged_q2,q4_boundary_pair_72_28,epistemic,560,0.1482,0.1125,0.4112,0.5536,0.3321,0.025,0.4964,1.6607,-0.1149,cascade
2b_reference,degraded_instruct,damaged_q2,q4_boundary_pair_72_28,forensic,560,0.2821,0.2107,0.5327,0.8804,0.3339,0.0429,0.475,1.5821,-0.0151,cascade
2b_reference,degraded_instruct,damaged_q2,q4_boundary_pair_72_28,generalist,560,0.1554,0.0964,0.4243,0.5875,0.3446,0.0518,0.5107,1.7429,-0.1453,cascade
2b_reference,degraded_instruct,damaged_q2,q4_boundary_pair_72_28,math,560,0.1679,0.1339,0.4271,0.6018,0.3125,0.0286,0.4179,2.0946,-0.1037,cascade
2b_reference,degraded_instruct,damaged_q2,q4_boundary_pair_72_28,planning,560,0.2232,0.1714,0.4609,0.5929,0.2946,0.0214,0.3768,1.7393,-0.0384,cascade
2b_reference,degraded_instruct,damaged_q2,q4_boundary_pair_72_28,rhetoric,560,0.1625,0.1214,0.4121,0.5696,0.3464,0.0268,0.4982,1.9821,-0.1268,cascade
2b_reference,degraded_instruct,damaged_q2,q4_boundary_pair_72_28,spatial,560,0.1839,0.1429,0.4387,0.6321,0.3161,0.025,0.3679,1.8875,-0.0808,cascade
2b_reference,degraded_instruct,damaged_q2,q4_generalist_pair_72_28,adversarial,560,0.2268,0.1643,0.4961,0.7911,0.3375,0.0321,0.575,1.9214,-0.0855,cascade
2b_reference,degraded_instruct,damaged_q2,q4_generalist_pair_72_28,boundary,560,0.2196,0.1536,0.5096,0.8,0.325,0.0321,0.575,1.7446,-0.0836,cascade
2b_reference,degraded_instruct,damaged_q2,q4_generalist_pair_72_28,coding,560,0.1929,0.1375,0.4623,0.6518,0.3196,0.025,0.4696,1.8089,-0.0914,cascade
2b_reference,degraded_instruct,damaged_q2,q4_generalist_pair_72_28,epistemic,560,0.1804,0.1304,0.4558,0.6536,0.3018,0.0071,0.5161,1.6607,-0.0859,cascade
2b_reference,degraded_instruct,damaged_q2,q4_generalist_pair_72_28,forensic,560,0.2268,0.1696,0.4701,0.7786,0.3125,0.0268,0.4804,1.8196,-0.0589,cascade
2b_reference,degraded_instruct,damaged_q2,q4_generalist_pair_72_28,generalist,560,0.1696,0.1286,0.4341,0.6518,0.3554,0.0411,0.4768,1.7536,-0.1121,cascade
2b_reference,degraded_instruct,damaged_q2,q4_generalist_pair_72_28,math,560,0.175,0.1196,0.4467,0.675,0.3036,0.0196,0.5393,2.0661,-0.1218,cascade
2b_reference,degraded_instruct,damaged_q2,q4_generalist_pair_72_28,planning,560,0.2375,0.1821,0.4897,0.6589,0.2982,0.0214,0.4018,1.7054,-0.029,cascade
2b_reference,degraded_instruct,damaged_q2,q4_generalist_pair_72_28,rhetoric,560,0.1929,0.1357,0.4374,0.6429,0.3286,0.0179,0.5571,1.9054,-0.1063,cascade
2b_reference,degraded_instruct,damaged_q2,q4_generalist_pair_72_28,spatial,560,0.1964,0.1589,0.4423,0.6625,0.3196,0.025,0.4161,1.8857,-0.0695,cascade
2b_reference,degraded_instruct,damaged_q3,q2_amplifier_low_echo,adversarial,560,0.8429,0.3804,0.8986,0.9911,0.1179,0.3411,0.3482,0.0393,0.247,none
2b_reference,degraded_instruct,damaged_q3,q2_amplifier_low_echo,boundary,560,0.8339,0.3786,0.8914,0.9964,0.1286,0.3446,0.3679,0.0536,0.239,none
2b_reference,degraded_instruct,damaged_q3,q2_amplifier_low_echo,coding,560,0.8482,0.4375,0.8976,0.9768,0.1161,0.3,0.3071,0.0589,0.3152,none
2b_reference,degraded_instruct,damaged_q3,q2_amplifier_low_echo,epistemic,560,0.8679,0.4661,0.9151,0.9982,0.0982,0.2571,0.3321,0.0429,0.3565,none
2b_reference,degraded_instruct,damaged_q3,q2_amplifier_low_echo,forensic,560,0.8679,0.4429,0.9089,0.9893,0.0982,0.325,0.3179,0.0446,0.3207,none
2b_reference,degraded_instruct,damaged_q3,q2_amplifier_low_echo,generalist,560,0.8589,0.4661,0.9037,0.9554,0.0911,0.2911,0.3179,0.0429,0.353,none
2b_reference,degraded_instruct,damaged_q3,q2_amplifier_low_echo,math,560,0.8732,0.4714,0.9124,0.9679,0.0821,0.2446,0.3768,0.0482,0.3653,none
2b_reference,degraded_instruct,damaged_q3,q2_amplifier_low_echo,planning,560,0.8679,0.4714,0.907,0.9804,0.1018,0.3107,0.2839,0.0357,0.3542,none
2b_reference,degraded_instruct,damaged_q3,q2_amplifier_low_echo,rhetoric,560,0.8321,0.4464,0.8939,0.9464,0.1232,0.2839,0.3286,0.0518,0.3238,none
2b_reference,degraded_instruct,damaged_q3,q2_amplifier_low_echo,spatial,560,0.8768,0.5286,0.9184,0.9696,0.0875,0.2768,0.2464,0.0411,0.4252,none
2b_reference,degraded_instruct,damaged_q3,q3_routed_tri_68,adversarial,560,0.875,0.6054,0.9303,0.9893,0.1071,0.0357,0.3268,0.0536,0.5373,none
2b_reference,degraded_instruct,damaged_q3,q3_routed_tri_68,boundary,560,0.8571,0.5589,0.9204,0.9946,0.1268,0.0625,0.3446,0.075,0.4771,none
2b_reference,degraded_instruct,damaged_q3,q3_routed_tri_68,coding,560,0.8589,0.6125,0.9182,0.9411,0.0982,0.0393,0.2839,0.0911,0.5479,none
2b_reference,degraded_instruct,damaged_q3,q3_routed_tri_68,epistemic,560,0.8339,0.5768,0.9118,0.95,0.1125,0.0518,0.3268,0.0875,0.5022,none
2b_reference,degraded_instruct,damaged_q3,q3_routed_tri_68,forensic,560,0.85,0.5857,0.9199,0.9964,0.1357,0.0464,0.325,0.0821,0.5056,none
2b_reference,degraded_instruct,damaged_q3,q3_routed_tri_68,generalist,560,0.8107,0.5857,0.9058,0.9161,0.1036,0.0589,0.2786,0.1107,0.515,none
2b_reference,degraded_instruct,damaged_q3,q3_routed_tri_68,math,560,0.8179,0.5536,0.8969,0.9089,0.1018,0.0429,0.3321,0.1679,0.4795,none
2b_reference,degraded_instruct,damaged_q3,q3_routed_tri_68,planning,560,0.8446,0.6464,0.9158,0.9411,0.1018,0.0393,0.2714,0.1,0.5813,none
2b_reference,degraded_instruct,damaged_q3,q3_routed_tri_68,rhetoric,560,0.8125,0.5679,0.8951,0.9143,0.1179,0.0304,0.3411,0.1375,0.4923,none
2b_reference,degraded_instruct,damaged_q3,q3_routed_tri_68,spatial,560,0.8214,0.5911,0.9064,0.9411,0.1286,0.0357,0.2911,0.1089,0.5166,none
2b_reference,degraded_instruct,damaged_q3,q3_stability_tri_72,adversarial,560,0.8536,0.6054,0.9291,0.9911,0.1321,0.0554,0.2893,0.0357,0.5297,none
2b_reference,degraded_instruct,damaged_q3,q3_stability_tri_72,boundary,560,0.8607,0.5982,0.9273,0.9929,0.1268,0.0625,0.3179,0.0464,0.5199,none
2b_reference,degraded_instruct,damaged_q3,q3_stability_tri_72,coding,560,0.8589,0.6268,0.9272,0.9518,0.1036,0.0429,0.2482,0.0571,0.5644,none
2b_reference,degraded_instruct,damaged_q3,q3_stability_tri_72,epistemic,560,0.8464,0.6036,0.9214,0.95,0.0875,0.0268,0.3179,0.0804,0.5425,none
2b_reference,degraded_instruct,damaged_q3,q3_stability_tri_72,forensic,560,0.8518,0.5857,0.9206,0.9911,0.1161,0.0625,0.3357,0.0946,0.5068,none
2b_reference,degraded_instruct,damaged_q3,q3_stability_tri_72,generalist,560,0.8161,0.5768,0.8999,0.9125,0.1143,0.0393,0.3232,0.1036,0.5036,none
2b_reference,degraded_instruct,damaged_q3,q3_stability_tri_72,math,560,0.8536,0.6036,0.9082,0.9304,0.1036,0.0375,0.3161,0.1304,0.5332,none
2b_reference,degraded_instruct,damaged_q3,q3_stability_tri_72,planning,560,0.8589,0.6161,0.9277,0.9607,0.1125,0.0482,0.2571,0.05,0.5496,none
2b_reference,degraded_instruct,damaged_q3,q3_stability_tri_72,rhetoric,560,0.8393,0.5732,0.9062,0.9161,0.0839,0.0446,0.3643,0.1268,0.5036,none
2b_reference,degraded_instruct,damaged_q3,q3_stability_tri_72,spatial,560,0.8804,0.6375,0.928,0.9393,0.0696,0.0393,0.2732,0.0911,0.5823,none
2b_reference,degraded_instruct,damaged_q3,q4_boundary_pair_72_28,adversarial,560,0.85,0.5893,0.9186,0.9786,0.1196,0.0429,0.3125,0.0982,0.5149,none
2b_reference,degraded_instruct,damaged_q3,q4_boundary_pair_72_28,boundary,560,0.8464,0.5554,0.9128,0.9929,0.1393,0.0482,0.375,0.0839,0.4697,none
2b_reference,degraded_instruct,damaged_q3,q4_boundary_pair_72_28,coding,560,0.725,0.5464,0.8364,0.8714,0.1518,0.0357,0.2661,0.3571,0.4546,none
2b_reference,degraded_instruct,damaged_q3,q4_boundary_pair_72_28,epistemic,560,0.6429,0.4482,0.8103,0.8589,0.15,0.0286,0.3661,0.3839,0.349,none
2b_reference,degraded_instruct,damaged_q3,q4_boundary_pair_72_28,forensic,560,0.7589,0.5446,0.8651,0.9875,0.1554,0.0446,0.3286,0.3071,0.4475,none
2b_reference,degraded_instruct,damaged_q3,q4_boundary_pair_72_28,generalist,560,0.6107,0.4393,0.7825,0.7893,0.1429,0.0393,0.3518,0.4929,0.3358,none
2b_reference,degraded_instruct,damaged_q3,q4_boundary_pair_72_28,math,560,0.6339,0.4964,0.7763,0.8036,0.1375,0.0196,0.3125,0.6732,0.3926,none
2b_reference,degraded_instruct,damaged_q3,q4_boundary_pair_72_28,planning,560,0.6839,0.5286,0.8113,0.8161,0.1464,0.0482,0.2446,0.4339,0.4337,none
2b_reference,degraded_instruct,damaged_q3,q4_boundary_pair_72_28,rhetoric,560,0.65,0.475,0.7873,0.8125,0.1393,0.0321,0.3143,0.5518,0.3741,none
2b_reference,degraded_instruct,damaged_q3,q4_boundary_pair_72_28,spatial,560,0.6554,0.4982,0.7933,0.8304,0.1357,0.0446,0.25,0.5518,0.401,none
2b_reference,degraded_instruct,damaged_q3,q4_generalist_pair_72_28,adversarial,560,0.7679,0.5214,0.8758,0.9839,0.1464,0.0321,0.3464,0.3125,0.4277,none
2b_reference,degraded_instruct,damaged_q3,q4_generalist_pair_72_28,boundary,560,0.7643,0.5393,0.8684,0.975,0.1518,0.0321,0.3661,0.3,0.443,none
2b_reference,degraded_instruct,damaged_q3,q4_generalist_pair_72_28,coding,560,0.7464,0.5554,0.8472,0.8929,0.1125,0.0339,0.2946,0.3821,0.4721,none
2b_reference,degraded_instruct,damaged_q3,q4_generalist_pair_72_28,epistemic,560,0.7161,0.5286,0.8481,0.9232,0.1268,0.0232,0.3411,0.3339,0.4419,none
2b_reference,degraded_instruct,damaged_q3,q4_generalist_pair_72_28,forensic,560,0.6964,0.5268,0.8206,0.9643,0.1625,0.0268,0.3107,0.5143,0.4221,none
2b_reference,degraded_instruct,damaged_q3,q4_generalist_pair_72_28,generalist,560,0.6732,0.5429,0.818,0.8679,0.1446,0.0286,0.2964,0.4214,0.449,none
2b_reference,degraded_instruct,damaged_q3,q4_generalist_pair_72_28,math,560,0.7018,0.5125,0.8267,0.8893,0.125,0.0196,0.3446,0.4804,0.4195,none
2b_reference,degraded_instruct,damaged_q3,q4_generalist_pair_72_28,planning,560,0.7179,0.5464,0.828,0.8661,0.1411,0.0232,0.2804,0.4125,0.4564,none
2b_reference,degraded_instruct,damaged_q3,q4_generalist_pair_72_28,rhetoric,560,0.6714,0.5071,0.8009,0.8589,0.125,0.0232,0.325,0.5714,0.4104,none
2b_reference,degraded_instruct,damaged_q3,q4_generalist_pair_72_28,spatial,560,0.7179,0.5589,0.8318,0.9036,0.1214,0.025,0.2518,0.4786,0.4734,none
2b_reference,degraded_instruct,damaged_q4,q2_amplifier_low_echo,adversarial,560,0.8661,0.475,0.9095,0.9786,0.0946,0.2964,0.2625,0.0607,0.3633,none
2b_reference,degraded_instruct,damaged_q4,q2_amplifier_low_echo,boundary,560,0.8696,0.4732,0.9097,0.9982,0.1089,0.2911,0.2821,0.0518,0.3572,none
2b_reference,degraded_instruct,damaged_q4,q2_amplifier_low_echo,coding,560,0.8911,0.4929,0.9175,0.9821,0.0696,0.2821,0.2589,0.0661,0.3915,none
2b_reference,degraded_instruct,damaged_q4,q2_amplifier_low_echo,epistemic,560,0.8804,0.4714,0.9187,0.9964,0.0929,0.2982,0.2857,0.0321,0.3595,none
2b_reference,degraded_instruct,damaged_q4,q2_amplifier_low_echo,forensic,560,0.9089,0.4857,0.9257,0.9946,0.0679,0.2839,0.2964,0.0393,0.3829,none
2b_reference,degraded_instruct,damaged_q4,q2_amplifier_low_echo,generalist,560,0.8768,0.5107,0.9208,0.9875,0.0839,0.2696,0.2411,0.0357,0.4105,none
2b_reference,degraded_instruct,damaged_q4,q2_amplifier_low_echo,math,560,0.8982,0.4643,0.9202,0.9875,0.0714,0.3107,0.3196,0.0393,0.3532,none
2b_reference,degraded_instruct,damaged_q4,q2_amplifier_low_echo,planning,560,0.8875,0.5304,0.9204,0.9857,0.075,0.2768,0.2196,0.0571,0.4321,none
2b_reference,degraded_instruct,damaged_q4,q2_amplifier_low_echo,rhetoric,560,0.9143,0.4804,0.9271,0.9964,0.0625,0.3161,0.2732,0.0411,0.3745,none
2b_reference,degraded_instruct,damaged_q4,q2_amplifier_low_echo,spatial,560,0.8964,0.5196,0.9251,0.9929,0.0643,0.2732,0.2375,0.0714,0.4231,none
2b_reference,degraded_instruct,damaged_q4,q3_routed_tri_68,adversarial,560,0.8786,0.6804,0.9401,0.9929,0.1018,0.0696,0.2161,0.0589,0.6157,none
2b_reference,degraded_instruct,damaged_q4,q3_routed_tri_68,boundary,560,0.8964,0.6768,0.9421,0.9821,0.0911,0.0714,0.2232,0.0464,0.615,none
2b_reference,degraded_instruct,damaged_q4,q3_routed_tri_68,coding,560,0.9196,0.7179,0.9529,0.9857,0.0625,0.0554,0.1893,0.0518,0.6703,none
2b_reference,degraded_instruct,damaged_q4,q3_routed_tri_68,epistemic,560,0.8875,0.6518,0.9413,0.9911,0.0786,0.0304,0.2804,0.0554,0.5969,none
2b_reference,degraded_instruct,damaged_q4,q3_routed_tri_68,forensic,560,0.8946,0.6839,0.9433,0.9911,0.0911,0.0554,0.2286,0.05,0.6248,none
2b_reference,degraded_instruct,damaged_q4,q3_routed_tri_68,generalist,560,0.8982,0.6768,0.9454,0.9911,0.0786,0.0429,0.2554,0.0464,0.6219,none
2b_reference,degraded_instruct,damaged_q4,q3_routed_tri_68,math,560,0.9143,0.675,0.9506,0.9839,0.0625,0.0536,0.2696,0.0393,0.622,none
2b_reference,degraded_instruct,damaged_q4,q3_routed_tri_68,planning,560,0.9179,0.7429,0.9536,0.9929,0.0643,0.0286,0.1732,0.0554,0.7012,none
2b_reference,degraded_instruct,damaged_q4,q3_routed_tri_68,rhetoric,560,0.8929,0.6482,0.9395,0.9839,0.0875,0.0411,0.2679,0.0554,0.5896,none
2b_reference,degraded_instruct,damaged_q4,q3_routed_tri_68,spatial,560,0.9286,0.6768,0.9571,0.9946,0.0571,0.0589,0.2286,0.0375,0.6277,none
2b_reference,degraded_instruct,damaged_q4,q3_stability_tri_72,adversarial,560,0.8768,0.675,0.9375,0.9857,0.1054,0.0357,0.2357,0.0536,0.6147,none
2b_reference,degraded_instruct,damaged_q4,q3_stability_tri_72,boundary,560,0.9125,0.7018,0.9476,0.9911,0.0768,0.0464,0.2214,0.0554,0.649,none
2b_reference,degraded_instruct,damaged_q4,q3_stability_tri_72,coding,560,0.9232,0.675,0.9525,0.9929,0.0625,0.0571,0.25,0.0411,0.6228,none
2b_reference,degraded_instruct,damaged_q4,q3_stability_tri_72,epistemic,560,0.8982,0.6786,0.947,0.9911,0.0839,0.0304,0.2696,0.0286,0.6243,none
2b_reference,degraded_instruct,damaged_q4,q3_stability_tri_72,forensic,560,0.9107,0.6839,0.9434,0.9875,0.0804,0.0482,0.2429,0.0589,0.6278,none
2b_reference,degraded_instruct,damaged_q4,q3_stability_tri_72,generalist,560,0.9125,0.6857,0.9491,0.9821,0.0661,0.0321,0.2679,0.0339,0.6363,none
2b_reference,degraded_instruct,damaged_q4,q3_stability_tri_72,math,560,0.9304,0.6857,0.9502,0.9839,0.0589,0.0321,0.2804,0.0446,0.6369,none
2b_reference,degraded_instruct,damaged_q4,q3_stability_tri_72,planning,560,0.9125,0.7143,0.9508,0.9839,0.0696,0.0518,0.1839,0.05,0.6658,none
2b_reference,degraded_instruct,damaged_q4,q3_stability_tri_72,rhetoric,560,0.925,0.7143,0.9525,0.9911,0.0607,0.0321,0.2429,0.0482,0.6678,none
2b_reference,degraded_instruct,damaged_q4,q3_stability_tri_72,spatial,560,0.9214,0.7143,0.9536,0.9946,0.0661,0.0464,0.2214,0.0446,0.6652,none
2b_reference,degraded_instruct,damaged_q4,q4_boundary_pair_72_28,adversarial,560,0.875,0.6875,0.9389,0.9839,0.0946,0.0357,0.225,0.0625,0.6308,none
2b_reference,degraded_instruct,damaged_q4,q4_boundary_pair_72_28,boundary,560,0.8679,0.6339,0.9339,0.9911,0.1054,0.0446,0.2446,0.0679,0.5704,none
2b_reference,degraded_instruct,damaged_q4,q4_boundary_pair_72_28,coding,560,0.8464,0.6643,0.9231,0.9446,0.125,0.0446,0.2,0.0589,0.5989,none
2b_reference,degraded_instruct,damaged_q4,q4_boundary_pair_72_28,epistemic,560,0.85,0.6125,0.9204,0.9518,0.0964,0.025,0.2839,0.0857,0.5516,none
2b_reference,degraded_instruct,damaged_q4,q4_boundary_pair_72_28,forensic,560,0.8929,0.6964,0.945,0.9982,0.0946,0.0411,0.2268,0.0429,0.6395,none
2b_reference,degraded_instruct,damaged_q4,q4_boundary_pair_72_28,generalist,560,0.8446,0.6554,0.9124,0.9,0.0875,0.0321,0.2607,0.0946,0.5971,none
2b_reference,degraded_instruct,damaged_q4,q4_boundary_pair_72_28,math,560,0.8839,0.6696,0.9217,0.9107,0.0554,0.0339,0.2732,0.125,0.6181,none
2b_reference,degraded_instruct,damaged_q4,q4_boundary_pair_72_28,planning,560,0.8696,0.7036,0.9295,0.9232,0.075,0.0482,0.2,0.0732,0.6518,none
2b_reference,degraded_instruct,damaged_q4,q4_boundary_pair_72_28,rhetoric,560,0.8429,0.675,0.9121,0.9107,0.0875,0.0357,0.2107,0.1339,0.6181,none
2b_reference,degraded_instruct,damaged_q4,q4_boundary_pair_72_28,spatial,560,0.8643,0.6625,0.9234,0.9125,0.0679,0.0429,0.2304,0.1036,0.61,none
2b_reference,degraded_instruct,damaged_q4,q4_generalist_pair_72_28,adversarial,560,0.8786,0.6464,0.9358,0.9857,0.1054,0.0357,0.2554,0.0554,0.5845,none
2b_reference,degraded_instruct,damaged_q4,q4_generalist_pair_72_28,boundary,560,0.8839,0.6536,0.9377,0.9964,0.1,0.0357,0.3036,0.0446,0.5899,none
2b_reference,degraded_instruct,damaged_q4,q4_generalist_pair_72_28,coding,560,0.8911,0.675,0.9396,0.9804,0.0768,0.0446,0.2268,0.0786,0.621,none
2b_reference,degraded_instruct,damaged_q4,q4_generalist_pair_72_28,epistemic,560,0.8911,0.6893,0.9466,0.9929,0.0839,0.0161,0.2375,0.0393,0.6399,none
2b_reference,degraded_instruct,damaged_q4,q4_generalist_pair_72_28,forensic,560,0.8911,0.6714,0.9421,0.9875,0.0768,0.0268,0.25,0.0625,0.6199,none
2b_reference,degraded_instruct,damaged_q4,q4_generalist_pair_72_28,generalist,560,0.8696,0.6268,0.9293,0.9643,0.0875,0.0375,0.2857,0.0696,0.5667,none
2b_reference,degraded_instruct,damaged_q4,q4_generalist_pair_72_28,math,560,0.9018,0.6589,0.9397,0.9821,0.0732,0.0196,0.2911,0.0714,0.6062,none
2b_reference,degraded_instruct,damaged_q4,q4_generalist_pair_72_28,planning,560,0.8768,0.6679,0.9397,0.9857,0.1,0.0286,0.2321,0.0446,0.6113,none
2b_reference,degraded_instruct,damaged_q4,q4_generalist_pair_72_28,rhetoric,560,0.8839,0.6571,0.9331,0.9696,0.0786,0.0232,0.275,0.0857,0.6026,none
2b_reference,degraded_instruct,damaged_q4,q4_generalist_pair_72_28,spatial,560,0.8964,0.6964,0.9418,0.9714,0.075,0.025,0.2161,0.0696,0.6482,none
2b_reference,degraded_instruct,healthy_q6,q2_amplifier_low_echo,adversarial,560,0.9089,0.4714,0.9197,0.9857,0.0679,0.325,0.2375,0.05,0.3646,none
2b_reference,degraded_instruct,healthy_q6,q2_amplifier_low_echo,boundary,560,0.8964,0.5482,0.9258,0.9875,0.0679,0.25,0.2554,0.0464,0.4551,none
2b_reference,degraded_instruct,healthy_q6,q2_amplifier_low_echo,coding,560,0.9214,0.5643,0.9314,0.9875,0.0482,0.2661,0.2161,0.0554,0.4766,none
2b_reference,degraded_instruct,healthy_q6,q2_amplifier_low_echo,epistemic,560,0.9107,0.5036,0.9311,0.9946,0.0679,0.2589,0.2536,0.0357,0.4094,none
2b_reference,degraded_instruct,healthy_q6,q2_amplifier_low_echo,forensic,560,0.8982,0.5304,0.9284,0.9946,0.075,0.2929,0.2,0.0464,0.431,none
2b_reference,degraded_instruct,healthy_q6,q2_amplifier_low_echo,generalist,560,0.8893,0.5232,0.9234,0.9946,0.0696,0.3089,0.2089,0.0446,0.4216,none
2b_reference,degraded_instruct,healthy_q6,q2_amplifier_low_echo,math,560,0.9125,0.525,0.9309,0.9964,0.0661,0.2429,0.2679,0.0554,0.4324,none
2b_reference,degraded_instruct,healthy_q6,q2_amplifier_low_echo,planning,560,0.8982,0.5179,0.924,0.9839,0.0679,0.2821,0.2232,0.0482,0.4208,none
2b_reference,degraded_instruct,healthy_q6,q2_amplifier_low_echo,rhetoric,560,0.8857,0.5179,0.9243,0.9821,0.0786,0.2571,0.2607,0.0446,0.4198,none
2b_reference,degraded_instruct,healthy_q6,q2_amplifier_low_echo,spatial,560,0.9161,0.5571,0.9331,0.9911,0.0625,0.2768,0.1821,0.0482,0.4661,none
2b_reference,degraded_instruct,healthy_q6,q3_routed_tri_68,adversarial,560,0.925,0.7464,0.9586,0.9911,0.0589,0.0589,0.1714,0.0429,0.7011,none
2b_reference,degraded_instruct,healthy_q6,q3_routed_tri_68,boundary,560,0.9304,0.7232,0.9557,0.9929,0.0571,0.0554,0.2018,0.0554,0.6761,none
2b_reference,degraded_instruct,healthy_q6,q3_routed_tri_68,coding,560,0.9357,0.7589,0.9588,0.9875,0.0429,0.0411,0.1554,0.0679,0.722,none
2b_reference,degraded_instruct,healthy_q6,q3_routed_tri_68,epistemic,560,0.9536,0.7339,0.9664,0.9911,0.0304,0.0357,0.2286,0.0268,0.6981,none
2b_reference,degraded_instruct,healthy_q6,q3_routed_tri_68,forensic,560,0.9393,0.7857,0.9625,0.9911,0.0482,0.0304,0.1554,0.0464,0.7504,none
2b_reference,degraded_instruct,healthy_q6,q3_routed_tri_68,generalist,560,0.9214,0.7571,0.9592,0.9839,0.0607,0.0464,0.1536,0.0321,0.7157,none
2b_reference,degraded_instruct,healthy_q6,q3_routed_tri_68,math,560,0.95,0.7357,0.9617,0.9821,0.0286,0.05,0.2214,0.0518,0.6968,none
2b_reference,degraded_instruct,healthy_q6,q3_routed_tri_68,planning,560,0.9357,0.7732,0.9601,0.9893,0.05,0.0268,0.1571,0.0446,0.7381,none
2b_reference,degraded_instruct,healthy_q6,q3_routed_tri_68,rhetoric,560,0.9357,0.7464,0.9603,0.9893,0.0464,0.0321,0.1929,0.0464,0.7083,none
2b_reference,degraded_instruct,healthy_q6,q3_routed_tri_68,spatial,560,0.9161,0.7696,0.9581,0.9946,0.0714,0.0446,0.1196,0.0464,0.7274,none
2b_reference,degraded_instruct,healthy_q6,q3_stability_tri_72,adversarial,560,0.9268,0.7643,0.9563,0.9911,0.0607,0.0446,0.1411,0.0643,0.7226,none
2b_reference,degraded_instruct,healthy_q6,q3_stability_tri_72,boundary,560,0.9393,0.7518,0.9597,0.9929,0.0446,0.0393,0.1929,0.0589,0.7122,none
2b_reference,degraded_instruct,healthy_q6,q3_stability_tri_72,coding,560,0.9464,0.7643,0.9656,0.9964,0.0304,0.0464,0.1679,0.0536,0.7298,none
2b_reference,degraded_instruct,healthy_q6,q3_stability_tri_72,epistemic,560,0.9339,0.7571,0.9587,0.9893,0.0518,0.025,0.1982,0.0375,0.7189,none
2b_reference,degraded_instruct,healthy_q6,q3_stability_tri_72,forensic,560,0.9304,0.7589,0.9593,0.9929,0.0536,0.0429,0.1607,0.0518,0.7188,none
2b_reference,degraded_instruct,healthy_q6,q3_stability_tri_72,generalist,560,0.9107,0.7286,0.956,0.9964,0.075,0.0375,0.1786,0.0304,0.6828,none
2b_reference,degraded_instruct,healthy_q6,q3_stability_tri_72,math,560,0.9357,0.7232,0.9581,0.9946,0.0375,0.0286,0.2339,0.0625,0.6844,none
2b_reference,degraded_instruct,healthy_q6,q3_stability_tri_72,planning,560,0.9339,0.7625,0.9612,0.9893,0.0482,0.0393,0.1589,0.0482,0.7251,none
2b_reference,degraded_instruct,healthy_q6,q3_stability_tri_72,rhetoric,560,0.9161,0.7125,0.9512,0.9929,0.0607,0.0393,0.2107,0.0679,0.6662,none
2b_reference,degraded_instruct,healthy_q6,q3_stability_tri_72,spatial,560,0.9304,0.7804,0.9587,0.9946,0.0589,0.0429,0.1375,0.0589,0.7402,none
2b_reference,degraded_instruct,healthy_q6,q4_boundary_pair_72_28,adversarial,560,0.9321,0.7411,0.9559,0.9821,0.05,0.0357,0.1804,0.0589,0.7016,none
2b_reference,degraded_instruct,healthy_q6,q4_boundary_pair_72_28,boundary,560,0.9304,0.7375,0.9572,0.9946,0.0607,0.0518,0.1893,0.0482,0.6914,none
2b_reference,degraded_instruct,healthy_q6,q4_boundary_pair_72_28,coding,560,0.9286,0.7875,0.9617,0.9911,0.0411,0.0411,0.125,0.0696,0.7535,none
2b_reference,degraded_instruct,healthy_q6,q4_boundary_pair_72_28,epistemic,560,0.9196,0.7357,0.9569,0.9875,0.0554,0.0214,0.2107,0.0357,0.6962,none
2b_reference,degraded_instruct,healthy_q6,q4_boundary_pair_72_28,forensic,560,0.9339,0.7321,0.9564,0.9857,0.05,0.0286,0.1964,0.0536,0.693,none
2b_reference,degraded_instruct,healthy_q6,q4_boundary_pair_72_28,generalist,560,0.9232,0.7571,0.9609,0.9911,0.0446,0.0304,0.1786,0.0446,0.7212,none
2b_reference,degraded_instruct,healthy_q6,q4_boundary_pair_72_28,math,560,0.925,0.7107,0.9524,0.9929,0.0643,0.0268,0.2446,0.0464,0.6642,none
2b_reference,degraded_instruct,healthy_q6,q4_boundary_pair_72_28,planning,560,0.9125,0.7429,0.9526,0.9964,0.0732,0.0536,0.1536,0.0589,0.6949,none
2b_reference,degraded_instruct,healthy_q6,q4_boundary_pair_72_28,rhetoric,560,0.9286,0.7464,0.9537,0.9821,0.0536,0.0214,0.1893,0.0643,0.7077,none
2b_reference,degraded_instruct,healthy_q6,q4_boundary_pair_72_28,spatial,560,0.9339,0.7696,0.96,0.9857,0.0482,0.0357,0.15,0.0518,0.7334,none
2b_reference,degraded_instruct,healthy_q6,q4_generalist_pair_72_28,adversarial,560,0.9107,0.7393,0.9517,0.9964,0.0679,0.0196,0.1821,0.0768,0.6966,none
2b_reference,degraded_instruct,healthy_q6,q4_generalist_pair_72_28,boundary,560,0.9214,0.7107,0.9525,0.9946,0.0607,0.0357,0.2268,0.0607,0.6642,none
2b_reference,degraded_instruct,healthy_q6,q4_generalist_pair_72_28,coding,560,0.9393,0.7375,0.961,0.9911,0.0429,0.0429,0.1804,0.05,0.6991,none
2b_reference,degraded_instruct,healthy_q6,q4_generalist_pair_72_28,epistemic,560,0.9089,0.7071,0.9505,0.9857,0.0679,0.0179,0.2375,0.0375,0.6623,none
2b_reference,degraded_instruct,healthy_q6,q4_generalist_pair_72_28,forensic,560,0.9179,0.7607,0.9551,0.9893,0.0607,0.0304,0.1643,0.0554,0.7205,none
2b_reference,degraded_instruct,healthy_q6,q4_generalist_pair_72_28,generalist,560,0.9179,0.7554,0.958,0.9964,0.0571,0.0232,0.1857,0.0446,0.7165,none
2b_reference,degraded_instruct,healthy_q6,q4_generalist_pair_72_28,math,560,0.9339,0.7429,0.9618,0.9875,0.05,0.0232,0.1982,0.0321,0.7057,none
2b_reference,degraded_instruct,healthy_q6,q4_generalist_pair_72_28,planning,560,0.925,0.7607,0.954,0.9875,0.0607,0.0268,0.1661,0.0571,0.721,none
2b_reference,degraded_instruct,healthy_q6,q4_generalist_pair_72_28,rhetoric,560,0.9268,0.7554,0.9559,0.9946,0.0589,0.0161,0.1839,0.0589,0.7168,none
2b_reference,degraded_instruct,healthy_q6,q4_generalist_pair_72_28,spatial,560,0.9286,0.7982,0.9605,0.9911,0.0536,0.0179,0.1464,0.05,0.7644,none
2b_reference,degraded_instruct,healthy_q8,q2_amplifier_low_echo,adversarial,560,0.9054,0.5518,0.9261,0.9839,0.0589,0.2911,0.1964,0.0625,0.4571,none
2b_reference,degraded_instruct,healthy_q8,q2_amplifier_low_echo,boundary,560,0.8875,0.5286,0.9248,0.9857,0.0714,0.2857,0.1893,0.0554,0.4321,none
2b_reference,degraded_instruct,healthy_q8,q2_amplifier_low_echo,coding,560,0.9125,0.5518,0.9303,0.9946,0.0554,0.2893,0.1714,0.0589,0.4607,none
2b_reference,degraded_instruct,healthy_q8,q2_amplifier_low_echo,epistemic,560,0.8964,0.5,0.9262,0.9982,0.0732,0.2911,0.2411,0.0446,0.3983,none
2b_reference,degraded_instruct,healthy_q8,q2_amplifier_low_echo,forensic,560,0.9018,0.5625,0.9322,0.9946,0.0571,0.3,0.1714,0.0643,0.4684,none
2b_reference,degraded_instruct,healthy_q8,q2_amplifier_low_echo,generalist,560,0.8964,0.5589,0.9258,0.9839,0.0643,0.2839,0.2,0.0446,0.4646,none
2b_reference,degraded_instruct,healthy_q8,q2_amplifier_low_echo,math,560,0.9125,0.5375,0.9343,0.9875,0.0571,0.2643,0.2286,0.0393,0.4472,none
2b_reference,degraded_instruct,healthy_q8,q2_amplifier_low_echo,planning,560,0.925,0.5607,0.9369,0.9964,0.0464,0.2714,0.1804,0.05,0.4756,none
2b_reference,degraded_instruct,healthy_q8,q2_amplifier_low_echo,rhetoric,560,0.9304,0.5446,0.936,0.9875,0.0411,0.2911,0.2143,0.05,0.4545,none
2b_reference,degraded_instruct,healthy_q8,q2_amplifier_low_echo,spatial,560,0.9125,0.5411,0.9307,0.9821,0.0536,0.2946,0.1929,0.0554,0.4479,none
2b_reference,degraded_instruct,healthy_q8,q3_routed_tri_68,adversarial,560,0.95,0.7714,0.9633,0.9929,0.0411,0.0536,0.1482,0.0625,0.7334,none
2b_reference,degraded_instruct,healthy_q8,q3_routed_tri_68,boundary,560,0.95,0.7768,0.967,0.9911,0.0411,0.05,0.1589,0.0357,0.74,none
2b_reference,degraded_instruct,healthy_q8,q3_routed_tri_68,coding,560,0.9607,0.7857,0.97,0.9857,0.0339,0.0482,0.1536,0.0232,0.7524,none
2b_reference,degraded_instruct,healthy_q8,q3_routed_tri_68,epistemic,560,0.9429,0.7946,0.964,0.9893,0.0393,0.025,0.15,0.05,0.7634,none
2b_reference,degraded_instruct,healthy_q8,q3_routed_tri_68,forensic,560,0.9411,0.7625,0.9626,0.9929,0.0482,0.0446,0.1625,0.0446,0.7239,none
2b_reference,degraded_instruct,healthy_q8,q3_routed_tri_68,generalist,560,0.9375,0.7554,0.9663,1.0,0.0321,0.0625,0.1571,0.0518,0.7181,none
2b_reference,degraded_instruct,healthy_q8,q3_routed_tri_68,math,560,0.9554,0.7786,0.9653,0.9839,0.0232,0.0339,0.1696,0.0625,0.7481,none
2b_reference,degraded_instruct,healthy_q8,q3_routed_tri_68,planning,560,0.9446,0.8018,0.9623,0.9875,0.0429,0.0357,0.1286,0.0607,0.7685,none
2b_reference,degraded_instruct,healthy_q8,q3_routed_tri_68,rhetoric,560,0.9482,0.7768,0.9644,0.9857,0.0357,0.0429,0.1607,0.0518,0.7421,none
2b_reference,degraded_instruct,healthy_q8,q3_routed_tri_68,spatial,560,0.95,0.7911,0.9707,0.9946,0.0375,0.0429,0.1411,0.0339,0.7583,none
2b_reference,degraded_instruct,healthy_q8,q3_stability_tri_72,adversarial,560,0.9429,0.7911,0.9638,0.9964,0.0446,0.0429,0.1393,0.0607,0.7549,none
2b_reference,degraded_instruct,healthy_q8,q3_stability_tri_72,boundary,560,0.9518,0.7732,0.9649,0.9893,0.0411,0.0554,0.1607,0.0429,0.7348,none
2b_reference,degraded_instruct,healthy_q8,q3_stability_tri_72,coding,560,0.9679,0.8179,0.973,0.9893,0.0196,0.05,0.1143,0.05,0.7903,none
2b_reference,degraded_instruct,healthy_q8,q3_stability_tri_72,epistemic,560,0.9321,0.8018,0.9634,0.9929,0.0464,0.0161,0.1339,0.0482,0.7715,none
2b_reference,degraded_instruct,healthy_q8,q3_stability_tri_72,forensic,560,0.9518,0.7929,0.9649,0.9929,0.0339,0.0482,0.1411,0.0607,0.7587,none
2b_reference,degraded_instruct,healthy_q8,q3_stability_tri_72,generalist,560,0.9304,0.7732,0.9613,0.9839,0.0375,0.0304,0.1607,0.0536,0.7404,none
2b_reference,degraded_instruct,healthy_q8,q3_stability_tri_72,math,560,0.9554,0.7339,0.9627,0.9911,0.0339,0.0375,0.2179,0.05,0.6963,none
2b_reference,degraded_instruct,healthy_q8,q3_stability_tri_72,planning,560,0.9446,0.8214,0.965,0.9875,0.0375,0.0375,0.1125,0.0536,0.791,none
2b_reference,degraded_instruct,healthy_q8,q3_stability_tri_72,rhetoric,560,0.9679,0.8,0.9735,0.9911,0.0196,0.0321,0.1554,0.0375,0.7734,none
2b_reference,degraded_instruct,healthy_q8,q3_stability_tri_72,spatial,560,0.9464,0.7982,0.9666,0.9946,0.0339,0.0321,0.1357,0.0571,0.7679,none
2b_reference,degraded_instruct,healthy_q8,q4_boundary_pair_72_28,adversarial,560,0.9464,0.7982,0.9634,0.9911,0.0446,0.0429,0.1268,0.0625,0.763,none
2b_reference,degraded_instruct,healthy_q8,q4_boundary_pair_72_28,boundary,560,0.9357,0.75,0.9563,0.9839,0.0518,0.0518,0.1714,0.0589,0.7074,none
2b_reference,degraded_instruct,healthy_q8,q4_boundary_pair_72_28,coding,560,0.9589,0.7893,0.9695,0.9911,0.0232,0.0411,0.1482,0.0518,0.7597,none
2b_reference,degraded_instruct,healthy_q8,q4_boundary_pair_72_28,epistemic,560,0.9321,0.7696,0.963,0.9946,0.0464,0.0179,0.1679,0.0393,0.7368,none
2b_reference,degraded_instruct,healthy_q8,q4_boundary_pair_72_28,forensic,560,0.9554,0.8018,0.9698,0.9964,0.0375,0.0482,0.1339,0.0411,0.7681,none
2b_reference,degraded_instruct,healthy_q8,q4_boundary_pair_72_28,generalist,560,0.9286,0.7661,0.9651,0.9911,0.0339,0.0375,0.1589,0.0464,0.7334,none
2b_reference,degraded_instruct,healthy_q8,q4_boundary_pair_72_28,math,560,0.9643,0.7625,0.9677,0.9911,0.0179,0.0375,0.1946,0.0589,0.7311,none
2b_reference,degraded_instruct,healthy_q8,q4_boundary_pair_72_28,planning,560,0.9554,0.8179,0.9696,0.9857,0.0286,0.0339,0.1268,0.0411,0.7903,none
2b_reference,degraded_instruct,healthy_q8,q4_boundary_pair_72_28,rhetoric,560,0.9482,0.7661,0.9661,0.9929,0.0339,0.0321,0.1804,0.0446,0.7328,none
2b_reference,degraded_instruct,healthy_q8,q4_boundary_pair_72_28,spatial,560,0.9589,0.8125,0.971,0.9946,0.0286,0.0375,0.1286,0.0482,0.7837,none
2b_reference,degraded_instruct,healthy_q8,q4_generalist_pair_72_28,adversarial,560,0.9482,0.8071,0.9667,0.9911,0.0411,0.0304,0.1375,0.05,0.7752,none
2b_reference,degraded_instruct,healthy_q8,q4_generalist_pair_72_28,boundary,560,0.9464,0.8161,0.9657,0.9839,0.0411,0.0268,0.1286,0.0464,0.7858,none
2b_reference,degraded_instruct,healthy_q8,q4_generalist_pair_72_28,coding,560,0.9607,0.7804,0.9665,0.9875,0.0304,0.0196,0.1768,0.0446,0.7509,none
2b_reference,degraded_instruct,healthy_q8,q4_generalist_pair_72_28,epistemic,560,0.9321,0.7571,0.9629,0.9946,0.0446,0.0143,0.1929,0.0339,0.7238,none
2b_reference,degraded_instruct,healthy_q8,q4_generalist_pair_72_28,forensic,560,0.9411,0.8125,0.9605,0.9786,0.0464,0.025,0.1214,0.0589,0.7809,none
2b_reference,degraded_instruct,healthy_q8,q4_generalist_pair_72_28,generalist,560,0.9464,0.775,0.9689,0.9929,0.0321,0.0304,0.175,0.0286,0.7439,none
2b_reference,degraded_instruct,healthy_q8,q4_generalist_pair_72_28,math,560,0.9393,0.7393,0.962,0.9911,0.0375,0.0179,0.2196,0.0464,0.7046,none
2b_reference,degraded_instruct,healthy_q8,q4_generalist_pair_72_28,planning,560,0.9464,0.8,0.9644,0.9857,0.0321,0.0304,0.1339,0.0536,0.7709,none
2b_reference,degraded_instruct,healthy_q8,q4_generalist_pair_72_28,rhetoric,560,0.9464,0.7929,0.9662,0.9964,0.0339,0.0214,0.1607,0.0554,0.7628,none
2b_reference,degraded_instruct,healthy_q8,q4_generalist_pair_72_28,spatial,560,0.9411,0.8036,0.9637,0.9929,0.0464,0.025,0.1304,0.0554,0.7714,none
2b_reference,degraded_instruct,q8_k_m,q2_amplifier_low_echo,adversarial,560,0.9036,0.5214,0.9242,0.9982,0.0696,0.3179,0.1821,0.0607,0.4194,none
2b_reference,degraded_instruct,q8_k_m,q2_amplifier_low_echo,boundary,560,0.9214,0.5357,0.93,0.9946,0.0589,0.3036,0.1982,0.0464,0.4391,none
2b_reference,degraded_instruct,q8_k_m,q2_amplifier_low_echo,coding,560,0.9089,0.5339,0.926,0.9875,0.0518,0.3286,0.1714,0.0625,0.4358,none
2b_reference,degraded_instruct,q8_k_m,q2_amplifier_low_echo,epistemic,560,0.9179,0.5411,0.9326,0.9893,0.0518,0.2839,0.2071,0.05,0.4497,none
2b_reference,degraded_instruct,q8_k_m,q2_amplifier_low_echo,forensic,560,0.9268,0.5554,0.9379,0.9875,0.0518,0.2607,0.1929,0.0429,0.4701,none
2b_reference,degraded_instruct,q8_k_m,q2_amplifier_low_echo,generalist,560,0.9304,0.5196,0.9364,0.9911,0.0375,0.2964,0.2036,0.0357,0.431,none
2b_reference,degraded_instruct,q8_k_m,q2_amplifier_low_echo,math,560,0.9464,0.55,0.9422,0.9946,0.0375,0.2625,0.2143,0.0482,0.4667,none
2b_reference,degraded_instruct,q8_k_m,q2_amplifier_low_echo,planning,560,0.9429,0.5982,0.9445,0.9911,0.0321,0.2643,0.1607,0.0375,0.521,none
2b_reference,degraded_instruct,q8_k_m,q2_amplifier_low_echo,rhetoric,560,0.9196,0.5661,0.9394,0.9893,0.0536,0.2625,0.1875,0.0357,0.4807,none
2b_reference,degraded_instruct,q8_k_m,q2_amplifier_low_echo,spatial,560,0.9375,0.6286,0.9479,0.9946,0.0446,0.2357,0.1411,0.0393,0.5548,none
2b_reference,degraded_instruct,q8_k_m,q3_routed_tri_68,adversarial,560,0.9661,0.8018,0.9681,0.9893,0.025,0.0446,0.15,0.0589,0.7704,none
2b_reference,degraded_instruct,q8_k_m,q3_routed_tri_68,boundary,560,0.9464,0.7518,0.9617,0.9929,0.0446,0.0679,0.1661,0.0589,0.7086,none
2b_reference,degraded_instruct,q8_k_m,q3_routed_tri_68,coding,560,0.9536,0.7982,0.9697,0.9964,0.0321,0.0554,0.1179,0.0518,0.7655,none
2b_reference,degraded_instruct,q8_k_m,q3_routed_tri_68,epistemic,560,0.9446,0.7982,0.9654,0.9839,0.0339,0.0321,0.1357,0.0464,0.7684,none
2b_reference,degraded_instruct,q8_k_m,q3_routed_tri_68,forensic,560,0.9554,0.7857,0.9686,0.9911,0.0321,0.0482,0.1411,0.0446,0.7529,none
2b_reference,degraded_instruct,q8_k_m,q3_routed_tri_68,generalist,560,0.9446,0.7804,0.9697,0.9982,0.0411,0.0607,0.1321,0.0321,0.7437,none
2b_reference,degraded_instruct,q8_k_m,q3_routed_tri_68,math,560,0.9482,0.7446,0.9629,0.9929,0.0232,0.0393,0.1964,0.075,0.7104,none
2b_reference,degraded_instruct,q8_k_m,q3_routed_tri_68,planning,560,0.9661,0.8161,0.9725,0.9964,0.0196,0.0321,0.1268,0.05,0.7911,none
2b_reference,degraded_instruct,q8_k_m,q3_routed_tri_68,rhetoric,560,0.9411,0.7589,0.9655,0.9893,0.0375,0.0571,0.1589,0.0464,0.7212,none
2b_reference,degraded_instruct,q8_k_m,q3_routed_tri_68,spatial,560,0.9607,0.7982,0.9703,0.9821,0.0286,0.0482,0.1375,0.0375,0.7671,none
2b_reference,degraded_instruct,q8_k_m,q3_stability_tri_72,adversarial,560,0.9411,0.7893,0.9638,0.9911,0.0482,0.0411,0.1268,0.0536,0.7538,none
2b_reference,degraded_instruct,q8_k_m,q3_stability_tri_72,boundary,560,0.95,0.7911,0.9681,0.9893,0.0375,0.05,0.1429,0.0375,0.7565,none
2b_reference,degraded_instruct,q8_k_m,q3_stability_tri_72,coding,560,0.9607,0.8,0.9696,0.9911,0.0268,0.0429,0.1393,0.0536,0.7696,none
2b_reference,degraded_instruct,q8_k_m,q3_stability_tri_72,epistemic,560,0.9518,0.8054,0.9729,0.9929,0.0268,0.025,0.1518,0.0286,0.7788,none
2b_reference,degraded_instruct,q8_k_m,q3_stability_tri_72,forensic,560,0.9589,0.7946,0.9741,0.9929,0.025,0.0536,0.1286,0.0321,0.7645,none
2b_reference,degraded_instruct,q8_k_m,q3_stability_tri_72,generalist,560,0.9429,0.7768,0.9659,0.9893,0.0321,0.0571,0.1286,0.0518,0.7428,none
2b_reference,degraded_instruct,q8_k_m,q3_stability_tri_72,math,560,0.9679,0.8018,0.9715,0.9893,0.0196,0.0411,0.1554,0.0482,0.7728,none
2b_reference,degraded_instruct,q8_k_m,q3_stability_tri_72,planning,560,0.9518,0.825,0.9699,0.9839,0.0357,0.0304,0.1179,0.0286,0.7974,none
2b_reference,degraded_instruct,q8_k_m,q3_stability_tri_72,rhetoric,560,0.9589,0.8036,0.9689,0.9857,0.0286,0.0321,0.1536,0.0429,0.7741,none
2b_reference,degraded_instruct,q8_k_m,q3_stability_tri_72,spatial,560,0.9625,0.8071,0.9683,0.9839,0.0232,0.0464,0.1161,0.0589,0.7787,none
2b_reference,degraded_instruct,q8_k_m,q4_boundary_pair_72_28,adversarial,560,0.9518,0.7982,0.9676,0.9911,0.0375,0.0536,0.1232,0.0518,0.7638,none
2b_reference,degraded_instruct,q8_k_m,q4_boundary_pair_72_28,boundary,560,0.9554,0.7964,0.9653,0.9946,0.0375,0.0393,0.1393,0.0643,0.763,none
2b_reference,degraded_instruct,q8_k_m,q4_boundary_pair_72_28,coding,560,0.9518,0.7839,0.9671,0.9875,0.0339,0.0518,0.1446,0.0429,0.7497,none
2b_reference,degraded_instruct,q8_k_m,q4_boundary_pair_72_28,epistemic,560,0.9554,0.7857,0.9712,0.9964,0.0268,0.0286,0.1554,0.0393,0.7576,none
2b_reference,degraded_instruct,q8_k_m,q4_boundary_pair_72_28,forensic,560,0.9518,0.8071,0.9671,0.9893,0.0411,0.0268,0.1268,0.0411,0.7773,none
2b_reference,degraded_instruct,q8_k_m,q4_boundary_pair_72_28,generalist,560,0.9321,0.7768,0.9653,0.9911,0.0393,0.0554,0.125,0.0482,0.7415,none
2b_reference,degraded_instruct,q8_k_m,q4_boundary_pair_72_28,math,560,0.9589,0.7446,0.9663,0.9893,0.025,0.0321,0.2232,0.0429,0.7107,none
2b_reference,degraded_instruct,q8_k_m,q4_boundary_pair_72_28,planning,560,0.9571,0.8179,0.9704,1.0,0.0321,0.0411,0.1125,0.05,0.7885,none
2b_reference,degraded_instruct,q8_k_m,q4_boundary_pair_72_28,rhetoric,560,0.9482,0.7946,0.9652,0.9893,0.0357,0.0357,0.1571,0.0536,0.7615,none
2b_reference,degraded_instruct,q8_k_m,q4_boundary_pair_72_28,spatial,560,0.9554,0.8393,0.9707,0.9946,0.0339,0.0321,0.0946,0.0536,0.8124,none
2b_reference,degraded_instruct,q8_k_m,q4_generalist_pair_72_28,adversarial,560,0.9411,0.8018,0.963,0.9893,0.0429,0.0232,0.1357,0.0625,0.7703,none
2b_reference,degraded_instruct,q8_k_m,q4_generalist_pair_72_28,boundary,560,0.9571,0.8,0.9709,0.9911,0.0268,0.0446,0.1304,0.0464,0.7703,none
2b_reference,degraded_instruct,q8_k_m,q4_generalist_pair_72_28,coding,560,0.9482,0.8179,0.9679,0.9875,0.0268,0.0286,0.1232,0.0589,0.7913,none
2b_reference,degraded_instruct,q8_k_m,q4_generalist_pair_72_28,epistemic,560,0.95,0.7911,0.9683,0.9911,0.0375,0.0161,0.1732,0.0268,0.7614,none
2b_reference,degraded_instruct,q8_k_m,q4_generalist_pair_72_28,forensic,560,0.9589,0.8268,0.9712,0.9911,0.025,0.0232,0.1268,0.0464,0.8022,none
2b_reference,degraded_instruct,q8_k_m,q4_generalist_pair_72_28,generalist,560,0.9536,0.8,0.9701,0.9911,0.0232,0.0304,0.1482,0.0429,0.773,none
2b_reference,degraded_instruct,q8_k_m,q4_generalist_pair_72_28,math,560,0.9518,0.7893,0.9664,0.9946,0.0357,0.0161,0.1589,0.0536,0.76,none
2b_reference,degraded_instruct,q8_k_m,q4_generalist_pair_72_28,planning,560,0.9464,0.8268,0.9662,0.9929,0.0375,0.0196,0.1107,0.0589,0.7998,none
2b_reference,degraded_instruct,q8_k_m,q4_generalist_pair_72_28,rhetoric,560,0.9357,0.7786,0.9616,0.9929,0.0429,0.0196,0.1607,0.0607,0.7459,none
2b_reference,degraded_instruct,q8_k_m,q4_generalist_pair_72_28,spatial,560,0.9554,0.825,0.9701,0.9893,0.0214,0.0304,0.1125,0.0571,0.8006,none
2b_reference,instruct,base_f16,q2_amplifier_low_echo,adversarial,560,0.925,0.6036,0.937,0.9893,0.0375,0.2607,0.1607,0.0714,0.5237,none
2b_reference,instruct,base_f16,q2_amplifier_low_echo,boundary,560,0.9321,0.5786,0.9395,0.9911,0.0411,0.2625,0.1714,0.0518,0.4974,none
2b_reference,instruct,base_f16,q2_amplifier_low_echo,coding,560,0.9321,0.6,0.9391,0.9875,0.0339,0.2643,0.1554,0.0571,0.5217,none
2b_reference,instruct,base_f16,q2_amplifier_low_echo,epistemic,560,0.9125,0.5804,0.9393,0.9964,0.0571,0.2179,0.1964,0.0446,0.5017,none
2b_reference,instruct,base_f16,q2_amplifier_low_echo,forensic,560,0.9232,0.5786,0.9415,0.9946,0.0536,0.2732,0.1518,0.0375,0.4938,none
2b_reference,instruct,base_f16,q2_amplifier_low_echo,generalist,560,0.9107,0.5518,0.936,0.9946,0.0411,0.2714,0.1804,0.0536,0.4681,none
2b_reference,instruct,base_f16,q2_amplifier_low_echo,math,560,0.9429,0.5929,0.9461,0.9946,0.0393,0.2446,0.2071,0.0357,0.5138,none
2b_reference,instruct,base_f16,q2_amplifier_low_echo,planning,560,0.9232,0.6161,0.9396,0.9893,0.0571,0.225,0.1643,0.0375,0.5389,none
2b_reference,instruct,base_f16,q2_amplifier_low_echo,rhetoric,560,0.9393,0.6196,0.9461,0.9857,0.0429,0.2214,0.1946,0.0304,0.5454,none
2b_reference,instruct,base_f16,q2_amplifier_low_echo,spatial,560,0.9036,0.5982,0.938,0.9929,0.0571,0.2696,0.1321,0.0536,0.5139,none
2b_reference,instruct,base_f16,q3_routed_tri_68,adversarial,560,0.9571,0.8268,0.9724,0.9929,0.0321,0.0411,0.0982,0.0464,0.7987,none
2b_reference,instruct,base_f16,q3_routed_tri_68,boundary,560,0.9554,0.8054,0.9673,0.9821,0.0286,0.0321,0.1429,0.0518,0.7763,none
2b_reference,instruct,base_f16,q3_routed_tri_68,coding,560,0.9607,0.8054,0.9709,0.9929,0.025,0.0393,0.1339,0.0482,0.7769,none
2b_reference,instruct,base_f16,q3_routed_tri_68,epistemic,560,0.9482,0.8018,0.9707,0.9946,0.025,0.0286,0.1464,0.0429,0.7747,none
2b_reference,instruct,base_f16,q3_routed_tri_68,forensic,560,0.9714,0.8482,0.9759,0.9964,0.0196,0.0482,0.0875,0.0536,0.823,none
2b_reference,instruct,base_f16,q3_routed_tri_68,generalist,560,0.9607,0.8107,0.973,0.9893,0.0214,0.0446,0.125,0.0393,0.7834,none
2b_reference,instruct,base_f16,q3_routed_tri_68,math,560,0.9625,0.8071,0.9696,0.9911,0.0214,0.025,0.1536,0.0571,0.7806,none
2b_reference,instruct,base_f16,q3_routed_tri_68,planning,560,0.9607,0.8446,0.9713,0.9839,0.025,0.0411,0.0875,0.05,0.8194,none
2b_reference,instruct,base_f16,q3_routed_tri_68,rhetoric,560,0.95,0.8,0.9684,0.9929,0.0304,0.0411,0.1321,0.0554,0.7693,none
2b_reference,instruct,base_f16,q3_routed_tri_68,spatial,560,0.9518,0.8339,0.9678,0.9857,0.0321,0.0286,0.1054,0.05,0.8076,none
2b_reference,instruct,base_f16,q3_stability_tri_72,adversarial,560,0.975,0.85,0.9735,0.9911,0.0196,0.0393,0.1,0.0625,0.8251,none
2b_reference,instruct,base_f16,q3_stability_tri_72,boundary,560,0.9625,0.8089,0.9707,0.9911,0.0232,0.0464,0.125,0.0554,0.7799,none
2b_reference,instruct,base_f16,q3_stability_tri_72,coding,560,0.9464,0.8179,0.9673,0.9911,0.0304,0.0268,0.1214,0.0625,0.7906,none
2b_reference,instruct,base_f16,q3_stability_tri_72,epistemic,560,0.9357,0.8107,0.966,0.9821,0.025,0.0179,0.1304,0.0536,0.7865,none
2b_reference,instruct,base_f16,q3_stability_tri_72,forensic,560,0.9554,0.8161,0.9667,0.9893,0.0268,0.0286,0.1268,0.0625,0.7891,none
2b_reference,instruct,base_f16,q3_stability_tri_72,generalist,560,0.9411,0.8089,0.9686,0.9839,0.0196,0.0429,0.1179,0.0554,0.7823,none
2b_reference,instruct,base_f16,q3_stability_tri_72,math,560,0.9571,0.7696,0.9682,0.9875,0.0196,0.0482,0.175,0.0554,0.7373,none
2b_reference,instruct,base_f16,q3_stability_tri_72,planning,560,0.9607,0.8446,0.9719,0.9929,0.0286,0.0196,0.1089,0.0446,0.8212,none
2b_reference,instruct,base_f16,q3_stability_tri_72,rhetoric,560,0.9554,0.7875,0.9688,0.9911,0.0286,0.0321,0.1554,0.0482,0.7577,none
2b_reference,instruct,base_f16,q3_stability_tri_72,spatial,560,0.9714,0.8536,0.9782,0.9929,0.0214,0.0357,0.0929,0.0339,0.8309,none
2b_reference,instruct,base_f16,q4_boundary_pair_72_28,adversarial,560,0.9714,0.8518,0.9761,0.9964,0.0196,0.025,0.1089,0.0482,0.8298,none
2b_reference,instruct,base_f16,q4_boundary_pair_72_28,boundary,560,0.9625,0.8304,0.9732,0.9929,0.0286,0.0357,0.1071,0.0446,0.8038,none
2b_reference,instruct,base_f16,q4_boundary_pair_72_28,coding,560,0.9589,0.8375,0.9698,0.9857,0.0286,0.0196,0.1125,0.0482,0.8136,none
2b_reference,instruct,base_f16,q4_boundary_pair_72_28,epistemic,560,0.9482,0.8125,0.9706,0.9893,0.0268,0.0214,0.1321,0.0429,0.7875,none
2b_reference,instruct,base_f16,q4_boundary_pair_72_28,forensic,560,0.9625,0.85,0.978,0.9946,0.0304,0.0304,0.0946,0.0232,0.8261,none
2b_reference,instruct,base_f16,q4_boundary_pair_72_28,generalist,560,0.9589,0.825,0.9734,0.9929,0.0286,0.0232,0.1304,0.0304,0.7998,none
2b_reference,instruct,base_f16,q4_boundary_pair_72_28,math,560,0.9661,0.8071,0.9704,0.9893,0.0196,0.0179,0.1643,0.0518,0.7819,none
2b_reference,instruct,base_f16,q4_boundary_pair_72_28,planning,560,0.9571,0.8357,0.9707,0.9929,0.0268,0.025,0.1071,0.0536,0.8114,none
2b_reference,instruct,base_f16,q4_boundary_pair_72_28,rhetoric,560,0.9679,0.8268,0.9748,0.9964,0.0232,0.0214,0.1429,0.0357,0.8023,none
2b_reference,instruct,base_f16,q4_boundary_pair_72_28,spatial,560,0.9589,0.8321,0.9735,0.9982,0.0286,0.0286,0.1161,0.0482,0.8062,none
2b_reference,instruct,base_f16,q4_generalist_pair_72_28,adversarial,560,0.9643,0.8375,0.9689,0.9875,0.0268,0.0179,0.1286,0.0643,0.8124,none
2b_reference,instruct,base_f16,q4_generalist_pair_72_28,boundary,560,0.95,0.825,0.968,0.9893,0.0268,0.0357,0.1036,0.0679,0.7981,none
2b_reference,instruct,base_f16,q4_generalist_pair_72_28,coding,560,0.9643,0.8357,0.9744,0.9964,0.0179,0.0304,0.1143,0.0518,0.8126,none
2b_reference,instruct,base_f16,q4_generalist_pair_72_28,epistemic,560,0.9536,0.8143,0.9724,0.9982,0.0232,0.0054,0.1464,0.0393,0.7926,none
2b_reference,instruct,base_f16,q4_generalist_pair_72_28,forensic,560,0.9536,0.8554,0.9704,0.9893,0.0339,0.0125,0.0929,0.0482,0.8328,none
2b_reference,instruct,base_f16,q4_generalist_pair_72_28,generalist,560,0.9643,0.8375,0.975,0.9911,0.0179,0.025,0.1125,0.0429,0.816,none
2b_reference,instruct,base_f16,q4_generalist_pair_72_28,math,560,0.9482,0.7964,0.9652,0.9946,0.0304,0.0089,0.1643,0.0661,0.7691,none
2b_reference,instruct,base_f16,q4_generalist_pair_72_28,planning,560,0.9679,0.8857,0.9754,0.9911,0.0161,0.0107,0.0839,0.0536,0.8694,none
2b_reference,instruct,base_f16,q4_generalist_pair_72_28,rhetoric,560,0.9554,0.8429,0.9699,0.9929,0.0286,0.0089,0.1268,0.0536,0.8197,none
2b_reference,instruct,base_f16,q4_generalist_pair_72_28,spatial,560,0.9571,0.8375,0.9709,0.9946,0.0286,0.0107,0.1214,0.0482,0.8147,none
2b_reference,instruct,collapsed_q2_edge,q2_amplifier_low_echo,adversarial,560,0.5339,0.2411,0.7396,0.9286,0.2768,0.2875,0.5911,0.5589,0.0253,cascade
2b_reference,instruct,collapsed_q2_edge,q2_amplifier_low_echo,boundary,560,0.5607,0.2375,0.7362,0.9054,0.2625,0.3,0.6732,0.5286,0.0185,distractor_capture
2b_reference,instruct,collapsed_q2_edge,q2_amplifier_low_echo,coding,560,0.25,0.1554,0.518,0.5732,0.3071,0.2786,0.4893,1.2732,-0.0953,cascade
2b_reference,instruct,collapsed_q2_edge,q2_amplifier_low_echo,epistemic,560,0.3036,0.1732,0.5522,0.6304,0.2929,0.2929,0.5446,1.025,-0.068,cascade
2b_reference,instruct,collapsed_q2_edge,q2_amplifier_low_echo,forensic,560,0.3411,0.1768,0.596,0.8839,0.2964,0.3143,0.6321,1.125,-0.0818,cascade
2b_reference,instruct,collapsed_q2_edge,q2_amplifier_low_echo,generalist,560,0.2482,0.1375,0.507,0.5661,0.3107,0.2643,0.5804,1.1911,-0.1146,cascade
2b_reference,instruct,collapsed_q2_edge,q2_amplifier_low_echo,math,560,0.2375,0.1357,0.4964,0.5804,0.2893,0.2661,0.5607,1.5536,-0.1268,cascade
2b_reference,instruct,collapsed_q2_edge,q2_amplifier_low_echo,planning,560,0.3232,0.2161,0.5557,0.5571,0.2696,0.2804,0.4232,1.1304,-0.0113,cascade
2b_reference,instruct,collapsed_q2_edge,q2_amplifier_low_echo,rhetoric,560,0.1982,0.1107,0.4483,0.5268,0.3036,0.2589,0.6518,1.625,-0.1655,cascade
2b_reference,instruct,collapsed_q2_edge,q2_amplifier_low_echo,spatial,560,0.2768,0.1625,0.5226,0.5929,0.2768,0.2893,0.4839,1.2625,-0.0802,cascade
2b_reference,instruct,collapsed_q2_edge,q3_routed_tri_68,adversarial,560,0.1268,0.0804,0.3835,0.7357,0.4732,0.0375,0.5625,2.3536,-0.2318,cascade
2b_reference,instruct,collapsed_q2_edge,q3_routed_tri_68,boundary,560,0.1714,0.0946,0.4175,0.7339,0.4268,0.0375,0.6643,2.1089,-0.1995,cascade
2b_reference,instruct,collapsed_q2_edge,q3_routed_tri_68,coding,560,0.0821,0.0464,0.3122,0.5268,0.4268,0.0393,0.5304,2.4,-0.2519,cascade
2b_reference,instruct,collapsed_q2_edge,q3_routed_tri_68,epistemic,560,0.0946,0.0661,0.3039,0.525,0.45,0.0179,0.5786,2.1571,-0.2266,cascade
2b_reference,instruct,collapsed_q2_edge,q3_routed_tri_68,forensic,560,0.1089,0.0804,0.3201,0.6625,0.4643,0.0232,0.5768,2.4232,-0.2309,cascade
2b_reference,instruct,collapsed_q2_edge,q3_routed_tri_68,generalist,560,0.0661,0.0411,0.2856,0.475,0.4321,0.0214,0.6036,2.3304,-0.2577,cascade
2b_reference,instruct,collapsed_q2_edge,q3_routed_tri_68,math,560,0.0696,0.05,0.2881,0.5179,0.4143,0.0304,0.6161,2.7214,-0.2657,cascade
2b_reference,instruct,collapsed_q2_edge,q3_routed_tri_68,planning,560,0.1,0.0804,0.3196,0.525,0.4339,0.0286,0.4839,2.3446,-0.2115,cascade
2b_reference,instruct,collapsed_q2_edge,q3_routed_tri_68,rhetoric,560,0.0607,0.0446,0.2616,0.4911,0.4893,0.0143,0.5946,2.7036,-0.2878,cascade
2b_reference,instruct,collapsed_q2_edge,q3_routed_tri_68,spatial,560,0.0804,0.0643,0.3054,0.5536,0.4375,0.0161,0.4696,2.3839,-0.2269,cascade
2b_reference,instruct,collapsed_q2_edge,q3_stability_tri_72,adversarial,560,0.1161,0.0732,0.3646,0.6768,0.475,0.0429,0.5964,2.4268,-0.2469,cascade
2b_reference,instruct,collapsed_q2_edge,q3_stability_tri_72,boundary,560,0.1464,0.0857,0.4299,0.7232,0.4393,0.0357,0.6482,1.9661,-0.2034,cascade
2b_reference,instruct,collapsed_q2_edge,q3_stability_tri_72,coding,560,0.0875,0.0661,0.3153,0.5161,0.4018,0.0357,0.4821,2.4232,-0.2213,cascade
2b_reference,instruct,collapsed_q2_edge,q3_stability_tri_72,epistemic,560,0.0714,0.0554,0.301,0.5286,0.4536,0.0321,0.5929,2.1018,-0.2397,cascade
2b_reference,instruct,collapsed_q2_edge,q3_stability_tri_72,forensic,560,0.1054,0.0786,0.3247,0.6714,0.4589,0.0304,0.5357,2.3482,-0.2254,cascade
2b_reference,instruct,collapsed_q2_edge,q3_stability_tri_72,generalist,560,0.1089,0.0661,0.3341,0.5232,0.45,0.0321,0.5518,2.1054,-0.2248,cascade
2b_reference,instruct,collapsed_q2_edge,q3_stability_tri_72,math,560,0.1018,0.075,0.3161,0.4911,0.4161,0.0304,0.5375,2.5929,-0.2285,cascade
2b_reference,instruct,collapsed_q2_edge,q3_stability_tri_72,planning,560,0.1357,0.1,0.3331,0.4768,0.4411,0.0375,0.4875,2.2214,-0.1899,cascade
2b_reference,instruct,collapsed_q2_edge,q3_stability_tri_72,rhetoric,560,0.0696,0.05,0.279,0.4929,0.4821,0.0196,0.5411,2.5321,-0.2685,cascade
2b_reference,instruct,collapsed_q2_edge,q3_stability_tri_72,spatial,560,0.1107,0.0821,0.3187,0.5429,0.4214,0.0357,0.475,2.3589,-0.2074,cascade
2b_reference,instruct,collapsed_q2_edge,q4_boundary_pair_72_28,adversarial,560,0.0714,0.0482,0.2739,0.6321,0.5571,0.0304,0.6339,2.9304,-0.3222,cascade
2b_reference,instruct,collapsed_q2_edge,q4_boundary_pair_72_28,boundary,560,0.0893,0.0643,0.3107,0.6821,0.5321,0.0339,0.6554,2.5661,-0.2829,cascade
2b_reference,instruct,collapsed_q2_edge,q4_boundary_pair_72_28,coding,560,0.025,0.0179,0.1738,0.4161,0.5839,0.0339,0.5018,3.1107,-0.3598,cascade
2b_reference,instruct,collapsed_q2_edge,q4_boundary_pair_72_28,epistemic,560,0.0411,0.0286,0.1914,0.4107,0.5375,0.0107,0.5786,2.6607,-0.3141,cascade
2b_reference,instruct,collapsed_q2_edge,q4_boundary_pair_72_28,forensic,560,0.0464,0.0429,0.2246,0.6571,0.5554,0.0125,0.5911,2.8518,-0.3161,cascade
2b_reference,instruct,collapsed_q2_edge,q4_boundary_pair_72_28,generalist,560,0.0286,0.0214,0.1787,0.3875,0.5946,0.0375,0.5589,2.825,-0.3504,cascade
2b_reference,instruct,collapsed_q2_edge,q4_boundary_pair_72_28,math,560,0.0375,0.0304,0.1888,0.4268,0.5107,0.0268,0.5446,3.3839,-0.341,cascade
2b_reference,instruct,collapsed_q2_edge,q4_boundary_pair_72_28,planning,560,0.0446,0.0321,0.1932,0.3946,0.5554,0.0232,0.4446,2.9,-0.3197,cascade
2b_reference,instruct,collapsed_q2_edge,q4_boundary_pair_72_28,rhetoric,560,0.0321,0.0268,0.1567,0.4089,0.5821,0.0179,0.625,3.2946,-0.3662,cascade
2b_reference,instruct,collapsed_q2_edge,q4_boundary_pair_72_28,spatial,560,0.0393,0.0357,0.1826,0.4036,0.5518,0.0214,0.4821,3.0268,-0.324,cascade
2b_reference,instruct,collapsed_q2_edge,q4_generalist_pair_72_28,adversarial,560,0.0393,0.0304,0.1853,0.5179,0.6089,0.0161,0.6429,3.4786,-0.3809,cascade
2b_reference,instruct,collapsed_q2_edge,q4_generalist_pair_72_28,boundary,560,0.0393,0.0232,0.2013,0.5196,0.5821,0.0411,0.7893,3.1821,-0.3819,cascade
2b_reference,instruct,collapsed_q2_edge,q4_generalist_pair_72_28,coding,560,0.0214,0.0143,0.1796,0.4786,0.5464,0.025,0.5643,3.1714,-0.3584,cascade
2b_reference,instruct,collapsed_q2_edge,q4_generalist_pair_72_28,epistemic,560,0.0375,0.0214,0.1937,0.4714,0.5857,0.0018,0.6464,2.6714,-0.3399,cascade
2b_reference,instruct,collapsed_q2_edge,q4_generalist_pair_72_28,forensic,560,0.0357,0.0232,0.1801,0.5089,0.5661,0.0232,0.6375,3.1321,-0.3589,cascade
2b_reference,instruct,collapsed_q2_edge,q4_generalist_pair_72_28,generalist,560,0.0286,0.0196,0.1938,0.4321,0.5643,0.0286,0.6464,2.8518,-0.3497,cascade
2b_reference,instruct,collapsed_q2_edge,q4_generalist_pair_72_28,math,560,0.0446,0.0339,0.2053,0.4643,0.4786,0.0107,0.6964,3.3357,-0.3343,cascade
2b_reference,instruct,collapsed_q2_edge,q4_generalist_pair_72_28,planning,560,0.0589,0.0446,0.2227,0.4429,0.4946,0.0179,0.5464,2.9,-0.296,cascade
2b_reference,instruct,collapsed_q2_edge,q4_generalist_pair_72_28,rhetoric,560,0.0196,0.0107,0.164,0.4268,0.5786,0.0107,0.6536,3.2464,-0.3796,cascade
2b_reference,instruct,collapsed_q2_edge,q4_generalist_pair_72_28,spatial,560,0.0429,0.0375,0.2095,0.4696,0.5161,0.0143,0.4857,2.9821,-0.3081,cascade
2b_reference,instruct,damaged_q2,q2_amplifier_low_echo,adversarial,560,0.7696,0.3286,0.8691,0.9911,0.1696,0.2839,0.5232,0.0714,0.1755,distractor_capture
2b_reference,instruct,damaged_q2,q2_amplifier_low_echo,boundary,560,0.7732,0.3107,0.8651,0.9911,0.1821,0.3018,0.55,0.0536,0.149,distractor_capture
2b_reference,instruct,damaged_q2,q2_amplifier_low_echo,coding,560,0.5857,0.3143,0.7598,0.7554,0.1946,0.2804,0.4232,0.3786,0.147,none
2b_reference,instruct,damaged_q2,q2_amplifier_low_echo,epistemic,560,0.5411,0.2946,0.7529,0.7339,0.1857,0.2268,0.4893,0.3679,0.136,none
2b_reference,instruct,damaged_q2,q2_amplifier_low_echo,forensic,560,0.6857,0.3446,0.8183,0.9732,0.1964,0.2589,0.5,0.3125,0.1783,none
2b_reference,instruct,damaged_q2,q2_amplifier_low_echo,generalist,560,0.5268,0.3054,0.7147,0.6607,0.1696,0.2446,0.5179,0.4911,0.1396,none
2b_reference,instruct,damaged_q2,q2_amplifier_low_echo,math,560,0.5321,0.2875,0.7214,0.7036,0.1714,0.2536,0.5018,0.6196,0.1142,none
2b_reference,instruct,damaged_q2,q2_amplifier_low_echo,planning,560,0.6304,0.3393,0.7731,0.725,0.1589,0.2679,0.4054,0.3357,0.1888,none
2b_reference,instruct,damaged_q2,q2_amplifier_low_echo,rhetoric,560,0.5,0.2893,0.7109,0.7054,0.1857,0.2393,0.4875,0.5946,0.117,none
2b_reference,instruct,damaged_q2,q2_amplifier_low_echo,spatial,560,0.5839,0.3393,0.7634,0.7554,0.1661,0.2536,0.3893,0.4429,0.1855,none
2b_reference,instruct,damaged_q2,q3_routed_tri_68,adversarial,560,0.3857,0.2482,0.6404,0.8625,0.2821,0.0429,0.5429,1.2071,0.0512,cascade
2b_reference,instruct,damaged_q2,q3_routed_tri_68,boundary,560,0.4268,0.2696,0.658,0.8732,0.2679,0.05,0.5518,1.0821,0.081,none
2b_reference,instruct,damaged_q2,q3_routed_tri_68,coding,560,0.2768,0.1982,0.5452,0.7071,0.2714,0.0304,0.4339,1.4625,0.0029,cascade
2b_reference,instruct,damaged_q2,q3_routed_tri_68,epistemic,560,0.2786,0.1964,0.5412,0.6571,0.2661,0.0268,0.4804,1.2804,0.0088,cascade
2b_reference,instruct,damaged_q2,q3_routed_tri_68,forensic,560,0.3125,0.2232,0.5671,0.8357,0.3,0.0214,0.5036,1.3964,0.0188,cascade
2b_reference,instruct,damaged_q2,q3_routed_tri_68,generalist,560,0.25,0.1839,0.5467,0.6679,0.2429,0.0375,0.4821,1.3089,-0.0004,cascade
2b_reference,instruct,damaged_q2,q3_routed_tri_68,math,560,0.2268,0.1661,0.5114,0.6714,0.2732,0.0357,0.4732,1.7125,-0.0465,cascade
2b_reference,instruct,damaged_q2,q3_routed_tri_68,planning,560,0.3607,0.2661,0.5743,0.6696,0.2304,0.0304,0.3946,1.3411,0.0923,none
2b_reference,instruct,damaged_q2,q3_routed_tri_68,rhetoric,560,0.2321,0.1768,0.5046,0.6429,0.2482,0.0268,0.4804,1.6393,-0.0234,cascade
2b_reference,instruct,damaged_q2,q3_routed_tri_68,spatial,560,0.2982,0.2304,0.5492,0.6875,0.2571,0.0411,0.4071,1.425,0.0412,cascade
2b_reference,instruct,damaged_q2,q3_stability_tri_72,adversarial,560,0.4589,0.2839,0.6868,0.8839,0.2339,0.0375,0.4893,1.05,0.1146,none
2b_reference,instruct,damaged_q2,q3_stability_tri_72,boundary,560,0.4679,0.3,0.6966,0.8875,0.2411,0.0411,0.5661,0.9304,0.1277,none
2b_reference,instruct,damaged_q2,q3_stability_tri_72,coding,560,0.3196,0.2393,0.5728,0.6732,0.2554,0.0339,0.4,1.3304,0.0574,cascade
2b_reference,instruct,damaged_q2,q3_stability_tri_72,epistemic,560,0.2946,0.2196,0.5538,0.6518,0.2429,0.0179,0.4839,1.2036,0.0443,classification_miss
2b_reference,instruct,damaged_q2,q3_stability_tri_72,forensic,560,0.3554,0.2518,0.6018,0.8661,0.2607,0.0339,0.5054,1.3143,0.0606,cascade
2b_reference,instruct,damaged_q2,q3_stability_tri_72,generalist,560,0.2554,0.1839,0.5396,0.6429,0.2804,0.0393,0.4679,1.2964,-0.0103,cascade
2b_reference,instruct,damaged_q2,q3_stability_tri_72,math,560,0.2893,0.2286,0.5534,0.6821,0.2357,0.0321,0.4607,1.5518,0.037,cascade
2b_reference,instruct,damaged_q2,q3_stability_tri_72,planning,560,0.3464,0.2786,0.5818,0.6821,0.25,0.0268,0.4125,1.2804,0.1012,none
2b_reference,instruct,damaged_q2,q3_stability_tri_72,rhetoric,560,0.275,0.2018,0.5253,0.6732,0.2857,0.0321,0.4964,1.5304,-0.0066,cascade
2b_reference,instruct,damaged_q2,q3_stability_tri_72,spatial,560,0.3429,0.2607,0.5773,0.675,0.2536,0.025,0.3893,1.2982,0.0836,none
2b_reference,instruct,damaged_q2,q4_boundary_pair_72_28,adversarial,560,0.2679,0.1857,0.5488,0.8464,0.3268,0.0214,0.4625,1.6643,-0.0368,cascade
2b_reference,instruct,damaged_q2,q4_boundary_pair_72_28,boundary,560,0.3107,0.2125,0.5603,0.8232,0.3339,0.0357,0.5536,1.4786,-0.013,cascade
2b_reference,instruct,damaged_q2,q4_boundary_pair_72_28,coding,560,0.1625,0.1375,0.4198,0.6089,0.3107,0.0304,0.4304,1.9839,-0.0954,cascade
2b_reference,instruct,damaged_q2,q4_boundary_pair_72_28,epistemic,560,0.1464,0.1054,0.3903,0.5446,0.3161,0.0071,0.5357,1.8071,-0.1241,cascade
2b_reference,instruct,damaged_q2,q4_boundary_pair_72_28,forensic,560,0.1964,0.1411,0.4618,0.8,0.3232,0.0375,0.5179,1.8589,-0.0978,cascade
2b_reference,instruct,damaged_q2,q4_boundary_pair_72_28,generalist,560,0.1089,0.075,0.3848,0.5768,0.35,0.0411,0.5018,1.8929,-0.173,cascade
2b_reference,instruct,damaged_q2,q4_boundary_pair_72_28,math,560,0.1196,0.0929,0.3721,0.5554,0.3196,0.0286,0.475,2.3321,-0.1634,cascade
2b_reference,instruct,damaged_q2,q4_boundary_pair_72_28,planning,560,0.15,0.1143,0.3981,0.5125,0.3375,0.0143,0.4107,1.9643,-0.1209,cascade
2b_reference,instruct,damaged_q2,q4_boundary_pair_72_28,rhetoric,560,0.1304,0.1,0.3707,0.5429,0.3643,0.0232,0.4839,2.2268,-0.164,cascade
2b_reference,instruct,damaged_q2,q4_boundary_pair_72_28,spatial,560,0.15,0.1125,0.3906,0.5607,0.3357,0.0214,0.375,2.0625,-0.1256,cascade
2b_reference,instruct,damaged_q2,q4_generalist_pair_72_28,adversarial,560,0.1607,0.1196,0.4352,0.7179,0.325,0.0179,0.5054,2.2339,-0.1336,cascade
2b_reference,instruct,damaged_q2,q4_generalist_pair_72_28,boundary,560,0.1554,0.1125,0.435,0.6768,0.3625,0.0286,0.6,2.0125,-0.1506,cascade
2b_reference,instruct,damaged_q2,q4_generalist_pair_72_28,coding,560,0.125,0.0929,0.3882,0.6143,0.3536,0.0268,0.4393,2.1429,-0.1609,cascade
2b_reference,instruct,damaged_q2,q4_generalist_pair_72_28,epistemic,560,0.1643,0.1196,0.4114,0.5946,0.3125,0.0054,0.5089,1.7643,-0.1041,cascade
2b_reference,instruct,damaged_q2,q4_generalist_pair_72_28,forensic,560,0.1607,0.1196,0.3875,0.7054,0.3679,0.0196,0.5143,2.1429,-0.1429,cascade
2b_reference,instruct,damaged_q2,q4_generalist_pair_72_28,generalist,560,0.125,0.0964,0.3897,0.5661,0.35,0.0214,0.525,1.8982,-0.1498,cascade
2b_reference,instruct,damaged_q2,q4_generalist_pair_72_28,math,560,0.1304,0.0982,0.3886,0.5893,0.3232,0.0214,0.4625,2.2643,-0.1532,cascade
2b_reference,instruct,damaged_q2,q4_generalist_pair_72_28,planning,560,0.1714,0.1196,0.4133,0.6321,0.3232,0.0196,0.4714,2.0179,-0.1199,cascade
2b_reference,instruct,damaged_q2,q4_generalist_pair_72_28,rhetoric,560,0.1304,0.0946,0.3696,0.5929,0.3536,0.0143,0.5375,2.2107,-0.1678,cascade
2b_reference,instruct,damaged_q2,q4_generalist_pair_72_28,spatial,560,0.1732,0.1446,0.4166,0.6196,0.3268,0.0143,0.4286,2.0018,-0.0906,cascade
2b_reference,instruct,damaged_q3,q2_amplifier_low_echo,adversarial,560,0.8643,0.4375,0.9062,0.9911,0.1018,0.2964,0.3446,0.0518,0.3175,none
2b_reference,instruct,damaged_q3,q2_amplifier_low_echo,boundary,560,0.8429,0.4214,0.8977,0.9893,0.1107,0.2839,0.3804,0.0661,0.2977,none
2b_reference,instruct,damaged_q3,q2_amplifier_low_echo,coding,560,0.8411,0.4589,0.8995,0.9357,0.1071,0.2482,0.3125,0.0393,0.3502,none
2b_reference,instruct,damaged_q3,q2_amplifier_low_echo,epistemic,560,0.8357,0.4518,0.8963,0.9464,0.1107,0.2714,0.3446,0.05,0.3342,none
2b_reference,instruct,damaged_q3,q2_amplifier_low_echo,forensic,560,0.8304,0.4786,0.898,0.9875,0.1321,0.2518,0.3214,0.0714,0.3593,none
2b_reference,instruct,damaged_q3,q2_amplifier_low_echo,generalist,560,0.8,0.4232,0.8803,0.8982,0.1,0.2982,0.3536,0.0625,0.3022,none
2b_reference,instruct,damaged_q3,q2_amplifier_low_echo,math,560,0.8214,0.4464,0.8871,0.9036,0.1054,0.2446,0.4,0.0625,0.3308,none
2b_reference,instruct,damaged_q3,q2_amplifier_low_echo,planning,560,0.8625,0.5321,0.9052,0.9268,0.1036,0.2071,0.2518,0.0446,0.4373,none
2b_reference,instruct,damaged_q3,q2_amplifier_low_echo,rhetoric,560,0.8036,0.4196,0.8782,0.8857,0.1054,0.2893,0.3857,0.0696,0.2958,none
2b_reference,instruct,damaged_q3,q2_amplifier_low_echo,spatial,560,0.8268,0.4875,0.8939,0.9036,0.1036,0.2518,0.2589,0.0732,0.3817,none
2b_reference,instruct,damaged_q3,q3_routed_tri_68,adversarial,560,0.875,0.6,0.9284,0.9821,0.1089,0.0339,0.3375,0.0554,0.5308,none
2b_reference,instruct,damaged_q3,q3_routed_tri_68,boundary,560,0.8661,0.5679,0.927,0.9946,0.1268,0.0536,0.3393,0.0411,0.4899,none
2b_reference,instruct,damaged_q3,q3_routed_tri_68,coding,560,0.7839,0.5679,0.8861,0.8893,0.1268,0.0375,0.2839,0.1554,0.4918,none
2b_reference,instruct,damaged_q3,q3_routed_tri_68,epistemic,560,0.7625,0.5714,0.8786,0.9286,0.1339,0.0304,0.3464,0.1857,0.4882,none
2b_reference,instruct,damaged_q3,q3_routed_tri_68,forensic,560,0.8089,0.6089,0.8892,0.9839,0.1339,0.0304,0.3161,0.2286,0.526,none
2b_reference,instruct,damaged_q3,q3_routed_tri_68,generalist,560,0.7357,0.5161,0.8526,0.8571,0.1179,0.0464,0.3429,0.2589,0.4311,none
2b_reference,instruct,damaged_q3,q3_routed_tri_68,math,560,0.7286,0.5161,0.8472,0.8625,0.1268,0.0339,0.3161,0.3607,0.4279,none
2b_reference,instruct,damaged_q3,q3_routed_tri_68,planning,560,0.7964,0.6054,0.8894,0.8982,0.1125,0.0321,0.2732,0.175,0.5346,none
2b_reference,instruct,damaged_q3,q3_routed_tri_68,rhetoric,560,0.7214,0.5429,0.838,0.8536,0.1393,0.025,0.2982,0.3464,0.4549,none
2b_reference,instruct,damaged_q3,q3_routed_tri_68,spatial,560,0.7875,0.5661,0.8745,0.875,0.1107,0.0321,0.2839,0.2321,0.4921,none
2b_reference,instruct,damaged_q3,q3_stability_tri_72,adversarial,560,0.8482,0.6232,0.9266,0.9946,0.1304,0.0411,0.2768,0.0625,0.5506,none
2b_reference,instruct,damaged_q3,q3_stability_tri_72,boundary,560,0.8714,0.5893,0.9291,0.9929,0.1089,0.0429,0.3464,0.0554,0.5176,none
2b_reference,instruct,damaged_q3,q3_stability_tri_72,coding,560,0.7732,0.5625,0.882,0.8804,0.1464,0.0375,0.3,0.1286,0.4806,none
2b_reference,instruct,damaged_q3,q3_stability_tri_72,epistemic,560,0.7893,0.6054,0.8872,0.9107,0.1268,0.0143,0.2982,0.1554,0.5328,none
2b_reference,instruct,damaged_q3,q3_stability_tri_72,forensic,560,0.8518,0.6179,0.913,0.9946,0.1161,0.0321,0.3321,0.1411,0.543,none
2b_reference,instruct,damaged_q3,q3_stability_tri_72,generalist,560,0.7893,0.5893,0.8857,0.8768,0.1054,0.0339,0.3036,0.1536,0.5189,none
2b_reference,instruct,damaged_q3,q3_stability_tri_72,math,560,0.7786,0.5964,0.8801,0.8893,0.1107,0.0304,0.2857,0.2411,0.5222,none
2b_reference,instruct,damaged_q3,q3_stability_tri_72,planning,560,0.8054,0.5946,0.8865,0.875,0.1214,0.0393,0.2696,0.1464,0.5215,none
2b_reference,instruct,damaged_q3,q3_stability_tri_72,rhetoric,560,0.7679,0.5411,0.8703,0.8714,0.1161,0.0268,0.3393,0.2196,0.4628,none
2b_reference,instruct,damaged_q3,q3_stability_tri_72,spatial,560,0.7786,0.5821,0.8811,0.8804,0.125,0.0357,0.2661,0.1786,0.5073,none
2b_reference,instruct,damaged_q3,q4_boundary_pair_72_28,adversarial,560,0.8,0.5607,0.8964,0.9929,0.1429,0.0304,0.3161,0.2018,0.4764,none
2b_reference,instruct,damaged_q3,q4_boundary_pair_72_28,boundary,560,0.8054,0.5571,0.8973,0.9893,0.1554,0.0357,0.3518,0.1554,0.4675,none
2b_reference,instruct,damaged_q3,q4_boundary_pair_72_28,coding,560,0.6357,0.5089,0.7781,0.8107,0.1304,0.0125,0.2696,0.6232,0.4146,none
2b_reference,instruct,damaged_q3,q4_boundary_pair_72_28,epistemic,560,0.5625,0.4375,0.7589,0.8054,0.1518,0.0107,0.3446,0.5643,0.334,none
2b_reference,instruct,damaged_q3,q4_boundary_pair_72_28,forensic,560,0.6946,0.5304,0.8312,0.9786,0.1411,0.0196,0.2964,0.5036,0.4352,none
2b_reference,instruct,damaged_q3,q4_boundary_pair_72_28,generalist,560,0.525,0.4161,0.736,0.7464,0.1536,0.0393,0.3196,0.6464,0.3043,none
2b_reference,instruct,damaged_q3,q4_boundary_pair_72_28,math,560,0.5375,0.4196,0.7242,0.7768,0.1339,0.0357,0.3446,0.9036,0.2996,none
2b_reference,instruct,damaged_q3,q4_boundary_pair_72_28,planning,560,0.6054,0.4589,0.7705,0.8,0.1625,0.0357,0.2929,0.5804,0.3506,none
2b_reference,instruct,damaged_q3,q4_boundary_pair_72_28,rhetoric,560,0.5571,0.4214,0.7417,0.7857,0.1339,0.0196,0.3393,0.7518,0.3126,none
2b_reference,instruct,damaged_q3,q4_boundary_pair_72_28,spatial,560,0.5946,0.4679,0.7384,0.7786,0.1411,0.0321,0.2339,0.7679,0.362,none
2b_reference,instruct,damaged_q3,q4_generalist_pair_72_28,adversarial,560,0.6571,0.4554,0.8095,0.9464,0.1625,0.0196,0.3411,0.6036,0.3452,none
2b_reference,instruct,damaged_q3,q4_generalist_pair_72_28,boundary,560,0.6821,0.4875,0.8131,0.9268,0.1679,0.0304,0.375,0.5268,0.3747,none
2b_reference,instruct,damaged_q3,q4_generalist_pair_72_28,coding,560,0.5946,0.4786,0.7764,0.8607,0.1446,0.025,0.2964,0.6607,0.3734,none
2b_reference,instruct,damaged_q3,q4_generalist_pair_72_28,epistemic,560,0.5839,0.4446,0.7761,0.8946,0.1607,0.0036,0.3643,0.5768,0.3377,none
2b_reference,instruct,damaged_q3,q4_generalist_pair_72_28,forensic,560,0.5696,0.4375,0.7536,0.9179,0.1804,0.0125,0.3429,0.7589,0.3155,none
2b_reference,instruct,damaged_q3,q4_generalist_pair_72_28,generalist,560,0.5732,0.45,0.7522,0.8196,0.1446,0.0214,0.3143,0.675,0.3434,none
2b_reference,instruct,damaged_q3,q4_generalist_pair_72_28,math,560,0.5982,0.4518,0.7814,0.8768,0.1268,0.0196,0.3446,0.7214,0.3462,none
2b_reference,instruct,damaged_q3,q4_generalist_pair_72_28,planning,560,0.6661,0.5161,0.7828,0.8268,0.1482,0.0089,0.3089,0.5857,0.4158,none
2b_reference,instruct,damaged_q3,q4_generalist_pair_72_28,rhetoric,560,0.5375,0.4143,0.728,0.8089,0.1607,0.0143,0.3714,0.8071,0.2931,none
2b_reference,instruct,damaged_q3,q4_generalist_pair_72_28,spatial,560,0.6268,0.5,0.7753,0.8589,0.125,0.0161,0.2768,0.6768,0.4033,none
2b_reference,instruct,damaged_q4,q2_amplifier_low_echo,adversarial,560,0.875,0.4393,0.9099,0.9929,0.0911,0.2839,0.3411,0.05,0.3254,none
2b_reference,instruct,damaged_q4,q2_amplifier_low_echo,boundary,560,0.8536,0.4286,0.903,0.9911,0.0982,0.3,0.3107,0.0732,0.3106,none
2b_reference,instruct,damaged_q4,q2_amplifier_low_echo,coding,560,0.8732,0.4839,0.9132,0.9893,0.0982,0.3071,0.2339,0.0446,0.3721,none
2b_reference,instruct,damaged_q4,q2_amplifier_low_echo,epistemic,560,0.875,0.4929,0.9191,0.9893,0.0857,0.2339,0.3375,0.0429,0.3912,none
2b_reference,instruct,damaged_q4,q2_amplifier_low_echo,forensic,560,0.8768,0.5125,0.9145,0.9911,0.0982,0.2429,0.2893,0.0643,0.4081,none
2b_reference,instruct,damaged_q4,q2_amplifier_low_echo,generalist,560,0.8821,0.4857,0.9132,0.9571,0.0732,0.2786,0.2929,0.0375,0.3827,none
2b_reference,instruct,damaged_q4,q2_amplifier_low_echo,math,560,0.8696,0.475,0.9115,0.9786,0.0946,0.2446,0.3357,0.0589,0.3679,none
2b_reference,instruct,damaged_q4,q2_amplifier_low_echo,planning,560,0.8643,0.5018,0.912,0.9911,0.1107,0.2643,0.2607,0.0446,0.3926,none
2b_reference,instruct,damaged_q4,q2_amplifier_low_echo,rhetoric,560,0.8643,0.5089,0.9156,0.9679,0.0875,0.2286,0.2875,0.0554,0.4112,none
2b_reference,instruct,damaged_q4,q2_amplifier_low_echo,spatial,560,0.8839,0.4929,0.9224,0.9929,0.0929,0.2518,0.2571,0.0411,0.392,none
2b_reference,instruct,damaged_q4,q3_routed_tri_68,adversarial,560,0.9018,0.675,0.9429,0.9929,0.0875,0.0375,0.2607,0.0518,0.6178,none
2b_reference,instruct,damaged_q4,q3_routed_tri_68,boundary,560,0.8732,0.6518,0.9369,0.9893,0.1161,0.0393,0.2607,0.0321,0.5866,none
2b_reference,instruct,damaged_q4,q3_routed_tri_68,coding,560,0.8982,0.6661,0.9439,0.9786,0.0768,0.0482,0.2393,0.0482,0.6118,none
2b_reference,instruct,damaged_q4,q3_routed_tri_68,epistemic,560,0.8732,0.6768,0.9372,0.9929,0.1,0.0161,0.2714,0.0482,0.6194,none
2b_reference,instruct,damaged_q4,q3_routed_tri_68,forensic,560,0.8964,0.6875,0.9437,0.9893,0.0929,0.0304,0.2393,0.0375,0.6326,none
2b_reference,instruct,damaged_q4,q3_routed_tri_68,generalist,560,0.8911,0.6607,0.9403,0.9714,0.075,0.0429,0.2679,0.05,0.6057,none
2b_reference,instruct,damaged_q4,q3_routed_tri_68,math,560,0.8929,0.6518,0.9362,0.9732,0.0821,0.0304,0.2839,0.0661,0.5951,none
2b_reference,instruct,damaged_q4,q3_routed_tri_68,planning,560,0.8946,0.6893,0.9446,0.9821,0.0804,0.0339,0.2125,0.0518,0.6388,none
2b_reference,instruct,damaged_q4,q3_routed_tri_68,rhetoric,560,0.8911,0.6286,0.9345,0.9679,0.0732,0.0304,0.3036,0.0732,0.5726,none
2b_reference,instruct,damaged_q4,q3_routed_tri_68,spatial,560,0.8679,0.6625,0.9361,0.9839,0.1125,0.0321,0.2393,0.0411,0.6011,none
2b_reference,instruct,damaged_q4,q3_stability_tri_72,adversarial,560,0.9143,0.6857,0.9472,0.9875,0.0786,0.0357,0.2446,0.0464,0.6331,none
2b_reference,instruct,damaged_q4,q3_stability_tri_72,boundary,560,0.8821,0.6375,0.9364,0.9875,0.0964,0.0446,0.2804,0.0554,0.5744,none
2b_reference,instruct,damaged_q4,q3_stability_tri_72,coding,560,0.9125,0.7,0.9498,0.9875,0.0714,0.0536,0.2107,0.0482,0.6486,none
2b_reference,instruct,damaged_q4,q3_stability_tri_72,epistemic,560,0.8982,0.6554,0.9434,0.9929,0.0786,0.0125,0.2946,0.0464,0.6034,none
2b_reference,instruct,damaged_q4,q3_stability_tri_72,forensic,560,0.8911,0.6696,0.9384,0.9821,0.0893,0.0339,0.2536,0.0571,0.6129,none
2b_reference,instruct,damaged_q4,q3_stability_tri_72,generalist,560,0.9,0.675,0.9445,0.9661,0.0732,0.0571,0.2411,0.0339,0.6206,none
2b_reference,instruct,damaged_q4,q3_stability_tri_72,math,560,0.8929,0.6875,0.9345,0.9643,0.0714,0.0304,0.2804,0.0893,0.6331,none
2b_reference,instruct,damaged_q4,q3_stability_tri_72,planning,560,0.9125,0.7357,0.9501,0.9786,0.075,0.0286,0.1857,0.0429,0.6905,none
2b_reference,instruct,damaged_q4,q3_stability_tri_72,rhetoric,560,0.8964,0.6714,0.9409,0.9661,0.0804,0.0196,0.2571,0.0446,0.6206,none
2b_reference,instruct,damaged_q4,q3_stability_tri_72,spatial,560,0.9054,0.7125,0.9484,0.9875,0.0768,0.0143,0.2179,0.0464,0.6669,none
2b_reference,instruct,damaged_q4,q4_boundary_pair_72_28,adversarial,560,0.8839,0.6804,0.9392,0.9857,0.0964,0.0357,0.2268,0.0625,0.623,none
2b_reference,instruct,damaged_q4,q4_boundary_pair_72_28,boundary,560,0.8839,0.6732,0.9432,0.9929,0.1018,0.0268,0.2411,0.0339,0.6163,none
2b_reference,instruct,damaged_q4,q4_boundary_pair_72_28,coding,560,0.8339,0.6375,0.9143,0.9143,0.0946,0.0429,0.2071,0.1107,0.5784,none
2b_reference,instruct,damaged_q4,q4_boundary_pair_72_28,epistemic,560,0.8446,0.625,0.9113,0.9339,0.0839,0.0143,0.2982,0.1268,0.5668,none
2b_reference,instruct,damaged_q4,q4_boundary_pair_72_28,forensic,560,0.8768,0.6821,0.9329,0.9821,0.0911,0.0304,0.2268,0.0964,0.6258,none
2b_reference,instruct,damaged_q4,q4_boundary_pair_72_28,generalist,560,0.7768,0.6143,0.8752,0.8786,0.1125,0.0304,0.2536,0.2125,0.5436,none
2b_reference,instruct,damaged_q4,q4_boundary_pair_72_28,math,560,0.8339,0.6196,0.8993,0.9089,0.0857,0.0232,0.2625,0.2071,0.5579,none
2b_reference,instruct,damaged_q4,q4_boundary_pair_72_28,planning,560,0.8625,0.6929,0.9192,0.9089,0.075,0.0304,0.2089,0.1143,0.6419,none
2b_reference,instruct,damaged_q4,q4_boundary_pair_72_28,rhetoric,560,0.8036,0.6143,0.8837,0.8714,0.0982,0.0196,0.2679,0.2018,0.5494,none
2b_reference,instruct,damaged_q4,q4_boundary_pair_72_28,spatial,560,0.825,0.6286,0.8994,0.9054,0.1,0.0304,0.2268,0.1607,0.5663,none
2b_reference,instruct,damaged_q4,q4_generalist_pair_72_28,adversarial,560,0.8768,0.6518,0.9345,0.9946,0.1089,0.0179,0.2911,0.0536,0.5896,none
2b_reference,instruct,damaged_q4,q4_generalist_pair_72_28,boundary,560,0.8464,0.65,0.9268,0.9893,0.1304,0.0268,0.25,0.0661,0.5822,none
2b_reference,instruct,damaged_q4,q4_generalist_pair_72_28,coding,560,0.8411,0.6429,0.9171,0.9464,0.1054,0.0268,0.2518,0.1054,0.5805,none
2b_reference,instruct,damaged_q4,q4_generalist_pair_72_28,epistemic,560,0.85,0.6589,0.9237,0.9661,0.1,0.0107,0.2607,0.0911,0.6014,none
2b_reference,instruct,damaged_q4,q4_generalist_pair_72_28,forensic,560,0.8786,0.6607,0.9209,0.9857,0.0946,0.0232,0.2839,0.1429,0.5978,none
2b_reference,instruct,damaged_q4,q4_generalist_pair_72_28,generalist,560,0.8464,0.6429,0.9105,0.9232,0.0804,0.0232,0.2714,0.1357,0.5856,none
2b_reference,instruct,damaged_q4,q4_generalist_pair_72_28,math,560,0.8536,0.6411,0.9179,0.95,0.0839,0.0232,0.3089,0.1375,0.5797,none
2b_reference,instruct,damaged_q4,q4_generalist_pair_72_28,planning,560,0.8929,0.7214,0.9383,0.9571,0.0786,0.0107,0.2054,0.0643,0.6761,none
2b_reference,instruct,damaged_q4,q4_generalist_pair_72_28,rhetoric,560,0.8268,0.6375,0.9039,0.9214,0.1018,0.0179,0.2393,0.1607,0.5762,none
2b_reference,instruct,damaged_q4,q4_generalist_pair_72_28,spatial,560,0.8482,0.6786,0.9159,0.9446,0.0964,0.0125,0.2268,0.1321,0.6224,none
2b_reference,instruct,healthy_q6,q2_amplifier_low_echo,adversarial,560,0.8982,0.4679,0.9167,0.9875,0.0696,0.325,0.2714,0.0518,0.3577,none
2b_reference,instruct,healthy_q6,q2_amplifier_low_echo,boundary,560,0.9054,0.5286,0.9209,0.9857,0.075,0.2911,0.2125,0.0554,0.4281,none
2b_reference,instruct,healthy_q6,q2_amplifier_low_echo,coding,560,0.8911,0.5,0.9166,0.9946,0.0786,0.2964,0.2232,0.0732,0.3956,none
2b_reference,instruct,healthy_q6,q2_amplifier_low_echo,epistemic,560,0.9054,0.5107,0.9272,0.9893,0.0589,0.2714,0.2911,0.0411,0.4134,none
2b_reference,instruct,healthy_q6,q2_amplifier_low_echo,forensic,560,0.9071,0.5446,0.9281,0.9893,0.0804,0.2446,0.2357,0.0429,0.4506,none
2b_reference,instruct,healthy_q6,q2_amplifier_low_echo,generalist,560,0.8946,0.5214,0.9229,0.9929,0.0786,0.2946,0.2071,0.0411,0.4203,none
2b_reference,instruct,healthy_q6,q2_amplifier_low_echo,math,560,0.9018,0.5339,0.9279,0.9929,0.0696,0.2232,0.2768,0.0607,0.4432,none
2b_reference,instruct,healthy_q6,q2_amplifier_low_echo,planning,560,0.8893,0.5357,0.9244,0.9911,0.0786,0.2857,0.1857,0.0429,0.438,none
2b_reference,instruct,healthy_q6,q2_amplifier_low_echo,rhetoric,560,0.9161,0.5214,0.9305,0.9893,0.0714,0.2839,0.2286,0.0339,0.4232,none
2b_reference,instruct,healthy_q6,q2_amplifier_low_echo,spatial,560,0.9071,0.5518,0.9311,0.9804,0.0536,0.2696,0.1911,0.0607,0.4635,none
2b_reference,instruct,healthy_q6,q3_routed_tri_68,adversarial,560,0.9196,0.7446,0.9532,0.9875,0.0661,0.0232,0.1946,0.0536,0.7019,none
2b_reference,instruct,healthy_q6,q3_routed_tri_68,boundary,560,0.9321,0.7446,0.9585,0.9893,0.0464,0.0429,0.1857,0.0536,0.7046,none
2b_reference,instruct,healthy_q6,q3_routed_tri_68,coding,560,0.9339,0.7589,0.9635,0.9929,0.0536,0.0411,0.1714,0.0268,0.7196,none
2b_reference,instruct,healthy_q6,q3_routed_tri_68,epistemic,560,0.9107,0.7536,0.9533,0.9964,0.0607,0.0268,0.1964,0.0607,0.7113,none
2b_reference,instruct,healthy_q6,q3_routed_tri_68,forensic,560,0.925,0.7482,0.9533,0.9857,0.0625,0.0268,0.1911,0.0518,0.7062,none
2b_reference,instruct,healthy_q6,q3_routed_tri_68,generalist,560,0.9304,0.7321,0.9575,0.9804,0.0339,0.0446,0.1875,0.0607,0.695,none
2b_reference,instruct,healthy_q6,q3_routed_tri_68,math,560,0.9071,0.7125,0.9525,0.9839,0.0643,0.0214,0.2125,0.0464,0.6696,none
2b_reference,instruct,healthy_q6,q3_routed_tri_68,planning,560,0.9482,0.7929,0.9634,0.9893,0.0464,0.0339,0.1393,0.0464,0.7587,none
2b_reference,instruct,healthy_q6,q3_routed_tri_68,rhetoric,560,0.9161,0.7036,0.9509,0.9911,0.0696,0.0375,0.2071,0.0571,0.6558,none
2b_reference,instruct,healthy_q6,q3_routed_tri_68,spatial,560,0.9411,0.7679,0.963,0.9964,0.05,0.0339,0.1732,0.0429,0.7301,none
2b_reference,instruct,healthy_q6,q3_stability_tri_72,adversarial,560,0.9429,0.7482,0.9589,0.9946,0.0464,0.0304,0.1893,0.0679,0.7097,none
2b_reference,instruct,healthy_q6,q3_stability_tri_72,boundary,560,0.9232,0.7054,0.9541,0.9911,0.0589,0.0571,0.2018,0.0536,0.6574,none
2b_reference,instruct,healthy_q6,q3_stability_tri_72,coding,560,0.9375,0.7946,0.9638,0.9893,0.05,0.0429,0.125,0.0429,0.7589,none
2b_reference,instruct,healthy_q6,q3_stability_tri_72,epistemic,560,0.925,0.7268,0.9601,0.9857,0.0446,0.0357,0.1929,0.0393,0.6889,none
2b_reference,instruct,healthy_q6,q3_stability_tri_72,forensic,560,0.9446,0.7804,0.9629,0.9821,0.05,0.0357,0.1696,0.0286,0.7432,none
2b_reference,instruct,healthy_q6,q3_stability_tri_72,generalist,560,0.9393,0.7643,0.9647,0.9946,0.0464,0.0375,0.1643,0.0357,0.7279,none
2b_reference,instruct,healthy_q6,q3_stability_tri_72,math,560,0.9357,0.725,0.9587,0.9911,0.0518,0.0339,0.2232,0.0411,0.6828,none
2b_reference,instruct,healthy_q6,q3_stability_tri_72,planning,560,0.9393,0.7821,0.9613,0.9875,0.0518,0.0304,0.1482,0.0411,0.7466,none
2b_reference,instruct,healthy_q6,q3_stability_tri_72,rhetoric,560,0.9357,0.7607,0.9604,0.9929,0.0464,0.0304,0.1893,0.0518,0.723,none
2b_reference,instruct,healthy_q6,q3_stability_tri_72,spatial,560,0.9161,0.7607,0.9528,0.9929,0.0679,0.0321,0.1518,0.0625,0.7187,none
2b_reference,instruct,healthy_q6,q4_boundary_pair_72_28,adversarial,560,0.9018,0.7429,0.9455,0.9929,0.0911,0.0214,0.1839,0.0679,0.6931,none
2b_reference,instruct,healthy_q6,q4_boundary_pair_72_28,boundary,560,0.9036,0.7214,0.9474,0.9911,0.0768,0.0321,0.1929,0.0661,0.6732,none
2b_reference,instruct,healthy_q6,q4_boundary_pair_72_28,coding,560,0.9357,0.7804,0.9592,0.9929,0.0536,0.0286,0.15,0.0571,0.7437,none
2b_reference,instruct,healthy_q6,q4_boundary_pair_72_28,epistemic,560,0.9268,0.75,0.9569,0.9893,0.0589,0.0054,0.2214,0.0321,0.7119,none
2b_reference,instruct,healthy_q6,q4_boundary_pair_72_28,forensic,560,0.9464,0.7643,0.962,0.9929,0.0464,0.0286,0.1946,0.0429,0.7269,none
2b_reference,instruct,healthy_q6,q4_boundary_pair_72_28,generalist,560,0.9125,0.7339,0.9531,0.9786,0.0607,0.0429,0.1661,0.0482,0.6914,none
2b_reference,instruct,healthy_q6,q4_boundary_pair_72_28,math,560,0.9482,0.7571,0.9624,0.9804,0.0339,0.0393,0.1929,0.0482,0.7213,none
2b_reference,instruct,healthy_q6,q4_boundary_pair_72_28,planning,560,0.9321,0.7554,0.9615,0.9911,0.0554,0.0357,0.175,0.0286,0.7162,none
2b_reference,instruct,healthy_q6,q4_boundary_pair_72_28,rhetoric,560,0.925,0.7393,0.9541,0.9893,0.0554,0.0196,0.2089,0.0625,0.6989,none
2b_reference,instruct,healthy_q6,q4_boundary_pair_72_28,spatial,560,0.9411,0.7839,0.9617,0.9821,0.0446,0.025,0.1643,0.0464,0.7501,none
2b_reference,instruct,healthy_q6,q4_generalist_pair_72_28,adversarial,560,0.9107,0.7393,0.9507,0.9929,0.0732,0.0143,0.1893,0.0589,0.6964,none
2b_reference,instruct,healthy_q6,q4_generalist_pair_72_28,boundary,560,0.9089,0.7304,0.9501,0.9929,0.0804,0.0375,0.1946,0.05,0.6807,none
2b_reference,instruct,healthy_q6,q4_generalist_pair_72_28,coding,560,0.9304,0.7679,0.9573,0.9929,0.0571,0.0357,0.1571,0.0607,0.728,none
2b_reference,instruct,healthy_q6,q4_generalist_pair_72_28,epistemic,560,0.9339,0.7446,0.9595,0.9946,0.0518,0.0125,0.2125,0.0393,0.7076,none
2b_reference,instruct,healthy_q6,q4_generalist_pair_72_28,forensic,560,0.9393,0.7732,0.9602,0.9839,0.0411,0.0179,0.1786,0.0536,0.7404,none
2b_reference,instruct,healthy_q6,q4_generalist_pair_72_28,generalist,560,0.9054,0.7357,0.9517,0.9929,0.0679,0.0161,0.1964,0.0518,0.6938,none
2b_reference,instruct,healthy_q6,q4_generalist_pair_72_28,math,560,0.9339,0.7268,0.9583,0.9964,0.05,0.0161,0.2339,0.05,0.6874,none
2b_reference,instruct,healthy_q6,q4_generalist_pair_72_28,planning,560,0.9214,0.7607,0.9544,0.9857,0.0536,0.0143,0.1804,0.0589,0.7244,none
2b_reference,instruct,healthy_q6,q4_generalist_pair_72_28,rhetoric,560,0.9321,0.7446,0.9562,0.9982,0.0536,0.0107,0.2089,0.0625,0.7066,none
2b_reference,instruct,healthy_q6,q4_generalist_pair_72_28,spatial,560,0.9339,0.7911,0.9595,0.9893,0.0518,0.0268,0.1357,0.0607,0.7563,none
2b_reference,instruct,healthy_q8,q2_amplifier_low_echo,adversarial,560,0.9089,0.5429,0.9303,0.9875,0.0554,0.3143,0.1554,0.05,0.4485,none
2b_reference,instruct,healthy_q8,q2_amplifier_low_echo,boundary,560,0.9071,0.5286,0.9266,0.9929,0.0625,0.2804,0.2286,0.0554,0.4327,none
2b_reference,instruct,healthy_q8,q2_amplifier_low_echo,coding,560,0.9071,0.5518,0.9309,0.9804,0.0554,0.2661,0.1964,0.0464,0.4639,none
2b_reference,instruct,healthy_q8,q2_amplifier_low_echo,epistemic,560,0.9214,0.5464,0.9351,0.9911,0.0429,0.2804,0.2161,0.05,0.4577,none
2b_reference,instruct,healthy_q8,q2_amplifier_low_echo,forensic,560,0.9143,0.575,0.9364,0.9964,0.0625,0.2375,0.1893,0.0554,0.4908,none
2b_reference,instruct,healthy_q8,q2_amplifier_low_echo,generalist,560,0.9,0.5304,0.9275,0.9839,0.0536,0.2964,0.2214,0.0429,0.4351,none
2b_reference,instruct,healthy_q8,q2_amplifier_low_echo,math,560,0.9214,0.5518,0.9339,0.9857,0.0536,0.2393,0.2411,0.0554,0.4658,none
2b_reference,instruct,healthy_q8,q2_amplifier_low_echo,planning,560,0.9321,0.5929,0.9374,0.9982,0.0429,0.2732,0.1625,0.0625,0.5092,none
2b_reference,instruct,healthy_q8,q2_amplifier_low_echo,rhetoric,560,0.925,0.5857,0.9412,0.9946,0.0554,0.2536,0.1929,0.0321,0.5014,none
2b_reference,instruct,healthy_q8,q2_amplifier_low_echo,spatial,560,0.9018,0.5554,0.9314,0.9875,0.0768,0.2714,0.1679,0.0393,0.4626,none
2b_reference,instruct,healthy_q8,q3_routed_tri_68,adversarial,560,0.95,0.7804,0.9628,0.9893,0.0357,0.0357,0.1625,0.0679,0.7461,none
2b_reference,instruct,healthy_q8,q3_routed_tri_68,boundary,560,0.9339,0.7536,0.9605,0.9964,0.0482,0.0482,0.1607,0.0607,0.7136,none
2b_reference,instruct,healthy_q8,q3_routed_tri_68,coding,560,0.9429,0.8268,0.9676,0.9946,0.0357,0.0321,0.1107,0.0589,0.7978,none
2b_reference,instruct,healthy_q8,q3_routed_tri_68,epistemic,560,0.9125,0.7429,0.957,0.9911,0.0643,0.0196,0.1946,0.0339,0.7024,none
2b_reference,instruct,healthy_q8,q3_routed_tri_68,forensic,560,0.9429,0.7893,0.9635,0.9839,0.0393,0.0375,0.1429,0.0518,0.756,none
2b_reference,instruct,healthy_q8,q3_routed_tri_68,generalist,560,0.9446,0.7554,0.9663,0.9946,0.0321,0.0464,0.1768,0.0429,0.7201,none
2b_reference,instruct,healthy_q8,q3_routed_tri_68,math,560,0.9679,0.7607,0.9676,0.9875,0.0232,0.0482,0.1946,0.0464,0.7262,none
2b_reference,instruct,healthy_q8,q3_routed_tri_68,planning,560,0.9411,0.7804,0.9644,0.9964,0.0482,0.0286,0.1536,0.0393,0.7459,none
2b_reference,instruct,healthy_q8,q3_routed_tri_68,rhetoric,560,0.9482,0.7893,0.9643,0.9893,0.0393,0.0286,0.1786,0.0429,0.7554,none
2b_reference,instruct,healthy_q8,q3_routed_tri_68,spatial,560,0.9446,0.7929,0.9631,0.9768,0.0429,0.025,0.1554,0.0375,0.7607,none
2b_reference,instruct,healthy_q8,q3_stability_tri_72,adversarial,560,0.9464,0.7893,0.9628,0.9911,0.0375,0.0321,0.1446,0.0679,0.7566,none
2b_reference,instruct,healthy_q8,q3_stability_tri_72,boundary,560,0.95,0.7732,0.9629,0.9857,0.0429,0.0446,0.1571,0.05,0.7364,none
2b_reference,instruct,healthy_q8,q3_stability_tri_72,coding,560,0.9429,0.7857,0.9647,0.9893,0.0429,0.0339,0.1375,0.0464,0.7527,none
2b_reference,instruct,healthy_q8,q3_stability_tri_72,epistemic,560,0.9393,0.7875,0.9634,0.9893,0.0393,0.0161,0.1589,0.0446,0.7576,none
2b_reference,instruct,healthy_q8,q3_stability_tri_72,forensic,560,0.9536,0.7768,0.9699,0.9964,0.0411,0.0375,0.1554,0.0268,0.7432,none
2b_reference,instruct,healthy_q8,q3_stability_tri_72,generalist,560,0.9321,0.7625,0.961,0.9893,0.0339,0.0232,0.1804,0.0589,0.7303,none
2b_reference,instruct,healthy_q8,q3_stability_tri_72,math,560,0.9518,0.7589,0.9687,0.9929,0.0286,0.0321,0.1946,0.0357,0.7266,none
2b_reference,instruct,healthy_q8,q3_stability_tri_72,planning,560,0.9571,0.8071,0.9691,0.9911,0.0339,0.0232,0.1429,0.0375,0.779,none
2b_reference,instruct,healthy_q8,q3_stability_tri_72,rhetoric,560,0.9482,0.7839,0.9618,0.9893,0.0429,0.025,0.1714,0.0536,0.7497,none
2b_reference,instruct,healthy_q8,q3_stability_tri_72,spatial,560,0.9607,0.8393,0.9721,0.9964,0.0268,0.0286,0.1071,0.0536,0.8143,none
2b_reference,instruct,healthy_q8,q4_boundary_pair_72_28,adversarial,560,0.9482,0.7786,0.9655,0.9929,0.0411,0.0304,0.1607,0.0446,0.7451,none
2b_reference,instruct,healthy_q8,q4_boundary_pair_72_28,boundary,560,0.9339,0.775,0.9612,0.9893,0.0518,0.0357,0.1536,0.0482,0.7376,none
2b_reference,instruct,healthy_q8,q4_boundary_pair_72_28,coding,560,0.9536,0.8071,0.9682,0.9946,0.0304,0.0161,0.1571,0.05,0.7798,none
2b_reference,instruct,healthy_q8,q4_boundary_pair_72_28,epistemic,560,0.9286,0.7714,0.9624,0.9893,0.0411,0.0179,0.175,0.0446,0.7393,none
2b_reference,instruct,healthy_q8,q4_boundary_pair_72_28,forensic,560,0.9429,0.8071,0.9693,0.9964,0.0464,0.0268,0.125,0.0304,0.7763,none
2b_reference,instruct,healthy_q8,q4_boundary_pair_72_28,generalist,560,0.9429,0.8,0.9683,0.9911,0.0321,0.0232,0.1429,0.0429,0.7721,none
2b_reference,instruct,healthy_q8,q4_boundary_pair_72_28,math,560,0.9536,0.7411,0.9624,0.9893,0.0393,0.0286,0.2089,0.0464,0.7045,none
2b_reference,instruct,healthy_q8,q4_boundary_pair_72_28,planning,560,0.9464,0.7982,0.9643,0.9893,0.0393,0.025,0.1357,0.05,0.7681,none
2b_reference,instruct,healthy_q8,q4_boundary_pair_72_28,rhetoric,560,0.9393,0.775,0.9637,0.9964,0.0393,0.0161,0.1714,0.0554,0.7435,none
2b_reference,instruct,healthy_q8,q4_boundary_pair_72_28,spatial,560,0.925,0.7875,0.9606,0.9929,0.0661,0.0214,0.1357,0.0393,0.7506,none
2b_reference,instruct,healthy_q8,q4_generalist_pair_72_28,adversarial,560,0.9339,0.8089,0.9618,0.9875,0.0518,0.0161,0.1321,0.0554,0.7768,none
2b_reference,instruct,healthy_q8,q4_generalist_pair_72_28,boundary,560,0.9464,0.7536,0.9643,0.9839,0.0375,0.0375,0.1857,0.0375,0.7181,none
2b_reference,instruct,healthy_q8,q4_generalist_pair_72_28,coding,560,0.9375,0.8107,0.9632,0.9857,0.0446,0.0161,0.1232,0.0554,0.7815,none
2b_reference,instruct,healthy_q8,q4_generalist_pair_72_28,epistemic,560,0.9357,0.7661,0.9625,0.9929,0.0411,0.0089,0.1875,0.0393,0.735,none
2b_reference,instruct,healthy_q8,q4_generalist_pair_72_28,forensic,560,0.9357,0.7857,0.96,0.9929,0.0518,0.0143,0.1643,0.0518,0.7516,none
2b_reference,instruct,healthy_q8,q4_generalist_pair_72_28,generalist,560,0.9411,0.7821,0.9657,0.9875,0.0321,0.0286,0.1446,0.0482,0.7528,none
2b_reference,instruct,healthy_q8,q4_generalist_pair_72_28,math,560,0.9536,0.7411,0.9635,0.9821,0.0286,0.0268,0.2161,0.0464,0.7075,none
2b_reference,instruct,healthy_q8,q4_generalist_pair_72_28,planning,560,0.9643,0.8143,0.9659,0.9857,0.0304,0.0179,0.1554,0.0536,0.7865,none
2b_reference,instruct,healthy_q8,q4_generalist_pair_72_28,rhetoric,560,0.9464,0.7839,0.9646,0.9875,0.0429,0.0196,0.1679,0.0393,0.7517,none
2b_reference,instruct,healthy_q8,q4_generalist_pair_72_28,spatial,560,0.9518,0.8286,0.9676,0.9911,0.0375,0.0107,0.1286,0.0518,0.8023,none
2b_reference,instruct,q8_k_m,q2_amplifier_low_echo,adversarial,560,0.8946,0.5268,0.9236,0.9857,0.0661,0.3089,0.1929,0.0554,0.427,none
2b_reference,instruct,q8_k_m,q2_amplifier_low_echo,boundary,560,0.8982,0.5143,0.9239,0.9893,0.0643,0.2768,0.2196,0.0661,0.4188,none
2b_reference,instruct,q8_k_m,q2_amplifier_low_echo,coding,560,0.9196,0.5482,0.932,0.9946,0.0625,0.2893,0.175,0.0393,0.4556,none
2b_reference,instruct,q8_k_m,q2_amplifier_low_echo,epistemic,560,0.9071,0.5821,0.9373,0.9839,0.0482,0.2411,0.1964,0.0482,0.5013,none
2b_reference,instruct,q8_k_m,q2_amplifier_low_echo,forensic,560,0.9196,0.5232,0.9346,0.9821,0.0482,0.2911,0.2179,0.0357,0.4313,none
2b_reference,instruct,q8_k_m,q2_amplifier_low_echo,generalist,560,0.9,0.5304,0.9251,0.9929,0.0661,0.2696,0.2196,0.0554,0.4363,none
2b_reference,instruct,q8_k_m,q2_amplifier_low_echo,math,560,0.9196,0.5393,0.9328,0.9929,0.0482,0.2786,0.2107,0.0679,0.4489,none
2b_reference,instruct,q8_k_m,q2_amplifier_low_echo,planning,560,0.9179,0.5839,0.936,0.9804,0.0536,0.2661,0.1625,0.0357,0.4999,none
2b_reference,instruct,q8_k_m,q2_amplifier_low_echo,rhetoric,560,0.9179,0.5321,0.933,0.9893,0.0518,0.2768,0.2339,0.0518,0.4399,none
2b_reference,instruct,q8_k_m,q2_amplifier_low_echo,spatial,560,0.9054,0.5964,0.9344,0.9946,0.0679,0.2768,0.1339,0.0536,0.5073,none
2b_reference,instruct,q8_k_m,q3_routed_tri_68,adversarial,560,0.9375,0.8071,0.9621,0.9875,0.05,0.0304,0.1304,0.0536,0.773,none
2b_reference,instruct,q8_k_m,q3_routed_tri_68,boundary,560,0.9375,0.775,0.9618,0.9857,0.0464,0.0464,0.1464,0.0464,0.7378,none
2b_reference,instruct,q8_k_m,q3_routed_tri_68,coding,560,0.9607,0.8143,0.9712,0.9911,0.0321,0.0411,0.1214,0.0393,0.7847,none
2b_reference,instruct,q8_k_m,q3_routed_tri_68,epistemic,560,0.9393,0.8071,0.9675,0.9911,0.0339,0.0321,0.1196,0.05,0.7785,none
2b_reference,instruct,q8_k_m,q3_routed_tri_68,forensic,560,0.9357,0.7982,0.965,0.9964,0.0464,0.0357,0.1286,0.0518,0.7643,none
2b_reference,instruct,q8_k_m,q3_routed_tri_68,generalist,560,0.9357,0.7768,0.9642,0.9821,0.0232,0.0518,0.1446,0.0607,0.7449,none
2b_reference,instruct,q8_k_m,q3_routed_tri_68,math,560,0.9536,0.7589,0.9666,0.9946,0.0268,0.025,0.1946,0.0536,0.7276,none
2b_reference,instruct,q8_k_m,q3_routed_tri_68,planning,560,0.9393,0.7982,0.9645,0.9964,0.0482,0.0375,0.1179,0.0518,0.7642,none
2b_reference,instruct,q8_k_m,q3_routed_tri_68,rhetoric,560,0.9607,0.7911,0.9722,0.9982,0.0268,0.0321,0.1607,0.0393,0.7618,none
2b_reference,instruct,q8_k_m,q3_routed_tri_68,spatial,560,0.9589,0.8161,0.9698,0.9875,0.0304,0.0339,0.1304,0.0429,0.7876,none
2b_reference,instruct,q8_k_m,q3_stability_tri_72,adversarial,560,0.9571,0.8214,0.9713,0.9875,0.0357,0.0393,0.1196,0.0321,0.7917,none
2b_reference,instruct,q8_k_m,q3_stability_tri_72,boundary,560,0.9554,0.8071,0.9687,0.9946,0.0411,0.0393,0.1357,0.0393,0.7741,none
2b_reference,instruct,q8_k_m,q3_stability_tri_72,coding,560,0.95,0.8071,0.9674,0.9911,0.0357,0.0304,0.1304,0.0482,0.7775,none
2b_reference,instruct,q8_k_m,q3_stability_tri_72,epistemic,560,0.9482,0.7786,0.9675,0.9911,0.0339,0.0304,0.1625,0.0375,0.7474,none
2b_reference,instruct,q8_k_m,q3_stability_tri_72,forensic,560,0.9589,0.8071,0.9677,0.9875,0.0357,0.0179,0.1554,0.0375,0.7786,none
2b_reference,instruct,q8_k_m,q3_stability_tri_72,generalist,560,0.9518,0.8,0.9717,0.9875,0.0232,0.0304,0.1464,0.0339,0.7736,none
2b_reference,instruct,q8_k_m,q3_stability_tri_72,math,560,0.9768,0.7714,0.9709,0.9929,0.0125,0.0411,0.1946,0.0536,0.7412,none
2b_reference,instruct,q8_k_m,q3_stability_tri_72,planning,560,0.95,0.8161,0.9684,0.9839,0.0286,0.0268,0.1375,0.0411,0.7891,none
2b_reference,instruct,q8_k_m,q3_stability_tri_72,rhetoric,560,0.9357,0.8018,0.9641,0.9911,0.0393,0.0125,0.1464,0.0554,0.773,none
2b_reference,instruct,q8_k_m,q3_stability_tri_72,spatial,560,0.9554,0.8054,0.969,0.9893,0.0286,0.0375,0.1429,0.0482,0.7754,none
2b_reference,instruct,q8_k_m,q4_boundary_pair_72_28,adversarial,560,0.9393,0.8,0.9631,0.9929,0.0518,0.025,0.1411,0.05,0.7657,none
2b_reference,instruct,q8_k_m,q4_boundary_pair_72_28,boundary,560,0.9411,0.7714,0.9616,0.9857,0.0446,0.0464,0.1518,0.0518,0.734,none
2b_reference,instruct,q8_k_m,q4_boundary_pair_72_28,coding,560,0.9411,0.7982,0.9635,0.9857,0.0464,0.0339,0.1321,0.0482,0.7645,none
2b_reference,instruct,q8_k_m,q4_boundary_pair_72_28,epistemic,560,0.9607,0.8018,0.9686,0.9875,0.025,0.0125,0.1679,0.0375,0.7765,none
2b_reference,instruct,q8_k_m,q4_boundary_pair_72_28,forensic,560,0.9571,0.8393,0.973,0.9893,0.0286,0.0214,0.1232,0.0304,0.8151,none
2b_reference,instruct,q8_k_m,q4_boundary_pair_72_28,generalist,560,0.9304,0.7821,0.9609,0.9875,0.0482,0.0393,0.1339,0.0518,0.7465,none
2b_reference,instruct,q8_k_m,q4_boundary_pair_72_28,math,560,0.9536,0.775,0.9678,0.9839,0.0268,0.0357,0.1696,0.0429,0.7441,none
2b_reference,instruct,q8_k_m,q4_boundary_pair_72_28,planning,560,0.9625,0.8482,0.9734,0.9946,0.025,0.0179,0.1161,0.0429,0.8257,none
2b_reference,instruct,q8_k_m,q4_boundary_pair_72_28,rhetoric,560,0.9482,0.7839,0.969,0.9946,0.0375,0.0107,0.175,0.0286,0.7551,none
2b_reference,instruct,q8_k_m,q4_boundary_pair_72_28,spatial,560,0.9482,0.8321,0.9674,0.9982,0.0464,0.0107,0.1179,0.0482,0.8042,none
2b_reference,instruct,q8_k_m,q4_generalist_pair_72_28,adversarial,560,0.9411,0.8018,0.9645,0.9911,0.0375,0.0125,0.1482,0.0643,0.773,none
2b_reference,instruct,q8_k_m,q4_generalist_pair_72_28,boundary,560,0.9571,0.8036,0.969,0.9946,0.0357,0.0268,0.1571,0.0393,0.773,none
2b_reference,instruct,q8_k_m,q4_generalist_pair_72_28,coding,560,0.95,0.7982,0.9662,0.9875,0.0304,0.0411,0.1321,0.0571,0.7675,none
2b_reference,instruct,q8_k_m,q4_generalist_pair_72_28,epistemic,560,0.9536,0.8,0.9699,0.9964,0.0268,0.0054,0.1768,0.0375,0.7749,none
2b_reference,instruct,q8_k_m,q4_generalist_pair_72_28,forensic,560,0.9554,0.8375,0.9704,0.9946,0.0286,0.0071,0.1286,0.0464,0.8149,none
2b_reference,instruct,q8_k_m,q4_generalist_pair_72_28,generalist,560,0.9429,0.7911,0.9676,0.9911,0.0339,0.0232,0.15,0.0393,0.7623,none
2b_reference,instruct,q8_k_m,q4_generalist_pair_72_28,math,560,0.9571,0.7929,0.9662,0.9911,0.0286,0.0214,0.1804,0.0536,0.7629,none
2b_reference,instruct,q8_k_m,q4_generalist_pair_72_28,planning,560,0.9589,0.825,0.971,0.9929,0.0232,0.0161,0.1321,0.0464,0.8019,none
2b_reference,instruct,q8_k_m,q4_generalist_pair_72_28,rhetoric,560,0.9571,0.7643,0.9635,0.9875,0.0268,0.0161,0.1982,0.0571,0.7343,none
2b_reference,instruct,q8_k_m,q4_generalist_pair_72_28,spatial,560,0.9518,0.85,0.9693,0.9857,0.0339,0.0107,0.1071,0.0429,0.827,none
35b_a3b_moe,base,base_f16,q2_amplifier_low_echo,adversarial,560,0.9268,0.5911,0.9373,0.9911,0.0446,0.3,0.1179,0.0607,0.5052,none
35b_a3b_moe,base,base_f16,q2_amplifier_low_echo,boundary,560,0.9375,0.5607,0.9392,0.9857,0.0357,0.2839,0.1714,0.0464,0.4772,none
35b_a3b_moe,base,base_f16,q2_amplifier_low_echo,coding,560,0.9482,0.6143,0.9464,0.9946,0.0268,0.2714,0.1321,0.05,0.5389,none
35b_a3b_moe,base,base_f16,q2_amplifier_low_echo,epistemic,560,0.9464,0.5446,0.9422,0.9893,0.0321,0.2875,0.1946,0.0357,0.4601,none
35b_a3b_moe,base,base_f16,q2_amplifier_low_echo,forensic,560,0.9321,0.625,0.9465,0.9839,0.025,0.2464,0.1429,0.0536,0.5541,none
35b_a3b_moe,base,base_f16,q2_amplifier_low_echo,generalist,560,0.9286,0.5679,0.94,0.9875,0.0286,0.2964,0.1607,0.0446,0.4849,none
35b_a3b_moe,base,base_f16,q2_amplifier_low_echo,math,560,0.9161,0.5607,0.9344,0.9964,0.0536,0.2786,0.1875,0.0679,0.4705,none
35b_a3b_moe,base,base_f16,q2_amplifier_low_echo,planning,560,0.9304,0.5839,0.936,0.9929,0.0429,0.2875,0.1321,0.0643,0.4998,none
35b_a3b_moe,base,base_f16,q2_amplifier_low_echo,rhetoric,560,0.9214,0.5464,0.9395,0.9893,0.05,0.3054,0.1536,0.0357,0.4563,none
35b_a3b_moe,base,base_f16,q2_amplifier_low_echo,spatial,560,0.9321,0.6179,0.9445,0.9893,0.0446,0.25,0.1268,0.0482,0.5419,none
35b_a3b_moe,base,base_f16,q3_routed_tri_68,adversarial,560,0.9714,0.8768,0.9772,0.9946,0.0179,0.0429,0.0679,0.0571,0.8546,none
35b_a3b_moe,base,base_f16,q3_routed_tri_68,boundary,560,0.9536,0.8321,0.9701,0.9857,0.0286,0.0482,0.0839,0.0571,0.8044,none
35b_a3b_moe,base,base_f16,q3_routed_tri_68,coding,560,0.9696,0.8482,0.9736,0.9839,0.0125,0.0357,0.0982,0.0571,0.8266,none
35b_a3b_moe,base,base_f16,q3_routed_tri_68,epistemic,560,0.9518,0.8232,0.9701,0.9911,0.0286,0.0214,0.1161,0.0464,0.7987,none
35b_a3b_moe,base,base_f16,q3_routed_tri_68,forensic,560,0.9804,0.8446,0.9791,0.9857,0.0179,0.0589,0.0839,0.0339,0.8191,none
35b_a3b_moe,base,base_f16,q3_routed_tri_68,generalist,560,0.9518,0.85,0.9767,0.9929,0.0161,0.0375,0.075,0.0482,0.8293,none
35b_a3b_moe,base,base_f16,q3_routed_tri_68,math,560,0.9696,0.8214,0.9736,0.9857,0.0161,0.0446,0.1268,0.0536,0.7949,none
35b_a3b_moe,base,base_f16,q3_routed_tri_68,planning,560,0.9768,0.8661,0.9789,0.9946,0.0179,0.0518,0.0661,0.0429,0.8429,none
35b_a3b_moe,base,base_f16,q3_routed_tri_68,rhetoric,560,0.9768,0.8625,0.9761,0.9946,0.0125,0.0411,0.0857,0.0661,0.8404,none
35b_a3b_moe,base,base_f16,q3_routed_tri_68,spatial,560,0.9714,0.8554,0.9784,0.9929,0.0196,0.0429,0.0786,0.0393,0.8326,none
35b_a3b_moe,base,base_f16,q3_stability_tri_72,adversarial,560,0.9714,0.8446,0.9761,0.9946,0.0196,0.0536,0.0964,0.0446,0.8181,none
35b_a3b_moe,base,base_f16,q3_stability_tri_72,boundary,560,0.9714,0.8679,0.9745,0.9857,0.0196,0.0482,0.0679,0.0571,0.844,none
35b_a3b_moe,base,base_f16,q3_stability_tri_72,coding,560,0.9679,0.8196,0.9747,0.9911,0.0214,0.0518,0.1125,0.0411,0.7918,none
35b_a3b_moe,base,base_f16,q3_stability_tri_72,epistemic,560,0.9714,0.8232,0.9756,0.9875,0.0107,0.0411,0.1161,0.0429,0.8004,none
35b_a3b_moe,base,base_f16,q3_stability_tri_72,forensic,560,0.9821,0.8946,0.9796,0.9964,0.0125,0.0232,0.0679,0.0536,0.8781,none
35b_a3b_moe,base,base_f16,q3_stability_tri_72,generalist,560,0.95,0.8321,0.9731,0.9893,0.0125,0.0589,0.0946,0.0571,0.8062,none
35b_a3b_moe,base,base_f16,q3_stability_tri_72,math,560,0.9786,0.8304,0.9772,0.9911,0.0071,0.0411,0.125,0.0536,0.8073,none
35b_a3b_moe,base,base_f16,q3_stability_tri_72,planning,560,0.9804,0.8679,0.9777,0.9929,0.0089,0.0357,0.0875,0.0554,0.8483,none
35b_a3b_moe,base,base_f16,q3_stability_tri_72,rhetoric,560,0.975,0.8304,0.9761,0.9982,0.0143,0.0232,0.1321,0.05,0.8084,none
35b_a3b_moe,base,base_f16,q3_stability_tri_72,spatial,560,0.9786,0.8839,0.9804,0.9893,0.0161,0.0304,0.0679,0.0357,0.8658,none
35b_a3b_moe,base,base_f16,q4_boundary_pair_72_28,adversarial,560,0.9607,0.85,0.9726,0.9929,0.025,0.0357,0.0893,0.0589,0.8253,none
35b_a3b_moe,base,base_f16,q4_boundary_pair_72_28,boundary,560,0.9732,0.8321,0.9755,0.9929,0.0214,0.05,0.1036,0.0464,0.8051,none
35b_a3b_moe,base,base_f16,q4_boundary_pair_72_28,coding,560,0.9625,0.8589,0.977,0.9946,0.0196,0.0232,0.0911,0.0446,0.8389,none
35b_a3b_moe,base,base_f16,q4_boundary_pair_72_28,epistemic,560,0.9643,0.8696,0.9778,0.9946,0.0161,0.0089,0.0911,0.0411,0.8537,none
35b_a3b_moe,base,base_f16,q4_boundary_pair_72_28,forensic,560,0.9714,0.8696,0.9775,0.9875,0.025,0.0304,0.0857,0.0304,0.8477,none
35b_a3b_moe,base,base_f16,q4_boundary_pair_72_28,generalist,560,0.9607,0.8643,0.977,0.9946,0.0196,0.025,0.0821,0.0429,0.8447,none
35b_a3b_moe,base,base_f16,q4_boundary_pair_72_28,math,560,0.975,0.8268,0.9729,0.9893,0.0161,0.0482,0.1304,0.0571,0.799,none
35b_a3b_moe,base,base_f16,q4_boundary_pair_72_28,planning,560,0.9714,0.8518,0.9747,0.9911,0.0179,0.0286,0.0964,0.0518,0.8304,none
35b_a3b_moe,base,base_f16,q4_boundary_pair_72_28,rhetoric,560,0.9625,0.8554,0.9723,0.9929,0.0161,0.0196,0.1036,0.0696,0.8348,none
35b_a3b_moe,base,base_f16,q4_boundary_pair_72_28,spatial,560,0.9768,0.8696,0.9807,0.9946,0.0125,0.0339,0.0821,0.0411,0.8505,none
35b_a3b_moe,base,base_f16,q4_generalist_pair_72_28,adversarial,560,0.9696,0.8679,0.9744,0.9875,0.0179,0.0196,0.0875,0.0589,0.8486,none
35b_a3b_moe,base,base_f16,q4_generalist_pair_72_28,boundary,560,0.9679,0.8625,0.9774,0.9875,0.0179,0.0304,0.0911,0.0375,0.8419,none
35b_a3b_moe,base,base_f16,q4_generalist_pair_72_28,coding,560,0.9768,0.8571,0.9784,0.9929,0.0107,0.0357,0.0911,0.0482,0.8371,none
35b_a3b_moe,base,base_f16,q4_generalist_pair_72_28,epistemic,560,0.9732,0.8607,0.9771,0.9857,0.0125,0.0125,0.1089,0.0339,0.8441,none
35b_a3b_moe,base,base_f16,q4_generalist_pair_72_28,forensic,560,0.9679,0.8714,0.977,0.9946,0.0179,0.025,0.0786,0.05,0.8523,none
35b_a3b_moe,base,base_f16,q4_generalist_pair_72_28,generalist,560,0.9625,0.8482,0.9769,0.9875,0.0125,0.025,0.0946,0.0411,0.8298,none
35b_a3b_moe,base,base_f16,q4_generalist_pair_72_28,math,560,0.9821,0.8393,0.978,0.9946,0.0071,0.0268,0.1339,0.0482,0.8187,none
35b_a3b_moe,base,base_f16,q4_generalist_pair_72_28,planning,560,0.9679,0.8786,0.9771,0.9857,0.0196,0.0161,0.0857,0.0321,0.861,none
35b_a3b_moe,base,base_f16,q4_generalist_pair_72_28,rhetoric,560,0.9679,0.8482,0.9737,0.9875,0.0143,0.0107,0.1232,0.0518,0.8293,none
35b_a3b_moe,base,base_f16,q4_generalist_pair_72_28,spatial,560,0.9786,0.8839,0.9823,0.9964,0.0107,0.0232,0.075,0.0375,0.8682,none
35b_a3b_moe,base,collapsed_q2_edge,q2_amplifier_low_echo,adversarial,560,0.8411,0.4018,0.8967,0.9946,0.1196,0.3018,0.4071,0.0464,0.2706,none
35b_a3b_moe,base,collapsed_q2_edge,q2_amplifier_low_echo,boundary,560,0.8554,0.4036,0.8964,0.9929,0.1196,0.2732,0.4286,0.0554,0.276,none
35b_a3b_moe,base,collapsed_q2_edge,q2_amplifier_low_echo,coding,560,0.7839,0.4446,0.8742,0.8911,0.1196,0.2643,0.325,0.0929,0.3252,none
35b_a3b_moe,base,collapsed_q2_edge,q2_amplifier_low_echo,epistemic,560,0.8089,0.3982,0.8823,0.9321,0.1179,0.2696,0.3875,0.0804,0.2739,none
35b_a3b_moe,base,collapsed_q2_edge,q2_amplifier_low_echo,forensic,560,0.8125,0.3893,0.8838,0.9911,0.1482,0.275,0.4125,0.0964,0.252,none
35b_a3b_moe,base,collapsed_q2_edge,q2_amplifier_low_echo,generalist,560,0.7125,0.4089,0.8397,0.8696,0.1304,0.2982,0.3571,0.1804,0.2726,none
35b_a3b_moe,base,collapsed_q2_edge,q2_amplifier_low_echo,math,560,0.7589,0.4,0.8519,0.8518,0.0714,0.2714,0.3804,0.2625,0.2807,none
35b_a3b_moe,base,collapsed_q2_edge,q2_amplifier_low_echo,planning,560,0.8018,0.4661,0.8756,0.9054,0.1304,0.2536,0.3179,0.0839,0.3466,none
35b_a3b_moe,base,collapsed_q2_edge,q2_amplifier_low_echo,rhetoric,560,0.7286,0.3661,0.8386,0.8625,0.1286,0.2982,0.4304,0.1982,0.2235,none
35b_a3b_moe,base,collapsed_q2_edge,q2_amplifier_low_echo,spatial,560,0.8018,0.4482,0.8767,0.8839,0.1089,0.2518,0.3,0.1196,0.3352,none
35b_a3b_moe,base,collapsed_q2_edge,q3_routed_tri_68,adversarial,560,0.7107,0.475,0.8413,0.9893,0.1571,0.0429,0.3911,0.4643,0.3648,none
35b_a3b_moe,base,collapsed_q2_edge,q3_routed_tri_68,boundary,560,0.7268,0.4446,0.8424,0.9893,0.1589,0.0464,0.4839,0.4071,0.3286,none
35b_a3b_moe,base,collapsed_q2_edge,q3_routed_tri_68,coding,560,0.5161,0.3625,0.7285,0.8268,0.1554,0.05,0.3304,0.8304,0.2379,none
35b_a3b_moe,base,collapsed_q2_edge,q3_routed_tri_68,epistemic,560,0.5446,0.3946,0.7458,0.825,0.1339,0.0179,0.4054,0.6536,0.2858,none
35b_a3b_moe,base,collapsed_q2_edge,q3_routed_tri_68,forensic,560,0.5964,0.45,0.7636,0.9786,0.1589,0.0357,0.3607,0.7786,0.3274,none
35b_a3b_moe,base,collapsed_q2_edge,q3_routed_tri_68,generalist,560,0.5107,0.4,0.7309,0.8375,0.1482,0.0375,0.3625,0.7607,0.281,none
35b_a3b_moe,base,collapsed_q2_edge,q3_routed_tri_68,math,560,0.45,0.3357,0.681,0.7768,0.1339,0.0411,0.3786,1.1357,0.2002,none
35b_a3b_moe,base,collapsed_q2_edge,q3_routed_tri_68,planning,560,0.6161,0.4679,0.765,0.8589,0.1446,0.0321,0.3,0.7071,0.3587,none
35b_a3b_moe,base,collapsed_q2_edge,q3_routed_tri_68,rhetoric,560,0.4554,0.3357,0.6899,0.7911,0.1607,0.0375,0.3804,0.9679,0.2012,none
35b_a3b_moe,base,collapsed_q2_edge,q3_routed_tri_68,spatial,560,0.4911,0.3893,0.7065,0.8161,0.1482,0.0393,0.2661,0.9286,0.2692,none
35b_a3b_moe,base,collapsed_q2_edge,q3_stability_tri_72,adversarial,560,0.7732,0.5304,0.8775,0.9982,0.1339,0.0393,0.3339,0.3339,0.4389,none
35b_a3b_moe,base,collapsed_q2_edge,q3_stability_tri_72,boundary,560,0.7893,0.5054,0.8712,0.9893,0.1339,0.0411,0.4214,0.3179,0.4074,none
35b_a3b_moe,base,collapsed_q2_edge,q3_stability_tri_72,coding,560,0.5571,0.4179,0.744,0.8214,0.1411,0.0196,0.3089,0.7786,0.308,none
35b_a3b_moe,base,collapsed_q2_edge,q3_stability_tri_72,epistemic,560,0.55,0.3839,0.7579,0.8607,0.1536,0.0286,0.4214,0.6125,0.2678,none
35b_a3b_moe,base,collapsed_q2_edge,q3_stability_tri_72,forensic,560,0.6018,0.4161,0.7715,0.9875,0.1482,0.05,0.4036,0.7536,0.2916,none
35b_a3b_moe,base,collapsed_q2_edge,q3_stability_tri_72,generalist,560,0.5232,0.3929,0.7451,0.8268,0.15,0.0482,0.3375,0.6839,0.277,none
35b_a3b_moe,base,collapsed_q2_edge,q3_stability_tri_72,math,560,0.4875,0.3661,0.7076,0.8018,0.1232,0.0357,0.3893,1.0304,0.2393,none
35b_a3b_moe,base,collapsed_q2_edge,q3_stability_tri_72,planning,560,0.5875,0.4304,0.7574,0.8054,0.1482,0.0232,0.3375,0.6857,0.32,none
35b_a3b_moe,base,collapsed_q2_edge,q3_stability_tri_72,rhetoric,560,0.4607,0.3429,0.6839,0.7946,0.1661,0.0304,0.4125,0.9929,0.2043,none
35b_a3b_moe,base,collapsed_q2_edge,q3_stability_tri_72,spatial,560,0.5304,0.3911,0.7146,0.8286,0.1696,0.0375,0.3125,0.8696,0.2642,none
35b_a3b_moe,base,collapsed_q2_edge,q4_boundary_pair_72_28,adversarial,560,0.5089,0.3607,0.7402,0.9857,0.1786,0.0286,0.3946,0.9821,0.2208,none
35b_a3b_moe,base,collapsed_q2_edge,q4_boundary_pair_72_28,boundary,560,0.5482,0.3482,0.7571,0.9929,0.2036,0.0554,0.4339,0.8179,0.2005,none
35b_a3b_moe,base,collapsed_q2_edge,q4_boundary_pair_72_28,coding,560,0.3125,0.2339,0.5776,0.7161,0.1964,0.0339,0.2982,1.45,0.0719,none
35b_a3b_moe,base,collapsed_q2_edge,q4_boundary_pair_72_28,epistemic,560,0.2304,0.1768,0.5281,0.6679,0.2089,0.0161,0.4232,1.4036,0.0069,classification_miss
35b_a3b_moe,base,collapsed_q2_edge,q4_boundary_pair_72_28,forensic,560,0.3982,0.3179,0.6522,0.9696,0.2125,0.0321,0.3536,1.2268,0.1581,none
35b_a3b_moe,base,collapsed_q2_edge,q4_boundary_pair_72_28,generalist,560,0.2554,0.1982,0.5543,0.6839,0.2089,0.0375,0.3554,1.3911,0.0301,classification_miss
35b_a3b_moe,base,collapsed_q2_edge,q4_boundary_pair_72_28,math,560,0.2125,0.1732,0.5129,0.6893,0.2143,0.0357,0.4018,1.8232,-0.0215,primitive_gap
35b_a3b_moe,base,collapsed_q2_edge,q4_boundary_pair_72_28,planning,560,0.3161,0.2643,0.5736,0.7214,0.1911,0.0232,0.2839,1.4607,0.1066,none
35b_a3b_moe,base,collapsed_q2_edge,q4_boundary_pair_72_28,rhetoric,560,0.2304,0.1661,0.5154,0.6679,0.2018,0.0268,0.4464,1.6857,-0.0198,classification_miss
35b_a3b_moe,base,collapsed_q2_edge,q4_boundary_pair_72_28,spatial,560,0.2839,0.2143,0.5392,0.7071,0.1643,0.0339,0.3071,1.6375,0.0518,primitive_gap
35b_a3b_moe,base,collapsed_q2_edge,q4_generalist_pair_72_28,adversarial,560,0.2982,0.2071,0.6064,0.8554,0.1857,0.0179,0.4571,1.5607,0.0333,primitive_gap
35b_a3b_moe,base,collapsed_q2_edge,q4_generalist_pair_72_28,boundary,560,0.3696,0.2732,0.6261,0.8607,0.2089,0.0232,0.4518,1.3804,0.1007,none
35b_a3b_moe,base,collapsed_q2_edge,q4_generalist_pair_72_28,coding,560,0.2768,0.2125,0.5589,0.7714,0.2107,0.0286,0.3607,1.5643,0.0365,primitive_gap
35b_a3b_moe,base,collapsed_q2_edge,q4_generalist_pair_72_28,epistemic,560,0.2768,0.2089,0.5807,0.7982,0.1982,0.0107,0.4536,1.2679,0.0476,none
35b_a3b_moe,base,collapsed_q2_edge,q4_generalist_pair_72_28,forensic,560,0.2839,0.2071,0.5576,0.8554,0.2196,0.0268,0.4107,1.5804,0.024,primitive_gap
35b_a3b_moe,base,collapsed_q2_edge,q4_generalist_pair_72_28,generalist,560,0.2732,0.2036,0.5744,0.7339,0.2125,0.0286,0.3946,1.3054,0.0373,cascade
35b_a3b_moe,base,collapsed_q2_edge,q4_generalist_pair_72_28,math,560,0.2661,0.2054,0.5566,0.7571,0.1964,0.0196,0.3946,1.6732,0.0273,primitive_gap
35b_a3b_moe,base,collapsed_q2_edge,q4_generalist_pair_72_28,planning,560,0.3536,0.2768,0.6091,0.7804,0.1893,0.0071,0.3429,1.3107,0.1256,none
35b_a3b_moe,base,collapsed_q2_edge,q4_generalist_pair_72_28,rhetoric,560,0.2268,0.1839,0.5249,0.7375,0.2196,0.0179,0.4071,1.6768,-0.0019,primitive_gap
35b_a3b_moe,base,collapsed_q2_edge,q4_generalist_pair_72_28,spatial,560,0.3071,0.2571,0.5788,0.7679,0.1804,0.0268,0.3089,1.4536,0.1003,none
35b_a3b_moe,base,damaged_q2,q2_amplifier_low_echo,adversarial,560,0.8625,0.4625,0.9024,0.9875,0.1,0.2821,0.35,0.0696,0.3446,none
35b_a3b_moe,base,damaged_q2,q2_amplifier_low_echo,boundary,560,0.8768,0.4393,0.9078,0.9911,0.0911,0.3232,0.3446,0.0464,0.3174,none
35b_a3b_moe,base,damaged_q2,q2_amplifier_low_echo,coding,560,0.8661,0.4929,0.9132,0.9946,0.1089,0.2607,0.2554,0.05,0.3851,none
35b_a3b_moe,base,damaged_q2,q2_amplifier_low_echo,epistemic,560,0.8625,0.4768,0.9082,0.9857,0.0875,0.275,0.3643,0.0589,0.3634,none
35b_a3b_moe,base,damaged_q2,q2_amplifier_low_echo,forensic,560,0.8964,0.4536,0.9175,0.9911,0.075,0.2893,0.3554,0.0429,0.3426,none
35b_a3b_moe,base,damaged_q2,q2_amplifier_low_echo,generalist,560,0.8411,0.4339,0.8986,0.9625,0.1,0.2661,0.375,0.05,0.3182,none
35b_a3b_moe,base,damaged_q2,q2_amplifier_low_echo,math,560,0.8643,0.4661,0.9091,0.9714,0.0964,0.2536,0.3464,0.0518,0.3561,none
35b_a3b_moe,base,damaged_q2,q2_amplifier_low_echo,planning,560,0.8964,0.5214,0.9186,0.9821,0.0732,0.2625,0.2786,0.0518,0.4221,none
35b_a3b_moe,base,damaged_q2,q2_amplifier_low_echo,rhetoric,560,0.8786,0.4411,0.9119,0.9714,0.075,0.2929,0.3482,0.0554,0.3294,none
35b_a3b_moe,base,damaged_q2,q2_amplifier_low_echo,spatial,560,0.8786,0.4911,0.9163,0.9839,0.0786,0.2571,0.2929,0.0661,0.3893,none
35b_a3b_moe,base,damaged_q2,q3_routed_tri_68,adversarial,560,0.8732,0.6375,0.931,0.9875,0.1107,0.05,0.2875,0.0607,0.5682,none
35b_a3b_moe,base,damaged_q2,q3_routed_tri_68,boundary,560,0.9018,0.6268,0.9381,0.9893,0.0839,0.0429,0.3429,0.0464,0.5633,none
35b_a3b_moe,base,damaged_q2,q3_routed_tri_68,coding,560,0.8375,0.6375,0.9136,0.9589,0.1125,0.0464,0.2482,0.1232,0.5684,none
35b_a3b_moe,base,damaged_q2,q3_routed_tri_68,epistemic,560,0.8339,0.5964,0.9099,0.975,0.1036,0.0304,0.3304,0.1321,0.5262,none
35b_a3b_moe,base,damaged_q2,q3_routed_tri_68,forensic,560,0.8661,0.6107,0.9182,0.9946,0.0821,0.0393,0.3411,0.1643,0.5427,none
35b_a3b_moe,base,damaged_q2,q3_routed_tri_68,generalist,560,0.8196,0.6,0.9046,0.9554,0.1107,0.0375,0.3214,0.1339,0.5269,none
35b_a3b_moe,base,damaged_q2,q3_routed_tri_68,math,560,0.825,0.5768,0.896,0.95,0.1036,0.0321,0.3554,0.2107,0.5003,none
35b_a3b_moe,base,damaged_q2,q3_routed_tri_68,planning,560,0.8482,0.6393,0.9153,0.9482,0.0875,0.0304,0.2643,0.1321,0.5792,none
35b_a3b_moe,base,damaged_q2,q3_routed_tri_68,rhetoric,560,0.8071,0.5982,0.8944,0.9304,0.0946,0.0393,0.3196,0.2018,0.5263,none
35b_a3b_moe,base,damaged_q2,q3_routed_tri_68,spatial,560,0.8554,0.6143,0.9139,0.9446,0.075,0.0393,0.2857,0.1589,0.5531,none
35b_a3b_moe,base,damaged_q2,q3_stability_tri_72,adversarial,560,0.8964,0.6589,0.9396,0.9893,0.0911,0.0446,0.275,0.0571,0.5978,none
35b_a3b_moe,base,damaged_q2,q3_stability_tri_72,boundary,560,0.8821,0.6268,0.931,0.9911,0.0964,0.0482,0.3179,0.0768,0.5589,none
35b_a3b_moe,base,damaged_q2,q3_stability_tri_72,coding,560,0.8643,0.65,0.9223,0.9554,0.0964,0.0464,0.2304,0.1089,0.5879,none
35b_a3b_moe,base,damaged_q2,q3_stability_tri_72,epistemic,560,0.8839,0.6375,0.9305,0.975,0.0589,0.0196,0.3143,0.1071,0.5854,none
35b_a3b_moe,base,damaged_q2,q3_stability_tri_72,forensic,560,0.8839,0.6339,0.928,0.9929,0.0964,0.0321,0.2929,0.1071,0.5698,none
35b_a3b_moe,base,damaged_q2,q3_stability_tri_72,generalist,560,0.8179,0.5804,0.8997,0.9179,0.0839,0.0625,0.3196,0.1571,0.5093,none
35b_a3b_moe,base,damaged_q2,q3_stability_tri_72,math,560,0.8196,0.5768,0.8859,0.9089,0.0857,0.0393,0.3482,0.25,0.5029,none
35b_a3b_moe,base,damaged_q2,q3_stability_tri_72,planning,560,0.85,0.6429,0.9153,0.95,0.1018,0.0339,0.2661,0.1196,0.5783,none
35b_a3b_moe,base,damaged_q2,q3_stability_tri_72,rhetoric,560,0.8304,0.5875,0.8968,0.925,0.0875,0.0339,0.3179,0.1964,0.5192,none
35b_a3b_moe,base,damaged_q2,q3_stability_tri_72,spatial,560,0.8571,0.6518,0.9178,0.9536,0.0929,0.0268,0.2464,0.1339,0.5922,none
35b_a3b_moe,base,damaged_q2,q4_boundary_pair_72_28,adversarial,560,0.8161,0.5929,0.9074,0.9911,0.125,0.0429,0.3036,0.1643,0.5143,none
35b_a3b_moe,base,damaged_q2,q4_boundary_pair_72_28,boundary,560,0.8482,0.575,0.9127,0.9911,0.1375,0.0446,0.3536,0.1,0.4915,none
35b_a3b_moe,base,damaged_q2,q4_boundary_pair_72_28,coding,560,0.6232,0.475,0.7851,0.8214,0.1018,0.0304,0.2679,0.6393,0.385,none
35b_a3b_moe,base,damaged_q2,q4_boundary_pair_72_28,epistemic,560,0.5571,0.4393,0.7571,0.7929,0.1161,0.0143,0.3286,0.6089,0.3449,none
35b_a3b_moe,base,damaged_q2,q4_boundary_pair_72_28,forensic,560,0.7214,0.5357,0.8317,0.9857,0.1161,0.025,0.3232,0.5214,0.444,none
35b_a3b_moe,base,damaged_q2,q4_boundary_pair_72_28,generalist,560,0.5429,0.4321,0.7545,0.775,0.1179,0.0268,0.2804,0.65,0.3365,none
35b_a3b_moe,base,damaged_q2,q4_boundary_pair_72_28,math,560,0.5036,0.3732,0.7154,0.7964,0.1232,0.0321,0.3714,0.9857,0.2508,none
35b_a3b_moe,base,damaged_q2,q4_boundary_pair_72_28,planning,560,0.6661,0.5161,0.79,0.8268,0.1071,0.0268,0.2714,0.6,0.4269,none
35b_a3b_moe,base,damaged_q2,q4_boundary_pair_72_28,rhetoric,560,0.5304,0.4036,0.72,0.8018,0.1554,0.0375,0.3196,0.8554,0.2811,none
35b_a3b_moe,base,damaged_q2,q4_boundary_pair_72_28,spatial,560,0.5929,0.4821,0.7485,0.8268,0.1143,0.0286,0.2036,0.7929,0.3862,none
35b_a3b_moe,base,damaged_q2,q4_generalist_pair_72_28,adversarial,560,0.7304,0.4946,0.8447,0.975,0.1286,0.0268,0.3732,0.4875,0.3965,none
35b_a3b_moe,base,damaged_q2,q4_generalist_pair_72_28,boundary,560,0.6946,0.4839,0.8289,0.9804,0.1661,0.025,0.3786,0.4946,0.3741,none
35b_a3b_moe,base,damaged_q2,q4_generalist_pair_72_28,coding,560,0.6196,0.4768,0.7842,0.9018,0.1179,0.0286,0.2768,0.7018,0.3785,none
35b_a3b_moe,base,damaged_q2,q4_generalist_pair_72_28,epistemic,560,0.6304,0.4643,0.8135,0.9339,0.1054,0.0107,0.3625,0.5179,0.3756,none
35b_a3b_moe,base,damaged_q2,q4_generalist_pair_72_28,forensic,560,0.6429,0.4875,0.7944,0.975,0.1232,0.0214,0.3321,0.7143,0.384,none
35b_a3b_moe,base,damaged_q2,q4_generalist_pair_72_28,generalist,560,0.6,0.45,0.7878,0.8982,0.1268,0.0232,0.35,0.6054,0.3491,none
35b_a3b_moe,base,damaged_q2,q4_generalist_pair_72_28,math,560,0.6107,0.4643,0.7807,0.9,0.1161,0.0232,0.3232,0.7696,0.3605,none
35b_a3b_moe,base,damaged_q2,q4_generalist_pair_72_28,planning,560,0.725,0.5911,0.8318,0.9196,0.0982,0.0179,0.2518,0.5286,0.5115,none
35b_a3b_moe,base,damaged_q2,q4_generalist_pair_72_28,rhetoric,560,0.6089,0.4696,0.7787,0.8964,0.1071,0.0089,0.3411,0.7375,0.3716,none
35b_a3b_moe,base,damaged_q2,q4_generalist_pair_72_28,spatial,560,0.6589,0.5214,0.8039,0.8982,0.0929,0.025,0.2661,0.6446,0.4351,none
35b_a3b_moe,base,damaged_q3,q2_amplifier_low_echo,adversarial,560,0.8786,0.5018,0.9167,0.9857,0.0786,0.2911,0.275,0.0518,0.3954,none
35b_a3b_moe,base,damaged_q3,q2_amplifier_low_echo,boundary,560,0.8875,0.4589,0.916,0.9857,0.0821,0.3036,0.2857,0.0429,0.3486,none
35b_a3b_moe,base,damaged_q3,q2_amplifier_low_echo,coding,560,0.9018,0.5036,0.9225,0.9929,0.0679,0.2964,0.2482,0.05,0.4016,none
35b_a3b_moe,base,damaged_q3,q2_amplifier_low_echo,epistemic,560,0.9036,0.5268,0.9274,0.9982,0.0732,0.275,0.2625,0.0429,0.4267,none
35b_a3b_moe,base,damaged_q3,q2_amplifier_low_echo,forensic,560,0.8911,0.5125,0.9219,0.9839,0.0732,0.3036,0.2268,0.0571,0.4088,none
35b_a3b_moe,base,damaged_q3,q2_amplifier_low_echo,generalist,560,0.8911,0.4911,0.921,0.9911,0.0804,0.3143,0.2357,0.0268,0.3839,none
35b_a3b_moe,base,damaged_q3,q2_amplifier_low_echo,math,560,0.9071,0.5125,0.9283,0.9911,0.0679,0.2643,0.2482,0.0536,0.4167,none
35b_a3b_moe,base,damaged_q3,q2_amplifier_low_echo,planning,560,0.9089,0.5304,0.9281,0.9911,0.0589,0.275,0.2214,0.0464,0.4376,none
35b_a3b_moe,base,damaged_q3,q2_amplifier_low_echo,rhetoric,560,0.9071,0.5125,0.9287,0.9893,0.0625,0.2696,0.2786,0.0411,0.4155,none
35b_a3b_moe,base,damaged_q3,q2_amplifier_low_echo,spatial,560,0.9161,0.5375,0.9306,0.9946,0.0643,0.3036,0.2054,0.0464,0.4388,none
35b_a3b_moe,base,damaged_q3,q3_routed_tri_68,adversarial,560,0.9196,0.7304,0.9524,0.9875,0.0643,0.0446,0.2054,0.0589,0.6828,none
35b_a3b_moe,base,damaged_q3,q3_routed_tri_68,boundary,560,0.9071,0.7,0.9488,0.9839,0.0732,0.0411,0.2196,0.0446,0.65,none
35b_a3b_moe,base,damaged_q3,q3_routed_tri_68,coding,560,0.9321,0.7321,0.9572,0.9875,0.0554,0.0393,0.1893,0.0446,0.6903,none
35b_a3b_moe,base,damaged_q3,q3_routed_tri_68,epistemic,560,0.9143,0.7036,0.9522,0.9875,0.0643,0.0357,0.2232,0.0411,0.6572,none
35b_a3b_moe,base,damaged_q3,q3_routed_tri_68,forensic,560,0.9375,0.7643,0.9601,0.9839,0.0518,0.025,0.1857,0.0339,0.7272,none
35b_a3b_moe,base,damaged_q3,q3_routed_tri_68,generalist,560,0.9179,0.7071,0.9546,0.9964,0.0554,0.0643,0.1982,0.0571,0.659,none
35b_a3b_moe,base,damaged_q3,q3_routed_tri_68,math,560,0.9571,0.7393,0.9625,0.9911,0.0357,0.0357,0.2482,0.0393,0.6996,none
35b_a3b_moe,base,damaged_q3,q3_routed_tri_68,planning,560,0.9446,0.7357,0.9613,0.9893,0.0375,0.0375,0.2089,0.0429,0.6981,none
35b_a3b_moe,base,damaged_q3,q3_routed_tri_68,rhetoric,560,0.9125,0.6946,0.9493,0.9929,0.0679,0.0429,0.2446,0.0554,0.6434,none
35b_a3b_moe,base,damaged_q3,q3_routed_tri_68,spatial,560,0.9125,0.7429,0.9516,0.9804,0.0732,0.0375,0.1714,0.0464,0.6974,none
35b_a3b_moe,base,damaged_q3,q3_stability_tri_72,adversarial,560,0.9286,0.7107,0.9544,0.9929,0.0571,0.0607,0.2107,0.0607,0.6615,none
35b_a3b_moe,base,damaged_q3,q3_stability_tri_72,boundary,560,0.9446,0.7143,0.9612,0.9964,0.0429,0.0536,0.2089,0.05,0.6715,none
35b_a3b_moe,base,damaged_q3,q3_stability_tri_72,coding,560,0.9304,0.6982,0.9568,0.9875,0.0589,0.0536,0.2161,0.0321,0.6509,none
35b_a3b_moe,base,damaged_q3,q3_stability_tri_72,epistemic,560,0.9161,0.7018,0.9521,0.9839,0.0571,0.0232,0.2375,0.0446,0.6588,none
35b_a3b_moe,base,damaged_q3,q3_stability_tri_72,forensic,560,0.9214,0.7179,0.9531,0.9821,0.0661,0.0393,0.2054,0.0357,0.672,none
35b_a3b_moe,base,damaged_q3,q3_stability_tri_72,generalist,560,0.9321,0.7268,0.961,0.9929,0.0446,0.0429,0.2161,0.0339,0.6858,none
35b_a3b_moe,base,damaged_q3,q3_stability_tri_72,math,560,0.9214,0.7179,0.9543,0.9839,0.0571,0.0375,0.2304,0.0411,0.6727,none
35b_a3b_moe,base,damaged_q3,q3_stability_tri_72,planning,560,0.95,0.7821,0.9647,0.9839,0.0411,0.0304,0.1589,0.0357,0.7492,none
35b_a3b_moe,base,damaged_q3,q3_stability_tri_72,rhetoric,560,0.925,0.7196,0.956,0.9875,0.0536,0.0268,0.2179,0.0464,0.6785,none
35b_a3b_moe,base,damaged_q3,q3_stability_tri_72,spatial,560,0.9196,0.7339,0.9518,0.9964,0.0661,0.0286,0.2054,0.0589,0.689,none
35b_a3b_moe,base,damaged_q3,q4_boundary_pair_72_28,adversarial,560,0.9286,0.7411,0.9559,0.9911,0.0643,0.0393,0.1929,0.0464,0.6962,none
35b_a3b_moe,base,damaged_q3,q4_boundary_pair_72_28,boundary,560,0.9,0.6893,0.9482,0.9911,0.0821,0.0554,0.2,0.0482,0.6352,none
35b_a3b_moe,base,damaged_q3,q4_boundary_pair_72_28,coding,560,0.9179,0.7518,0.9541,0.9839,0.0607,0.0411,0.1625,0.0571,0.7095,none
35b_a3b_moe,base,damaged_q3,q4_boundary_pair_72_28,epistemic,560,0.9125,0.6875,0.9523,0.9911,0.0518,0.0196,0.2536,0.0482,0.6453,none
35b_a3b_moe,base,damaged_q3,q4_boundary_pair_72_28,forensic,560,0.9357,0.725,0.9579,0.9911,0.0518,0.0393,0.2232,0.0429,0.6816,none
35b_a3b_moe,base,damaged_q3,q4_boundary_pair_72_28,generalist,560,0.8964,0.6768,0.9471,0.9732,0.0571,0.0393,0.2161,0.0589,0.6316,none
35b_a3b_moe,base,damaged_q3,q4_boundary_pair_72_28,math,560,0.9018,0.6786,0.9442,0.9839,0.0679,0.0196,0.2589,0.0679,0.6302,none
35b_a3b_moe,base,damaged_q3,q4_boundary_pair_72_28,planning,560,0.9232,0.7768,0.9552,0.9821,0.0571,0.0304,0.1554,0.0536,0.7385,none
35b_a3b_moe,base,damaged_q3,q4_boundary_pair_72_28,rhetoric,560,0.9018,0.7036,0.9475,0.9804,0.0661,0.0339,0.2161,0.0625,0.6566,none
35b_a3b_moe,base,damaged_q3,q4_boundary_pair_72_28,spatial,560,0.9179,0.725,0.9497,0.9857,0.0679,0.0286,0.1946,0.0625,0.6802,none
35b_a3b_moe,base,damaged_q3,q4_generalist_pair_72_28,adversarial,560,0.925,0.6893,0.9517,0.9911,0.0571,0.0286,0.2411,0.0589,0.6442,none
35b_a3b_moe,base,damaged_q3,q4_generalist_pair_72_28,boundary,560,0.9089,0.675,0.9428,0.9929,0.0714,0.025,0.2732,0.0768,0.6229,none
35b_a3b_moe,base,damaged_q3,q4_generalist_pair_72_28,coding,560,0.9357,0.7286,0.9545,0.9929,0.0571,0.0143,0.2304,0.05,0.6876,none
35b_a3b_moe,base,damaged_q3,q4_generalist_pair_72_28,epistemic,560,0.9196,0.7196,0.9546,0.9893,0.0554,0.0161,0.2357,0.0411,0.6789,none
35b_a3b_moe,base,damaged_q3,q4_generalist_pair_72_28,forensic,560,0.8946,0.7125,0.9464,0.9911,0.0857,0.0321,0.2125,0.0482,0.6609,none
35b_a3b_moe,base,damaged_q3,q4_generalist_pair_72_28,generalist,560,0.9286,0.7071,0.9539,0.9929,0.0536,0.0304,0.2446,0.0464,0.6631,none
35b_a3b_moe,base,damaged_q3,q4_generalist_pair_72_28,math,560,0.9214,0.7036,0.9538,0.9911,0.0661,0.0286,0.2375,0.0357,0.6573,none
35b_a3b_moe,base,damaged_q3,q4_generalist_pair_72_28,planning,560,0.9357,0.75,0.9611,0.9946,0.0554,0.0196,0.1946,0.0321,0.7123,none
35b_a3b_moe,base,damaged_q3,q4_generalist_pair_72_28,rhetoric,560,0.9196,0.7,0.9517,0.9875,0.0607,0.0179,0.2411,0.05,0.6564,none
35b_a3b_moe,base,damaged_q3,q4_generalist_pair_72_28,spatial,560,0.9411,0.7321,0.959,0.9929,0.0464,0.0268,0.2179,0.0482,0.693,none
35b_a3b_moe,base,damaged_q4,q2_amplifier_low_echo,adversarial,560,0.9125,0.5339,0.9257,0.9857,0.0446,0.3232,0.2089,0.0661,0.4359,none
35b_a3b_moe,base,damaged_q4,q2_amplifier_low_echo,boundary,560,0.9071,0.5036,0.9231,0.9911,0.0696,0.3161,0.2,0.0518,0.4009,none
35b_a3b_moe,base,damaged_q4,q2_amplifier_low_echo,coding,560,0.9161,0.5268,0.9298,0.9946,0.0571,0.2964,0.2018,0.0446,0.432,none
35b_a3b_moe,base,damaged_q4,q2_amplifier_low_echo,epistemic,560,0.9018,0.5161,0.925,0.9964,0.075,0.2804,0.2536,0.0464,0.4149,none
35b_a3b_moe,base,damaged_q4,q2_amplifier_low_echo,forensic,560,0.9089,0.5357,0.9264,0.9911,0.0696,0.3054,0.1946,0.0589,0.4352,none
35b_a3b_moe,base,damaged_q4,q2_amplifier_low_echo,generalist,560,0.9036,0.5518,0.9287,0.9875,0.0518,0.2821,0.225,0.0464,0.4595,none
35b_a3b_moe,base,damaged_q4,q2_amplifier_low_echo,math,560,0.9232,0.5696,0.9382,0.9875,0.0482,0.25,0.2286,0.0429,0.4847,none
35b_a3b_moe,base,damaged_q4,q2_amplifier_low_echo,planning,560,0.9018,0.5571,0.929,0.9893,0.0768,0.2732,0.175,0.0357,0.4637,none
35b_a3b_moe,base,damaged_q4,q2_amplifier_low_echo,rhetoric,560,0.9179,0.5196,0.9316,0.9946,0.05,0.2982,0.2304,0.0571,0.4237,none
35b_a3b_moe,base,damaged_q4,q2_amplifier_low_echo,spatial,560,0.9107,0.5982,0.9383,0.9911,0.0607,0.2393,0.1571,0.0482,0.5172,none
35b_a3b_moe,base,damaged_q4,q3_routed_tri_68,adversarial,560,0.925,0.7446,0.9552,0.9893,0.0643,0.0589,0.1625,0.0571,0.6977,none
35b_a3b_moe,base,damaged_q4,q3_routed_tri_68,boundary,560,0.9375,0.7089,0.9564,0.9839,0.0518,0.0661,0.2143,0.0446,0.6608,none
35b_a3b_moe,base,damaged_q4,q3_routed_tri_68,coding,560,0.9464,0.8161,0.9697,0.9982,0.0393,0.0321,0.1054,0.0482,0.787,none
35b_a3b_moe,base,damaged_q4,q3_routed_tri_68,epistemic,560,0.9268,0.75,0.9565,0.9804,0.0429,0.0179,0.2054,0.0482,0.7147,none
35b_a3b_moe,base,damaged_q4,q3_routed_tri_68,forensic,560,0.9304,0.775,0.958,0.9946,0.0643,0.0196,0.1536,0.0518,0.7369,none
35b_a3b_moe,base,damaged_q4,q3_routed_tri_68,generalist,560,0.95,0.7643,0.9681,0.9964,0.0321,0.0429,0.1821,0.0357,0.7297,none
35b_a3b_moe,base,damaged_q4,q3_routed_tri_68,math,560,0.9554,0.7589,0.9686,0.9911,0.0357,0.0429,0.1857,0.0286,0.7234,none
35b_a3b_moe,base,damaged_q4,q3_routed_tri_68,planning,560,0.95,0.8,0.9643,0.9893,0.0393,0.0339,0.1375,0.05,0.7679,none
35b_a3b_moe,base,damaged_q4,q3_routed_tri_68,rhetoric,560,0.925,0.7625,0.9589,0.9929,0.0518,0.0214,0.1714,0.0554,0.7262,none
35b_a3b_moe,base,damaged_q4,q3_routed_tri_68,spatial,560,0.9536,0.8018,0.965,0.9946,0.0286,0.0321,0.1393,0.0679,0.7722,none
35b_a3b_moe,base,damaged_q4,q3_stability_tri_72,adversarial,560,0.9375,0.7714,0.9603,0.9929,0.0464,0.0304,0.175,0.0607,0.7344,none
35b_a3b_moe,base,damaged_q4,q3_stability_tri_72,boundary,560,0.9214,0.7536,0.9543,0.9786,0.0643,0.0482,0.1732,0.0411,0.7087,none
35b_a3b_moe,base,damaged_q4,q3_stability_tri_72,coding,560,0.9214,0.7625,0.9591,0.9929,0.0536,0.0411,0.1446,0.0589,0.7237,none
35b_a3b_moe,base,damaged_q4,q3_stability_tri_72,epistemic,560,0.9411,0.7643,0.9647,0.9929,0.0429,0.0268,0.175,0.0375,0.7302,none
35b_a3b_moe,base,damaged_q4,q3_stability_tri_72,forensic,560,0.9375,0.7857,0.9635,0.9893,0.0536,0.0304,0.1589,0.0304,0.7493,none
35b_a3b_moe,base,damaged_q4,q3_stability_tri_72,generalist,560,0.925,0.7839,0.9608,0.9893,0.0482,0.0339,0.1357,0.0554,0.7491,none
35b_a3b_moe,base,damaged_q4,q3_stability_tri_72,math,560,0.9429,0.7804,0.96,0.9929,0.0411,0.0268,0.175,0.0732,0.745,none
35b_a3b_moe,base,damaged_q4,q3_stability_tri_72,planning,560,0.9375,0.8,0.9631,0.9964,0.0446,0.025,0.1393,0.0607,0.7674,none
35b_a3b_moe,base,damaged_q4,q3_stability_tri_72,rhetoric,560,0.9464,0.7768,0.9641,0.9857,0.0393,0.0304,0.1518,0.05,0.7443,none
35b_a3b_moe,base,damaged_q4,q3_stability_tri_72,spatial,560,0.9464,0.8143,0.9698,0.9929,0.0446,0.0357,0.1196,0.0321,0.7826,none
35b_a3b_moe,base,damaged_q4,q4_boundary_pair_72_28,adversarial,560,0.9268,0.7893,0.9591,0.9946,0.0536,0.0339,0.1304,0.0714,0.7524,none
35b_a3b_moe,base,damaged_q4,q4_boundary_pair_72_28,boundary,560,0.9304,0.7643,0.9561,0.9929,0.0554,0.0339,0.1714,0.0661,0.7239,none
35b_a3b_moe,base,damaged_q4,q4_boundary_pair_72_28,coding,560,0.9357,0.7839,0.9605,0.9857,0.0429,0.0286,0.1536,0.0571,0.7502,none
35b_a3b_moe,base,damaged_q4,q4_boundary_pair_72_28,epistemic,560,0.9018,0.7411,0.9506,0.9839,0.0696,0.0161,0.1929,0.0446,0.6993,none
35b_a3b_moe,base,damaged_q4,q4_boundary_pair_72_28,forensic,560,0.9393,0.7679,0.961,0.9929,0.0482,0.0286,0.175,0.05,0.7312,none
35b_a3b_moe,base,damaged_q4,q4_boundary_pair_72_28,generalist,560,0.9179,0.725,0.9553,0.9875,0.0518,0.0464,0.1893,0.0518,0.6824,none
35b_a3b_moe,base,damaged_q4,q4_boundary_pair_72_28,math,560,0.9393,0.7571,0.9622,0.9929,0.0518,0.0304,0.1857,0.0393,0.7187,none
35b_a3b_moe,base,damaged_q4,q4_boundary_pair_72_28,planning,560,0.9321,0.7536,0.9561,0.9857,0.0589,0.0446,0.1571,0.0536,0.7117,none
35b_a3b_moe,base,damaged_q4,q4_boundary_pair_72_28,rhetoric,560,0.9357,0.7589,0.9612,0.9964,0.0393,0.0286,0.1857,0.0625,0.7234,none
35b_a3b_moe,base,damaged_q4,q4_boundary_pair_72_28,spatial,560,0.9429,0.7893,0.9653,0.9946,0.0464,0.0339,0.1393,0.0464,0.7551,none
35b_a3b_moe,base,damaged_q4,q4_generalist_pair_72_28,adversarial,560,0.9143,0.7625,0.957,0.9929,0.0554,0.0232,0.1536,0.0643,0.7258,none
35b_a3b_moe,base,damaged_q4,q4_generalist_pair_72_28,boundary,560,0.9304,0.7714,0.9593,0.9946,0.0554,0.0339,0.1643,0.0554,0.7321,none
35b_a3b_moe,base,damaged_q4,q4_generalist_pair_72_28,coding,560,0.9357,0.7982,0.9656,0.9946,0.0375,0.0196,0.15,0.0518,0.7684,none
35b_a3b_moe,base,damaged_q4,q4_generalist_pair_72_28,epistemic,560,0.9321,0.7571,0.9585,0.9929,0.0446,0.0107,0.1964,0.0536,0.7232,none
35b_a3b_moe,base,damaged_q4,q4_generalist_pair_72_28,forensic,560,0.9321,0.7911,0.9609,0.9857,0.0589,0.0179,0.1446,0.0339,0.7566,none
35b_a3b_moe,base,damaged_q4,q4_generalist_pair_72_28,generalist,560,0.9339,0.75,0.963,0.9982,0.0411,0.0429,0.1679,0.05,0.7132,none
35b_a3b_moe,base,damaged_q4,q4_generalist_pair_72_28,math,560,0.9607,0.7446,0.9652,0.9946,0.0232,0.0214,0.2321,0.0518,0.7122,none
35b_a3b_moe,base,damaged_q4,q4_generalist_pair_72_28,planning,560,0.9607,0.8232,0.9718,0.9946,0.0304,0.0161,0.1304,0.0393,0.7985,none
35b_a3b_moe,base,damaged_q4,q4_generalist_pair_72_28,rhetoric,560,0.9589,0.7625,0.9674,0.9929,0.0339,0.0143,0.2179,0.0268,0.7307,none
35b_a3b_moe,base,damaged_q4,q4_generalist_pair_72_28,spatial,560,0.9554,0.8071,0.9654,0.9911,0.0375,0.025,0.1393,0.0589,0.7768,none
35b_a3b_moe,base,healthy_q6,q2_amplifier_low_echo,adversarial,560,0.9268,0.5536,0.9342,0.9911,0.05,0.3036,0.1714,0.0411,0.4621,none
35b_a3b_moe,base,healthy_q6,q2_amplifier_low_echo,boundary,560,0.9304,0.5661,0.9342,0.9893,0.0429,0.3179,0.1625,0.0518,0.4741,none
35b_a3b_moe,base,healthy_q6,q2_amplifier_low_echo,coding,560,0.9339,0.5839,0.9386,0.9964,0.0482,0.2714,0.1571,0.0482,0.5002,none
35b_a3b_moe,base,healthy_q6,q2_amplifier_low_echo,epistemic,560,0.925,0.5339,0.937,0.9982,0.0429,0.2982,0.2018,0.05,0.4428,none
35b_a3b_moe,base,healthy_q6,q2_amplifier_low_echo,forensic,560,0.9089,0.575,0.9358,0.9964,0.0625,0.2732,0.1696,0.0464,0.4857,none
35b_a3b_moe,base,healthy_q6,q2_amplifier_low_echo,generalist,560,0.8929,0.5696,0.9281,0.9911,0.0714,0.2625,0.1625,0.0571,0.4799,none
35b_a3b_moe,base,healthy_q6,q2_amplifier_low_echo,math,560,0.9071,0.5286,0.9288,0.9893,0.0679,0.2911,0.2125,0.05,0.4305,none
35b_a3b_moe,base,healthy_q6,q2_amplifier_low_echo,planning,560,0.9232,0.5732,0.9329,0.9911,0.0571,0.2661,0.1714,0.05,0.4866,none
35b_a3b_moe,base,healthy_q6,q2_amplifier_low_echo,rhetoric,560,0.9268,0.5554,0.9359,0.9911,0.0464,0.2929,0.1911,0.0554,0.4648,none
35b_a3b_moe,base,healthy_q6,q2_amplifier_low_echo,spatial,560,0.9321,0.5804,0.9415,0.9929,0.05,0.2857,0.1536,0.0375,0.4941,none
35b_a3b_moe,base,healthy_q6,q3_routed_tri_68,adversarial,560,0.9429,0.8143,0.9648,0.9821,0.0446,0.0375,0.1232,0.0446,0.7813,none
35b_a3b_moe,base,healthy_q6,q3_routed_tri_68,boundary,560,0.9518,0.7893,0.9678,0.9875,0.0304,0.0625,0.1232,0.0554,0.7551,none
35b_a3b_moe,base,healthy_q6,q3_routed_tri_68,coding,560,0.975,0.8143,0.9704,0.9804,0.0143,0.0321,0.1357,0.0536,0.79,none
35b_a3b_moe,base,healthy_q6,q3_routed_tri_68,epistemic,560,0.9393,0.7929,0.9663,0.9946,0.0393,0.0232,0.1571,0.0411,0.7618,none
35b_a3b_moe,base,healthy_q6,q3_routed_tri_68,forensic,560,0.9464,0.8268,0.9675,0.9875,0.0393,0.0357,0.1036,0.0482,0.7972,none
35b_a3b_moe,base,healthy_q6,q3_routed_tri_68,generalist,560,0.9536,0.8,0.9719,0.9911,0.0232,0.0357,0.1339,0.0393,0.7732,none
35b_a3b_moe,base,healthy_q6,q3_routed_tri_68,math,560,0.95,0.7768,0.9667,0.9964,0.0304,0.0429,0.1643,0.0607,0.7429,none
35b_a3b_moe,base,healthy_q6,q3_routed_tri_68,planning,560,0.9643,0.8232,0.9713,0.9929,0.0268,0.0429,0.1071,0.0518,0.7954,none
35b_a3b_moe,base,healthy_q6,q3_routed_tri_68,rhetoric,560,0.9696,0.7964,0.9719,0.9964,0.0214,0.0393,0.1536,0.05,0.7674,none
35b_a3b_moe,base,healthy_q6,q3_routed_tri_68,spatial,560,0.9625,0.8357,0.9722,0.9857,0.0232,0.0464,0.0964,0.05,0.8093,none
35b_a3b_moe,base,healthy_q6,q3_stability_tri_72,adversarial,560,0.9411,0.8196,0.966,0.9911,0.0464,0.0446,0.0893,0.0589,0.7867,none
35b_a3b_moe,base,healthy_q6,q3_stability_tri_72,boundary,560,0.9696,0.8125,0.9732,0.9893,0.0214,0.0571,0.1196,0.0429,0.7829,none
35b_a3b_moe,base,healthy_q6,q3_stability_tri_72,coding,560,0.9589,0.8393,0.9731,0.9911,0.0232,0.0393,0.1,0.0482,0.8141,none
35b_a3b_moe,base,healthy_q6,q3_stability_tri_72,epistemic,560,0.9393,0.7786,0.968,0.9964,0.0357,0.0482,0.1446,0.0411,0.7446,none
35b_a3b_moe,base,healthy_q6,q3_stability_tri_72,forensic,560,0.9732,0.8375,0.9777,0.9875,0.0179,0.0375,0.1107,0.0304,0.8143,none
35b_a3b_moe,base,healthy_q6,q3_stability_tri_72,generalist,560,0.9464,0.7732,0.9657,0.9911,0.0286,0.0464,0.1589,0.0518,0.7401,none
35b_a3b_moe,base,healthy_q6,q3_stability_tri_72,math,560,0.9571,0.7875,0.9658,0.9929,0.0321,0.0482,0.1607,0.0625,0.7522,none
35b_a3b_moe,base,healthy_q6,q3_stability_tri_72,planning,560,0.9393,0.8161,0.9631,0.9946,0.0393,0.0411,0.1161,0.0661,0.7835,none
35b_a3b_moe,base,healthy_q6,q3_stability_tri_72,rhetoric,560,0.9571,0.7875,0.9673,0.9839,0.0232,0.0446,0.1429,0.0589,0.7572,none
35b_a3b_moe,base,healthy_q6,q3_stability_tri_72,spatial,560,0.9661,0.8411,0.9738,0.9839,0.0268,0.0286,0.1071,0.0321,0.8171,none
35b_a3b_moe,base,healthy_q6,q4_boundary_pair_72_28,adversarial,560,0.9482,0.7804,0.9645,0.9929,0.0339,0.0393,0.1339,0.0732,0.7479,none
35b_a3b_moe,base,healthy_q6,q4_boundary_pair_72_28,boundary,560,0.9571,0.8018,0.9665,0.9875,0.0339,0.0429,0.1304,0.0571,0.7697,none
35b_a3b_moe,base,healthy_q6,q4_boundary_pair_72_28,coding,560,0.9625,0.8214,0.9717,0.9946,0.0268,0.0375,0.1214,0.05,0.7937,none
35b_a3b_moe,base,healthy_q6,q4_boundary_pair_72_28,epistemic,560,0.95,0.7661,0.9689,0.9929,0.025,0.025,0.1857,0.0375,0.7368,none
35b_a3b_moe,base,healthy_q6,q4_boundary_pair_72_28,forensic,560,0.9518,0.8375,0.97,0.9911,0.0304,0.0357,0.1,0.0554,0.8105,none
35b_a3b_moe,base,healthy_q6,q4_boundary_pair_72_28,generalist,560,0.9321,0.7929,0.9658,0.9929,0.0446,0.0286,0.1339,0.0393,0.7611,none
35b_a3b_moe,base,healthy_q6,q4_boundary_pair_72_28,math,560,0.9554,0.7661,0.9653,0.9893,0.0339,0.0375,0.1929,0.0446,0.7307,none
35b_a3b_moe,base,healthy_q6,q4_boundary_pair_72_28,planning,560,0.9571,0.85,0.9702,0.9893,0.0304,0.0214,0.1036,0.05,0.8258,none
35b_a3b_moe,base,healthy_q6,q4_boundary_pair_72_28,rhetoric,560,0.9571,0.8125,0.9695,0.9875,0.0304,0.0125,0.1518,0.0393,0.7868,none
35b_a3b_moe,base,healthy_q6,q4_boundary_pair_72_28,spatial,560,0.9589,0.8554,0.9754,0.9893,0.0286,0.0286,0.0893,0.0357,0.8321,none
35b_a3b_moe,base,healthy_q6,q4_generalist_pair_72_28,adversarial,560,0.9411,0.8036,0.9631,0.9875,0.0375,0.0268,0.1286,0.0679,0.7733,none
35b_a3b_moe,base,healthy_q6,q4_generalist_pair_72_28,boundary,560,0.9268,0.7839,0.9608,0.9982,0.0554,0.0339,0.125,0.0643,0.7473,none
35b_a3b_moe,base,healthy_q6,q4_generalist_pair_72_28,coding,560,0.9589,0.8089,0.9715,0.9964,0.0214,0.0268,0.1375,0.05,0.7836,none
35b_a3b_moe,base,healthy_q6,q4_generalist_pair_72_28,epistemic,560,0.9446,0.8304,0.9715,0.9946,0.0321,0.0054,0.1411,0.0321,0.8068,none
35b_a3b_moe,base,healthy_q6,q4_generalist_pair_72_28,forensic,560,0.9661,0.8393,0.9733,0.9964,0.025,0.0179,0.1161,0.0464,0.8166,none
35b_a3b_moe,base,healthy_q6,q4_generalist_pair_72_28,generalist,560,0.9571,0.7929,0.9703,0.9893,0.0214,0.0357,0.1411,0.0464,0.7657,none
35b_a3b_moe,base,healthy_q6,q4_generalist_pair_72_28,math,560,0.9518,0.7911,0.9629,0.9929,0.0339,0.0196,0.1696,0.0732,0.7597,none
35b_a3b_moe,base,healthy_q6,q4_generalist_pair_72_28,planning,560,0.9446,0.8161,0.9658,0.9893,0.0321,0.0214,0.1196,0.0554,0.7898,none
35b_a3b_moe,base,healthy_q6,q4_generalist_pair_72_28,rhetoric,560,0.9536,0.8268,0.9668,0.9964,0.0321,0.0036,0.1357,0.0625,0.8024,none
35b_a3b_moe,base,healthy_q6,q4_generalist_pair_72_28,spatial,560,0.9482,0.8286,0.9661,0.9911,0.0357,0.0357,0.0929,0.0679,0.7999,none
35b_a3b_moe,base,healthy_q8,q2_amplifier_low_echo,adversarial,560,0.9286,0.5679,0.9375,0.9911,0.0429,0.3036,0.1393,0.0554,0.4804,none
35b_a3b_moe,base,healthy_q8,q2_amplifier_low_echo,boundary,560,0.9357,0.5571,0.9371,0.9875,0.0339,0.3125,0.1625,0.05,0.469,none
35b_a3b_moe,base,healthy_q8,q2_amplifier_low_echo,coding,560,0.925,0.6143,0.9395,0.9875,0.0446,0.2696,0.1357,0.05,0.5336,none
35b_a3b_moe,base,healthy_q8,q2_amplifier_low_echo,epistemic,560,0.9161,0.5768,0.9397,0.9911,0.0554,0.2464,0.1643,0.0429,0.4956,none
35b_a3b_moe,base,healthy_q8,q2_amplifier_low_echo,forensic,560,0.9357,0.6054,0.9434,0.9929,0.0393,0.2643,0.1446,0.0482,0.5267,none
35b_a3b_moe,base,healthy_q8,q2_amplifier_low_echo,generalist,560,0.9321,0.5804,0.9411,0.9982,0.0393,0.275,0.1411,0.0518,0.4997,none
35b_a3b_moe,base,healthy_q8,q2_amplifier_low_echo,math,560,0.9232,0.5214,0.9317,0.9893,0.0464,0.2946,0.2321,0.0607,0.427,none
35b_a3b_moe,base,healthy_q8,q2_amplifier_low_echo,planning,560,0.9429,0.5804,0.9427,0.9964,0.0321,0.2804,0.15,0.0429,0.5005,none
35b_a3b_moe,base,healthy_q8,q2_amplifier_low_echo,rhetoric,560,0.9286,0.5589,0.9418,0.9911,0.0321,0.2643,0.2054,0.0518,0.4774,none
35b_a3b_moe,base,healthy_q8,q2_amplifier_low_echo,spatial,560,0.9214,0.5696,0.9349,0.9857,0.0607,0.2857,0.1679,0.0429,0.4787,none
35b_a3b_moe,base,healthy_q8,q3_routed_tri_68,adversarial,560,0.9679,0.8429,0.9702,0.9893,0.025,0.0375,0.0946,0.0696,0.8168,none
35b_a3b_moe,base,healthy_q8,q3_routed_tri_68,boundary,560,0.9679,0.8536,0.9756,0.9857,0.0232,0.0429,0.0875,0.0393,0.8291,none
35b_a3b_moe,base,healthy_q8,q3_routed_tri_68,coding,560,0.9589,0.8179,0.97,0.9929,0.0321,0.0429,0.1179,0.0482,0.7878,none
35b_a3b_moe,base,healthy_q8,q3_routed_tri_68,epistemic,560,0.9446,0.8018,0.9668,0.9875,0.0286,0.025,0.1268,0.0554,0.7753,none
35b_a3b_moe,base,healthy_q8,q3_routed_tri_68,forensic,560,0.9768,0.8232,0.9759,0.9911,0.0125,0.0571,0.1071,0.0482,0.7971,none
35b_a3b_moe,base,healthy_q8,q3_routed_tri_68,generalist,560,0.9643,0.8232,0.9739,0.9929,0.0161,0.0446,0.1125,0.05,0.798,none
35b_a3b_moe,base,healthy_q8,q3_routed_tri_68,math,560,0.9732,0.775,0.969,0.9839,0.0107,0.0393,0.1875,0.0554,0.7462,none
35b_a3b_moe,base,healthy_q8,q3_routed_tri_68,planning,560,0.9661,0.8536,0.9739,0.9964,0.0214,0.0321,0.0946,0.0554,0.8304,none
35b_a3b_moe,base,healthy_q8,q3_routed_tri_68,rhetoric,560,0.9661,0.8518,0.9738,0.9875,0.0179,0.0214,0.1054,0.0518,0.8311,none
35b_a3b_moe,base,healthy_q8,q3_routed_tri_68,spatial,560,0.975,0.8732,0.9751,0.9929,0.0143,0.0196,0.0893,0.0607,0.8548,none
35b_a3b_moe,base,healthy_q8,q3_stability_tri_72,adversarial,560,0.9696,0.8429,0.9746,0.9911,0.0232,0.0304,0.1071,0.0464,0.8189,none
35b_a3b_moe,base,healthy_q8,q3_stability_tri_72,boundary,560,0.95,0.8143,0.9658,0.9911,0.0321,0.0429,0.1143,0.0696,0.7834,none
35b_a3b_moe,base,healthy_q8,q3_stability_tri_72,coding,560,0.9714,0.8393,0.9744,0.9929,0.0196,0.0464,0.0929,0.0554,0.8139,none
35b_a3b_moe,base,healthy_q8,q3_stability_tri_72,epistemic,560,0.9589,0.8357,0.9738,0.9875,0.0196,0.025,0.1107,0.0411,0.8139,none
35b_a3b_moe,base,healthy_q8,q3_stability_tri_72,forensic,560,0.9661,0.8411,0.9729,0.9929,0.025,0.0196,0.125,0.0464,0.8173,none
35b_a3b_moe,base,healthy_q8,q3_stability_tri_72,generalist,560,0.9571,0.8125,0.9726,0.9911,0.0268,0.0554,0.1018,0.0429,0.7831,none
35b_a3b_moe,base,healthy_q8,q3_stability_tri_72,math,560,0.975,0.8107,0.9722,0.9839,0.0089,0.0375,0.175,0.0482,0.7841,none
35b_a3b_moe,base,healthy_q8,q3_stability_tri_72,planning,560,0.9571,0.8107,0.9714,0.9875,0.0214,0.0518,0.1161,0.0464,0.7823,none
35b_a3b_moe,base,healthy_q8,q3_stability_tri_72,rhetoric,560,0.9714,0.8446,0.9738,0.9893,0.0107,0.0321,0.1161,0.0607,0.8227,none
35b_a3b_moe,base,healthy_q8,q3_stability_tri_72,spatial,560,0.9679,0.85,0.9767,0.9929,0.0196,0.0429,0.0893,0.0429,0.8263,none
35b_a3b_moe,base,healthy_q8,q4_boundary_pair_72_28,adversarial,560,0.9607,0.8375,0.9698,0.9821,0.0286,0.0429,0.0982,0.0536,0.8098,none
35b_a3b_moe,base,healthy_q8,q4_boundary_pair_72_28,boundary,560,0.9536,0.8036,0.9678,0.9946,0.0357,0.0446,0.1161,0.0589,0.7717,none
35b_a3b_moe,base,healthy_q8,q4_boundary_pair_72_28,coding,560,0.9589,0.8321,0.9702,0.9946,0.0268,0.0357,0.1018,0.0625,0.8057,none
35b_a3b_moe,base,healthy_q8,q4_boundary_pair_72_28,epistemic,560,0.9446,0.8107,0.9672,0.9875,0.0304,0.0214,0.1357,0.0464,0.7841,none
35b_a3b_moe,base,healthy_q8,q4_boundary_pair_72_28,forensic,560,0.9536,0.8089,0.9697,0.9929,0.0321,0.0339,0.1339,0.0429,0.7796,none
35b_a3b_moe,base,healthy_q8,q4_boundary_pair_72_28,generalist,560,0.9607,0.8232,0.9731,0.9875,0.0179,0.0375,0.1214,0.0429,0.7985,none
35b_a3b_moe,base,healthy_q8,q4_boundary_pair_72_28,math,560,0.9679,0.8375,0.9745,0.9946,0.0179,0.0286,0.1179,0.0536,0.8143,none
35b_a3b_moe,base,healthy_q8,q4_boundary_pair_72_28,planning,560,0.9625,0.875,0.9745,0.9875,0.0268,0.0214,0.0786,0.0411,0.8543,none
35b_a3b_moe,base,healthy_q8,q4_boundary_pair_72_28,rhetoric,560,0.9571,0.8196,0.97,0.9893,0.0232,0.0268,0.1393,0.0536,0.7935,none
35b_a3b_moe,base,healthy_q8,q4_boundary_pair_72_28,spatial,560,0.9589,0.8411,0.9717,0.9946,0.0304,0.0357,0.0964,0.0536,0.8144,none
35b_a3b_moe,base,healthy_q8,q4_generalist_pair_72_28,adversarial,560,0.9518,0.8232,0.9711,0.9964,0.0375,0.0429,0.0929,0.0482,0.7936,none
35b_a3b_moe,base,healthy_q8,q4_generalist_pair_72_28,boundary,560,0.9661,0.8268,0.9731,0.9929,0.0268,0.0393,0.1196,0.0446,0.7991,none
35b_a3b_moe,base,healthy_q8,q4_generalist_pair_72_28,coding,560,0.9714,0.8393,0.9749,0.9964,0.0179,0.0286,0.1161,0.0518,0.8163,none
35b_a3b_moe,base,healthy_q8,q4_generalist_pair_72_28,epistemic,560,0.9518,0.8357,0.9681,0.9875,0.0286,0.0089,0.1375,0.05,0.8119,none
35b_a3b_moe,base,healthy_q8,q4_generalist_pair_72_28,forensic,560,0.9679,0.8536,0.9725,0.9857,0.0232,0.0232,0.0964,0.05,0.8317,none
35b_a3b_moe,base,healthy_q8,q4_generalist_pair_72_28,generalist,560,0.9607,0.8607,0.976,0.9893,0.0107,0.0161,0.1,0.05,0.8438,none
35b_a3b_moe,base,healthy_q8,q4_generalist_pair_72_28,math,560,0.9571,0.8125,0.9687,0.9875,0.0268,0.0196,0.1536,0.05,0.7858,none
35b_a3b_moe,base,healthy_q8,q4_generalist_pair_72_28,planning,560,0.9607,0.8679,0.9708,0.9839,0.0214,0.0179,0.1018,0.0536,0.847,none
35b_a3b_moe,base,healthy_q8,q4_generalist_pair_72_28,rhetoric,560,0.9536,0.8339,0.9719,0.9893,0.0268,0.0107,0.1196,0.0446,0.8119,none
35b_a3b_moe,base,healthy_q8,q4_generalist_pair_72_28,spatial,560,0.9607,0.8375,0.9708,0.9875,0.025,0.0179,0.1196,0.0482,0.8144,none
35b_a3b_moe,base,q8_k_m,q2_amplifier_low_echo,adversarial,560,0.9089,0.55,0.9317,0.9857,0.0589,0.2964,0.1589,0.0464,0.458,none
35b_a3b_moe,base,q8_k_m,q2_amplifier_low_echo,boundary,560,0.9321,0.5875,0.9371,0.9911,0.0446,0.2679,0.1768,0.0464,0.5041,none
35b_a3b_moe,base,q8_k_m,q2_amplifier_low_echo,coding,560,0.9161,0.5768,0.932,0.9857,0.0571,0.2696,0.1607,0.0536,0.4902,none
35b_a3b_moe,base,q8_k_m,q2_amplifier_low_echo,epistemic,560,0.9143,0.5911,0.9396,0.9929,0.0429,0.2482,0.1768,0.0571,0.5116,none
35b_a3b_moe,base,q8_k_m,q2_amplifier_low_echo,forensic,560,0.925,0.5875,0.9414,0.9929,0.0411,0.2946,0.1375,0.0536,0.5026,none
35b_a3b_moe,base,q8_k_m,q2_amplifier_low_echo,generalist,560,0.9196,0.5411,0.9338,0.9875,0.0429,0.3,0.1732,0.0429,0.4522,none
35b_a3b_moe,base,q8_k_m,q2_amplifier_low_echo,math,560,0.9357,0.5446,0.9384,0.9875,0.0429,0.2821,0.2054,0.0446,0.4567,none
35b_a3b_moe,base,q8_k_m,q2_amplifier_low_echo,planning,560,0.9286,0.6143,0.9392,0.9804,0.0393,0.2786,0.1179,0.0482,0.5349,none
35b_a3b_moe,base,q8_k_m,q2_amplifier_low_echo,rhetoric,560,0.9339,0.5786,0.9395,0.9839,0.0446,0.2518,0.1554,0.0589,0.4994,none
35b_a3b_moe,base,q8_k_m,q2_amplifier_low_echo,spatial,560,0.9232,0.6018,0.9449,0.9875,0.0464,0.25,0.1232,0.0446,0.5258,none
35b_a3b_moe,base,q8_k_m,q3_routed_tri_68,adversarial,560,0.9643,0.8339,0.9755,0.9875,0.025,0.0446,0.0964,0.0357,0.808,none
35b_a3b_moe,base,q8_k_m,q3_routed_tri_68,boundary,560,0.9589,0.8357,0.9723,0.9911,0.0268,0.0357,0.1018,0.05,0.8099,none
35b_a3b_moe,base,q8_k_m,q3_routed_tri_68,coding,560,0.9696,0.85,0.973,0.9929,0.0179,0.0464,0.0929,0.0607,0.8249,none
35b_a3b_moe,base,q8_k_m,q3_routed_tri_68,epistemic,560,0.9518,0.8196,0.9728,0.9946,0.0286,0.0304,0.1179,0.0375,0.7937,none
35b_a3b_moe,base,q8_k_m,q3_routed_tri_68,forensic,560,0.9732,0.85,0.9776,0.9929,0.0196,0.0357,0.0946,0.0393,0.8274,none
35b_a3b_moe,base,q8_k_m,q3_routed_tri_68,generalist,560,0.9714,0.8339,0.9789,0.9946,0.0107,0.0464,0.1143,0.0357,0.8105,none
35b_a3b_moe,base,q8_k_m,q3_routed_tri_68,math,560,0.9661,0.8089,0.9713,0.9893,0.0179,0.0375,0.1321,0.0607,0.7825,none
35b_a3b_moe,base,q8_k_m,q3_routed_tri_68,planning,560,0.975,0.875,0.979,0.9893,0.0179,0.0268,0.0839,0.0339,0.8559,none
35b_a3b_moe,base,q8_k_m,q3_routed_tri_68,rhetoric,560,0.9589,0.8161,0.9742,0.9929,0.0161,0.0446,0.1196,0.0518,0.7902,none
35b_a3b_moe,base,q8_k_m,q3_routed_tri_68,spatial,560,0.9714,0.8464,0.9761,0.9929,0.0214,0.0321,0.1036,0.0411,0.8232,none
35b_a3b_moe,base,q8_k_m,q3_stability_tri_72,adversarial,560,0.9536,0.8429,0.9701,0.9911,0.0339,0.0446,0.0786,0.0643,0.8142,none
35b_a3b_moe,base,q8_k_m,q3_stability_tri_72,boundary,560,0.9643,0.8446,0.9752,0.9946,0.0214,0.0464,0.0839,0.0536,0.8195,none
35b_a3b_moe,base,q8_k_m,q3_stability_tri_72,coding,560,0.9643,0.85,0.9721,0.9839,0.0196,0.025,0.1071,0.0518,0.8279,none
35b_a3b_moe,base,q8_k_m,q3_stability_tri_72,epistemic,560,0.9554,0.8411,0.9704,0.9857,0.0107,0.0107,0.1304,0.0554,0.8225,none
35b_a3b_moe,base,q8_k_m,q3_stability_tri_72,forensic,560,0.9732,0.8929,0.977,0.9911,0.0196,0.0268,0.0625,0.0518,0.874,none
35b_a3b_moe,base,q8_k_m,q3_stability_tri_72,generalist,560,0.9625,0.8304,0.977,0.9946,0.0143,0.0446,0.1018,0.0429,0.8069,none
35b_a3b_moe,base,q8_k_m,q3_stability_tri_72,math,560,0.9679,0.8036,0.9713,0.9857,0.0161,0.0429,0.1446,0.0518,0.776,none
35b_a3b_moe,base,q8_k_m,q3_stability_tri_72,planning,560,0.9679,0.85,0.9737,0.9875,0.025,0.0429,0.0857,0.0446,0.8248,none
35b_a3b_moe,base,q8_k_m,q3_stability_tri_72,rhetoric,560,0.9696,0.8268,0.9735,0.9857,0.0232,0.0375,0.125,0.0393,0.8004,none
35b_a3b_moe,base,q8_k_m,q3_stability_tri_72,spatial,560,0.9661,0.8643,0.9782,0.9929,0.0179,0.0393,0.0786,0.0429,0.8426,none
35b_a3b_moe,base,q8_k_m,q4_boundary_pair_72_28,adversarial,560,0.9839,0.8661,0.9769,0.9857,0.0125,0.0429,0.0893,0.0518,0.844,none
35b_a3b_moe,base,q8_k_m,q4_boundary_pair_72_28,boundary,560,0.9661,0.8536,0.9776,1.0,0.025,0.0482,0.0893,0.0393,0.8273,none
35b_a3b_moe,base,q8_k_m,q4_boundary_pair_72_28,coding,560,0.9625,0.8464,0.9718,0.9839,0.0214,0.0357,0.0946,0.0554,0.8225,none
35b_a3b_moe,base,q8_k_m,q4_boundary_pair_72_28,epistemic,560,0.9571,0.8036,0.9712,0.9839,0.0196,0.0232,0.1464,0.0375,0.7794,none
35b_a3b_moe,base,q8_k_m,q4_boundary_pair_72_28,forensic,560,0.9643,0.8393,0.9721,0.9911,0.0214,0.0411,0.0964,0.0607,0.8139,none
35b_a3b_moe,base,q8_k_m,q4_boundary_pair_72_28,generalist,560,0.9464,0.8143,0.97,0.9911,0.0304,0.0339,0.1125,0.0464,0.7871,none
35b_a3b_moe,base,q8_k_m,q4_boundary_pair_72_28,math,560,0.9571,0.7768,0.9676,0.9875,0.0179,0.0357,0.1714,0.0607,0.7475,none
35b_a3b_moe,base,q8_k_m,q4_boundary_pair_72_28,planning,560,0.9679,0.8804,0.9782,0.9839,0.0125,0.0268,0.075,0.0393,0.8633,none
35b_a3b_moe,base,q8_k_m,q4_boundary_pair_72_28,rhetoric,560,0.975,0.8339,0.9762,0.9929,0.0089,0.0286,0.1268,0.0518,0.8128,none
35b_a3b_moe,base,q8_k_m,q4_boundary_pair_72_28,spatial,560,0.975,0.8554,0.9757,0.9857,0.0143,0.0232,0.1089,0.0429,0.8356,none
35b_a3b_moe,base,q8_k_m,q4_generalist_pair_72_28,adversarial,560,0.9714,0.8804,0.9778,0.9929,0.0161,0.0179,0.0893,0.0482,0.8624,none
35b_a3b_moe,base,q8_k_m,q4_generalist_pair_72_28,boundary,560,0.9589,0.8161,0.971,0.9911,0.0268,0.0571,0.1054,0.0536,0.7855,none
35b_a3b_moe,base,q8_k_m,q4_generalist_pair_72_28,coding,560,0.9696,0.8643,0.9748,0.9875,0.0196,0.025,0.0982,0.0446,0.8433,none
35b_a3b_moe,base,q8_k_m,q4_generalist_pair_72_28,epistemic,560,0.9518,0.825,0.97,0.9893,0.0196,0.0089,0.1375,0.05,0.8038,none
35b_a3b_moe,base,q8_k_m,q4_generalist_pair_72_28,forensic,560,0.9732,0.8571,0.976,0.9929,0.0161,0.025,0.1054,0.0482,0.8365,none
35b_a3b_moe,base,q8_k_m,q4_generalist_pair_72_28,generalist,560,0.9482,0.8375,0.9734,0.9893,0.0179,0.0411,0.0964,0.0518,0.8136,none
35b_a3b_moe,base,q8_k_m,q4_generalist_pair_72_28,math,560,0.9625,0.8,0.9686,0.9875,0.0214,0.0268,0.1661,0.0554,0.7722,none
35b_a3b_moe,base,q8_k_m,q4_generalist_pair_72_28,planning,560,0.9714,0.85,0.9749,0.9946,0.0143,0.0286,0.1018,0.0536,0.8292,none
35b_a3b_moe,base,q8_k_m,q4_generalist_pair_72_28,rhetoric,560,0.9643,0.8536,0.9736,0.9964,0.0196,0.0214,0.1018,0.0607,0.8322,none
35b_a3b_moe,base,q8_k_m,q4_generalist_pair_72_28,spatial,560,0.9607,0.8589,0.9735,0.9875,0.0214,0.0196,0.0911,0.0482,0.8389,none
35b_a3b_moe,degraded_instruct,base_f16,q2_amplifier_low_echo,adversarial,560,0.9357,0.5964,0.9379,0.9911,0.0446,0.2911,0.1339,0.0554,0.5113,none
35b_a3b_moe,degraded_instruct,base_f16,q2_amplifier_low_echo,boundary,560,0.9411,0.5964,0.9422,0.9929,0.0304,0.2875,0.1321,0.0571,0.5164,none
35b_a3b_moe,degraded_instruct,base_f16,q2_amplifier_low_echo,coding,560,0.9268,0.5482,0.9346,0.9893,0.0375,0.3089,0.1518,0.0625,0.4599,none
35b_a3b_moe,degraded_instruct,base_f16,q2_amplifier_low_echo,epistemic,560,0.9214,0.5446,0.9382,0.9857,0.0446,0.2929,0.1839,0.0321,0.4564,none
35b_a3b_moe,degraded_instruct,base_f16,q2_amplifier_low_echo,forensic,560,0.9375,0.5679,0.942,0.9893,0.0446,0.3339,0.1125,0.0357,0.4769,none
35b_a3b_moe,degraded_instruct,base_f16,q2_amplifier_low_echo,generalist,560,0.9143,0.5714,0.9376,0.9964,0.0518,0.2875,0.1518,0.0393,0.4843,none
35b_a3b_moe,degraded_instruct,base_f16,q2_amplifier_low_echo,math,560,0.9286,0.5911,0.9432,0.9929,0.0321,0.2679,0.1589,0.0661,0.5118,none
35b_a3b_moe,degraded_instruct,base_f16,q2_amplifier_low_echo,planning,560,0.9357,0.6089,0.9416,0.9911,0.0304,0.2696,0.1429,0.0554,0.5317,none
35b_a3b_moe,degraded_instruct,base_f16,q2_amplifier_low_echo,rhetoric,560,0.9214,0.5357,0.9343,0.9804,0.0375,0.3107,0.1875,0.0589,0.4444,none
35b_a3b_moe,degraded_instruct,base_f16,q2_amplifier_low_echo,spatial,560,0.9625,0.6429,0.954,0.9857,0.0179,0.2571,0.1214,0.0429,0.5742,none
35b_a3b_moe,degraded_instruct,base_f16,q3_routed_tri_68,adversarial,560,0.9661,0.8411,0.9737,0.9929,0.025,0.0411,0.0929,0.0571,0.8151,none
35b_a3b_moe,degraded_instruct,base_f16,q3_routed_tri_68,boundary,560,0.9589,0.8429,0.9712,0.9857,0.0232,0.0607,0.0768,0.0661,0.8143,none
35b_a3b_moe,degraded_instruct,base_f16,q3_routed_tri_68,coding,560,0.9714,0.8554,0.9771,0.9929,0.0161,0.0411,0.0893,0.0464,0.8329,none
35b_a3b_moe,degraded_instruct,base_f16,q3_routed_tri_68,epistemic,560,0.9607,0.8339,0.9757,0.9946,0.0179,0.0339,0.1089,0.0429,0.8109,none
35b_a3b_moe,degraded_instruct,base_f16,q3_routed_tri_68,forensic,560,0.9893,0.8429,0.9822,0.9929,0.0036,0.05,0.1143,0.0357,0.8209,none
35b_a3b_moe,degraded_instruct,base_f16,q3_routed_tri_68,generalist,560,0.9571,0.8214,0.9766,0.9929,0.0143,0.0607,0.0875,0.0429,0.7959,none
35b_a3b_moe,degraded_instruct,base_f16,q3_routed_tri_68,math,560,0.9643,0.8054,0.9702,0.9893,0.0179,0.0357,0.1429,0.0607,0.7784,none
35b_a3b_moe,degraded_instruct,base_f16,q3_routed_tri_68,planning,560,0.9839,0.8679,0.9802,0.9964,0.0054,0.0429,0.0875,0.0518,0.8481,none
35b_a3b_moe,degraded_instruct,base_f16,q3_routed_tri_68,rhetoric,560,0.9714,0.8554,0.9753,0.9893,0.0107,0.0339,0.1,0.0607,0.8343,none
35b_a3b_moe,degraded_instruct,base_f16,q3_routed_tri_68,spatial,560,0.9607,0.8607,0.9726,0.9839,0.0268,0.0321,0.0821,0.0429,0.8375,none
35b_a3b_moe,degraded_instruct,base_f16,q3_stability_tri_72,adversarial,560,0.9679,0.8554,0.9769,0.9875,0.0179,0.0429,0.0821,0.0429,0.8327,none
35b_a3b_moe,degraded_instruct,base_f16,q3_stability_tri_72,boundary,560,0.975,0.8571,0.9768,0.9929,0.0161,0.0554,0.0714,0.0589,0.8326,none
35b_a3b_moe,degraded_instruct,base_f16,q3_stability_tri_72,coding,560,0.9679,0.8161,0.9738,0.9857,0.0214,0.0518,0.1125,0.0393,0.7883,none
35b_a3b_moe,degraded_instruct,base_f16,q3_stability_tri_72,epistemic,560,0.9607,0.8268,0.9736,0.9893,0.0125,0.0339,0.1161,0.0518,0.8044,none
35b_a3b_moe,degraded_instruct,base_f16,q3_stability_tri_72,forensic,560,0.9804,0.8589,0.9802,0.9875,0.0089,0.05,0.0839,0.0393,0.8376,none
35b_a3b_moe,degraded_instruct,base_f16,q3_stability_tri_72,generalist,560,0.9661,0.8232,0.9744,0.9911,0.0125,0.0643,0.0911,0.0554,0.7966,none
35b_a3b_moe,degraded_instruct,base_f16,q3_stability_tri_72,math,560,0.9732,0.8089,0.974,0.9875,0.0125,0.0375,0.1482,0.0464,0.7835,none
35b_a3b_moe,degraded_instruct,base_f16,q3_stability_tri_72,planning,560,0.9714,0.8482,0.9729,0.9946,0.0196,0.0482,0.0839,0.0643,0.8227,none
35b_a3b_moe,degraded_instruct,base_f16,q3_stability_tri_72,rhetoric,560,0.9661,0.8357,0.9772,0.9946,0.0214,0.0321,0.1054,0.0375,0.8126,none
35b_a3b_moe,degraded_instruct,base_f16,q3_stability_tri_72,spatial,560,0.9875,0.8768,0.9794,0.9929,0.0107,0.0393,0.0768,0.0536,0.8569,none
35b_a3b_moe,degraded_instruct,base_f16,q4_boundary_pair_72_28,adversarial,560,0.9661,0.8696,0.9732,0.9893,0.0232,0.0268,0.075,0.0625,0.8482,none
35b_a3b_moe,degraded_instruct,base_f16,q4_boundary_pair_72_28,boundary,560,0.9589,0.8339,0.9762,0.9946,0.025,0.0607,0.075,0.0429,0.8061,none
35b_a3b_moe,degraded_instruct,base_f16,q4_boundary_pair_72_28,coding,560,0.9679,0.8518,0.9742,0.9821,0.0143,0.0357,0.0964,0.05,0.8301,none
35b_a3b_moe,degraded_instruct,base_f16,q4_boundary_pair_72_28,epistemic,560,0.9696,0.8464,0.9773,0.9946,0.0214,0.0268,0.1125,0.0321,0.824,none
35b_a3b_moe,degraded_instruct,base_f16,q4_boundary_pair_72_28,forensic,560,0.975,0.8768,0.9775,0.9893,0.0089,0.0321,0.0768,0.0571,0.8587,none
35b_a3b_moe,degraded_instruct,base_f16,q4_boundary_pair_72_28,generalist,560,0.9589,0.8464,0.9733,0.9929,0.0125,0.0214,0.0964,0.0625,0.8276,none
35b_a3b_moe,degraded_instruct,base_f16,q4_boundary_pair_72_28,math,560,0.9714,0.8232,0.9706,0.9875,0.0161,0.0304,0.1393,0.0643,0.798,none
35b_a3b_moe,degraded_instruct,base_f16,q4_boundary_pair_72_28,planning,560,0.9661,0.8643,0.9749,0.9893,0.0179,0.0214,0.0911,0.0464,0.845,none
35b_a3b_moe,degraded_instruct,base_f16,q4_boundary_pair_72_28,rhetoric,560,0.9679,0.825,0.9731,0.9839,0.0161,0.0411,0.1214,0.0482,0.7998,none
35b_a3b_moe,degraded_instruct,base_f16,q4_boundary_pair_72_28,spatial,560,0.9714,0.8464,0.9774,0.9929,0.0143,0.0375,0.0946,0.0464,0.8247,none
35b_a3b_moe,degraded_instruct,base_f16,q4_generalist_pair_72_28,adversarial,560,0.9589,0.8643,0.9763,0.9946,0.0286,0.0357,0.0696,0.0464,0.8407,none
35b_a3b_moe,degraded_instruct,base_f16,q4_generalist_pair_72_28,boundary,560,0.975,0.8607,0.9766,0.9893,0.0161,0.0268,0.0964,0.0464,0.8405,none
35b_a3b_moe,degraded_instruct,base_f16,q4_generalist_pair_72_28,coding,560,0.9696,0.8393,0.9773,0.9964,0.0125,0.0393,0.1018,0.05,0.817,none
35b_a3b_moe,degraded_instruct,base_f16,q4_generalist_pair_72_28,epistemic,560,0.9625,0.8536,0.9755,0.9946,0.0107,0.0196,0.1036,0.0554,0.8354,none
35b_a3b_moe,degraded_instruct,base_f16,q4_generalist_pair_72_28,forensic,560,0.9768,0.8679,0.9752,0.9893,0.0143,0.0321,0.0911,0.0571,0.847,none
35b_a3b_moe,degraded_instruct,base_f16,q4_generalist_pair_72_28,generalist,560,0.9607,0.8482,0.9748,0.9875,0.0196,0.0429,0.0821,0.0429,0.825,none
35b_a3b_moe,degraded_instruct,base_f16,q4_generalist_pair_72_28,math,560,0.9786,0.8036,0.975,0.9839,0.0036,0.0375,0.1518,0.0518,0.7803,none
35b_a3b_moe,degraded_instruct,base_f16,q4_generalist_pair_72_28,planning,560,0.9661,0.8554,0.9675,0.9821,0.025,0.0143,0.1107,0.0661,0.8328,none
35b_a3b_moe,degraded_instruct,base_f16,q4_generalist_pair_72_28,rhetoric,560,0.9714,0.8518,0.9724,0.9821,0.0143,0.0161,0.1125,0.0571,0.8324,none
35b_a3b_moe,degraded_instruct,base_f16,q4_generalist_pair_72_28,spatial,560,0.9714,0.8732,0.9761,0.9964,0.0143,0.0304,0.0821,0.0607,0.8532,none
35b_a3b_moe,degraded_instruct,collapsed_q2_edge,q2_amplifier_low_echo,adversarial,560,0.8196,0.4036,0.8869,0.9821,0.1429,0.3196,0.3857,0.0411,0.2639,none
35b_a3b_moe,degraded_instruct,collapsed_q2_edge,q2_amplifier_low_echo,boundary,560,0.8464,0.4143,0.8961,0.9911,0.1161,0.3054,0.4054,0.0429,0.2838,none
35b_a3b_moe,degraded_instruct,collapsed_q2_edge,q2_amplifier_low_echo,coding,560,0.7732,0.4089,0.863,0.8821,0.1179,0.3089,0.3321,0.1125,0.2796,none
35b_a3b_moe,degraded_instruct,collapsed_q2_edge,q2_amplifier_low_echo,epistemic,560,0.8196,0.425,0.8761,0.8911,0.0875,0.2625,0.3911,0.1161,0.3092,none
35b_a3b_moe,degraded_instruct,collapsed_q2_edge,q2_amplifier_low_echo,forensic,560,0.8393,0.4107,0.8953,0.9946,0.1125,0.3268,0.3696,0.0857,0.2777,none
35b_a3b_moe,degraded_instruct,collapsed_q2_edge,q2_amplifier_low_echo,generalist,560,0.6893,0.3893,0.8251,0.8196,0.1304,0.2964,0.3589,0.2054,0.2519,none
35b_a3b_moe,degraded_instruct,collapsed_q2_edge,q2_amplifier_low_echo,math,560,0.7554,0.3875,0.8448,0.8589,0.0946,0.2946,0.4143,0.2482,0.2546,none
35b_a3b_moe,degraded_instruct,collapsed_q2_edge,q2_amplifier_low_echo,planning,560,0.7571,0.4054,0.8486,0.8554,0.1446,0.3107,0.3196,0.1143,0.2685,none
35b_a3b_moe,degraded_instruct,collapsed_q2_edge,q2_amplifier_low_echo,rhetoric,560,0.7036,0.3643,0.8319,0.8518,0.1357,0.2714,0.4,0.2232,0.2261,none
35b_a3b_moe,degraded_instruct,collapsed_q2_edge,q2_amplifier_low_echo,spatial,560,0.7393,0.4071,0.8487,0.8589,0.1214,0.2946,0.3411,0.1804,0.2755,none
35b_a3b_moe,degraded_instruct,collapsed_q2_edge,q3_routed_tri_68,adversarial,560,0.6821,0.4643,0.8286,0.9911,0.1607,0.0446,0.3768,0.5339,0.3503,none
35b_a3b_moe,degraded_instruct,collapsed_q2_edge,q3_routed_tri_68,boundary,560,0.7321,0.4893,0.8422,0.9821,0.1482,0.0643,0.4143,0.4482,0.3764,none
35b_a3b_moe,degraded_instruct,collapsed_q2_edge,q3_routed_tri_68,coding,560,0.5071,0.35,0.7183,0.8321,0.1589,0.0464,0.3232,0.8768,0.2233,none
35b_a3b_moe,degraded_instruct,collapsed_q2_edge,q3_routed_tri_68,epistemic,560,0.4732,0.3393,0.7007,0.8214,0.1786,0.0411,0.3607,0.8036,0.2085,none
35b_a3b_moe,degraded_instruct,collapsed_q2_edge,q3_routed_tri_68,forensic,560,0.5304,0.3839,0.7392,0.9732,0.1893,0.0429,0.3732,0.8464,0.2464,none
35b_a3b_moe,degraded_instruct,collapsed_q2_edge,q3_routed_tri_68,generalist,560,0.45,0.3054,0.6853,0.775,0.1679,0.0554,0.3768,0.8857,0.1695,none
35b_a3b_moe,degraded_instruct,collapsed_q2_edge,q3_routed_tri_68,math,560,0.4143,0.2893,0.6543,0.7714,0.1571,0.0357,0.4232,1.2071,0.1408,none
35b_a3b_moe,degraded_instruct,collapsed_q2_edge,q3_routed_tri_68,planning,560,0.5679,0.4518,0.729,0.7964,0.1357,0.0429,0.2982,0.8429,0.3365,none
35b_a3b_moe,degraded_instruct,collapsed_q2_edge,q3_routed_tri_68,rhetoric,560,0.3929,0.2911,0.6486,0.7571,0.1607,0.0393,0.3786,1.1411,0.1477,none
35b_a3b_moe,degraded_instruct,collapsed_q2_edge,q3_routed_tri_68,spatial,560,0.4821,0.3786,0.6861,0.7946,0.1786,0.0375,0.3036,0.9768,0.2444,none
35b_a3b_moe,degraded_instruct,collapsed_q2_edge,q3_stability_tri_72,adversarial,560,0.7125,0.5071,0.8496,0.9929,0.15,0.0393,0.3982,0.4321,0.4008,none
35b_a3b_moe,degraded_instruct,collapsed_q2_edge,q3_stability_tri_72,boundary,560,0.7964,0.5268,0.8716,0.9946,0.1339,0.0554,0.4125,0.3232,0.4264,none
35b_a3b_moe,degraded_instruct,collapsed_q2_edge,q3_stability_tri_72,coding,560,0.5411,0.4,0.7416,0.8214,0.1446,0.0321,0.3232,0.7804,0.2853,none
35b_a3b_moe,degraded_instruct,collapsed_q2_edge,q3_stability_tri_72,epistemic,560,0.5268,0.3571,0.7409,0.8179,0.1375,0.0357,0.4054,0.6643,0.2431,none
35b_a3b_moe,degraded_instruct,collapsed_q2_edge,q3_stability_tri_72,forensic,560,0.5821,0.4375,0.7656,0.9661,0.1554,0.0429,0.3518,0.7857,0.3149,none
35b_a3b_moe,degraded_instruct,collapsed_q2_edge,q3_stability_tri_72,generalist,560,0.4964,0.3661,0.7244,0.7839,0.1429,0.0571,0.3357,0.7554,0.2472,none
35b_a3b_moe,degraded_instruct,collapsed_q2_edge,q3_stability_tri_72,math,560,0.4625,0.3625,0.6917,0.7964,0.1429,0.0464,0.3875,1.0732,0.2257,none
35b_a3b_moe,degraded_instruct,collapsed_q2_edge,q3_stability_tri_72,planning,560,0.6286,0.4946,0.7598,0.8,0.1286,0.05,0.2554,0.7054,0.3904,none
35b_a3b_moe,degraded_instruct,collapsed_q2_edge,q3_stability_tri_72,rhetoric,560,0.4643,0.3375,0.6826,0.7946,0.1589,0.0429,0.3946,1.0268,0.1983,none
35b_a3b_moe,degraded_instruct,collapsed_q2_edge,q3_stability_tri_72,spatial,560,0.5304,0.4125,0.7188,0.7679,0.1304,0.0482,0.2554,0.8679,0.2999,none
35b_a3b_moe,degraded_instruct,collapsed_q2_edge,q4_boundary_pair_72_28,adversarial,560,0.4839,0.3196,0.725,0.9732,0.2036,0.0661,0.4214,0.9964,0.1618,none
35b_a3b_moe,degraded_instruct,collapsed_q2_edge,q4_boundary_pair_72_28,boundary,560,0.5625,0.3714,0.7529,0.9821,0.2,0.0589,0.4429,0.8232,0.2231,none
35b_a3b_moe,degraded_instruct,collapsed_q2_edge,q4_boundary_pair_72_28,coding,560,0.275,0.2071,0.5635,0.7125,0.1768,0.0536,0.2857,1.5464,0.0432,primitive_gap
35b_a3b_moe,degraded_instruct,collapsed_q2_edge,q4_boundary_pair_72_28,epistemic,560,0.2357,0.1696,0.5379,0.6911,0.1982,0.0214,0.3679,1.3982,0.0066,classification_miss
35b_a3b_moe,degraded_instruct,collapsed_q2_edge,q4_boundary_pair_72_28,forensic,560,0.3929,0.3125,0.6385,0.9607,0.1929,0.0357,0.3571,1.3286,0.1525,none
35b_a3b_moe,degraded_instruct,collapsed_q2_edge,q4_boundary_pair_72_28,generalist,560,0.2071,0.1661,0.5128,0.6714,0.2357,0.0446,0.3964,1.5161,-0.0211,cascade
35b_a3b_moe,degraded_instruct,collapsed_q2_edge,q4_boundary_pair_72_28,math,560,0.2518,0.2089,0.5076,0.6607,0.2036,0.0214,0.4196,1.8411,0.0179,classification_miss
35b_a3b_moe,degraded_instruct,collapsed_q2_edge,q4_boundary_pair_72_28,planning,560,0.3143,0.2464,0.5594,0.675,0.1732,0.0321,0.2696,1.4839,0.0923,none
35b_a3b_moe,degraded_instruct,collapsed_q2_edge,q4_boundary_pair_72_28,rhetoric,560,0.2321,0.1893,0.5035,0.65,0.2143,0.0232,0.3393,1.7321,0.0066,classification_miss
35b_a3b_moe,degraded_instruct,collapsed_q2_edge,q4_boundary_pair_72_28,spatial,560,0.2857,0.2143,0.5347,0.6732,0.1982,0.0339,0.3196,1.5268,0.0461,classification_miss
35b_a3b_moe,degraded_instruct,collapsed_q2_edge,q4_generalist_pair_72_28,adversarial,560,0.2964,0.2036,0.6017,0.8786,0.2393,0.0214,0.4768,1.5125,0.0137,primitive_gap
35b_a3b_moe,degraded_instruct,collapsed_q2_edge,q4_generalist_pair_72_28,boundary,560,0.3429,0.2339,0.6091,0.8393,0.2143,0.0393,0.4589,1.4143,0.0544,none
35b_a3b_moe,degraded_instruct,collapsed_q2_edge,q4_generalist_pair_72_28,coding,560,0.2375,0.1857,0.549,0.7357,0.1946,0.0446,0.3393,1.6089,0.0108,primitive_gap
35b_a3b_moe,degraded_instruct,collapsed_q2_edge,q4_generalist_pair_72_28,epistemic,560,0.25,0.1857,0.5652,0.7732,0.2089,0.0179,0.4179,1.3321,0.0194,cascade
35b_a3b_moe,degraded_instruct,collapsed_q2_edge,q4_generalist_pair_72_28,forensic,560,0.2982,0.2536,0.5696,0.85,0.2357,0.0411,0.3946,1.5214,0.067,none
35b_a3b_moe,degraded_instruct,collapsed_q2_edge,q4_generalist_pair_72_28,generalist,560,0.2286,0.1804,0.5327,0.7268,0.1982,0.0268,0.4268,1.4964,0.0066,classification_miss
35b_a3b_moe,degraded_instruct,collapsed_q2_edge,q4_generalist_pair_72_28,math,560,0.2929,0.225,0.5558,0.7411,0.1732,0.0304,0.4,1.7054,0.0497,primitive_gap
35b_a3b_moe,degraded_instruct,collapsed_q2_edge,q4_generalist_pair_72_28,planning,560,0.3804,0.3196,0.6095,0.7821,0.175,0.0161,0.2982,1.3554,0.1723,none
35b_a3b_moe,degraded_instruct,collapsed_q2_edge,q4_generalist_pair_72_28,rhetoric,560,0.2643,0.2036,0.5355,0.7232,0.1875,0.0268,0.4339,1.6696,0.0238,primitive_gap
35b_a3b_moe,degraded_instruct,collapsed_q2_edge,q4_generalist_pair_72_28,spatial,560,0.3036,0.2321,0.5665,0.7125,0.1893,0.0268,0.3232,1.4786,0.0702,none
35b_a3b_moe,degraded_instruct,damaged_q2,q2_amplifier_low_echo,adversarial,560,0.8518,0.4446,0.9007,0.9857,0.1107,0.2875,0.3268,0.0661,0.3245,none
35b_a3b_moe,degraded_instruct,damaged_q2,q2_amplifier_low_echo,boundary,560,0.8196,0.4125,0.886,0.975,0.1232,0.3089,0.4196,0.0661,0.2769,none
35b_a3b_moe,degraded_instruct,damaged_q2,q2_amplifier_low_echo,coding,560,0.8625,0.4804,0.9061,0.9714,0.0982,0.3036,0.2821,0.0482,0.3652,none
35b_a3b_moe,degraded_instruct,damaged_q2,q2_amplifier_low_echo,epistemic,560,0.8839,0.4857,0.9183,0.9893,0.0839,0.2589,0.3393,0.0375,0.3797,none
35b_a3b_moe,degraded_instruct,damaged_q2,q2_amplifier_low_echo,forensic,560,0.8607,0.4411,0.906,0.9839,0.1071,0.2821,0.3446,0.0482,0.3225,none
35b_a3b_moe,degraded_instruct,damaged_q2,q2_amplifier_low_echo,generalist,560,0.8607,0.4196,0.9036,0.9643,0.0732,0.3054,0.3714,0.0518,0.3043,none
35b_a3b_moe,degraded_instruct,damaged_q2,q2_amplifier_low_echo,math,560,0.8786,0.4589,0.9063,0.9571,0.0768,0.2982,0.3357,0.0696,0.3459,none
35b_a3b_moe,degraded_instruct,damaged_q2,q2_amplifier_low_echo,planning,560,0.8589,0.4893,0.909,0.9696,0.0964,0.2696,0.2946,0.0446,0.3806,none
35b_a3b_moe,degraded_instruct,damaged_q2,q2_amplifier_low_echo,rhetoric,560,0.8446,0.3857,0.8957,0.9464,0.0857,0.325,0.3804,0.0661,0.2613,none
35b_a3b_moe,degraded_instruct,damaged_q2,q2_amplifier_low_echo,spatial,560,0.8946,0.5107,0.9202,0.9714,0.075,0.2536,0.2893,0.0482,0.4119,none
35b_a3b_moe,degraded_instruct,damaged_q2,q3_routed_tri_68,adversarial,560,0.8964,0.6286,0.9349,0.9804,0.0821,0.05,0.3,0.075,0.5662,none
35b_a3b_moe,degraded_instruct,damaged_q2,q3_routed_tri_68,boundary,560,0.8714,0.6161,0.9312,0.9911,0.1054,0.0536,0.3018,0.0625,0.5465,none
35b_a3b_moe,degraded_instruct,damaged_q2,q3_routed_tri_68,coding,560,0.8196,0.5982,0.8968,0.9214,0.1089,0.0482,0.2982,0.1554,0.5243,none
35b_a3b_moe,degraded_instruct,damaged_q2,q3_routed_tri_68,epistemic,560,0.8036,0.5625,0.8967,0.9536,0.0929,0.0375,0.3661,0.175,0.4891,none
35b_a3b_moe,degraded_instruct,damaged_q2,q3_routed_tri_68,forensic,560,0.8804,0.5893,0.9122,0.9857,0.0732,0.05,0.3482,0.2,0.5195,none
35b_a3b_moe,degraded_instruct,damaged_q2,q3_routed_tri_68,generalist,560,0.7875,0.5518,0.8754,0.8911,0.1036,0.0536,0.3196,0.2196,0.4734,none
35b_a3b_moe,degraded_instruct,damaged_q2,q3_routed_tri_68,math,560,0.7893,0.5679,0.8719,0.9089,0.1054,0.0589,0.3071,0.3071,0.4845,none
35b_a3b_moe,degraded_instruct,damaged_q2,q3_routed_tri_68,planning,560,0.8339,0.6268,0.9044,0.925,0.0893,0.0482,0.2571,0.1661,0.5615,none
35b_a3b_moe,degraded_instruct,damaged_q2,q3_routed_tri_68,rhetoric,560,0.7625,0.5625,0.8739,0.9054,0.0946,0.0286,0.3143,0.2804,0.4892,none
35b_a3b_moe,degraded_instruct,damaged_q2,q3_routed_tri_68,spatial,560,0.8446,0.6375,0.9067,0.9161,0.0804,0.0607,0.2286,0.175,0.5742,none
35b_a3b_moe,degraded_instruct,damaged_q2,q3_stability_tri_72,adversarial,560,0.8696,0.5732,0.9297,0.9946,0.1125,0.0661,0.3214,0.0536,0.4979,none
35b_a3b_moe,degraded_instruct,damaged_q2,q3_stability_tri_72,boundary,560,0.875,0.5786,0.9305,0.9946,0.1071,0.0482,0.3571,0.05,0.5057,none
35b_a3b_moe,degraded_instruct,damaged_q2,q3_stability_tri_72,coding,560,0.8643,0.6393,0.9246,0.9446,0.0857,0.0643,0.2321,0.1036,0.577,none
35b_a3b_moe,degraded_instruct,damaged_q2,q3_stability_tri_72,epistemic,560,0.8375,0.5643,0.9078,0.9643,0.1071,0.0357,0.3482,0.1268,0.4908,none
35b_a3b_moe,degraded_instruct,damaged_q2,q3_stability_tri_72,forensic,560,0.8339,0.5821,0.904,0.9839,0.1071,0.0429,0.3321,0.1893,0.5054,none
35b_a3b_moe,degraded_instruct,damaged_q2,q3_stability_tri_72,generalist,560,0.8,0.6054,0.8883,0.8857,0.0893,0.0518,0.3143,0.1714,0.5345,none
35b_a3b_moe,degraded_instruct,damaged_q2,q3_stability_tri_72,math,560,0.8196,0.5804,0.8916,0.9196,0.0893,0.0375,0.3339,0.2268,0.508,none
35b_a3b_moe,degraded_instruct,damaged_q2,q3_stability_tri_72,planning,560,0.8696,0.6768,0.9213,0.9339,0.0714,0.025,0.2375,0.1304,0.6248,none
35b_a3b_moe,degraded_instruct,damaged_q2,q3_stability_tri_72,rhetoric,560,0.7964,0.5875,0.8777,0.875,0.0946,0.0214,0.3196,0.2286,0.5178,none
35b_a3b_moe,degraded_instruct,damaged_q2,q3_stability_tri_72,spatial,560,0.8232,0.6357,0.9,0.9232,0.1,0.0304,0.2607,0.1768,0.5699,none
35b_a3b_moe,degraded_instruct,damaged_q2,q4_boundary_pair_72_28,adversarial,560,0.8357,0.6018,0.9078,0.9893,0.1071,0.0464,0.3054,0.1893,0.5265,none
35b_a3b_moe,degraded_instruct,damaged_q2,q4_boundary_pair_72_28,boundary,560,0.8464,0.5518,0.9105,0.9946,0.1214,0.0446,0.3571,0.1411,0.4708,none
35b_a3b_moe,degraded_instruct,damaged_q2,q4_boundary_pair_72_28,coding,560,0.5893,0.4179,0.7656,0.8339,0.1179,0.0446,0.2982,0.7054,0.3144,none
35b_a3b_moe,degraded_instruct,damaged_q2,q4_boundary_pair_72_28,epistemic,560,0.5304,0.4036,0.748,0.8179,0.1429,0.0268,0.3018,0.6429,0.2991,none
35b_a3b_moe,degraded_instruct,damaged_q2,q4_boundary_pair_72_28,forensic,560,0.6821,0.4964,0.8139,0.9911,0.1179,0.0446,0.325,0.6125,0.3955,none
35b_a3b_moe,degraded_instruct,damaged_q2,q4_boundary_pair_72_28,generalist,560,0.5536,0.4411,0.752,0.7893,0.1161,0.0518,0.2786,0.6893,0.3391,none
35b_a3b_moe,degraded_instruct,damaged_q2,q4_boundary_pair_72_28,math,560,0.5286,0.4036,0.7254,0.7839,0.0982,0.0446,0.3286,0.9571,0.291,none
35b_a3b_moe,degraded_instruct,damaged_q2,q4_boundary_pair_72_28,planning,560,0.6518,0.5089,0.7813,0.8,0.0946,0.0321,0.3036,0.625,0.4186,none
35b_a3b_moe,degraded_instruct,damaged_q2,q4_boundary_pair_72_28,rhetoric,560,0.4982,0.3929,0.7051,0.7554,0.1357,0.0196,0.3286,0.8982,0.277,none
35b_a3b_moe,degraded_instruct,damaged_q2,q4_boundary_pair_72_28,spatial,560,0.5768,0.4482,0.7452,0.8196,0.1464,0.0446,0.2482,0.7571,0.3376,none
35b_a3b_moe,degraded_instruct,damaged_q2,q4_generalist_pair_72_28,adversarial,560,0.6821,0.4911,0.8311,0.9804,0.1268,0.0286,0.3321,0.5839,0.3916,none
35b_a3b_moe,degraded_instruct,damaged_q2,q4_generalist_pair_72_28,boundary,560,0.7107,0.5107,0.8249,0.9643,0.1232,0.0339,0.3804,0.575,0.4078,none
35b_a3b_moe,degraded_instruct,damaged_q2,q4_generalist_pair_72_28,coding,560,0.5821,0.4536,0.7611,0.8625,0.1375,0.0268,0.3018,0.7411,0.3458,none
35b_a3b_moe,degraded_instruct,damaged_q2,q4_generalist_pair_72_28,epistemic,560,0.5839,0.4518,0.7823,0.8911,0.1214,0.0161,0.3357,0.5929,0.3556,none
35b_a3b_moe,degraded_instruct,damaged_q2,q4_generalist_pair_72_28,forensic,560,0.6304,0.4964,0.7863,0.9625,0.1482,0.0161,0.2893,0.6875,0.3912,none
35b_a3b_moe,degraded_instruct,damaged_q2,q4_generalist_pair_72_28,generalist,560,0.5964,0.4554,0.7838,0.8607,0.1054,0.0339,0.3321,0.6107,0.3599,none
35b_a3b_moe,degraded_instruct,damaged_q2,q4_generalist_pair_72_28,math,560,0.5357,0.3982,0.7419,0.875,0.1357,0.0214,0.3786,0.8982,0.278,none
35b_a3b_moe,degraded_instruct,damaged_q2,q4_generalist_pair_72_28,planning,560,0.6804,0.5411,0.8036,0.8732,0.0982,0.0321,0.2446,0.6321,0.454,none
35b_a3b_moe,degraded_instruct,damaged_q2,q4_generalist_pair_72_28,rhetoric,560,0.5232,0.3893,0.7276,0.8661,0.1429,0.0232,0.35,0.9036,0.2686,none
35b_a3b_moe,degraded_instruct,damaged_q2,q4_generalist_pair_72_28,spatial,560,0.6232,0.4839,0.7826,0.8804,0.0964,0.0232,0.2893,0.7214,0.3911,none
35b_a3b_moe,degraded_instruct,damaged_q3,q2_amplifier_low_echo,adversarial,560,0.875,0.4964,0.9169,0.9946,0.0893,0.3036,0.2554,0.0446,0.3863,none
35b_a3b_moe,degraded_instruct,damaged_q3,q2_amplifier_low_echo,boundary,560,0.8946,0.5179,0.9166,0.9857,0.0821,0.2964,0.2482,0.0536,0.4114,none
35b_a3b_moe,degraded_instruct,damaged_q3,q2_amplifier_low_echo,coding,560,0.8875,0.5107,0.9197,0.9857,0.0768,0.3018,0.2196,0.0446,0.4075,none
35b_a3b_moe,degraded_instruct,damaged_q3,q2_amplifier_low_echo,epistemic,560,0.9161,0.4893,0.9285,0.9893,0.0554,0.2768,0.2839,0.0429,0.3925,none
35b_a3b_moe,degraded_instruct,damaged_q3,q2_amplifier_low_echo,forensic,560,0.9071,0.4964,0.9244,0.9911,0.0732,0.3,0.2554,0.0429,0.3919,none
35b_a3b_moe,degraded_instruct,damaged_q3,q2_amplifier_low_echo,generalist,560,0.8929,0.4821,0.9208,0.9839,0.075,0.3179,0.2268,0.0286,0.3765,none
35b_a3b_moe,degraded_instruct,damaged_q3,q2_amplifier_low_echo,math,560,0.8929,0.475,0.9212,0.9857,0.0714,0.2768,0.3018,0.0518,0.3715,none
35b_a3b_moe,degraded_instruct,damaged_q3,q2_amplifier_low_echo,planning,560,0.9161,0.575,0.9329,0.9839,0.0536,0.25,0.1982,0.0464,0.4907,none
35b_a3b_moe,degraded_instruct,damaged_q3,q2_amplifier_low_echo,rhetoric,560,0.8911,0.4857,0.9213,0.9964,0.0821,0.2607,0.3054,0.05,0.382,none
35b_a3b_moe,degraded_instruct,damaged_q3,q2_amplifier_low_echo,spatial,560,0.9268,0.5339,0.934,0.9893,0.0518,0.2839,0.2018,0.0536,0.4428,none
35b_a3b_moe,degraded_instruct,damaged_q3,q3_routed_tri_68,adversarial,560,0.9214,0.7286,0.9555,0.9946,0.0536,0.0411,0.2036,0.0607,0.685,none
35b_a3b_moe,degraded_instruct,damaged_q3,q3_routed_tri_68,boundary,560,0.8982,0.6661,0.9437,0.9839,0.0875,0.0589,0.2393,0.0429,0.6068,none
35b_a3b_moe,degraded_instruct,damaged_q3,q3_routed_tri_68,coding,560,0.9214,0.725,0.9554,0.9821,0.0571,0.0482,0.1929,0.0446,0.6806,none
35b_a3b_moe,degraded_instruct,damaged_q3,q3_routed_tri_68,epistemic,560,0.925,0.7089,0.9568,0.9929,0.0571,0.0393,0.2196,0.0357,0.6646,none
35b_a3b_moe,degraded_instruct,damaged_q3,q3_routed_tri_68,forensic,560,0.95,0.7714,0.963,0.9875,0.0446,0.0357,0.1768,0.0411,0.7347,none
35b_a3b_moe,degraded_instruct,damaged_q3,q3_routed_tri_68,generalist,560,0.925,0.7393,0.9611,0.9911,0.0518,0.0464,0.1732,0.0357,0.6988,none
35b_a3b_moe,degraded_instruct,damaged_q3,q3_routed_tri_68,math,560,0.9179,0.6893,0.9508,0.9929,0.0554,0.0536,0.25,0.0643,0.6388,none
35b_a3b_moe,degraded_instruct,damaged_q3,q3_routed_tri_68,planning,560,0.9321,0.7643,0.9616,0.9875,0.0554,0.0375,0.1661,0.0286,0.7255,none
35b_a3b_moe,degraded_instruct,damaged_q3,q3_routed_tri_68,rhetoric,560,0.9125,0.7089,0.9523,0.9964,0.0625,0.0446,0.2125,0.0625,0.6611,none
35b_a3b_moe,degraded_instruct,damaged_q3,q3_routed_tri_68,spatial,560,0.925,0.7625,0.9577,0.9964,0.0625,0.0304,0.1679,0.05,0.7217,none
35b_a3b_moe,degraded_instruct,damaged_q3,q3_stability_tri_72,adversarial,560,0.9268,0.7339,0.9565,0.9911,0.0607,0.0429,0.1946,0.0464,0.6892,none
35b_a3b_moe,degraded_instruct,damaged_q3,q3_stability_tri_72,boundary,560,0.8982,0.6982,0.9469,0.9929,0.075,0.0625,0.2071,0.0625,0.6435,none
35b_a3b_moe,degraded_instruct,damaged_q3,q3_stability_tri_72,coding,560,0.925,0.7304,0.9574,0.9911,0.0607,0.0589,0.1661,0.0464,0.6847,none
35b_a3b_moe,degraded_instruct,damaged_q3,q3_stability_tri_72,epistemic,560,0.925,0.7054,0.9579,0.9875,0.0482,0.0518,0.2018,0.0429,0.6623,none
35b_a3b_moe,degraded_instruct,damaged_q3,q3_stability_tri_72,forensic,560,0.9304,0.7571,0.9603,0.9964,0.0607,0.0375,0.1839,0.0357,0.7149,none
35b_a3b_moe,degraded_instruct,damaged_q3,q3_stability_tri_72,generalist,560,0.8982,0.7071,0.9484,0.9839,0.0696,0.0607,0.1839,0.0571,0.6565,none
35b_a3b_moe,degraded_instruct,damaged_q3,q3_stability_tri_72,math,560,0.9339,0.6929,0.956,0.9946,0.05,0.0286,0.2571,0.0482,0.6492,none
35b_a3b_moe,degraded_instruct,damaged_q3,q3_stability_tri_72,planning,560,0.9161,0.7321,0.9533,0.9946,0.0732,0.0321,0.1804,0.0411,0.6873,none
35b_a3b_moe,degraded_instruct,damaged_q3,q3_stability_tri_72,rhetoric,560,0.9268,0.725,0.9574,0.9946,0.0518,0.0357,0.2196,0.0482,0.6823,none
35b_a3b_moe,degraded_instruct,damaged_q3,q3_stability_tri_72,spatial,560,0.9286,0.7589,0.9582,0.9821,0.0554,0.0321,0.1625,0.0446,0.7207,none
35b_a3b_moe,degraded_instruct,damaged_q3,q4_boundary_pair_72_28,adversarial,560,0.9107,0.7161,0.9527,0.9964,0.0804,0.0429,0.2,0.0393,0.6654,none
35b_a3b_moe,degraded_instruct,damaged_q3,q4_boundary_pair_72_28,boundary,560,0.9071,0.6786,0.9465,0.9893,0.0732,0.0554,0.2375,0.0554,0.6238,none
35b_a3b_moe,degraded_instruct,damaged_q3,q4_boundary_pair_72_28,coding,560,0.9179,0.7054,0.9483,0.9768,0.0607,0.0464,0.2125,0.0607,0.6578,none
35b_a3b_moe,degraded_instruct,damaged_q3,q4_boundary_pair_72_28,epistemic,560,0.9107,0.7232,0.9513,0.9857,0.0554,0.0214,0.2232,0.0554,0.6817,none
35b_a3b_moe,degraded_instruct,damaged_q3,q4_boundary_pair_72_28,forensic,560,0.9286,0.7286,0.9546,0.9804,0.0554,0.0393,0.2071,0.0464,0.6852,none
35b_a3b_moe,degraded_instruct,damaged_q3,q4_boundary_pair_72_28,generalist,560,0.8714,0.6857,0.9381,0.9607,0.0732,0.0393,0.1982,0.0714,0.6365,none
35b_a3b_moe,degraded_instruct,damaged_q3,q4_boundary_pair_72_28,math,560,0.8982,0.6661,0.9402,0.9696,0.0696,0.0375,0.2607,0.0732,0.6132,none
35b_a3b_moe,degraded_instruct,damaged_q3,q4_boundary_pair_72_28,planning,560,0.925,0.7411,0.9537,0.9839,0.0571,0.0464,0.1714,0.0589,0.698,none
35b_a3b_moe,degraded_instruct,damaged_q3,q4_boundary_pair_72_28,rhetoric,560,0.9286,0.7054,0.953,0.9768,0.0554,0.0286,0.2357,0.0429,0.662,none
35b_a3b_moe,degraded_instruct,damaged_q3,q4_boundary_pair_72_28,spatial,560,0.9286,0.7589,0.9587,0.9768,0.0518,0.05,0.1518,0.0411,0.7192,none
35b_a3b_moe,degraded_instruct,damaged_q3,q4_generalist_pair_72_28,adversarial,560,0.9357,0.7321,0.9556,0.9911,0.0536,0.0125,0.2429,0.0482,0.6917,none
35b_a3b_moe,degraded_instruct,damaged_q3,q4_generalist_pair_72_28,boundary,560,0.9286,0.7,0.9521,0.9911,0.0554,0.0321,0.2696,0.0482,0.653,none
35b_a3b_moe,degraded_instruct,damaged_q3,q4_generalist_pair_72_28,coding,560,0.9232,0.75,0.9559,0.9982,0.0607,0.0375,0.1911,0.0554,0.7062,none
35b_a3b_moe,degraded_instruct,damaged_q3,q4_generalist_pair_72_28,epistemic,560,0.8964,0.675,0.9454,0.9911,0.075,0.0196,0.2643,0.05,0.6249,none
35b_a3b_moe,degraded_instruct,damaged_q3,q4_generalist_pair_72_28,forensic,560,0.9179,0.7054,0.9501,0.9893,0.0679,0.0214,0.2429,0.0446,0.6591,none
35b_a3b_moe,degraded_instruct,damaged_q3,q4_generalist_pair_72_28,generalist,560,0.8839,0.6857,0.9415,0.9857,0.0804,0.0286,0.2125,0.0679,0.6355,none
35b_a3b_moe,degraded_instruct,damaged_q3,q4_generalist_pair_72_28,math,560,0.9125,0.6786,0.9443,0.9804,0.0625,0.0268,0.2732,0.0696,0.6291,none
35b_a3b_moe,degraded_instruct,damaged_q3,q4_generalist_pair_72_28,planning,560,0.9143,0.7482,0.9515,0.9839,0.0625,0.0179,0.1893,0.0554,0.708,none
35b_a3b_moe,degraded_instruct,damaged_q3,q4_generalist_pair_72_28,rhetoric,560,0.9214,0.6804,0.9479,0.9929,0.0607,0.0196,0.2571,0.0696,0.6342,none
35b_a3b_moe,degraded_instruct,damaged_q3,q4_generalist_pair_72_28,spatial,560,0.9143,0.7571,0.9511,0.9857,0.0679,0.0214,0.175,0.0625,0.7154,none
35b_a3b_moe,degraded_instruct,damaged_q4,q2_amplifier_low_echo,adversarial,560,0.8839,0.5161,0.9203,0.9964,0.0768,0.2821,0.2393,0.0661,0.4142,none
35b_a3b_moe,degraded_instruct,damaged_q4,q2_amplifier_low_echo,boundary,560,0.9125,0.5018,0.9189,0.9964,0.0625,0.35,0.2411,0.0625,0.3906,none
35b_a3b_moe,degraded_instruct,damaged_q4,q2_amplifier_low_echo,coding,560,0.9125,0.5589,0.9295,0.9893,0.0536,0.3,0.1857,0.0536,0.4653,none
35b_a3b_moe,degraded_instruct,damaged_q4,q2_amplifier_low_echo,epistemic,560,0.9018,0.5071,0.9243,0.9875,0.0625,0.2839,0.2536,0.0554,0.4086,none
35b_a3b_moe,degraded_instruct,damaged_q4,q2_amplifier_low_echo,forensic,560,0.9089,0.525,0.9265,0.9839,0.0625,0.2929,0.2143,0.0607,0.4275,none
35b_a3b_moe,degraded_instruct,damaged_q4,q2_amplifier_low_echo,generalist,560,0.9214,0.5607,0.9359,0.9929,0.0518,0.2893,0.1804,0.0321,0.4713,none
35b_a3b_moe,degraded_instruct,damaged_q4,q2_amplifier_low_echo,math,560,0.925,0.5357,0.9347,0.9929,0.0446,0.2696,0.25,0.0554,0.4456,none
35b_a3b_moe,degraded_instruct,damaged_q4,q2_amplifier_low_echo,planning,560,0.9018,0.5357,0.9267,0.9946,0.0607,0.2714,0.2161,0.0625,0.4428,none
35b_a3b_moe,degraded_instruct,damaged_q4,q2_amplifier_low_echo,rhetoric,560,0.9232,0.5446,0.9335,0.9911,0.0518,0.2804,0.2125,0.0571,0.4532,none
35b_a3b_moe,degraded_instruct,damaged_q4,q2_amplifier_low_echo,spatial,560,0.9054,0.5161,0.9299,0.9911,0.0661,0.2946,0.1946,0.05,0.4193,none
35b_a3b_moe,degraded_instruct,damaged_q4,q3_routed_tri_68,adversarial,560,0.9357,0.7714,0.9591,0.9839,0.0571,0.05,0.1464,0.05,0.7301,none
35b_a3b_moe,degraded_instruct,damaged_q4,q3_routed_tri_68,boundary,560,0.9482,0.7625,0.9659,0.9893,0.0375,0.0607,0.1482,0.0446,0.725,none
35b_a3b_moe,degraded_instruct,damaged_q4,q3_routed_tri_68,coding,560,0.9232,0.7554,0.9584,0.9839,0.0536,0.0482,0.1411,0.0518,0.7158,none
35b_a3b_moe,degraded_instruct,damaged_q4,q3_routed_tri_68,epistemic,560,0.9482,0.7571,0.9643,0.9893,0.0375,0.0411,0.1804,0.0429,0.7211,none
35b_a3b_moe,degraded_instruct,damaged_q4,q3_routed_tri_68,forensic,560,0.9518,0.7893,0.9677,0.9964,0.0429,0.0446,0.1518,0.0393,0.7534,none
35b_a3b_moe,degraded_instruct,damaged_q4,q3_routed_tri_68,generalist,560,0.9339,0.7696,0.9629,0.9839,0.0464,0.0696,0.1357,0.0375,0.7291,none
35b_a3b_moe,degraded_instruct,damaged_q4,q3_routed_tri_68,math,560,0.925,0.7161,0.9545,0.9857,0.0536,0.0536,0.2018,0.0625,0.67,none
35b_a3b_moe,degraded_instruct,damaged_q4,q3_routed_tri_68,planning,560,0.9482,0.8125,0.9664,0.9911,0.0321,0.0286,0.1268,0.0554,0.7842,none
35b_a3b_moe,degraded_instruct,damaged_q4,q3_routed_tri_68,rhetoric,560,0.9536,0.775,0.9624,0.9839,0.0357,0.0321,0.1857,0.0518,0.7404,none
35b_a3b_moe,degraded_instruct,damaged_q4,q3_routed_tri_68,spatial,560,0.9411,0.7875,0.9645,0.9893,0.0411,0.0321,0.1464,0.0446,0.7548,none
35b_a3b_moe,degraded_instruct,damaged_q4,q3_stability_tri_72,adversarial,560,0.9518,0.7804,0.9652,0.9946,0.0482,0.0589,0.1518,0.0429,0.7398,none
35b_a3b_moe,degraded_instruct,damaged_q4,q3_stability_tri_72,boundary,560,0.9357,0.7464,0.9602,0.9911,0.05,0.0518,0.1732,0.05,0.7047,none
35b_a3b_moe,degraded_instruct,damaged_q4,q3_stability_tri_72,coding,560,0.9393,0.7518,0.9563,0.9875,0.0482,0.0411,0.1804,0.0661,0.7114,none
35b_a3b_moe,degraded_instruct,damaged_q4,q3_stability_tri_72,epistemic,560,0.9089,0.7339,0.953,0.9875,0.0571,0.0321,0.1786,0.0571,0.6932,none
35b_a3b_moe,degraded_instruct,damaged_q4,q3_stability_tri_72,forensic,560,0.95,0.7625,0.9631,0.9875,0.0375,0.0357,0.1732,0.0536,0.7276,none
35b_a3b_moe,degraded_instruct,damaged_q4,q3_stability_tri_72,generalist,560,0.9375,0.7589,0.9636,0.9857,0.0464,0.0357,0.1714,0.0286,0.7227,none
35b_a3b_moe,degraded_instruct,damaged_q4,q3_stability_tri_72,math,560,0.9446,0.7357,0.9605,0.9946,0.0375,0.0518,0.1964,0.0696,0.6949,none
35b_a3b_moe,degraded_instruct,damaged_q4,q3_stability_tri_72,planning,560,0.9304,0.7696,0.9569,0.9893,0.0571,0.0321,0.1464,0.0607,0.7313,none
35b_a3b_moe,degraded_instruct,damaged_q4,q3_stability_tri_72,rhetoric,560,0.9339,0.7625,0.9599,0.9875,0.0482,0.0375,0.1714,0.0518,0.7242,none
35b_a3b_moe,degraded_instruct,damaged_q4,q3_stability_tri_72,spatial,560,0.9464,0.7661,0.9667,0.9911,0.0429,0.0411,0.1589,0.0321,0.7307,none
35b_a3b_moe,degraded_instruct,damaged_q4,q4_boundary_pair_72_28,adversarial,560,0.9375,0.7804,0.9644,0.9946,0.0464,0.0411,0.1518,0.0464,0.7438,none
35b_a3b_moe,degraded_instruct,damaged_q4,q4_boundary_pair_72_28,boundary,560,0.9464,0.7768,0.9645,0.9911,0.0339,0.0464,0.1554,0.0571,0.742,none
35b_a3b_moe,degraded_instruct,damaged_q4,q4_boundary_pair_72_28,coding,560,0.9179,0.7554,0.956,0.9893,0.05,0.0429,0.1554,0.0696,0.7159,none
35b_a3b_moe,degraded_instruct,damaged_q4,q4_boundary_pair_72_28,epistemic,560,0.9232,0.7536,0.957,0.9911,0.0482,0.0214,0.1821,0.0536,0.7176,none
35b_a3b_moe,degraded_instruct,damaged_q4,q4_boundary_pair_72_28,forensic,560,0.9518,0.7714,0.9637,0.9804,0.0446,0.0429,0.1661,0.0339,0.7345,none
35b_a3b_moe,degraded_instruct,damaged_q4,q4_boundary_pair_72_28,generalist,560,0.9161,0.7089,0.9549,0.9929,0.05,0.0607,0.2107,0.0536,0.6623,none
35b_a3b_moe,degraded_instruct,damaged_q4,q4_boundary_pair_72_28,math,560,0.9571,0.7482,0.9664,0.9929,0.0375,0.0339,0.2143,0.0304,0.7115,none
35b_a3b_moe,degraded_instruct,damaged_q4,q4_boundary_pair_72_28,planning,560,0.9357,0.7946,0.9641,0.9875,0.0518,0.0268,0.1375,0.0321,0.7611,none
35b_a3b_moe,degraded_instruct,damaged_q4,q4_boundary_pair_72_28,rhetoric,560,0.9446,0.7393,0.9656,0.9946,0.0464,0.0393,0.2,0.025,0.7003,none
35b_a3b_moe,degraded_instruct,damaged_q4,q4_boundary_pair_72_28,spatial,560,0.9268,0.7982,0.9634,0.9875,0.0536,0.0393,0.1143,0.0411,0.7631,none
35b_a3b_moe,degraded_instruct,damaged_q4,q4_generalist_pair_72_28,adversarial,560,0.9268,0.775,0.9596,0.9911,0.05,0.0161,0.1589,0.0625,0.7409,none
35b_a3b_moe,degraded_instruct,damaged_q4,q4_generalist_pair_72_28,boundary,560,0.9411,0.7714,0.9614,0.9929,0.0464,0.0393,0.1732,0.0518,0.7332,none
35b_a3b_moe,degraded_instruct,damaged_q4,q4_generalist_pair_72_28,coding,560,0.9375,0.775,0.9612,0.9946,0.0446,0.0232,0.1625,0.0589,0.741,none
35b_a3b_moe,degraded_instruct,damaged_q4,q4_generalist_pair_72_28,epistemic,560,0.9286,0.7536,0.9597,0.9911,0.05,0.0143,0.2036,0.0393,0.7175,none
35b_a3b_moe,degraded_instruct,damaged_q4,q4_generalist_pair_72_28,forensic,560,0.9429,0.7571,0.9635,0.9964,0.0536,0.025,0.1804,0.0339,0.7199,none
35b_a3b_moe,degraded_instruct,damaged_q4,q4_generalist_pair_72_28,generalist,560,0.9411,0.7571,0.9631,0.9893,0.0393,0.0411,0.1821,0.0411,0.7205,none
35b_a3b_moe,degraded_instruct,damaged_q4,q4_generalist_pair_72_28,math,560,0.925,0.6946,0.9527,0.9911,0.0536,0.0268,0.2464,0.0589,0.6506,none
35b_a3b_moe,degraded_instruct,damaged_q4,q4_generalist_pair_72_28,planning,560,0.9196,0.7643,0.9578,0.9893,0.0589,0.0179,0.1607,0.0429,0.728,none
35b_a3b_moe,degraded_instruct,damaged_q4,q4_generalist_pair_72_28,rhetoric,560,0.9339,0.7375,0.9547,0.9839,0.0536,0.0304,0.1946,0.0571,0.6969,none
35b_a3b_moe,degraded_instruct,damaged_q4,q4_generalist_pair_72_28,spatial,560,0.9107,0.7768,0.9544,0.9893,0.0786,0.0196,0.1339,0.0446,0.7363,none
35b_a3b_moe,degraded_instruct,healthy_q6,q2_amplifier_low_echo,adversarial,560,0.8982,0.5339,0.9252,0.9946,0.0607,0.2929,0.1714,0.0821,0.4393,none
35b_a3b_moe,degraded_instruct,healthy_q6,q2_amplifier_low_echo,boundary,560,0.9196,0.5411,0.9334,0.9946,0.0571,0.3036,0.1768,0.0375,0.4472,none
35b_a3b_moe,degraded_instruct,healthy_q6,q2_amplifier_low_echo,coding,560,0.9143,0.5875,0.936,0.9929,0.0518,0.2679,0.1554,0.0482,0.5036,none
35b_a3b_moe,degraded_instruct,healthy_q6,q2_amplifier_low_echo,epistemic,560,0.9143,0.5571,0.9335,0.9875,0.0464,0.275,0.2,0.0589,0.4693,none
35b_a3b_moe,degraded_instruct,healthy_q6,q2_amplifier_low_echo,forensic,560,0.9232,0.5429,0.932,0.9839,0.0518,0.2929,0.2125,0.0482,0.4493,none
35b_a3b_moe,degraded_instruct,healthy_q6,q2_amplifier_low_echo,generalist,560,0.9,0.5304,0.9255,0.9893,0.0643,0.3179,0.1821,0.0429,0.4308,none
35b_a3b_moe,degraded_instruct,healthy_q6,q2_amplifier_low_echo,math,560,0.9393,0.5464,0.9372,0.9857,0.0393,0.2768,0.2304,0.05,0.4584,none
35b_a3b_moe,degraded_instruct,healthy_q6,q2_amplifier_low_echo,planning,560,0.9339,0.6018,0.9403,0.9946,0.0429,0.2679,0.1625,0.0446,0.5201,none
35b_a3b_moe,degraded_instruct,healthy_q6,q2_amplifier_low_echo,rhetoric,560,0.9375,0.5679,0.9388,0.9893,0.0429,0.2696,0.2054,0.0482,0.4822,none
35b_a3b_moe,degraded_instruct,healthy_q6,q2_amplifier_low_echo,spatial,560,0.9393,0.5911,0.9436,0.9839,0.0321,0.2571,0.1661,0.0518,0.5141,none
35b_a3b_moe,degraded_instruct,healthy_q6,q3_routed_tri_68,adversarial,560,0.9357,0.8054,0.963,0.9857,0.0464,0.0607,0.0875,0.0661,0.769,none
35b_a3b_moe,degraded_instruct,healthy_q6,q3_routed_tri_68,boundary,560,0.9429,0.7857,0.9655,0.9946,0.0429,0.0411,0.1357,0.0518,0.7512,none
35b_a3b_moe,degraded_instruct,healthy_q6,q3_routed_tri_68,coding,560,0.9482,0.7732,0.9666,0.9857,0.0321,0.05,0.1411,0.0446,0.7401,none
35b_a3b_moe,degraded_instruct,healthy_q6,q3_routed_tri_68,epistemic,560,0.9536,0.7911,0.9711,0.9911,0.0321,0.0375,0.1482,0.0304,0.7606,none
35b_a3b_moe,degraded_instruct,healthy_q6,q3_routed_tri_68,forensic,560,0.9536,0.8286,0.9716,0.9893,0.0321,0.0482,0.1018,0.0411,0.7991,none
35b_a3b_moe,degraded_instruct,healthy_q6,q3_routed_tri_68,generalist,560,0.9464,0.7821,0.9685,0.9911,0.0321,0.05,0.1375,0.0411,0.7494,none
35b_a3b_moe,degraded_instruct,healthy_q6,q3_routed_tri_68,math,560,0.95,0.7768,0.9667,0.9857,0.0375,0.0339,0.1679,0.0375,0.7434,none
35b_a3b_moe,degraded_instruct,healthy_q6,q3_routed_tri_68,planning,560,0.9768,0.8554,0.9772,0.9893,0.0179,0.0429,0.0911,0.0375,0.8323,none
35b_a3b_moe,degraded_instruct,healthy_q6,q3_routed_tri_68,rhetoric,560,0.9482,0.7589,0.9657,0.9839,0.0268,0.0554,0.1625,0.0536,0.7241,none
35b_a3b_moe,degraded_instruct,healthy_q6,q3_routed_tri_68,spatial,560,0.9589,0.8214,0.9721,0.9893,0.0321,0.05,0.1054,0.0411,0.7913,none
35b_a3b_moe,degraded_instruct,healthy_q6,q3_stability_tri_72,adversarial,560,0.9518,0.8143,0.9699,0.9911,0.0268,0.0446,0.1143,0.0571,0.7853,none
35b_a3b_moe,degraded_instruct,healthy_q6,q3_stability_tri_72,boundary,560,0.9536,0.7821,0.967,0.9857,0.0339,0.0446,0.1339,0.0482,0.7499,none
35b_a3b_moe,degraded_instruct,healthy_q6,q3_stability_tri_72,coding,560,0.9518,0.7964,0.967,0.9929,0.0357,0.0357,0.1357,0.0518,0.7651,none
35b_a3b_moe,degraded_instruct,healthy_q6,q3_stability_tri_72,epistemic,560,0.9304,0.7786,0.9643,0.9911,0.0393,0.0304,0.1393,0.0464,0.7472,none
35b_a3b_moe,degraded_instruct,healthy_q6,q3_stability_tri_72,forensic,560,0.9536,0.8232,0.9701,0.9857,0.0429,0.0429,0.1089,0.0304,0.7916,none
35b_a3b_moe,degraded_instruct,healthy_q6,q3_stability_tri_72,generalist,560,0.9625,0.8179,0.9743,0.9911,0.0214,0.0429,0.1214,0.0357,0.7914,none
35b_a3b_moe,degraded_instruct,healthy_q6,q3_stability_tri_72,math,560,0.9607,0.8125,0.9684,0.9946,0.0161,0.0357,0.1411,0.0821,0.7851,none
35b_a3b_moe,degraded_instruct,healthy_q6,q3_stability_tri_72,planning,560,0.9518,0.8179,0.966,0.9821,0.0304,0.0536,0.1071,0.0571,0.7866,none
35b_a3b_moe,degraded_instruct,healthy_q6,q3_stability_tri_72,rhetoric,560,0.9643,0.8089,0.9739,0.9964,0.0232,0.0393,0.1393,0.0411,0.7809,none
35b_a3b_moe,degraded_instruct,healthy_q6,q3_stability_tri_72,spatial,560,0.9589,0.8286,0.9733,0.9893,0.0286,0.0464,0.1054,0.0357,0.8005,none
35b_a3b_moe,degraded_instruct,healthy_q6,q4_boundary_pair_72_28,adversarial,560,0.9482,0.8089,0.9692,0.9893,0.0375,0.0411,0.1179,0.0446,0.7778,none
35b_a3b_moe,degraded_instruct,healthy_q6,q4_boundary_pair_72_28,boundary,560,0.9393,0.7857,0.9603,0.9929,0.0357,0.0446,0.1429,0.0821,0.7505,none
35b_a3b_moe,degraded_instruct,healthy_q6,q4_boundary_pair_72_28,coding,560,0.9554,0.8214,0.9722,0.9964,0.0268,0.0429,0.1036,0.0518,0.7939,none
35b_a3b_moe,degraded_instruct,healthy_q6,q4_boundary_pair_72_28,epistemic,560,0.9393,0.7857,0.9649,0.9857,0.0339,0.0232,0.1607,0.0429,0.7559,none
35b_a3b_moe,degraded_instruct,healthy_q6,q4_boundary_pair_72_28,forensic,560,0.9411,0.7946,0.9646,0.9946,0.05,0.0429,0.1304,0.0464,0.7583,none
35b_a3b_moe,degraded_instruct,healthy_q6,q4_boundary_pair_72_28,generalist,560,0.9429,0.7946,0.9684,0.9946,0.0339,0.0339,0.1393,0.0411,0.7645,none
35b_a3b_moe,degraded_instruct,healthy_q6,q4_boundary_pair_72_28,math,560,0.9607,0.7804,0.9686,0.9946,0.025,0.0429,0.1643,0.0589,0.7482,none
35b_a3b_moe,degraded_instruct,healthy_q6,q4_boundary_pair_72_28,planning,560,0.9482,0.8054,0.9686,0.9929,0.0357,0.0375,0.1214,0.0446,0.7752,none
35b_a3b_moe,degraded_instruct,healthy_q6,q4_boundary_pair_72_28,rhetoric,560,0.9464,0.7982,0.9663,0.9893,0.0375,0.05,0.1268,0.0554,0.7641,none
35b_a3b_moe,degraded_instruct,healthy_q6,q4_boundary_pair_72_28,spatial,560,0.9375,0.8339,0.962,0.9786,0.0446,0.0304,0.0929,0.0589,0.8041,none
35b_a3b_moe,degraded_instruct,healthy_q6,q4_generalist_pair_72_28,adversarial,560,0.9518,0.8304,0.9662,0.9857,0.0321,0.0339,0.1232,0.0661,0.8008,none
35b_a3b_moe,degraded_instruct,healthy_q6,q4_generalist_pair_72_28,boundary,560,0.9286,0.7893,0.9603,0.9804,0.05,0.0286,0.1393,0.0518,0.7548,none
35b_a3b_moe,degraded_instruct,healthy_q6,q4_generalist_pair_72_28,coding,560,0.9643,0.8214,0.9715,0.9857,0.025,0.0304,0.1411,0.0357,0.7948,none
35b_a3b_moe,degraded_instruct,healthy_q6,q4_generalist_pair_72_28,epistemic,560,0.9339,0.7536,0.9603,0.9893,0.0429,0.0286,0.1821,0.0482,0.718,none
35b_a3b_moe,degraded_instruct,healthy_q6,q4_generalist_pair_72_28,forensic,560,0.9571,0.8214,0.9701,0.9911,0.0321,0.0304,0.1196,0.0482,0.7937,none
35b_a3b_moe,degraded_instruct,healthy_q6,q4_generalist_pair_72_28,generalist,560,0.9518,0.8036,0.9709,0.9839,0.0232,0.0268,0.1393,0.0357,0.7783,none
35b_a3b_moe,degraded_instruct,healthy_q6,q4_generalist_pair_72_28,math,560,0.9661,0.7893,0.9692,0.9875,0.025,0.0268,0.1661,0.0464,0.7608,none
35b_a3b_moe,degraded_instruct,healthy_q6,q4_generalist_pair_72_28,planning,560,0.9643,0.85,0.973,0.9911,0.0321,0.0268,0.0964,0.0375,0.8254,none
35b_a3b_moe,degraded_instruct,healthy_q6,q4_generalist_pair_72_28,rhetoric,560,0.95,0.7821,0.9663,0.9875,0.0393,0.0411,0.1625,0.0375,0.7473,none
35b_a3b_moe,degraded_instruct,healthy_q6,q4_generalist_pair_72_28,spatial,560,0.9732,0.8571,0.9732,0.9821,0.0232,0.0268,0.1018,0.0429,0.8345,none
35b_a3b_moe,degraded_instruct,healthy_q8,q2_amplifier_low_echo,adversarial,560,0.9232,0.5482,0.9334,0.9929,0.0518,0.2929,0.1821,0.0482,0.4571,none
35b_a3b_moe,degraded_instruct,healthy_q8,q2_amplifier_low_echo,boundary,560,0.9232,0.5304,0.9329,0.9964,0.0536,0.3357,0.1536,0.0429,0.4327,none
35b_a3b_moe,degraded_instruct,healthy_q8,q2_amplifier_low_echo,coding,560,0.9196,0.575,0.9346,0.9911,0.0464,0.2821,0.15,0.0607,0.4896,none
35b_a3b_moe,degraded_instruct,healthy_q8,q2_amplifier_low_echo,epistemic,560,0.9339,0.5482,0.9365,0.9821,0.0375,0.2839,0.1911,0.0518,0.4623,none
35b_a3b_moe,degraded_instruct,healthy_q8,q2_amplifier_low_echo,forensic,560,0.9357,0.6018,0.9443,0.9929,0.0464,0.2768,0.1357,0.0411,0.5196,none
35b_a3b_moe,degraded_instruct,healthy_q8,q2_amplifier_low_echo,generalist,560,0.9107,0.5411,0.9312,0.9875,0.0536,0.2982,0.1679,0.0446,0.4497,none
35b_a3b_moe,degraded_instruct,healthy_q8,q2_amplifier_low_echo,math,560,0.9321,0.5946,0.9423,0.9929,0.0446,0.2375,0.2089,0.0464,0.5147,none
35b_a3b_moe,degraded_instruct,healthy_q8,q2_amplifier_low_echo,planning,560,0.9339,0.575,0.9387,0.9946,0.0429,0.2839,0.1714,0.0429,0.4895,none
35b_a3b_moe,degraded_instruct,healthy_q8,q2_amplifier_low_echo,rhetoric,560,0.9161,0.5232,0.9349,0.9893,0.05,0.3089,0.1946,0.0429,0.4287,none
35b_a3b_moe,degraded_instruct,healthy_q8,q2_amplifier_low_echo,spatial,560,0.9375,0.5696,0.9425,0.9946,0.025,0.2946,0.1732,0.0589,0.4864,none
35b_a3b_moe,degraded_instruct,healthy_q8,q3_routed_tri_68,adversarial,560,0.9696,0.8286,0.9753,0.9964,0.0214,0.0482,0.1018,0.0518,0.8018,none
35b_a3b_moe,degraded_instruct,healthy_q8,q3_routed_tri_68,boundary,560,0.9571,0.8196,0.9726,0.9946,0.0268,0.0696,0.0893,0.0589,0.7876,none
35b_a3b_moe,degraded_instruct,healthy_q8,q3_routed_tri_68,coding,560,0.9625,0.8429,0.9738,0.9839,0.0214,0.0357,0.0929,0.0429,0.8197,none
35b_a3b_moe,degraded_instruct,healthy_q8,q3_routed_tri_68,epistemic,560,0.9393,0.7982,0.9689,0.9929,0.0304,0.0304,0.1321,0.0464,0.7701,none
35b_a3b_moe,degraded_instruct,healthy_q8,q3_routed_tri_68,forensic,560,0.9768,0.8393,0.9736,0.9857,0.0161,0.0536,0.0982,0.0554,0.8131,none
35b_a3b_moe,degraded_instruct,healthy_q8,q3_routed_tri_68,generalist,560,0.9393,0.8071,0.9699,0.9893,0.0304,0.0482,0.0964,0.0464,0.7784,none
35b_a3b_moe,degraded_instruct,healthy_q8,q3_routed_tri_68,math,560,0.9625,0.7768,0.9713,0.9964,0.0214,0.0375,0.1839,0.0429,0.746,none
35b_a3b_moe,degraded_instruct,healthy_q8,q3_routed_tri_68,planning,560,0.9768,0.8464,0.976,0.9946,0.0125,0.0375,0.1,0.0518,0.8246,none
35b_a3b_moe,degraded_instruct,healthy_q8,q3_routed_tri_68,rhetoric,560,0.9714,0.8071,0.9756,0.9946,0.0196,0.0554,0.1214,0.0446,0.7782,none
35b_a3b_moe,degraded_instruct,healthy_q8,q3_routed_tri_68,spatial,560,0.9554,0.8643,0.9714,0.9929,0.0196,0.0304,0.0786,0.0696,0.8426,none
35b_a3b_moe,degraded_instruct,healthy_q8,q3_stability_tri_72,adversarial,560,0.9679,0.8411,0.9733,0.9911,0.0196,0.0482,0.0946,0.0643,0.8147,none
35b_a3b_moe,degraded_instruct,healthy_q8,q3_stability_tri_72,boundary,560,0.9643,0.8089,0.972,0.9929,0.0321,0.0732,0.1125,0.0411,0.7736,none
35b_a3b_moe,degraded_instruct,healthy_q8,q3_stability_tri_72,coding,560,0.9696,0.825,0.9723,0.9929,0.0161,0.0464,0.1107,0.0625,0.7989,none
35b_a3b_moe,degraded_instruct,healthy_q8,q3_stability_tri_72,epistemic,560,0.9589,0.7946,0.972,0.9911,0.0214,0.0232,0.1536,0.0375,0.7694,none
35b_a3b_moe,degraded_instruct,healthy_q8,q3_stability_tri_72,forensic,560,0.9714,0.8393,0.9762,0.9964,0.0214,0.0393,0.1054,0.0446,0.8143,none
35b_a3b_moe,degraded_instruct,healthy_q8,q3_stability_tri_72,generalist,560,0.9464,0.8268,0.97,0.9857,0.0179,0.0464,0.1036,0.0589,0.8009,none
35b_a3b_moe,degraded_instruct,healthy_q8,q3_stability_tri_72,math,560,0.9732,0.7839,0.9717,0.9946,0.0161,0.0429,0.1821,0.05,0.7535,none
35b_a3b_moe,degraded_instruct,healthy_q8,q3_stability_tri_72,planning,560,0.9643,0.8357,0.9685,0.9821,0.0286,0.0339,0.1107,0.0518,0.8089,none
35b_a3b_moe,degraded_instruct,healthy_q8,q3_stability_tri_72,rhetoric,560,0.9643,0.8089,0.9709,0.9893,0.0268,0.0446,0.1321,0.0464,0.7791,none
35b_a3b_moe,degraded_instruct,healthy_q8,q3_stability_tri_72,spatial,560,0.9732,0.8214,0.9774,0.9946,0.0125,0.0571,0.1214,0.0429,0.7944,none
35b_a3b_moe,degraded_instruct,healthy_q8,q4_boundary_pair_72_28,adversarial,560,0.9571,0.8304,0.9709,0.9821,0.0304,0.0607,0.0804,0.05,0.8002,none
35b_a3b_moe,degraded_instruct,healthy_q8,q4_boundary_pair_72_28,boundary,560,0.95,0.8232,0.9714,0.9911,0.0286,0.05,0.0911,0.0536,0.7947,none
35b_a3b_moe,degraded_instruct,healthy_q8,q4_boundary_pair_72_28,coding,560,0.9643,0.8536,0.972,0.9839,0.0179,0.0339,0.0929,0.0589,0.8311,none
35b_a3b_moe,degraded_instruct,healthy_q8,q4_boundary_pair_72_28,epistemic,560,0.9446,0.8036,0.9656,0.9875,0.0286,0.0232,0.15,0.0536,0.7757,none
35b_a3b_moe,degraded_instruct,healthy_q8,q4_boundary_pair_72_28,forensic,560,0.9589,0.8321,0.9677,0.9839,0.0339,0.0321,0.1196,0.0464,0.8036,none
35b_a3b_moe,degraded_instruct,healthy_q8,q4_boundary_pair_72_28,generalist,560,0.9607,0.8054,0.9721,0.9857,0.0125,0.0643,0.1054,0.0571,0.7775,none
35b_a3b_moe,degraded_instruct,healthy_q8,q4_boundary_pair_72_28,math,560,0.9554,0.7821,0.9682,0.9929,0.0268,0.0429,0.1625,0.0571,0.7497,none
35b_a3b_moe,degraded_instruct,healthy_q8,q4_boundary_pair_72_28,planning,560,0.9732,0.8482,0.9772,0.9911,0.0232,0.0339,0.0982,0.0304,0.8251,none
35b_a3b_moe,degraded_instruct,healthy_q8,q4_boundary_pair_72_28,rhetoric,560,0.9679,0.8161,0.9712,0.9875,0.0196,0.0286,0.1411,0.0518,0.7906,none
35b_a3b_moe,degraded_instruct,healthy_q8,q4_boundary_pair_72_28,spatial,560,0.9679,0.8375,0.976,0.9911,0.0179,0.0482,0.0982,0.0429,0.8125,none
35b_a3b_moe,degraded_instruct,healthy_q8,q4_generalist_pair_72_28,adversarial,560,0.9643,0.8071,0.9707,0.9911,0.0232,0.0339,0.1446,0.0518,0.7792,none
35b_a3b_moe,degraded_instruct,healthy_q8,q4_generalist_pair_72_28,boundary,560,0.9464,0.8125,0.9677,0.9875,0.0393,0.0339,0.1232,0.0446,0.7818,none
35b_a3b_moe,degraded_instruct,healthy_q8,q4_generalist_pair_72_28,coding,560,0.9554,0.8482,0.9727,0.9911,0.025,0.0196,0.0982,0.0482,0.8265,none
35b_a3b_moe,degraded_instruct,healthy_q8,q4_generalist_pair_72_28,epistemic,560,0.9536,0.8107,0.9678,0.9911,0.0339,0.0179,0.1429,0.0411,0.7835,none
35b_a3b_moe,degraded_instruct,healthy_q8,q4_generalist_pair_72_28,forensic,560,0.9607,0.8536,0.9732,0.9893,0.0196,0.0268,0.1036,0.0518,0.8314,none
35b_a3b_moe,degraded_instruct,healthy_q8,q4_generalist_pair_72_28,generalist,560,0.9482,0.8089,0.9702,0.9839,0.0214,0.0375,0.1321,0.0429,0.7823,none
35b_a3b_moe,degraded_instruct,healthy_q8,q4_generalist_pair_72_28,math,560,0.9607,0.8232,0.9707,0.9893,0.0268,0.0268,0.125,0.05,0.7973,none
35b_a3b_moe,degraded_instruct,healthy_q8,q4_generalist_pair_72_28,planning,560,0.9679,0.8571,0.9733,0.9929,0.0161,0.025,0.0982,0.0554,0.8367,none
35b_a3b_moe,degraded_instruct,healthy_q8,q4_generalist_pair_72_28,rhetoric,560,0.9482,0.7982,0.966,0.9893,0.0304,0.0196,0.15,0.0571,0.7703,none
35b_a3b_moe,degraded_instruct,healthy_q8,q4_generalist_pair_72_28,spatial,560,0.975,0.8804,0.9767,0.9911,0.0143,0.0232,0.0786,0.0518,0.8626,none
35b_a3b_moe,degraded_instruct,q8_k_m,q2_amplifier_low_echo,adversarial,560,0.9357,0.5411,0.9375,0.9893,0.0464,0.3161,0.1589,0.0304,0.4497,none
35b_a3b_moe,degraded_instruct,q8_k_m,q2_amplifier_low_echo,boundary,560,0.9179,0.5232,0.9274,0.9911,0.0464,0.3375,0.1625,0.0679,0.4254,none
35b_a3b_moe,degraded_instruct,q8_k_m,q2_amplifier_low_echo,coding,560,0.9339,0.6089,0.9407,0.9911,0.0429,0.2607,0.1482,0.0446,0.5298,none
35b_a3b_moe,degraded_instruct,q8_k_m,q2_amplifier_low_echo,epistemic,560,0.9286,0.5732,0.9415,0.9893,0.0304,0.3071,0.1482,0.0482,0.4884,none
35b_a3b_moe,degraded_instruct,q8_k_m,q2_amplifier_low_echo,forensic,560,0.9357,0.5929,0.9425,0.9893,0.0357,0.2875,0.1571,0.0464,0.5098,none
35b_a3b_moe,degraded_instruct,q8_k_m,q2_amplifier_low_echo,generalist,560,0.9107,0.5625,0.9351,0.9929,0.0429,0.2857,0.1625,0.0536,0.4768,none
35b_a3b_moe,degraded_instruct,q8_k_m,q2_amplifier_low_echo,math,560,0.9214,0.5196,0.9341,0.9911,0.0429,0.2839,0.2268,0.0661,0.4286,none
35b_a3b_moe,degraded_instruct,q8_k_m,q2_amplifier_low_echo,planning,560,0.9214,0.575,0.9383,0.9929,0.0464,0.2732,0.1714,0.0411,0.4907,none
35b_a3b_moe,degraded_instruct,q8_k_m,q2_amplifier_low_echo,rhetoric,560,0.9143,0.5179,0.9337,0.9946,0.0589,0.3214,0.1946,0.0375,0.4184,none
35b_a3b_moe,degraded_instruct,q8_k_m,q2_amplifier_low_echo,spatial,560,0.9232,0.5732,0.9395,0.9911,0.0411,0.2643,0.1536,0.0625,0.4926,none
35b_a3b_moe,degraded_instruct,q8_k_m,q3_routed_tri_68,adversarial,560,0.9714,0.8304,0.9755,0.9946,0.0214,0.0589,0.0893,0.0554,0.8022,none
35b_a3b_moe,degraded_instruct,q8_k_m,q3_routed_tri_68,boundary,560,0.9554,0.8375,0.9736,0.9946,0.0286,0.0554,0.0786,0.0518,0.809,none
35b_a3b_moe,degraded_instruct,q8_k_m,q3_routed_tri_68,coding,560,0.9518,0.8,0.9681,0.9911,0.0232,0.0554,0.125,0.0643,0.7687,none
35b_a3b_moe,degraded_instruct,q8_k_m,q3_routed_tri_68,epistemic,560,0.9589,0.8089,0.9709,0.9893,0.0232,0.0339,0.1321,0.0464,0.7823,none
35b_a3b_moe,degraded_instruct,q8_k_m,q3_routed_tri_68,forensic,560,0.9607,0.8196,0.9704,0.9875,0.0304,0.0536,0.1179,0.0482,0.788,none
35b_a3b_moe,degraded_instruct,q8_k_m,q3_routed_tri_68,generalist,560,0.9536,0.8321,0.9767,0.9946,0.0107,0.0464,0.1107,0.0429,0.8086,none
35b_a3b_moe,degraded_instruct,q8_k_m,q3_routed_tri_68,math,560,0.9696,0.7964,0.9719,0.9875,0.0161,0.0357,0.1607,0.0482,0.7692,none
35b_a3b_moe,degraded_instruct,q8_k_m,q3_routed_tri_68,planning,560,0.975,0.8696,0.9737,0.9893,0.0179,0.0393,0.0768,0.0607,0.8473,none
35b_a3b_moe,degraded_instruct,q8_k_m,q3_routed_tri_68,rhetoric,560,0.9732,0.8214,0.9775,0.9893,0.0143,0.0625,0.1054,0.0411,0.7942,none
35b_a3b_moe,degraded_instruct,q8_k_m,q3_routed_tri_68,spatial,560,0.9607,0.8375,0.9719,0.9875,0.0232,0.0429,0.0964,0.0536,0.8116,none
35b_a3b_moe,degraded_instruct,q8_k_m,q3_stability_tri_72,adversarial,560,0.9661,0.8286,0.9735,0.9804,0.0089,0.0536,0.0982,0.0589,0.8044,none
35b_a3b_moe,degraded_instruct,q8_k_m,q3_stability_tri_72,boundary,560,0.9536,0.8143,0.9706,0.9911,0.0375,0.05,0.1018,0.0429,0.7828,none
35b_a3b_moe,degraded_instruct,q8_k_m,q3_stability_tri_72,coding,560,0.9696,0.8357,0.9756,0.9875,0.0196,0.0446,0.1071,0.0375,0.8104,none
35b_a3b_moe,degraded_instruct,q8_k_m,q3_stability_tri_72,epistemic,560,0.9679,0.8339,0.9769,0.9875,0.0161,0.0304,0.1143,0.0339,0.8122,none
35b_a3b_moe,degraded_instruct,q8_k_m,q3_stability_tri_72,forensic,560,0.9661,0.8411,0.9735,0.9893,0.025,0.05,0.0857,0.0518,0.8141,none
35b_a3b_moe,degraded_instruct,q8_k_m,q3_stability_tri_72,generalist,560,0.9571,0.8232,0.9725,0.9857,0.0214,0.0464,0.1,0.0446,0.7973,none
35b_a3b_moe,degraded_instruct,q8_k_m,q3_stability_tri_72,math,560,0.9661,0.8036,0.9736,0.9875,0.025,0.0589,0.1375,0.0339,0.7716,none
35b_a3b_moe,degraded_instruct,q8_k_m,q3_stability_tri_72,planning,560,0.9679,0.8571,0.975,0.9875,0.0232,0.0321,0.0911,0.0393,0.8345,none
35b_a3b_moe,degraded_instruct,q8_k_m,q3_stability_tri_72,rhetoric,560,0.9589,0.8125,0.9673,0.9875,0.0214,0.0339,0.1375,0.0679,0.7849,none
35b_a3b_moe,degraded_instruct,q8_k_m,q3_stability_tri_72,spatial,560,0.9714,0.8554,0.9756,0.9911,0.0161,0.0304,0.0982,0.05,0.8341,none
35b_a3b_moe,degraded_instruct,q8_k_m,q4_boundary_pair_72_28,adversarial,560,0.9643,0.85,0.9725,0.9893,0.0232,0.0357,0.0946,0.0571,0.8255,none
35b_a3b_moe,degraded_instruct,q8_k_m,q4_boundary_pair_72_28,boundary,560,0.9571,0.8161,0.9701,0.9911,0.0214,0.0464,0.1071,0.0679,0.7884,none
35b_a3b_moe,degraded_instruct,q8_k_m,q4_boundary_pair_72_28,coding,560,0.9786,0.8446,0.9766,0.9893,0.0179,0.0446,0.0964,0.0411,0.8206,none
35b_a3b_moe,degraded_instruct,q8_k_m,q4_boundary_pair_72_28,epistemic,560,0.9661,0.8304,0.9755,0.9875,0.0125,0.0339,0.1268,0.0411,0.8076,none
35b_a3b_moe,degraded_instruct,q8_k_m,q4_boundary_pair_72_28,forensic,560,0.9643,0.8357,0.9697,0.9804,0.0268,0.0411,0.1107,0.0482,0.8082,none
35b_a3b_moe,degraded_instruct,q8_k_m,q4_boundary_pair_72_28,generalist,560,0.9643,0.8446,0.976,0.9911,0.0196,0.0304,0.1,0.0375,0.8228,none
35b_a3b_moe,degraded_instruct,q8_k_m,q4_boundary_pair_72_28,math,560,0.9625,0.8286,0.9709,0.9893,0.0196,0.0304,0.1286,0.0625,0.8032,none
35b_a3b_moe,degraded_instruct,q8_k_m,q4_boundary_pair_72_28,planning,560,0.9661,0.8518,0.9728,0.9911,0.0214,0.0357,0.0911,0.0571,0.8281,none
35b_a3b_moe,degraded_instruct,q8_k_m,q4_boundary_pair_72_28,rhetoric,560,0.9554,0.8446,0.97,0.9875,0.025,0.025,0.1071,0.0589,0.8206,none
35b_a3b_moe,degraded_instruct,q8_k_m,q4_boundary_pair_72_28,spatial,560,0.9607,0.825,0.9711,0.9893,0.0232,0.0482,0.1054,0.0571,0.7971,none
35b_a3b_moe,degraded_instruct,q8_k_m,q4_generalist_pair_72_28,adversarial,560,0.9607,0.8464,0.9711,0.9804,0.0214,0.0286,0.0929,0.0571,0.824,none
35b_a3b_moe,degraded_instruct,q8_k_m,q4_generalist_pair_72_28,boundary,560,0.9625,0.8375,0.9724,0.9893,0.0321,0.0339,0.1054,0.0393,0.8107,none
35b_a3b_moe,degraded_instruct,q8_k_m,q4_generalist_pair_72_28,coding,560,0.9679,0.8321,0.9732,0.9786,0.0161,0.0339,0.1179,0.0411,0.8091,none
35b_a3b_moe,degraded_instruct,q8_k_m,q4_generalist_pair_72_28,epistemic,560,0.9786,0.8589,0.9803,0.9929,0.0125,0.0089,0.1196,0.025,0.8426,none
35b_a3b_moe,degraded_instruct,q8_k_m,q4_generalist_pair_72_28,forensic,560,0.9696,0.8554,0.9738,0.9911,0.0161,0.0232,0.1196,0.05,0.8338,none
35b_a3b_moe,degraded_instruct,q8_k_m,q4_generalist_pair_72_28,generalist,560,0.9625,0.8214,0.9732,0.9929,0.0179,0.0429,0.1161,0.0464,0.7959,none
35b_a3b_moe,degraded_instruct,q8_k_m,q4_generalist_pair_72_28,math,560,0.9607,0.8089,0.9707,0.9946,0.0161,0.0196,0.1518,0.0643,0.7848,none
35b_a3b_moe,degraded_instruct,q8_k_m,q4_generalist_pair_72_28,planning,560,0.9536,0.8536,0.9672,0.9857,0.0268,0.0179,0.0964,0.0625,0.8311,none
35b_a3b_moe,degraded_instruct,q8_k_m,q4_generalist_pair_72_28,rhetoric,560,0.9482,0.8107,0.9689,0.9839,0.0321,0.0143,0.1393,0.0393,0.7851,none
35b_a3b_moe,degraded_instruct,q8_k_m,q4_generalist_pair_72_28,spatial,560,0.975,0.8518,0.9761,0.9821,0.0161,0.0375,0.0982,0.0411,0.8296,none
35b_a3b_moe,instruct,base_f16,q2_amplifier_low_echo,adversarial,560,0.9268,0.5643,0.9337,0.9929,0.0482,0.3179,0.1607,0.0482,0.471,none
35b_a3b_moe,instruct,base_f16,q2_amplifier_low_echo,boundary,560,0.9268,0.5679,0.9359,0.9839,0.0357,0.2911,0.1839,0.0571,0.4814,none
35b_a3b_moe,instruct,base_f16,q2_amplifier_low_echo,coding,560,0.9429,0.6071,0.9426,0.9875,0.0321,0.2625,0.1393,0.0518,0.5313,none
35b_a3b_moe,instruct,base_f16,q2_amplifier_low_echo,epistemic,560,0.9357,0.5821,0.9443,0.9875,0.0268,0.2536,0.1839,0.05,0.5062,none
35b_a3b_moe,instruct,base_f16,q2_amplifier_low_echo,forensic,560,0.9411,0.5464,0.9413,0.9964,0.0393,0.3018,0.1839,0.0429,0.4574,none
35b_a3b_moe,instruct,base_f16,q2_amplifier_low_echo,generalist,560,0.9089,0.5696,0.9346,0.9857,0.0339,0.2679,0.1679,0.0643,0.4892,none
35b_a3b_moe,instruct,base_f16,q2_amplifier_low_echo,math,560,0.925,0.6107,0.9401,0.9857,0.0518,0.2339,0.1893,0.0482,0.5308,none
35b_a3b_moe,instruct,base_f16,q2_amplifier_low_echo,planning,560,0.9446,0.6375,0.9465,0.9929,0.0357,0.2536,0.1304,0.0411,0.5636,none
35b_a3b_moe,instruct,base_f16,q2_amplifier_low_echo,rhetoric,560,0.9339,0.5661,0.9418,0.9946,0.0357,0.275,0.1768,0.0571,0.4834,none
35b_a3b_moe,instruct,base_f16,q2_amplifier_low_echo,spatial,560,0.9357,0.6375,0.9463,0.9911,0.0357,0.2429,0.1125,0.0661,0.5659,none
35b_a3b_moe,instruct,base_f16,q3_routed_tri_68,adversarial,560,0.9696,0.8768,0.9769,0.9911,0.025,0.0232,0.075,0.0446,0.8564,none
35b_a3b_moe,instruct,base_f16,q3_routed_tri_68,boundary,560,0.9607,0.8464,0.9754,0.9929,0.025,0.0464,0.0839,0.0464,0.8206,none
35b_a3b_moe,instruct,base_f16,q3_routed_tri_68,coding,560,0.9643,0.8732,0.9737,0.9857,0.0214,0.0304,0.0679,0.0554,0.8525,none
35b_a3b_moe,instruct,base_f16,q3_routed_tri_68,epistemic,560,0.9696,0.8464,0.9751,0.9893,0.0107,0.0196,0.1161,0.0482,0.8276,none
35b_a3b_moe,instruct,base_f16,q3_routed_tri_68,forensic,560,0.9768,0.8643,0.9775,0.9929,0.0125,0.0429,0.0786,0.0571,0.8428,none
35b_a3b_moe,instruct,base_f16,q3_routed_tri_68,generalist,560,0.9679,0.8643,0.9802,0.9946,0.0054,0.0393,0.0732,0.0482,0.8466,none
35b_a3b_moe,instruct,base_f16,q3_routed_tri_68,math,560,0.9714,0.8268,0.9746,0.9929,0.0161,0.0161,0.1321,0.05,0.8057,none
35b_a3b_moe,instruct,base_f16,q3_routed_tri_68,planning,560,0.9643,0.8607,0.9733,0.9875,0.0161,0.0375,0.0839,0.0571,0.8388,none
35b_a3b_moe,instruct,base_f16,q3_routed_tri_68,rhetoric,560,0.975,0.8304,0.9751,0.9911,0.0196,0.025,0.1268,0.0411,0.8073,none
35b_a3b_moe,instruct,base_f16,q3_routed_tri_68,spatial,560,0.9625,0.8393,0.9693,0.9911,0.0304,0.0196,0.1232,0.0536,0.8137,none
35b_a3b_moe,instruct,base_f16,q3_stability_tri_72,adversarial,560,0.9661,0.8536,0.9758,0.9929,0.0196,0.0321,0.0964,0.0482,0.8311,none
35b_a3b_moe,instruct,base_f16,q3_stability_tri_72,boundary,560,0.9429,0.8125,0.9691,0.9964,0.0286,0.0554,0.0982,0.0679,0.7816,none
35b_a3b_moe,instruct,base_f16,q3_stability_tri_72,coding,560,0.975,0.8536,0.9764,0.9893,0.0161,0.0411,0.0946,0.0464,0.8306,none
35b_a3b_moe,instruct,base_f16,q3_stability_tri_72,epistemic,560,0.9661,0.8625,0.9789,0.9857,0.0089,0.0161,0.0911,0.0339,0.8476,none
35b_a3b_moe,instruct,base_f16,q3_stability_tri_72,forensic,560,0.9786,0.8696,0.9801,0.9929,0.0161,0.0393,0.0786,0.0393,0.8487,none
35b_a3b_moe,instruct,base_f16,q3_stability_tri_72,generalist,560,0.9625,0.8768,0.9811,0.9946,0.0179,0.0339,0.0661,0.0304,0.8578,none
35b_a3b_moe,instruct,base_f16,q3_stability_tri_72,math,560,0.9786,0.8071,0.974,0.9893,0.0089,0.025,0.1679,0.0482,0.7836,none
35b_a3b_moe,instruct,base_f16,q3_stability_tri_72,planning,560,0.9625,0.8482,0.9741,0.9911,0.0268,0.0232,0.0946,0.0393,0.826,none
35b_a3b_moe,instruct,base_f16,q3_stability_tri_72,rhetoric,560,0.9679,0.8554,0.976,0.9893,0.0089,0.0214,0.0964,0.0589,0.8377,none
35b_a3b_moe,instruct,base_f16,q3_stability_tri_72,spatial,560,0.9625,0.8589,0.9734,0.9857,0.0304,0.0357,0.0839,0.0411,0.8339,none
35b_a3b_moe,instruct,base_f16,q4_boundary_pair_72_28,adversarial,560,0.9482,0.8536,0.9709,0.9911,0.0214,0.0286,0.075,0.075,0.8317,none
35b_a3b_moe,instruct,base_f16,q4_boundary_pair_72_28,boundary,560,0.9607,0.8464,0.9731,0.9893,0.0232,0.0482,0.0839,0.0554,0.8203,none
35b_a3b_moe,instruct,base_f16,q4_boundary_pair_72_28,coding,560,0.9732,0.8607,0.973,0.9893,0.0143,0.0286,0.0893,0.0696,0.8401,none
35b_a3b_moe,instruct,base_f16,q4_boundary_pair_72_28,epistemic,560,0.9589,0.8446,0.9715,0.9893,0.0214,0.0196,0.1054,0.0536,0.8232,none
35b_a3b_moe,instruct,base_f16,q4_boundary_pair_72_28,forensic,560,0.975,0.9036,0.9804,0.9911,0.0196,0.0125,0.0679,0.0339,0.8881,none
35b_a3b_moe,instruct,base_f16,q4_boundary_pair_72_28,generalist,560,0.9679,0.8482,0.9793,0.9893,0.0161,0.0429,0.0857,0.0304,0.8264,none
35b_a3b_moe,instruct,base_f16,q4_boundary_pair_72_28,math,560,0.9607,0.8125,0.9704,0.9964,0.0179,0.0196,0.1482,0.0679,0.788,none
35b_a3b_moe,instruct,base_f16,q4_boundary_pair_72_28,planning,560,0.9768,0.8625,0.9765,0.9893,0.0143,0.0286,0.0911,0.0464,0.8429,none
35b_a3b_moe,instruct,base_f16,q4_boundary_pair_72_28,rhetoric,560,0.9643,0.8411,0.9709,0.9893,0.0196,0.0268,0.1179,0.0643,0.8172,none
35b_a3b_moe,instruct,base_f16,q4_boundary_pair_72_28,spatial,560,0.9589,0.8464,0.9717,0.9839,0.025,0.0375,0.0857,0.0571,0.8217,none
35b_a3b_moe,instruct,base_f16,q4_generalist_pair_72_28,adversarial,560,0.9554,0.8554,0.9677,0.9821,0.0304,0.0214,0.0929,0.0643,0.8313,none
35b_a3b_moe,instruct,base_f16,q4_generalist_pair_72_28,boundary,560,0.9768,0.8661,0.979,0.9946,0.0179,0.0339,0.0893,0.0393,0.8448,none
35b_a3b_moe,instruct,base_f16,q4_generalist_pair_72_28,coding,560,0.9839,0.8804,0.9801,0.9857,0.0125,0.0214,0.0839,0.0339,0.8639,none
35b_a3b_moe,instruct,base_f16,q4_generalist_pair_72_28,epistemic,560,0.9571,0.8482,0.9728,0.9964,0.0196,0.0071,0.1179,0.0518,0.8289,none
35b_a3b_moe,instruct,base_f16,q4_generalist_pair_72_28,forensic,560,0.9714,0.8875,0.977,0.9964,0.0196,0.0107,0.0732,0.0536,0.8709,none
35b_a3b_moe,instruct,base_f16,q4_generalist_pair_72_28,generalist,560,0.9571,0.8429,0.9739,0.9964,0.0143,0.0232,0.0946,0.0625,0.8232,none
35b_a3b_moe,instruct,base_f16,q4_generalist_pair_72_28,math,560,0.9696,0.8196,0.97,0.9893,0.0143,0.025,0.1411,0.0696,0.7956,none
35b_a3b_moe,instruct,base_f16,q4_generalist_pair_72_28,planning,560,0.9804,0.8946,0.9775,0.9821,0.0089,0.0125,0.0804,0.0446,0.8808,none
35b_a3b_moe,instruct,base_f16,q4_generalist_pair_72_28,rhetoric,560,0.9571,0.8393,0.9686,0.9857,0.0286,0.0089,0.125,0.0554,0.8162,none
35b_a3b_moe,instruct,base_f16,q4_generalist_pair_72_28,spatial,560,0.9732,0.8857,0.9755,0.9875,0.0161,0.0089,0.0875,0.0554,0.8693,none
35b_a3b_moe,instruct,collapsed_q2_edge,q2_amplifier_low_echo,adversarial,560,0.8429,0.4232,0.8948,0.9946,0.1196,0.2804,0.4,0.0696,0.2958,none
35b_a3b_moe,instruct,collapsed_q2_edge,q2_amplifier_low_echo,boundary,560,0.8411,0.3804,0.8927,0.9911,0.1179,0.2857,0.4589,0.0518,0.2486,none
35b_a3b_moe,instruct,collapsed_q2_edge,q2_amplifier_low_echo,coding,560,0.7196,0.3875,0.8292,0.8196,0.1268,0.2768,0.3268,0.2214,0.2569,none
35b_a3b_moe,instruct,collapsed_q2_edge,q2_amplifier_low_echo,epistemic,560,0.6411,0.3536,0.8036,0.8232,0.1625,0.2446,0.4339,0.2679,0.2078,none
35b_a3b_moe,instruct,collapsed_q2_edge,q2_amplifier_low_echo,forensic,560,0.7893,0.3911,0.8659,0.9893,0.1107,0.2875,0.4429,0.2304,0.2534,none
35b_a3b_moe,instruct,collapsed_q2_edge,q2_amplifier_low_echo,generalist,560,0.6143,0.3643,0.7743,0.7286,0.1357,0.2714,0.4036,0.3357,0.2202,none
35b_a3b_moe,instruct,collapsed_q2_edge,q2_amplifier_low_echo,math,560,0.6571,0.3429,0.7972,0.8054,0.1089,0.2714,0.3982,0.4393,0.2021,none
35b_a3b_moe,instruct,collapsed_q2_edge,q2_amplifier_low_echo,planning,560,0.7054,0.4179,0.8256,0.8071,0.1357,0.225,0.3518,0.2214,0.2929,none
35b_a3b_moe,instruct,collapsed_q2_edge,q2_amplifier_low_echo,rhetoric,560,0.5875,0.3286,0.7555,0.7268,0.1482,0.2679,0.4107,0.4571,0.1748,none
35b_a3b_moe,instruct,collapsed_q2_edge,q2_amplifier_low_echo,spatial,560,0.7375,0.4036,0.8255,0.7929,0.0839,0.275,0.3393,0.2929,0.2816,none
35b_a3b_moe,instruct,collapsed_q2_edge,q3_routed_tri_68,adversarial,560,0.5536,0.3893,0.7499,0.925,0.1661,0.0321,0.3857,0.8911,0.2576,none
35b_a3b_moe,instruct,collapsed_q2_edge,q3_routed_tri_68,boundary,560,0.5964,0.4232,0.7687,0.9464,0.1804,0.0482,0.4143,0.75,0.2888,none
35b_a3b_moe,instruct,collapsed_q2_edge,q3_routed_tri_68,coding,560,0.4464,0.3464,0.6643,0.7625,0.1625,0.0357,0.2946,1.1036,0.2118,none
35b_a3b_moe,instruct,collapsed_q2_edge,q3_routed_tri_68,epistemic,560,0.3482,0.2482,0.6233,0.7661,0.1661,0.0161,0.4,1.0964,0.1084,none
35b_a3b_moe,instruct,collapsed_q2_edge,q3_routed_tri_68,forensic,560,0.4196,0.3446,0.6718,0.9125,0.1964,0.0268,0.3304,1.1304,0.1974,none
35b_a3b_moe,instruct,collapsed_q2_edge,q3_routed_tri_68,generalist,560,0.3321,0.2571,0.6121,0.7286,0.175,0.0464,0.3839,1.1625,0.1065,none
35b_a3b_moe,instruct,collapsed_q2_edge,q3_routed_tri_68,math,560,0.3786,0.2893,0.6238,0.7411,0.1643,0.0304,0.3875,1.3429,0.1358,none
35b_a3b_moe,instruct,collapsed_q2_edge,q3_routed_tri_68,planning,560,0.4054,0.3268,0.6459,0.7196,0.1679,0.0286,0.2946,1.1304,0.1906,none
35b_a3b_moe,instruct,collapsed_q2_edge,q3_routed_tri_68,rhetoric,560,0.3,0.2214,0.5709,0.7214,0.1982,0.025,0.4107,1.4536,0.0514,none
35b_a3b_moe,instruct,collapsed_q2_edge,q3_routed_tri_68,spatial,560,0.3536,0.2893,0.5991,0.6804,0.1625,0.0286,0.3143,1.2982,0.1448,none
35b_a3b_moe,instruct,collapsed_q2_edge,q3_stability_tri_72,adversarial,560,0.6161,0.4286,0.7939,0.9714,0.1339,0.0375,0.3946,0.7429,0.3122,none
35b_a3b_moe,instruct,collapsed_q2_edge,q3_stability_tri_72,boundary,560,0.6411,0.4375,0.7931,0.9429,0.1804,0.0286,0.4304,0.6125,0.3126,none
35b_a3b_moe,instruct,collapsed_q2_edge,q3_stability_tri_72,coding,560,0.3911,0.3089,0.6423,0.7232,0.1821,0.0304,0.3321,1.1232,0.1655,none
35b_a3b_moe,instruct,collapsed_q2_edge,q3_stability_tri_72,epistemic,560,0.3982,0.3196,0.6723,0.7857,0.1625,0.0179,0.3357,0.9089,0.195,none
35b_a3b_moe,instruct,collapsed_q2_edge,q3_stability_tri_72,forensic,560,0.45,0.3464,0.6793,0.9357,0.2107,0.0393,0.3625,1.0964,0.1915,none
35b_a3b_moe,instruct,collapsed_q2_edge,q3_stability_tri_72,generalist,560,0.3893,0.2821,0.6531,0.7357,0.1518,0.025,0.425,1.0054,0.1473,none
35b_a3b_moe,instruct,collapsed_q2_edge,q3_stability_tri_72,math,560,0.3946,0.2911,0.6439,0.75,0.1321,0.0286,0.4268,1.2839,0.1474,none
35b_a3b_moe,instruct,collapsed_q2_edge,q3_stability_tri_72,planning,560,0.4839,0.3732,0.68,0.7554,0.1821,0.0196,0.3375,0.9679,0.2392,none
35b_a3b_moe,instruct,collapsed_q2_edge,q3_stability_tri_72,rhetoric,560,0.3071,0.2304,0.582,0.7,0.2,0.0286,0.3732,1.375,0.066,none
35b_a3b_moe,instruct,collapsed_q2_edge,q3_stability_tri_72,spatial,560,0.4018,0.3089,0.6393,0.7393,0.1518,0.0286,0.2911,1.175,0.1756,none
35b_a3b_moe,instruct,collapsed_q2_edge,q4_boundary_pair_72_28,adversarial,560,0.425,0.3161,0.6751,0.9196,0.1911,0.0125,0.3946,1.2625,0.1616,none
35b_a3b_moe,instruct,collapsed_q2_edge,q4_boundary_pair_72_28,boundary,560,0.4107,0.2714,0.6736,0.9321,0.225,0.0357,0.4696,1.1518,0.1016,none
35b_a3b_moe,instruct,collapsed_q2_edge,q4_boundary_pair_72_28,coding,560,0.2554,0.2036,0.5151,0.6768,0.2,0.0232,0.2911,1.7286,0.0292,classification_miss
35b_a3b_moe,instruct,collapsed_q2_edge,q4_boundary_pair_72_28,epistemic,560,0.2304,0.1821,0.5116,0.6411,0.2071,0.0161,0.3661,1.4339,0.0158,classification_miss
35b_a3b_moe,instruct,collapsed_q2_edge,q4_boundary_pair_72_28,forensic,560,0.2893,0.2339,0.5596,0.9018,0.2339,0.0286,0.3982,1.5804,0.0472,primitive_gap
35b_a3b_moe,instruct,collapsed_q2_edge,q4_boundary_pair_72_28,generalist,560,0.1804,0.1429,0.4809,0.6161,0.2268,0.0321,0.3679,1.6232,-0.0422,classification_miss
35b_a3b_moe,instruct,collapsed_q2_edge,q4_boundary_pair_72_28,math,560,0.2,0.1571,0.4666,0.6179,0.2143,0.0196,0.425,2.0107,-0.0456,classification_miss
35b_a3b_moe,instruct,collapsed_q2_edge,q4_boundary_pair_72_28,planning,560,0.2321,0.1893,0.4889,0.6268,0.2161,0.0179,0.2982,1.7268,0.0107,classification_miss
35b_a3b_moe,instruct,collapsed_q2_edge,q4_boundary_pair_72_28,rhetoric,560,0.1536,0.125,0.4322,0.6214,0.2571,0.0196,0.3946,1.9946,-0.0874,classification_miss
35b_a3b_moe,instruct,collapsed_q2_edge,q4_boundary_pair_72_28,spatial,560,0.225,0.1964,0.4844,0.6304,0.2036,0.0232,0.3018,1.8143,0.0159,classification_miss
35b_a3b_moe,instruct,collapsed_q2_edge,q4_generalist_pair_72_28,adversarial,560,0.2982,0.2232,0.554,0.7911,0.2321,0.0214,0.4,1.8,0.0273,primitive_gap
35b_a3b_moe,instruct,collapsed_q2_edge,q4_generalist_pair_72_28,boundary,560,0.2875,0.2,0.5739,0.8143,0.1893,0.0268,0.5571,1.575,0.0145,primitive_gap
35b_a3b_moe,instruct,collapsed_q2_edge,q4_generalist_pair_72_28,coding,560,0.2268,0.1821,0.5194,0.7125,0.1964,0.025,0.3464,1.7411,0.0034,primitive_gap
35b_a3b_moe,instruct,collapsed_q2_edge,q4_generalist_pair_72_28,epistemic,560,0.1839,0.1411,0.4977,0.6821,0.2268,0.0054,0.3946,1.5179,-0.0355,cascade
35b_a3b_moe,instruct,collapsed_q2_edge,q4_generalist_pair_72_28,forensic,560,0.1875,0.1536,0.4778,0.75,0.2161,0.0232,0.4214,1.8911,-0.0442,primitive_gap
35b_a3b_moe,instruct,collapsed_q2_edge,q4_generalist_pair_72_28,generalist,560,0.2143,0.1536,0.504,0.6679,0.2089,0.0304,0.4625,1.5911,-0.0317,classification_miss
35b_a3b_moe,instruct,collapsed_q2_edge,q4_generalist_pair_72_28,math,560,0.2214,0.1643,0.4972,0.6911,0.1857,0.0232,0.4018,1.9786,-0.0271,primitive_gap
35b_a3b_moe,instruct,collapsed_q2_edge,q4_generalist_pair_72_28,planning,560,0.2554,0.2089,0.5262,0.7125,0.2107,0.0179,0.35,1.6232,0.033,primitive_gap
35b_a3b_moe,instruct,collapsed_q2_edge,q4_generalist_pair_72_28,rhetoric,560,0.1857,0.1446,0.4545,0.6536,0.2286,0.0143,0.4339,1.9804,-0.0605,classification_miss
35b_a3b_moe,instruct,collapsed_q2_edge,q4_generalist_pair_72_28,spatial,560,0.2232,0.1661,0.4922,0.7054,0.2054,0.025,0.3518,1.7929,-0.0183,primitive_gap
35b_a3b_moe,instruct,damaged_q2,q2_amplifier_low_echo,adversarial,560,0.8375,0.4232,0.8952,0.9964,0.1375,0.2893,0.3446,0.0625,0.2934,none
35b_a3b_moe,instruct,damaged_q2,q2_amplifier_low_echo,boundary,560,0.8786,0.4125,0.9084,0.9964,0.1,0.275,0.3911,0.0393,0.2942,none
35b_a3b_moe,instruct,damaged_q2,q2_amplifier_low_echo,coding,560,0.875,0.4875,0.9084,0.9339,0.0661,0.2982,0.2929,0.0393,0.3826,none
35b_a3b_moe,instruct,damaged_q2,q2_amplifier_low_echo,epistemic,560,0.8571,0.4232,0.8968,0.9214,0.0821,0.2821,0.3804,0.0464,0.3094,none
35b_a3b_moe,instruct,damaged_q2,q2_amplifier_low_echo,forensic,560,0.8571,0.4625,0.9015,0.9786,0.1125,0.2518,0.3696,0.0607,0.3458,none
35b_a3b_moe,instruct,damaged_q2,q2_amplifier_low_echo,generalist,560,0.7536,0.3679,0.8614,0.8679,0.1196,0.3429,0.3339,0.0804,0.2327,none
35b_a3b_moe,instruct,damaged_q2,q2_amplifier_low_echo,math,560,0.8286,0.4357,0.8813,0.8804,0.0857,0.2786,0.3732,0.0982,0.3195,none
35b_a3b_moe,instruct,damaged_q2,q2_amplifier_low_echo,planning,560,0.8446,0.4679,0.8932,0.9107,0.0964,0.2518,0.3232,0.0554,0.3599,none
35b_a3b_moe,instruct,damaged_q2,q2_amplifier_low_echo,rhetoric,560,0.8179,0.3804,0.8812,0.8982,0.0929,0.2875,0.4071,0.0786,0.2585,none
35b_a3b_moe,instruct,damaged_q2,q2_amplifier_low_echo,spatial,560,0.8214,0.4786,0.89,0.8911,0.1036,0.2714,0.2607,0.0732,0.3687,none
35b_a3b_moe,instruct,damaged_q2,q3_routed_tri_68,adversarial,560,0.85,0.5964,0.9187,0.9964,0.1161,0.0464,0.3143,0.1214,0.5211,none
35b_a3b_moe,instruct,damaged_q2,q3_routed_tri_68,boundary,560,0.8786,0.5946,0.927,0.9839,0.1,0.0393,0.375,0.0679,0.5234,none
35b_a3b_moe,instruct,damaged_q2,q3_routed_tri_68,coding,560,0.7232,0.525,0.8382,0.8696,0.125,0.0589,0.2982,0.3732,0.4332,none
35b_a3b_moe,instruct,damaged_q2,q3_routed_tri_68,epistemic,560,0.7143,0.5089,0.8381,0.8804,0.1179,0.0286,0.3321,0.3554,0.4235,none
35b_a3b_moe,instruct,damaged_q2,q3_routed_tri_68,forensic,560,0.7607,0.5804,0.8696,0.9821,0.125,0.0357,0.3071,0.3393,0.4942,none
35b_a3b_moe,instruct,damaged_q2,q3_routed_tri_68,generalist,560,0.6964,0.5089,0.8364,0.875,0.0929,0.0393,0.3518,0.3875,0.4257,none
35b_a3b_moe,instruct,damaged_q2,q3_routed_tri_68,math,560,0.6679,0.4964,0.8054,0.8464,0.0911,0.0268,0.3411,0.6018,0.4064,none
35b_a3b_moe,instruct,damaged_q2,q3_routed_tri_68,planning,560,0.7786,0.5982,0.8661,0.875,0.0946,0.0304,0.2571,0.2982,0.5283,none
35b_a3b_moe,instruct,damaged_q2,q3_routed_tri_68,rhetoric,560,0.6786,0.4821,0.8103,0.8357,0.1054,0.0339,0.3446,0.5018,0.3911,none
35b_a3b_moe,instruct,damaged_q2,q3_routed_tri_68,spatial,560,0.7411,0.5464,0.8397,0.8893,0.1196,0.0357,0.2946,0.3982,0.4599,none
35b_a3b_moe,instruct,damaged_q2,q3_stability_tri_72,adversarial,560,0.8643,0.6089,0.9255,0.9911,0.1107,0.0339,0.3196,0.0857,0.5391,none
35b_a3b_moe,instruct,damaged_q2,q3_stability_tri_72,boundary,560,0.8893,0.5804,0.9342,0.9929,0.0857,0.0411,0.3679,0.0554,0.5142,none
35b_a3b_moe,instruct,damaged_q2,q3_stability_tri_72,coding,560,0.775,0.5732,0.8772,0.8964,0.0964,0.0232,0.2929,0.2571,0.5034,none
35b_a3b_moe,instruct,damaged_q2,q3_stability_tri_72,epistemic,560,0.7839,0.5607,0.8805,0.9214,0.1036,0.0107,0.3446,0.2143,0.4892,none
35b_a3b_moe,instruct,damaged_q2,q3_stability_tri_72,forensic,560,0.8054,0.5732,0.8784,0.9964,0.1232,0.0411,0.3446,0.2964,0.4856,none
35b_a3b_moe,instruct,damaged_q2,q3_stability_tri_72,generalist,560,0.7018,0.5125,0.8375,0.8429,0.1161,0.0393,0.325,0.3304,0.4273,none
35b_a3b_moe,instruct,damaged_q2,q3_stability_tri_72,math,560,0.7196,0.5286,0.8359,0.8732,0.0964,0.0214,0.3518,0.4607,0.4442,none
35b_a3b_moe,instruct,damaged_q2,q3_stability_tri_72,planning,560,0.7964,0.6089,0.8779,0.8821,0.0911,0.0393,0.2821,0.2393,0.5392,none
35b_a3b_moe,instruct,damaged_q2,q3_stability_tri_72,rhetoric,560,0.7214,0.5054,0.8411,0.8804,0.1071,0.0268,0.3732,0.3786,0.4191,none
35b_a3b_moe,instruct,damaged_q2,q3_stability_tri_72,spatial,560,0.7607,0.5893,0.8567,0.8768,0.1018,0.0232,0.2589,0.3375,0.5165,none
35b_a3b_moe,instruct,damaged_q2,q4_boundary_pair_72_28,adversarial,560,0.7464,0.525,0.87,0.9857,0.125,0.0304,0.3232,0.3732,0.4369,none
35b_a3b_moe,instruct,damaged_q2,q4_boundary_pair_72_28,boundary,560,0.8125,0.5232,0.8802,0.9857,0.1232,0.0375,0.3875,0.2946,0.433,none
35b_a3b_moe,instruct,damaged_q2,q4_boundary_pair_72_28,coding,560,0.55,0.425,0.7283,0.8,0.1179,0.0304,0.2964,0.8732,0.3162,none
35b_a3b_moe,instruct,damaged_q2,q4_boundary_pair_72_28,epistemic,560,0.4571,0.3286,0.6788,0.7589,0.1482,0.0232,0.3714,0.8786,0.2058,none
35b_a3b_moe,instruct,damaged_q2,q4_boundary_pair_72_28,forensic,560,0.6643,0.5214,0.8014,0.9929,0.1036,0.0357,0.3107,0.6911,0.4238,none
35b_a3b_moe,instruct,damaged_q2,q4_boundary_pair_72_28,generalist,560,0.425,0.3339,0.686,0.7446,0.1286,0.0393,0.3304,0.9107,0.2155,none
35b_a3b_moe,instruct,damaged_q2,q4_boundary_pair_72_28,math,560,0.4321,0.3375,0.6621,0.7536,0.1375,0.0214,0.3286,1.2,0.2057,none
35b_a3b_moe,instruct,damaged_q2,q4_boundary_pair_72_28,planning,560,0.5321,0.4304,0.7116,0.7982,0.1571,0.0196,0.3,0.8696,0.3118,none
35b_a3b_moe,instruct,damaged_q2,q4_boundary_pair_72_28,rhetoric,560,0.4214,0.3357,0.6689,0.7696,0.1375,0.0321,0.325,1.0982,0.2071,none
35b_a3b_moe,instruct,damaged_q2,q4_boundary_pair_72_28,spatial,560,0.4768,0.3786,0.672,0.7661,0.1446,0.0179,0.2643,1.0786,0.2565,none
35b_a3b_moe,instruct,damaged_q2,q4_generalist_pair_72_28,adversarial,560,0.625,0.4446,0.7813,0.9482,0.1268,0.025,0.3643,0.8161,0.3317,none
35b_a3b_moe,instruct,damaged_q2,q4_generalist_pair_72_28,boundary,560,0.6071,0.425,0.787,0.9268,0.1393,0.0339,0.4214,0.6839,0.3085,none
35b_a3b_moe,instruct,damaged_q2,q4_generalist_pair_72_28,coding,560,0.4661,0.3714,0.6911,0.7768,0.1357,0.0339,0.3018,1.0143,0.2491,none
35b_a3b_moe,instruct,damaged_q2,q4_generalist_pair_72_28,epistemic,560,0.4571,0.3661,0.7036,0.8393,0.1375,0.0054,0.3446,0.8571,0.2533,none
35b_a3b_moe,instruct,damaged_q2,q4_generalist_pair_72_28,forensic,560,0.5679,0.4393,0.7422,0.9321,0.1411,0.0232,0.3054,0.8911,0.3233,none
35b_a3b_moe,instruct,damaged_q2,q4_generalist_pair_72_28,generalist,560,0.4143,0.325,0.6867,0.8071,0.1411,0.0304,0.35,0.9518,0.201,none
35b_a3b_moe,instruct,damaged_q2,q4_generalist_pair_72_28,math,560,0.4625,0.3429,0.6957,0.8232,0.1214,0.0125,0.3768,1.1143,0.2181,none
35b_a3b_moe,instruct,damaged_q2,q4_generalist_pair_72_28,planning,560,0.5946,0.5054,0.7496,0.825,0.1125,0.0107,0.2464,0.8107,0.4092,none
35b_a3b_moe,instruct,damaged_q2,q4_generalist_pair_72_28,rhetoric,560,0.45,0.3339,0.6726,0.7982,0.1482,0.0107,0.3589,1.0875,0.2042,none
35b_a3b_moe,instruct,damaged_q2,q4_generalist_pair_72_28,spatial,560,0.5339,0.4214,0.7198,0.8268,0.1321,0.0214,0.3268,0.9143,0.3056,none
35b_a3b_moe,instruct,damaged_q3,q2_amplifier_low_echo,adversarial,560,0.8982,0.4964,0.922,0.9911,0.075,0.2482,0.2821,0.0554,0.3989,none
35b_a3b_moe,instruct,damaged_q3,q2_amplifier_low_echo,boundary,560,0.8893,0.4982,0.9164,0.9857,0.0786,0.2946,0.2625,0.0554,0.3919,none
35b_a3b_moe,instruct,damaged_q3,q2_amplifier_low_echo,coding,560,0.8964,0.5375,0.9236,0.9786,0.0714,0.25,0.2357,0.0464,0.4449,none
35b_a3b_moe,instruct,damaged_q3,q2_amplifier_low_echo,epistemic,560,0.9071,0.4982,0.9274,0.9911,0.0679,0.2518,0.2964,0.0339,0.4021,none
35b_a3b_moe,instruct,damaged_q3,q2_amplifier_low_echo,forensic,560,0.9071,0.5018,0.9274,0.9946,0.0804,0.2607,0.2661,0.0375,0.4024,none
35b_a3b_moe,instruct,damaged_q3,q2_amplifier_low_echo,generalist,560,0.8911,0.5071,0.9242,0.9964,0.0696,0.2661,0.2554,0.0482,0.4102,none
35b_a3b_moe,instruct,damaged_q3,q2_amplifier_low_echo,math,560,0.9071,0.5018,0.926,0.9893,0.0679,0.2661,0.2911,0.0464,0.4026,none
35b_a3b_moe,instruct,damaged_q3,q2_amplifier_low_echo,planning,560,0.9071,0.5089,0.9255,0.9929,0.0554,0.3,0.2214,0.0589,0.4117,none
35b_a3b_moe,instruct,damaged_q3,q2_amplifier_low_echo,rhetoric,560,0.9107,0.5411,0.9287,0.9946,0.0732,0.2518,0.2625,0.0446,0.4455,none
35b_a3b_moe,instruct,damaged_q3,q2_amplifier_low_echo,spatial,560,0.9036,0.5214,0.9284,0.9929,0.0696,0.2732,0.2321,0.0464,0.425,none
35b_a3b_moe,instruct,damaged_q3,q3_routed_tri_68,adversarial,560,0.9161,0.6804,0.9499,0.9929,0.0643,0.0393,0.25,0.0571,0.6304,none
35b_a3b_moe,instruct,damaged_q3,q3_routed_tri_68,boundary,560,0.9232,0.6589,0.9506,0.9911,0.0696,0.0536,0.2679,0.0339,0.6042,none
35b_a3b_moe,instruct,damaged_q3,q3_routed_tri_68,coding,560,0.9161,0.6964,0.9538,0.9893,0.0661,0.05,0.2196,0.0357,0.6472,none
35b_a3b_moe,instruct,damaged_q3,q3_routed_tri_68,epistemic,560,0.8982,0.6946,0.9448,0.9875,0.0679,0.025,0.2304,0.0625,0.6477,none
35b_a3b_moe,instruct,damaged_q3,q3_routed_tri_68,forensic,560,0.9107,0.7268,0.9489,0.9821,0.0732,0.0375,0.1929,0.0554,0.6791,none
35b_a3b_moe,instruct,damaged_q3,q3_routed_tri_68,generalist,560,0.9179,0.6893,0.9515,0.9893,0.0696,0.0411,0.2393,0.0321,0.6394,none
35b_a3b_moe,instruct,damaged_q3,q3_routed_tri_68,math,560,0.925,0.6911,0.953,0.9911,0.0554,0.0375,0.2464,0.0554,0.6445,none
35b_a3b_moe,instruct,damaged_q3,q3_routed_tri_68,planning,560,0.9196,0.7482,0.9544,0.9929,0.0714,0.0357,0.1732,0.0464,0.7035,none
35b_a3b_moe,instruct,damaged_q3,q3_routed_tri_68,rhetoric,560,0.9339,0.7196,0.9572,0.9911,0.0536,0.0375,0.2357,0.0393,0.6752,none
35b_a3b_moe,instruct,damaged_q3,q3_routed_tri_68,spatial,560,0.9429,0.7375,0.9626,0.9929,0.05,0.0464,0.1946,0.0357,0.6959,none
35b_a3b_moe,instruct,damaged_q3,q3_stability_tri_72,adversarial,560,0.9286,0.7232,0.9546,0.9875,0.0554,0.0429,0.2107,0.0536,0.6785,none
35b_a3b_moe,instruct,damaged_q3,q3_stability_tri_72,boundary,560,0.9054,0.6679,0.9471,0.9893,0.0732,0.0482,0.2536,0.0482,0.6136,none
35b_a3b_moe,instruct,damaged_q3,q3_stability_tri_72,coding,560,0.9268,0.7554,0.9581,0.9875,0.0589,0.0339,0.1679,0.0411,0.7154,none
35b_a3b_moe,instruct,damaged_q3,q3_stability_tri_72,epistemic,560,0.9143,0.7143,0.9549,0.9911,0.0571,0.0321,0.2161,0.0429,0.6713,none
35b_a3b_moe,instruct,damaged_q3,q3_stability_tri_72,forensic,560,0.9268,0.7179,0.9514,0.9875,0.0589,0.0268,0.2464,0.0482,0.6727,none
35b_a3b_moe,instruct,damaged_q3,q3_stability_tri_72,generalist,560,0.9232,0.6875,0.9534,0.9839,0.0446,0.0446,0.2464,0.0482,0.6431,none
35b_a3b_moe,instruct,damaged_q3,q3_stability_tri_72,math,560,0.9268,0.6929,0.9518,0.9893,0.0554,0.0304,0.2482,0.0625,0.6472,none
35b_a3b_moe,instruct,damaged_q3,q3_stability_tri_72,planning,560,0.9482,0.7857,0.9664,0.9929,0.0429,0.0214,0.1554,0.0357,0.7544,none
35b_a3b_moe,instruct,damaged_q3,q3_stability_tri_72,rhetoric,560,0.9411,0.7107,0.9587,0.9911,0.0464,0.0268,0.2518,0.0375,0.6694,none
35b_a3b_moe,instruct,damaged_q3,q3_stability_tri_72,spatial,560,0.9232,0.7268,0.9554,0.9964,0.0589,0.0286,0.2054,0.0536,0.6843,none
35b_a3b_moe,instruct,damaged_q3,q4_boundary_pair_72_28,adversarial,560,0.8964,0.7,0.9435,0.9946,0.0857,0.0232,0.2196,0.0714,0.6485,none
35b_a3b_moe,instruct,damaged_q3,q4_boundary_pair_72_28,boundary,560,0.925,0.7357,0.9556,0.9946,0.0679,0.0554,0.1875,0.0429,0.6871,none
35b_a3b_moe,instruct,damaged_q3,q4_boundary_pair_72_28,coding,560,0.8929,0.725,0.9442,0.9696,0.0786,0.0375,0.1714,0.0625,0.6771,none
35b_a3b_moe,instruct,damaged_q3,q4_boundary_pair_72_28,epistemic,560,0.9,0.6964,0.9436,0.9732,0.0679,0.0179,0.2321,0.0589,0.651,none
35b_a3b_moe,instruct,damaged_q3,q4_boundary_pair_72_28,forensic,560,0.9196,0.7286,0.9506,0.9893,0.0696,0.0321,0.2036,0.0536,0.6823,none
35b_a3b_moe,instruct,damaged_q3,q4_boundary_pair_72_28,generalist,560,0.8696,0.6732,0.9358,0.9643,0.0857,0.0482,0.2071,0.0661,0.618,none
35b_a3b_moe,instruct,damaged_q3,q4_boundary_pair_72_28,math,560,0.8786,0.6964,0.9273,0.9429,0.0786,0.0232,0.2214,0.1179,0.6446,none
35b_a3b_moe,instruct,damaged_q3,q4_boundary_pair_72_28,planning,560,0.8893,0.7232,0.936,0.9554,0.0732,0.0304,0.1893,0.0857,0.6757,none
35b_a3b_moe,instruct,damaged_q3,q4_boundary_pair_72_28,rhetoric,560,0.8607,0.6714,0.9256,0.9518,0.0929,0.0232,0.2411,0.0964,0.6148,none
35b_a3b_moe,instruct,damaged_q3,q4_boundary_pair_72_28,spatial,560,0.9089,0.7268,0.9439,0.9446,0.0482,0.0214,0.2018,0.0732,0.6882,none
35b_a3b_moe,instruct,damaged_q3,q4_generalist_pair_72_28,adversarial,560,0.9125,0.6804,0.9457,0.9839,0.0714,0.0196,0.25,0.0625,0.6319,none
35b_a3b_moe,instruct,damaged_q3,q4_generalist_pair_72_28,boundary,560,0.9125,0.6857,0.9469,0.9857,0.0714,0.0125,0.2679,0.0482,0.6379,none
35b_a3b_moe,instruct,damaged_q3,q4_generalist_pair_72_28,coding,560,0.925,0.7107,0.9535,0.9857,0.0554,0.0286,0.2196,0.0518,0.6682,none
35b_a3b_moe,instruct,damaged_q3,q4_generalist_pair_72_28,epistemic,560,0.8964,0.7179,0.9467,0.9893,0.0839,0.0054,0.2143,0.0429,0.6723,none
35b_a3b_moe,instruct,damaged_q3,q4_generalist_pair_72_28,forensic,560,0.9054,0.6946,0.9463,0.9875,0.075,0.0268,0.2321,0.0571,0.6454,none
35b_a3b_moe,instruct,damaged_q3,q4_generalist_pair_72_28,generalist,560,0.9054,0.6857,0.9486,0.9821,0.05,0.0357,0.2286,0.0679,0.6419,none
35b_a3b_moe,instruct,damaged_q3,q4_generalist_pair_72_28,math,560,0.9018,0.6857,0.9453,0.9821,0.0625,0.0125,0.275,0.0643,0.6392,none
35b_a3b_moe,instruct,damaged_q3,q4_generalist_pair_72_28,planning,560,0.8964,0.7143,0.9443,0.9893,0.0732,0.0125,0.2161,0.0732,0.6689,none
35b_a3b_moe,instruct,damaged_q3,q4_generalist_pair_72_28,rhetoric,560,0.9232,0.7143,0.9484,0.9786,0.0571,0.0143,0.2482,0.0625,0.6713,none
35b_a3b_moe,instruct,damaged_q3,q4_generalist_pair_72_28,spatial,560,0.9161,0.7554,0.9552,0.9929,0.0661,0.0179,0.1607,0.0536,0.7164,none
35b_a3b_moe,instruct,damaged_q4,q2_amplifier_low_echo,adversarial,560,0.8982,0.5357,0.9223,0.9893,0.0696,0.2768,0.2411,0.0589,0.4372,none
35b_a3b_moe,instruct,damaged_q4,q2_amplifier_low_echo,boundary,560,0.8768,0.4964,0.9151,0.9857,0.0786,0.2893,0.2625,0.0607,0.391,none
35b_a3b_moe,instruct,damaged_q4,q2_amplifier_low_echo,coding,560,0.9018,0.5482,0.9265,0.9875,0.0661,0.2768,0.2,0.0536,0.4544,none
35b_a3b_moe,instruct,damaged_q4,q2_amplifier_low_echo,epistemic,560,0.8893,0.5036,0.925,0.9857,0.0643,0.2696,0.2446,0.0518,0.4082,none
35b_a3b_moe,instruct,damaged_q4,q2_amplifier_low_echo,forensic,560,0.9286,0.5589,0.939,0.9929,0.0554,0.2536,0.2179,0.0357,0.4724,none
35b_a3b_moe,instruct,damaged_q4,q2_amplifier_low_echo,generalist,560,0.8839,0.5143,0.9215,0.9929,0.0857,0.2804,0.2054,0.0464,0.4138,none
35b_a3b_moe,instruct,damaged_q4,q2_amplifier_low_echo,math,560,0.9143,0.5232,0.9304,0.9875,0.0607,0.2429,0.2768,0.0536,0.4316,none
35b_a3b_moe,instruct,damaged_q4,q2_amplifier_low_echo,planning,560,0.9054,0.5482,0.9286,0.9929,0.0732,0.2625,0.1929,0.0411,0.4563,none
35b_a3b_moe,instruct,damaged_q4,q2_amplifier_low_echo,rhetoric,560,0.8964,0.5375,0.9263,0.9911,0.0714,0.2732,0.2304,0.0589,0.4401,none
35b_a3b_moe,instruct,damaged_q4,q2_amplifier_low_echo,spatial,560,0.9018,0.5554,0.9324,0.9857,0.0661,0.2696,0.1768,0.0464,0.4651,none
35b_a3b_moe,instruct,damaged_q4,q3_routed_tri_68,adversarial,560,0.9143,0.7536,0.9548,0.9893,0.0661,0.0393,0.1482,0.0607,0.711,none
35b_a3b_moe,instruct,damaged_q4,q3_routed_tri_68,boundary,560,0.9357,0.7196,0.9555,0.9893,0.0482,0.0429,0.2232,0.0589,0.6758,none
35b_a3b_moe,instruct,damaged_q4,q3_routed_tri_68,coding,560,0.9357,0.7589,0.9611,0.9857,0.0429,0.0375,0.1661,0.0482,0.7229,none
35b_a3b_moe,instruct,damaged_q4,q3_routed_tri_68,epistemic,560,0.9161,0.7179,0.9517,0.9857,0.0643,0.0196,0.2125,0.0429,0.6755,none
35b_a3b_moe,instruct,damaged_q4,q3_routed_tri_68,forensic,560,0.9464,0.7804,0.9623,0.9982,0.0411,0.0304,0.1679,0.0607,0.7455,none
35b_a3b_moe,instruct,damaged_q4,q3_routed_tri_68,generalist,560,0.925,0.7321,0.9613,0.9929,0.0518,0.0536,0.1804,0.0321,0.6899,none
35b_a3b_moe,instruct,damaged_q4,q3_routed_tri_68,math,560,0.9464,0.7357,0.9615,0.9893,0.0375,0.0339,0.2232,0.0464,0.6975,none
35b_a3b_moe,instruct,damaged_q4,q3_routed_tri_68,planning,560,0.9375,0.7714,0.9573,0.9839,0.0411,0.0268,0.1571,0.0696,0.7377,none
35b_a3b_moe,instruct,damaged_q4,q3_routed_tri_68,rhetoric,560,0.9429,0.7393,0.9623,0.9893,0.0375,0.0411,0.1893,0.0518,0.7021,none
35b_a3b_moe,instruct,damaged_q4,q3_routed_tri_68,spatial,560,0.9429,0.7679,0.9651,0.9893,0.0393,0.0304,0.1696,0.0339,0.7347,none
35b_a3b_moe,instruct,damaged_q4,q3_stability_tri_72,adversarial,560,0.9482,0.7661,0.9638,0.9911,0.0375,0.0446,0.175,0.0518,0.7293,none
35b_a3b_moe,instruct,damaged_q4,q3_stability_tri_72,boundary,560,0.9393,0.7321,0.9585,0.9911,0.0536,0.05,0.1982,0.0446,0.688,none
35b_a3b_moe,instruct,damaged_q4,q3_stability_tri_72,coding,560,0.9482,0.8125,0.9701,0.9964,0.0429,0.0286,0.1232,0.0321,0.7825,none
35b_a3b_moe,instruct,damaged_q4,q3_stability_tri_72,epistemic,560,0.9411,0.7768,0.9649,0.9875,0.0375,0.0179,0.1607,0.0393,0.7471,none
35b_a3b_moe,instruct,damaged_q4,q3_stability_tri_72,forensic,560,0.9536,0.7929,0.9639,0.9839,0.0393,0.0286,0.1661,0.0429,0.7599,none
35b_a3b_moe,instruct,damaged_q4,q3_stability_tri_72,generalist,560,0.9268,0.7411,0.9607,0.9982,0.0464,0.0464,0.1696,0.0518,0.7017,none
35b_a3b_moe,instruct,damaged_q4,q3_stability_tri_72,math,560,0.9393,0.7446,0.9613,0.9893,0.0429,0.0357,0.1875,0.0482,0.7072,none
35b_a3b_moe,instruct,damaged_q4,q3_stability_tri_72,planning,560,0.9411,0.7893,0.9646,0.9875,0.0429,0.0339,0.1411,0.0375,0.7565,none
35b_a3b_moe,instruct,damaged_q4,q3_stability_tri_72,rhetoric,560,0.9214,0.75,0.9576,0.9964,0.0625,0.0321,0.1821,0.0482,0.7078,none
35b_a3b_moe,instruct,damaged_q4,q3_stability_tri_72,spatial,560,0.9661,0.8054,0.9757,0.9964,0.0286,0.0429,0.1375,0.025,0.776,none
35b_a3b_moe,instruct,damaged_q4,q4_boundary_pair_72_28,adversarial,560,0.925,0.7446,0.957,0.9929,0.0607,0.0321,0.1946,0.0429,0.7023,none
35b_a3b_moe,instruct,damaged_q4,q4_boundary_pair_72_28,boundary,560,0.9107,0.7161,0.9505,0.9839,0.0804,0.0393,0.1893,0.0375,0.6671,none
35b_a3b_moe,instruct,damaged_q4,q4_boundary_pair_72_28,coding,560,0.9286,0.7821,0.9579,0.9893,0.0554,0.0232,0.1446,0.0589,0.7464,none
35b_a3b_moe,instruct,damaged_q4,q4_boundary_pair_72_28,epistemic,560,0.9232,0.7589,0.9593,0.9893,0.0536,0.0196,0.1696,0.0429,0.7232,none
35b_a3b_moe,instruct,damaged_q4,q4_boundary_pair_72_28,forensic,560,0.9375,0.7607,0.9615,0.9893,0.0589,0.0446,0.1571,0.0321,0.7199,none
35b_a3b_moe,instruct,damaged_q4,q4_boundary_pair_72_28,generalist,560,0.9232,0.7339,0.956,0.9839,0.0518,0.0375,0.175,0.0518,0.6943,none
35b_a3b_moe,instruct,damaged_q4,q4_boundary_pair_72_28,math,560,0.9357,0.7268,0.9568,0.9911,0.0393,0.0321,0.2286,0.0696,0.6868,none
35b_a3b_moe,instruct,damaged_q4,q4_boundary_pair_72_28,planning,560,0.9357,0.7804,0.9621,0.9911,0.05,0.025,0.1536,0.0446,0.7458,none
35b_a3b_moe,instruct,damaged_q4,q4_boundary_pair_72_28,rhetoric,560,0.9375,0.7571,0.9595,0.9911,0.0464,0.0232,0.1893,0.0554,0.7207,none
35b_a3b_moe,instruct,damaged_q4,q4_boundary_pair_72_28,spatial,560,0.9321,0.7911,0.9588,0.9893,0.0554,0.0286,0.1339,0.0607,0.755,none
35b_a3b_moe,instruct,damaged_q4,q4_generalist_pair_72_28,adversarial,560,0.9339,0.7786,0.9579,0.9857,0.0518,0.0161,0.1714,0.0554,0.7433,none
35b_a3b_moe,instruct,damaged_q4,q4_generalist_pair_72_28,boundary,560,0.9161,0.7429,0.9509,0.9857,0.0661,0.0339,0.2,0.0554,0.6975,none
35b_a3b_moe,instruct,damaged_q4,q4_generalist_pair_72_28,coding,560,0.9518,0.7946,0.9668,0.9804,0.025,0.025,0.1571,0.0482,0.7672,none
35b_a3b_moe,instruct,damaged_q4,q4_generalist_pair_72_28,epistemic,560,0.9196,0.7411,0.9561,0.9893,0.0607,0.0089,0.2036,0.0357,0.703,none
35b_a3b_moe,instruct,damaged_q4,q4_generalist_pair_72_28,forensic,560,0.9411,0.7893,0.9614,0.9893,0.0411,0.0179,0.1821,0.0518,0.7562,none
35b_a3b_moe,instruct,damaged_q4,q4_generalist_pair_72_28,generalist,560,0.9071,0.7179,0.9525,0.9929,0.0571,0.0357,0.1982,0.0607,0.6747,none
35b_a3b_moe,instruct,damaged_q4,q4_generalist_pair_72_28,math,560,0.9375,0.7411,0.9558,0.9893,0.0429,0.0214,0.2143,0.0714,0.7032,none
35b_a3b_moe,instruct,damaged_q4,q4_generalist_pair_72_28,planning,560,0.9446,0.7714,0.9613,0.9929,0.05,0.0071,0.1821,0.0429,0.7383,none
35b_a3b_moe,instruct,damaged_q4,q4_generalist_pair_72_28,rhetoric,560,0.925,0.7661,0.9578,0.9964,0.0661,0.0125,0.1768,0.0429,0.7275,none
35b_a3b_moe,instruct,damaged_q4,q4_generalist_pair_72_28,spatial,560,0.9554,0.8,0.9685,0.9875,0.0375,0.0196,0.1446,0.0321,0.7716,none
35b_a3b_moe,instruct,healthy_q6,q2_amplifier_low_echo,adversarial,560,0.9232,0.5732,0.9374,0.9929,0.05,0.25,0.1768,0.0554,0.4913,none
35b_a3b_moe,instruct,healthy_q6,q2_amplifier_low_echo,boundary,560,0.9196,0.5429,0.9282,0.9875,0.0536,0.2679,0.2268,0.0607,0.452,none
35b_a3b_moe,instruct,healthy_q6,q2_amplifier_low_echo,coding,560,0.9321,0.5554,0.9336,0.9875,0.0446,0.2839,0.1982,0.0482,0.4669,none
35b_a3b_moe,instruct,healthy_q6,q2_amplifier_low_echo,epistemic,560,0.8946,0.5732,0.9329,0.9875,0.0679,0.25,0.1821,0.0464,0.486,none
35b_a3b_moe,instruct,healthy_q6,q2_amplifier_low_echo,forensic,560,0.9357,0.5839,0.9373,0.9911,0.0429,0.2661,0.1768,0.0679,0.5003,none
35b_a3b_moe,instruct,healthy_q6,q2_amplifier_low_echo,generalist,560,0.8982,0.5143,0.9265,0.9964,0.0696,0.3107,0.2018,0.0339,0.4134,none
35b_a3b_moe,instruct,healthy_q6,q2_amplifier_low_echo,math,560,0.9286,0.55,0.9377,0.9929,0.0518,0.2857,0.1946,0.0429,0.4596,none
35b_a3b_moe,instruct,healthy_q6,q2_amplifier_low_echo,planning,560,0.9357,0.6143,0.9426,0.9893,0.05,0.2232,0.1607,0.0375,0.5399,none
35b_a3b_moe,instruct,healthy_q6,q2_amplifier_low_echo,rhetoric,560,0.9232,0.525,0.9358,0.9911,0.0536,0.2911,0.2089,0.0375,0.4321,none
35b_a3b_moe,instruct,healthy_q6,q2_amplifier_low_echo,spatial,560,0.9339,0.5929,0.9436,0.9875,0.0482,0.2643,0.1554,0.0357,0.5113,none
35b_a3b_moe,instruct,healthy_q6,q3_routed_tri_68,adversarial,560,0.95,0.8107,0.9635,0.9839,0.0357,0.0357,0.1214,0.0732,0.7795,none
35b_a3b_moe,instruct,healthy_q6,q3_routed_tri_68,boundary,560,0.95,0.7929,0.9656,0.9946,0.0375,0.0375,0.1429,0.0625,0.7596,none
35b_a3b_moe,instruct,healthy_q6,q3_routed_tri_68,coding,560,0.9482,0.8071,0.9673,0.9929,0.0375,0.0446,0.1196,0.0554,0.7746,none
35b_a3b_moe,instruct,healthy_q6,q3_routed_tri_68,epistemic,560,0.9429,0.7857,0.9637,0.9911,0.0304,0.0214,0.1571,0.0589,0.7568,none
35b_a3b_moe,instruct,healthy_q6,q3_routed_tri_68,forensic,560,0.9482,0.8054,0.9679,0.9946,0.0357,0.025,0.1411,0.0482,0.7759,none
35b_a3b_moe,instruct,healthy_q6,q3_routed_tri_68,generalist,560,0.9357,0.7857,0.9641,0.9893,0.0321,0.0393,0.1411,0.0589,0.754,none
35b_a3b_moe,instruct,healthy_q6,q3_routed_tri_68,math,560,0.9482,0.7696,0.963,0.9857,0.0339,0.0214,0.1911,0.05,0.7374,none
35b_a3b_moe,instruct,healthy_q6,q3_routed_tri_68,planning,560,0.9589,0.8143,0.9681,0.9929,0.0286,0.025,0.1375,0.0571,0.7869,none
35b_a3b_moe,instruct,healthy_q6,q3_routed_tri_68,rhetoric,560,0.9571,0.8071,0.9693,0.9911,0.0321,0.0571,0.1179,0.0536,0.774,none
35b_a3b_moe,instruct,healthy_q6,q3_routed_tri_68,spatial,560,0.9339,0.7946,0.9646,0.9929,0.0429,0.0393,0.1214,0.05,0.7617,none
35b_a3b_moe,instruct,healthy_q6,q3_stability_tri_72,adversarial,560,0.9589,0.8143,0.9714,0.9946,0.0304,0.0357,0.1196,0.05,0.786,none
35b_a3b_moe,instruct,healthy_q6,q3_stability_tri_72,boundary,560,0.9536,0.7839,0.9662,0.9875,0.0357,0.0446,0.1446,0.0482,0.7503,none
35b_a3b_moe,instruct,healthy_q6,q3_stability_tri_72,coding,560,0.9446,0.8214,0.9682,0.9911,0.0411,0.0286,0.1143,0.0429,0.7921,none
35b_a3b_moe,instruct,healthy_q6,q3_stability_tri_72,epistemic,560,0.9464,0.7839,0.9661,0.9857,0.0321,0.0214,0.1714,0.0357,0.7545,none
35b_a3b_moe,instruct,healthy_q6,q3_stability_tri_72,forensic,560,0.9625,0.8071,0.9683,0.9804,0.025,0.0286,0.1482,0.0411,0.78,none
35b_a3b_moe,instruct,healthy_q6,q3_stability_tri_72,generalist,560,0.9411,0.7929,0.9668,0.9857,0.0321,0.025,0.1482,0.0429,0.7642,none
35b_a3b_moe,instruct,healthy_q6,q3_stability_tri_72,math,560,0.9464,0.7768,0.9653,0.9946,0.0286,0.0214,0.1821,0.0607,0.7463,none
35b_a3b_moe,instruct,healthy_q6,q3_stability_tri_72,planning,560,0.9696,0.8375,0.9727,0.9893,0.025,0.0321,0.1196,0.0393,0.812,none
35b_a3b_moe,instruct,healthy_q6,q3_stability_tri_72,rhetoric,560,0.9446,0.7946,0.9669,0.9893,0.0393,0.025,0.1589,0.0375,0.7633,none
35b_a3b_moe,instruct,healthy_q6,q3_stability_tri_72,spatial,560,0.9589,0.8268,0.9703,0.9911,0.0304,0.025,0.1268,0.0464,0.8002,none
35b_a3b_moe,instruct,healthy_q6,q4_boundary_pair_72_28,adversarial,560,0.9429,0.7964,0.9642,0.9839,0.0357,0.0393,0.1357,0.0589,0.7641,none
35b_a3b_moe,instruct,healthy_q6,q4_boundary_pair_72_28,boundary,560,0.9339,0.7911,0.9612,0.9893,0.0518,0.0196,0.1464,0.05,0.7574,none
35b_a3b_moe,instruct,healthy_q6,q4_boundary_pair_72_28,coding,560,0.9589,0.8214,0.9696,0.9946,0.0304,0.0375,0.1143,0.0571,0.7928,none
35b_a3b_moe,instruct,healthy_q6,q4_boundary_pair_72_28,epistemic,560,0.9536,0.8321,0.968,0.9875,0.025,0.0161,0.1214,0.0554,0.8089,none
35b_a3b_moe,instruct,healthy_q6,q4_boundary_pair_72_28,forensic,560,0.9607,0.8196,0.9726,0.9982,0.0268,0.0304,0.1304,0.0464,0.7928,none
35b_a3b_moe,instruct,healthy_q6,q4_boundary_pair_72_28,generalist,560,0.9268,0.7929,0.9608,0.9893,0.05,0.0357,0.125,0.0536,0.758,none
35b_a3b_moe,instruct,healthy_q6,q4_boundary_pair_72_28,math,560,0.9482,0.7893,0.9687,0.9982,0.0339,0.0125,0.1732,0.0446,0.7605,none
35b_a3b_moe,instruct,healthy_q6,q4_boundary_pair_72_28,planning,560,0.9625,0.8357,0.969,0.9857,0.0286,0.0304,0.1036,0.0518,0.8102,none
35b_a3b_moe,instruct,healthy_q6,q4_boundary_pair_72_28,rhetoric,560,0.9571,0.7893,0.9688,0.9946,0.0286,0.0268,0.1554,0.05,0.7604,none
35b_a3b_moe,instruct,healthy_q6,q4_boundary_pair_72_28,spatial,560,0.9607,0.8304,0.9706,0.9857,0.0286,0.025,0.1179,0.0429,0.8052,none
35b_a3b_moe,instruct,healthy_q6,q4_generalist_pair_72_28,adversarial,560,0.9429,0.8107,0.9676,0.9875,0.0429,0.0161,0.1321,0.0357,0.7823,none
35b_a3b_moe,instruct,healthy_q6,q4_generalist_pair_72_28,boundary,560,0.9411,0.7964,0.965,0.9911,0.0446,0.0339,0.1357,0.05,0.7629,none
35b_a3b_moe,instruct,healthy_q6,q4_generalist_pair_72_28,coding,560,0.95,0.8071,0.9684,0.9893,0.0357,0.0232,0.1393,0.0393,0.7787,none
35b_a3b_moe,instruct,healthy_q6,q4_generalist_pair_72_28,epistemic,560,0.9536,0.8179,0.971,0.9946,0.0286,0.0054,0.15,0.0375,0.7943,none
35b_a3b_moe,instruct,healthy_q6,q4_generalist_pair_72_28,forensic,560,0.9643,0.8393,0.9712,0.9946,0.0268,0.0143,0.1196,0.0518,0.8162,none
35b_a3b_moe,instruct,healthy_q6,q4_generalist_pair_72_28,generalist,560,0.9268,0.7911,0.9653,0.9911,0.0357,0.0286,0.1393,0.05,0.761,none
35b_a3b_moe,instruct,healthy_q6,q4_generalist_pair_72_28,math,560,0.9554,0.7821,0.9632,0.9893,0.0268,0.0232,0.1893,0.0661,0.751,none
35b_a3b_moe,instruct,healthy_q6,q4_generalist_pair_72_28,planning,560,0.9589,0.8339,0.9685,0.9857,0.0286,0.0214,0.1214,0.05,0.8089,none
35b_a3b_moe,instruct,healthy_q6,q4_generalist_pair_72_28,rhetoric,560,0.9357,0.8161,0.961,0.9875,0.0393,0.0107,0.1429,0.0696,0.7872,none
35b_a3b_moe,instruct,healthy_q6,q4_generalist_pair_72_28,spatial,560,0.9536,0.8054,0.9684,0.9964,0.0357,0.0232,0.1446,0.0446,0.7762,none
35b_a3b_moe,instruct,healthy_q8,q2_amplifier_low_echo,adversarial,560,0.9036,0.55,0.9293,0.9911,0.0607,0.2839,0.1786,0.0571,0.4579,none
35b_a3b_moe,instruct,healthy_q8,q2_amplifier_low_echo,boundary,560,0.8929,0.5339,0.9221,0.9857,0.0696,0.2875,0.2018,0.0661,0.4361,none
35b_a3b_moe,instruct,healthy_q8,q2_amplifier_low_echo,coding,560,0.9143,0.5839,0.9356,0.9875,0.0482,0.2768,0.1643,0.0446,0.4987,none
35b_a3b_moe,instruct,healthy_q8,q2_amplifier_low_echo,epistemic,560,0.9089,0.5393,0.9349,0.9929,0.0589,0.2625,0.2214,0.0375,0.4495,none
35b_a3b_moe,instruct,healthy_q8,q2_amplifier_low_echo,forensic,560,0.9125,0.5946,0.9362,0.9929,0.0571,0.2536,0.1643,0.0589,0.5107,none
35b_a3b_moe,instruct,healthy_q8,q2_amplifier_low_echo,generalist,560,0.9125,0.5643,0.9307,0.9857,0.0393,0.2786,0.1821,0.0643,0.479,none
35b_a3b_moe,instruct,healthy_q8,q2_amplifier_low_echo,math,560,0.9214,0.5625,0.9336,0.9804,0.0518,0.2732,0.2018,0.0482,0.4738,none
35b_a3b_moe,instruct,healthy_q8,q2_amplifier_low_echo,planning,560,0.9339,0.6071,0.9415,0.9946,0.0429,0.2804,0.1214,0.0446,0.5263,none
35b_a3b_moe,instruct,healthy_q8,q2_amplifier_low_echo,rhetoric,560,0.9161,0.5536,0.9342,0.9839,0.0536,0.2732,0.2089,0.0464,0.4638,none
35b_a3b_moe,instruct,healthy_q8,q2_amplifier_low_echo,spatial,560,0.925,0.5661,0.9395,0.9946,0.0411,0.2857,0.1518,0.0607,0.4814,none
35b_a3b_moe,instruct,healthy_q8,q3_routed_tri_68,adversarial,560,0.9661,0.8464,0.9752,0.9929,0.025,0.0321,0.0946,0.0446,0.8227,none
35b_a3b_moe,instruct,healthy_q8,q3_routed_tri_68,boundary,560,0.9661,0.8339,0.9707,0.9821,0.0232,0.0464,0.1036,0.0536,0.8067,none
35b_a3b_moe,instruct,healthy_q8,q3_routed_tri_68,coding,560,0.9786,0.8554,0.9747,0.9768,0.0071,0.0286,0.1054,0.0518,0.8365,none
35b_a3b_moe,instruct,healthy_q8,q3_routed_tri_68,epistemic,560,0.9446,0.7821,0.9682,0.9911,0.0321,0.0214,0.1607,0.0339,0.7537,none
35b_a3b_moe,instruct,healthy_q8,q3_routed_tri_68,forensic,560,0.9518,0.8304,0.969,0.9911,0.0375,0.0214,0.1107,0.0429,0.8038,none
35b_a3b_moe,instruct,healthy_q8,q3_routed_tri_68,generalist,560,0.9268,0.775,0.9628,0.9821,0.0357,0.0518,0.1339,0.0554,0.7404,none
35b_a3b_moe,instruct,healthy_q8,q3_routed_tri_68,math,560,0.9625,0.7875,0.9699,0.9929,0.0143,0.0286,0.1786,0.0589,0.7603,none
35b_a3b_moe,instruct,healthy_q8,q3_routed_tri_68,planning,560,0.9446,0.8214,0.9666,0.9893,0.0393,0.0339,0.1,0.05,0.7924,none
35b_a3b_moe,instruct,healthy_q8,q3_routed_tri_68,rhetoric,560,0.9643,0.8214,0.9707,0.9911,0.025,0.0232,0.1304,0.0536,0.7962,none
35b_a3b_moe,instruct,healthy_q8,q3_routed_tri_68,spatial,560,0.9679,0.8464,0.975,0.9839,0.0196,0.0339,0.0982,0.0393,0.8239,none
35b_a3b_moe,instruct,healthy_q8,q3_stability_tri_72,adversarial,560,0.9554,0.8268,0.9721,0.9875,0.025,0.0375,0.1018,0.05,0.8011,none
35b_a3b_moe,instruct,healthy_q8,q3_stability_tri_72,boundary,560,0.9714,0.8107,0.9733,0.9893,0.0214,0.0679,0.1036,0.0518,0.7798,none
35b_a3b_moe,instruct,healthy_q8,q3_stability_tri_72,coding,560,0.9554,0.8393,0.9695,0.9875,0.0214,0.0286,0.1161,0.0607,0.8148,none
35b_a3b_moe,instruct,healthy_q8,q3_stability_tri_72,epistemic,560,0.9589,0.7982,0.9712,0.9911,0.0268,0.0268,0.1518,0.0357,0.7709,none
35b_a3b_moe,instruct,healthy_q8,q3_stability_tri_72,forensic,560,0.9696,0.85,0.9729,0.9857,0.0179,0.0321,0.1036,0.0536,0.8272,none
35b_a3b_moe,instruct,healthy_q8,q3_stability_tri_72,generalist,560,0.9518,0.8232,0.9721,0.9857,0.0143,0.0321,0.1125,0.0536,0.8008,none
35b_a3b_moe,instruct,healthy_q8,q3_stability_tri_72,math,560,0.9625,0.7964,0.9702,0.9911,0.0268,0.0321,0.1607,0.0446,0.7669,none
35b_a3b_moe,instruct,healthy_q8,q3_stability_tri_72,planning,560,0.9679,0.8393,0.974,0.9857,0.0214,0.0339,0.1054,0.0393,0.8157,none
35b_a3b_moe,instruct,healthy_q8,q3_stability_tri_72,rhetoric,560,0.9589,0.7857,0.9696,0.9929,0.0214,0.0393,0.1482,0.0571,0.7567,none
35b_a3b_moe,instruct,healthy_q8,q3_stability_tri_72,spatial,560,0.9696,0.8571,0.9759,0.9982,0.0143,0.0179,0.1036,0.0536,0.8383,none
35b_a3b_moe,instruct,healthy_q8,q4_boundary_pair_72_28,adversarial,560,0.9554,0.8339,0.9677,0.9875,0.0375,0.0268,0.1161,0.0554,0.8053,none
35b_a3b_moe,instruct,healthy_q8,q4_boundary_pair_72_28,boundary,560,0.9714,0.85,0.9764,0.9893,0.0232,0.0321,0.1018,0.0339,0.8268,none
35b_a3b_moe,instruct,healthy_q8,q4_boundary_pair_72_28,coding,560,0.9714,0.8446,0.9768,0.9911,0.0196,0.0268,0.1089,0.0357,0.8229,none
35b_a3b_moe,instruct,healthy_q8,q4_boundary_pair_72_28,epistemic,560,0.95,0.8268,0.9719,0.9946,0.0286,0.0143,0.1196,0.0411,0.8037,none
35b_a3b_moe,instruct,healthy_q8,q4_boundary_pair_72_28,forensic,560,0.975,0.85,0.9773,0.9929,0.0196,0.0357,0.0964,0.0393,0.8273,none
35b_a3b_moe,instruct,healthy_q8,q4_boundary_pair_72_28,generalist,560,0.9571,0.8071,0.9748,0.9911,0.0232,0.0429,0.1339,0.0268,0.7796,none
35b_a3b_moe,instruct,healthy_q8,q4_boundary_pair_72_28,math,560,0.9643,0.8036,0.9728,0.9946,0.0161,0.0321,0.1482,0.0571,0.7776,none
35b_a3b_moe,instruct,healthy_q8,q4_boundary_pair_72_28,planning,560,0.9643,0.8571,0.9718,0.9857,0.025,0.0214,0.0946,0.0482,0.8354,none
35b_a3b_moe,instruct,healthy_q8,q4_boundary_pair_72_28,rhetoric,560,0.9643,0.8036,0.9727,0.9964,0.0196,0.0268,0.1589,0.0464,0.7773,none
35b_a3b_moe,instruct,healthy_q8,q4_boundary_pair_72_28,spatial,560,0.9571,0.8286,0.9674,0.9857,0.0321,0.0161,0.1304,0.05,0.8028,none
35b_a3b_moe,instruct,healthy_q8,q4_generalist_pair_72_28,adversarial,560,0.9661,0.825,0.9732,0.9857,0.0214,0.0214,0.1286,0.0375,0.8021,none
35b_a3b_moe,instruct,healthy_q8,q4_generalist_pair_72_28,boundary,560,0.9679,0.8143,0.9714,0.9839,0.0232,0.0393,0.1339,0.0446,0.7865,none
35b_a3b_moe,instruct,healthy_q8,q4_generalist_pair_72_28,coding,560,0.9518,0.8482,0.9698,0.9911,0.0286,0.0179,0.1,0.0589,0.8251,none
35b_a3b_moe,instruct,healthy_q8,q4_generalist_pair_72_28,epistemic,560,0.9464,0.8232,0.9699,0.9911,0.0286,0.0054,0.1411,0.0393,0.8003,none
35b_a3b_moe,instruct,healthy_q8,q4_generalist_pair_72_28,forensic,560,0.9679,0.8518,0.9742,0.9839,0.0214,0.0161,0.1107,0.0393,0.8313,none
35b_a3b_moe,instruct,healthy_q8,q4_generalist_pair_72_28,generalist,560,0.9625,0.8464,0.9772,0.9911,0.0232,0.0214,0.1214,0.0214,0.8244,none
35b_a3b_moe,instruct,healthy_q8,q4_generalist_pair_72_28,math,560,0.95,0.7946,0.9662,0.9875,0.0286,0.0161,0.1607,0.0589,0.7671,none
35b_a3b_moe,instruct,healthy_q8,q4_generalist_pair_72_28,planning,560,0.9607,0.8786,0.9756,0.9911,0.0214,0.0107,0.0839,0.0429,0.8611,none
35b_a3b_moe,instruct,healthy_q8,q4_generalist_pair_72_28,rhetoric,560,0.9714,0.8268,0.9712,0.9911,0.0161,0.0107,0.1464,0.0607,0.8051,none
35b_a3b_moe,instruct,healthy_q8,q4_generalist_pair_72_28,spatial,560,0.9696,0.8732,0.9743,0.9893,0.0196,0.0054,0.1,0.0482,0.8558,none
35b_a3b_moe,instruct,q8_k_m,q2_amplifier_low_echo,adversarial,560,0.9089,0.5446,0.9276,0.9929,0.0661,0.3018,0.1679,0.0536,0.4484,none
35b_a3b_moe,instruct,q8_k_m,q2_amplifier_low_echo,boundary,560,0.9357,0.5679,0.9373,0.9893,0.0375,0.3071,0.1482,0.0536,0.4806,none
35b_a3b_moe,instruct,q8_k_m,q2_amplifier_low_echo,coding,560,0.9375,0.6036,0.9413,0.9929,0.0429,0.2714,0.125,0.0482,0.524,none
35b_a3b_moe,instruct,q8_k_m,q2_amplifier_low_echo,epistemic,560,0.9268,0.5875,0.9426,0.9839,0.0375,0.2536,0.1804,0.0411,0.5091,none
35b_a3b_moe,instruct,q8_k_m,q2_amplifier_low_echo,forensic,560,0.9393,0.5911,0.9433,0.9911,0.0429,0.2643,0.1679,0.0429,0.5098,none
35b_a3b_moe,instruct,q8_k_m,q2_amplifier_low_echo,generalist,560,0.9446,0.5964,0.9448,0.9929,0.0357,0.2625,0.1554,0.0321,0.5192,none
35b_a3b_moe,instruct,q8_k_m,q2_amplifier_low_echo,math,560,0.9214,0.5518,0.9356,0.9875,0.0536,0.2643,0.225,0.0446,0.4626,none
35b_a3b_moe,instruct,q8_k_m,q2_amplifier_low_echo,planning,560,0.9411,0.6143,0.9402,0.9786,0.0357,0.2696,0.1446,0.0446,0.5358,none
35b_a3b_moe,instruct,q8_k_m,q2_amplifier_low_echo,rhetoric,560,0.9286,0.5786,0.9401,0.9839,0.0357,0.2661,0.1893,0.0518,0.4969,none
35b_a3b_moe,instruct,q8_k_m,q2_amplifier_low_echo,spatial,560,0.9429,0.6446,0.9477,0.9893,0.0446,0.2571,0.1054,0.0429,0.5693,none
35b_a3b_moe,instruct,q8_k_m,q3_routed_tri_68,adversarial,560,0.9714,0.8589,0.974,0.9839,0.0232,0.0464,0.0804,0.0554,0.8335,none
35b_a3b_moe,instruct,q8_k_m,q3_routed_tri_68,boundary,560,0.9768,0.8161,0.9738,0.9857,0.0161,0.0411,0.1357,0.0429,0.79,none
35b_a3b_moe,instruct,q8_k_m,q3_routed_tri_68,coding,560,0.9696,0.8196,0.9715,0.9768,0.0232,0.0393,0.125,0.0375,0.7929,none
35b_a3b_moe,instruct,q8_k_m,q3_routed_tri_68,epistemic,560,0.9446,0.7946,0.9696,0.9875,0.0232,0.025,0.15,0.0393,0.7687,none
35b_a3b_moe,instruct,q8_k_m,q3_routed_tri_68,forensic,560,0.9589,0.8286,0.9707,0.9911,0.025,0.0571,0.0946,0.0607,0.799,none
35b_a3b_moe,instruct,q8_k_m,q3_routed_tri_68,generalist,560,0.9482,0.825,0.9714,0.9911,0.0196,0.0357,0.1,0.0571,0.8011,none
35b_a3b_moe,instruct,q8_k_m,q3_routed_tri_68,math,560,0.9643,0.8071,0.9704,0.9946,0.0179,0.0286,0.1518,0.0643,0.7807,none
35b_a3b_moe,instruct,q8_k_m,q3_routed_tri_68,planning,560,0.9786,0.8804,0.9777,0.9875,0.0143,0.0304,0.0821,0.0446,0.8612,none
35b_a3b_moe,instruct,q8_k_m,q3_routed_tri_68,rhetoric,560,0.9589,0.8161,0.9693,0.9893,0.0339,0.025,0.1339,0.0429,0.788,none
35b_a3b_moe,instruct,q8_k_m,q3_routed_tri_68,spatial,560,0.9821,0.8357,0.9771,0.9893,0.0125,0.0464,0.1107,0.0429,0.8117,none
35b_a3b_moe,instruct,q8_k_m,q3_stability_tri_72,adversarial,560,0.9429,0.8214,0.9663,0.9821,0.0321,0.0375,0.1018,0.0625,0.793,none
35b_a3b_moe,instruct,q8_k_m,q3_stability_tri_72,boundary,560,0.9643,0.8375,0.9727,0.9964,0.0304,0.0464,0.1,0.0518,0.8085,none
35b_a3b_moe,instruct,q8_k_m,q3_stability_tri_72,coding,560,0.9696,0.8375,0.9777,0.9929,0.0071,0.0375,0.1054,0.05,0.8169,none
35b_a3b_moe,instruct,q8_k_m,q3_stability_tri_72,epistemic,560,0.9375,0.8196,0.9686,0.9875,0.0357,0.0161,0.1304,0.0357,0.7935,none
35b_a3b_moe,instruct,q8_k_m,q3_stability_tri_72,forensic,560,0.9786,0.8339,0.9761,0.9946,0.0107,0.0304,0.125,0.0536,0.812,none
35b_a3b_moe,instruct,q8_k_m,q3_stability_tri_72,generalist,560,0.9536,0.8018,0.974,0.9929,0.0304,0.0464,0.1125,0.0304,0.7729,none
35b_a3b_moe,instruct,q8_k_m,q3_stability_tri_72,math,560,0.9679,0.7821,0.968,0.9893,0.0214,0.0304,0.1839,0.0536,0.7522,none
35b_a3b_moe,instruct,q8_k_m,q3_stability_tri_72,planning,560,0.9589,0.8286,0.975,0.9929,0.0304,0.0286,0.1125,0.0232,0.8036,none
35b_a3b_moe,instruct,q8_k_m,q3_stability_tri_72,rhetoric,560,0.9589,0.825,0.9712,0.9946,0.0214,0.0214,0.1375,0.0554,0.8005,none
35b_a3b_moe,instruct,q8_k_m,q3_stability_tri_72,spatial,560,0.9696,0.8679,0.9746,0.9946,0.0232,0.025,0.0946,0.05,0.8458,none
35b_a3b_moe,instruct,q8_k_m,q4_boundary_pair_72_28,adversarial,560,0.9643,0.8554,0.9719,0.9857,0.0304,0.0286,0.0946,0.0464,0.8306,none
35b_a3b_moe,instruct,q8_k_m,q4_boundary_pair_72_28,boundary,560,0.9607,0.8232,0.9704,0.9893,0.0232,0.0375,0.1196,0.0589,0.7962,none
35b_a3b_moe,instruct,q8_k_m,q4_boundary_pair_72_28,coding,560,0.9875,0.8661,0.9778,0.9857,0.0107,0.025,0.1,0.0411,0.8478,none
35b_a3b_moe,instruct,q8_k_m,q4_boundary_pair_72_28,epistemic,560,0.9589,0.8429,0.974,0.9911,0.0214,0.0089,0.1286,0.0357,0.8226,none
35b_a3b_moe,instruct,q8_k_m,q4_boundary_pair_72_28,forensic,560,0.9625,0.8518,0.9746,0.9911,0.0214,0.0179,0.1018,0.0429,0.8315,none
35b_a3b_moe,instruct,q8_k_m,q4_boundary_pair_72_28,generalist,560,0.9571,0.8232,0.9723,0.9929,0.0286,0.0411,0.1054,0.0429,0.7959,none
35b_a3b_moe,instruct,q8_k_m,q4_boundary_pair_72_28,math,560,0.9643,0.825,0.9691,0.9911,0.0196,0.0232,0.1357,0.0696,0.8001,none
35b_a3b_moe,instruct,q8_k_m,q4_boundary_pair_72_28,planning,560,0.9643,0.8446,0.9748,0.9946,0.0232,0.0446,0.0893,0.0429,0.8195,none
35b_a3b_moe,instruct,q8_k_m,q4_boundary_pair_72_28,rhetoric,560,0.9786,0.825,0.9752,0.9911,0.0179,0.0196,0.1411,0.0375,0.8026,none
35b_a3b_moe,instruct,q8_k_m,q4_boundary_pair_72_28,spatial,560,0.9696,0.8571,0.9738,0.9857,0.0196,0.0286,0.0946,0.05,0.8355,none
35b_a3b_moe,instruct,q8_k_m,q4_generalist_pair_72_28,adversarial,560,0.95,0.8554,0.9691,0.9875,0.025,0.0107,0.0929,0.0714,0.8347,none
35b_a3b_moe,instruct,q8_k_m,q4_generalist_pair_72_28,boundary,560,0.9625,0.8286,0.9706,0.9804,0.0196,0.0339,0.1107,0.0536,0.8044,none
35b_a3b_moe,instruct,q8_k_m,q4_generalist_pair_72_28,coding,560,0.9679,0.8554,0.9725,0.9911,0.0196,0.0196,0.1036,0.0589,0.8343,none
35b_a3b_moe,instruct,q8_k_m,q4_generalist_pair_72_28,epistemic,560,0.9571,0.8286,0.9746,0.9929,0.0268,0.0179,0.1268,0.0286,0.8054,none
35b_a3b_moe,instruct,q8_k_m,q4_generalist_pair_72_28,forensic,560,0.9679,0.8804,0.9754,0.9875,0.0179,0.0161,0.0946,0.0446,0.862,none
35b_a3b_moe,instruct,q8_k_m,q4_generalist_pair_72_28,generalist,560,0.9393,0.8232,0.9699,0.9964,0.0375,0.0196,0.1071,0.0429,0.7973,none
35b_a3b_moe,instruct,q8_k_m,q4_generalist_pair_72_28,math,560,0.9714,0.7946,0.965,0.9768,0.0214,0.0214,0.1839,0.0571,0.7664,none
35b_a3b_moe,instruct,q8_k_m,q4_generalist_pair_72_28,planning,560,0.9643,0.8536,0.9711,0.9911,0.0232,0.0286,0.0929,0.0589,0.8305,none
35b_a3b_moe,instruct,q8_k_m,q4_generalist_pair_72_28,rhetoric,560,0.9625,0.8518,0.9754,0.9911,0.0125,0.0071,0.1161,0.05,0.8348,none
35b_a3b_moe,instruct,q8_k_m,q4_generalist_pair_72_28,spatial,560,0.9643,0.8679,0.9767,0.9946,0.0161,0.0143,0.1,0.0464,0.8499,none
4b,base,base_f16,q2_amplifier_low_echo,adversarial,560,0.9321,0.5786,0.9382,0.9964,0.0429,0.2964,0.1464,0.0625,0.4916,none
4b,base,base_f16,q2_amplifier_low_echo,boundary,560,0.925,0.5696,0.9301,0.9857,0.0446,0.2911,0.1625,0.0768,0.4812,none
4b,base,base_f16,q2_amplifier_low_echo,coding,560,0.9411,0.6071,0.9417,0.9964,0.0321,0.2714,0.1286,0.0661,0.5296,none
4b,base,base_f16,q2_amplifier_low_echo,epistemic,560,0.9393,0.5786,0.9475,0.9946,0.0286,0.2643,0.1679,0.0411,0.5017,none
4b,base,base_f16,q2_amplifier_low_echo,forensic,560,0.9446,0.6214,0.9476,0.9982,0.0393,0.2625,0.1339,0.0482,0.544,none
4b,base,base_f16,q2_amplifier_low_echo,generalist,560,0.9464,0.5857,0.9415,0.9839,0.0321,0.2679,0.1786,0.0357,0.5064,none
4b,base,base_f16,q2_amplifier_low_echo,math,560,0.9464,0.5571,0.9397,0.9929,0.0411,0.2875,0.1946,0.05,0.4693,none
4b,base,base_f16,q2_amplifier_low_echo,planning,560,0.9411,0.5768,0.941,0.9964,0.0304,0.2857,0.1589,0.05,0.4953,none
4b,base,base_f16,q2_amplifier_low_echo,rhetoric,560,0.9107,0.5768,0.9372,0.9911,0.0536,0.2625,0.1518,0.0607,0.493,none
4b,base,base_f16,q2_amplifier_low_echo,spatial,560,0.9536,0.5839,0.9489,0.9911,0.0286,0.2946,0.1464,0.0286,0.5033,none
4b,base,base_f16,q3_routed_tri_68,adversarial,560,0.9589,0.8339,0.9745,0.9946,0.0232,0.0464,0.1018,0.0482,0.8071,none
4b,base,base_f16,q3_routed_tri_68,boundary,560,0.9607,0.825,0.9735,0.9893,0.025,0.0482,0.0982,0.0446,0.7978,none
4b,base,base_f16,q3_routed_tri_68,coding,560,0.9607,0.8339,0.9718,0.9911,0.025,0.05,0.0893,0.0554,0.8065,none
4b,base,base_f16,q3_routed_tri_68,epistemic,560,0.95,0.8125,0.9715,0.9875,0.0125,0.0286,0.1429,0.05,0.7891,none
4b,base,base_f16,q3_routed_tri_68,forensic,560,0.9679,0.8357,0.9741,0.9893,0.0107,0.0411,0.1089,0.0571,0.8127,none
4b,base,base_f16,q3_routed_tri_68,generalist,560,0.9554,0.8232,0.9752,0.9893,0.0196,0.0607,0.0911,0.0393,0.7959,none
4b,base,base_f16,q3_routed_tri_68,math,560,0.9554,0.8054,0.968,0.9893,0.025,0.0304,0.1429,0.0607,0.7773,none
4b,base,base_f16,q3_routed_tri_68,planning,560,0.9607,0.8429,0.9714,0.9857,0.0268,0.0411,0.0857,0.05,0.8173,none
4b,base,base_f16,q3_routed_tri_68,rhetoric,560,0.9536,0.8429,0.966,0.9839,0.0304,0.0446,0.0893,0.0768,0.8138,none
4b,base,base_f16,q3_routed_tri_68,spatial,560,0.9661,0.85,0.9723,0.9946,0.0196,0.0375,0.0929,0.0661,0.8259,none
4b,base,base_f16,q3_stability_tri_72,adversarial,560,0.9607,0.8411,0.9696,0.9893,0.0321,0.0411,0.0946,0.0643,0.8124,none
4b,base,base_f16,q3_stability_tri_72,boundary,560,0.9732,0.8464,0.976,0.9929,0.0179,0.0464,0.0929,0.0536,0.8217,none
4b,base,base_f16,q3_stability_tri_72,coding,560,0.9714,0.8357,0.9732,0.9857,0.0143,0.0429,0.1107,0.0571,0.8111,none
4b,base,base_f16,q3_stability_tri_72,epistemic,560,0.9536,0.8125,0.9698,0.9857,0.0232,0.0339,0.1179,0.0464,0.787,none
4b,base,base_f16,q3_stability_tri_72,forensic,560,0.975,0.8643,0.979,0.9893,0.0161,0.0321,0.0946,0.0357,0.8437,none
4b,base,base_f16,q3_stability_tri_72,generalist,560,0.9643,0.8464,0.9764,0.9893,0.0196,0.0393,0.0964,0.0357,0.8232,none
4b,base,base_f16,q3_stability_tri_72,math,560,0.9696,0.8214,0.9749,0.9875,0.0179,0.0339,0.1321,0.0393,0.7967,none
4b,base,base_f16,q3_stability_tri_72,planning,560,0.9661,0.8554,0.9735,0.9893,0.025,0.0304,0.0893,0.0446,0.8324,none
4b,base,base_f16,q3_stability_tri_72,rhetoric,560,0.9696,0.8357,0.9725,0.9911,0.0161,0.0214,0.1339,0.0554,0.8131,none
4b,base,base_f16,q3_stability_tri_72,spatial,560,0.9732,0.8589,0.978,0.9857,0.0143,0.0357,0.0821,0.0411,0.8389,none
4b,base,base_f16,q4_boundary_pair_72_28,adversarial,560,0.9661,0.8304,0.9731,0.9893,0.0214,0.0446,0.1107,0.05,0.8036,none
4b,base,base_f16,q4_boundary_pair_72_28,boundary,560,0.9589,0.825,0.9721,0.9946,0.0304,0.0464,0.0982,0.0536,0.7961,none
4b,base,base_f16,q4_boundary_pair_72_28,coding,560,0.9714,0.8054,0.9745,0.9839,0.0143,0.0482,0.1268,0.0393,0.7793,none
4b,base,base_f16,q4_boundary_pair_72_28,epistemic,560,0.9661,0.8375,0.9744,0.9857,0.0143,0.0214,0.1214,0.0393,0.8172,none
4b,base,base_f16,q4_boundary_pair_72_28,forensic,560,0.9661,0.825,0.9713,0.9893,0.025,0.0411,0.1089,0.0518,0.798,none
4b,base,base_f16,q4_boundary_pair_72_28,generalist,560,0.9536,0.8232,0.974,0.9964,0.0196,0.0339,0.1179,0.0464,0.7988,none
4b,base,base_f16,q4_boundary_pair_72_28,math,560,0.9571,0.8054,0.9654,0.9786,0.0179,0.0196,0.1714,0.0643,0.7791,none
4b,base,base_f16,q4_boundary_pair_72_28,planning,560,0.9661,0.8464,0.9748,0.9946,0.025,0.025,0.1036,0.0393,0.8237,none
4b,base,base_f16,q4_boundary_pair_72_28,rhetoric,560,0.9625,0.8143,0.9742,0.9964,0.0286,0.0232,0.1375,0.0321,0.7885,none
4b,base,base_f16,q4_boundary_pair_72_28,spatial,560,0.9714,0.8625,0.9776,0.9875,0.0125,0.0232,0.0911,0.0411,0.8448,none
4b,base,base_f16,q4_generalist_pair_72_28,adversarial,560,0.9679,0.8554,0.9737,0.9929,0.0196,0.0196,0.1089,0.0589,0.8339,none
4b,base,base_f16,q4_generalist_pair_72_28,boundary,560,0.9643,0.8411,0.9737,0.9929,0.0232,0.0357,0.1,0.0518,0.8164,none
4b,base,base_f16,q4_generalist_pair_72_28,coding,560,0.9714,0.8589,0.9769,0.9964,0.0196,0.025,0.0964,0.0464,0.838,none
4b,base,base_f16,q4_generalist_pair_72_28,epistemic,560,0.9661,0.8268,0.9726,0.9911,0.0196,0.0054,0.1554,0.0375,0.8055,none
4b,base,base_f16,q4_generalist_pair_72_28,forensic,560,0.9696,0.85,0.979,0.9929,0.0232,0.0232,0.1054,0.0232,0.8288,none
4b,base,base_f16,q4_generalist_pair_72_28,generalist,560,0.9589,0.8125,0.9751,0.9964,0.0232,0.0286,0.1464,0.0286,0.7867,none
4b,base,base_f16,q4_generalist_pair_72_28,math,560,0.9607,0.8321,0.9685,0.9857,0.0214,0.0143,0.1411,0.0625,0.8084,none
4b,base,base_f16,q4_generalist_pair_72_28,planning,560,0.9696,0.8589,0.9756,0.9929,0.0125,0.025,0.0964,0.0536,0.8398,none
4b,base,base_f16,q4_generalist_pair_72_28,rhetoric,560,0.9661,0.8589,0.975,0.9929,0.0179,0.0071,0.1125,0.05,0.8406,none
4b,base,base_f16,q4_generalist_pair_72_28,spatial,560,0.9696,0.8357,0.9714,0.9946,0.0161,0.025,0.1179,0.0679,0.8131,none
4b,base,collapsed_q2_edge,q2_amplifier_low_echo,adversarial,560,0.7393,0.2964,0.8499,0.9964,0.2054,0.325,0.5393,0.0964,0.1219,distractor_capture
4b,base,collapsed_q2_edge,q2_amplifier_low_echo,boundary,560,0.7714,0.3214,0.8584,0.9875,0.1893,0.2804,0.5964,0.0714,0.1573,distractor_capture
4b,base,collapsed_q2_edge,q2_amplifier_low_echo,coding,560,0.5107,0.2643,0.719,0.7429,0.2321,0.2857,0.4536,0.4946,0.0765,none
4b,base,collapsed_q2_edge,q2_amplifier_low_echo,epistemic,560,0.55,0.2714,0.7403,0.7786,0.1643,0.2554,0.5161,0.4804,0.1058,none
4b,base,collapsed_q2_edge,q2_amplifier_low_echo,forensic,560,0.6054,0.3143,0.7847,0.9946,0.2089,0.2625,0.4982,0.4804,0.1352,none
4b,base,collapsed_q2_edge,q2_amplifier_low_echo,generalist,560,0.4679,0.2554,0.69,0.7232,0.2143,0.2768,0.5232,0.5786,0.0649,none
4b,base,collapsed_q2_edge,q2_amplifier_low_echo,math,560,0.4518,0.2679,0.6747,0.7036,0.1786,0.2804,0.4893,0.8643,0.0759,none
4b,base,collapsed_q2_edge,q2_amplifier_low_echo,planning,560,0.575,0.3018,0.7388,0.7464,0.2143,0.2679,0.4643,0.4446,0.1246,none
4b,base,collapsed_q2_edge,q2_amplifier_low_echo,rhetoric,560,0.4339,0.2036,0.6636,0.7018,0.2,0.3214,0.5107,0.7786,-0.0005,distractor_capture
4b,base,collapsed_q2_edge,q2_amplifier_low_echo,spatial,560,0.5,0.2982,0.6926,0.6982,0.2071,0.2482,0.425,0.675,0.1187,none
4b,base,collapsed_q2_edge,q3_routed_tri_68,adversarial,560,0.2982,0.1964,0.59,0.8804,0.3321,0.0339,0.5232,1.4625,-0.025,cascade
4b,base,collapsed_q2_edge,q3_routed_tri_68,boundary,560,0.3679,0.2375,0.612,0.8768,0.3429,0.0464,0.5893,1.2321,0.0166,cascade
4b,base,collapsed_q2_edge,q3_routed_tri_68,coding,560,0.1929,0.1393,0.4638,0.6357,0.3107,0.0571,0.3839,1.7821,-0.0852,cascade
4b,base,collapsed_q2_edge,q3_routed_tri_68,epistemic,560,0.1964,0.1321,0.4788,0.6696,0.3464,0.0321,0.5518,1.4607,-0.0954,cascade
4b,base,collapsed_q2_edge,q3_routed_tri_68,forensic,560,0.2875,0.2196,0.5201,0.8536,0.3518,0.0232,0.525,1.5804,-0.0116,cascade
4b,base,collapsed_q2_edge,q3_routed_tri_68,generalist,560,0.1875,0.1339,0.4896,0.6625,0.3286,0.05,0.5107,1.5161,-0.0913,cascade
4b,base,collapsed_q2_edge,q3_routed_tri_68,math,560,0.1536,0.1107,0.4517,0.6429,0.2982,0.0321,0.5482,1.9875,-0.1284,cascade
4b,base,collapsed_q2_edge,q3_routed_tri_68,planning,560,0.2571,0.2071,0.5033,0.6482,0.2875,0.0321,0.425,1.6304,-0.0011,cascade
4b,base,collapsed_q2_edge,q3_routed_tri_68,rhetoric,560,0.1696,0.1036,0.4544,0.6411,0.3321,0.0232,0.5518,1.7732,-0.1335,cascade
4b,base,collapsed_q2_edge,q3_routed_tri_68,spatial,560,0.25,0.1911,0.4929,0.6625,0.2732,0.0393,0.4464,1.6464,-0.0168,cascade
4b,base,collapsed_q2_edge,q3_stability_tri_72,adversarial,560,0.3446,0.2107,0.6229,0.8857,0.3054,0.0536,0.55,1.2804,0.0004,cascade
4b,base,collapsed_q2_edge,q3_stability_tri_72,boundary,560,0.3875,0.2304,0.6286,0.8482,0.2929,0.0482,0.5911,1.1875,0.0262,cascade
4b,base,collapsed_q2_edge,q3_stability_tri_72,coding,560,0.2839,0.2214,0.5239,0.6857,0.2857,0.0482,0.4161,1.55,0.0153,cascade
4b,base,collapsed_q2_edge,q3_stability_tri_72,epistemic,560,0.2161,0.1554,0.4981,0.6893,0.3482,0.0393,0.5304,1.3607,-0.0674,cascade
4b,base,collapsed_q2_edge,q3_stability_tri_72,forensic,560,0.2661,0.1875,0.5247,0.8589,0.325,0.0518,0.5571,1.5893,-0.0444,cascade
4b,base,collapsed_q2_edge,q3_stability_tri_72,generalist,560,0.1946,0.1357,0.4878,0.6482,0.3018,0.05,0.5071,1.5393,-0.0824,cascade
4b,base,collapsed_q2_edge,q3_stability_tri_72,math,560,0.2089,0.1554,0.4904,0.6732,0.3089,0.0393,0.5089,1.8,-0.0759,cascade
4b,base,collapsed_q2_edge,q3_stability_tri_72,planning,560,0.2964,0.2196,0.5345,0.6875,0.2839,0.0429,0.4536,1.4714,0.016,cascade
4b,base,collapsed_q2_edge,q3_stability_tri_72,rhetoric,560,0.1875,0.1286,0.4473,0.6339,0.3304,0.0232,0.5839,1.8054,-0.1122,cascade
4b,base,collapsed_q2_edge,q3_stability_tri_72,spatial,560,0.2536,0.1804,0.4983,0.6643,0.2946,0.0268,0.3911,1.6268,-0.026,cascade
4b,base,collapsed_q2_edge,q4_boundary_pair_72_28,adversarial,560,0.1804,0.1125,0.4815,0.8661,0.3964,0.0393,0.55,1.9375,-0.1552,cascade
4b,base,collapsed_q2_edge,q4_boundary_pair_72_28,boundary,560,0.225,0.1554,0.5161,0.8429,0.3982,0.0375,0.5804,1.6839,-0.1022,cascade
4b,base,collapsed_q2_edge,q4_boundary_pair_72_28,coding,560,0.1054,0.0786,0.3275,0.5714,0.4232,0.0429,0.475,2.3446,-0.2122,cascade
4b,base,collapsed_q2_edge,q4_boundary_pair_72_28,epistemic,560,0.1071,0.0804,0.3331,0.5607,0.4018,0.0268,0.5393,2.0768,-0.1925,cascade
4b,base,collapsed_q2_edge,q4_boundary_pair_72_28,forensic,560,0.1393,0.1071,0.4127,0.8571,0.4161,0.0357,0.5179,2.0786,-0.1702,cascade
4b,base,collapsed_q2_edge,q4_boundary_pair_72_28,generalist,560,0.0839,0.0589,0.3048,0.4982,0.4375,0.0375,0.5268,2.2786,-0.2359,cascade
4b,base,collapsed_q2_edge,q4_boundary_pair_72_28,math,560,0.0875,0.0607,0.3125,0.5054,0.3893,0.0339,0.4875,2.7339,-0.2386,cascade
4b,base,collapsed_q2_edge,q4_boundary_pair_72_28,planning,560,0.1125,0.0804,0.3353,0.5357,0.4161,0.0321,0.4161,2.2571,-0.197,cascade
4b,base,collapsed_q2_edge,q4_boundary_pair_72_28,rhetoric,560,0.0607,0.0518,0.2916,0.5179,0.4232,0.0393,0.4875,2.5036,-0.2472,cascade
4b,base,collapsed_q2_edge,q4_boundary_pair_72_28,spatial,560,0.1089,0.0911,0.3118,0.5464,0.4161,0.0339,0.4429,2.4304,-0.1975,cascade
4b,base,collapsed_q2_edge,q4_generalist_pair_72_28,adversarial,560,0.1,0.0714,0.3524,0.6804,0.4607,0.0286,0.6125,2.5214,-0.2476,cascade
4b,base,collapsed_q2_edge,q4_generalist_pair_72_28,boundary,560,0.0964,0.0679,0.3383,0.675,0.4429,0.0446,0.6696,2.4911,-0.2521,cascade
4b,base,collapsed_q2_edge,q4_generalist_pair_72_28,coding,560,0.1125,0.0857,0.3483,0.6196,0.3946,0.0321,0.4786,2.3732,-0.1961,cascade
4b,base,collapsed_q2_edge,q4_generalist_pair_72_28,epistemic,560,0.0964,0.0589,0.3452,0.6143,0.4,0.0232,0.5536,1.9911,-0.2096,cascade
4b,base,collapsed_q2_edge,q4_generalist_pair_72_28,forensic,560,0.1143,0.0893,0.3235,0.6589,0.4357,0.0232,0.5161,2.4357,-0.2091,cascade
4b,base,collapsed_q2_edge,q4_generalist_pair_72_28,generalist,560,0.0804,0.0625,0.3291,0.5911,0.4089,0.025,0.5696,2.2161,-0.2216,cascade
4b,base,collapsed_q2_edge,q4_generalist_pair_72_28,math,560,0.0929,0.075,0.3197,0.5732,0.3893,0.0214,0.5554,2.5839,-0.2197,cascade
4b,base,collapsed_q2_edge,q4_generalist_pair_72_28,planning,560,0.1464,0.1179,0.3606,0.6089,0.3804,0.0179,0.4607,2.2518,-0.1493,cascade
4b,base,collapsed_q2_edge,q4_generalist_pair_72_28,rhetoric,560,0.0839,0.0554,0.3073,0.5893,0.4286,0.0143,0.575,2.5214,-0.2481,cascade
4b,base,collapsed_q2_edge,q4_generalist_pair_72_28,spatial,560,0.1214,0.1054,0.3437,0.6143,0.3911,0.0214,0.4143,2.3089,-0.1648,cascade
4b,base,damaged_q2,q2_amplifier_low_echo,adversarial,560,0.8411,0.3929,0.8886,0.9839,0.1232,0.2768,0.4589,0.0661,0.2605,none
4b,base,damaged_q2,q2_amplifier_low_echo,boundary,560,0.7929,0.35,0.8723,0.9857,0.1661,0.2964,0.5089,0.0518,0.1976,none
4b,base,damaged_q2,q2_amplifier_low_echo,coding,560,0.7786,0.4036,0.8748,0.9018,0.1321,0.2679,0.3536,0.0679,0.2787,none
4b,base,damaged_q2,q2_amplifier_low_echo,epistemic,560,0.7946,0.425,0.8759,0.9161,0.1232,0.2554,0.4375,0.0732,0.2983,none
4b,base,damaged_q2,q2_amplifier_low_echo,forensic,560,0.825,0.3929,0.8871,0.9929,0.1393,0.3089,0.4196,0.0768,0.2519,none
4b,base,damaged_q2,q2_amplifier_low_echo,generalist,560,0.7268,0.3554,0.8382,0.8536,0.1375,0.2857,0.4625,0.1339,0.2133,none
4b,base,damaged_q2,q2_amplifier_low_echo,math,560,0.75,0.3982,0.8492,0.8625,0.1321,0.2536,0.4393,0.1661,0.2644,none
4b,base,damaged_q2,q2_amplifier_low_echo,planning,560,0.7732,0.3964,0.8644,0.8982,0.1375,0.2786,0.3911,0.0839,0.264,none
4b,base,damaged_q2,q2_amplifier_low_echo,rhetoric,560,0.7571,0.3625,0.8474,0.8714,0.1429,0.2804,0.4589,0.1357,0.2201,none
4b,base,damaged_q2,q2_amplifier_low_echo,spatial,560,0.7554,0.3786,0.8516,0.8554,0.1357,0.2661,0.3946,0.1286,0.2466,none
4b,base,damaged_q2,q3_routed_tri_68,adversarial,560,0.7179,0.4607,0.8453,0.9786,0.1893,0.0464,0.4857,0.3393,0.3388,none
4b,base,damaged_q2,q3_routed_tri_68,boundary,560,0.7661,0.4446,0.8551,0.9839,0.1518,0.0375,0.5446,0.325,0.3318,none
4b,base,damaged_q2,q3_routed_tri_68,coding,560,0.4946,0.3446,0.7148,0.8125,0.1911,0.0286,0.3893,0.8161,0.2097,none
4b,base,damaged_q2,q3_routed_tri_68,epistemic,560,0.5161,0.3268,0.7316,0.8196,0.1911,0.0339,0.4518,0.6304,0.195,none
4b,base,damaged_q2,q3_routed_tri_68,forensic,560,0.6054,0.4304,0.7629,0.9607,0.1821,0.0446,0.4464,0.7304,0.2946,none
4b,base,damaged_q2,q3_routed_tri_68,generalist,560,0.5125,0.3518,0.7216,0.8125,0.2143,0.0536,0.4464,0.6714,0.2075,none
4b,base,damaged_q2,q3_routed_tri_68,math,560,0.4786,0.3339,0.6973,0.7804,0.1857,0.0429,0.4571,0.9536,0.1854,none
4b,base,damaged_q2,q3_routed_tri_68,planning,560,0.5786,0.4107,0.7442,0.7821,0.1875,0.0357,0.3696,0.6536,0.2851,none
4b,base,damaged_q2,q3_routed_tri_68,rhetoric,560,0.4911,0.325,0.7049,0.7929,0.2,0.0339,0.4625,0.8,0.1812,none
4b,base,damaged_q2,q3_routed_tri_68,spatial,560,0.5911,0.4321,0.7395,0.825,0.1696,0.0321,0.3643,0.7411,0.3086,none
4b,base,damaged_q2,q3_stability_tri_72,adversarial,560,0.7321,0.4518,0.8604,0.9893,0.1875,0.05,0.4339,0.2929,0.3362,none
4b,base,damaged_q2,q3_stability_tri_72,boundary,560,0.7875,0.4536,0.8658,0.9839,0.1482,0.05,0.5036,0.2839,0.3446,none
4b,base,damaged_q2,q3_stability_tri_72,coding,560,0.5821,0.3982,0.7609,0.825,0.1696,0.0304,0.3857,0.6268,0.2791,none
4b,base,damaged_q2,q3_stability_tri_72,epistemic,560,0.5714,0.3911,0.7564,0.8268,0.2,0.0304,0.4071,0.5411,0.2654,none
4b,base,damaged_q2,q3_stability_tri_72,forensic,560,0.6464,0.4911,0.7942,0.9732,0.1857,0.0286,0.3696,0.6071,0.3697,none
4b,base,damaged_q2,q3_stability_tri_72,generalist,560,0.5786,0.4125,0.7588,0.8018,0.1482,0.0464,0.4214,0.5929,0.2954,none
4b,base,damaged_q2,q3_stability_tri_72,math,560,0.4857,0.3393,0.7009,0.8036,0.2036,0.0304,0.4429,0.9161,0.1909,none
4b,base,damaged_q2,q3_stability_tri_72,planning,560,0.6321,0.4393,0.7703,0.8071,0.1696,0.0429,0.3804,0.5643,0.3212,none
4b,base,damaged_q2,q3_stability_tri_72,rhetoric,560,0.5393,0.3696,0.7208,0.7804,0.1929,0.0411,0.4196,0.7429,0.2329,none
4b,base,damaged_q2,q3_stability_tri_72,spatial,560,0.5786,0.4429,0.7425,0.825,0.1768,0.0375,0.3393,0.7232,0.319,none
4b,base,damaged_q2,q4_boundary_pair_72_28,adversarial,560,0.5607,0.3929,0.7636,0.9696,0.2054,0.0375,0.4268,0.8036,0.2494,none
4b,base,damaged_q2,q4_boundary_pair_72_28,boundary,560,0.6268,0.3946,0.778,0.9768,0.2196,0.0375,0.475,0.6625,0.2501,none
4b,base,damaged_q2,q4_boundary_pair_72_28,coding,560,0.2839,0.2018,0.5605,0.7107,0.2339,0.05,0.4018,1.4411,0.0174,cascade
4b,base,damaged_q2,q4_boundary_pair_72_28,epistemic,560,0.2679,0.2107,0.5674,0.6964,0.2411,0.0143,0.4339,1.1875,0.0414,cascade
4b,base,damaged_q2,q4_boundary_pair_72_28,forensic,560,0.3857,0.3036,0.6471,0.9482,0.2411,0.0268,0.4071,1.1946,0.1336,none
4b,base,damaged_q2,q4_boundary_pair_72_28,generalist,560,0.2464,0.1732,0.5263,0.6536,0.2821,0.0536,0.4357,1.3286,-0.0234,cascade
4b,base,damaged_q2,q4_boundary_pair_72_28,math,560,0.2232,0.1714,0.4951,0.6625,0.2661,0.0339,0.4536,1.8036,-0.0416,cascade
4b,base,damaged_q2,q4_boundary_pair_72_28,planning,560,0.3411,0.2393,0.5677,0.6839,0.2607,0.0429,0.3375,1.3393,0.0585,cascade
4b,base,damaged_q2,q4_boundary_pair_72_28,rhetoric,560,0.2339,0.1857,0.4962,0.625,0.2875,0.0232,0.4375,1.6357,-0.022,cascade
4b,base,damaged_q2,q4_boundary_pair_72_28,spatial,560,0.2786,0.2196,0.5326,0.6732,0.2446,0.0357,0.3554,1.5125,0.0351,cascade
4b,base,damaged_q2,q4_generalist_pair_72_28,adversarial,560,0.3696,0.2393,0.6388,0.8714,0.2339,0.025,0.5143,1.3036,0.0578,none
4b,base,damaged_q2,q4_generalist_pair_72_28,boundary,560,0.375,0.2696,0.6142,0.8375,0.2625,0.0339,0.5464,1.3214,0.0743,none
4b,base,damaged_q2,q4_generalist_pair_72_28,coding,560,0.2875,0.2304,0.5589,0.7321,0.2625,0.0268,0.3696,1.4821,0.0426,cascade
4b,base,damaged_q2,q4_generalist_pair_72_28,epistemic,560,0.3036,0.2304,0.5783,0.7839,0.2357,0.0107,0.4982,1.2375,0.0558,cascade
4b,base,damaged_q2,q4_generalist_pair_72_28,forensic,560,0.3339,0.2393,0.572,0.8464,0.2607,0.0304,0.4714,1.4554,0.0445,cascade
4b,base,damaged_q2,q4_generalist_pair_72_28,generalist,560,0.2786,0.2036,0.5538,0.7089,0.275,0.0286,0.4821,1.2946,0.0121,cascade
4b,base,damaged_q2,q4_generalist_pair_72_28,math,560,0.2946,0.2268,0.561,0.7304,0.2179,0.0304,0.5018,1.5821,0.0361,none
4b,base,damaged_q2,q4_generalist_pair_72_28,planning,560,0.3839,0.3107,0.6072,0.7589,0.225,0.0143,0.3571,1.3,0.1468,none
4b,base,damaged_q2,q4_generalist_pair_72_28,rhetoric,560,0.2393,0.1625,0.5284,0.7339,0.2679,0.0161,0.4857,1.5839,-0.0391,cascade
4b,base,damaged_q2,q4_generalist_pair_72_28,spatial,560,0.3161,0.2268,0.5785,0.7357,0.2179,0.0304,0.4054,1.35,0.0554,none
4b,base,damaged_q3,q2_amplifier_low_echo,adversarial,560,0.8571,0.4589,0.9019,0.9929,0.1161,0.3375,0.3143,0.0411,0.3294,none
4b,base,damaged_q3,q2_amplifier_low_echo,boundary,560,0.8732,0.45,0.9063,0.9875,0.0929,0.3054,0.3446,0.0518,0.3309,none
4b,base,damaged_q3,q2_amplifier_low_echo,coding,560,0.8732,0.4786,0.9119,0.9875,0.0982,0.2786,0.2661,0.0518,0.3695,none
4b,base,damaged_q3,q2_amplifier_low_echo,epistemic,560,0.875,0.4839,0.9147,0.9875,0.0982,0.2625,0.3268,0.0339,0.3741,none
4b,base,damaged_q3,q2_amplifier_low_echo,forensic,560,0.8911,0.4732,0.9191,0.9946,0.0893,0.2946,0.3036,0.0339,0.3615,none
4b,base,damaged_q3,q2_amplifier_low_echo,generalist,560,0.8857,0.4964,0.9185,0.9804,0.0768,0.2732,0.2821,0.0375,0.3943,none
4b,base,damaged_q3,q2_amplifier_low_echo,math,560,0.8786,0.4732,0.9147,0.9893,0.0839,0.2804,0.3,0.075,0.3642,none
4b,base,damaged_q3,q2_amplifier_low_echo,planning,560,0.8804,0.4643,0.913,0.9964,0.0911,0.2982,0.3089,0.0393,0.3506,none
4b,base,damaged_q3,q2_amplifier_low_echo,rhetoric,560,0.8964,0.4518,0.9201,0.9893,0.0714,0.2893,0.3143,0.0518,0.3448,none
4b,base,damaged_q3,q2_amplifier_low_echo,spatial,560,0.8786,0.475,0.917,0.9893,0.0982,0.2643,0.2839,0.0446,0.3677,none
4b,base,damaged_q3,q3_routed_tri_68,adversarial,560,0.8804,0.6411,0.9379,0.9893,0.0964,0.0429,0.2732,0.0518,0.5791,none
4b,base,damaged_q3,q3_routed_tri_68,boundary,560,0.8857,0.6286,0.9331,0.9893,0.1107,0.0518,0.3018,0.0464,0.5585,none
4b,base,damaged_q3,q3_routed_tri_68,coding,560,0.8982,0.65,0.945,0.9929,0.0839,0.0554,0.2536,0.0429,0.5913,none
4b,base,damaged_q3,q3_routed_tri_68,epistemic,560,0.9,0.6268,0.943,0.9911,0.0732,0.0268,0.3089,0.0429,0.5726,none
4b,base,damaged_q3,q3_routed_tri_68,forensic,560,0.9071,0.6536,0.9429,0.9875,0.0804,0.0446,0.2982,0.0429,0.5945,none
4b,base,damaged_q3,q3_routed_tri_68,generalist,560,0.8946,0.6339,0.9399,0.9839,0.0768,0.0429,0.2946,0.0536,0.5761,none
4b,base,damaged_q3,q3_routed_tri_68,math,560,0.8714,0.6357,0.9287,0.9661,0.0964,0.0482,0.2732,0.0821,0.5712,none
4b,base,damaged_q3,q3_routed_tri_68,planning,560,0.8893,0.6768,0.9392,0.9875,0.0964,0.0357,0.2339,0.0571,0.6191,none
4b,base,damaged_q3,q3_routed_tri_68,rhetoric,560,0.8518,0.5929,0.9239,0.9786,0.1179,0.0411,0.3357,0.0571,0.5196,none
4b,base,damaged_q3,q3_routed_tri_68,spatial,560,0.8946,0.6768,0.9444,0.9893,0.0839,0.0393,0.2304,0.0536,0.6226,none
4b,base,damaged_q3,q3_stability_tri_72,adversarial,560,0.9054,0.6732,0.9471,0.9893,0.0857,0.0411,0.2482,0.0339,0.6177,none
4b,base,damaged_q3,q3_stability_tri_72,boundary,560,0.8554,0.5911,0.9239,0.9929,0.1268,0.0518,0.35,0.05,0.5122,none
4b,base,damaged_q3,q3_stability_tri_72,coding,560,0.8929,0.6554,0.9433,0.9875,0.0839,0.0482,0.2411,0.05,0.5988,none
4b,base,damaged_q3,q3_stability_tri_72,epistemic,560,0.8786,0.6429,0.9404,0.9964,0.0839,0.0286,0.2929,0.0536,0.5859,none
4b,base,damaged_q3,q3_stability_tri_72,forensic,560,0.8946,0.6321,0.9415,0.9964,0.0964,0.0571,0.2786,0.0375,0.5676,none
4b,base,damaged_q3,q3_stability_tri_72,generalist,560,0.8786,0.6607,0.9388,0.9821,0.1018,0.0375,0.2482,0.0339,0.6011,none
4b,base,damaged_q3,q3_stability_tri_72,math,560,0.8768,0.6375,0.9351,0.9839,0.1018,0.0393,0.2786,0.0536,0.5741,none
4b,base,damaged_q3,q3_stability_tri_72,planning,560,0.9018,0.6304,0.94,0.9857,0.0893,0.0464,0.2768,0.0411,0.5701,none
4b,base,damaged_q3,q3_stability_tri_72,rhetoric,560,0.8804,0.6179,0.934,0.9804,0.0946,0.0339,0.3089,0.0554,0.5552,none
4b,base,damaged_q3,q3_stability_tri_72,spatial,560,0.8929,0.6768,0.9431,0.9839,0.0893,0.0339,0.2357,0.0446,0.6221,none
4b,base,damaged_q3,q4_boundary_pair_72_28,adversarial,560,0.9,0.6518,0.9412,0.9839,0.075,0.0321,0.2786,0.0625,0.5974,none
4b,base,damaged_q3,q4_boundary_pair_72_28,boundary,560,0.8071,0.5768,0.9123,0.9875,0.1661,0.0321,0.2982,0.0625,0.4936,none
4b,base,damaged_q3,q4_boundary_pair_72_28,coding,560,0.8321,0.6304,0.909,0.925,0.1125,0.0268,0.2482,0.1125,0.5658,none
4b,base,damaged_q3,q4_boundary_pair_72_28,epistemic,560,0.7732,0.5696,0.8763,0.9036,0.1214,0.0232,0.3071,0.2036,0.4938,none
4b,base,damaged_q3,q4_boundary_pair_72_28,forensic,560,0.8357,0.6357,0.9117,0.9893,0.1161,0.0429,0.2429,0.1661,0.5646,none
4b,base,damaged_q3,q4_boundary_pair_72_28,generalist,560,0.7446,0.5554,0.8611,0.875,0.125,0.0429,0.3,0.2429,0.4731,none
4b,base,damaged_q3,q4_boundary_pair_72_28,math,560,0.7482,0.5804,0.8518,0.8446,0.1,0.0286,0.2625,0.3714,0.5051,none
4b,base,damaged_q3,q4_boundary_pair_72_28,planning,560,0.8268,0.6643,0.8957,0.8839,0.0929,0.0304,0.2036,0.1804,0.6051,none
4b,base,damaged_q3,q4_boundary_pair_72_28,rhetoric,560,0.7429,0.5232,0.8459,0.875,0.1232,0.0304,0.3304,0.3464,0.4364,none
4b,base,damaged_q3,q4_boundary_pair_72_28,spatial,560,0.7982,0.6464,0.8791,0.8839,0.0982,0.0375,0.2054,0.2571,0.5802,none
4b,base,damaged_q3,q4_generalist_pair_72_28,adversarial,560,0.8339,0.6054,0.9145,0.9768,0.1304,0.0357,0.3179,0.1018,0.5286,none
4b,base,damaged_q3,q4_generalist_pair_72_28,boundary,560,0.8518,0.5946,0.9227,0.9911,0.1143,0.025,0.3429,0.0804,0.5239,none
4b,base,damaged_q3,q4_generalist_pair_72_28,coding,560,0.8375,0.6375,0.9116,0.9589,0.1054,0.025,0.2661,0.1429,0.5725,none
4b,base,damaged_q3,q4_generalist_pair_72_28,epistemic,560,0.8179,0.5679,0.9009,0.9768,0.1125,0.0054,0.3661,0.1571,0.4959,none
4b,base,damaged_q3,q4_generalist_pair_72_28,forensic,560,0.8357,0.6214,0.9005,0.9893,0.1196,0.0214,0.2982,0.2089,0.5469,none
4b,base,damaged_q3,q4_generalist_pair_72_28,generalist,560,0.7875,0.5875,0.8898,0.9536,0.1339,0.0232,0.3107,0.1732,0.5092,none
4b,base,damaged_q3,q4_generalist_pair_72_28,math,560,0.8589,0.6089,0.9073,0.9661,0.0875,0.0286,0.3464,0.2018,0.5392,none
4b,base,damaged_q3,q4_generalist_pair_72_28,planning,560,0.8232,0.6036,0.9077,0.9589,0.1179,0.0179,0.2696,0.1411,0.536,none
4b,base,damaged_q3,q4_generalist_pair_72_28,rhetoric,560,0.8429,0.6268,0.9041,0.9661,0.0982,0.0107,0.3125,0.1929,0.5605,none
4b,base,damaged_q3,q4_generalist_pair_72_28,spatial,560,0.8571,0.6446,0.9135,0.9554,0.0875,0.0179,0.2679,0.1607,0.5854,none
4b,base,damaged_q4,q2_amplifier_low_echo,adversarial,560,0.9018,0.5143,0.9203,0.9893,0.0696,0.2839,0.2518,0.0571,0.4136,none
4b,base,damaged_q4,q2_amplifier_low_echo,boundary,560,0.875,0.4821,0.9122,0.9929,0.0875,0.2893,0.2661,0.0696,0.3733,none
4b,base,damaged_q4,q2_amplifier_low_echo,coding,560,0.8982,0.5446,0.9251,0.9875,0.0679,0.2625,0.2179,0.0607,0.4513,none
4b,base,damaged_q4,q2_amplifier_low_echo,epistemic,560,0.8821,0.5375,0.9239,0.9857,0.075,0.25,0.2321,0.0589,0.4435,none
4b,base,damaged_q4,q2_amplifier_low_echo,forensic,560,0.8893,0.5018,0.9174,0.9821,0.0839,0.2875,0.2821,0.0464,0.3942,none
4b,base,damaged_q4,q2_amplifier_low_echo,generalist,560,0.8929,0.4875,0.9211,0.9893,0.0696,0.3,0.2518,0.0446,0.3842,none
4b,base,damaged_q4,q2_amplifier_low_echo,math,560,0.8911,0.5089,0.9217,0.9911,0.0804,0.2554,0.3089,0.0464,0.4067,none
4b,base,damaged_q4,q2_amplifier_low_echo,planning,560,0.9071,0.5804,0.9298,0.9982,0.0679,0.2339,0.1964,0.0589,0.4946,none
4b,base,damaged_q4,q2_amplifier_low_echo,rhetoric,560,0.8929,0.4929,0.9229,0.9893,0.0714,0.2893,0.2875,0.0464,0.3882,none
4b,base,damaged_q4,q2_amplifier_low_echo,spatial,560,0.9071,0.5446,0.9298,0.9929,0.0804,0.2571,0.225,0.0375,0.4492,none
4b,base,damaged_q4,q3_routed_tri_68,adversarial,560,0.9054,0.6982,0.947,0.9946,0.0804,0.0411,0.2357,0.0536,0.6444,none
4b,base,damaged_q4,q3_routed_tri_68,boundary,560,0.8893,0.675,0.9416,0.9893,0.0946,0.0429,0.2429,0.05,0.6161,none
4b,base,damaged_q4,q3_routed_tri_68,coding,560,0.8929,0.7054,0.9427,0.9804,0.0857,0.0339,0.2054,0.0589,0.6535,none
4b,base,damaged_q4,q3_routed_tri_68,epistemic,560,0.9214,0.7339,0.9561,0.9946,0.0643,0.0143,0.2143,0.0321,0.693,none
4b,base,damaged_q4,q3_routed_tri_68,forensic,560,0.8893,0.6946,0.9445,0.9804,0.0839,0.0446,0.2089,0.0429,0.6417,none
4b,base,damaged_q4,q3_routed_tri_68,generalist,560,0.9089,0.6839,0.9536,0.9839,0.0536,0.0429,0.2357,0.0393,0.6385,none
4b,base,damaged_q4,q3_routed_tri_68,math,560,0.9232,0.7071,0.9505,0.9857,0.0607,0.0339,0.2482,0.0536,0.6596,none
4b,base,damaged_q4,q3_routed_tri_68,planning,560,0.9125,0.7196,0.9513,0.9821,0.0714,0.0357,0.2,0.0375,0.6732,none
4b,base,damaged_q4,q3_routed_tri_68,rhetoric,560,0.9,0.6946,0.9485,0.9946,0.0768,0.0411,0.2071,0.0607,0.6438,none
4b,base,damaged_q4,q3_routed_tri_68,spatial,560,0.925,0.7161,0.9523,0.9857,0.0625,0.0304,0.2125,0.05,0.6717,none
4b,base,damaged_q4,q3_stability_tri_72,adversarial,560,0.9196,0.7268,0.9529,0.9946,0.0607,0.025,0.2071,0.0661,0.6837,none
4b,base,damaged_q4,q3_stability_tri_72,boundary,560,0.9,0.7071,0.945,0.9911,0.0821,0.0393,0.2214,0.0589,0.654,none
4b,base,damaged_q4,q3_stability_tri_72,coding,560,0.9196,0.7429,0.9573,0.9875,0.0661,0.0411,0.1714,0.0357,0.6993,none
4b,base,damaged_q4,q3_stability_tri_72,epistemic,560,0.9143,0.7321,0.9543,0.9893,0.0661,0.0268,0.1982,0.0375,0.6892,none
4b,base,damaged_q4,q3_stability_tri_72,forensic,560,0.9214,0.7321,0.9524,0.9839,0.0732,0.0446,0.2054,0.0357,0.683,none
4b,base,damaged_q4,q3_stability_tri_72,generalist,560,0.9107,0.6946,0.9545,0.9875,0.0589,0.0429,0.225,0.0357,0.6486,none
4b,base,damaged_q4,q3_stability_tri_72,math,560,0.9232,0.7036,0.951,0.9911,0.0536,0.0393,0.2518,0.0679,0.6561,none
4b,base,damaged_q4,q3_stability_tri_72,planning,560,0.9339,0.7411,0.9591,0.9964,0.0518,0.025,0.2107,0.0429,0.7015,none
4b,base,damaged_q4,q3_stability_tri_72,rhetoric,560,0.8964,0.6893,0.9435,0.9911,0.0911,0.0321,0.2446,0.0464,0.6336,none
4b,base,damaged_q4,q3_stability_tri_72,spatial,560,0.925,0.7464,0.9549,0.9893,0.0571,0.0482,0.1607,0.0643,0.7036,none
4b,base,damaged_q4,q4_boundary_pair_72_28,adversarial,560,0.8875,0.6589,0.9394,0.9946,0.1018,0.0429,0.2268,0.0643,0.5985,none
4b,base,damaged_q4,q4_boundary_pair_72_28,boundary,560,0.9161,0.6911,0.9498,0.9929,0.0732,0.0357,0.2411,0.0464,0.6404,none
4b,base,damaged_q4,q4_boundary_pair_72_28,coding,560,0.9214,0.6804,0.9529,0.9929,0.0643,0.0482,0.2304,0.0429,0.6309,none
4b,base,damaged_q4,q4_boundary_pair_72_28,epistemic,560,0.9071,0.6875,0.9477,0.9786,0.0607,0.0214,0.2411,0.0554,0.6429,none
4b,base,damaged_q4,q4_boundary_pair_72_28,forensic,560,0.9089,0.7321,0.9467,0.9875,0.0768,0.0446,0.2071,0.0589,0.6807,none
4b,base,damaged_q4,q4_boundary_pair_72_28,generalist,560,0.8839,0.7125,0.9454,0.9696,0.0679,0.0321,0.1875,0.0607,0.6677,none
4b,base,damaged_q4,q4_boundary_pair_72_28,math,560,0.9161,0.7018,0.9473,0.9786,0.0571,0.0339,0.2554,0.0661,0.6541,none
4b,base,damaged_q4,q4_boundary_pair_72_28,planning,560,0.8857,0.7286,0.9404,0.9696,0.0786,0.0304,0.1875,0.0696,0.6804,none
4b,base,damaged_q4,q4_boundary_pair_72_28,rhetoric,560,0.9036,0.675,0.9443,0.9732,0.075,0.0286,0.2571,0.0429,0.6241,none
4b,base,damaged_q4,q4_boundary_pair_72_28,spatial,560,0.9107,0.7268,0.945,0.9768,0.0696,0.025,0.2018,0.0714,0.6812,none
4b,base,damaged_q4,q4_generalist_pair_72_28,adversarial,560,0.9143,0.7089,0.9493,0.9875,0.0679,0.0196,0.2393,0.0554,0.6627,none
4b,base,damaged_q4,q4_generalist_pair_72_28,boundary,560,0.8893,0.6643,0.9401,0.9911,0.0982,0.025,0.2714,0.0429,0.606,none
4b,base,damaged_q4,q4_generalist_pair_72_28,coding,560,0.9143,0.6982,0.9504,0.9893,0.0732,0.025,0.2339,0.0393,0.6506,none
4b,base,damaged_q4,q4_generalist_pair_72_28,epistemic,560,0.8982,0.6857,0.9472,0.9893,0.0786,0.0107,0.2589,0.0321,0.6377,none
4b,base,damaged_q4,q4_generalist_pair_72_28,forensic,560,0.9214,0.7304,0.9533,0.9875,0.0643,0.0143,0.2179,0.0429,0.6886,none
4b,base,damaged_q4,q4_generalist_pair_72_28,generalist,560,0.9071,0.7321,0.953,0.9946,0.0589,0.0196,0.2071,0.0554,0.6912,none
4b,base,damaged_q4,q4_generalist_pair_72_28,math,560,0.9357,0.6982,0.9534,0.9929,0.05,0.0196,0.2643,0.0571,0.6553,none
4b,base,damaged_q4,q4_generalist_pair_72_28,planning,560,0.9143,0.725,0.9506,0.9893,0.0696,0.0143,0.2179,0.0464,0.6815,none
4b,base,damaged_q4,q4_generalist_pair_72_28,rhetoric,560,0.9089,0.6929,0.9474,0.9875,0.0661,0.025,0.2446,0.0607,0.6454,none
4b,base,damaged_q4,q4_generalist_pair_72_28,spatial,560,0.9036,0.725,0.9453,0.9893,0.0839,0.0179,0.1893,0.0607,0.6781,none
4b,base,healthy_q6,q2_amplifier_low_echo,adversarial,560,0.8821,0.5554,0.923,0.9929,0.0821,0.2875,0.1929,0.0536,0.4551,none
4b,base,healthy_q6,q2_amplifier_low_echo,boundary,560,0.9018,0.5125,0.9211,0.9946,0.0893,0.3,0.2446,0.0286,0.4047,none
4b,base,healthy_q6,q2_amplifier_low_echo,coding,560,0.9054,0.5125,0.9224,0.9911,0.0643,0.3107,0.1982,0.0643,0.412,none
4b,base,healthy_q6,q2_amplifier_low_echo,epistemic,560,0.9071,0.5411,0.9337,0.9857,0.0643,0.2625,0.2286,0.0286,0.4496,none
4b,base,healthy_q6,q2_amplifier_low_echo,forensic,560,0.8929,0.5768,0.9272,0.9911,0.0804,0.2429,0.2125,0.0589,0.4842,none
4b,base,healthy_q6,q2_amplifier_low_echo,generalist,560,0.8982,0.5089,0.9228,0.9875,0.0536,0.3214,0.2232,0.0571,0.4079,none
4b,base,healthy_q6,q2_amplifier_low_echo,math,560,0.9161,0.5446,0.9322,0.9893,0.0536,0.2536,0.2643,0.0554,0.4539,none
4b,base,healthy_q6,q2_amplifier_low_echo,planning,560,0.8893,0.5393,0.9214,0.9875,0.0839,0.2893,0.1732,0.0518,0.4398,none
4b,base,healthy_q6,q2_amplifier_low_echo,rhetoric,560,0.9179,0.5143,0.9316,0.9946,0.0625,0.2821,0.2554,0.0375,0.4168,none
4b,base,healthy_q6,q2_amplifier_low_echo,spatial,560,0.8839,0.5304,0.9256,0.9893,0.0821,0.2839,0.1804,0.0518,0.4319,none
4b,base,healthy_q6,q3_routed_tri_68,adversarial,560,0.9304,0.7589,0.9609,0.9911,0.0589,0.0446,0.1679,0.0357,0.7171,none
4b,base,healthy_q6,q3_routed_tri_68,boundary,560,0.9429,0.7429,0.9579,0.9839,0.0411,0.0518,0.1875,0.0625,0.7021,none
4b,base,healthy_q6,q3_routed_tri_68,coding,560,0.9536,0.7714,0.9646,0.9857,0.0339,0.0536,0.1571,0.0482,0.7356,none
4b,base,healthy_q6,q3_routed_tri_68,epistemic,560,0.9357,0.7768,0.9627,0.9893,0.0393,0.0321,0.1679,0.0464,0.7428,none
4b,base,healthy_q6,q3_routed_tri_68,forensic,560,0.9411,0.7643,0.9655,0.9929,0.0518,0.0339,0.1589,0.0268,0.7279,none
4b,base,healthy_q6,q3_routed_tri_68,generalist,560,0.9232,0.7661,0.9617,0.9857,0.05,0.0375,0.1429,0.0411,0.7301,none
4b,base,healthy_q6,q3_routed_tri_68,math,560,0.9375,0.7393,0.9592,0.9875,0.0446,0.0304,0.2071,0.05,0.7008,none
4b,base,healthy_q6,q3_routed_tri_68,planning,560,0.9464,0.7768,0.9651,0.9946,0.0429,0.0339,0.1607,0.0411,0.7422,none
4b,base,healthy_q6,q3_routed_tri_68,rhetoric,560,0.9375,0.7857,0.9609,0.9857,0.0482,0.0339,0.1482,0.0536,0.7499,none
4b,base,healthy_q6,q3_routed_tri_68,spatial,560,0.9411,0.8054,0.9639,0.9929,0.0429,0.025,0.1268,0.0571,0.7745,none
4b,base,healthy_q6,q3_stability_tri_72,adversarial,560,0.9268,0.7911,0.9613,0.9911,0.0607,0.0304,0.1268,0.0446,0.7544,none
4b,base,healthy_q6,q3_stability_tri_72,boundary,560,0.9321,0.7321,0.9587,0.9893,0.0518,0.0536,0.1875,0.05,0.6884,none
4b,base,healthy_q6,q3_stability_tri_72,coding,560,0.9393,0.7857,0.9655,0.9893,0.0518,0.0375,0.1357,0.0304,0.7503,none
4b,base,healthy_q6,q3_stability_tri_72,epistemic,560,0.9411,0.7911,0.9669,0.9893,0.0411,0.0339,0.1464,0.0321,0.7586,none
4b,base,healthy_q6,q3_stability_tri_72,forensic,560,0.95,0.7982,0.966,0.9911,0.0393,0.0482,0.1304,0.0536,0.7637,none
4b,base,healthy_q6,q3_stability_tri_72,generalist,560,0.9375,0.7589,0.9652,0.9875,0.0393,0.0536,0.1607,0.0339,0.7219,none
4b,base,healthy_q6,q3_stability_tri_72,math,560,0.9357,0.7464,0.9587,0.9946,0.0482,0.0304,0.1946,0.0625,0.7072,none
4b,base,healthy_q6,q3_stability_tri_72,planning,560,0.9482,0.8286,0.9635,0.9857,0.0464,0.0286,0.1107,0.0536,0.7974,none
4b,base,healthy_q6,q3_stability_tri_72,rhetoric,560,0.9321,0.7571,0.9619,0.9893,0.0482,0.0446,0.1625,0.0464,0.7184,none
4b,base,healthy_q6,q3_stability_tri_72,spatial,560,0.9304,0.8036,0.962,0.9929,0.0554,0.0214,0.125,0.0518,0.7701,none
4b,base,healthy_q6,q4_boundary_pair_72_28,adversarial,560,0.9179,0.7679,0.9529,0.9839,0.0643,0.0411,0.1607,0.0625,0.7244,none
4b,base,healthy_q6,q4_boundary_pair_72_28,boundary,560,0.9054,0.7482,0.9516,0.9786,0.0732,0.0411,0.1554,0.0446,0.7034,none
4b,base,healthy_q6,q4_boundary_pair_72_28,coding,560,0.9339,0.7839,0.9638,0.9893,0.0571,0.0357,0.1446,0.0268,0.7467,none
4b,base,healthy_q6,q4_boundary_pair_72_28,epistemic,560,0.9339,0.7732,0.9617,0.9893,0.0518,0.0107,0.1839,0.0304,0.7393,none
4b,base,healthy_q6,q4_boundary_pair_72_28,forensic,560,0.9304,0.7804,0.9541,0.9839,0.0589,0.0429,0.1429,0.0696,0.7392,none
4b,base,healthy_q6,q4_boundary_pair_72_28,generalist,560,0.9304,0.7571,0.9632,0.9946,0.0446,0.0429,0.1643,0.0429,0.7199,none
4b,base,healthy_q6,q4_boundary_pair_72_28,math,560,0.9232,0.7268,0.955,0.9875,0.05,0.0232,0.2161,0.0607,0.6868,none
4b,base,healthy_q6,q4_boundary_pair_72_28,planning,560,0.9161,0.7661,0.9536,0.9911,0.0679,0.0357,0.1518,0.0607,0.7234,none
4b,base,healthy_q6,q4_boundary_pair_72_28,rhetoric,560,0.9161,0.7607,0.9551,0.9875,0.0607,0.0429,0.1536,0.0625,0.7185,none
4b,base,healthy_q6,q4_boundary_pair_72_28,spatial,560,0.9464,0.7839,0.9654,0.9893,0.0357,0.0357,0.1518,0.0446,0.7517,none
4b,base,healthy_q6,q4_generalist_pair_72_28,adversarial,560,0.9304,0.7232,0.9533,0.9929,0.0571,0.0393,0.2179,0.0625,0.6777,none
4b,base,healthy_q6,q4_generalist_pair_72_28,boundary,560,0.9446,0.7482,0.9613,0.9875,0.0518,0.0357,0.1857,0.0375,0.7088,none
4b,base,healthy_q6,q4_generalist_pair_72_28,coding,560,0.9411,0.8125,0.9621,0.9911,0.0446,0.0107,0.1357,0.0625,0.783,none
4b,base,healthy_q6,q4_generalist_pair_72_28,epistemic,560,0.9357,0.7768,0.9622,0.9929,0.0482,0.0036,0.1714,0.0393,0.7459,none
4b,base,healthy_q6,q4_generalist_pair_72_28,forensic,560,0.9339,0.7982,0.9633,0.9946,0.0571,0.0179,0.1411,0.0357,0.7644,none
4b,base,healthy_q6,q4_generalist_pair_72_28,generalist,560,0.9054,0.7536,0.9552,0.9875,0.0518,0.0143,0.1839,0.0571,0.7176,none
4b,base,healthy_q6,q4_generalist_pair_72_28,math,560,0.9304,0.7464,0.9522,0.9875,0.0554,0.0179,0.2018,0.0732,0.7064,none
4b,base,healthy_q6,q4_generalist_pair_72_28,planning,560,0.9339,0.7911,0.9617,0.9946,0.05,0.0125,0.1589,0.0429,0.7587,none
4b,base,healthy_q6,q4_generalist_pair_72_28,rhetoric,560,0.9286,0.7589,0.9574,0.9893,0.0482,0.0179,0.1911,0.0589,0.7227,none
4b,base,healthy_q6,q4_generalist_pair_72_28,spatial,560,0.9375,0.8,0.9608,0.9821,0.0536,0.0286,0.1286,0.05,0.7654,none
4b,base,healthy_q8,q2_amplifier_low_echo,adversarial,560,0.9125,0.5357,0.9293,0.9929,0.0571,0.3107,0.1839,0.0536,0.439,none
4b,base,healthy_q8,q2_amplifier_low_echo,boundary,560,0.9071,0.5393,0.9252,0.9964,0.0589,0.3125,0.1911,0.0696,0.4403,none
4b,base,healthy_q8,q2_amplifier_low_echo,coding,560,0.9054,0.5411,0.9259,0.9875,0.0643,0.2875,0.1893,0.0571,0.4463,none
4b,base,healthy_q8,q2_amplifier_low_echo,epistemic,560,0.8911,0.575,0.9296,0.9839,0.0679,0.2589,0.1821,0.0554,0.4855,none
4b,base,healthy_q8,q2_amplifier_low_echo,forensic,560,0.9375,0.5464,0.9402,0.9982,0.0429,0.2964,0.1946,0.0446,0.4565,none
4b,base,healthy_q8,q2_amplifier_low_echo,generalist,560,0.8929,0.5518,0.9285,0.9964,0.0768,0.2893,0.1589,0.0429,0.456,none
4b,base,healthy_q8,q2_amplifier_low_echo,math,560,0.9161,0.5232,0.9332,0.9911,0.0464,0.2661,0.2446,0.0625,0.4334,none
4b,base,healthy_q8,q2_amplifier_low_echo,planning,560,0.9321,0.5571,0.935,0.9929,0.0429,0.3,0.1607,0.0536,0.4688,none
4b,base,healthy_q8,q2_amplifier_low_echo,rhetoric,560,0.9482,0.5589,0.9419,0.9964,0.0375,0.2982,0.2107,0.0357,0.4694,none
4b,base,healthy_q8,q2_amplifier_low_echo,spatial,560,0.95,0.5929,0.9478,0.9857,0.0321,0.275,0.1429,0.0304,0.5153,none
4b,base,healthy_q8,q3_routed_tri_68,adversarial,560,0.9464,0.7786,0.9647,0.9929,0.0304,0.0625,0.1464,0.0696,0.7418,none
4b,base,healthy_q8,q3_routed_tri_68,boundary,560,0.925,0.7518,0.9556,0.9929,0.0643,0.05,0.1589,0.0607,0.7068,none
4b,base,healthy_q8,q3_routed_tri_68,coding,560,0.9643,0.8179,0.9703,0.9875,0.0304,0.0339,0.1268,0.0411,0.7898,none
4b,base,healthy_q8,q3_routed_tri_68,epistemic,560,0.95,0.7911,0.9662,0.9839,0.0286,0.0339,0.15,0.0464,0.7614,none
4b,base,healthy_q8,q3_routed_tri_68,forensic,560,0.9518,0.8143,0.9654,0.9875,0.0357,0.0357,0.1232,0.0607,0.7835,none
4b,base,healthy_q8,q3_routed_tri_68,generalist,560,0.9375,0.7839,0.9664,0.9839,0.0339,0.05,0.1321,0.0411,0.7511,none
4b,base,healthy_q8,q3_routed_tri_68,math,560,0.9696,0.8,0.9724,0.9911,0.0161,0.0214,0.1679,0.0482,0.7751,none
4b,base,healthy_q8,q3_routed_tri_68,planning,560,0.95,0.8071,0.9661,0.9893,0.0357,0.025,0.1339,0.0536,0.778,none
4b,base,healthy_q8,q3_routed_tri_68,rhetoric,560,0.9518,0.7893,0.9683,0.9875,0.0321,0.0429,0.1411,0.0446,0.7576,none
4b,base,healthy_q8,q3_routed_tri_68,spatial,560,0.9464,0.8286,0.9675,0.9893,0.0304,0.0321,0.1054,0.0625,0.8015,none
4b,base,healthy_q8,q3_stability_tri_72,adversarial,560,0.9482,0.8161,0.9693,0.9946,0.0321,0.0339,0.1214,0.0554,0.7872,none
4b,base,healthy_q8,q3_stability_tri_72,boundary,560,0.9357,0.7911,0.9644,0.9893,0.05,0.0464,0.1339,0.0411,0.754,none
4b,base,healthy_q8,q3_stability_tri_72,coding,560,0.9536,0.8,0.9684,0.9893,0.0375,0.0518,0.1268,0.0393,0.7663,none
4b,base,healthy_q8,q3_stability_tri_72,epistemic,560,0.9304,0.7768,0.9592,0.9875,0.0536,0.0214,0.175,0.0411,0.7404,none
4b,base,healthy_q8,q3_stability_tri_72,forensic,560,0.9518,0.8196,0.9657,0.9804,0.0375,0.0411,0.1161,0.05,0.7884,none
4b,base,healthy_q8,q3_stability_tri_72,generalist,560,0.9482,0.7893,0.9689,0.9893,0.0321,0.0536,0.1304,0.0393,0.7565,none
4b,base,healthy_q8,q3_stability_tri_72,math,560,0.9482,0.7714,0.9654,0.9893,0.0339,0.0375,0.1607,0.0518,0.7383,none
4b,base,healthy_q8,q3_stability_tri_72,planning,560,0.9571,0.8,0.9677,0.9946,0.0321,0.0429,0.1357,0.0554,0.7682,none
4b,base,healthy_q8,q3_stability_tri_72,rhetoric,560,0.9518,0.7804,0.9615,0.9946,0.0339,0.0214,0.1696,0.0768,0.7485,none
4b,base,healthy_q8,q3_stability_tri_72,spatial,560,0.9643,0.8089,0.97,0.9911,0.025,0.0393,0.1339,0.0518,0.7803,none
4b,base,healthy_q8,q4_boundary_pair_72_28,adversarial,560,0.9482,0.8429,0.9691,0.9911,0.0357,0.0286,0.0964,0.0554,0.8159,none
4b,base,healthy_q8,q4_boundary_pair_72_28,boundary,560,0.9339,0.7893,0.9626,0.9929,0.0536,0.0357,0.1357,0.0482,0.7528,none
4b,base,healthy_q8,q4_boundary_pair_72_28,coding,560,0.9518,0.8071,0.968,0.9857,0.0304,0.0482,0.1161,0.0554,0.7763,none
4b,base,healthy_q8,q4_boundary_pair_72_28,epistemic,560,0.9089,0.7589,0.9581,0.9893,0.0589,0.0161,0.1768,0.0375,0.722,none
4b,base,healthy_q8,q4_boundary_pair_72_28,forensic,560,0.9518,0.825,0.9688,0.9875,0.0304,0.0339,0.1196,0.05,0.797,none
4b,base,healthy_q8,q4_boundary_pair_72_28,generalist,560,0.9357,0.8089,0.9687,0.9964,0.0411,0.0304,0.1179,0.0411,0.7791,none
4b,base,healthy_q8,q4_boundary_pair_72_28,math,560,0.9625,0.7536,0.97,0.9857,0.0179,0.0393,0.1929,0.0393,0.723,none
4b,base,healthy_q8,q4_boundary_pair_72_28,planning,560,0.9464,0.8071,0.9637,0.9893,0.0464,0.0321,0.1214,0.0518,0.7745,none
4b,base,healthy_q8,q4_boundary_pair_72_28,rhetoric,560,0.9464,0.7714,0.9648,0.9946,0.0357,0.0375,0.1571,0.0589,0.7377,none
4b,base,healthy_q8,q4_boundary_pair_72_28,spatial,560,0.9429,0.8214,0.9667,0.9929,0.0411,0.0232,0.1125,0.0518,0.7929,none
4b,base,healthy_q8,q4_generalist_pair_72_28,adversarial,560,0.9357,0.8036,0.9631,0.9946,0.0536,0.0143,0.1411,0.0518,0.7708,none
4b,base,healthy_q8,q4_generalist_pair_72_28,boundary,560,0.9554,0.8,0.9647,0.9893,0.0339,0.0321,0.1393,0.0643,0.769,none
4b,base,healthy_q8,q4_generalist_pair_72_28,coding,560,0.9571,0.8196,0.9691,0.9875,0.0268,0.0286,0.1268,0.0518,0.7932,none
4b,base,healthy_q8,q4_generalist_pair_72_28,epistemic,560,0.95,0.825,0.9712,0.9893,0.0321,0.0125,0.1179,0.0339,0.8017,none
4b,base,healthy_q8,q4_generalist_pair_72_28,forensic,560,0.9393,0.8089,0.9645,0.9857,0.0429,0.0232,0.1304,0.0446,0.7788,none
4b,base,healthy_q8,q4_generalist_pair_72_28,generalist,560,0.9429,0.8071,0.9678,0.9857,0.0375,0.0268,0.1321,0.0339,0.7783,none
4b,base,healthy_q8,q4_generalist_pair_72_28,math,560,0.9536,0.7821,0.9654,0.9946,0.0393,0.0036,0.1982,0.0411,0.7517,none
4b,base,healthy_q8,q4_generalist_pair_72_28,planning,560,0.9571,0.8107,0.9653,0.9857,0.0339,0.0125,0.1411,0.0518,0.7842,none
4b,base,healthy_q8,q4_generalist_pair_72_28,rhetoric,560,0.9482,0.8071,0.9667,0.9893,0.0357,0.0107,0.1554,0.0464,0.7795,none
4b,base,healthy_q8,q4_generalist_pair_72_28,spatial,560,0.9464,0.825,0.9669,0.9911,0.0357,0.0232,0.1161,0.0518,0.7978,none
4b,base,q8_k_m,q2_amplifier_low_echo,adversarial,560,0.9143,0.5304,0.9302,0.9893,0.0411,0.3125,0.1696,0.0732,0.4383,none
4b,base,q8_k_m,q2_amplifier_low_echo,boundary,560,0.9357,0.5161,0.9307,0.9893,0.0357,0.3161,0.2232,0.0589,0.4213,none
4b,base,q8_k_m,q2_amplifier_low_echo,coding,560,0.9268,0.5696,0.9349,0.9964,0.0536,0.2875,0.1643,0.0464,0.4806,none
4b,base,q8_k_m,q2_amplifier_low_echo,epistemic,560,0.9036,0.5643,0.9355,0.9875,0.0554,0.2661,0.1679,0.05,0.4785,none
4b,base,q8_k_m,q2_amplifier_low_echo,forensic,560,0.9429,0.6,0.9446,0.9893,0.0482,0.2589,0.1679,0.0286,0.5189,none
4b,base,q8_k_m,q2_amplifier_low_echo,generalist,560,0.9143,0.5482,0.9321,0.9893,0.0482,0.2714,0.1964,0.0536,0.4611,none
4b,base,q8_k_m,q2_amplifier_low_echo,math,560,0.9268,0.5607,0.9374,0.9964,0.0464,0.2732,0.2143,0.0554,0.4722,none
4b,base,q8_k_m,q2_amplifier_low_echo,planning,560,0.9357,0.5875,0.9382,0.9893,0.0393,0.2554,0.1893,0.05,0.507,none
4b,base,q8_k_m,q2_amplifier_low_echo,rhetoric,560,0.9339,0.5661,0.9402,0.9875,0.0375,0.2679,0.1946,0.05,0.4832,none
4b,base,q8_k_m,q2_amplifier_low_echo,spatial,560,0.9286,0.5804,0.9413,0.9946,0.0411,0.2839,0.15,0.0589,0.4963,none
4b,base,q8_k_m,q3_routed_tri_68,adversarial,560,0.9446,0.7893,0.9657,0.9893,0.0339,0.0464,0.1446,0.0589,0.7553,none
4b,base,q8_k_m,q3_routed_tri_68,boundary,560,0.9375,0.8,0.9648,0.9875,0.0464,0.0643,0.1,0.0536,0.7625,none
4b,base,q8_k_m,q3_routed_tri_68,coding,560,0.9607,0.8429,0.9712,0.9875,0.0286,0.0375,0.0893,0.0536,0.817,none
4b,base,q8_k_m,q3_routed_tri_68,epistemic,560,0.9375,0.7768,0.9651,0.9929,0.0375,0.0321,0.1643,0.0411,0.7439,none
4b,base,q8_k_m,q3_routed_tri_68,forensic,560,0.9607,0.8036,0.9734,0.9929,0.025,0.0589,0.1232,0.0375,0.7726,none
4b,base,q8_k_m,q3_routed_tri_68,generalist,560,0.9589,0.8,0.972,0.9893,0.0232,0.0554,0.125,0.0393,0.77,none
4b,base,q8_k_m,q3_routed_tri_68,math,560,0.9714,0.7571,0.9721,0.9929,0.0143,0.05,0.1982,0.0429,0.7249,none
4b,base,q8_k_m,q3_routed_tri_68,planning,560,0.95,0.8321,0.9695,0.9946,0.0411,0.0393,0.0839,0.0464,0.8029,none
4b,base,q8_k_m,q3_routed_tri_68,rhetoric,560,0.9607,0.7875,0.9706,0.9857,0.0286,0.0357,0.1571,0.0321,0.7576,none
4b,base,q8_k_m,q3_routed_tri_68,spatial,560,0.9518,0.8304,0.9734,0.9964,0.0304,0.0429,0.0964,0.0446,0.8027,none
4b,base,q8_k_m,q3_stability_tri_72,adversarial,560,0.9589,0.8536,0.9718,0.9929,0.0232,0.0268,0.1018,0.0679,0.8297,none
4b,base,q8_k_m,q3_stability_tri_72,boundary,560,0.9464,0.7875,0.9632,0.9893,0.0286,0.0411,0.1411,0.0768,0.7556,none
4b,base,q8_k_m,q3_stability_tri_72,coding,560,0.975,0.8375,0.9772,0.9946,0.0143,0.0554,0.1054,0.0482,0.8113,none
4b,base,q8_k_m,q3_stability_tri_72,epistemic,560,0.9518,0.7929,0.9679,0.9857,0.0286,0.0286,0.1554,0.0375,0.7643,none
4b,base,q8_k_m,q3_stability_tri_72,forensic,560,0.9518,0.8214,0.9709,0.9929,0.0286,0.0411,0.1054,0.0464,0.7939,none
4b,base,q8_k_m,q3_stability_tri_72,generalist,560,0.9589,0.8018,0.9711,0.9804,0.0161,0.05,0.1232,0.0446,0.7749,none
4b,base,q8_k_m,q3_stability_tri_72,math,560,0.9571,0.7893,0.9688,0.9893,0.0232,0.0446,0.1571,0.0571,0.758,none
4b,base,q8_k_m,q3_stability_tri_72,planning,560,0.9607,0.8536,0.9737,0.9929,0.025,0.0179,0.1036,0.0429,0.8321,none
4b,base,q8_k_m,q3_stability_tri_72,rhetoric,560,0.9643,0.7964,0.9694,0.9929,0.0268,0.0411,0.1518,0.0518,0.7654,none
4b,base,q8_k_m,q3_stability_tri_72,spatial,560,0.9643,0.8107,0.9691,0.9893,0.0214,0.0464,0.1232,0.0607,0.7821,none
4b,base,q8_k_m,q4_boundary_pair_72_28,adversarial,560,0.9482,0.8161,0.9641,0.9804,0.0393,0.0429,0.1125,0.0607,0.7837,none
4b,base,q8_k_m,q4_boundary_pair_72_28,boundary,560,0.9536,0.7929,0.9691,0.9946,0.0393,0.075,0.1107,0.0482,0.7548,none
4b,base,q8_k_m,q4_boundary_pair_72_28,coding,560,0.9607,0.8018,0.9725,0.9929,0.0268,0.0446,0.1268,0.0411,0.7726,none
4b,base,q8_k_m,q4_boundary_pair_72_28,epistemic,560,0.9375,0.8125,0.9668,0.9839,0.0321,0.0286,0.125,0.0464,0.7848,none
4b,base,q8_k_m,q4_boundary_pair_72_28,forensic,560,0.9536,0.8089,0.9682,0.9875,0.0357,0.0357,0.1286,0.0411,0.7787,none
4b,base,q8_k_m,q4_boundary_pair_72_28,generalist,560,0.9464,0.7911,0.9684,0.9804,0.0286,0.05,0.1375,0.0375,0.7596,none
4b,base,q8_k_m,q4_boundary_pair_72_28,math,560,0.9625,0.7714,0.9708,0.9929,0.0196,0.0304,0.1911,0.0429,0.742,none
4b,base,q8_k_m,q4_boundary_pair_72_28,planning,560,0.9607,0.8304,0.9699,0.9857,0.0321,0.0339,0.1054,0.0429,0.8034,none
4b,base,q8_k_m,q4_boundary_pair_72_28,rhetoric,560,0.9429,0.8089,0.9665,0.9857,0.0446,0.0268,0.1304,0.0375,0.7779,none
4b,base,q8_k_m,q4_boundary_pair_72_28,spatial,560,0.9571,0.8268,0.9704,0.9911,0.0321,0.0393,0.1018,0.0518,0.7986,none
4b,base,q8_k_m,q4_generalist_pair_72_28,adversarial,560,0.9375,0.8232,0.9655,0.9964,0.0464,0.0179,0.1125,0.0589,0.7938,none
4b,base,q8_k_m,q4_generalist_pair_72_28,boundary,560,0.9589,0.8304,0.9675,0.9786,0.0339,0.0393,0.1036,0.0518,0.8014,none
4b,base,q8_k_m,q4_generalist_pair_72_28,coding,560,0.9446,0.8196,0.9673,0.9875,0.0357,0.0214,0.1179,0.0482,0.7928,none
4b,base,q8_k_m,q4_generalist_pair_72_28,epistemic,560,0.9571,0.8054,0.9694,0.9893,0.0232,0.0107,0.1625,0.0411,0.7812,none
4b,base,q8_k_m,q4_generalist_pair_72_28,forensic,560,0.9625,0.8554,0.969,0.9839,0.0268,0.0125,0.1036,0.0554,0.8338,none
4b,base,q8_k_m,q4_generalist_pair_72_28,generalist,560,0.9554,0.7946,0.9713,0.9946,0.0232,0.0304,0.1464,0.0411,0.7678,none
4b,base,q8_k_m,q4_generalist_pair_72_28,math,560,0.9643,0.7964,0.9699,0.9929,0.0196,0.0196,0.1732,0.0518,0.7702,none
4b,base,q8_k_m,q4_generalist_pair_72_28,planning,560,0.9661,0.8429,0.9686,0.9875,0.0232,0.0161,0.1161,0.0625,0.8203,none
4b,base,q8_k_m,q4_generalist_pair_72_28,rhetoric,560,0.9571,0.8036,0.9681,0.9911,0.0214,0.0286,0.1464,0.0643,0.7765,none
4b,base,q8_k_m,q4_generalist_pair_72_28,spatial,560,0.9661,0.8589,0.9742,0.9893,0.0214,0.0232,0.1018,0.05,0.8372,none
4b,degraded_instruct,base_f16,q2_amplifier_low_echo,adversarial,560,0.9107,0.5696,0.9318,0.9875,0.0589,0.2929,0.1429,0.0571,0.4791,none
4b,degraded_instruct,base_f16,q2_amplifier_low_echo,boundary,560,0.9214,0.525,0.9316,0.9893,0.0446,0.3232,0.1821,0.05,0.4299,none
4b,degraded_instruct,base_f16,q2_amplifier_low_echo,coding,560,0.925,0.5714,0.9348,0.9875,0.0411,0.2964,0.1536,0.0571,0.4847,none
4b,degraded_instruct,base_f16,q2_amplifier_low_echo,epistemic,560,0.9375,0.5554,0.94,0.9946,0.0446,0.2982,0.1964,0.0304,0.4651,none
4b,degraded_instruct,base_f16,q2_amplifier_low_echo,forensic,560,0.9429,0.5732,0.9431,0.9857,0.0393,0.2911,0.1571,0.0357,0.4889,none
4b,degraded_instruct,base_f16,q2_amplifier_low_echo,generalist,560,0.9429,0.575,0.9423,0.9911,0.0393,0.2857,0.1643,0.0268,0.4916,none
4b,degraded_instruct,base_f16,q2_amplifier_low_echo,math,560,0.9357,0.5839,0.9409,0.9839,0.0268,0.2482,0.2286,0.0589,0.505,none
4b,degraded_instruct,base_f16,q2_amplifier_low_echo,planning,560,0.9375,0.5661,0.938,0.9946,0.0464,0.3089,0.1375,0.0411,0.4773,none
4b,degraded_instruct,base_f16,q2_amplifier_low_echo,rhetoric,560,0.9286,0.5536,0.9404,0.9911,0.0393,0.2839,0.1857,0.0482,0.4677,none
4b,degraded_instruct,base_f16,q2_amplifier_low_echo,spatial,560,0.9089,0.5393,0.9329,0.9911,0.0571,0.3161,0.1518,0.0536,0.4441,none
4b,degraded_instruct,base_f16,q3_routed_tri_68,adversarial,560,0.975,0.8429,0.9763,0.9857,0.0089,0.05,0.0929,0.0571,0.8199,none
4b,degraded_instruct,base_f16,q3_routed_tri_68,boundary,560,0.9518,0.8018,0.9687,0.9839,0.0357,0.0679,0.1018,0.0446,0.7671,none
4b,degraded_instruct,base_f16,q3_routed_tri_68,coding,560,0.9679,0.8179,0.9759,0.9929,0.0161,0.0571,0.1,0.0464,0.7913,none
4b,degraded_instruct,base_f16,q3_routed_tri_68,epistemic,560,0.9536,0.8214,0.9709,0.9839,0.0214,0.0411,0.1071,0.0518,0.7956,none
4b,degraded_instruct,base_f16,q3_routed_tri_68,forensic,560,0.9679,0.8214,0.9761,0.9911,0.0196,0.0768,0.1054,0.0429,0.7896,none
4b,degraded_instruct,base_f16,q3_routed_tri_68,generalist,560,0.9661,0.8429,0.9772,0.9875,0.0089,0.0536,0.0821,0.0464,0.8206,none
4b,degraded_instruct,base_f16,q3_routed_tri_68,math,560,0.9571,0.7857,0.9675,0.9893,0.0304,0.0429,0.1482,0.0554,0.7534,none
4b,degraded_instruct,base_f16,q3_routed_tri_68,planning,560,0.9696,0.85,0.9783,0.9946,0.0196,0.0339,0.1,0.0286,0.8279,none
4b,degraded_instruct,base_f16,q3_routed_tri_68,rhetoric,560,0.9607,0.8089,0.9683,0.9875,0.0232,0.0357,0.1286,0.0625,0.7814,none
4b,degraded_instruct,base_f16,q3_routed_tri_68,spatial,560,0.9679,0.8625,0.9779,0.9893,0.0232,0.0446,0.0786,0.0375,0.8384,none
4b,degraded_instruct,base_f16,q3_stability_tri_72,adversarial,560,0.9732,0.8536,0.979,0.9964,0.0179,0.0429,0.0875,0.0411,0.8306,none
4b,degraded_instruct,base_f16,q3_stability_tri_72,boundary,560,0.9643,0.8304,0.9718,0.9893,0.0232,0.0554,0.0964,0.0589,0.8017,none
4b,degraded_instruct,base_f16,q3_stability_tri_72,coding,560,0.9786,0.85,0.979,0.9946,0.0071,0.0464,0.1018,0.0482,0.828,none
4b,degraded_instruct,base_f16,q3_stability_tri_72,epistemic,560,0.9536,0.8304,0.9731,0.9875,0.0268,0.0339,0.1071,0.0357,0.8052,none
4b,degraded_instruct,base_f16,q3_stability_tri_72,forensic,560,0.9661,0.8357,0.9705,0.9768,0.0179,0.0518,0.0982,0.0571,0.8093,none
4b,degraded_instruct,base_f16,q3_stability_tri_72,generalist,560,0.9661,0.8393,0.9773,0.9821,0.0161,0.0536,0.0893,0.0286,0.8152,none
4b,degraded_instruct,base_f16,q3_stability_tri_72,math,560,0.9768,0.8214,0.975,0.9911,0.0161,0.0393,0.1321,0.0482,0.7958,none
4b,degraded_instruct,base_f16,q3_stability_tri_72,planning,560,0.9714,0.8411,0.9705,0.9821,0.025,0.0464,0.1089,0.0482,0.8132,none
4b,degraded_instruct,base_f16,q3_stability_tri_72,rhetoric,560,0.9661,0.8036,0.9711,0.9911,0.0232,0.0393,0.1411,0.0518,0.7749,none
4b,degraded_instruct,base_f16,q3_stability_tri_72,spatial,560,0.9679,0.8518,0.9766,0.9911,0.0214,0.0375,0.0857,0.0393,0.829,none
4b,degraded_instruct,base_f16,q4_boundary_pair_72_28,adversarial,560,0.9643,0.8357,0.9717,0.9911,0.0268,0.0518,0.0893,0.0643,0.807,none
4b,degraded_instruct,base_f16,q4_boundary_pair_72_28,boundary,560,0.9411,0.8,0.965,0.9929,0.0393,0.0571,0.1107,0.0625,0.7648,none
4b,degraded_instruct,base_f16,q4_boundary_pair_72_28,coding,560,0.9464,0.8071,0.97,0.9875,0.0232,0.05,0.1196,0.0536,0.7779,none
4b,degraded_instruct,base_f16,q4_boundary_pair_72_28,epistemic,560,0.9482,0.8071,0.9715,0.9929,0.0304,0.0375,0.1214,0.0375,0.7789,none
4b,degraded_instruct,base_f16,q4_boundary_pair_72_28,forensic,560,0.9536,0.8179,0.9695,0.9857,0.0268,0.0429,0.1196,0.05,0.7892,none
4b,degraded_instruct,base_f16,q4_boundary_pair_72_28,generalist,560,0.9536,0.7929,0.9725,0.9911,0.025,0.0643,0.1214,0.0375,0.7609,none
4b,degraded_instruct,base_f16,q4_boundary_pair_72_28,math,560,0.9607,0.7946,0.9695,0.9857,0.025,0.0339,0.15,0.0482,0.7659,none
4b,degraded_instruct,base_f16,q4_boundary_pair_72_28,planning,560,0.9643,0.8571,0.9742,0.9946,0.0268,0.0304,0.0893,0.0482,0.8335,none
4b,degraded_instruct,base_f16,q4_boundary_pair_72_28,rhetoric,560,0.9661,0.8304,0.9739,0.9946,0.0232,0.0411,0.1179,0.0464,0.8034,none
4b,degraded_instruct,base_f16,q4_boundary_pair_72_28,spatial,560,0.9643,0.8464,0.9737,0.9839,0.0304,0.0339,0.0929,0.0339,0.8214,none
4b,degraded_instruct,base_f16,q4_generalist_pair_72_28,adversarial,560,0.9768,0.8625,0.9782,0.9875,0.0107,0.025,0.0964,0.0464,0.8443,none
4b,degraded_instruct,base_f16,q4_generalist_pair_72_28,boundary,560,0.9625,0.8268,0.9728,0.9911,0.0232,0.0304,0.1286,0.0446,0.8012,none
4b,degraded_instruct,base_f16,q4_generalist_pair_72_28,coding,560,0.9643,0.8429,0.9703,0.9911,0.025,0.0321,0.1071,0.0625,0.8172,none
4b,degraded_instruct,base_f16,q4_generalist_pair_72_28,epistemic,560,0.9589,0.8286,0.9734,0.9893,0.025,0.0161,0.1339,0.0304,0.8056,none
4b,degraded_instruct,base_f16,q4_generalist_pair_72_28,forensic,560,0.975,0.8375,0.9768,0.9893,0.0125,0.0286,0.1179,0.0393,0.8166,none
4b,degraded_instruct,base_f16,q4_generalist_pair_72_28,generalist,560,0.9589,0.8304,0.9758,0.9964,0.0179,0.025,0.1143,0.0429,0.8087,none
4b,degraded_instruct,base_f16,q4_generalist_pair_72_28,math,560,0.9661,0.8339,0.974,0.9875,0.0214,0.025,0.1268,0.0446,0.8101,none
4b,degraded_instruct,base_f16,q4_generalist_pair_72_28,planning,560,0.9536,0.8464,0.9692,0.9839,0.0393,0.025,0.0911,0.0375,0.8205,none
4b,degraded_instruct,base_f16,q4_generalist_pair_72_28,rhetoric,560,0.95,0.8036,0.9677,0.9946,0.025,0.0179,0.1482,0.0625,0.7775,none
4b,degraded_instruct,base_f16,q4_generalist_pair_72_28,spatial,560,0.9607,0.8625,0.9734,0.9911,0.0268,0.0232,0.0839,0.0518,0.8405,none
4b,degraded_instruct,collapsed_q2_edge,q2_amplifier_low_echo,adversarial,560,0.7,0.325,0.8374,0.9893,0.2321,0.3054,0.4946,0.1411,0.1477,none
4b,degraded_instruct,collapsed_q2_edge,q2_amplifier_low_echo,boundary,560,0.7964,0.3339,0.8696,0.9929,0.1625,0.2964,0.5625,0.0679,0.1775,distractor_capture
4b,degraded_instruct,collapsed_q2_edge,q2_amplifier_low_echo,coding,560,0.5214,0.2839,0.7318,0.775,0.2161,0.2857,0.4482,0.4911,0.1016,none
4b,degraded_instruct,collapsed_q2_edge,q2_amplifier_low_echo,epistemic,560,0.475,0.2446,0.6954,0.7446,0.2518,0.2643,0.5321,0.5232,0.0475,cascade
4b,degraded_instruct,collapsed_q2_edge,q2_amplifier_low_echo,forensic,560,0.5554,0.2554,0.7578,0.9768,0.2161,0.325,0.5554,0.5321,0.0545,distractor_capture
4b,degraded_instruct,collapsed_q2_edge,q2_amplifier_low_echo,generalist,560,0.475,0.2464,0.6854,0.7036,0.1839,0.3107,0.5429,0.6107,0.0551,none
4b,degraded_instruct,collapsed_q2_edge,q2_amplifier_low_echo,math,560,0.4125,0.2054,0.6497,0.6929,0.2196,0.2643,0.5357,0.8857,-0.0005,cascade
4b,degraded_instruct,collapsed_q2_edge,q2_amplifier_low_echo,planning,560,0.5554,0.3107,0.7411,0.7464,0.1875,0.2964,0.425,0.4571,0.1383,none
4b,degraded_instruct,collapsed_q2_edge,q2_amplifier_low_echo,rhetoric,560,0.425,0.2393,0.6538,0.6804,0.2143,0.2554,0.5018,0.8179,0.0429,none
4b,degraded_instruct,collapsed_q2_edge,q2_amplifier_low_echo,spatial,560,0.4857,0.2589,0.6942,0.7089,0.1857,0.2821,0.4357,0.6643,0.0787,none
4b,degraded_instruct,collapsed_q2_edge,q3_routed_tri_68,adversarial,560,0.2786,0.2018,0.563,0.8536,0.3375,0.0411,0.5714,1.5518,-0.031,cascade
4b,degraded_instruct,collapsed_q2_edge,q3_routed_tri_68,boundary,560,0.3518,0.2268,0.5832,0.85,0.3357,0.05,0.5571,1.3875,0.0021,cascade
4b,degraded_instruct,collapsed_q2_edge,q3_routed_tri_68,coding,560,0.1929,0.1429,0.4621,0.6304,0.2964,0.0446,0.4196,1.8321,-0.0802,cascade
4b,degraded_instruct,collapsed_q2_edge,q3_routed_tri_68,epistemic,560,0.2054,0.1589,0.4624,0.6196,0.3143,0.0268,0.4929,1.5339,-0.0568,cascade
4b,degraded_instruct,collapsed_q2_edge,q3_routed_tri_68,forensic,560,0.2375,0.1589,0.4963,0.8411,0.3232,0.0411,0.5339,1.725,-0.0752,cascade
4b,degraded_instruct,collapsed_q2_edge,q3_routed_tri_68,generalist,560,0.1661,0.1143,0.4484,0.6036,0.3054,0.075,0.55,1.6536,-0.119,cascade
4b,degraded_instruct,collapsed_q2_edge,q3_routed_tri_68,math,560,0.1875,0.1375,0.4415,0.5964,0.2946,0.05,0.5714,1.9732,-0.1053,cascade
4b,degraded_instruct,collapsed_q2_edge,q3_routed_tri_68,planning,560,0.2821,0.2179,0.4968,0.6446,0.2857,0.0464,0.4036,1.6679,0.0072,cascade
4b,degraded_instruct,collapsed_q2_edge,q3_routed_tri_68,rhetoric,560,0.1393,0.1036,0.4124,0.6143,0.3375,0.0411,0.5321,2.0536,-0.1511,cascade
4b,degraded_instruct,collapsed_q2_edge,q3_routed_tri_68,spatial,560,0.2571,0.2018,0.4799,0.6429,0.2875,0.0554,0.4607,1.7161,-0.0182,cascade
4b,degraded_instruct,collapsed_q2_edge,q3_stability_tri_72,adversarial,560,0.3357,0.2339,0.6177,0.8821,0.2893,0.05,0.55,1.3321,0.0265,cascade
4b,degraded_instruct,collapsed_q2_edge,q3_stability_tri_72,boundary,560,0.3589,0.2268,0.609,0.8643,0.3107,0.0679,0.6304,1.275,0.0058,cascade
4b,degraded_instruct,collapsed_q2_edge,q3_stability_tri_72,coding,560,0.2304,0.1696,0.4847,0.6214,0.3196,0.0482,0.4304,1.6429,-0.0525,cascade
4b,degraded_instruct,collapsed_q2_edge,q3_stability_tri_72,epistemic,560,0.1893,0.1464,0.4722,0.6768,0.3411,0.0321,0.5107,1.4768,-0.077,cascade
4b,degraded_instruct,collapsed_q2_edge,q3_stability_tri_72,forensic,560,0.2339,0.1679,0.5021,0.8554,0.3411,0.0232,0.4911,1.6625,-0.0615,cascade
4b,degraded_instruct,collapsed_q2_edge,q3_stability_tri_72,generalist,560,0.1946,0.1232,0.4602,0.5911,0.3018,0.0429,0.5964,1.6036,-0.1038,cascade
4b,degraded_instruct,collapsed_q2_edge,q3_stability_tri_72,math,560,0.2321,0.1732,0.4808,0.6446,0.3,0.0339,0.5161,1.8304,-0.0564,cascade
4b,degraded_instruct,collapsed_q2_edge,q3_stability_tri_72,planning,560,0.3161,0.2357,0.5346,0.6446,0.2875,0.0321,0.4143,1.4089,0.0394,cascade
4b,degraded_instruct,collapsed_q2_edge,q3_stability_tri_72,rhetoric,560,0.1804,0.1304,0.4275,0.5857,0.3393,0.05,0.5107,1.8607,-0.1153,cascade
4b,degraded_instruct,collapsed_q2_edge,q3_stability_tri_72,spatial,560,0.225,0.1589,0.4714,0.6554,0.3036,0.0232,0.4446,1.7179,-0.0583,cascade
4b,degraded_instruct,collapsed_q2_edge,q4_boundary_pair_72_28,adversarial,560,0.1804,0.1196,0.4553,0.8429,0.4446,0.0232,0.5339,2.0411,-0.1632,cascade
4b,degraded_instruct,collapsed_q2_edge,q4_boundary_pair_72_28,boundary,560,0.1857,0.1018,0.4695,0.825,0.3964,0.0446,0.6589,1.8589,-0.1717,cascade
4b,degraded_instruct,collapsed_q2_edge,q4_boundary_pair_72_28,coding,560,0.0804,0.0554,0.3029,0.5286,0.4161,0.0464,0.4125,2.525,-0.238,cascade
4b,degraded_instruct,collapsed_q2_edge,q4_boundary_pair_72_28,epistemic,560,0.0929,0.0679,0.3213,0.5411,0.4429,0.0232,0.5643,2.0536,-0.2175,cascade
4b,degraded_instruct,collapsed_q2_edge,q4_boundary_pair_72_28,forensic,560,0.1089,0.0786,0.356,0.7964,0.4482,0.0375,0.5036,2.3107,-0.2192,cascade
4b,degraded_instruct,collapsed_q2_edge,q4_boundary_pair_72_28,generalist,560,0.0714,0.0482,0.2888,0.5036,0.4232,0.0464,0.5464,2.325,-0.248,cascade
4b,degraded_instruct,collapsed_q2_edge,q4_boundary_pair_72_28,math,560,0.0643,0.05,0.2978,0.4982,0.3661,0.025,0.5589,2.7304,-0.2461,cascade
4b,degraded_instruct,collapsed_q2_edge,q4_boundary_pair_72_28,planning,560,0.125,0.0839,0.3175,0.4714,0.3786,0.0321,0.4446,2.35,-0.1891,cascade
4b,degraded_instruct,collapsed_q2_edge,q4_boundary_pair_72_28,rhetoric,560,0.0821,0.0607,0.2853,0.5179,0.4339,0.0304,0.5482,2.6018,-0.2495,cascade
4b,degraded_instruct,collapsed_q2_edge,q4_boundary_pair_72_28,spatial,560,0.1089,0.0786,0.3029,0.5214,0.4143,0.0429,0.4232,2.4554,-0.2109,cascade
4b,degraded_instruct,collapsed_q2_edge,q4_generalist_pair_72_28,adversarial,560,0.0786,0.0589,0.3379,0.6929,0.4429,0.0286,0.6161,2.6375,-0.2608,cascade
4b,degraded_instruct,collapsed_q2_edge,q4_generalist_pair_72_28,boundary,560,0.1036,0.0696,0.344,0.6821,0.4268,0.0357,0.65,2.4589,-0.2405,cascade
4b,degraded_instruct,collapsed_q2_edge,q4_generalist_pair_72_28,coding,560,0.0821,0.0643,0.3197,0.5679,0.3982,0.025,0.5143,2.475,-0.2251,cascade
4b,degraded_instruct,collapsed_q2_edge,q4_generalist_pair_72_28,epistemic,560,0.0911,0.0661,0.3212,0.5964,0.3946,0.0107,0.5179,2.1607,-0.2039,cascade
4b,degraded_instruct,collapsed_q2_edge,q4_generalist_pair_72_28,forensic,560,0.0804,0.0714,0.307,0.6661,0.45,0.0143,0.5464,2.5143,-0.2359,cascade
4b,degraded_instruct,collapsed_q2_edge,q4_generalist_pair_72_28,generalist,560,0.0714,0.0482,0.3114,0.5518,0.4554,0.0304,0.5375,2.2232,-0.2486,cascade
4b,degraded_instruct,collapsed_q2_edge,q4_generalist_pair_72_28,math,560,0.0679,0.0518,0.3091,0.5536,0.3679,0.0125,0.5,2.7411,-0.2381,cascade
4b,degraded_instruct,collapsed_q2_edge,q4_generalist_pair_72_28,planning,560,0.1339,0.1125,0.3542,0.6125,0.3768,0.0286,0.475,2.2661,-0.1576,cascade
4b,degraded_instruct,collapsed_q2_edge,q4_generalist_pair_72_28,rhetoric,560,0.0661,0.0518,0.2863,0.5268,0.4089,0.0357,0.6214,2.6411,-0.2598,cascade
4b,degraded_instruct,collapsed_q2_edge,q4_generalist_pair_72_28,spatial,560,0.1286,0.1,0.3391,0.6071,0.4,0.0321,0.4304,2.3375,-0.1777,cascade
4b,degraded_instruct,damaged_q2,q2_amplifier_low_echo,adversarial,560,0.8232,0.3464,0.8783,0.9911,0.1411,0.35,0.5,0.0482,0.1917,none
4b,degraded_instruct,damaged_q2,q2_amplifier_low_echo,boundary,560,0.8107,0.3607,0.8825,0.9839,0.1411,0.2875,0.4875,0.0482,0.2195,none
4b,degraded_instruct,damaged_q2,q2_amplifier_low_echo,coding,560,0.7625,0.4161,0.8621,0.8804,0.1464,0.2643,0.3554,0.0893,0.2864,none
4b,degraded_instruct,damaged_q2,q2_amplifier_low_echo,epistemic,560,0.7857,0.3589,0.8624,0.8946,0.1357,0.3054,0.4589,0.0768,0.2166,none
4b,degraded_instruct,damaged_q2,q2_amplifier_low_echo,forensic,560,0.7929,0.3768,0.8759,0.9839,0.1518,0.3089,0.4589,0.0875,0.2284,none
4b,degraded_instruct,damaged_q2,q2_amplifier_low_echo,generalist,560,0.6982,0.3411,0.8333,0.8357,0.1446,0.2911,0.4357,0.1339,0.1979,none
4b,degraded_instruct,damaged_q2,q2_amplifier_low_echo,math,560,0.6679,0.3161,0.81,0.8071,0.1679,0.3,0.45,0.2321,0.1581,none
4b,degraded_instruct,damaged_q2,q2_amplifier_low_echo,planning,560,0.7643,0.4143,0.8563,0.85,0.1429,0.2714,0.3679,0.0696,0.2842,none
4b,degraded_instruct,damaged_q2,q2_amplifier_low_echo,rhetoric,560,0.7125,0.3429,0.8266,0.825,0.1411,0.2643,0.4482,0.2036,0.2016,none
4b,degraded_instruct,damaged_q2,q2_amplifier_low_echo,spatial,560,0.7429,0.3607,0.8492,0.8464,0.1339,0.2929,0.3875,0.1304,0.2244,none
4b,degraded_instruct,damaged_q2,q3_routed_tri_68,adversarial,560,0.6768,0.4554,0.8284,0.9696,0.1946,0.0464,0.4357,0.4446,0.3306,none
4b,degraded_instruct,damaged_q2,q3_routed_tri_68,boundary,560,0.7196,0.45,0.8347,0.9661,0.1821,0.0536,0.4911,0.3857,0.3261,none
4b,degraded_instruct,damaged_q2,q3_routed_tri_68,coding,560,0.4875,0.3375,0.7079,0.8071,0.2107,0.0518,0.3518,0.8339,0.1941,none
4b,degraded_instruct,damaged_q2,q3_routed_tri_68,epistemic,560,0.4929,0.3625,0.7209,0.7946,0.1696,0.0375,0.4,0.7054,0.2368,none
4b,degraded_instruct,damaged_q2,q3_routed_tri_68,forensic,560,0.5732,0.45,0.7567,0.9625,0.1946,0.0518,0.3696,0.7643,0.3135,none
4b,degraded_instruct,damaged_q2,q3_routed_tri_68,generalist,560,0.4911,0.4,0.7151,0.7661,0.2036,0.05,0.3821,0.6911,0.2638,none
4b,degraded_instruct,damaged_q2,q3_routed_tri_68,math,560,0.4679,0.3643,0.6802,0.7339,0.1786,0.0482,0.4143,1.0214,0.2169,none
4b,degraded_instruct,damaged_q2,q3_routed_tri_68,planning,560,0.5911,0.4232,0.7356,0.7625,0.1679,0.05,0.375,0.7107,0.2973,none
4b,degraded_instruct,damaged_q2,q3_routed_tri_68,rhetoric,560,0.4339,0.2946,0.665,0.7411,0.1946,0.0357,0.4643,0.9643,0.1438,none
4b,degraded_instruct,damaged_q2,q3_routed_tri_68,spatial,560,0.5411,0.4036,0.7197,0.7929,0.1625,0.0411,0.3179,0.8214,0.2801,none
4b,degraded_instruct,damaged_q2,q3_stability_tri_72,adversarial,560,0.7232,0.4661,0.8546,0.975,0.1679,0.0429,0.4446,0.3429,0.3544,none
4b,degraded_instruct,damaged_q2,q3_stability_tri_72,boundary,560,0.775,0.4679,0.8629,0.9786,0.1625,0.0625,0.4429,0.2911,0.3566,none
4b,degraded_instruct,damaged_q2,q3_stability_tri_72,coding,560,0.5304,0.3643,0.721,0.7643,0.2054,0.0571,0.4,0.7036,0.2241,none
4b,degraded_instruct,damaged_q2,q3_stability_tri_72,epistemic,560,0.4893,0.3411,0.7273,0.7625,0.1536,0.025,0.425,0.6571,0.2231,none
4b,degraded_instruct,damaged_q2,q3_stability_tri_72,forensic,560,0.6161,0.4179,0.7746,0.9554,0.1679,0.0554,0.4393,0.6786,0.2874,none
4b,degraded_instruct,damaged_q2,q3_stability_tri_72,generalist,560,0.5357,0.3875,0.7235,0.7804,0.1964,0.0536,0.4357,0.6554,0.2502,none
4b,degraded_instruct,damaged_q2,q3_stability_tri_72,math,560,0.4875,0.3464,0.6984,0.7732,0.1589,0.0321,0.4607,0.9661,0.2072,none
4b,degraded_instruct,damaged_q2,q3_stability_tri_72,planning,560,0.5893,0.4304,0.7553,0.8018,0.1893,0.0214,0.3375,0.6179,0.3114,none
4b,degraded_instruct,damaged_q2,q3_stability_tri_72,rhetoric,560,0.4696,0.3196,0.687,0.7625,0.1857,0.0321,0.4429,0.8964,0.1772,none
4b,degraded_instruct,damaged_q2,q3_stability_tri_72,spatial,560,0.5339,0.4018,0.7212,0.8,0.1982,0.0429,0.3625,0.7554,0.267,none
4b,degraded_instruct,damaged_q2,q4_boundary_pair_72_28,adversarial,560,0.5232,0.3643,0.734,0.9696,0.2304,0.0375,0.4339,0.9196,0.207,none
4b,degraded_instruct,damaged_q2,q4_boundary_pair_72_28,boundary,560,0.575,0.3429,0.7652,0.9625,0.2161,0.0589,0.5054,0.6964,0.191,none
4b,degraded_instruct,damaged_q2,q4_boundary_pair_72_28,coding,560,0.2839,0.2143,0.5527,0.6875,0.2714,0.0482,0.3643,1.4107,0.0235,cascade
4b,degraded_instruct,damaged_q2,q4_boundary_pair_72_28,epistemic,560,0.2429,0.1768,0.5403,0.6929,0.2286,0.025,0.4732,1.3214,-0.0007,cascade
4b,degraded_instruct,damaged_q2,q4_boundary_pair_72_28,forensic,560,0.3875,0.3,0.6419,0.9304,0.2554,0.0339,0.4179,1.1732,0.1245,none
4b,degraded_instruct,damaged_q2,q4_boundary_pair_72_28,generalist,560,0.2661,0.2018,0.5393,0.6661,0.2571,0.0357,0.4018,1.3732,0.0167,cascade
4b,degraded_instruct,damaged_q2,q4_boundary_pair_72_28,math,560,0.2411,0.1786,0.5006,0.6393,0.2607,0.0411,0.4679,1.7411,-0.0323,cascade
4b,degraded_instruct,damaged_q2,q4_boundary_pair_72_28,planning,560,0.3339,0.2571,0.5659,0.6643,0.25,0.0268,0.3804,1.3304,0.0798,none
4b,degraded_instruct,damaged_q2,q4_boundary_pair_72_28,rhetoric,560,0.225,0.1696,0.5003,0.6589,0.2875,0.0286,0.475,1.6054,-0.0406,cascade
4b,degraded_instruct,damaged_q2,q4_boundary_pair_72_28,spatial,560,0.2839,0.2089,0.5211,0.6607,0.2286,0.0304,0.3464,1.5875,0.0272,cascade
4b,degraded_instruct,damaged_q2,q4_generalist_pair_72_28,adversarial,560,0.3304,0.225,0.6137,0.8625,0.2554,0.0304,0.5089,1.4,0.0316,cascade
4b,degraded_instruct,damaged_q2,q4_generalist_pair_72_28,boundary,560,0.3214,0.2196,0.5954,0.8446,0.2821,0.0393,0.5446,1.3589,0.0156,cascade
4b,degraded_instruct,damaged_q2,q4_generalist_pair_72_28,coding,560,0.2696,0.2036,0.5531,0.7554,0.2696,0.0339,0.4,1.5179,0.008,cascade
4b,degraded_instruct,damaged_q2,q4_generalist_pair_72_28,epistemic,560,0.2446,0.1661,0.5409,0.7268,0.2446,0.0089,0.4875,1.3375,-0.015,cascade
4b,degraded_instruct,damaged_q2,q4_generalist_pair_72_28,forensic,560,0.2839,0.2196,0.5425,0.7768,0.2518,0.0411,0.4857,1.5357,0.0203,cascade
4b,degraded_instruct,damaged_q2,q4_generalist_pair_72_28,generalist,560,0.2536,0.1929,0.537,0.6875,0.2536,0.0286,0.475,1.3518,0.0055,cascade
4b,degraded_instruct,damaged_q2,q4_generalist_pair_72_28,math,560,0.2714,0.1911,0.543,0.7143,0.2411,0.0304,0.4964,1.6286,-0.0085,cascade
4b,degraded_instruct,damaged_q2,q4_generalist_pair_72_28,planning,560,0.3571,0.2786,0.5999,0.7339,0.2304,0.0339,0.3929,1.2607,0.1082,none
4b,degraded_instruct,damaged_q2,q4_generalist_pair_72_28,rhetoric,560,0.2286,0.1696,0.5048,0.6768,0.2732,0.0214,0.4768,1.6411,-0.0368,cascade
4b,degraded_instruct,damaged_q2,q4_generalist_pair_72_28,spatial,560,0.3125,0.2446,0.5671,0.75,0.2339,0.0161,0.4018,1.4232,0.0679,none
4b,degraded_instruct,damaged_q3,q2_amplifier_low_echo,adversarial,560,0.8571,0.425,0.9033,0.9929,0.1107,0.3089,0.3375,0.0464,0.3007,none
4b,degraded_instruct,damaged_q3,q2_amplifier_low_echo,boundary,560,0.8661,0.4464,0.905,0.9875,0.0982,0.3125,0.3464,0.0464,0.3244,none
4b,degraded_instruct,damaged_q3,q2_amplifier_low_echo,coding,560,0.8554,0.4679,0.9071,0.9911,0.1196,0.2768,0.2821,0.0446,0.3518,none
4b,degraded_instruct,damaged_q3,q2_amplifier_low_echo,epistemic,560,0.8536,0.475,0.9085,0.9875,0.1268,0.25,0.3161,0.0321,0.3601,none
4b,degraded_instruct,damaged_q3,q2_amplifier_low_echo,forensic,560,0.8839,0.4643,0.9141,0.9875,0.0964,0.3125,0.2768,0.0411,0.3487,none
4b,degraded_instruct,damaged_q3,q2_amplifier_low_echo,generalist,560,0.8482,0.4625,0.906,0.9804,0.0946,0.2643,0.3232,0.0554,0.3526,none
4b,degraded_instruct,damaged_q3,q2_amplifier_low_echo,math,560,0.8821,0.5429,0.9192,0.9786,0.0929,0.2304,0.2875,0.0464,0.4436,none
4b,degraded_instruct,damaged_q3,q2_amplifier_low_echo,planning,560,0.8714,0.4964,0.9136,0.9929,0.1,0.2464,0.2875,0.05,0.3916,none
4b,degraded_instruct,damaged_q3,q2_amplifier_low_echo,rhetoric,560,0.875,0.4536,0.9128,0.9839,0.0911,0.2554,0.3696,0.0464,0.3433,none
4b,degraded_instruct,damaged_q3,q2_amplifier_low_echo,spatial,560,0.8732,0.4964,0.9187,0.9911,0.1071,0.2643,0.2518,0.0339,0.3896,none
4b,degraded_instruct,damaged_q3,q3_routed_tri_68,adversarial,560,0.8625,0.6125,0.9281,0.9893,0.1179,0.0607,0.2946,0.0607,0.5384,none
4b,degraded_instruct,damaged_q3,q3_routed_tri_68,boundary,560,0.8893,0.6125,0.9378,0.9857,0.0857,0.0696,0.275,0.0643,0.5476,none
4b,degraded_instruct,damaged_q3,q3_routed_tri_68,coding,560,0.8839,0.6429,0.9368,0.9804,0.1,0.0554,0.275,0.0393,0.5778,none
4b,degraded_instruct,damaged_q3,q3_routed_tri_68,epistemic,560,0.8643,0.6339,0.935,0.9911,0.1036,0.0393,0.2857,0.0482,0.5697,none
4b,degraded_instruct,damaged_q3,q3_routed_tri_68,forensic,560,0.8982,0.6857,0.9433,0.9875,0.0857,0.0429,0.2286,0.0554,0.6304,none
4b,degraded_instruct,damaged_q3,q3_routed_tri_68,generalist,560,0.8696,0.6518,0.9319,0.9643,0.0857,0.0464,0.2607,0.0679,0.5925,none
4b,degraded_instruct,damaged_q3,q3_routed_tri_68,math,560,0.8893,0.65,0.9374,0.9714,0.0839,0.0429,0.2804,0.0625,0.5907,none
4b,degraded_instruct,damaged_q3,q3_routed_tri_68,planning,560,0.8946,0.6625,0.94,0.975,0.0839,0.0554,0.2339,0.0518,0.6049,none
4b,degraded_instruct,damaged_q3,q3_routed_tri_68,rhetoric,560,0.8339,0.5982,0.9171,0.9571,0.1286,0.0321,0.2804,0.0696,0.5273,none
4b,degraded_instruct,damaged_q3,q3_routed_tri_68,spatial,560,0.8661,0.6804,0.9303,0.9714,0.1089,0.0393,0.2339,0.0643,0.6179,none
4b,degraded_instruct,damaged_q3,q3_stability_tri_72,adversarial,560,0.8732,0.6268,0.9341,0.9911,0.1143,0.0536,0.275,0.0429,0.5576,none
4b,degraded_instruct,damaged_q3,q3_stability_tri_72,boundary,560,0.8768,0.6125,0.9281,0.9893,0.1071,0.0411,0.3286,0.0661,0.5426,none
4b,degraded_instruct,damaged_q3,q3_stability_tri_72,coding,560,0.8768,0.6857,0.9371,0.9804,0.0893,0.0411,0.2214,0.0732,0.6293,none
4b,degraded_instruct,damaged_q3,q3_stability_tri_72,epistemic,560,0.8589,0.5964,0.932,0.9911,0.1089,0.025,0.3125,0.0446,0.5315,none
4b,degraded_instruct,damaged_q3,q3_stability_tri_72,forensic,560,0.8964,0.6607,0.9419,0.9893,0.0893,0.0482,0.2661,0.0446,0.6008,none
4b,degraded_instruct,damaged_q3,q3_stability_tri_72,generalist,560,0.8786,0.6107,0.9318,0.9679,0.0946,0.0554,0.2982,0.0446,0.5452,none
4b,degraded_instruct,damaged_q3,q3_stability_tri_72,math,560,0.8732,0.6446,0.9304,0.9661,0.0875,0.0321,0.2857,0.0821,0.585,none
4b,degraded_instruct,damaged_q3,q3_stability_tri_72,planning,560,0.8768,0.6554,0.9344,0.9768,0.0982,0.0411,0.2464,0.0554,0.5952,none
4b,degraded_instruct,damaged_q3,q3_stability_tri_72,rhetoric,560,0.875,0.6411,0.9321,0.9732,0.1036,0.025,0.2911,0.0482,0.5793,none
4b,degraded_instruct,damaged_q3,q3_stability_tri_72,spatial,560,0.8982,0.6982,0.9425,0.9714,0.0786,0.0375,0.2268,0.0554,0.6462,none
4b,degraded_instruct,damaged_q3,q4_boundary_pair_72_28,adversarial,560,0.8661,0.6411,0.9302,0.9946,0.1125,0.0464,0.2893,0.0679,0.5715,none
4b,degraded_instruct,damaged_q3,q4_boundary_pair_72_28,boundary,560,0.8429,0.5696,0.9177,0.9911,0.1429,0.05,0.3429,0.0589,0.4864,none
4b,degraded_instruct,damaged_q3,q4_boundary_pair_72_28,coding,560,0.7821,0.5911,0.8847,0.8929,0.1286,0.0446,0.2643,0.1696,0.5139,none
4b,degraded_instruct,damaged_q3,q4_boundary_pair_72_28,epistemic,560,0.7661,0.5625,0.8738,0.9018,0.1071,0.0179,0.3036,0.2286,0.4911,none
4b,degraded_instruct,damaged_q3,q4_boundary_pair_72_28,forensic,560,0.8536,0.6161,0.907,0.9893,0.1089,0.0464,0.2893,0.1911,0.5414,none
4b,degraded_instruct,damaged_q3,q4_boundary_pair_72_28,generalist,560,0.7161,0.5393,0.8527,0.8625,0.1196,0.0464,0.3071,0.2768,0.4557,none
4b,degraded_instruct,damaged_q3,q4_boundary_pair_72_28,math,560,0.75,0.5554,0.8497,0.8589,0.1089,0.0429,0.3214,0.3661,0.4701,none
4b,degraded_instruct,damaged_q3,q4_boundary_pair_72_28,planning,560,0.7768,0.5821,0.8721,0.8875,0.1143,0.05,0.25,0.2518,0.5053,none
4b,degraded_instruct,damaged_q3,q4_boundary_pair_72_28,rhetoric,560,0.7179,0.5339,0.8434,0.8571,0.1536,0.0518,0.2786,0.3107,0.4397,none
4b,degraded_instruct,damaged_q3,q4_boundary_pair_72_28,spatial,560,0.7839,0.6089,0.8713,0.8732,0.1161,0.0321,0.2357,0.2446,0.5366,none
4b,degraded_instruct,damaged_q3,q4_generalist_pair_72_28,adversarial,560,0.8643,0.6161,0.928,0.9839,0.1071,0.0446,0.3,0.0804,0.547,none
4b,degraded_instruct,damaged_q3,q4_generalist_pair_72_28,boundary,560,0.8696,0.5839,0.9243,0.9929,0.1125,0.0286,0.3714,0.0696,0.5113,none
4b,degraded_instruct,damaged_q3,q4_generalist_pair_72_28,coding,560,0.825,0.6125,0.8977,0.95,0.1179,0.0196,0.2911,0.1768,0.5411,none
4b,degraded_instruct,damaged_q3,q4_generalist_pair_72_28,epistemic,560,0.8286,0.6339,0.9029,0.95,0.1089,0.0196,0.2821,0.1554,0.567,none
4b,degraded_instruct,damaged_q3,q4_generalist_pair_72_28,forensic,560,0.825,0.5964,0.8901,0.9875,0.1232,0.0214,0.3036,0.2571,0.518,none
4b,degraded_instruct,damaged_q3,q4_generalist_pair_72_28,generalist,560,0.7929,0.6036,0.8909,0.9375,0.1054,0.0393,0.3,0.1946,0.5304,none
4b,degraded_instruct,damaged_q3,q4_generalist_pair_72_28,math,560,0.8321,0.6214,0.8874,0.9393,0.0946,0.0196,0.2911,0.2911,0.5513,none
4b,degraded_instruct,damaged_q3,q4_generalist_pair_72_28,planning,560,0.8179,0.6536,0.9034,0.9571,0.1321,0.0268,0.2339,0.1429,0.5827,none
4b,degraded_instruct,damaged_q3,q4_generalist_pair_72_28,rhetoric,560,0.7786,0.5607,0.875,0.9304,0.1161,0.0161,0.3232,0.2679,0.4834,none
4b,degraded_instruct,damaged_q3,q4_generalist_pair_72_28,spatial,560,0.8089,0.5732,0.8895,0.9464,0.1304,0.0286,0.2893,0.2036,0.4951,none
4b,degraded_instruct,damaged_q4,q2_amplifier_low_echo,adversarial,560,0.8571,0.4429,0.9073,0.9911,0.1,0.3143,0.2821,0.0589,0.3245,none
4b,degraded_instruct,damaged_q4,q2_amplifier_low_echo,boundary,560,0.8786,0.4679,0.9086,0.9911,0.0893,0.3179,0.3054,0.0554,0.3503,none
4b,degraded_instruct,damaged_q4,q2_amplifier_low_echo,coding,560,0.8768,0.4786,0.9156,0.9946,0.0911,0.2982,0.2232,0.0571,0.3709,none
4b,degraded_instruct,damaged_q4,q2_amplifier_low_echo,epistemic,560,0.8643,0.4643,0.9151,0.9804,0.0893,0.2696,0.2768,0.05,0.3589,none
4b,degraded_instruct,damaged_q4,q2_amplifier_low_echo,forensic,560,0.8875,0.4857,0.9184,0.9875,0.0839,0.3018,0.2643,0.05,0.3765,none
4b,degraded_instruct,damaged_q4,q2_amplifier_low_echo,generalist,560,0.8964,0.475,0.9205,0.9964,0.075,0.3179,0.275,0.0304,0.3654,none
4b,degraded_instruct,damaged_q4,q2_amplifier_low_echo,math,560,0.9161,0.5,0.9267,0.9857,0.0571,0.2821,0.2946,0.05,0.4004,none
4b,degraded_instruct,damaged_q4,q2_amplifier_low_echo,planning,560,0.8982,0.5036,0.9202,0.9964,0.0679,0.2982,0.2482,0.0589,0.4008,none
4b,degraded_instruct,damaged_q4,q2_amplifier_low_echo,rhetoric,560,0.9125,0.5107,0.9287,0.9929,0.0571,0.2768,0.2875,0.0482,0.4128,none
4b,degraded_instruct,damaged_q4,q2_amplifier_low_echo,spatial,560,0.9018,0.4982,0.9247,0.9929,0.075,0.3036,0.2179,0.05,0.3951,none
4b,degraded_instruct,damaged_q4,q3_routed_tri_68,adversarial,560,0.9143,0.7232,0.9523,0.9929,0.0714,0.0411,0.1982,0.05,0.6752,none
4b,degraded_instruct,damaged_q4,q3_routed_tri_68,boundary,560,0.9125,0.6839,0.9509,0.9946,0.0732,0.0589,0.25,0.0357,0.6284,none
4b,degraded_instruct,damaged_q4,q3_routed_tri_68,coding,560,0.9357,0.7286,0.9606,0.9911,0.0482,0.0536,0.2125,0.0339,0.6847,none
4b,degraded_instruct,damaged_q4,q3_routed_tri_68,epistemic,560,0.9036,0.6946,0.9488,0.9911,0.0625,0.0304,0.2375,0.0571,0.648,none
4b,degraded_instruct,damaged_q4,q3_routed_tri_68,forensic,560,0.925,0.7143,0.9523,0.9911,0.0625,0.0554,0.2125,0.0571,0.6646,none
4b,degraded_instruct,damaged_q4,q3_routed_tri_68,generalist,560,0.8857,0.6554,0.9441,0.9893,0.0839,0.0375,0.2518,0.0411,0.6005,none
4b,degraded_instruct,damaged_q4,q3_routed_tri_68,math,560,0.925,0.6804,0.9542,1.0,0.0554,0.0446,0.2589,0.0554,0.6313,none
4b,degraded_instruct,damaged_q4,q3_routed_tri_68,planning,560,0.9268,0.7286,0.9574,0.9893,0.0571,0.05,0.1875,0.0411,0.6844,none
4b,degraded_instruct,damaged_q4,q3_routed_tri_68,rhetoric,560,0.9125,0.6946,0.9507,0.9929,0.0732,0.0375,0.2321,0.0429,0.6445,none
4b,degraded_instruct,damaged_q4,q3_routed_tri_68,spatial,560,0.9089,0.7143,0.9482,0.9857,0.0768,0.0446,0.1893,0.0607,0.6641,none
4b,degraded_instruct,damaged_q4,q3_stability_tri_72,adversarial,560,0.9018,0.6839,0.9438,0.9875,0.0786,0.0357,0.2411,0.0607,0.6309,none
4b,degraded_instruct,damaged_q4,q3_stability_tri_72,boundary,560,0.9304,0.6911,0.953,0.9911,0.0589,0.0518,0.2607,0.0446,0.6399,none
4b,degraded_instruct,damaged_q4,q3_stability_tri_72,coding,560,0.9179,0.7375,0.9557,0.9875,0.0589,0.0321,0.1964,0.0429,0.6955,none
4b,degraded_instruct,damaged_q4,q3_stability_tri_72,epistemic,560,0.9107,0.7107,0.9524,0.9946,0.0679,0.0232,0.2393,0.0393,0.6646,none
4b,degraded_instruct,damaged_q4,q3_stability_tri_72,forensic,560,0.9179,0.7375,0.9504,0.9911,0.0732,0.0375,0.2018,0.0536,0.6892,none
4b,degraded_instruct,damaged_q4,q3_stability_tri_72,generalist,560,0.9214,0.7018,0.9513,0.9804,0.0536,0.0464,0.2304,0.05,0.6555,none
4b,degraded_instruct,damaged_q4,q3_stability_tri_72,math,560,0.925,0.7,0.9532,0.9946,0.0518,0.025,0.2518,0.0625,0.6562,none
4b,degraded_instruct,damaged_q4,q3_stability_tri_72,planning,560,0.9,0.7196,0.9471,0.9893,0.0875,0.0375,0.1839,0.0464,0.6689,none
4b,degraded_instruct,damaged_q4,q3_stability_tri_72,rhetoric,560,0.9125,0.6946,0.9486,0.9946,0.0714,0.0464,0.2375,0.0589,0.642,none
4b,degraded_instruct,damaged_q4,q3_stability_tri_72,spatial,560,0.9054,0.7161,0.9514,0.9964,0.0732,0.0464,0.1875,0.0518,0.6672,none
4b,degraded_instruct,damaged_q4,q4_boundary_pair_72_28,adversarial,560,0.9018,0.6857,0.9467,0.9911,0.0786,0.0411,0.225,0.0571,0.6331,none
4b,degraded_instruct,damaged_q4,q4_boundary_pair_72_28,boundary,560,0.8804,0.6446,0.9367,0.9964,0.1089,0.0625,0.2411,0.0607,0.5771,none
4b,degraded_instruct,damaged_q4,q4_boundary_pair_72_28,coding,560,0.9036,0.7179,0.9476,0.9821,0.075,0.0357,0.2018,0.0536,0.6694,none
4b,degraded_instruct,damaged_q4,q4_boundary_pair_72_28,epistemic,560,0.8696,0.6643,0.9375,0.9875,0.1,0.0196,0.2607,0.0429,0.6074,none
4b,degraded_instruct,damaged_q4,q4_boundary_pair_72_28,forensic,560,0.9089,0.7196,0.9461,0.9929,0.075,0.0286,0.2268,0.0661,0.67,none
4b,degraded_instruct,damaged_q4,q4_boundary_pair_72_28,generalist,560,0.8714,0.6893,0.9352,0.9589,0.0929,0.0321,0.2125,0.0536,0.6353,none
4b,degraded_instruct,damaged_q4,q4_boundary_pair_72_28,math,560,0.9071,0.6768,0.9446,0.9732,0.0696,0.0464,0.2482,0.0554,0.624,none
4b,degraded_instruct,damaged_q4,q4_boundary_pair_72_28,planning,560,0.8857,0.7036,0.9422,0.9821,0.0964,0.0357,0.1964,0.0482,0.6494,none
4b,degraded_instruct,damaged_q4,q4_boundary_pair_72_28,rhetoric,560,0.8679,0.6893,0.932,0.9536,0.0911,0.0304,0.2286,0.0696,0.6341,none
4b,degraded_instruct,damaged_q4,q4_boundary_pair_72_28,spatial,560,0.9214,0.7339,0.9544,0.9804,0.0643,0.0518,0.1786,0.0446,0.6878,none
4b,degraded_instruct,damaged_q4,q4_generalist_pair_72_28,adversarial,560,0.8911,0.7125,0.9404,0.9875,0.0964,0.0196,0.2196,0.0643,0.6589,none
4b,degraded_instruct,damaged_q4,q4_generalist_pair_72_28,boundary,560,0.8911,0.6911,0.9392,0.9911,0.0929,0.0411,0.2393,0.0679,0.6325,none
4b,degraded_instruct,damaged_q4,q4_generalist_pair_72_28,coding,560,0.9107,0.7125,0.9483,0.9857,0.0804,0.0393,0.2107,0.0411,0.6616,none
4b,degraded_instruct,damaged_q4,q4_generalist_pair_72_28,epistemic,560,0.9036,0.6839,0.9478,0.9857,0.0625,0.0036,0.2696,0.0464,0.6406,none
4b,degraded_instruct,damaged_q4,q4_generalist_pair_72_28,forensic,560,0.9089,0.6821,0.949,0.9946,0.0714,0.0286,0.2411,0.0482,0.6333,none
4b,degraded_instruct,damaged_q4,q4_generalist_pair_72_28,generalist,560,0.8911,0.7018,0.9462,0.9893,0.0768,0.0339,0.2232,0.05,0.6516,none
4b,degraded_instruct,damaged_q4,q4_generalist_pair_72_28,math,560,0.9286,0.6964,0.9499,0.9857,0.0589,0.0321,0.2768,0.0518,0.6476,none
4b,degraded_instruct,damaged_q4,q4_generalist_pair_72_28,planning,560,0.9054,0.6804,0.9458,0.9911,0.0875,0.0268,0.2411,0.0357,0.6277,none
4b,degraded_instruct,damaged_q4,q4_generalist_pair_72_28,rhetoric,560,0.9018,0.6893,0.9447,0.9821,0.075,0.0161,0.2518,0.0518,0.6408,none
4b,degraded_instruct,damaged_q4,q4_generalist_pair_72_28,spatial,560,0.8911,0.7036,0.947,0.9964,0.0875,0.0304,0.1964,0.0536,0.6529,none
4b,degraded_instruct,healthy_q6,q2_amplifier_low_echo,adversarial,560,0.9054,0.5321,0.9256,0.9929,0.0607,0.2875,0.2054,0.0732,0.4363,none
4b,degraded_instruct,healthy_q6,q2_amplifier_low_echo,boundary,560,0.9125,0.5107,0.9245,0.9893,0.0607,0.3089,0.2286,0.0536,0.4097,none
4b,degraded_instruct,healthy_q6,q2_amplifier_low_echo,coding,560,0.9071,0.5536,0.9286,0.9946,0.0661,0.2714,0.1929,0.0554,0.4613,none
4b,degraded_instruct,healthy_q6,q2_amplifier_low_echo,epistemic,560,0.8964,0.5429,0.9303,0.9875,0.0661,0.2518,0.2304,0.0429,0.4521,none
4b,degraded_instruct,healthy_q6,q2_amplifier_low_echo,forensic,560,0.9214,0.5464,0.9341,0.9911,0.0554,0.2786,0.2214,0.0393,0.4544,none
4b,degraded_instruct,healthy_q6,q2_amplifier_low_echo,generalist,560,0.9054,0.5232,0.9296,0.9929,0.0518,0.3,0.1929,0.05,0.4298,none
4b,degraded_instruct,healthy_q6,q2_amplifier_low_echo,math,560,0.9196,0.5018,0.9278,0.9911,0.0464,0.2875,0.3036,0.0625,0.4029,none
4b,degraded_instruct,healthy_q6,q2_amplifier_low_echo,planning,560,0.9304,0.5482,0.9322,0.9911,0.0429,0.3071,0.1839,0.0554,0.4564,none
4b,degraded_instruct,healthy_q6,q2_amplifier_low_echo,rhetoric,560,0.9161,0.525,0.9326,0.9911,0.0554,0.2911,0.2304,0.0446,0.4295,none
4b,degraded_instruct,healthy_q6,q2_amplifier_low_echo,spatial,560,0.9286,0.5339,0.9366,0.9911,0.0464,0.3089,0.1964,0.0411,0.4404,none
4b,degraded_instruct,healthy_q6,q3_routed_tri_68,adversarial,560,0.9393,0.7571,0.9641,0.9982,0.0482,0.0411,0.1661,0.0429,0.719,none
4b,degraded_instruct,healthy_q6,q3_routed_tri_68,boundary,560,0.9357,0.7607,0.9625,0.9982,0.0464,0.0464,0.1661,0.0536,0.7215,none
4b,degraded_instruct,healthy_q6,q3_routed_tri_68,coding,560,0.9339,0.7786,0.9632,0.9839,0.0518,0.0411,0.1339,0.0321,0.7425,none
4b,degraded_instruct,healthy_q6,q3_routed_tri_68,epistemic,560,0.9268,0.7411,0.96,0.9929,0.0518,0.0375,0.1786,0.0411,0.7017,none
4b,degraded_instruct,healthy_q6,q3_routed_tri_68,forensic,560,0.9339,0.7661,0.9585,0.9946,0.0589,0.0393,0.1536,0.0571,0.7254,none
4b,degraded_instruct,healthy_q6,q3_routed_tri_68,generalist,560,0.9357,0.7732,0.9649,0.9911,0.0357,0.0393,0.1571,0.0464,0.7398,none
4b,degraded_instruct,healthy_q6,q3_routed_tri_68,math,560,0.9571,0.7482,0.9656,0.9857,0.0339,0.0464,0.1982,0.0357,0.7111,none
4b,degraded_instruct,healthy_q6,q3_routed_tri_68,planning,560,0.9286,0.7768,0.9604,0.9857,0.05,0.0518,0.1286,0.0482,0.7387,none
4b,degraded_instruct,healthy_q6,q3_routed_tri_68,rhetoric,560,0.9518,0.7607,0.9637,0.9893,0.0357,0.0429,0.1821,0.0518,0.7243,none
4b,degraded_instruct,healthy_q6,q3_routed_tri_68,spatial,560,0.9607,0.7821,0.9703,0.9929,0.0339,0.05,0.1482,0.0375,0.7482,none
4b,degraded_instruct,healthy_q6,q3_stability_tri_72,adversarial,560,0.9304,0.775,0.9605,0.9911,0.0554,0.0464,0.1411,0.0554,0.7351,none
4b,degraded_instruct,healthy_q6,q3_stability_tri_72,boundary,560,0.9196,0.7393,0.9518,0.9893,0.0714,0.0554,0.1679,0.0607,0.6903,none
4b,degraded_instruct,healthy_q6,q3_stability_tri_72,coding,560,0.9321,0.7536,0.9609,0.9929,0.0464,0.0518,0.1589,0.0554,0.7138,none
4b,degraded_instruct,healthy_q6,q3_stability_tri_72,epistemic,560,0.9286,0.7446,0.9595,0.9964,0.0554,0.025,0.2018,0.0339,0.7052,none
4b,degraded_instruct,healthy_q6,q3_stability_tri_72,forensic,560,0.9375,0.7643,0.9599,0.9911,0.05,0.0518,0.1696,0.0518,0.7228,none
4b,degraded_instruct,healthy_q6,q3_stability_tri_72,generalist,560,0.9232,0.7643,0.9606,0.9875,0.0554,0.0536,0.1518,0.0357,0.723,none
4b,degraded_instruct,healthy_q6,q3_stability_tri_72,math,560,0.9304,0.7393,0.9577,0.9982,0.0464,0.0321,0.2018,0.0679,0.6994,none
4b,degraded_instruct,healthy_q6,q3_stability_tri_72,planning,560,0.9482,0.7768,0.9635,0.9911,0.0393,0.0536,0.1464,0.0518,0.74,none
4b,degraded_instruct,healthy_q6,q3_stability_tri_72,rhetoric,560,0.9339,0.7536,0.9626,0.9929,0.0357,0.0375,0.1732,0.0625,0.7184,none
4b,degraded_instruct,healthy_q6,q3_stability_tri_72,spatial,560,0.9536,0.7875,0.9664,0.9804,0.0375,0.0429,0.1464,0.0411,0.7539,none
4b,degraded_instruct,healthy_q6,q4_boundary_pair_72_28,adversarial,560,0.9268,0.775,0.96,0.9964,0.0571,0.0411,0.1429,0.0589,0.7353,none
4b,degraded_instruct,healthy_q6,q4_boundary_pair_72_28,boundary,560,0.9339,0.7375,0.9587,0.9857,0.05,0.0482,0.1839,0.0464,0.6958,none
4b,degraded_instruct,healthy_q6,q4_boundary_pair_72_28,coding,560,0.9357,0.7821,0.9633,0.9857,0.0464,0.0446,0.1446,0.0429,0.7456,none
4b,degraded_instruct,healthy_q6,q4_boundary_pair_72_28,epistemic,560,0.9232,0.7536,0.9598,0.9857,0.0429,0.0286,0.1768,0.0482,0.7184,none
4b,degraded_instruct,healthy_q6,q4_boundary_pair_72_28,forensic,560,0.9304,0.7821,0.958,0.9857,0.05,0.0339,0.1357,0.0625,0.7464,none
4b,degraded_instruct,healthy_q6,q4_boundary_pair_72_28,generalist,560,0.925,0.7393,0.9603,0.9964,0.0482,0.0482,0.1625,0.0518,0.6996,none
4b,degraded_instruct,healthy_q6,q4_boundary_pair_72_28,math,560,0.9357,0.7179,0.9527,0.9857,0.0446,0.0375,0.2232,0.0768,0.6753,none
4b,degraded_instruct,healthy_q6,q4_boundary_pair_72_28,planning,560,0.9357,0.7821,0.9642,0.9929,0.0482,0.0304,0.1518,0.0357,0.7477,none
4b,degraded_instruct,healthy_q6,q4_boundary_pair_72_28,rhetoric,560,0.9304,0.7321,0.9573,0.9929,0.0661,0.0411,0.1982,0.0375,0.6864,none
4b,degraded_instruct,healthy_q6,q4_boundary_pair_72_28,spatial,560,0.9357,0.7821,0.9606,0.9929,0.0536,0.0464,0.1339,0.0571,0.7432,none
4b,degraded_instruct,healthy_q6,q4_generalist_pair_72_28,adversarial,560,0.9536,0.8125,0.9647,0.9911,0.0393,0.0196,0.1464,0.0625,0.7819,none
4b,degraded_instruct,healthy_q6,q4_generalist_pair_72_28,boundary,560,0.925,0.7411,0.9589,0.9946,0.0571,0.0446,0.1661,0.0482,0.6993,none
4b,degraded_instruct,healthy_q6,q4_generalist_pair_72_28,coding,560,0.9304,0.7857,0.9623,0.9893,0.0482,0.0411,0.1339,0.05,0.7498,none
4b,degraded_instruct,healthy_q6,q4_generalist_pair_72_28,epistemic,560,0.9125,0.7304,0.9538,0.9911,0.0571,0.0196,0.2107,0.0518,0.6898,none
4b,degraded_instruct,healthy_q6,q4_generalist_pair_72_28,forensic,560,0.9268,0.8,0.9568,0.9786,0.0536,0.0268,0.1268,0.0607,0.7654,none
4b,degraded_instruct,healthy_q6,q4_generalist_pair_72_28,generalist,560,0.9196,0.7482,0.9586,0.9875,0.05,0.0268,0.1804,0.0429,0.7113,none
4b,degraded_instruct,healthy_q6,q4_generalist_pair_72_28,math,560,0.9429,0.7464,0.9598,0.9911,0.0464,0.0196,0.2214,0.0446,0.7086,none
4b,degraded_instruct,healthy_q6,q4_generalist_pair_72_28,planning,560,0.9589,0.8214,0.9702,0.9964,0.0339,0.0179,0.1304,0.0446,0.795,none
4b,degraded_instruct,healthy_q6,q4_generalist_pair_72_28,rhetoric,560,0.9393,0.7679,0.9611,0.9946,0.0464,0.0179,0.1786,0.0571,0.7332,none
4b,degraded_instruct,healthy_q6,q4_generalist_pair_72_28,spatial,560,0.9196,0.7643,0.9542,0.9839,0.0607,0.0232,0.1607,0.0536,0.7259,none
4b,degraded_instruct,healthy_q8,q2_amplifier_low_echo,adversarial,560,0.9018,0.5393,0.9279,0.9982,0.0696,0.2964,0.1714,0.0589,0.4424,none
4b,degraded_instruct,healthy_q8,q2_amplifier_low_echo,boundary,560,0.8964,0.5071,0.9214,0.9893,0.0661,0.3232,0.2161,0.0571,0.4025,none
4b,degraded_instruct,healthy_q8,q2_amplifier_low_echo,coding,560,0.9357,0.5571,0.9419,0.9929,0.0429,0.275,0.1982,0.0196,0.4724,none
4b,degraded_instruct,healthy_q8,q2_amplifier_low_echo,epistemic,560,0.9179,0.4946,0.9314,0.9911,0.0446,0.3071,0.2393,0.0464,0.3984,none
4b,degraded_instruct,healthy_q8,q2_amplifier_low_echo,forensic,560,0.9339,0.5393,0.9394,0.9946,0.0482,0.3036,0.1821,0.0339,0.4478,none
4b,degraded_instruct,healthy_q8,q2_amplifier_low_echo,generalist,560,0.8929,0.5464,0.9264,0.9893,0.05,0.2982,0.1929,0.0643,0.4531,none
4b,degraded_instruct,healthy_q8,q2_amplifier_low_echo,math,560,0.9446,0.5625,0.9424,0.9857,0.0286,0.2464,0.2429,0.0464,0.4829,none
4b,degraded_instruct,healthy_q8,q2_amplifier_low_echo,planning,560,0.9286,0.5571,0.9354,0.9857,0.0446,0.2786,0.1714,0.0446,0.4721,none
4b,degraded_instruct,healthy_q8,q2_amplifier_low_echo,rhetoric,560,0.9071,0.5161,0.9289,0.9929,0.0554,0.3107,0.2125,0.0625,0.4172,none
4b,degraded_instruct,healthy_q8,q2_amplifier_low_echo,spatial,560,0.925,0.5821,0.9406,0.9893,0.05,0.2768,0.15,0.0429,0.4976,none
4b,degraded_instruct,healthy_q8,q3_routed_tri_68,adversarial,560,0.9339,0.7554,0.9587,0.9893,0.0554,0.0482,0.1571,0.0571,0.7137,none
4b,degraded_instruct,healthy_q8,q3_routed_tri_68,boundary,560,0.9554,0.7893,0.9668,0.9875,0.0321,0.05,0.1554,0.0482,0.7548,none
4b,degraded_instruct,healthy_q8,q3_routed_tri_68,coding,560,0.9607,0.7964,0.9711,0.9893,0.025,0.05,0.1357,0.0429,0.7659,none
4b,degraded_instruct,healthy_q8,q3_routed_tri_68,epistemic,560,0.9482,0.775,0.9655,0.9821,0.0321,0.0321,0.1661,0.0375,0.7438,none
4b,degraded_instruct,healthy_q8,q3_routed_tri_68,forensic,560,0.95,0.8214,0.9676,0.9804,0.0357,0.0375,0.1196,0.0411,0.7916,none
4b,degraded_instruct,healthy_q8,q3_routed_tri_68,generalist,560,0.9429,0.7786,0.963,0.9893,0.0375,0.0589,0.1446,0.0554,0.7412,none
4b,degraded_instruct,healthy_q8,q3_routed_tri_68,math,560,0.9607,0.7643,0.9657,0.9804,0.025,0.0482,0.1875,0.0518,0.7296,none
4b,degraded_instruct,healthy_q8,q3_routed_tri_68,planning,560,0.9643,0.7929,0.9723,0.9929,0.0321,0.05,0.1393,0.0286,0.7606,none
4b,degraded_instruct,healthy_q8,q3_routed_tri_68,rhetoric,560,0.95,0.7839,0.966,0.9964,0.0357,0.0339,0.1571,0.0571,0.751,none
4b,degraded_instruct,healthy_q8,q3_routed_tri_68,spatial,560,0.9464,0.8232,0.9681,0.9893,0.0339,0.0375,0.1054,0.0554,0.7943,none
4b,degraded_instruct,healthy_q8,q3_stability_tri_72,adversarial,560,0.9571,0.8179,0.9705,0.9911,0.0339,0.0393,0.1143,0.0482,0.7883,none
4b,degraded_instruct,healthy_q8,q3_stability_tri_72,boundary,560,0.9518,0.7768,0.9664,0.9893,0.0357,0.0554,0.1518,0.0446,0.7406,none
4b,degraded_instruct,healthy_q8,q3_stability_tri_72,coding,560,0.9625,0.7964,0.9717,0.9857,0.025,0.0536,0.1339,0.0357,0.7657,none
4b,degraded_instruct,healthy_q8,q3_stability_tri_72,epistemic,560,0.9518,0.8,0.9695,0.9875,0.0268,0.025,0.15,0.0357,0.7732,none
4b,degraded_instruct,healthy_q8,q3_stability_tri_72,forensic,560,0.9554,0.8143,0.9717,0.9875,0.0339,0.0464,0.1196,0.0304,0.7837,none
4b,degraded_instruct,healthy_q8,q3_stability_tri_72,generalist,560,0.9321,0.7893,0.9645,0.9893,0.0304,0.0321,0.1357,0.0607,0.7599,none
4b,degraded_instruct,healthy_q8,q3_stability_tri_72,math,560,0.9643,0.7893,0.9703,0.9911,0.0214,0.0357,0.175,0.0482,0.7593,none
4b,degraded_instruct,healthy_q8,q3_stability_tri_72,planning,560,0.9768,0.8286,0.9742,0.9929,0.0196,0.05,0.1089,0.05,0.8015,none
4b,degraded_instruct,healthy_q8,q3_stability_tri_72,rhetoric,560,0.9643,0.7982,0.9692,0.9875,0.025,0.0375,0.1554,0.05,0.7683,none
4b,degraded_instruct,healthy_q8,q3_stability_tri_72,spatial,560,0.9607,0.8161,0.9728,0.9929,0.0214,0.0393,0.1375,0.0429,0.7886,none
4b,degraded_instruct,healthy_q8,q4_boundary_pair_72_28,adversarial,560,0.9268,0.7929,0.9603,0.9929,0.0607,0.0375,0.1125,0.0589,0.7552,none
4b,degraded_instruct,healthy_q8,q4_boundary_pair_72_28,boundary,560,0.9411,0.8089,0.9626,0.9875,0.0429,0.0411,0.1179,0.0643,0.7752,none
4b,degraded_instruct,healthy_q8,q4_boundary_pair_72_28,coding,560,0.9714,0.7839,0.9726,0.9821,0.0161,0.0536,0.1554,0.0339,0.7543,none
4b,degraded_instruct,healthy_q8,q4_boundary_pair_72_28,epistemic,560,0.9357,0.7768,0.9639,0.9893,0.0304,0.0304,0.1571,0.0536,0.7464,none
4b,degraded_instruct,healthy_q8,q4_boundary_pair_72_28,forensic,560,0.9571,0.8214,0.9692,0.9929,0.0357,0.0375,0.1107,0.0518,0.7918,none
4b,degraded_instruct,healthy_q8,q4_boundary_pair_72_28,generalist,560,0.9321,0.7732,0.9645,0.9804,0.0304,0.0536,0.1393,0.05,0.7398,none
4b,degraded_instruct,healthy_q8,q4_boundary_pair_72_28,math,560,0.9339,0.7571,0.9598,0.9893,0.05,0.0339,0.175,0.0518,0.7188,none
4b,degraded_instruct,healthy_q8,q4_boundary_pair_72_28,planning,560,0.9536,0.8089,0.9651,0.9875,0.0268,0.0464,0.1179,0.0643,0.779,none
4b,degraded_instruct,healthy_q8,q4_boundary_pair_72_28,rhetoric,560,0.9625,0.8054,0.9702,0.9893,0.025,0.0286,0.1536,0.0446,0.7776,none
4b,degraded_instruct,healthy_q8,q4_boundary_pair_72_28,spatial,560,0.9643,0.8179,0.9707,0.9839,0.0304,0.0375,0.1232,0.0393,0.7894,none
4b,degraded_instruct,healthy_q8,q4_generalist_pair_72_28,adversarial,560,0.9429,0.8036,0.9646,0.9911,0.0375,0.0375,0.125,0.0679,0.7714,none
4b,degraded_instruct,healthy_q8,q4_generalist_pair_72_28,boundary,560,0.9464,0.7893,0.9635,0.9857,0.0429,0.0429,0.1375,0.0518,0.7543,none
4b,degraded_instruct,healthy_q8,q4_generalist_pair_72_28,coding,560,0.9607,0.7982,0.9681,0.9839,0.0321,0.0429,0.1393,0.0411,0.7668,none
4b,degraded_instruct,healthy_q8,q4_generalist_pair_72_28,epistemic,560,0.9232,0.7768,0.9598,0.9839,0.0482,0.0143,0.1589,0.0446,0.7445,none
4b,degraded_instruct,healthy_q8,q4_generalist_pair_72_28,forensic,560,0.95,0.8107,0.9668,0.9893,0.0357,0.0107,0.1464,0.0411,0.7841,none
4b,degraded_instruct,healthy_q8,q4_generalist_pair_72_28,generalist,560,0.9304,0.7857,0.9622,0.9893,0.0339,0.0304,0.1411,0.0661,0.7549,none
4b,degraded_instruct,healthy_q8,q4_generalist_pair_72_28,math,560,0.9518,0.775,0.9648,0.9964,0.0304,0.0196,0.1893,0.0643,0.7436,none
4b,degraded_instruct,healthy_q8,q4_generalist_pair_72_28,planning,560,0.9643,0.8321,0.9695,0.9821,0.0321,0.0321,0.1107,0.0411,0.8052,none
4b,degraded_instruct,healthy_q8,q4_generalist_pair_72_28,rhetoric,560,0.9607,0.7982,0.9677,0.9875,0.0232,0.0179,0.1607,0.0554,0.7721,none
4b,degraded_instruct,healthy_q8,q4_generalist_pair_72_28,spatial,560,0.9446,0.8143,0.9687,0.9964,0.0429,0.0286,0.1196,0.0429,0.784,none
4b,degraded_instruct,q8_k_m,q2_amplifier_low_echo,adversarial,560,0.9054,0.5464,0.9281,0.9839,0.05,0.3089,0.1661,0.0714,0.4528,none
4b,degraded_instruct,q8_k_m,q2_amplifier_low_echo,boundary,560,0.925,0.5518,0.9295,0.9893,0.0482,0.3018,0.1893,0.0643,0.4586,none
4b,degraded_instruct,q8_k_m,q2_amplifier_low_echo,coding,560,0.9143,0.5643,0.9326,0.9839,0.0464,0.2875,0.1786,0.0554,0.4758,none
4b,degraded_instruct,q8_k_m,q2_amplifier_low_echo,epistemic,560,0.9321,0.6036,0.9477,0.9964,0.0357,0.2268,0.1643,0.0446,0.5321,none
4b,degraded_instruct,q8_k_m,q2_amplifier_low_echo,forensic,560,0.9357,0.5821,0.9415,0.9839,0.0375,0.25,0.1857,0.05,0.5035,none
4b,degraded_instruct,q8_k_m,q2_amplifier_low_echo,generalist,560,0.8982,0.5643,0.9328,0.9857,0.0464,0.2643,0.1857,0.0536,0.48,none
4b,degraded_instruct,q8_k_m,q2_amplifier_low_echo,math,560,0.9304,0.5429,0.9353,0.9946,0.0482,0.2821,0.2304,0.05,0.451,none
4b,degraded_instruct,q8_k_m,q2_amplifier_low_echo,planning,560,0.9357,0.5821,0.9376,0.9929,0.0446,0.2804,0.1661,0.0464,0.4971,none
4b,degraded_instruct,q8_k_m,q2_amplifier_low_echo,rhetoric,560,0.9054,0.5357,0.9308,0.9875,0.0607,0.2911,0.1964,0.0536,0.4409,none
4b,degraded_instruct,q8_k_m,q2_amplifier_low_echo,spatial,560,0.9304,0.5429,0.9381,0.9911,0.0482,0.3018,0.1804,0.0375,0.4517,none
4b,degraded_instruct,q8_k_m,q3_routed_tri_68,adversarial,560,0.9446,0.7857,0.9653,0.9893,0.0429,0.0536,0.1304,0.05,0.7492,none
4b,degraded_instruct,q8_k_m,q3_routed_tri_68,boundary,560,0.9518,0.7839,0.9677,0.9893,0.0304,0.05,0.1429,0.0482,0.751,none
4b,degraded_instruct,q8_k_m,q3_routed_tri_68,coding,560,0.9571,0.8089,0.9702,0.9946,0.0357,0.0321,0.1304,0.0411,0.7793,none
4b,degraded_instruct,q8_k_m,q3_routed_tri_68,epistemic,560,0.9571,0.775,0.9706,0.9964,0.0286,0.0357,0.1804,0.0321,0.7433,none
4b,degraded_instruct,q8_k_m,q3_routed_tri_68,forensic,560,0.9536,0.7875,0.9653,0.9857,0.0286,0.0446,0.1536,0.0536,0.755,none
4b,degraded_instruct,q8_k_m,q3_routed_tri_68,generalist,560,0.9482,0.8107,0.9719,0.9839,0.0268,0.0536,0.1018,0.0375,0.7819,none
4b,degraded_instruct,q8_k_m,q3_routed_tri_68,math,560,0.9696,0.7768,0.969,0.9946,0.0179,0.0304,0.1839,0.0625,0.7475,none
4b,degraded_instruct,q8_k_m,q3_routed_tri_68,planning,560,0.9696,0.8429,0.9718,0.9821,0.0161,0.0393,0.1071,0.0536,0.8189,none
4b,degraded_instruct,q8_k_m,q3_routed_tri_68,rhetoric,560,0.9482,0.8,0.969,0.9929,0.0286,0.0357,0.1411,0.0518,0.7704,none
4b,degraded_instruct,q8_k_m,q3_routed_tri_68,spatial,560,0.9446,0.8214,0.9646,0.9786,0.0375,0.0375,0.1,0.0571,0.7918,none
4b,degraded_instruct,q8_k_m,q3_stability_tri_72,adversarial,560,0.9429,0.8161,0.9661,0.9911,0.0375,0.0339,0.1143,0.0643,0.7857,none
4b,degraded_instruct,q8_k_m,q3_stability_tri_72,boundary,560,0.9589,0.8179,0.9713,0.9964,0.0286,0.0482,0.1143,0.0554,0.7877,none
4b,degraded_instruct,q8_k_m,q3_stability_tri_72,coding,560,0.9571,0.8286,0.9727,0.9982,0.0268,0.0375,0.1036,0.0536,0.8021,none
4b,degraded_instruct,q8_k_m,q3_stability_tri_72,epistemic,560,0.9571,0.8036,0.971,0.9893,0.0196,0.0339,0.1464,0.0482,0.7768,none
4b,degraded_instruct,q8_k_m,q3_stability_tri_72,forensic,560,0.9554,0.8107,0.9702,0.9911,0.0357,0.0411,0.1161,0.0429,0.7804,none
4b,degraded_instruct,q8_k_m,q3_stability_tri_72,generalist,560,0.9536,0.7839,0.9685,0.9839,0.0232,0.0482,0.1375,0.0464,0.754,none
4b,degraded_instruct,q8_k_m,q3_stability_tri_72,math,560,0.9571,0.7821,0.9696,0.9946,0.0268,0.0482,0.1607,0.0464,0.7493,none
4b,degraded_instruct,q8_k_m,q3_stability_tri_72,planning,560,0.9768,0.8161,0.9764,0.9911,0.0161,0.0482,0.1321,0.0286,0.7896,none
4b,degraded_instruct,q8_k_m,q3_stability_tri_72,rhetoric,560,0.9679,0.7946,0.9716,0.9821,0.0179,0.0429,0.1571,0.0411,0.7661,none
4b,degraded_instruct,q8_k_m,q3_stability_tri_72,spatial,560,0.9643,0.8214,0.973,0.9964,0.0214,0.05,0.1107,0.0554,0.7934,none
4b,degraded_instruct,q8_k_m,q4_boundary_pair_72_28,adversarial,560,0.9625,0.8054,0.9711,0.9964,0.0304,0.0375,0.1304,0.0518,0.7757,none
4b,degraded_instruct,q8_k_m,q4_boundary_pair_72_28,boundary,560,0.9571,0.8089,0.9713,0.9911,0.0286,0.05,0.125,0.0429,0.7782,none
4b,degraded_instruct,q8_k_m,q4_boundary_pair_72_28,coding,560,0.9696,0.8214,0.9742,0.9839,0.0196,0.0536,0.1143,0.0357,0.7939,none
4b,degraded_instruct,q8_k_m,q4_boundary_pair_72_28,epistemic,560,0.9446,0.8054,0.9676,0.9911,0.0304,0.0161,0.1446,0.0464,0.7791,none
4b,degraded_instruct,q8_k_m,q4_boundary_pair_72_28,forensic,560,0.9625,0.8179,0.9696,0.9875,0.0232,0.05,0.1143,0.0607,0.7887,none
4b,degraded_instruct,q8_k_m,q4_boundary_pair_72_28,generalist,560,0.9482,0.8143,0.971,0.9839,0.0268,0.0321,0.125,0.0339,0.7881,none
4b,degraded_instruct,q8_k_m,q4_boundary_pair_72_28,math,560,0.9446,0.7482,0.964,0.9964,0.0393,0.0339,0.1982,0.0482,0.7114,none
4b,degraded_instruct,q8_k_m,q4_boundary_pair_72_28,planning,560,0.9643,0.8768,0.974,0.9893,0.0268,0.0321,0.0625,0.05,0.8548,none
4b,degraded_instruct,q8_k_m,q4_boundary_pair_72_28,rhetoric,560,0.9625,0.8036,0.9716,0.9857,0.0304,0.0375,0.1446,0.0304,0.7739,none
4b,degraded_instruct,q8_k_m,q4_boundary_pair_72_28,spatial,560,0.9607,0.8214,0.9711,0.9857,0.0214,0.0482,0.1143,0.0482,0.7938,none
4b,degraded_instruct,q8_k_m,q4_generalist_pair_72_28,adversarial,560,0.9411,0.7911,0.9623,0.9893,0.0393,0.025,0.1393,0.0732,0.7595,none
4b,degraded_instruct,q8_k_m,q4_generalist_pair_72_28,boundary,560,0.9643,0.8018,0.9652,0.9839,0.0268,0.0464,0.1411,0.0679,0.7698,none
4b,degraded_instruct,q8_k_m,q4_generalist_pair_72_28,coding,560,0.9625,0.8357,0.9683,0.9821,0.0196,0.0196,0.1304,0.0625,0.8123,none
4b,degraded_instruct,q8_k_m,q4_generalist_pair_72_28,epistemic,560,0.9589,0.8321,0.9712,0.9839,0.0268,0.0089,0.1375,0.0304,0.8098,none
4b,degraded_instruct,q8_k_m,q4_generalist_pair_72_28,forensic,560,0.95,0.8125,0.9659,0.9875,0.0393,0.0196,0.1429,0.0411,0.7833,none
4b,degraded_instruct,q8_k_m,q4_generalist_pair_72_28,generalist,560,0.9536,0.8143,0.9693,0.9875,0.0214,0.0286,0.1304,0.0536,0.789,none
4b,degraded_instruct,q8_k_m,q4_generalist_pair_72_28,math,560,0.9607,0.7821,0.9667,0.9875,0.0214,0.0321,0.1857,0.0554,0.7517,none
4b,degraded_instruct,q8_k_m,q4_generalist_pair_72_28,planning,560,0.9625,0.8393,0.9706,0.9911,0.0268,0.0304,0.1054,0.0536,0.8141,none
4b,degraded_instruct,q8_k_m,q4_generalist_pair_72_28,rhetoric,560,0.9482,0.7804,0.9633,0.9821,0.0339,0.0161,0.1714,0.05,0.7508,none
4b,degraded_instruct,q8_k_m,q4_generalist_pair_72_28,spatial,560,0.9482,0.7946,0.9639,0.9911,0.0393,0.0286,0.1464,0.0554,0.7627,none
4b,instruct,base_f16,q2_amplifier_low_echo,adversarial,560,0.9304,0.575,0.9381,0.9929,0.0411,0.2607,0.1893,0.0554,0.4926,none
4b,instruct,base_f16,q2_amplifier_low_echo,boundary,560,0.9232,0.5554,0.9341,0.9946,0.0518,0.2589,0.1982,0.0571,0.4693,none
4b,instruct,base_f16,q2_amplifier_low_echo,coding,560,0.9125,0.5446,0.9311,0.9911,0.0571,0.275,0.1929,0.05,0.4546,none
4b,instruct,base_f16,q2_amplifier_low_echo,epistemic,560,0.9071,0.5679,0.9367,0.9911,0.0714,0.2696,0.1571,0.0286,0.4785,none
4b,instruct,base_f16,q2_amplifier_low_echo,forensic,560,0.9321,0.6071,0.9436,0.9911,0.0429,0.2732,0.1304,0.0464,0.5269,none
4b,instruct,base_f16,q2_amplifier_low_echo,generalist,560,0.9357,0.5857,0.9428,0.9946,0.0375,0.2482,0.1786,0.0429,0.5084,none
4b,instruct,base_f16,q2_amplifier_low_echo,math,560,0.925,0.575,0.9398,0.9875,0.0446,0.2518,0.2036,0.0446,0.4927,none
4b,instruct,base_f16,q2_amplifier_low_echo,planning,560,0.9464,0.6143,0.9432,0.9911,0.0286,0.2696,0.1411,0.0571,0.5376,none
4b,instruct,base_f16,q2_amplifier_low_echo,rhetoric,560,0.9161,0.5982,0.936,0.9893,0.05,0.2393,0.1839,0.0714,0.5171,none
4b,instruct,base_f16,q2_amplifier_low_echo,spatial,560,0.9339,0.6339,0.9485,0.9893,0.0357,0.2375,0.125,0.0518,0.5631,none
4b,instruct,base_f16,q3_routed_tri_68,adversarial,560,0.9375,0.8179,0.9657,0.9857,0.0482,0.0375,0.1071,0.0446,0.7851,none
4b,instruct,base_f16,q3_routed_tri_68,boundary,560,0.9732,0.8321,0.9734,0.9929,0.0143,0.0429,0.1214,0.0589,0.8066,none
4b,instruct,base_f16,q3_routed_tri_68,coding,560,0.9536,0.8196,0.969,0.9911,0.0375,0.0232,0.125,0.0429,0.7916,none
4b,instruct,base_f16,q3_routed_tri_68,epistemic,560,0.9518,0.8321,0.9742,0.9929,0.0304,0.0232,0.1107,0.0286,0.8081,none
4b,instruct,base_f16,q3_routed_tri_68,forensic,560,0.9714,0.8482,0.9761,0.9911,0.0214,0.0589,0.0857,0.0482,0.8207,none
4b,instruct,base_f16,q3_routed_tri_68,generalist,560,0.95,0.7875,0.9724,0.9946,0.025,0.0464,0.1429,0.0339,0.7576,none
4b,instruct,base_f16,q3_routed_tri_68,math,560,0.9625,0.8036,0.9702,0.9964,0.0232,0.0268,0.15,0.0607,0.7762,none
4b,instruct,base_f16,q3_routed_tri_68,planning,560,0.9607,0.8375,0.9703,0.9875,0.0304,0.0321,0.1036,0.0482,0.8113,none
4b,instruct,base_f16,q3_routed_tri_68,rhetoric,560,0.9714,0.8143,0.9766,0.9893,0.0214,0.0464,0.1268,0.0286,0.787,none
4b,instruct,base_f16,q3_routed_tri_68,spatial,560,0.975,0.8625,0.9779,0.9911,0.0143,0.0339,0.0929,0.0446,0.8418,none
4b,instruct,base_f16,q3_stability_tri_72,adversarial,560,0.9696,0.8464,0.9748,0.9911,0.0179,0.025,0.1107,0.0518,0.8246,none
4b,instruct,base_f16,q3_stability_tri_72,boundary,560,0.9643,0.8286,0.9694,0.9893,0.025,0.0411,0.1125,0.0643,0.8006,none
4b,instruct,base_f16,q3_stability_tri_72,coding,560,0.9571,0.825,0.9716,0.9911,0.025,0.0411,0.1107,0.05,0.7979,none
4b,instruct,base_f16,q3_stability_tri_72,epistemic,560,0.9482,0.7982,0.9691,0.9929,0.0304,0.025,0.1464,0.0429,0.7703,none
4b,instruct,base_f16,q3_stability_tri_72,forensic,560,0.95,0.8125,0.9678,0.9911,0.0393,0.0375,0.1196,0.0482,0.7812,none
4b,instruct,base_f16,q3_stability_tri_72,generalist,560,0.9357,0.7964,0.9645,0.9839,0.0321,0.0429,0.1196,0.0589,0.7657,none
4b,instruct,base_f16,q3_stability_tri_72,math,560,0.975,0.825,0.9707,0.9857,0.0125,0.0196,0.1446,0.0643,0.8025,none
4b,instruct,base_f16,q3_stability_tri_72,planning,560,0.9714,0.8482,0.9722,0.9929,0.0232,0.0375,0.0911,0.0607,0.8234,none
4b,instruct,base_f16,q3_stability_tri_72,rhetoric,560,0.9679,0.825,0.9743,0.9946,0.025,0.0357,0.1179,0.0446,0.7987,none
4b,instruct,base_f16,q3_stability_tri_72,spatial,560,0.9589,0.8143,0.9707,0.9893,0.0232,0.0357,0.1268,0.05,0.7875,none
4b,instruct,base_f16,q4_boundary_pair_72_28,adversarial,560,0.9679,0.8446,0.9717,0.9857,0.0232,0.0268,0.1071,0.0536,0.8211,none
4b,instruct,base_f16,q4_boundary_pair_72_28,boundary,560,0.9696,0.8268,0.9738,0.9893,0.0214,0.0446,0.1107,0.0464,0.8002,none
4b,instruct,base_f16,q4_boundary_pair_72_28,coding,560,0.9696,0.8232,0.9751,0.9893,0.0179,0.0429,0.1196,0.0393,0.7977,none
4b,instruct,base_f16,q4_boundary_pair_72_28,epistemic,560,0.9464,0.8143,0.9672,0.9893,0.0375,0.0143,0.1286,0.0411,0.7878,none
4b,instruct,base_f16,q4_boundary_pair_72_28,forensic,560,0.9661,0.8411,0.9739,0.9964,0.025,0.0286,0.1161,0.0446,0.8163,none
4b,instruct,base_f16,q4_boundary_pair_72_28,generalist,560,0.9554,0.8304,0.9728,0.9875,0.025,0.0446,0.1,0.0411,0.8039,none
4b,instruct,base_f16,q4_boundary_pair_72_28,math,560,0.9661,0.7964,0.9702,0.9893,0.0196,0.0321,0.1589,0.0571,0.7685,none
4b,instruct,base_f16,q4_boundary_pair_72_28,planning,560,0.9625,0.8411,0.9732,0.9893,0.025,0.0161,0.1143,0.0411,0.8192,none
4b,instruct,base_f16,q4_boundary_pair_72_28,rhetoric,560,0.9571,0.8161,0.9693,0.9839,0.0286,0.0232,0.1357,0.0429,0.7899,none
4b,instruct,base_f16,q4_boundary_pair_72_28,spatial,560,0.9536,0.8411,0.9732,0.9875,0.0286,0.0393,0.0857,0.0393,0.8158,none
4b,instruct,base_f16,q4_generalist_pair_72_28,adversarial,560,0.9643,0.8554,0.9737,0.9964,0.0196,0.0179,0.1,0.0661,0.8346,none
4b,instruct,base_f16,q4_generalist_pair_72_28,boundary,560,0.9429,0.8125,0.9684,0.9893,0.0357,0.0429,0.1161,0.0464,0.7816,none
4b,instruct,base_f16,q4_generalist_pair_72_28,coding,560,0.9696,0.8554,0.9759,0.9964,0.0143,0.0357,0.1,0.0554,0.8332,none
4b,instruct,base_f16,q4_generalist_pair_72_28,epistemic,560,0.9554,0.8268,0.9714,0.9911,0.0179,0.0071,0.1375,0.05,0.8065,none
4b,instruct,base_f16,q4_generalist_pair_72_28,forensic,560,0.9589,0.8696,0.9753,0.9911,0.0286,0.0089,0.0875,0.0339,0.8506,none
4b,instruct,base_f16,q4_generalist_pair_72_28,generalist,560,0.9554,0.8054,0.9686,0.9929,0.0214,0.0286,0.1446,0.0536,0.779,none
4b,instruct,base_f16,q4_generalist_pair_72_28,math,560,0.9786,0.8286,0.9736,0.9821,0.0125,0.0268,0.1411,0.0482,0.8058,none
4b,instruct,base_f16,q4_generalist_pair_72_28,planning,560,0.9554,0.8554,0.9685,0.9893,0.0268,0.0107,0.1018,0.0625,0.8339,none
4b,instruct,base_f16,q4_generalist_pair_72_28,rhetoric,560,0.9554,0.8375,0.9678,0.9911,0.0268,0.0054,0.1268,0.0643,0.815,none
4b,instruct,base_f16,q4_generalist_pair_72_28,spatial,560,0.9768,0.85,0.9781,0.9964,0.0107,0.0161,0.1214,0.0446,0.8316,none
4b,instruct,collapsed_q2_edge,q2_amplifier_low_echo,adversarial,560,0.6339,0.3036,0.8048,0.9536,0.2321,0.2661,0.525,0.3071,0.1234,none
4b,instruct,collapsed_q2_edge,q2_amplifier_low_echo,boundary,560,0.7036,0.2696,0.8186,0.9643,0.1929,0.2786,0.6518,0.25,0.0914,distractor_capture
4b,instruct,collapsed_q2_edge,q2_amplifier_low_echo,coding,560,0.4339,0.2304,0.641,0.6554,0.2268,0.2804,0.4964,0.8214,0.0255,none
4b,instruct,collapsed_q2_edge,q2_amplifier_low_echo,epistemic,560,0.3857,0.2107,0.6378,0.6768,0.2286,0.25,0.5714,0.7536,0.0088,cascade
4b,instruct,collapsed_q2_edge,q2_amplifier_low_echo,forensic,560,0.4946,0.2768,0.7126,0.9393,0.2125,0.2732,0.4946,0.7911,0.0793,none
4b,instruct,collapsed_q2_edge,q2_amplifier_low_echo,generalist,560,0.3321,0.1875,0.5734,0.5839,0.2536,0.2732,0.5446,0.9571,-0.0346,classification_miss
4b,instruct,collapsed_q2_edge,q2_amplifier_low_echo,math,560,0.3161,0.2036,0.5534,0.5821,0.2214,0.2464,0.55,1.3125,-0.0218,classification_miss
4b,instruct,collapsed_q2_edge,q2_amplifier_low_echo,planning,560,0.4679,0.2464,0.6605,0.6375,0.1982,0.2518,0.4571,0.7643,0.0618,none
4b,instruct,collapsed_q2_edge,q2_amplifier_low_echo,rhetoric,560,0.2929,0.1571,0.5573,0.5804,0.225,0.2857,0.575,1.1661,-0.0718,classification_miss
4b,instruct,collapsed_q2_edge,q2_amplifier_low_echo,spatial,560,0.3625,0.2143,0.6096,0.6589,0.2464,0.2643,0.4661,0.9714,0.0016,cascade
4b,instruct,collapsed_q2_edge,q3_routed_tri_68,adversarial,560,0.2018,0.1446,0.4761,0.7661,0.3911,0.0375,0.525,1.9554,-0.1199,cascade
4b,instruct,collapsed_q2_edge,q3_routed_tri_68,boundary,560,0.2232,0.1464,0.5,0.7875,0.3536,0.0429,0.6214,1.7143,-0.1036,cascade
4b,instruct,collapsed_q2_edge,q3_routed_tri_68,coding,560,0.1143,0.0929,0.3726,0.55,0.3857,0.0357,0.4304,2.1143,-0.1701,cascade
4b,instruct,collapsed_q2_edge,q3_routed_tri_68,epistemic,560,0.1304,0.0946,0.3816,0.5732,0.3446,0.0232,0.5214,1.825,-0.1464,cascade
4b,instruct,collapsed_q2_edge,q3_routed_tri_68,forensic,560,0.1429,0.1125,0.4073,0.7464,0.3679,0.0393,0.5304,2.0732,-0.1518,cascade
4b,instruct,collapsed_q2_edge,q3_routed_tri_68,generalist,560,0.1054,0.0804,0.3671,0.5589,0.3946,0.0571,0.5286,1.9393,-0.1887,cascade
4b,instruct,collapsed_q2_edge,q3_routed_tri_68,math,560,0.1179,0.1054,0.3833,0.575,0.3357,0.0232,0.5232,2.35,-0.1594,cascade
4b,instruct,collapsed_q2_edge,q3_routed_tri_68,planning,560,0.1786,0.1375,0.4233,0.5768,0.3286,0.0446,0.4554,1.8964,-0.1012,cascade
4b,instruct,collapsed_q2_edge,q3_routed_tri_68,rhetoric,560,0.1339,0.1125,0.3616,0.5607,0.3571,0.0357,0.5304,2.2268,-0.1556,cascade
4b,instruct,collapsed_q2_edge,q3_routed_tri_68,spatial,560,0.1661,0.1321,0.402,0.5857,0.3536,0.0268,0.4018,1.9964,-0.1113,cascade
4b,instruct,collapsed_q2_edge,q3_stability_tri_72,adversarial,560,0.2375,0.1536,0.5116,0.8071,0.3429,0.0464,0.5679,1.7714,-0.0926,cascade
4b,instruct,collapsed_q2_edge,q3_stability_tri_72,boundary,560,0.2482,0.1589,0.5215,0.7893,0.3411,0.0411,0.6446,1.6107,-0.0837,cascade
4b,instruct,collapsed_q2_edge,q3_stability_tri_72,coding,560,0.1196,0.0875,0.3793,0.5607,0.3964,0.0321,0.5196,2.0375,-0.1813,cascade
4b,instruct,collapsed_q2_edge,q3_stability_tri_72,epistemic,560,0.1554,0.1018,0.4014,0.6,0.3589,0.0214,0.5464,1.7679,-0.1423,cascade
4b,instruct,collapsed_q2_edge,q3_stability_tri_72,forensic,560,0.1679,0.1125,0.429,0.7536,0.3714,0.0357,0.6071,1.9161,-0.1504,cascade
4b,instruct,collapsed_q2_edge,q3_stability_tri_72,generalist,560,0.1107,0.075,0.3982,0.5768,0.3679,0.0446,0.5679,1.8214,-0.1808,cascade
4b,instruct,collapsed_q2_edge,q3_stability_tri_72,math,560,0.1482,0.1196,0.3944,0.5464,0.3125,0.0304,0.5464,2.2161,-0.1347,cascade
4b,instruct,collapsed_q2_edge,q3_stability_tri_72,planning,560,0.1554,0.1286,0.4054,0.5714,0.3893,0.0143,0.4464,1.9143,-0.1225,cascade
4b,instruct,collapsed_q2_edge,q3_stability_tri_72,rhetoric,560,0.1411,0.1071,0.4012,0.6018,0.3268,0.0321,0.5107,2.0982,-0.1431,cascade
4b,instruct,collapsed_q2_edge,q3_stability_tri_72,spatial,560,0.1625,0.1125,0.3971,0.5625,0.3643,0.0411,0.4339,1.9232,-0.1359,cascade
4b,instruct,collapsed_q2_edge,q4_boundary_pair_72_28,adversarial,560,0.1482,0.1161,0.3936,0.7375,0.4411,0.0232,0.5321,2.35,-0.181,cascade
4b,instruct,collapsed_q2_edge,q4_boundary_pair_72_28,boundary,560,0.1464,0.1071,0.3956,0.7518,0.4625,0.0321,0.6125,2.1714,-0.1956,cascade
4b,instruct,collapsed_q2_edge,q4_boundary_pair_72_28,coding,560,0.0554,0.0429,0.2629,0.5143,0.4714,0.0232,0.4339,2.6357,-0.2697,cascade
4b,instruct,collapsed_q2_edge,q4_boundary_pair_72_28,epistemic,560,0.0625,0.0429,0.2703,0.4589,0.4429,0.0143,0.5768,2.2589,-0.2519,cascade
4b,instruct,collapsed_q2_edge,q4_boundary_pair_72_28,forensic,560,0.0893,0.0732,0.3088,0.7071,0.4857,0.0232,0.5661,2.4429,-0.2446,cascade
4b,instruct,collapsed_q2_edge,q4_boundary_pair_72_28,generalist,560,0.0446,0.0357,0.253,0.4661,0.4732,0.0304,0.5143,2.4964,-0.2783,cascade
4b,instruct,collapsed_q2_edge,q4_boundary_pair_72_28,math,560,0.0625,0.05,0.247,0.4571,0.475,0.025,0.5464,2.9982,-0.2911,cascade
4b,instruct,collapsed_q2_edge,q4_boundary_pair_72_28,planning,560,0.0893,0.0643,0.2782,0.4875,0.4482,0.0232,0.3982,2.5732,-0.2353,cascade
4b,instruct,collapsed_q2_edge,q4_boundary_pair_72_28,rhetoric,560,0.0464,0.0411,0.2308,0.45,0.4804,0.0214,0.5446,2.8589,-0.2938,cascade
4b,instruct,collapsed_q2_edge,q4_boundary_pair_72_28,spatial,560,0.0732,0.0571,0.2429,0.4589,0.4786,0.0339,0.3893,2.7054,-0.2596,cascade
4b,instruct,collapsed_q2_edge,q4_generalist_pair_72_28,adversarial,560,0.0768,0.0589,0.2953,0.6536,0.4696,0.0214,0.5839,2.9429,-0.2801,cascade
4b,instruct,collapsed_q2_edge,q4_generalist_pair_72_28,boundary,560,0.0804,0.0607,0.2949,0.6339,0.4625,0.025,0.6982,2.7411,-0.2759,cascade
4b,instruct,collapsed_q2_edge,q4_generalist_pair_72_28,coding,560,0.0625,0.0482,0.258,0.5036,0.4393,0.0125,0.5125,2.7375,-0.2639,cascade
4b,instruct,collapsed_q2_edge,q4_generalist_pair_72_28,epistemic,560,0.0625,0.0339,0.2604,0.5339,0.4482,0.0125,0.625,2.3946,-0.2728,cascade
4b,instruct,collapsed_q2_edge,q4_generalist_pair_72_28,forensic,560,0.0768,0.0571,0.2664,0.6375,0.4839,0.0161,0.5429,2.7268,-0.271,cascade
4b,instruct,collapsed_q2_edge,q4_generalist_pair_72_28,generalist,560,0.0571,0.0411,0.2709,0.5196,0.4661,0.0268,0.5393,2.4304,-0.2688,cascade
4b,instruct,collapsed_q2_edge,q4_generalist_pair_72_28,math,560,0.0554,0.0464,0.2522,0.4964,0.4304,0.0232,0.5429,2.9571,-0.2786,cascade
4b,instruct,collapsed_q2_edge,q4_generalist_pair_72_28,planning,560,0.0768,0.0643,0.2793,0.5357,0.4518,0.0232,0.4429,2.5893,-0.2408,cascade
4b,instruct,collapsed_q2_edge,q4_generalist_pair_72_28,rhetoric,560,0.0464,0.0393,0.2245,0.5089,0.475,0.0089,0.6018,2.9589,-0.3011,cascade
4b,instruct,collapsed_q2_edge,q4_generalist_pair_72_28,spatial,560,0.0661,0.0536,0.2653,0.5304,0.4339,0.0143,0.4893,2.6607,-0.2516,cascade
4b,instruct,damaged_q2,q2_amplifier_low_echo,adversarial,560,0.8054,0.3804,0.8814,0.9875,0.1536,0.2679,0.5107,0.0446,0.2376,none
4b,instruct,damaged_q2,q2_amplifier_low_echo,boundary,560,0.775,0.3232,0.8666,0.9893,0.1768,0.2929,0.5429,0.0589,0.1652,distractor_capture
4b,instruct,damaged_q2,q2_amplifier_low_echo,coding,560,0.675,0.3464,0.811,0.775,0.1393,0.3036,0.4,0.2054,0.2017,none
4b,instruct,damaged_q2,q2_amplifier_low_echo,epistemic,560,0.6839,0.3446,0.8113,0.8196,0.1714,0.2643,0.4768,0.1929,0.1926,none
4b,instruct,damaged_q2,q2_amplifier_low_echo,forensic,560,0.7946,0.3821,0.8717,0.9929,0.1518,0.2714,0.4446,0.1464,0.2394,none
4b,instruct,damaged_q2,q2_amplifier_low_echo,generalist,560,0.6232,0.3214,0.7697,0.7339,0.1714,0.2839,0.45,0.2929,0.1626,none
4b,instruct,damaged_q2,q2_amplifier_low_echo,math,560,0.6696,0.375,0.7925,0.7732,0.1518,0.2393,0.4357,0.3625,0.2286,none
4b,instruct,damaged_q2,q2_amplifier_low_echo,planning,560,0.6946,0.4054,0.8169,0.7607,0.1464,0.2357,0.3696,0.1911,0.2752,none
4b,instruct,damaged_q2,q2_amplifier_low_echo,rhetoric,560,0.6375,0.3339,0.7761,0.7536,0.1571,0.2607,0.4911,0.3589,0.1774,none
4b,instruct,damaged_q2,q2_amplifier_low_echo,spatial,560,0.6732,0.3696,0.8109,0.7875,0.1429,0.2982,0.3661,0.2536,0.2252,none
4b,instruct,damaged_q2,q3_routed_tri_68,adversarial,560,0.5357,0.3536,0.7548,0.9232,0.2232,0.0304,0.4732,0.7393,0.2057,none
4b,instruct,damaged_q2,q3_routed_tri_68,boundary,560,0.575,0.3536,0.7458,0.9089,0.2179,0.0393,0.5304,0.7393,0.201,none
4b,instruct,damaged_q2,q3_routed_tri_68,coding,560,0.3929,0.2821,0.6382,0.7339,0.2018,0.0536,0.4071,1.0982,0.1234,none
4b,instruct,damaged_q2,q3_routed_tri_68,epistemic,560,0.4036,0.3071,0.6439,0.7589,0.2304,0.0143,0.4339,0.9518,0.1529,none
4b,instruct,damaged_q2,q3_routed_tri_68,forensic,560,0.4375,0.3,0.6627,0.8929,0.2304,0.0357,0.4696,1.0893,0.1317,none
4b,instruct,damaged_q2,q3_routed_tri_68,generalist,560,0.3696,0.2661,0.6294,0.7286,0.2304,0.0321,0.4536,1.0036,0.1041,none
4b,instruct,damaged_q2,q3_routed_tri_68,math,560,0.3482,0.2554,0.6164,0.7357,0.2054,0.0446,0.4821,1.3089,0.0808,none
4b,instruct,damaged_q2,q3_routed_tri_68,planning,560,0.4875,0.3607,0.67,0.7411,0.1839,0.0464,0.3643,0.9893,0.2176,none
4b,instruct,damaged_q2,q3_routed_tri_68,rhetoric,560,0.3089,0.2107,0.577,0.6982,0.2232,0.0411,0.4589,1.3411,0.0318,cascade
4b,instruct,damaged_q2,q3_routed_tri_68,spatial,560,0.4286,0.3071,0.6362,0.7482,0.2054,0.0268,0.3714,1.1411,0.1534,none
4b,instruct,damaged_q2,q3_stability_tri_72,adversarial,560,0.6018,0.3768,0.7831,0.9304,0.1946,0.0286,0.4589,0.6536,0.2433,none
4b,instruct,damaged_q2,q3_stability_tri_72,boundary,560,0.6375,0.3839,0.7881,0.9464,0.2125,0.0571,0.4893,0.5625,0.2415,none
4b,instruct,damaged_q2,q3_stability_tri_72,coding,560,0.4679,0.3411,0.6654,0.7571,0.2143,0.0268,0.3964,0.9875,0.1903,none
4b,instruct,damaged_q2,q3_stability_tri_72,epistemic,560,0.4054,0.2857,0.6611,0.7607,0.2161,0.025,0.4875,0.85,0.1344,none
4b,instruct,damaged_q2,q3_stability_tri_72,forensic,560,0.5107,0.3696,0.7128,0.8982,0.1982,0.0446,0.4393,0.9018,0.221,none
4b,instruct,damaged_q2,q3_stability_tri_72,generalist,560,0.3768,0.2518,0.6529,0.7357,0.1857,0.0446,0.4804,0.95,0.1012,none
4b,instruct,damaged_q2,q3_stability_tri_72,math,560,0.3946,0.2982,0.6419,0.7518,0.2107,0.0143,0.4661,1.1732,0.1362,none
4b,instruct,damaged_q2,q3_stability_tri_72,planning,560,0.4911,0.3679,0.6895,0.75,0.2089,0.0304,0.3375,0.8714,0.2285,none
4b,instruct,damaged_q2,q3_stability_tri_72,rhetoric,560,0.3911,0.2696,0.6153,0.7018,0.2089,0.0232,0.4696,1.1714,0.1062,none
4b,instruct,damaged_q2,q3_stability_tri_72,spatial,560,0.475,0.3321,0.6605,0.7375,0.1768,0.0393,0.3821,1.0179,0.1898,none
4b,instruct,damaged_q2,q4_boundary_pair_72_28,adversarial,560,0.3625,0.2607,0.6498,0.8946,0.2821,0.0304,0.4089,1.2411,0.0752,cascade
4b,instruct,damaged_q2,q4_boundary_pair_72_28,boundary,560,0.4679,0.3107,0.68,0.9089,0.2393,0.0339,0.4982,1.0964,0.1375,none
4b,instruct,damaged_q2,q4_boundary_pair_72_28,coding,560,0.2393,0.1929,0.5196,0.6839,0.2536,0.0304,0.375,1.6232,-0.0004,cascade
4b,instruct,damaged_q2,q4_boundary_pair_72_28,epistemic,560,0.2304,0.1804,0.4905,0.6357,0.2571,0.0143,0.4732,1.4679,-0.0109,cascade
4b,instruct,damaged_q2,q4_boundary_pair_72_28,forensic,560,0.3036,0.2196,0.5674,0.8857,0.2536,0.025,0.475,1.5018,0.0255,cascade
4b,instruct,damaged_q2,q4_boundary_pair_72_28,generalist,560,0.1732,0.1286,0.4712,0.6321,0.2696,0.0321,0.4607,1.6232,-0.0768,cascade
4b,instruct,damaged_q2,q4_boundary_pair_72_28,math,560,0.2,0.1625,0.487,0.6696,0.2571,0.0339,0.5018,1.8946,-0.0563,cascade
4b,instruct,damaged_q2,q4_boundary_pair_72_28,planning,560,0.2554,0.2036,0.5017,0.6339,0.2821,0.0286,0.4,1.5964,0.0014,cascade
4b,instruct,damaged_q2,q4_boundary_pair_72_28,rhetoric,560,0.1911,0.1411,0.4592,0.6071,0.275,0.0268,0.4536,1.8071,-0.0734,cascade
4b,instruct,damaged_q2,q4_boundary_pair_72_28,spatial,560,0.2429,0.2054,0.4906,0.6339,0.2786,0.0268,0.3393,1.6732,0.0056,cascade
4b,instruct,damaged_q2,q4_generalist_pair_72_28,adversarial,560,0.225,0.1661,0.5104,0.7518,0.2982,0.0125,0.4714,1.8357,-0.0554,cascade
4b,instruct,damaged_q2,q4_generalist_pair_72_28,boundary,560,0.2786,0.1893,0.5258,0.7911,0.2875,0.0304,0.5143,1.7161,-0.03,cascade
4b,instruct,damaged_q2,q4_generalist_pair_72_28,coding,560,0.2268,0.1679,0.4985,0.6821,0.2429,0.0339,0.4018,1.7446,-0.0312,cascade
4b,instruct,damaged_q2,q4_generalist_pair_72_28,epistemic,560,0.2321,0.1714,0.5167,0.6839,0.2643,0.0107,0.4911,1.4214,-0.0204,cascade
4b,instruct,damaged_q2,q4_generalist_pair_72_28,forensic,560,0.2196,0.1786,0.4863,0.7268,0.2589,0.0179,0.5179,1.7714,-0.0327,cascade
4b,instruct,damaged_q2,q4_generalist_pair_72_28,generalist,560,0.1911,0.1268,0.4901,0.6411,0.2768,0.0268,0.4946,1.5321,-0.0778,cascade
4b,instruct,damaged_q2,q4_generalist_pair_72_28,math,560,0.2446,0.1714,0.5165,0.7214,0.2643,0.0089,0.5321,1.7518,-0.0398,cascade
4b,instruct,damaged_q2,q4_generalist_pair_72_28,planning,560,0.2839,0.2143,0.5342,0.7339,0.2464,0.0107,0.3929,1.5839,0.0276,cascade
4b,instruct,damaged_q2,q4_generalist_pair_72_28,rhetoric,560,0.1946,0.1321,0.4507,0.6339,0.2821,0.0107,0.5161,1.8929,-0.0906,cascade
4b,instruct,damaged_q2,q4_generalist_pair_72_28,spatial,560,0.2768,0.2089,0.5219,0.6982,0.2446,0.0161,0.3554,1.6107,0.0234,cascade
4b,instruct,damaged_q3,q2_amplifier_low_echo,adversarial,560,0.8446,0.4214,0.8982,0.9893,0.1125,0.3,0.375,0.0536,0.295,none
4b,instruct,damaged_q3,q2_amplifier_low_echo,boundary,560,0.8446,0.4054,0.8964,0.9911,0.1179,0.3125,0.4107,0.0375,0.2728,none
4b,instruct,damaged_q3,q2_amplifier_low_echo,coding,560,0.8679,0.4857,0.9127,0.9768,0.0946,0.2607,0.2982,0.0411,0.3793,none
4b,instruct,damaged_q3,q2_amplifier_low_echo,epistemic,560,0.8589,0.4411,0.9072,0.9875,0.1018,0.25,0.3982,0.0464,0.3264,none
4b,instruct,damaged_q3,q2_amplifier_low_echo,forensic,560,0.8804,0.4732,0.916,0.9946,0.0964,0.2589,0.3125,0.05,0.365,none
4b,instruct,damaged_q3,q2_amplifier_low_echo,generalist,560,0.7875,0.4143,0.8819,0.9482,0.1393,0.2786,0.375,0.0536,0.2841,none
4b,instruct,damaged_q3,q2_amplifier_low_echo,math,560,0.8482,0.4946,0.9026,0.9446,0.1071,0.2393,0.3429,0.0482,0.3848,none
4b,instruct,damaged_q3,q2_amplifier_low_echo,planning,560,0.8786,0.5321,0.9138,0.9607,0.0946,0.2286,0.2786,0.0375,0.4339,none
4b,instruct,damaged_q3,q2_amplifier_low_echo,rhetoric,560,0.85,0.4625,0.9021,0.9321,0.0911,0.2357,0.3786,0.0464,0.3554,none
4b,instruct,damaged_q3,q2_amplifier_low_echo,spatial,560,0.8714,0.5125,0.9134,0.9643,0.1018,0.2446,0.2786,0.0429,0.4086,none
4b,instruct,damaged_q3,q3_routed_tri_68,adversarial,560,0.8518,0.5911,0.9254,0.9964,0.1339,0.0429,0.3143,0.0571,0.5143,none
4b,instruct,damaged_q3,q3_routed_tri_68,boundary,560,0.8571,0.5911,0.9219,0.9804,0.1268,0.0268,0.3643,0.0464,0.5162,none
4b,instruct,damaged_q3,q3_routed_tri_68,coding,560,0.8732,0.6482,0.9294,0.9411,0.0839,0.0304,0.2536,0.0661,0.5934,none
4b,instruct,damaged_q3,q3_routed_tri_68,epistemic,560,0.8393,0.6054,0.913,0.9339,0.1054,0.0214,0.3089,0.0804,0.5407,none
4b,instruct,damaged_q3,q3_routed_tri_68,forensic,560,0.8893,0.6339,0.9322,0.9875,0.0946,0.0339,0.3161,0.075,0.5697,none
4b,instruct,damaged_q3,q3_routed_tri_68,generalist,560,0.825,0.625,0.9081,0.9125,0.0857,0.0304,0.2714,0.1268,0.5652,none
4b,instruct,damaged_q3,q3_routed_tri_68,math,560,0.85,0.6214,0.912,0.9286,0.1,0.0339,0.2893,0.1214,0.5554,none
4b,instruct,damaged_q3,q3_routed_tri_68,planning,560,0.8321,0.6357,0.9097,0.9232,0.1179,0.0357,0.2571,0.0964,0.5678,none
4b,instruct,damaged_q3,q3_routed_tri_68,rhetoric,560,0.8286,0.6107,0.9035,0.9321,0.1161,0.025,0.2929,0.1321,0.5409,none
4b,instruct,damaged_q3,q3_routed_tri_68,spatial,560,0.8643,0.6357,0.9234,0.9339,0.0857,0.0357,0.2679,0.0893,0.577,none
4b,instruct,damaged_q3,q3_stability_tri_72,adversarial,560,0.8482,0.6214,0.9237,0.9893,0.1321,0.025,0.2911,0.0643,0.5503,none
4b,instruct,damaged_q3,q3_stability_tri_72,boundary,560,0.8946,0.6125,0.9355,0.9911,0.0929,0.0429,0.3357,0.05,0.5467,none
4b,instruct,damaged_q3,q3_stability_tri_72,coding,560,0.8661,0.6482,0.9261,0.9464,0.0911,0.0304,0.2643,0.075,0.5899,none
4b,instruct,damaged_q3,q3_stability_tri_72,epistemic,560,0.8625,0.6107,0.9231,0.9464,0.0893,0.0161,0.3232,0.0661,0.5516,none
4b,instruct,damaged_q3,q3_stability_tri_72,forensic,560,0.8875,0.6679,0.9383,0.9875,0.0929,0.0286,0.2482,0.0661,0.6111,none
4b,instruct,damaged_q3,q3_stability_tri_72,generalist,560,0.8411,0.6232,0.9155,0.9286,0.0946,0.0482,0.2679,0.0929,0.5591,none
4b,instruct,damaged_q3,q3_stability_tri_72,math,560,0.8625,0.5893,0.9185,0.9286,0.0821,0.0268,0.35,0.0875,0.5269,none
4b,instruct,damaged_q3,q3_stability_tri_72,planning,560,0.8268,0.625,0.9171,0.9429,0.1268,0.0196,0.2536,0.0607,0.5597,none
4b,instruct,damaged_q3,q3_stability_tri_72,rhetoric,560,0.8161,0.5964,0.9,0.9054,0.0929,0.0268,0.2982,0.1554,0.5316,none
4b,instruct,damaged_q3,q3_stability_tri_72,spatial,560,0.8518,0.6679,0.9209,0.9214,0.1,0.0393,0.2357,0.0679,0.6077,none
4b,instruct,damaged_q3,q4_boundary_pair_72_28,adversarial,560,0.8357,0.6071,0.9171,0.9821,0.1429,0.0304,0.3054,0.0768,0.5299,none
4b,instruct,damaged_q3,q4_boundary_pair_72_28,boundary,560,0.8571,0.6125,0.9238,0.9893,0.1214,0.0357,0.3143,0.0732,0.5401,none
4b,instruct,damaged_q3,q4_boundary_pair_72_28,coding,560,0.7357,0.5982,0.85,0.85,0.1214,0.025,0.2196,0.3304,0.5227,none
4b,instruct,damaged_q3,q4_boundary_pair_72_28,epistemic,560,0.7286,0.5786,0.8436,0.8821,0.1286,0.0161,0.2554,0.3375,0.4995,none
4b,instruct,damaged_q3,q4_boundary_pair_72_28,forensic,560,0.7768,0.6018,0.8763,0.9857,0.1321,0.0196,0.2875,0.3071,0.5199,none
4b,instruct,damaged_q3,q4_boundary_pair_72_28,generalist,560,0.6768,0.5196,0.8254,0.8161,0.1071,0.0286,0.2982,0.3732,0.4393,none
4b,instruct,damaged_q3,q4_boundary_pair_72_28,math,560,0.7196,0.5482,0.8248,0.8589,0.1107,0.025,0.2804,0.5232,0.4614,none
4b,instruct,damaged_q3,q4_boundary_pair_72_28,planning,560,0.7661,0.6125,0.8563,0.875,0.1232,0.0143,0.2714,0.3054,0.5357,none
4b,instruct,damaged_q3,q4_boundary_pair_72_28,rhetoric,560,0.6786,0.5036,0.8135,0.8411,0.1232,0.0321,0.3107,0.4839,0.4111,none
4b,instruct,damaged_q3,q4_boundary_pair_72_28,spatial,560,0.7161,0.5589,0.8185,0.8286,0.1161,0.0321,0.2411,0.4643,0.4752,none
4b,instruct,damaged_q3,q4_generalist_pair_72_28,adversarial,560,0.7839,0.5536,0.8903,0.975,0.1304,0.0321,0.3357,0.2375,0.4693,none
4b,instruct,damaged_q3,q4_generalist_pair_72_28,boundary,560,0.8232,0.5536,0.8891,0.9714,0.1321,0.0268,0.3286,0.2375,0.4704,none
4b,instruct,damaged_q3,q4_generalist_pair_72_28,coding,560,0.7232,0.5625,0.8357,0.8839,0.1268,0.0232,0.2643,0.4268,0.4773,none
4b,instruct,damaged_q3,q4_generalist_pair_72_28,epistemic,560,0.7518,0.5607,0.8644,0.9393,0.1214,0.0054,0.3286,0.2875,0.4826,none
4b,instruct,damaged_q3,q4_generalist_pair_72_28,forensic,560,0.7732,0.5911,0.8638,0.975,0.1,0.0196,0.3018,0.4036,0.5128,none
4b,instruct,damaged_q3,q4_generalist_pair_72_28,generalist,560,0.6857,0.5268,0.83,0.8786,0.1196,0.0357,0.3214,0.3964,0.4382,none
4b,instruct,damaged_q3,q4_generalist_pair_72_28,math,560,0.7161,0.5446,0.8391,0.9089,0.1125,0.0161,0.3304,0.4804,0.4572,none
4b,instruct,damaged_q3,q4_generalist_pair_72_28,planning,560,0.775,0.5946,0.8557,0.8786,0.1232,0.025,0.2839,0.3071,0.5146,none
4b,instruct,damaged_q3,q4_generalist_pair_72_28,rhetoric,560,0.7125,0.5339,0.8232,0.8857,0.1125,0.0089,0.3411,0.4929,0.4465,none
4b,instruct,damaged_q3,q4_generalist_pair_72_28,spatial,560,0.7304,0.5696,0.8402,0.8946,0.1321,0.0286,0.2375,0.4107,0.4848,none
4b,instruct,damaged_q4,q2_amplifier_low_echo,adversarial,560,0.8982,0.4714,0.9174,0.9964,0.0768,0.325,0.25,0.0536,0.3607,none
4b,instruct,damaged_q4,q2_amplifier_low_echo,boundary,560,0.8696,0.4304,0.9059,0.9911,0.1036,0.3018,0.3357,0.0446,0.3098,none
4b,instruct,damaged_q4,q2_amplifier_low_echo,coding,560,0.8875,0.5143,0.9214,0.9982,0.0893,0.25,0.25,0.05,0.415,none
4b,instruct,damaged_q4,q2_amplifier_low_echo,epistemic,560,0.8946,0.5179,0.9256,0.9857,0.0768,0.2536,0.2786,0.0321,0.4202,none
4b,instruct,damaged_q4,q2_amplifier_low_echo,forensic,560,0.8786,0.4786,0.9163,0.9911,0.0946,0.2857,0.2786,0.0464,0.3684,none
4b,instruct,damaged_q4,q2_amplifier_low_echo,generalist,560,0.8786,0.4571,0.9153,0.9893,0.0696,0.3054,0.3018,0.0482,0.3486,none
4b,instruct,damaged_q4,q2_amplifier_low_echo,math,560,0.8982,0.4875,0.922,0.9946,0.075,0.2911,0.3018,0.0482,0.3802,none
4b,instruct,damaged_q4,q2_amplifier_low_echo,planning,560,0.8911,0.5357,0.9233,0.9911,0.0732,0.2804,0.2179,0.0518,0.4377,none
4b,instruct,damaged_q4,q2_amplifier_low_echo,rhetoric,560,0.8929,0.4839,0.9218,0.9929,0.0857,0.25,0.2821,0.0518,0.3831,none
4b,instruct,damaged_q4,q2_amplifier_low_echo,spatial,560,0.8714,0.5286,0.9193,0.9875,0.0946,0.2607,0.2089,0.0643,0.4281,none
4b,instruct,damaged_q4,q3_routed_tri_68,adversarial,560,0.9018,0.6929,0.9458,0.9911,0.075,0.0518,0.2125,0.0714,0.6394,none
4b,instruct,damaged_q4,q3_routed_tri_68,boundary,560,0.9179,0.6661,0.9479,0.9946,0.0696,0.0375,0.2839,0.0446,0.6127,none
4b,instruct,damaged_q4,q3_routed_tri_68,coding,560,0.9125,0.7018,0.9508,0.9929,0.0679,0.0429,0.2125,0.0589,0.6529,none
4b,instruct,damaged_q4,q3_routed_tri_68,epistemic,560,0.9179,0.7107,0.9514,0.9946,0.0643,0.0196,0.2536,0.0429,0.6651,none
4b,instruct,damaged_q4,q3_routed_tri_68,forensic,560,0.9232,0.7071,0.9531,0.9893,0.0571,0.0304,0.2321,0.05,0.6629,none
4b,instruct,damaged_q4,q3_routed_tri_68,generalist,560,0.9214,0.6536,0.9526,0.9893,0.0625,0.0554,0.2768,0.0232,0.6004,none
4b,instruct,damaged_q4,q3_routed_tri_68,math,560,0.9161,0.6929,0.9531,0.9982,0.0661,0.0357,0.2393,0.0482,0.6443,none
4b,instruct,damaged_q4,q3_routed_tri_68,planning,560,0.9179,0.7268,0.9525,0.9929,0.0643,0.0214,0.2143,0.05,0.6836,none
4b,instruct,damaged_q4,q3_routed_tri_68,rhetoric,560,0.9125,0.7125,0.9511,0.9929,0.0696,0.025,0.2321,0.0464,0.6657,none
4b,instruct,damaged_q4,q3_routed_tri_68,spatial,560,0.8982,0.7054,0.9485,0.9911,0.0911,0.0411,0.2,0.0357,0.652,none
4b,instruct,damaged_q4,q3_stability_tri_72,adversarial,560,0.9125,0.6964,0.9487,0.9911,0.0696,0.0304,0.2446,0.0571,0.647,none
4b,instruct,damaged_q4,q3_stability_tri_72,boundary,560,0.9125,0.675,0.9429,0.9893,0.075,0.0518,0.25,0.0732,0.6185,none
4b,instruct,damaged_q4,q3_stability_tri_72,coding,560,0.9321,0.7339,0.9558,0.9893,0.0607,0.0304,0.2071,0.0411,0.691,none
4b,instruct,damaged_q4,q3_stability_tri_72,epistemic,560,0.9,0.6768,0.9484,0.9893,0.0768,0.025,0.25,0.0339,0.6271,none
4b,instruct,damaged_q4,q3_stability_tri_72,forensic,560,0.9143,0.7125,0.9501,0.9929,0.0768,0.0196,0.2429,0.0357,0.6643,none
4b,instruct,damaged_q4,q3_stability_tri_72,generalist,560,0.9018,0.6857,0.9454,0.9875,0.0732,0.0375,0.2429,0.05,0.6343,none
4b,instruct,damaged_q4,q3_stability_tri_72,math,560,0.9482,0.6839,0.957,0.9893,0.0268,0.0357,0.2911,0.0607,0.6424,none
4b,instruct,damaged_q4,q3_stability_tri_72,planning,560,0.9089,0.7286,0.951,0.9911,0.0839,0.025,0.1821,0.0357,0.682,none
4b,instruct,damaged_q4,q3_stability_tri_72,rhetoric,560,0.9125,0.7196,0.9505,0.9893,0.0696,0.0196,0.2161,0.0536,0.6749,none
4b,instruct,damaged_q4,q3_stability_tri_72,spatial,560,0.8964,0.7054,0.9465,0.9911,0.0857,0.0429,0.1982,0.0518,0.6526,none
4b,instruct,damaged_q4,q4_boundary_pair_72_28,adversarial,560,0.8911,0.7,0.9419,0.9964,0.1018,0.0304,0.2286,0.0554,0.6423,none
4b,instruct,damaged_q4,q4_boundary_pair_72_28,boundary,560,0.9,0.6804,0.9434,0.9804,0.0679,0.0304,0.2643,0.0643,0.6296,none
4b,instruct,damaged_q4,q4_boundary_pair_72_28,coding,560,0.8929,0.6804,0.9414,0.9679,0.0821,0.0464,0.2196,0.0518,0.6263,none
4b,instruct,damaged_q4,q4_boundary_pair_72_28,epistemic,560,0.8964,0.7054,0.9419,0.9679,0.0625,0.0179,0.2339,0.0661,0.661,none
4b,instruct,damaged_q4,q4_boundary_pair_72_28,forensic,560,0.8857,0.6857,0.9405,0.9911,0.1,0.0339,0.225,0.0518,0.6283,none
4b,instruct,damaged_q4,q4_boundary_pair_72_28,generalist,560,0.85,0.6661,0.925,0.9268,0.0804,0.0393,0.2161,0.0839,0.6126,none
4b,instruct,damaged_q4,q4_boundary_pair_72_28,math,560,0.8768,0.65,0.9272,0.9357,0.0804,0.0179,0.2732,0.0821,0.5964,none
4b,instruct,damaged_q4,q4_boundary_pair_72_28,planning,560,0.8696,0.6893,0.9271,0.95,0.0857,0.0214,0.2196,0.0964,0.6369,none
4b,instruct,damaged_q4,q4_boundary_pair_72_28,rhetoric,560,0.8768,0.6679,0.9267,0.9357,0.0804,0.0107,0.2625,0.0821,0.6165,none
4b,instruct,damaged_q4,q4_boundary_pair_72_28,spatial,560,0.9071,0.7286,0.9405,0.9446,0.0661,0.025,0.1911,0.0714,0.6849,none
4b,instruct,damaged_q4,q4_generalist_pair_72_28,adversarial,560,0.8625,0.6357,0.9292,0.9875,0.1018,0.0268,0.2839,0.0821,0.573,none
4b,instruct,damaged_q4,q4_generalist_pair_72_28,boundary,560,0.8875,0.6536,0.9347,0.9964,0.0982,0.025,0.2839,0.0732,0.5927,none
4b,instruct,damaged_q4,q4_generalist_pair_72_28,coding,560,0.9232,0.7411,0.9518,0.9875,0.0518,0.0107,0.2161,0.0714,0.7025,none
4b,instruct,damaged_q4,q4_generalist_pair_72_28,epistemic,560,0.9089,0.6714,0.9503,0.9946,0.0696,0.0107,0.2821,0.0321,0.6242,none
4b,instruct,damaged_q4,q4_generalist_pair_72_28,forensic,560,0.9071,0.7179,0.947,0.9929,0.075,0.0125,0.2286,0.0589,0.6716,none
4b,instruct,damaged_q4,q4_generalist_pair_72_28,generalist,560,0.8607,0.6375,0.9317,0.9786,0.1036,0.0286,0.2714,0.0536,0.5763,none
4b,instruct,damaged_q4,q4_generalist_pair_72_28,math,560,0.9,0.65,0.9416,0.9839,0.0661,0.0143,0.3107,0.0661,0.5992,none
4b,instruct,damaged_q4,q4_generalist_pair_72_28,planning,560,0.8929,0.6839,0.9432,0.9857,0.0821,0.0107,0.2429,0.0536,0.635,none
4b,instruct,damaged_q4,q4_generalist_pair_72_28,rhetoric,560,0.8911,0.6732,0.9374,0.9714,0.075,0.0071,0.2875,0.0679,0.6229,none
4b,instruct,damaged_q4,q4_generalist_pair_72_28,spatial,560,0.9286,0.7286,0.9558,0.9875,0.0536,0.0143,0.225,0.0446,0.6894,none
4b,instruct,healthy_q6,q2_amplifier_low_echo,adversarial,560,0.9018,0.5,0.9224,0.9964,0.075,0.2946,0.2429,0.0518,0.3966,none
4b,instruct,healthy_q6,q2_amplifier_low_echo,boundary,560,0.8982,0.5161,0.9225,0.9857,0.0786,0.2929,0.2286,0.0411,0.4136,none
4b,instruct,healthy_q6,q2_amplifier_low_echo,coding,560,0.8893,0.5357,0.9253,0.9875,0.0643,0.2875,0.1804,0.0643,0.4413,none
4b,instruct,healthy_q6,q2_amplifier_low_echo,epistemic,560,0.9036,0.5589,0.9336,0.9893,0.0661,0.2339,0.2286,0.0357,0.4723,none
4b,instruct,healthy_q6,q2_amplifier_low_echo,forensic,560,0.9089,0.5196,0.9297,0.9929,0.0643,0.2911,0.2161,0.0554,0.4221,none
4b,instruct,healthy_q6,q2_amplifier_low_echo,generalist,560,0.9,0.5321,0.9254,0.9946,0.0661,0.2679,0.2357,0.05,0.4374,none
4b,instruct,healthy_q6,q2_amplifier_low_echo,math,560,0.9089,0.5339,0.9307,0.9893,0.0732,0.2482,0.2411,0.0393,0.4411,none
4b,instruct,healthy_q6,q2_amplifier_low_echo,planning,560,0.925,0.5536,0.9314,0.9929,0.0643,0.2536,0.2179,0.0393,0.4642,none
4b,instruct,healthy_q6,q2_amplifier_low_echo,rhetoric,560,0.9143,0.5482,0.9296,0.9893,0.0625,0.2589,0.2339,0.0571,0.4561,none
4b,instruct,healthy_q6,q2_amplifier_low_echo,spatial,560,0.9054,0.575,0.9353,0.9893,0.0786,0.2429,0.1696,0.0304,0.4878,none
4b,instruct,healthy_q6,q3_routed_tri_68,adversarial,560,0.9464,0.7696,0.9652,0.9946,0.0446,0.0411,0.1696,0.0393,0.7325,none
4b,instruct,healthy_q6,q3_routed_tri_68,boundary,560,0.9321,0.7446,0.9563,0.9839,0.0554,0.0339,0.1893,0.05,0.7036,none
4b,instruct,healthy_q6,q3_routed_tri_68,coding,560,0.8964,0.7286,0.9461,0.9893,0.0732,0.0482,0.1571,0.0839,0.6802,none
4b,instruct,healthy_q6,q3_routed_tri_68,epistemic,560,0.9304,0.7464,0.9604,0.9875,0.0446,0.0304,0.1875,0.0411,0.7099,none
4b,instruct,healthy_q6,q3_routed_tri_68,forensic,560,0.9321,0.7732,0.9607,0.9929,0.0589,0.0304,0.1661,0.0375,0.7343,none
4b,instruct,healthy_q6,q3_routed_tri_68,generalist,560,0.9446,0.7821,0.9657,0.9893,0.0357,0.0357,0.1661,0.0393,0.749,none
4b,instruct,healthy_q6,q3_routed_tri_68,math,560,0.9357,0.7304,0.9604,0.9929,0.0464,0.0304,0.2036,0.0518,0.6915,none
4b,instruct,healthy_q6,q3_routed_tri_68,planning,560,0.9554,0.8,0.9678,0.9911,0.0304,0.0375,0.1607,0.0446,0.7683,none
4b,instruct,healthy_q6,q3_routed_tri_68,rhetoric,560,0.9071,0.7321,0.9517,0.9964,0.0679,0.0179,0.1982,0.0607,0.6893,none
4b,instruct,healthy_q6,q3_routed_tri_68,spatial,560,0.9429,0.8107,0.9659,0.9929,0.0429,0.0321,0.125,0.0482,0.779,none
4b,instruct,healthy_q6,q3_stability_tri_72,adversarial,560,0.9321,0.7857,0.9599,0.9929,0.0554,0.0375,0.1429,0.0607,0.7471,none
4b,instruct,healthy_q6,q3_stability_tri_72,boundary,560,0.925,0.7464,0.9577,0.9929,0.0643,0.0375,0.175,0.0411,0.7036,none
4b,instruct,healthy_q6,q3_stability_tri_72,coding,560,0.9196,0.7536,0.9571,0.9964,0.0589,0.0357,0.1589,0.0607,0.713,none
4b,instruct,healthy_q6,q3_stability_tri_72,epistemic,560,0.9339,0.7482,0.9614,0.9911,0.0464,0.0196,0.2,0.0321,0.7128,none
4b,instruct,healthy_q6,q3_stability_tri_72,forensic,560,0.9304,0.7679,0.9564,0.9768,0.0625,0.0321,0.1643,0.0357,0.7278,none
4b,instruct,healthy_q6,q3_stability_tri_72,generalist,560,0.9232,0.7643,0.9594,0.9911,0.0411,0.0321,0.1554,0.0625,0.73,none
4b,instruct,healthy_q6,q3_stability_tri_72,math,560,0.9446,0.7589,0.9645,0.9929,0.0429,0.0357,0.1875,0.0411,0.7219,none
4b,instruct,healthy_q6,q3_stability_tri_72,planning,560,0.9446,0.775,0.9622,0.9911,0.0357,0.0339,0.1732,0.0571,0.7408,none
4b,instruct,healthy_q6,q3_stability_tri_72,rhetoric,560,0.9393,0.7393,0.9625,0.9911,0.0411,0.0321,0.2,0.0429,0.7024,none
4b,instruct,healthy_q6,q3_stability_tri_72,spatial,560,0.9429,0.8036,0.9651,0.9911,0.0446,0.0268,0.1339,0.0464,0.7718,none
4b,instruct,healthy_q6,q4_boundary_pair_72_28,adversarial,560,0.9071,0.7393,0.9519,0.9929,0.075,0.0411,0.1589,0.0625,0.6927,none
4b,instruct,healthy_q6,q4_boundary_pair_72_28,boundary,560,0.9446,0.7625,0.963,0.9929,0.0446,0.0446,0.1589,0.0518,0.7249,none
4b,instruct,healthy_q6,q4_boundary_pair_72_28,coding,560,0.9321,0.775,0.9616,0.9893,0.0554,0.0321,0.1536,0.0393,0.7377,none
4b,instruct,healthy_q6,q4_boundary_pair_72_28,epistemic,560,0.9268,0.7732,0.9616,0.9857,0.0446,0.0143,0.1661,0.0411,0.7416,none
4b,instruct,healthy_q6,q4_boundary_pair_72_28,forensic,560,0.9089,0.7589,0.954,0.9875,0.075,0.0232,0.1571,0.0429,0.7171,none
4b,instruct,healthy_q6,q4_boundary_pair_72_28,generalist,560,0.9357,0.7571,0.9636,0.9911,0.0393,0.0393,0.1679,0.0446,0.7218,none
4b,instruct,healthy_q6,q4_boundary_pair_72_28,math,560,0.9554,0.7321,0.9615,0.9893,0.0321,0.0268,0.2411,0.0518,0.6953,none
4b,instruct,healthy_q6,q4_boundary_pair_72_28,planning,560,0.9429,0.7911,0.9625,0.9857,0.0482,0.0357,0.1357,0.0446,0.7564,none
4b,instruct,healthy_q6,q4_boundary_pair_72_28,rhetoric,560,0.9321,0.7732,0.9565,0.9893,0.0571,0.0196,0.1714,0.0589,0.7355,none
4b,instruct,healthy_q6,q4_boundary_pair_72_28,spatial,560,0.9554,0.7946,0.9665,0.9929,0.0304,0.0214,0.1571,0.0536,0.766,none
4b,instruct,healthy_q6,q4_generalist_pair_72_28,adversarial,560,0.9232,0.7518,0.9552,0.9875,0.0571,0.0179,0.1821,0.0607,0.7135,none
4b,instruct,healthy_q6,q4_generalist_pair_72_28,boundary,560,0.925,0.7589,0.9563,0.9964,0.0625,0.0196,0.1946,0.0482,0.7183,none
4b,instruct,healthy_q6,q4_generalist_pair_72_28,coding,560,0.9375,0.7732,0.9622,0.9946,0.05,0.0304,0.1518,0.05,0.7375,none
4b,instruct,healthy_q6,q4_generalist_pair_72_28,epistemic,560,0.9089,0.7036,0.9503,0.9893,0.0518,0.0054,0.2482,0.0589,0.6642,none
4b,instruct,healthy_q6,q4_generalist_pair_72_28,forensic,560,0.9393,0.7893,0.9641,0.9946,0.0518,0.0161,0.1679,0.0339,0.7554,none
4b,instruct,healthy_q6,q4_generalist_pair_72_28,generalist,560,0.9214,0.7464,0.958,0.9911,0.0554,0.0179,0.175,0.0464,0.7099,none
4b,instruct,healthy_q6,q4_generalist_pair_72_28,math,560,0.9304,0.7214,0.9541,0.9929,0.05,0.0143,0.2446,0.0607,0.681,none
4b,instruct,healthy_q6,q4_generalist_pair_72_28,planning,560,0.9536,0.8214,0.9724,0.9964,0.0357,0.0179,0.125,0.0304,0.7956,none
4b,instruct,healthy_q6,q4_generalist_pair_72_28,rhetoric,560,0.9179,0.7571,0.9547,0.9857,0.0607,0.0143,0.1768,0.0536,0.7192,none
4b,instruct,healthy_q6,q4_generalist_pair_72_28,spatial,560,0.9304,0.7411,0.9581,0.9929,0.0518,0.0286,0.1804,0.0518,0.7028,none
4b,instruct,healthy_q8,q2_amplifier_low_echo,adversarial,560,0.9125,0.5714,0.9309,0.9929,0.0625,0.275,0.1732,0.0571,0.481,none
4b,instruct,healthy_q8,q2_amplifier_low_echo,boundary,560,0.9036,0.525,0.9261,0.9964,0.0643,0.2964,0.2054,0.0625,0.4269,none
4b,instruct,healthy_q8,q2_amplifier_low_echo,coding,560,0.9179,0.525,0.931,0.9857,0.0464,0.3143,0.1839,0.05,0.431,none
4b,instruct,healthy_q8,q2_amplifier_low_echo,epistemic,560,0.9179,0.5786,0.9383,0.9946,0.0625,0.2518,0.1821,0.0375,0.493,none
4b,instruct,healthy_q8,q2_amplifier_low_echo,forensic,560,0.9214,0.5482,0.9344,0.9911,0.0589,0.3071,0.1714,0.0446,0.4532,none
4b,instruct,healthy_q8,q2_amplifier_low_echo,generalist,560,0.9143,0.5393,0.9294,0.9911,0.0571,0.2929,0.2,0.0429,0.4454,none
4b,instruct,healthy_q8,q2_amplifier_low_echo,math,560,0.925,0.5304,0.9353,0.9911,0.0482,0.2571,0.2643,0.0464,0.441,none
4b,instruct,healthy_q8,q2_amplifier_low_echo,planning,560,0.925,0.575,0.9343,0.9821,0.0536,0.2839,0.1518,0.0357,0.4882,none
4b,instruct,healthy_q8,q2_amplifier_low_echo,rhetoric,560,0.9393,0.5679,0.9421,0.9911,0.0446,0.2607,0.2071,0.0339,0.4841,none
4b,instruct,healthy_q8,q2_amplifier_low_echo,spatial,560,0.9143,0.5982,0.9365,0.9893,0.0696,0.2411,0.1679,0.0446,0.5134,none
4b,instruct,healthy_q8,q3_routed_tri_68,adversarial,560,0.95,0.7875,0.9648,0.9839,0.0357,0.0411,0.1482,0.0554,0.7539,none
4b,instruct,healthy_q8,q3_routed_tri_68,boundary,560,0.9482,0.7804,0.965,0.9911,0.0357,0.0393,0.1536,0.0554,0.7467,none
4b,instruct,healthy_q8,q3_routed_tri_68,coding,560,0.95,0.7875,0.9664,0.9857,0.0304,0.0321,0.1464,0.05,0.7578,none
4b,instruct,healthy_q8,q3_routed_tri_68,epistemic,560,0.9393,0.7786,0.9666,0.9946,0.0393,0.0357,0.1411,0.0446,0.7461,none
4b,instruct,healthy_q8,q3_routed_tri_68,forensic,560,0.9393,0.8089,0.9631,0.9839,0.0411,0.0375,0.1143,0.0554,0.7772,none
4b,instruct,healthy_q8,q3_routed_tri_68,generalist,560,0.9482,0.7804,0.9712,0.9964,0.0304,0.0464,0.1536,0.0321,0.7481,none
4b,instruct,healthy_q8,q3_routed_tri_68,math,560,0.9518,0.7661,0.9651,0.9946,0.0339,0.0286,0.1911,0.05,0.7324,none
4b,instruct,healthy_q8,q3_routed_tri_68,planning,560,0.9607,0.8071,0.9719,0.9929,0.0339,0.0375,0.1321,0.0286,0.7775,none
4b,instruct,healthy_q8,q3_routed_tri_68,rhetoric,560,0.9571,0.8071,0.969,0.9929,0.0304,0.025,0.1571,0.0464,0.7781,none
4b,instruct,healthy_q8,q3_routed_tri_68,spatial,560,0.9536,0.7893,0.9694,0.9893,0.0321,0.0536,0.1357,0.0411,0.756,none
4b,instruct,healthy_q8,q3_stability_tri_72,adversarial,560,0.95,0.775,0.9634,0.9929,0.0411,0.0375,0.1625,0.0554,0.7394,none
4b,instruct,healthy_q8,q3_stability_tri_72,boundary,560,0.925,0.7589,0.9585,0.9911,0.0518,0.0304,0.1625,0.0589,0.7214,none
4b,instruct,healthy_q8,q3_stability_tri_72,coding,560,0.9571,0.8107,0.9657,0.9911,0.0304,0.0429,0.1214,0.0696,0.7798,none
4b,instruct,healthy_q8,q3_stability_tri_72,epistemic,560,0.9554,0.8,0.9698,0.9911,0.025,0.0125,0.1714,0.0357,0.7745,none
4b,instruct,healthy_q8,q3_stability_tri_72,forensic,560,0.9518,0.8089,0.969,0.9929,0.0357,0.0339,0.1357,0.0429,0.7784,none
4b,instruct,healthy_q8,q3_stability_tri_72,generalist,560,0.9411,0.7893,0.9649,0.9911,0.0357,0.0393,0.1607,0.0464,0.7555,none
4b,instruct,healthy_q8,q3_stability_tri_72,math,560,0.9696,0.7964,0.9714,0.9929,0.0196,0.0304,0.1857,0.0429,0.7675,none
4b,instruct,healthy_q8,q3_stability_tri_72,planning,560,0.9482,0.8054,0.9649,0.9875,0.0393,0.0232,0.1375,0.0464,0.7756,none
4b,instruct,healthy_q8,q3_stability_tri_72,rhetoric,560,0.9357,0.7964,0.9598,0.9768,0.0464,0.0286,0.1321,0.0589,0.7633,none
4b,instruct,healthy_q8,q3_stability_tri_72,spatial,560,0.9429,0.8107,0.9632,0.9929,0.0482,0.0214,0.1339,0.0518,0.7787,none
4b,instruct,healthy_q8,q4_boundary_pair_72_28,adversarial,560,0.9607,0.8357,0.973,0.9982,0.0286,0.0321,0.1125,0.0518,0.8091,none
4b,instruct,healthy_q8,q4_boundary_pair_72_28,boundary,560,0.95,0.7929,0.9613,0.9821,0.0357,0.0357,0.1554,0.0643,0.7594,none
4b,instruct,healthy_q8,q4_boundary_pair_72_28,coding,560,0.95,0.8107,0.9697,0.9911,0.0339,0.0304,0.1232,0.0429,0.7825,none
4b,instruct,healthy_q8,q4_boundary_pair_72_28,epistemic,560,0.9429,0.8071,0.9636,0.9929,0.0375,0.0107,0.15,0.0554,0.779,none
4b,instruct,healthy_q8,q4_boundary_pair_72_28,forensic,560,0.9554,0.8161,0.9677,0.9893,0.0357,0.0143,0.1393,0.0429,0.7892,none
4b,instruct,healthy_q8,q4_boundary_pair_72_28,generalist,560,0.9464,0.7946,0.9703,0.9911,0.0375,0.0482,0.1232,0.0304,0.7624,none
4b,instruct,healthy_q8,q4_boundary_pair_72_28,math,560,0.9625,0.7857,0.9684,0.9964,0.025,0.0161,0.1875,0.0482,0.7576,none
4b,instruct,healthy_q8,q4_boundary_pair_72_28,planning,560,0.9571,0.8339,0.967,0.9804,0.0304,0.0232,0.1089,0.05,0.809,none
4b,instruct,healthy_q8,q4_boundary_pair_72_28,rhetoric,560,0.9339,0.7625,0.9593,0.9857,0.0518,0.0196,0.1804,0.0446,0.7264,none
4b,instruct,healthy_q8,q4_boundary_pair_72_28,spatial,560,0.9304,0.8,0.9619,0.9982,0.0607,0.0143,0.1339,0.0464,0.7659,none
4b,instruct,healthy_q8,q4_generalist_pair_72_28,adversarial,560,0.9482,0.8214,0.9669,0.9821,0.0375,0.0232,0.1268,0.0446,0.7932,none
4b,instruct,healthy_q8,q4_generalist_pair_72_28,boundary,560,0.9357,0.7732,0.9619,0.9964,0.0554,0.0196,0.1607,0.0446,0.7376,none
4b,instruct,healthy_q8,q4_generalist_pair_72_28,coding,560,0.9625,0.8036,0.972,0.9946,0.0339,0.0286,0.1411,0.0304,0.7749,none
4b,instruct,healthy_q8,q4_generalist_pair_72_28,epistemic,560,0.9321,0.7929,0.961,0.9857,0.0446,0.0036,0.1643,0.0446,0.7634,none
4b,instruct,healthy_q8,q4_generalist_pair_72_28,forensic,560,0.9357,0.8107,0.9611,0.9875,0.0464,0.0179,0.1411,0.0536,0.7793,none
4b,instruct,healthy_q8,q4_generalist_pair_72_28,generalist,560,0.9411,0.8286,0.9678,0.9893,0.0429,0.0125,0.1232,0.0357,0.8016,none
4b,instruct,healthy_q8,q4_generalist_pair_72_28,math,560,0.9661,0.7964,0.9678,0.9839,0.0268,0.0179,0.1679,0.0482,0.769,none
4b,instruct,healthy_q8,q4_generalist_pair_72_28,planning,560,0.9571,0.8464,0.9689,0.9893,0.0268,0.0161,0.1107,0.0589,0.8234,none
4b,instruct,healthy_q8,q4_generalist_pair_72_28,rhetoric,560,0.9357,0.7607,0.9606,0.9893,0.0411,0.0143,0.1893,0.0536,0.7277,none
4b,instruct,healthy_q8,q4_generalist_pair_72_28,spatial,560,0.9393,0.8357,0.9664,0.9893,0.0375,0.0196,0.1036,0.0571,0.8094,none
4b,instruct,q8_k_m,q2_amplifier_low_echo,adversarial,560,0.9339,0.5732,0.9382,0.9929,0.0482,0.3036,0.1429,0.0321,0.485,none
4b,instruct,q8_k_m,q2_amplifier_low_echo,boundary,560,0.8929,0.5179,0.9227,0.9911,0.075,0.3036,0.2161,0.0482,0.4149,none
4b,instruct,q8_k_m,q2_amplifier_low_echo,coding,560,0.9161,0.5857,0.9357,0.9929,0.0536,0.2339,0.1911,0.0554,0.5048,none
4b,instruct,q8_k_m,q2_amplifier_low_echo,epistemic,560,0.9054,0.5464,0.9354,0.9946,0.0536,0.2411,0.2321,0.0446,0.4613,none
4b,instruct,q8_k_m,q2_amplifier_low_echo,forensic,560,0.9321,0.5714,0.9376,0.9911,0.0411,0.2875,0.2036,0.0482,0.4829,none
4b,instruct,q8_k_m,q2_amplifier_low_echo,generalist,560,0.9125,0.5714,0.9334,0.9911,0.0589,0.2589,0.1982,0.0393,0.4841,none
4b,instruct,q8_k_m,q2_amplifier_low_echo,math,560,0.9161,0.5125,0.9267,0.9911,0.0589,0.2768,0.2625,0.0661,0.4152,none
4b,instruct,q8_k_m,q2_amplifier_low_echo,planning,560,0.9161,0.5536,0.9303,0.9875,0.0518,0.2946,0.1607,0.0589,0.4633,none
4b,instruct,q8_k_m,q2_amplifier_low_echo,rhetoric,560,0.9071,0.5589,0.9332,0.9857,0.0446,0.2482,0.2179,0.075,0.4747,none
4b,instruct,q8_k_m,q2_amplifier_low_echo,spatial,560,0.9179,0.5768,0.9391,0.9875,0.0571,0.2839,0.1393,0.0375,0.4898,none
4b,instruct,q8_k_m,q3_routed_tri_68,adversarial,560,0.9589,0.7982,0.9695,0.9857,0.0286,0.0482,0.125,0.0482,0.7676,none
4b,instruct,q8_k_m,q3_routed_tri_68,boundary,560,0.9571,0.7911,0.9697,0.9946,0.0339,0.0429,0.1393,0.0446,0.7589,none
4b,instruct,q8_k_m,q3_routed_tri_68,coding,560,0.9571,0.8357,0.9709,0.9893,0.0268,0.0339,0.1036,0.05,0.8101,none
4b,instruct,q8_k_m,q3_routed_tri_68,epistemic,560,0.9429,0.8054,0.9674,0.9893,0.0357,0.0268,0.1375,0.0411,0.7762,none
4b,instruct,q8_k_m,q3_routed_tri_68,forensic,560,0.9518,0.8071,0.9669,0.9911,0.025,0.0375,0.1357,0.0625,0.7782,none
4b,instruct,q8_k_m,q3_routed_tri_68,generalist,560,0.95,0.7929,0.9691,0.9911,0.0286,0.0429,0.1286,0.0464,0.7631,none
4b,instruct,q8_k_m,q3_routed_tri_68,math,560,0.9375,0.7482,0.9619,0.9911,0.0393,0.0339,0.1964,0.0518,0.7113,none
4b,instruct,q8_k_m,q3_routed_tri_68,planning,560,0.9714,0.8446,0.9741,0.9929,0.0214,0.0196,0.1161,0.0446,0.8228,none
4b,instruct,q8_k_m,q3_routed_tri_68,rhetoric,560,0.9429,0.7929,0.9683,0.9929,0.0429,0.0286,0.1482,0.0321,0.7608,none
4b,instruct,q8_k_m,q3_routed_tri_68,spatial,560,0.9518,0.8089,0.9698,0.9911,0.0357,0.0375,0.1143,0.0393,0.7796,none
4b,instruct,q8_k_m,q3_stability_tri_72,adversarial,560,0.9464,0.8107,0.963,0.9857,0.0446,0.0304,0.1196,0.0643,0.7785,none
4b,instruct,q8_k_m,q3_stability_tri_72,boundary,560,0.95,0.7982,0.9659,0.9893,0.0393,0.05,0.125,0.0554,0.7637,none
4b,instruct,q8_k_m,q3_stability_tri_72,coding,560,0.9589,0.8214,0.9715,0.9946,0.0232,0.0268,0.1304,0.0518,0.7961,none
4b,instruct,q8_k_m,q3_stability_tri_72,epistemic,560,0.9661,0.8357,0.9764,0.9964,0.0143,0.0161,0.1304,0.0411,0.8157,none
4b,instruct,q8_k_m,q3_stability_tri_72,forensic,560,0.9554,0.8268,0.9695,0.9839,0.0357,0.0304,0.125,0.0321,0.7984,none
4b,instruct,q8_k_m,q3_stability_tri_72,generalist,560,0.9464,0.8054,0.9707,0.9911,0.0339,0.0393,0.1304,0.0304,0.7754,none
4b,instruct,q8_k_m,q3_stability_tri_72,math,560,0.9643,0.7839,0.9628,0.9786,0.025,0.0232,0.1893,0.0625,0.7535,none
4b,instruct,q8_k_m,q3_stability_tri_72,planning,560,0.9536,0.8,0.9689,0.9964,0.0321,0.0339,0.1429,0.0464,0.7698,none
4b,instruct,q8_k_m,q3_stability_tri_72,rhetoric,560,0.9589,0.8018,0.9696,0.9911,0.0268,0.0321,0.1446,0.0518,0.7732,none
4b,instruct,q8_k_m,q3_stability_tri_72,spatial,560,0.9429,0.8018,0.9633,0.9875,0.0429,0.0286,0.125,0.0536,0.7705,none
4b,instruct,q8_k_m,q4_boundary_pair_72_28,adversarial,560,0.9393,0.8107,0.9629,0.9821,0.0411,0.0357,0.1214,0.0571,0.7787,none
4b,instruct,q8_k_m,q4_boundary_pair_72_28,boundary,560,0.9518,0.7946,0.9693,0.9946,0.0304,0.0357,0.1446,0.0446,0.7646,none
4b,instruct,q8_k_m,q4_boundary_pair_72_28,coding,560,0.9446,0.7607,0.9623,0.9875,0.0321,0.0446,0.1679,0.0625,0.7256,none
4b,instruct,q8_k_m,q4_boundary_pair_72_28,epistemic,560,0.9554,0.7946,0.9679,0.9875,0.0286,0.0161,0.1589,0.0411,0.7681,none
4b,instruct,q8_k_m,q4_boundary_pair_72_28,forensic,560,0.9714,0.8446,0.978,0.9929,0.0196,0.0268,0.1107,0.0321,0.8229,none
4b,instruct,q8_k_m,q4_boundary_pair_72_28,generalist,560,0.9589,0.8196,0.9736,0.9911,0.0179,0.0286,0.1304,0.0411,0.7961,none
4b,instruct,q8_k_m,q4_boundary_pair_72_28,math,560,0.9464,0.7732,0.9629,0.9911,0.0321,0.0196,0.1911,0.0625,0.7412,none
4b,instruct,q8_k_m,q4_boundary_pair_72_28,planning,560,0.95,0.8232,0.9665,0.9911,0.0357,0.0268,0.1196,0.0536,0.7949,none
4b,instruct,q8_k_m,q4_boundary_pair_72_28,rhetoric,560,0.9607,0.7964,0.9715,0.9929,0.0304,0.0304,0.1554,0.0339,0.7671,none
4b,instruct,q8_k_m,q4_boundary_pair_72_28,spatial,560,0.9643,0.85,0.9711,0.9911,0.0268,0.025,0.1018,0.0536,0.8261,none
4b,instruct,q8_k_m,q4_generalist_pair_72_28,adversarial,560,0.9536,0.8107,0.9667,0.9893,0.0286,0.025,0.1393,0.0661,0.7827,none
4b,instruct,q8_k_m,q4_generalist_pair_72_28,boundary,560,0.9554,0.7964,0.9632,0.9911,0.0357,0.0143,0.1625,0.0643,0.7666,none
4b,instruct,q8_k_m,q4_generalist_pair_72_28,coding,560,0.9518,0.8232,0.9662,0.9875,0.0339,0.0179,0.1268,0.0554,0.7966,none
4b,instruct,q8_k_m,q4_generalist_pair_72_28,epistemic,560,0.9464,0.7911,0.9656,0.9821,0.0393,0.0018,0.1786,0.025,0.7634,none
4b,instruct,q8_k_m,q4_generalist_pair_72_28,forensic,560,0.9554,0.8143,0.9683,0.9804,0.0321,0.0268,0.1321,0.0375,0.7868,none
4b,instruct,q8_k_m,q4_generalist_pair_72_28,generalist,560,0.9411,0.8036,0.9651,0.9875,0.0357,0.0304,0.1339,0.0518,0.7735,none
4b,instruct,q8_k_m,q4_generalist_pair_72_28,math,560,0.9607,0.7679,0.9648,0.9982,0.025,0.0196,0.2,0.0714,0.7369,none
4b,instruct,q8_k_m,q4_generalist_pair_72_28,planning,560,0.9464,0.8268,0.9596,0.9679,0.0357,0.0161,0.1214,0.0625,0.8,none
4b,instruct,q8_k_m,q4_generalist_pair_72_28,rhetoric,560,0.9464,0.7964,0.9646,0.9875,0.0357,0.0036,0.175,0.0464,0.7687,none
4b,instruct,q8_k_m,q4_generalist_pair_72_28,spatial,560,0.9696,0.8411,0.9757,0.9929,0.0196,0.025,0.1161,0.0393,0.8189,none
9b,base,base_f16,q2_amplifier_low_echo,adversarial,560,0.9232,0.5679,0.9323,0.9911,0.0518,0.3179,0.1321,0.0536,0.4755,none
9b,base,base_f16,q2_amplifier_low_echo,boundary,560,0.9286,0.5429,0.9358,0.9893,0.0357,0.3214,0.1554,0.05,0.4529,none
9b,base,base_f16,q2_amplifier_low_echo,coding,560,0.9268,0.5661,0.9356,0.9893,0.0536,0.3036,0.1554,0.0375,0.475,none
9b,base,base_f16,q2_amplifier_low_echo,epistemic,560,0.925,0.6232,0.9451,0.9893,0.0429,0.2429,0.1375,0.0411,0.5487,none
9b,base,base_f16,q2_amplifier_low_echo,forensic,560,0.9214,0.5839,0.9381,0.9875,0.0571,0.2732,0.1661,0.0375,0.497,none
9b,base,base_f16,q2_amplifier_low_echo,generalist,560,0.9071,0.6,0.9356,0.9929,0.0571,0.2857,0.1518,0.0411,0.5115,none
9b,base,base_f16,q2_amplifier_low_echo,math,560,0.9357,0.5625,0.9375,0.9857,0.0375,0.2786,0.1875,0.0661,0.4772,none
9b,base,base_f16,q2_amplifier_low_echo,planning,560,0.95,0.5893,0.9433,0.9875,0.0286,0.2929,0.1357,0.0393,0.5093,none
9b,base,base_f16,q2_amplifier_low_echo,rhetoric,560,0.9393,0.5625,0.9408,0.9911,0.0393,0.2911,0.2089,0.0357,0.474,none
9b,base,base_f16,q2_amplifier_low_echo,spatial,560,0.9411,0.6089,0.9461,0.9911,0.0393,0.2607,0.1429,0.0411,0.5315,none
9b,base,base_f16,q3_routed_tri_68,adversarial,560,0.9643,0.8536,0.9759,0.9893,0.0232,0.0375,0.0839,0.0464,0.8301,none
9b,base,base_f16,q3_routed_tri_68,boundary,560,0.9661,0.8161,0.9726,0.9911,0.0232,0.0554,0.1089,0.0536,0.7866,none
9b,base,base_f16,q3_routed_tri_68,coding,560,0.9714,0.8446,0.9759,0.9893,0.0143,0.0357,0.1071,0.0446,0.8224,none
9b,base,base_f16,q3_routed_tri_68,epistemic,560,0.9625,0.8179,0.9754,0.9964,0.0161,0.0304,0.1321,0.0393,0.7944,none
9b,base,base_f16,q3_routed_tri_68,forensic,560,0.9696,0.8536,0.9771,0.9911,0.0232,0.0554,0.0768,0.0375,0.8275,none
9b,base,base_f16,q3_routed_tri_68,generalist,560,0.9571,0.8429,0.9756,0.9893,0.0161,0.0429,0.0875,0.0429,0.8203,none
9b,base,base_f16,q3_routed_tri_68,math,560,0.9571,0.7964,0.9688,0.9893,0.025,0.0304,0.1482,0.0571,0.7681,none
9b,base,base_f16,q3_routed_tri_68,planning,560,0.9714,0.8643,0.9791,0.9893,0.025,0.0464,0.075,0.0214,0.8404,none
9b,base,base_f16,q3_routed_tri_68,rhetoric,560,0.9732,0.8179,0.9753,0.9964,0.0125,0.0339,0.1411,0.05,0.7935,none
9b,base,base_f16,q3_routed_tri_68,spatial,560,0.9643,0.8589,0.9775,0.9911,0.0232,0.0429,0.0768,0.0357,0.8355,none
9b,base,base_f16,q3_stability_tri_72,adversarial,560,0.9625,0.8286,0.9718,0.9821,0.0232,0.0393,0.1071,0.0464,0.8029,none
9b,base,base_f16,q3_stability_tri_72,boundary,560,0.9589,0.8286,0.9695,0.9857,0.0268,0.0518,0.1107,0.0518,0.7987,none
9b,base,base_f16,q3_stability_tri_72,coding,560,0.9679,0.85,0.9747,0.9821,0.0143,0.0357,0.0946,0.0464,0.8287,none
9b,base,base_f16,q3_stability_tri_72,epistemic,560,0.9679,0.8464,0.9737,0.9839,0.0143,0.0286,0.1071,0.0464,0.8255,none
9b,base,base_f16,q3_stability_tri_72,forensic,560,0.9643,0.8464,0.9724,0.9875,0.0143,0.0214,0.1125,0.0589,0.8259,none
9b,base,base_f16,q3_stability_tri_72,generalist,560,0.9714,0.8125,0.9778,0.9964,0.0071,0.0554,0.1232,0.0429,0.7873,none
9b,base,base_f16,q3_stability_tri_72,math,560,0.9732,0.8071,0.9724,0.9875,0.0107,0.0411,0.1518,0.0589,0.7806,none
9b,base,base_f16,q3_stability_tri_72,planning,560,0.9679,0.8607,0.9778,0.9911,0.0214,0.0411,0.0732,0.0375,0.8383,none
9b,base,base_f16,q3_stability_tri_72,rhetoric,560,0.9732,0.8357,0.9754,0.9875,0.0143,0.0339,0.1232,0.0446,0.8126,none
9b,base,base_f16,q3_stability_tri_72,spatial,560,0.9679,0.8643,0.9752,0.9893,0.0232,0.0357,0.075,0.05,0.8417,none
9b,base,base_f16,q4_boundary_pair_72_28,adversarial,560,0.9714,0.8554,0.9749,0.9893,0.0125,0.0446,0.0821,0.0714,0.8325,none
9b,base,base_f16,q4_boundary_pair_72_28,boundary,560,0.9714,0.8411,0.9787,0.9929,0.0179,0.0393,0.1054,0.0321,0.8178,none
9b,base,base_f16,q4_boundary_pair_72_28,coding,560,0.9714,0.8661,0.9775,0.9893,0.0179,0.0286,0.0821,0.0429,0.8463,none
9b,base,base_f16,q4_boundary_pair_72_28,epistemic,560,0.9607,0.8357,0.9769,0.9964,0.0125,0.0179,0.1161,0.0446,0.8169,none
9b,base,base_f16,q4_boundary_pair_72_28,forensic,560,0.9661,0.8643,0.9725,0.9875,0.0196,0.0286,0.0893,0.0571,0.8427,none
9b,base,base_f16,q4_boundary_pair_72_28,generalist,560,0.9554,0.8232,0.9728,0.9893,0.0161,0.0393,0.1143,0.05,0.7989,none
9b,base,base_f16,q4_boundary_pair_72_28,math,560,0.9643,0.8393,0.9728,0.9875,0.0125,0.0339,0.1161,0.0661,0.8162,none
9b,base,base_f16,q4_boundary_pair_72_28,planning,560,0.9679,0.8857,0.9771,0.9804,0.0161,0.0286,0.0589,0.0375,0.8686,none
9b,base,base_f16,q4_boundary_pair_72_28,rhetoric,560,0.9607,0.825,0.9722,0.9911,0.0143,0.0304,0.1232,0.0625,0.8017,none
9b,base,base_f16,q4_boundary_pair_72_28,spatial,560,0.9661,0.8679,0.9751,0.9946,0.0214,0.0321,0.075,0.0536,0.8463,none
9b,base,base_f16,q4_generalist_pair_72_28,adversarial,560,0.9679,0.875,0.9746,0.9875,0.0268,0.0161,0.0857,0.0464,0.8546,none
9b,base,base_f16,q4_generalist_pair_72_28,boundary,560,0.975,0.8589,0.9772,0.9875,0.0161,0.025,0.1,0.0411,0.8391,none
9b,base,base_f16,q4_generalist_pair_72_28,coding,560,0.9607,0.8571,0.9721,0.9911,0.0232,0.0268,0.0946,0.0589,0.8343,none
9b,base,base_f16,q4_generalist_pair_72_28,epistemic,560,0.9661,0.85,0.9757,0.9804,0.0089,0.0071,0.1196,0.0339,0.8346,none
9b,base,base_f16,q4_generalist_pair_72_28,forensic,560,0.9732,0.9,0.9801,0.9929,0.0196,0.0161,0.0732,0.0339,0.8833,none
9b,base,base_f16,q4_generalist_pair_72_28,generalist,560,0.9625,0.8554,0.9764,0.9911,0.0107,0.0268,0.0964,0.0482,0.8367,none
9b,base,base_f16,q4_generalist_pair_72_28,math,560,0.9589,0.8179,0.9678,0.9893,0.0232,0.0107,0.15,0.0625,0.7936,none
9b,base,base_f16,q4_generalist_pair_72_28,planning,560,0.9714,0.8804,0.9769,0.9911,0.0232,0.0179,0.0786,0.0429,0.8614,none
9b,base,base_f16,q4_generalist_pair_72_28,rhetoric,560,0.9571,0.8268,0.9714,0.9929,0.0268,0.0232,0.1304,0.0482,0.8013,none
9b,base,base_f16,q4_generalist_pair_72_28,spatial,560,0.9536,0.8536,0.9699,0.9857,0.025,0.025,0.0857,0.0589,0.8313,none
9b,base,collapsed_q2_edge,q2_amplifier_low_echo,adversarial,560,0.7679,0.3446,0.8677,0.9857,0.1821,0.2929,0.5071,0.0518,0.1883,none
9b,base,collapsed_q2_edge,q2_amplifier_low_echo,boundary,560,0.7768,0.3625,0.867,0.9929,0.1821,0.2964,0.5321,0.0536,0.2033,none
9b,base,collapsed_q2_edge,q2_amplifier_low_echo,coding,560,0.6571,0.35,0.8058,0.8054,0.1411,0.3018,0.3661,0.2821,0.2039,none
9b,base,collapsed_q2_edge,q2_amplifier_low_echo,epistemic,560,0.6518,0.3054,0.7956,0.8357,0.1518,0.3143,0.4661,0.3,0.1447,none
9b,base,collapsed_q2_edge,q2_amplifier_low_echo,forensic,560,0.7518,0.3821,0.8463,0.9893,0.1411,0.3036,0.4446,0.275,0.2298,none
9b,base,collapsed_q2_edge,q2_amplifier_low_echo,generalist,560,0.5625,0.2857,0.7586,0.7536,0.1786,0.3196,0.4732,0.3357,0.1136,none
9b,base,collapsed_q2_edge,q2_amplifier_low_echo,math,560,0.6,0.3393,0.7599,0.7821,0.1732,0.2786,0.45,0.4929,0.171,none
9b,base,collapsed_q2_edge,q2_amplifier_low_echo,planning,560,0.6464,0.3661,0.7943,0.7786,0.1696,0.2786,0.3643,0.2768,0.2165,none
9b,base,collapsed_q2_edge,q2_amplifier_low_echo,rhetoric,560,0.5964,0.3196,0.7634,0.7929,0.1536,0.3036,0.4607,0.4607,0.153,none
9b,base,collapsed_q2_edge,q2_amplifier_low_echo,spatial,560,0.6214,0.3482,0.7779,0.8018,0.1446,0.2696,0.4036,0.4286,0.1972,none
9b,base,collapsed_q2_edge,q3_routed_tri_68,adversarial,560,0.4804,0.3339,0.7198,0.9518,0.2339,0.0446,0.4357,0.9786,0.171,none
9b,base,collapsed_q2_edge,q3_routed_tri_68,boundary,560,0.5339,0.3268,0.7252,0.9375,0.2446,0.0607,0.4875,0.8518,0.1597,none
9b,base,collapsed_q2_edge,q3_routed_tri_68,coding,560,0.3393,0.2571,0.595,0.7571,0.2661,0.0375,0.375,1.2946,0.0751,cascade
9b,base,collapsed_q2_edge,q3_routed_tri_68,epistemic,560,0.3071,0.225,0.6018,0.7679,0.2446,0.025,0.4464,1.1125,0.0553,cascade
9b,base,collapsed_q2_edge,q3_routed_tri_68,forensic,560,0.4054,0.2964,0.63,0.9214,0.2446,0.0286,0.4429,1.2339,0.1202,none
9b,base,collapsed_q2_edge,q3_routed_tri_68,generalist,560,0.3107,0.2036,0.5848,0.7179,0.2482,0.0464,0.4482,1.1821,0.0249,cascade
9b,base,collapsed_q2_edge,q3_routed_tri_68,math,560,0.3036,0.2161,0.5609,0.7571,0.2518,0.0429,0.4893,1.5786,0.0139,cascade
9b,base,collapsed_q2_edge,q3_routed_tri_68,planning,560,0.3661,0.2464,0.6125,0.7321,0.2339,0.0339,0.4196,1.1911,0.0763,none
9b,base,collapsed_q2_edge,q3_routed_tri_68,rhetoric,560,0.2643,0.1768,0.5376,0.7393,0.2929,0.0357,0.475,1.4804,-0.0302,cascade
9b,base,collapsed_q2_edge,q3_routed_tri_68,spatial,560,0.3375,0.2732,0.5879,0.7179,0.2232,0.05,0.3482,1.3125,0.1028,none
9b,base,collapsed_q2_edge,q3_stability_tri_72,adversarial,560,0.4893,0.3464,0.7237,0.9482,0.2286,0.0429,0.4696,0.9429,0.1846,none
9b,base,collapsed_q2_edge,q3_stability_tri_72,boundary,560,0.5839,0.3786,0.748,0.9536,0.2286,0.0446,0.5036,0.7679,0.2224,none
9b,base,collapsed_q2_edge,q3_stability_tri_72,coding,560,0.3375,0.2518,0.586,0.7018,0.2286,0.0339,0.3982,1.2982,0.0797,none
9b,base,collapsed_q2_edge,q3_stability_tri_72,epistemic,560,0.3357,0.2375,0.6138,0.7554,0.2321,0.0214,0.4964,1.0554,0.0711,none
9b,base,collapsed_q2_edge,q3_stability_tri_72,forensic,560,0.3839,0.2804,0.6358,0.9357,0.2571,0.0304,0.4393,1.2071,0.1016,none
9b,base,collapsed_q2_edge,q3_stability_tri_72,generalist,560,0.3464,0.2589,0.5917,0.7214,0.2232,0.0321,0.4589,1.1929,0.0892,none
9b,base,collapsed_q2_edge,q3_stability_tri_72,math,560,0.3339,0.2321,0.5869,0.7214,0.2125,0.0393,0.4929,1.4286,0.0497,none
9b,base,collapsed_q2_edge,q3_stability_tri_72,planning,560,0.4232,0.3089,0.6423,0.75,0.2446,0.0339,0.3786,1.0411,0.1464,none
9b,base,collapsed_q2_edge,q3_stability_tri_72,rhetoric,560,0.3161,0.2143,0.5717,0.6857,0.2304,0.0375,0.4821,1.3714,0.0305,cascade
9b,base,collapsed_q2_edge,q3_stability_tri_72,spatial,560,0.3946,0.2946,0.6051,0.7464,0.2161,0.0321,0.4036,1.2536,0.1284,none
9b,base,collapsed_q2_edge,q4_boundary_pair_72_28,adversarial,560,0.35,0.2607,0.6152,0.925,0.2946,0.05,0.4446,1.4232,0.0556,cascade
9b,base,collapsed_q2_edge,q4_boundary_pair_72_28,boundary,560,0.3625,0.2286,0.6143,0.9286,0.3286,0.05,0.5875,1.2804,0.009,cascade
9b,base,collapsed_q2_edge,q4_boundary_pair_72_28,coding,560,0.1464,0.1143,0.4081,0.6143,0.3125,0.0482,0.3982,2.1089,-0.1264,cascade
9b,base,collapsed_q2_edge,q4_boundary_pair_72_28,epistemic,560,0.1357,0.1,0.4052,0.6179,0.3607,0.0321,0.4571,1.7589,-0.1392,cascade
9b,base,collapsed_q2_edge,q4_boundary_pair_72_28,forensic,560,0.2482,0.1929,0.4999,0.8679,0.3161,0.0286,0.4679,1.75,-0.0326,cascade
9b,base,collapsed_q2_edge,q4_boundary_pair_72_28,generalist,560,0.1554,0.1107,0.3996,0.5714,0.3732,0.05,0.4625,1.8554,-0.141,cascade
9b,base,collapsed_q2_edge,q4_boundary_pair_72_28,math,560,0.1357,0.1036,0.3739,0.5714,0.3,0.0232,0.4679,2.3714,-0.1471,cascade
9b,base,collapsed_q2_edge,q4_boundary_pair_72_28,planning,560,0.1929,0.1482,0.4345,0.6071,0.3161,0.0214,0.3571,1.9375,-0.0763,cascade
9b,base,collapsed_q2_edge,q4_boundary_pair_72_28,rhetoric,560,0.1304,0.1036,0.3899,0.6036,0.3214,0.0321,0.4536,2.1196,-0.1416,cascade
9b,base,collapsed_q2_edge,q4_boundary_pair_72_28,spatial,560,0.1643,0.1268,0.4052,0.6161,0.2804,0.0375,0.4232,2.0571,-0.1015,cascade
9b,base,collapsed_q2_edge,q4_generalist_pair_72_28,adversarial,560,0.1911,0.1214,0.4657,0.7804,0.3339,0.0286,0.5482,2.0661,-0.1316,cascade
9b,base,collapsed_q2_edge,q4_generalist_pair_72_28,boundary,560,0.1768,0.1321,0.4553,0.7411,0.3054,0.0482,0.5893,2.0143,-0.117,cascade
9b,base,collapsed_q2_edge,q4_generalist_pair_72_28,coding,560,0.1393,0.1054,0.4209,0.6821,0.3054,0.0321,0.4304,2.1125,-0.1327,cascade
9b,base,collapsed_q2_edge,q4_generalist_pair_72_28,epistemic,560,0.1375,0.1018,0.4245,0.6518,0.2964,0.0054,0.5107,1.7536,-0.1168,cascade
9b,base,collapsed_q2_edge,q4_generalist_pair_72_28,forensic,560,0.1589,0.1089,0.4202,0.7732,0.3375,0.0232,0.5214,2.0214,-0.1398,cascade
9b,base,collapsed_q2_edge,q4_generalist_pair_72_28,generalist,560,0.1446,0.1071,0.4192,0.6661,0.3429,0.0304,0.5518,1.8089,-0.1364,cascade
9b,base,collapsed_q2_edge,q4_generalist_pair_72_28,math,560,0.1714,0.1179,0.4346,0.6839,0.2911,0.0179,0.5357,2.1482,-0.1233,cascade
9b,base,collapsed_q2_edge,q4_generalist_pair_72_28,planning,560,0.1857,0.1411,0.4237,0.6339,0.3125,0.025,0.4107,1.9804,-0.0896,cascade
9b,base,collapsed_q2_edge,q4_generalist_pair_72_28,rhetoric,560,0.1589,0.1036,0.4078,0.6643,0.3214,0.025,0.5036,2.1429,-0.1453,cascade
9b,base,collapsed_q2_edge,q4_generalist_pair_72_28,spatial,560,0.1804,0.1518,0.4418,0.6679,0.3054,0.0196,0.3893,1.9107,-0.0704,cascade
9b,base,damaged_q2,q2_amplifier_low_echo,adversarial,560,0.8375,0.375,0.8897,0.9946,0.1286,0.3161,0.4375,0.0536,0.2355,none
9b,base,damaged_q2,q2_amplifier_low_echo,boundary,560,0.8714,0.4054,0.9019,0.9804,0.0964,0.25,0.4929,0.0339,0.2853,none
9b,base,damaged_q2,q2_amplifier_low_echo,coding,560,0.8071,0.4107,0.8878,0.9411,0.1196,0.2946,0.3179,0.0589,0.2875,none
9b,base,damaged_q2,q2_amplifier_low_echo,epistemic,560,0.8304,0.4179,0.8933,0.9714,0.1286,0.2714,0.4339,0.0357,0.2885,none
9b,base,damaged_q2,q2_amplifier_low_echo,forensic,560,0.8821,0.4464,0.9081,0.9875,0.0929,0.2714,0.4018,0.0482,0.3297,none
9b,base,damaged_q2,q2_amplifier_low_echo,generalist,560,0.7554,0.4,0.8609,0.9107,0.1464,0.2804,0.4232,0.0821,0.262,none
9b,base,damaged_q2,q2_amplifier_low_echo,math,560,0.8054,0.3857,0.8723,0.9089,0.1161,0.2964,0.4464,0.0946,0.2512,none
9b,base,damaged_q2,q2_amplifier_low_echo,planning,560,0.8179,0.4143,0.888,0.9375,0.1232,0.2661,0.3375,0.0607,0.2941,none
9b,base,damaged_q2,q2_amplifier_low_echo,rhetoric,560,0.7893,0.3821,0.8726,0.9,0.125,0.2875,0.3946,0.0839,0.2514,none
9b,base,damaged_q2,q2_amplifier_low_echo,spatial,560,0.8339,0.4357,0.8944,0.9304,0.1071,0.2732,0.3339,0.0589,0.3193,none
9b,base,damaged_q2,q3_routed_tri_68,adversarial,560,0.8286,0.5339,0.9049,0.9911,0.1286,0.0446,0.4,0.1429,0.4473,none
9b,base,damaged_q2,q3_routed_tri_68,boundary,560,0.8446,0.5429,0.9066,0.9929,0.1304,0.0339,0.4125,0.1232,0.4578,none
9b,base,damaged_q2,q3_routed_tri_68,coding,560,0.6964,0.4732,0.8287,0.8786,0.15,0.0518,0.3696,0.3714,0.3697,none
9b,base,damaged_q2,q3_routed_tri_68,epistemic,560,0.6946,0.4964,0.8395,0.8964,0.1429,0.0357,0.3661,0.3196,0.4012,none
9b,base,damaged_q2,q3_routed_tri_68,forensic,560,0.6911,0.4786,0.8292,0.9821,0.175,0.0554,0.3732,0.4411,0.3631,none
9b,base,damaged_q2,q3_routed_tri_68,generalist,560,0.6643,0.4482,0.8145,0.8696,0.1321,0.0554,0.4161,0.4143,0.3435,none
9b,base,damaged_q2,q3_routed_tri_68,math,560,0.6536,0.4679,0.7925,0.8679,0.1268,0.0286,0.4268,0.6125,0.3593,none
9b,base,damaged_q2,q3_routed_tri_68,planning,560,0.7411,0.5429,0.8418,0.8821,0.1179,0.0357,0.3232,0.3821,0.4554,none
9b,base,damaged_q2,q3_routed_tri_68,rhetoric,560,0.6393,0.4607,0.7885,0.85,0.1411,0.0232,0.4107,0.5625,0.3528,none
9b,base,damaged_q2,q3_routed_tri_68,spatial,560,0.6875,0.5107,0.812,0.9,0.1571,0.0232,0.3179,0.4857,0.4092,none
9b,base,damaged_q2,q3_stability_tri_72,adversarial,560,0.8232,0.5268,0.9053,0.9911,0.1482,0.0571,0.3929,0.1054,0.4342,none
9b,base,damaged_q2,q3_stability_tri_72,boundary,560,0.8411,0.5143,0.9161,0.9911,0.1357,0.0536,0.4143,0.0536,0.427,none
9b,base,damaged_q2,q3_stability_tri_72,coding,560,0.7429,0.5393,0.8432,0.8607,0.1339,0.0393,0.3304,0.3179,0.4489,none
9b,base,damaged_q2,q3_stability_tri_72,epistemic,560,0.7107,0.5,0.8462,0.9179,0.1446,0.0268,0.3946,0.2982,0.4048,none
9b,base,damaged_q2,q3_stability_tri_72,forensic,560,0.75,0.5375,0.863,0.9929,0.1464,0.0357,0.3607,0.3375,0.4407,none
9b,base,damaged_q2,q3_stability_tri_72,generalist,560,0.6696,0.4804,0.8223,0.8804,0.1357,0.0571,0.3786,0.3875,0.3786,none
9b,base,damaged_q2,q3_stability_tri_72,math,560,0.6696,0.4696,0.8076,0.8821,0.1393,0.0321,0.45,0.525,0.3592,none
9b,base,damaged_q2,q3_stability_tri_72,planning,560,0.7643,0.5571,0.8572,0.8911,0.1357,0.0286,0.2839,0.3036,0.4728,none
9b,base,damaged_q2,q3_stability_tri_72,rhetoric,560,0.6589,0.4589,0.7972,0.8446,0.1607,0.0161,0.3732,0.4875,0.3533,none
9b,base,damaged_q2,q3_stability_tri_72,spatial,560,0.6964,0.5232,0.8242,0.875,0.1393,0.0357,0.2946,0.4339,0.429,none
9b,base,damaged_q2,q4_boundary_pair_72_28,adversarial,560,0.6911,0.4482,0.8361,0.9929,0.1732,0.0286,0.4143,0.4554,0.3346,none
9b,base,damaged_q2,q4_boundary_pair_72_28,boundary,560,0.7375,0.4589,0.8494,0.9964,0.1946,0.0375,0.4768,0.3179,0.339,none
9b,base,damaged_q2,q4_boundary_pair_72_28,coding,560,0.4589,0.3518,0.6694,0.7554,0.1768,0.0232,0.3446,1.0304,0.215,none
9b,base,damaged_q2,q4_boundary_pair_72_28,epistemic,560,0.4375,0.325,0.6714,0.7696,0.15,0.0286,0.3571,0.9286,0.1993,none
9b,base,damaged_q2,q4_boundary_pair_72_28,forensic,560,0.5375,0.4089,0.7393,0.9821,0.1857,0.0357,0.3982,0.8375,0.2723,none
9b,base,damaged_q2,q4_boundary_pair_72_28,generalist,560,0.35,0.2679,0.6332,0.7161,0.1964,0.0393,0.3946,1.0232,0.1183,none
9b,base,damaged_q2,q4_boundary_pair_72_28,math,560,0.3732,0.2768,0.617,0.7393,0.1661,0.025,0.4125,1.3768,0.1201,none
9b,base,damaged_q2,q4_boundary_pair_72_28,planning,560,0.4625,0.3482,0.6592,0.7196,0.1911,0.0321,0.3429,1.0018,0.2069,none
9b,base,damaged_q2,q4_boundary_pair_72_28,rhetoric,560,0.3696,0.2482,0.6241,0.7196,0.175,0.0339,0.4589,1.1768,0.0934,none
9b,base,damaged_q2,q4_boundary_pair_72_28,spatial,560,0.4393,0.3357,0.6411,0.7429,0.1946,0.0375,0.3554,1.1054,0.1861,none
9b,base,damaged_q2,q4_generalist_pair_72_28,adversarial,560,0.4946,0.3589,0.7155,0.9179,0.1804,0.0286,0.425,1.0536,0.2124,none
9b,base,damaged_q2,q4_generalist_pair_72_28,boundary,560,0.5036,0.3214,0.7125,0.9179,0.1946,0.0429,0.5036,0.9607,0.1661,none
9b,base,damaged_q2,q4_generalist_pair_72_28,coding,560,0.4393,0.3214,0.6687,0.8196,0.1929,0.0304,0.3625,1.075,0.1748,none
9b,base,damaged_q2,q4_generalist_pair_72_28,epistemic,560,0.4232,0.3089,0.671,0.8286,0.1982,0.0143,0.4411,0.9071,0.166,none
9b,base,damaged_q2,q4_generalist_pair_72_28,forensic,560,0.4607,0.35,0.6795,0.9143,0.1857,0.0304,0.4304,1.0839,0.1996,none
9b,base,damaged_q2,q4_generalist_pair_72_28,generalist,560,0.3964,0.3018,0.6693,0.8089,0.1946,0.0268,0.375,0.9536,0.1604,none
9b,base,damaged_q2,q4_generalist_pair_72_28,math,560,0.4107,0.2946,0.6656,0.8518,0.1839,0.0214,0.4482,1.1982,0.1394,none
9b,base,damaged_q2,q4_generalist_pair_72_28,planning,560,0.5071,0.3714,0.6827,0.7875,0.1643,0.0143,0.3661,1.0107,0.2395,none
9b,base,damaged_q2,q4_generalist_pair_72_28,rhetoric,560,0.4179,0.3161,0.6539,0.8054,0.1857,0.0196,0.4304,1.1357,0.1652,none
9b,base,damaged_q2,q4_generalist_pair_72_28,spatial,560,0.4429,0.3411,0.66,0.8071,0.1982,0.0286,0.3179,1.0875,0.1961,none
9b,base,damaged_q3,q2_amplifier_low_echo,adversarial,560,0.8714,0.4786,0.9096,0.9911,0.1036,0.2893,0.2982,0.0429,0.3636,none
9b,base,damaged_q3,q2_amplifier_low_echo,boundary,560,0.8893,0.4732,0.9167,0.9893,0.0893,0.3036,0.2696,0.0321,0.3625,none
9b,base,damaged_q3,q2_amplifier_low_echo,coding,560,0.8839,0.5054,0.9183,0.9875,0.0821,0.3071,0.2161,0.0518,0.3994,none
9b,base,damaged_q3,q2_amplifier_low_echo,epistemic,560,0.8911,0.4732,0.9169,0.9875,0.0821,0.2875,0.3304,0.0339,0.3629,none
9b,base,damaged_q3,q2_amplifier_low_echo,forensic,560,0.8857,0.4607,0.9167,0.9911,0.0839,0.3125,0.2821,0.0482,0.3481,none
9b,base,damaged_q3,q2_amplifier_low_echo,generalist,560,0.8518,0.4321,0.9045,0.9946,0.1018,0.3,0.3036,0.0607,0.3143,none
9b,base,damaged_q3,q2_amplifier_low_echo,math,560,0.8625,0.4482,0.9101,0.9875,0.1089,0.25,0.3446,0.0464,0.3356,none
9b,base,damaged_q3,q2_amplifier_low_echo,planning,560,0.8661,0.4964,0.9124,0.9964,0.1036,0.2875,0.2411,0.0536,0.3859,none
9b,base,damaged_q3,q2_amplifier_low_echo,rhetoric,560,0.8929,0.5071,0.9226,0.9857,0.0625,0.2482,0.3107,0.0643,0.4107,none
9b,base,damaged_q3,q2_amplifier_low_echo,spatial,560,0.8911,0.5,0.9247,0.9964,0.0804,0.2964,0.2518,0.0411,0.3944,none
9b,base,damaged_q3,q3_routed_tri_68,adversarial,560,0.8964,0.675,0.9405,0.9893,0.0911,0.0446,0.2446,0.0607,0.6161,none
9b,base,damaged_q3,q3_routed_tri_68,boundary,560,0.8929,0.6232,0.9363,0.9893,0.0857,0.0589,0.2946,0.0679,0.5587,none
9b,base,damaged_q3,q3_routed_tri_68,coding,560,0.8911,0.6571,0.9432,0.9911,0.0964,0.0375,0.2375,0.0393,0.5998,none
9b,base,damaged_q3,q3_routed_tri_68,epistemic,560,0.8982,0.6786,0.9452,0.9893,0.0875,0.0268,0.2607,0.0304,0.6246,none
9b,base,damaged_q3,q3_routed_tri_68,forensic,560,0.9018,0.6893,0.949,0.9875,0.0821,0.0357,0.2411,0.0268,0.6369,none
9b,base,damaged_q3,q3_routed_tri_68,generalist,560,0.8857,0.65,0.9378,0.9911,0.0857,0.0429,0.2857,0.0571,0.59,none
9b,base,damaged_q3,q3_routed_tri_68,math,560,0.9125,0.6446,0.9446,0.9929,0.0732,0.0339,0.3161,0.0464,0.5883,none
9b,base,damaged_q3,q3_routed_tri_68,planning,560,0.8982,0.6786,0.9438,0.9929,0.0893,0.0429,0.2268,0.0518,0.6225,none
9b,base,damaged_q3,q3_routed_tri_68,rhetoric,560,0.9,0.6857,0.9449,0.9875,0.0786,0.0375,0.2536,0.0518,0.6318,none
9b,base,damaged_q3,q3_routed_tri_68,spatial,560,0.8875,0.7071,0.945,0.9929,0.0929,0.0357,0.1911,0.0518,0.6543,none
9b,base,damaged_q3,q3_stability_tri_72,adversarial,560,0.8857,0.6589,0.9384,0.9768,0.0911,0.0375,0.2571,0.0518,0.6009,none
9b,base,damaged_q3,q3_stability_tri_72,boundary,560,0.8857,0.6357,0.9361,0.9929,0.1,0.0554,0.275,0.0589,0.5697,none
9b,base,damaged_q3,q3_stability_tri_72,coding,560,0.8911,0.6821,0.944,0.9857,0.0946,0.0429,0.2179,0.0375,0.6259,none
9b,base,damaged_q3,q3_stability_tri_72,epistemic,560,0.9054,0.6589,0.9453,0.9857,0.0625,0.0232,0.2929,0.0482,0.6097,none
9b,base,damaged_q3,q3_stability_tri_72,forensic,560,0.9054,0.6804,0.9429,0.9857,0.0821,0.0375,0.2518,0.05,0.6256,none
9b,base,damaged_q3,q3_stability_tri_72,generalist,560,0.9196,0.675,0.9519,0.9929,0.0607,0.0393,0.2696,0.0357,0.6256,none
9b,base,damaged_q3,q3_stability_tri_72,math,560,0.9161,0.6679,0.9455,0.9786,0.0679,0.0357,0.3054,0.0375,0.6141,none
9b,base,damaged_q3,q3_stability_tri_72,planning,560,0.9018,0.7179,0.9414,0.9821,0.0732,0.0321,0.2036,0.0786,0.6693,none
9b,base,damaged_q3,q3_stability_tri_72,rhetoric,560,0.9054,0.6679,0.9448,0.9946,0.0786,0.0393,0.2714,0.0518,0.6121,none
9b,base,damaged_q3,q3_stability_tri_72,spatial,560,0.8839,0.6911,0.9416,0.9875,0.0964,0.0554,0.1946,0.0589,0.6326,none
9b,base,damaged_q3,q4_boundary_pair_72_28,adversarial,560,0.8857,0.6857,0.9391,0.9929,0.0982,0.0375,0.25,0.0589,0.6258,none
9b,base,damaged_q3,q4_boundary_pair_72_28,boundary,560,0.8714,0.6518,0.9358,0.9911,0.1125,0.0464,0.2357,0.0536,0.5872,none
9b,base,damaged_q3,q4_boundary_pair_72_28,coding,560,0.8714,0.6839,0.9351,0.9696,0.1036,0.0357,0.2089,0.0554,0.6262,none
9b,base,damaged_q3,q4_boundary_pair_72_28,epistemic,560,0.8554,0.6232,0.9246,0.9518,0.0911,0.0321,0.2946,0.0714,0.5623,none
9b,base,damaged_q3,q4_boundary_pair_72_28,forensic,560,0.8821,0.6768,0.939,0.9946,0.1036,0.0286,0.2375,0.0518,0.6184,none
9b,base,damaged_q3,q4_boundary_pair_72_28,generalist,560,0.8339,0.6321,0.9127,0.9339,0.0875,0.0286,0.275,0.1214,0.5721,none
9b,base,damaged_q3,q4_boundary_pair_72_28,math,560,0.8268,0.6161,0.899,0.9161,0.0893,0.0161,0.3018,0.1964,0.5521,none
9b,base,damaged_q3,q4_boundary_pair_72_28,planning,560,0.8696,0.6464,0.929,0.9357,0.0875,0.0304,0.2607,0.0536,0.5906,none
9b,base,damaged_q3,q4_boundary_pair_72_28,rhetoric,560,0.8232,0.6036,0.8983,0.9232,0.1196,0.025,0.2946,0.1429,0.532,none
9b,base,damaged_q3,q4_boundary_pair_72_28,spatial,560,0.8821,0.6911,0.9267,0.9268,0.0661,0.0393,0.2161,0.1125,0.6405,none
9b,base,damaged_q3,q4_generalist_pair_72_28,adversarial,560,0.8661,0.6393,0.93,0.9839,0.1054,0.0196,0.2804,0.075,0.5776,none
9b,base,damaged_q3,q4_generalist_pair_72_28,boundary,560,0.8911,0.6339,0.9392,0.9929,0.0893,0.0321,0.3054,0.0482,0.5739,none
9b,base,damaged_q3,q4_generalist_pair_72_28,coding,560,0.8839,0.675,0.9354,0.9839,0.0946,0.0268,0.2518,0.0714,0.6175,none
9b,base,damaged_q3,q4_generalist_pair_72_28,epistemic,560,0.9018,0.6714,0.9439,0.9911,0.0732,0.0054,0.2946,0.0482,0.6224,none
9b,base,damaged_q3,q4_generalist_pair_72_28,forensic,560,0.85,0.6482,0.9239,0.9839,0.1143,0.0161,0.2589,0.0982,0.5851,none
9b,base,damaged_q3,q4_generalist_pair_72_28,generalist,560,0.8661,0.6339,0.9325,0.9857,0.0893,0.0286,0.2857,0.075,0.5748,none
9b,base,damaged_q3,q4_generalist_pair_72_28,math,560,0.8929,0.6143,0.9349,0.9893,0.0786,0.0232,0.3446,0.0804,0.5545,none
9b,base,damaged_q3,q4_generalist_pair_72_28,planning,560,0.9018,0.7036,0.9485,0.9875,0.0875,0.0268,0.2143,0.0304,0.6533,none
9b,base,damaged_q3,q4_generalist_pair_72_28,rhetoric,560,0.8857,0.6411,0.9319,0.9821,0.0821,0.0161,0.3196,0.0875,0.5833,none
9b,base,damaged_q3,q4_generalist_pair_72_28,spatial,560,0.8679,0.6732,0.9344,0.9768,0.0946,0.0179,0.2304,0.0732,0.6192,none
9b,base,damaged_q4,q2_amplifier_low_echo,adversarial,560,0.9107,0.5143,0.9228,0.9929,0.0732,0.3161,0.2232,0.0429,0.4091,none
9b,base,damaged_q4,q2_amplifier_low_echo,boundary,560,0.8982,0.4804,0.9187,0.9946,0.0518,0.3018,0.3089,0.075,0.376,none
9b,base,damaged_q4,q2_amplifier_low_echo,coding,560,0.9054,0.5375,0.9276,0.9839,0.0607,0.2625,0.2268,0.0518,0.4461,none
9b,base,damaged_q4,q2_amplifier_low_echo,epistemic,560,0.9,0.5411,0.9311,0.9982,0.075,0.2196,0.2625,0.0411,0.4516,none
9b,base,damaged_q4,q2_amplifier_low_echo,forensic,560,0.9054,0.5589,0.9304,0.9875,0.075,0.2464,0.2232,0.0429,0.4671,none
9b,base,damaged_q4,q2_amplifier_low_echo,generalist,560,0.8732,0.5161,0.9156,0.9857,0.0875,0.2875,0.2411,0.0464,0.4107,none
9b,base,damaged_q4,q2_amplifier_low_echo,math,560,0.9018,0.4768,0.9214,0.9875,0.0679,0.2911,0.2839,0.0607,0.3725,none
9b,base,damaged_q4,q2_amplifier_low_echo,planning,560,0.9089,0.5339,0.9303,0.9946,0.0625,0.2804,0.2054,0.0411,0.4406,none
9b,base,damaged_q4,q2_amplifier_low_echo,rhetoric,560,0.9125,0.4946,0.9263,0.9929,0.0643,0.3071,0.2589,0.0482,0.3908,none
9b,base,damaged_q4,q2_amplifier_low_echo,spatial,560,0.8893,0.5393,0.9267,0.9893,0.0804,0.275,0.2125,0.0464,0.4409,none
9b,base,damaged_q4,q3_routed_tri_68,adversarial,560,0.9179,0.7036,0.9528,0.9982,0.0714,0.0268,0.2214,0.0482,0.6567,none
9b,base,damaged_q4,q3_routed_tri_68,boundary,560,0.925,0.7161,0.9524,0.9875,0.0607,0.0518,0.2107,0.0571,0.6678,none
9b,base,damaged_q4,q3_routed_tri_68,coding,560,0.9232,0.75,0.9563,0.9839,0.0589,0.0357,0.1589,0.05,0.71,none
9b,base,damaged_q4,q3_routed_tri_68,epistemic,560,0.9161,0.7036,0.9561,0.9964,0.05,0.0411,0.2214,0.0536,0.66,none
9b,base,damaged_q4,q3_routed_tri_68,forensic,560,0.8964,0.7304,0.9489,0.9929,0.0786,0.0339,0.1911,0.0571,0.6819,none
9b,base,damaged_q4,q3_routed_tri_68,generalist,560,0.9357,0.7482,0.9567,0.9821,0.0482,0.0393,0.2,0.0446,0.7077,none
9b,base,damaged_q4,q3_routed_tri_68,math,560,0.9393,0.7107,0.9562,0.9964,0.0518,0.0304,0.2571,0.0482,0.6661,none
9b,base,damaged_q4,q3_routed_tri_68,planning,560,0.9589,0.7964,0.9681,0.9911,0.0339,0.0321,0.1589,0.0393,0.7651,none
9b,base,damaged_q4,q3_routed_tri_68,rhetoric,560,0.9214,0.725,0.9553,0.9911,0.0589,0.0321,0.2071,0.05,0.6818,none
9b,base,damaged_q4,q3_routed_tri_68,spatial,560,0.9232,0.7571,0.956,0.9964,0.0643,0.0429,0.1625,0.0571,0.7134,none
9b,base,damaged_q4,q3_stability_tri_72,adversarial,560,0.9107,0.7054,0.9504,0.9946,0.0821,0.0375,0.2143,0.0393,0.6541,none
9b,base,damaged_q4,q3_stability_tri_72,boundary,560,0.9268,0.7089,0.9548,0.9893,0.0607,0.0589,0.2125,0.0446,0.6597,none
9b,base,damaged_q4,q3_stability_tri_72,coding,560,0.9161,0.7304,0.9517,0.9929,0.0679,0.0339,0.1964,0.0571,0.6846,none
9b,base,damaged_q4,q3_stability_tri_72,epistemic,560,0.9018,0.7125,0.9481,0.9839,0.0696,0.0214,0.2143,0.0482,0.6678,none
9b,base,damaged_q4,q3_stability_tri_72,forensic,560,0.9357,0.7429,0.9603,0.9893,0.0536,0.05,0.1821,0.0375,0.7003,none
9b,base,damaged_q4,q3_stability_tri_72,generalist,560,0.9196,0.7321,0.9566,0.9857,0.0554,0.0357,0.1964,0.0375,0.6908,none
9b,base,damaged_q4,q3_stability_tri_72,math,560,0.9357,0.6964,0.9562,0.9964,0.0482,0.0339,0.2625,0.0518,0.6516,none
9b,base,damaged_q4,q3_stability_tri_72,planning,560,0.9375,0.7464,0.9582,0.9946,0.0429,0.0321,0.1929,0.0661,0.7084,none
9b,base,damaged_q4,q3_stability_tri_72,rhetoric,560,0.9375,0.7589,0.9609,0.9929,0.0482,0.0179,0.1982,0.0429,0.7229,none
9b,base,damaged_q4,q3_stability_tri_72,spatial,560,0.9214,0.7393,0.9562,0.9821,0.0554,0.0482,0.1661,0.0518,0.6972,none
9b,base,damaged_q4,q4_boundary_pair_72_28,adversarial,560,0.9054,0.7018,0.945,0.9857,0.0768,0.0411,0.2071,0.0714,0.6504,none
9b,base,damaged_q4,q4_boundary_pair_72_28,boundary,560,0.9143,0.7,0.949,0.9929,0.0625,0.0357,0.2286,0.0679,0.6524,none
9b,base,damaged_q4,q4_boundary_pair_72_28,coding,560,0.9357,0.7482,0.9606,0.9946,0.0536,0.05,0.175,0.0446,0.7059,none
9b,base,damaged_q4,q4_boundary_pair_72_28,epistemic,560,0.9054,0.7214,0.9512,0.9804,0.0696,0.0196,0.2107,0.0321,0.6781,none
9b,base,damaged_q4,q4_boundary_pair_72_28,forensic,560,0.9518,0.7375,0.9641,0.9946,0.0429,0.0268,0.2196,0.0304,0.7002,none
9b,base,damaged_q4,q4_boundary_pair_72_28,generalist,560,0.9036,0.6929,0.9525,0.9964,0.075,0.0429,0.2196,0.0321,0.6426,none
9b,base,damaged_q4,q4_boundary_pair_72_28,math,560,0.9107,0.6875,0.951,0.9929,0.0679,0.0286,0.2429,0.05,0.6395,none
9b,base,damaged_q4,q4_boundary_pair_72_28,planning,560,0.9214,0.7268,0.9516,0.9911,0.0571,0.0339,0.1929,0.0661,0.6841,none
9b,base,damaged_q4,q4_boundary_pair_72_28,rhetoric,560,0.8964,0.7071,0.9444,0.9911,0.0804,0.0196,0.2196,0.0679,0.6581,none
9b,base,damaged_q4,q4_boundary_pair_72_28,spatial,560,0.9161,0.7482,0.9544,0.9929,0.0714,0.0232,0.1821,0.0411,0.7055,none
9b,base,damaged_q4,q4_generalist_pair_72_28,adversarial,560,0.9179,0.7036,0.9497,0.9946,0.0732,0.0179,0.25,0.0464,0.6557,none
9b,base,damaged_q4,q4_generalist_pair_72_28,boundary,560,0.9018,0.6732,0.9437,0.9946,0.0786,0.0375,0.2429,0.0696,0.6192,none
9b,base,damaged_q4,q4_generalist_pair_72_28,coding,560,0.9286,0.7393,0.954,0.9875,0.0536,0.0232,0.225,0.0554,0.6978,none
9b,base,damaged_q4,q4_generalist_pair_72_28,epistemic,560,0.8893,0.6982,0.9447,0.9857,0.075,0.0107,0.2286,0.0536,0.6526,none
9b,base,damaged_q4,q4_generalist_pair_72_28,forensic,560,0.9268,0.7214,0.9534,0.9946,0.0589,0.0232,0.2232,0.0554,0.6785,none
9b,base,damaged_q4,q4_generalist_pair_72_28,generalist,560,0.9036,0.6982,0.95,0.9946,0.0732,0.025,0.225,0.0446,0.651,none
9b,base,damaged_q4,q4_generalist_pair_72_28,math,560,0.9107,0.6768,0.9471,0.9839,0.0679,0.0179,0.2732,0.0482,0.6286,none
9b,base,damaged_q4,q4_generalist_pair_72_28,planning,560,0.9179,0.7482,0.9535,0.9839,0.0643,0.025,0.1679,0.0518,0.7079,none
9b,base,damaged_q4,q4_generalist_pair_72_28,rhetoric,560,0.8911,0.6786,0.9403,0.9946,0.0768,0.0161,0.2607,0.0804,0.6274,none
9b,base,damaged_q4,q4_generalist_pair_72_28,spatial,560,0.9143,0.7714,0.951,0.9875,0.0714,0.0179,0.1518,0.0643,0.7311,none
9b,base,healthy_q6,q2_amplifier_low_echo,adversarial,560,0.9,0.5696,0.9274,0.9893,0.0643,0.2732,0.2018,0.0661,0.4763,none
9b,base,healthy_q6,q2_amplifier_low_echo,boundary,560,0.8911,0.5179,0.918,0.9875,0.0804,0.2946,0.2446,0.0518,0.4127,none
9b,base,healthy_q6,q2_amplifier_low_echo,coding,560,0.9304,0.5643,0.933,0.9821,0.0411,0.2821,0.1768,0.0607,0.4784,none
9b,base,healthy_q6,q2_amplifier_low_echo,epistemic,560,0.9107,0.5339,0.9313,0.9875,0.0661,0.2714,0.2071,0.0393,0.4413,none
9b,base,healthy_q6,q2_amplifier_low_echo,forensic,560,0.9196,0.5179,0.9335,0.9946,0.0625,0.2857,0.2321,0.0339,0.4217,none
9b,base,healthy_q6,q2_amplifier_low_echo,generalist,560,0.9214,0.5643,0.932,0.9839,0.0482,0.2643,0.1982,0.05,0.4786,none
9b,base,healthy_q6,q2_amplifier_low_echo,math,560,0.9036,0.5196,0.9256,0.9893,0.0625,0.2714,0.2571,0.0661,0.4227,none
9b,base,healthy_q6,q2_amplifier_low_echo,planning,560,0.9286,0.5554,0.933,0.9946,0.0625,0.2839,0.1768,0.0357,0.4639,none
9b,base,healthy_q6,q2_amplifier_low_echo,rhetoric,560,0.9429,0.5964,0.9441,0.9982,0.0446,0.2518,0.2089,0.0357,0.5142,none
9b,base,healthy_q6,q2_amplifier_low_echo,spatial,560,0.9286,0.5625,0.9366,0.9893,0.05,0.2714,0.1804,0.0571,0.4759,none
9b,base,healthy_q6,q3_routed_tri_68,adversarial,560,0.9321,0.7946,0.9612,0.9875,0.05,0.0304,0.1482,0.0518,0.7591,none
9b,base,healthy_q6,q3_routed_tri_68,boundary,560,0.9357,0.7786,0.9592,0.9911,0.0446,0.0304,0.1536,0.0696,0.7433,none
9b,base,healthy_q6,q3_routed_tri_68,coding,560,0.9536,0.8143,0.9664,0.9857,0.0232,0.0411,0.1196,0.0732,0.7859,none
9b,base,healthy_q6,q3_routed_tri_68,epistemic,560,0.9411,0.7821,0.9685,0.9893,0.0411,0.0304,0.1446,0.0286,0.7507,none
9b,base,healthy_q6,q3_routed_tri_68,forensic,560,0.9518,0.8018,0.9643,0.9893,0.0357,0.0304,0.1429,0.0554,0.7708,none
9b,base,healthy_q6,q3_routed_tri_68,generalist,560,0.9321,0.7571,0.964,0.9911,0.0357,0.0482,0.1607,0.0482,0.7215,none
9b,base,healthy_q6,q3_routed_tri_68,math,560,0.9375,0.7714,0.9619,0.9911,0.0429,0.0446,0.1482,0.0661,0.7345,none
9b,base,healthy_q6,q3_routed_tri_68,planning,560,0.9518,0.8018,0.9652,0.9893,0.0429,0.0339,0.1339,0.0482,0.769,none
9b,base,healthy_q6,q3_routed_tri_68,rhetoric,560,0.9571,0.7839,0.9706,0.9929,0.025,0.0268,0.1607,0.0446,0.756,none
9b,base,healthy_q6,q3_routed_tri_68,spatial,560,0.9464,0.8036,0.9657,0.9946,0.0446,0.0446,0.1268,0.05,0.7686,none
9b,base,healthy_q6,q3_stability_tri_72,adversarial,560,0.9321,0.7804,0.9588,0.9875,0.05,0.0393,0.1357,0.0732,0.743,none
9b,base,healthy_q6,q3_stability_tri_72,boundary,560,0.9339,0.775,0.9622,0.9964,0.0518,0.0321,0.1607,0.0482,0.7378,none
9b,base,healthy_q6,q3_stability_tri_72,coding,560,0.9518,0.7786,0.9685,0.9982,0.0357,0.0536,0.15,0.0446,0.7429,none
9b,base,healthy_q6,q3_stability_tri_72,epistemic,560,0.9357,0.7625,0.9618,0.9911,0.0411,0.0232,0.1804,0.0446,0.7289,none
9b,base,healthy_q6,q3_stability_tri_72,forensic,560,0.9625,0.8232,0.9729,0.9929,0.0268,0.0304,0.1286,0.0375,0.7969,none
9b,base,healthy_q6,q3_stability_tri_72,generalist,560,0.9446,0.7911,0.9685,0.9911,0.0339,0.05,0.1321,0.0393,0.7584,none
9b,base,healthy_q6,q3_stability_tri_72,math,560,0.9464,0.7554,0.9619,0.9911,0.0375,0.0268,0.2036,0.0571,0.7196,none
9b,base,healthy_q6,q3_stability_tri_72,planning,560,0.9518,0.7964,0.9643,0.9786,0.0304,0.0321,0.1429,0.0482,0.7671,none
9b,base,healthy_q6,q3_stability_tri_72,rhetoric,560,0.9375,0.7607,0.959,0.9911,0.0429,0.0375,0.1714,0.0696,0.7232,none
9b,base,healthy_q6,q3_stability_tri_72,spatial,560,0.9518,0.7964,0.9644,0.9839,0.0357,0.0268,0.1446,0.0482,0.7664,none
9b,base,healthy_q6,q4_boundary_pair_72_28,adversarial,560,0.9411,0.8071,0.9625,0.9929,0.0446,0.0393,0.1321,0.0679,0.7719,none
9b,base,healthy_q6,q4_boundary_pair_72_28,boundary,560,0.9375,0.7804,0.9598,0.9946,0.0464,0.0357,0.1518,0.0714,0.7436,none
9b,base,healthy_q6,q4_boundary_pair_72_28,coding,560,0.9429,0.7821,0.9628,0.9875,0.0446,0.0482,0.1321,0.0536,0.7459,none
9b,base,healthy_q6,q4_boundary_pair_72_28,epistemic,560,0.9429,0.7857,0.9677,0.9929,0.0339,0.0143,0.1589,0.0357,0.7582,none
9b,base,healthy_q6,q4_boundary_pair_72_28,forensic,560,0.9286,0.8054,0.9595,0.9839,0.0589,0.0375,0.1161,0.0464,0.7686,none
9b,base,healthy_q6,q4_boundary_pair_72_28,generalist,560,0.9143,0.7304,0.9562,0.9911,0.0589,0.0518,0.1571,0.0536,0.6871,none
9b,base,healthy_q6,q4_boundary_pair_72_28,math,560,0.9518,0.7661,0.9664,0.9875,0.0321,0.0268,0.1821,0.0446,0.7343,none
9b,base,healthy_q6,q4_boundary_pair_72_28,planning,560,0.9411,0.8089,0.9651,0.9893,0.0482,0.0196,0.1268,0.0411,0.7783,none
9b,base,healthy_q6,q4_boundary_pair_72_28,rhetoric,560,0.9375,0.7946,0.9643,0.9875,0.05,0.0339,0.1375,0.0393,0.7599,none
9b,base,healthy_q6,q4_boundary_pair_72_28,spatial,560,0.9375,0.8,0.9652,0.9929,0.0464,0.0286,0.1232,0.0464,0.7682,none
9b,base,healthy_q6,q4_generalist_pair_72_28,adversarial,560,0.9554,0.7661,0.9658,0.9964,0.0375,0.0268,0.1839,0.0464,0.7324,none
9b,base,healthy_q6,q4_generalist_pair_72_28,boundary,560,0.9268,0.7411,0.9532,0.9893,0.0625,0.0286,0.1821,0.0625,0.6989,none
9b,base,healthy_q6,q4_generalist_pair_72_28,coding,560,0.9482,0.8071,0.9657,0.9893,0.0339,0.0286,0.1375,0.0571,0.7774,none
9b,base,healthy_q6,q4_generalist_pair_72_28,epistemic,560,0.9464,0.7571,0.9657,0.9875,0.0357,0.0143,0.2018,0.0286,0.726,none
9b,base,healthy_q6,q4_generalist_pair_72_28,forensic,560,0.9411,0.7982,0.9633,0.9893,0.05,0.0161,0.1571,0.0357,0.7656,none
9b,base,healthy_q6,q4_generalist_pair_72_28,generalist,560,0.9393,0.7679,0.9625,0.9911,0.0393,0.0321,0.1732,0.0464,0.7335,none
9b,base,healthy_q6,q4_generalist_pair_72_28,math,560,0.9536,0.7679,0.9638,0.9839,0.0357,0.0196,0.2018,0.0393,0.7351,none
9b,base,healthy_q6,q4_generalist_pair_72_28,planning,560,0.95,0.8071,0.9648,0.9857,0.0393,0.0143,0.1393,0.0464,0.779,none
9b,base,healthy_q6,q4_generalist_pair_72_28,rhetoric,560,0.95,0.7821,0.967,0.9893,0.0286,0.0107,0.1839,0.0429,0.7546,none
9b,base,healthy_q6,q4_generalist_pair_72_28,spatial,560,0.9536,0.8196,0.9655,0.9875,0.0339,0.0107,0.1446,0.0518,0.7932,none
9b,base,healthy_q8,q2_amplifier_low_echo,adversarial,560,0.9071,0.5357,0.9273,0.9911,0.0554,0.3179,0.1821,0.0625,0.4378,none
9b,base,healthy_q8,q2_amplifier_low_echo,boundary,560,0.8929,0.5339,0.9206,0.9768,0.075,0.2893,0.2,0.0571,0.4347,none
9b,base,healthy_q8,q2_amplifier_low_echo,coding,560,0.9321,0.55,0.9345,0.9946,0.0482,0.2946,0.1786,0.05,0.4598,none
9b,base,healthy_q8,q2_amplifier_low_echo,epistemic,560,0.9357,0.6,0.9426,0.9857,0.05,0.2464,0.1929,0.0214,0.5192,none
9b,base,healthy_q8,q2_amplifier_low_echo,forensic,560,0.9268,0.5911,0.9426,0.9946,0.0464,0.2643,0.1607,0.0464,0.5091,none
9b,base,healthy_q8,q2_amplifier_low_echo,generalist,560,0.9196,0.5589,0.9373,0.9964,0.0464,0.275,0.1946,0.0393,0.4725,none
9b,base,healthy_q8,q2_amplifier_low_echo,math,560,0.9464,0.5786,0.9442,0.9946,0.0393,0.2464,0.2125,0.0446,0.4983,none
9b,base,healthy_q8,q2_amplifier_low_echo,planning,560,0.9321,0.5786,0.939,0.9946,0.0446,0.2571,0.1768,0.0446,0.4974,none
9b,base,healthy_q8,q2_amplifier_low_echo,rhetoric,560,0.9375,0.5732,0.9414,0.9893,0.0375,0.2696,0.2018,0.0446,0.4897,none
9b,base,healthy_q8,q2_amplifier_low_echo,spatial,560,0.9071,0.5821,0.9361,0.9911,0.05,0.2536,0.175,0.0643,0.4992,none
9b,base,healthy_q8,q3_routed_tri_68,adversarial,560,0.9589,0.7911,0.9704,0.9929,0.0339,0.0464,0.1446,0.0393,0.7581,none
9b,base,healthy_q8,q3_routed_tri_68,boundary,560,0.9446,0.7732,0.9645,0.9875,0.0375,0.0482,0.15,0.05,0.7378,none
9b,base,healthy_q8,q3_routed_tri_68,coding,560,0.9661,0.8232,0.9742,0.9875,0.0196,0.05,0.1179,0.0411,0.7958,none
9b,base,healthy_q8,q3_routed_tri_68,epistemic,560,0.9554,0.8125,0.9712,0.9929,0.025,0.0232,0.1429,0.0411,0.7869,none
9b,base,healthy_q8,q3_routed_tri_68,forensic,560,0.9625,0.775,0.9703,0.9911,0.025,0.05,0.1661,0.0375,0.7423,none
9b,base,healthy_q8,q3_routed_tri_68,generalist,560,0.9446,0.7893,0.9682,0.9839,0.0339,0.0446,0.1375,0.0321,0.7576,none
9b,base,healthy_q8,q3_routed_tri_68,math,560,0.9589,0.7768,0.9693,0.9964,0.0286,0.0446,0.1643,0.0482,0.7437,none
9b,base,healthy_q8,q3_routed_tri_68,planning,560,0.9768,0.8429,0.9793,0.9964,0.0214,0.0375,0.1054,0.025,0.8193,none
9b,base,healthy_q8,q3_routed_tri_68,rhetoric,560,0.9536,0.8179,0.9694,0.9911,0.0339,0.0268,0.1196,0.05,0.7903,none
9b,base,healthy_q8,q3_routed_tri_68,spatial,560,0.9643,0.8554,0.9741,0.9964,0.0268,0.0268,0.0911,0.0518,0.8321,none
9b,base,healthy_q8,q3_stability_tri_72,adversarial,560,0.95,0.8054,0.9655,0.9857,0.0375,0.0446,0.1286,0.0571,0.772,none
9b,base,healthy_q8,q3_stability_tri_72,boundary,560,0.9393,0.7625,0.9659,0.9964,0.0393,0.0554,0.1375,0.0536,0.726,none
9b,base,healthy_q8,q3_stability_tri_72,coding,560,0.9589,0.8054,0.971,0.9982,0.0179,0.0411,0.1286,0.0679,0.7781,none
9b,base,healthy_q8,q3_stability_tri_72,epistemic,560,0.9464,0.7911,0.9657,0.9982,0.0304,0.0214,0.1679,0.0589,0.7613,none
9b,base,healthy_q8,q3_stability_tri_72,forensic,560,0.9607,0.8161,0.971,0.9857,0.0321,0.0357,0.1161,0.0357,0.7882,none
9b,base,healthy_q8,q3_stability_tri_72,generalist,560,0.9304,0.7821,0.9634,0.9857,0.0357,0.0464,0.1339,0.0536,0.7488,none
9b,base,healthy_q8,q3_stability_tri_72,math,560,0.9482,0.7732,0.9645,0.9875,0.0375,0.0304,0.1786,0.0482,0.7392,none
9b,base,healthy_q8,q3_stability_tri_72,planning,560,0.9625,0.8304,0.9734,0.9839,0.0232,0.0518,0.1,0.0357,0.8033,none
9b,base,healthy_q8,q3_stability_tri_72,rhetoric,560,0.9679,0.8018,0.9713,0.9893,0.0232,0.0304,0.1554,0.0429,0.7742,none
9b,base,healthy_q8,q3_stability_tri_72,spatial,560,0.9571,0.8125,0.9689,0.9893,0.0304,0.0321,0.1321,0.0464,0.7841,none
9b,base,healthy_q8,q4_boundary_pair_72_28,adversarial,560,0.9607,0.8214,0.9699,0.9911,0.0304,0.0357,0.1286,0.0518,0.7923,none
9b,base,healthy_q8,q4_boundary_pair_72_28,boundary,560,0.9571,0.7964,0.9705,0.9929,0.0143,0.0375,0.1446,0.0661,0.7698,none
9b,base,healthy_q8,q4_boundary_pair_72_28,coding,560,0.975,0.8179,0.9761,0.9911,0.0143,0.0625,0.1036,0.0464,0.7905,none
9b,base,healthy_q8,q4_boundary_pair_72_28,epistemic,560,0.9357,0.8018,0.9666,0.9946,0.0339,0.0125,0.1571,0.0464,0.7742,none
9b,base,healthy_q8,q4_boundary_pair_72_28,forensic,560,0.9607,0.8232,0.9723,0.9929,0.0268,0.0304,0.125,0.0411,0.7971,none
9b,base,healthy_q8,q4_boundary_pair_72_28,generalist,560,0.9607,0.8286,0.974,0.9929,0.0161,0.0375,0.1071,0.0518,0.8051,none
9b,base,healthy_q8,q4_boundary_pair_72_28,math,560,0.9589,0.7643,0.9679,0.9893,0.0214,0.0339,0.1982,0.0482,0.7328,none
9b,base,healthy_q8,q4_boundary_pair_72_28,planning,560,0.9536,0.8196,0.9669,0.9946,0.0339,0.0196,0.1304,0.0554,0.7923,none
9b,base,healthy_q8,q4_boundary_pair_72_28,rhetoric,560,0.9339,0.8125,0.9638,0.9893,0.0411,0.0232,0.1286,0.0607,0.7822,none
9b,base,healthy_q8,q4_boundary_pair_72_28,spatial,560,0.9571,0.8161,0.9719,0.9946,0.0304,0.0375,0.125,0.0446,0.7872,none
9b,base,healthy_q8,q4_generalist_pair_72_28,adversarial,560,0.9643,0.8286,0.9718,0.9875,0.0214,0.025,0.1375,0.0482,0.8037,none
9b,base,healthy_q8,q4_generalist_pair_72_28,boundary,560,0.9625,0.7875,0.9681,0.9911,0.0286,0.0411,0.1464,0.0571,0.7561,none
9b,base,healthy_q8,q4_generalist_pair_72_28,coding,560,0.9625,0.8393,0.9728,0.9875,0.025,0.0214,0.1089,0.0429,0.8166,none
9b,base,healthy_q8,q4_generalist_pair_72_28,epistemic,560,0.9429,0.7929,0.968,0.9875,0.0161,0.0089,0.1643,0.0536,0.7704,none
9b,base,healthy_q8,q4_generalist_pair_72_28,forensic,560,0.9393,0.8232,0.9663,0.9893,0.0321,0.025,0.1143,0.0554,0.7967,none
9b,base,healthy_q8,q4_generalist_pair_72_28,generalist,560,0.9607,0.8089,0.9721,0.9893,0.0232,0.0339,0.1393,0.0357,0.7823,none
9b,base,healthy_q8,q4_generalist_pair_72_28,math,560,0.9571,0.8071,0.9678,0.9804,0.0286,0.0286,0.1589,0.0429,0.778,none
9b,base,healthy_q8,q4_generalist_pair_72_28,planning,560,0.9643,0.8214,0.9687,0.9839,0.0268,0.0161,0.1411,0.0464,0.7966,none
9b,base,healthy_q8,q4_generalist_pair_72_28,rhetoric,560,0.9536,0.775,0.9662,0.9929,0.0375,0.0196,0.1768,0.0411,0.7436,none
9b,base,healthy_q8,q4_generalist_pair_72_28,spatial,560,0.9625,0.8286,0.9721,0.9929,0.0321,0.0304,0.1196,0.0393,0.8013,none
9b,base,q8_k_m,q2_amplifier_low_echo,adversarial,560,0.925,0.5571,0.933,0.9946,0.0536,0.3304,0.1393,0.05,0.4614,none
9b,base,q8_k_m,q2_amplifier_low_echo,boundary,560,0.8946,0.5143,0.9216,0.9929,0.0607,0.3161,0.1946,0.0732,0.4136,none
9b,base,q8_k_m,q2_amplifier_low_echo,coding,560,0.9536,0.6036,0.9456,0.9911,0.0268,0.2643,0.1607,0.0446,0.5276,none
9b,base,q8_k_m,q2_amplifier_low_echo,epistemic,560,0.9161,0.575,0.9372,0.9786,0.0429,0.2714,0.1732,0.0464,0.4917,none
9b,base,q8_k_m,q2_amplifier_low_echo,forensic,560,0.9286,0.6107,0.9412,0.9893,0.0429,0.2696,0.1571,0.0482,0.5289,none
9b,base,q8_k_m,q2_amplifier_low_echo,generalist,560,0.9268,0.5554,0.9354,0.9946,0.0429,0.3,0.1804,0.0429,0.4659,none
9b,base,q8_k_m,q2_amplifier_low_echo,math,560,0.9196,0.5571,0.9374,0.9929,0.0446,0.2661,0.2071,0.0571,0.4711,none
9b,base,q8_k_m,q2_amplifier_low_echo,planning,560,0.9536,0.6071,0.946,0.9946,0.0304,0.2607,0.1589,0.0411,0.5311,none
9b,base,q8_k_m,q2_amplifier_low_echo,rhetoric,560,0.9179,0.5625,0.935,0.975,0.0482,0.2714,0.1875,0.0482,0.4763,none
9b,base,q8_k_m,q2_amplifier_low_echo,spatial,560,0.9429,0.6196,0.9464,0.9875,0.0411,0.2518,0.1393,0.0375,0.5439,none
9b,base,q8_k_m,q3_routed_tri_68,adversarial,560,0.9536,0.8054,0.9668,0.9911,0.0268,0.0375,0.1411,0.0696,0.7751,none
9b,base,q8_k_m,q3_routed_tri_68,boundary,560,0.9589,0.8018,0.9699,0.9911,0.0268,0.0482,0.1321,0.0518,0.7709,none
9b,base,q8_k_m,q3_routed_tri_68,coding,560,0.9625,0.8339,0.9722,0.9804,0.0286,0.0339,0.1125,0.0321,0.808,none
9b,base,q8_k_m,q3_routed_tri_68,epistemic,560,0.9661,0.8268,0.9747,0.9893,0.0143,0.0143,0.1464,0.0357,0.8061,none
9b,base,q8_k_m,q3_routed_tri_68,forensic,560,0.9643,0.8375,0.9728,0.9893,0.0232,0.05,0.0929,0.0536,0.8104,none
9b,base,q8_k_m,q3_routed_tri_68,generalist,560,0.9554,0.7821,0.9687,0.9821,0.0214,0.0411,0.1482,0.0429,0.7535,none
9b,base,q8_k_m,q3_routed_tri_68,math,560,0.9661,0.8196,0.9701,0.9821,0.0268,0.0339,0.1411,0.0429,0.7914,none
9b,base,q8_k_m,q3_routed_tri_68,planning,560,0.9607,0.8232,0.9703,0.9821,0.0304,0.0339,0.1107,0.0375,0.7966,none
9b,base,q8_k_m,q3_routed_tri_68,rhetoric,560,0.95,0.7875,0.9663,0.9875,0.0304,0.0339,0.15,0.0536,0.7569,none
9b,base,q8_k_m,q3_routed_tri_68,spatial,560,0.9589,0.8357,0.973,0.9946,0.0268,0.0429,0.0946,0.0518,0.8089,none
9b,base,q8_k_m,q3_stability_tri_72,adversarial,560,0.9625,0.825,0.9719,0.9911,0.0268,0.0375,0.1161,0.0518,0.7976,none
9b,base,q8_k_m,q3_stability_tri_72,boundary,560,0.9536,0.8054,0.9703,0.9929,0.0339,0.0625,0.1143,0.0464,0.7712,none
9b,base,q8_k_m,q3_stability_tri_72,coding,560,0.9661,0.8214,0.9734,0.9893,0.0161,0.0446,0.1196,0.0518,0.7955,none
9b,base,q8_k_m,q3_stability_tri_72,epistemic,560,0.95,0.8125,0.9719,0.9875,0.0196,0.0232,0.1321,0.0393,0.7894,none
9b,base,q8_k_m,q3_stability_tri_72,forensic,560,0.9661,0.8196,0.9746,0.9929,0.0214,0.0482,0.1089,0.0446,0.7926,none
9b,base,q8_k_m,q3_stability_tri_72,generalist,560,0.9482,0.8,0.9702,0.9893,0.0304,0.0464,0.1286,0.0375,0.7694,none
9b,base,q8_k_m,q3_stability_tri_72,math,560,0.9464,0.7768,0.9651,0.9911,0.0268,0.0518,0.1607,0.0696,0.7421,none
9b,base,q8_k_m,q3_stability_tri_72,planning,560,0.9607,0.8339,0.9696,0.9821,0.0268,0.0464,0.0964,0.0518,0.8063,none
9b,base,q8_k_m,q3_stability_tri_72,rhetoric,560,0.9482,0.8161,0.9649,0.9857,0.025,0.0196,0.1321,0.0732,0.7904,none
9b,base,q8_k_m,q3_stability_tri_72,spatial,560,0.9482,0.8339,0.9713,0.9911,0.0304,0.0411,0.0929,0.0482,0.8068,none
9b,base,q8_k_m,q4_boundary_pair_72_28,adversarial,560,0.9661,0.825,0.9725,0.9964,0.025,0.0304,0.1268,0.0536,0.7986,none
9b,base,q8_k_m,q4_boundary_pair_72_28,boundary,560,0.9732,0.8429,0.9759,0.9929,0.0179,0.0429,0.1071,0.0482,0.8179,none
9b,base,q8_k_m,q4_boundary_pair_72_28,coding,560,0.9554,0.8304,0.9719,0.9893,0.0268,0.0357,0.1018,0.0482,0.8046,none
9b,base,q8_k_m,q4_boundary_pair_72_28,epistemic,560,0.95,0.825,0.9711,0.9893,0.025,0.0214,0.1268,0.0429,0.8009,none
9b,base,q8_k_m,q4_boundary_pair_72_28,forensic,560,0.9625,0.8357,0.9757,0.9929,0.0286,0.0375,0.1,0.0321,0.81,none
9b,base,q8_k_m,q4_boundary_pair_72_28,generalist,560,0.9375,0.8018,0.9648,0.9839,0.0214,0.0357,0.1339,0.0661,0.7742,none
9b,base,q8_k_m,q4_boundary_pair_72_28,math,560,0.9696,0.7964,0.972,0.9929,0.0161,0.0429,0.1554,0.0554,0.7678,none
9b,base,q8_k_m,q4_boundary_pair_72_28,planning,560,0.9661,0.8679,0.9751,0.9929,0.0286,0.0214,0.0875,0.0393,0.846,none
9b,base,q8_k_m,q4_boundary_pair_72_28,rhetoric,560,0.9625,0.8357,0.9714,0.9911,0.0196,0.0268,0.1161,0.0625,0.8121,none
9b,base,q8_k_m,q4_boundary_pair_72_28,spatial,560,0.9554,0.8536,0.9732,0.9946,0.0339,0.0304,0.0911,0.0411,0.828,none
9b,base,q8_k_m,q4_generalist_pair_72_28,adversarial,560,0.9589,0.8286,0.9719,0.9911,0.0179,0.0196,0.1268,0.0589,0.8062,none
9b,base,q8_k_m,q4_generalist_pair_72_28,boundary,560,0.9607,0.8107,0.9664,0.9857,0.0304,0.0393,0.1286,0.0571,0.7806,none
9b,base,q8_k_m,q4_generalist_pair_72_28,coding,560,0.95,0.8304,0.9705,0.9893,0.0286,0.025,0.1107,0.0482,0.8055,none
9b,base,q8_k_m,q4_generalist_pair_72_28,epistemic,560,0.9607,0.8464,0.9725,0.9875,0.0179,0.0125,0.1179,0.0464,0.8268,none
9b,base,q8_k_m,q4_generalist_pair_72_28,forensic,560,0.9536,0.8429,0.9689,0.9821,0.0304,0.0214,0.1125,0.0464,0.8181,none
9b,base,q8_k_m,q4_generalist_pair_72_28,generalist,560,0.9571,0.8179,0.9719,0.9911,0.0143,0.025,0.1464,0.05,0.7944,none
9b,base,q8_k_m,q4_generalist_pair_72_28,math,560,0.9839,0.8232,0.977,0.9929,0.0125,0.0268,0.1518,0.0375,0.8001,none
9b,base,q8_k_m,q4_generalist_pair_72_28,planning,560,0.9518,0.8357,0.9685,0.9839,0.0268,0.025,0.1125,0.0518,0.8111,none
9b,base,q8_k_m,q4_generalist_pair_72_28,rhetoric,560,0.9589,0.8125,0.9674,0.9875,0.0232,0.0107,0.1482,0.0607,0.7885,none
9b,base,q8_k_m,q4_generalist_pair_72_28,spatial,560,0.95,0.8357,0.9693,0.9911,0.0357,0.0143,0.1161,0.0446,0.8106,none
9b,degraded_instruct,base_f16,q2_amplifier_low_echo,adversarial,560,0.9232,0.5696,0.9353,0.9875,0.0429,0.3036,0.1339,0.0554,0.4826,none
9b,degraded_instruct,base_f16,q2_amplifier_low_echo,boundary,560,0.9268,0.5429,0.9332,0.9982,0.0429,0.2982,0.2,0.0571,0.4515,none
9b,degraded_instruct,base_f16,q2_amplifier_low_echo,coding,560,0.9286,0.5536,0.9343,0.9911,0.0482,0.2839,0.175,0.05,0.4658,none
9b,degraded_instruct,base_f16,q2_amplifier_low_echo,epistemic,560,0.9089,0.5464,0.9347,0.9929,0.0464,0.275,0.1893,0.0589,0.4594,none
9b,degraded_instruct,base_f16,q2_amplifier_low_echo,forensic,560,0.9214,0.5571,0.9362,0.9911,0.05,0.3107,0.1714,0.0482,0.4639,none
9b,degraded_instruct,base_f16,q2_amplifier_low_echo,generalist,560,0.9321,0.5661,0.9379,0.9929,0.0321,0.2911,0.1571,0.0536,0.483,none
9b,degraded_instruct,base_f16,q2_amplifier_low_echo,math,560,0.9357,0.5643,0.9395,0.9893,0.0464,0.2804,0.1929,0.0411,0.4768,none
9b,degraded_instruct,base_f16,q2_amplifier_low_echo,planning,560,0.9429,0.575,0.9396,0.9857,0.0321,0.3161,0.1179,0.0482,0.4903,none
9b,degraded_instruct,base_f16,q2_amplifier_low_echo,rhetoric,560,0.9143,0.5411,0.9286,0.9911,0.0518,0.3018,0.1964,0.0768,0.4456,none
9b,degraded_instruct,base_f16,q2_amplifier_low_echo,spatial,560,0.9268,0.5964,0.9435,0.9893,0.0375,0.2679,0.1464,0.0518,0.5173,none
9b,degraded_instruct,base_f16,q3_routed_tri_68,adversarial,560,0.9643,0.8571,0.9737,0.9929,0.0286,0.0393,0.0875,0.0536,0.831,none
9b,degraded_instruct,base_f16,q3_routed_tri_68,boundary,560,0.9625,0.8125,0.9708,0.9911,0.0196,0.0589,0.1107,0.0661,0.7827,none
9b,degraded_instruct,base_f16,q3_routed_tri_68,coding,560,0.9589,0.8196,0.9734,0.9929,0.0196,0.0518,0.0946,0.0554,0.7931,none
9b,degraded_instruct,base_f16,q3_routed_tri_68,epistemic,560,0.95,0.8107,0.9713,0.9929,0.0339,0.0304,0.1304,0.0321,0.7824,none
9b,degraded_instruct,base_f16,q3_routed_tri_68,forensic,560,0.9536,0.8393,0.9701,0.9929,0.0357,0.0339,0.0893,0.0518,0.8121,none
9b,degraded_instruct,base_f16,q3_routed_tri_68,generalist,560,0.9661,0.8179,0.9763,0.9911,0.0143,0.0571,0.1054,0.0411,0.7917,none
9b,degraded_instruct,base_f16,q3_routed_tri_68,math,560,0.9625,0.7786,0.9698,0.9911,0.0143,0.0304,0.1714,0.0589,0.7516,none
9b,degraded_instruct,base_f16,q3_routed_tri_68,planning,560,0.9804,0.8304,0.9771,0.9929,0.0161,0.05,0.1107,0.0393,0.8047,none
9b,degraded_instruct,base_f16,q3_routed_tri_68,rhetoric,560,0.9786,0.8429,0.9804,0.9982,0.0125,0.0464,0.0964,0.0429,0.82,none
9b,degraded_instruct,base_f16,q3_routed_tri_68,spatial,560,0.9714,0.8196,0.9738,0.9875,0.0214,0.0554,0.1071,0.0464,0.7912,none
9b,degraded_instruct,base_f16,q3_stability_tri_72,adversarial,560,0.9554,0.8357,0.9722,0.9857,0.0286,0.0464,0.0875,0.0464,0.8085,none
9b,degraded_instruct,base_f16,q3_stability_tri_72,boundary,560,0.9696,0.8196,0.9734,0.9964,0.0232,0.0518,0.1161,0.05,0.7905,none
9b,degraded_instruct,base_f16,q3_stability_tri_72,coding,560,0.9589,0.8125,0.9715,0.9893,0.0214,0.0464,0.1196,0.0518,0.7846,none
9b,degraded_instruct,base_f16,q3_stability_tri_72,epistemic,560,0.9607,0.8321,0.9714,0.9804,0.0161,0.0518,0.1036,0.0536,0.806,none
9b,degraded_instruct,base_f16,q3_stability_tri_72,forensic,560,0.9696,0.8518,0.98,0.9964,0.0214,0.0464,0.0821,0.0339,0.8278,none
9b,degraded_instruct,base_f16,q3_stability_tri_72,generalist,560,0.9571,0.8339,0.9751,0.9893,0.0143,0.0357,0.1036,0.0446,0.812,none
9b,degraded_instruct,base_f16,q3_stability_tri_72,math,560,0.9625,0.7875,0.9711,0.9893,0.0125,0.0464,0.1625,0.0554,0.7587,none
9b,degraded_instruct,base_f16,q3_stability_tri_72,planning,560,0.9714,0.8286,0.974,0.9929,0.0143,0.0429,0.1107,0.05,0.8044,none
9b,degraded_instruct,base_f16,q3_stability_tri_72,rhetoric,560,0.9768,0.8143,0.9751,0.9946,0.0196,0.0214,0.1554,0.0375,0.7898,none
9b,degraded_instruct,base_f16,q3_stability_tri_72,spatial,560,0.9643,0.8446,0.9721,0.9911,0.0232,0.0375,0.0982,0.0589,0.8194,none
9b,degraded_instruct,base_f16,q4_boundary_pair_72_28,adversarial,560,0.9625,0.8714,0.9735,0.9875,0.0304,0.0375,0.0768,0.05,0.8462,none
9b,degraded_instruct,base_f16,q4_boundary_pair_72_28,boundary,560,0.9518,0.8143,0.9712,0.9857,0.0339,0.0571,0.1036,0.0375,0.7825,none
9b,degraded_instruct,base_f16,q4_boundary_pair_72_28,coding,560,0.9607,0.8518,0.9744,0.9911,0.0232,0.0339,0.0875,0.05,0.8285,none
9b,degraded_instruct,base_f16,q4_boundary_pair_72_28,epistemic,560,0.9536,0.8196,0.9707,0.9911,0.0143,0.0196,0.1375,0.0554,0.7977,none
9b,degraded_instruct,base_f16,q4_boundary_pair_72_28,forensic,560,0.9625,0.8571,0.9724,0.9893,0.0268,0.0321,0.0893,0.05,0.833,none
9b,degraded_instruct,base_f16,q4_boundary_pair_72_28,generalist,560,0.9571,0.8339,0.9751,0.9946,0.0304,0.0339,0.1,0.0304,0.8085,none
9b,degraded_instruct,base_f16,q4_boundary_pair_72_28,math,560,0.9714,0.8071,0.9725,0.9875,0.0143,0.0375,0.1482,0.0536,0.7808,none
9b,degraded_instruct,base_f16,q4_boundary_pair_72_28,planning,560,0.9696,0.8554,0.9776,0.9964,0.0196,0.0339,0.1,0.0375,0.8328,none
9b,degraded_instruct,base_f16,q4_boundary_pair_72_28,rhetoric,560,0.9554,0.8125,0.969,0.9946,0.0268,0.0321,0.1375,0.0607,0.784,none
9b,degraded_instruct,base_f16,q4_boundary_pair_72_28,spatial,560,0.9643,0.8518,0.9745,0.9911,0.0268,0.0482,0.075,0.0446,0.8259,none
9b,degraded_instruct,base_f16,q4_generalist_pair_72_28,adversarial,560,0.9643,0.8589,0.9744,0.9839,0.0232,0.0304,0.0929,0.0429,0.8363,none
9b,degraded_instruct,base_f16,q4_generalist_pair_72_28,boundary,560,0.975,0.8357,0.9768,0.9946,0.0179,0.0375,0.1161,0.0411,0.8115,none
9b,degraded_instruct,base_f16,q4_generalist_pair_72_28,coding,560,0.9661,0.8107,0.9738,0.9964,0.0232,0.0393,0.1232,0.0446,0.7838,none
9b,degraded_instruct,base_f16,q4_generalist_pair_72_28,epistemic,560,0.95,0.8429,0.9702,0.9946,0.0286,0.0071,0.1232,0.0446,0.8208,none
9b,degraded_instruct,base_f16,q4_generalist_pair_72_28,forensic,560,0.975,0.8875,0.9805,0.9911,0.0107,0.0179,0.0804,0.0357,0.8725,none
9b,degraded_instruct,base_f16,q4_generalist_pair_72_28,generalist,560,0.9554,0.8589,0.9762,0.9982,0.0196,0.0286,0.0804,0.05,0.8384,none
9b,degraded_instruct,base_f16,q4_generalist_pair_72_28,math,560,0.9643,0.8161,0.9701,0.9911,0.0179,0.0214,0.1393,0.0661,0.792,none
9b,degraded_instruct,base_f16,q4_generalist_pair_72_28,planning,560,0.9768,0.8589,0.9759,0.9893,0.0179,0.0268,0.0964,0.0446,0.8383,none
9b,degraded_instruct,base_f16,q4_generalist_pair_72_28,rhetoric,560,0.9625,0.8429,0.973,0.9929,0.0161,0.0125,0.1179,0.0607,0.8231,none
9b,degraded_instruct,base_f16,q4_generalist_pair_72_28,spatial,560,0.9607,0.8554,0.9743,0.9946,0.0286,0.0143,0.0982,0.0357,0.8343,none
9b,degraded_instruct,collapsed_q2_edge,q2_amplifier_low_echo,adversarial,560,0.7893,0.35,0.8731,0.9911,0.1714,0.2875,0.5071,0.0554,0.1977,none
9b,degraded_instruct,collapsed_q2_edge,q2_amplifier_low_echo,boundary,560,0.8,0.3232,0.8689,0.9875,0.1696,0.3161,0.5393,0.0446,0.1637,distractor_capture
9b,degraded_instruct,collapsed_q2_edge,q2_amplifier_low_echo,coding,560,0.6661,0.35,0.8036,0.8268,0.1482,0.2929,0.3911,0.3,0.2007,none
9b,degraded_instruct,collapsed_q2_edge,q2_amplifier_low_echo,epistemic,560,0.6411,0.3536,0.7932,0.8339,0.1589,0.2607,0.4804,0.3196,0.1993,none
9b,degraded_instruct,collapsed_q2_edge,q2_amplifier_low_echo,forensic,560,0.6821,0.3339,0.8178,0.9893,0.2036,0.2661,0.5179,0.3196,0.1622,none
9b,degraded_instruct,collapsed_q2_edge,q2_amplifier_low_echo,generalist,560,0.6304,0.2893,0.7614,0.775,0.1429,0.3018,0.45,0.4214,0.129,none
9b,degraded_instruct,collapsed_q2_edge,q2_amplifier_low_echo,math,560,0.5357,0.3,0.7313,0.7589,0.1804,0.3143,0.4625,0.5982,0.1161,none
9b,degraded_instruct,collapsed_q2_edge,q2_amplifier_low_echo,planning,560,0.6393,0.3518,0.79,0.7964,0.1804,0.2839,0.3804,0.2911,0.1959,none
9b,degraded_instruct,collapsed_q2_edge,q2_amplifier_low_echo,rhetoric,560,0.5232,0.2786,0.726,0.7375,0.1679,0.2821,0.5143,0.5571,0.1028,none
9b,degraded_instruct,collapsed_q2_edge,q2_amplifier_low_echo,spatial,560,0.625,0.3446,0.7764,0.7804,0.15,0.2786,0.3875,0.4196,0.1919,none
9b,degraded_instruct,collapsed_q2_edge,q3_routed_tri_68,adversarial,560,0.4464,0.3161,0.6937,0.9321,0.2589,0.0375,0.4554,1.0554,0.1417,none
9b,degraded_instruct,collapsed_q2_edge,q3_routed_tri_68,boundary,560,0.4946,0.2946,0.7115,0.9321,0.2089,0.0482,0.5393,0.9518,0.1316,none
9b,degraded_instruct,collapsed_q2_edge,q3_routed_tri_68,coding,560,0.3179,0.2196,0.5749,0.7589,0.2714,0.0518,0.3786,1.3839,0.0284,cascade
9b,degraded_instruct,collapsed_q2_edge,q3_routed_tri_68,epistemic,560,0.2607,0.1982,0.5726,0.7125,0.2607,0.0321,0.4607,1.1571,0.0189,cascade
9b,degraded_instruct,collapsed_q2_edge,q3_routed_tri_68,forensic,560,0.3696,0.2429,0.6229,0.9036,0.2268,0.0429,0.4679,1.2875,0.0644,none
9b,degraded_instruct,collapsed_q2_edge,q3_routed_tri_68,generalist,560,0.2554,0.1911,0.5354,0.6696,0.2875,0.05,0.4482,1.3464,-0.0084,cascade
9b,degraded_instruct,collapsed_q2_edge,q3_routed_tri_68,math,560,0.2732,0.1964,0.5257,0.6821,0.2554,0.0536,0.5054,1.6661,-0.0146,cascade
9b,degraded_instruct,collapsed_q2_edge,q3_routed_tri_68,planning,560,0.3589,0.2518,0.5961,0.6964,0.2286,0.05,0.3982,1.2375,0.0795,none
9b,degraded_instruct,collapsed_q2_edge,q3_routed_tri_68,rhetoric,560,0.2518,0.1768,0.5434,0.6964,0.2304,0.0375,0.4875,1.5107,-0.0144,cascade
9b,degraded_instruct,collapsed_q2_edge,q3_routed_tri_68,spatial,560,0.2982,0.2071,0.5516,0.7232,0.2339,0.0446,0.4143,1.4696,0.0214,cascade
9b,degraded_instruct,collapsed_q2_edge,q3_stability_tri_72,adversarial,560,0.4839,0.2946,0.7156,0.9339,0.2446,0.05,0.5089,0.9125,0.1249,none
9b,degraded_instruct,collapsed_q2_edge,q3_stability_tri_72,boundary,560,0.5161,0.2946,0.7156,0.9125,0.225,0.0643,0.5607,0.8839,0.1252,none
9b,degraded_instruct,collapsed_q2_edge,q3_stability_tri_72,coding,560,0.3321,0.2304,0.5845,0.7161,0.2554,0.0375,0.4357,1.2839,0.0472,cascade
9b,degraded_instruct,collapsed_q2_edge,q3_stability_tri_72,epistemic,560,0.3143,0.2446,0.6048,0.7214,0.2125,0.0179,0.4875,1.0982,0.0834,none
9b,degraded_instruct,collapsed_q2_edge,q3_stability_tri_72,forensic,560,0.3661,0.275,0.6191,0.8929,0.2268,0.0339,0.4393,1.2964,0.1002,none
9b,degraded_instruct,collapsed_q2_edge,q3_stability_tri_72,generalist,560,0.3,0.2268,0.5844,0.6929,0.25,0.05,0.4732,1.1625,0.0458,cascade
9b,degraded_instruct,collapsed_q2_edge,q3_stability_tri_72,math,560,0.3125,0.2357,0.5741,0.7143,0.2375,0.0446,0.5089,1.4768,0.041,cascade
9b,degraded_instruct,collapsed_q2_edge,q3_stability_tri_72,planning,560,0.4,0.2964,0.6144,0.7125,0.2375,0.0482,0.3714,1.1643,0.1276,none
9b,degraded_instruct,collapsed_q2_edge,q3_stability_tri_72,rhetoric,560,0.2589,0.1893,0.5257,0.6536,0.2804,0.0411,0.4393,1.5036,-0.0134,cascade
9b,degraded_instruct,collapsed_q2_edge,q3_stability_tri_72,spatial,560,0.3446,0.2661,0.563,0.6982,0.2607,0.0232,0.4107,1.3821,0.0812,none
9b,degraded_instruct,collapsed_q2_edge,q4_boundary_pair_72_28,adversarial,560,0.3,0.2018,0.5858,0.9179,0.3107,0.0393,0.5,1.5571,-0.0171,cascade
9b,degraded_instruct,collapsed_q2_edge,q4_boundary_pair_72_28,boundary,560,0.3268,0.2161,0.5919,0.9054,0.3375,0.0375,0.5429,1.3696,-0.0046,cascade
9b,degraded_instruct,collapsed_q2_edge,q4_boundary_pair_72_28,coding,560,0.1036,0.0786,0.3778,0.5982,0.3589,0.0375,0.4214,2.1964,-0.1801,cascade
9b,degraded_instruct,collapsed_q2_edge,q4_boundary_pair_72_28,epistemic,560,0.1589,0.1196,0.4154,0.625,0.3643,0.0214,0.4982,1.7411,-0.1208,cascade
9b,degraded_instruct,collapsed_q2_edge,q4_boundary_pair_72_28,forensic,560,0.2107,0.1625,0.4793,0.8607,0.3357,0.0357,0.4018,1.8732,-0.0712,cascade
9b,degraded_instruct,collapsed_q2_edge,q4_boundary_pair_72_28,generalist,560,0.125,0.0929,0.3852,0.575,0.3714,0.0411,0.4286,1.8982,-0.156,cascade
9b,degraded_instruct,collapsed_q2_edge,q4_boundary_pair_72_28,math,560,0.125,0.1054,0.3712,0.5446,0.3196,0.0393,0.4554,2.3946,-0.1546,cascade
9b,degraded_instruct,collapsed_q2_edge,q4_boundary_pair_72_28,planning,560,0.1446,0.1143,0.3826,0.5821,0.3464,0.0214,0.4018,2.0946,-0.1308,cascade
9b,degraded_instruct,collapsed_q2_edge,q4_boundary_pair_72_28,rhetoric,560,0.1357,0.1018,0.3829,0.5786,0.3339,0.0286,0.4911,2.1821,-0.1525,cascade
9b,degraded_instruct,collapsed_q2_edge,q4_boundary_pair_72_28,spatial,560,0.1357,0.1054,0.3846,0.6125,0.3393,0.025,0.4661,2.1071,-0.1441,cascade
9b,degraded_instruct,collapsed_q2_edge,q4_generalist_pair_72_28,adversarial,560,0.1821,0.1143,0.4506,0.7393,0.3607,0.025,0.5464,2.0857,-0.1469,cascade
9b,degraded_instruct,collapsed_q2_edge,q4_generalist_pair_72_28,boundary,560,0.1625,0.1054,0.4401,0.7339,0.3518,0.0321,0.5464,2.0536,-0.153,cascade
9b,degraded_instruct,collapsed_q2_edge,q4_generalist_pair_72_28,coding,560,0.1482,0.1071,0.4172,0.6446,0.3286,0.0214,0.4625,2.0286,-0.1341,cascade
9b,degraded_instruct,collapsed_q2_edge,q4_generalist_pair_72_28,epistemic,560,0.1429,0.1,0.4197,0.6929,0.3464,0.0018,0.5232,1.775,-0.1349,cascade
9b,degraded_instruct,collapsed_q2_edge,q4_generalist_pair_72_28,forensic,560,0.175,0.1268,0.439,0.7714,0.3179,0.025,0.4982,1.9929,-0.1131,cascade
9b,degraded_instruct,collapsed_q2_edge,q4_generalist_pair_72_28,generalist,560,0.1357,0.0893,0.4014,0.6125,0.3304,0.0286,0.5536,1.9107,-0.1554,cascade
9b,degraded_instruct,collapsed_q2_edge,q4_generalist_pair_72_28,math,560,0.1304,0.1018,0.4054,0.6357,0.2893,0.0232,0.4518,2.3321,-0.1424,cascade
9b,degraded_instruct,collapsed_q2_edge,q4_generalist_pair_72_28,planning,560,0.2071,0.175,0.4467,0.6589,0.2946,0.0196,0.4036,1.9036,-0.0448,cascade
9b,degraded_instruct,collapsed_q2_edge,q4_generalist_pair_72_28,rhetoric,560,0.1179,0.0857,0.3845,0.6,0.3393,0.0268,0.5036,2.2179,-0.1726,cascade
9b,degraded_instruct,collapsed_q2_edge,q4_generalist_pair_72_28,spatial,560,0.1696,0.1339,0.4135,0.6768,0.3321,0.0214,0.3982,2.025,-0.1031,cascade
9b,degraded_instruct,damaged_q2,q2_amplifier_low_echo,adversarial,560,0.8089,0.375,0.8861,0.9893,0.1357,0.3161,0.4304,0.0536,0.234,none
9b,degraded_instruct,damaged_q2,q2_amplifier_low_echo,boundary,560,0.8018,0.3482,0.8762,0.9964,0.1571,0.3107,0.5161,0.0482,0.1952,none
9b,degraded_instruct,damaged_q2,q2_amplifier_low_echo,coding,560,0.8036,0.4018,0.8771,0.9304,0.1464,0.2857,0.3679,0.05,0.2688,none
9b,degraded_instruct,damaged_q2,q2_amplifier_low_echo,epistemic,560,0.8179,0.4107,0.8844,0.9339,0.125,0.2732,0.4357,0.0446,0.2815,none
9b,degraded_instruct,damaged_q2,q2_amplifier_low_echo,forensic,560,0.8214,0.3911,0.886,0.9875,0.15,0.3339,0.3982,0.05,0.2449,none
9b,degraded_instruct,damaged_q2,q2_amplifier_low_echo,generalist,560,0.7571,0.3875,0.8566,0.8625,0.1179,0.3161,0.4268,0.0804,0.2508,none
9b,degraded_instruct,damaged_q2,q2_amplifier_low_echo,math,560,0.8018,0.3875,0.8691,0.8964,0.1268,0.2875,0.4179,0.0946,0.2538,none
9b,degraded_instruct,damaged_q2,q2_amplifier_low_echo,planning,560,0.8286,0.4214,0.8883,0.9304,0.0911,0.2929,0.3714,0.0786,0.3019,none
9b,degraded_instruct,damaged_q2,q2_amplifier_low_echo,rhetoric,560,0.7821,0.3875,0.8597,0.8696,0.1286,0.275,0.4339,0.1,0.2542,none
9b,degraded_instruct,damaged_q2,q2_amplifier_low_echo,spatial,560,0.8071,0.4214,0.8816,0.9089,0.1143,0.2857,0.3375,0.0768,0.2992,none
9b,degraded_instruct,damaged_q2,q3_routed_tri_68,adversarial,560,0.7768,0.5018,0.8827,0.9946,0.1554,0.0589,0.4054,0.2339,0.3993,none
9b,degraded_instruct,damaged_q2,q3_routed_tri_68,boundary,560,0.7929,0.4875,0.8909,0.9875,0.1625,0.0589,0.4393,0.1393,0.3849,none
9b,degraded_instruct,damaged_q2,q3_routed_tri_68,coding,560,0.6321,0.4607,0.7914,0.8411,0.1518,0.0393,0.3304,0.5411,0.3538,none
9b,degraded_instruct,damaged_q2,q3_routed_tri_68,epistemic,560,0.6536,0.4268,0.8164,0.8839,0.1357,0.0339,0.4089,0.4018,0.3265,none
9b,degraded_instruct,damaged_q2,q3_routed_tri_68,forensic,560,0.7,0.4946,0.8248,0.9768,0.1732,0.0321,0.3964,0.45,0.382,none
9b,degraded_instruct,damaged_q2,q3_routed_tri_68,generalist,560,0.6232,0.4375,0.786,0.8268,0.1643,0.0482,0.3982,0.4643,0.3235,none
9b,degraded_instruct,damaged_q2,q3_routed_tri_68,math,560,0.5625,0.3857,0.7646,0.7875,0.1339,0.0536,0.4286,0.6571,0.2677,none
9b,degraded_instruct,damaged_q2,q3_routed_tri_68,planning,560,0.7125,0.5339,0.8221,0.8482,0.1446,0.0357,0.3214,0.4071,0.4373,none
9b,degraded_instruct,damaged_q2,q3_routed_tri_68,rhetoric,560,0.5982,0.4196,0.7648,0.8321,0.1661,0.0339,0.4161,0.6214,0.2987,none
9b,degraded_instruct,damaged_q2,q3_routed_tri_68,spatial,560,0.6143,0.4554,0.7776,0.8286,0.1518,0.0482,0.3161,0.5821,0.3458,none
9b,degraded_instruct,damaged_q2,q3_stability_tri_72,adversarial,560,0.7982,0.5036,0.8906,0.9786,0.1679,0.05,0.3982,0.1446,0.4041,none
9b,degraded_instruct,damaged_q2,q3_stability_tri_72,boundary,560,0.7946,0.4786,0.8921,0.9839,0.1786,0.0482,0.4607,0.0875,0.3741,none
9b,degraded_instruct,damaged_q2,q3_stability_tri_72,coding,560,0.6875,0.4946,0.8257,0.8696,0.1571,0.0518,0.3304,0.3804,0.3917,none
9b,degraded_instruct,damaged_q2,q3_stability_tri_72,epistemic,560,0.6821,0.5036,0.8265,0.8732,0.1411,0.0179,0.3732,0.3536,0.4101,none
9b,degraded_instruct,damaged_q2,q3_stability_tri_72,forensic,560,0.7304,0.5268,0.8465,0.9893,0.1464,0.0518,0.3804,0.4143,0.4214,none
9b,degraded_instruct,damaged_q2,q3_stability_tri_72,generalist,560,0.6375,0.4411,0.7932,0.825,0.1554,0.0679,0.4018,0.4339,0.3271,none
9b,degraded_instruct,damaged_q2,q3_stability_tri_72,math,560,0.6607,0.4518,0.8019,0.8518,0.1089,0.0429,0.4071,0.5946,0.3482,none
9b,degraded_instruct,damaged_q2,q3_stability_tri_72,planning,560,0.7232,0.5268,0.8376,0.8643,0.1393,0.0339,0.325,0.3429,0.4351,none
9b,degraded_instruct,damaged_q2,q3_stability_tri_72,rhetoric,560,0.5964,0.425,0.7695,0.8054,0.1536,0.0339,0.3821,0.5964,0.3117,none
9b,degraded_instruct,damaged_q2,q3_stability_tri_72,spatial,560,0.6839,0.5071,0.8145,0.8321,0.1464,0.0304,0.3214,0.4161,0.4106,none
9b,degraded_instruct,damaged_q2,q4_boundary_pair_72_28,adversarial,560,0.6446,0.4393,0.8144,0.9839,0.1839,0.0411,0.4161,0.5589,0.3147,none
9b,degraded_instruct,damaged_q2,q4_boundary_pair_72_28,boundary,560,0.7036,0.475,0.8335,0.9893,0.1768,0.0446,0.4143,0.4589,0.3569,none
9b,degraded_instruct,damaged_q2,q4_boundary_pair_72_28,coding,560,0.4,0.3036,0.6473,0.7625,0.1946,0.0286,0.3054,1.1286,0.1586,none
9b,degraded_instruct,damaged_q2,q4_boundary_pair_72_28,epistemic,560,0.3982,0.2857,0.6451,0.7554,0.2286,0.0214,0.3804,0.9321,0.1358,none
9b,degraded_instruct,damaged_q2,q4_boundary_pair_72_28,forensic,560,0.5179,0.375,0.7257,0.9768,0.1857,0.0286,0.4089,0.9071,0.2355,none
9b,degraded_instruct,damaged_q2,q4_boundary_pair_72_28,generalist,560,0.3429,0.2464,0.6224,0.6964,0.1929,0.0446,0.3839,1.0661,0.0956,none
9b,degraded_instruct,damaged_q2,q4_boundary_pair_72_28,math,560,0.3536,0.2679,0.6038,0.7214,0.1964,0.0411,0.4286,1.3875,0.0971,none
9b,degraded_instruct,damaged_q2,q4_boundary_pair_72_28,planning,560,0.4464,0.3357,0.646,0.7286,0.1875,0.0375,0.3536,1.0643,0.1905,none
9b,degraded_instruct,damaged_q2,q4_boundary_pair_72_28,rhetoric,560,0.3446,0.2571,0.6033,0.7125,0.2196,0.0232,0.4286,1.2393,0.0904,none
9b,degraded_instruct,damaged_q2,q4_boundary_pair_72_28,spatial,560,0.3679,0.2893,0.601,0.7018,0.225,0.0429,0.3036,1.2339,0.1272,none
9b,degraded_instruct,damaged_q2,q4_generalist_pair_72_28,adversarial,560,0.4607,0.3321,0.6998,0.9143,0.2161,0.0286,0.4304,1.0839,0.173,none
9b,degraded_instruct,damaged_q2,q4_generalist_pair_72_28,boundary,560,0.4893,0.3232,0.7062,0.9054,0.1821,0.0286,0.4554,1.0214,0.1754,none
9b,degraded_instruct,damaged_q2,q4_generalist_pair_72_28,coding,560,0.3982,0.3036,0.6497,0.7893,0.1804,0.0232,0.3911,1.1411,0.1565,none
9b,degraded_instruct,damaged_q2,q4_generalist_pair_72_28,epistemic,560,0.3875,0.2946,0.6606,0.8196,0.2,0.0179,0.4179,0.9589,0.1497,none
9b,degraded_instruct,damaged_q2,q4_generalist_pair_72_28,forensic,560,0.4143,0.3089,0.633,0.8821,0.2286,0.0214,0.4125,1.225,0.1418,none
9b,degraded_instruct,damaged_q2,q4_generalist_pair_72_28,generalist,560,0.3768,0.2857,0.6486,0.7982,0.1786,0.0339,0.4375,1.0357,0.1386,none
9b,degraded_instruct,damaged_q2,q4_generalist_pair_72_28,math,560,0.3839,0.2839,0.6321,0.7821,0.1964,0.0143,0.4375,1.2804,0.1231,none
9b,degraded_instruct,damaged_q2,q4_generalist_pair_72_28,planning,560,0.5036,0.3714,0.6963,0.8071,0.1768,0.0214,0.3786,0.9339,0.2371,none
9b,degraded_instruct,damaged_q2,q4_generalist_pair_72_28,rhetoric,560,0.3518,0.2696,0.6243,0.7857,0.1893,0.0161,0.425,1.2554,0.1129,none
9b,degraded_instruct,damaged_q2,q4_generalist_pair_72_28,spatial,560,0.4446,0.3321,0.6596,0.7875,0.1804,0.0268,0.3339,1.0946,0.1912,none
9b,degraded_instruct,damaged_q3,q2_amplifier_low_echo,adversarial,560,0.8571,0.4589,0.9022,0.9875,0.1,0.3268,0.3196,0.0607,0.335,none
9b,degraded_instruct,damaged_q3,q2_amplifier_low_echo,boundary,560,0.8804,0.4107,0.9093,0.9929,0.0857,0.3196,0.3464,0.0464,0.291,none
9b,degraded_instruct,damaged_q3,q2_amplifier_low_echo,coding,560,0.8714,0.4982,0.9148,0.9911,0.0946,0.275,0.2679,0.0482,0.391,none
9b,degraded_instruct,damaged_q3,q2_amplifier_low_echo,epistemic,560,0.8982,0.4661,0.923,0.9946,0.0661,0.2643,0.3304,0.0482,0.3646,none
9b,degraded_instruct,damaged_q3,q2_amplifier_low_echo,forensic,560,0.8732,0.4607,0.9116,0.9839,0.0929,0.2982,0.3143,0.0464,0.3457,none
9b,degraded_instruct,damaged_q3,q2_amplifier_low_echo,generalist,560,0.8607,0.4518,0.9101,0.9929,0.0982,0.2804,0.3089,0.0464,0.3392,none
9b,degraded_instruct,damaged_q3,q2_amplifier_low_echo,math,560,0.8929,0.4643,0.9159,0.9929,0.0821,0.2571,0.3554,0.0607,0.3568,none
9b,degraded_instruct,damaged_q3,q2_amplifier_low_echo,planning,560,0.9125,0.5286,0.9291,0.9893,0.0696,0.2518,0.2482,0.0286,0.436,none
9b,degraded_instruct,damaged_q3,q2_amplifier_low_echo,rhetoric,560,0.8857,0.4446,0.9115,0.9893,0.0911,0.2964,0.3446,0.05,0.328,none
9b,degraded_instruct,damaged_q3,q2_amplifier_low_echo,spatial,560,0.8911,0.5107,0.9231,0.9946,0.0911,0.2768,0.2518,0.0375,0.406,none
9b,degraded_instruct,damaged_q3,q3_routed_tri_68,adversarial,560,0.8929,0.6607,0.9406,0.9911,0.1,0.0393,0.25,0.0446,0.6006,none
9b,degraded_instruct,damaged_q3,q3_routed_tri_68,boundary,560,0.8964,0.6357,0.9401,0.9911,0.0964,0.0929,0.2804,0.0375,0.5639,none
9b,degraded_instruct,damaged_q3,q3_routed_tri_68,coding,560,0.8679,0.6536,0.9337,0.9857,0.1,0.0375,0.2446,0.0696,0.593,none
9b,degraded_instruct,damaged_q3,q3_routed_tri_68,epistemic,560,0.8804,0.6411,0.9381,0.9946,0.0929,0.0357,0.2804,0.0536,0.581,none
9b,degraded_instruct,damaged_q3,q3_routed_tri_68,forensic,560,0.875,0.6411,0.9368,0.9911,0.1089,0.0446,0.2625,0.0429,0.5763,none
9b,degraded_instruct,damaged_q3,q3_routed_tri_68,generalist,560,0.9089,0.6911,0.952,0.9946,0.0679,0.0339,0.2393,0.0375,0.6429,none
9b,degraded_instruct,damaged_q3,q3_routed_tri_68,math,560,0.9089,0.6536,0.9488,1.0,0.0607,0.0482,0.2929,0.0589,0.5993,none
9b,degraded_instruct,damaged_q3,q3_routed_tri_68,planning,560,0.8875,0.6696,0.9428,0.9911,0.0964,0.05,0.2232,0.0446,0.6106,none
9b,degraded_instruct,damaged_q3,q3_routed_tri_68,rhetoric,560,0.8821,0.6643,0.9351,0.9857,0.1036,0.0339,0.2571,0.0589,0.6029,none
9b,degraded_instruct,damaged_q3,q3_routed_tri_68,spatial,560,0.8911,0.7125,0.9442,0.9911,0.0946,0.0268,0.1964,0.0518,0.6604,none
9b,degraded_instruct,damaged_q3,q3_stability_tri_72,adversarial,560,0.8839,0.6786,0.9386,0.9893,0.0964,0.0339,0.2339,0.0661,0.6208,none
9b,degraded_instruct,damaged_q3,q3_stability_tri_72,boundary,560,0.9089,0.6661,0.9399,0.9893,0.0768,0.0518,0.2946,0.0661,0.6058,none
9b,degraded_instruct,damaged_q3,q3_stability_tri_72,coding,560,0.8946,0.6804,0.9413,0.9821,0.0857,0.05,0.2268,0.0607,0.6235,none
9b,degraded_instruct,damaged_q3,q3_stability_tri_72,epistemic,560,0.8839,0.6786,0.9448,0.9946,0.0839,0.0339,0.2429,0.0446,0.6249,none
9b,degraded_instruct,damaged_q3,q3_stability_tri_72,forensic,560,0.9125,0.6875,0.9493,0.9946,0.0786,0.0518,0.2339,0.0446,0.6326,none
9b,degraded_instruct,damaged_q3,q3_stability_tri_72,generalist,560,0.8732,0.6232,0.9342,0.9911,0.1018,0.0625,0.2696,0.0554,0.5558,none
9b,degraded_instruct,damaged_q3,q3_stability_tri_72,math,560,0.9054,0.6304,0.9447,0.9911,0.0804,0.0429,0.3179,0.0304,0.5707,none
9b,degraded_instruct,damaged_q3,q3_stability_tri_72,planning,560,0.8696,0.6661,0.9338,0.9911,0.1125,0.0357,0.225,0.0607,0.6041,none
9b,degraded_instruct,damaged_q3,q3_stability_tri_72,rhetoric,560,0.8946,0.6464,0.941,0.9893,0.0875,0.0357,0.2804,0.05,0.5881,none
9b,degraded_instruct,damaged_q3,q3_stability_tri_72,spatial,560,0.8821,0.6839,0.9381,0.9946,0.1054,0.0375,0.2268,0.0571,0.6238,none
9b,degraded_instruct,damaged_q3,q4_boundary_pair_72_28,adversarial,560,0.8661,0.6696,0.9336,0.9911,0.1179,0.0339,0.2446,0.0554,0.6052,none
9b,degraded_instruct,damaged_q3,q4_boundary_pair_72_28,boundary,560,0.8839,0.6339,0.9345,0.9911,0.1036,0.0464,0.2875,0.0554,0.5678,none
9b,degraded_instruct,damaged_q3,q4_boundary_pair_72_28,coding,560,0.85,0.6732,0.9234,0.9464,0.1054,0.0339,0.2196,0.0839,0.6131,none
9b,degraded_instruct,damaged_q3,q4_boundary_pair_72_28,epistemic,560,0.8518,0.6089,0.9209,0.9446,0.0857,0.025,0.2821,0.0982,0.5507,none
9b,degraded_instruct,damaged_q3,q4_boundary_pair_72_28,forensic,560,0.8946,0.6554,0.9423,0.9982,0.0946,0.0625,0.2518,0.0536,0.5916,none
9b,degraded_instruct,damaged_q3,q4_boundary_pair_72_28,generalist,560,0.8536,0.6357,0.9209,0.9411,0.0786,0.0393,0.2625,0.1071,0.5779,none
9b,degraded_instruct,damaged_q3,q4_boundary_pair_72_28,math,560,0.8357,0.6125,0.9023,0.9143,0.0804,0.0321,0.3161,0.1804,0.5477,none
9b,degraded_instruct,damaged_q3,q4_boundary_pair_72_28,planning,560,0.85,0.6732,0.9194,0.9304,0.0857,0.0375,0.2036,0.1125,0.6181,none
9b,degraded_instruct,damaged_q3,q4_boundary_pair_72_28,rhetoric,560,0.8286,0.5946,0.9055,0.9286,0.1071,0.0411,0.2857,0.1357,0.5246,none
9b,degraded_instruct,damaged_q3,q4_boundary_pair_72_28,spatial,560,0.8571,0.6661,0.9201,0.9304,0.0875,0.0411,0.2286,0.1143,0.6076,none
9b,degraded_instruct,damaged_q3,q4_generalist_pair_72_28,adversarial,560,0.8821,0.6911,0.9394,0.9929,0.0964,0.0268,0.2464,0.0607,0.634,none
9b,degraded_instruct,damaged_q3,q4_generalist_pair_72_28,boundary,560,0.8696,0.6036,0.9315,0.9875,0.1,0.0339,0.3607,0.0446,0.5357,none
9b,degraded_instruct,damaged_q3,q4_generalist_pair_72_28,coding,560,0.8911,0.6357,0.9385,0.9857,0.0768,0.0286,0.2821,0.0679,0.581,none
9b,degraded_instruct,damaged_q3,q4_generalist_pair_72_28,epistemic,560,0.9089,0.6714,0.944,0.9804,0.0696,0.0232,0.2857,0.0464,0.6207,none
9b,degraded_instruct,damaged_q3,q4_generalist_pair_72_28,forensic,560,0.8946,0.6714,0.9394,0.9929,0.0821,0.0286,0.2607,0.0804,0.6162,none
9b,degraded_instruct,damaged_q3,q4_generalist_pair_72_28,generalist,560,0.8571,0.6196,0.9198,0.9589,0.0929,0.0357,0.2964,0.0964,0.5561,none
9b,degraded_instruct,damaged_q3,q4_generalist_pair_72_28,math,560,0.85,0.6054,0.9166,0.975,0.1125,0.0125,0.3143,0.125,0.5377,none
9b,degraded_instruct,damaged_q3,q4_generalist_pair_72_28,planning,560,0.8875,0.6839,0.9387,0.9839,0.0875,0.0304,0.2161,0.075,0.6306,none
9b,degraded_instruct,damaged_q3,q4_generalist_pair_72_28,rhetoric,560,0.8786,0.6071,0.9313,0.9768,0.0821,0.0304,0.3321,0.0786,0.5459,none
9b,degraded_instruct,damaged_q3,q4_generalist_pair_72_28,spatial,560,0.8839,0.6839,0.9353,0.9839,0.0911,0.0107,0.2304,0.0857,0.6317,none
9b,degraded_instruct,damaged_q4,q2_amplifier_low_echo,adversarial,560,0.8946,0.4893,0.9169,0.9893,0.0661,0.3232,0.2482,0.0661,0.3817,none
9b,degraded_instruct,damaged_q4,q2_amplifier_low_echo,boundary,560,0.8911,0.4893,0.919,0.9911,0.0768,0.3054,0.2625,0.0464,0.3819,none
9b,degraded_instruct,damaged_q4,q2_amplifier_low_echo,coding,560,0.8786,0.4732,0.9124,0.9893,0.0768,0.3411,0.2357,0.0643,0.3599,none
9b,degraded_instruct,damaged_q4,q2_amplifier_low_echo,epistemic,560,0.8893,0.4589,0.9219,0.9982,0.0661,0.3036,0.2714,0.0589,0.3537,none
9b,degraded_instruct,damaged_q4,q2_amplifier_low_echo,forensic,560,0.9125,0.5393,0.9305,0.9893,0.0643,0.2804,0.2268,0.0446,0.4436,none
9b,degraded_instruct,damaged_q4,q2_amplifier_low_echo,generalist,560,0.9143,0.4732,0.9252,0.9964,0.0643,0.2839,0.2857,0.0339,0.3726,none
9b,degraded_instruct,damaged_q4,q2_amplifier_low_echo,math,560,0.9196,0.5196,0.9322,0.9929,0.0482,0.2589,0.2875,0.0554,0.4276,none
9b,degraded_instruct,damaged_q4,q2_amplifier_low_echo,planning,560,0.9161,0.5821,0.9331,0.9946,0.0536,0.2411,0.2018,0.0589,0.4988,none
9b,degraded_instruct,damaged_q4,q2_amplifier_low_echo,rhetoric,560,0.9018,0.4911,0.9258,0.9964,0.0732,0.2982,0.2768,0.0375,0.3854,none
9b,degraded_instruct,damaged_q4,q2_amplifier_low_echo,spatial,560,0.8946,0.5089,0.9259,0.9893,0.0768,0.3161,0.1911,0.0446,0.4052,none
9b,degraded_instruct,damaged_q4,q3_routed_tri_68,adversarial,560,0.9232,0.7411,0.9561,0.9893,0.0643,0.05,0.1821,0.0446,0.695,none
9b,degraded_instruct,damaged_q4,q3_routed_tri_68,boundary,560,0.8982,0.6643,0.943,0.9911,0.0786,0.0589,0.2446,0.0661,0.6061,none
9b,degraded_instruct,damaged_q4,q3_routed_tri_68,coding,560,0.9179,0.7143,0.9495,0.9839,0.0589,0.0554,0.2018,0.0679,0.666,none
9b,degraded_instruct,damaged_q4,q3_routed_tri_68,epistemic,560,0.9107,0.6661,0.949,0.9893,0.0625,0.0571,0.2357,0.0554,0.6143,none
9b,degraded_instruct,damaged_q4,q3_routed_tri_68,forensic,560,0.9232,0.7089,0.9506,0.9839,0.0518,0.0393,0.2232,0.0625,0.6646,none
9b,degraded_instruct,damaged_q4,q3_routed_tri_68,generalist,560,0.9268,0.7339,0.9572,0.9893,0.0554,0.0482,0.2,0.0375,0.6898,none
9b,degraded_instruct,damaged_q4,q3_routed_tri_68,math,560,0.9429,0.7321,0.9597,0.9875,0.0464,0.0339,0.2232,0.0393,0.6916,none
9b,degraded_instruct,damaged_q4,q3_routed_tri_68,planning,560,0.9518,0.7589,0.9634,0.9911,0.0446,0.0464,0.1714,0.0429,0.7204,none
9b,degraded_instruct,damaged_q4,q3_routed_tri_68,rhetoric,560,0.9286,0.7286,0.9544,0.9911,0.0464,0.0464,0.2125,0.0732,0.6847,none
9b,degraded_instruct,damaged_q4,q3_routed_tri_68,spatial,560,0.9196,0.7554,0.9538,0.9804,0.0643,0.0375,0.1661,0.0464,0.713,none
9b,degraded_instruct,damaged_q4,q3_stability_tri_72,adversarial,560,0.9125,0.7036,0.9471,0.9893,0.0714,0.0393,0.2089,0.0714,0.654,none
9b,degraded_instruct,damaged_q4,q3_stability_tri_72,boundary,560,0.9268,0.6911,0.953,0.9946,0.0571,0.0518,0.2571,0.0482,0.6406,none
9b,degraded_instruct,damaged_q4,q3_stability_tri_72,coding,560,0.9375,0.7339,0.9607,0.9839,0.0446,0.0482,0.1946,0.0393,0.6934,none
9b,degraded_instruct,damaged_q4,q3_stability_tri_72,epistemic,560,0.9036,0.6911,0.9477,0.9893,0.0643,0.0304,0.2464,0.0518,0.6434,none
9b,degraded_instruct,damaged_q4,q3_stability_tri_72,forensic,560,0.9232,0.6982,0.95,0.9893,0.0643,0.0321,0.2375,0.05,0.651,none
9b,degraded_instruct,damaged_q4,q3_stability_tri_72,generalist,560,0.925,0.7036,0.9557,0.9857,0.0518,0.0268,0.2536,0.0321,0.6608,none
9b,degraded_instruct,damaged_q4,q3_stability_tri_72,math,560,0.9232,0.7125,0.9566,0.9946,0.0554,0.0357,0.2375,0.0393,0.6678,none
9b,degraded_instruct,damaged_q4,q3_stability_tri_72,planning,560,0.9375,0.7607,0.9585,0.9929,0.0482,0.0464,0.1625,0.0589,0.721,none
9b,degraded_instruct,damaged_q4,q3_stability_tri_72,rhetoric,560,0.9393,0.7268,0.9551,0.9857,0.0482,0.0375,0.2161,0.0589,0.6846,none
9b,degraded_instruct,damaged_q4,q3_stability_tri_72,spatial,560,0.9214,0.7536,0.9568,0.9929,0.0643,0.025,0.175,0.0411,0.7132,none
9b,degraded_instruct,damaged_q4,q4_boundary_pair_72_28,adversarial,560,0.9089,0.7411,0.9506,0.9875,0.0804,0.0339,0.1696,0.0554,0.6938,none
9b,degraded_instruct,damaged_q4,q4_boundary_pair_72_28,boundary,560,0.9089,0.6661,0.9468,0.9982,0.0804,0.0536,0.25,0.0518,0.6087,none
9b,degraded_instruct,damaged_q4,q4_boundary_pair_72_28,coding,560,0.9196,0.7268,0.9537,0.9911,0.0625,0.0393,0.1946,0.05,0.6821,none
9b,degraded_instruct,damaged_q4,q4_boundary_pair_72_28,epistemic,560,0.9018,0.6911,0.9481,0.9929,0.0696,0.0357,0.225,0.0571,0.6422,none
9b,degraded_instruct,damaged_q4,q4_boundary_pair_72_28,forensic,560,0.9232,0.7268,0.9562,0.9839,0.0589,0.0518,0.1893,0.0429,0.6815,none
9b,degraded_instruct,damaged_q4,q4_boundary_pair_72_28,generalist,560,0.9018,0.7089,0.9522,0.9964,0.0696,0.0375,0.1929,0.05,0.6626,none
9b,degraded_instruct,damaged_q4,q4_boundary_pair_72_28,math,560,0.9232,0.7036,0.9515,0.9786,0.0661,0.0393,0.2339,0.0393,0.6552,none
9b,degraded_instruct,damaged_q4,q4_boundary_pair_72_28,planning,560,0.925,0.7571,0.9584,0.9911,0.0571,0.0286,0.1732,0.0446,0.7182,none
9b,degraded_instruct,damaged_q4,q4_boundary_pair_72_28,rhetoric,560,0.9054,0.6857,0.9476,0.9929,0.0714,0.0375,0.2482,0.0554,0.6342,none
9b,degraded_instruct,damaged_q4,q4_boundary_pair_72_28,spatial,560,0.9018,0.7482,0.9464,0.9857,0.0768,0.0357,0.1696,0.0661,0.7012,none
9b,degraded_instruct,damaged_q4,q4_generalist_pair_72_28,adversarial,560,0.9286,0.7286,0.9547,0.9786,0.0554,0.0286,0.2161,0.0446,0.6867,none
9b,degraded_instruct,damaged_q4,q4_generalist_pair_72_28,boundary,560,0.9214,0.6446,0.9467,0.9911,0.0589,0.0393,0.2893,0.0643,0.5927,none
9b,degraded_instruct,damaged_q4,q4_generalist_pair_72_28,coding,560,0.9125,0.7196,0.9501,0.9929,0.075,0.0268,0.2071,0.05,0.6727,none
9b,degraded_instruct,damaged_q4,q4_generalist_pair_72_28,epistemic,560,0.9304,0.7554,0.9561,0.9857,0.0536,0.0143,0.2,0.0429,0.7183,none
9b,degraded_instruct,damaged_q4,q4_generalist_pair_72_28,forensic,560,0.9179,0.7232,0.951,0.9946,0.0714,0.0125,0.2232,0.0482,0.679,none
9b,degraded_instruct,damaged_q4,q4_generalist_pair_72_28,generalist,560,0.9,0.7214,0.949,0.9821,0.0679,0.0304,0.1946,0.0536,0.6767,none
9b,degraded_instruct,damaged_q4,q4_generalist_pair_72_28,math,560,0.9286,0.7036,0.9549,0.9911,0.0643,0.0125,0.25,0.0304,0.6603,none
9b,degraded_instruct,damaged_q4,q4_generalist_pair_72_28,planning,560,0.9018,0.7107,0.9481,0.9911,0.0875,0.0214,0.2036,0.0375,0.662,none
9b,degraded_instruct,damaged_q4,q4_generalist_pair_72_28,rhetoric,560,0.8964,0.6839,0.9457,0.9946,0.0857,0.0214,0.2518,0.0446,0.6316,none
9b,degraded_instruct,damaged_q4,q4_generalist_pair_72_28,spatial,560,0.9232,0.7357,0.9539,0.9929,0.0714,0.0232,0.2071,0.0411,0.691,none
9b,degraded_instruct,healthy_q6,q2_amplifier_low_echo,adversarial,560,0.9161,0.5643,0.9338,0.9946,0.0536,0.2857,0.1679,0.0571,0.4748,none
9b,degraded_instruct,healthy_q6,q2_amplifier_low_echo,boundary,560,0.9071,0.5589,0.9281,0.9964,0.0661,0.2875,0.2036,0.0518,0.4627,none
9b,degraded_instruct,healthy_q6,q2_amplifier_low_echo,coding,560,0.9107,0.5161,0.9259,0.9946,0.0661,0.2732,0.2268,0.0554,0.4207,none
9b,degraded_instruct,healthy_q6,q2_amplifier_low_echo,epistemic,560,0.8875,0.5071,0.9229,0.9929,0.0696,0.2911,0.25,0.0536,0.4054,none
9b,degraded_instruct,healthy_q6,q2_amplifier_low_echo,forensic,560,0.9054,0.5339,0.9287,0.9857,0.0607,0.2911,0.2089,0.0554,0.438,none
9b,degraded_instruct,healthy_q6,q2_amplifier_low_echo,generalist,560,0.9286,0.5107,0.9332,0.9911,0.05,0.3107,0.1982,0.0304,0.4162,none
9b,degraded_instruct,healthy_q6,q2_amplifier_low_echo,math,560,0.9018,0.4839,0.9239,0.9929,0.0714,0.3071,0.2536,0.0518,0.3782,none
9b,degraded_instruct,healthy_q6,q2_amplifier_low_echo,planning,560,0.9214,0.5393,0.9317,0.9929,0.0482,0.3071,0.2036,0.0464,0.4448,none
9b,degraded_instruct,healthy_q6,q2_amplifier_low_echo,rhetoric,560,0.9089,0.5321,0.932,0.9893,0.0589,0.3071,0.1857,0.0482,0.4358,none
9b,degraded_instruct,healthy_q6,q2_amplifier_low_echo,spatial,560,0.9179,0.5518,0.9363,0.9946,0.0518,0.3036,0.1589,0.0536,0.4601,none
9b,degraded_instruct,healthy_q6,q3_routed_tri_68,adversarial,560,0.9196,0.7643,0.9567,0.9929,0.0643,0.0411,0.1321,0.0643,0.723,none
9b,degraded_instruct,healthy_q6,q3_routed_tri_68,boundary,560,0.95,0.7393,0.9626,0.9982,0.0393,0.05,0.1929,0.0589,0.6991,none
9b,degraded_instruct,healthy_q6,q3_routed_tri_68,coding,560,0.9339,0.7714,0.9602,0.9875,0.0464,0.0536,0.1482,0.0571,0.7321,none
9b,degraded_instruct,healthy_q6,q3_routed_tri_68,epistemic,560,0.9375,0.7589,0.9626,0.9929,0.0446,0.0214,0.1875,0.0375,0.7244,none
9b,degraded_instruct,healthy_q6,q3_routed_tri_68,forensic,560,0.9375,0.7804,0.961,0.9929,0.0482,0.0321,0.1571,0.0554,0.7441,none
9b,degraded_instruct,healthy_q6,q3_routed_tri_68,generalist,560,0.9268,0.75,0.9632,0.9911,0.05,0.0661,0.1482,0.0357,0.7081,none
9b,degraded_instruct,healthy_q6,q3_routed_tri_68,math,560,0.9589,0.7839,0.9649,0.9821,0.0268,0.0304,0.1679,0.0589,0.7534,none
9b,degraded_instruct,healthy_q6,q3_routed_tri_68,planning,560,0.9393,0.8107,0.9637,0.9875,0.0464,0.0357,0.1143,0.0446,0.7783,none
9b,degraded_instruct,healthy_q6,q3_routed_tri_68,rhetoric,560,0.9589,0.7571,0.97,0.9964,0.0286,0.0357,0.1911,0.0339,0.7244,none
9b,degraded_instruct,healthy_q6,q3_routed_tri_68,spatial,560,0.9429,0.7821,0.9668,0.9982,0.0446,0.0464,0.1321,0.0446,0.7467,none
9b,degraded_instruct,healthy_q6,q3_stability_tri_72,adversarial,560,0.9286,0.7804,0.9617,0.9804,0.0464,0.0393,0.1339,0.0518,0.7453,none
9b,degraded_instruct,healthy_q6,q3_stability_tri_72,boundary,560,0.9464,0.7625,0.963,0.9893,0.0375,0.0554,0.1696,0.0518,0.724,none
9b,degraded_instruct,healthy_q6,q3_stability_tri_72,coding,560,0.9554,0.7929,0.9694,0.9929,0.0393,0.0554,0.1304,0.0339,0.7579,none
9b,degraded_instruct,healthy_q6,q3_stability_tri_72,epistemic,560,0.9196,0.7607,0.9606,0.9911,0.0607,0.0357,0.1571,0.0286,0.7214,none
9b,degraded_instruct,healthy_q6,q3_stability_tri_72,forensic,560,0.9268,0.7607,0.9566,0.9911,0.05,0.0321,0.1786,0.0625,0.7219,none
9b,degraded_instruct,healthy_q6,q3_stability_tri_72,generalist,560,0.9429,0.7786,0.9681,0.9982,0.0268,0.0339,0.1643,0.05,0.7481,none
9b,degraded_instruct,healthy_q6,q3_stability_tri_72,math,560,0.9536,0.7429,0.9659,0.9911,0.0286,0.0482,0.1982,0.05,0.7063,none
9b,degraded_instruct,healthy_q6,q3_stability_tri_72,planning,560,0.9464,0.7893,0.9646,0.9911,0.0393,0.0482,0.1304,0.0554,0.7547,none
9b,degraded_instruct,healthy_q6,q3_stability_tri_72,rhetoric,560,0.9393,0.7643,0.9612,0.9821,0.0464,0.0429,0.1625,0.0446,0.7266,none
9b,degraded_instruct,healthy_q6,q3_stability_tri_72,spatial,560,0.9375,0.7929,0.9629,0.9946,0.0429,0.0518,0.1232,0.0643,0.7566,none
9b,degraded_instruct,healthy_q6,q4_boundary_pair_72_28,adversarial,560,0.9357,0.7786,0.9653,0.9893,0.0518,0.0304,0.15,0.0304,0.7434,none
9b,degraded_instruct,healthy_q6,q4_boundary_pair_72_28,boundary,560,0.9268,0.7357,0.9588,0.9929,0.0518,0.0536,0.1696,0.0554,0.6931,none
9b,degraded_instruct,healthy_q6,q4_boundary_pair_72_28,coding,560,0.9411,0.7357,0.9616,0.9893,0.0482,0.0464,0.1857,0.0375,0.6952,none
9b,degraded_instruct,healthy_q6,q4_boundary_pair_72_28,epistemic,560,0.9321,0.7571,0.9598,0.9911,0.0446,0.0286,0.1911,0.0482,0.7203,none
9b,degraded_instruct,healthy_q6,q4_boundary_pair_72_28,forensic,560,0.9411,0.7804,0.9639,0.9875,0.0446,0.0393,0.1536,0.0446,0.7446,none
9b,degraded_instruct,healthy_q6,q4_boundary_pair_72_28,generalist,560,0.9214,0.7464,0.9601,0.9929,0.0518,0.0321,0.1768,0.0411,0.7083,none
9b,degraded_instruct,healthy_q6,q4_boundary_pair_72_28,math,560,0.9518,0.7464,0.966,0.9929,0.0375,0.0339,0.2036,0.0357,0.7103,none
9b,degraded_instruct,healthy_q6,q4_boundary_pair_72_28,planning,560,0.9518,0.8214,0.968,0.9875,0.0268,0.0232,0.1268,0.0518,0.796,none
9b,degraded_instruct,healthy_q6,q4_boundary_pair_72_28,rhetoric,560,0.9232,0.7214,0.9534,0.9857,0.0625,0.0393,0.1929,0.0554,0.6766,none
9b,degraded_instruct,healthy_q6,q4_boundary_pair_72_28,spatial,560,0.9393,0.7982,0.9622,0.9911,0.0411,0.0321,0.1393,0.0643,0.7651,none
9b,degraded_instruct,healthy_q6,q4_generalist_pair_72_28,adversarial,560,0.925,0.7179,0.9539,0.9982,0.0679,0.0482,0.1911,0.0589,0.6696,none
9b,degraded_instruct,healthy_q6,q4_generalist_pair_72_28,boundary,560,0.9357,0.8089,0.9652,0.9946,0.0464,0.0339,0.1214,0.0554,0.7757,none
9b,degraded_instruct,healthy_q6,q4_generalist_pair_72_28,coding,560,0.9339,0.8161,0.9656,0.9946,0.0411,0.0214,0.1196,0.0571,0.787,none
9b,degraded_instruct,healthy_q6,q4_generalist_pair_72_28,epistemic,560,0.9393,0.8107,0.9668,0.9946,0.0411,0.0036,0.1464,0.0375,0.7841,none
9b,degraded_instruct,healthy_q6,q4_generalist_pair_72_28,forensic,560,0.9554,0.8071,0.967,0.9821,0.0357,0.0304,0.1393,0.0393,0.7772,none
9b,degraded_instruct,healthy_q6,q4_generalist_pair_72_28,generalist,560,0.9232,0.7679,0.9606,0.9929,0.0464,0.0268,0.1696,0.05,0.7325,none
9b,degraded_instruct,healthy_q6,q4_generalist_pair_72_28,math,560,0.95,0.7571,0.9613,0.9911,0.0321,0.0268,0.1946,0.0732,0.7229,none
9b,degraded_instruct,healthy_q6,q4_generalist_pair_72_28,planning,560,0.925,0.7589,0.9567,0.9946,0.0536,0.0143,0.1821,0.0536,0.7228,none
9b,degraded_instruct,healthy_q6,q4_generalist_pair_72_28,rhetoric,560,0.9607,0.7875,0.9664,0.9875,0.0321,0.0161,0.1768,0.0429,0.7584,none
9b,degraded_instruct,healthy_q6,q4_generalist_pair_72_28,spatial,560,0.9429,0.7911,0.9638,0.9911,0.0393,0.0268,0.1429,0.0536,0.7598,none
9b,degraded_instruct,healthy_q8,q2_amplifier_low_echo,adversarial,560,0.9036,0.5446,0.9238,0.9893,0.0679,0.3036,0.1696,0.0714,0.4464,none
9b,degraded_instruct,healthy_q8,q2_amplifier_low_echo,boundary,560,0.9179,0.4929,0.9242,0.9911,0.0536,0.3268,0.2179,0.0607,0.391,none
9b,degraded_instruct,healthy_q8,q2_amplifier_low_echo,coding,560,0.9304,0.5304,0.932,0.9929,0.0446,0.3179,0.1982,0.0482,0.4351,none
9b,degraded_instruct,healthy_q8,q2_amplifier_low_echo,epistemic,560,0.9286,0.5643,0.941,0.9929,0.0375,0.2946,0.1554,0.0464,0.4794,none
9b,degraded_instruct,healthy_q8,q2_amplifier_low_echo,forensic,560,0.9375,0.5804,0.9402,0.9839,0.0446,0.2732,0.175,0.0375,0.4964,none
9b,degraded_instruct,healthy_q8,q2_amplifier_low_echo,generalist,560,0.9143,0.5286,0.9334,0.9946,0.0482,0.3107,0.1964,0.0339,0.4346,none
9b,degraded_instruct,healthy_q8,q2_amplifier_low_echo,math,560,0.9429,0.5268,0.9381,0.9964,0.0375,0.2768,0.2696,0.0446,0.4364,none
9b,degraded_instruct,healthy_q8,q2_amplifier_low_echo,planning,560,0.925,0.5929,0.9362,0.9804,0.0429,0.2607,0.1661,0.0482,0.5122,none
9b,degraded_instruct,healthy_q8,q2_amplifier_low_echo,rhetoric,560,0.9125,0.5482,0.9331,0.9857,0.0554,0.3018,0.1911,0.0464,0.4536,none
9b,degraded_instruct,healthy_q8,q2_amplifier_low_echo,spatial,560,0.9179,0.5696,0.9362,0.9911,0.0571,0.2554,0.1911,0.0464,0.4838,none
9b,degraded_instruct,healthy_q8,q3_routed_tri_68,adversarial,560,0.9518,0.8232,0.9689,0.9893,0.0304,0.0429,0.1,0.0607,0.7945,none
9b,degraded_instruct,healthy_q8,q3_routed_tri_68,boundary,560,0.9536,0.7946,0.9675,0.9929,0.0339,0.0411,0.1321,0.0536,0.763,none
9b,degraded_instruct,healthy_q8,q3_routed_tri_68,coding,560,0.9393,0.8036,0.9648,0.9857,0.0286,0.0393,0.1286,0.0661,0.7736,none
9b,degraded_instruct,healthy_q8,q3_routed_tri_68,epistemic,560,0.9357,0.8018,0.9656,0.9911,0.0375,0.0268,0.1304,0.0482,0.7723,none
9b,degraded_instruct,healthy_q8,q3_routed_tri_68,forensic,560,0.9625,0.8161,0.97,0.9893,0.0232,0.0518,0.1214,0.0554,0.7863,none
9b,degraded_instruct,healthy_q8,q3_routed_tri_68,generalist,560,0.9571,0.7946,0.9724,0.9929,0.0286,0.05,0.1375,0.0304,0.7636,none
9b,degraded_instruct,healthy_q8,q3_routed_tri_68,math,560,0.9571,0.7696,0.9668,0.9929,0.0304,0.0375,0.1875,0.0482,0.7356,none
9b,degraded_instruct,healthy_q8,q3_routed_tri_68,planning,560,0.9589,0.825,0.9715,0.9946,0.0268,0.0464,0.1125,0.05,0.7962,none
9b,degraded_instruct,healthy_q8,q3_routed_tri_68,rhetoric,560,0.9714,0.8107,0.9746,0.9946,0.0179,0.0482,0.1375,0.0464,0.7824,none
9b,degraded_instruct,healthy_q8,q3_routed_tri_68,spatial,560,0.9482,0.8071,0.9709,0.9875,0.0429,0.0518,0.1125,0.025,0.7737,none
9b,degraded_instruct,healthy_q8,q3_stability_tri_72,adversarial,560,0.9589,0.8304,0.971,0.9929,0.0214,0.0482,0.1071,0.0661,0.8024,none
9b,degraded_instruct,healthy_q8,q3_stability_tri_72,boundary,560,0.9571,0.7964,0.9706,0.9911,0.0304,0.0518,0.1286,0.0446,0.7644,none
9b,degraded_instruct,healthy_q8,q3_stability_tri_72,coding,560,0.9446,0.7929,0.9684,0.9946,0.0411,0.05,0.1232,0.0411,0.7586,none
9b,degraded_instruct,healthy_q8,q3_stability_tri_72,epistemic,560,0.9643,0.8018,0.9731,0.9911,0.0179,0.0286,0.1518,0.0393,0.7766,none
9b,degraded_instruct,healthy_q8,q3_stability_tri_72,forensic,560,0.9536,0.8214,0.9703,0.9893,0.0321,0.0446,0.1125,0.0429,0.7917,none
9b,degraded_instruct,healthy_q8,q3_stability_tri_72,generalist,560,0.9446,0.8,0.9672,0.9875,0.0375,0.0607,0.1125,0.0429,0.7655,none
9b,degraded_instruct,healthy_q8,q3_stability_tri_72,math,560,0.9518,0.7839,0.9612,0.9768,0.0321,0.0357,0.1786,0.0589,0.7499,none
9b,degraded_instruct,healthy_q8,q3_stability_tri_72,planning,560,0.9518,0.8071,0.968,0.9964,0.0321,0.0286,0.1339,0.0536,0.7784,none
9b,degraded_instruct,healthy_q8,q3_stability_tri_72,rhetoric,560,0.9304,0.775,0.9618,0.9857,0.0393,0.0339,0.1607,0.0589,0.7406,none
9b,degraded_instruct,healthy_q8,q3_stability_tri_72,spatial,560,0.9571,0.8339,0.9713,0.9946,0.0286,0.0411,0.1036,0.0571,0.806,none
9b,degraded_instruct,healthy_q8,q4_boundary_pair_72_28,adversarial,560,0.9643,0.8214,0.971,0.9893,0.0214,0.0482,0.1089,0.0661,0.7933,none
9b,degraded_instruct,healthy_q8,q4_boundary_pair_72_28,boundary,560,0.9536,0.8125,0.9676,0.9946,0.0339,0.0411,0.1214,0.0589,0.7814,none
9b,degraded_instruct,healthy_q8,q4_boundary_pair_72_28,coding,560,0.9571,0.8161,0.9662,0.9804,0.0268,0.05,0.1125,0.0643,0.7858,none
9b,degraded_instruct,healthy_q8,q4_boundary_pair_72_28,epistemic,560,0.9696,0.8196,0.9729,0.9857,0.0161,0.025,0.1607,0.0357,0.7952,none
9b,degraded_instruct,healthy_q8,q4_boundary_pair_72_28,forensic,560,0.9643,0.8339,0.9732,0.9929,0.0286,0.0393,0.1071,0.0429,0.8068,none
9b,degraded_instruct,healthy_q8,q4_boundary_pair_72_28,generalist,560,0.9446,0.7982,0.9684,0.9911,0.025,0.0375,0.1286,0.0536,0.7703,none
9b,degraded_instruct,healthy_q8,q4_boundary_pair_72_28,math,560,0.9446,0.775,0.9637,0.9857,0.0304,0.0268,0.1696,0.0607,0.7439,none
9b,degraded_instruct,healthy_q8,q4_boundary_pair_72_28,planning,560,0.9339,0.8179,0.9639,0.9982,0.0411,0.0357,0.1036,0.075,0.7864,none
9b,degraded_instruct,healthy_q8,q4_boundary_pair_72_28,rhetoric,560,0.9607,0.8054,0.9715,0.9911,0.0286,0.0321,0.1411,0.0393,0.7771,none
9b,degraded_instruct,healthy_q8,q4_boundary_pair_72_28,spatial,560,0.9571,0.8268,0.9666,0.9857,0.0286,0.0268,0.1196,0.0625,0.8002,none
9b,degraded_instruct,healthy_q8,q4_generalist_pair_72_28,adversarial,560,0.9518,0.825,0.9678,0.9857,0.0375,0.025,0.1286,0.0429,0.7963,none
9b,degraded_instruct,healthy_q8,q4_generalist_pair_72_28,boundary,560,0.9357,0.7946,0.963,0.9893,0.0446,0.0357,0.1321,0.0554,0.7608,none
9b,degraded_instruct,healthy_q8,q4_generalist_pair_72_28,coding,560,0.9607,0.7929,0.9679,0.9911,0.0321,0.0286,0.1571,0.0446,0.7627,none
9b,degraded_instruct,healthy_q8,q4_generalist_pair_72_28,epistemic,560,0.9607,0.8143,0.9737,0.9875,0.0179,0.0107,0.1536,0.0304,0.793,none
9b,degraded_instruct,healthy_q8,q4_generalist_pair_72_28,forensic,560,0.9411,0.8125,0.9661,0.9893,0.0393,0.0357,0.125,0.0482,0.7812,none
9b,degraded_instruct,healthy_q8,q4_generalist_pair_72_28,generalist,560,0.9482,0.7946,0.9702,0.9893,0.0321,0.025,0.1518,0.0268,0.7665,none
9b,degraded_instruct,healthy_q8,q4_generalist_pair_72_28,math,560,0.9571,0.8,0.9673,0.9893,0.0321,0.0196,0.1714,0.0446,0.7705,none
9b,degraded_instruct,healthy_q8,q4_generalist_pair_72_28,planning,560,0.9411,0.8321,0.9621,0.9804,0.0411,0.0161,0.1125,0.0536,0.8049,none
9b,degraded_instruct,healthy_q8,q4_generalist_pair_72_28,rhetoric,560,0.9446,0.8036,0.9627,0.9893,0.0357,0.0232,0.1536,0.0661,0.7726,none
9b,degraded_instruct,healthy_q8,q4_generalist_pair_72_28,spatial,560,0.9554,0.8304,0.9685,0.9929,0.0375,0.0214,0.1107,0.0518,0.8034,none
9b,degraded_instruct,q8_k_m,q2_amplifier_low_echo,adversarial,560,0.9232,0.5804,0.9318,0.9875,0.0518,0.2964,0.1411,0.0661,0.4909,none
9b,degraded_instruct,q8_k_m,q2_amplifier_low_echo,boundary,560,0.9268,0.5482,0.9339,0.9982,0.0464,0.3,0.1893,0.0518,0.4566,none
9b,degraded_instruct,q8_k_m,q2_amplifier_low_echo,coding,560,0.9339,0.5643,0.9393,0.9929,0.0339,0.2732,0.1804,0.0554,0.4823,none
9b,degraded_instruct,q8_k_m,q2_amplifier_low_echo,epistemic,560,0.9339,0.6071,0.9464,0.9893,0.0411,0.2589,0.1643,0.0286,0.5285,none
9b,degraded_instruct,q8_k_m,q2_amplifier_low_echo,forensic,560,0.9429,0.6107,0.9494,0.9929,0.0411,0.2607,0.1393,0.025,0.5339,none
9b,degraded_instruct,q8_k_m,q2_amplifier_low_echo,generalist,560,0.9143,0.5161,0.9318,0.9929,0.0554,0.3,0.2196,0.0286,0.4205,none
9b,degraded_instruct,q8_k_m,q2_amplifier_low_echo,math,560,0.9339,0.5446,0.9396,0.9893,0.0375,0.2643,0.2286,0.0464,0.4599,none
9b,degraded_instruct,q8_k_m,q2_amplifier_low_echo,planning,560,0.925,0.5696,0.9337,0.9857,0.0411,0.3107,0.1482,0.0536,0.4806,none
9b,degraded_instruct,q8_k_m,q2_amplifier_low_echo,rhetoric,560,0.9125,0.5232,0.9303,0.9875,0.0571,0.2857,0.2196,0.0554,0.4286,none
9b,degraded_instruct,q8_k_m,q2_amplifier_low_echo,spatial,560,0.9179,0.5964,0.9395,0.9857,0.0571,0.2589,0.1429,0.0446,0.5138,none
9b,degraded_instruct,q8_k_m,q3_routed_tri_68,adversarial,560,0.9518,0.8089,0.9685,0.9929,0.0375,0.0393,0.125,0.0482,0.7774,none
9b,degraded_instruct,q8_k_m,q3_routed_tri_68,boundary,560,0.9661,0.8161,0.9722,0.9893,0.0196,0.0554,0.1268,0.05,0.7865,none
9b,degraded_instruct,q8_k_m,q3_routed_tri_68,coding,560,0.95,0.8089,0.9701,0.9875,0.0375,0.0536,0.1018,0.0393,0.7769,none
9b,degraded_instruct,q8_k_m,q3_routed_tri_68,epistemic,560,0.9643,0.8179,0.9719,0.9857,0.0196,0.025,0.15,0.0393,0.793,none
9b,degraded_instruct,q8_k_m,q3_routed_tri_68,forensic,560,0.9696,0.8321,0.9714,0.9893,0.0232,0.0304,0.1286,0.0482,0.8064,none
9b,degraded_instruct,q8_k_m,q3_routed_tri_68,generalist,560,0.9643,0.8018,0.9724,0.9804,0.0196,0.0518,0.1304,0.0321,0.7735,none
9b,degraded_instruct,q8_k_m,q3_routed_tri_68,math,560,0.9696,0.7875,0.9696,0.9929,0.0161,0.0321,0.1821,0.0607,0.7586,none
9b,degraded_instruct,q8_k_m,q3_routed_tri_68,planning,560,0.9732,0.8286,0.9752,0.9893,0.0196,0.0464,0.1,0.0411,0.8033,none
9b,degraded_instruct,q8_k_m,q3_routed_tri_68,rhetoric,560,0.9357,0.8214,0.9662,0.9857,0.0411,0.0321,0.1107,0.05,0.7913,none
9b,degraded_instruct,q8_k_m,q3_routed_tri_68,spatial,560,0.9732,0.8482,0.9768,0.9929,0.0125,0.0321,0.1,0.0464,0.8277,none
9b,degraded_instruct,q8_k_m,q3_stability_tri_72,adversarial,560,0.9643,0.8232,0.974,0.9929,0.0286,0.05,0.1054,0.0411,0.7942,none
9b,degraded_instruct,q8_k_m,q3_stability_tri_72,boundary,560,0.9536,0.8,0.9679,0.9875,0.0286,0.0518,0.1268,0.0589,0.768,none
9b,degraded_instruct,q8_k_m,q3_stability_tri_72,coding,560,0.9411,0.8089,0.9643,0.9857,0.0375,0.05,0.1089,0.0607,0.7759,none
9b,degraded_instruct,q8_k_m,q3_stability_tri_72,epistemic,560,0.9482,0.8357,0.9717,0.9911,0.0179,0.025,0.1036,0.0554,0.8143,none
9b,degraded_instruct,q8_k_m,q3_stability_tri_72,forensic,560,0.9661,0.8196,0.9717,0.9857,0.0161,0.0464,0.1232,0.0518,0.7931,none
9b,degraded_instruct,q8_k_m,q3_stability_tri_72,generalist,560,0.9643,0.8089,0.9771,1.0,0.0107,0.0607,0.1214,0.0482,0.7814,none
9b,degraded_instruct,q8_k_m,q3_stability_tri_72,math,560,0.9554,0.7518,0.9659,0.9929,0.0321,0.0607,0.1768,0.0554,0.7131,none
9b,degraded_instruct,q8_k_m,q3_stability_tri_72,planning,560,0.9714,0.8339,0.9719,0.9911,0.0214,0.0393,0.1161,0.0554,0.8076,none
9b,degraded_instruct,q8_k_m,q3_stability_tri_72,rhetoric,560,0.9643,0.8179,0.9705,0.9786,0.025,0.0321,0.1321,0.0411,0.7913,none
9b,degraded_instruct,q8_k_m,q3_stability_tri_72,spatial,560,0.9607,0.8125,0.972,0.9911,0.025,0.0446,0.1161,0.0482,0.7844,none
9b,degraded_instruct,q8_k_m,q4_boundary_pair_72_28,adversarial,560,0.95,0.8125,0.9683,0.9964,0.0375,0.0411,0.1286,0.0518,0.7802,none
9b,degraded_instruct,q8_k_m,q4_boundary_pair_72_28,boundary,560,0.9625,0.8357,0.9743,0.9911,0.0232,0.0321,0.1125,0.0393,0.8114,none
9b,degraded_instruct,q8_k_m,q4_boundary_pair_72_28,coding,560,0.9714,0.8339,0.9713,0.9875,0.0179,0.0411,0.1161,0.0589,0.8081,none
9b,degraded_instruct,q8_k_m,q4_boundary_pair_72_28,epistemic,560,0.9339,0.7875,0.9647,0.9929,0.0357,0.0161,0.15,0.0464,0.7592,none
9b,degraded_instruct,q8_k_m,q4_boundary_pair_72_28,forensic,560,0.9589,0.8321,0.9731,0.9893,0.0268,0.025,0.1143,0.0411,0.8079,none
9b,degraded_instruct,q8_k_m,q4_boundary_pair_72_28,generalist,560,0.9375,0.7714,0.9632,0.9768,0.0304,0.05,0.1482,0.05,0.738,none
9b,degraded_instruct,q8_k_m,q4_boundary_pair_72_28,math,560,0.9589,0.7964,0.9682,0.9929,0.0196,0.0304,0.1429,0.0714,0.7695,none
9b,degraded_instruct,q8_k_m,q4_boundary_pair_72_28,planning,560,0.9607,0.8232,0.97,0.9911,0.0321,0.0429,0.1125,0.0464,0.7937,none
9b,degraded_instruct,q8_k_m,q4_boundary_pair_72_28,rhetoric,560,0.9643,0.8,0.9744,0.9946,0.025,0.0411,0.1482,0.0321,0.7708,none
9b,degraded_instruct,q8_k_m,q4_boundary_pair_72_28,spatial,560,0.9625,0.8232,0.9705,0.9821,0.0268,0.0429,0.1107,0.0429,0.7956,none
9b,degraded_instruct,q8_k_m,q4_generalist_pair_72_28,adversarial,560,0.9607,0.8286,0.9707,0.9929,0.0304,0.0393,0.1107,0.0554,0.8,none
9b,degraded_instruct,q8_k_m,q4_generalist_pair_72_28,boundary,560,0.9446,0.8339,0.9662,0.9946,0.0393,0.0232,0.1107,0.0625,0.8055,none
9b,degraded_instruct,q8_k_m,q4_generalist_pair_72_28,coding,560,0.9643,0.8268,0.973,0.9964,0.0196,0.0357,0.1161,0.0589,0.8015,none
9b,degraded_instruct,q8_k_m,q4_generalist_pair_72_28,epistemic,560,0.9357,0.7911,0.9659,0.9875,0.0304,0.0143,0.1607,0.0411,0.7642,none
9b,degraded_instruct,q8_k_m,q4_generalist_pair_72_28,forensic,560,0.9482,0.8089,0.9707,0.9946,0.0375,0.0286,0.1321,0.0339,0.7797,none
9b,degraded_instruct,q8_k_m,q4_generalist_pair_72_28,generalist,560,0.9518,0.8179,0.968,0.9857,0.0268,0.025,0.1232,0.0536,0.7923,none
9b,degraded_instruct,q8_k_m,q4_generalist_pair_72_28,math,560,0.9554,0.7839,0.9646,0.9964,0.0321,0.0268,0.1768,0.0643,0.7516,none
9b,degraded_instruct,q8_k_m,q4_generalist_pair_72_28,planning,560,0.9661,0.8375,0.9707,0.9929,0.0232,0.0214,0.1214,0.0571,0.8137,none
9b,degraded_instruct,q8_k_m,q4_generalist_pair_72_28,rhetoric,560,0.9571,0.8196,0.9708,0.9964,0.0232,0.025,0.1268,0.0607,0.7945,none
9b,degraded_instruct,q8_k_m,q4_generalist_pair_72_28,spatial,560,0.9393,0.8339,0.9649,0.9875,0.0464,0.0286,0.0929,0.0554,0.8041,none
9b,instruct,base_f16,q2_amplifier_low_echo,adversarial,560,0.9179,0.5964,0.9359,0.9929,0.0536,0.2643,0.1571,0.0536,0.5122,none
9b,instruct,base_f16,q2_amplifier_low_echo,boundary,560,0.9214,0.5446,0.9309,0.9911,0.0446,0.3232,0.1893,0.0536,0.4488,none
9b,instruct,base_f16,q2_amplifier_low_echo,coding,560,0.9304,0.5911,0.937,0.9875,0.0446,0.2768,0.1625,0.0518,0.5067,none
9b,instruct,base_f16,q2_amplifier_low_echo,epistemic,560,0.9321,0.5839,0.9459,0.9946,0.0357,0.2446,0.1786,0.0411,0.5079,none
9b,instruct,base_f16,q2_amplifier_low_echo,forensic,560,0.9429,0.5804,0.9442,0.9946,0.0393,0.2768,0.1679,0.0411,0.4977,none
9b,instruct,base_f16,q2_amplifier_low_echo,generalist,560,0.9089,0.5875,0.9352,0.9929,0.0518,0.2554,0.1732,0.0536,0.5044,none
9b,instruct,base_f16,q2_amplifier_low_echo,math,560,0.9482,0.5607,0.9451,0.9929,0.0393,0.2482,0.2196,0.0304,0.4802,none
9b,instruct,base_f16,q2_amplifier_low_echo,planning,560,0.9143,0.5821,0.9326,0.9911,0.0589,0.2804,0.1446,0.0482,0.4944,none
9b,instruct,base_f16,q2_amplifier_low_echo,rhetoric,560,0.9375,0.5429,0.9393,0.9929,0.0411,0.2804,0.1946,0.0518,0.4563,none
9b,instruct,base_f16,q2_amplifier_low_echo,spatial,560,0.9393,0.6,0.9449,0.9929,0.0268,0.2643,0.1482,0.0643,0.524,none
9b,instruct,base_f16,q3_routed_tri_68,adversarial,560,0.9732,0.8536,0.978,0.9946,0.0161,0.0357,0.0893,0.05,0.832,none
9b,instruct,base_f16,q3_routed_tri_68,boundary,560,0.9571,0.8357,0.973,0.9964,0.0304,0.0304,0.1054,0.0464,0.8098,none
9b,instruct,base_f16,q3_routed_tri_68,coding,560,0.9571,0.8179,0.9702,0.9875,0.0232,0.0357,0.1214,0.0536,0.7914,none
9b,instruct,base_f16,q3_routed_tri_68,epistemic,560,0.9571,0.8286,0.9727,0.9946,0.0268,0.025,0.1268,0.0411,0.8033,none
9b,instruct,base_f16,q3_routed_tri_68,forensic,560,0.9732,0.8446,0.9735,0.9804,0.0179,0.0411,0.0946,0.0482,0.8211,none
9b,instruct,base_f16,q3_routed_tri_68,generalist,560,0.9661,0.8161,0.9753,0.9929,0.0089,0.0446,0.1161,0.0536,0.7925,none
9b,instruct,base_f16,q3_routed_tri_68,math,560,0.9607,0.8286,0.9724,0.9804,0.025,0.0339,0.125,0.0339,0.8026,none
9b,instruct,base_f16,q3_routed_tri_68,planning,560,0.9643,0.8536,0.9737,0.9946,0.0232,0.0268,0.1,0.05,0.8307,none
9b,instruct,base_f16,q3_routed_tri_68,rhetoric,560,0.9446,0.8018,0.9657,0.9893,0.0304,0.0339,0.1304,0.0679,0.7721,none
9b,instruct,base_f16,q3_routed_tri_68,spatial,560,0.9679,0.8214,0.9726,0.9875,0.0214,0.0375,0.1196,0.0429,0.7958,none
9b,instruct,base_f16,q3_stability_tri_72,adversarial,560,0.9607,0.8357,0.9738,0.9857,0.0214,0.0393,0.1,0.0482,0.811,none
9b,instruct,base_f16,q3_stability_tri_72,boundary,560,0.9536,0.8321,0.9704,0.9786,0.025,0.0518,0.0911,0.0536,0.8043,none
9b,instruct,base_f16,q3_stability_tri_72,coding,560,0.9643,0.8464,0.9723,0.9911,0.0179,0.0268,0.1018,0.0625,0.8244,none
9b,instruct,base_f16,q3_stability_tri_72,epistemic,560,0.9393,0.8107,0.9659,0.9893,0.0286,0.0143,0.1321,0.0571,0.7859,none
9b,instruct,base_f16,q3_stability_tri_72,forensic,560,0.9786,0.8625,0.9769,0.9946,0.0143,0.0357,0.0946,0.0554,0.8407,none
9b,instruct,base_f16,q3_stability_tri_72,generalist,560,0.9482,0.8179,0.9715,0.9964,0.0304,0.0304,0.1196,0.0429,0.791,none
9b,instruct,base_f16,q3_stability_tri_72,math,560,0.9625,0.8286,0.9715,0.9893,0.0179,0.0393,0.1321,0.0589,0.8018,none
9b,instruct,base_f16,q3_stability_tri_72,planning,560,0.9679,0.8714,0.9738,0.9839,0.0161,0.0411,0.0643,0.0571,0.8504,none
9b,instruct,base_f16,q3_stability_tri_72,rhetoric,560,0.95,0.8143,0.9651,0.9804,0.0286,0.0268,0.1268,0.0643,0.787,none
9b,instruct,base_f16,q3_stability_tri_72,spatial,560,0.9768,0.8821,0.9771,0.9875,0.0107,0.0268,0.0768,0.0554,0.8647,none
9b,instruct,base_f16,q4_boundary_pair_72_28,adversarial,560,0.9714,0.8679,0.9768,0.9946,0.0196,0.0357,0.0786,0.0536,0.8459,none
9b,instruct,base_f16,q4_boundary_pair_72_28,boundary,560,0.9643,0.8393,0.9723,0.9893,0.0268,0.0464,0.0946,0.05,0.8119,none
9b,instruct,base_f16,q4_boundary_pair_72_28,coding,560,0.9696,0.8393,0.9772,0.9929,0.0232,0.0411,0.1071,0.0286,0.8141,none
9b,instruct,base_f16,q4_boundary_pair_72_28,epistemic,560,0.9536,0.8321,0.9698,0.9768,0.0214,0.0125,0.125,0.0429,0.8111,none
9b,instruct,base_f16,q4_boundary_pair_72_28,forensic,560,0.9732,0.8375,0.9771,0.9964,0.0161,0.0429,0.1089,0.0446,0.8132,none
9b,instruct,base_f16,q4_boundary_pair_72_28,generalist,560,0.9625,0.8339,0.9764,0.9929,0.0214,0.0357,0.1071,0.0321,0.8102,none
9b,instruct,base_f16,q4_boundary_pair_72_28,math,560,0.9571,0.8018,0.9678,0.9839,0.0304,0.0214,0.1536,0.0464,0.7738,none
9b,instruct,base_f16,q4_boundary_pair_72_28,planning,560,0.9768,0.8518,0.9761,0.9911,0.0161,0.0286,0.1036,0.0429,0.8308,none
9b,instruct,base_f16,q4_boundary_pair_72_28,rhetoric,560,0.9589,0.8089,0.9717,0.9875,0.025,0.0268,0.1446,0.0375,0.7826,none
9b,instruct,base_f16,q4_boundary_pair_72_28,spatial,560,0.9661,0.8286,0.9711,0.9875,0.0268,0.0339,0.1089,0.0518,0.8024,none
9b,instruct,base_f16,q4_generalist_pair_72_28,adversarial,560,0.975,0.8446,0.9729,0.9893,0.0179,0.0196,0.1161,0.0607,0.823,none
9b,instruct,base_f16,q4_generalist_pair_72_28,boundary,560,0.9714,0.8554,0.9765,0.9929,0.0089,0.0304,0.1071,0.0589,0.8351,none
9b,instruct,base_f16,q4_generalist_pair_72_28,coding,560,0.9625,0.8536,0.973,0.9911,0.0196,0.0268,0.0929,0.0589,0.8319,none
9b,instruct,base_f16,q4_generalist_pair_72_28,epistemic,560,0.9732,0.8446,0.979,0.9929,0.0089,0.0071,0.125,0.0321,0.8289,none
9b,instruct,base_f16,q4_generalist_pair_72_28,forensic,560,0.975,0.8857,0.9798,0.9946,0.0214,0.0125,0.0911,0.0304,0.868,none
9b,instruct,base_f16,q4_generalist_pair_72_28,generalist,560,0.9554,0.8446,0.9735,0.9929,0.0143,0.0196,0.1036,0.0571,0.8253,none
9b,instruct,base_f16,q4_generalist_pair_72_28,math,560,0.9679,0.7893,0.9725,0.9946,0.0196,0.0107,0.1875,0.0339,0.7646,none
9b,instruct,base_f16,q4_generalist_pair_72_28,planning,560,0.9607,0.8589,0.9729,0.9929,0.0304,0.0089,0.1,0.0411,0.838,none
9b,instruct,base_f16,q4_generalist_pair_72_28,rhetoric,560,0.9518,0.8339,0.9701,0.9875,0.0214,0.0232,0.1107,0.0625,0.8109,none
9b,instruct,base_f16,q4_generalist_pair_72_28,spatial,560,0.9661,0.8571,0.9737,0.9929,0.025,0.025,0.0893,0.0536,0.8348,none
9b,instruct,collapsed_q2_edge,q2_amplifier_low_echo,adversarial,560,0.7411,0.3518,0.8571,0.9857,0.2036,0.2589,0.5232,0.0929,0.1924,none
9b,instruct,collapsed_q2_edge,q2_amplifier_low_echo,boundary,560,0.7589,0.3125,0.8542,0.9946,0.1911,0.3018,0.5607,0.0982,0.1451,distractor_capture
9b,instruct,collapsed_q2_edge,q2_amplifier_low_echo,coding,560,0.5125,0.2696,0.7205,0.7411,0.1839,0.2929,0.4536,0.5571,0.0917,none
9b,instruct,collapsed_q2_edge,q2_amplifier_low_echo,epistemic,560,0.55,0.2875,0.7358,0.7482,0.15,0.2393,0.5446,0.4696,0.1276,none
9b,instruct,collapsed_q2_edge,q2_amplifier_low_echo,forensic,560,0.6018,0.2964,0.7833,0.9786,0.1786,0.3089,0.5107,0.4875,0.1158,none
9b,instruct,collapsed_q2_edge,q2_amplifier_low_echo,generalist,560,0.4482,0.2625,0.68,0.6839,0.1982,0.2857,0.5107,0.6179,0.0741,none
9b,instruct,collapsed_q2_edge,q2_amplifier_low_echo,math,560,0.4357,0.2375,0.6585,0.7,0.225,0.2696,0.5268,0.8625,0.0308,none
9b,instruct,collapsed_q2_edge,q2_amplifier_low_echo,planning,560,0.5518,0.3321,0.7296,0.7,0.1661,0.2518,0.3714,0.5393,0.1753,none
9b,instruct,collapsed_q2_edge,q2_amplifier_low_echo,rhetoric,560,0.4071,0.2357,0.6334,0.6071,0.2018,0.25,0.5143,0.8679,0.0406,classification_miss
9b,instruct,collapsed_q2_edge,q2_amplifier_low_echo,spatial,560,0.5214,0.3018,0.71,0.7321,0.1964,0.2589,0.4339,0.6089,0.1259,none
9b,instruct,collapsed_q2_edge,q3_routed_tri_68,adversarial,560,0.2982,0.2143,0.5788,0.8411,0.3,0.0232,0.5107,1.5518,0.0012,cascade
9b,instruct,collapsed_q2_edge,q3_routed_tri_68,boundary,560,0.3268,0.2143,0.588,0.8286,0.2893,0.0429,0.5857,1.3911,0.0025,cascade
9b,instruct,collapsed_q2_edge,q3_routed_tri_68,coding,560,0.2143,0.1518,0.4916,0.6786,0.2857,0.0321,0.3929,1.7161,-0.0576,cascade
9b,instruct,collapsed_q2_edge,q3_routed_tri_68,epistemic,560,0.2161,0.1589,0.4829,0.6232,0.2821,0.0179,0.4714,1.475,-0.0408,cascade
9b,instruct,collapsed_q2_edge,q3_routed_tri_68,forensic,560,0.2482,0.1589,0.5111,0.8375,0.3054,0.0393,0.5304,1.6768,-0.0668,cascade
9b,instruct,collapsed_q2_edge,q3_routed_tri_68,generalist,560,0.1964,0.15,0.4748,0.6214,0.2625,0.0429,0.5286,1.6321,-0.0612,cascade
9b,instruct,collapsed_q2_edge,q3_routed_tri_68,math,560,0.2,0.1446,0.4878,0.675,0.2661,0.0411,0.5089,1.8286,-0.0755,cascade
9b,instruct,collapsed_q2_edge,q3_routed_tri_68,planning,560,0.2911,0.2482,0.5421,0.65,0.25,0.0286,0.3589,1.4875,0.0644,cascade
9b,instruct,collapsed_q2_edge,q3_routed_tri_68,rhetoric,560,0.2054,0.1554,0.4603,0.6482,0.3196,0.0179,0.4607,1.8339,-0.0727,cascade
9b,instruct,collapsed_q2_edge,q3_routed_tri_68,spatial,560,0.2446,0.1875,0.4766,0.6304,0.275,0.0339,0.3786,1.7071,-0.0174,cascade
9b,instruct,collapsed_q2_edge,q3_stability_tri_72,adversarial,560,0.35,0.25,0.6209,0.8393,0.2536,0.0375,0.4411,1.4054,0.0609,cascade
9b,instruct,collapsed_q2_edge,q3_stability_tri_72,boundary,560,0.3661,0.2411,0.6249,0.8375,0.2732,0.0357,0.525,1.2143,0.0493,cascade
9b,instruct,collapsed_q2_edge,q3_stability_tri_72,coding,560,0.2607,0.175,0.5116,0.6679,0.2714,0.0482,0.4518,1.5946,-0.0319,cascade
9b,instruct,collapsed_q2_edge,q3_stability_tri_72,epistemic,560,0.2357,0.1679,0.52,0.6661,0.2643,0.0214,0.5393,1.3196,-0.0248,cascade
9b,instruct,collapsed_q2_edge,q3_stability_tri_72,forensic,560,0.3,0.2196,0.5486,0.8375,0.2857,0.0393,0.4429,1.5339,0.0139,cascade
9b,instruct,collapsed_q2_edge,q3_stability_tri_72,generalist,560,0.2411,0.1911,0.5173,0.6446,0.2607,0.0339,0.4768,1.4393,-0.004,cascade
9b,instruct,collapsed_q2_edge,q3_stability_tri_72,math,560,0.2321,0.1643,0.5114,0.6804,0.2518,0.0179,0.4821,1.7768,-0.0422,cascade
9b,instruct,collapsed_q2_edge,q3_stability_tri_72,planning,560,0.2768,0.2161,0.5133,0.675,0.2893,0.0321,0.3839,1.5268,0.0158,cascade
9b,instruct,collapsed_q2_edge,q3_stability_tri_72,rhetoric,560,0.1982,0.1482,0.461,0.6125,0.2946,0.025,0.5107,1.775,-0.0748,cascade
9b,instruct,collapsed_q2_edge,q3_stability_tri_72,spatial,560,0.2589,0.2054,0.5057,0.6446,0.2929,0.0393,0.3679,1.5536,0.0025,cascade
9b,instruct,collapsed_q2_edge,q4_boundary_pair_72_28,adversarial,560,0.2179,0.1696,0.4782,0.7982,0.3661,0.025,0.5036,1.9857,-0.0847,cascade
9b,instruct,collapsed_q2_edge,q4_boundary_pair_72_28,boundary,560,0.2357,0.1571,0.5151,0.8429,0.3464,0.0286,0.5893,1.7143,-0.0854,cascade
9b,instruct,collapsed_q2_edge,q4_boundary_pair_72_28,coding,560,0.1143,0.0929,0.3738,0.5857,0.3393,0.0393,0.4321,2.2286,-0.1628,cascade
9b,instruct,collapsed_q2_edge,q4_boundary_pair_72_28,epistemic,560,0.0821,0.0607,0.3443,0.5661,0.3768,0.0214,0.5,1.9714,-0.1952,cascade
9b,instruct,collapsed_q2_edge,q4_boundary_pair_72_28,forensic,560,0.1625,0.1214,0.4096,0.7911,0.3339,0.0268,0.5089,2.1089,-0.1303,cascade
9b,instruct,collapsed_q2_edge,q4_boundary_pair_72_28,generalist,560,0.0857,0.0643,0.3441,0.5125,0.3232,0.0268,0.4643,2.1821,-0.1843,cascade
9b,instruct,collapsed_q2_edge,q4_boundary_pair_72_28,math,560,0.1089,0.0804,0.3417,0.5625,0.3036,0.0143,0.4946,2.6143,-0.1839,cascade
9b,instruct,collapsed_q2_edge,q4_boundary_pair_72_28,planning,560,0.1268,0.0964,0.358,0.5429,0.3482,0.0232,0.3875,2.2179,-0.1546,cascade
9b,instruct,collapsed_q2_edge,q4_boundary_pair_72_28,rhetoric,560,0.0589,0.0446,0.2963,0.4964,0.3643,0.025,0.5054,2.5286,-0.2365,cascade
9b,instruct,collapsed_q2_edge,q4_boundary_pair_72_28,spatial,560,0.1125,0.0911,0.3388,0.5429,0.3554,0.0339,0.4179,2.3089,-0.1712,cascade
9b,instruct,collapsed_q2_edge,q4_generalist_pair_72_28,adversarial,560,0.1268,0.1018,0.3888,0.7125,0.3696,0.0232,0.5054,2.4821,-0.1783,cascade
9b,instruct,collapsed_q2_edge,q4_generalist_pair_72_28,boundary,560,0.15,0.1107,0.3813,0.6964,0.3786,0.0357,0.6411,2.3143,-0.177,cascade
9b,instruct,collapsed_q2_edge,q4_generalist_pair_72_28,coding,560,0.1,0.075,0.3421,0.5982,0.3857,0.0196,0.4411,2.3607,-0.198,cascade
9b,instruct,collapsed_q2_edge,q4_generalist_pair_72_28,epistemic,560,0.1054,0.0821,0.348,0.5804,0.3768,0.0054,0.5446,1.9839,-0.1747,cascade
9b,instruct,collapsed_q2_edge,q4_generalist_pair_72_28,forensic,560,0.1107,0.0821,0.347,0.6804,0.375,0.0214,0.5321,2.3375,-0.1941,cascade
9b,instruct,collapsed_q2_edge,q4_generalist_pair_72_28,generalist,560,0.0893,0.0661,0.3541,0.5839,0.3714,0.0196,0.5357,2.075,-0.1959,cascade
9b,instruct,collapsed_q2_edge,q4_generalist_pair_72_28,math,560,0.0929,0.0607,0.3552,0.6446,0.3536,0.0125,0.5857,2.4696,-0.2182,cascade
9b,instruct,collapsed_q2_edge,q4_generalist_pair_72_28,planning,560,0.1393,0.1125,0.3761,0.6268,0.3536,0.0161,0.4357,2.1946,-0.1414,cascade
9b,instruct,collapsed_q2_edge,q4_generalist_pair_72_28,rhetoric,560,0.0911,0.0696,0.3209,0.5696,0.3893,0.0089,0.5232,2.5268,-0.2171,cascade
9b,instruct,collapsed_q2_edge,q4_generalist_pair_72_28,spatial,560,0.1429,0.1232,0.3856,0.6179,0.3393,0.0196,0.3821,2.1589,-0.121,cascade
9b,instruct,damaged_q2,q2_amplifier_low_echo,adversarial,560,0.8161,0.3964,0.8862,0.9911,0.1518,0.2696,0.4536,0.0393,0.2587,none
9b,instruct,damaged_q2,q2_amplifier_low_echo,boundary,560,0.8054,0.3696,0.8787,0.9929,0.1554,0.2964,0.4732,0.0571,0.223,none
9b,instruct,damaged_q2,q2_amplifier_low_echo,coding,560,0.775,0.3946,0.8637,0.8696,0.125,0.2643,0.3875,0.0875,0.2689,none
9b,instruct,damaged_q2,q2_amplifier_low_echo,epistemic,560,0.7857,0.3875,0.8653,0.875,0.1268,0.2429,0.4286,0.0821,0.2625,none
9b,instruct,damaged_q2,q2_amplifier_low_echo,forensic,560,0.8232,0.4071,0.8892,0.9929,0.1464,0.2429,0.4429,0.0714,0.2756,none
9b,instruct,damaged_q2,q2_amplifier_low_echo,generalist,560,0.7179,0.3893,0.8297,0.8054,0.1232,0.2732,0.4321,0.1589,0.2552,none
9b,instruct,damaged_q2,q2_amplifier_low_echo,math,560,0.7214,0.4036,0.8335,0.8286,0.1554,0.2304,0.4357,0.1911,0.2665,none
9b,instruct,damaged_q2,q2_amplifier_low_echo,planning,560,0.7732,0.45,0.8629,0.8393,0.1214,0.2321,0.3714,0.0768,0.3336,none
9b,instruct,damaged_q2,q2_amplifier_low_echo,rhetoric,560,0.7375,0.3768,0.8347,0.8089,0.1125,0.2857,0.4304,0.1893,0.242,none
9b,instruct,damaged_q2,q2_amplifier_low_echo,spatial,560,0.7643,0.4411,0.8586,0.8357,0.1304,0.2286,0.3554,0.1125,0.3222,none
9b,instruct,damaged_q2,q3_routed_tri_68,adversarial,560,0.7214,0.4679,0.8454,0.9768,0.1554,0.0446,0.4321,0.4232,0.3566,none
9b,instruct,damaged_q2,q3_routed_tri_68,boundary,560,0.7286,0.4554,0.8328,0.9696,0.1893,0.0429,0.4607,0.4054,0.3329,none
9b,instruct,damaged_q2,q3_routed_tri_68,coding,560,0.5411,0.3964,0.7425,0.8179,0.1696,0.0429,0.35,0.725,0.2727,none
9b,instruct,damaged_q2,q3_routed_tri_68,epistemic,560,0.5232,0.3839,0.7279,0.8036,0.1946,0.0214,0.4339,0.6446,0.2543,none
9b,instruct,damaged_q2,q3_routed_tri_68,forensic,560,0.5804,0.4036,0.7551,0.9536,0.1946,0.025,0.3911,0.7446,0.2717,none
9b,instruct,damaged_q2,q3_routed_tri_68,generalist,560,0.5089,0.3821,0.7233,0.8036,0.1839,0.05,0.4125,0.7089,0.2485,none
9b,instruct,damaged_q2,q3_routed_tri_68,math,560,0.4946,0.3554,0.697,0.8036,0.175,0.0214,0.45,0.9964,0.2127,none
9b,instruct,damaged_q2,q3_routed_tri_68,planning,560,0.6214,0.425,0.7483,0.7982,0.1518,0.0375,0.3732,0.7054,0.3068,none
9b,instruct,damaged_q2,q3_routed_tri_68,rhetoric,560,0.4589,0.3143,0.6842,0.7536,0.1571,0.025,0.4161,0.9589,0.1809,none
9b,instruct,damaged_q2,q3_routed_tri_68,spatial,560,0.5446,0.3911,0.7243,0.7804,0.1661,0.0286,0.3339,0.7839,0.2696,none
9b,instruct,damaged_q2,q3_stability_tri_72,adversarial,560,0.7643,0.4911,0.865,0.9679,0.1286,0.0339,0.4179,0.3446,0.3951,none
9b,instruct,damaged_q2,q3_stability_tri_72,boundary,560,0.7839,0.4821,0.8662,0.9696,0.1464,0.0393,0.5071,0.2661,0.3765,none
9b,instruct,damaged_q2,q3_stability_tri_72,coding,560,0.6036,0.4536,0.7655,0.8125,0.1446,0.0536,0.3125,0.6571,0.3416,none
9b,instruct,damaged_q2,q3_stability_tri_72,epistemic,560,0.5321,0.3607,0.7384,0.8179,0.1875,0.0179,0.425,0.6125,0.2363,none
9b,instruct,damaged_q2,q3_stability_tri_72,forensic,560,0.6036,0.4411,0.7868,0.9518,0.1696,0.0357,0.3964,0.6232,0.3202,none
9b,instruct,damaged_q2,q3_stability_tri_72,generalist,560,0.4839,0.3607,0.7223,0.7679,0.15,0.0375,0.425,0.7125,0.2386,none
9b,instruct,damaged_q2,q3_stability_tri_72,math,560,0.5179,0.3679,0.7184,0.7696,0.1339,0.0321,0.4161,0.9018,0.2429,none
9b,instruct,damaged_q2,q3_stability_tri_72,planning,560,0.6232,0.4518,0.7798,0.8107,0.1554,0.0357,0.3589,0.55,0.3418,none
9b,instruct,damaged_q2,q3_stability_tri_72,rhetoric,560,0.5071,0.3946,0.7167,0.7732,0.15,0.0179,0.3714,0.8339,0.2747,none
9b,instruct,damaged_q2,q3_stability_tri_72,spatial,560,0.6143,0.4411,0.7535,0.8036,0.1607,0.0375,0.3214,0.6786,0.3257,none
9b,instruct,damaged_q2,q4_boundary_pair_72_28,adversarial,560,0.5232,0.3589,0.7443,0.9607,0.2196,0.0286,0.3982,0.8607,0.2124,none
9b,instruct,damaged_q2,q4_boundary_pair_72_28,boundary,560,0.5982,0.3821,0.7688,0.9643,0.1893,0.0429,0.5,0.7339,0.2401,none
9b,instruct,damaged_q2,q4_boundary_pair_72_28,coding,560,0.3179,0.2464,0.5994,0.7518,0.2143,0.0214,0.3554,1.3196,0.0834,none
9b,instruct,damaged_q2,q4_boundary_pair_72_28,epistemic,560,0.2893,0.2304,0.5794,0.6893,0.1929,0.0161,0.3857,1.1875,0.0791,none
9b,instruct,damaged_q2,q4_boundary_pair_72_28,forensic,560,0.4161,0.275,0.6619,0.9339,0.1911,0.0357,0.45,1.1518,0.1169,none
9b,instruct,damaged_q2,q4_boundary_pair_72_28,generalist,560,0.2982,0.2375,0.5673,0.6786,0.2107,0.0268,0.3571,1.3143,0.0746,none
9b,instruct,damaged_q2,q4_boundary_pair_72_28,math,560,0.2696,0.2036,0.5301,0.6554,0.2036,0.0179,0.45,1.6786,0.019,classification_miss
9b,instruct,damaged_q2,q4_boundary_pair_72_28,planning,560,0.3411,0.2696,0.5856,0.6946,0.2429,0.0143,0.3786,1.275,0.0999,none
9b,instruct,damaged_q2,q4_boundary_pair_72_28,rhetoric,560,0.2536,0.1893,0.5386,0.6857,0.2375,0.0286,0.3875,1.5321,0.0047,cascade
9b,instruct,damaged_q2,q4_boundary_pair_72_28,spatial,560,0.2946,0.2304,0.5532,0.6625,0.1946,0.0196,0.3518,1.4714,0.0663,none
9b,instruct,damaged_q2,q4_generalist_pair_72_28,adversarial,560,0.3786,0.2589,0.6414,0.8482,0.2214,0.0071,0.4125,1.3304,0.0916,none
9b,instruct,damaged_q2,q4_generalist_pair_72_28,boundary,560,0.3554,0.2393,0.6199,0.8286,0.2482,0.0321,0.5,1.2929,0.0537,cascade
9b,instruct,damaged_q2,q4_generalist_pair_72_28,coding,560,0.3196,0.2321,0.5771,0.7179,0.2411,0.0214,0.3786,1.3536,0.0576,cascade
9b,instruct,damaged_q2,q4_generalist_pair_72_28,epistemic,560,0.3446,0.275,0.6107,0.7518,0.2125,0.0071,0.4179,1.0964,0.1216,none
9b,instruct,damaged_q2,q4_generalist_pair_72_28,forensic,560,0.35,0.25,0.6072,0.8768,0.2464,0.0214,0.4571,1.2839,0.071,none
9b,instruct,damaged_q2,q4_generalist_pair_72_28,generalist,560,0.3071,0.2375,0.588,0.7357,0.2304,0.0375,0.4304,1.225,0.0652,none
9b,instruct,damaged_q2,q4_generalist_pair_72_28,math,560,0.2714,0.2268,0.5569,0.7214,0.2089,0.0196,0.4089,1.6268,0.0461,none
9b,instruct,damaged_q2,q4_generalist_pair_72_28,planning,560,0.3839,0.3036,0.5983,0.725,0.2161,0.0107,0.3679,1.3089,0.1417,none
9b,instruct,damaged_q2,q4_generalist_pair_72_28,rhetoric,560,0.2768,0.1964,0.5505,0.7107,0.2339,0.0089,0.4875,1.5,0.0105,cascade
9b,instruct,damaged_q2,q4_generalist_pair_72_28,spatial,560,0.3375,0.275,0.5797,0.7304,0.2071,0.0179,0.3393,1.3875,0.1128,none
9b,instruct,damaged_q3,q2_amplifier_low_echo,adversarial,560,0.8732,0.4339,0.9062,0.9964,0.1,0.3036,0.3661,0.0446,0.3117,none
9b,instruct,damaged_q3,q2_amplifier_low_echo,boundary,560,0.875,0.4518,0.9093,0.9821,0.0929,0.2732,0.3357,0.0482,0.34,none
9b,instruct,damaged_q3,q2_amplifier_low_echo,coding,560,0.8875,0.5125,0.9139,0.9857,0.0839,0.2946,0.2554,0.0554,0.4052,none
9b,instruct,damaged_q3,q2_amplifier_low_echo,epistemic,560,0.8571,0.4839,0.9132,0.9839,0.1125,0.2339,0.3,0.0375,0.3775,none
9b,instruct,damaged_q3,q2_amplifier_low_echo,forensic,560,0.8446,0.4268,0.9027,0.9893,0.1196,0.2821,0.3304,0.0554,0.3053,none
9b,instruct,damaged_q3,q2_amplifier_low_echo,generalist,560,0.8768,0.4589,0.9136,0.975,0.075,0.2821,0.3071,0.0429,0.3533,none
9b,instruct,damaged_q3,q2_amplifier_low_echo,math,560,0.8661,0.4893,0.9116,0.975,0.0911,0.2482,0.3393,0.0589,0.3822,none
9b,instruct,damaged_q3,q2_amplifier_low_echo,planning,560,0.8786,0.5107,0.9138,0.9804,0.0786,0.2839,0.2696,0.0482,0.4064,none
9b,instruct,damaged_q3,q2_amplifier_low_echo,rhetoric,560,0.8661,0.4607,0.909,0.9625,0.0857,0.2571,0.3321,0.0607,0.354,none
9b,instruct,damaged_q3,q2_amplifier_low_echo,spatial,560,0.8911,0.5214,0.9209,0.9821,0.0857,0.2571,0.2625,0.0464,0.421,none
9b,instruct,damaged_q3,q3_routed_tri_68,adversarial,560,0.8857,0.6393,0.9372,0.9929,0.0946,0.0464,0.2714,0.0661,0.5766,none
9b,instruct,damaged_q3,q3_routed_tri_68,boundary,560,0.8964,0.6214,0.9363,0.9875,0.0839,0.0429,0.2982,0.0696,0.5603,none
9b,instruct,damaged_q3,q3_routed_tri_68,coding,560,0.9036,0.6804,0.9442,0.9804,0.0821,0.0321,0.2446,0.0446,0.6275,none
9b,instruct,damaged_q3,q3_routed_tri_68,epistemic,560,0.8964,0.6857,0.946,0.9929,0.0857,0.0143,0.2446,0.0393,0.6356,none
9b,instruct,damaged_q3,q3_routed_tri_68,forensic,560,0.8857,0.6625,0.9386,0.9875,0.0946,0.0393,0.2536,0.0554,0.6032,none
9b,instruct,damaged_q3,q3_routed_tri_68,generalist,560,0.875,0.6411,0.9327,0.9661,0.0964,0.0321,0.2893,0.0429,0.5804,none
9b,instruct,damaged_q3,q3_routed_tri_68,math,560,0.9018,0.6786,0.9421,0.975,0.0732,0.0304,0.2679,0.0589,0.6262,none
9b,instruct,damaged_q3,q3_routed_tri_68,planning,560,0.9018,0.6857,0.9466,0.9857,0.0839,0.0304,0.2446,0.0321,0.6333,none
9b,instruct,damaged_q3,q3_routed_tri_68,rhetoric,560,0.8893,0.6357,0.9348,0.9679,0.075,0.0446,0.3089,0.0679,0.5762,none
9b,instruct,damaged_q3,q3_routed_tri_68,spatial,560,0.8929,0.7071,0.9431,0.9714,0.0821,0.0411,0.2036,0.0554,0.6552,none
9b,instruct,damaged_q3,q3_stability_tri_72,adversarial,560,0.8732,0.6214,0.9298,0.9893,0.1071,0.0321,0.3018,0.0696,0.5552,none
9b,instruct,damaged_q3,q3_stability_tri_72,boundary,560,0.9018,0.65,0.9397,0.9875,0.0768,0.0411,0.3036,0.0607,0.5914,none
9b,instruct,damaged_q3,q3_stability_tri_72,coding,560,0.8732,0.6339,0.9312,0.9875,0.1071,0.0518,0.2571,0.0714,0.5673,none
9b,instruct,damaged_q3,q3_stability_tri_72,epistemic,560,0.8982,0.7,0.9471,0.9911,0.0857,0.0196,0.2482,0.0304,0.649,none
9b,instruct,damaged_q3,q3_stability_tri_72,forensic,560,0.9107,0.6768,0.9451,0.9768,0.0768,0.0321,0.2679,0.0375,0.624,none
9b,instruct,damaged_q3,q3_stability_tri_72,generalist,560,0.8839,0.6696,0.9415,0.9768,0.075,0.0375,0.2518,0.0554,0.6167,none
9b,instruct,damaged_q3,q3_stability_tri_72,math,560,0.8946,0.6625,0.9384,0.9714,0.0732,0.025,0.2821,0.0661,0.6097,none
9b,instruct,damaged_q3,q3_stability_tri_72,planning,560,0.9071,0.7,0.9456,0.975,0.075,0.0393,0.2125,0.05,0.6501,none
9b,instruct,damaged_q3,q3_stability_tri_72,rhetoric,560,0.8625,0.6375,0.925,0.9661,0.1054,0.0304,0.2946,0.0714,0.5727,none
9b,instruct,damaged_q3,q3_stability_tri_72,spatial,560,0.8946,0.7054,0.9432,0.9839,0.0875,0.0161,0.2125,0.0536,0.6562,none
9b,instruct,damaged_q3,q4_boundary_pair_72_28,adversarial,560,0.8696,0.6268,0.9316,0.9875,0.1089,0.0232,0.2875,0.0571,0.5636,none
9b,instruct,damaged_q3,q4_boundary_pair_72_28,boundary,560,0.8875,0.6411,0.9363,0.9857,0.0964,0.0446,0.2821,0.0554,0.5779,none
9b,instruct,damaged_q3,q4_boundary_pair_72_28,coding,560,0.8304,0.65,0.9114,0.9179,0.1018,0.0393,0.225,0.1179,0.5877,none
9b,instruct,damaged_q3,q4_boundary_pair_72_28,epistemic,560,0.7661,0.5839,0.8841,0.9036,0.1196,0.0143,0.2714,0.175,0.5147,none
9b,instruct,damaged_q3,q4_boundary_pair_72_28,forensic,560,0.8696,0.6679,0.9292,0.9911,0.0893,0.0357,0.2321,0.125,0.6091,none
9b,instruct,damaged_q3,q4_boundary_pair_72_28,generalist,560,0.7946,0.6143,0.8786,0.875,0.0982,0.0286,0.2446,0.2214,0.5485,none
9b,instruct,damaged_q3,q4_boundary_pair_72_28,math,560,0.7857,0.5714,0.8753,0.9036,0.125,0.0196,0.3179,0.2464,0.4922,none
9b,instruct,damaged_q3,q4_boundary_pair_72_28,planning,560,0.7804,0.6054,0.8842,0.8982,0.1321,0.0321,0.2304,0.1768,0.532,none
9b,instruct,damaged_q3,q4_boundary_pair_72_28,rhetoric,560,0.8036,0.6196,0.8836,0.8857,0.1,0.0232,0.2696,0.2143,0.5527,none
9b,instruct,damaged_q3,q4_boundary_pair_72_28,spatial,560,0.8,0.6268,0.8778,0.8732,0.1018,0.0268,0.2125,0.2464,0.5616,none
9b,instruct,damaged_q3,q4_generalist_pair_72_28,adversarial,560,0.8857,0.6554,0.935,0.9875,0.0946,0.0232,0.2875,0.0696,0.5958,none
9b,instruct,damaged_q3,q4_generalist_pair_72_28,boundary,560,0.8732,0.6339,0.9325,0.9929,0.1107,0.0179,0.3232,0.0464,0.569,none
9b,instruct,damaged_q3,q4_generalist_pair_72_28,coding,560,0.8607,0.6714,0.9247,0.9536,0.0893,0.0196,0.2268,0.1054,0.6173,none
9b,instruct,damaged_q3,q4_generalist_pair_72_28,epistemic,560,0.8411,0.6375,0.9198,0.9607,0.0857,0.0036,0.2964,0.1125,0.5817,none
9b,instruct,damaged_q3,q4_generalist_pair_72_28,forensic,560,0.8554,0.6393,0.9107,0.9857,0.1054,0.0071,0.2911,0.1786,0.574,none
9b,instruct,damaged_q3,q4_generalist_pair_72_28,generalist,560,0.8411,0.6482,0.9085,0.9375,0.0929,0.025,0.2536,0.1464,0.5877,none
9b,instruct,damaged_q3,q4_generalist_pair_72_28,math,560,0.8589,0.625,0.9072,0.9482,0.075,0.0089,0.3196,0.2089,0.5647,none
9b,instruct,damaged_q3,q4_generalist_pair_72_28,planning,560,0.8607,0.65,0.9172,0.9375,0.0732,0.0179,0.2607,0.1393,0.5966,none
9b,instruct,damaged_q3,q4_generalist_pair_72_28,rhetoric,560,0.8196,0.5804,0.8838,0.9304,0.0875,0.0071,0.3304,0.2732,0.5126,none
9b,instruct,damaged_q3,q4_generalist_pair_72_28,spatial,560,0.8357,0.6393,0.907,0.9571,0.1036,0.0232,0.2643,0.1679,0.574,none
9b,instruct,damaged_q4,q2_amplifier_low_echo,adversarial,560,0.8518,0.4893,0.9102,0.9911,0.1036,0.275,0.2571,0.0643,0.3794,none
9b,instruct,damaged_q4,q2_amplifier_low_echo,boundary,560,0.875,0.4714,0.9147,0.9911,0.0946,0.2696,0.2875,0.0464,0.3638,none
9b,instruct,damaged_q4,q2_amplifier_low_echo,coding,560,0.8911,0.5196,0.9212,0.9929,0.0821,0.2982,0.2429,0.0375,0.4141,none
9b,instruct,damaged_q4,q2_amplifier_low_echo,epistemic,560,0.9,0.4893,0.9241,0.9875,0.0679,0.2679,0.2875,0.0464,0.39,none
9b,instruct,damaged_q4,q2_amplifier_low_echo,forensic,560,0.8839,0.4875,0.9185,0.9875,0.0929,0.2768,0.2946,0.0357,0.3789,none
9b,instruct,damaged_q4,q2_amplifier_low_echo,generalist,560,0.8964,0.5036,0.9202,0.9839,0.0714,0.2661,0.2732,0.0464,0.4047,none
9b,instruct,damaged_q4,q2_amplifier_low_echo,math,560,0.8804,0.4929,0.9162,0.9875,0.0893,0.2714,0.2839,0.0571,0.3862,none
9b,instruct,damaged_q4,q2_amplifier_low_echo,planning,560,0.8625,0.5161,0.9129,0.9946,0.0982,0.2589,0.2357,0.0643,0.4128,none
9b,instruct,damaged_q4,q2_amplifier_low_echo,rhetoric,560,0.8911,0.5196,0.9268,0.9911,0.0839,0.2518,0.2625,0.0339,0.4214,none
9b,instruct,damaged_q4,q2_amplifier_low_echo,spatial,560,0.9018,0.5321,0.9273,0.9911,0.0786,0.2911,0.2125,0.0446,0.4311,none
9b,instruct,damaged_q4,q3_routed_tri_68,adversarial,560,0.9125,0.7,0.9499,0.9911,0.0786,0.0411,0.2446,0.0321,0.647,none
9b,instruct,damaged_q4,q3_routed_tri_68,boundary,560,0.9125,0.7089,0.9482,0.9929,0.075,0.0429,0.2214,0.0554,0.6574,none
9b,instruct,damaged_q4,q3_routed_tri_68,coding,560,0.9107,0.6964,0.9505,0.9946,0.0643,0.0375,0.2161,0.0607,0.6493,none
9b,instruct,damaged_q4,q3_routed_tri_68,epistemic,560,0.8929,0.7125,0.9501,0.9946,0.0696,0.0196,0.2018,0.0536,0.6689,none
9b,instruct,damaged_q4,q3_routed_tri_68,forensic,560,0.9375,0.7143,0.9584,0.9893,0.0571,0.0411,0.2179,0.0286,0.6701,none
9b,instruct,damaged_q4,q3_routed_tri_68,generalist,560,0.9393,0.7196,0.9602,0.9982,0.0464,0.05,0.225,0.0375,0.6758,none
9b,instruct,damaged_q4,q3_routed_tri_68,math,560,0.9161,0.7161,0.9509,0.9893,0.0643,0.0196,0.2304,0.0554,0.6717,none
9b,instruct,damaged_q4,q3_routed_tri_68,planning,560,0.9375,0.7554,0.9584,0.9911,0.0464,0.0286,0.1768,0.0589,0.7186,none
9b,instruct,damaged_q4,q3_routed_tri_68,rhetoric,560,0.9,0.6893,0.9467,0.9929,0.0821,0.0429,0.2214,0.0554,0.6356,none
9b,instruct,damaged_q4,q3_routed_tri_68,spatial,560,0.9071,0.7625,0.9535,0.9964,0.0768,0.0286,0.1571,0.0482,0.7188,none
9b,instruct,damaged_q4,q3_stability_tri_72,adversarial,560,0.8982,0.7125,0.9439,0.9875,0.0786,0.0286,0.2214,0.0714,0.6619,none
9b,instruct,damaged_q4,q3_stability_tri_72,boundary,560,0.9125,0.6804,0.9496,0.9911,0.0714,0.0482,0.2446,0.0446,0.6275,none
9b,instruct,damaged_q4,q3_stability_tri_72,coding,560,0.9196,0.75,0.9539,0.9946,0.0607,0.0464,0.1714,0.0679,0.7054,none
9b,instruct,damaged_q4,q3_stability_tri_72,epistemic,560,0.9107,0.7143,0.9492,0.9911,0.0714,0.0089,0.2268,0.05,0.6704,none
9b,instruct,damaged_q4,q3_stability_tri_72,forensic,560,0.9286,0.7286,0.9544,0.9982,0.0607,0.0179,0.2268,0.05,0.6861,none
9b,instruct,damaged_q4,q3_stability_tri_72,generalist,560,0.9196,0.6982,0.9568,0.9946,0.0589,0.0321,0.225,0.0321,0.6545,none
9b,instruct,damaged_q4,q3_stability_tri_72,math,560,0.9411,0.7071,0.9582,0.9839,0.0357,0.0232,0.2571,0.0482,0.6688,none
9b,instruct,damaged_q4,q3_stability_tri_72,planning,560,0.9232,0.7589,0.9563,0.9929,0.0661,0.025,0.1714,0.0446,0.7182,none
9b,instruct,damaged_q4,q3_stability_tri_72,rhetoric,560,0.9071,0.7161,0.9483,0.9821,0.075,0.0232,0.2268,0.0411,0.6687,none
9b,instruct,damaged_q4,q3_stability_tri_72,spatial,560,0.9321,0.7571,0.9567,0.9893,0.0518,0.0411,0.1679,0.0607,0.7169,none
9b,instruct,damaged_q4,q4_boundary_pair_72_28,adversarial,560,0.8929,0.7214,0.9476,0.9929,0.0911,0.025,0.1946,0.0446,0.6713,none
9b,instruct,damaged_q4,q4_boundary_pair_72_28,boundary,560,0.8821,0.6857,0.9409,0.9964,0.0946,0.0357,0.2357,0.0607,0.6283,none
9b,instruct,damaged_q4,q4_boundary_pair_72_28,coding,560,0.9214,0.7232,0.9562,0.9857,0.0625,0.0393,0.1946,0.0321,0.6794,none
9b,instruct,damaged_q4,q4_boundary_pair_72_28,epistemic,560,0.9107,0.7286,0.9526,0.9946,0.0768,0.0179,0.1982,0.0375,0.6842,none
9b,instruct,damaged_q4,q4_boundary_pair_72_28,forensic,560,0.925,0.7393,0.957,0.9929,0.0643,0.0446,0.175,0.0482,0.6947,none
9b,instruct,damaged_q4,q4_boundary_pair_72_28,generalist,560,0.8804,0.6911,0.9385,0.9536,0.0786,0.0357,0.2196,0.0518,0.6402,none
9b,instruct,damaged_q4,q4_boundary_pair_72_28,math,560,0.8821,0.6768,0.9368,0.9804,0.0821,0.0286,0.2536,0.0875,0.6218,none
9b,instruct,damaged_q4,q4_boundary_pair_72_28,planning,560,0.9,0.7143,0.9426,0.975,0.075,0.0196,0.2143,0.0607,0.6677,none
9b,instruct,damaged_q4,q4_boundary_pair_72_28,rhetoric,560,0.9071,0.7143,0.9476,0.9786,0.0714,0.0143,0.2268,0.0518,0.6693,none
9b,instruct,damaged_q4,q4_boundary_pair_72_28,spatial,560,0.9214,0.7446,0.9524,0.9875,0.0571,0.0268,0.1911,0.0696,0.7034,none
9b,instruct,damaged_q4,q4_generalist_pair_72_28,adversarial,560,0.9089,0.7143,0.946,0.9893,0.0804,0.0196,0.2357,0.0589,0.6644,none
9b,instruct,damaged_q4,q4_generalist_pair_72_28,boundary,560,0.9,0.6643,0.9394,0.9875,0.0875,0.0286,0.2929,0.0518,0.6063,none
9b,instruct,damaged_q4,q4_generalist_pair_72_28,coding,560,0.9232,0.7375,0.9581,0.9839,0.0536,0.0196,0.2054,0.0321,0.6995,none
9b,instruct,damaged_q4,q4_generalist_pair_72_28,epistemic,560,0.9,0.6982,0.9453,0.9875,0.0661,0.0054,0.2554,0.0589,0.6539,none
9b,instruct,damaged_q4,q4_generalist_pair_72_28,forensic,560,0.8929,0.6714,0.9397,0.9911,0.0964,0.0214,0.25,0.0536,0.6155,none
9b,instruct,damaged_q4,q4_generalist_pair_72_28,generalist,560,0.9107,0.7268,0.9554,0.9964,0.0536,0.0214,0.2143,0.0518,0.6867,none
9b,instruct,damaged_q4,q4_generalist_pair_72_28,math,560,0.9071,0.6821,0.9447,0.9911,0.0696,0.0161,0.2607,0.0714,0.6336,none
9b,instruct,damaged_q4,q4_generalist_pair_72_28,planning,560,0.9232,0.7518,0.9502,0.975,0.0589,0.0196,0.1857,0.0607,0.7123,none
9b,instruct,damaged_q4,q4_generalist_pair_72_28,rhetoric,560,0.9143,0.725,0.9524,0.9929,0.0661,0.0143,0.2304,0.0446,0.6817,none
9b,instruct,damaged_q4,q4_generalist_pair_72_28,spatial,560,0.9232,0.7518,0.9552,0.9929,0.0607,0.0179,0.1893,0.0536,0.7122,none
9b,instruct,healthy_q6,q2_amplifier_low_echo,adversarial,560,0.9179,0.55,0.9329,0.9946,0.0482,0.2893,0.1875,0.0643,0.4595,none
9b,instruct,healthy_q6,q2_amplifier_low_echo,boundary,560,0.9089,0.5607,0.9281,0.9911,0.0696,0.2893,0.2125,0.0357,0.4632,none
9b,instruct,healthy_q6,q2_amplifier_low_echo,coding,560,0.9196,0.525,0.9309,0.9875,0.0518,0.2732,0.2268,0.05,0.4342,none
9b,instruct,healthy_q6,q2_amplifier_low_echo,epistemic,560,0.9,0.5286,0.931,0.9893,0.0661,0.2518,0.2375,0.0393,0.4374,none
9b,instruct,healthy_q6,q2_amplifier_low_echo,forensic,560,0.9036,0.575,0.9317,0.9893,0.0696,0.2554,0.2089,0.0429,0.4842,none
9b,instruct,healthy_q6,q2_amplifier_low_echo,generalist,560,0.8929,0.5304,0.9256,0.9929,0.0607,0.2911,0.2071,0.0554,0.4346,none
9b,instruct,healthy_q6,q2_amplifier_low_echo,math,560,0.925,0.5375,0.9353,0.9964,0.0625,0.2411,0.2446,0.0446,0.4487,none
9b,instruct,healthy_q6,q2_amplifier_low_echo,planning,560,0.9429,0.6036,0.9395,0.9857,0.0429,0.2696,0.1536,0.0429,0.5224,none
9b,instruct,healthy_q6,q2_amplifier_low_echo,rhetoric,560,0.9143,0.5268,0.9325,0.9875,0.0589,0.2857,0.2304,0.0393,0.4316,none
9b,instruct,healthy_q6,q2_amplifier_low_echo,spatial,560,0.9232,0.5857,0.9343,0.9857,0.0536,0.25,0.1696,0.0643,0.5029,none
9b,instruct,healthy_q6,q3_routed_tri_68,adversarial,560,0.9268,0.7696,0.9597,0.9964,0.0607,0.0464,0.1464,0.0518,0.7278,none
9b,instruct,healthy_q6,q3_routed_tri_68,boundary,560,0.9482,0.7589,0.9617,0.9893,0.0464,0.0446,0.1696,0.05,0.72,none
9b,instruct,healthy_q6,q3_routed_tri_68,coding,560,0.9268,0.7446,0.9605,0.9929,0.0482,0.0321,0.1875,0.0429,0.7066,none
9b,instruct,healthy_q6,q3_routed_tri_68,epistemic,560,0.9286,0.7536,0.9596,0.9929,0.05,0.0268,0.1982,0.0375,0.7155,none
9b,instruct,healthy_q6,q3_routed_tri_68,forensic,560,0.9429,0.7929,0.9654,0.9911,0.05,0.0304,0.1339,0.0357,0.7593,none
9b,instruct,healthy_q6,q3_routed_tri_68,generalist,560,0.9321,0.7625,0.9645,0.9929,0.0339,0.0482,0.1446,0.0518,0.7285,none
9b,instruct,healthy_q6,q3_routed_tri_68,math,560,0.9643,0.7339,0.9634,0.9911,0.0286,0.0268,0.2393,0.05,0.6984,none
9b,instruct,healthy_q6,q3_routed_tri_68,planning,560,0.9625,0.7929,0.9692,0.9875,0.0286,0.0232,0.1661,0.0339,0.7647,none
9b,instruct,healthy_q6,q3_routed_tri_68,rhetoric,560,0.9482,0.7839,0.9664,0.9893,0.0393,0.025,0.1679,0.0375,0.7518,none
9b,instruct,healthy_q6,q3_routed_tri_68,spatial,560,0.9268,0.7982,0.9614,0.9911,0.05,0.025,0.1196,0.0571,0.7658,none
9b,instruct,healthy_q6,q3_stability_tri_72,adversarial,560,0.925,0.7536,0.9557,0.9964,0.05,0.0339,0.175,0.0786,0.7139,none
9b,instruct,healthy_q6,q3_stability_tri_72,boundary,560,0.9411,0.7643,0.9645,0.9964,0.0393,0.0286,0.1821,0.0464,0.7299,none
9b,instruct,healthy_q6,q3_stability_tri_72,coding,560,0.9446,0.8143,0.9662,0.9929,0.0411,0.025,0.1161,0.0554,0.7849,none
9b,instruct,healthy_q6,q3_stability_tri_72,epistemic,560,0.9339,0.7946,0.963,0.9964,0.0518,0.0179,0.1518,0.0393,0.7614,none
9b,instruct,healthy_q6,q3_stability_tri_72,forensic,560,0.9661,0.7875,0.9699,0.9893,0.0286,0.0357,0.1714,0.0339,0.7564,none
9b,instruct,healthy_q6,q3_stability_tri_72,generalist,560,0.9321,0.7464,0.9635,0.9929,0.0482,0.0393,0.1714,0.0339,0.7087,none
9b,instruct,healthy_q6,q3_stability_tri_72,math,560,0.9625,0.7625,0.9653,0.9982,0.025,0.0411,0.2,0.0679,0.7274,none
9b,instruct,healthy_q6,q3_stability_tri_72,planning,560,0.9679,0.7982,0.9723,0.9946,0.0232,0.0286,0.1482,0.0411,0.7716,none
9b,instruct,healthy_q6,q3_stability_tri_72,rhetoric,560,0.9393,0.775,0.962,0.9929,0.0411,0.0357,0.1446,0.0661,0.7407,none
9b,instruct,healthy_q6,q3_stability_tri_72,spatial,560,0.9464,0.8107,0.9691,0.9964,0.0357,0.0375,0.1107,0.05,0.7811,none
9b,instruct,healthy_q6,q4_boundary_pair_72_28,adversarial,560,0.9232,0.7732,0.9584,0.9911,0.0661,0.0268,0.1571,0.0429,0.7333,none
9b,instruct,healthy_q6,q4_boundary_pair_72_28,boundary,560,0.9411,0.7768,0.9585,0.9929,0.0482,0.0339,0.1589,0.0696,0.7393,none
9b,instruct,healthy_q6,q4_boundary_pair_72_28,coding,560,0.9446,0.7732,0.9626,0.9875,0.0286,0.0375,0.1679,0.0696,0.7402,none
9b,instruct,healthy_q6,q4_boundary_pair_72_28,epistemic,560,0.9339,0.7911,0.9606,0.9714,0.0357,0.0036,0.1661,0.0411,0.7643,none
9b,instruct,healthy_q6,q4_boundary_pair_72_28,forensic,560,0.9429,0.7946,0.9628,0.9911,0.0518,0.0143,0.1607,0.0393,0.7614,none
9b,instruct,healthy_q6,q4_boundary_pair_72_28,generalist,560,0.9196,0.7625,0.9591,0.9839,0.0446,0.0375,0.1464,0.0536,0.7272,none
9b,instruct,healthy_q6,q4_boundary_pair_72_28,math,560,0.9589,0.7643,0.9641,0.9911,0.0232,0.0268,0.1964,0.0661,0.7329,none
9b,instruct,healthy_q6,q4_boundary_pair_72_28,planning,560,0.9268,0.7786,0.9599,0.9929,0.0607,0.0339,0.1429,0.0446,0.7399,none
9b,instruct,healthy_q6,q4_boundary_pair_72_28,rhetoric,560,0.9321,0.7607,0.957,0.9875,0.0571,0.0321,0.1786,0.0518,0.7203,none
9b,instruct,healthy_q6,q4_boundary_pair_72_28,spatial,560,0.95,0.7982,0.966,0.9911,0.0482,0.0321,0.1286,0.0411,0.765,none
9b,instruct,healthy_q6,q4_generalist_pair_72_28,adversarial,560,0.9357,0.7786,0.959,0.9911,0.0518,0.0143,0.1732,0.0589,0.7434,none
9b,instruct,healthy_q6,q4_generalist_pair_72_28,boundary,560,0.9411,0.7696,0.9593,0.9839,0.0536,0.0232,0.1714,0.0446,0.733,none
9b,instruct,healthy_q6,q4_generalist_pair_72_28,coding,560,0.9232,0.7732,0.9568,0.9964,0.0571,0.0161,0.1625,0.0661,0.7366,none
9b,instruct,healthy_q6,q4_generalist_pair_72_28,epistemic,560,0.9321,0.7857,0.9628,0.9875,0.05,0.0018,0.1714,0.0304,0.7551,none
9b,instruct,healthy_q6,q4_generalist_pair_72_28,forensic,560,0.9357,0.8179,0.9617,0.9911,0.0536,0.0161,0.1286,0.0518,0.7857,none
9b,instruct,healthy_q6,q4_generalist_pair_72_28,generalist,560,0.9286,0.75,0.9621,0.9911,0.0464,0.0161,0.1804,0.0375,0.7166,none
9b,instruct,healthy_q6,q4_generalist_pair_72_28,math,560,0.9232,0.7179,0.951,0.9875,0.0518,0.0161,0.2321,0.0714,0.677,none
9b,instruct,healthy_q6,q4_generalist_pair_72_28,planning,560,0.9375,0.7875,0.9618,0.9893,0.0446,0.0161,0.1625,0.05,0.7554,none
9b,instruct,healthy_q6,q4_generalist_pair_72_28,rhetoric,560,0.9571,0.7821,0.9696,0.9893,0.0339,0.0161,0.1821,0.025,0.7529,none
9b,instruct,healthy_q6,q4_generalist_pair_72_28,spatial,560,0.9375,0.8036,0.9643,0.9946,0.0554,0.0125,0.1411,0.0357,0.7714,none
9b,instruct,healthy_q8,q2_amplifier_low_echo,adversarial,560,0.8982,0.5554,0.9302,0.9857,0.0714,0.2625,0.1768,0.0429,0.4651,none
9b,instruct,healthy_q8,q2_amplifier_low_echo,boundary,560,0.9018,0.5321,0.9268,0.9964,0.0661,0.3179,0.1893,0.0518,0.431,none
9b,instruct,healthy_q8,q2_amplifier_low_echo,coding,560,0.9357,0.6214,0.9428,0.9821,0.0429,0.2268,0.1643,0.0357,0.5483,none
9b,instruct,healthy_q8,q2_amplifier_low_echo,epistemic,560,0.9196,0.5732,0.9353,0.9875,0.0571,0.2661,0.2018,0.0393,0.4848,none
9b,instruct,healthy_q8,q2_amplifier_low_echo,forensic,560,0.9179,0.5518,0.9355,0.9929,0.0518,0.2857,0.1696,0.0589,0.4626,none
9b,instruct,healthy_q8,q2_amplifier_low_echo,generalist,560,0.9054,0.5232,0.9286,0.9893,0.0554,0.2768,0.2339,0.0411,0.4305,none
9b,instruct,healthy_q8,q2_amplifier_low_echo,math,560,0.925,0.5375,0.9382,0.9911,0.0339,0.2643,0.2268,0.0607,0.4533,none
9b,instruct,healthy_q8,q2_amplifier_low_echo,planning,560,0.9071,0.5536,0.9314,0.9911,0.0625,0.2571,0.1929,0.0482,0.4656,none
9b,instruct,healthy_q8,q2_amplifier_low_echo,rhetoric,560,0.9357,0.5839,0.9405,0.9911,0.0446,0.2375,0.1982,0.0554,0.5044,none
9b,instruct,healthy_q8,q2_amplifier_low_echo,spatial,560,0.9268,0.5696,0.9377,0.9875,0.0482,0.2679,0.1768,0.0554,0.4847,none
9b,instruct,healthy_q8,q3_routed_tri_68,adversarial,560,0.9554,0.8125,0.9697,0.9911,0.0357,0.0375,0.1304,0.0411,0.7818,none
9b,instruct,healthy_q8,q3_routed_tri_68,boundary,560,0.9429,0.7875,0.9654,0.9929,0.0429,0.0393,0.1411,0.0482,0.7531,none
9b,instruct,healthy_q8,q3_routed_tri_68,coding,560,0.9518,0.8107,0.967,0.9911,0.0357,0.0429,0.1286,0.0518,0.7786,none
9b,instruct,healthy_q8,q3_routed_tri_68,epistemic,560,0.9304,0.7661,0.9605,0.9821,0.0464,0.0304,0.1589,0.0429,0.7312,none
9b,instruct,healthy_q8,q3_routed_tri_68,forensic,560,0.9571,0.8125,0.9686,0.9893,0.0286,0.0286,0.1411,0.05,0.7844,none
9b,instruct,healthy_q8,q3_routed_tri_68,generalist,560,0.9214,0.8036,0.962,0.9875,0.0411,0.0268,0.1232,0.0607,0.773,none
9b,instruct,healthy_q8,q3_routed_tri_68,math,560,0.9482,0.7768,0.9631,0.9875,0.0393,0.0196,0.1679,0.0554,0.7449,none
9b,instruct,healthy_q8,q3_routed_tri_68,planning,560,0.95,0.8161,0.9688,0.9911,0.0411,0.0232,0.125,0.0357,0.7873,none
9b,instruct,healthy_q8,q3_routed_tri_68,rhetoric,560,0.9446,0.7714,0.9653,0.9857,0.0339,0.025,0.1732,0.0446,0.7402,none
9b,instruct,healthy_q8,q3_routed_tri_68,spatial,560,0.95,0.8375,0.9716,0.9893,0.0375,0.0357,0.0964,0.0339,0.8097,none
9b,instruct,healthy_q8,q3_stability_tri_72,adversarial,560,0.9446,0.7804,0.9662,0.9875,0.0286,0.0339,0.1571,0.0554,0.7497,none
9b,instruct,healthy_q8,q3_stability_tri_72,boundary,560,0.9518,0.7911,0.9644,0.9893,0.0339,0.0518,0.1357,0.0643,0.7565,none
9b,instruct,healthy_q8,q3_stability_tri_72,coding,560,0.9571,0.8196,0.9702,0.9929,0.0304,0.0214,0.1304,0.0464,0.7935,none
9b,instruct,healthy_q8,q3_stability_tri_72,epistemic,560,0.95,0.8214,0.9705,0.9911,0.0321,0.025,0.1232,0.0393,0.795,none
9b,instruct,healthy_q8,q3_stability_tri_72,forensic,560,0.9536,0.8214,0.9697,0.9893,0.025,0.0268,0.125,0.0536,0.7959,none
9b,instruct,healthy_q8,q3_stability_tri_72,generalist,560,0.9429,0.8036,0.9666,0.9875,0.0357,0.0375,0.1214,0.0464,0.7733,none
9b,instruct,healthy_q8,q3_stability_tri_72,math,560,0.9554,0.8,0.9664,0.9893,0.025,0.0339,0.1571,0.0643,0.7699,none
9b,instruct,healthy_q8,q3_stability_tri_72,planning,560,0.9571,0.8196,0.9691,0.9857,0.0339,0.0161,0.1321,0.0357,0.7939,none
9b,instruct,healthy_q8,q3_stability_tri_72,rhetoric,560,0.9518,0.8071,0.9688,0.9893,0.0339,0.025,0.1393,0.0446,0.7786,none
9b,instruct,healthy_q8,q3_stability_tri_72,spatial,560,0.95,0.8214,0.9681,0.9911,0.0339,0.0339,0.1125,0.0536,0.7928,none
9b,instruct,healthy_q8,q4_boundary_pair_72_28,adversarial,560,0.9589,0.8411,0.9699,0.9875,0.0286,0.0196,0.1143,0.0571,0.8166,none
9b,instruct,healthy_q8,q4_boundary_pair_72_28,boundary,560,0.9536,0.7571,0.9667,0.9911,0.0357,0.0571,0.1607,0.0429,0.72,none
9b,instruct,healthy_q8,q4_boundary_pair_72_28,coding,560,0.9464,0.8018,0.9683,0.9929,0.0357,0.025,0.1411,0.0429,0.7726,none
9b,instruct,healthy_q8,q4_boundary_pair_72_28,epistemic,560,0.9393,0.8089,0.9673,0.9929,0.0393,0.0161,0.1232,0.0446,0.7818,none
9b,instruct,healthy_q8,q4_boundary_pair_72_28,forensic,560,0.9411,0.7893,0.9625,0.9857,0.0393,0.0339,0.1446,0.0571,0.7563,none
9b,instruct,healthy_q8,q4_boundary_pair_72_28,generalist,560,0.9232,0.7714,0.9607,0.9911,0.0411,0.0357,0.1339,0.0643,0.738,none
9b,instruct,healthy_q8,q4_boundary_pair_72_28,math,560,0.9625,0.8125,0.9719,0.9946,0.0268,0.0232,0.1411,0.0482,0.7861,none
9b,instruct,healthy_q8,q4_boundary_pair_72_28,planning,560,0.9643,0.8554,0.9692,0.9768,0.0268,0.0214,0.0982,0.0482,0.8328,none
9b,instruct,healthy_q8,q4_boundary_pair_72_28,rhetoric,560,0.9446,0.7821,0.9649,0.9875,0.0286,0.0304,0.1589,0.0607,0.7518,none
9b,instruct,healthy_q8,q4_boundary_pair_72_28,spatial,560,0.9714,0.8286,0.9737,0.9911,0.0196,0.025,0.1339,0.0464,0.8046,none
9b,instruct,healthy_q8,q4_generalist_pair_72_28,adversarial,560,0.9268,0.7929,0.9578,0.9929,0.0571,0.0214,0.1464,0.0661,0.7564,none
9b,instruct,healthy_q8,q4_generalist_pair_72_28,boundary,560,0.9446,0.7768,0.9614,0.9946,0.0464,0.0446,0.1714,0.0536,0.7375,none
9b,instruct,healthy_q8,q4_generalist_pair_72_28,coding,560,0.9554,0.8143,0.9676,0.9893,0.0357,0.0125,0.1411,0.0446,0.7876,none
9b,instruct,healthy_q8,q4_generalist_pair_72_28,epistemic,560,0.9286,0.7786,0.9602,0.9839,0.0411,0.0018,0.1732,0.0464,0.7497,none
9b,instruct,healthy_q8,q4_generalist_pair_72_28,forensic,560,0.9589,0.8161,0.9678,0.9929,0.0321,0.025,0.1339,0.0554,0.7879,none
9b,instruct,healthy_q8,q4_generalist_pair_72_28,generalist,560,0.9482,0.7982,0.9689,0.9929,0.0304,0.0196,0.1429,0.0446,0.7715,none
9b,instruct,healthy_q8,q4_generalist_pair_72_28,math,560,0.9429,0.7554,0.961,0.9821,0.0375,0.0214,0.2107,0.0429,0.7208,none
9b,instruct,healthy_q8,q4_generalist_pair_72_28,planning,560,0.9625,0.8232,0.97,0.9929,0.0304,0.0232,0.1196,0.0446,0.7977,none
9b,instruct,healthy_q8,q4_generalist_pair_72_28,rhetoric,560,0.95,0.7911,0.965,0.9875,0.0357,0.0143,0.175,0.0446,0.7613,none
9b,instruct,healthy_q8,q4_generalist_pair_72_28,spatial,560,0.9518,0.8393,0.9682,0.9911,0.0357,0.0179,0.1143,0.0518,0.8133,none
9b,instruct,q8_k_m,q2_amplifier_low_echo,adversarial,560,0.9214,0.5732,0.9346,0.9929,0.0464,0.2929,0.1839,0.0446,0.4838,none
9b,instruct,q8_k_m,q2_amplifier_low_echo,boundary,560,0.9304,0.5696,0.9369,0.9946,0.0446,0.2857,0.175,0.0482,0.4827,none
9b,instruct,q8_k_m,q2_amplifier_low_echo,coding,560,0.9286,0.5786,0.9389,0.9893,0.0411,0.2696,0.1732,0.0464,0.4961,none
9b,instruct,q8_k_m,q2_amplifier_low_echo,epistemic,560,0.9143,0.5804,0.9369,0.9857,0.0518,0.2554,0.1768,0.0464,0.4973,none
9b,instruct,q8_k_m,q2_amplifier_low_echo,forensic,560,0.9214,0.5607,0.9402,0.9929,0.0554,0.2911,0.1554,0.0321,0.4719,none
9b,instruct,q8_k_m,q2_amplifier_low_echo,generalist,560,0.9107,0.5268,0.9319,0.9982,0.0554,0.2893,0.2018,0.0411,0.4341,none
9b,instruct,q8_k_m,q2_amplifier_low_echo,math,560,0.9375,0.5732,0.9428,0.9946,0.0375,0.2446,0.2125,0.0536,0.4934,none
9b,instruct,q8_k_m,q2_amplifier_low_echo,planning,560,0.925,0.5911,0.9349,0.9911,0.0464,0.2875,0.1536,0.0554,0.5046,none
9b,instruct,q8_k_m,q2_amplifier_low_echo,rhetoric,560,0.9268,0.5714,0.9402,0.9911,0.0375,0.2679,0.2071,0.0518,0.4874,none
9b,instruct,q8_k_m,q2_amplifier_low_echo,spatial,560,0.9339,0.575,0.9414,0.9911,0.0446,0.2964,0.1446,0.0446,0.4885,none
9b,instruct,q8_k_m,q3_routed_tri_68,adversarial,560,0.9732,0.8304,0.9754,0.9893,0.0107,0.0429,0.1161,0.0589,0.8063,none
9b,instruct,q8_k_m,q3_routed_tri_68,boundary,560,0.9446,0.8036,0.9641,0.9839,0.0357,0.0411,0.1321,0.0589,0.7711,none
9b,instruct,q8_k_m,q3_routed_tri_68,coding,560,0.9571,0.8018,0.9706,0.9893,0.025,0.0429,0.1304,0.0464,0.773,none
9b,instruct,q8_k_m,q3_routed_tri_68,epistemic,560,0.9339,0.7929,0.9649,0.9946,0.0357,0.0232,0.15,0.05,0.763,none
9b,instruct,q8_k_m,q3_routed_tri_68,forensic,560,0.9482,0.8,0.9639,0.9929,0.0429,0.0286,0.1429,0.0536,0.7673,none
9b,instruct,q8_k_m,q3_routed_tri_68,generalist,560,0.9464,0.7643,0.969,0.9875,0.0214,0.0482,0.1482,0.0464,0.734,none
9b,instruct,q8_k_m,q3_routed_tri_68,math,560,0.9518,0.8089,0.9701,0.9982,0.0286,0.0196,0.1411,0.0554,0.7824,none
9b,instruct,q8_k_m,q3_routed_tri_68,planning,560,0.9464,0.8125,0.9649,0.9929,0.025,0.0357,0.1232,0.075,0.7843,none
9b,instruct,q8_k_m,q3_routed_tri_68,rhetoric,560,0.9732,0.8321,0.9744,0.9893,0.0179,0.0339,0.1286,0.0446,0.8075,none
9b,instruct,q8_k_m,q3_routed_tri_68,spatial,560,0.9714,0.8446,0.9759,0.9946,0.025,0.0286,0.1018,0.0411,0.8212,none
9b,instruct,q8_k_m,q3_stability_tri_72,adversarial,560,0.9589,0.825,0.9722,0.9875,0.0357,0.0446,0.1089,0.0321,0.795,none
9b,instruct,q8_k_m,q3_stability_tri_72,boundary,560,0.9571,0.8036,0.9689,0.9929,0.0321,0.0554,0.1143,0.0554,0.7709,none
9b,instruct,q8_k_m,q3_stability_tri_72,coding,560,0.9607,0.8161,0.9709,0.9893,0.0232,0.0304,0.1357,0.0482,0.7898,none
9b,instruct,q8_k_m,q3_stability_tri_72,epistemic,560,0.9339,0.7875,0.9611,0.9804,0.0357,0.0214,0.15,0.0571,0.7576,none
9b,instruct,q8_k_m,q3_stability_tri_72,forensic,560,0.9696,0.825,0.9716,0.9893,0.0268,0.0429,0.1214,0.0482,0.7963,none
9b,instruct,q8_k_m,q3_stability_tri_72,generalist,560,0.9268,0.7857,0.9619,0.9875,0.0357,0.0411,0.1357,0.0607,0.7529,none
9b,instruct,q8_k_m,q3_stability_tri_72,math,560,0.9643,0.7893,0.9701,0.9857,0.0214,0.0304,0.1679,0.0446,0.7611,none
9b,instruct,q8_k_m,q3_stability_tri_72,planning,560,0.9679,0.8375,0.9716,0.9911,0.0214,0.0304,0.1107,0.0571,0.8133,none
9b,instruct,q8_k_m,q3_stability_tri_72,rhetoric,560,0.9661,0.7857,0.9692,0.9786,0.0268,0.0375,0.1661,0.0321,0.7553,none
9b,instruct,q8_k_m,q3_stability_tri_72,spatial,560,0.9536,0.8375,0.9671,0.9911,0.0357,0.0196,0.1107,0.0589,0.8111,none
9b,instruct,q8_k_m,q4_boundary_pair_72_28,adversarial,560,0.9482,0.8214,0.9689,0.9893,0.0375,0.0321,0.1054,0.05,0.7928,none
9b,instruct,q8_k_m,q4_boundary_pair_72_28,boundary,560,0.9339,0.8071,0.962,0.9875,0.0429,0.0268,0.1214,0.0679,0.7758,none
9b,instruct,q8_k_m,q4_boundary_pair_72_28,coding,560,0.9571,0.8286,0.9686,0.9839,0.025,0.0286,0.1036,0.0607,0.804,none
9b,instruct,q8_k_m,q4_boundary_pair_72_28,epistemic,560,0.9339,0.7875,0.9647,0.9946,0.0375,0.0214,0.1464,0.05,0.7578,none
9b,instruct,q8_k_m,q4_boundary_pair_72_28,forensic,560,0.9518,0.8286,0.9656,0.9821,0.0357,0.0214,0.1304,0.05,0.8006,none
9b,instruct,q8_k_m,q4_boundary_pair_72_28,generalist,560,0.9393,0.7964,0.9694,0.9911,0.0375,0.0411,0.1143,0.0357,0.766,none
9b,instruct,q8_k_m,q4_boundary_pair_72_28,math,560,0.9679,0.7964,0.9725,0.9946,0.0214,0.0375,0.1625,0.0429,0.7674,none
9b,instruct,q8_k_m,q4_boundary_pair_72_28,planning,560,0.9625,0.8446,0.9731,0.9929,0.0196,0.0357,0.1054,0.0518,0.8206,none
9b,instruct,q8_k_m,q4_boundary_pair_72_28,rhetoric,560,0.9554,0.8143,0.9718,0.9911,0.0214,0.0161,0.1429,0.0464,0.7909,none
9b,instruct,q8_k_m,q4_boundary_pair_72_28,spatial,560,0.9589,0.8357,0.9697,0.9857,0.0232,0.0161,0.125,0.0518,0.8129,none
9b,instruct,q8_k_m,q4_generalist_pair_72_28,adversarial,560,0.9411,0.8268,0.9677,0.9929,0.0464,0.0179,0.1089,0.0464,0.7983,none
9b,instruct,q8_k_m,q4_generalist_pair_72_28,boundary,560,0.9536,0.825,0.968,0.9893,0.0304,0.0357,0.1107,0.0625,0.7968,none
9b,instruct,q8_k_m,q4_generalist_pair_72_28,coding,560,0.9482,0.8286,0.9665,0.9857,0.0411,0.0286,0.1107,0.0482,0.7993,none
9b,instruct,q8_k_m,q4_generalist_pair_72_28,epistemic,560,0.9607,0.8232,0.9749,0.9946,0.0214,0.0071,0.15,0.0286,0.8019,none
9b,instruct,q8_k_m,q4_generalist_pair_72_28,forensic,560,0.9518,0.8107,0.9679,0.9911,0.0321,0.0196,0.1482,0.0429,0.7831,none
9b,instruct,q8_k_m,q4_generalist_pair_72_28,generalist,560,0.9554,0.7875,0.9682,0.9839,0.025,0.0321,0.1536,0.0411,0.7592,none
9b,instruct,q8_k_m,q4_generalist_pair_72_28,math,560,0.9643,0.8107,0.9711,0.9893,0.0214,0.0143,0.1571,0.0482,0.7864,none
9b,instruct,q8_k_m,q4_generalist_pair_72_28,planning,560,0.9571,0.8589,0.9723,0.9911,0.0321,0.0125,0.0946,0.0411,0.8372,none
9b,instruct,q8_k_m,q4_generalist_pair_72_28,rhetoric,560,0.9554,0.8232,0.967,0.9857,0.0357,0.0107,0.1446,0.0446,0.7966,none
9b,instruct,q8_k_m,q4_generalist_pair_72_28,spatial,560,0.9661,0.8464,0.9741,0.9875,0.0214,0.025,0.1089,0.0429,0.8241,none
