model,substrate,quant,stack,pressure_band,trials,pass_rate,clean_pass_rate,mean_score,classified_rate,cascade_rate,echo_rate,avg_distractors,avg_missing_required,stability_score,top_failure
27b,base,base_f16,q2_amplifier_low_echo,extreme,1400,0.9193,0.4836,0.9201,0.9893,0.0507,0.3714,0.2157,0.0579,0.3739,none
27b,base,base_f16,q2_amplifier_low_echo,high,1400,0.9357,0.5721,0.9409,0.9921,0.0357,0.2979,0.1557,0.0607,0.4864,none
27b,base,base_f16,q2_amplifier_low_echo,low,1400,0.9221,0.6443,0.9503,0.99,0.04,0.2043,0.1143,0.0393,0.5803,none
27b,base,base_f16,q2_amplifier_low_echo,medium,1400,0.9364,0.6193,0.9437,0.9907,0.0429,0.2379,0.1443,0.0564,0.5445,none
27b,base,base_f16,q3_routed_tri_68,extreme,1400,0.9757,0.7829,0.9695,0.9929,0.0207,0.0729,0.14,0.0643,0.7477,none
27b,base,base_f16,q3_routed_tri_68,high,1400,0.9764,0.8457,0.9732,0.9893,0.0171,0.0314,0.1121,0.0579,0.8224,none
27b,base,base_f16,q3_routed_tri_68,low,1400,0.9557,0.8714,0.9798,0.9857,0.0114,0.0236,0.0693,0.0321,0.8561,none
27b,base,base_f16,q3_routed_tri_68,medium,1400,0.9729,0.8829,0.9783,0.9893,0.015,0.0236,0.0736,0.0457,0.8655,none
27b,base,base_f16,q3_stability_tri_72,extreme,1400,0.9729,0.7736,0.9676,0.9871,0.02,0.07,0.1586,0.0643,0.7377,none
27b,base,base_f16,q3_stability_tri_72,high,1400,0.9807,0.845,0.9772,0.9929,0.0143,0.0379,0.1136,0.0457,0.8218,none
27b,base,base_f16,q3_stability_tri_72,low,1400,0.9536,0.8679,0.9789,0.9886,0.0121,0.0236,0.07,0.0357,0.8521,none
27b,base,base_f16,q3_stability_tri_72,medium,1400,0.97,0.8836,0.9795,0.9921,0.0143,0.0243,0.0693,0.045,0.8666,none
27b,base,base_f16,q4_boundary_pair_72_28,extreme,1400,0.9636,0.8021,0.9691,0.9914,0.0321,0.0536,0.1286,0.0529,0.7689,none
27b,base,base_f16,q4_boundary_pair_72_28,high,1400,0.9736,0.845,0.9743,0.9907,0.02,0.04,0.0986,0.055,0.8204,none
27b,base,base_f16,q4_boundary_pair_72_28,low,1400,0.9564,0.8807,0.9808,0.9893,0.01,0.0207,0.0636,0.035,0.8667,none
27b,base,base_f16,q4_boundary_pair_72_28,medium,1400,0.975,0.8807,0.9794,0.9907,0.0114,0.0329,0.0721,0.0486,0.8625,none
27b,base,base_f16,q4_generalist_pair_72_28,extreme,1400,0.965,0.8021,0.9671,0.9907,0.0271,0.05,0.1407,0.0679,0.7693,none
27b,base,base_f16,q4_generalist_pair_72_28,high,1400,0.9743,0.8579,0.9738,0.9871,0.0186,0.0207,0.11,0.0514,0.8368,none
27b,base,base_f16,q4_generalist_pair_72_28,low,1400,0.9564,0.8843,0.9801,0.9921,0.0136,0.0107,0.065,0.0336,0.8712,none
27b,base,base_f16,q4_generalist_pair_72_28,medium,1400,0.9736,0.8871,0.9759,0.9893,0.0143,0.0164,0.0779,0.0571,0.8705,none
27b,base,collapsed_q2_edge,q2_amplifier_low_echo,extreme,1400,0.6893,0.2321,0.8095,0.8886,0.1664,0.3664,0.6529,0.1879,0.0473,distractor_capture
27b,base,collapsed_q2_edge,q2_amplifier_low_echo,high,1400,0.7586,0.3393,0.8506,0.91,0.1586,0.3164,0.4314,0.1271,0.1876,none
27b,base,collapsed_q2_edge,q2_amplifier_low_echo,low,1400,0.875,0.5493,0.9216,0.9671,0.08,0.1979,0.2364,0.05,0.4643,none
27b,base,collapsed_q2_edge,q2_amplifier_low_echo,medium,1400,0.8136,0.4464,0.8903,0.9336,0.1214,0.2457,0.3186,0.0736,0.3317,none
27b,base,collapsed_q2_edge,q3_routed_tri_68,extreme,1400,0.4514,0.2371,0.6564,0.815,0.2393,0.0593,0.6407,1.1186,0.0463,distractor_capture
27b,base,collapsed_q2_edge,q3_routed_tri_68,high,1400,0.5214,0.365,0.7057,0.8607,0.2,0.0414,0.4086,0.8914,0.2195,none
27b,base,collapsed_q2_edge,q3_routed_tri_68,low,1400,0.6864,0.5286,0.8554,0.9243,0.105,0.0214,0.2343,0.2836,0.4599,none
27b,base,collapsed_q2_edge,q3_routed_tri_68,medium,1400,0.6343,0.4764,0.7962,0.8964,0.1429,0.0329,0.315,0.555,0.374,none
27b,base,collapsed_q2_edge,q3_stability_tri_72,extreme,1400,0.4836,0.2586,0.6791,0.8193,0.2443,0.0786,0.6157,0.9836,0.0711,none
27b,base,collapsed_q2_edge,q3_stability_tri_72,high,1400,0.5457,0.3907,0.7211,0.8536,0.1871,0.0357,0.4107,0.8271,0.2532,none
27b,base,collapsed_q2_edge,q3_stability_tri_72,low,1400,0.7279,0.5714,0.879,0.9221,0.0857,0.0171,0.2221,0.2236,0.5133,none
27b,base,collapsed_q2_edge,q3_stability_tri_72,medium,1400,0.6464,0.4721,0.8015,0.8743,0.1271,0.0386,0.3221,0.5214,0.3744,none
27b,base,collapsed_q2_edge,q4_boundary_pair_72_28,extreme,1400,0.2614,0.1357,0.5035,0.7164,0.3107,0.0607,0.5957,1.8371,-0.1092,cascade
27b,base,collapsed_q2_edge,q4_boundary_pair_72_28,high,1400,0.3007,0.2186,0.5401,0.7764,0.2736,0.0293,0.4293,1.5657,0.018,cascade
27b,base,collapsed_q2_edge,q4_boundary_pair_72_28,low,1400,0.4293,0.3479,0.7063,0.8221,0.1271,0.0229,0.2014,0.7336,0.2524,none
27b,base,collapsed_q2_edge,q4_boundary_pair_72_28,medium,1400,0.3957,0.3164,0.6356,0.7943,0.1879,0.0286,0.2914,1.1771,0.1722,none
27b,base,collapsed_q2_edge,q4_generalist_pair_72_28,extreme,1400,0.2086,0.1143,0.4668,0.7321,0.3121,0.0371,0.6636,2.0814,-0.1439,cascade
27b,base,collapsed_q2_edge,q4_generalist_pair_72_28,high,1400,0.2557,0.1971,0.5222,0.7643,0.2707,0.0207,0.4714,1.6579,-0.0088,cascade
27b,base,collapsed_q2_edge,q4_generalist_pair_72_28,low,1400,0.4157,0.3414,0.7143,0.8586,0.12,0.0093,0.2371,0.7321,0.248,none
27b,base,collapsed_q2_edge,q4_generalist_pair_72_28,medium,1400,0.365,0.3171,0.6151,0.8214,0.1914,0.0121,0.295,1.3057,0.1684,none
27b,base,damaged_q2,q2_amplifier_low_echo,extreme,1400,0.8007,0.3021,0.8626,0.9529,0.1379,0.37,0.5293,0.06,0.1414,distractor_capture
27b,base,damaged_q2,q2_amplifier_low_echo,high,1400,0.8714,0.4107,0.9047,0.985,0.0993,0.3107,0.3657,0.0564,0.2867,none
27b,base,damaged_q2,q2_amplifier_low_echo,low,1400,0.8914,0.5729,0.9334,0.9886,0.0636,0.2007,0.2171,0.0471,0.4939,none
27b,base,damaged_q2,q2_amplifier_low_echo,medium,1400,0.89,0.4957,0.92,0.9907,0.085,0.2779,0.2786,0.0471,0.39,none
27b,base,damaged_q2,q3_routed_tri_68,extreme,1400,0.7686,0.4357,0.8592,0.9129,0.14,0.0621,0.5086,0.2479,0.3282,none
27b,base,damaged_q2,q3_routed_tri_68,high,1400,0.8036,0.56,0.8893,0.9514,0.1293,0.0393,0.3471,0.1807,0.4766,none
27b,base,damaged_q2,q3_routed_tri_68,low,1400,0.8979,0.7007,0.9534,0.9929,0.0607,0.0229,0.2114,0.0421,0.6589,none
27b,base,damaged_q2,q3_routed_tri_68,medium,1400,0.8786,0.6693,0.9344,0.9714,0.0879,0.0357,0.23,0.0764,0.6136,none
27b,base,damaged_q2,q3_stability_tri_72,extreme,1400,0.7964,0.4393,0.8735,0.9336,0.1514,0.0729,0.4986,0.1729,0.3308,none
27b,base,damaged_q2,q3_stability_tri_72,high,1400,0.8421,0.555,0.9088,0.9564,0.1071,0.0486,0.3621,0.1171,0.4783,none
27b,base,damaged_q2,q3_stability_tri_72,low,1400,0.9014,0.7064,0.9531,0.9929,0.0664,0.02,0.2079,0.0364,0.6641,none
27b,base,damaged_q2,q3_stability_tri_72,medium,1400,0.8786,0.6521,0.9353,0.9736,0.0921,0.0357,0.255,0.0593,0.594,none
27b,base,damaged_q2,q4_boundary_pair_72_28,extreme,1400,0.6164,0.3607,0.7565,0.8436,0.18,0.0521,0.5043,0.7079,0.2205,none
27b,base,damaged_q2,q4_boundary_pair_72_28,high,1400,0.6379,0.4807,0.7734,0.875,0.1429,0.0286,0.3264,0.6686,0.3726,none
27b,base,damaged_q2,q4_boundary_pair_72_28,low,1400,0.7436,0.6043,0.8857,0.9243,0.0679,0.0214,0.1829,0.2286,0.5536,none
27b,base,damaged_q2,q4_boundary_pair_72_28,medium,1400,0.7007,0.5614,0.8296,0.9,0.1171,0.0264,0.2593,0.4507,0.4777,none
27b,base,damaged_q2,q4_generalist_pair_72_28,extreme,1400,0.5764,0.33,0.7365,0.8879,0.1707,0.045,0.5721,0.8743,0.1803,none
27b,base,damaged_q2,q4_generalist_pair_72_28,high,1400,0.6293,0.4571,0.7705,0.9043,0.1457,0.0186,0.3657,0.7107,0.3449,none
27b,base,damaged_q2,q4_generalist_pair_72_28,low,1400,0.7814,0.6079,0.9078,0.9779,0.0671,0.0064,0.2321,0.1829,0.5587,none
27b,base,damaged_q2,q4_generalist_pair_72_28,medium,1400,0.7086,0.5436,0.8431,0.9364,0.1121,0.0186,0.2921,0.42,0.4618,none
27b,base,damaged_q3,q2_amplifier_low_echo,extreme,1400,0.8671,0.38,0.8932,0.9921,0.0943,0.3593,0.4043,0.07,0.244,none
27b,base,damaged_q3,q2_amplifier_low_echo,high,1400,0.8936,0.5036,0.9221,0.9914,0.0829,0.285,0.2507,0.0514,0.3991,none
27b,base,damaged_q3,q2_amplifier_low_echo,low,1400,0.9086,0.6107,0.9439,0.9907,0.0557,0.195,0.1671,0.0343,0.5399,none
27b,base,damaged_q3,q2_amplifier_low_echo,medium,1400,0.9107,0.5521,0.9342,0.9886,0.0579,0.265,0.1943,0.05,0.4637,none
27b,base,damaged_q3,q3_routed_tri_68,extreme,1400,0.8879,0.5843,0.9322,0.9921,0.1057,0.07,0.3193,0.0564,0.5102,none
27b,base,damaged_q3,q3_routed_tri_68,high,1400,0.9107,0.6907,0.947,0.9857,0.0743,0.0393,0.24,0.0521,0.6388,none
27b,base,damaged_q3,q3_routed_tri_68,low,1400,0.9343,0.8079,0.9708,0.9964,0.0414,0.02,0.12,0.0257,0.7805,none
27b,base,damaged_q3,q3_routed_tri_68,medium,1400,0.9321,0.7607,0.96,0.9886,0.0514,0.0386,0.1679,0.0464,0.7218,none
27b,base,damaged_q3,q3_stability_tri_72,extreme,1400,0.92,0.61,0.9415,0.9929,0.0757,0.0621,0.3179,0.06,0.5464,none
27b,base,damaged_q3,q3_stability_tri_72,high,1400,0.9207,0.7057,0.9509,0.9929,0.0693,0.0321,0.2307,0.0514,0.6575,none
27b,base,damaged_q3,q3_stability_tri_72,low,1400,0.9243,0.8036,0.9655,0.985,0.0393,0.015,0.1221,0.0386,0.7771,none
27b,base,damaged_q3,q3_stability_tri_72,medium,1400,0.9457,0.7793,0.9631,0.9914,0.0429,0.0293,0.1586,0.0507,0.7453,none
27b,base,damaged_q3,q4_boundary_pair_72_28,extreme,1400,0.9057,0.5957,0.9342,0.9836,0.0829,0.0629,0.345,0.065,0.5274,none
27b,base,damaged_q3,q4_boundary_pair_72_28,high,1400,0.8993,0.6757,0.9403,0.9857,0.0864,0.0343,0.2371,0.0679,0.6206,none
27b,base,damaged_q3,q4_boundary_pair_72_28,low,1400,0.9121,0.7929,0.9623,0.9886,0.0464,0.0136,0.1236,0.0429,0.7642,none
27b,base,damaged_q3,q4_boundary_pair_72_28,medium,1400,0.9229,0.75,0.9564,0.985,0.0621,0.03,0.1707,0.0436,0.7095,none
27b,base,damaged_q3,q4_generalist_pair_72_28,extreme,1400,0.8771,0.5971,0.9279,0.985,0.1057,0.0436,0.3529,0.0621,0.5254,none
27b,base,damaged_q3,q4_generalist_pair_72_28,high,1400,0.8979,0.6771,0.9428,0.99,0.085,0.025,0.255,0.0557,0.6235,none
27b,base,damaged_q3,q4_generalist_pair_72_28,low,1400,0.9186,0.7943,0.9648,0.9914,0.0371,0.01,0.1364,0.0436,0.768,none
27b,base,damaged_q3,q4_generalist_pair_72_28,medium,1400,0.9107,0.7493,0.9545,0.9864,0.0686,0.0193,0.165,0.0464,0.7093,none
27b,base,damaged_q4,q2_amplifier_low_echo,extreme,1400,0.8829,0.4043,0.8996,0.9871,0.0814,0.3707,0.3364,0.07,0.2753,none
27b,base,damaged_q4,q2_amplifier_low_echo,high,1400,0.9107,0.5207,0.9272,0.9879,0.0621,0.2879,0.2343,0.0593,0.4228,none
27b,base,damaged_q4,q2_amplifier_low_echo,low,1400,0.9129,0.6207,0.9445,0.9843,0.0443,0.2286,0.1343,0.0379,0.5491,none
27b,base,damaged_q4,q2_amplifier_low_echo,medium,1400,0.9221,0.5986,0.9391,0.9871,0.0564,0.2293,0.1857,0.0443,0.5187,none
27b,base,damaged_q4,q3_routed_tri_68,extreme,1400,0.9221,0.6307,0.9447,0.985,0.0643,0.0729,0.2893,0.0614,0.5706,none
27b,base,damaged_q4,q3_routed_tri_68,high,1400,0.9414,0.745,0.9593,0.9907,0.0493,0.0343,0.2007,0.0493,0.7048,none
27b,base,damaged_q4,q3_routed_tri_68,low,1400,0.9343,0.8257,0.9718,0.9921,0.03,0.0229,0.1014,0.0364,0.8022,none
27b,base,damaged_q4,q3_routed_tri_68,medium,1400,0.9436,0.7821,0.9645,0.9929,0.0443,0.0307,0.155,0.0457,0.748,none
27b,base,damaged_q4,q3_stability_tri_72,extreme,1400,0.925,0.655,0.946,0.9893,0.0664,0.0721,0.2679,0.0643,0.596,none
27b,base,damaged_q4,q3_stability_tri_72,high,1400,0.9257,0.7343,0.9542,0.9871,0.0621,0.0371,0.195,0.0529,0.69,none
27b,base,damaged_q4,q3_stability_tri_72,low,1400,0.9407,0.8279,0.9734,0.9936,0.0271,0.0186,0.1093,0.0329,0.8056,none
27b,base,damaged_q4,q3_stability_tri_72,medium,1400,0.9364,0.7993,0.9641,0.9929,0.0536,0.03,0.1307,0.0414,0.7647,none
27b,base,damaged_q4,q4_boundary_pair_72_28,extreme,1400,0.9343,0.65,0.9498,0.9914,0.0586,0.0486,0.2921,0.0514,0.5968,none
27b,base,damaged_q4,q4_boundary_pair_72_28,high,1400,0.9157,0.7379,0.9539,0.9871,0.0686,0.0329,0.1871,0.0464,0.6934,none
27b,base,damaged_q4,q4_boundary_pair_72_28,low,1400,0.9314,0.8257,0.9713,0.9943,0.0286,0.015,0.1014,0.0414,0.804,none
27b,base,damaged_q4,q4_boundary_pair_72_28,medium,1400,0.925,0.7779,0.9589,0.9864,0.055,0.0257,0.1471,0.0514,0.7419,none
27b,base,damaged_q4,q4_generalist_pair_72_28,extreme,1400,0.9186,0.6707,0.9461,0.9907,0.0729,0.0457,0.2736,0.0543,0.6151,none
27b,base,damaged_q4,q4_generalist_pair_72_28,high,1400,0.9221,0.7371,0.9506,0.9886,0.0607,0.02,0.2086,0.0693,0.6948,none
27b,base,damaged_q4,q4_generalist_pair_72_28,low,1400,0.9457,0.8279,0.974,0.9936,0.0221,0.0079,0.1193,0.0336,0.8084,none
27b,base,damaged_q4,q4_generalist_pair_72_28,medium,1400,0.9393,0.8,0.9642,0.99,0.0464,0.0171,0.1486,0.0421,0.7687,none
27b,base,healthy_q6,q2_amplifier_low_echo,extreme,1400,0.8879,0.42,0.9043,0.99,0.0779,0.3864,0.265,0.0729,0.2945,none
27b,base,healthy_q6,q2_amplifier_low_echo,high,1400,0.9157,0.5243,0.9303,0.9871,0.0564,0.3043,0.21,0.0543,0.427,none
27b,base,healthy_q6,q2_amplifier_low_echo,low,1400,0.92,0.6236,0.9476,0.99,0.0479,0.2114,0.1371,0.0314,0.5544,none
27b,base,healthy_q6,q2_amplifier_low_echo,medium,1400,0.9321,0.6193,0.9445,0.9914,0.0436,0.2436,0.1464,0.05,0.5433,none
27b,base,healthy_q6,q3_routed_tri_68,extreme,1400,0.9514,0.7279,0.9588,0.99,0.04,0.065,0.2093,0.0636,0.6829,none
27b,base,healthy_q6,q3_routed_tri_68,high,1400,0.96,0.815,0.9699,0.9929,0.0321,0.0364,0.1329,0.0479,0.785,none
27b,base,healthy_q6,q3_routed_tri_68,low,1400,0.9479,0.8443,0.9775,0.9957,0.0229,0.0257,0.0836,0.0314,0.824,none
27b,base,healthy_q6,q3_routed_tri_68,medium,1400,0.9579,0.8421,0.9731,0.9936,0.03,0.0279,0.1021,0.0436,0.8172,none
27b,base,healthy_q6,q3_stability_tri_72,extreme,1400,0.9257,0.7243,0.9508,0.9914,0.0679,0.0629,0.1936,0.0686,0.6724,none
27b,base,healthy_q6,q3_stability_tri_72,high,1400,0.9543,0.7879,0.9666,0.995,0.04,0.0479,0.1421,0.0521,0.7523,none
27b,base,healthy_q6,q3_stability_tri_72,low,1400,0.9407,0.8593,0.9748,0.9857,0.0236,0.02,0.07,0.0357,0.8408,none
27b,base,healthy_q6,q3_stability_tri_72,medium,1400,0.9521,0.825,0.9703,0.99,0.035,0.0421,0.1036,0.045,0.7955,none
27b,base,healthy_q6,q4_boundary_pair_72_28,extreme,1400,0.9457,0.7257,0.9571,0.9907,0.05,0.0557,0.2057,0.0579,0.6802,none
27b,base,healthy_q6,q4_boundary_pair_72_28,high,1400,0.9521,0.7829,0.9643,0.9886,0.0393,0.0379,0.16,0.0514,0.7481,none
27b,base,healthy_q6,q4_boundary_pair_72_28,low,1400,0.94,0.845,0.9741,0.9871,0.0236,0.02,0.08,0.0364,0.8257,none
27b,base,healthy_q6,q4_boundary_pair_72_28,medium,1400,0.9521,0.8343,0.9674,0.9879,0.0329,0.0257,0.1071,0.0586,0.8078,none
27b,base,healthy_q6,q4_generalist_pair_72_28,extreme,1400,0.945,0.7307,0.9583,0.9871,0.0486,0.0464,0.205,0.0493,0.688,none
27b,base,healthy_q6,q4_generalist_pair_72_28,high,1400,0.9486,0.8,0.9647,0.9921,0.0421,0.0179,0.1579,0.0493,0.7687,none
27b,base,healthy_q6,q4_generalist_pair_72_28,low,1400,0.9364,0.8521,0.9723,0.9879,0.0236,0.0029,0.0886,0.0414,0.8353,none
27b,base,healthy_q6,q4_generalist_pair_72_28,medium,1400,0.9529,0.8386,0.9689,0.9914,0.0329,0.0136,0.115,0.0521,0.8142,none
27b,base,healthy_q8,q2_amplifier_low_echo,extreme,1400,0.9221,0.4721,0.9204,0.9929,0.0529,0.3479,0.2514,0.0536,0.3639,none
27b,base,healthy_q8,q2_amplifier_low_echo,high,1400,0.9221,0.5407,0.9322,0.9893,0.055,0.3043,0.1893,0.0564,0.4454,none
27b,base,healthy_q8,q2_amplifier_low_echo,low,1400,0.9293,0.6571,0.9534,0.9893,0.0421,0.2029,0.1057,0.0271,0.5941,none
27b,base,healthy_q8,q2_amplifier_low_echo,medium,1400,0.9207,0.6086,0.9427,0.9864,0.0514,0.2664,0.1243,0.04,0.5279,none
27b,base,healthy_q8,q3_routed_tri_68,extreme,1400,0.9643,0.7507,0.9643,0.9864,0.0271,0.0607,0.19,0.0571,0.7124,none
27b,base,healthy_q8,q3_routed_tri_68,high,1400,0.9693,0.8107,0.9691,0.9893,0.0236,0.0364,0.14,0.0607,0.7821,none
27b,base,healthy_q8,q3_routed_tri_68,low,1400,0.9436,0.8514,0.9752,0.9893,0.0193,0.0171,0.0843,0.0371,0.8336,none
27b,base,healthy_q8,q3_routed_tri_68,medium,1400,0.965,0.845,0.9721,0.9864,0.0257,0.0386,0.0921,0.0514,0.8196,none
27b,base,healthy_q8,q3_stability_tri_72,extreme,1400,0.9571,0.735,0.9619,0.9886,0.0336,0.0764,0.185,0.0629,0.6917,none
27b,base,healthy_q8,q3_stability_tri_72,high,1400,0.9543,0.8129,0.9671,0.9907,0.0393,0.0364,0.1243,0.0521,0.7812,none
27b,base,healthy_q8,q3_stability_tri_72,low,1400,0.95,0.8607,0.9782,0.9907,0.0079,0.0229,0.0707,0.0443,0.8459,none
27b,base,healthy_q8,q3_stability_tri_72,medium,1400,0.965,0.8507,0.9735,0.9914,0.0186,0.0329,0.0979,0.0579,0.8279,none
27b,base,healthy_q8,q4_boundary_pair_72_28,extreme,1400,0.9529,0.7457,0.9593,0.9893,0.0407,0.0536,0.1936,0.0643,0.7041,none
27b,base,healthy_q8,q4_boundary_pair_72_28,high,1400,0.9671,0.8207,0.9699,0.9907,0.0271,0.0293,0.1386,0.0507,0.7931,none
27b,base,healthy_q8,q4_boundary_pair_72_28,low,1400,0.9614,0.8921,0.9829,0.9929,0.0107,0.015,0.0593,0.0286,0.8798,none
27b,base,healthy_q8,q4_boundary_pair_72_28,medium,1400,0.9607,0.85,0.9739,0.9914,0.025,0.0264,0.0986,0.0464,0.827,none
27b,base,healthy_q8,q4_generalist_pair_72_28,extreme,1400,0.9564,0.7579,0.9617,0.9857,0.0386,0.0464,0.1864,0.0543,0.7194,none
27b,base,healthy_q8,q4_generalist_pair_72_28,high,1400,0.9629,0.8329,0.9657,0.9886,0.0321,0.0114,0.1314,0.0657,0.8071,none
27b,base,healthy_q8,q4_generalist_pair_72_28,low,1400,0.9514,0.8793,0.9777,0.9857,0.0179,0.0064,0.0736,0.0307,0.8652,none
27b,base,healthy_q8,q4_generalist_pair_72_28,medium,1400,0.9557,0.8536,0.9725,0.9936,0.0264,0.0136,0.1029,0.0514,0.8321,none
27b,base,q8_k_m,q2_amplifier_low_echo,extreme,1400,0.93,0.4836,0.921,0.9864,0.05,0.3786,0.2071,0.0457,0.374,none
27b,base,q8_k_m,q2_amplifier_low_echo,high,1400,0.9407,0.5607,0.9416,0.9886,0.04,0.2921,0.1793,0.0386,0.474,none
27b,base,q8_k_m,q2_amplifier_low_echo,low,1400,0.9264,0.65,0.9533,0.9929,0.0307,0.2193,0.0993,0.0414,0.5869,none
27b,base,q8_k_m,q2_amplifier_low_echo,medium,1400,0.9407,0.6043,0.9453,0.9871,0.035,0.2757,0.1257,0.0486,0.5262,none
27b,base,q8_k_m,q3_routed_tri_68,extreme,1400,0.9643,0.7586,0.966,0.9929,0.0307,0.0786,0.1636,0.0579,0.7177,none
27b,base,q8_k_m,q3_routed_tri_68,high,1400,0.965,0.81,0.9698,0.9857,0.0229,0.0436,0.1329,0.0557,0.781,none
27b,base,q8_k_m,q3_routed_tri_68,low,1400,0.9521,0.8714,0.9792,0.9921,0.0121,0.0136,0.0721,0.0364,0.8575,none
27b,base,q8_k_m,q3_routed_tri_68,medium,1400,0.965,0.8514,0.9747,0.99,0.0207,0.0386,0.0907,0.05,0.8277,none
27b,base,q8_k_m,q3_stability_tri_72,extreme,1400,0.9636,0.755,0.9634,0.9843,0.0293,0.0664,0.1664,0.0636,0.7164,none
27b,base,q8_k_m,q3_stability_tri_72,high,1400,0.9743,0.845,0.9749,0.9879,0.0193,0.0357,0.1043,0.0479,0.8213,none
27b,base,q8_k_m,q3_stability_tri_72,low,1400,0.9521,0.8821,0.978,0.9857,0.0136,0.0129,0.0636,0.0357,0.8686,none
27b,base,q8_k_m,q3_stability_tri_72,medium,1400,0.9643,0.8643,0.9753,0.9893,0.0157,0.0271,0.0871,0.0543,0.8445,none
27b,base,q8_k_m,q4_boundary_pair_72_28,extreme,1400,0.9664,0.7664,0.9679,0.9936,0.0264,0.065,0.165,0.0564,0.7295,none
27b,base,q8_k_m,q4_boundary_pair_72_28,high,1400,0.97,0.8357,0.9728,0.9893,0.0257,0.0314,0.1171,0.0443,0.8101,none
27b,base,q8_k_m,q4_boundary_pair_72_28,low,1400,0.9529,0.8693,0.9788,0.99,0.0136,0.0179,0.0771,0.0336,0.8538,none
27b,base,q8_k_m,q4_boundary_pair_72_28,medium,1400,0.9779,0.8821,0.979,0.9929,0.0121,0.0221,0.08,0.0486,0.8652,none
27b,base,q8_k_m,q4_generalist_pair_72_28,extreme,1400,0.9593,0.7786,0.9649,0.9914,0.0357,0.0486,0.1571,0.0614,0.7425,none
27b,base,q8_k_m,q4_generalist_pair_72_28,high,1400,0.9679,0.8421,0.9727,0.9936,0.0271,0.0214,0.1164,0.0479,0.818,none
27b,base,q8_k_m,q4_generalist_pair_72_28,low,1400,0.9543,0.8721,0.9779,0.9879,0.0157,0.0093,0.08,0.0321,0.8576,none
27b,base,q8_k_m,q4_generalist_pair_72_28,medium,1400,0.9729,0.885,0.9772,0.9864,0.0193,0.0129,0.0814,0.0393,0.8682,none
27b,degraded_instruct,base_f16,q2_amplifier_low_echo,extreme,1400,0.9207,0.4721,0.9182,0.9914,0.0507,0.3679,0.2343,0.0636,0.3614,none
27b,degraded_instruct,base_f16,q2_amplifier_low_echo,high,1400,0.9429,0.575,0.9417,0.9886,0.0371,0.2907,0.1643,0.05,0.4901,none
27b,degraded_instruct,base_f16,q2_amplifier_low_echo,low,1400,0.925,0.6321,0.9499,0.9929,0.0364,0.2293,0.1179,0.0379,0.564,none
27b,degraded_instruct,base_f16,q2_amplifier_low_echo,medium,1400,0.9421,0.6171,0.9485,0.9893,0.0386,0.2664,0.1229,0.0357,0.5407,none
27b,degraded_instruct,base_f16,q3_routed_tri_68,extreme,1400,0.9671,0.7707,0.9668,0.9857,0.0264,0.0729,0.1479,0.0586,0.7335,none
27b,degraded_instruct,base_f16,q3_routed_tri_68,high,1400,0.975,0.84,0.972,0.995,0.0214,0.0386,0.1136,0.0643,0.8136,none
27b,degraded_instruct,base_f16,q3_routed_tri_68,low,1400,0.9529,0.8707,0.9792,0.9893,0.0136,0.0264,0.065,0.0336,0.8545,none
27b,degraded_instruct,base_f16,q3_routed_tri_68,medium,1400,0.9679,0.8657,0.9747,0.9893,0.0186,0.0379,0.08,0.0564,0.8434,none
27b,degraded_instruct,base_f16,q3_stability_tri_72,extreme,1400,0.9743,0.7936,0.9701,0.9857,0.0229,0.0686,0.1386,0.0493,0.7595,none
27b,degraded_instruct,base_f16,q3_stability_tri_72,high,1400,0.9736,0.8343,0.9728,0.985,0.0229,0.0436,0.1079,0.0479,0.8077,none
27b,degraded_instruct,base_f16,q3_stability_tri_72,low,1400,0.9614,0.8714,0.9818,0.99,0.0107,0.0286,0.0671,0.0279,0.8557,none
27b,degraded_instruct,base_f16,q3_stability_tri_72,medium,1400,0.9671,0.8557,0.976,0.9907,0.02,0.0429,0.0757,0.0493,0.8326,none
27b,degraded_instruct,base_f16,q4_boundary_pair_72_28,extreme,1400,0.9714,0.7779,0.97,0.9907,0.0243,0.0664,0.1514,0.0507,0.7426,none
27b,degraded_instruct,base_f16,q4_boundary_pair_72_28,high,1400,0.9693,0.8421,0.973,0.9879,0.0243,0.0386,0.1036,0.0493,0.8164,none
27b,degraded_instruct,base_f16,q4_boundary_pair_72_28,low,1400,0.95,0.8736,0.9788,0.9907,0.0164,0.0171,0.0636,0.035,0.8584,none
27b,degraded_instruct,base_f16,q4_boundary_pair_72_28,medium,1400,0.9786,0.8936,0.9791,0.9886,0.0079,0.0271,0.0693,0.0543,0.8775,none
27b,degraded_instruct,base_f16,q4_generalist_pair_72_28,extreme,1400,0.9664,0.7864,0.9686,0.9879,0.0293,0.0493,0.1536,0.0457,0.7532,none
27b,degraded_instruct,base_f16,q4_generalist_pair_72_28,high,1400,0.9679,0.8586,0.973,0.9871,0.0257,0.0221,0.1014,0.0471,0.836,none
27b,degraded_instruct,base_f16,q4_generalist_pair_72_28,low,1400,0.9407,0.8664,0.975,0.9857,0.0157,0.0086,0.0736,0.0421,0.852,none
27b,degraded_instruct,base_f16,q4_generalist_pair_72_28,medium,1400,0.9693,0.8686,0.9761,0.9907,0.0136,0.0214,0.0914,0.0543,0.8502,none
27b,degraded_instruct,collapsed_q2_edge,q2_amplifier_low_echo,extreme,1400,0.6736,0.2457,0.7968,0.8514,0.17,0.37,0.6443,0.2179,0.0583,distractor_capture
27b,degraded_instruct,collapsed_q2_edge,q2_amplifier_low_echo,high,1400,0.7407,0.3729,0.8437,0.8857,0.1543,0.2536,0.4393,0.1657,0.2324,none
27b,degraded_instruct,collapsed_q2_edge,q2_amplifier_low_echo,low,1400,0.8829,0.5336,0.9211,0.9493,0.0664,0.2336,0.2386,0.0436,0.4457,none
27b,degraded_instruct,collapsed_q2_edge,q2_amplifier_low_echo,medium,1400,0.8014,0.4443,0.881,0.9136,0.12,0.26,0.3064,0.0971,0.3269,none
27b,degraded_instruct,collapsed_q2_edge,q3_routed_tri_68,extreme,1400,0.4279,0.2293,0.646,0.7964,0.225,0.0614,0.595,1.1979,0.042,none
27b,degraded_instruct,collapsed_q2_edge,q3_routed_tri_68,high,1400,0.5071,0.3493,0.6891,0.8386,0.1936,0.0393,0.3986,0.9693,0.203,none
27b,degraded_instruct,collapsed_q2_edge,q3_routed_tri_68,low,1400,0.6429,0.4907,0.8324,0.8986,0.1014,0.0343,0.2257,0.3557,0.4176,none
27b,degraded_instruct,collapsed_q2_edge,q3_routed_tri_68,medium,1400,0.5821,0.4536,0.7625,0.8643,0.1479,0.0307,0.2979,0.6821,0.3451,none
27b,degraded_instruct,collapsed_q2_edge,q3_stability_tri_72,extreme,1400,0.4436,0.2343,0.6568,0.7929,0.2414,0.0764,0.6086,1.08,0.0439,cascade
27b,degraded_instruct,collapsed_q2_edge,q3_stability_tri_72,high,1400,0.525,0.3743,0.7146,0.8564,0.1971,0.04,0.3736,0.8607,0.2342,none
27b,degraded_instruct,collapsed_q2_edge,q3_stability_tri_72,low,1400,0.6943,0.54,0.851,0.8871,0.0921,0.0229,0.2357,0.2907,0.4744,none
27b,degraded_instruct,collapsed_q2_edge,q3_stability_tri_72,medium,1400,0.6243,0.4693,0.7886,0.8693,0.1357,0.0379,0.3036,0.5793,0.3678,none
27b,degraded_instruct,collapsed_q2_edge,q4_boundary_pair_72_28,extreme,1400,0.2429,0.1264,0.489,0.7229,0.3279,0.0629,0.6471,1.8864,-0.1306,cascade
27b,degraded_instruct,collapsed_q2_edge,q4_boundary_pair_72_28,high,1400,0.2914,0.2036,0.5387,0.7536,0.2771,0.04,0.4229,1.5564,0.0008,cascade
27b,degraded_instruct,collapsed_q2_edge,q4_boundary_pair_72_28,low,1400,0.4043,0.32,0.6976,0.8186,0.1271,0.0236,0.2207,0.7564,0.2217,none
27b,degraded_instruct,collapsed_q2_edge,q4_boundary_pair_72_28,medium,1400,0.3843,0.3143,0.6212,0.7743,0.175,0.0314,0.3093,1.2393,0.1688,none
27b,degraded_instruct,collapsed_q2_edge,q4_generalist_pair_72_28,extreme,1400,0.1857,0.1014,0.4521,0.7157,0.3157,0.0486,0.6979,2.1207,-0.1649,cascade
27b,degraded_instruct,collapsed_q2_edge,q4_generalist_pair_72_28,high,1400,0.24,0.1736,0.5046,0.7471,0.26,0.0221,0.5,1.7421,-0.036,cascade
27b,degraded_instruct,collapsed_q2_edge,q4_generalist_pair_72_28,low,1400,0.3757,0.3129,0.6944,0.85,0.1357,0.01,0.2279,0.7871,0.2126,none
27b,degraded_instruct,collapsed_q2_edge,q4_generalist_pair_72_28,medium,1400,0.3429,0.2836,0.6042,0.7993,0.1886,0.0171,0.32,1.3286,0.1315,none
27b,degraded_instruct,damaged_q2,q2_amplifier_low_echo,extreme,1400,0.7793,0.2879,0.8556,0.9264,0.135,0.3743,0.54,0.0643,0.1261,distractor_capture
27b,degraded_instruct,damaged_q2,q2_amplifier_low_echo,high,1400,0.8629,0.3986,0.9004,0.98,0.1043,0.3179,0.3614,0.0636,0.2716,none
27b,degraded_instruct,damaged_q2,q2_amplifier_low_echo,low,1400,0.8757,0.5657,0.9304,0.9879,0.0793,0.1971,0.2021,0.0443,0.4841,none
27b,degraded_instruct,damaged_q2,q2_amplifier_low_echo,medium,1400,0.8829,0.4993,0.9212,0.9893,0.0886,0.255,0.2757,0.0443,0.3974,none
27b,degraded_instruct,damaged_q2,q3_routed_tri_68,extreme,1400,0.7614,0.4143,0.8534,0.9014,0.1493,0.0664,0.525,0.2429,0.3021,none
27b,degraded_instruct,damaged_q2,q3_routed_tri_68,high,1400,0.7807,0.525,0.8744,0.9343,0.1329,0.0379,0.3579,0.2279,0.4375,none
27b,degraded_instruct,damaged_q2,q3_routed_tri_68,low,1400,0.8936,0.7207,0.9503,0.9821,0.0664,0.0207,0.1936,0.0429,0.679,none
27b,degraded_instruct,damaged_q2,q3_routed_tri_68,medium,1400,0.8593,0.6129,0.9207,0.9586,0.0936,0.0307,0.2893,0.1007,0.5505,none
27b,degraded_instruct,damaged_q2,q3_stability_tri_72,extreme,1400,0.77,0.4107,0.8673,0.9243,0.1457,0.0764,0.5336,0.1907,0.2995,none
27b,degraded_instruct,damaged_q2,q3_stability_tri_72,high,1400,0.82,0.5757,0.8935,0.9464,0.1157,0.04,0.3293,0.1821,0.4976,none
27b,degraded_instruct,damaged_q2,q3_stability_tri_72,low,1400,0.8964,0.7207,0.953,0.9864,0.0586,0.0207,0.1786,0.0479,0.6823,none
27b,degraded_instruct,damaged_q2,q3_stability_tri_72,medium,1400,0.8836,0.6607,0.935,0.965,0.0864,0.035,0.2457,0.0636,0.6049,none
27b,degraded_instruct,damaged_q2,q4_boundary_pair_72_28,extreme,1400,0.5786,0.3286,0.7374,0.8214,0.1786,0.0621,0.525,0.7793,0.1816,none
27b,degraded_instruct,damaged_q2,q4_boundary_pair_72_28,high,1400,0.5921,0.4257,0.7542,0.8521,0.175,0.0336,0.3593,0.685,0.3035,none
27b,degraded_instruct,damaged_q2,q4_boundary_pair_72_28,low,1400,0.74,0.5886,0.8784,0.9057,0.0736,0.0193,0.2,0.23,0.5351,none
27b,degraded_instruct,damaged_q2,q4_boundary_pair_72_28,medium,1400,0.6886,0.5507,0.8199,0.8671,0.1143,0.0314,0.2464,0.4729,0.4668,none
27b,degraded_instruct,damaged_q2,q4_generalist_pair_72_28,extreme,1400,0.5279,0.3107,0.708,0.8607,0.2014,0.0507,0.5557,0.9657,0.1474,none
27b,degraded_instruct,damaged_q2,q4_generalist_pair_72_28,high,1400,0.5921,0.4186,0.7501,0.8921,0.1786,0.03,0.3979,0.74,0.2902,none
27b,degraded_instruct,damaged_q2,q4_generalist_pair_72_28,low,1400,0.7429,0.6179,0.8949,0.955,0.0743,0.0079,0.1864,0.215,0.5683,none
27b,degraded_instruct,damaged_q2,q4_generalist_pair_72_28,medium,1400,0.6829,0.5371,0.8204,0.9107,0.1243,0.0193,0.2707,0.4971,0.4495,none
27b,degraded_instruct,damaged_q3,q2_amplifier_low_echo,extreme,1400,0.8686,0.3929,0.8941,0.9871,0.09,0.3807,0.3779,0.0614,0.2564,none
27b,degraded_instruct,damaged_q3,q2_amplifier_low_echo,high,1400,0.8893,0.4571,0.9145,0.9914,0.0871,0.3114,0.3071,0.0536,0.3415,none
27b,degraded_instruct,damaged_q3,q2_amplifier_low_echo,low,1400,0.91,0.6057,0.9419,0.9879,0.0521,0.2086,0.1714,0.0379,0.5328,none
27b,degraded_instruct,damaged_q3,q2_amplifier_low_echo,medium,1400,0.9093,0.5479,0.9325,0.9907,0.0643,0.2671,0.2086,0.045,0.4562,none
27b,degraded_instruct,damaged_q3,q3_routed_tri_68,extreme,1400,0.9007,0.5871,0.9334,0.9929,0.0907,0.0636,0.3571,0.0621,0.5155,none
27b,degraded_instruct,damaged_q3,q3_routed_tri_68,high,1400,0.9029,0.685,0.9448,0.9893,0.0886,0.0407,0.2307,0.0479,0.6294,none
27b,degraded_instruct,damaged_q3,q3_routed_tri_68,low,1400,0.9221,0.7879,0.9646,0.9886,0.0457,0.0236,0.1329,0.0343,0.7571,none
27b,degraded_instruct,damaged_q3,q3_routed_tri_68,medium,1400,0.9257,0.7464,0.9572,0.9893,0.0571,0.0393,0.1779,0.0493,0.7047,none
27b,degraded_instruct,damaged_q3,q3_stability_tri_72,extreme,1400,0.9043,0.5793,0.9326,0.9879,0.0886,0.0693,0.3443,0.0707,0.5078,none
27b,degraded_instruct,damaged_q3,q3_stability_tri_72,high,1400,0.9164,0.7114,0.9504,0.9936,0.0729,0.045,0.2143,0.055,0.6607,none
27b,degraded_instruct,damaged_q3,q3_stability_tri_72,low,1400,0.9271,0.7886,0.9672,0.9907,0.0379,0.025,0.1321,0.0357,0.7599,none
27b,degraded_instruct,damaged_q3,q3_stability_tri_72,medium,1400,0.9136,0.7493,0.9537,0.9879,0.0679,0.0336,0.1729,0.05,0.7059,none
27b,degraded_instruct,damaged_q3,q4_boundary_pair_72_28,extreme,1400,0.8829,0.5814,0.924,0.9643,0.0907,0.0536,0.3607,0.0807,0.5106,none
27b,degraded_instruct,damaged_q3,q4_boundary_pair_72_28,high,1400,0.8936,0.6614,0.939,0.9807,0.09,0.0321,0.2457,0.06,0.6053,none
27b,degraded_instruct,damaged_q3,q4_boundary_pair_72_28,low,1400,0.9136,0.7793,0.9621,0.9879,0.0529,0.0171,0.1321,0.035,0.7477,none
27b,degraded_instruct,damaged_q3,q4_boundary_pair_72_28,medium,1400,0.9243,0.7343,0.9557,0.9943,0.0614,0.0357,0.195,0.05,0.6906,none
27b,degraded_instruct,damaged_q3,q4_generalist_pair_72_28,extreme,1400,0.8971,0.56,0.9316,0.9907,0.0929,0.05,0.3871,0.0564,0.4884,none
27b,degraded_instruct,damaged_q3,q4_generalist_pair_72_28,high,1400,0.9121,0.6764,0.9476,0.9914,0.0721,0.03,0.2686,0.0486,0.6249,none
27b,degraded_instruct,damaged_q3,q4_generalist_pair_72_28,low,1400,0.9186,0.7836,0.9639,0.9943,0.0457,0.0143,0.1393,0.0393,0.7539,none
27b,degraded_instruct,damaged_q3,q4_generalist_pair_72_28,medium,1400,0.9036,0.7321,0.9489,0.9886,0.0771,0.0257,0.1993,0.0514,0.6853,none
27b,degraded_instruct,damaged_q4,q2_amplifier_low_echo,extreme,1400,0.8907,0.4,0.9033,0.9893,0.0707,0.3807,0.3507,0.0614,0.2715,none
27b,degraded_instruct,damaged_q4,q2_amplifier_low_echo,high,1400,0.9129,0.4943,0.9256,0.9893,0.0621,0.3243,0.2293,0.0557,0.3897,none
27b,degraded_instruct,damaged_q4,q2_amplifier_low_echo,low,1400,0.9207,0.6164,0.9476,0.9893,0.045,0.2007,0.1607,0.0329,0.5483,none
27b,degraded_instruct,damaged_q4,q2_amplifier_low_echo,medium,1400,0.9071,0.5464,0.9321,0.9857,0.0657,0.285,0.17,0.0471,0.4538,none
27b,degraded_instruct,damaged_q4,q3_routed_tri_68,extreme,1400,0.93,0.67,0.951,0.9914,0.0643,0.0729,0.24,0.0536,0.6143,none
27b,degraded_instruct,damaged_q4,q3_routed_tri_68,high,1400,0.9257,0.715,0.9553,0.9921,0.0636,0.0486,0.2007,0.0479,0.6678,none
27b,degraded_instruct,damaged_q4,q3_routed_tri_68,low,1400,0.9371,0.8307,0.972,0.9879,0.0236,0.0221,0.1021,0.04,0.809,none
27b,degraded_instruct,damaged_q4,q3_routed_tri_68,medium,1400,0.9329,0.7764,0.9601,0.9879,0.0486,0.0336,0.1493,0.0557,0.7404,none
27b,degraded_instruct,damaged_q4,q3_stability_tri_72,extreme,1400,0.9221,0.6536,0.9458,0.99,0.07,0.0636,0.265,0.0629,0.5955,none
27b,degraded_instruct,damaged_q4,q3_stability_tri_72,high,1400,0.9357,0.7421,0.9589,0.99,0.0536,0.0443,0.1871,0.0479,0.6998,none
27b,degraded_instruct,damaged_q4,q3_stability_tri_72,low,1400,0.935,0.8121,0.9715,0.9929,0.0271,0.0243,0.1121,0.0386,0.7882,none
27b,degraded_instruct,damaged_q4,q3_stability_tri_72,medium,1400,0.9336,0.8029,0.9636,0.9871,0.0436,0.0293,0.1286,0.0521,0.771,none
27b,degraded_instruct,damaged_q4,q4_boundary_pair_72_28,extreme,1400,0.9136,0.6486,0.9449,0.9921,0.0779,0.055,0.2693,0.055,0.5899,none
27b,degraded_instruct,damaged_q4,q4_boundary_pair_72_28,high,1400,0.9257,0.73,0.9541,0.9893,0.065,0.0364,0.1986,0.0493,0.6849,none
27b,degraded_instruct,damaged_q4,q4_boundary_pair_72_28,low,1400,0.9314,0.82,0.9692,0.9893,0.0357,0.0207,0.1029,0.0357,0.7951,none
27b,degraded_instruct,damaged_q4,q4_boundary_pair_72_28,medium,1400,0.9421,0.7879,0.9654,0.995,0.045,0.0221,0.1464,0.0443,0.756,none
27b,degraded_instruct,damaged_q4,q4_generalist_pair_72_28,extreme,1400,0.9229,0.6529,0.9445,0.9929,0.0693,0.0514,0.2914,0.0636,0.5953,none
27b,degraded_instruct,damaged_q4,q4_generalist_pair_72_28,high,1400,0.9207,0.7343,0.9522,0.9907,0.0686,0.0236,0.2021,0.0543,0.6901,none
27b,degraded_instruct,damaged_q4,q4_generalist_pair_72_28,low,1400,0.94,0.83,0.9725,0.9886,0.0271,0.0093,0.1129,0.0321,0.8094,none
27b,degraded_instruct,damaged_q4,q4_generalist_pair_72_28,medium,1400,0.9286,0.7864,0.9608,0.9886,0.0529,0.0193,0.1493,0.0471,0.7524,none
27b,degraded_instruct,healthy_q6,q2_amplifier_low_echo,extreme,1400,0.8957,0.4436,0.9095,0.9921,0.0714,0.3521,0.2836,0.0671,0.3257,none
27b,degraded_instruct,healthy_q6,q2_amplifier_low_echo,high,1400,0.9157,0.54,0.9318,0.9864,0.0571,0.2929,0.2107,0.0479,0.445,none
27b,degraded_instruct,healthy_q6,q2_amplifier_low_echo,low,1400,0.92,0.6257,0.9472,0.985,0.0371,0.2279,0.13,0.0393,0.5566,none
27b,degraded_instruct,healthy_q6,q2_amplifier_low_echo,medium,1400,0.915,0.5771,0.936,0.9864,0.055,0.2707,0.1571,0.0543,0.4912,none
27b,degraded_instruct,healthy_q6,q3_routed_tri_68,extreme,1400,0.9393,0.7057,0.9564,0.9929,0.0543,0.0743,0.205,0.055,0.6554,none
27b,degraded_instruct,healthy_q6,q3_routed_tri_68,high,1400,0.9564,0.7979,0.9682,0.9907,0.0371,0.045,0.13,0.0479,0.7649,none
27b,degraded_instruct,healthy_q6,q3_routed_tri_68,low,1400,0.945,0.85,0.9759,0.9936,0.0214,0.0193,0.0886,0.0357,0.8308,none
27b,degraded_instruct,healthy_q6,q3_routed_tri_68,medium,1400,0.9607,0.82,0.9715,0.9914,0.0229,0.0464,0.1136,0.0557,0.792,none
27b,degraded_instruct,healthy_q6,q3_stability_tri_72,extreme,1400,0.9514,0.725,0.9599,0.9921,0.0464,0.0793,0.1836,0.0543,0.6778,none
27b,degraded_instruct,healthy_q6,q3_stability_tri_72,high,1400,0.9536,0.7729,0.9657,0.9914,0.0371,0.045,0.165,0.0486,0.7371,none
27b,degraded_instruct,healthy_q6,q3_stability_tri_72,low,1400,0.9521,0.8543,0.9787,0.9921,0.0129,0.0171,0.085,0.0343,0.8385,none
27b,degraded_instruct,healthy_q6,q3_stability_tri_72,medium,1400,0.9629,0.8429,0.9709,0.9893,0.0279,0.0393,0.0964,0.0557,0.8161,none
27b,degraded_instruct,healthy_q6,q4_boundary_pair_72_28,extreme,1400,0.9443,0.7107,0.9562,0.9921,0.0529,0.0636,0.2136,0.055,0.6623,none
27b,degraded_instruct,healthy_q6,q4_boundary_pair_72_28,high,1400,0.955,0.7971,0.9651,0.9879,0.0321,0.0336,0.16,0.0571,0.7651,none
27b,degraded_instruct,healthy_q6,q4_boundary_pair_72_28,low,1400,0.9514,0.8479,0.9773,0.9921,0.0193,0.0164,0.0957,0.0307,0.8296,none
27b,degraded_instruct,healthy_q6,q4_boundary_pair_72_28,medium,1400,0.9571,0.8364,0.972,0.9857,0.0293,0.03,0.1043,0.0407,0.8113,none
27b,degraded_instruct,healthy_q6,q4_generalist_pair_72_28,extreme,1400,0.94,0.7207,0.9554,0.9907,0.0471,0.0486,0.225,0.065,0.6756,none
27b,degraded_instruct,healthy_q6,q4_generalist_pair_72_28,high,1400,0.9579,0.785,0.963,0.985,0.0357,0.0214,0.1764,0.0536,0.7532,none
27b,degraded_instruct,healthy_q6,q4_generalist_pair_72_28,low,1400,0.9414,0.8521,0.9746,0.99,0.02,0.0114,0.0857,0.0393,0.835,none
27b,degraded_instruct,healthy_q6,q4_generalist_pair_72_28,medium,1400,0.9436,0.845,0.9657,0.9921,0.0421,0.0171,0.0979,0.0614,0.818,none
27b,degraded_instruct,healthy_q8,q2_amplifier_low_echo,extreme,1400,0.9129,0.4343,0.913,0.9886,0.0571,0.3829,0.2693,0.0579,0.3161,none
27b,degraded_instruct,healthy_q8,q2_amplifier_low_echo,high,1400,0.9236,0.5543,0.9347,0.9857,0.0543,0.3057,0.1621,0.0493,0.4614,none
27b,degraded_instruct,healthy_q8,q2_amplifier_low_echo,low,1400,0.9279,0.6329,0.9502,0.9907,0.0314,0.2186,0.14,0.0386,0.5666,none
27b,degraded_instruct,healthy_q8,q2_amplifier_low_echo,medium,1400,0.9364,0.5914,0.9444,0.99,0.0357,0.2821,0.1457,0.0457,0.5103,none
27b,degraded_instruct,healthy_q8,q3_routed_tri_68,extreme,1400,0.9586,0.7379,0.9625,0.9907,0.0371,0.085,0.1771,0.0593,0.6926,none
27b,degraded_instruct,healthy_q8,q3_routed_tri_68,high,1400,0.9607,0.8064,0.9697,0.9879,0.0293,0.0421,0.1364,0.0471,0.7759,none
27b,degraded_instruct,healthy_q8,q3_routed_tri_68,low,1400,0.945,0.8507,0.9773,0.9929,0.0207,0.03,0.0764,0.035,0.8306,none
27b,degraded_instruct,healthy_q8,q3_routed_tri_68,medium,1400,0.9671,0.845,0.9736,0.9871,0.0221,0.0371,0.0986,0.0479,0.8206,none
27b,degraded_instruct,healthy_q8,q3_stability_tri_72,extreme,1400,0.9557,0.7364,0.963,0.9857,0.0393,0.0786,0.1714,0.0471,0.6929,none
27b,degraded_instruct,healthy_q8,q3_stability_tri_72,high,1400,0.9593,0.8043,0.9661,0.9921,0.03,0.0307,0.1507,0.065,0.7738,none
27b,degraded_instruct,healthy_q8,q3_stability_tri_72,low,1400,0.9329,0.8443,0.9732,0.9886,0.0207,0.0214,0.0771,0.045,0.8254,none
27b,degraded_instruct,healthy_q8,q3_stability_tri_72,medium,1400,0.9679,0.845,0.9777,0.9914,0.0164,0.0429,0.0929,0.0421,0.822,none
27b,degraded_instruct,healthy_q8,q4_boundary_pair_72_28,extreme,1400,0.9457,0.7379,0.9561,0.9871,0.0457,0.06,0.1836,0.0736,0.6938,none
27b,degraded_instruct,healthy_q8,q4_boundary_pair_72_28,high,1400,0.965,0.82,0.97,0.9879,0.0286,0.035,0.13,0.0493,0.7916,none
27b,degraded_instruct,healthy_q8,q4_boundary_pair_72_28,low,1400,0.9436,0.8536,0.9761,0.9871,0.0214,0.0193,0.0779,0.0336,0.8354,none
27b,degraded_instruct,healthy_q8,q4_boundary_pair_72_28,medium,1400,0.9779,0.8579,0.9778,0.9893,0.0136,0.0207,0.1093,0.0386,0.839,none
27b,degraded_instruct,healthy_q8,q4_generalist_pair_72_28,extreme,1400,0.9571,0.7571,0.962,0.9921,0.0379,0.0436,0.1893,0.0621,0.7188,none
27b,degraded_instruct,healthy_q8,q4_generalist_pair_72_28,high,1400,0.9621,0.8229,0.9694,0.9936,0.0314,0.0221,0.1357,0.0514,0.7956,none
27b,degraded_instruct,healthy_q8,q4_generalist_pair_72_28,low,1400,0.9586,0.8793,0.9807,0.9921,0.015,0.0121,0.075,0.0271,0.865,none
27b,degraded_instruct,healthy_q8,q4_generalist_pair_72_28,medium,1400,0.9629,0.8693,0.9742,0.99,0.025,0.02,0.0871,0.0471,0.8485,none
27b,degraded_instruct,q8_k_m,q2_amplifier_low_echo,extreme,1400,0.9157,0.47,0.9176,0.99,0.0564,0.3636,0.2329,0.0571,0.3589,none
27b,degraded_instruct,q8_k_m,q2_amplifier_low_echo,high,1400,0.9293,0.5486,0.9356,0.985,0.0479,0.2993,0.1821,0.05,0.4573,none
27b,degraded_instruct,q8_k_m,q2_amplifier_low_echo,low,1400,0.9307,0.645,0.9529,0.9921,0.0357,0.2071,0.1207,0.0336,0.5815,none
27b,degraded_instruct,q8_k_m,q2_amplifier_low_echo,medium,1400,0.9214,0.5893,0.9402,0.9929,0.0464,0.285,0.1221,0.06,0.5056,none
27b,degraded_instruct,q8_k_m,q3_routed_tri_68,extreme,1400,0.9621,0.7664,0.9659,0.9907,0.0329,0.0593,0.1664,0.0536,0.7287,none
27b,degraded_instruct,q8_k_m,q3_routed_tri_68,high,1400,0.9657,0.8079,0.9701,0.9886,0.0279,0.0379,0.1379,0.0471,0.7785,none
27b,degraded_instruct,q8_k_m,q3_routed_tri_68,low,1400,0.9507,0.8486,0.9769,0.9886,0.0157,0.0329,0.0786,0.0357,0.8292,none
27b,degraded_instruct,q8_k_m,q3_routed_tri_68,medium,1400,0.9636,0.8393,0.9743,0.9886,0.0243,0.0457,0.0914,0.045,0.8133,none
27b,degraded_instruct,q8_k_m,q3_stability_tri_72,extreme,1400,0.9557,0.77,0.9647,0.9943,0.0379,0.065,0.1571,0.0586,0.7301,none
27b,degraded_instruct,q8_k_m,q3_stability_tri_72,high,1400,0.9771,0.83,0.9758,0.9914,0.0164,0.0507,0.1129,0.0493,0.8034,none
27b,degraded_instruct,q8_k_m,q3_stability_tri_72,low,1400,0.9443,0.8486,0.9772,0.9936,0.0157,0.0271,0.0736,0.0414,0.8305,none
27b,degraded_instruct,q8_k_m,q3_stability_tri_72,medium,1400,0.9593,0.8593,0.9745,0.9893,0.0236,0.0314,0.085,0.0471,0.8368,none
27b,degraded_instruct,q8_k_m,q4_boundary_pair_72_28,extreme,1400,0.9593,0.7743,0.9643,0.9886,0.0336,0.0636,0.155,0.0614,0.736,none
27b,degraded_instruct,q8_k_m,q4_boundary_pair_72_28,high,1400,0.9657,0.8243,0.9721,0.9964,0.0279,0.0343,0.1257,0.05,0.7965,none
27b,degraded_instruct,q8_k_m,q4_boundary_pair_72_28,low,1400,0.945,0.8643,0.9769,0.9907,0.0186,0.0171,0.0686,0.0379,0.8479,none
27b,degraded_instruct,q8_k_m,q4_boundary_pair_72_28,medium,1400,0.9629,0.855,0.9745,0.99,0.0257,0.0336,0.0857,0.045,0.8315,none
27b,degraded_instruct,q8_k_m,q4_generalist_pair_72_28,extreme,1400,0.9621,0.7686,0.9635,0.9843,0.0314,0.0507,0.1707,0.06,0.7323,none
27b,degraded_instruct,q8_k_m,q4_generalist_pair_72_28,high,1400,0.9686,0.8379,0.9708,0.9871,0.0243,0.0257,0.1257,0.0521,0.8128,none
27b,degraded_instruct,q8_k_m,q4_generalist_pair_72_28,low,1400,0.9407,0.8621,0.9756,0.9929,0.015,0.0079,0.0807,0.045,0.8474,none
27b,degraded_instruct,q8_k_m,q4_generalist_pair_72_28,medium,1400,0.9757,0.8629,0.9772,0.9936,0.015,0.025,0.1,0.0471,0.843,none
27b,instruct,base_f16,q2_amplifier_low_echo,extreme,1400,0.9214,0.4957,0.9233,0.99,0.0471,0.34,0.2179,0.06,0.3931,none
27b,instruct,base_f16,q2_amplifier_low_echo,high,1400,0.9464,0.5829,0.9425,0.9893,0.0364,0.2929,0.16,0.0479,0.4982,none
27b,instruct,base_f16,q2_amplifier_low_echo,low,1400,0.94,0.6779,0.9575,0.9914,0.0286,0.1936,0.1121,0.03,0.6201,none
27b,instruct,base_f16,q2_amplifier_low_echo,medium,1400,0.9343,0.5986,0.9461,0.9893,0.0379,0.2714,0.1357,0.0407,0.52,none
27b,instruct,base_f16,q3_routed_tri_68,extreme,1400,0.9686,0.7829,0.968,0.9907,0.0264,0.0621,0.1536,0.0564,0.7474,none
27b,instruct,base_f16,q3_routed_tri_68,high,1400,0.9721,0.8536,0.9728,0.985,0.0179,0.0357,0.0979,0.0607,0.8302,none
27b,instruct,base_f16,q3_routed_tri_68,low,1400,0.9464,0.8721,0.9785,0.9864,0.0093,0.0171,0.0621,0.0421,0.8588,none
27b,instruct,base_f16,q3_routed_tri_68,medium,1400,0.9764,0.88,0.9794,0.9886,0.0143,0.025,0.075,0.04,0.8627,none
27b,instruct,base_f16,q3_stability_tri_72,extreme,1400,0.9614,0.7679,0.9653,0.99,0.0321,0.0671,0.1557,0.06,0.7293,none
27b,instruct,base_f16,q3_stability_tri_72,high,1400,0.9779,0.8293,0.9775,0.9929,0.0157,0.0457,0.1164,0.0414,0.804,none
27b,instruct,base_f16,q3_stability_tri_72,low,1400,0.9514,0.8757,0.9789,0.9914,0.0121,0.0171,0.0621,0.0386,0.8617,none
27b,instruct,base_f16,q3_stability_tri_72,medium,1400,0.97,0.8636,0.9769,0.9914,0.0179,0.025,0.085,0.0464,0.8441,none
27b,instruct,base_f16,q4_boundary_pair_72_28,extreme,1400,0.9614,0.7814,0.9663,0.9871,0.0307,0.055,0.1564,0.0536,0.746,none
27b,instruct,base_f16,q4_boundary_pair_72_28,high,1400,0.975,0.8457,0.9742,0.99,0.0207,0.0257,0.1186,0.0464,0.8226,none
27b,instruct,base_f16,q4_boundary_pair_72_28,low,1400,0.9543,0.8821,0.9787,0.9843,0.0129,0.0136,0.0657,0.0329,0.8687,none
27b,instruct,base_f16,q4_boundary_pair_72_28,medium,1400,0.9693,0.8857,0.9777,0.9907,0.0186,0.0214,0.0693,0.0464,0.868,none
27b,instruct,base_f16,q4_generalist_pair_72_28,extreme,1400,0.9607,0.7879,0.9667,0.9893,0.0321,0.0379,0.1579,0.0536,0.7553,none
27b,instruct,base_f16,q4_generalist_pair_72_28,high,1400,0.9721,0.8436,0.9739,0.9943,0.0221,0.0107,0.1286,0.0464,0.8222,none
27b,instruct,base_f16,q4_generalist_pair_72_28,low,1400,0.9464,0.8821,0.9764,0.9864,0.0157,0.005,0.0664,0.0393,0.8691,none
27b,instruct,base_f16,q4_generalist_pair_72_28,medium,1400,0.9664,0.8786,0.9758,0.9886,0.0207,0.015,0.0786,0.0464,0.8607,none
27b,instruct,collapsed_q2_edge,q2_amplifier_low_echo,extreme,1400,0.5714,0.2257,0.7409,0.7907,0.2257,0.3521,0.6557,0.3729,0.0165,distractor_capture
27b,instruct,collapsed_q2_edge,q2_amplifier_low_echo,high,1400,0.6507,0.3164,0.7883,0.8257,0.1686,0.3021,0.4514,0.3336,0.1526,none
27b,instruct,collapsed_q2_edge,q2_amplifier_low_echo,low,1400,0.8207,0.525,0.8961,0.8864,0.0871,0.205,0.255,0.065,0.4342,none
27b,instruct,collapsed_q2_edge,q2_amplifier_low_echo,medium,1400,0.7429,0.3993,0.8524,0.8564,0.1214,0.245,0.3643,0.1593,0.2768,none
27b,instruct,collapsed_q2_edge,q3_routed_tri_68,extreme,1400,0.3029,0.1693,0.5455,0.7221,0.2829,0.0636,0.6493,1.6007,-0.0603,cascade
27b,instruct,collapsed_q2_edge,q3_routed_tri_68,high,1400,0.3714,0.2729,0.5999,0.7671,0.2257,0.0343,0.4093,1.3121,0.0999,none
27b,instruct,collapsed_q2_edge,q3_routed_tri_68,low,1400,0.5264,0.4064,0.7814,0.8836,0.1179,0.0179,0.25,0.5021,0.3224,none
27b,instruct,collapsed_q2_edge,q3_routed_tri_68,medium,1400,0.4743,0.3829,0.6961,0.8114,0.1571,0.035,0.3164,0.9286,0.257,none
27b,instruct,collapsed_q2_edge,q3_stability_tri_72,extreme,1400,0.315,0.1557,0.5645,0.735,0.2986,0.0607,0.6671,1.455,-0.0721,cascade
27b,instruct,collapsed_q2_edge,q3_stability_tri_72,high,1400,0.3836,0.2721,0.6172,0.7814,0.2421,0.0286,0.4736,1.1921,0.0963,none
27b,instruct,collapsed_q2_edge,q3_stability_tri_72,low,1400,0.5571,0.4336,0.7873,0.8593,0.1,0.0136,0.2393,0.4893,0.3573,none
27b,instruct,collapsed_q2_edge,q3_stability_tri_72,medium,1400,0.5229,0.415,0.7091,0.8207,0.1721,0.0214,0.3193,0.8557,0.2907,none
27b,instruct,collapsed_q2_edge,q4_boundary_pair_72_28,extreme,1400,0.175,0.0993,0.4229,0.6593,0.35,0.0464,0.6329,2.215,-0.1764,cascade
27b,instruct,collapsed_q2_edge,q4_boundary_pair_72_28,high,1400,0.2086,0.16,0.462,0.6779,0.285,0.0271,0.4186,1.9086,-0.0598,cascade
27b,instruct,collapsed_q2_edge,q4_boundary_pair_72_28,low,1400,0.3471,0.2821,0.65,0.7871,0.1436,0.0107,0.2293,0.8993,0.1736,none
27b,instruct,collapsed_q2_edge,q4_boundary_pair_72_28,medium,1400,0.2986,0.2386,0.5601,0.7543,0.2264,0.0257,0.3214,1.4543,0.0671,none
27b,instruct,collapsed_q2_edge,q4_generalist_pair_72_28,extreme,1400,0.1207,0.065,0.378,0.6621,0.3621,0.0343,0.6929,2.5007,-0.231,cascade
27b,instruct,collapsed_q2_edge,q4_generalist_pair_72_28,high,1400,0.1871,0.1464,0.4514,0.7179,0.2893,0.0114,0.4786,1.9807,-0.08,cascade
27b,instruct,collapsed_q2_edge,q4_generalist_pair_72_28,low,1400,0.3029,0.2314,0.6405,0.8036,0.1279,0.0043,0.2457,0.9486,0.1251,low_score
27b,instruct,collapsed_q2_edge,q4_generalist_pair_72_28,medium,1400,0.285,0.2386,0.5597,0.7686,0.1936,0.0136,0.3329,1.5136,0.0755,none
27b,instruct,damaged_q2,q2_amplifier_low_echo,extreme,1400,0.7486,0.2786,0.8378,0.8943,0.1536,0.3514,0.5864,0.0864,0.111,distractor_capture
27b,instruct,damaged_q2,q2_amplifier_low_echo,high,1400,0.805,0.3964,0.88,0.925,0.1329,0.2907,0.3693,0.0686,0.2655,none
27b,instruct,damaged_q2,q2_amplifier_low_echo,low,1400,0.8836,0.5543,0.9284,0.9771,0.0779,0.1957,0.2407,0.035,0.4708,none
27b,instruct,damaged_q2,q2_amplifier_low_echo,medium,1400,0.8557,0.48,0.9054,0.9486,0.1014,0.2486,0.3136,0.0479,0.3724,none
27b,instruct,damaged_q2,q3_routed_tri_68,extreme,1400,0.6871,0.3814,0.8016,0.8636,0.1736,0.0507,0.5264,0.4643,0.2539,none
27b,instruct,damaged_q2,q3_routed_tri_68,high,1400,0.7336,0.5186,0.8338,0.8857,0.13,0.03,0.3564,0.385,0.4258,none
27b,instruct,damaged_q2,q3_routed_tri_68,low,1400,0.8621,0.7093,0.9341,0.9457,0.0657,0.0164,0.175,0.0764,0.6685,none
27b,instruct,damaged_q2,q3_routed_tri_68,medium,1400,0.7971,0.625,0.8861,0.9279,0.1007,0.0236,0.2343,0.2429,0.5592,none
27b,instruct,damaged_q2,q3_stability_tri_72,extreme,1400,0.7036,0.3829,0.8156,0.8629,0.1693,0.0693,0.5236,0.3814,0.2573,none
27b,instruct,damaged_q2,q3_stability_tri_72,high,1400,0.76,0.5464,0.8536,0.9114,0.135,0.0286,0.3314,0.315,0.458,none
27b,instruct,damaged_q2,q3_stability_tri_72,low,1400,0.8843,0.7079,0.94,0.9471,0.0636,0.0193,0.1964,0.0564,0.6664,none
27b,instruct,damaged_q2,q3_stability_tri_72,medium,1400,0.8171,0.6093,0.8938,0.9157,0.1014,0.0286,0.2714,0.1793,0.5425,none
27b,instruct,damaged_q2,q4_boundary_pair_72_28,extreme,1400,0.4879,0.3,0.6773,0.8064,0.2129,0.0457,0.5136,1.0736,0.1322,none
27b,instruct,damaged_q2,q4_boundary_pair_72_28,high,1400,0.5421,0.3993,0.7182,0.8429,0.1807,0.02,0.3664,0.8507,0.2692,none
27b,instruct,damaged_q2,q4_boundary_pair_72_28,low,1400,0.6343,0.5243,0.8343,0.8857,0.0971,0.0214,0.1921,0.3464,0.4582,none
27b,instruct,damaged_q2,q4_boundary_pair_72_28,medium,1400,0.6193,0.4879,0.7781,0.8493,0.1264,0.0221,0.275,0.6336,0.3918,none
27b,instruct,damaged_q2,q4_generalist_pair_72_28,extreme,1400,0.42,0.2193,0.6444,0.8186,0.2229,0.0421,0.57,1.2536,0.0357,distractor_capture
27b,instruct,damaged_q2,q4_generalist_pair_72_28,high,1400,0.4979,0.3779,0.6933,0.8486,0.1743,0.0121,0.3586,1.01,0.244,none
27b,instruct,damaged_q2,q4_generalist_pair_72_28,low,1400,0.6171,0.4921,0.8349,0.9071,0.0871,0.005,0.21,0.3757,0.4294,none
27b,instruct,damaged_q2,q4_generalist_pair_72_28,medium,1400,0.5843,0.4621,0.7641,0.8793,0.1179,0.02,0.2929,0.7329,0.3627,none
27b,instruct,damaged_q3,q2_amplifier_low_echo,extreme,1400,0.8629,0.3679,0.8925,0.9836,0.0979,0.3414,0.4236,0.0564,0.2335,none
27b,instruct,damaged_q3,q2_amplifier_low_echo,high,1400,0.875,0.465,0.9139,0.9921,0.0921,0.2886,0.3093,0.0571,0.352,none
27b,instruct,damaged_q3,q2_amplifier_low_echo,low,1400,0.91,0.6093,0.9434,0.9914,0.0514,0.1986,0.1779,0.0379,0.538,none
27b,instruct,damaged_q3,q2_amplifier_low_echo,medium,1400,0.8893,0.555,0.9256,0.9921,0.0871,0.2321,0.2214,0.0557,0.4619,none
27b,instruct,damaged_q3,q3_routed_tri_68,extreme,1400,0.8929,0.5879,0.93,0.9879,0.0957,0.0571,0.3514,0.0707,0.5161,none
27b,instruct,damaged_q3,q3_routed_tri_68,high,1400,0.9143,0.6964,0.9493,0.995,0.0679,0.0343,0.2429,0.06,0.6468,none
27b,instruct,damaged_q3,q3_routed_tri_68,low,1400,0.9236,0.7921,0.9661,0.9914,0.0336,0.0171,0.1336,0.0443,0.7657,none
27b,instruct,damaged_q3,q3_routed_tri_68,medium,1400,0.925,0.7507,0.9542,0.99,0.0664,0.0214,0.1921,0.0464,0.7088,none
27b,instruct,damaged_q3,q3_stability_tri_72,extreme,1400,0.8971,0.5836,0.9304,0.9857,0.0929,0.045,0.365,0.0671,0.5142,none
27b,instruct,damaged_q3,q3_stability_tri_72,high,1400,0.9114,0.7079,0.9466,0.99,0.0786,0.0207,0.2264,0.0571,0.6592,none
27b,instruct,damaged_q3,q3_stability_tri_72,low,1400,0.9243,0.7993,0.9656,0.9929,0.0421,0.0136,0.1307,0.0379,0.7716,none
27b,instruct,damaged_q3,q3_stability_tri_72,medium,1400,0.9143,0.7407,0.9517,0.9886,0.0664,0.0307,0.1807,0.06,0.6972,none
27b,instruct,damaged_q3,q4_boundary_pair_72_28,extreme,1400,0.8629,0.5736,0.9169,0.9521,0.1036,0.05,0.35,0.0871,0.5001,none
27b,instruct,damaged_q3,q4_boundary_pair_72_28,high,1400,0.8779,0.6543,0.9321,0.9736,0.1021,0.0286,0.2607,0.0629,0.5939,none
27b,instruct,damaged_q3,q4_boundary_pair_72_28,low,1400,0.9179,0.79,0.9639,0.9929,0.0486,0.01,0.1343,0.0364,0.7609,none
27b,instruct,damaged_q3,q4_boundary_pair_72_28,medium,1400,0.9,0.755,0.9505,0.9786,0.0721,0.0236,0.16,0.0536,0.7132,none
27b,instruct,damaged_q3,q4_generalist_pair_72_28,extreme,1400,0.8879,0.5821,0.9277,0.9821,0.0936,0.0436,0.3764,0.0707,0.5117,none
27b,instruct,damaged_q3,q4_generalist_pair_72_28,high,1400,0.8907,0.6579,0.9376,0.9893,0.0929,0.0171,0.275,0.0629,0.6014,none
27b,instruct,damaged_q3,q4_generalist_pair_72_28,low,1400,0.9121,0.7814,0.961,0.9879,0.0543,0.0064,0.1436,0.035,0.7506,none
27b,instruct,damaged_q3,q4_generalist_pair_72_28,medium,1400,0.9193,0.7464,0.9532,0.9843,0.0593,0.015,0.1864,0.0571,0.7079,none
27b,instruct,damaged_q4,q2_amplifier_low_echo,extreme,1400,0.8821,0.3993,0.9017,0.9914,0.0914,0.3457,0.3364,0.0607,0.2728,none
27b,instruct,damaged_q4,q2_amplifier_low_echo,high,1400,0.8979,0.5093,0.9226,0.985,0.0743,0.295,0.2464,0.0536,0.4056,none
27b,instruct,damaged_q4,q2_amplifier_low_echo,low,1400,0.9093,0.61,0.944,0.9921,0.0529,0.2193,0.1393,0.0393,0.5372,none
27b,instruct,damaged_q4,q2_amplifier_low_echo,medium,1400,0.9243,0.5907,0.9374,0.9893,0.055,0.2521,0.1764,0.0514,0.5071,none
27b,instruct,damaged_q4,q3_routed_tri_68,extreme,1400,0.9286,0.6529,0.944,0.9893,0.065,0.0643,0.2864,0.0714,0.594,none
27b,instruct,damaged_q4,q3_routed_tri_68,high,1400,0.9343,0.7436,0.9564,0.9864,0.0514,0.0343,0.1971,0.0564,0.7027,none
27b,instruct,damaged_q4,q3_routed_tri_68,low,1400,0.9364,0.8236,0.9701,0.9864,0.0329,0.0136,0.1143,0.0321,0.8003,none
27b,instruct,damaged_q4,q3_routed_tri_68,medium,1400,0.9543,0.8093,0.9695,0.9943,0.0329,0.0221,0.145,0.0421,0.7813,none
27b,instruct,damaged_q4,q3_stability_tri_72,extreme,1400,0.9229,0.6593,0.9466,0.9886,0.07,0.0557,0.2707,0.055,0.6027,none
27b,instruct,damaged_q4,q3_stability_tri_72,high,1400,0.9314,0.7379,0.9542,0.9864,0.0621,0.0307,0.1993,0.05,0.6946,none
27b,instruct,damaged_q4,q3_stability_tri_72,low,1400,0.9393,0.83,0.971,0.9907,0.0286,0.0143,0.11,0.0357,0.808,none
27b,instruct,damaged_q4,q3_stability_tri_72,medium,1400,0.9364,0.7964,0.9628,0.9864,0.045,0.0236,0.14,0.05,0.7645,none
27b,instruct,damaged_q4,q4_boundary_pair_72_28,extreme,1400,0.9071,0.6443,0.9413,0.9936,0.0879,0.045,0.2871,0.0529,0.5833,none
27b,instruct,damaged_q4,q4_boundary_pair_72_28,high,1400,0.935,0.7414,0.9552,0.9914,0.0557,0.0221,0.205,0.0586,0.701,none
27b,instruct,damaged_q4,q4_boundary_pair_72_28,low,1400,0.925,0.8193,0.9676,0.99,0.0414,0.0129,0.1036,0.035,0.7942,none
27b,instruct,damaged_q4,q4_boundary_pair_72_28,medium,1400,0.9293,0.7771,0.9597,0.9886,0.0571,0.0271,0.1529,0.0457,0.7401,none
27b,instruct,damaged_q4,q4_generalist_pair_72_28,extreme,1400,0.9171,0.6764,0.9446,0.9921,0.0707,0.0429,0.2693,0.0693,0.6216,none
27b,instruct,damaged_q4,q4_generalist_pair_72_28,high,1400,0.9314,0.7414,0.9551,0.9907,0.0614,0.0164,0.2079,0.0486,0.7007,none
27b,instruct,damaged_q4,q4_generalist_pair_72_28,low,1400,0.9221,0.8121,0.9663,0.9936,0.0421,0.0043,0.1193,0.0386,0.7872,none
27b,instruct,damaged_q4,q4_generalist_pair_72_28,medium,1400,0.9386,0.8,0.963,0.9864,0.0421,0.0164,0.1471,0.0507,0.7698,none
27b,instruct,healthy_q6,q2_amplifier_low_echo,extreme,1400,0.9107,0.4321,0.9107,0.9857,0.0643,0.3464,0.3229,0.0529,0.3151,none
27b,instruct,healthy_q6,q2_amplifier_low_echo,high,1400,0.9057,0.5364,0.9295,0.9879,0.0714,0.2507,0.2393,0.0464,0.4434,none
27b,instruct,healthy_q6,q2_amplifier_low_echo,low,1400,0.9129,0.6357,0.9463,0.9879,0.0479,0.2214,0.1171,0.0371,0.5658,none
27b,instruct,healthy_q6,q2_amplifier_low_echo,medium,1400,0.9314,0.6093,0.9432,0.9929,0.045,0.2557,0.1521,0.0493,0.53,none
27b,instruct,healthy_q6,q3_routed_tri_68,extreme,1400,0.9486,0.6879,0.955,0.9907,0.0436,0.0657,0.25,0.0629,0.6385,none
27b,instruct,healthy_q6,q3_routed_tri_68,high,1400,0.9557,0.7757,0.9639,0.9907,0.0364,0.0371,0.1693,0.0564,0.741,none
27b,instruct,healthy_q6,q3_routed_tri_68,low,1400,0.9371,0.8436,0.974,0.9921,0.0243,0.0164,0.0879,0.0393,0.824,none
27b,instruct,healthy_q6,q3_routed_tri_68,medium,1400,0.9579,0.8271,0.9702,0.9886,0.0321,0.0336,0.1129,0.0464,0.7994,none
27b,instruct,healthy_q6,q3_stability_tri_72,extreme,1400,0.9507,0.7279,0.9592,0.9921,0.0407,0.0614,0.2107,0.0614,0.6834,none
27b,instruct,healthy_q6,q3_stability_tri_72,high,1400,0.9471,0.7964,0.9631,0.985,0.045,0.0264,0.1529,0.0471,0.7631,none
27b,instruct,healthy_q6,q3_stability_tri_72,low,1400,0.95,0.8421,0.9757,0.9871,0.02,0.0221,0.0979,0.03,0.8224,none
27b,instruct,healthy_q6,q3_stability_tri_72,medium,1400,0.9586,0.8364,0.9702,0.99,0.0293,0.0279,0.1136,0.0514,0.8104,none
27b,instruct,healthy_q6,q4_boundary_pair_72_28,extreme,1400,0.9393,0.7079,0.9533,0.9879,0.055,0.0543,0.215,0.065,0.6601,none
27b,instruct,healthy_q6,q4_boundary_pair_72_28,high,1400,0.9529,0.7857,0.9621,0.9879,0.04,0.0257,0.1636,0.0593,0.7525,none
27b,instruct,healthy_q6,q4_boundary_pair_72_28,low,1400,0.9414,0.8536,0.9736,0.985,0.0243,0.0129,0.085,0.0343,0.8352,none
27b,instruct,healthy_q6,q4_boundary_pair_72_28,medium,1400,0.9593,0.835,0.9704,0.9893,0.0279,0.02,0.1179,0.0493,0.8107,none
27b,instruct,healthy_q6,q4_generalist_pair_72_28,extreme,1400,0.935,0.71,0.9495,0.9871,0.06,0.0321,0.23,0.0736,0.6635,none
27b,instruct,healthy_q6,q4_generalist_pair_72_28,high,1400,0.9436,0.7943,0.9623,0.9886,0.0514,0.0143,0.1571,0.0429,0.7613,none
27b,instruct,healthy_q6,q4_generalist_pair_72_28,low,1400,0.9336,0.8579,0.9731,0.99,0.0307,0.0,0.0829,0.0343,0.8403,none
27b,instruct,healthy_q6,q4_generalist_pair_72_28,medium,1400,0.9607,0.8486,0.9716,0.9907,0.0264,0.0114,0.1157,0.0486,0.8267,none
27b,instruct,healthy_q8,q2_amplifier_low_echo,extreme,1400,0.9064,0.4364,0.9104,0.9936,0.0679,0.3636,0.2786,0.065,0.3178,none
27b,instruct,healthy_q8,q2_amplifier_low_echo,high,1400,0.9236,0.5714,0.9361,0.9886,0.0486,0.2914,0.1664,0.0593,0.4823,none
27b,instruct,healthy_q8,q2_amplifier_low_echo,low,1400,0.9164,0.6414,0.9494,0.99,0.0386,0.2021,0.1279,0.0414,0.5771,none
27b,instruct,healthy_q8,q2_amplifier_low_echo,medium,1400,0.9286,0.605,0.9422,0.9893,0.0493,0.2521,0.1614,0.0421,0.5248,none
27b,instruct,healthy_q8,q3_routed_tri_68,extreme,1400,0.9643,0.7443,0.9637,0.9843,0.0286,0.0671,0.1871,0.0557,0.7045,none
27b,instruct,healthy_q8,q3_routed_tri_68,high,1400,0.9557,0.8064,0.966,0.9936,0.0364,0.0286,0.1464,0.0571,0.7752,none
27b,instruct,healthy_q8,q3_routed_tri_68,low,1400,0.9457,0.8543,0.9775,0.9943,0.02,0.0221,0.0757,0.0357,0.836,none
27b,instruct,healthy_q8,q3_routed_tri_68,medium,1400,0.9686,0.8364,0.974,0.99,0.0214,0.0357,0.1121,0.045,0.8116,none
27b,instruct,healthy_q8,q3_stability_tri_72,extreme,1400,0.9507,0.7486,0.9608,0.9893,0.0421,0.0557,0.1779,0.0607,0.7075,none
27b,instruct,healthy_q8,q3_stability_tri_72,high,1400,0.9593,0.8143,0.9673,0.9879,0.0329,0.0286,0.14,0.0521,0.7849,none
27b,instruct,healthy_q8,q3_stability_tri_72,low,1400,0.96,0.8829,0.9815,0.9907,0.0171,0.0171,0.07,0.0221,0.8676,none
27b,instruct,healthy_q8,q3_stability_tri_72,medium,1400,0.9493,0.8457,0.9689,0.9864,0.0386,0.0314,0.0857,0.0479,0.8186,none
27b,instruct,healthy_q8,q4_boundary_pair_72_28,extreme,1400,0.9571,0.7593,0.9631,0.9921,0.0336,0.0507,0.1886,0.0614,0.7209,none
27b,instruct,healthy_q8,q4_boundary_pair_72_28,high,1400,0.9564,0.8071,0.9657,0.9921,0.0364,0.0243,0.1471,0.0571,0.7767,none
27b,instruct,healthy_q8,q4_boundary_pair_72_28,low,1400,0.9457,0.8629,0.9768,0.9943,0.0186,0.0121,0.0836,0.0364,0.8464,none
27b,instruct,healthy_q8,q4_boundary_pair_72_28,medium,1400,0.9479,0.85,0.9701,0.9929,0.0343,0.0214,0.0907,0.0536,0.8255,none
27b,instruct,healthy_q8,q4_generalist_pair_72_28,extreme,1400,0.96,0.7714,0.9636,0.9893,0.0379,0.0371,0.1793,0.0536,0.7356,none
27b,instruct,healthy_q8,q4_generalist_pair_72_28,high,1400,0.9557,0.8064,0.9665,0.99,0.035,0.0186,0.1493,0.0521,0.7777,none
27b,instruct,healthy_q8,q4_generalist_pair_72_28,low,1400,0.9379,0.86,0.9728,0.9857,0.0243,0.0057,0.0807,0.0386,0.8432,none
27b,instruct,healthy_q8,q4_generalist_pair_72_28,medium,1400,0.9643,0.8621,0.9761,0.9929,0.0214,0.0164,0.0936,0.0436,0.8428,none
27b,instruct,q8_k_m,q2_amplifier_low_echo,extreme,1400,0.9107,0.4893,0.9181,0.9936,0.0607,0.3221,0.2457,0.0721,0.3834,none
27b,instruct,q8_k_m,q2_amplifier_low_echo,high,1400,0.9329,0.5707,0.9394,0.9914,0.0493,0.2693,0.1836,0.0464,0.4851,none
27b,instruct,q8_k_m,q2_amplifier_low_echo,low,1400,0.9271,0.6364,0.953,0.995,0.035,0.2007,0.1221,0.0371,0.5742,none
27b,instruct,q8_k_m,q2_amplifier_low_echo,medium,1400,0.9493,0.6186,0.9499,0.9921,0.0293,0.2636,0.1336,0.0429,0.5442,none
27b,instruct,q8_k_m,q3_routed_tri_68,extreme,1400,0.9621,0.7757,0.9654,0.9914,0.0329,0.0514,0.1621,0.0607,0.7396,none
27b,instruct,q8_k_m,q3_routed_tri_68,high,1400,0.97,0.8314,0.9721,0.9907,0.0221,0.0279,0.1279,0.0521,0.8064,none
27b,instruct,q8_k_m,q3_routed_tri_68,low,1400,0.95,0.8614,0.9787,0.9921,0.0171,0.02,0.0743,0.0329,0.8447,none
27b,instruct,q8_k_m,q3_routed_tri_68,medium,1400,0.9643,0.8679,0.975,0.9886,0.0221,0.0236,0.0814,0.0471,0.8476,none
27b,instruct,q8_k_m,q3_stability_tri_72,extreme,1400,0.9657,0.7843,0.9657,0.9864,0.0279,0.0586,0.1543,0.0643,0.7487,none
27b,instruct,q8_k_m,q3_stability_tri_72,high,1400,0.9621,0.8207,0.9677,0.985,0.0314,0.0286,0.1329,0.0521,0.7923,none
27b,instruct,q8_k_m,q3_stability_tri_72,low,1400,0.9493,0.865,0.9779,0.9886,0.0186,0.0164,0.0764,0.0321,0.8484,none
27b,instruct,q8_k_m,q3_stability_tri_72,medium,1400,0.9729,0.8814,0.9777,0.9907,0.0164,0.0271,0.0707,0.05,0.8629,none
27b,instruct,q8_k_m,q4_boundary_pair_72_28,extreme,1400,0.9586,0.7493,0.9616,0.9843,0.0371,0.0543,0.18,0.0564,0.7101,none
27b,instruct,q8_k_m,q4_boundary_pair_72_28,high,1400,0.9614,0.8357,0.9713,0.99,0.0286,0.0279,0.12,0.0479,0.8096,none
27b,instruct,q8_k_m,q4_boundary_pair_72_28,low,1400,0.9457,0.855,0.9763,0.9893,0.015,0.0114,0.0871,0.0379,0.8394,none
27b,instruct,q8_k_m,q4_boundary_pair_72_28,medium,1400,0.9657,0.8529,0.9735,0.9886,0.0193,0.0171,0.1057,0.0507,0.8327,none
27b,instruct,q8_k_m,q4_generalist_pair_72_28,extreme,1400,0.9579,0.77,0.9642,0.9914,0.0386,0.0357,0.1793,0.0514,0.7344,none
27b,instruct,q8_k_m,q4_generalist_pair_72_28,high,1400,0.9629,0.835,0.9697,0.9914,0.0286,0.0157,0.1293,0.055,0.8102,none
27b,instruct,q8_k_m,q4_generalist_pair_72_28,low,1400,0.95,0.8736,0.9783,0.99,0.0129,0.005,0.0779,0.0364,0.8607,none
27b,instruct,q8_k_m,q4_generalist_pair_72_28,medium,1400,0.9571,0.8571,0.9732,0.9929,0.0264,0.0136,0.095,0.0486,0.8365,none
2b_reference,base,base_f16,q2_amplifier_low_echo,extreme,1400,0.9114,0.45,0.9131,0.9929,0.0593,0.3907,0.2364,0.0657,0.3319,none
2b_reference,base,base_f16,q2_amplifier_low_echo,high,1400,0.9279,0.5486,0.935,0.9857,0.0486,0.3071,0.1764,0.0514,0.4559,none
2b_reference,base,base_f16,q2_amplifier_low_echo,low,1400,0.9429,0.6543,0.9563,0.9879,0.0264,0.2093,0.1214,0.0271,0.5934,none
2b_reference,base,base_f16,q2_amplifier_low_echo,medium,1400,0.9321,0.6179,0.9445,0.99,0.0436,0.2457,0.1379,0.0493,0.5422,none
2b_reference,base,base_f16,q3_routed_tri_68,extreme,1400,0.9614,0.7636,0.9629,0.9893,0.0343,0.0636,0.1693,0.0643,0.7238,none
2b_reference,base,base_f16,q3_routed_tri_68,high,1400,0.9671,0.8114,0.9725,0.9893,0.0236,0.0407,0.1314,0.0443,0.7835,none
2b_reference,base,base_f16,q3_routed_tri_68,low,1400,0.9457,0.8629,0.9767,0.9864,0.0164,0.0193,0.07,0.0371,0.8466,none
2b_reference,base,base_f16,q3_routed_tri_68,medium,1400,0.9757,0.8579,0.9766,0.99,0.015,0.0407,0.0857,0.0514,0.8358,none
2b_reference,base,base_f16,q3_stability_tri_72,extreme,1400,0.9686,0.7721,0.9651,0.9857,0.0229,0.0571,0.1707,0.0679,0.7368,none
2b_reference,base,base_f16,q3_stability_tri_72,high,1400,0.97,0.8186,0.9706,0.9893,0.0243,0.0271,0.14,0.0507,0.7921,none
2b_reference,base,base_f16,q3_stability_tri_72,low,1400,0.955,0.8557,0.9784,0.9879,0.0114,0.0236,0.0843,0.0336,0.8392,none
2b_reference,base,base_f16,q3_stability_tri_72,medium,1400,0.9686,0.8571,0.9753,0.9871,0.0193,0.0314,0.0964,0.0436,0.8352,none
2b_reference,base,base_f16,q4_boundary_pair_72_28,extreme,1400,0.9686,0.7836,0.9666,0.9871,0.0271,0.0486,0.1579,0.06,0.7501,none
2b_reference,base,base_f16,q4_boundary_pair_72_28,high,1400,0.9807,0.8364,0.9733,0.99,0.0164,0.0371,0.1257,0.055,0.8113,none
2b_reference,base,base_f16,q4_boundary_pair_72_28,low,1400,0.9479,0.8693,0.9783,0.9907,0.015,0.0193,0.0664,0.0379,0.8537,none
2b_reference,base,base_f16,q4_boundary_pair_72_28,medium,1400,0.9579,0.8729,0.9732,0.9893,0.0293,0.02,0.0807,0.0471,0.8513,none
2b_reference,base,base_f16,q4_generalist_pair_72_28,extreme,1400,0.9557,0.7664,0.9635,0.9914,0.0371,0.0464,0.1721,0.0593,0.7293,none
2b_reference,base,base_f16,q4_generalist_pair_72_28,high,1400,0.9621,0.8229,0.9692,0.9936,0.0257,0.0171,0.1429,0.0593,0.7973,none
2b_reference,base,base_f16,q4_generalist_pair_72_28,low,1400,0.9479,0.8686,0.9771,0.9893,0.0129,0.0093,0.075,0.0407,0.8548,none
2b_reference,base,base_f16,q4_generalist_pair_72_28,medium,1400,0.9671,0.8643,0.9741,0.9943,0.0186,0.0164,0.0986,0.0579,0.8447,none
2b_reference,base,collapsed_q2_edge,q2_amplifier_low_echo,extreme,1400,0.2971,0.1071,0.5491,0.6971,0.3593,0.3421,0.87,1.13,-0.1952,cascade
2b_reference,base,collapsed_q2_edge,q2_amplifier_low_echo,high,1400,0.365,0.1843,0.6128,0.7643,0.2807,0.2964,0.5507,0.9693,-0.0517,cascade
2b_reference,base,collapsed_q2_edge,q2_amplifier_low_echo,low,1400,0.64,0.3643,0.8093,0.8621,0.1421,0.2179,0.3157,0.2786,0.2389,none
2b_reference,base,collapsed_q2_edge,q2_amplifier_low_echo,medium,1400,0.5264,0.2857,0.7273,0.7957,0.2,0.2629,0.4043,0.5657,0.1125,none
2b_reference,base,collapsed_q2_edge,q3_routed_tri_68,extreme,1400,0.0457,0.0221,0.2439,0.545,0.5693,0.0614,0.8743,2.935,-0.3776,cascade
2b_reference,base,collapsed_q2_edge,q3_routed_tri_68,high,1400,0.11,0.075,0.337,0.6186,0.4457,0.0357,0.5793,2.3214,-0.2283,cascade
2b_reference,base,collapsed_q2_edge,q3_routed_tri_68,low,1400,0.2586,0.1857,0.575,0.7421,0.2157,0.0193,0.28,1.0557,0.042,cascade
2b_reference,base,collapsed_q2_edge,q3_routed_tri_68,medium,1400,0.2057,0.1557,0.4631,0.6993,0.3236,0.0379,0.4107,1.7314,-0.0684,cascade
2b_reference,base,collapsed_q2_edge,q3_stability_tri_72,extreme,1400,0.075,0.0307,0.2735,0.5664,0.555,0.0664,0.8593,2.7464,-0.3551,cascade
2b_reference,base,collapsed_q2_edge,q3_stability_tri_72,high,1400,0.1243,0.0907,0.3442,0.6136,0.4514,0.0357,0.5907,2.2407,-0.2112,cascade
2b_reference,base,collapsed_q2_edge,q3_stability_tri_72,low,1400,0.2807,0.2107,0.6097,0.7679,0.1986,0.0229,0.2914,0.9629,0.0751,none
2b_reference,base,collapsed_q2_edge,q3_stability_tri_72,medium,1400,0.2079,0.1621,0.4839,0.7043,0.3179,0.0293,0.3936,1.6479,-0.053,cascade
2b_reference,base,collapsed_q2_edge,q4_boundary_pair_72_28,extreme,1400,0.0264,0.0129,0.1308,0.4379,0.725,0.0564,0.8814,3.7079,-0.4718,cascade
2b_reference,base,collapsed_q2_edge,q4_boundary_pair_72_28,high,1400,0.0407,0.0293,0.2071,0.5264,0.5771,0.0307,0.5779,2.9914,-0.3458,cascade
2b_reference,base,collapsed_q2_edge,q4_boundary_pair_72_28,low,1400,0.1521,0.1114,0.4553,0.6671,0.2557,0.0143,0.2914,1.4336,-0.0631,cascade
2b_reference,base,collapsed_q2_edge,q4_boundary_pair_72_28,medium,1400,0.1107,0.0929,0.3202,0.5886,0.4129,0.0243,0.4157,2.3464,-0.1864,cascade
2b_reference,base,collapsed_q2_edge,q4_generalist_pair_72_28,extreme,1400,0.0079,0.0021,0.1094,0.4657,0.7429,0.0529,0.9543,3.9236,-0.5038,cascade
2b_reference,base,collapsed_q2_edge,q4_generalist_pair_72_28,high,1400,0.0293,0.02,0.1748,0.5057,0.5943,0.0229,0.6471,3.15,-0.3721,cascade
2b_reference,base,collapsed_q2_edge,q4_generalist_pair_72_28,low,1400,0.125,0.09,0.4267,0.6636,0.2729,0.0057,0.315,1.5207,-0.0942,cascade
2b_reference,base,collapsed_q2_edge,q4_generalist_pair_72_28,medium,1400,0.0836,0.0714,0.2912,0.5943,0.4321,0.0157,0.45,2.4636,-0.2205,cascade
2b_reference,base,damaged_q2,q2_amplifier_low_echo,extreme,1400,0.6043,0.2014,0.7606,0.8207,0.1971,0.3793,0.71,0.3107,-0.0059,distractor_capture
2b_reference,base,damaged_q2,q2_amplifier_low_echo,high,1400,0.6793,0.3264,0.8051,0.84,0.1643,0.2886,0.4843,0.2614,0.1676,none
2b_reference,base,damaged_q2,q2_amplifier_low_echo,low,1400,0.8307,0.4986,0.9015,0.9264,0.1,0.2114,0.2729,0.0564,0.4016,none
2b_reference,base,damaged_q2,q2_amplifier_low_echo,medium,1400,0.7593,0.3971,0.8569,0.8843,0.1429,0.2407,0.3679,0.1364,0.2699,none
2b_reference,base,damaged_q2,q3_routed_tri_68,extreme,1400,0.3014,0.14,0.5395,0.7457,0.3336,0.0729,0.7243,1.5593,-0.1105,cascade
2b_reference,base,damaged_q2,q3_routed_tri_68,high,1400,0.3686,0.2629,0.6017,0.7893,0.2636,0.0393,0.4564,1.2479,0.077,cascade
2b_reference,base,damaged_q2,q3_routed_tri_68,low,1400,0.5729,0.44,0.8052,0.8829,0.1279,0.0243,0.2529,0.4086,0.3561,none
2b_reference,base,damaged_q2,q3_routed_tri_68,medium,1400,0.4986,0.3664,0.7036,0.835,0.1914,0.0357,0.3686,0.85,0.2299,none
2b_reference,base,damaged_q2,q3_stability_tri_72,extreme,1400,0.2979,0.1536,0.5478,0.7336,0.3443,0.0629,0.6893,1.4879,-0.0918,cascade
2b_reference,base,damaged_q2,q3_stability_tri_72,high,1400,0.3914,0.26,0.6179,0.7807,0.2514,0.035,0.5221,1.1529,0.0782,none
2b_reference,base,damaged_q2,q3_stability_tri_72,low,1400,0.6179,0.4814,0.8152,0.8693,0.1207,0.0207,0.2464,0.3721,0.4027,none
2b_reference,base,damaged_q2,q3_stability_tri_72,medium,1400,0.5371,0.4043,0.73,0.8207,0.1857,0.0271,0.3414,0.7229,0.2797,none
2b_reference,base,damaged_q2,q4_boundary_pair_72_28,extreme,1400,0.1214,0.065,0.3627,0.6093,0.4443,0.0471,0.7271,2.3657,-0.2542,cascade
2b_reference,base,damaged_q2,q4_boundary_pair_72_28,high,1400,0.2064,0.1429,0.4452,0.6871,0.3429,0.0221,0.475,1.9107,-0.098,cascade
2b_reference,base,damaged_q2,q4_boundary_pair_72_28,low,1400,0.3786,0.2936,0.672,0.7964,0.1514,0.0179,0.2471,0.8043,0.1846,none
2b_reference,base,damaged_q2,q4_boundary_pair_72_28,medium,1400,0.3107,0.2414,0.5527,0.745,0.2636,0.0257,0.3471,1.4257,0.0582,cascade
2b_reference,base,damaged_q2,q4_generalist_pair_72_28,extreme,1400,0.0943,0.0536,0.3431,0.6407,0.4414,0.0314,0.8007,2.5464,-0.2765,cascade
2b_reference,base,damaged_q2,q4_generalist_pair_72_28,high,1400,0.17,0.1236,0.4256,0.6921,0.3279,0.0221,0.5343,2.0464,-0.1243,cascade
2b_reference,base,damaged_q2,q4_generalist_pair_72_28,low,1400,0.3371,0.2443,0.6546,0.8221,0.17,0.0079,0.2964,0.8686,0.1246,none
2b_reference,base,damaged_q2,q4_generalist_pair_72_28,medium,1400,0.2579,0.21,0.5309,0.7429,0.2436,0.02,0.385,1.545,0.0249,cascade
2b_reference,base,damaged_q3,q2_amplifier_low_echo,extreme,1400,0.8157,0.3193,0.8673,0.965,0.1393,0.3557,0.5,0.065,0.1631,distractor_capture
2b_reference,base,damaged_q3,q2_amplifier_low_echo,high,1400,0.8507,0.4057,0.901,0.9929,0.1243,0.3093,0.3486,0.0507,0.2762,none
2b_reference,base,damaged_q3,q2_amplifier_low_echo,low,1400,0.8921,0.5836,0.937,0.9943,0.0714,0.1943,0.1929,0.0371,0.506,none
2b_reference,base,damaged_q3,q2_amplifier_low_echo,medium,1400,0.8693,0.4943,0.9153,0.99,0.1043,0.27,0.255,0.0521,0.386,none
2b_reference,base,damaged_q3,q3_routed_tri_68,extreme,1400,0.8079,0.47,0.8882,0.9386,0.1393,0.0693,0.4679,0.1271,0.3706,none
2b_reference,base,damaged_q3,q3_routed_tri_68,high,1400,0.845,0.5757,0.9141,0.9629,0.1229,0.0357,0.3371,0.0821,0.5006,none
2b_reference,base,damaged_q3,q3_routed_tri_68,low,1400,0.9057,0.7493,0.9585,0.9914,0.0607,0.0214,0.1629,0.0329,0.7121,none
2b_reference,base,damaged_q3,q3_routed_tri_68,medium,1400,0.8786,0.6879,0.9365,0.9764,0.1007,0.0307,0.21,0.06,0.6317,none
2b_reference,base,damaged_q3,q3_stability_tri_72,extreme,1400,0.775,0.4479,0.8747,0.9264,0.1693,0.0564,0.4886,0.1279,0.3403,none
2b_reference,base,damaged_q3,q3_stability_tri_72,high,1400,0.8429,0.5864,0.9149,0.9579,0.1271,0.0429,0.3271,0.07,0.51,none
2b_reference,base,damaged_q3,q3_stability_tri_72,low,1400,0.9043,0.7393,0.956,0.99,0.0621,0.0179,0.1721,0.0371,0.7014,none
2b_reference,base,damaged_q3,q3_stability_tri_72,medium,1400,0.87,0.6557,0.9375,0.9807,0.105,0.0386,0.2307,0.0457,0.5958,none
2b_reference,base,damaged_q3,q4_boundary_pair_72_28,extreme,1400,0.6521,0.3721,0.7874,0.8436,0.1836,0.0721,0.4914,0.5186,0.2374,none
2b_reference,base,damaged_q3,q4_boundary_pair_72_28,high,1400,0.6743,0.5093,0.8024,0.8857,0.1579,0.0214,0.3043,0.52,0.4073,none
2b_reference,base,damaged_q3,q4_boundary_pair_72_28,low,1400,0.8193,0.6821,0.9126,0.9136,0.0721,0.0207,0.1671,0.1257,0.6367,none
2b_reference,base,damaged_q3,q4_boundary_pair_72_28,medium,1400,0.7579,0.6157,0.8647,0.9029,0.1271,0.0264,0.2157,0.2879,0.5406,none
2b_reference,base,damaged_q3,q4_generalist_pair_72_28,extreme,1400,0.6,0.3371,0.7577,0.8829,0.2036,0.0471,0.5393,0.695,0.1887,none
2b_reference,base,damaged_q3,q4_generalist_pair_72_28,high,1400,0.6807,0.4793,0.8126,0.9179,0.1536,0.0179,0.3786,0.4857,0.3751,none
2b_reference,base,damaged_q3,q4_generalist_pair_72_28,low,1400,0.8364,0.6793,0.9313,0.9743,0.0736,0.0079,0.195,0.0979,0.6352,none
2b_reference,base,damaged_q3,q4_generalist_pair_72_28,medium,1400,0.8029,0.6464,0.8884,0.9493,0.1,0.015,0.2321,0.2564,0.582,none
2b_reference,base,damaged_q4,q2_amplifier_low_echo,extreme,1400,0.855,0.3593,0.887,0.985,0.1029,0.3643,0.4243,0.0693,0.2182,none
2b_reference,base,damaged_q4,q2_amplifier_low_echo,high,1400,0.8921,0.485,0.9196,0.9914,0.0886,0.2836,0.285,0.0436,0.3767,none
2b_reference,base,damaged_q4,q2_amplifier_low_echo,low,1400,0.8971,0.5929,0.9379,0.9843,0.06,0.22,0.1764,0.0364,0.5149,none
2b_reference,base,damaged_q4,q2_amplifier_low_echo,medium,1400,0.8986,0.54,0.9288,0.9836,0.0714,0.2593,0.2143,0.0457,0.4473,none
2b_reference,base,damaged_q4,q3_routed_tri_68,extreme,1400,0.8786,0.5507,0.922,0.9936,0.1143,0.0643,0.3921,0.0736,0.4685,none
2b_reference,base,damaged_q4,q3_routed_tri_68,high,1400,0.9007,0.6736,0.9447,0.9914,0.0871,0.0436,0.2421,0.0493,0.6169,none
2b_reference,base,damaged_q4,q3_routed_tri_68,low,1400,0.9393,0.7993,0.9708,0.9921,0.035,0.0214,0.135,0.0264,0.7724,none
2b_reference,base,damaged_q4,q3_routed_tri_68,medium,1400,0.9036,0.7114,0.952,0.9929,0.08,0.0393,0.1921,0.0393,0.6622,none
2b_reference,base,damaged_q4,q3_stability_tri_72,extreme,1400,0.8864,0.5786,0.9291,0.9907,0.1057,0.0579,0.36,0.0579,0.5036,none
2b_reference,base,damaged_q4,q3_stability_tri_72,high,1400,0.8893,0.6679,0.94,0.9871,0.0993,0.03,0.2543,0.0443,0.6095,none
2b_reference,base,damaged_q4,q3_stability_tri_72,low,1400,0.9136,0.7929,0.9635,0.9929,0.0536,0.0179,0.1236,0.0357,0.7615,none
2b_reference,base,damaged_q4,q3_stability_tri_72,medium,1400,0.9257,0.7464,0.9548,0.9814,0.0579,0.03,0.1907,0.0471,0.7055,none
2b_reference,base,damaged_q4,q4_boundary_pair_72_28,extreme,1400,0.8379,0.5457,0.9016,0.9336,0.1229,0.0507,0.3714,0.1143,0.4633,none
2b_reference,base,damaged_q4,q4_boundary_pair_72_28,high,1400,0.8557,0.6543,0.9179,0.9471,0.1107,0.0243,0.2521,0.0936,0.5914,none
2b_reference,base,damaged_q4,q4_boundary_pair_72_28,low,1400,0.9,0.7757,0.9568,0.98,0.055,0.0171,0.1286,0.0471,0.7431,none
2b_reference,base,damaged_q4,q4_boundary_pair_72_28,medium,1400,0.8893,0.7157,0.9407,0.9629,0.0771,0.0271,0.1893,0.0664,0.6687,none
2b_reference,base,damaged_q4,q4_generalist_pair_72_28,extreme,1400,0.8736,0.5571,0.9238,0.9836,0.1121,0.0457,0.3736,0.0643,0.4813,none
2b_reference,base,damaged_q4,q4_generalist_pair_72_28,high,1400,0.885,0.6571,0.9353,0.99,0.1036,0.0171,0.2593,0.0643,0.5987,none
2b_reference,base,damaged_q4,q4_generalist_pair_72_28,low,1400,0.9164,0.7886,0.962,0.9857,0.0429,0.0071,0.1457,0.0414,0.7606,none
2b_reference,base,damaged_q4,q4_generalist_pair_72_28,medium,1400,0.895,0.7071,0.9459,0.995,0.0821,0.015,0.2079,0.0621,0.6598,none
2b_reference,base,healthy_q6,q2_amplifier_low_echo,extreme,1400,0.8957,0.4393,0.9062,0.9971,0.0764,0.3621,0.3321,0.0629,0.3142,none
2b_reference,base,healthy_q6,q2_amplifier_low_echo,high,1400,0.9021,0.5057,0.9254,0.9893,0.0679,0.305,0.2314,0.055,0.4031,none
2b_reference,base,healthy_q6,q2_amplifier_low_echo,low,1400,0.9029,0.6064,0.9418,0.9879,0.0571,0.2086,0.1414,0.04,0.5343,none
2b_reference,base,healthy_q6,q2_amplifier_low_echo,medium,1400,0.9179,0.5829,0.9373,0.99,0.0564,0.2636,0.1643,0.05,0.4976,none
2b_reference,base,healthy_q6,q3_routed_tri_68,extreme,1400,0.9157,0.6493,0.9424,0.9907,0.08,0.0621,0.2736,0.0621,0.5879,none
2b_reference,base,healthy_q6,q3_routed_tri_68,high,1400,0.9214,0.74,0.9526,0.9886,0.0671,0.0293,0.1893,0.0557,0.6961,none
2b_reference,base,healthy_q6,q3_routed_tri_68,low,1400,0.9336,0.8157,0.9699,0.99,0.0329,0.0221,0.1079,0.0357,0.791,none
2b_reference,base,healthy_q6,q3_routed_tri_68,medium,1400,0.9486,0.82,0.9667,0.9914,0.0414,0.0293,0.1143,0.0514,0.79,none
2b_reference,base,healthy_q6,q3_stability_tri_72,extreme,1400,0.93,0.6836,0.9499,0.9921,0.0643,0.0607,0.2471,0.0586,0.6294,none
2b_reference,base,healthy_q6,q3_stability_tri_72,high,1400,0.9329,0.7271,0.9572,0.9857,0.0586,0.0357,0.2021,0.0386,0.6843,none
2b_reference,base,healthy_q6,q3_stability_tri_72,low,1400,0.925,0.8214,0.9688,0.9886,0.0386,0.0214,0.0957,0.0357,0.7961,none
2b_reference,base,healthy_q6,q3_stability_tri_72,medium,1400,0.9414,0.8021,0.9646,0.9907,0.0429,0.0329,0.1236,0.055,0.7701,none
2b_reference,base,healthy_q6,q4_boundary_pair_72_28,extreme,1400,0.9143,0.6621,0.9449,0.9879,0.0786,0.0621,0.2471,0.0571,0.6035,none
2b_reference,base,healthy_q6,q4_boundary_pair_72_28,high,1400,0.9207,0.7186,0.9534,0.9929,0.0679,0.0243,0.2136,0.0464,0.6739,none
2b_reference,base,healthy_q6,q4_boundary_pair_72_28,low,1400,0.9221,0.8207,0.9685,0.9921,0.0357,0.0229,0.1,0.0421,0.7953,none
2b_reference,base,healthy_q6,q4_boundary_pair_72_28,medium,1400,0.9343,0.7907,0.96,0.9871,0.0536,0.0229,0.1407,0.0529,0.7562,none
2b_reference,base,healthy_q6,q4_generalist_pair_72_28,extreme,1400,0.9071,0.6586,0.9417,0.9886,0.085,0.04,0.2736,0.0564,0.6004,none
2b_reference,base,healthy_q6,q4_generalist_pair_72_28,high,1400,0.9264,0.7529,0.9547,0.9914,0.06,0.0129,0.2007,0.0557,0.7134,none
2b_reference,base,healthy_q6,q4_generalist_pair_72_28,low,1400,0.9329,0.8293,0.9709,0.9936,0.0321,0.0114,0.1057,0.0371,0.807,none
2b_reference,base,healthy_q6,q4_generalist_pair_72_28,medium,1400,0.9379,0.8007,0.9608,0.9871,0.0507,0.0164,0.14,0.0529,0.7684,none
2b_reference,base,healthy_q8,q2_amplifier_low_echo,extreme,1400,0.885,0.4429,0.906,0.9907,0.0871,0.3657,0.2657,0.0586,0.3194,none
2b_reference,base,healthy_q8,q2_amplifier_low_echo,high,1400,0.9086,0.5214,0.9282,0.9929,0.0664,0.2886,0.2264,0.0564,0.4229,none
2b_reference,base,healthy_q8,q2_amplifier_low_echo,low,1400,0.9286,0.64,0.9506,0.9921,0.0357,0.2157,0.1243,0.0379,0.5743,none
2b_reference,base,healthy_q8,q2_amplifier_low_echo,medium,1400,0.925,0.595,0.9395,0.9864,0.0507,0.2593,0.1529,0.05,0.5132,none
2b_reference,base,healthy_q8,q3_routed_tri_68,extreme,1400,0.9414,0.6943,0.9531,0.9921,0.0514,0.0657,0.2279,0.07,0.644,none
2b_reference,base,healthy_q8,q3_routed_tri_68,high,1400,0.9521,0.7807,0.9668,0.9907,0.0386,0.035,0.17,0.0379,0.7467,none
2b_reference,base,healthy_q8,q3_routed_tri_68,low,1400,0.9407,0.8293,0.9732,0.9907,0.0243,0.0264,0.0993,0.0371,0.8069,none
2b_reference,base,healthy_q8,q3_routed_tri_68,medium,1400,0.9486,0.8279,0.9667,0.9879,0.04,0.0229,0.1129,0.05,0.7998,none
2b_reference,base,healthy_q8,q3_stability_tri_72,extreme,1400,0.9314,0.68,0.9499,0.9857,0.0586,0.0729,0.2286,0.065,0.6263,none
2b_reference,base,healthy_q8,q3_stability_tri_72,high,1400,0.9607,0.7864,0.9692,0.99,0.0329,0.0443,0.1529,0.04,0.7535,none
2b_reference,base,healthy_q8,q3_stability_tri_72,low,1400,0.9479,0.8521,0.9768,0.9907,0.0186,0.0157,0.0864,0.0343,0.8348,none
2b_reference,base,healthy_q8,q3_stability_tri_72,medium,1400,0.9557,0.8364,0.9705,0.9929,0.03,0.0243,0.1071,0.0536,0.8113,none
2b_reference,base,healthy_q8,q4_boundary_pair_72_28,extreme,1400,0.945,0.6914,0.9551,0.995,0.05,0.0586,0.2421,0.0621,0.6422,none
2b_reference,base,healthy_q8,q4_boundary_pair_72_28,high,1400,0.9443,0.7886,0.9633,0.9907,0.0493,0.0364,0.1464,0.0471,0.7524,none
2b_reference,base,healthy_q8,q4_boundary_pair_72_28,low,1400,0.9379,0.8443,0.9729,0.9879,0.0236,0.0157,0.0893,0.0393,0.825,none
2b_reference,base,healthy_q8,q4_boundary_pair_72_28,medium,1400,0.9564,0.8264,0.9705,0.9864,0.0314,0.03,0.115,0.0414,0.7997,none
2b_reference,base,healthy_q8,q4_generalist_pair_72_28,extreme,1400,0.9407,0.7064,0.9546,0.9871,0.0529,0.0436,0.2293,0.0536,0.6608,none
2b_reference,base,healthy_q8,q4_generalist_pair_72_28,high,1400,0.9521,0.7779,0.9623,0.9893,0.0407,0.0214,0.1764,0.0543,0.7445,none
2b_reference,base,healthy_q8,q4_generalist_pair_72_28,low,1400,0.9357,0.8429,0.9729,0.9929,0.0221,0.0079,0.0971,0.0414,0.8248,none
2b_reference,base,healthy_q8,q4_generalist_pair_72_28,medium,1400,0.9557,0.8493,0.9714,0.9929,0.0293,0.0157,0.1021,0.0514,0.8266,none
2b_reference,base,q8_k_m,q2_amplifier_low_echo,extreme,1400,0.9186,0.4479,0.9155,0.99,0.0543,0.3779,0.2471,0.0593,0.3333,none
2b_reference,base,q8_k_m,q2_amplifier_low_echo,high,1400,0.9157,0.5543,0.9333,0.9893,0.0643,0.2807,0.1957,0.0429,0.4611,none
2b_reference,base,q8_k_m,q2_amplifier_low_echo,low,1400,0.9286,0.6357,0.9501,0.9893,0.0429,0.2086,0.1357,0.0293,0.5688,none
2b_reference,base,q8_k_m,q2_amplifier_low_echo,medium,1400,0.94,0.61,0.9462,0.9907,0.0421,0.2457,0.1543,0.04,0.5339,none
2b_reference,base,q8_k_m,q3_routed_tri_68,extreme,1400,0.9543,0.7407,0.9615,0.9929,0.0386,0.0657,0.1893,0.0607,0.6978,none
2b_reference,base,q8_k_m,q3_routed_tri_68,high,1400,0.9607,0.7914,0.9661,0.9857,0.0329,0.0421,0.1471,0.0543,0.7587,none
2b_reference,base,q8_k_m,q3_routed_tri_68,low,1400,0.9343,0.8371,0.9718,0.9907,0.025,0.0179,0.0929,0.0421,0.8165,none
2b_reference,base,q8_k_m,q3_routed_tri_68,medium,1400,0.9571,0.8307,0.9704,0.9864,0.0279,0.0264,0.1164,0.0479,0.8054,none
2b_reference,base,q8_k_m,q3_stability_tri_72,extreme,1400,0.9479,0.7336,0.9583,0.99,0.0464,0.0721,0.1907,0.0614,0.6869,none
2b_reference,base,q8_k_m,q3_stability_tri_72,high,1400,0.9557,0.8007,0.9655,0.9843,0.0343,0.0379,0.1386,0.0564,0.769,none
2b_reference,base,q8_k_m,q3_stability_tri_72,low,1400,0.9364,0.8493,0.9743,0.9921,0.0193,0.02,0.0786,0.0443,0.831,none
2b_reference,base,q8_k_m,q3_stability_tri_72,medium,1400,0.9521,0.825,0.9681,0.9864,0.0343,0.0329,0.1093,0.0514,0.7968,none
2b_reference,base,q8_k_m,q4_boundary_pair_72_28,extreme,1400,0.9479,0.7271,0.9591,0.99,0.0479,0.0571,0.2079,0.0471,0.6824,none
2b_reference,base,q8_k_m,q4_boundary_pair_72_28,high,1400,0.95,0.7929,0.9639,0.9886,0.0393,0.0314,0.1543,0.055,0.7597,none
2b_reference,base,q8_k_m,q4_boundary_pair_72_28,low,1400,0.9393,0.8629,0.9753,0.9914,0.0193,0.015,0.0693,0.0421,0.8464,none
2b_reference,base,q8_k_m,q4_boundary_pair_72_28,medium,1400,0.9536,0.8357,0.9694,0.9871,0.0271,0.0286,0.1057,0.0564,0.8106,none
2b_reference,base,q8_k_m,q4_generalist_pair_72_28,extreme,1400,0.9536,0.7464,0.9608,0.9879,0.0414,0.0393,0.195,0.0536,0.7079,none
2b_reference,base,q8_k_m,q4_generalist_pair_72_28,high,1400,0.9593,0.8121,0.967,0.9886,0.0286,0.0229,0.1479,0.0586,0.7842,none
2b_reference,base,q8_k_m,q4_generalist_pair_72_28,low,1400,0.945,0.8671,0.9768,0.9907,0.015,0.0107,0.0771,0.04,0.8523,none
2b_reference,base,q8_k_m,q4_generalist_pair_72_28,medium,1400,0.9629,0.8593,0.9722,0.9886,0.0264,0.0114,0.1043,0.0471,0.8384,none
2b_reference,degraded_instruct,base_f16,q2_amplifier_low_echo,extreme,1400,0.9079,0.4536,0.9139,0.9886,0.065,0.3614,0.2557,0.0557,0.3385,none
2b_reference,degraded_instruct,base_f16,q2_amplifier_low_echo,high,1400,0.9379,0.5293,0.9362,0.9879,0.0393,0.3236,0.1929,0.05,0.4349,none
2b_reference,degraded_instruct,base_f16,q2_amplifier_low_echo,low,1400,0.9286,0.6443,0.9509,0.9907,0.0329,0.2057,0.13,0.04,0.5809,none
2b_reference,degraded_instruct,base_f16,q2_amplifier_low_echo,medium,1400,0.9264,0.5986,0.9423,0.99,0.0436,0.2707,0.1343,0.0514,0.518,none
2b_reference,degraded_instruct,base_f16,q3_routed_tri_68,extreme,1400,0.9671,0.7343,0.9655,0.9921,0.025,0.0829,0.1829,0.06,0.6926,none
2b_reference,degraded_instruct,base_f16,q3_routed_tri_68,high,1400,0.9621,0.805,0.9685,0.9886,0.0257,0.05,0.1321,0.0607,0.7737,none
2b_reference,degraded_instruct,base_f16,q3_routed_tri_68,low,1400,0.9529,0.8586,0.9787,0.9936,0.0129,0.0257,0.08,0.0364,0.8414,none
2b_reference,degraded_instruct,base_f16,q3_routed_tri_68,medium,1400,0.9664,0.8479,0.9736,0.9879,0.0236,0.0379,0.0964,0.0464,0.8232,none
2b_reference,degraded_instruct,base_f16,q3_stability_tri_72,extreme,1400,0.96,0.7757,0.9633,0.9893,0.0364,0.055,0.1536,0.0657,0.7382,none
2b_reference,degraded_instruct,base_f16,q3_stability_tri_72,high,1400,0.9657,0.8186,0.9697,0.9857,0.025,0.04,0.1336,0.0529,0.7897,none
2b_reference,degraded_instruct,base_f16,q3_stability_tri_72,low,1400,0.9579,0.8643,0.9809,0.9921,0.015,0.0243,0.0736,0.0279,0.8477,none
2b_reference,degraded_instruct,base_f16,q3_stability_tri_72,medium,1400,0.9593,0.8471,0.9722,0.9907,0.025,0.0286,0.095,0.0543,0.8236,none
2b_reference,degraded_instruct,base_f16,q4_boundary_pair_72_28,extreme,1400,0.9564,0.7486,0.9618,0.9921,0.0414,0.07,0.1593,0.0657,0.7061,none
2b_reference,degraded_instruct,base_f16,q4_boundary_pair_72_28,high,1400,0.9607,0.8086,0.9684,0.9864,0.0279,0.04,0.1357,0.055,0.7786,none
2b_reference,degraded_instruct,base_f16,q4_boundary_pair_72_28,low,1400,0.9429,0.8579,0.9753,0.9886,0.0186,0.0221,0.0686,0.0414,0.8403,none
2b_reference,degraded_instruct,base_f16,q4_boundary_pair_72_28,medium,1400,0.955,0.8414,0.972,0.9907,0.0293,0.0343,0.0907,0.05,0.816,none
2b_reference,degraded_instruct,base_f16,q4_generalist_pair_72_28,extreme,1400,0.9636,0.7471,0.9627,0.99,0.0314,0.0607,0.2014,0.0621,0.7063,none
2b_reference,degraded_instruct,base_f16,q4_generalist_pair_72_28,high,1400,0.9686,0.8293,0.9716,0.9929,0.0229,0.0243,0.13,0.0557,0.8044,none
2b_reference,degraded_instruct,base_f16,q4_generalist_pair_72_28,low,1400,0.9514,0.8564,0.9788,0.995,0.0171,0.0129,0.0879,0.0314,0.8401,none
2b_reference,degraded_instruct,base_f16,q4_generalist_pair_72_28,medium,1400,0.9636,0.8557,0.9757,0.9886,0.0221,0.0279,0.0936,0.0393,0.834,none
2b_reference,degraded_instruct,collapsed_q2_edge,q2_amplifier_low_echo,extreme,1400,0.26,0.085,0.5266,0.6693,0.3586,0.3779,0.8657,1.2086,-0.2278,cascade
2b_reference,degraded_instruct,collapsed_q2_edge,q2_amplifier_low_echo,high,1400,0.3593,0.1664,0.5981,0.7371,0.2736,0.2957,0.5371,1.0464,-0.0701,cascade
2b_reference,degraded_instruct,collapsed_q2_edge,q2_amplifier_low_echo,low,1400,0.6129,0.34,0.7971,0.8336,0.1343,0.2207,0.3114,0.3143,0.2149,none
2b_reference,degraded_instruct,collapsed_q2_edge,q2_amplifier_low_echo,medium,1400,0.4979,0.285,0.7012,0.7686,0.1979,0.2636,0.395,0.6843,0.1071,none
2b_reference,degraded_instruct,collapsed_q2_edge,q3_routed_tri_68,extreme,1400,0.0436,0.0236,0.2206,0.5293,0.585,0.0857,0.8807,3.0579,-0.3924,cascade
2b_reference,degraded_instruct,collapsed_q2_edge,q3_routed_tri_68,high,1400,0.0914,0.0664,0.3056,0.5921,0.4779,0.045,0.5907,2.4157,-0.254,cascade
2b_reference,degraded_instruct,collapsed_q2_edge,q3_routed_tri_68,low,1400,0.2507,0.1729,0.5682,0.7514,0.2136,0.0271,0.3336,1.0771,0.0228,cascade
2b_reference,degraded_instruct,collapsed_q2_edge,q3_routed_tri_68,medium,1400,0.1564,0.1264,0.4202,0.6386,0.3293,0.0371,0.4357,1.8814,-0.1087,cascade
2b_reference,degraded_instruct,collapsed_q2_edge,q3_stability_tri_72,extreme,1400,0.0571,0.0293,0.2542,0.5486,0.55,0.0829,0.8793,2.9029,-0.3678,cascade
2b_reference,degraded_instruct,collapsed_q2_edge,q3_stability_tri_72,high,1400,0.105,0.07,0.332,0.6064,0.4736,0.0357,0.5821,2.2736,-0.2395,cascade
2b_reference,degraded_instruct,collapsed_q2_edge,q3_stability_tri_72,low,1400,0.275,0.1936,0.5951,0.7521,0.2036,0.0293,0.2957,1.0036,0.0528,cascade
2b_reference,degraded_instruct,collapsed_q2_edge,q3_stability_tri_72,medium,1400,0.185,0.1414,0.4556,0.6471,0.31,0.0386,0.4307,1.7243,-0.08,cascade
2b_reference,degraded_instruct,collapsed_q2_edge,q4_boundary_pair_72_28,extreme,1400,0.0114,0.0064,0.1139,0.4179,0.7371,0.0621,0.8943,3.8621,-0.4918,cascade
2b_reference,degraded_instruct,collapsed_q2_edge,q4_boundary_pair_72_28,high,1400,0.0307,0.02,0.1781,0.4921,0.6229,0.0321,0.5571,3.0771,-0.3717,cascade
2b_reference,degraded_instruct,collapsed_q2_edge,q4_boundary_pair_72_28,low,1400,0.1286,0.1014,0.4239,0.6471,0.2657,0.0207,0.305,1.5464,-0.0842,cascade
2b_reference,degraded_instruct,collapsed_q2_edge,q4_boundary_pair_72_28,medium,1400,0.0786,0.0657,0.2914,0.5707,0.4429,0.04,0.4207,2.4629,-0.2319,cascade
2b_reference,degraded_instruct,collapsed_q2_edge,q4_generalist_pair_72_28,extreme,1400,0.01,0.0043,0.0954,0.4164,0.7436,0.0536,0.9507,4.0564,-0.5084,cascade
2b_reference,degraded_instruct,collapsed_q2_edge,q4_generalist_pair_72_28,high,1400,0.0264,0.0186,0.1666,0.4971,0.5836,0.0257,0.6421,3.22,-0.374,cascade
2b_reference,degraded_instruct,collapsed_q2_edge,q4_generalist_pair_72_28,low,1400,0.1107,0.075,0.415,0.6514,0.2643,0.0107,0.3314,1.5536,-0.1106,cascade
2b_reference,degraded_instruct,collapsed_q2_edge,q4_generalist_pair_72_28,medium,1400,0.0693,0.0529,0.2881,0.595,0.4136,0.0179,0.4621,2.4971,-0.2366,cascade
2b_reference,degraded_instruct,damaged_q2,q2_amplifier_low_echo,extreme,1400,0.5829,0.2007,0.7503,0.7993,0.2086,0.38,0.675,0.34,-0.0089,distractor_capture
2b_reference,degraded_instruct,damaged_q2,q2_amplifier_low_echo,high,1400,0.6493,0.29,0.7963,0.8421,0.1779,0.295,0.4893,0.285,0.1242,distractor_capture
2b_reference,degraded_instruct,damaged_q2,q2_amplifier_low_echo,low,1400,0.8214,0.4743,0.8957,0.9143,0.1021,0.2193,0.29,0.0586,0.3737,none
2b_reference,degraded_instruct,damaged_q2,q2_amplifier_low_echo,medium,1400,0.7664,0.4029,0.8588,0.8607,0.1186,0.2479,0.3643,0.1364,0.2818,none
2b_reference,degraded_instruct,damaged_q2,q3_routed_tri_68,extreme,1400,0.2536,0.125,0.5125,0.7086,0.3286,0.0693,0.7529,1.6843,-0.1319,cascade
2b_reference,degraded_instruct,damaged_q2,q3_routed_tri_68,high,1400,0.3621,0.2521,0.5896,0.78,0.2721,0.0529,0.4729,1.2957,0.0573,cascade
2b_reference,degraded_instruct,damaged_q2,q3_routed_tri_68,low,1400,0.54,0.3886,0.7812,0.8586,0.1264,0.0279,0.2657,0.4743,0.3001,none
2b_reference,degraded_instruct,damaged_q2,q3_routed_tri_68,medium,1400,0.485,0.355,0.6963,0.8064,0.1879,0.0443,0.3457,0.8814,0.2181,none
2b_reference,degraded_instruct,damaged_q2,q3_stability_tri_72,extreme,1400,0.2914,0.1393,0.5333,0.7093,0.3314,0.07,0.7379,1.5343,-0.1099,cascade
2b_reference,degraded_instruct,damaged_q2,q3_stability_tri_72,high,1400,0.3593,0.2493,0.6007,0.7721,0.2686,0.0336,0.4893,1.2229,0.0617,cascade
2b_reference,degraded_instruct,damaged_q2,q3_stability_tri_72,low,1400,0.5971,0.4571,0.8036,0.8643,0.13,0.02,0.2371,0.3979,0.3753,none
2b_reference,degraded_instruct,damaged_q2,q3_stability_tri_72,medium,1400,0.4907,0.3493,0.704,0.8079,0.2,0.0471,0.3593,0.8157,0.2103,none
2b_reference,degraded_instruct,damaged_q2,q4_boundary_pair_72_28,extreme,1400,0.1114,0.0586,0.3448,0.595,0.4729,0.0607,0.7293,2.4443,-0.276,cascade
2b_reference,degraded_instruct,damaged_q2,q4_boundary_pair_72_28,high,1400,0.1979,0.14,0.4262,0.66,0.3671,0.0329,0.4871,1.9407,-0.1127,cascade
2b_reference,degraded_instruct,damaged_q2,q4_boundary_pair_72_28,low,1400,0.3236,0.2393,0.63,0.7721,0.1786,0.0207,0.2621,0.9086,0.1152,none
2b_reference,degraded_instruct,damaged_q2,q4_boundary_pair_72_28,medium,1400,0.2971,0.2236,0.5464,0.72,0.2529,0.0286,0.345,1.445,0.0421,cascade
2b_reference,degraded_instruct,damaged_q2,q4_generalist_pair_72_28,extreme,1400,0.0864,0.0464,0.3139,0.6,0.455,0.0514,0.8157,2.6807,-0.2996,cascade
2b_reference,degraded_instruct,damaged_q2,q4_generalist_pair_72_28,high,1400,0.1643,0.1229,0.4003,0.665,0.3843,0.025,0.5236,2.1079,-0.1447,cascade
2b_reference,degraded_instruct,damaged_q2,q4_generalist_pair_72_28,low,1400,0.3171,0.2257,0.6303,0.785,0.1671,0.0079,0.2864,0.9364,0.1043,none
2b_reference,degraded_instruct,damaged_q2,q4_generalist_pair_72_28,medium,1400,0.2393,0.1971,0.5131,0.7364,0.2743,0.015,0.3771,1.5836,0.0025,cascade
2b_reference,degraded_instruct,damaged_q3,q2_amplifier_low_echo,extreme,1400,0.7907,0.3207,0.8615,0.9464,0.1443,0.375,0.4914,0.0564,0.1603,distractor_capture
2b_reference,degraded_instruct,damaged_q3,q2_amplifier_low_echo,high,1400,0.8607,0.42,0.9034,0.9807,0.1107,0.3214,0.3279,0.0479,0.2939,none
2b_reference,degraded_instruct,damaged_q3,q2_amplifier_low_echo,low,1400,0.8986,0.5743,0.9369,0.99,0.0629,0.2236,0.1936,0.0357,0.4934,none
2b_reference,degraded_instruct,damaged_q3,q2_amplifier_low_echo,medium,1400,0.8779,0.4807,0.917,0.9914,0.1,0.27,0.2779,0.0436,0.3723,none
2b_reference,degraded_instruct,damaged_q3,q3_routed_tri_68,extreme,1400,0.7807,0.4221,0.8659,0.9129,0.1536,0.0736,0.4936,0.1871,0.3125,none
2b_reference,degraded_instruct,damaged_q3,q3_routed_tri_68,high,1400,0.8157,0.5621,0.9005,0.9321,0.125,0.0436,0.3321,0.1157,0.4836,none
2b_reference,degraded_instruct,damaged_q3,q3_routed_tri_68,low,1400,0.8907,0.7279,0.9521,0.9879,0.0736,0.0236,0.1786,0.0364,0.685,none
2b_reference,degraded_instruct,damaged_q3,q3_routed_tri_68,medium,1400,0.8657,0.6414,0.9297,0.9643,0.1014,0.0364,0.2443,0.0664,0.5808,none
2b_reference,degraded_instruct,damaged_q3,q3_stability_tri_72,extreme,1400,0.8029,0.4571,0.8817,0.9179,0.1371,0.0757,0.4686,0.1386,0.3564,none
2b_reference,degraded_instruct,damaged_q3,q3_stability_tri_72,high,1400,0.8386,0.5714,0.9123,0.9457,0.1186,0.0464,0.3243,0.0829,0.4965,none
2b_reference,degraded_instruct,damaged_q3,q3_stability_tri_72,low,1400,0.9136,0.7279,0.9574,0.9921,0.0586,0.0243,0.1929,0.0329,0.6884,none
2b_reference,degraded_instruct,damaged_q3,q3_stability_tri_72,medium,1400,0.8529,0.6543,0.9267,0.9586,0.1057,0.0371,0.2314,0.0721,0.593,none
2b_reference,degraded_instruct,damaged_q3,q4_boundary_pair_72_28,extreme,1400,0.6314,0.345,0.7677,0.825,0.2021,0.0679,0.51,0.5743,0.2013,none
2b_reference,degraded_instruct,damaged_q3,q4_boundary_pair_72_28,high,1400,0.6479,0.4679,0.791,0.8714,0.1707,0.0379,0.3357,0.5314,0.3556,none
2b_reference,degraded_instruct,damaged_q3,q4_boundary_pair_72_28,low,1400,0.8036,0.6607,0.9025,0.9136,0.0793,0.0179,0.18,0.1464,0.6116,none
2b_reference,degraded_instruct,damaged_q3,q4_boundary_pair_72_28,medium,1400,0.74,0.575,0.8563,0.8864,0.115,0.03,0.2229,0.3214,0.5006,none
2b_reference,degraded_instruct,damaged_q3,q4_generalist_pair_72_28,extreme,1400,0.5986,0.3664,0.7511,0.8614,0.2029,0.05,0.4707,0.7329,0.2213,none
2b_reference,degraded_instruct,damaged_q3,q4_generalist_pair_72_28,high,1400,0.6736,0.4829,0.8019,0.9093,0.1586,0.0229,0.3643,0.5343,0.3749,none
2b_reference,degraded_instruct,damaged_q3,q4_generalist_pair_72_28,low,1400,0.8207,0.6757,0.922,0.9571,0.0729,0.01,0.1829,0.1207,0.6312,none
2b_reference,degraded_instruct,damaged_q3,q4_generalist_pair_72_28,medium,1400,0.7764,0.6107,0.8712,0.9221,0.1086,0.0243,0.245,0.295,0.5389,none
2b_reference,degraded_instruct,damaged_q4,q2_amplifier_low_echo,extreme,1400,0.8614,0.36,0.8921,0.99,0.1043,0.3536,0.4093,0.0564,0.2224,none
2b_reference,degraded_instruct,damaged_q4,q2_amplifier_low_echo,high,1400,0.8814,0.4564,0.9152,0.99,0.0879,0.3129,0.2786,0.0564,0.3424,none
2b_reference,degraded_instruct,damaged_q4,q2_amplifier_low_echo,low,1400,0.9093,0.59,0.9406,0.9907,0.06,0.22,0.1786,0.03,0.5122,none
2b_reference,degraded_instruct,damaged_q4,q2_amplifier_low_echo,medium,1400,0.9036,0.555,0.93,0.9893,0.0643,0.2729,0.2043,0.055,0.4621,none
2b_reference,degraded_instruct,damaged_q4,q3_routed_tri_68,extreme,1400,0.8779,0.5671,0.9271,0.9871,0.1064,0.0786,0.3579,0.0621,0.4878,none
2b_reference,degraded_instruct,damaged_q4,q3_routed_tri_68,high,1400,0.9,0.6564,0.9421,0.99,0.0893,0.0507,0.2593,0.0507,0.5962,none
2b_reference,degraded_instruct,damaged_q4,q3_routed_tri_68,low,1400,0.9179,0.7836,0.9632,0.9871,0.0443,0.0229,0.1364,0.0379,0.7529,none
2b_reference,degraded_instruct,damaged_q4,q3_routed_tri_68,medium,1400,0.9157,0.725,0.954,0.9914,0.07,0.0507,0.1793,0.0479,0.6771,none
2b_reference,degraded_instruct,damaged_q4,q3_stability_tri_72,extreme,1400,0.8957,0.5707,0.9307,0.9864,0.0943,0.0664,0.385,0.0536,0.4957,none
2b_reference,degraded_instruct,damaged_q4,q3_stability_tri_72,high,1400,0.9029,0.6857,0.9431,0.99,0.085,0.0357,0.25,0.0564,0.6303,none
2b_reference,degraded_instruct,damaged_q4,q3_stability_tri_72,low,1400,0.93,0.7757,0.9657,0.99,0.0471,0.0293,0.1486,0.0257,0.7425,none
2b_reference,degraded_instruct,damaged_q4,q3_stability_tri_72,medium,1400,0.9207,0.7393,0.9541,0.9871,0.0657,0.0336,0.1829,0.0479,0.6958,none
2b_reference,degraded_instruct,damaged_q4,q4_boundary_pair_72_28,extreme,1400,0.8207,0.5536,0.8965,0.91,0.1221,0.06,0.355,0.1179,0.4706,none
2b_reference,degraded_instruct,damaged_q4,q4_boundary_pair_72_28,high,1400,0.8571,0.6407,0.9191,0.9329,0.0929,0.0371,0.2557,0.0993,0.58,none
2b_reference,degraded_instruct,damaged_q4,q4_boundary_pair_72_28,low,1400,0.8893,0.7593,0.9499,0.9764,0.0671,0.0186,0.1421,0.0514,0.7215,none
2b_reference,degraded_instruct,damaged_q4,q4_boundary_pair_72_28,medium,1400,0.8879,0.7107,0.9387,0.9514,0.0736,0.0379,0.1893,0.0707,0.6624,none
2b_reference,degraded_instruct,damaged_q4,q4_generalist_pair_72_28,extreme,1400,0.8393,0.5343,0.9076,0.9614,0.1257,0.0586,0.3757,0.1014,0.4497,none
2b_reference,degraded_instruct,damaged_q4,q4_generalist_pair_72_28,high,1400,0.895,0.6386,0.9386,0.985,0.0893,0.025,0.2921,0.0521,0.5808,none
2b_reference,degraded_instruct,damaged_q4,q4_generalist_pair_72_28,low,1400,0.8993,0.7636,0.9566,0.9879,0.0579,0.0093,0.1471,0.045,0.7303,none
2b_reference,degraded_instruct,damaged_q4,q4_generalist_pair_72_28,medium,1400,0.9121,0.7207,0.9514,0.9921,0.07,0.0243,0.2143,0.05,0.6752,none
2b_reference,degraded_instruct,healthy_q6,q2_amplifier_low_echo,extreme,1400,0.8857,0.3879,0.9015,0.9907,0.0793,0.3686,0.3636,0.0557,0.2585,none
2b_reference,degraded_instruct,healthy_q6,q2_amplifier_low_echo,high,1400,0.8943,0.5171,0.9244,0.9864,0.0779,0.2586,0.2457,0.0557,0.4196,none
2b_reference,degraded_instruct,healthy_q6,q2_amplifier_low_echo,low,1400,0.9114,0.6279,0.9447,0.99,0.0571,0.2029,0.1414,0.0336,0.5572,none
2b_reference,degraded_instruct,healthy_q6,q2_amplifier_low_echo,medium,1400,0.9236,0.5707,0.9383,0.9921,0.0543,0.2743,0.1714,0.045,0.4836,none
2b_reference,degraded_instruct,healthy_q6,q3_routed_tri_68,extreme,1400,0.915,0.6479,0.9436,0.9857,0.0743,0.0721,0.2743,0.0571,0.5863,none
2b_reference,degraded_instruct,healthy_q6,q3_routed_tri_68,high,1400,0.94,0.7286,0.9579,0.9914,0.0521,0.0393,0.2121,0.0479,0.6857,none
2b_reference,degraded_instruct,healthy_q6,q3_routed_tri_68,low,1400,0.93,0.8307,0.9698,0.9871,0.0314,0.0236,0.09,0.0407,0.8073,none
2b_reference,degraded_instruct,healthy_q6,q3_routed_tri_68,medium,1400,0.9521,0.805,0.9692,0.9929,0.04,0.0336,0.1264,0.0386,0.7742,none
2b_reference,degraded_instruct,healthy_q6,q3_stability_tri_72,extreme,1400,0.925,0.6671,0.9486,0.9936,0.0693,0.0679,0.2529,0.0564,0.6097,none
2b_reference,degraded_instruct,healthy_q6,q3_stability_tri_72,high,1400,0.935,0.7336,0.9564,0.9957,0.055,0.0386,0.2107,0.0564,0.6897,none
2b_reference,degraded_instruct,healthy_q6,q3_stability_tri_72,low,1400,0.925,0.8179,0.9681,0.99,0.035,0.0214,0.1007,0.0429,0.7929,none
2b_reference,degraded_instruct,healthy_q6,q3_stability_tri_72,medium,1400,0.9364,0.7829,0.9609,0.9929,0.0493,0.0264,0.1479,0.0579,0.7481,none
2b_reference,degraded_instruct,healthy_q6,q4_boundary_pair_72_28,extreme,1400,0.9164,0.6393,0.9428,0.9907,0.075,0.0564,0.2879,0.0629,0.5793,none
2b_reference,degraded_instruct,healthy_q6,q4_boundary_pair_72_28,high,1400,0.9164,0.7321,0.9517,0.9843,0.0657,0.0293,0.1957,0.0557,0.6881,none
2b_reference,degraded_instruct,healthy_q6,q4_boundary_pair_72_28,low,1400,0.9293,0.81,0.968,0.9893,0.0293,0.025,0.1114,0.0464,0.785,none
2b_reference,degraded_instruct,healthy_q6,q4_boundary_pair_72_28,medium,1400,0.945,0.8029,0.9646,0.9914,0.0464,0.0279,0.1321,0.0479,0.7704,none
2b_reference,degraded_instruct,healthy_q6,q4_generalist_pair_72_28,extreme,1400,0.9093,0.65,0.942,0.995,0.0793,0.0436,0.2829,0.0693,0.5914,none
2b_reference,degraded_instruct,healthy_q6,q4_generalist_pair_72_28,high,1400,0.9129,0.7307,0.9501,0.99,0.0764,0.0221,0.2007,0.0521,0.6847,none
2b_reference,degraded_instruct,healthy_q6,q4_generalist_pair_72_28,low,1400,0.9271,0.82,0.9677,0.9886,0.0329,0.0107,0.1121,0.0421,0.7969,none
2b_reference,degraded_instruct,healthy_q6,q4_generalist_pair_72_28,medium,1400,0.9429,0.7864,0.9645,0.9921,0.0436,0.025,0.1529,0.0457,0.7538,none
2b_reference,degraded_instruct,healthy_q8,q2_amplifier_low_echo,extreme,1400,0.8857,0.44,0.9064,0.9886,0.0764,0.3643,0.2864,0.0629,0.3182,none
2b_reference,degraded_instruct,healthy_q8,q2_amplifier_low_echo,high,1400,0.9143,0.5107,0.9296,0.9943,0.0614,0.3114,0.2157,0.0521,0.4101,none
2b_reference,degraded_instruct,healthy_q8,q2_amplifier_low_echo,low,1400,0.92,0.64,0.9489,0.9886,0.0414,0.1979,0.1393,0.0371,0.575,none
2b_reference,degraded_instruct,healthy_q8,q2_amplifier_low_echo,medium,1400,0.9121,0.5843,0.9364,0.9864,0.0521,0.2714,0.1529,0.0579,0.4992,none
2b_reference,degraded_instruct,healthy_q8,q3_routed_tri_68,extreme,1400,0.9314,0.6814,0.9517,0.9879,0.0629,0.0714,0.2257,0.0521,0.6276,none
2b_reference,degraded_instruct,healthy_q8,q3_routed_tri_68,high,1400,0.9571,0.775,0.9632,0.9871,0.0293,0.0436,0.1764,0.065,0.7401,none
2b_reference,degraded_instruct,healthy_q8,q3_routed_tri_68,low,1400,0.9471,0.835,0.9773,0.9936,0.025,0.0271,0.0929,0.0257,0.8134,none
2b_reference,degraded_instruct,healthy_q8,q3_routed_tri_68,medium,1400,0.9564,0.8264,0.9701,0.9929,0.0329,0.0336,0.1171,0.0479,0.7981,none
2b_reference,degraded_instruct,healthy_q8,q3_stability_tri_72,extreme,1400,0.9471,0.7164,0.9562,0.995,0.05,0.0629,0.2229,0.0614,0.668,none
2b_reference,degraded_instruct,healthy_q8,q3_stability_tri_72,high,1400,0.9529,0.7779,0.9626,0.99,0.0371,0.0393,0.1621,0.0636,0.7427,none
2b_reference,degraded_instruct,healthy_q8,q3_stability_tri_72,low,1400,0.9371,0.8457,0.9728,0.9879,0.0243,0.02,0.08,0.04,0.826,none
2b_reference,degraded_instruct,healthy_q8,q3_stability_tri_72,medium,1400,0.9593,0.8214,0.9721,0.9907,0.0279,0.0307,0.1236,0.0407,0.795,none
2b_reference,degraded_instruct,healthy_q8,q4_boundary_pair_72_28,extreme,1400,0.9429,0.7164,0.9568,0.9886,0.0507,0.0586,0.2143,0.0529,0.6697,none
2b_reference,degraded_instruct,healthy_q8,q4_boundary_pair_72_28,high,1400,0.9571,0.7686,0.9651,0.9943,0.0343,0.035,0.1807,0.0543,0.7341,none
2b_reference,degraded_instruct,healthy_q8,q4_boundary_pair_72_28,low,1400,0.94,0.8329,0.9733,0.9914,0.0243,0.0214,0.1021,0.0364,0.8113,none
2b_reference,degraded_instruct,healthy_q8,q4_boundary_pair_72_28,medium,1400,0.9536,0.8157,0.9694,0.9907,0.0293,0.0371,0.1179,0.0536,0.7874,none
2b_reference,degraded_instruct,healthy_q8,q4_generalist_pair_72_28,extreme,1400,0.9436,0.7036,0.9548,0.9914,0.0486,0.0457,0.2414,0.0636,0.6574,none
2b_reference,degraded_instruct,healthy_q8,q4_generalist_pair_72_28,high,1400,0.9414,0.7836,0.963,0.9921,0.0493,0.0221,0.1621,0.045,0.7491,none
2b_reference,degraded_instruct,healthy_q8,q4_generalist_pair_72_28,low,1400,0.9343,0.8343,0.9702,0.9857,0.0271,0.0121,0.1029,0.0386,0.8136,none
2b_reference,degraded_instruct,healthy_q8,q4_generalist_pair_72_28,medium,1400,0.96,0.8321,0.9711,0.9886,0.0293,0.0164,0.1243,0.0421,0.808,none
2b_reference,degraded_instruct,q8_k_m,q2_amplifier_low_echo,extreme,1400,0.9093,0.4329,0.9132,0.9921,0.0664,0.3686,0.27,0.0507,0.3151,none
2b_reference,degraded_instruct,q8_k_m,q2_amplifier_low_echo,high,1400,0.9329,0.5464,0.9365,0.9936,0.0529,0.2886,0.1979,0.0457,0.4547,none
2b_reference,degraded_instruct,q8_k_m,q2_amplifier_low_echo,low,1400,0.9264,0.6443,0.9511,0.9943,0.0379,0.2107,0.1264,0.0371,0.5788,none
2b_reference,degraded_instruct,q8_k_m,q2_amplifier_low_echo,medium,1400,0.9336,0.5964,0.9437,0.9871,0.0386,0.2586,0.1493,0.05,0.5187,none
2b_reference,degraded_instruct,q8_k_m,q3_routed_tri_68,extreme,1400,0.9529,0.7114,0.9583,0.9921,0.0407,0.0721,0.21,0.0664,0.6647,none
2b_reference,degraded_instruct,q8_k_m,q3_routed_tri_68,high,1400,0.9557,0.775,0.9643,0.9871,0.0364,0.0529,0.1629,0.0536,0.7378,none
2b_reference,degraded_instruct,q8_k_m,q3_routed_tri_68,low,1400,0.9436,0.83,0.9745,0.99,0.0193,0.025,0.0993,0.0371,0.8094,none
2b_reference,degraded_instruct,q8_k_m,q3_routed_tri_68,medium,1400,0.9586,0.8171,0.9726,0.9957,0.0307,0.0443,0.1129,0.0436,0.7879,none
2b_reference,degraded_instruct,q8_k_m,q3_stability_tri_72,extreme,1400,0.9529,0.7264,0.9597,0.9886,0.0414,0.0679,0.2014,0.0564,0.6815,none
2b_reference,degraded_instruct,q8_k_m,q3_stability_tri_72,high,1400,0.9571,0.7893,0.9682,0.9871,0.0357,0.045,0.1514,0.0379,0.7556,none
2b_reference,degraded_instruct,q8_k_m,q3_stability_tri_72,low,1400,0.9521,0.8514,0.9772,0.9886,0.0193,0.025,0.0836,0.0293,0.8325,none
2b_reference,degraded_instruct,q8_k_m,q3_stability_tri_72,medium,1400,0.9564,0.8307,0.9721,0.9914,0.025,0.03,0.1079,0.0507,0.8061,none
2b_reference,degraded_instruct,q8_k_m,q4_boundary_pair_72_28,extreme,1400,0.9421,0.7,0.9564,0.9936,0.0479,0.0686,0.2186,0.0614,0.6514,none
2b_reference,degraded_instruct,q8_k_m,q4_boundary_pair_72_28,high,1400,0.9543,0.8014,0.9653,0.9929,0.0429,0.0379,0.1386,0.0536,0.7672,none
2b_reference,degraded_instruct,q8_k_m,q4_boundary_pair_72_28,low,1400,0.9536,0.8529,0.9788,0.9943,0.0179,0.0193,0.0871,0.0293,0.8352,none
2b_reference,degraded_instruct,q8_k_m,q4_boundary_pair_72_28,medium,1400,0.9571,0.8236,0.9699,0.9886,0.0286,0.0329,0.1164,0.0507,0.7966,none
2b_reference,degraded_instruct,q8_k_m,q4_generalist_pair_72_28,extreme,1400,0.9464,0.7236,0.9575,0.9907,0.0479,0.0464,0.2164,0.0571,0.6798,none
2b_reference,degraded_instruct,q8_k_m,q4_generalist_pair_72_28,high,1400,0.9543,0.805,0.9654,0.9893,0.0379,0.0214,0.145,0.0536,0.7751,none
2b_reference,degraded_instruct,q8_k_m,q4_generalist_pair_72_28,low,1400,0.94,0.8629,0.9768,0.9943,0.015,0.0093,0.0714,0.0443,0.8486,none
2b_reference,degraded_instruct,q8_k_m,q4_generalist_pair_72_28,medium,1400,0.9586,0.8314,0.9706,0.99,0.0271,0.0236,0.1193,0.0507,0.8065,none
2b_reference,instruct,base_f16,q2_amplifier_low_echo,extreme,1400,0.9136,0.4671,0.9182,0.9879,0.0536,0.3529,0.2529,0.0579,0.3574,none
2b_reference,instruct,base_f16,q2_amplifier_low_echo,high,1400,0.9264,0.5843,0.9414,0.995,0.0529,0.2393,0.1893,0.0457,0.5031,none
2b_reference,instruct,base_f16,q2_amplifier_low_echo,low,1400,0.9193,0.6743,0.9522,0.9914,0.0386,0.18,0.1079,0.0429,0.6159,none
2b_reference,instruct,base_f16,q2_amplifier_low_echo,medium,1400,0.9386,0.6421,0.9491,0.9921,0.0393,0.2321,0.1357,0.0429,0.5709,none
2b_reference,instruct,base_f16,q3_routed_tri_68,extreme,1400,0.9521,0.7514,0.9627,0.9907,0.04,0.0607,0.1743,0.0571,0.7105,none
2b_reference,instruct,base_f16,q3_routed_tri_68,high,1400,0.97,0.8307,0.9717,0.9914,0.0236,0.0321,0.1257,0.0529,0.8045,none
2b_reference,instruct,base_f16,q3_routed_tri_68,low,1400,0.945,0.85,0.9755,0.9879,0.0157,0.0236,0.08,0.04,0.8322,none
2b_reference,instruct,base_f16,q3_routed_tri_68,medium,1400,0.9643,0.8414,0.973,0.9907,0.025,0.0314,0.105,0.0479,0.8168,none
2b_reference,instruct,base_f16,q3_stability_tri_72,extreme,1400,0.96,0.75,0.9621,0.9886,0.0321,0.0607,0.1914,0.0657,0.7096,none
2b_reference,instruct,base_f16,q3_stability_tri_72,high,1400,0.9686,0.8229,0.9717,0.9879,0.0236,0.025,0.1357,0.0457,0.7976,none
2b_reference,instruct,base_f16,q3_stability_tri_72,low,1400,0.9436,0.8593,0.9767,0.9921,0.015,0.0164,0.0771,0.0407,0.8433,none
2b_reference,instruct,base_f16,q3_stability_tri_72,medium,1400,0.9521,0.835,0.9695,0.9886,0.0264,0.0329,0.0971,0.0614,0.8097,none
2b_reference,instruct,base_f16,q4_boundary_pair_72_28,extreme,1400,0.9571,0.7557,0.9622,0.9893,0.0379,0.0436,0.1907,0.0564,0.7176,none
2b_reference,instruct,base_f16,q4_boundary_pair_72_28,high,1400,0.9586,0.8107,0.9701,0.9957,0.0314,0.0221,0.1457,0.0464,0.7829,none
2b_reference,instruct,base_f16,q4_boundary_pair_72_28,low,1400,0.9571,0.8793,0.981,0.9921,0.0157,0.0121,0.0714,0.0271,0.8651,none
2b_reference,instruct,base_f16,q4_boundary_pair_72_28,medium,1400,0.9721,0.8779,0.9789,0.9943,0.0193,0.0214,0.0786,0.0407,0.8595,none
2b_reference,instruct,base_f16,q4_generalist_pair_72_28,extreme,1400,0.9664,0.7807,0.9647,0.9907,0.0257,0.0286,0.1871,0.0686,0.7489,none
2b_reference,instruct,base_f16,q4_generalist_pair_72_28,high,1400,0.9579,0.8243,0.9673,0.9921,0.035,0.0186,0.1264,0.0586,0.797,none
2b_reference,instruct,base_f16,q4_generalist_pair_72_28,low,1400,0.935,0.8621,0.9744,0.9921,0.0179,0.0057,0.0729,0.0479,0.8474,none
2b_reference,instruct,base_f16,q4_generalist_pair_72_28,medium,1400,0.9721,0.88,0.9779,0.995,0.0214,0.0136,0.0914,0.0393,0.8616,none
2b_reference,instruct,collapsed_q2_edge,q2_amplifier_low_echo,extreme,1400,0.155,0.06,0.4077,0.56,0.4157,0.3543,0.8793,1.7664,-0.2942,cascade
2b_reference,instruct,collapsed_q2_edge,q2_amplifier_low_echo,high,1400,0.2429,0.1357,0.4934,0.6229,0.3307,0.2821,0.5843,1.3943,-0.1364,cascade
2b_reference,instruct,collapsed_q2_edge,q2_amplifier_low_echo,low,1400,0.5321,0.2943,0.739,0.7914,0.1664,0.2214,0.3443,0.4464,0.1502,none
2b_reference,instruct,collapsed_q2_edge,q2_amplifier_low_echo,medium,1400,0.3793,0.2086,0.6286,0.7236,0.2414,0.275,0.4443,0.9021,0.0005,cascade
2b_reference,instruct,collapsed_q2_edge,q3_routed_tri_68,extreme,1400,0.0186,0.0079,0.1576,0.4586,0.655,0.0486,0.89,3.5007,-0.4446,cascade
2b_reference,instruct,collapsed_q2_edge,q3_routed_tri_68,high,1400,0.0579,0.0329,0.258,0.5371,0.5,0.025,0.6193,2.7057,-0.307,cascade
2b_reference,instruct,collapsed_q2_edge,q3_routed_tri_68,low,1400,0.1886,0.1257,0.4983,0.6986,0.2479,0.0143,0.3386,1.2614,-0.0417,cascade
2b_reference,instruct,collapsed_q2_edge,q3_routed_tri_68,medium,1400,0.1193,0.0929,0.3652,0.6043,0.3764,0.0186,0.4243,2.1029,-0.1629,cascade
2b_reference,instruct,collapsed_q2_edge,q3_stability_tri_72,extreme,1400,0.0293,0.0114,0.1793,0.4486,0.6464,0.06,0.8721,3.3107,-0.4298,cascade
2b_reference,instruct,collapsed_q2_edge,q3_stability_tri_72,high,1400,0.0621,0.0407,0.2549,0.5286,0.53,0.0329,0.5714,2.6464,-0.3029,cascade
2b_reference,instruct,collapsed_q2_edge,q3_stability_tri_72,low,1400,0.2121,0.1514,0.5204,0.6864,0.2257,0.0136,0.315,1.21,-0.0047,cascade
2b_reference,instruct,collapsed_q2_edge,q3_stability_tri_72,medium,1400,0.1179,0.0893,0.3721,0.5936,0.3736,0.0264,0.4207,2.0636,-0.1649,cascade
2b_reference,instruct,collapsed_q2_edge,q4_boundary_pair_72_28,extreme,1400,0.0086,0.0043,0.0856,0.3521,0.7907,0.0486,0.8979,4.0943,-0.5192,cascade
2b_reference,instruct,collapsed_q2_edge,q4_boundary_pair_72_28,high,1400,0.0229,0.015,0.1314,0.4407,0.6414,0.0164,0.615,3.3743,-0.3986,cascade
2b_reference,instruct,collapsed_q2_edge,q4_boundary_pair_72_28,low,1400,0.0929,0.0721,0.3708,0.61,0.3043,0.01,0.315,1.6886,-0.1308,cascade
2b_reference,instruct,collapsed_q2_edge,q4_boundary_pair_72_28,medium,1400,0.0579,0.0479,0.2419,0.525,0.4879,0.0243,0.4186,2.6629,-0.27,cascade
2b_reference,instruct,collapsed_q2_edge,q4_generalist_pair_72_28,extreme,1400,0.0043,0.0021,0.0647,0.3593,0.8064,0.0371,0.9786,4.4043,-0.5457,cascade
2b_reference,instruct,collapsed_q2_edge,q4_generalist_pair_72_28,high,1400,0.0121,0.0093,0.1166,0.4214,0.6564,0.0143,0.7164,3.4971,-0.4227,cascade
2b_reference,instruct,collapsed_q2_edge,q4_generalist_pair_72_28,low,1400,0.0929,0.0629,0.3693,0.5936,0.2821,0.0036,0.3457,1.7029,-0.1353,cascade
2b_reference,instruct,collapsed_q2_edge,q4_generalist_pair_72_28,medium,1400,0.0379,0.0293,0.2236,0.5186,0.4636,0.0207,0.4829,2.7764,-0.2914,cascade
2b_reference,instruct,damaged_q2,q2_amplifier_low_echo,extreme,1400,0.4721,0.1564,0.6809,0.7264,0.2479,0.3271,0.7343,0.5907,-0.0716,distractor_capture
2b_reference,instruct,damaged_q2,q2_amplifier_low_echo,high,1400,0.5336,0.2593,0.7356,0.7886,0.195,0.2829,0.515,0.5043,0.0778,distractor_capture
2b_reference,instruct,damaged_q2,q2_amplifier_low_echo,low,1400,0.7936,0.4743,0.8779,0.8671,0.1079,0.2057,0.2907,0.0843,0.3733,none
2b_reference,instruct,damaged_q2,q2_amplifier_low_echo,medium,1400,0.6521,0.3714,0.805,0.8157,0.1614,0.2286,0.375,0.2879,0.2329,none
2b_reference,instruct,damaged_q2,q3_routed_tri_68,extreme,1400,0.1679,0.0786,0.4254,0.6436,0.3686,0.0586,0.7743,2.09,-0.2102,cascade
2b_reference,instruct,damaged_q2,q3_routed_tri_68,high,1400,0.2657,0.1921,0.5065,0.7071,0.3179,0.0329,0.4814,1.6079,-0.0287,cascade
2b_reference,instruct,damaged_q2,q3_routed_tri_68,low,1400,0.4471,0.3329,0.7211,0.8186,0.135,0.0207,0.28,0.6486,0.2334,none
2b_reference,instruct,damaged_q2,q3_routed_tri_68,medium,1400,0.3386,0.26,0.6023,0.7407,0.2343,0.025,0.3643,1.1957,0.0958,none
2b_reference,instruct,damaged_q2,q3_stability_tri_72,extreme,1400,0.2014,0.1014,0.4505,0.64,0.3607,0.0507,0.7293,1.95,-0.1728,cascade
2b_reference,instruct,damaged_q2,q3_stability_tri_72,high,1400,0.2821,0.1986,0.5265,0.71,0.3079,0.0307,0.5057,1.5136,-0.0161,cascade
2b_reference,instruct,damaged_q2,q3_stability_tri_72,low,1400,0.4829,0.3721,0.7414,0.825,0.15,0.0179,0.2779,0.5664,0.273,none
2b_reference,instruct,damaged_q2,q3_stability_tri_72,medium,1400,0.3957,0.3071,0.6373,0.7521,0.1971,0.0286,0.3557,1.0843,0.1596,none
2b_reference,instruct,damaged_q2,q4_boundary_pair_72_28,extreme,1400,0.0757,0.0386,0.2883,0.5414,0.4936,0.0514,0.7414,2.7407,-0.3161,cascade
2b_reference,instruct,damaged_q2,q4_boundary_pair_72_28,high,1400,0.1521,0.1093,0.3705,0.5964,0.3843,0.02,0.4821,2.1986,-0.1585,cascade
2b_reference,instruct,damaged_q2,q4_boundary_pair_72_28,low,1400,0.2614,0.195,0.5903,0.7421,0.1664,0.0121,0.2936,1.0443,0.0669,none
2b_reference,instruct,damaged_q2,q4_boundary_pair_72_28,medium,1400,0.2079,0.1679,0.4699,0.6686,0.2829,0.0207,0.3814,1.725,-0.0379,cascade
2b_reference,instruct,damaged_q2,q4_generalist_pair_72_28,extreme,1400,0.0679,0.0379,0.262,0.5493,0.48,0.0393,0.78,2.9979,-0.3263,cascade
2b_reference,instruct,damaged_q2,q4_generalist_pair_72_28,high,1400,0.11,0.0786,0.3347,0.5907,0.4,0.0179,0.5586,2.37,-0.2082,cascade
2b_reference,instruct,damaged_q2,q4_generalist_pair_72_28,low,1400,0.2314,0.18,0.5631,0.7229,0.1964,0.005,0.2793,1.1029,0.0426,classification_miss
2b_reference,instruct,damaged_q2,q4_generalist_pair_72_28,medium,1400,0.1893,0.1507,0.4542,0.6607,0.2829,0.0136,0.3793,1.805,-0.0574,cascade
2b_reference,instruct,damaged_q3,q2_amplifier_low_echo,extreme,1400,0.7693,0.31,0.8463,0.8857,0.1407,0.3364,0.5357,0.0814,0.1536,distractor_capture
2b_reference,instruct,damaged_q3,q2_amplifier_low_echo,high,1400,0.8279,0.4443,0.8926,0.9314,0.1114,0.2564,0.3643,0.0607,0.3274,none
2b_reference,instruct,damaged_q3,q2_amplifier_low_echo,low,1400,0.885,0.5721,0.9307,0.9779,0.0714,0.2086,0.1964,0.0429,0.4911,none
2b_reference,instruct,damaged_q3,q2_amplifier_low_echo,medium,1400,0.8493,0.4964,0.9074,0.9521,0.1086,0.2557,0.245,0.0514,0.3905,none
2b_reference,instruct,damaged_q3,q3_routed_tri_68,extreme,1400,0.6986,0.39,0.8238,0.8643,0.1714,0.06,0.4936,0.3436,0.2699,none
2b_reference,instruct,damaged_q3,q3_routed_tri_68,high,1400,0.7414,0.5179,0.8545,0.9043,0.1507,0.0293,0.3321,0.275,0.4265,none
2b_reference,instruct,damaged_q3,q3_routed_tri_68,low,1400,0.88,0.7236,0.9423,0.9586,0.0786,0.0229,0.1693,0.045,0.6796,none
2b_reference,instruct,damaged_q3,q3_routed_tri_68,medium,1400,0.8264,0.6336,0.9039,0.9229,0.0943,0.03,0.26,0.1521,0.5709,none
2b_reference,instruct,damaged_q3,q3_stability_tri_72,extreme,1400,0.7086,0.4107,0.8366,0.8693,0.1829,0.0614,0.4643,0.2629,0.2933,none
2b_reference,instruct,damaged_q3,q3_stability_tri_72,high,1400,0.7907,0.5686,0.8819,0.9079,0.1271,0.0293,0.3179,0.1821,0.49,none
2b_reference,instruct,damaged_q3,q3_stability_tri_72,low,1400,0.89,0.7357,0.946,0.9607,0.0614,0.0164,0.1779,0.0507,0.6972,none
2b_reference,instruct,damaged_q3,q3_stability_tri_72,medium,1400,0.8321,0.6457,0.9121,0.9286,0.1114,0.0264,0.2471,0.0971,0.5824,none
2b_reference,instruct,damaged_q3,q4_boundary_pair_72_28,extreme,1400,0.5693,0.345,0.7295,0.8221,0.2071,0.0464,0.49,0.8021,0.1943,none
2b_reference,instruct,damaged_q3,q4_boundary_pair_72_28,high,1400,0.5657,0.4271,0.7437,0.83,0.1693,0.02,0.3307,0.7279,0.3095,none
2b_reference,instruct,damaged_q3,q4_boundary_pair_72_28,low,1400,0.7329,0.6221,0.8704,0.8836,0.0779,0.0136,0.1671,0.2443,0.5705,none
2b_reference,instruct,damaged_q3,q4_boundary_pair_72_28,medium,1400,0.6593,0.5171,0.8055,0.85,0.1243,0.0286,0.2557,0.505,0.4284,none
2b_reference,instruct,damaged_q3,q4_generalist_pair_72_28,extreme,1400,0.4893,0.2929,0.6797,0.8179,0.2136,0.0357,0.5186,1.0671,0.1268,none
2b_reference,instruct,damaged_q3,q4_generalist_pair_72_28,high,1400,0.5586,0.4243,0.7286,0.855,0.1857,0.0171,0.355,0.8186,0.2958,none
2b_reference,instruct,damaged_q3,q4_generalist_pair_72_28,low,1400,0.7264,0.5907,0.8807,0.9371,0.0829,0.005,0.1993,0.2379,0.537,none
2b_reference,instruct,damaged_q3,q4_generalist_pair_72_28,medium,1400,0.6614,0.5464,0.8104,0.885,0.1264,0.0107,0.2614,0.5136,0.4598,none
2b_reference,instruct,damaged_q4,q2_amplifier_low_echo,extreme,1400,0.8293,0.36,0.8796,0.9636,0.1186,0.3429,0.4429,0.0564,0.2176,none
2b_reference,instruct,damaged_q4,q2_amplifier_low_echo,high,1400,0.8757,0.4586,0.9132,0.99,0.1043,0.2679,0.3129,0.0464,0.3464,none
2b_reference,instruct,damaged_q4,q2_amplifier_low_echo,low,1400,0.9064,0.5936,0.9405,0.9936,0.0543,0.1971,0.1893,0.045,0.5205,none
2b_reference,instruct,damaged_q4,q2_amplifier_low_echo,medium,1400,0.8757,0.5164,0.9203,0.9893,0.095,0.2464,0.2336,0.0571,0.4171,none
2b_reference,instruct,damaged_q4,q3_routed_tri_68,extreme,1400,0.8657,0.5179,0.9169,0.9664,0.1129,0.0636,0.4171,0.06,0.4349,none
2b_reference,instruct,damaged_q4,q3_routed_tri_68,high,1400,0.8821,0.6486,0.9337,0.9829,0.1021,0.0314,0.2771,0.0593,0.5865,none
2b_reference,instruct,damaged_q4,q3_routed_tri_68,low,1400,0.9021,0.77,0.9588,0.9907,0.0621,0.0114,0.145,0.0343,0.7358,none
2b_reference,instruct,damaged_q4,q3_routed_tri_68,medium,1400,0.9021,0.7236,0.9492,0.9886,0.0814,0.03,0.1921,0.0464,0.6754,none
2b_reference,instruct,damaged_q4,q3_stability_tri_72,extreme,1400,0.8621,0.5443,0.9161,0.9643,0.1136,0.0607,0.3993,0.0686,0.4627,none
2b_reference,instruct,damaged_q4,q3_stability_tri_72,high,1400,0.895,0.665,0.9396,0.985,0.0893,0.03,0.2593,0.0586,0.6085,none
2b_reference,instruct,damaged_q4,q3_stability_tri_72,low,1400,0.9314,0.7836,0.9648,0.9814,0.0429,0.0164,0.1457,0.0279,0.7544,none
2b_reference,instruct,damaged_q4,q3_stability_tri_72,medium,1400,0.9136,0.7393,0.9529,0.9893,0.0707,0.025,0.1821,0.0493,0.696,none
2b_reference,instruct,damaged_q4,q4_boundary_pair_72_28,extreme,1400,0.7871,0.5043,0.8725,0.8971,0.13,0.0514,0.3779,0.2179,0.4139,none
2b_reference,instruct,damaged_q4,q4_boundary_pair_72_28,high,1400,0.8207,0.615,0.8969,0.9164,0.1029,0.0321,0.2564,0.1757,0.5484,none
2b_reference,instruct,damaged_q4,q4_boundary_pair_72_28,low,1400,0.885,0.7607,0.9457,0.955,0.0579,0.0086,0.145,0.0593,0.7271,none
2b_reference,instruct,damaged_q4,q4_boundary_pair_72_28,medium,1400,0.8771,0.7071,0.9319,0.9443,0.085,0.0214,0.1886,0.0779,0.6584,none
2b_reference,instruct,damaged_q4,q4_generalist_pair_72_28,extreme,1400,0.8021,0.4993,0.8808,0.9336,0.1336,0.0471,0.4379,0.1879,0.4054,none
2b_reference,instruct,damaged_q4,q4_generalist_pair_72_28,high,1400,0.8421,0.6357,0.9094,0.9407,0.1064,0.0114,0.2764,0.1279,0.573,none
2b_reference,instruct,damaged_q4,q4_generalist_pair_72_28,low,1400,0.895,0.7636,0.9552,0.9871,0.0679,0.0043,0.1457,0.0393,0.7287,none
2b_reference,instruct,damaged_q4,q4_generalist_pair_72_28,medium,1400,0.885,0.7357,0.9384,0.97,0.0843,0.0143,0.1757,0.0807,0.6895,none
2b_reference,instruct,healthy_q6,q2_amplifier_low_echo,extreme,1400,0.8814,0.3843,0.8967,0.9871,0.0907,0.3671,0.3514,0.0607,0.2525,none
2b_reference,instruct,healthy_q6,q2_amplifier_low_echo,high,1400,0.8929,0.4979,0.9196,0.9864,0.0793,0.3021,0.24,0.0614,0.3914,none
2b_reference,instruct,healthy_q6,q2_amplifier_low_echo,low,1400,0.9221,0.6293,0.9484,0.9936,0.0479,0.1986,0.1464,0.0321,0.5619,none
2b_reference,instruct,healthy_q6,q2_amplifier_low_echo,medium,1400,0.91,0.575,0.9338,0.99,0.0679,0.2464,0.1914,0.0471,0.4877,none
2b_reference,instruct,healthy_q6,q3_routed_tri_68,extreme,1400,0.9114,0.6314,0.9419,0.9907,0.075,0.0579,0.2957,0.0636,0.5705,none
2b_reference,instruct,healthy_q6,q3_routed_tri_68,high,1400,0.935,0.745,0.9584,0.9893,0.0557,0.0307,0.1943,0.0429,0.7045,none
2b_reference,instruct,healthy_q6,q3_routed_tri_68,low,1400,0.9271,0.8171,0.9688,0.9914,0.0386,0.0171,0.1114,0.0357,0.7914,none
2b_reference,instruct,healthy_q6,q3_routed_tri_68,medium,1400,0.9321,0.79,0.9586,0.9857,0.0521,0.0271,0.1421,0.0579,0.7547,none
2b_reference,instruct,healthy_q6,q3_stability_tri_72,extreme,1400,0.9221,0.6521,0.9452,0.9929,0.0729,0.0664,0.27,0.06,0.5924,none
2b_reference,instruct,healthy_q6,q3_stability_tri_72,high,1400,0.9236,0.7271,0.9526,0.9871,0.0671,0.03,0.2007,0.0514,0.6824,none
2b_reference,instruct,healthy_q6,q3_stability_tri_72,low,1400,0.9407,0.8257,0.9731,0.9921,0.0264,0.0193,0.1043,0.0343,0.8039,none
2b_reference,instruct,healthy_q6,q3_stability_tri_72,medium,1400,0.9493,0.8143,0.9682,0.9886,0.0393,0.0307,0.1271,0.04,0.7842,none
2b_reference,instruct,healthy_q6,q4_boundary_pair_72_28,extreme,1400,0.9064,0.6636,0.9395,0.9807,0.0814,0.055,0.2729,0.0629,0.6032,none
2b_reference,instruct,healthy_q6,q4_boundary_pair_72_28,high,1400,0.9157,0.7264,0.9483,0.99,0.0721,0.02,0.2121,0.065,0.6806,none
2b_reference,instruct,healthy_q6,q4_boundary_pair_72_28,low,1400,0.9464,0.8343,0.975,0.99,0.0286,0.0157,0.1079,0.0236,0.8128,none
2b_reference,instruct,healthy_q6,q4_boundary_pair_72_28,medium,1400,0.9407,0.7871,0.9627,0.9914,0.0486,0.0207,0.1471,0.0486,0.7542,none
2b_reference,instruct,healthy_q6,q4_generalist_pair_72_28,extreme,1400,0.9086,0.6479,0.9385,0.9936,0.0864,0.04,0.29,0.0721,0.5871,none
2b_reference,instruct,healthy_q6,q4_generalist_pair_72_28,high,1400,0.9229,0.7443,0.9533,0.9914,0.0614,0.0207,0.2029,0.06,0.7025,none
2b_reference,instruct,healthy_q6,q4_generalist_pair_72_28,low,1400,0.9336,0.8221,0.9697,0.99,0.0307,0.0079,0.1136,0.0386,0.8003,none
2b_reference,instruct,healthy_q6,q4_generalist_pair_72_28,medium,1400,0.935,0.7914,0.9616,0.9929,0.0536,0.0121,0.1486,0.0479,0.7586,none
2b_reference,instruct,healthy_q8,q2_amplifier_low_echo,extreme,1400,0.9007,0.4493,0.912,0.9929,0.0643,0.3407,0.2971,0.0671,0.3347,none
2b_reference,instruct,healthy_q8,q2_amplifier_low_echo,high,1400,0.905,0.53,0.9276,0.9879,0.0707,0.3057,0.1993,0.0486,0.4293,none
2b_reference,instruct,healthy_q8,q2_amplifier_low_echo,low,1400,0.9157,0.6379,0.9481,0.9886,0.0414,0.1986,0.1314,0.0414,0.5731,none
2b_reference,instruct,healthy_q8,q2_amplifier_low_echo,medium,1400,0.9343,0.6071,0.9444,0.99,0.0479,0.24,0.1607,0.0386,0.53,none
2b_reference,instruct,healthy_q8,q3_routed_tri_68,extreme,1400,0.9293,0.6921,0.9516,0.9879,0.0636,0.0621,0.2364,0.0493,0.6393,none
2b_reference,instruct,healthy_q8,q3_routed_tri_68,high,1400,0.9457,0.7571,0.9605,0.9936,0.0407,0.0357,0.1921,0.0629,0.7193,none
2b_reference,instruct,healthy_q8,q3_routed_tri_68,low,1400,0.9436,0.8329,0.9739,0.9879,0.0257,0.0143,0.1079,0.0293,0.8122,none
2b_reference,instruct,healthy_q8,q3_routed_tri_68,medium,1400,0.9529,0.8264,0.9688,0.9907,0.0336,0.0279,0.1157,0.0514,0.799,none
2b_reference,instruct,healthy_q8,q3_stability_tri_72,extreme,1400,0.9371,0.7157,0.9532,0.9914,0.0579,0.0471,0.2221,0.0593,0.6682,none
2b_reference,instruct,healthy_q8,q3_stability_tri_72,high,1400,0.9514,0.7643,0.9631,0.9914,0.04,0.0307,0.1743,0.0543,0.7295,none
2b_reference,instruct,healthy_q8,q3_stability_tri_72,low,1400,0.9457,0.8457,0.9745,0.99,0.0236,0.0179,0.0936,0.0336,0.8259,none
2b_reference,instruct,healthy_q8,q3_stability_tri_72,medium,1400,0.9586,0.82,0.9717,0.9914,0.0264,0.0229,0.13,0.0429,0.795,none
2b_reference,instruct,healthy_q8,q4_boundary_pair_72_28,extreme,1400,0.9336,0.7,0.9537,0.9943,0.0579,0.045,0.2407,0.055,0.6516,none
2b_reference,instruct,healthy_q8,q4_boundary_pair_72_28,high,1400,0.9393,0.7807,0.9625,0.9936,0.0521,0.0257,0.1521,0.0486,0.7453,none
2b_reference,instruct,healthy_q8,q4_boundary_pair_72_28,low,1400,0.9443,0.8436,0.9746,0.9907,0.0264,0.0114,0.0979,0.03,0.824,none
2b_reference,instruct,healthy_q8,q4_boundary_pair_72_28,medium,1400,0.9486,0.8121,0.9676,0.99,0.0343,0.0143,0.1357,0.0471,0.7858,none
2b_reference,instruct,healthy_q8,q4_generalist_pair_72_28,extreme,1400,0.9407,0.6979,0.9529,0.9886,0.05,0.0407,0.2514,0.0636,0.6514,none
2b_reference,instruct,healthy_q8,q4_generalist_pair_72_28,high,1400,0.9521,0.7779,0.9623,0.9857,0.0407,0.0157,0.1793,0.0493,0.7457,none
2b_reference,instruct,healthy_q8,q4_generalist_pair_72_28,low,1400,0.9407,0.8536,0.9738,0.9886,0.0307,0.0021,0.0921,0.0279,0.8352,none
2b_reference,instruct,healthy_q8,q4_generalist_pair_72_28,medium,1400,0.945,0.8207,0.9666,0.9879,0.0379,0.02,0.1193,0.0507,0.7933,none
2b_reference,instruct,q8_k_m,q2_amplifier_low_echo,extreme,1400,0.9021,0.4243,0.9106,0.9936,0.0664,0.3614,0.2979,0.0593,0.3053,none
2b_reference,instruct,q8_k_m,q2_amplifier_low_echo,high,1400,0.9214,0.5593,0.9348,0.9893,0.0579,0.2764,0.1957,0.0479,0.4686,none
2b_reference,instruct,q8_k_m,q2_amplifier_low_echo,low,1400,0.9079,0.6214,0.9435,0.985,0.0479,0.2107,0.1379,0.0436,0.5517,none
2b_reference,instruct,q8_k_m,q2_amplifier_low_echo,medium,1400,0.9086,0.5857,0.9362,0.9864,0.0586,0.2614,0.1536,0.0529,0.5009,none
2b_reference,instruct,q8_k_m,q3_routed_tri_68,extreme,1400,0.9536,0.7164,0.9585,0.9914,0.0421,0.0671,0.2071,0.0607,0.6707,none
2b_reference,instruct,q8_k_m,q3_routed_tri_68,high,1400,0.9479,0.7886,0.9658,0.9914,0.0393,0.0293,0.1564,0.0471,0.7561,none
2b_reference,instruct,q8_k_m,q3_routed_tri_68,low,1400,0.9343,0.8364,0.972,0.9914,0.0329,0.0221,0.0893,0.035,0.8132,none
2b_reference,instruct,q8_k_m,q3_routed_tri_68,medium,1400,0.9479,0.8357,0.9696,0.99,0.0314,0.0279,0.105,0.0529,0.8097,none
2b_reference,instruct,q8_k_m,q3_stability_tri_72,extreme,1400,0.9586,0.7379,0.9613,0.9921,0.0393,0.0543,0.2136,0.0521,0.6955,none
2b_reference,instruct,q8_k_m,q3_stability_tri_72,high,1400,0.9593,0.795,0.967,0.9864,0.0314,0.0279,0.1664,0.0443,0.7645,none
2b_reference,instruct,q8_k_m,q3_stability_tri_72,low,1400,0.9407,0.8386,0.9738,0.9907,0.0293,0.01,0.1029,0.0286,0.8181,none
2b_reference,instruct,q8_k_m,q3_stability_tri_72,medium,1400,0.9571,0.835,0.9726,0.9893,0.0257,0.03,0.1057,0.0457,0.8105,none
2b_reference,instruct,q8_k_m,q4_boundary_pair_72_28,extreme,1400,0.9479,0.73,0.9579,0.9914,0.0464,0.0436,0.2243,0.0536,0.6867,none
2b_reference,instruct,q8_k_m,q4_boundary_pair_72_28,high,1400,0.9564,0.8064,0.9669,0.9936,0.0407,0.0214,0.1479,0.045,0.7758,none
2b_reference,instruct,q8_k_m,q4_boundary_pair_72_28,low,1400,0.935,0.8364,0.9713,0.9864,0.0286,0.0121,0.0957,0.0364,0.816,none
2b_reference,instruct,q8_k_m,q4_boundary_pair_72_28,medium,1400,0.9536,0.84,0.9712,0.9886,0.0364,0.0243,0.1036,0.0379,0.814,none
2b_reference,instruct,q8_k_m,q4_generalist_pair_72_28,extreme,1400,0.9486,0.7221,0.9574,0.9914,0.0443,0.0379,0.2364,0.0579,0.6795,none
2b_reference,instruct,q8_k_m,q4_generalist_pair_72_28,high,1400,0.9657,0.81,0.969,0.9886,0.0279,0.0157,0.1607,0.045,0.7834,none
2b_reference,instruct,q8_k_m,q4_generalist_pair_72_28,low,1400,0.9393,0.8514,0.974,0.995,0.0214,0.0079,0.0871,0.0436,0.8343,none
2b_reference,instruct,q8_k_m,q4_generalist_pair_72_28,medium,1400,0.9564,0.8421,0.9708,0.99,0.0286,0.0107,0.12,0.0471,0.8195,none
35b_a3b_moe,base,base_f16,q2_amplifier_low_echo,extreme,1400,0.9243,0.4886,0.9224,0.9886,0.0471,0.3407,0.2371,0.0586,0.3844,none
35b_a3b_moe,base,base_f16,q2_amplifier_low_echo,high,1400,0.9329,0.5693,0.9405,0.9914,0.0407,0.2993,0.1429,0.0571,0.4829,none
35b_a3b_moe,base,base_f16,q2_amplifier_low_echo,low,1400,0.9243,0.6386,0.9503,0.9879,0.03,0.2221,0.1129,0.0429,0.574,none
35b_a3b_moe,base,base_f16,q2_amplifier_low_echo,medium,1400,0.9464,0.6286,0.9491,0.9921,0.0357,0.2607,0.115,0.0443,0.5543,none
35b_a3b_moe,base,base_f16,q3_routed_tri_68,extreme,1400,0.96,0.775,0.9656,0.9907,0.0329,0.0786,0.1321,0.0671,0.7355,none
35b_a3b_moe,base,base_f16,q3_routed_tri_68,high,1400,0.9793,0.8607,0.9763,0.9929,0.0157,0.0336,0.0907,0.0564,0.8392,none
35b_a3b_moe,base,base_f16,q3_routed_tri_68,low,1400,0.9536,0.8814,0.98,0.9886,0.0136,0.0186,0.0607,0.0336,0.8671,none
35b_a3b_moe,base,base_f16,q3_routed_tri_68,medium,1400,0.9764,0.875,0.9796,0.9886,0.0129,0.0393,0.0693,0.0436,0.8556,none
35b_a3b_moe,base,base_f16,q3_stability_tri_72,extreme,1400,0.9707,0.7979,0.9689,0.9914,0.025,0.0686,0.1293,0.0629,0.7632,none
35b_a3b_moe,base,base_f16,q3_stability_tri_72,high,1400,0.9807,0.8471,0.9763,0.9914,0.0164,0.0343,0.1121,0.0464,0.8241,none
35b_a3b_moe,base,base_f16,q3_stability_tri_72,low,1400,0.9593,0.8829,0.9832,0.9936,0.0057,0.0293,0.0571,0.035,0.869,none
35b_a3b_moe,base,base_f16,q3_stability_tri_72,medium,1400,0.98,0.87,0.9776,0.99,0.01,0.0307,0.0886,0.0521,0.8512,none
35b_a3b_moe,base,base_f16,q4_boundary_pair_72_28,extreme,1400,0.9729,0.8014,0.97,0.9914,0.0214,0.0557,0.1421,0.0607,0.7694,none
35b_a3b_moe,base,base_f16,q4_boundary_pair_72_28,high,1400,0.9686,0.8436,0.9712,0.9907,0.0257,0.0257,0.1129,0.0571,0.8188,none
35b_a3b_moe,base,base_f16,q4_boundary_pair_72_28,low,1400,0.9557,0.8807,0.9814,0.9936,0.0136,0.0186,0.0607,0.0321,0.8665,none
35b_a3b_moe,base,base_f16,q4_boundary_pair_72_28,medium,1400,0.9743,0.8936,0.9804,0.9943,0.015,0.0214,0.0664,0.0436,0.8773,none
35b_a3b_moe,base,base_f16,q4_generalist_pair_72_28,extreme,1400,0.9743,0.7971,0.9722,0.9921,0.0193,0.0443,0.1521,0.05,0.7678,none
35b_a3b_moe,base,base_f16,q4_generalist_pair_72_28,high,1400,0.9793,0.8621,0.976,0.9893,0.0164,0.0207,0.1043,0.0479,0.8423,none
35b_a3b_moe,base,base_f16,q4_generalist_pair_72_28,low,1400,0.9514,0.8871,0.9795,0.9893,0.01,0.0114,0.06,0.0386,0.8751,none
35b_a3b_moe,base,base_f16,q4_generalist_pair_72_28,medium,1400,0.9807,0.9007,0.9812,0.9893,0.0107,0.0136,0.0714,0.0393,0.8871,none
35b_a3b_moe,base,collapsed_q2_edge,q2_amplifier_low_echo,extreme,1400,0.7,0.28,0.8132,0.8714,0.1507,0.3414,0.5814,0.2243,0.1088,distractor_capture
35b_a3b_moe,base,collapsed_q2_edge,q2_amplifier_low_echo,high,1400,0.765,0.3686,0.8595,0.9136,0.1371,0.2807,0.415,0.1386,0.2312,none
35b_a3b_moe,base,collapsed_q2_edge,q2_amplifier_low_echo,low,1400,0.8636,0.5357,0.9185,0.955,0.0871,0.2329,0.2071,0.0429,0.4443,none
35b_a3b_moe,base,collapsed_q2_edge,q2_amplifier_low_echo,medium,1400,0.8336,0.4664,0.8952,0.93,0.1029,0.2479,0.295,0.0807,0.3584,none
35b_a3b_moe,base,collapsed_q2_edge,q3_routed_tri_68,extreme,1400,0.4714,0.2521,0.6695,0.835,0.2121,0.0707,0.5936,1.1279,0.0705,distractor_capture
35b_a3b_moe,base,collapsed_q2_edge,q3_routed_tri_68,high,1400,0.5279,0.385,0.709,0.8464,0.1629,0.0364,0.3879,0.9214,0.2518,none
35b_a3b_moe,base,collapsed_q2_edge,q3_routed_tri_68,low,1400,0.6393,0.5143,0.8416,0.9121,0.0893,0.0186,0.2007,0.3507,0.4502,none
35b_a3b_moe,base,collapsed_q2_edge,q3_routed_tri_68,medium,1400,0.6086,0.4707,0.7778,0.8821,0.1357,0.0264,0.2814,0.6536,0.3695,none
35b_a3b_moe,base,collapsed_q2_edge,q3_stability_tri_72,extreme,1400,0.4929,0.2657,0.6839,0.8271,0.2136,0.0586,0.5771,1.0386,0.0918,distractor_capture
35b_a3b_moe,base,collapsed_q2_edge,q3_stability_tri_72,high,1400,0.52,0.3807,0.71,0.8536,0.1643,0.0286,0.3986,0.9179,0.2479,none
35b_a3b_moe,base,collapsed_q2_edge,q3_stability_tri_72,low,1400,0.6814,0.5393,0.8589,0.9143,0.085,0.0164,0.2136,0.295,0.4787,none
35b_a3b_moe,base,collapsed_q2_edge,q3_stability_tri_72,medium,1400,0.65,0.485,0.7995,0.8907,0.1243,0.0379,0.2821,0.5721,0.389,none
35b_a3b_moe,base,collapsed_q2_edge,q4_boundary_pair_72_28,extreme,1400,0.2414,0.1393,0.5046,0.725,0.3029,0.0507,0.5707,1.8786,-0.1013,cascade
35b_a3b_moe,base,collapsed_q2_edge,q4_boundary_pair_72_28,high,1400,0.3071,0.2271,0.545,0.7664,0.2221,0.0343,0.4,1.6443,0.0394,primitive_gap
35b_a3b_moe,base,collapsed_q2_edge,q4_boundary_pair_72_28,low,1400,0.3957,0.3086,0.7022,0.8286,0.0986,0.0171,0.2093,0.7829,0.2197,none
35b_a3b_moe,base,collapsed_q2_edge,q4_boundary_pair_72_28,medium,1400,0.3743,0.3064,0.6285,0.8007,0.1686,0.0271,0.2993,1.2457,0.1642,none
35b_a3b_moe,base,collapsed_q2_edge,q4_generalist_pair_72_28,extreme,1400,0.1793,0.1071,0.4708,0.7279,0.2986,0.0429,0.625,2.0671,-0.1444,cascade
35b_a3b_moe,base,collapsed_q2_edge,q4_generalist_pair_72_28,high,1400,0.2757,0.2,0.531,0.7771,0.2271,0.0186,0.4321,1.705,0.0083,primitive_gap
35b_a3b_moe,base,collapsed_q2_edge,q4_generalist_pair_72_28,low,1400,0.3671,0.2936,0.6968,0.8471,0.1071,0.0064,0.225,0.8079,0.2018,none
35b_a3b_moe,base,collapsed_q2_edge,q4_generalist_pair_72_28,medium,1400,0.3507,0.2936,0.6109,0.815,0.1757,0.015,0.3107,1.3293,0.1465,none
35b_a3b_moe,base,damaged_q2,q2_amplifier_low_echo,extreme,1400,0.8164,0.3229,0.8704,0.9629,0.1229,0.3471,0.52,0.0707,0.1714,distractor_capture
35b_a3b_moe,base,damaged_q2,q2_amplifier_low_echo,high,1400,0.8707,0.4371,0.9074,0.9836,0.0964,0.2993,0.3429,0.0586,0.318,none
35b_a3b_moe,base,damaged_q2,q2_amplifier_low_echo,low,1400,0.8957,0.5757,0.9355,0.9921,0.0643,0.2014,0.2029,0.0443,0.4977,none
35b_a3b_moe,base,damaged_q2,q2_amplifier_low_echo,medium,1400,0.9064,0.5357,0.9281,0.99,0.0707,0.2571,0.2586,0.0436,0.4402,none
35b_a3b_moe,base,damaged_q2,q3_routed_tri_68,extreme,1400,0.7743,0.4614,0.868,0.94,0.1507,0.0693,0.4721,0.2236,0.3534,none
35b_a3b_moe,base,damaged_q2,q3_routed_tri_68,high,1400,0.8336,0.5857,0.9013,0.9607,0.1007,0.0343,0.34,0.1771,0.5126,none
35b_a3b_moe,base,damaged_q2,q3_routed_tri_68,low,1400,0.9114,0.7443,0.9577,0.99,0.0507,0.0264,0.1686,0.0436,0.7081,none
35b_a3b_moe,base,damaged_q2,q3_routed_tri_68,medium,1400,0.8679,0.6636,0.927,0.9629,0.0836,0.025,0.2579,0.1014,0.6078,none
35b_a3b_moe,base,damaged_q2,q3_stability_tri_72,extreme,1400,0.8143,0.4714,0.8778,0.9286,0.1193,0.0579,0.4686,0.2129,0.3759,none
35b_a3b_moe,base,damaged_q2,q3_stability_tri_72,high,1400,0.8157,0.5857,0.8931,0.9421,0.115,0.0429,0.3064,0.19,0.5086,none
35b_a3b_moe,base,damaged_q2,q3_stability_tri_72,low,1400,0.9129,0.7514,0.958,0.9864,0.0543,0.0214,0.1629,0.0393,0.7159,none
35b_a3b_moe,base,damaged_q2,q3_stability_tri_72,medium,1400,0.8914,0.69,0.9379,0.9664,0.0679,0.0329,0.2336,0.0836,0.6402,none
35b_a3b_moe,base,damaged_q2,q4_boundary_pair_72_28,extreme,1400,0.5921,0.3543,0.7409,0.8236,0.1657,0.0557,0.4707,0.81,0.2153,none
35b_a3b_moe,base,damaged_q2,q4_boundary_pair_72_28,high,1400,0.6064,0.4621,0.7523,0.8464,0.1386,0.0271,0.3279,0.7493,0.3514,none
35b_a3b_moe,base,damaged_q2,q4_boundary_pair_72_28,low,1400,0.69,0.5607,0.8584,0.8893,0.0671,0.015,0.1871,0.2943,0.5079,none
35b_a3b_moe,base,damaged_q2,q4_boundary_pair_72_28,medium,1400,0.6721,0.5529,0.8174,0.8843,0.1143,0.0257,0.2236,0.5136,0.4699,none
35b_a3b_moe,base,damaged_q2,q4_generalist_pair_72_28,extreme,1400,0.5443,0.3179,0.7204,0.8886,0.1764,0.045,0.5307,0.9786,0.1645,none
35b_a3b_moe,base,damaged_q2,q4_generalist_pair_72_28,high,1400,0.6193,0.4571,0.7714,0.9121,0.12,0.0164,0.3586,0.76,0.3512,none
35b_a3b_moe,base,damaged_q2,q4_generalist_pair_72_28,low,1400,0.73,0.6079,0.8942,0.9671,0.0757,0.0071,0.16,0.2336,0.5592,none
35b_a3b_moe,base,damaged_q2,q4_generalist_pair_72_28,medium,1400,0.715,0.5786,0.8335,0.9436,0.1007,0.0157,0.2529,0.5086,0.4996,none
35b_a3b_moe,base,damaged_q3,q2_amplifier_low_echo,extreme,1400,0.8821,0.4,0.9002,0.9857,0.0871,0.365,0.3593,0.0471,0.2698,none
35b_a3b_moe,base,damaged_q3,q2_amplifier_low_echo,high,1400,0.9021,0.4743,0.9216,0.9886,0.0679,0.3179,0.2629,0.0571,0.3665,none
35b_a3b_moe,base,damaged_q3,q2_amplifier_low_echo,low,1400,0.9107,0.6029,0.9419,0.9943,0.06,0.23,0.1657,0.0293,0.5241,none
35b_a3b_moe,base,damaged_q3,q2_amplifier_low_echo,medium,1400,0.9021,0.5579,0.9327,0.9929,0.0686,0.2457,0.2071,0.05,0.4691,none
35b_a3b_moe,base,damaged_q3,q3_routed_tri_68,extreme,1400,0.8964,0.6264,0.9341,0.9829,0.0893,0.0579,0.315,0.0657,0.5596,none
35b_a3b_moe,base,damaged_q3,q3_routed_tri_68,high,1400,0.9321,0.7079,0.9553,0.99,0.0621,0.0436,0.2236,0.0393,0.6606,none
35b_a3b_moe,base,damaged_q3,q3_routed_tri_68,low,1400,0.9307,0.8021,0.9686,0.9893,0.0371,0.03,0.12,0.0329,0.7738,none
35b_a3b_moe,base,damaged_q3,q3_routed_tri_68,medium,1400,0.9429,0.7636,0.962,0.99,0.0429,0.03,0.1793,0.0479,0.728,none
35b_a3b_moe,base,damaged_q3,q3_stability_tri_72,extreme,1400,0.9221,0.6043,0.9437,0.9921,0.07,0.0743,0.3271,0.0514,0.5397,none
35b_a3b_moe,base,damaged_q3,q3_stability_tri_72,high,1400,0.9286,0.705,0.9534,0.99,0.06,0.0364,0.235,0.0486,0.6585,none
35b_a3b_moe,base,damaged_q3,q3_stability_tri_72,low,1400,0.9336,0.8186,0.9694,0.9871,0.0343,0.0171,0.1136,0.0336,0.7941,none
35b_a3b_moe,base,damaged_q3,q3_stability_tri_72,medium,1400,0.9314,0.7614,0.9597,0.9857,0.0536,0.0307,0.1671,0.0421,0.7237,none
35b_a3b_moe,base,damaged_q3,q4_boundary_pair_72_28,extreme,1400,0.8986,0.6093,0.9329,0.9743,0.0893,0.0629,0.3043,0.0664,0.5423,none
35b_a3b_moe,base,damaged_q3,q4_boundary_pair_72_28,high,1400,0.9171,0.7107,0.9493,0.9836,0.0614,0.025,0.2314,0.0607,0.6657,none
35b_a3b_moe,base,damaged_q3,q4_boundary_pair_72_28,low,1400,0.9221,0.7971,0.9679,0.9943,0.0329,0.0207,0.1229,0.0443,0.7711,none
35b_a3b_moe,base,damaged_q3,q4_boundary_pair_72_28,medium,1400,0.9164,0.745,0.9549,0.9893,0.0671,0.03,0.1707,0.0479,0.7028,none
35b_a3b_moe,base,damaged_q3,q4_generalist_pair_72_28,extreme,1400,0.9043,0.6021,0.9366,0.9936,0.0836,0.0393,0.3521,0.0629,0.5379,none
35b_a3b_moe,base,damaged_q3,q4_generalist_pair_72_28,high,1400,0.9271,0.6943,0.9505,0.99,0.0621,0.025,0.2564,0.0529,0.6475,none
35b_a3b_moe,base,damaged_q3,q4_generalist_pair_72_28,low,1400,0.9271,0.7929,0.9645,0.9921,0.0493,0.0086,0.1407,0.0314,0.7635,none
35b_a3b_moe,base,damaged_q3,q4_generalist_pair_72_28,medium,1400,0.9336,0.7579,0.9602,0.9907,0.0486,0.0229,0.1821,0.0479,0.7218,none
35b_a3b_moe,base,damaged_q4,q2_amplifier_low_echo,extreme,1400,0.8936,0.4436,0.9069,0.9857,0.075,0.3593,0.295,0.0579,0.3227,none
35b_a3b_moe,base,damaged_q4,q2_amplifier_low_echo,high,1400,0.9164,0.53,0.9307,0.9929,0.06,0.2886,0.2336,0.05,0.4331,none
35b_a3b_moe,base,damaged_q4,q2_amplifier_low_echo,low,1400,0.91,0.6079,0.9437,0.9907,0.0464,0.2271,0.1371,0.0436,0.5353,none
35b_a3b_moe,base,damaged_q4,q2_amplifier_low_echo,medium,1400,0.9214,0.5836,0.937,0.9943,0.06,0.2707,0.1643,0.0479,0.4959,none
35b_a3b_moe,base,damaged_q4,q3_routed_tri_68,extreme,1400,0.9279,0.6614,0.9482,0.9893,0.0664,0.0557,0.2693,0.0514,0.6062,none
35b_a3b_moe,base,damaged_q4,q3_routed_tri_68,high,1400,0.94,0.7693,0.9598,0.9914,0.0486,0.0357,0.1657,0.0607,0.7313,none
35b_a3b_moe,base,damaged_q4,q3_routed_tri_68,low,1400,0.94,0.835,0.9726,0.9893,0.0236,0.0179,0.0993,0.0379,0.8145,none
35b_a3b_moe,base,damaged_q4,q3_routed_tri_68,medium,1400,0.9521,0.8071,0.9677,0.9943,0.0414,0.0379,0.1286,0.045,0.7746,none
35b_a3b_moe,base,damaged_q4,q3_stability_tri_72,extreme,1400,0.935,0.6979,0.9513,0.9914,0.0621,0.0536,0.235,0.0593,0.6467,none
35b_a3b_moe,base,damaged_q4,q3_stability_tri_72,high,1400,0.9207,0.7529,0.9539,0.9871,0.0643,0.0321,0.1729,0.0586,0.7104,none
35b_a3b_moe,base,damaged_q4,q3_stability_tri_72,low,1400,0.9421,0.8421,0.9749,0.9914,0.0286,0.0186,0.0943,0.0293,0.8209,none
35b_a3b_moe,base,damaged_q4,q3_stability_tri_72,medium,1400,0.945,0.8243,0.9677,0.9914,0.0364,0.0271,0.1171,0.0529,0.7959,none
35b_a3b_moe,base,damaged_q4,q4_boundary_pair_72_28,extreme,1400,0.9157,0.655,0.9421,0.9936,0.0779,0.0579,0.2757,0.07,0.5945,none
35b_a3b_moe,base,damaged_q4,q4_boundary_pair_72_28,high,1400,0.9279,0.7543,0.9569,0.9929,0.0657,0.0286,0.175,0.0464,0.7125,none
35b_a3b_moe,base,damaged_q4,q4_boundary_pair_72_28,low,1400,0.935,0.8336,0.9728,0.9907,0.0243,0.0179,0.095,0.0407,0.8131,none
35b_a3b_moe,base,damaged_q4,q4_boundary_pair_72_28,medium,1400,0.9421,0.8093,0.9633,0.9857,0.0393,0.0257,0.1264,0.06,0.7792,none
35b_a3b_moe,base,damaged_q4,q4_generalist_pair_72_28,extreme,1400,0.9371,0.6886,0.9516,0.9957,0.06,0.0436,0.255,0.0586,0.6385,none
35b_a3b_moe,base,damaged_q4,q4_generalist_pair_72_28,high,1400,0.94,0.785,0.9607,0.9943,0.05,0.015,0.1707,0.055,0.7506,none
35b_a3b_moe,base,damaged_q4,q4_generalist_pair_72_28,low,1400,0.94,0.835,0.9734,0.9921,0.0207,0.0086,0.1114,0.0393,0.8162,none
35b_a3b_moe,base,damaged_q4,q4_generalist_pair_72_28,medium,1400,0.9486,0.7986,0.9679,0.9907,0.0364,0.0229,0.1414,0.0414,0.7697,none
35b_a3b_moe,base,healthy_q6,q2_amplifier_low_echo,extreme,1400,0.9036,0.4479,0.9114,0.9914,0.0671,0.37,0.2657,0.0607,0.3294,none
35b_a3b_moe,base,healthy_q6,q2_amplifier_low_echo,high,1400,0.9257,0.5529,0.9354,0.9943,0.0543,0.2936,0.1843,0.0521,0.4605,none
35b_a3b_moe,base,healthy_q6,q2_amplifier_low_echo,low,1400,0.9257,0.6521,0.9506,0.9929,0.0429,0.2107,0.1236,0.0321,0.5857,none
35b_a3b_moe,base,healthy_q6,q2_amplifier_low_echo,medium,1400,0.9279,0.595,0.9414,0.9921,0.0514,0.2707,0.1279,0.05,0.5127,none
35b_a3b_moe,base,healthy_q6,q3_routed_tri_68,extreme,1400,0.9436,0.7214,0.9568,0.9857,0.0479,0.0693,0.2014,0.0579,0.6742,none
35b_a3b_moe,base,healthy_q6,q3_routed_tri_68,high,1400,0.96,0.8079,0.9681,0.995,0.0329,0.0321,0.1371,0.0571,0.7777,none
35b_a3b_moe,base,healthy_q6,q3_routed_tri_68,low,1400,0.9529,0.8571,0.9782,0.9886,0.0157,0.0243,0.0757,0.0329,0.8399,none
35b_a3b_moe,base,healthy_q6,q3_routed_tri_68,medium,1400,0.9657,0.8414,0.9732,0.9886,0.0207,0.0336,0.105,0.05,0.8176,none
35b_a3b_moe,base,healthy_q6,q3_stability_tri_72,extreme,1400,0.9557,0.7229,0.9607,0.9864,0.0379,0.0807,0.1936,0.0557,0.6771,none
35b_a3b_moe,base,healthy_q6,q3_stability_tri_72,high,1400,0.9571,0.8071,0.967,0.9936,0.0364,0.0414,0.1343,0.0564,0.7744,none
35b_a3b_moe,base,healthy_q6,q3_stability_tri_72,low,1400,0.9407,0.8586,0.9748,0.9893,0.0229,0.0193,0.0743,0.0379,0.84,none
35b_a3b_moe,base,healthy_q6,q3_stability_tri_72,medium,1400,0.9657,0.8486,0.9749,0.9914,0.0207,0.0329,0.0979,0.0471,0.8256,none
35b_a3b_moe,base,healthy_q6,q4_boundary_pair_72_28,extreme,1400,0.9479,0.7307,0.9588,0.9886,0.0436,0.0536,0.2,0.0607,0.6879,none
35b_a3b_moe,base,healthy_q6,q4_boundary_pair_72_28,high,1400,0.9543,0.8121,0.9674,0.99,0.035,0.0221,0.1414,0.0514,0.7833,none
35b_a3b_moe,base,healthy_q6,q4_boundary_pair_72_28,low,1400,0.9457,0.8529,0.9769,0.9929,0.0207,0.0186,0.0821,0.0343,0.8346,none
35b_a3b_moe,base,healthy_q6,q4_boundary_pair_72_28,medium,1400,0.9643,0.8379,0.972,0.9914,0.0279,0.0293,0.1136,0.0464,0.8122,none
35b_a3b_moe,base,healthy_q6,q4_generalist_pair_72_28,extreme,1400,0.9514,0.7329,0.9599,0.9929,0.0436,0.0507,0.1993,0.06,0.6907,none
35b_a3b_moe,base,healthy_q6,q4_generalist_pair_72_28,high,1400,0.955,0.8057,0.9643,0.9921,0.0379,0.0171,0.145,0.0629,0.7762,none
35b_a3b_moe,base,healthy_q6,q4_generalist_pair_72_28,low,1400,0.935,0.8557,0.9737,0.9929,0.0171,0.0057,0.08,0.0493,0.8406,none
35b_a3b_moe,base,healthy_q6,q4_generalist_pair_72_28,medium,1400,0.9557,0.8543,0.9709,0.995,0.0321,0.0171,0.0986,0.0543,0.8306,none
35b_a3b_moe,base,healthy_q8,q2_amplifier_low_echo,extreme,1400,0.9321,0.5121,0.9242,0.9914,0.0479,0.3279,0.2221,0.0636,0.4113,none
35b_a3b_moe,base,healthy_q8,q2_amplifier_low_echo,high,1400,0.935,0.5479,0.939,0.9936,0.0421,0.3036,0.1829,0.0493,0.4574,none
35b_a3b_moe,base,healthy_q8,q2_amplifier_low_echo,low,1400,0.9186,0.635,0.9491,0.9907,0.0379,0.2107,0.1214,0.0414,0.5697,none
35b_a3b_moe,base,healthy_q8,q2_amplifier_low_echo,medium,1400,0.93,0.5979,0.9435,0.9886,0.0429,0.2764,0.1307,0.0443,0.517,none
35b_a3b_moe,base,healthy_q8,q3_routed_tri_68,extreme,1400,0.9664,0.7564,0.9643,0.9886,0.0307,0.0607,0.1786,0.0571,0.7179,none
35b_a3b_moe,base,healthy_q8,q3_routed_tri_68,high,1400,0.9657,0.8329,0.9678,0.9886,0.0271,0.0279,0.1207,0.0664,0.8062,none
35b_a3b_moe,base,healthy_q8,q3_routed_tri_68,low,1400,0.9607,0.8714,0.9812,0.9907,0.0093,0.0221,0.0714,0.0314,0.8569,none
35b_a3b_moe,base,healthy_q8,q3_routed_tri_68,medium,1400,0.9714,0.8657,0.9763,0.9921,0.0136,0.0343,0.0786,0.0586,0.8456,none
35b_a3b_moe,base,healthy_q8,q3_stability_tri_72,extreme,1400,0.9614,0.755,0.9643,0.9929,0.0321,0.0636,0.1786,0.0607,0.7153,none
35b_a3b_moe,base,healthy_q8,q3_stability_tri_72,high,1400,0.9671,0.8329,0.9707,0.9921,0.0271,0.035,0.1186,0.0564,0.8054,none
35b_a3b_moe,base,healthy_q8,q3_stability_tri_72,low,1400,0.9564,0.8664,0.9792,0.9879,0.0107,0.0186,0.0793,0.0336,0.8515,none
35b_a3b_moe,base,healthy_q8,q3_stability_tri_72,medium,1400,0.9729,0.8664,0.9771,0.9871,0.0129,0.0364,0.0829,0.0493,0.8462,none
35b_a3b_moe,base,healthy_q8,q4_boundary_pair_72_28,extreme,1400,0.9629,0.7786,0.9652,0.9907,0.0329,0.055,0.1564,0.06,0.7422,none
35b_a3b_moe,base,healthy_q8,q4_boundary_pair_72_28,high,1400,0.9636,0.8214,0.9679,0.9921,0.03,0.0286,0.135,0.0607,0.7929,none
35b_a3b_moe,base,healthy_q8,q4_boundary_pair_72_28,low,1400,0.9407,0.8593,0.9755,0.9886,0.0214,0.0193,0.0736,0.0364,0.8413,none
35b_a3b_moe,base,healthy_q8,q4_boundary_pair_72_28,medium,1400,0.9643,0.8564,0.9748,0.9907,0.0236,0.0286,0.0907,0.0464,0.8341,none
35b_a3b_moe,base,healthy_q8,q4_generalist_pair_72_28,extreme,1400,0.9564,0.7693,0.9631,0.9914,0.0393,0.0414,0.1771,0.055,0.7323,none
35b_a3b_moe,base,healthy_q8,q4_generalist_pair_72_28,high,1400,0.9643,0.8293,0.971,0.9914,0.0243,0.0214,0.1343,0.0529,0.8043,none
35b_a3b_moe,base,healthy_q8,q4_generalist_pair_72_28,low,1400,0.9579,0.8936,0.981,0.9886,0.015,0.0071,0.0607,0.0271,0.8814,none
35b_a3b_moe,base,healthy_q8,q4_generalist_pair_72_28,medium,1400,0.9621,0.8643,0.9721,0.9871,0.0193,0.02,0.0907,0.0614,0.8442,none
35b_a3b_moe,base,q8_k_m,q2_amplifier_low_echo,extreme,1400,0.9079,0.46,0.9157,0.9864,0.0586,0.3707,0.2186,0.0614,0.3477,none
35b_a3b_moe,base,q8_k_m,q2_amplifier_low_echo,high,1400,0.9271,0.5679,0.9389,0.99,0.0493,0.2821,0.1679,0.0479,0.4808,none
35b_a3b_moe,base,q8_k_m,q2_amplifier_low_echo,low,1400,0.9293,0.6507,0.9521,0.9871,0.0329,0.2043,0.1186,0.0371,0.5887,none
35b_a3b_moe,base,q8_k_m,q2_amplifier_low_echo,medium,1400,0.9307,0.6307,0.9443,0.9864,0.0436,0.2386,0.1293,0.0521,0.557,none
35b_a3b_moe,base,q8_k_m,q3_routed_tri_68,extreme,1400,0.9657,0.7679,0.9677,0.9879,0.0293,0.0636,0.1636,0.0471,0.7309,none
35b_a3b_moe,base,q8_k_m,q3_routed_tri_68,high,1400,0.9721,0.8379,0.9727,0.9921,0.025,0.0279,0.1207,0.0479,0.8127,none
35b_a3b_moe,base,q8_k_m,q3_routed_tri_68,low,1400,0.9579,0.8843,0.9834,0.995,0.0057,0.0221,0.0564,0.0364,0.8718,none
35b_a3b_moe,base,q8_k_m,q3_routed_tri_68,medium,1400,0.9686,0.8579,0.9764,0.9921,0.0207,0.0386,0.0821,0.0471,0.835,none
35b_a3b_moe,base,q8_k_m,q3_stability_tri_72,extreme,1400,0.9671,0.7886,0.9667,0.9907,0.0293,0.065,0.1429,0.065,0.7521,none
35b_a3b_moe,base,q8_k_m,q3_stability_tri_72,high,1400,0.9686,0.8386,0.971,0.9857,0.0243,0.0357,0.1107,0.0543,0.8126,none
35b_a3b_moe,base,q8_k_m,q3_stability_tri_72,low,1400,0.9479,0.8821,0.9789,0.9871,0.0121,0.0214,0.0536,0.0386,0.868,none
35b_a3b_moe,base,q8_k_m,q3_stability_tri_72,medium,1400,0.9743,0.8693,0.9788,0.9936,0.015,0.0221,0.0921,0.0414,0.8509,none
35b_a3b_moe,base,q8_k_m,q4_boundary_pair_72_28,extreme,1400,0.97,0.775,0.9683,0.9857,0.0271,0.0579,0.1636,0.0457,0.7399,none
35b_a3b_moe,base,q8_k_m,q4_boundary_pair_72_28,high,1400,0.9657,0.8329,0.9694,0.9879,0.0229,0.0307,0.1243,0.0621,0.8068,none
35b_a3b_moe,base,q8_k_m,q4_boundary_pair_72_28,low,1400,0.9557,0.8721,0.9811,0.9921,0.0071,0.0221,0.0714,0.0364,0.858,none
35b_a3b_moe,base,q8_k_m,q4_boundary_pair_72_28,medium,1400,0.9707,0.8679,0.976,0.9886,0.0164,0.025,0.085,0.05,0.8486,none
35b_a3b_moe,base,q8_k_m,q4_generalist_pair_72_28,extreme,1400,0.9686,0.7964,0.9707,0.995,0.0264,0.05,0.1493,0.05,0.7641,none
35b_a3b_moe,base,q8_k_m,q4_generalist_pair_72_28,high,1400,0.9679,0.8336,0.9699,0.99,0.0236,0.0279,0.1307,0.0586,0.8075,none
35b_a3b_moe,base,q8_k_m,q4_generalist_pair_72_28,low,1400,0.9471,0.8743,0.9777,0.9907,0.0129,0.0071,0.0736,0.0393,0.8611,none
35b_a3b_moe,base,q8_k_m,q4_generalist_pair_72_28,medium,1400,0.9693,0.8729,0.975,0.9879,0.0143,0.0236,0.0836,0.0579,0.8543,none
35b_a3b_moe,degraded_instruct,base_f16,q2_amplifier_low_echo,extreme,1400,0.9236,0.495,0.9231,0.9893,0.0457,0.3636,0.1957,0.0607,0.3899,none
35b_a3b_moe,degraded_instruct,base_f16,q2_amplifier_low_echo,high,1400,0.94,0.555,0.9404,0.9893,0.0314,0.3157,0.1629,0.0571,0.4665,none
35b_a3b_moe,degraded_instruct,base_f16,q2_amplifier_low_echo,low,1400,0.93,0.6593,0.9538,0.9893,0.0343,0.2171,0.0993,0.0321,0.596,none
35b_a3b_moe,degraded_instruct,base_f16,q2_amplifier_low_echo,medium,1400,0.9364,0.6121,0.9449,0.99,0.0371,0.2664,0.1329,0.0521,0.5345,none
35b_a3b_moe,degraded_instruct,base_f16,q3_routed_tri_68,extreme,1400,0.9757,0.7829,0.9694,0.9907,0.02,0.0657,0.15,0.0621,0.7486,none
35b_a3b_moe,degraded_instruct,base_f16,q3_routed_tri_68,high,1400,0.975,0.8364,0.9741,0.99,0.0157,0.0493,0.1064,0.0593,0.8104,none
35b_a3b_moe,degraded_instruct,base_f16,q3_routed_tri_68,low,1400,0.9536,0.8779,0.981,0.9929,0.01,0.0271,0.0629,0.0357,0.8626,none
35b_a3b_moe,degraded_instruct,base_f16,q3_routed_tri_68,medium,1400,0.9693,0.8736,0.9774,0.9907,0.0186,0.0307,0.0736,0.0457,0.8537,none
35b_a3b_moe,degraded_instruct,base_f16,q3_stability_tri_72,extreme,1400,0.9743,0.7764,0.9692,0.9921,0.0229,0.0693,0.1479,0.0586,0.741,none
35b_a3b_moe,degraded_instruct,base_f16,q3_stability_tri_72,high,1400,0.98,0.8457,0.9764,0.9929,0.015,0.0457,0.1014,0.0536,0.8213,none
35b_a3b_moe,degraded_instruct,base_f16,q3_stability_tri_72,low,1400,0.9579,0.8736,0.981,0.9907,0.0086,0.0271,0.0643,0.0357,0.8586,none
35b_a3b_moe,degraded_instruct,base_f16,q3_stability_tri_72,medium,1400,0.9743,0.8671,0.9771,0.9857,0.015,0.04,0.075,0.0479,0.8462,none
35b_a3b_moe,degraded_instruct,base_f16,q4_boundary_pair_72_28,extreme,1400,0.9686,0.7971,0.9695,0.9886,0.0257,0.0593,0.1336,0.0564,0.7641,none
35b_a3b_moe,degraded_instruct,base_f16,q4_boundary_pair_72_28,high,1400,0.9757,0.8557,0.9736,0.99,0.0179,0.0221,0.1093,0.0564,0.8344,none
35b_a3b_moe,degraded_instruct,base_f16,q4_boundary_pair_72_28,low,1400,0.9543,0.8757,0.9801,0.9893,0.0107,0.0193,0.0664,0.0343,0.8616,none
35b_a3b_moe,degraded_instruct,base_f16,q4_boundary_pair_72_28,medium,1400,0.9707,0.865,0.9759,0.9907,0.0136,0.0329,0.0821,0.0579,0.8449,none
35b_a3b_moe,degraded_instruct,base_f16,q4_generalist_pair_72_28,extreme,1400,0.9664,0.7979,0.9675,0.9921,0.0264,0.0586,0.1364,0.0707,0.7638,none
35b_a3b_moe,degraded_instruct,base_f16,q4_generalist_pair_72_28,high,1400,0.9807,0.8464,0.9731,0.9871,0.0136,0.0293,0.1143,0.0607,0.8243,none
35b_a3b_moe,degraded_instruct,base_f16,q4_generalist_pair_72_28,low,1400,0.9564,0.8864,0.9791,0.9843,0.0121,0.01,0.065,0.0329,0.8739,none
35b_a3b_moe,degraded_instruct,base_f16,q4_generalist_pair_72_28,medium,1400,0.9729,0.8764,0.979,0.995,0.0114,0.02,0.085,0.0493,0.8597,none
35b_a3b_moe,degraded_instruct,collapsed_q2_edge,q2_amplifier_low_echo,extreme,1400,0.685,0.2471,0.8018,0.8443,0.1521,0.3886,0.5921,0.2171,0.0656,distractor_capture
35b_a3b_moe,degraded_instruct,collapsed_q2_edge,q2_amplifier_low_echo,high,1400,0.755,0.38,0.848,0.8907,0.1257,0.3086,0.3843,0.1886,0.2404,none
35b_a3b_moe,degraded_instruct,collapsed_q2_edge,q2_amplifier_low_echo,low,1400,0.8507,0.5307,0.9137,0.945,0.0757,0.2436,0.205,0.0621,0.4398,none
35b_a3b_moe,degraded_instruct,collapsed_q2_edge,q2_amplifier_low_echo,medium,1400,0.8064,0.4486,0.8831,0.9143,0.1279,0.2557,0.3057,0.08,0.3306,none
35b_a3b_moe,degraded_instruct,collapsed_q2_edge,q3_routed_tri_68,extreme,1400,0.4386,0.2329,0.6392,0.7979,0.2329,0.0657,0.5664,1.2436,0.0424,none
35b_a3b_moe,degraded_instruct,collapsed_q2_edge,q3_routed_tri_68,high,1400,0.4829,0.3329,0.6817,0.8329,0.1829,0.0471,0.4057,1.0179,0.1852,none
35b_a3b_moe,degraded_instruct,collapsed_q2_edge,q3_routed_tri_68,low,1400,0.6157,0.4764,0.8227,0.9064,0.095,0.0286,0.2129,0.4086,0.4048,none
35b_a3b_moe,degraded_instruct,collapsed_q2_edge,q3_routed_tri_68,medium,1400,0.5557,0.455,0.7492,0.8607,0.1436,0.0386,0.2664,0.755,0.3451,none
35b_a3b_moe,degraded_instruct,collapsed_q2_edge,q3_stability_tri_72,extreme,1400,0.4643,0.2543,0.6697,0.8043,0.2021,0.0721,0.5779,1.1107,0.0774,none
35b_a3b_moe,degraded_instruct,collapsed_q2_edge,q3_stability_tri_72,high,1400,0.5257,0.3807,0.711,0.835,0.1714,0.0507,0.3664,0.9064,0.2445,none
35b_a3b_moe,degraded_instruct,collapsed_q2_edge,q3_stability_tri_72,low,1400,0.6771,0.5307,0.8507,0.8993,0.0757,0.02,0.2086,0.3207,0.4713,none
35b_a3b_moe,degraded_instruct,collapsed_q2_edge,q3_stability_tri_72,medium,1400,0.6293,0.515,0.7872,0.8757,0.1207,0.0371,0.255,0.6279,0.4196,none
35b_a3b_moe,degraded_instruct,collapsed_q2_edge,q4_boundary_pair_72_28,extreme,1400,0.2414,0.1286,0.5006,0.7171,0.29,0.06,0.5814,1.9071,-0.1123,cascade
35b_a3b_moe,degraded_instruct,collapsed_q2_edge,q4_boundary_pair_72_28,high,1400,0.295,0.2221,0.5321,0.7436,0.22,0.0414,0.39,1.6721,0.033,primitive_gap
35b_a3b_moe,degraded_instruct,collapsed_q2_edge,q4_boundary_pair_72_28,low,1400,0.3864,0.3043,0.6812,0.8114,0.1157,0.0186,0.1979,0.8293,0.2086,none
35b_a3b_moe,degraded_instruct,collapsed_q2_edge,q4_boundary_pair_72_28,medium,1400,0.3736,0.3071,0.6204,0.7879,0.1729,0.0364,0.2786,1.2686,0.1623,none
35b_a3b_moe,degraded_instruct,collapsed_q2_edge,q4_generalist_pair_72_28,extreme,1400,0.1871,0.1007,0.459,0.72,0.295,0.0586,0.6314,2.1507,-0.1576,primitive_gap
35b_a3b_moe,degraded_instruct,collapsed_q2_edge,q4_generalist_pair_72_28,high,1400,0.2643,0.2021,0.5291,0.7543,0.2379,0.02,0.4543,1.665,0.0072,primitive_gap
35b_a3b_moe,degraded_instruct,collapsed_q2_edge,q4_generalist_pair_72_28,low,1400,0.3793,0.3107,0.6943,0.8364,0.1,0.0071,0.2143,0.8286,0.2207,none
35b_a3b_moe,degraded_instruct,collapsed_q2_edge,q4_generalist_pair_72_28,medium,1400,0.3271,0.2757,0.5954,0.7943,0.1736,0.0307,0.2879,1.3936,0.1248,none
35b_a3b_moe,degraded_instruct,damaged_q2,q2_amplifier_low_echo,extreme,1400,0.805,0.3107,0.8651,0.9507,0.1264,0.3664,0.5264,0.0679,0.154,distractor_capture
35b_a3b_moe,degraded_instruct,damaged_q2,q2_amplifier_low_echo,high,1400,0.8529,0.42,0.8992,0.9679,0.1007,0.3264,0.3479,0.0629,0.2935,none
35b_a3b_moe,degraded_instruct,damaged_q2,q2_amplifier_low_echo,low,1400,0.9071,0.5621,0.9371,0.9893,0.0586,0.2271,0.2021,0.0364,0.4812,none
35b_a3b_moe,degraded_instruct,damaged_q2,q2_amplifier_low_echo,medium,1400,0.8814,0.5186,0.9193,0.9779,0.0864,0.2371,0.2771,0.0514,0.4205,none
35b_a3b_moe,degraded_instruct,damaged_q2,q3_routed_tri_68,extreme,1400,0.7707,0.4493,0.8607,0.8979,0.1364,0.0707,0.4607,0.2443,0.3451,none
35b_a3b_moe,degraded_instruct,damaged_q2,q3_routed_tri_68,high,1400,0.7907,0.55,0.8735,0.9307,0.11,0.0564,0.3336,0.2743,0.4653,none
35b_a3b_moe,degraded_instruct,damaged_q2,q3_routed_tri_68,low,1400,0.9014,0.7264,0.9521,0.9779,0.0571,0.03,0.1714,0.0486,0.6871,none
35b_a3b_moe,degraded_instruct,damaged_q2,q3_routed_tri_68,medium,1400,0.8529,0.6507,0.9154,0.945,0.0707,0.0386,0.2507,0.1593,0.5938,none
35b_a3b_moe,degraded_instruct,damaged_q2,q3_stability_tri_72,extreme,1400,0.7807,0.4764,0.8667,0.9114,0.1336,0.065,0.4379,0.2393,0.3764,none
35b_a3b_moe,degraded_instruct,damaged_q2,q3_stability_tri_72,high,1400,0.8029,0.5536,0.8849,0.9321,0.1114,0.0379,0.36,0.2057,0.4735,none
35b_a3b_moe,degraded_instruct,damaged_q2,q3_stability_tri_72,low,1400,0.9121,0.7221,0.955,0.9743,0.0486,0.0279,0.1936,0.0393,0.6845,none
35b_a3b_moe,degraded_instruct,damaged_q2,q3_stability_tri_72,medium,1400,0.86,0.6571,0.9238,0.95,0.0921,0.0386,0.2314,0.0986,0.5983,none
35b_a3b_moe,degraded_instruct,damaged_q2,q4_boundary_pair_72_28,extreme,1400,0.5707,0.3429,0.7296,0.8079,0.1664,0.0729,0.4621,0.8564,0.1986,none
35b_a3b_moe,degraded_instruct,damaged_q2,q4_boundary_pair_72_28,high,1400,0.595,0.4386,0.7521,0.8629,0.1464,0.0407,0.3257,0.7621,0.3223,none
35b_a3b_moe,degraded_instruct,damaged_q2,q4_boundary_pair_72_28,low,1400,0.66,0.5507,0.8435,0.8771,0.0707,0.0171,0.1686,0.3443,0.4954,none
35b_a3b_moe,degraded_instruct,damaged_q2,q4_boundary_pair_72_28,medium,1400,0.6914,0.5343,0.8167,0.8821,0.0957,0.0293,0.2736,0.5243,0.4516,none
35b_a3b_moe,degraded_instruct,damaged_q2,q4_generalist_pair_72_28,extreme,1400,0.5414,0.315,0.7049,0.8536,0.1679,0.0579,0.5221,1.0529,0.1587,none
35b_a3b_moe,degraded_instruct,damaged_q2,q4_generalist_pair_72_28,high,1400,0.5764,0.4514,0.7466,0.8843,0.1457,0.0143,0.3293,0.8293,0.337,none
35b_a3b_moe,degraded_instruct,damaged_q2,q4_generalist_pair_72_28,low,1400,0.6943,0.5757,0.8729,0.9493,0.0657,0.01,0.1757,0.3036,0.5248,none
35b_a3b_moe,degraded_instruct,damaged_q2,q4_generalist_pair_72_28,medium,1400,0.6471,0.5264,0.8057,0.9193,0.115,0.02,0.2664,0.5929,0.437,none
35b_a3b_moe,degraded_instruct,damaged_q3,q2_amplifier_low_echo,extreme,1400,0.8829,0.3764,0.8979,0.9879,0.085,0.3764,0.3879,0.0464,0.2423,none
35b_a3b_moe,degraded_instruct,damaged_q3,q2_amplifier_low_echo,high,1400,0.9029,0.4979,0.9222,0.9864,0.0736,0.2971,0.2486,0.0564,0.3936,none
35b_a3b_moe,degraded_instruct,damaged_q3,q2_amplifier_low_echo,low,1400,0.9093,0.5971,0.9425,0.9943,0.0557,0.225,0.1529,0.0379,0.5213,none
35b_a3b_moe,degraded_instruct,damaged_q3,q2_amplifier_low_echo,medium,1400,0.905,0.5536,0.9319,0.9857,0.07,0.2486,0.2093,0.0429,0.464,none
35b_a3b_moe,degraded_instruct,damaged_q3,q3_routed_tri_68,extreme,1400,0.9121,0.6021,0.9394,0.9921,0.0821,0.0664,0.3414,0.0486,0.5345,none
35b_a3b_moe,degraded_instruct,damaged_q3,q3_routed_tri_68,high,1400,0.9207,0.7136,0.9542,0.9921,0.065,0.0421,0.2171,0.0457,0.666,none
35b_a3b_moe,degraded_instruct,damaged_q3,q3_routed_tri_68,low,1400,0.9171,0.8057,0.9657,0.9857,0.0429,0.0271,0.1007,0.04,0.7774,none
35b_a3b_moe,degraded_instruct,damaged_q3,q3_routed_tri_68,medium,1400,0.9414,0.7843,0.9638,0.9921,0.045,0.0386,0.1414,0.0521,0.7492,none
35b_a3b_moe,degraded_instruct,damaged_q3,q3_stability_tri_72,extreme,1400,0.905,0.5879,0.9389,0.9921,0.0864,0.0764,0.3229,0.0486,0.5184,none
35b_a3b_moe,degraded_instruct,damaged_q3,q3_stability_tri_72,high,1400,0.9214,0.7207,0.9512,0.9907,0.0686,0.0414,0.2114,0.055,0.6722,none
35b_a3b_moe,degraded_instruct,damaged_q3,q3_stability_tri_72,low,1400,0.9264,0.795,0.9681,0.995,0.0386,0.0229,0.1257,0.0364,0.767,none
35b_a3b_moe,degraded_instruct,damaged_q3,q3_stability_tri_72,medium,1400,0.9307,0.7929,0.9627,0.9857,0.0486,0.0364,0.1229,0.0493,0.7587,none
35b_a3b_moe,degraded_instruct,damaged_q3,q4_boundary_pair_72_28,extreme,1400,0.9029,0.5936,0.9316,0.9693,0.0814,0.0657,0.3371,0.0679,0.5256,none
35b_a3b_moe,degraded_instruct,damaged_q3,q4_boundary_pair_72_28,high,1400,0.8964,0.7,0.9424,0.9771,0.0814,0.0371,0.2143,0.0636,0.6478,none
35b_a3b_moe,degraded_instruct,damaged_q3,q4_boundary_pair_72_28,low,1400,0.92,0.79,0.9641,0.985,0.0393,0.0279,0.1236,0.0421,0.7607,none
35b_a3b_moe,degraded_instruct,damaged_q3,q4_boundary_pair_72_28,medium,1400,0.9314,0.76,0.9606,0.9871,0.0507,0.0321,0.1643,0.0443,0.723,none
35b_a3b_moe,degraded_instruct,damaged_q3,q4_generalist_pair_72_28,extreme,1400,0.9043,0.5829,0.9328,0.9879,0.0821,0.0457,0.3786,0.07,0.5153,none
35b_a3b_moe,degraded_instruct,damaged_q3,q4_generalist_pair_72_28,high,1400,0.9043,0.685,0.9432,0.9893,0.0821,0.0257,0.2514,0.0579,0.6322,none
35b_a3b_moe,degraded_instruct,damaged_q3,q4_generalist_pair_72_28,low,1400,0.9336,0.805,0.9679,0.9879,0.0386,0.0107,0.13,0.03,0.7794,none
35b_a3b_moe,degraded_instruct,damaged_q3,q4_generalist_pair_72_28,medium,1400,0.9171,0.7721,0.9542,0.9907,0.0557,0.0129,0.1671,0.0707,0.7359,none
35b_a3b_moe,degraded_instruct,damaged_q4,q2_amplifier_low_echo,extreme,1400,0.8857,0.42,0.9015,0.99,0.0779,0.3693,0.3343,0.0693,0.2926,none
35b_a3b_moe,degraded_instruct,damaged_q4,q2_amplifier_low_echo,high,1400,0.9,0.5014,0.924,0.9907,0.0679,0.3071,0.2257,0.065,0.3983,none
35b_a3b_moe,degraded_instruct,damaged_q4,q2_amplifier_low_echo,low,1400,0.9357,0.6121,0.949,0.995,0.0329,0.2314,0.1564,0.0364,0.5417,none
35b_a3b_moe,degraded_instruct,damaged_q4,q2_amplifier_low_echo,medium,1400,0.9171,0.5871,0.9375,0.9907,0.0586,0.2579,0.1586,0.0514,0.5027,none
35b_a3b_moe,degraded_instruct,damaged_q4,q3_routed_tri_68,extreme,1400,0.9393,0.6971,0.9534,0.9893,0.0571,0.07,0.2264,0.055,0.6451,none
35b_a3b_moe,degraded_instruct,damaged_q4,q3_routed_tri_68,high,1400,0.95,0.7664,0.9632,0.9914,0.0443,0.0371,0.17,0.0486,0.7297,none
35b_a3b_moe,degraded_instruct,damaged_q4,q3_routed_tri_68,low,1400,0.9379,0.8193,0.9709,0.9836,0.0293,0.0371,0.1021,0.0336,0.7932,none
35b_a3b_moe,degraded_instruct,damaged_q4,q3_routed_tri_68,medium,1400,0.9364,0.7957,0.963,0.9864,0.0443,0.04,0.1271,0.055,0.7615,none
35b_a3b_moe,degraded_instruct,damaged_q4,q3_stability_tri_72,extreme,1400,0.9286,0.6507,0.9459,0.9907,0.0643,0.0614,0.2714,0.0714,0.5939,none
35b_a3b_moe,degraded_instruct,damaged_q4,q3_stability_tri_72,high,1400,0.935,0.755,0.9574,0.9914,0.0564,0.0393,0.1743,0.0571,0.7134,none
35b_a3b_moe,degraded_instruct,damaged_q4,q3_stability_tri_72,low,1400,0.9436,0.8286,0.9737,0.99,0.0264,0.0229,0.1064,0.03,0.8061,none
35b_a3b_moe,degraded_instruct,damaged_q4,q3_stability_tri_72,medium,1400,0.9443,0.7929,0.9651,0.9864,0.0421,0.0436,0.1286,0.0464,0.7589,none
35b_a3b_moe,degraded_instruct,damaged_q4,q4_boundary_pair_72_28,extreme,1400,0.9321,0.67,0.9504,0.99,0.0621,0.0679,0.2593,0.05,0.6145,none
35b_a3b_moe,degraded_instruct,damaged_q4,q4_boundary_pair_72_28,high,1400,0.9421,0.7464,0.9602,0.9864,0.0507,0.04,0.1979,0.0379,0.7055,none
35b_a3b_moe,degraded_instruct,damaged_q4,q4_boundary_pair_72_28,low,1400,0.9293,0.8229,0.9705,0.9921,0.0279,0.0193,0.1007,0.0443,0.8004,none
35b_a3b_moe,degraded_instruct,damaged_q4,q4_boundary_pair_72_28,medium,1400,0.9393,0.8114,0.9668,0.9921,0.0443,0.0307,0.1171,0.045,0.7804,none
35b_a3b_moe,degraded_instruct,damaged_q4,q4_generalist_pair_72_28,extreme,1400,0.9264,0.6771,0.9484,0.9907,0.0643,0.0471,0.265,0.0607,0.6242,none
35b_a3b_moe,degraded_instruct,damaged_q4,q4_generalist_pair_72_28,high,1400,0.9193,0.7336,0.9523,0.9914,0.0721,0.0271,0.1907,0.0521,0.6886,none
35b_a3b_moe,degraded_instruct,damaged_q4,q4_generalist_pair_72_28,low,1400,0.9336,0.8207,0.9702,0.9886,0.0279,0.0114,0.1114,0.04,0.7992,none
35b_a3b_moe,degraded_instruct,damaged_q4,q4_generalist_pair_72_28,medium,1400,0.9436,0.7936,0.9643,0.9929,0.0471,0.0157,0.1514,0.0436,0.762,none
35b_a3b_moe,degraded_instruct,healthy_q6,q2_amplifier_low_echo,extreme,1400,0.9086,0.4486,0.9107,0.9843,0.0593,0.3793,0.2621,0.0636,0.3308,none
35b_a3b_moe,degraded_instruct,healthy_q6,q2_amplifier_low_echo,high,1400,0.9186,0.5571,0.9343,0.9907,0.0564,0.2729,0.2064,0.0514,0.4666,none
35b_a3b_moe,degraded_instruct,healthy_q6,q2_amplifier_low_echo,low,1400,0.9293,0.6414,0.9526,0.9914,0.035,0.2093,0.1214,0.035,0.5776,none
35b_a3b_moe,degraded_instruct,healthy_q6,q2_amplifier_low_echo,medium,1400,0.9314,0.5929,0.9407,0.9921,0.045,0.2671,0.155,0.055,0.5108,none
35b_a3b_moe,degraded_instruct,healthy_q6,q3_routed_tri_68,extreme,1400,0.945,0.725,0.9595,0.985,0.0464,0.0879,0.1779,0.0529,0.6766,none
35b_a3b_moe,degraded_instruct,healthy_q6,q3_routed_tri_68,high,1400,0.9614,0.7921,0.9685,0.9921,0.0314,0.0464,0.1436,0.0514,0.7594,none
35b_a3b_moe,degraded_instruct,healthy_q6,q3_routed_tri_68,low,1400,0.9507,0.855,0.9774,0.9857,0.0157,0.0229,0.0779,0.0343,0.8378,none
35b_a3b_moe,degraded_instruct,healthy_q6,q3_routed_tri_68,medium,1400,0.9486,0.8193,0.9699,0.9914,0.0393,0.0307,0.1121,0.0393,0.7904,none
35b_a3b_moe,degraded_instruct,healthy_q6,q3_stability_tri_72,extreme,1400,0.9586,0.7436,0.9642,0.9936,0.0379,0.0657,0.1829,0.0514,0.7019,none
35b_a3b_moe,degraded_instruct,healthy_q6,q3_stability_tri_72,high,1400,0.9557,0.7929,0.9666,0.9914,0.035,0.0386,0.145,0.0543,0.7603,none
35b_a3b_moe,degraded_instruct,healthy_q6,q3_stability_tri_72,low,1400,0.9421,0.8614,0.9763,0.9879,0.0164,0.0286,0.0657,0.0407,0.8435,none
35b_a3b_moe,degraded_instruct,healthy_q6,q3_stability_tri_72,medium,1400,0.9593,0.8343,0.9706,0.9871,0.03,0.0336,0.105,0.0479,0.8078,none
35b_a3b_moe,degraded_instruct,healthy_q6,q4_boundary_pair_72_28,extreme,1400,0.9436,0.735,0.9584,0.9907,0.0471,0.0671,0.1879,0.0614,0.6893,none
35b_a3b_moe,degraded_instruct,healthy_q6,q4_boundary_pair_72_28,high,1400,0.9471,0.7771,0.9632,0.9871,0.0421,0.0336,0.1621,0.05,0.7423,none
35b_a3b_moe,degraded_instruct,healthy_q6,q4_boundary_pair_72_28,low,1400,0.9457,0.8564,0.9767,0.9943,0.02,0.0229,0.0786,0.0371,0.8377,none
35b_a3b_moe,degraded_instruct,healthy_q6,q4_boundary_pair_72_28,medium,1400,0.9471,0.835,0.9679,0.9914,0.035,0.0321,0.0914,0.0621,0.8076,none
35b_a3b_moe,degraded_instruct,healthy_q6,q4_generalist_pair_72_28,extreme,1400,0.9436,0.7143,0.9559,0.9914,0.0486,0.0614,0.2157,0.0657,0.6669,none
35b_a3b_moe,degraded_instruct,healthy_q6,q4_generalist_pair_72_28,high,1400,0.9593,0.7957,0.9668,0.9893,0.0343,0.0236,0.1614,0.0464,0.7655,none
35b_a3b_moe,degraded_instruct,healthy_q6,q4_generalist_pair_72_28,low,1400,0.9536,0.8621,0.9774,0.9843,0.0214,0.0157,0.0821,0.0243,0.8448,none
35b_a3b_moe,degraded_instruct,healthy_q6,q4_generalist_pair_72_28,medium,1400,0.96,0.8671,0.9724,0.9807,0.0257,0.0193,0.0893,0.0436,0.8462,none
35b_a3b_moe,degraded_instruct,healthy_q8,q2_amplifier_low_echo,extreme,1400,0.9243,0.4614,0.9195,0.9914,0.0486,0.3729,0.2336,0.0579,0.3507,none
35b_a3b_moe,degraded_instruct,healthy_q8,q2_amplifier_low_echo,high,1400,0.9264,0.5493,0.9348,0.9914,0.0521,0.2979,0.1864,0.0536,0.4565,none
35b_a3b_moe,degraded_instruct,healthy_q8,q2_amplifier_low_echo,low,1400,0.9264,0.6286,0.9512,0.9907,0.035,0.22,0.1279,0.0336,0.5622,none
35b_a3b_moe,degraded_instruct,healthy_q8,q2_amplifier_low_echo,medium,1400,0.9293,0.6036,0.9431,0.9921,0.045,0.2671,0.1436,0.0471,0.5228,none
35b_a3b_moe,degraded_instruct,healthy_q8,q3_routed_tri_68,extreme,1400,0.9579,0.745,0.9616,0.9907,0.0364,0.0743,0.1714,0.0686,0.7021,none
35b_a3b_moe,degraded_instruct,healthy_q8,q3_routed_tri_68,high,1400,0.9743,0.8279,0.9743,0.9921,0.0214,0.0414,0.12,0.0464,0.8012,none
35b_a3b_moe,degraded_instruct,healthy_q8,q3_routed_tri_68,low,1400,0.9486,0.8607,0.9782,0.9907,0.0114,0.0271,0.0679,0.0407,0.8444,none
35b_a3b_moe,degraded_instruct,healthy_q8,q3_routed_tri_68,medium,1400,0.9636,0.8586,0.9772,0.995,0.0186,0.0357,0.0786,0.0486,0.8371,none
35b_a3b_moe,degraded_instruct,healthy_q8,q3_stability_tri_72,extreme,1400,0.9636,0.7429,0.964,0.9929,0.0286,0.085,0.1821,0.065,0.6995,none
35b_a3b_moe,degraded_instruct,healthy_q8,q3_stability_tri_72,high,1400,0.9679,0.8114,0.9693,0.9921,0.0243,0.0357,0.1457,0.0586,0.7824,none
35b_a3b_moe,degraded_instruct,healthy_q8,q3_stability_tri_72,low,1400,0.9557,0.8579,0.9793,0.99,0.0186,0.0257,0.0779,0.0264,0.8396,none
35b_a3b_moe,degraded_instruct,healthy_q8,q3_stability_tri_72,medium,1400,0.9743,0.8621,0.9771,0.9893,0.0136,0.0357,0.085,0.05,0.8416,none
35b_a3b_moe,degraded_instruct,healthy_q8,q4_boundary_pair_72_28,extreme,1400,0.9536,0.7657,0.9625,0.9886,0.0393,0.0664,0.16,0.06,0.7248,none
35b_a3b_moe,degraded_instruct,healthy_q8,q4_boundary_pair_72_28,high,1400,0.9757,0.8057,0.9716,0.99,0.0193,0.0443,0.1379,0.055,0.7773,none
35b_a3b_moe,degraded_instruct,healthy_q8,q4_boundary_pair_72_28,low,1400,0.95,0.8686,0.9786,0.9871,0.0121,0.025,0.0643,0.0379,0.8529,none
35b_a3b_moe,degraded_instruct,healthy_q8,q4_boundary_pair_72_28,medium,1400,0.9607,0.8529,0.9723,0.985,0.025,0.0314,0.0936,0.0479,0.8292,none
35b_a3b_moe,degraded_instruct,healthy_q8,q4_generalist_pair_72_28,extreme,1400,0.9607,0.7693,0.9643,0.9879,0.0329,0.0557,0.1736,0.055,0.7316,none
35b_a3b_moe,degraded_instruct,healthy_q8,q4_generalist_pair_72_28,high,1400,0.9621,0.8057,0.9683,0.99,0.0293,0.0207,0.1529,0.0507,0.778,none
35b_a3b_moe,degraded_instruct,healthy_q8,q4_generalist_pair_72_28,low,1400,0.9421,0.8707,0.9757,0.9921,0.0179,0.01,0.0693,0.0429,0.8557,none
35b_a3b_moe,degraded_instruct,healthy_q8,q4_generalist_pair_72_28,medium,1400,0.9671,0.8743,0.9753,0.9886,0.02,0.0193,0.0829,0.0493,0.8553,none
35b_a3b_moe,degraded_instruct,q8_k_m,q2_amplifier_low_echo,extreme,1400,0.9171,0.4471,0.916,0.9914,0.0536,0.3879,0.2436,0.0571,0.3312,none
35b_a3b_moe,degraded_instruct,q8_k_m,q2_amplifier_low_echo,high,1400,0.9271,0.5557,0.939,0.9886,0.0464,0.2957,0.1629,0.0471,0.4673,none
35b_a3b_moe,degraded_instruct,q8_k_m,q2_amplifier_low_echo,low,1400,0.9229,0.6407,0.9502,0.9893,0.0343,0.2143,0.1257,0.0379,0.5756,none
35b_a3b_moe,degraded_instruct,q8_k_m,q2_amplifier_low_echo,medium,1400,0.93,0.5914,0.9428,0.9957,0.0393,0.2771,0.1414,0.0571,0.51,none
35b_a3b_moe,degraded_instruct,q8_k_m,q3_routed_tri_68,extreme,1400,0.9614,0.755,0.9637,0.9893,0.0329,0.0793,0.1614,0.0643,0.7132,none
35b_a3b_moe,degraded_instruct,q8_k_m,q3_routed_tri_68,high,1400,0.97,0.82,0.9716,0.9907,0.02,0.0486,0.1193,0.0614,0.7917,none
35b_a3b_moe,degraded_instruct,q8_k_m,q3_routed_tri_68,low,1400,0.9543,0.8643,0.9799,0.9893,0.0114,0.0321,0.07,0.0343,0.8471,none
35b_a3b_moe,degraded_instruct,q8_k_m,q3_routed_tri_68,medium,1400,0.9664,0.8621,0.977,0.9929,0.0193,0.0336,0.0864,0.045,0.8405,none
35b_a3b_moe,degraded_instruct,q8_k_m,q3_stability_tri_72,extreme,1400,0.9643,0.7557,0.9661,0.9893,0.0314,0.0664,0.1671,0.0514,0.7171,none
35b_a3b_moe,degraded_instruct,q8_k_m,q3_stability_tri_72,high,1400,0.9621,0.8236,0.9702,0.9907,0.0279,0.0429,0.1157,0.0571,0.7945,none
35b_a3b_moe,degraded_instruct,q8_k_m,q3_stability_tri_72,low,1400,0.96,0.875,0.9803,0.9836,0.0107,0.025,0.0686,0.0293,0.8598,none
35b_a3b_moe,degraded_instruct,q8_k_m,q3_stability_tri_72,medium,1400,0.9714,0.8679,0.9771,0.9864,0.0157,0.0379,0.0771,0.0464,0.8471,none
35b_a3b_moe,degraded_instruct,q8_k_m,q4_boundary_pair_72_28,extreme,1400,0.965,0.7657,0.9652,0.9864,0.0286,0.0679,0.165,0.06,0.7274,none
35b_a3b_moe,degraded_instruct,q8_k_m,q4_boundary_pair_72_28,high,1400,0.9721,0.84,0.9717,0.9921,0.0179,0.0321,0.1164,0.0671,0.8155,none
35b_a3b_moe,degraded_instruct,q8_k_m,q4_boundary_pair_72_28,low,1400,0.9529,0.8793,0.9796,0.9886,0.0179,0.0207,0.0586,0.03,0.8636,none
35b_a3b_moe,degraded_instruct,q8_k_m,q4_boundary_pair_72_28,medium,1400,0.9657,0.8636,0.9736,0.9871,0.02,0.0279,0.0871,0.0543,0.8423,none
35b_a3b_moe,degraded_instruct,q8_k_m,q4_generalist_pair_72_28,extreme,1400,0.965,0.77,0.9659,0.9886,0.03,0.0564,0.1671,0.0557,0.7336,none
35b_a3b_moe,degraded_instruct,q8_k_m,q4_generalist_pair_72_28,high,1400,0.9679,0.8321,0.9724,0.9893,0.0243,0.0243,0.1264,0.0457,0.8076,none
35b_a3b_moe,degraded_instruct,q8_k_m,q4_generalist_pair_72_28,low,1400,0.9529,0.8821,0.9774,0.9829,0.0093,0.0064,0.0729,0.0386,0.8703,none
35b_a3b_moe,degraded_instruct,q8_k_m,q4_generalist_pair_72_28,medium,1400,0.97,0.8664,0.975,0.9879,0.0193,0.0171,0.0964,0.0464,0.8472,none
35b_a3b_moe,instruct,base_f16,q2_amplifier_low_echo,extreme,1400,0.9229,0.505,0.9218,0.9907,0.0493,0.3393,0.2229,0.0679,0.4011,none
35b_a3b_moe,instruct,base_f16,q2_amplifier_low_echo,high,1400,0.9336,0.5664,0.9405,0.9914,0.0386,0.2843,0.1764,0.055,0.4811,none
35b_a3b_moe,instruct,base_f16,q2_amplifier_low_echo,low,1400,0.9393,0.6714,0.956,0.9907,0.0243,0.1971,0.12,0.0379,0.6132,none
35b_a3b_moe,instruct,base_f16,q2_amplifier_low_echo,medium,1400,0.9329,0.6129,0.9446,0.9864,0.0379,0.2593,0.1321,0.05,0.5366,none
35b_a3b_moe,instruct,base_f16,q3_routed_tri_68,extreme,1400,0.97,0.8121,0.9696,0.9893,0.0229,0.0471,0.1271,0.065,0.7824,none
35b_a3b_moe,instruct,base_f16,q3_routed_tri_68,high,1400,0.9757,0.8529,0.9743,0.9921,0.0186,0.0307,0.1021,0.0564,0.8302,none
35b_a3b_moe,instruct,base_f16,q3_routed_tri_68,low,1400,0.9564,0.8886,0.9795,0.9871,0.0143,0.0143,0.0586,0.0329,0.8751,none
35b_a3b_moe,instruct,base_f16,q3_routed_tri_68,medium,1400,0.9707,0.8579,0.9771,0.995,0.0171,0.0279,0.0964,0.0464,0.8371,none
35b_a3b_moe,instruct,base_f16,q3_stability_tri_72,extreme,1400,0.9671,0.785,0.9699,0.9921,0.0286,0.0643,0.1421,0.05,0.7497,none
35b_a3b_moe,instruct,base_f16,q3_stability_tri_72,high,1400,0.9693,0.8414,0.9738,0.9914,0.025,0.0257,0.1157,0.0443,0.8173,none
35b_a3b_moe,instruct,base_f16,q3_stability_tri_72,low,1400,0.955,0.8871,0.9812,0.99,0.0064,0.0129,0.0593,0.0386,0.876,none
35b_a3b_moe,instruct,base_f16,q3_stability_tri_72,medium,1400,0.9736,0.8857,0.9786,0.9893,0.0129,0.0264,0.07,0.0486,0.8685,none
35b_a3b_moe,instruct,base_f16,q4_boundary_pair_72_28,extreme,1400,0.965,0.7936,0.966,0.9914,0.0307,0.0557,0.1371,0.0714,0.7587,none
35b_a3b_moe,instruct,base_f16,q4_boundary_pair_72_28,high,1400,0.9686,0.8379,0.9698,0.9893,0.0214,0.0286,0.1171,0.0671,0.813,none
35b_a3b_moe,instruct,base_f16,q4_boundary_pair_72_28,low,1400,0.9493,0.8857,0.9796,0.9871,0.0114,0.0136,0.0536,0.0386,0.8734,none
35b_a3b_moe,instruct,base_f16,q4_boundary_pair_72_28,medium,1400,0.975,0.8907,0.9797,0.9914,0.0136,0.0193,0.0721,0.0443,0.8748,none
35b_a3b_moe,instruct,base_f16,q4_generalist_pair_72_28,extreme,1400,0.9693,0.8107,0.9667,0.9879,0.0243,0.04,0.1393,0.0729,0.7806,none
35b_a3b_moe,instruct,base_f16,q4_generalist_pair_72_28,high,1400,0.97,0.8536,0.9707,0.9893,0.0243,0.0121,0.1164,0.0579,0.8316,none
35b_a3b_moe,instruct,base_f16,q4_generalist_pair_72_28,low,1400,0.9621,0.8943,0.9824,0.9907,0.0079,0.0029,0.0671,0.03,0.8845,none
35b_a3b_moe,instruct,base_f16,q4_generalist_pair_72_28,medium,1400,0.9714,0.8893,0.9771,0.9907,0.0164,0.0143,0.0714,0.0514,0.8732,none
35b_a3b_moe,instruct,collapsed_q2_edge,q2_amplifier_low_echo,extreme,1400,0.6271,0.2321,0.7634,0.7979,0.1607,0.3407,0.6236,0.385,0.0467,distractor_capture
35b_a3b_moe,instruct,collapsed_q2_edge,q2_amplifier_low_echo,high,1400,0.6443,0.3179,0.7924,0.8364,0.1464,0.29,0.42,0.3729,0.1637,none
35b_a3b_moe,instruct,collapsed_q2_edge,q2_amplifier_low_echo,low,1400,0.83,0.5379,0.8956,0.8907,0.0829,0.1893,0.24,0.0836,0.4518,none
35b_a3b_moe,instruct,collapsed_q2_edge,q2_amplifier_low_echo,medium,1400,0.7529,0.4293,0.8543,0.8664,0.11,0.2543,0.3029,0.1936,0.3115,none
35b_a3b_moe,instruct,collapsed_q2_edge,q3_routed_tri_68,extreme,1400,0.31,0.1829,0.5551,0.73,0.2543,0.0457,0.5807,1.64,-0.031,cascade
35b_a3b_moe,instruct,collapsed_q2_edge,q3_routed_tri_68,high,1400,0.3921,0.3021,0.6124,0.7764,0.195,0.0336,0.3936,1.3079,0.1401,none
35b_a3b_moe,instruct,collapsed_q2_edge,q3_routed_tri_68,low,1400,0.4886,0.3886,0.7618,0.8521,0.1,0.0171,0.2121,0.5757,0.3094,none
35b_a3b_moe,instruct,collapsed_q2_edge,q3_routed_tri_68,medium,1400,0.4629,0.3807,0.6826,0.8029,0.1464,0.0307,0.26,1.02,0.2588,none
35b_a3b_moe,instruct,collapsed_q2_edge,q3_stability_tri_72,extreme,1400,0.3543,0.2064,0.5964,0.7679,0.2421,0.0443,0.5843,1.4529,0.0055,cascade
35b_a3b_moe,instruct,collapsed_q2_edge,q3_stability_tri_72,high,1400,0.4021,0.2857,0.6265,0.7721,0.2,0.0293,0.4171,1.2107,0.1259,none
35b_a3b_moe,instruct,collapsed_q2_edge,q3_stability_tri_72,low,1400,0.5507,0.4429,0.7893,0.8614,0.0893,0.0136,0.2179,0.4929,0.3713,none
35b_a3b_moe,instruct,collapsed_q2_edge,q3_stability_tri_72,medium,1400,0.4821,0.3957,0.6994,0.8143,0.1436,0.0264,0.2643,0.96,0.2782,none
35b_a3b_moe,instruct,collapsed_q2_edge,q4_boundary_pair_72_28,extreme,1400,0.1871,0.1143,0.439,0.6493,0.3036,0.035,0.6021,2.1914,-0.1415,cascade
35b_a3b_moe,instruct,collapsed_q2_edge,q4_boundary_pair_72_28,high,1400,0.2286,0.1736,0.4717,0.6993,0.2607,0.0221,0.3786,1.9007,-0.0344,primitive_gap
35b_a3b_moe,instruct,collapsed_q2_edge,q4_boundary_pair_72_28,low,1400,0.315,0.2564,0.6342,0.7757,0.1221,0.0129,0.2071,0.965,0.1524,none
35b_a3b_moe,instruct,collapsed_q2_edge,q4_boundary_pair_72_28,medium,1400,0.31,0.2629,0.5703,0.7493,0.1836,0.0214,0.295,1.4736,0.1062,none
35b_a3b_moe,instruct,collapsed_q2_edge,q4_generalist_pair_72_28,extreme,1400,0.1464,0.0886,0.4076,0.6607,0.2993,0.0436,0.6364,2.4129,-0.1815,primitive_gap
35b_a3b_moe,instruct,collapsed_q2_edge,q4_generalist_pair_72_28,high,1400,0.2029,0.1464,0.4617,0.6929,0.2286,0.0157,0.4486,2.0029,-0.0613,primitive_gap
35b_a3b_moe,instruct,collapsed_q2_edge,q4_generalist_pair_72_28,low,1400,0.2886,0.2221,0.6313,0.7979,0.1307,0.01,0.2457,0.9814,0.1122,low_score
35b_a3b_moe,instruct,collapsed_q2_edge,q4_generalist_pair_72_28,medium,1400,0.2757,0.2379,0.538,0.7207,0.1814,0.0157,0.3171,1.5993,0.0749,primitive_gap
35b_a3b_moe,instruct,damaged_q2,q2_amplifier_low_echo,extreme,1400,0.7964,0.2936,0.8523,0.89,0.1157,0.35,0.5407,0.0871,0.1412,distractor_capture
35b_a3b_moe,instruct,damaged_q2,q2_amplifier_low_echo,high,1400,0.8264,0.4121,0.8869,0.9193,0.1093,0.3021,0.3436,0.0679,0.288,none
35b_a3b_moe,instruct,damaged_q2,q2_amplifier_low_echo,low,1400,0.8943,0.5614,0.9303,0.9679,0.0664,0.2114,0.2171,0.0357,0.4801,none
35b_a3b_moe,instruct,damaged_q2,q2_amplifier_low_echo,medium,1400,0.8314,0.4686,0.8973,0.9329,0.1071,0.2679,0.2893,0.0629,0.3566,none
35b_a3b_moe,instruct,damaged_q2,q3_routed_tri_68,extreme,1400,0.6943,0.3921,0.8084,0.8821,0.1614,0.0643,0.495,0.48,0.2673,none
35b_a3b_moe,instruct,damaged_q2,q3_routed_tri_68,high,1400,0.6893,0.4907,0.8154,0.8864,0.1279,0.0329,0.3621,0.4786,0.3929,none
35b_a3b_moe,instruct,damaged_q2,q3_routed_tri_68,low,1400,0.83,0.685,0.9233,0.9414,0.055,0.0229,0.1807,0.125,0.6432,none
35b_a3b_moe,instruct,damaged_q2,q3_routed_tri_68,medium,1400,0.7821,0.6071,0.8728,0.9036,0.0907,0.03,0.2486,0.2943,0.5393,none
35b_a3b_moe,instruct,damaged_q2,q3_stability_tri_72,extreme,1400,0.715,0.3836,0.8215,0.8829,0.155,0.0543,0.5236,0.4007,0.2643,none
35b_a3b_moe,instruct,damaged_q2,q3_stability_tri_72,high,1400,0.745,0.5457,0.8453,0.8936,0.1064,0.0243,0.3421,0.3743,0.4628,none
35b_a3b_moe,instruct,damaged_q2,q3_stability_tri_72,low,1400,0.855,0.7029,0.9313,0.9464,0.0571,0.0093,0.19,0.0943,0.6639,none
35b_a3b_moe,instruct,damaged_q2,q3_stability_tri_72,medium,1400,0.8121,0.6243,0.8999,0.9386,0.0943,0.0321,0.2486,0.1929,0.56,none
35b_a3b_moe,instruct,damaged_q2,q4_boundary_pair_72_28,extreme,1400,0.4929,0.3071,0.673,0.805,0.19,0.0514,0.4936,1.145,0.1431,none
35b_a3b_moe,instruct,damaged_q2,q4_boundary_pair_72_28,high,1400,0.5193,0.39,0.6941,0.8264,0.1471,0.0279,0.3464,1.0229,0.2614,none
35b_a3b_moe,instruct,damaged_q2,q4_boundary_pair_72_28,low,1400,0.6007,0.4893,0.8111,0.8679,0.0736,0.0136,0.19,0.4429,0.4272,none
35b_a3b_moe,instruct,damaged_q2,q4_boundary_pair_72_28,medium,1400,0.5943,0.4693,0.7654,0.8429,0.1186,0.0221,0.265,0.6964,0.3733,none
35b_a3b_moe,instruct,damaged_q2,q4_generalist_pair_72_28,extreme,1400,0.4243,0.26,0.6366,0.795,0.1864,0.0486,0.535,1.3479,0.0842,none
35b_a3b_moe,instruct,damaged_q2,q4_generalist_pair_72_28,high,1400,0.4864,0.3721,0.6835,0.835,0.1571,0.0171,0.3814,1.0686,0.2376,none
35b_a3b_moe,instruct,damaged_q2,q4_generalist_pair_72_28,low,1400,0.5914,0.4879,0.8179,0.9007,0.0721,0.0043,0.1879,0.4557,0.4275,none
35b_a3b_moe,instruct,damaged_q2,q4_generalist_pair_72_28,medium,1400,0.5693,0.47,0.7537,0.8707,0.1186,0.0129,0.2543,0.7843,0.3723,none
35b_a3b_moe,instruct,damaged_q3,q2_amplifier_low_echo,extreme,1400,0.8936,0.3843,0.902,0.9914,0.0821,0.3357,0.3979,0.0529,0.258,none
35b_a3b_moe,instruct,damaged_q3,q2_amplifier_low_echo,high,1400,0.8957,0.5021,0.9216,0.9929,0.0814,0.2743,0.2729,0.055,0.3983,none
35b_a3b_moe,instruct,damaged_q3,q2_amplifier_low_echo,low,1400,0.9043,0.6043,0.9407,0.9843,0.0586,0.2021,0.1707,0.0343,0.5309,none
35b_a3b_moe,instruct,damaged_q3,q2_amplifier_low_echo,medium,1400,0.9136,0.5543,0.9355,0.9943,0.0614,0.2529,0.2007,0.0471,0.4669,none
35b_a3b_moe,instruct,damaged_q3,q3_routed_tri_68,extreme,1400,0.9029,0.5936,0.9351,0.9857,0.09,0.0621,0.34,0.0521,0.5243,none
35b_a3b_moe,instruct,damaged_q3,q3_routed_tri_68,high,1400,0.9264,0.6971,0.9507,0.9929,0.0643,0.04,0.2393,0.0571,0.6479,none
35b_a3b_moe,instruct,damaged_q3,q3_routed_tri_68,low,1400,0.9314,0.7829,0.9682,0.9943,0.0414,0.0229,0.1443,0.0271,0.753,none
35b_a3b_moe,instruct,damaged_q3,q3_routed_tri_68,medium,1400,0.9207,0.7436,0.9567,0.9871,0.0607,0.0364,0.1764,0.045,0.7017,none
35b_a3b_moe,instruct,damaged_q3,q3_stability_tri_72,extreme,1400,0.9157,0.6143,0.9394,0.9914,0.0779,0.0586,0.3286,0.0607,0.5499,none
35b_a3b_moe,instruct,damaged_q3,q3_stability_tri_72,high,1400,0.9293,0.6964,0.9546,0.9893,0.0607,0.0314,0.2464,0.0357,0.6504,none
35b_a3b_moe,instruct,damaged_q3,q3_stability_tri_72,low,1400,0.9279,0.8021,0.968,0.9879,0.035,0.0171,0.13,0.0336,0.7761,none
35b_a3b_moe,instruct,damaged_q3,q3_stability_tri_72,medium,1400,0.9329,0.76,0.9586,0.99,0.0471,0.0271,0.1757,0.0586,0.7234,none
35b_a3b_moe,instruct,damaged_q3,q4_boundary_pair_72_28,extreme,1400,0.865,0.5921,0.9182,0.9479,0.095,0.0586,0.3114,0.1079,0.5216,none
35b_a3b_moe,instruct,damaged_q3,q4_boundary_pair_72_28,high,1400,0.8814,0.6843,0.9323,0.9614,0.0907,0.03,0.2236,0.0807,0.6291,none
35b_a3b_moe,instruct,damaged_q3,q4_boundary_pair_72_28,low,1400,0.9293,0.8043,0.9654,0.985,0.0407,0.0136,0.1279,0.0343,0.7774,none
35b_a3b_moe,instruct,damaged_q3,q4_boundary_pair_72_28,medium,1400,0.9007,0.75,0.9466,0.9779,0.0729,0.0229,0.1671,0.0686,0.7068,none
35b_a3b_moe,instruct,damaged_q3,q4_generalist_pair_72_28,extreme,1400,0.8936,0.6007,0.9297,0.9814,0.0879,0.0386,0.3457,0.0843,0.5348,none
35b_a3b_moe,instruct,damaged_q3,q4_generalist_pair_72_28,high,1400,0.8971,0.6807,0.9405,0.9836,0.0814,0.0121,0.2579,0.0657,0.6299,none
35b_a3b_moe,instruct,damaged_q3,q4_generalist_pair_72_28,low,1400,0.9336,0.8064,0.9682,0.9886,0.0314,0.0064,0.1307,0.0371,0.7834,none
35b_a3b_moe,instruct,damaged_q3,q4_generalist_pair_72_28,medium,1400,0.9136,0.73,0.954,0.9893,0.0657,0.0171,0.1907,0.0464,0.6893,none
35b_a3b_moe,instruct,damaged_q4,q2_amplifier_low_echo,extreme,1400,0.8736,0.4136,0.8987,0.9886,0.0957,0.3364,0.3443,0.0657,0.2867,none
35b_a3b_moe,instruct,damaged_q4,q2_amplifier_low_echo,high,1400,0.9021,0.5229,0.927,0.9886,0.0764,0.2864,0.215,0.0457,0.4232,none
35b_a3b_moe,instruct,damaged_q4,q2_amplifier_low_echo,low,1400,0.91,0.6071,0.9432,0.9879,0.0457,0.2143,0.1564,0.0429,0.5359,none
35b_a3b_moe,instruct,damaged_q4,q2_amplifier_low_echo,medium,1400,0.9129,0.585,0.9379,0.9914,0.0586,0.2407,0.1836,0.0486,0.5022,none
35b_a3b_moe,instruct,damaged_q4,q3_routed_tri_68,extreme,1400,0.9257,0.6379,0.9458,0.99,0.0664,0.0671,0.2879,0.0593,0.5785,none
35b_a3b_moe,instruct,damaged_q4,q3_routed_tri_68,high,1400,0.9471,0.7471,0.9609,0.99,0.0471,0.0336,0.1921,0.0464,0.7086,none
35b_a3b_moe,instruct,damaged_q4,q3_routed_tri_68,low,1400,0.9257,0.8114,0.9677,0.9886,0.0264,0.01,0.1157,0.0471,0.7899,none
35b_a3b_moe,instruct,damaged_q4,q3_routed_tri_68,medium,1400,0.9386,0.7943,0.9627,0.9886,0.0479,0.0314,0.1393,0.0493,0.76,none
35b_a3b_moe,instruct,damaged_q4,q3_stability_tri_72,extreme,1400,0.9286,0.6643,0.95,0.9886,0.0671,0.0621,0.2564,0.0443,0.609,none
35b_a3b_moe,instruct,damaged_q4,q3_stability_tri_72,high,1400,0.955,0.7671,0.9653,0.9964,0.0429,0.0343,0.1793,0.0421,0.731,none
35b_a3b_moe,instruct,damaged_q4,q3_stability_tri_72,low,1400,0.9429,0.8514,0.975,0.9914,0.0229,0.015,0.0871,0.0357,0.8328,none
35b_a3b_moe,instruct,damaged_q4,q3_stability_tri_72,medium,1400,0.9436,0.8014,0.9662,0.9907,0.0407,0.0329,0.1336,0.0464,0.7696,none
35b_a3b_moe,instruct,damaged_q4,q4_boundary_pair_72_28,extreme,1400,0.9157,0.6436,0.9426,0.9893,0.075,0.0643,0.2786,0.0664,0.5826,none
35b_a3b_moe,instruct,damaged_q4,q4_boundary_pair_72_28,high,1400,0.9293,0.7457,0.9545,0.9871,0.0629,0.0186,0.1907,0.0507,0.7053,none
35b_a3b_moe,instruct,damaged_q4,q4_boundary_pair_72_28,low,1400,0.9371,0.8336,0.9718,0.99,0.0293,0.0179,0.0943,0.0379,0.8118,none
35b_a3b_moe,instruct,damaged_q4,q4_boundary_pair_72_28,medium,1400,0.9336,0.7979,0.963,0.99,0.0536,0.0214,0.1307,0.0436,0.7649,none
35b_a3b_moe,instruct,damaged_q4,q4_generalist_pair_72_28,extreme,1400,0.9186,0.6507,0.943,0.9871,0.0721,0.0386,0.2957,0.0614,0.5946,none
35b_a3b_moe,instruct,damaged_q4,q4_generalist_pair_72_28,high,1400,0.9414,0.7736,0.9595,0.9879,0.0529,0.0171,0.18,0.0457,0.7376,none
35b_a3b_moe,instruct,damaged_q4,q4_generalist_pair_72_28,low,1400,0.9321,0.8357,0.9708,0.9914,0.0314,0.0057,0.1,0.0386,0.8152,none
35b_a3b_moe,instruct,damaged_q4,q4_generalist_pair_72_28,medium,1400,0.9407,0.7971,0.9622,0.9893,0.0429,0.0179,0.1564,0.0529,0.7656,none
35b_a3b_moe,instruct,healthy_q6,q2_amplifier_low_echo,extreme,1400,0.9036,0.4514,0.912,0.9921,0.0729,0.3507,0.2593,0.0614,0.3356,none
35b_a3b_moe,instruct,healthy_q6,q2_amplifier_low_echo,high,1400,0.9293,0.5436,0.9361,0.9914,0.0464,0.2971,0.2007,0.0507,0.4516,none
35b_a3b_moe,instruct,healthy_q6,q2_amplifier_low_echo,low,1400,0.9279,0.6279,0.95,0.9871,0.0407,0.2114,0.1429,0.0286,0.5605,none
35b_a3b_moe,instruct,healthy_q6,q2_amplifier_low_echo,medium,1400,0.9293,0.6271,0.9441,0.9907,0.0529,0.2179,0.15,0.0457,0.5534,none
35b_a3b_moe,instruct,healthy_q6,q3_routed_tri_68,extreme,1400,0.9386,0.7164,0.9547,0.9914,0.0507,0.055,0.2057,0.0729,0.6701,none
35b_a3b_moe,instruct,healthy_q6,q3_routed_tri_68,high,1400,0.95,0.7893,0.9628,0.9914,0.0407,0.0371,0.1536,0.0629,0.7542,none
35b_a3b_moe,instruct,healthy_q6,q3_routed_tri_68,low,1400,0.9429,0.845,0.9747,0.99,0.02,0.0229,0.0886,0.0371,0.8255,none
35b_a3b_moe,instruct,healthy_q6,q3_routed_tri_68,medium,1400,0.9579,0.8386,0.9706,0.9907,0.0271,0.0236,0.1086,0.0543,0.8143,none
35b_a3b_moe,instruct,healthy_q6,q3_stability_tri_72,extreme,1400,0.9457,0.715,0.9567,0.9864,0.0464,0.0543,0.2264,0.0529,0.6695,none
35b_a3b_moe,instruct,healthy_q6,q3_stability_tri_72,high,1400,0.95,0.7964,0.9652,0.9886,0.0379,0.0264,0.1536,0.0507,0.765,none
35b_a3b_moe,instruct,healthy_q6,q3_stability_tri_72,low,1400,0.9493,0.8536,0.9769,0.99,0.0171,0.0143,0.0879,0.0343,0.8368,none
35b_a3b_moe,instruct,healthy_q6,q3_stability_tri_72,medium,1400,0.9657,0.8507,0.9741,0.9907,0.0264,0.02,0.1057,0.04,0.8283,none
35b_a3b_moe,instruct,healthy_q6,q4_boundary_pair_72_28,extreme,1400,0.9471,0.7329,0.9586,0.9936,0.0471,0.0536,0.1929,0.0621,0.6895,none
35b_a3b_moe,instruct,healthy_q6,q4_boundary_pair_72_28,high,1400,0.9536,0.8086,0.9642,0.9907,0.0407,0.02,0.1464,0.0571,0.7778,none
35b_a3b_moe,instruct,healthy_q6,q4_boundary_pair_72_28,low,1400,0.9457,0.8557,0.9752,0.9871,0.0171,0.0143,0.0836,0.0386,0.8391,none
35b_a3b_moe,instruct,healthy_q6,q4_boundary_pair_72_28,medium,1400,0.9557,0.8421,0.9714,0.9914,0.0307,0.0214,0.1064,0.0464,0.8178,none
35b_a3b_moe,instruct,healthy_q6,q4_generalist_pair_72_28,extreme,1400,0.9514,0.7371,0.9576,0.9893,0.0421,0.0414,0.2186,0.0636,0.6955,none
35b_a3b_moe,instruct,healthy_q6,q4_generalist_pair_72_28,high,1400,0.9514,0.8064,0.9662,0.9914,0.0393,0.0164,0.1543,0.0457,0.7767,none
35b_a3b_moe,instruct,healthy_q6,q4_generalist_pair_72_28,low,1400,0.9379,0.8579,0.9732,0.9886,0.025,0.0036,0.0843,0.0386,0.841,none
35b_a3b_moe,instruct,healthy_q6,q4_generalist_pair_72_28,medium,1400,0.9521,0.8386,0.9708,0.9936,0.0314,0.0186,0.1086,0.05,0.8142,none
35b_a3b_moe,instruct,healthy_q8,q2_amplifier_low_echo,extreme,1400,0.89,0.4371,0.9089,0.9914,0.0721,0.3671,0.2714,0.0643,0.3171,none
35b_a3b_moe,instruct,healthy_q8,q2_amplifier_low_echo,high,1400,0.9307,0.5736,0.9378,0.9907,0.0479,0.2793,0.1843,0.0521,0.486,none
35b_a3b_moe,instruct,healthy_q8,q2_amplifier_low_echo,low,1400,0.9029,0.6307,0.9431,0.9843,0.0471,0.2043,0.1271,0.0493,0.5631,none
35b_a3b_moe,instruct,healthy_q8,q2_amplifier_low_echo,medium,1400,0.9329,0.6207,0.9454,0.9893,0.0421,0.2514,0.1357,0.0457,0.5446,none
35b_a3b_moe,instruct,healthy_q8,q3_routed_tri_68,extreme,1400,0.9571,0.7686,0.9636,0.9864,0.0379,0.0486,0.17,0.0521,0.7313,none
35b_a3b_moe,instruct,healthy_q8,q3_routed_tri_68,high,1400,0.97,0.8129,0.9713,0.9893,0.025,0.0386,0.1343,0.0479,0.7845,none
35b_a3b_moe,instruct,healthy_q8,q3_routed_tri_68,low,1400,0.9407,0.8543,0.9751,0.9871,0.0164,0.0214,0.0721,0.0429,0.8372,none
35b_a3b_moe,instruct,healthy_q8,q3_routed_tri_68,medium,1400,0.9614,0.8443,0.9713,0.9864,0.0243,0.02,0.11,0.0507,0.8217,none
35b_a3b_moe,instruct,healthy_q8,q3_stability_tri_72,extreme,1400,0.9693,0.7743,0.9668,0.9914,0.0243,0.0571,0.1664,0.0636,0.7391,none
35b_a3b_moe,instruct,healthy_q8,q3_stability_tri_72,high,1400,0.9721,0.8207,0.9724,0.9921,0.0221,0.03,0.135,0.05,0.7948,none
35b_a3b_moe,instruct,healthy_q8,q3_stability_tri_72,low,1400,0.9414,0.8436,0.9751,0.9886,0.0143,0.0221,0.0864,0.0429,0.8258,none
35b_a3b_moe,instruct,healthy_q8,q3_stability_tri_72,medium,1400,0.9657,0.8521,0.974,0.9857,0.0236,0.03,0.095,0.0436,0.8293,none
35b_a3b_moe,instruct,healthy_q8,q4_boundary_pair_72_28,extreme,1400,0.9614,0.7793,0.9667,0.9936,0.0314,0.0414,0.175,0.0543,0.7449,none
35b_a3b_moe,instruct,healthy_q8,q4_boundary_pair_72_28,high,1400,0.9679,0.8157,0.9694,0.9929,0.0264,0.0271,0.1386,0.0579,0.7884,none
35b_a3b_moe,instruct,healthy_q8,q4_boundary_pair_72_28,low,1400,0.9514,0.8736,0.9773,0.9843,0.0186,0.0136,0.07,0.0307,0.8581,none
35b_a3b_moe,instruct,healthy_q8,q4_boundary_pair_72_28,medium,1400,0.9714,0.8536,0.9784,0.9929,0.0214,0.0279,0.1,0.0307,0.832,none
35b_a3b_moe,instruct,healthy_q8,q4_generalist_pair_72_28,extreme,1400,0.9693,0.7871,0.9676,0.9907,0.025,0.0357,0.1714,0.0586,0.7559,none
35b_a3b_moe,instruct,healthy_q8,q4_generalist_pair_72_28,high,1400,0.9693,0.8336,0.9722,0.9879,0.0214,0.0107,0.1414,0.0443,0.8115,none
35b_a3b_moe,instruct,healthy_q8,q4_generalist_pair_72_28,low,1400,0.9493,0.8729,0.9778,0.9914,0.0179,0.0036,0.0779,0.0329,0.8589,none
35b_a3b_moe,instruct,healthy_q8,q4_generalist_pair_72_28,medium,1400,0.9579,0.8593,0.9715,0.9843,0.0286,0.0157,0.1,0.045,0.8373,none
35b_a3b_moe,instruct,q8_k_m,q2_amplifier_low_echo,extreme,1400,0.9243,0.4764,0.918,0.9871,0.0471,0.3629,0.2379,0.0671,0.3673,none
35b_a3b_moe,instruct,q8_k_m,q2_amplifier_low_echo,high,1400,0.9364,0.5693,0.9395,0.9886,0.0414,0.2914,0.1671,0.0521,0.4826,none
35b_a3b_moe,instruct,q8_k_m,q2_amplifier_low_echo,low,1400,0.9343,0.6786,0.956,0.9886,0.0371,0.19,0.0986,0.0293,0.6201,none
35b_a3b_moe,instruct,q8_k_m,q2_amplifier_low_echo,medium,1400,0.9357,0.6279,0.9467,0.9886,0.0471,0.2429,0.14,0.0336,0.5523,none
35b_a3b_moe,instruct,q8_k_m,q3_routed_tri_68,extreme,1400,0.9664,0.77,0.9641,0.9836,0.0264,0.0579,0.17,0.0664,0.7336,none
35b_a3b_moe,instruct,q8_k_m,q3_routed_tri_68,high,1400,0.9621,0.8021,0.9688,0.99,0.0307,0.0393,0.1386,0.0514,0.7714,none
35b_a3b_moe,instruct,q8_k_m,q3_routed_tri_68,low,1400,0.9571,0.87,0.9789,0.9879,0.015,0.0186,0.0764,0.03,0.8542,none
35b_a3b_moe,instruct,q8_k_m,q3_routed_tri_68,medium,1400,0.9757,0.8707,0.9785,0.9893,0.0114,0.0343,0.0807,0.0471,0.8516,none
35b_a3b_moe,instruct,q8_k_m,q3_stability_tri_72,extreme,1400,0.9586,0.7764,0.9671,0.9936,0.035,0.0521,0.1607,0.0493,0.7402,none
35b_a3b_moe,instruct,q8_k_m,q3_stability_tri_72,high,1400,0.9714,0.8164,0.971,0.99,0.0221,0.03,0.1421,0.0529,0.7898,none
35b_a3b_moe,instruct,q8_k_m,q3_stability_tri_72,low,1400,0.9479,0.8629,0.978,0.9921,0.0171,0.0164,0.0764,0.035,0.8466,none
35b_a3b_moe,instruct,q8_k_m,q3_stability_tri_72,medium,1400,0.9629,0.8464,0.9736,0.9914,0.0229,0.0293,0.1021,0.0493,0.8231,none
35b_a3b_moe,instruct,q8_k_m,q4_boundary_pair_72_28,extreme,1400,0.9636,0.7636,0.9647,0.99,0.0336,0.0571,0.1693,0.0557,0.7257,none
35b_a3b_moe,instruct,q8_k_m,q4_boundary_pair_72_28,high,1400,0.9721,0.8564,0.9735,0.9886,0.0229,0.0193,0.1086,0.0486,0.8346,none
35b_a3b_moe,instruct,q8_k_m,q4_boundary_pair_72_28,low,1400,0.96,0.8757,0.9805,0.9879,0.0086,0.0136,0.0786,0.0307,0.8626,none
35b_a3b_moe,instruct,q8_k_m,q4_boundary_pair_72_28,medium,1400,0.9714,0.87,0.9749,0.9929,0.0214,0.02,0.0879,0.0521,0.8499,none
35b_a3b_moe,instruct,q8_k_m,q4_generalist_pair_72_28,extreme,1400,0.9614,0.7879,0.9649,0.9836,0.0314,0.0457,0.1571,0.0579,0.7538,none
35b_a3b_moe,instruct,q8_k_m,q4_generalist_pair_72_28,high,1400,0.97,0.8414,0.972,0.9879,0.0221,0.0157,0.1307,0.0486,0.8188,none
35b_a3b_moe,instruct,q8_k_m,q4_generalist_pair_72_28,low,1400,0.9486,0.8764,0.9782,0.9921,0.0114,0.0057,0.0707,0.0421,0.8641,none
35b_a3b_moe,instruct,q8_k_m,q4_generalist_pair_72_28,medium,1400,0.9629,0.87,0.973,0.9921,0.0229,0.0086,0.0929,0.0564,0.8512,none
4b,base,base_f16,q2_amplifier_low_echo,extreme,1400,0.9321,0.4857,0.923,0.9936,0.0443,0.3443,0.2314,0.065,0.3818,none
4b,base,base_f16,q2_amplifier_low_echo,high,1400,0.9364,0.565,0.9391,0.9943,0.0443,0.2936,0.1686,0.0564,0.4767,none
4b,base,base_f16,q2_amplifier_low_echo,low,1400,0.9386,0.655,0.9555,0.99,0.0271,0.2164,0.1071,0.0329,0.5934,none
4b,base,base_f16,q2_amplifier_low_echo,medium,1400,0.945,0.6286,0.9478,0.9929,0.0336,0.2593,0.1207,0.0536,0.5543,none
4b,base,base_f16,q3_routed_tri_68,extreme,1400,0.9586,0.7521,0.9636,0.9893,0.0336,0.075,0.1643,0.0607,0.7109,none
4b,base,base_f16,q3_routed_tri_68,high,1400,0.9636,0.8286,0.9717,0.9921,0.0236,0.0421,0.1157,0.0579,0.8009,none
4b,base,base_f16,q3_routed_tri_68,low,1400,0.9443,0.8629,0.9763,0.9857,0.0136,0.025,0.0621,0.0429,0.8467,none
4b,base,base_f16,q3_routed_tri_68,medium,1400,0.9693,0.8786,0.9756,0.9907,0.0164,0.0293,0.075,0.0579,0.8589,none
4b,base,base_f16,q3_stability_tri_72,extreme,1400,0.965,0.7693,0.9648,0.9907,0.03,0.0614,0.16,0.0679,0.7318,none
4b,base,base_f16,q3_stability_tri_72,high,1400,0.9757,0.85,0.9748,0.9871,0.0164,0.0314,0.1121,0.0493,0.8274,none
4b,base,base_f16,q3_stability_tri_72,low,1400,0.9557,0.8736,0.9793,0.9871,0.0129,0.0186,0.0693,0.0314,0.8589,none
4b,base,base_f16,q3_stability_tri_72,medium,1400,0.9743,0.8743,0.9781,0.9893,0.0193,0.0314,0.0764,0.0407,0.8541,none
4b,base,base_f16,q4_boundary_pair_72_28,extreme,1400,0.9671,0.7564,0.9671,0.9929,0.0271,0.0536,0.195,0.0479,0.7196,none
4b,base,base_f16,q4_boundary_pair_72_28,high,1400,0.9714,0.8229,0.9714,0.9864,0.0236,0.0307,0.125,0.05,0.7971,none
4b,base,base_f16,q4_boundary_pair_72_28,low,1400,0.9529,0.8707,0.9801,0.9907,0.0079,0.0193,0.0707,0.0371,0.857,none
4b,base,base_f16,q4_boundary_pair_72_28,medium,1400,0.9643,0.86,0.9739,0.9886,0.025,0.0271,0.0843,0.0479,0.8379,none
4b,base,base_f16,q4_generalist_pair_72_28,extreme,1400,0.9593,0.7557,0.9632,0.9921,0.0329,0.0407,0.1943,0.0614,0.7191,none
4b,base,base_f16,q4_generalist_pair_72_28,high,1400,0.9707,0.8436,0.9739,0.9957,0.0207,0.0186,0.1271,0.0514,0.8209,none
4b,base,base_f16,q4_generalist_pair_72_28,low,1400,0.96,0.8786,0.9814,0.9936,0.0093,0.0114,0.0757,0.0321,0.8658,none
4b,base,base_f16,q4_generalist_pair_72_28,medium,1400,0.9757,0.8943,0.9781,0.99,0.0157,0.0129,0.075,0.0471,0.8786,none
4b,base,collapsed_q2_edge,q2_amplifier_low_echo,extreme,1400,0.4257,0.1364,0.6457,0.7464,0.2814,0.3514,0.7836,0.7479,-0.1184,distractor_capture
4b,base,collapsed_q2_edge,q2_amplifier_low_echo,high,1400,0.4714,0.2314,0.6856,0.7829,0.2314,0.2879,0.5393,0.6879,0.0269,distractor_capture
4b,base,collapsed_q2_edge,q2_amplifier_low_echo,low,1400,0.72,0.4236,0.8511,0.88,0.1357,0.2186,0.2964,0.1557,0.3076,none
4b,base,collapsed_q2_edge,q2_amplifier_low_echo,medium,1400,0.625,0.3264,0.7823,0.82,0.1571,0.2636,0.3871,0.3943,0.1759,none
4b,base,collapsed_q2_edge,q3_routed_tri_68,extreme,1400,0.11,0.0464,0.3586,0.63,0.4686,0.065,0.7979,2.3714,-0.2895,cascade
4b,base,collapsed_q2_edge,q3_routed_tri_68,high,1400,0.1679,0.1171,0.4242,0.6786,0.3929,0.0271,0.545,1.905,-0.145,cascade
4b,base,collapsed_q2_edge,q3_routed_tri_68,low,1400,0.37,0.2807,0.6754,0.8129,0.1679,0.0157,0.2779,0.7864,0.1657,none
4b,base,collapsed_q2_edge,q3_routed_tri_68,medium,1400,0.2964,0.2243,0.5644,0.7479,0.2521,0.04,0.4014,1.3657,0.0402,cascade
4b,base,collapsed_q2_edge,q3_stability_tri_72,extreme,1400,0.1457,0.0621,0.3761,0.63,0.4479,0.0679,0.8043,2.2821,-0.2642,cascade
4b,base,collapsed_q2_edge,q3_stability_tri_72,high,1400,0.2121,0.1421,0.4636,0.7064,0.3657,0.0407,0.5336,1.7493,-0.1059,cascade
4b,base,collapsed_q2_edge,q3_stability_tri_72,low,1400,0.3964,0.295,0.693,0.8336,0.1671,0.0243,0.2793,0.7314,0.1811,none
4b,base,collapsed_q2_edge,q3_stability_tri_72,medium,1400,0.3014,0.2307,0.5698,0.74,0.25,0.0364,0.4186,1.3214,0.0489,cascade
4b,base,collapsed_q2_edge,q4_boundary_pair_72_28,extreme,1400,0.0421,0.0186,0.2243,0.5279,0.5979,0.0636,0.7729,3.1314,-0.3919,cascade
4b,base,collapsed_q2_edge,q4_boundary_pair_72_28,high,1400,0.0857,0.0593,0.29,0.6086,0.4971,0.035,0.5586,2.5586,-0.2695,cascade
4b,base,collapsed_q2_edge,q4_boundary_pair_72_28,low,1400,0.2021,0.15,0.5361,0.7286,0.21,0.0136,0.2879,1.2036,0.0011,cascade
4b,base,collapsed_q2_edge,q4_boundary_pair_72_28,medium,1400,0.1543,0.1229,0.4005,0.6557,0.3421,0.0314,0.39,2.0364,-0.1191,cascade
4b,base,collapsed_q2_edge,q4_generalist_pair_72_28,extreme,1400,0.035,0.0164,0.1854,0.5314,0.62,0.0536,0.8514,3.3879,-0.4178,cascade
4b,base,collapsed_q2_edge,q4_generalist_pair_72_28,high,1400,0.0657,0.0471,0.2642,0.5864,0.4871,0.0243,0.5993,2.6993,-0.2868,cascade
4b,base,collapsed_q2_edge,q4_generalist_pair_72_28,low,1400,0.1907,0.1464,0.5231,0.7407,0.2136,0.0071,0.2971,1.2536,-0.0055,cascade
4b,base,collapsed_q2_edge,q4_generalist_pair_72_28,medium,1400,0.1264,0.1057,0.3746,0.6314,0.3321,0.0157,0.4143,2.1371,-0.1371,cascade
4b,base,damaged_q2,q2_amplifier_low_echo,extreme,1400,0.6793,0.24,0.8033,0.8571,0.1743,0.36,0.6729,0.17,0.0534,distractor_capture
4b,base,damaged_q2,q2_amplifier_low_echo,high,1400,0.7643,0.33,0.8523,0.9007,0.1479,0.3036,0.4686,0.1179,0.1815,none
4b,base,damaged_q2,q2_amplifier_low_echo,low,1400,0.865,0.5243,0.9182,0.9671,0.0921,0.1921,0.27,0.0414,0.4345,none
4b,base,damaged_q2,q2_amplifier_low_echo,medium,1400,0.8093,0.4479,0.886,0.9236,0.1336,0.2521,0.3186,0.0643,0.3287,none
4b,base,damaged_q2,q3_routed_tri_68,extreme,1400,0.4593,0.2243,0.6534,0.7964,0.2579,0.06,0.6929,1.0536,0.0268,distractor_capture
4b,base,damaged_q2,q3_routed_tri_68,high,1400,0.4829,0.3107,0.6924,0.835,0.225,0.0429,0.4757,0.8671,0.1532,none
4b,base,damaged_q2,q3_routed_tri_68,low,1400,0.7179,0.5514,0.869,0.915,0.1029,0.0186,0.2464,0.23,0.4856,none
4b,base,damaged_q2,q3_routed_tri_68,medium,1400,0.6407,0.4579,0.7922,0.8729,0.1593,0.0343,0.3521,0.5136,0.3494,none
4b,base,damaged_q2,q3_stability_tri_72,extreme,1400,0.4814,0.2436,0.6726,0.8064,0.2507,0.0593,0.6393,0.9786,0.0564,distractor_capture
4b,base,damaged_q2,q3_stability_tri_72,high,1400,0.535,0.3621,0.7166,0.8436,0.2236,0.04,0.4279,0.7693,0.2144,none
4b,base,damaged_q2,q3_stability_tri_72,low,1400,0.7757,0.6171,0.8905,0.9143,0.0829,0.0157,0.2136,0.1814,0.563,none
4b,base,damaged_q2,q3_stability_tri_72,medium,1400,0.6614,0.4529,0.8127,0.8821,0.1557,0.04,0.3607,0.4271,0.3479,none
4b,base,damaged_q2,q4_boundary_pair_72_28,extreme,1400,0.2329,0.1179,0.4779,0.6986,0.3593,0.0629,0.6457,1.89,-0.1487,cascade
4b,base,damaged_q2,q4_boundary_pair_72_28,high,1400,0.3014,0.215,0.5405,0.7479,0.2971,0.0321,0.4357,1.5057,0.0093,cascade
4b,base,damaged_q2,q4_boundary_pair_72_28,low,1400,0.4457,0.3471,0.7156,0.8043,0.1293,0.0164,0.2507,0.6671,0.2517,none
4b,base,damaged_q2,q4_boundary_pair_72_28,medium,1400,0.3993,0.3171,0.6398,0.7893,0.2071,0.0307,0.3336,1.1007,0.1671,none
4b,base,damaged_q2,q4_generalist_pair_72_28,extreme,1400,0.1757,0.0893,0.4342,0.6971,0.37,0.0564,0.7264,2.1114,-0.1967,cascade
4b,base,damaged_q2,q4_generalist_pair_72_28,high,1400,0.2693,0.2029,0.5168,0.7393,0.3043,0.0186,0.4979,1.6057,-0.0123,cascade
4b,base,damaged_q2,q4_generalist_pair_72_28,low,1400,0.4593,0.3557,0.739,0.8643,0.1164,0.005,0.265,0.6514,0.266,none
4b,base,damaged_q2,q4_generalist_pair_72_28,medium,1400,0.3686,0.2879,0.6265,0.795,0.1929,0.0186,0.3636,1.1957,0.1374,none
4b,base,damaged_q3,q2_amplifier_low_echo,extreme,1400,0.8464,0.3514,0.884,0.9893,0.1171,0.3557,0.4586,0.055,0.2057,none
4b,base,damaged_q3,q2_amplifier_low_echo,high,1400,0.8693,0.445,0.9083,0.9914,0.0993,0.3093,0.32,0.0614,0.3247,none
4b,base,damaged_q3,q2_amplifier_low_echo,low,1400,0.9071,0.5886,0.9398,0.9907,0.0671,0.215,0.175,0.0286,0.51,none
4b,base,damaged_q3,q2_amplifier_low_echo,medium,1400,0.8929,0.4971,0.9227,0.9864,0.0829,0.2736,0.2643,0.0393,0.3945,none
4b,base,damaged_q3,q3_routed_tri_68,extreme,1400,0.8614,0.5014,0.9134,0.9729,0.1186,0.0764,0.445,0.0679,0.4116,none
4b,base,damaged_q3,q3_routed_tri_68,high,1400,0.8721,0.6129,0.9303,0.9879,0.1086,0.035,0.2957,0.0657,0.5463,none
4b,base,damaged_q3,q3_routed_tri_68,low,1400,0.9036,0.7371,0.9566,0.9886,0.0629,0.025,0.17,0.0343,0.698,none
4b,base,damaged_q3,q3_routed_tri_68,medium,1400,0.9121,0.715,0.9509,0.9929,0.0764,0.035,0.2107,0.0443,0.666,none
4b,base,damaged_q3,q3_stability_tri_72,extreme,1400,0.8421,0.48,0.9093,0.9764,0.1407,0.0729,0.4357,0.0579,0.3855,none
4b,base,damaged_q3,q3_stability_tri_72,high,1400,0.8864,0.6293,0.9369,0.995,0.1043,0.035,0.295,0.0464,0.5651,none
4b,base,damaged_q3,q3_stability_tri_72,low,1400,0.9157,0.7671,0.9611,0.9907,0.0536,0.0179,0.1614,0.0314,0.733,none
4b,base,damaged_q3,q3_stability_tri_72,medium,1400,0.8986,0.6907,0.9474,0.9893,0.0829,0.0414,0.2114,0.0457,0.6384,none
4b,base,damaged_q3,q4_boundary_pair_72_28,extreme,1400,0.7243,0.4464,0.8396,0.8736,0.16,0.0543,0.4143,0.3164,0.3386,none
4b,base,damaged_q3,q4_boundary_pair_72_28,high,1400,0.7671,0.5586,0.8659,0.9164,0.1343,0.0329,0.2993,0.2693,0.4743,none
4b,base,damaged_q3,q4_boundary_pair_72_28,low,1400,0.8829,0.75,0.9417,0.9443,0.0543,0.0171,0.1543,0.0671,0.7146,none
4b,base,damaged_q3,q4_boundary_pair_72_28,medium,1400,0.8293,0.6586,0.9065,0.9264,0.1036,0.0264,0.2029,0.1493,0.5985,none
4b,base,damaged_q3,q4_generalist_pair_72_28,extreme,1400,0.7593,0.4407,0.856,0.9436,0.1621,0.0457,0.4836,0.2793,0.3303,none
4b,base,damaged_q3,q4_generalist_pair_72_28,high,1400,0.8179,0.5714,0.893,0.9671,0.1214,0.0179,0.34,0.195,0.4945,none
4b,base,damaged_q3,q4_generalist_pair_72_28,low,1400,0.9036,0.7471,0.9551,0.9879,0.0621,0.0064,0.1829,0.0357,0.7108,none
4b,base,damaged_q3,q4_generalist_pair_72_28,medium,1400,0.8579,0.68,0.9249,0.9786,0.0971,0.0143,0.2329,0.1143,0.6237,none
4b,base,damaged_q4,q2_amplifier_low_echo,extreme,1400,0.8843,0.3964,0.9004,0.9879,0.0786,0.36,0.38,0.0579,0.2676,none
4b,base,damaged_q4,q2_amplifier_low_echo,high,1400,0.8829,0.4879,0.9164,0.9871,0.0893,0.295,0.2593,0.0593,0.3784,none
4b,base,damaged_q4,q2_amplifier_low_echo,low,1400,0.9021,0.64,0.9422,0.9871,0.0593,0.1821,0.1571,0.04,0.5712,none
4b,base,damaged_q4,q2_amplifier_low_echo,medium,1400,0.9057,0.5536,0.9307,0.9971,0.0743,0.2464,0.2114,0.0536,0.4624,none
4b,base,damaged_q4,q3_routed_tri_68,extreme,1400,0.8864,0.59,0.9317,0.9843,0.1021,0.0593,0.3371,0.05,0.518,none
4b,base,damaged_q4,q3_routed_tri_68,high,1400,0.9057,0.6871,0.9457,0.99,0.0807,0.0364,0.235,0.0557,0.6341,none
4b,base,damaged_q4,q3_routed_tri_68,low,1400,0.9186,0.7893,0.9632,0.9886,0.0486,0.015,0.1357,0.0343,0.7591,none
4b,base,damaged_q4,q3_routed_tri_68,medium,1400,0.9164,0.745,0.9547,0.9857,0.0621,0.0336,0.1764,0.0514,0.703,none
4b,base,damaged_q4,q3_stability_tri_72,extreme,1400,0.9071,0.6229,0.9387,0.99,0.0821,0.0514,0.3293,0.0586,0.5587,none
4b,base,damaged_q4,q3_stability_tri_72,high,1400,0.9079,0.7036,0.9463,0.9886,0.0814,0.0371,0.22,0.0543,0.6514,none
4b,base,damaged_q4,q3_stability_tri_72,low,1400,0.9179,0.7864,0.9656,0.9929,0.0421,0.0214,0.1321,0.0386,0.757,none
4b,base,damaged_q4,q3_stability_tri_72,medium,1400,0.9329,0.7736,0.9593,0.9893,0.0586,0.0357,0.1571,0.045,0.734,none
4b,base,damaged_q4,q4_boundary_pair_72_28,extreme,1400,0.8764,0.5714,0.9233,0.965,0.0971,0.0543,0.3514,0.0779,0.4994,none
4b,base,damaged_q4,q4_boundary_pair_72_28,high,1400,0.9029,0.6729,0.9404,0.9786,0.0779,0.0371,0.2514,0.0679,0.6186,none
4b,base,damaged_q4,q4_boundary_pair_72_28,low,1400,0.9171,0.7943,0.9638,0.9914,0.0507,0.0157,0.1264,0.035,0.7641,none
4b,base,damaged_q4,q4_boundary_pair_72_28,medium,1400,0.92,0.7593,0.956,0.9907,0.0643,0.03,0.165,0.0507,0.7183,none
4b,base,damaged_q4,q4_generalist_pair_72_28,extreme,1400,0.8929,0.5771,0.9302,0.995,0.1014,0.0414,0.375,0.0607,0.5054,none
4b,base,damaged_q4,q4_generalist_pair_72_28,high,1400,0.9129,0.6893,0.9468,0.9893,0.0757,0.0157,0.2579,0.0486,0.6404,none
4b,base,damaged_q4,q4_generalist_pair_72_28,low,1400,0.9193,0.8021,0.9645,0.9871,0.0421,0.0093,0.1257,0.0393,0.7756,none
4b,base,damaged_q4,q4_generalist_pair_72_28,medium,1400,0.9179,0.7557,0.9545,0.9879,0.065,0.01,0.1793,0.0486,0.7174,none
4b,base,healthy_q6,q2_amplifier_low_echo,extreme,1400,0.87,0.4257,0.8998,0.9907,0.0936,0.3593,0.3071,0.0671,0.2979,none
4b,base,healthy_q6,q2_amplifier_low_echo,high,1400,0.9043,0.5164,0.9242,0.9857,0.0714,0.3036,0.2243,0.0543,0.4136,none
4b,base,healthy_q6,q2_amplifier_low_echo,low,1400,0.9121,0.6207,0.944,0.9907,0.0586,0.2136,0.1536,0.0286,0.5467,none
4b,base,healthy_q6,q2_amplifier_low_echo,medium,1400,0.9114,0.5714,0.9364,0.9943,0.0629,0.2571,0.1843,0.045,0.4841,none
4b,base,healthy_q6,q3_routed_tri_68,extreme,1400,0.9307,0.6807,0.9512,0.9914,0.0607,0.0593,0.2471,0.0557,0.6281,none
4b,base,healthy_q6,q3_routed_tri_68,high,1400,0.94,0.7607,0.9579,0.9864,0.0514,0.0364,0.1786,0.0557,0.7209,none
4b,base,healthy_q6,q3_routed_tri_68,low,1400,0.935,0.8329,0.9724,0.9921,0.0286,0.0229,0.0886,0.0386,0.8107,none
4b,base,healthy_q6,q3_routed_tri_68,medium,1400,0.95,0.8007,0.9675,0.9857,0.0407,0.0321,0.1357,0.035,0.7695,none
4b,base,healthy_q6,q3_stability_tri_72,extreme,1400,0.9264,0.7007,0.9505,0.9921,0.07,0.065,0.2057,0.0614,0.6472,none
4b,base,healthy_q6,q3_stability_tri_72,high,1400,0.9329,0.7586,0.9599,0.9879,0.055,0.0314,0.1764,0.0414,0.7196,none
4b,base,healthy_q6,q3_stability_tri_72,low,1400,0.9493,0.8393,0.9762,0.99,0.0236,0.0293,0.0957,0.0279,0.8173,none
4b,base,healthy_q6,q3_stability_tri_72,medium,1400,0.9407,0.8186,0.9652,0.99,0.0443,0.0271,0.1143,0.0529,0.7881,none
4b,base,healthy_q6,q4_boundary_pair_72_28,extreme,1400,0.9186,0.6836,0.9482,0.9929,0.0757,0.0643,0.2357,0.0536,0.6265,none
4b,base,healthy_q6,q4_boundary_pair_72_28,high,1400,0.9314,0.7543,0.9553,0.9879,0.0586,0.0329,0.1857,0.0564,0.7125,none
4b,base,healthy_q6,q4_boundary_pair_72_28,low,1400,0.9243,0.8286,0.9687,0.9864,0.035,0.0229,0.0886,0.0414,0.8043,none
4b,base,healthy_q6,q4_boundary_pair_72_28,medium,1400,0.9271,0.7929,0.9584,0.9829,0.0564,0.0207,0.14,0.0507,0.7581,none
4b,base,healthy_q6,q4_generalist_pair_72_28,extreme,1400,0.9207,0.69,0.9479,0.9936,0.0721,0.0379,0.2543,0.0593,0.6375,none
4b,base,healthy_q6,q4_generalist_pair_72_28,high,1400,0.9279,0.7321,0.954,0.9921,0.0607,0.0179,0.21,0.0557,0.6908,none
4b,base,healthy_q6,q4_generalist_pair_72_28,low,1400,0.935,0.8457,0.9704,0.9857,0.0314,0.0086,0.0936,0.0364,0.8253,none
4b,base,healthy_q6,q4_generalist_pair_72_28,medium,1400,0.945,0.8157,0.9636,0.9886,0.0429,0.015,0.1286,0.0564,0.7868,none
4b,base,healthy_q8,q2_amplifier_low_echo,extreme,1400,0.9021,0.4486,0.9122,0.9929,0.0657,0.3586,0.27,0.0614,0.3325,none
4b,base,healthy_q8,q2_amplifier_low_echo,high,1400,0.93,0.5364,0.9344,0.9929,0.0464,0.3121,0.2014,0.0557,0.4412,none
4b,base,healthy_q8,q2_amplifier_low_echo,low,1400,0.9279,0.6293,0.9501,0.9907,0.0407,0.2264,0.1329,0.0286,0.5597,none
4b,base,healthy_q8,q2_amplifier_low_echo,medium,1400,0.9171,0.5943,0.9379,0.9921,0.0579,0.2607,0.1393,0.0564,0.5108,none
4b,base,healthy_q8,q3_routed_tri_68,extreme,1400,0.945,0.7193,0.9575,0.9943,0.0493,0.0593,0.21,0.06,0.6728,none
4b,base,healthy_q8,q3_routed_tri_68,high,1400,0.95,0.7914,0.9627,0.9857,0.0393,0.0386,0.1486,0.0614,0.757,none
4b,base,healthy_q8,q3_routed_tri_68,low,1400,0.9436,0.8514,0.9752,0.9879,0.0207,0.0186,0.0807,0.0364,0.8332,none
4b,base,healthy_q8,q3_routed_tri_68,medium,1400,0.9586,0.8229,0.9698,0.9864,0.0257,0.0386,0.115,0.0536,0.7956,none
4b,base,healthy_q8,q3_stability_tri_72,extreme,1400,0.9407,0.725,0.9542,0.9871,0.0521,0.0629,0.2079,0.0643,0.6769,none
4b,base,healthy_q8,q3_stability_tri_72,high,1400,0.95,0.7964,0.9633,0.9907,0.0421,0.0379,0.1457,0.0586,0.7616,none
4b,base,healthy_q8,q3_stability_tri_72,low,1400,0.9471,0.8371,0.9757,0.9921,0.0221,0.0207,0.0957,0.0329,0.8171,none
4b,base,healthy_q8,q3_stability_tri_72,medium,1400,0.9579,0.8229,0.9711,0.99,0.0307,0.0343,0.1121,0.045,0.7956,none
4b,base,healthy_q8,q4_boundary_pair_72_28,extreme,1400,0.9364,0.7257,0.9564,0.9943,0.0543,0.0536,0.1957,0.0636,0.6799,none
4b,base,healthy_q8,q4_boundary_pair_72_28,high,1400,0.9536,0.8121,0.9681,0.9886,0.0371,0.0257,0.1443,0.04,0.7823,none
4b,base,healthy_q8,q4_boundary_pair_72_28,low,1400,0.935,0.8443,0.9736,0.9907,0.0243,0.0207,0.08,0.0407,0.8244,none
4b,base,healthy_q8,q4_boundary_pair_72_28,medium,1400,0.9464,0.8121,0.966,0.9886,0.0407,0.03,0.1186,0.0514,0.7819,none
4b,base,healthy_q8,q4_generalist_pair_72_28,extreme,1400,0.94,0.7114,0.9545,0.9907,0.0536,0.0421,0.225,0.0614,0.6659,none
4b,base,healthy_q8,q4_generalist_pair_72_28,high,1400,0.9571,0.815,0.9676,0.9886,0.0379,0.0143,0.1464,0.0414,0.787,none
4b,base,healthy_q8,q4_generalist_pair_72_28,low,1400,0.9429,0.8543,0.9739,0.9857,0.0221,0.0071,0.0864,0.035,0.8375,none
4b,base,healthy_q8,q4_generalist_pair_72_28,medium,1400,0.9543,0.855,0.9699,0.9921,0.035,0.0114,0.1014,0.0507,0.8316,none
4b,base,q8_k_m,q2_amplifier_low_echo,extreme,1400,0.9107,0.4643,0.914,0.9893,0.0621,0.3507,0.2536,0.0671,0.3519,none
4b,base,q8_k_m,q2_amplifier_low_echo,high,1400,0.9243,0.5421,0.9329,0.9886,0.05,0.2993,0.195,0.0593,0.4487,none
4b,base,q8_k_m,q2_amplifier_low_echo,low,1400,0.9307,0.6393,0.9523,0.9929,0.0307,0.2236,0.125,0.0371,0.5735,none
4b,base,q8_k_m,q2_amplifier_low_echo,medium,1400,0.9393,0.6036,0.9468,0.9929,0.0357,0.2436,0.1614,0.0464,0.5289,none
4b,base,q8_k_m,q3_routed_tri_68,extreme,1400,0.9543,0.7393,0.9629,0.9914,0.0371,0.0671,0.19,0.0543,0.6968,none
4b,base,q8_k_m,q3_routed_tri_68,high,1400,0.9557,0.79,0.9686,0.9914,0.0357,0.0543,0.1371,0.0457,0.7552,none
4b,base,q8_k_m,q3_routed_tri_68,low,1400,0.9421,0.8464,0.9752,0.9893,0.0221,0.0279,0.0757,0.0357,0.8264,none
4b,base,q8_k_m,q3_routed_tri_68,medium,1400,0.9614,0.8321,0.9724,0.9914,0.0286,0.0357,0.11,0.0443,0.8054,none
4b,base,q8_k_m,q3_stability_tri_72,extreme,1400,0.9593,0.7521,0.9639,0.99,0.0293,0.0679,0.1836,0.0664,0.7118,none
4b,base,q8_k_m,q3_stability_tri_72,high,1400,0.9664,0.8014,0.9688,0.9921,0.0293,0.0414,0.1421,0.0543,0.7703,none
4b,base,q8_k_m,q3_stability_tri_72,low,1400,0.9386,0.8586,0.9736,0.9864,0.0171,0.0207,0.0693,0.0464,0.8414,none
4b,base,q8_k_m,q3_stability_tri_72,medium,1400,0.9714,0.8457,0.975,0.9914,0.0186,0.0271,0.1121,0.0464,0.8234,none
4b,base,q8_k_m,q4_boundary_pair_72_28,extreme,1400,0.9443,0.7229,0.9562,0.9793,0.0436,0.0686,0.1964,0.0621,0.6773,none
4b,base,q8_k_m,q4_boundary_pair_72_28,high,1400,0.9521,0.8007,0.9667,0.9893,0.0407,0.0443,0.1279,0.0493,0.7669,none
4b,base,q8_k_m,q4_boundary_pair_72_28,low,1400,0.9586,0.8579,0.9797,0.9907,0.015,0.0221,0.0857,0.0264,0.8407,none
4b,base,q8_k_m,q4_boundary_pair_72_28,medium,1400,0.9543,0.8429,0.972,0.9907,0.0329,0.0279,0.0979,0.0421,0.8175,none
4b,base,q8_k_m,q4_generalist_pair_72_28,extreme,1400,0.9536,0.735,0.9602,0.9907,0.0429,0.0457,0.2036,0.0536,0.694,none
4b,base,q8_k_m,q4_generalist_pair_72_28,high,1400,0.9643,0.8314,0.9676,0.9871,0.0271,0.0157,0.1321,0.0629,0.8064,none
4b,base,q8_k_m,q4_generalist_pair_72_28,low,1400,0.9464,0.8664,0.9766,0.9879,0.0143,0.005,0.0836,0.0379,0.8526,none
4b,base,q8_k_m,q4_generalist_pair_72_28,medium,1400,0.9636,0.8593,0.9718,0.9907,0.0257,0.0214,0.0943,0.0557,0.837,none
4b,degraded_instruct,base_f16,q2_amplifier_low_echo,extreme,1400,0.9186,0.4736,0.9177,0.9893,0.0557,0.3614,0.2514,0.0543,0.3617,none
4b,degraded_instruct,base_f16,q2_amplifier_low_echo,high,1400,0.9279,0.5193,0.935,0.9914,0.0486,0.3193,0.1893,0.0486,0.4233,none
4b,degraded_instruct,base_f16,q2_amplifier_low_echo,low,1400,0.9343,0.6571,0.9532,0.9886,0.0307,0.2193,0.1057,0.0357,0.5938,none
4b,degraded_instruct,base_f16,q2_amplifier_low_echo,medium,1400,0.9357,0.595,0.9444,0.9893,0.04,0.2779,0.1336,0.045,0.5145,none
4b,degraded_instruct,base_f16,q3_routed_tri_68,extreme,1400,0.9607,0.7507,0.9647,0.9857,0.0307,0.09,0.1564,0.0586,0.7081,none
4b,degraded_instruct,base_f16,q3_routed_tri_68,high,1400,0.9743,0.8171,0.9726,0.99,0.0193,0.0464,0.1264,0.0536,0.7893,none
4b,degraded_instruct,base_f16,q3_routed_tri_68,low,1400,0.9507,0.8664,0.9802,0.99,0.0129,0.03,0.0579,0.0357,0.8502,none
4b,degraded_instruct,base_f16,q3_routed_tri_68,medium,1400,0.9693,0.8679,0.9773,0.9886,0.02,0.035,0.0771,0.0414,0.8466,none
4b,degraded_instruct,base_f16,q3_stability_tri_72,extreme,1400,0.9643,0.7543,0.9644,0.9864,0.03,0.075,0.165,0.0593,0.7141,none
4b,degraded_instruct,base_f16,q3_stability_tri_72,high,1400,0.9729,0.845,0.9744,0.9943,0.0214,0.0386,0.105,0.0536,0.8198,none
4b,degraded_instruct,base_f16,q3_stability_tri_72,low,1400,0.9571,0.8807,0.9807,0.9879,0.0143,0.0214,0.0657,0.0271,0.8655,none
4b,degraded_instruct,base_f16,q3_stability_tri_72,medium,1400,0.9793,0.8629,0.978,0.9843,0.0121,0.0436,0.0836,0.0429,0.8417,none
4b,degraded_instruct,base_f16,q4_boundary_pair_72_28,extreme,1400,0.9543,0.7493,0.9625,0.9907,0.0386,0.0771,0.1657,0.0614,0.706,none
4b,degraded_instruct,base_f16,q4_boundary_pair_72_28,high,1400,0.9507,0.7964,0.9673,0.9921,0.0407,0.0443,0.1314,0.0479,0.7624,none
4b,degraded_instruct,base_f16,q4_boundary_pair_72_28,low,1400,0.9557,0.8864,0.981,0.9886,0.0093,0.0157,0.0607,0.0343,0.8739,none
4b,degraded_instruct,base_f16,q4_boundary_pair_72_28,medium,1400,0.9643,0.8436,0.9737,0.9886,0.0221,0.04,0.095,0.0493,0.8189,none
4b,degraded_instruct,base_f16,q4_generalist_pair_72_28,extreme,1400,0.96,0.775,0.9637,0.9857,0.0336,0.0421,0.1693,0.06,0.74,none
4b,degraded_instruct,base_f16,q4_generalist_pair_72_28,high,1400,0.9679,0.8314,0.9729,0.9929,0.0257,0.0236,0.1243,0.0457,0.8068,none
4b,degraded_instruct,base_f16,q4_generalist_pair_72_28,low,1400,0.9586,0.8843,0.9813,0.9936,0.01,0.0107,0.07,0.0336,0.8719,none
4b,degraded_instruct,base_f16,q4_generalist_pair_72_28,medium,1400,0.9643,0.8593,0.9746,0.9886,0.0214,0.0229,0.0957,0.0457,0.8383,none
4b,degraded_instruct,collapsed_q2_edge,q2_amplifier_low_echo,extreme,1400,0.4221,0.1364,0.6481,0.7514,0.2793,0.355,0.7921,0.7364,-0.1186,distractor_capture
4b,degraded_instruct,collapsed_q2_edge,q2_amplifier_low_echo,high,1400,0.4464,0.2093,0.6702,0.7686,0.2471,0.3171,0.535,0.7193,-0.007,cascade
4b,degraded_instruct,collapsed_q2_edge,q2_amplifier_low_echo,low,1400,0.6914,0.4,0.8323,0.8536,0.1264,0.2186,0.3071,0.2093,0.2833,none
4b,degraded_instruct,collapsed_q2_edge,q2_amplifier_low_echo,medium,1400,0.6007,0.3357,0.7759,0.8307,0.175,0.2636,0.3793,0.4114,0.1796,none
4b,degraded_instruct,collapsed_q2_edge,q3_routed_tri_68,extreme,1400,0.105,0.0593,0.3296,0.5907,0.4536,0.0707,0.8036,2.5414,-0.2823,cascade
4b,degraded_instruct,collapsed_q2_edge,q3_routed_tri_68,high,1400,0.1586,0.1129,0.4138,0.6657,0.3586,0.0421,0.5614,2.0086,-0.1485,cascade
4b,degraded_instruct,collapsed_q2_edge,q3_routed_tri_68,low,1400,0.3836,0.2821,0.6623,0.795,0.17,0.0371,0.2843,0.8143,0.1603,none
4b,degraded_instruct,collapsed_q2_edge,q3_routed_tri_68,medium,1400,0.2721,0.2114,0.5328,0.7071,0.265,0.0386,0.3879,1.4736,0.0195,cascade
4b,degraded_instruct,collapsed_q2_edge,q3_stability_tri_72,extreme,1400,0.12,0.06,0.3672,0.6064,0.4536,0.0664,0.8,2.285,-0.2676,cascade
4b,degraded_instruct,collapsed_q2_edge,q3_stability_tri_72,high,1400,0.1971,0.1343,0.4332,0.6736,0.38,0.0307,0.5514,1.8636,-0.1232,cascade
4b,degraded_instruct,collapsed_q2_edge,q3_stability_tri_72,low,1400,0.3779,0.2757,0.66,0.7843,0.1714,0.0293,0.2921,0.8064,0.1547,none
4b,degraded_instruct,collapsed_q2_edge,q3_stability_tri_72,medium,1400,0.3036,0.2364,0.5638,0.7443,0.2486,0.035,0.3943,1.3693,0.0548,cascade
4b,degraded_instruct,collapsed_q2_edge,q4_boundary_pair_72_28,extreme,1400,0.0443,0.0207,0.2034,0.5071,0.6079,0.0643,0.8336,3.2521,-0.4038,cascade
4b,degraded_instruct,collapsed_q2_edge,q4_boundary_pair_72_28,high,1400,0.075,0.045,0.2766,0.5764,0.4843,0.0379,0.5486,2.6443,-0.284,cascade
4b,degraded_instruct,collapsed_q2_edge,q4_boundary_pair_72_28,low,1400,0.1814,0.1293,0.4928,0.7007,0.23,0.0157,0.3014,1.3243,-0.0332,cascade
4b,degraded_instruct,collapsed_q2_edge,q4_boundary_pair_72_28,medium,1400,0.1393,0.1029,0.3862,0.6343,0.3436,0.0229,0.3943,2.08,-0.1403,cascade
4b,degraded_instruct,collapsed_q2_edge,q4_generalist_pair_72_28,extreme,1400,0.0264,0.0179,0.1801,0.5121,0.6071,0.0514,0.84,3.4779,-0.4157,cascade
4b,degraded_instruct,collapsed_q2_edge,q4_generalist_pair_72_28,high,1400,0.0571,0.0407,0.2602,0.5743,0.4736,0.025,0.615,2.7364,-0.2924,cascade
4b,degraded_instruct,collapsed_q2_edge,q4_generalist_pair_72_28,low,1400,0.1671,0.1293,0.494,0.7064,0.2236,0.0114,0.2864,1.3364,-0.0298,cascade
4b,degraded_instruct,collapsed_q2_edge,q4_generalist_pair_72_28,medium,1400,0.1107,0.09,0.3577,0.63,0.3443,0.0136,0.4221,2.2314,-0.1613,cascade
4b,degraded_instruct,damaged_q2,q2_amplifier_low_echo,extreme,1400,0.6507,0.2214,0.7893,0.8357,0.1943,0.3707,0.6607,0.1879,0.0267,distractor_capture
4b,degraded_instruct,damaged_q2,q2_amplifier_low_echo,high,1400,0.7279,0.31,0.8366,0.875,0.1636,0.3207,0.47,0.1364,0.1524,distractor_capture
4b,degraded_instruct,damaged_q2,q2_amplifier_low_echo,low,1400,0.8407,0.4864,0.9079,0.9493,0.105,0.22,0.2771,0.0421,0.3867,none
4b,degraded_instruct,damaged_q2,q2_amplifier_low_echo,medium,1400,0.805,0.4357,0.8809,0.8993,0.1157,0.2629,0.3321,0.0814,0.3178,none
4b,degraded_instruct,damaged_q2,q3_routed_tri_68,extreme,1400,0.4086,0.2164,0.626,0.7543,0.2586,0.085,0.6636,1.1843,0.0096,cascade
4b,degraded_instruct,damaged_q2,q3_routed_tri_68,high,1400,0.4786,0.3493,0.683,0.8143,0.2221,0.0464,0.4079,0.9214,0.1947,none
4b,degraded_instruct,damaged_q2,q3_routed_tri_68,low,1400,0.6979,0.5493,0.8584,0.8936,0.1043,0.0243,0.2179,0.2564,0.4829,none
4b,degraded_instruct,damaged_q2,q3_routed_tri_68,medium,1400,0.605,0.4614,0.7783,0.8564,0.1586,0.0307,0.3114,0.575,0.3541,none
4b,degraded_instruct,damaged_q2,q3_stability_tri_72,extreme,1400,0.455,0.2236,0.6576,0.7864,0.2607,0.0707,0.6521,1.0243,0.0278,distractor_capture
4b,degraded_instruct,damaged_q2,q3_stability_tri_72,high,1400,0.5029,0.3436,0.7004,0.8114,0.215,0.0379,0.4436,0.8264,0.1947,none
4b,degraded_instruct,damaged_q2,q3_stability_tri_72,low,1400,0.7143,0.5429,0.8624,0.8879,0.0971,0.0236,0.2493,0.2364,0.4772,none
4b,degraded_instruct,damaged_q2,q3_stability_tri_72,medium,1400,0.6279,0.4671,0.7899,0.8557,0.1414,0.0379,0.3314,0.5386,0.3637,none
4b,degraded_instruct,damaged_q2,q4_boundary_pair_72_28,extreme,1400,0.2071,0.1043,0.4716,0.6793,0.3607,0.0543,0.6743,1.88,-0.1627,cascade
4b,degraded_instruct,damaged_q2,q4_boundary_pair_72_28,high,1400,0.2979,0.2157,0.5351,0.74,0.2793,0.0407,0.455,1.5443,0.0102,cascade
4b,degraded_instruct,damaged_q2,q4_boundary_pair_72_28,low,1400,0.4464,0.3407,0.7155,0.8243,0.1457,0.0164,0.2507,0.665,0.2404,none
4b,degraded_instruct,damaged_q2,q4_boundary_pair_72_28,medium,1400,0.3936,0.305,0.6224,0.7693,0.2086,0.035,0.3264,1.1743,0.1506,none
4b,degraded_instruct,damaged_q2,q4_generalist_pair_72_28,extreme,1400,0.1643,0.0757,0.4234,0.6814,0.3664,0.0564,0.7614,2.155,-0.2142,cascade
4b,degraded_instruct,damaged_q2,q4_generalist_pair_72_28,high,1400,0.2343,0.175,0.4995,0.7257,0.3021,0.0243,0.4921,1.6779,-0.0438,cascade
4b,degraded_instruct,damaged_q2,q4_generalist_pair_72_28,low,1400,0.4257,0.3236,0.7168,0.8436,0.13,0.0143,0.2579,0.7007,0.2261,none
4b,degraded_instruct,damaged_q2,q4_generalist_pair_72_28,medium,1400,0.325,0.27,0.5993,0.7607,0.2157,0.0186,0.3564,1.2486,0.1106,none
4b,degraded_instruct,damaged_q3,q2_amplifier_low_echo,extreme,1400,0.8221,0.3307,0.8743,0.9807,0.1364,0.3593,0.4714,0.0593,0.1773,distractor_capture
4b,degraded_instruct,damaged_q3,q2_amplifier_low_echo,high,1400,0.8679,0.4557,0.909,0.9879,0.115,0.285,0.3129,0.0414,0.3371,none
4b,degraded_instruct,damaged_q3,q2_amplifier_low_echo,low,1400,0.9014,0.58,0.9372,0.9893,0.0686,0.2057,0.2071,0.0293,0.5002,none
4b,degraded_instruct,damaged_q3,q2_amplifier_low_echo,medium,1400,0.875,0.5257,0.9227,0.9914,0.095,0.2386,0.24,0.0471,0.4279,none
4b,degraded_instruct,damaged_q3,q3_routed_tri_68,extreme,1400,0.835,0.4879,0.9025,0.9586,0.135,0.0857,0.4307,0.0857,0.3915,none
4b,degraded_instruct,damaged_q3,q3_routed_tri_68,high,1400,0.8707,0.62,0.9309,0.9757,0.1043,0.0443,0.2821,0.0607,0.5543,none
4b,degraded_instruct,damaged_q3,q3_routed_tri_68,low,1400,0.9036,0.755,0.9564,0.9886,0.0636,0.0264,0.1514,0.0393,0.7166,none
4b,degraded_instruct,damaged_q3,q3_routed_tri_68,medium,1400,0.8914,0.7093,0.9453,0.9864,0.0907,0.0371,0.195,0.0479,0.6566,none
4b,degraded_instruct,damaged_q3,q3_stability_tri_72,extreme,1400,0.8386,0.5071,0.9046,0.9571,0.1357,0.0693,0.4129,0.0793,0.4156,none
4b,degraded_instruct,damaged_q3,q3_stability_tri_72,high,1400,0.8743,0.6107,0.9295,0.9814,0.1107,0.0371,0.305,0.055,0.5429,none
4b,degraded_instruct,damaged_q3,q3_stability_tri_72,low,1400,0.9129,0.7686,0.9595,0.9886,0.0529,0.0164,0.165,0.0364,0.7344,none
4b,degraded_instruct,damaged_q3,q3_stability_tri_72,medium,1400,0.8879,0.6864,0.9442,0.9914,0.0893,0.0371,0.2179,0.0521,0.6322,none
4b,degraded_instruct,damaged_q3,q4_boundary_pair_72_28,extreme,1400,0.6979,0.4086,0.8266,0.8707,0.1814,0.0764,0.4457,0.3357,0.2864,none
4b,degraded_instruct,damaged_q3,q4_boundary_pair_72_28,high,1400,0.7507,0.5514,0.856,0.9007,0.1336,0.0364,0.315,0.2971,0.464,none
4b,degraded_instruct,damaged_q3,q4_boundary_pair_72_28,low,1400,0.8707,0.7129,0.9361,0.9443,0.0757,0.0214,0.1764,0.055,0.669,none
4b,degraded_instruct,damaged_q3,q4_boundary_pair_72_28,medium,1400,0.8229,0.6471,0.9024,0.9279,0.0943,0.0371,0.2157,0.1786,0.5852,none
4b,degraded_instruct,damaged_q3,q4_generalist_pair_72_28,extreme,1400,0.7607,0.4407,0.8489,0.9293,0.1521,0.0543,0.4914,0.3164,0.3291,none
4b,degraded_instruct,damaged_q3,q4_generalist_pair_72_28,high,1400,0.8021,0.5571,0.8776,0.9493,0.1279,0.0243,0.3257,0.2479,0.4755,none
4b,degraded_instruct,damaged_q3,q4_generalist_pair_72_28,low,1400,0.9,0.7586,0.9556,0.9864,0.0664,0.0121,0.1571,0.035,0.7219,none
4b,degraded_instruct,damaged_q3,q4_generalist_pair_72_28,medium,1400,0.8343,0.6657,0.9136,0.965,0.1129,0.015,0.22,0.1364,0.6044,none
4b,degraded_instruct,damaged_q4,q2_amplifier_low_echo,extreme,1400,0.8714,0.3679,0.8907,0.9893,0.0986,0.3807,0.4,0.0614,0.2271,none
4b,degraded_instruct,damaged_q4,q2_amplifier_low_echo,high,1400,0.8864,0.4579,0.9172,0.9936,0.0836,0.3093,0.285,0.0557,0.3453,none
4b,degraded_instruct,damaged_q4,q2_amplifier_low_echo,low,1400,0.8914,0.5757,0.9356,0.9886,0.0629,0.2314,0.1607,0.0457,0.4954,none
4b,degraded_instruct,damaged_q4,q2_amplifier_low_echo,medium,1400,0.9064,0.5293,0.9309,0.9921,0.0693,0.2707,0.2243,0.0407,0.4344,none
4b,degraded_instruct,damaged_q4,q3_routed_tri_68,extreme,1400,0.9014,0.5914,0.9369,0.99,0.0843,0.0729,0.3364,0.0579,0.5218,none
4b,degraded_instruct,damaged_q4,q3_routed_tri_68,high,1400,0.9014,0.6636,0.9429,0.9929,0.0864,0.0407,0.2671,0.0514,0.6056,none
4b,degraded_instruct,damaged_q4,q3_routed_tri_68,low,1400,0.9321,0.7929,0.9687,0.9907,0.0364,0.0257,0.1286,0.0329,0.7649,none
4b,degraded_instruct,damaged_q4,q3_routed_tri_68,medium,1400,0.925,0.7593,0.9593,0.9936,0.0586,0.0421,0.16,0.0479,0.7181,none
4b,degraded_instruct,damaged_q4,q3_stability_tri_72,extreme,1400,0.9021,0.5907,0.9334,0.9893,0.09,0.0629,0.3614,0.0579,0.5193,none
4b,degraded_instruct,damaged_q4,q3_stability_tri_72,high,1400,0.8971,0.6714,0.9405,0.9893,0.0821,0.0371,0.2579,0.0714,0.6152,none
4b,degraded_instruct,damaged_q4,q3_stability_tri_72,low,1400,0.9271,0.8007,0.9678,0.9921,0.0371,0.025,0.1171,0.0386,0.7733,none
4b,degraded_instruct,damaged_q4,q3_stability_tri_72,medium,1400,0.9307,0.7743,0.9611,0.9921,0.0607,0.0279,0.1557,0.0364,0.7362,none
4b,degraded_instruct,damaged_q4,q4_boundary_pair_72_28,extreme,1400,0.8629,0.5657,0.9202,0.9686,0.115,0.0664,0.3471,0.0707,0.4866,none
4b,degraded_instruct,damaged_q4,q4_boundary_pair_72_28,high,1400,0.875,0.6743,0.9332,0.9714,0.1,0.035,0.2336,0.0671,0.6152,none
4b,degraded_instruct,damaged_q4,q4_boundary_pair_72_28,low,1400,0.9243,0.7907,0.9661,0.9921,0.0479,0.0229,0.1343,0.0293,0.7596,none
4b,degraded_instruct,damaged_q4,q4_boundary_pair_72_28,medium,1400,0.905,0.7393,0.9498,0.9871,0.0779,0.0293,0.1729,0.0536,0.6936,none
4b,degraded_instruct,damaged_q4,q4_generalist_pair_72_28,extreme,1400,0.875,0.5786,0.9245,0.9914,0.1143,0.0493,0.3643,0.0693,0.5018,none
4b,degraded_instruct,damaged_q4,q4_generalist_pair_72_28,high,1400,0.9007,0.6757,0.9432,0.9907,0.085,0.0221,0.2586,0.0536,0.6224,none
4b,degraded_instruct,damaged_q4,q4_generalist_pair_72_28,low,1400,0.9136,0.7864,0.9604,0.9871,0.0543,0.0114,0.1414,0.035,0.7548,none
4b,degraded_instruct,damaged_q4,q4_generalist_pair_72_28,medium,1400,0.92,0.7407,0.9551,0.9864,0.0621,0.0257,0.1836,0.0464,0.6999,none
4b,degraded_instruct,healthy_q6,q2_amplifier_low_echo,extreme,1400,0.8957,0.4343,0.906,0.9886,0.0679,0.3643,0.3036,0.0757,0.313,none
4b,degraded_instruct,healthy_q6,q2_amplifier_low_echo,high,1400,0.9164,0.5036,0.9288,0.9943,0.0629,0.3071,0.2379,0.0486,0.4018,none
4b,degraded_instruct,healthy_q6,q2_amplifier_low_echo,low,1400,0.9264,0.6314,0.9496,0.99,0.0386,0.2086,0.1421,0.0343,0.5651,none
4b,degraded_instruct,healthy_q6,q2_amplifier_low_echo,medium,1400,0.9186,0.5579,0.9364,0.9921,0.0514,0.2771,0.1907,0.0486,0.4693,none
4b,degraded_instruct,healthy_q6,q3_routed_tri_68,extreme,1400,0.935,0.6643,0.9518,0.9907,0.0607,0.0807,0.245,0.0493,0.6079,none
4b,degraded_instruct,healthy_q6,q3_routed_tri_68,high,1400,0.9429,0.7621,0.9619,0.99,0.0479,0.0357,0.1786,0.0443,0.7241,none
4b,degraded_instruct,healthy_q6,q3_routed_tri_68,low,1400,0.9421,0.8257,0.9749,0.9943,0.025,0.0236,0.1014,0.0329,0.8037,none
4b,degraded_instruct,healthy_q6,q3_routed_tri_68,medium,1400,0.9414,0.8057,0.9646,0.99,0.045,0.0343,0.12,0.0521,0.7732,none
4b,degraded_instruct,healthy_q6,q3_stability_tri_72,extreme,1400,0.9164,0.6514,0.9429,0.9914,0.0757,0.0814,0.2621,0.07,0.588,none
4b,degraded_instruct,healthy_q6,q3_stability_tri_72,high,1400,0.9443,0.7557,0.9621,0.9943,0.0486,0.0421,0.1757,0.0493,0.7162,none
4b,degraded_instruct,healthy_q6,q3_stability_tri_72,low,1400,0.9293,0.825,0.9696,0.9879,0.0321,0.0207,0.0986,0.04,0.8013,none
4b,degraded_instruct,healthy_q6,q3_stability_tri_72,medium,1400,0.945,0.8071,0.9668,0.9907,0.0407,0.0357,0.1271,0.0471,0.7753,none
4b,degraded_instruct,healthy_q6,q4_boundary_pair_72_28,extreme,1400,0.915,0.6543,0.9435,0.9936,0.0793,0.0671,0.2593,0.065,0.5931,none
4b,degraded_instruct,healthy_q6,q4_boundary_pair_72_28,high,1400,0.9407,0.7586,0.961,0.9914,0.0486,0.0371,0.1757,0.05,0.72,none
4b,degraded_instruct,healthy_q6,q4_boundary_pair_72_28,low,1400,0.9371,0.8336,0.9717,0.9843,0.0257,0.0229,0.0936,0.0364,0.812,none
4b,degraded_instruct,healthy_q6,q4_boundary_pair_72_28,medium,1400,0.9321,0.7871,0.9617,0.9907,0.0493,0.0329,0.1329,0.0557,0.7524,none
4b,degraded_instruct,healthy_q6,q4_generalist_pair_72_28,extreme,1400,0.9364,0.6993,0.9504,0.9871,0.0564,0.0464,0.2471,0.0657,0.65,none
4b,degraded_instruct,healthy_q6,q4_generalist_pair_72_28,high,1400,0.9329,0.7586,0.9575,0.9936,0.0579,0.0236,0.1836,0.0529,0.7192,none
4b,degraded_instruct,healthy_q6,q4_generalist_pair_72_28,low,1400,0.9329,0.825,0.9708,0.9907,0.0293,0.015,0.1021,0.0393,0.8031,none
4b,degraded_instruct,healthy_q6,q4_generalist_pair_72_28,medium,1400,0.9293,0.8043,0.9614,0.9879,0.0536,0.0179,0.1293,0.0486,0.7719,none
4b,degraded_instruct,healthy_q8,q2_amplifier_low_echo,extreme,1400,0.8986,0.4379,0.9114,0.9893,0.0664,0.3664,0.2907,0.0493,0.3189,none
4b,degraded_instruct,healthy_q8,q2_amplifier_low_echo,high,1400,0.93,0.5157,0.9343,0.9907,0.0443,0.3171,0.2121,0.0507,0.4195,none
4b,degraded_instruct,healthy_q8,q2_amplifier_low_echo,low,1400,0.9243,0.615,0.9487,0.9914,0.0414,0.2257,0.135,0.0329,0.545,none
4b,degraded_instruct,healthy_q8,q2_amplifier_low_echo,medium,1400,0.9207,0.5921,0.9398,0.9921,0.0479,0.2571,0.1529,0.0579,0.5112,none
4b,degraded_instruct,healthy_q8,q3_routed_tri_68,extreme,1400,0.9379,0.6993,0.951,0.9871,0.0557,0.0686,0.2221,0.0707,0.6476,none
4b,degraded_instruct,healthy_q8,q3_routed_tri_68,high,1400,0.9579,0.785,0.9653,0.9871,0.0336,0.0436,0.1636,0.0514,0.7506,none
4b,degraded_instruct,healthy_q8,q3_routed_tri_68,low,1400,0.9543,0.84,0.9767,0.985,0.02,0.03,0.0921,0.0264,0.8193,none
4b,degraded_instruct,healthy_q8,q3_routed_tri_68,medium,1400,0.955,0.8279,0.973,0.9914,0.0286,0.0364,0.1093,0.0414,0.8012,none
4b,degraded_instruct,healthy_q8,q3_stability_tri_72,extreme,1400,0.9514,0.7336,0.9606,0.9907,0.0393,0.075,0.1893,0.0614,0.6886,none
4b,degraded_instruct,healthy_q8,q3_stability_tri_72,high,1400,0.9657,0.785,0.9702,0.9886,0.0257,0.035,0.1707,0.0386,0.7547,none
4b,degraded_instruct,healthy_q8,q3_stability_tri_72,low,1400,0.9464,0.845,0.9754,0.9879,0.0236,0.0264,0.0871,0.03,0.8242,none
4b,degraded_instruct,healthy_q8,q3_stability_tri_72,medium,1400,0.9671,0.8471,0.9741,0.9907,0.0207,0.0293,0.1057,0.0486,0.8242,none
4b,degraded_instruct,healthy_q8,q4_boundary_pair_72_28,extreme,1400,0.9421,0.7179,0.956,0.9879,0.05,0.0643,0.2,0.0614,0.6709,none
4b,degraded_instruct,healthy_q8,q4_boundary_pair_72_28,high,1400,0.955,0.7771,0.9649,0.9893,0.0414,0.0464,0.1564,0.0471,0.7406,none
4b,degraded_instruct,healthy_q8,q4_boundary_pair_72_28,low,1400,0.9379,0.8421,0.9725,0.9843,0.0186,0.0171,0.0914,0.0421,0.8237,none
4b,degraded_instruct,healthy_q8,q4_boundary_pair_72_28,medium,1400,0.9564,0.8414,0.9703,0.9886,0.0293,0.0321,0.0971,0.0543,0.8157,none
4b,degraded_instruct,healthy_q8,q4_generalist_pair_72_28,extreme,1400,0.935,0.7071,0.9531,0.9871,0.0536,0.0557,0.215,0.0657,0.6594,none
4b,degraded_instruct,healthy_q8,q4_generalist_pair_72_28,high,1400,0.9629,0.8079,0.9661,0.9893,0.03,0.0186,0.1557,0.0586,0.7798,none
4b,degraded_instruct,healthy_q8,q4_generalist_pair_72_28,low,1400,0.9443,0.8371,0.9747,0.9914,0.0286,0.0186,0.0971,0.0279,0.8157,none
4b,degraded_instruct,healthy_q8,q4_generalist_pair_72_28,medium,1400,0.9479,0.8414,0.9684,0.9864,0.0314,0.0179,0.1036,0.0543,0.8174,none
4b,degraded_instruct,q8_k_m,q2_amplifier_low_echo,extreme,1400,0.9043,0.4593,0.9138,0.99,0.0629,0.345,0.2771,0.0629,0.3461,none
4b,degraded_instruct,q8_k_m,q2_amplifier_low_echo,high,1400,0.9343,0.5536,0.9367,0.9929,0.0457,0.2957,0.1857,0.0571,0.463,none
4b,degraded_instruct,q8_k_m,q2_amplifier_low_echo,low,1400,0.9207,0.6307,0.9482,0.9843,0.0386,0.225,0.1257,0.035,0.5623,none
4b,degraded_instruct,q8_k_m,q2_amplifier_low_echo,medium,1400,0.9257,0.6029,0.943,0.9886,0.0393,0.2521,0.1486,0.0557,0.526,none
4b,degraded_instruct,q8_k_m,q3_routed_tri_68,extreme,1400,0.9464,0.7107,0.9577,0.9864,0.0457,0.0686,0.2079,0.0543,0.6639,none
4b,degraded_instruct,q8_k_m,q3_routed_tri_68,high,1400,0.96,0.7993,0.9673,0.9857,0.03,0.0407,0.1457,0.0521,0.7679,none
4b,degraded_instruct,q8_k_m,q3_routed_tri_68,low,1400,0.9507,0.8543,0.9785,0.9907,0.0171,0.025,0.0764,0.0314,0.8365,none
4b,degraded_instruct,q8_k_m,q3_routed_tri_68,medium,1400,0.9607,0.8329,0.9706,0.9921,0.0243,0.0307,0.1186,0.0571,0.8071,none
4b,degraded_instruct,q8_k_m,q3_stability_tri_72,extreme,1400,0.9586,0.7329,0.9626,0.9929,0.0336,0.0707,0.195,0.06,0.69,none
4b,degraded_instruct,q8_k_m,q3_stability_tri_72,high,1400,0.9607,0.8014,0.968,0.9879,0.03,0.0343,0.1457,0.0514,0.7713,none
4b,degraded_instruct,q8_k_m,q3_stability_tri_72,low,1400,0.95,0.8429,0.9784,0.9943,0.0157,0.0307,0.0864,0.035,0.8233,none
4b,degraded_instruct,q8_k_m,q3_stability_tri_72,medium,1400,0.9671,0.8529,0.9751,0.9907,0.0221,0.0371,0.09,0.0464,0.8293,none
4b,degraded_instruct,q8_k_m,q4_boundary_pair_72_28,extreme,1400,0.9557,0.7143,0.9609,0.9936,0.0393,0.07,0.21,0.0564,0.6689,none
4b,degraded_instruct,q8_k_m,q4_boundary_pair_72_28,high,1400,0.9586,0.8193,0.9689,0.9871,0.0329,0.03,0.1321,0.0464,0.7905,none
4b,degraded_instruct,q8_k_m,q4_boundary_pair_72_28,low,1400,0.955,0.875,0.9787,0.9879,0.015,0.0186,0.0714,0.0307,0.8595,none
4b,degraded_instruct,q8_k_m,q4_boundary_pair_72_28,medium,1400,0.9614,0.8407,0.9737,0.9879,0.0236,0.0379,0.0957,0.0457,0.8161,none
4b,degraded_instruct,q8_k_m,q4_generalist_pair_72_28,extreme,1400,0.9486,0.7171,0.9557,0.9857,0.0443,0.0507,0.2229,0.0643,0.6727,none
4b,degraded_instruct,q8_k_m,q4_generalist_pair_72_28,high,1400,0.9607,0.805,0.9639,0.985,0.035,0.0207,0.1543,0.0579,0.7751,none
4b,degraded_instruct,q8_k_m,q4_generalist_pair_72_28,low,1400,0.9479,0.8614,0.9765,0.9864,0.015,0.0129,0.085,0.0357,0.8458,none
4b,degraded_instruct,q8_k_m,q4_generalist_pair_72_28,medium,1400,0.9629,0.85,0.9706,0.9893,0.0236,0.0179,0.11,0.0593,0.8276,none
4b,instruct,base_f16,q2_amplifier_low_echo,extreme,1400,0.9093,0.4921,0.9196,0.9914,0.0621,0.3221,0.2407,0.0614,0.3867,none
4b,instruct,base_f16,q2_amplifier_low_echo,high,1400,0.9257,0.565,0.9363,0.9914,0.0479,0.2729,0.1821,0.0643,0.4783,none
4b,instruct,base_f16,q2_amplifier_low_echo,low,1400,0.9279,0.6629,0.9535,0.9914,0.0357,0.1971,0.1114,0.0371,0.6019,none
4b,instruct,base_f16,q2_amplifier_low_echo,medium,1400,0.9421,0.6229,0.9482,0.9907,0.0386,0.2414,0.1457,0.0393,0.5494,none
4b,instruct,base_f16,q3_routed_tri_68,extreme,1400,0.9607,0.7636,0.9658,0.9929,0.035,0.06,0.1679,0.0543,0.7249,none
4b,instruct,base_f16,q3_routed_tri_68,high,1400,0.9636,0.8129,0.971,0.9886,0.0279,0.0436,0.1293,0.0457,0.7832,none
4b,instruct,base_f16,q3_routed_tri_68,low,1400,0.9536,0.8657,0.9792,0.9929,0.0186,0.0136,0.0821,0.0286,0.8494,none
4b,instruct,base_f16,q3_routed_tri_68,medium,1400,0.965,0.86,0.9744,0.9907,0.025,0.0314,0.0871,0.0471,0.8369,none
4b,instruct,base_f16,q3_stability_tri_72,extreme,1400,0.9564,0.7529,0.9621,0.9907,0.0364,0.0536,0.1814,0.0636,0.7135,none
4b,instruct,base_f16,q3_stability_tri_72,high,1400,0.965,0.815,0.9667,0.9886,0.0279,0.0321,0.1293,0.0679,0.7865,none
4b,instruct,base_f16,q3_stability_tri_72,low,1400,0.9507,0.8621,0.9787,0.9914,0.0179,0.0193,0.0807,0.03,0.845,none
4b,instruct,base_f16,q3_stability_tri_72,medium,1400,0.9671,0.8579,0.9745,0.99,0.0193,0.0314,0.0886,0.0529,0.8361,none
4b,instruct,base_f16,q4_boundary_pair_72_28,extreme,1400,0.9636,0.78,0.9659,0.9886,0.0329,0.0536,0.1564,0.0557,0.7441,none
4b,instruct,base_f16,q4_boundary_pair_72_28,high,1400,0.9686,0.8029,0.9688,0.985,0.025,0.0321,0.1521,0.0486,0.7743,none
4b,instruct,base_f16,q4_boundary_pair_72_28,low,1400,0.9471,0.87,0.9765,0.9886,0.0207,0.0086,0.0757,0.0329,0.8544,none
4b,instruct,base_f16,q4_boundary_pair_72_28,medium,1400,0.9664,0.8571,0.9769,0.9929,0.0221,0.0307,0.0864,0.0414,0.8354,none
4b,instruct,base_f16,q4_generalist_pair_72_28,extreme,1400,0.9714,0.7857,0.968,0.9886,0.0221,0.0443,0.1707,0.0571,0.7537,none
4b,instruct,base_f16,q4_generalist_pair_72_28,high,1400,0.9607,0.8193,0.9661,0.9921,0.0336,0.0136,0.1429,0.0607,0.792,none
4b,instruct,base_f16,q4_generalist_pair_72_28,low,1400,0.9486,0.8907,0.9789,0.9936,0.0121,0.0057,0.06,0.0429,0.879,none
4b,instruct,base_f16,q4_generalist_pair_72_28,medium,1400,0.9643,0.8629,0.9756,0.9921,0.0179,0.0164,0.0971,0.0493,0.844,none
4b,instruct,collapsed_q2_edge,q2_amplifier_low_echo,extreme,1400,0.2879,0.0929,0.5353,0.6321,0.295,0.335,0.8386,1.2693,-0.1932,cascade
4b,instruct,collapsed_q2_edge,q2_amplifier_low_echo,high,1400,0.375,0.1829,0.6077,0.7214,0.2729,0.285,0.5521,0.9743,-0.0489,cascade
4b,instruct,collapsed_q2_edge,q2_amplifier_low_echo,low,1400,0.62,0.375,0.7873,0.7943,0.14,0.1836,0.3279,0.3193,0.2541,none
4b,instruct,collapsed_q2_edge,q2_amplifier_low_echo,medium,1400,0.4864,0.2693,0.6973,0.745,0.1871,0.2643,0.4143,0.675,0.0934,none
4b,instruct,collapsed_q2_edge,q3_routed_tri_68,extreme,1400,0.07,0.03,0.2614,0.535,0.5286,0.0664,0.8364,2.8957,-0.3536,cascade
4b,instruct,collapsed_q2_edge,q3_routed_tri_68,high,1400,0.1064,0.0729,0.3378,0.6071,0.4314,0.0321,0.5586,2.305,-0.2229,cascade
4b,instruct,collapsed_q2_edge,q3_routed_tri_68,low,1400,0.2457,0.1986,0.5753,0.7179,0.1807,0.0193,0.2507,1.0721,0.0668,classification_miss
4b,instruct,collapsed_q2_edge,q3_routed_tri_68,medium,1400,0.1836,0.1621,0.4554,0.6521,0.3043,0.0286,0.3814,1.7636,-0.0536,cascade
4b,instruct,collapsed_q2_edge,q3_stability_tri_72,extreme,1400,0.0714,0.0336,0.2727,0.5364,0.5179,0.0564,0.8443,2.7764,-0.3394,cascade
4b,instruct,collapsed_q2_edge,q3_stability_tri_72,high,1400,0.1221,0.0829,0.3634,0.5993,0.41,0.0286,0.5857,2.1679,-0.2011,cascade
4b,instruct,collapsed_q2_edge,q3_stability_tri_72,low,1400,0.2657,0.1907,0.5898,0.7479,0.1943,0.0179,0.3171,1.0057,0.0532,cascade
4b,instruct,collapsed_q2_edge,q3_stability_tri_72,medium,1400,0.1993,0.1557,0.4697,0.6643,0.3064,0.0329,0.4093,1.6807,-0.0596,cascade
4b,instruct,collapsed_q2_edge,q4_boundary_pair_72_28,extreme,1400,0.0264,0.0164,0.1455,0.4471,0.6779,0.0436,0.8193,3.6236,-0.4424,cascade
4b,instruct,collapsed_q2_edge,q4_boundary_pair_72_28,high,1400,0.0529,0.035,0.225,0.5243,0.5614,0.0207,0.5586,2.8443,-0.3245,cascade
4b,instruct,collapsed_q2_edge,q4_boundary_pair_72_28,low,1400,0.1436,0.1114,0.4535,0.6571,0.2443,0.015,0.2929,1.4364,-0.0601,cascade
4b,instruct,collapsed_q2_edge,q4_boundary_pair_72_28,medium,1400,0.1043,0.0893,0.3293,0.5671,0.38,0.0207,0.375,2.2921,-0.1735,cascade
4b,instruct,collapsed_q2_edge,q4_generalist_pair_72_28,extreme,1400,0.0221,0.0114,0.1381,0.44,0.6471,0.0386,0.9129,3.8,-0.4535,cascade
4b,instruct,collapsed_q2_edge,q4_generalist_pair_72_28,high,1400,0.035,0.0264,0.198,0.5193,0.5271,0.0143,0.5843,3.0657,-0.3346,cascade
4b,instruct,collapsed_q2_edge,q4_generalist_pair_72_28,low,1400,0.1286,0.0993,0.4313,0.6664,0.2429,0.0079,0.3186,1.5364,-0.0775,cascade
4b,instruct,collapsed_q2_edge,q4_generalist_pair_72_28,medium,1400,0.0786,0.0643,0.2994,0.5957,0.4071,0.0129,0.4157,2.4536,-0.2164,cascade
4b,instruct,damaged_q2,q2_amplifier_low_echo,extreme,1400,0.5814,0.21,0.7425,0.7807,0.2164,0.3529,0.6757,0.3593,0.0025,distractor_capture
4b,instruct,damaged_q2,q2_amplifier_low_echo,high,1400,0.6507,0.2836,0.7891,0.8243,0.1779,0.29,0.52,0.295,0.1159,distractor_capture
4b,instruct,damaged_q2,q2_amplifier_low_echo,low,1400,0.825,0.5171,0.8979,0.9057,0.0979,0.2071,0.26,0.0586,0.4226,none
4b,instruct,damaged_q2,q2_amplifier_low_echo,medium,1400,0.7557,0.4221,0.8538,0.8386,0.1329,0.2371,0.3393,0.13,0.3012,none
4b,instruct,damaged_q2,q3_routed_tri_68,extreme,1400,0.2829,0.135,0.532,0.7114,0.3143,0.0721,0.7007,1.6043,-0.11,cascade
4b,instruct,damaged_q2,q3_routed_tri_68,high,1400,0.355,0.2457,0.5966,0.77,0.2486,0.0271,0.4814,1.2679,0.0638,cascade
4b,instruct,damaged_q2,q3_routed_tri_68,low,1400,0.5836,0.4429,0.7997,0.86,0.1186,0.0179,0.2529,0.4243,0.3623,none
4b,instruct,damaged_q2,q3_routed_tri_68,medium,1400,0.4936,0.375,0.7015,0.8064,0.1793,0.0286,0.3429,0.8643,0.2449,none
4b,instruct,damaged_q2,q3_stability_tri_72,extreme,1400,0.345,0.1679,0.5755,0.7393,0.3021,0.0579,0.6993,1.3936,-0.06,cascade
4b,instruct,damaged_q2,q3_stability_tri_72,high,1400,0.4193,0.2871,0.6342,0.7786,0.2264,0.03,0.4729,1.1121,0.1198,none
4b,instruct,damaged_q2,q3_stability_tri_72,low,1400,0.6079,0.4593,0.8113,0.8557,0.1264,0.0129,0.2536,0.3664,0.3802,none
4b,instruct,damaged_q2,q3_stability_tri_72,medium,1400,0.5286,0.3964,0.7273,0.8143,0.1557,0.0329,0.3371,0.7836,0.277,none
4b,instruct,damaged_q2,q4_boundary_pair_72_28,extreme,1400,0.1543,0.0821,0.4036,0.645,0.3893,0.0471,0.6993,2.2236,-0.2112,cascade
4b,instruct,damaged_q2,q4_boundary_pair_72_28,high,1400,0.23,0.1729,0.4752,0.6971,0.315,0.0264,0.4621,1.79,-0.0534,cascade
4b,instruct,damaged_q2,q4_boundary_pair_72_28,low,1400,0.3607,0.2786,0.6754,0.8014,0.1307,0.0136,0.2479,0.8179,0.1759,none
4b,instruct,damaged_q2,q4_boundary_pair_72_28,medium,1400,0.3214,0.2686,0.5726,0.7307,0.2243,0.0257,0.345,1.3786,0.0996,none
4b,instruct,damaged_q2,q4_generalist_pair_72_28,extreme,1400,0.13,0.0686,0.3658,0.6264,0.4014,0.0379,0.7443,2.4764,-0.2428,cascade
4b,instruct,damaged_q2,q4_generalist_pair_72_28,high,1400,0.2043,0.1543,0.4624,0.695,0.3043,0.0186,0.4921,1.8607,-0.0731,cascade
4b,instruct,damaged_q2,q4_generalist_pair_72_28,low,1400,0.3386,0.2493,0.649,0.7821,0.1443,0.0036,0.2714,0.8893,0.1391,none
4b,instruct,damaged_q2,q4_generalist_pair_72_28,medium,1400,0.2764,0.2186,0.5432,0.7221,0.2164,0.0114,0.3671,1.5179,0.0461,none
4b,instruct,damaged_q3,q2_amplifier_low_echo,extreme,1400,0.8007,0.3329,0.8644,0.9321,0.1364,0.3186,0.5171,0.0586,0.1839,distractor_capture
4b,instruct,damaged_q3,q2_amplifier_low_echo,high,1400,0.8357,0.4471,0.8981,0.9729,0.1271,0.2757,0.3571,0.0493,0.3228,none
4b,instruct,damaged_q3,q2_amplifier_low_echo,low,1400,0.9014,0.5829,0.9376,0.9914,0.0679,0.2071,0.2057,0.0314,0.503,none
4b,instruct,damaged_q3,q2_amplifier_low_echo,medium,1400,0.875,0.4943,0.9176,0.9793,0.0914,0.2421,0.2993,0.0436,0.3923,none
4b,instruct,damaged_q3,q3_routed_tri_68,extreme,1400,0.7857,0.4793,0.8748,0.9121,0.1514,0.0643,0.4393,0.1593,0.3779,none
4b,instruct,damaged_q3,q3_routed_tri_68,high,1400,0.8343,0.5886,0.9058,0.9329,0.1157,0.0221,0.3193,0.11,0.5184,none
4b,instruct,damaged_q3,q3_routed_tri_68,low,1400,0.915,0.7621,0.9601,0.9843,0.055,0.0107,0.1643,0.0293,0.7289,none
4b,instruct,damaged_q3,q3_routed_tri_68,medium,1400,0.8693,0.6493,0.9307,0.9586,0.0979,0.0293,0.2514,0.0579,0.5911,none
4b,instruct,damaged_q3,q3_stability_tri_72,extreme,1400,0.8021,0.4764,0.8855,0.9121,0.1421,0.0543,0.4436,0.1136,0.3818,none
4b,instruct,damaged_q3,q3_stability_tri_72,high,1400,0.8386,0.5929,0.9114,0.9386,0.1129,0.0293,0.3193,0.09,0.5231,none
4b,instruct,damaged_q3,q3_stability_tri_72,low,1400,0.9064,0.75,0.9562,0.9864,0.0557,0.0121,0.1686,0.0421,0.7153,none
4b,instruct,damaged_q3,q3_stability_tri_72,medium,1400,0.8757,0.6857,0.9344,0.9579,0.0871,0.0257,0.2157,0.0686,0.6337,none
4b,instruct,damaged_q3,q4_boundary_pair_72_28,extreme,1400,0.685,0.4379,0.8028,0.8593,0.1721,0.04,0.4436,0.4921,0.3181,none
4b,instruct,damaged_q3,q4_boundary_pair_72_28,high,1400,0.7043,0.5364,0.8256,0.8871,0.1386,0.0271,0.2879,0.4386,0.4445,none
4b,instruct,damaged_q3,q4_boundary_pair_72_28,low,1400,0.8379,0.6943,0.918,0.9229,0.0757,0.0121,0.1757,0.1064,0.6498,none
4b,instruct,damaged_q3,q4_boundary_pair_72_28,medium,1400,0.7693,0.6279,0.8732,0.8943,0.1043,0.0243,0.2064,0.2729,0.5616,none
4b,instruct,damaged_q3,q4_generalist_pair_72_28,extreme,1400,0.6443,0.3814,0.7728,0.8771,0.1771,0.0471,0.4914,0.6636,0.2464,none
4b,instruct,damaged_q3,q4_generalist_pair_72_28,high,1400,0.7029,0.5207,0.8242,0.9057,0.1393,0.0207,0.3371,0.4529,0.4252,none
4b,instruct,damaged_q3,q4_generalist_pair_72_28,low,1400,0.8479,0.6964,0.9297,0.9586,0.07,0.0057,0.1757,0.0993,0.6553,none
4b,instruct,damaged_q3,q4_generalist_pair_72_28,medium,1400,0.795,0.6379,0.8859,0.935,0.0979,0.015,0.225,0.2564,0.5747,none
4b,instruct,damaged_q4,q2_amplifier_low_echo,extreme,1400,0.8557,0.3571,0.8875,0.99,0.11,0.3729,0.4093,0.0586,0.2139,none
4b,instruct,damaged_q4,q2_amplifier_low_echo,high,1400,0.885,0.4729,0.9192,0.9921,0.0886,0.2821,0.2829,0.0479,0.3648,none
4b,instruct,damaged_q4,q2_amplifier_low_echo,low,1400,0.9107,0.5907,0.9418,0.9943,0.0586,0.2086,0.1843,0.0329,0.515,none
4b,instruct,damaged_q4,q2_amplifier_low_echo,medium,1400,0.8929,0.5414,0.9269,0.9907,0.0786,0.2579,0.2057,0.0571,0.447,none
4b,instruct,damaged_q4,q3_routed_tri_68,extreme,1400,0.8993,0.5964,0.934,0.99,0.0929,0.0607,0.345,0.0557,0.526,none
4b,instruct,damaged_q4,q3_routed_tri_68,high,1400,0.9171,0.6821,0.9483,0.9914,0.0664,0.03,0.2664,0.055,0.6321,none
4b,instruct,damaged_q4,q3_routed_tri_68,low,1400,0.925,0.7793,0.9663,0.9921,0.0421,0.0236,0.1443,0.0321,0.7488,none
4b,instruct,damaged_q4,q3_routed_tri_68,medium,1400,0.9143,0.73,0.9541,0.9971,0.0736,0.03,0.1871,0.0457,0.6847,none
4b,instruct,damaged_q4,q3_stability_tri_72,extreme,1400,0.8921,0.5707,0.9307,0.9893,0.0986,0.06,0.36,0.0593,0.4974,none
4b,instruct,damaged_q4,q3_stability_tri_72,high,1400,0.9157,0.69,0.947,0.9886,0.0721,0.0193,0.2579,0.0529,0.6412,none
4b,instruct,damaged_q4,q3_stability_tri_72,low,1400,0.9257,0.7921,0.9673,0.9964,0.045,0.0186,0.1329,0.0307,0.7628,none
4b,instruct,damaged_q4,q3_stability_tri_72,medium,1400,0.9221,0.7543,0.9536,0.9857,0.0636,0.0293,0.1793,0.0543,0.7123,none
4b,instruct,damaged_q4,q4_boundary_pair_72_28,extreme,1400,0.8579,0.5693,0.9126,0.9421,0.1029,0.0486,0.3557,0.1007,0.4952,none
4b,instruct,damaged_q4,q4_boundary_pair_72_28,high,1400,0.8514,0.6486,0.9185,0.9457,0.1114,0.025,0.2471,0.0914,0.5858,none
4b,instruct,damaged_q4,q4_boundary_pair_72_28,low,1400,0.9129,0.7807,0.9605,0.9814,0.05,0.0107,0.1443,0.035,0.7503,none
4b,instruct,damaged_q4,q4_boundary_pair_72_28,medium,1400,0.9164,0.7429,0.9505,0.9693,0.0586,0.025,0.1864,0.055,0.7026,none
4b,instruct,damaged_q4,q4_generalist_pair_72_28,extreme,1400,0.8557,0.5543,0.915,0.9736,0.1171,0.035,0.395,0.0857,0.4763,none
4b,instruct,damaged_q4,q4_generalist_pair_72_28,high,1400,0.8936,0.6436,0.9382,0.9864,0.0864,0.0114,0.3014,0.0564,0.5884,none
4b,instruct,damaged_q4,q4_generalist_pair_72_28,low,1400,0.9179,0.7893,0.9642,0.9929,0.0429,0.005,0.145,0.04,0.7618,none
4b,instruct,damaged_q4,q4_generalist_pair_72_28,medium,1400,0.9179,0.73,0.9517,0.9936,0.0643,0.0129,0.2114,0.0593,0.6883,none
4b,instruct,healthy_q6,q2_amplifier_low_echo,extreme,1400,0.8829,0.415,0.904,0.9907,0.0921,0.3393,0.3214,0.0514,0.2912,none
4b,instruct,healthy_q6,q2_amplifier_low_echo,high,1400,0.9071,0.5393,0.9278,0.9921,0.0736,0.2743,0.2093,0.0579,0.4427,none
4b,instruct,healthy_q6,q2_amplifier_low_echo,low,1400,0.915,0.6271,0.9464,0.99,0.0507,0.1986,0.1607,0.0314,0.5578,none
4b,instruct,healthy_q6,q2_amplifier_low_echo,medium,1400,0.9171,0.5679,0.9361,0.99,0.0607,0.2564,0.1864,0.045,0.4812,none
4b,instruct,healthy_q6,q3_routed_tri_68,extreme,1400,0.9343,0.655,0.9487,0.9921,0.0621,0.0593,0.2757,0.0571,0.5996,none
4b,instruct,healthy_q6,q3_routed_tri_68,high,1400,0.9293,0.7636,0.9577,0.9936,0.0586,0.035,0.1743,0.0543,0.7223,none
4b,instruct,healthy_q6,q3_routed_tri_68,low,1400,0.9336,0.8307,0.972,0.9929,0.0307,0.0143,0.1043,0.0357,0.8085,none
4b,instruct,healthy_q6,q3_routed_tri_68,medium,1400,0.9321,0.7979,0.9617,0.9857,0.0486,0.0264,0.135,0.0514,0.7646,none
4b,instruct,healthy_q6,q3_stability_tri_72,extreme,1400,0.9314,0.6821,0.9497,0.9914,0.0636,0.0557,0.2521,0.0593,0.6288,none
4b,instruct,healthy_q6,q3_stability_tri_72,high,1400,0.9357,0.7529,0.9581,0.9914,0.055,0.0343,0.1843,0.0521,0.7122,none
4b,instruct,healthy_q6,q3_stability_tri_72,low,1400,0.9314,0.8314,0.971,0.9929,0.0286,0.015,0.0993,0.0421,0.8098,none
4b,instruct,healthy_q6,q3_stability_tri_72,medium,1400,0.9357,0.7907,0.9637,0.9871,0.05,0.0243,0.1407,0.0386,0.7577,none
4b,instruct,healthy_q6,q4_boundary_pair_72_28,extreme,1400,0.9193,0.6643,0.9457,0.9914,0.0721,0.0543,0.2643,0.0621,0.6075,none
4b,instruct,healthy_q6,q4_boundary_pair_72_28,high,1400,0.94,0.755,0.9573,0.9843,0.0507,0.0271,0.1807,0.0564,0.7171,none
4b,instruct,healthy_q6,q4_boundary_pair_72_28,low,1400,0.94,0.8336,0.9728,0.9907,0.0329,0.0179,0.0986,0.0286,0.8108,none
4b,instruct,healthy_q6,q4_boundary_pair_72_28,medium,1400,0.9371,0.81,0.9654,0.9921,0.045,0.02,0.1236,0.0493,0.7802,none
4b,instruct,healthy_q6,q4_generalist_pair_72_28,extreme,1400,0.9207,0.6736,0.9466,0.9964,0.0721,0.0386,0.2707,0.0614,0.6195,none
4b,instruct,healthy_q6,q4_generalist_pair_72_28,high,1400,0.9386,0.7471,0.9582,0.9914,0.0521,0.0157,0.2029,0.05,0.7096,none
4b,instruct,healthy_q6,q4_generalist_pair_72_28,low,1400,0.9236,0.8079,0.9676,0.9907,0.0336,0.0071,0.1186,0.0421,0.7848,none
4b,instruct,healthy_q6,q4_generalist_pair_72_28,medium,1400,0.9321,0.7971,0.9618,0.99,0.0529,0.0114,0.1464,0.0443,0.7651,none
4b,instruct,healthy_q8,q2_amplifier_low_echo,extreme,1400,0.895,0.4443,0.9093,0.9936,0.0757,0.355,0.2786,0.0636,0.3251,none
4b,instruct,healthy_q8,q2_amplifier_low_echo,high,1400,0.9279,0.5343,0.9342,0.99,0.055,0.2943,0.2114,0.0429,0.4399,none
4b,instruct,healthy_q8,q2_amplifier_low_echo,low,1400,0.9329,0.6493,0.9512,0.9886,0.0393,0.22,0.1207,0.03,0.5823,none
4b,instruct,healthy_q8,q2_amplifier_low_echo,medium,1400,0.9207,0.5957,0.9406,0.99,0.0571,0.2429,0.1521,0.0457,0.5155,none
4b,instruct,healthy_q8,q3_routed_tri_68,extreme,1400,0.94,0.7064,0.9541,0.9914,0.0571,0.0586,0.2136,0.0607,0.6575,none
4b,instruct,healthy_q8,q3_routed_tri_68,high,1400,0.9629,0.795,0.9687,0.9893,0.0314,0.0379,0.1557,0.0436,0.7634,none
4b,instruct,healthy_q8,q3_routed_tri_68,low,1400,0.9364,0.8271,0.9725,0.9893,0.0236,0.0236,0.1043,0.0379,0.8051,none
4b,instruct,healthy_q8,q3_routed_tri_68,medium,1400,0.96,0.8286,0.9737,0.9921,0.025,0.0307,0.1157,0.0414,0.8036,none
4b,instruct,healthy_q8,q3_stability_tri_72,extreme,1400,0.9421,0.7186,0.9545,0.9886,0.0507,0.0571,0.22,0.0629,0.6712,none
4b,instruct,healthy_q8,q3_stability_tri_72,high,1400,0.9514,0.7864,0.9628,0.9907,0.0379,0.0221,0.1714,0.0593,0.754,none
4b,instruct,healthy_q8,q3_stability_tri_72,low,1400,0.9421,0.8421,0.9735,0.9893,0.025,0.0171,0.0964,0.0343,0.8218,none
4b,instruct,healthy_q8,q3_stability_tri_72,medium,1400,0.955,0.8336,0.9695,0.9914,0.0357,0.0236,0.1136,0.0471,0.8067,none
4b,instruct,healthy_q8,q4_boundary_pair_72_28,extreme,1400,0.9486,0.7293,0.9586,0.9886,0.0429,0.0479,0.2114,0.0557,0.6872,none
4b,instruct,healthy_q8,q4_boundary_pair_72_28,high,1400,0.9443,0.7829,0.9602,0.9929,0.0529,0.0193,0.1643,0.0536,0.7473,none
4b,instruct,healthy_q8,q4_boundary_pair_72_28,low,1400,0.9436,0.8636,0.9745,0.9864,0.0243,0.0093,0.0764,0.0343,0.8466,none
4b,instruct,healthy_q8,q4_boundary_pair_72_28,medium,1400,0.9593,0.84,0.9715,0.9943,0.0307,0.0214,0.1136,0.0471,0.8151,none
4b,instruct,healthy_q8,q4_generalist_pair_72_28,extreme,1400,0.9393,0.735,0.9551,0.9857,0.0529,0.0443,0.2064,0.06,0.6908,none
4b,instruct,healthy_q8,q4_generalist_pair_72_28,high,1400,0.95,0.7986,0.963,0.99,0.0407,0.0121,0.1629,0.0557,0.7681,none
4b,instruct,healthy_q8,q4_generalist_pair_72_28,low,1400,0.9421,0.8536,0.9744,0.9929,0.0243,0.0036,0.09,0.0357,0.8366,none
4b,instruct,healthy_q8,q4_generalist_pair_72_28,medium,1400,0.95,0.8407,0.9693,0.9864,0.0393,0.0093,0.1121,0.0371,0.8162,none
4b,instruct,q8_k_m,q2_amplifier_low_echo,extreme,1400,0.91,0.4721,0.9166,0.9929,0.06,0.3421,0.2657,0.0607,0.3614,none
4b,instruct,q8_k_m,q2_amplifier_low_echo,high,1400,0.9243,0.5443,0.9338,0.9929,0.0529,0.2779,0.2164,0.0557,0.4528,none
4b,instruct,q8_k_m,q2_amplifier_low_echo,low,1400,0.9071,0.63,0.9438,0.9871,0.05,0.2086,0.1379,0.0407,0.5602,none
4b,instruct,q8_k_m,q2_amplifier_low_echo,medium,1400,0.9186,0.5807,0.9387,0.9893,0.0543,0.2643,0.1657,0.045,0.4961,none
4b,instruct,q8_k_m,q3_routed_tri_68,extreme,1400,0.9521,0.73,0.9612,0.9943,0.0436,0.065,0.1936,0.0529,0.6858,none
4b,instruct,q8_k_m,q3_routed_tri_68,high,1400,0.9514,0.7914,0.9669,0.995,0.0414,0.0314,0.1486,0.0457,0.7585,none
4b,instruct,q8_k_m,q3_routed_tri_68,low,1400,0.9436,0.8493,0.9747,0.9914,0.0207,0.0157,0.0893,0.0379,0.8309,none
4b,instruct,q8_k_m,q3_routed_tri_68,medium,1400,0.9614,0.8393,0.9721,0.9829,0.0214,0.0286,0.1064,0.0479,0.8162,none
4b,instruct,q8_k_m,q3_stability_tri_72,extreme,1400,0.9493,0.735,0.9573,0.9914,0.0436,0.0571,0.2043,0.0707,0.6906,none
4b,instruct,q8_k_m,q3_stability_tri_72,high,1400,0.9579,0.8057,0.967,0.9871,0.0357,0.0307,0.1421,0.0479,0.7751,none
4b,instruct,q8_k_m,q3_stability_tri_72,low,1400,0.9471,0.8479,0.974,0.985,0.0221,0.0114,0.0957,0.0321,0.8297,none
4b,instruct,q8_k_m,q3_stability_tri_72,medium,1400,0.9629,0.8457,0.9743,0.9943,0.0257,0.025,0.1029,0.045,0.8225,none
4b,instruct,q8_k_m,q4_boundary_pair_72_28,extreme,1400,0.9593,0.7243,0.9603,0.9893,0.0329,0.0529,0.2243,0.0593,0.6829,none
4b,instruct,q8_k_m,q4_boundary_pair_72_28,high,1400,0.9514,0.7907,0.9668,0.995,0.0407,0.0271,0.1571,0.0443,0.7583,none
4b,instruct,q8_k_m,q4_boundary_pair_72_28,low,1400,0.9464,0.85,0.9749,0.9857,0.0157,0.0136,0.0907,0.0393,0.8334,none
4b,instruct,q8_k_m,q4_boundary_pair_72_28,medium,1400,0.96,0.8621,0.9724,0.9907,0.0286,0.0221,0.0886,0.05,0.8396,none
4b,instruct,q8_k_m,q4_generalist_pair_72_28,extreme,1400,0.9507,0.7264,0.957,0.9864,0.0421,0.0307,0.235,0.0593,0.6859,none
4b,instruct,q8_k_m,q4_generalist_pair_72_28,high,1400,0.96,0.8079,0.9648,0.9886,0.03,0.01,0.1621,0.0636,0.7807,none
4b,instruct,q8_k_m,q4_generalist_pair_72_28,low,1400,0.9529,0.8664,0.977,0.9864,0.0157,0.0093,0.0857,0.0329,0.8514,none
4b,instruct,q8_k_m,q4_generalist_pair_72_28,medium,1400,0.9471,0.8279,0.9652,0.9843,0.0407,0.0221,0.1114,0.0521,0.7997,none
9b,base,base_f16,q2_amplifier_low_echo,extreme,1400,0.9279,0.4807,0.9202,0.9886,0.0493,0.3686,0.2193,0.055,0.3719,none
9b,base,base_f16,q2_amplifier_low_echo,high,1400,0.9264,0.5671,0.9381,0.99,0.0436,0.3014,0.1721,0.0521,0.4774,none
9b,base,base_f16,q2_amplifier_low_echo,low,1400,0.93,0.66,0.9521,0.99,0.04,0.2193,0.11,0.0286,0.5939,none
9b,base,base_f16,q2_amplifier_low_echo,medium,1400,0.935,0.615,0.9457,0.9893,0.0443,0.2579,0.1279,0.0414,0.5378,none
9b,base,base_f16,q3_routed_tri_68,extreme,1400,0.9621,0.7764,0.9677,0.9957,0.035,0.0714,0.1429,0.0543,0.7375,none
9b,base,base_f16,q3_routed_tri_68,high,1400,0.9736,0.8357,0.9751,0.99,0.0193,0.0336,0.1193,0.0436,0.8115,none
9b,base,base_f16,q3_routed_tri_68,low,1400,0.9521,0.8679,0.9794,0.9921,0.0107,0.0236,0.0729,0.0379,0.8522,none
9b,base,base_f16,q3_routed_tri_68,medium,1400,0.975,0.8664,0.9792,0.9871,0.0157,0.0357,0.08,0.0357,0.8464,none
9b,base,base_f16,q3_stability_tri_72,extreme,1400,0.9743,0.77,0.9675,0.9857,0.0214,0.0757,0.1607,0.0579,0.7327,none
9b,base,base_f16,q3_stability_tri_72,high,1400,0.9729,0.825,0.9717,0.9893,0.0186,0.0343,0.1321,0.0564,0.7992,none
9b,base,base_f16,q3_stability_tri_72,low,1400,0.9486,0.8693,0.9785,0.9864,0.0114,0.0221,0.065,0.0379,0.8543,none
9b,base,base_f16,q3_stability_tri_72,medium,1400,0.9743,0.8879,0.9785,0.9879,0.0164,0.0214,0.0736,0.0414,0.8707,none
9b,base,base_f16,q4_boundary_pair_72_28,extreme,1400,0.9686,0.7857,0.9679,0.9893,0.0229,0.0557,0.1536,0.065,0.7522,none
9b,base,base_f16,q4_boundary_pair_72_28,high,1400,0.9757,0.8536,0.9746,0.9864,0.0164,0.025,0.1114,0.05,0.8322,none
9b,base,base_f16,q4_boundary_pair_72_28,low,1400,0.9457,0.8821,0.9782,0.9907,0.0129,0.0193,0.0507,0.0436,0.8682,none
9b,base,base_f16,q4_boundary_pair_72_28,medium,1400,0.9721,0.88,0.9796,0.9929,0.0121,0.0293,0.0693,0.0486,0.8625,none
9b,base,base_f16,q4_generalist_pair_72_28,extreme,1400,0.97,0.8029,0.9683,0.9893,0.0243,0.0429,0.1521,0.0614,0.7718,none
9b,base,base_f16,q4_generalist_pair_72_28,high,1400,0.9664,0.86,0.9731,0.9857,0.0243,0.015,0.1071,0.0457,0.8389,none
9b,base,base_f16,q4_generalist_pair_72_28,low,1400,0.9493,0.8743,0.9775,0.9871,0.0179,0.0079,0.0707,0.0321,0.8601,none
9b,base,base_f16,q4_generalist_pair_72_28,medium,1400,0.9729,0.8929,0.978,0.9936,0.015,0.0121,0.0757,0.0507,0.8773,none
9b,base,collapsed_q2_edge,q2_amplifier_low_echo,extreme,1400,0.5429,0.1814,0.723,0.7957,0.2236,0.395,0.715,0.4436,-0.044,distractor_capture
9b,base,collapsed_q2_edge,q2_amplifier_low_echo,high,1400,0.59,0.2964,0.7599,0.8264,0.1843,0.3043,0.4636,0.4464,0.1209,none
9b,base,collapsed_q2_edge,q2_amplifier_low_echo,low,1400,0.8136,0.5,0.8949,0.9086,0.0971,0.2079,0.2764,0.0679,0.4038,none
9b,base,collapsed_q2_edge,q2_amplifier_low_echo,medium,1400,0.7064,0.3836,0.8369,0.8764,0.1421,0.2764,0.3321,0.225,0.2478,none
9b,base,collapsed_q2_edge,q3_routed_tri_68,extreme,1400,0.2371,0.1164,0.4912,0.7086,0.3507,0.0629,0.6857,1.8136,-0.1469,cascade
9b,base,collapsed_q2_edge,q3_routed_tri_68,high,1400,0.3064,0.2157,0.555,0.785,0.2957,0.0371,0.4786,1.4457,0.009,cascade
9b,base,collapsed_q2_edge,q3_routed_tri_68,low,1400,0.4771,0.3529,0.7529,0.8736,0.1521,0.0243,0.2429,0.5643,0.2547,none
9b,base,collapsed_q2_edge,q3_routed_tri_68,medium,1400,0.4386,0.3371,0.6631,0.8329,0.195,0.0379,0.34,1.0629,0.1907,none
9b,base,collapsed_q2_edge,q3_stability_tri_72,extreme,1400,0.2643,0.1279,0.5095,0.7243,0.3471,0.065,0.7193,1.7,-0.1318,cascade
9b,base,collapsed_q2_edge,q3_stability_tri_72,high,1400,0.3214,0.2314,0.558,0.7607,0.2807,0.0364,0.4729,1.43,0.0306,cascade
9b,base,collapsed_q2_edge,q3_stability_tri_72,low,1400,0.5386,0.4114,0.778,0.8657,0.1121,0.0121,0.2564,0.5114,0.3293,none
9b,base,collapsed_q2_edge,q3_stability_tri_72,medium,1400,0.4536,0.3507,0.6765,0.8171,0.1807,0.0257,0.3607,0.9821,0.2134,none
9b,base,collapsed_q2_edge,q4_boundary_pair_72_28,extreme,1400,0.1029,0.0543,0.3271,0.6029,0.4657,0.0714,0.7286,2.595,-0.2878,cascade
9b,base,collapsed_q2_edge,q4_boundary_pair_72_28,high,1400,0.1586,0.105,0.3827,0.6693,0.3836,0.0321,0.4929,2.1707,-0.1645,cascade
9b,base,collapsed_q2_edge,q4_boundary_pair_72_28,low,1400,0.2814,0.2179,0.6017,0.7807,0.1764,0.0164,0.24,1.0393,0.0905,none
9b,base,collapsed_q2_edge,q4_boundary_pair_72_28,medium,1400,0.2657,0.2186,0.5066,0.7164,0.2557,0.0293,0.3464,1.66,0.0253,cascade
9b,base,collapsed_q2_edge,q4_generalist_pair_72_28,extreme,1400,0.0707,0.0393,0.287,0.6114,0.4843,0.055,0.8107,2.8393,-0.3238,cascade
9b,base,collapsed_q2_edge,q4_generalist_pair_72_28,high,1400,0.1229,0.0936,0.3678,0.6521,0.3593,0.0171,0.5121,2.2779,-0.1725,cascade
9b,base,collapsed_q2_edge,q4_generalist_pair_72_28,low,1400,0.2536,0.1771,0.5901,0.7779,0.1657,0.0064,0.29,1.0764,0.0491,low_score
9b,base,collapsed_q2_edge,q4_generalist_pair_72_28,medium,1400,0.2107,0.1664,0.4806,0.7364,0.2514,0.0236,0.3836,1.79,-0.0339,primitive_gap
9b,base,damaged_q2,q2_amplifier_low_echo,extreme,1400,0.7471,0.2579,0.8355,0.8971,0.1521,0.3607,0.635,0.0843,0.0851,distractor_capture
9b,base,damaged_q2,q2_amplifier_low_echo,high,1400,0.7964,0.3636,0.8727,0.935,0.1429,0.2936,0.4371,0.075,0.2233,none
9b,base,damaged_q2,q2_amplifier_low_echo,low,1400,0.9071,0.5607,0.9374,0.9914,0.0664,0.2029,0.2321,0.0264,0.4803,none
9b,base,damaged_q2,q2_amplifier_low_echo,medium,1400,0.8414,0.4471,0.902,0.9614,0.1121,0.2657,0.3036,0.0586,0.3331,none
9b,base,damaged_q2,q3_routed_tri_68,extreme,1400,0.6321,0.3529,0.768,0.8643,0.1893,0.05,0.5964,0.6071,0.208,none
9b,base,damaged_q2,q3_routed_tri_68,high,1400,0.6564,0.4407,0.7953,0.9,0.1671,0.0457,0.4121,0.5193,0.3225,none
9b,base,damaged_q2,q3_routed_tri_68,low,1400,0.8243,0.6421,0.9203,0.9621,0.08,0.0257,0.2179,0.1129,0.5899,none
9b,base,damaged_q2,q3_routed_tri_68,medium,1400,0.7436,0.5464,0.8596,0.9179,0.1243,0.0336,0.3,0.3029,0.4633,none
9b,base,damaged_q2,q3_stability_tri_72,extreme,1400,0.6393,0.3414,0.7823,0.865,0.2057,0.0607,0.5821,0.4971,0.1961,none
9b,base,damaged_q2,q3_stability_tri_72,high,1400,0.6779,0.4636,0.8113,0.9,0.1636,0.0436,0.3836,0.4514,0.3525,none
9b,base,damaged_q2,q3_stability_tri_72,low,1400,0.845,0.6693,0.9261,0.9607,0.0893,0.0207,0.2036,0.0857,0.6178,none
9b,base,damaged_q2,q3_stability_tri_72,medium,1400,0.7686,0.5686,0.8733,0.925,0.1093,0.0279,0.3,0.2657,0.4929,none
9b,base,damaged_q2,q4_boundary_pair_72_28,extreme,1400,0.3857,0.2007,0.6025,0.7643,0.26,0.0479,0.6421,1.3393,-0.0052,cascade
9b,base,damaged_q2,q4_boundary_pair_72_28,high,1400,0.4414,0.3121,0.6436,0.7929,0.2071,0.03,0.4264,1.1236,0.1537,none
9b,base,damaged_q2,q4_boundary_pair_72_28,low,1400,0.5657,0.445,0.7952,0.865,0.0979,0.0221,0.2279,0.4679,0.3696,none
9b,base,damaged_q2,q4_boundary_pair_72_28,medium,1400,0.55,0.43,0.7348,0.8314,0.1564,0.0286,0.2857,0.7707,0.316,none
9b,base,damaged_q2,q4_generalist_pair_72_28,extreme,1400,0.3057,0.1714,0.5648,0.7864,0.2571,0.0521,0.65,1.61,-0.0486,cascade
9b,base,damaged_q2,q4_generalist_pair_72_28,high,1400,0.4086,0.3057,0.6211,0.8029,0.2279,0.0257,0.435,1.2343,0.1357,none
9b,base,damaged_q2,q4_generalist_pair_72_28,low,1400,0.58,0.4471,0.8104,0.9243,0.1029,0.0121,0.225,0.455,0.3731,none
9b,base,damaged_q2,q4_generalist_pair_72_28,medium,1400,0.5043,0.39,0.7152,0.87,0.1636,0.0129,0.33,0.8871,0.2676,none
9b,base,damaged_q3,q2_amplifier_low_echo,extreme,1400,0.845,0.3493,0.8828,0.9893,0.1243,0.3686,0.44,0.0507,0.2006,none
9b,base,damaged_q3,q2_amplifier_low_echo,high,1400,0.8907,0.4657,0.9171,0.9914,0.0871,0.3,0.2864,0.0507,0.3541,none
9b,base,damaged_q3,q2_amplifier_low_echo,low,1400,0.8907,0.575,0.9338,0.99,0.0671,0.2243,0.185,0.0443,0.493,none
9b,base,damaged_q3,q2_amplifier_low_echo,medium,1400,0.8879,0.52,0.9273,0.9921,0.0807,0.26,0.2279,0.0443,0.4233,none
9b,base,damaged_q3,q3_routed_tri_68,extreme,1400,0.8671,0.5229,0.9196,0.9893,0.1257,0.065,0.4043,0.0557,0.437,none
9b,base,damaged_q3,q3_routed_tri_68,high,1400,0.8843,0.635,0.9372,0.9936,0.0986,0.0407,0.2857,0.0557,0.5716,none
9b,base,damaged_q3,q3_routed_tri_68,low,1400,0.925,0.7929,0.965,0.9893,0.0443,0.0221,0.1286,0.0364,0.763,none
9b,base,damaged_q3,q3_routed_tri_68,medium,1400,0.9093,0.725,0.9503,0.9893,0.0764,0.0307,0.2021,0.0457,0.6775,none
9b,base,damaged_q3,q3_stability_tri_72,extreme,1400,0.8757,0.5157,0.9209,0.9879,0.1164,0.0707,0.4236,0.055,0.43,none
9b,base,damaged_q3,q3_stability_tri_72,high,1400,0.9,0.6586,0.9417,0.9871,0.0857,0.0314,0.2757,0.05,0.602,none
9b,base,damaged_q3,q3_stability_tri_72,low,1400,0.9143,0.7857,0.9602,0.9814,0.05,0.0257,0.125,0.04,0.7536,none
9b,base,damaged_q3,q3_stability_tri_72,medium,1400,0.91,0.7343,0.95,0.9886,0.0707,0.0314,0.1914,0.0586,0.6885,none
9b,base,damaged_q3,q4_boundary_pair_72_28,extreme,1400,0.8014,0.4979,0.8877,0.9293,0.1386,0.0579,0.4079,0.1471,0.4047,none
9b,base,damaged_q3,q4_boundary_pair_72_28,high,1400,0.8471,0.6364,0.9114,0.9379,0.1071,0.0264,0.2771,0.1143,0.5711,none
9b,base,damaged_q3,q4_boundary_pair_72_28,low,1400,0.9,0.775,0.9569,0.9843,0.0621,0.0143,0.1364,0.0393,0.7406,none
9b,base,damaged_q3,q4_boundary_pair_72_28,medium,1400,0.8921,0.695,0.9397,0.9629,0.0757,0.0293,0.2086,0.0664,0.6464,none
9b,base,damaged_q3,q4_generalist_pair_72_28,extreme,1400,0.8529,0.5,0.9062,0.9764,0.1179,0.0429,0.4621,0.1129,0.4135,none
9b,base,damaged_q3,q4_generalist_pair_72_28,high,1400,0.8679,0.6264,0.9291,0.9893,0.1114,0.0193,0.2971,0.0686,0.5619,none
9b,base,damaged_q3,q4_generalist_pair_72_28,low,1400,0.9064,0.7786,0.9603,0.99,0.0571,0.01,0.1386,0.0371,0.7465,none
9b,base,damaged_q3,q4_generalist_pair_72_28,medium,1400,0.8957,0.7086,0.9463,0.9871,0.0771,0.0129,0.2164,0.0564,0.6627,none
9b,base,damaged_q4,q2_amplifier_low_echo,extreme,1400,0.8786,0.405,0.8994,0.9914,0.0886,0.34,0.3814,0.0614,0.2768,none
9b,base,damaged_q4,q2_amplifier_low_echo,high,1400,0.9,0.4836,0.9223,0.9921,0.0729,0.3129,0.2621,0.0521,0.3756,none
9b,base,damaged_q4,q2_amplifier_low_echo,low,1400,0.9086,0.6257,0.9433,0.9871,0.0586,0.1986,0.15,0.0343,0.5547,none
9b,base,damaged_q4,q2_amplifier_low_echo,medium,1400,0.915,0.5629,0.9354,0.9921,0.0593,0.2636,0.185,0.0507,0.475,none
9b,base,damaged_q4,q3_routed_tri_68,extreme,1400,0.9086,0.5957,0.9382,0.9893,0.0764,0.0664,0.3379,0.0636,0.5293,none
9b,base,damaged_q4,q3_routed_tri_68,high,1400,0.9143,0.7107,0.9491,0.9943,0.0764,0.0314,0.2136,0.0571,0.6616,none
9b,base,damaged_q4,q3_routed_tri_68,low,1400,0.9414,0.83,0.9725,0.9886,0.0343,0.0193,0.1093,0.0243,0.8059,none
9b,base,damaged_q4,q3_routed_tri_68,medium,1400,0.9386,0.8,0.9638,0.9943,0.0436,0.0293,0.135,0.0571,0.7674,none
9b,base,damaged_q4,q3_stability_tri_72,extreme,1400,0.9129,0.595,0.939,0.9893,0.0786,0.0693,0.3314,0.0586,0.5281,none
9b,base,damaged_q4,q3_stability_tri_72,high,1400,0.9229,0.72,0.9527,0.9921,0.0671,0.035,0.2093,0.0521,0.6735,none
9b,base,damaged_q4,q3_stability_tri_72,low,1400,0.9343,0.8129,0.9692,0.9886,0.0314,0.0179,0.1236,0.035,0.7882,none
9b,base,damaged_q4,q3_stability_tri_72,medium,1400,0.9271,0.7814,0.9605,0.9907,0.0564,0.0257,0.15,0.045,0.7451,none
9b,base,damaged_q4,q4_boundary_pair_72_28,extreme,1400,0.8979,0.6086,0.9356,0.9921,0.0957,0.06,0.3164,0.0586,0.5396,none
9b,base,damaged_q4,q4_boundary_pair_72_28,high,1400,0.9129,0.685,0.949,0.9907,0.0721,0.0293,0.2436,0.05,0.6355,none
9b,base,damaged_q4,q4_boundary_pair_72_28,low,1400,0.9271,0.7971,0.9663,0.9879,0.035,0.0171,0.1264,0.0407,0.7711,none
9b,base,damaged_q4,q4_boundary_pair_72_28,medium,1400,0.9264,0.7779,0.9587,0.9943,0.06,0.0221,0.1529,0.0521,0.7406,none
9b,base,damaged_q4,q4_generalist_pair_72_28,extreme,1400,0.8921,0.5864,0.9308,0.9914,0.0943,0.045,0.3571,0.0721,0.517,none
9b,base,damaged_q4,q4_generalist_pair_72_28,high,1400,0.9207,0.7064,0.9495,0.9886,0.0693,0.0193,0.2393,0.0507,0.6601,none
9b,base,damaged_q4,q4_generalist_pair_72_28,low,1400,0.9157,0.7964,0.9627,0.9893,0.0471,0.005,0.1271,0.0414,0.769,none
9b,base,damaged_q4,q4_generalist_pair_72_28,medium,1400,0.9121,0.7543,0.952,0.9914,0.0664,0.0164,0.1757,0.0636,0.7138,none
9b,base,healthy_q6,q2_amplifier_low_echo,extreme,1400,0.8936,0.425,0.9036,0.9886,0.0779,0.3521,0.3114,0.0757,0.3025,none
9b,base,healthy_q6,q2_amplifier_low_echo,high,1400,0.9193,0.5207,0.9302,0.9921,0.0636,0.2886,0.2314,0.0479,0.423,none
9b,base,healthy_q6,q2_amplifier_low_echo,low,1400,0.9264,0.6364,0.9489,0.9879,0.04,0.2229,0.1307,0.0329,0.5678,none
9b,base,healthy_q6,q2_amplifier_low_echo,medium,1400,0.9314,0.6186,0.943,0.99,0.0514,0.2364,0.16,0.0421,0.5409,none
9b,base,healthy_q6,q3_routed_tri_68,extreme,1400,0.9386,0.7071,0.9525,0.9879,0.0543,0.0557,0.2214,0.0693,0.6585,none
9b,base,healthy_q6,q3_routed_tri_68,high,1400,0.9443,0.7679,0.9612,0.9893,0.0471,0.0421,0.1621,0.0536,0.7296,none
9b,base,healthy_q6,q3_routed_tri_68,low,1400,0.94,0.845,0.9745,0.9886,0.0214,0.0171,0.0871,0.0379,0.8263,none
9b,base,healthy_q6,q3_routed_tri_68,medium,1400,0.9529,0.8357,0.9706,0.995,0.0314,0.0293,0.105,0.0536,0.8094,none
9b,base,healthy_q6,q3_stability_tri_72,extreme,1400,0.9429,0.6914,0.9528,0.9921,0.0514,0.0636,0.2421,0.0671,0.6406,none
9b,base,healthy_q6,q3_stability_tri_72,high,1400,0.9407,0.775,0.9615,0.9921,0.0493,0.0307,0.1636,0.0529,0.7383,none
9b,base,healthy_q6,q3_stability_tri_72,low,1400,0.9414,0.8421,0.9736,0.9921,0.0257,0.0171,0.0921,0.0357,0.8218,none
9b,base,healthy_q6,q3_stability_tri_72,medium,1400,0.9543,0.8193,0.9691,0.9843,0.0279,0.0293,0.1221,0.0486,0.7929,none
9b,base,healthy_q6,q4_boundary_pair_72_28,extreme,1400,0.9286,0.715,0.9502,0.9857,0.0621,0.0543,0.2143,0.0679,0.665,none
9b,base,healthy_q6,q4_boundary_pair_72_28,high,1400,0.9493,0.7786,0.9631,0.9886,0.0479,0.0336,0.1529,0.0464,0.7429,none
9b,base,healthy_q6,q4_boundary_pair_72_28,low,1400,0.9379,0.8464,0.9743,0.9936,0.0257,0.0186,0.0771,0.0386,0.8269,none
9b,base,healthy_q6,q4_boundary_pair_72_28,medium,1400,0.9343,0.8043,0.9641,0.9921,0.05,0.0279,0.1229,0.0471,0.7715,none
9b,base,healthy_q6,q4_generalist_pair_72_28,extreme,1400,0.9364,0.6921,0.9526,0.99,0.0571,0.0436,0.2521,0.0514,0.6435,none
9b,base,healthy_q6,q4_generalist_pair_72_28,high,1400,0.9529,0.785,0.9617,0.9886,0.0407,0.0114,0.1821,0.0543,0.7532,none
9b,base,healthy_q6,q4_generalist_pair_72_28,low,1400,0.9521,0.8429,0.9756,0.99,0.0179,0.0079,0.1107,0.0321,0.8255,none
9b,base,healthy_q6,q4_generalist_pair_72_28,medium,1400,0.9443,0.8057,0.965,0.9871,0.0429,0.0179,0.1371,0.045,0.7761,none
9b,base,healthy_q8,q2_amplifier_low_echo,extreme,1400,0.9093,0.4693,0.9158,0.9907,0.06,0.3464,0.2629,0.0636,0.3578,none
9b,base,healthy_q8,q2_amplifier_low_echo,high,1400,0.9157,0.5536,0.9343,0.9879,0.06,0.2707,0.1907,0.0493,0.4637,none
9b,base,healthy_q8,q2_amplifier_low_echo,low,1400,0.9386,0.6507,0.9536,0.9914,0.0314,0.2143,0.135,0.0279,0.5862,none
9b,base,healthy_q8,q2_amplifier_low_echo,medium,1400,0.9314,0.5993,0.9425,0.9936,0.0457,0.2543,0.1614,0.0493,0.5193,none
9b,base,healthy_q8,q3_routed_tri_68,extreme,1400,0.9579,0.7343,0.9626,0.9893,0.035,0.065,0.1986,0.0529,0.6923,none
9b,base,healthy_q8,q3_routed_tri_68,high,1400,0.965,0.7979,0.9715,0.9929,0.0293,0.0393,0.1486,0.0386,0.7674,none
9b,base,healthy_q8,q3_routed_tri_68,low,1400,0.9457,0.855,0.9764,0.9943,0.025,0.0136,0.0836,0.0314,0.8365,none
9b,base,healthy_q8,q3_routed_tri_68,medium,1400,0.9657,0.8357,0.9738,0.99,0.025,0.0414,0.105,0.0436,0.8094,none
9b,base,healthy_q8,q3_stability_tri_72,extreme,1400,0.9514,0.7379,0.9589,0.9836,0.0379,0.065,0.19,0.065,0.6951,none
9b,base,healthy_q8,q3_stability_tri_72,high,1400,0.9529,0.7786,0.9648,0.9936,0.0407,0.0371,0.1607,0.0521,0.7435,none
9b,base,healthy_q8,q3_stability_tri_72,low,1400,0.945,0.85,0.9767,0.9936,0.0179,0.0164,0.0864,0.0371,0.8326,none
9b,base,healthy_q8,q3_stability_tri_72,medium,1400,0.9593,0.8257,0.9719,0.9893,0.0264,0.0371,0.1143,0.0457,0.7989,none
9b,base,healthy_q8,q4_boundary_pair_72_28,extreme,1400,0.9479,0.7314,0.9598,0.9914,0.0421,0.0586,0.1943,0.0614,0.6885,none
9b,base,healthy_q8,q4_boundary_pair_72_28,high,1400,0.9564,0.8036,0.9675,0.9929,0.03,0.0314,0.1464,0.0593,0.7736,none
9b,base,healthy_q8,q4_boundary_pair_72_28,low,1400,0.95,0.8557,0.978,0.9943,0.015,0.0164,0.0893,0.0357,0.839,none
9b,base,healthy_q8,q4_boundary_pair_72_28,medium,1400,0.9671,0.85,0.9747,0.9907,0.0179,0.0257,0.1093,0.0486,0.8283,none
9b,base,healthy_q8,q4_generalist_pair_72_28,extreme,1400,0.9564,0.7229,0.9598,0.9879,0.0343,0.05,0.2214,0.0621,0.6818,none
9b,base,healthy_q8,q4_generalist_pair_72_28,high,1400,0.9643,0.8093,0.969,0.9893,0.0279,0.02,0.1514,0.0493,0.7823,none
9b,base,healthy_q8,q4_generalist_pair_72_28,low,1400,0.9493,0.8657,0.9759,0.9879,0.0164,0.0114,0.0843,0.0364,0.8499,none
9b,base,healthy_q8,q4_generalist_pair_72_28,medium,1400,0.9579,0.8471,0.9728,0.9879,0.03,0.0186,0.1057,0.0371,0.8241,none
9b,base,q8_k_m,q2_amplifier_low_echo,extreme,1400,0.9057,0.4714,0.9136,0.9864,0.0657,0.355,0.2443,0.06,0.3582,none
9b,base,q8_k_m,q2_amplifier_low_echo,high,1400,0.9386,0.5771,0.9408,0.9907,0.0421,0.2829,0.1814,0.0457,0.4911,none
9b,base,q8_k_m,q2_amplifier_low_echo,low,1400,0.9257,0.6614,0.9514,0.9893,0.0307,0.2071,0.1136,0.045,0.5995,none
9b,base,q8_k_m,q2_amplifier_low_echo,medium,1400,0.9414,0.595,0.9457,0.99,0.035,0.2757,0.14,0.045,0.5159,none
9b,base,q8_k_m,q3_routed_tri_68,extreme,1400,0.9571,0.7286,0.9603,0.9879,0.0343,0.0729,0.2021,0.0643,0.6843,none
9b,base,q8_k_m,q3_routed_tri_68,high,1400,0.965,0.805,0.9694,0.9871,0.03,0.0314,0.1436,0.0443,0.776,none
9b,base,q8_k_m,q3_routed_tri_68,low,1400,0.9536,0.8657,0.9774,0.9829,0.0179,0.0186,0.0729,0.0293,0.8494,none
9b,base,q8_k_m,q3_routed_tri_68,medium,1400,0.9629,0.8621,0.9748,0.99,0.02,0.025,0.0893,0.0507,0.8415,none
9b,base,q8_k_m,q3_stability_tri_72,extreme,1400,0.96,0.7479,0.9634,0.9907,0.0329,0.07,0.1757,0.0636,0.7068,none
9b,base,q8_k_m,q3_stability_tri_72,high,1400,0.9586,0.8207,0.9707,0.9921,0.0307,0.0407,0.12,0.05,0.7913,none
9b,base,q8_k_m,q3_stability_tri_72,low,1400,0.9357,0.8521,0.9745,0.9921,0.0207,0.02,0.08,0.0421,0.8334,none
9b,base,q8_k_m,q3_stability_tri_72,medium,1400,0.9657,0.8371,0.9727,0.9821,0.0186,0.0379,0.105,0.05,0.8131,none
9b,base,q8_k_m,q4_boundary_pair_72_28,extreme,1400,0.9621,0.775,0.965,0.9921,0.0329,0.0521,0.1636,0.0636,0.7384,none
9b,base,q8_k_m,q4_boundary_pair_72_28,high,1400,0.9593,0.815,0.97,0.9929,0.0336,0.035,0.13,0.0464,0.7852,none
9b,base,q8_k_m,q4_boundary_pair_72_28,low,1400,0.9514,0.8729,0.9788,0.9893,0.0129,0.0157,0.0736,0.0357,0.8582,none
9b,base,q8_k_m,q4_boundary_pair_72_28,medium,1400,0.9664,0.8629,0.9757,0.9921,0.0179,0.0271,0.0914,0.05,0.8423,none
9b,base,q8_k_m,q4_generalist_pair_72_28,extreme,1400,0.9557,0.7514,0.9618,0.9857,0.0364,0.0479,0.19,0.0543,0.713,none
9b,base,q8_k_m,q4_generalist_pair_72_28,high,1400,0.9636,0.8129,0.968,0.9871,0.0257,0.0207,0.1529,0.0543,0.7861,none
9b,base,q8_k_m,q4_generalist_pair_72_28,low,1400,0.9436,0.8736,0.9752,0.985,0.0179,0.0057,0.0721,0.0393,0.8593,none
9b,base,q8_k_m,q4_generalist_pair_72_28,medium,1400,0.9714,0.8757,0.9767,0.995,0.015,0.0136,0.0936,0.0529,0.8584,none
9b,degraded_instruct,base_f16,q2_amplifier_low_echo,extreme,1400,0.9221,0.4643,0.9173,0.9921,0.0514,0.3771,0.2393,0.06,0.3513,none
9b,degraded_instruct,base_f16,q2_amplifier_low_echo,high,1400,0.9336,0.5329,0.9356,0.9886,0.0429,0.3136,0.1907,0.0529,0.4394,none
9b,degraded_instruct,base_f16,q2_amplifier_low_echo,low,1400,0.9193,0.6436,0.9494,0.9914,0.0379,0.2114,0.1164,0.0436,0.5784,none
9b,degraded_instruct,base_f16,q2_amplifier_low_echo,medium,1400,0.9293,0.6043,0.9428,0.9914,0.04,0.2693,0.1257,0.06,0.5254,none
9b,degraded_instruct,base_f16,q3_routed_tri_68,extreme,1400,0.9686,0.7529,0.9663,0.995,0.0286,0.0671,0.1686,0.0629,0.7142,none
9b,degraded_instruct,base_f16,q3_routed_tri_68,high,1400,0.9714,0.8264,0.9739,0.9943,0.0236,0.0521,0.11,0.0514,0.7976,none
9b,degraded_instruct,base_f16,q3_routed_tri_68,low,1400,0.9471,0.8493,0.9775,0.9879,0.0136,0.0307,0.0757,0.0386,0.8311,none
9b,degraded_instruct,base_f16,q3_routed_tri_68,medium,1400,0.9721,0.8629,0.977,0.9921,0.0207,0.0314,0.0871,0.0421,0.8413,none
9b,degraded_instruct,base_f16,q3_stability_tri_72,extreme,1400,0.9657,0.7643,0.9638,0.99,0.03,0.0729,0.1579,0.07,0.7246,none
9b,degraded_instruct,base_f16,q3_stability_tri_72,high,1400,0.9729,0.8171,0.9747,0.99,0.0214,0.045,0.13,0.0379,0.7894,none
9b,degraded_instruct,base_f16,q3_stability_tri_72,low,1400,0.9571,0.8786,0.9807,0.9886,0.0064,0.0193,0.0693,0.0357,0.8655,none
9b,degraded_instruct,base_f16,q3_stability_tri_72,medium,1400,0.9629,0.8443,0.9751,0.9936,0.02,0.0336,0.0986,0.0493,0.8212,none
9b,degraded_instruct,base_f16,q4_boundary_pair_72_28,extreme,1400,0.9571,0.7779,0.9653,0.9893,0.0364,0.0571,0.1543,0.055,0.7404,none
9b,degraded_instruct,base_f16,q4_boundary_pair_72_28,high,1400,0.9657,0.8321,0.9705,0.99,0.03,0.0336,0.1179,0.0507,0.8045,none
9b,degraded_instruct,base_f16,q4_boundary_pair_72_28,low,1400,0.9571,0.8621,0.9802,0.9943,0.0164,0.0243,0.0779,0.0271,0.8448,none
9b,degraded_instruct,base_f16,q4_boundary_pair_72_28,medium,1400,0.9636,0.8779,0.9763,0.99,0.0157,0.0314,0.0721,0.055,0.8583,none
9b,degraded_instruct,base_f16,q4_generalist_pair_72_28,extreme,1400,0.9679,0.7893,0.967,0.9936,0.0271,0.0443,0.1629,0.0629,0.7561,none
9b,degraded_instruct,base_f16,q4_generalist_pair_72_28,high,1400,0.9771,0.8493,0.9777,0.995,0.02,0.0257,0.1093,0.0379,0.8275,none
9b,degraded_instruct,base_f16,q4_generalist_pair_72_28,low,1400,0.9407,0.8607,0.9746,0.9921,0.0179,0.0086,0.0793,0.0443,0.8451,none
9b,degraded_instruct,base_f16,q4_generalist_pair_72_28,medium,1400,0.9743,0.8879,0.9788,0.99,0.0164,0.0157,0.0757,0.0414,0.8717,none
9b,degraded_instruct,collapsed_q2_edge,q2_amplifier_low_echo,extreme,1400,0.5121,0.1721,0.7063,0.7857,0.2357,0.3693,0.7307,0.5179,-0.0568,distractor_capture
9b,degraded_instruct,collapsed_q2_edge,q2_amplifier_low_echo,high,1400,0.5743,0.275,0.7479,0.835,0.2071,0.3043,0.4729,0.4793,0.0902,none
9b,degraded_instruct,collapsed_q2_edge,q2_amplifier_low_echo,low,1400,0.8257,0.4793,0.8955,0.9107,0.0943,0.2214,0.2793,0.0679,0.381,none
9b,degraded_instruct,collapsed_q2_edge,q2_amplifier_low_echo,medium,1400,0.7007,0.3836,0.827,0.8593,0.1321,0.2586,0.3693,0.2657,0.2494,none
9b,degraded_instruct,collapsed_q2_edge,q3_routed_tri_68,extreme,1400,0.1971,0.0957,0.4556,0.6879,0.3764,0.0657,0.7393,1.9471,-0.1869,cascade
9b,degraded_instruct,collapsed_q2_edge,q3_routed_tri_68,high,1400,0.29,0.1993,0.5387,0.7486,0.2764,0.0479,0.48,1.5314,-0.0082,cascade
9b,degraded_instruct,collapsed_q2_edge,q3_routed_tri_68,low,1400,0.455,0.3371,0.7334,0.8414,0.1357,0.0279,0.2393,0.6386,0.2398,none
9b,degraded_instruct,collapsed_q2_edge,q3_routed_tri_68,medium,1400,0.3886,0.2857,0.6435,0.805,0.1964,0.0379,0.3636,1.1093,0.1347,none
9b,degraded_instruct,collapsed_q2_edge,q3_stability_tri_72,extreme,1400,0.22,0.1107,0.4752,0.6857,0.3464,0.0679,0.76,1.8386,-0.1595,cascade
9b,degraded_instruct,collapsed_q2_edge,q3_stability_tri_72,high,1400,0.2986,0.2064,0.5387,0.7193,0.2929,0.0379,0.4771,1.4821,-0.0013,cascade
9b,degraded_instruct,collapsed_q2_edge,q3_stability_tri_72,low,1400,0.5079,0.3786,0.7693,0.8707,0.1293,0.0286,0.2536,0.5279,0.2874,none
9b,degraded_instruct,collapsed_q2_edge,q3_stability_tri_72,medium,1400,0.425,0.3257,0.6573,0.7836,0.2036,0.03,0.3636,1.0171,0.1787,none
9b,degraded_instruct,collapsed_q2_edge,q4_boundary_pair_72_28,extreme,1400,0.085,0.0421,0.3075,0.5893,0.4971,0.0521,0.7221,2.6993,-0.3102,cascade
9b,degraded_instruct,collapsed_q2_edge,q4_boundary_pair_72_28,high,1400,0.1407,0.1057,0.3739,0.6557,0.3979,0.0321,0.4957,2.22,-0.1707,cascade
9b,degraded_instruct,collapsed_q2_edge,q4_boundary_pair_72_28,low,1400,0.265,0.2036,0.5886,0.7721,0.1829,0.0171,0.2493,1.0743,0.0716,none
9b,degraded_instruct,collapsed_q2_edge,q4_boundary_pair_72_28,medium,1400,0.2157,0.1679,0.4728,0.7029,0.2893,0.0293,0.3757,1.7721,-0.0435,cascade
9b,degraded_instruct,collapsed_q2_edge,q4_generalist_pair_72_28,extreme,1400,0.0729,0.0371,0.2843,0.5771,0.4779,0.0421,0.7793,2.8764,-0.3208,cascade
9b,degraded_instruct,collapsed_q2_edge,q4_generalist_pair_72_28,high,1400,0.1229,0.0843,0.3565,0.645,0.3871,0.0164,0.5371,2.3229,-0.1943,cascade
9b,degraded_instruct,collapsed_q2_edge,q4_generalist_pair_72_28,low,1400,0.2379,0.1736,0.5785,0.7679,0.1764,0.0121,0.2657,1.1186,0.041,low_score
9b,degraded_instruct,collapsed_q2_edge,q4_generalist_pair_72_28,medium,1400,0.195,0.1607,0.4679,0.7164,0.275,0.0193,0.3729,1.8121,-0.0461,cascade
9b,degraded_instruct,damaged_q2,q2_amplifier_low_echo,extreme,1400,0.7157,0.2536,0.822,0.8793,0.1657,0.3621,0.6814,0.0943,0.0722,distractor_capture
9b,degraded_instruct,damaged_q2,q2_amplifier_low_echo,high,1400,0.795,0.3514,0.8685,0.9243,0.1464,0.3179,0.4079,0.0793,0.2073,none
9b,degraded_instruct,damaged_q2,q2_amplifier_low_echo,low,1400,0.8764,0.5221,0.922,0.9729,0.0857,0.2271,0.2564,0.0336,0.4288,none
9b,degraded_instruct,damaged_q2,q2_amplifier_low_echo,medium,1400,0.825,0.4457,0.8936,0.9457,0.1193,0.2836,0.3086,0.0636,0.3253,none
9b,degraded_instruct,damaged_q2,q3_routed_tri_68,extreme,1400,0.5471,0.2914,0.7276,0.8271,0.2221,0.0721,0.5921,0.7414,0.1259,none
9b,degraded_instruct,damaged_q2,q3_routed_tri_68,high,1400,0.6186,0.43,0.7762,0.8586,0.1657,0.04,0.4207,0.5721,0.31,none
9b,degraded_instruct,damaged_q2,q3_routed_tri_68,low,1400,0.7779,0.6064,0.8985,0.93,0.0979,0.0293,0.2007,0.1493,0.5477,none
9b,degraded_instruct,damaged_q2,q3_routed_tri_68,medium,1400,0.7229,0.5136,0.8462,0.9071,0.13,0.0357,0.3307,0.3364,0.4242,none
9b,degraded_instruct,damaged_q2,q3_stability_tri_72,extreme,1400,0.6043,0.3229,0.7568,0.8479,0.215,0.0679,0.5843,0.605,0.1678,none
9b,degraded_instruct,damaged_q2,q3_stability_tri_72,high,1400,0.6321,0.4393,0.7909,0.8743,0.1771,0.0471,0.4,0.5,0.3197,none
9b,degraded_instruct,damaged_q2,q3_stability_tri_72,low,1400,0.8293,0.655,0.9199,0.9457,0.0843,0.0236,0.2143,0.0986,0.6029,none
9b,degraded_instruct,damaged_q2,q3_stability_tri_72,medium,1400,0.7321,0.5264,0.8516,0.8814,0.1214,0.0329,0.3136,0.3021,0.4432,none
9b,degraded_instruct,damaged_q2,q4_boundary_pair_72_28,extreme,1400,0.365,0.2014,0.5821,0.755,0.2829,0.0593,0.5786,1.4521,-0.0142,cascade
9b,degraded_instruct,damaged_q2,q4_boundary_pair_72_28,high,1400,0.3921,0.29,0.6215,0.785,0.2429,0.0279,0.3993,1.1886,0.1202,none
9b,degraded_instruct,damaged_q2,q4_boundary_pair_72_28,low,1400,0.5386,0.4236,0.7775,0.84,0.1121,0.02,0.2243,0.4943,0.3433,none
9b,degraded_instruct,damaged_q2,q4_boundary_pair_72_28,medium,1400,0.5121,0.395,0.7159,0.8314,0.1586,0.0343,0.3271,0.8557,0.2716,none
9b,degraded_instruct,damaged_q2,q4_generalist_pair_72_28,extreme,1400,0.2971,0.1636,0.5506,0.78,0.2779,0.0414,0.6571,1.6536,-0.0633,cascade
9b,degraded_instruct,damaged_q2,q4_generalist_pair_72_28,high,1400,0.37,0.2664,0.6032,0.7943,0.2371,0.0236,0.4607,1.2993,0.0887,none
9b,degraded_instruct,damaged_q2,q4_generalist_pair_72_28,low,1400,0.5529,0.4436,0.8003,0.8936,0.0857,0.0079,0.2114,0.49,0.3749,none
9b,degraded_instruct,damaged_q2,q4_generalist_pair_72_28,medium,1400,0.4643,0.3686,0.6899,0.8407,0.1707,0.02,0.3186,0.9693,0.2394,none
9b,degraded_instruct,damaged_q3,q2_amplifier_low_echo,extreme,1400,0.8507,0.33,0.8849,0.9943,0.1143,0.365,0.4843,0.0486,0.1815,distractor_capture
9b,degraded_instruct,damaged_q3,q2_amplifier_low_echo,high,1400,0.8743,0.4343,0.9079,0.9907,0.1007,0.3143,0.3143,0.0607,0.313,none
9b,degraded_instruct,damaged_q3,q2_amplifier_low_echo,low,1400,0.9021,0.5964,0.9409,0.9914,0.0593,0.195,0.1879,0.0371,0.5228,none
9b,degraded_instruct,damaged_q3,q2_amplifier_low_echo,medium,1400,0.9021,0.5171,0.9266,0.9871,0.0743,0.2643,0.2486,0.0429,0.42,none
9b,degraded_instruct,damaged_q3,q3_routed_tri_68,extreme,1400,0.8736,0.5521,0.9254,0.9907,0.1157,0.0693,0.3821,0.0486,0.4706,none
9b,degraded_instruct,damaged_q3,q3_routed_tri_68,high,1400,0.8714,0.6279,0.9307,0.9943,0.1107,0.0386,0.29,0.0686,0.5603,none
9b,degraded_instruct,damaged_q3,q3_routed_tri_68,low,1400,0.9186,0.7721,0.9634,0.9886,0.0507,0.0279,0.1386,0.0314,0.7387,none
9b,degraded_instruct,damaged_q3,q3_routed_tri_68,medium,1400,0.8929,0.6971,0.9454,0.9929,0.0914,0.0414,0.2,0.0514,0.6429,none
9b,degraded_instruct,damaged_q3,q3_stability_tri_72,extreme,1400,0.8564,0.5164,0.9147,0.9871,0.1279,0.0636,0.4279,0.0686,0.4277,none
9b,degraded_instruct,damaged_q3,q3_stability_tri_72,high,1400,0.8929,0.6571,0.9398,0.9936,0.1,0.0407,0.2657,0.0479,0.5953,none
9b,degraded_instruct,damaged_q3,q3_stability_tri_72,low,1400,0.91,0.7643,0.96,0.9886,0.0521,0.0243,0.1429,0.0407,0.7303,none
9b,degraded_instruct,damaged_q3,q3_stability_tri_72,medium,1400,0.9043,0.7186,0.948,0.9936,0.0836,0.0457,0.1843,0.0571,0.6668,none
9b,degraded_instruct,damaged_q3,q4_boundary_pair_72_28,extreme,1400,0.7921,0.4936,0.8813,0.9129,0.1393,0.0693,0.3993,0.1629,0.3978,none
9b,degraded_instruct,damaged_q3,q4_boundary_pair_72_28,high,1400,0.8486,0.6271,0.9115,0.9464,0.1036,0.0307,0.2786,0.1279,0.5613,none
9b,degraded_instruct,damaged_q3,q4_boundary_pair_72_28,low,1400,0.9021,0.7414,0.9569,0.9871,0.0579,0.0257,0.1586,0.0414,0.7042,none
9b,degraded_instruct,damaged_q3,q4_boundary_pair_72_28,medium,1400,0.8857,0.7071,0.9394,0.96,0.0779,0.0314,0.1964,0.0664,0.6585,none
9b,degraded_instruct,damaged_q3,q4_generalist_pair_72_28,extreme,1400,0.8486,0.4936,0.9008,0.9664,0.12,0.0521,0.4543,0.1307,0.4043,none
9b,degraded_instruct,damaged_q3,q4_generalist_pair_72_28,high,1400,0.8714,0.6314,0.9283,0.9821,0.1036,0.02,0.2943,0.0764,0.569,none
9b,degraded_instruct,damaged_q3,q4_generalist_pair_72_28,low,1400,0.9079,0.7729,0.9613,0.9936,0.05,0.015,0.1471,0.0429,0.7409,none
9b,degraded_instruct,damaged_q3,q4_generalist_pair_72_28,medium,1400,0.8936,0.6914,0.9433,0.985,0.0829,0.0171,0.2343,0.0543,0.6417,none
9b,degraded_instruct,damaged_q4,q2_amplifier_low_echo,extreme,1400,0.8907,0.3771,0.8996,0.995,0.0779,0.4014,0.3643,0.0571,0.2415,none
9b,degraded_instruct,damaged_q4,q2_amplifier_low_echo,high,1400,0.9,0.4771,0.9228,0.9936,0.0693,0.3064,0.2636,0.0586,0.3711,none
9b,degraded_instruct,damaged_q4,q2_amplifier_low_echo,low,1400,0.9064,0.5921,0.9414,0.9907,0.0593,0.2136,0.1757,0.0321,0.516,none
9b,degraded_instruct,damaged_q4,q2_amplifier_low_echo,medium,1400,0.9079,0.5636,0.9334,0.9914,0.06,0.2593,0.1914,0.0564,0.4756,none
9b,degraded_instruct,damaged_q4,q3_routed_tri_68,extreme,1400,0.9114,0.6043,0.9378,0.99,0.0786,0.0829,0.3179,0.0686,0.5353,none
9b,degraded_instruct,damaged_q4,q3_routed_tri_68,high,1400,0.9293,0.7093,0.9515,0.9871,0.0571,0.0386,0.2321,0.0607,0.6628,none
9b,degraded_instruct,damaged_q4,q3_routed_tri_68,low,1400,0.9229,0.7871,0.9642,0.9843,0.04,0.03,0.1314,0.0379,0.7567,none
9b,degraded_instruct,damaged_q4,q3_routed_tri_68,medium,1400,0.9336,0.7807,0.9612,0.9893,0.0536,0.0379,0.1429,0.0471,0.7433,none
9b,degraded_instruct,damaged_q4,q3_stability_tri_72,extreme,1400,0.9164,0.5993,0.9376,0.9907,0.0771,0.0579,0.3564,0.0614,0.533,none
9b,degraded_instruct,damaged_q4,q3_stability_tri_72,high,1400,0.9293,0.705,0.9546,0.9879,0.0643,0.0421,0.2279,0.0364,0.6572,none
9b,degraded_instruct,damaged_q4,q3_stability_tri_72,low,1400,0.9179,0.795,0.9637,0.9879,0.0386,0.0193,0.1221,0.0457,0.7675,none
9b,degraded_instruct,damaged_q4,q3_stability_tri_72,medium,1400,0.9364,0.7707,0.9607,0.9929,0.0479,0.03,0.1693,0.0529,0.7342,none
9b,degraded_instruct,damaged_q4,q4_boundary_pair_72_28,extreme,1400,0.895,0.5943,0.9345,0.9936,0.0957,0.065,0.32,0.065,0.5237,none
9b,degraded_instruct,damaged_q4,q4_boundary_pair_72_28,high,1400,0.9171,0.7057,0.9477,0.9864,0.07,0.0314,0.23,0.06,0.657,none
9b,degraded_instruct,damaged_q4,q4_boundary_pair_72_28,low,1400,0.9171,0.8021,0.964,0.9871,0.0457,0.03,0.11,0.0407,0.7716,none
9b,degraded_instruct,damaged_q4,q4_boundary_pair_72_28,medium,1400,0.9186,0.76,0.9584,0.9921,0.0657,0.0307,0.1586,0.0393,0.7195,none
9b,degraded_instruct,damaged_q4,q4_generalist_pair_72_28,extreme,1400,0.9014,0.6029,0.9351,0.99,0.0914,0.0443,0.3436,0.055,0.5363,none
9b,degraded_instruct,damaged_q4,q4_generalist_pair_72_28,high,1400,0.9064,0.6907,0.9448,0.9907,0.0821,0.0164,0.2471,0.0543,0.6403,none
9b,degraded_instruct,damaged_q4,q4_generalist_pair_72_28,low,1400,0.9271,0.8007,0.9663,0.9886,0.045,0.0129,0.13,0.0293,0.7728,none
9b,degraded_instruct,damaged_q4,q4_generalist_pair_72_28,medium,1400,0.9293,0.7564,0.9579,0.9886,0.0579,0.0186,0.1764,0.0443,0.719,none
9b,degraded_instruct,healthy_q6,q2_amplifier_low_echo,extreme,1400,0.89,0.4314,0.906,0.9914,0.0807,0.37,0.2914,0.0593,0.3069,none
9b,degraded_instruct,healthy_q6,q2_amplifier_low_echo,high,1400,0.9179,0.5079,0.9297,0.9943,0.0621,0.3164,0.2214,0.0464,0.4059,none
9b,degraded_instruct,healthy_q6,q2_amplifier_low_echo,low,1400,0.9264,0.6121,0.9478,0.99,0.0379,0.2314,0.1357,0.0371,0.5418,none
9b,degraded_instruct,healthy_q6,q2_amplifier_low_echo,medium,1400,0.9079,0.5679,0.935,0.9943,0.0579,0.2679,0.1743,0.0586,0.4801,none
9b,degraded_instruct,healthy_q6,q3_routed_tri_68,extreme,1400,0.9414,0.6779,0.9545,0.9936,0.0529,0.0629,0.2479,0.0536,0.6269,none
9b,degraded_instruct,healthy_q6,q3_routed_tri_68,high,1400,0.9443,0.7543,0.9611,0.995,0.0479,0.0421,0.1793,0.055,0.7144,none
9b,degraded_instruct,healthy_q6,q3_routed_tri_68,low,1400,0.9286,0.8264,0.9696,0.9893,0.0329,0.0193,0.0979,0.0393,0.8029,none
9b,degraded_instruct,healthy_q6,q3_routed_tri_68,medium,1400,0.9479,0.8207,0.9675,0.99,0.0421,0.0407,0.1036,0.0486,0.7892,none
9b,degraded_instruct,healthy_q6,q3_stability_tri_72,extreme,1400,0.9329,0.6793,0.9528,0.9929,0.0607,0.0743,0.2343,0.055,0.6247,none
9b,degraded_instruct,healthy_q6,q3_stability_tri_72,high,1400,0.9436,0.7621,0.9619,0.9886,0.045,0.0407,0.1793,0.0464,0.7238,none
9b,degraded_instruct,healthy_q6,q3_stability_tri_72,low,1400,0.9386,0.8379,0.9737,0.9886,0.0186,0.03,0.085,0.0429,0.8173,none
9b,degraded_instruct,healthy_q6,q3_stability_tri_72,medium,1400,0.9436,0.8107,0.9652,0.9907,0.0429,0.0321,0.1207,0.0529,0.7791,none
9b,degraded_instruct,healthy_q6,q4_boundary_pair_72_28,extreme,1400,0.9271,0.6543,0.9474,0.9864,0.06,0.0586,0.2707,0.0636,0.5997,none
9b,degraded_instruct,healthy_q6,q4_boundary_pair_72_28,high,1400,0.9321,0.7521,0.9593,0.9907,0.055,0.0393,0.1757,0.0479,0.7113,none
9b,degraded_instruct,healthy_q6,q4_boundary_pair_72_28,low,1400,0.9493,0.8321,0.9757,0.9921,0.0207,0.0229,0.1029,0.0314,0.8116,none
9b,degraded_instruct,healthy_q6,q4_boundary_pair_72_28,medium,1400,0.9371,0.81,0.9651,0.9907,0.0486,0.0229,0.1264,0.0429,0.7786,none
9b,degraded_instruct,healthy_q6,q4_generalist_pair_72_28,extreme,1400,0.93,0.7014,0.9509,0.9914,0.065,0.0443,0.2293,0.0614,0.6517,none
9b,degraded_instruct,healthy_q6,q4_generalist_pair_72_28,high,1400,0.945,0.7671,0.9585,0.9943,0.0493,0.0193,0.1871,0.0621,0.7304,none
9b,degraded_instruct,healthy_q6,q4_generalist_pair_72_28,low,1400,0.9357,0.8329,0.9717,0.9907,0.0236,0.0129,0.1043,0.0407,0.8128,none
9b,degraded_instruct,healthy_q6,q4_generalist_pair_72_28,medium,1400,0.9457,0.8279,0.9697,0.9921,0.0364,0.0229,0.1129,0.0443,0.8011,none
9b,degraded_instruct,healthy_q8,q2_amplifier_low_echo,extreme,1400,0.915,0.4214,0.9111,0.9893,0.0579,0.3836,0.285,0.0607,0.3015,none
9b,degraded_instruct,healthy_q8,q2_amplifier_low_echo,high,1400,0.9193,0.5243,0.9295,0.9864,0.0543,0.3221,0.2021,0.0564,0.4246,none
9b,degraded_instruct,healthy_q8,q2_amplifier_low_echo,low,1400,0.9257,0.6321,0.9497,0.9957,0.0386,0.2171,0.1343,0.0371,0.5645,none
9b,degraded_instruct,healthy_q8,q2_amplifier_low_echo,medium,1400,0.9321,0.6136,0.9451,0.9879,0.045,0.2457,0.1507,0.0393,0.5369,none
9b,degraded_instruct,healthy_q8,q3_routed_tri_68,extreme,1400,0.9507,0.7107,0.9582,0.99,0.0421,0.0771,0.2057,0.0629,0.663,none
9b,degraded_instruct,healthy_q8,q3_routed_tri_68,high,1400,0.9579,0.8,0.9681,0.9893,0.0336,0.0343,0.1471,0.0457,0.769,none
9b,degraded_instruct,healthy_q8,q3_routed_tri_68,low,1400,0.9421,0.8457,0.9762,0.9964,0.0221,0.0271,0.0814,0.0379,0.8252,none
9b,degraded_instruct,healthy_q8,q3_routed_tri_68,medium,1400,0.9636,0.8621,0.9748,0.9886,0.0221,0.0357,0.0857,0.0471,0.8391,none
9b,degraded_instruct,healthy_q8,q3_stability_tri_72,extreme,1400,0.955,0.7321,0.9606,0.9886,0.0371,0.06,0.2057,0.0571,0.6897,none
9b,degraded_instruct,healthy_q8,q3_stability_tri_72,high,1400,0.9414,0.8007,0.9634,0.9871,0.04,0.0379,0.1421,0.0586,0.7668,none
9b,degraded_instruct,healthy_q8,q3_stability_tri_72,low,1400,0.945,0.8407,0.9771,0.995,0.0221,0.0314,0.0814,0.0336,0.8196,none
9b,degraded_instruct,healthy_q8,q3_stability_tri_72,medium,1400,0.9643,0.8436,0.972,0.9893,0.0257,0.04,0.0957,0.0529,0.8176,none
9b,degraded_instruct,healthy_q8,q4_boundary_pair_72_28,extreme,1400,0.9564,0.7493,0.9601,0.9879,0.0364,0.0579,0.1857,0.0693,0.7085,none
9b,degraded_instruct,healthy_q8,q4_boundary_pair_72_28,high,1400,0.96,0.7971,0.9659,0.99,0.03,0.04,0.1443,0.065,0.7653,none
9b,degraded_instruct,healthy_q8,q4_boundary_pair_72_28,low,1400,0.9429,0.8514,0.9757,0.9907,0.0221,0.0207,0.0814,0.0357,0.8323,none
9b,degraded_instruct,healthy_q8,q4_boundary_pair_72_28,medium,1400,0.9607,0.8529,0.9724,0.9893,0.0236,0.0264,0.0979,0.0536,0.83,none
9b,degraded_instruct,healthy_q8,q4_generalist_pair_72_28,extreme,1400,0.9429,0.7436,0.9586,0.9886,0.0493,0.0493,0.2029,0.0507,0.7002,none
9b,degraded_instruct,healthy_q8,q4_generalist_pair_72_28,high,1400,0.9457,0.7936,0.9622,0.9864,0.0457,0.015,0.1571,0.0493,0.7618,none
9b,degraded_instruct,healthy_q8,q4_generalist_pair_72_28,low,1400,0.9471,0.8536,0.9751,0.99,0.02,0.0107,0.0921,0.035,0.8363,none
9b,degraded_instruct,healthy_q8,q4_generalist_pair_72_28,medium,1400,0.9629,0.8493,0.9719,0.9886,0.025,0.0214,0.1064,0.0507,0.8265,none
9b,degraded_instruct,q8_k_m,q2_amplifier_low_echo,extreme,1400,0.9214,0.4436,0.9179,0.9929,0.0586,0.3657,0.26,0.0457,0.3298,none
9b,degraded_instruct,q8_k_m,q2_amplifier_low_echo,high,1400,0.9264,0.5507,0.9366,0.9893,0.0443,0.3093,0.175,0.0543,0.4589,none
9b,degraded_instruct,q8_k_m,q2_amplifier_low_echo,low,1400,0.9286,0.6679,0.953,0.9907,0.0386,0.1907,0.1293,0.0329,0.6062,none
9b,degraded_instruct,q8_k_m,q2_amplifier_low_echo,medium,1400,0.9293,0.6021,0.9428,0.9879,0.0436,0.2579,0.145,0.0493,0.5234,none
9b,degraded_instruct,q8_k_m,q3_routed_tri_68,extreme,1400,0.9536,0.7364,0.961,0.99,0.0393,0.0664,0.1943,0.0564,0.693,none
9b,degraded_instruct,q8_k_m,q3_routed_tri_68,high,1400,0.9679,0.8057,0.9692,0.9857,0.0257,0.0364,0.1414,0.0507,0.7769,none
9b,degraded_instruct,q8_k_m,q3_routed_tri_68,low,1400,0.9536,0.8757,0.9791,0.9886,0.015,0.0179,0.0693,0.0321,0.8605,none
9b,degraded_instruct,q8_k_m,q3_routed_tri_68,medium,1400,0.9721,0.8507,0.9765,0.99,0.0186,0.0386,0.0971,0.0429,0.8275,none
9b,degraded_instruct,q8_k_m,q3_stability_tri_72,extreme,1400,0.96,0.7357,0.9614,0.9864,0.0286,0.0714,0.1936,0.07,0.6939,none
9b,degraded_instruct,q8_k_m,q3_stability_tri_72,high,1400,0.9579,0.8021,0.9691,0.9929,0.0343,0.0521,0.1236,0.0521,0.7689,none
9b,degraded_instruct,q8_k_m,q3_stability_tri_72,low,1400,0.9514,0.8657,0.9776,0.9893,0.0164,0.0214,0.0736,0.0343,0.8489,none
9b,degraded_instruct,q8_k_m,q3_stability_tri_72,medium,1400,0.9664,0.8414,0.9747,0.99,0.0179,0.0393,0.1014,0.05,0.8176,none
9b,degraded_instruct,q8_k_m,q4_boundary_pair_72_28,extreme,1400,0.96,0.735,0.9633,0.9893,0.0329,0.0643,0.1957,0.0529,0.694,none
9b,degraded_instruct,q8_k_m,q4_boundary_pair_72_28,high,1400,0.9614,0.82,0.9686,0.9893,0.0314,0.0286,0.1357,0.0514,0.7914,none
9b,degraded_instruct,q8_k_m,q4_boundary_pair_72_28,low,1400,0.9443,0.8557,0.9755,0.99,0.0164,0.0214,0.0771,0.0429,0.8382,none
9b,degraded_instruct,q8_k_m,q4_boundary_pair_72_28,medium,1400,0.9586,0.8357,0.9718,0.9893,0.0293,0.0307,0.105,0.045,0.8101,none
9b,degraded_instruct,q8_k_m,q4_generalist_pair_72_28,extreme,1400,0.9457,0.745,0.9582,0.9929,0.045,0.0479,0.1936,0.0693,0.703,none
9b,degraded_instruct,q8_k_m,q4_generalist_pair_72_28,high,1400,0.9571,0.8121,0.9674,0.9943,0.0386,0.0236,0.1379,0.0507,0.7823,none
9b,degraded_instruct,q8_k_m,q4_generalist_pair_72_28,low,1400,0.9464,0.8707,0.9782,0.9943,0.0157,0.0114,0.0714,0.0386,0.8561,none
9b,degraded_instruct,q8_k_m,q4_generalist_pair_72_28,medium,1400,0.96,0.845,0.9704,0.9886,0.0243,0.0243,0.1057,0.0586,0.8215,none
9b,instruct,base_f16,q2_amplifier_low_echo,extreme,1400,0.9179,0.4886,0.921,0.9929,0.0493,0.3357,0.2479,0.0636,0.3836,none
9b,instruct,base_f16,q2_amplifier_low_echo,high,1400,0.9329,0.5636,0.938,0.9943,0.0471,0.2857,0.1857,0.0536,0.4748,none
9b,instruct,base_f16,q2_amplifier_low_echo,low,1400,0.9279,0.6357,0.9507,0.9914,0.0357,0.2193,0.1264,0.035,0.5693,none
9b,instruct,base_f16,q2_amplifier_low_echo,medium,1400,0.9386,0.62,0.9468,0.9907,0.0421,0.245,0.1343,0.0436,0.5454,none
9b,instruct,base_f16,q3_routed_tri_68,extreme,1400,0.96,0.7707,0.9625,0.9843,0.0314,0.0593,0.1579,0.07,0.7333,none
9b,instruct,base_f16,q3_routed_tri_68,high,1400,0.9686,0.8236,0.972,0.9886,0.0236,0.0314,0.1307,0.0471,0.7974,none
9b,instruct,base_f16,q3_routed_tri_68,low,1400,0.9486,0.8579,0.9789,0.9943,0.0157,0.0243,0.0743,0.0357,0.8406,none
9b,instruct,base_f16,q3_routed_tri_68,medium,1400,0.9714,0.8686,0.9776,0.9921,0.0186,0.0229,0.0886,0.0421,0.8492,none
9b,instruct,base_f16,q3_stability_tri_72,extreme,1400,0.9579,0.7907,0.9635,0.99,0.0343,0.0536,0.1457,0.0721,0.7545,none
9b,instruct,base_f16,q3_stability_tri_72,high,1400,0.9679,0.8386,0.9716,0.9907,0.0207,0.03,0.1171,0.0607,0.8139,none
9b,instruct,base_f16,q3_stability_tri_72,low,1400,0.9471,0.8636,0.9775,0.9864,0.01,0.0186,0.0714,0.0407,0.8491,none
9b,instruct,base_f16,q3_stability_tri_72,medium,1400,0.9679,0.8679,0.9747,0.9836,0.0193,0.0307,0.0814,0.0486,0.847,none
9b,instruct,base_f16,q4_boundary_pair_72_28,extreme,1400,0.9636,0.7743,0.9656,0.9886,0.0336,0.0607,0.1564,0.0543,0.7368,none
9b,instruct,base_f16,q4_boundary_pair_72_28,high,1400,0.9736,0.8307,0.9733,0.9886,0.0214,0.0293,0.1286,0.0443,0.8059,none
9b,instruct,base_f16,q4_boundary_pair_72_28,low,1400,0.9579,0.88,0.9808,0.99,0.015,0.0121,0.0707,0.0271,0.8661,none
9b,instruct,base_f16,q4_boundary_pair_72_28,medium,1400,0.9664,0.8514,0.9749,0.99,0.0207,0.0279,0.0971,0.0464,0.8296,none
9b,instruct,base_f16,q4_generalist_pair_72_28,extreme,1400,0.9714,0.7843,0.9697,0.9929,0.0236,0.0436,0.1636,0.0536,0.7527,none
9b,instruct,base_f16,q4_generalist_pair_72_28,high,1400,0.9721,0.84,0.9728,0.9929,0.0207,0.015,0.13,0.0529,0.8177,none
9b,instruct,base_f16,q4_generalist_pair_72_28,low,1400,0.9514,0.8864,0.9793,0.9886,0.0114,0.0064,0.0657,0.0371,0.8746,none
9b,instruct,base_f16,q4_generalist_pair_72_28,medium,1400,0.9686,0.8764,0.9756,0.9943,0.0193,0.0086,0.09,0.0521,0.8591,none
9b,instruct,collapsed_q2_edge,q2_amplifier_low_echo,extreme,1400,0.4221,0.1643,0.6415,0.7086,0.2586,0.3414,0.7686,0.7836,-0.0822,distractor_capture
9b,instruct,collapsed_q2_edge,q2_amplifier_low_echo,high,1400,0.5057,0.2593,0.7044,0.7836,0.2021,0.275,0.5007,0.66,0.0706,none
9b,instruct,collapsed_q2_edge,q2_amplifier_low_echo,low,1400,0.6964,0.4186,0.8335,0.835,0.1171,0.2021,0.2993,0.2036,0.3089,none
9b,instruct,collapsed_q2_edge,q2_amplifier_low_echo,medium,1400,0.5871,0.3129,0.7657,0.8214,0.18,0.2686,0.4114,0.4336,0.1505,none
9b,instruct,collapsed_q2_edge,q3_routed_tri_68,extreme,1400,0.12,0.0543,0.3682,0.6343,0.4164,0.055,0.7729,2.3957,-0.2633,cascade
9b,instruct,collapsed_q2_edge,q3_routed_tri_68,high,1400,0.1964,0.1486,0.4508,0.6814,0.3179,0.0357,0.4964,1.8971,-0.0885,cascade
9b,instruct,collapsed_q2_edge,q3_routed_tri_68,low,1400,0.3679,0.2821,0.6635,0.7736,0.1507,0.0121,0.2557,0.8214,0.173,none
9b,instruct,collapsed_q2_edge,q3_routed_tri_68,medium,1400,0.2921,0.2286,0.5551,0.7243,0.2493,0.025,0.3657,1.4057,0.0492,cascade
9b,instruct,collapsed_q2_edge,q3_stability_tri_72,extreme,1400,0.1507,0.0629,0.4004,0.6193,0.3879,0.0629,0.7379,2.2064,-0.2354,cascade
9b,instruct,collapsed_q2_edge,q3_stability_tri_72,high,1400,0.2279,0.1607,0.4752,0.6921,0.3121,0.0314,0.5036,1.7671,-0.0679,cascade
9b,instruct,collapsed_q2_edge,q3_stability_tri_72,low,1400,0.3943,0.3093,0.6798,0.7843,0.1636,0.015,0.2486,0.7571,0.1995,none
9b,instruct,collapsed_q2_edge,q3_stability_tri_72,medium,1400,0.315,0.2586,0.5785,0.7464,0.2314,0.0229,0.3586,1.325,0.0896,none
9b,instruct,collapsed_q2_edge,q4_boundary_pair_72_28,extreme,1400,0.0507,0.0243,0.2392,0.5186,0.5014,0.0479,0.7814,3.0829,-0.3524,cascade
9b,instruct,collapsed_q2_edge,q4_boundary_pair_72_28,high,1400,0.0943,0.0721,0.3155,0.5979,0.3929,0.0279,0.5071,2.5157,-0.2176,cascade
9b,instruct,collapsed_q2_edge,q4_boundary_pair_72_28,low,1400,0.2107,0.1579,0.5428,0.7307,0.1807,0.01,0.2686,1.2064,0.0198,low_score
9b,instruct,collapsed_q2_edge,q4_boundary_pair_72_28,medium,1400,0.1664,0.1371,0.4225,0.6493,0.3079,0.02,0.3643,1.9393,-0.0853,cascade
9b,instruct,collapsed_q2_edge,q4_generalist_pair_72_28,extreme,1400,0.035,0.0186,0.2229,0.525,0.5071,0.0343,0.7993,3.2629,-0.3675,cascade
9b,instruct,collapsed_q2_edge,q4_generalist_pair_72_28,high,1400,0.09,0.0686,0.3035,0.6221,0.4279,0.0157,0.5829,2.5664,-0.2379,cascade
9b,instruct,collapsed_q2_edge,q4_generalist_pair_72_28,low,1400,0.1936,0.1521,0.516,0.7229,0.23,0.0079,0.2664,1.2571,-0.0026,cascade
9b,instruct,collapsed_q2_edge,q4_generalist_pair_72_28,medium,1400,0.1407,0.1143,0.3973,0.6543,0.3121,0.015,0.4021,2.075,-0.1183,cascade
9b,instruct,damaged_q2,q2_amplifier_low_echo,extreme,1400,0.6564,0.2436,0.7917,0.8207,0.1914,0.325,0.67,0.1814,0.0585,distractor_capture
9b,instruct,damaged_q2,q2_amplifier_low_echo,high,1400,0.7621,0.3714,0.8547,0.8821,0.1457,0.2729,0.4271,0.1143,0.2333,none
9b,instruct,damaged_q2,q2_amplifier_low_echo,low,1400,0.8543,0.5364,0.9112,0.9343,0.09,0.1886,0.2621,0.0471,0.4484,none
9b,instruct,damaged_q2,q2_amplifier_low_echo,medium,1400,0.815,0.455,0.8834,0.8986,0.1121,0.24,0.325,0.0836,0.3432,none
9b,instruct,damaged_q2,q3_routed_tri_68,extreme,1400,0.4307,0.2279,0.6351,0.7707,0.2514,0.0586,0.6264,1.1686,0.0322,cascade
9b,instruct,damaged_q2,q3_routed_tri_68,high,1400,0.5079,0.3514,0.7044,0.8507,0.2114,0.0321,0.4271,0.8636,0.2042,none
9b,instruct,damaged_q2,q3_routed_tri_68,low,1400,0.7279,0.5614,0.8692,0.9021,0.0814,0.0136,0.2436,0.2436,0.5026,none
9b,instruct,damaged_q2,q3_routed_tri_68,medium,1400,0.6229,0.4493,0.7837,0.8607,0.1507,0.0314,0.3243,0.5629,0.3437,none
9b,instruct,damaged_q2,q3_stability_tri_72,extreme,1400,0.4729,0.2443,0.6783,0.7807,0.2164,0.0664,0.615,0.9757,0.0681,distractor_capture
9b,instruct,damaged_q2,q3_stability_tri_72,high,1400,0.5343,0.3793,0.7225,0.8243,0.18,0.0343,0.4136,0.7943,0.2456,none
9b,instruct,damaged_q2,q3_stability_tri_72,low,1400,0.7314,0.5671,0.8719,0.905,0.0929,0.0157,0.2371,0.2257,0.5059,none
9b,instruct,damaged_q2,q3_stability_tri_72,medium,1400,0.675,0.5071,0.8123,0.8679,0.1214,0.02,0.315,0.4764,0.4177,none
9b,instruct,damaged_q2,q4_boundary_pair_72_28,extreme,1400,0.2436,0.1257,0.5103,0.7221,0.2993,0.0407,0.6429,1.8021,-0.1137,cascade
9b,instruct,damaged_q2,q4_boundary_pair_72_28,high,1400,0.3414,0.2486,0.5655,0.7493,0.2357,0.0271,0.42,1.4593,0.0659,none
9b,instruct,damaged_q2,q4_boundary_pair_72_28,low,1400,0.4264,0.3379,0.7153,0.8007,0.1286,0.0136,0.2329,0.67,0.2444,none
9b,instruct,damaged_q2,q4_boundary_pair_72_28,medium,1400,0.4293,0.3371,0.6602,0.7986,0.175,0.0193,0.31,1.0786,0.2021,none
9b,instruct,damaged_q2,q4_generalist_pair_72_28,extreme,1400,0.2114,0.1143,0.4723,0.6964,0.3293,0.035,0.6621,1.9579,-0.1424,cascade
9b,instruct,damaged_q2,q4_generalist_pair_72_28,high,1400,0.2707,0.2079,0.5274,0.7493,0.2771,0.0157,0.4579,1.6093,0.0045,cascade
9b,instruct,damaged_q2,q4_generalist_pair_72_28,low,1400,0.4457,0.36,0.732,0.8371,0.12,0.0057,0.2179,0.6593,0.2725,none
9b,instruct,damaged_q2,q4_generalist_pair_72_28,medium,1400,0.4021,0.3157,0.6402,0.7757,0.18,0.0171,0.3421,1.1357,0.1741,none
9b,instruct,damaged_q3,q2_amplifier_low_echo,extreme,1400,0.8379,0.3236,0.8775,0.9686,0.1143,0.3643,0.4864,0.055,0.1748,distractor_capture
9b,instruct,damaged_q3,q2_amplifier_low_echo,high,1400,0.8857,0.4686,0.9143,0.9843,0.09,0.2929,0.3007,0.0507,0.3564,none
9b,instruct,damaged_q3,q2_amplifier_low_echo,low,1400,0.8857,0.5929,0.9341,0.9843,0.0693,0.185,0.1957,0.0443,0.5172,none
9b,instruct,damaged_q3,q2_amplifier_low_echo,medium,1400,0.8771,0.515,0.9197,0.9879,0.0964,0.2443,0.2564,0.0493,0.4142,none
9b,instruct,damaged_q3,q3_routed_tri_68,extreme,1400,0.8679,0.5543,0.9179,0.96,0.105,0.0543,0.3914,0.0729,0.477,none
9b,instruct,damaged_q3,q3_routed_tri_68,high,1400,0.8764,0.6264,0.9305,0.9857,0.1071,0.0393,0.2893,0.0679,0.5599,none
9b,instruct,damaged_q3,q3_routed_tri_68,low,1400,0.9143,0.7564,0.9608,0.9914,0.0586,0.0229,0.1529,0.0307,0.7205,none
9b,instruct,damaged_q3,q3_routed_tri_68,medium,1400,0.9129,0.7179,0.9514,0.9857,0.07,0.025,0.2171,0.0414,0.6724,none
9b,instruct,damaged_q3,q3_stability_tri_72,extreme,1400,0.8586,0.53,0.9122,0.9643,0.1157,0.06,0.4207,0.0779,0.4457,none
9b,instruct,damaged_q3,q3_stability_tri_72,high,1400,0.8936,0.6464,0.9376,0.9821,0.0879,0.0321,0.2886,0.0571,0.5877,none
9b,instruct,damaged_q3,q3_stability_tri_72,low,1400,0.905,0.7586,0.9575,0.9864,0.0621,0.015,0.1514,0.0357,0.723,none
9b,instruct,damaged_q3,q3_stability_tri_72,medium,1400,0.9029,0.7279,0.9473,0.9893,0.0821,0.0229,0.1921,0.0557,0.6805,none
9b,instruct,damaged_q3,q4_boundary_pair_72_28,extreme,1400,0.7586,0.4821,0.858,0.89,0.1564,0.0557,0.3743,0.2479,0.3817,none
9b,instruct,damaged_q3,q4_boundary_pair_72_28,high,1400,0.785,0.5871,0.8771,0.9186,0.1214,0.0279,0.2814,0.2429,0.5105,none
9b,instruct,damaged_q3,q4_boundary_pair_72_28,low,1400,0.8814,0.7271,0.9411,0.9521,0.065,0.0114,0.1693,0.0571,0.689,none
9b,instruct,damaged_q3,q4_boundary_pair_72_28,medium,1400,0.85,0.6864,0.9206,0.9279,0.0864,0.02,0.2043,0.1064,0.6348,none
9b,instruct,damaged_q3,q4_generalist_pair_72_28,extreme,1400,0.8,0.4936,0.8723,0.9357,0.1257,0.0357,0.4357,0.2579,0.401,none
9b,instruct,damaged_q3,q4_generalist_pair_72_28,high,1400,0.8236,0.6157,0.896,0.94,0.1029,0.0136,0.2971,0.1921,0.5488,none
9b,instruct,damaged_q3,q4_generalist_pair_72_28,low,1400,0.9093,0.7521,0.9565,0.9871,0.0586,0.0043,0.1757,0.0364,0.7178,none
9b,instruct,damaged_q3,q4_generalist_pair_72_28,medium,1400,0.88,0.6907,0.9338,0.9736,0.08,0.0079,0.2329,0.0929,0.6419,none
9b,instruct,damaged_q4,q2_amplifier_low_echo,extreme,1400,0.8514,0.3871,0.8915,0.9871,0.1143,0.34,0.3857,0.0543,0.2513,none
9b,instruct,damaged_q4,q2_amplifier_low_echo,high,1400,0.8857,0.4793,0.9179,0.9893,0.0907,0.2836,0.2771,0.0493,0.3707,none
9b,instruct,damaged_q4,q2_amplifier_low_echo,low,1400,0.9114,0.6079,0.9432,0.9929,0.05,0.2157,0.1686,0.0393,0.5343,none
9b,instruct,damaged_q4,q2_amplifier_low_echo,medium,1400,0.885,0.5343,0.9243,0.99,0.09,0.2514,0.2236,0.0479,0.4367,none
9b,instruct,damaged_q4,q3_routed_tri_68,extreme,1400,0.9,0.5936,0.9359,0.9914,0.0893,0.0686,0.3293,0.0586,0.5238,none
9b,instruct,damaged_q4,q3_routed_tri_68,high,1400,0.9186,0.7143,0.9512,0.9936,0.0714,0.0229,0.2357,0.045,0.6672,none
9b,instruct,damaged_q4,q3_routed_tri_68,low,1400,0.9243,0.8093,0.9668,0.9921,0.0407,0.0193,0.1107,0.0393,0.7824,none
9b,instruct,damaged_q4,q3_routed_tri_68,medium,1400,0.9236,0.7529,0.9568,0.995,0.0629,0.03,0.1693,0.0514,0.7119,none
9b,instruct,damaged_q4,q3_stability_tri_72,extreme,1400,0.9014,0.615,0.9358,0.9914,0.0907,0.0436,0.3321,0.0593,0.5495,none
9b,instruct,damaged_q4,q3_stability_tri_72,high,1400,0.9236,0.7079,0.9505,0.9914,0.0664,0.0314,0.2343,0.055,0.6601,none
9b,instruct,damaged_q4,q3_stability_tri_72,low,1400,0.9279,0.8043,0.9674,0.99,0.0371,0.0129,0.125,0.0371,0.7787,none
9b,instruct,damaged_q4,q3_stability_tri_72,medium,1400,0.9243,0.7621,0.9573,0.9893,0.0579,0.03,0.1643,0.0529,0.723,none
9b,instruct,damaged_q4,q4_boundary_pair_72_28,extreme,1400,0.8629,0.59,0.9208,0.9736,0.1171,0.055,0.3236,0.08,0.514,none
9b,instruct,damaged_q4,q4_boundary_pair_72_28,high,1400,0.9014,0.7086,0.9436,0.9764,0.0771,0.0221,0.2207,0.0614,0.6603,none
9b,instruct,damaged_q4,q4_boundary_pair_72_28,low,1400,0.9186,0.7914,0.9645,0.9907,0.0479,0.0186,0.1257,0.0357,0.7615,none
9b,instruct,damaged_q4,q4_boundary_pair_72_28,medium,1400,0.9264,0.7657,0.96,0.9943,0.0593,0.0193,0.1714,0.0407,0.7283,none
9b,instruct,damaged_q4,q4_generalist_pair_72_28,extreme,1400,0.8921,0.5814,0.9292,0.9921,0.0986,0.0386,0.3886,0.0636,0.5099,none
9b,instruct,damaged_q4,q4_generalist_pair_72_28,high,1400,0.895,0.6793,0.9394,0.9879,0.0871,0.0143,0.26,0.0657,0.6262,none
9b,instruct,damaged_q4,q4_generalist_pair_72_28,low,1400,0.9314,0.8186,0.9684,0.9879,0.0321,0.0057,0.1214,0.0379,0.7962,none
9b,instruct,damaged_q4,q4_generalist_pair_72_28,medium,1400,0.9229,0.77,0.9575,0.9871,0.0593,0.015,0.1579,0.0479,0.7342,none
9b,instruct,healthy_q6,q2_amplifier_low_echo,extreme,1400,0.8979,0.4336,0.908,0.9907,0.0736,0.3471,0.315,0.0636,0.3137,none
9b,instruct,healthy_q6,q2_amplifier_low_echo,high,1400,0.91,0.5307,0.9306,0.9907,0.0629,0.2936,0.2071,0.0514,0.434,none
9b,instruct,healthy_q6,q2_amplifier_low_echo,low,1400,0.9257,0.6429,0.9494,0.9871,0.0414,0.1943,0.1479,0.0314,0.5782,none
9b,instruct,healthy_q6,q2_amplifier_low_echo,medium,1400,0.9257,0.6021,0.9407,0.9914,0.0557,0.2436,0.1614,0.045,0.5215,none
9b,instruct,healthy_q6,q3_routed_tri_68,extreme,1400,0.9343,0.6679,0.9513,0.99,0.06,0.0679,0.2579,0.05,0.6132,none
9b,instruct,healthy_q6,q3_routed_tri_68,high,1400,0.9429,0.7736,0.9613,0.9914,0.0493,0.0229,0.1707,0.05,0.7381,none
9b,instruct,healthy_q6,q3_routed_tri_68,low,1400,0.9343,0.8307,0.9721,0.9936,0.0286,0.0157,0.1014,0.0371,0.809,none
9b,instruct,healthy_q6,q3_routed_tri_68,medium,1400,0.9514,0.8043,0.968,0.9907,0.0364,0.025,0.1393,0.0421,0.7751,none
9b,instruct,healthy_q6,q3_stability_tri_72,extreme,1400,0.9421,0.6936,0.955,0.9929,0.0514,0.0543,0.24,0.0579,0.6452,none
9b,instruct,healthy_q6,q3_stability_tri_72,high,1400,0.9579,0.7871,0.9645,0.9957,0.0364,0.0236,0.1721,0.0586,0.7548,none
9b,instruct,healthy_q6,q3_stability_tri_72,low,1400,0.9343,0.8286,0.9727,0.9943,0.0257,0.0186,0.0936,0.0421,0.8076,none
9b,instruct,healthy_q6,q3_stability_tri_72,medium,1400,0.9493,0.8136,0.9685,0.9957,0.04,0.0329,0.1229,0.0464,0.7829,none
9b,instruct,healthy_q6,q4_boundary_pair_72_28,extreme,1400,0.92,0.6857,0.9472,0.9879,0.0729,0.0507,0.2421,0.0571,0.6315,none
9b,instruct,healthy_q6,q4_boundary_pair_72_28,high,1400,0.9529,0.7729,0.9614,0.9864,0.0379,0.0257,0.1843,0.0564,0.7388,none
9b,instruct,healthy_q6,q4_boundary_pair_72_28,low,1400,0.9429,0.8479,0.9741,0.9871,0.0279,0.0164,0.0843,0.0314,0.8279,none
9b,instruct,healthy_q6,q4_boundary_pair_72_28,medium,1400,0.9336,0.8029,0.9609,0.9907,0.0471,0.0186,0.1307,0.0629,0.7714,none
9b,instruct,healthy_q6,q4_generalist_pair_72_28,extreme,1400,0.9357,0.6771,0.9499,0.9943,0.0593,0.0271,0.2836,0.0607,0.6282,none
9b,instruct,healthy_q6,q4_generalist_pair_72_28,high,1400,0.9314,0.77,0.9586,0.99,0.06,0.0164,0.17,0.0457,0.7328,none
9b,instruct,healthy_q6,q4_generalist_pair_72_28,low,1400,0.935,0.8371,0.9711,0.9893,0.0321,0.0071,0.1021,0.0343,0.8162,none
9b,instruct,healthy_q6,q4_generalist_pair_72_28,medium,1400,0.9386,0.8221,0.9636,0.9871,0.0479,0.0086,0.1264,0.0479,0.7936,none
9b,instruct,healthy_q8,q2_amplifier_low_echo,extreme,1400,0.8964,0.4429,0.9115,0.9893,0.0686,0.3507,0.2707,0.0643,0.3273,none
9b,instruct,healthy_q8,q2_amplifier_low_echo,high,1400,0.9136,0.545,0.9314,0.9921,0.0614,0.2793,0.2014,0.0586,0.4517,none
9b,instruct,healthy_q8,q2_amplifier_low_echo,low,1400,0.9314,0.6293,0.9505,0.9893,0.0379,0.2057,0.1493,0.0307,0.5633,none
9b,instruct,healthy_q8,q2_amplifier_low_echo,medium,1400,0.9279,0.6236,0.9455,0.9871,0.0457,0.2293,0.1507,0.0421,0.5498,none
9b,instruct,healthy_q8,q3_routed_tri_68,extreme,1400,0.9336,0.7114,0.9522,0.9829,0.0557,0.0571,0.2086,0.0643,0.6634,none
9b,instruct,healthy_q8,q3_routed_tri_68,high,1400,0.9493,0.7879,0.965,0.99,0.0429,0.0286,0.1586,0.0436,0.7544,none
9b,instruct,healthy_q8,q3_routed_tri_68,low,1400,0.9486,0.8636,0.9777,0.9914,0.02,0.0157,0.0757,0.0321,0.8468,none
9b,instruct,healthy_q8,q3_routed_tri_68,medium,1400,0.9493,0.835,0.9699,0.9907,0.0343,0.0221,0.1114,0.0457,0.8091,none
9b,instruct,healthy_q8,q3_stability_tri_72,extreme,1400,0.9464,0.7271,0.9584,0.9879,0.0436,0.06,0.2007,0.06,0.683,none
9b,instruct,healthy_q8,q3_stability_tri_72,high,1400,0.9514,0.79,0.9648,0.9936,0.04,0.0286,0.1529,0.0557,0.7573,none
9b,instruct,healthy_q8,q3_stability_tri_72,low,1400,0.9464,0.8693,0.9774,0.99,0.0143,0.0107,0.0757,0.0386,0.8549,none
9b,instruct,healthy_q8,q3_stability_tri_72,medium,1400,0.9614,0.8479,0.9714,0.9857,0.0271,0.0229,0.1043,0.0471,0.8244,none
9b,instruct,healthy_q8,q4_boundary_pair_72_28,extreme,1400,0.95,0.7307,0.9586,0.9929,0.0443,0.0579,0.1921,0.0693,0.687,none
9b,instruct,healthy_q8,q4_boundary_pair_72_28,high,1400,0.955,0.7929,0.9652,0.9879,0.0343,0.0186,0.1643,0.0521,0.7631,none
9b,instruct,healthy_q8,q4_boundary_pair_72_28,low,1400,0.9457,0.8543,0.9753,0.9857,0.0157,0.0143,0.0886,0.0386,0.8377,none
9b,instruct,healthy_q8,q4_boundary_pair_72_28,medium,1400,0.9514,0.8414,0.971,0.99,0.0343,0.0243,0.095,0.045,0.8164,none
9b,instruct,healthy_q8,q4_generalist_pair_72_28,extreme,1400,0.94,0.71,0.9553,0.9921,0.0529,0.0414,0.2314,0.055,0.6646,none
9b,instruct,healthy_q8,q4_generalist_pair_72_28,high,1400,0.9479,0.7814,0.9607,0.9921,0.0464,0.0186,0.185,0.0536,0.7463,none
9b,instruct,healthy_q8,q4_generalist_pair_72_28,low,1400,0.9393,0.8607,0.9733,0.9864,0.0257,0.0064,0.08,0.0357,0.8435,none
9b,instruct,healthy_q8,q4_generalist_pair_72_28,medium,1400,0.9607,0.8421,0.9699,0.9893,0.0279,0.0143,0.115,0.0536,0.8191,none
9b,instruct,q8_k_m,q2_amplifier_low_echo,extreme,1400,0.9086,0.4693,0.9149,0.9914,0.0607,0.3729,0.2507,0.0557,0.3537,none
9b,instruct,q8_k_m,q2_amplifier_low_echo,high,1400,0.9257,0.5557,0.9384,0.9921,0.0457,0.2886,0.1836,0.0507,0.4671,none
9b,instruct,q8_k_m,q2_amplifier_low_echo,low,1400,0.9379,0.6521,0.955,0.995,0.0329,0.205,0.1286,0.03,0.5895,none
9b,instruct,q8_k_m,q2_amplifier_low_echo,medium,1400,0.9279,0.6029,0.9432,0.99,0.045,0.2457,0.1507,0.0493,0.5257,none
9b,instruct,q8_k_m,q3_routed_tri_68,extreme,1400,0.9521,0.7536,0.9608,0.9879,0.0386,0.0521,0.1857,0.0629,0.7136,none
9b,instruct,q8_k_m,q3_routed_tri_68,high,1400,0.9643,0.8029,0.9676,0.9914,0.0293,0.0343,0.1486,0.0579,0.7724,none
9b,instruct,q8_k_m,q3_routed_tri_68,low,1400,0.9429,0.835,0.9759,0.9957,0.0143,0.0221,0.0943,0.0429,0.8166,none
9b,instruct,q8_k_m,q3_routed_tri_68,medium,1400,0.9593,0.845,0.973,0.99,0.025,0.0293,0.0971,0.0486,0.8214,none
9b,instruct,q8_k_m,q3_stability_tri_72,extreme,1400,0.9479,0.7293,0.9577,0.9921,0.0443,0.0643,0.195,0.0693,0.6841,none
9b,instruct,q8_k_m,q3_stability_tri_72,high,1400,0.9614,0.8079,0.9673,0.9857,0.03,0.0379,0.1421,0.0529,0.7773,none
9b,instruct,q8_k_m,q3_stability_tri_72,low,1400,0.9471,0.8479,0.9747,0.9843,0.0221,0.0129,0.0936,0.0307,0.8296,none
9b,instruct,q8_k_m,q3_stability_tri_72,medium,1400,0.9671,0.8521,0.9741,0.9871,0.0214,0.0264,0.0979,0.045,0.8303,none
9b,instruct,q8_k_m,q4_boundary_pair_72_28,extreme,1400,0.9586,0.7479,0.9625,0.9871,0.0364,0.0493,0.1914,0.0536,0.7091,none
9b,instruct,q8_k_m,q4_boundary_pair_72_28,high,1400,0.96,0.8186,0.968,0.99,0.0321,0.0271,0.1364,0.0536,0.7899,none
9b,instruct,q8_k_m,q4_boundary_pair_72_28,low,1400,0.9307,0.8529,0.9731,0.9921,0.0221,0.0121,0.0714,0.0479,0.8357,none
9b,instruct,q8_k_m,q4_boundary_pair_72_28,medium,1400,0.9543,0.845,0.9708,0.9879,0.03,0.0221,0.1036,0.0479,0.8209,none
9b,instruct,q8_k_m,q4_generalist_pair_72_28,extreme,1400,0.9486,0.7336,0.9582,0.99,0.0429,0.0429,0.2086,0.0643,0.6922,none
9b,instruct,q8_k_m,q4_generalist_pair_72_28,high,1400,0.9564,0.8179,0.9672,0.9879,0.0364,0.0164,0.1457,0.045,0.7897,none
9b,instruct,q8_k_m,q4_generalist_pair_72_28,low,1400,0.9471,0.8664,0.9766,0.9914,0.0214,0.0071,0.0793,0.0329,0.8506,none
9b,instruct,q8_k_m,q4_generalist_pair_72_28,medium,1400,0.9693,0.8786,0.9771,0.9871,0.0221,0.015,0.0814,0.0364,0.8606,none
