model,substrate,quant,stack,trials,pass_rate,clean_pass_rate,mean_score,classified_rate,cascade_rate,echo_rate,avg_distractors,avg_missing_required,stability_score,top_failure
27b,base,base_f16,baseline,4800,0.8823,0.8027,0.922,0.9567,0.0171,0.0133,0.0894,0.285,0.7735,none
27b,base,base_f16,cognitive_25_structural_75,4800,0.9715,0.8644,0.9763,0.9906,0.0152,0.0206,0.0977,0.049,0.8454,none
27b,base,base_f16,cognitive_cyber_equal,4800,0.9625,0.8083,0.9739,0.9919,0.0215,0.0675,0.104,0.0479,0.7777,none
27b,base,base_f16,cognitive_only,4800,0.9623,0.8271,0.9737,0.9912,0.0192,0.0452,0.1077,0.0523,0.8011,none
27b,base,base_f16,cognitive_structural_equal,4800,0.9688,0.8458,0.9752,0.9896,0.0181,0.0335,0.1042,0.0458,0.8231,none
27b,base,base_f16,cyber_25_structural_75,4800,0.965,0.8517,0.973,0.9904,0.0185,0.0325,0.0946,0.0604,0.829,none
27b,base,base_f16,cyber_only,4800,0.9642,0.7975,0.9736,0.991,0.0179,0.0827,0.1052,0.0525,0.7645,none
27b,base,base_f16,cyber_structural_equal,4800,0.9656,0.8329,0.9749,0.99,0.019,0.0531,0.0938,0.0485,0.8067,none
27b,base,base_f16,structural_only,4800,0.9633,0.8546,0.9732,0.9933,0.0192,0.0175,0.1019,0.0579,0.8343,none
27b,base,base_f16,tri_equal,4800,0.9637,0.8173,0.9735,0.9898,0.0202,0.0692,0.0942,0.0529,0.7872,none
27b,base,base_f16,tri_naive_all_fire,4800,0.9204,0.5458,0.9333,0.986,0.0467,0.3167,0.166,0.0496,0.4527,none
27b,base,base_f16,tri_routed_68_20_12,4800,0.9665,0.8458,0.9752,0.9888,0.0163,0.0377,0.0969,0.0498,0.8232,none
27b,base,base_f16,tri_routed_72_18_10,4800,0.9738,0.8508,0.9775,0.9908,0.0131,0.039,0.0958,0.0458,0.8291,none
27b,base,base_f16,tri_stability_70,4800,0.966,0.8458,0.9745,0.9906,0.0181,0.0394,0.0946,0.0519,0.8224,none
27b,base,base_f16,tri_structural_65,4800,0.969,0.8442,0.9759,0.9894,0.0175,0.0408,0.099,0.0452,0.8206,none
27b,base,collapsed_q2_edge,baseline,4800,0.0079,0.0075,0.094,0.3798,0.5004,0.0112,0.5221,3.9971,-0.3865,cascade
27b,base,collapsed_q2_edge,cognitive_25_structural_75,4800,0.3123,0.2354,0.5849,0.7971,0.23,0.0198,0.4069,1.4123,0.0593,none
27b,base,collapsed_q2_edge,cognitive_cyber_equal,4800,0.0956,0.0692,0.3527,0.7579,0.341,0.0735,0.4573,2.4802,-0.2084,cascade
27b,base,collapsed_q2_edge,cognitive_only,4800,0.0431,0.0331,0.2573,0.6683,0.3827,0.0419,0.4954,2.9925,-0.2793,cascade
27b,base,collapsed_q2_edge,cognitive_structural_equal,4800,0.2133,0.1604,0.5024,0.7942,0.2581,0.0308,0.4415,1.8004,-0.0485,primitive_gap
27b,base,collapsed_q2_edge,cyber_25_structural_75,4800,0.3554,0.2596,0.6074,0.7771,0.2233,0.029,0.3912,1.2767,0.0917,none
27b,base,collapsed_q2_edge,cyber_only,4800,0.0765,0.0544,0.2993,0.6658,0.35,0.0792,0.449,2.7292,-0.2388,cascade
27b,base,collapsed_q2_edge,cyber_structural_equal,4800,0.2623,0.1856,0.527,0.7573,0.2498,0.0554,0.404,1.6292,-0.0142,cascade
27b,base,collapsed_q2_edge,structural_only,4800,0.2504,0.1948,0.5089,0.6831,0.2517,0.0152,0.4267,1.6619,-0.001,cascade
27b,base,collapsed_q2_edge,tri_equal,4800,0.3071,0.2177,0.5841,0.8485,0.2452,0.0729,0.4071,1.4306,0.0255,cascade
27b,base,collapsed_q2_edge,tri_naive_all_fire,4800,0.4425,0.2354,0.6811,0.87,0.1871,0.309,0.4502,0.8908,0.0369,none
27b,base,collapsed_q2_edge,tri_routed_68_20_12,4800,0.5658,0.3935,0.753,0.864,0.166,0.0465,0.3925,0.709,0.2676,none
27b,base,collapsed_q2_edge,tri_routed_72_18_10,4800,0.5906,0.4227,0.7686,0.8635,0.1656,0.0327,0.3806,0.6348,0.3043,none
27b,base,collapsed_q2_edge,tri_stability_70,4800,0.5846,0.429,0.7575,0.8652,0.1698,0.0346,0.3698,0.6948,0.3068,none
27b,base,collapsed_q2_edge,tri_structural_65,4800,0.5377,0.3854,0.7349,0.8654,0.1698,0.0429,0.3877,0.7987,0.2549,none
27b,base,damaged_q2,baseline,4800,0.041,0.0323,0.2413,0.5125,0.3058,0.0129,0.41,3.0256,-0.2461,classification_miss
27b,base,damaged_q2,cognitive_25_structural_75,4800,0.6804,0.4996,0.8198,0.9254,0.1346,0.0235,0.3463,0.5056,0.4015,none
27b,base,damaged_q2,cognitive_cyber_equal,4800,0.2835,0.2077,0.5698,0.8796,0.2033,0.0821,0.3654,1.6073,0.0207,primitive_gap
27b,base,damaged_q2,cognitive_only,4800,0.169,0.1279,0.4649,0.8156,0.2375,0.0473,0.4142,2.0556,-0.0887,primitive_gap
27b,base,damaged_q2,cognitive_structural_equal,4800,0.5283,0.39,0.7342,0.9302,0.1485,0.0329,0.3627,0.9227,0.2637,none
27b,base,damaged_q2,cyber_25_structural_75,4800,0.6735,0.4965,0.8119,0.8727,0.1392,0.0315,0.3171,0.4829,0.3989,none
27b,base,damaged_q2,cyber_only,4800,0.234,0.1721,0.5021,0.7704,0.2146,0.0806,0.3798,1.8392,-0.0308,primitive_gap
27b,base,damaged_q2,cyber_structural_equal,4800,0.5465,0.3969,0.7366,0.851,0.1452,0.0542,0.335,0.8102,0.2752,none
27b,base,damaged_q2,structural_only,4800,0.5544,0.4113,0.7386,0.8227,0.1498,0.0173,0.3646,0.7794,0.2947,none
27b,base,damaged_q2,tri_equal,4800,0.6527,0.454,0.8036,0.9394,0.141,0.0712,0.3554,0.5835,0.3398,none
27b,base,damaged_q2,tri_naive_all_fire,4800,0.7285,0.3625,0.8427,0.9517,0.1354,0.316,0.3998,0.2552,0.2139,none
27b,base,damaged_q2,tri_routed_68_20_12,4800,0.8387,0.5919,0.9096,0.96,0.1087,0.0421,0.316,0.1331,0.5189,none
27b,base,damaged_q2,tri_routed_72_18_10,4800,0.8483,0.5962,0.9164,0.9625,0.1054,0.0385,0.3208,0.1031,0.5261,none
27b,base,damaged_q2,tri_stability_70,4800,0.846,0.5894,0.913,0.9613,0.1062,0.0396,0.3308,0.1158,0.5173,none
27b,base,damaged_q2,tri_structural_65,4800,0.8354,0.581,0.9068,0.9587,0.104,0.0417,0.3312,0.1473,0.5077,none
27b,base,damaged_q3,baseline,4800,0.2598,0.2202,0.5438,0.7217,0.1435,0.015,0.2681,1.7056,0.0674,primitive_gap
27b,base,damaged_q3,cognitive_25_structural_75,4800,0.9127,0.7037,0.9492,0.9885,0.0696,0.0233,0.235,0.0498,0.6569,none
27b,base,damaged_q3,cognitive_cyber_equal,4800,0.7538,0.5477,0.8631,0.9877,0.0938,0.0775,0.2673,0.4302,0.4612,none
27b,base,damaged_q3,cognitive_only,4800,0.5942,0.4596,0.7805,0.9779,0.1181,0.0456,0.2677,0.8102,0.3531,none
27b,base,damaged_q3,cognitive_structural_equal,4800,0.9046,0.6898,0.9463,0.9917,0.0756,0.0302,0.2419,0.0563,0.6389,none
27b,base,damaged_q3,cyber_25_structural_75,4800,0.9094,0.7102,0.949,0.986,0.0746,0.0338,0.2167,0.0458,0.6615,none
27b,base,damaged_q3,cyber_only,4800,0.6248,0.471,0.7918,0.9115,0.1052,0.0767,0.2508,0.681,0.37,none
27b,base,damaged_q3,cyber_structural_equal,4800,0.891,0.6748,0.9396,0.9744,0.0758,0.056,0.2285,0.0758,0.6188,none
27b,base,damaged_q3,structural_only,4800,0.8917,0.6923,0.9392,0.9683,0.0767,0.0171,0.2373,0.0667,0.6436,none
27b,base,damaged_q3,tri_equal,4800,0.9058,0.6719,0.947,0.991,0.076,0.066,0.2325,0.0537,0.6146,none
27b,base,damaged_q3,tri_naive_all_fire,4800,0.8777,0.4567,0.9118,0.9902,0.0915,0.3142,0.2902,0.0508,0.3406,none
27b,base,damaged_q3,tri_routed_68_20_12,4800,0.915,0.7029,0.9501,0.9917,0.071,0.0358,0.231,0.0475,0.6536,none
27b,base,damaged_q3,tri_routed_72_18_10,4800,0.9169,0.7123,0.9514,0.9879,0.0656,0.039,0.215,0.05,0.6651,none
27b,base,damaged_q3,tri_stability_70,4800,0.9123,0.6987,0.9499,0.9902,0.0698,0.0402,0.2258,0.05,0.6492,none
27b,base,damaged_q3,tri_structural_65,4800,0.9183,0.7023,0.9526,0.9917,0.0683,0.0469,0.215,0.0448,0.653,none
27b,base,damaged_q4,baseline,4800,0.4927,0.4196,0.7124,0.84,0.089,0.0117,0.2112,1.0577,0.3208,none
27b,base,damaged_q4,cognitive_25_structural_75,4800,0.9296,0.7667,0.9586,0.9896,0.0508,0.0169,0.1806,0.0512,0.731,none
27b,base,damaged_q4,cognitive_cyber_equal,4800,0.9154,0.7013,0.9487,0.9917,0.0638,0.074,0.1942,0.079,0.6479,none
27b,base,damaged_q4,cognitive_only,4800,0.8542,0.6708,0.9098,0.9898,0.0679,0.0444,0.2198,0.2723,0.6104,none
27b,base,damaged_q4,cognitive_structural_equal,4800,0.9306,0.7415,0.9566,0.989,0.0546,0.029,0.1958,0.0492,0.7012,none
27b,base,damaged_q4,cyber_25_structural_75,4800,0.9267,0.7525,0.9581,0.9892,0.055,0.035,0.175,0.0469,0.7127,none
27b,base,damaged_q4,cyber_only,4800,0.8662,0.6587,0.9173,0.9756,0.0596,0.0831,0.2019,0.2227,0.597,none
27b,base,damaged_q4,cyber_structural_equal,4800,0.9294,0.7342,0.9585,0.991,0.055,0.0554,0.1746,0.0485,0.6902,none
27b,base,damaged_q4,structural_only,4800,0.9217,0.75,0.9542,0.9896,0.0577,0.015,0.1935,0.0583,0.7113,none
27b,base,damaged_q4,tri_equal,4800,0.9308,0.7227,0.9577,0.9908,0.0527,0.0708,0.1842,0.0508,0.6755,none
27b,base,damaged_q4,tri_naive_all_fire,4800,0.8983,0.51,0.923,0.9902,0.0746,0.2958,0.2429,0.0456,0.4067,none
27b,base,damaged_q4,tri_routed_68_20_12,4800,0.9371,0.7517,0.9599,0.9915,0.0467,0.0429,0.1823,0.0531,0.7118,none
27b,base,damaged_q4,tri_routed_72_18_10,4800,0.9321,0.7558,0.9588,0.9883,0.0494,0.0373,0.1694,0.055,0.7173,none
27b,base,damaged_q4,tri_stability_70,4800,0.9331,0.7488,0.959,0.9923,0.0508,0.0398,0.1844,0.0506,0.7083,none
27b,base,damaged_q4,tri_structural_65,4800,0.9306,0.7417,0.959,0.989,0.0498,0.0456,0.181,0.0471,0.7008,none
27b,base,healthy_q6,baseline,4800,0.7873,0.6904,0.8698,0.9217,0.0452,0.0138,0.1452,0.4523,0.6399,none
27b,base,healthy_q6,cognitive_25_structural_75,4800,0.9494,0.8102,0.9662,0.9921,0.0354,0.0185,0.1429,0.0531,0.7818,none
27b,base,healthy_q6,cognitive_cyber_equal,4800,0.9385,0.7546,0.9617,0.9888,0.0435,0.071,0.1458,0.0577,0.7128,none
27b,base,healthy_q6,cognitive_only,4800,0.9375,0.7642,0.962,0.9904,0.0425,0.0467,0.1598,0.0552,0.7265,none
27b,base,healthy_q6,cognitive_structural_equal,4800,0.9494,0.7877,0.9651,0.9885,0.0356,0.0342,0.1475,0.0529,0.7557,none
27b,base,healthy_q6,cyber_25_structural_75,4800,0.9477,0.8131,0.9674,0.9915,0.0358,0.0275,0.1308,0.05,0.7839,none
27b,base,healthy_q6,cyber_only,4800,0.9392,0.7548,0.963,0.9879,0.0402,0.0781,0.1412,0.0556,0.713,none
27b,base,healthy_q6,cyber_structural_equal,4800,0.9546,0.7844,0.9669,0.9883,0.0275,0.0585,0.1385,0.0577,0.7504,none
27b,base,healthy_q6,structural_only,4800,0.9504,0.8142,0.9679,0.9919,0.0319,0.0142,0.1415,0.0515,0.7879,none
27b,base,healthy_q6,tri_equal,4800,0.9425,0.7588,0.9648,0.9902,0.0421,0.0733,0.1444,0.045,0.7177,none
27b,base,healthy_q6,tri_naive_all_fire,4800,0.9125,0.536,0.9291,0.9906,0.0587,0.2985,0.2048,0.0517,0.4397,none
27b,base,healthy_q6,tri_routed_68_20_12,4800,0.9563,0.806,0.9692,0.99,0.0302,0.0433,0.1281,0.0488,0.7756,none
27b,base,healthy_q6,tri_routed_72_18_10,4800,0.9483,0.7973,0.9677,0.991,0.0331,0.0385,0.1367,0.0481,0.7663,none
27b,base,healthy_q6,tri_stability_70,4800,0.9542,0.806,0.9686,0.9908,0.0306,0.0383,0.131,0.0504,0.7762,none
27b,base,healthy_q6,tri_structural_65,4800,0.9527,0.7877,0.9682,0.991,0.0331,0.0506,0.1385,0.0462,0.7542,none
27b,base,healthy_q8,baseline,4800,0.8204,0.7223,0.8893,0.9327,0.0312,0.0146,0.1302,0.3875,0.6802,none
27b,base,healthy_q8,cognitive_25_structural_75,4800,0.9542,0.8306,0.9709,0.9896,0.0254,0.0217,0.1219,0.0479,0.8065,none
27b,base,healthy_q8,cognitive_cyber_equal,4800,0.9592,0.7777,0.9702,0.989,0.024,0.0794,0.1285,0.0515,0.7418,none
27b,base,healthy_q8,cognitive_only,4800,0.9492,0.8035,0.9673,0.9873,0.0329,0.0404,0.1265,0.0512,0.7729,none
27b,base,healthy_q8,cognitive_structural_equal,4800,0.9621,0.8208,0.9718,0.9904,0.0235,0.0329,0.1246,0.0485,0.7948,none
27b,base,healthy_q8,cyber_25_structural_75,4800,0.9546,0.8292,0.9703,0.99,0.0292,0.0304,0.1131,0.0508,0.8027,none
27b,base,healthy_q8,cyber_only,4800,0.9492,0.7794,0.967,0.9881,0.0296,0.0717,0.1288,0.0575,0.743,none
27b,base,healthy_q8,cyber_structural_equal,4800,0.9608,0.8033,0.9708,0.9879,0.0227,0.0548,0.124,0.0504,0.7731,none
27b,base,healthy_q8,structural_only,4800,0.9571,0.8315,0.9701,0.9869,0.0273,0.0177,0.1246,0.0469,0.8074,none
27b,base,healthy_q8,tri_equal,4800,0.9577,0.7865,0.9708,0.9915,0.0279,0.0685,0.1256,0.0467,0.752,none
27b,base,healthy_q8,tri_naive_all_fire,4800,0.9227,0.5348,0.9325,0.9894,0.0483,0.3127,0.1852,0.049,0.4405,none
27b,base,healthy_q8,tri_routed_68_20_12,4800,0.9577,0.8106,0.9707,0.99,0.0256,0.0437,0.1273,0.0494,0.7815,none
27b,base,healthy_q8,tri_routed_72_18_10,4800,0.961,0.8252,0.9721,0.99,0.0233,0.0377,0.1135,0.0498,0.7991,none
27b,base,healthy_q8,tri_stability_70,4800,0.9625,0.8202,0.9722,0.9912,0.0206,0.039,0.1235,0.0512,0.7938,none
27b,base,healthy_q8,tri_structural_65,4800,0.9587,0.8156,0.9716,0.9888,0.024,0.0435,0.1194,0.0471,0.7878,none
27b,base,q1_k_m,baseline,4800,0.0006,0.0004,0.0202,0.1892,0.7258,0.0121,0.6017,4.7277,-0.5043,cascade
27b,base,q1_k_m,cognitive_25_structural_75,4800,0.0973,0.0769,0.3499,0.6265,0.3652,0.0202,0.49,2.3454,-0.1932,cascade
27b,base,q1_k_m,cognitive_cyber_equal,4800,0.0163,0.0138,0.1512,0.5785,0.5304,0.075,0.5467,3.5583,-0.382,cascade
27b,base,q1_k_m,cognitive_only,4800,0.0079,0.0058,0.0938,0.4925,0.6135,0.0446,0.5742,4.0465,-0.4354,cascade
27b,base,q1_k_m,cognitive_structural_equal,4800,0.0546,0.0433,0.2642,0.6106,0.4204,0.0373,0.5227,2.8254,-0.2733,cascade
27b,base,q1_k_m,cyber_25_structural_75,4800,0.1244,0.0952,0.3648,0.6202,0.3517,0.0317,0.4533,2.2894,-0.1674,cascade
27b,base,q1_k_m,cyber_only,4800,0.0156,0.0106,0.1297,0.4915,0.5329,0.0813,0.5035,3.7673,-0.3941,cascade
27b,base,q1_k_m,cyber_structural_equal,4800,0.091,0.0658,0.2993,0.6075,0.3931,0.049,0.4542,2.6415,-0.2303,cascade
27b,base,q1_k_m,structural_only,4800,0.0623,0.0494,0.2705,0.5135,0.4042,0.0165,0.5025,2.6894,-0.2498,cascade
27b,base,q1_k_m,tri_equal,4800,0.0979,0.07,0.349,0.6885,0.3694,0.0663,0.4958,2.4081,-0.2141,cascade
27b,base,q1_k_m,tri_naive_all_fire,4800,0.194,0.1087,0.4604,0.749,0.2931,0.3194,0.5379,1.7794,-0.1751,cascade
27b,base,q1_k_m,tri_routed_68_20_12,4800,0.234,0.1708,0.5078,0.7246,0.2821,0.0392,0.4804,1.645,-0.0423,cascade
27b,base,q1_k_m,tri_routed_72_18_10,4800,0.2481,0.175,0.5156,0.7206,0.2856,0.0377,0.4512,1.6069,-0.0347,cascade
27b,base,q1_k_m,tri_stability_70,4800,0.25,0.1852,0.5209,0.7219,0.2712,0.0369,0.4562,1.6004,-0.0201,cascade
27b,base,q1_k_m,tri_structural_65,4800,0.2208,0.1619,0.4871,0.7169,0.2919,0.049,0.4679,1.7429,-0.0601,cascade
27b,base,q8_k_m,baseline,4800,0.8525,0.7602,0.9034,0.941,0.0279,0.0119,0.1138,0.3335,0.7237,none
27b,base,q8_k_m,cognitive_25_structural_75,4800,0.9669,0.8488,0.9739,0.9915,0.019,0.0202,0.114,0.05,0.8274,none
27b,base,q8_k_m,cognitive_cyber_equal,4800,0.9615,0.7933,0.9716,0.9917,0.0219,0.074,0.1192,0.0544,0.7597,none
27b,base,q8_k_m,cognitive_only,4800,0.9581,0.8083,0.9709,0.9896,0.0244,0.046,0.1225,0.0506,0.7795,none
27b,base,q8_k_m,cognitive_structural_equal,4800,0.9604,0.836,0.9714,0.9896,0.0265,0.0262,0.115,0.0481,0.8112,none
27b,base,q8_k_m,cyber_25_structural_75,4800,0.9671,0.8329,0.9747,0.9929,0.0208,0.0348,0.1156,0.0433,0.8083,none
27b,base,q8_k_m,cyber_only,4800,0.9519,0.7854,0.9684,0.9896,0.029,0.0748,0.1169,0.0569,0.7496,none
27b,base,q8_k_m,cyber_structural_equal,4800,0.9642,0.8146,0.9726,0.991,0.0225,0.0565,0.1123,0.0502,0.785,none
27b,base,q8_k_m,structural_only,4800,0.9596,0.8456,0.9719,0.9915,0.0277,0.0196,0.1083,0.0483,0.8223,none
27b,base,q8_k_m,tri_equal,4800,0.9571,0.8029,0.9721,0.9896,0.0235,0.0698,0.1085,0.049,0.7708,none
27b,base,q8_k_m,tri_naive_all_fire,4800,0.9225,0.5269,0.9323,0.9898,0.0477,0.324,0.1856,0.0485,0.4305,none
27b,base,q8_k_m,tri_routed_68_20_12,4800,0.964,0.8206,0.9725,0.991,0.0208,0.044,0.1173,0.051,0.7936,none
27b,base,q8_k_m,tri_routed_72_18_10,4800,0.961,0.8344,0.9721,0.9902,0.024,0.0371,0.1056,0.0519,0.8087,none
27b,base,q8_k_m,tri_stability_70,4800,0.964,0.8344,0.974,0.9904,0.0215,0.0387,0.106,0.0465,0.8094,none
27b,base,q8_k_m,tri_structural_65,4800,0.9615,0.8221,0.9723,0.9888,0.0213,0.0465,0.1113,0.0512,0.795,none
27b,degraded_instruct,base_f16,baseline,4800,0.8904,0.8117,0.9241,0.9521,0.0152,0.0119,0.0881,0.2721,0.7841,none
27b,degraded_instruct,base_f16,cognitive_25_structural_75,4800,0.9652,0.8583,0.9747,0.9894,0.0177,0.03,0.0896,0.0533,0.8372,none
27b,degraded_instruct,base_f16,cognitive_cyber_equal,4800,0.954,0.779,0.9698,0.99,0.0262,0.0819,0.1225,0.0527,0.7423,none
27b,degraded_instruct,base_f16,cognitive_only,4800,0.9571,0.8063,0.9708,0.991,0.0246,0.0525,0.1181,0.0552,0.7762,none
27b,degraded_instruct,base_f16,cognitive_structural_equal,4800,0.9635,0.836,0.974,0.9898,0.019,0.0383,0.106,0.0492,0.8117,none
27b,degraded_instruct,base_f16,cyber_25_structural_75,4800,0.9644,0.8452,0.9746,0.9904,0.0198,0.0329,0.1,0.0475,0.8223,none
27b,degraded_instruct,base_f16,cyber_only,4800,0.9556,0.7815,0.9701,0.9898,0.0265,0.086,0.1148,0.0533,0.7445,none
27b,degraded_instruct,base_f16,cyber_structural_equal,4800,0.9658,0.8169,0.9751,0.9919,0.0196,0.0608,0.1056,0.0444,0.7882,none
27b,degraded_instruct,base_f16,structural_only,4800,0.9606,0.8565,0.9731,0.99,0.019,0.0156,0.1025,0.0544,0.8367,none
27b,degraded_instruct,base_f16,tri_equal,4800,0.9619,0.8094,0.9722,0.9896,0.0229,0.0704,0.1042,0.0527,0.7774,none
27b,degraded_instruct,base_f16,tri_naive_all_fire,4800,0.9233,0.5406,0.9346,0.9915,0.0467,0.3081,0.1808,0.0469,0.4482,none
27b,degraded_instruct,base_f16,tri_routed_68_20_12,4800,0.9596,0.8248,0.9725,0.9904,0.0229,0.0479,0.1044,0.0502,0.7975,none
27b,degraded_instruct,base_f16,tri_routed_72_18_10,4800,0.9667,0.844,0.9741,0.9904,0.0177,0.039,0.1015,0.0533,0.8201,none
27b,degraded_instruct,base_f16,tri_stability_70,4800,0.966,0.8308,0.9743,0.99,0.0196,0.0473,0.1033,0.0479,0.8048,none
27b,degraded_instruct,base_f16,tri_structural_65,4800,0.9665,0.8348,0.9752,0.9902,0.0169,0.0494,0.1025,0.0475,0.8093,none
27b,degraded_instruct,collapsed_q2_edge,baseline,4800,0.0085,0.0073,0.0958,0.3798,0.4921,0.009,0.5115,4.0023,-0.3832,cascade
27b,degraded_instruct,collapsed_q2_edge,cognitive_25_structural_75,4800,0.3102,0.2346,0.5774,0.7731,0.2221,0.0204,0.4158,1.4379,0.0587,none
27b,degraded_instruct,collapsed_q2_edge,cognitive_cyber_equal,4800,0.055,0.0433,0.2767,0.6579,0.3702,0.0767,0.464,2.8581,-0.2631,cascade
27b,degraded_instruct,collapsed_q2_edge,cognitive_only,4800,0.0275,0.021,0.1961,0.5852,0.4363,0.0544,0.514,3.3146,-0.3276,cascade
27b,degraded_instruct,collapsed_q2_edge,cognitive_structural_equal,4800,0.1737,0.1302,0.4536,0.7492,0.27,0.04,0.4502,2.0002,-0.0948,primitive_gap
27b,degraded_instruct,collapsed_q2_edge,cyber_25_structural_75,4800,0.3335,0.2517,0.5881,0.7638,0.2215,0.0342,0.3869,1.3613,0.0794,none
27b,degraded_instruct,collapsed_q2_edge,cyber_only,4800,0.0488,0.0346,0.2372,0.5867,0.3846,0.0829,0.4681,3.0654,-0.2881,cascade
27b,degraded_instruct,collapsed_q2_edge,cyber_structural_equal,4800,0.2208,0.1592,0.4909,0.7312,0.2658,0.0656,0.4098,1.7846,-0.0557,cascade
27b,degraded_instruct,collapsed_q2_edge,structural_only,4800,0.2521,0.2008,0.5193,0.6854,0.241,0.0173,0.4192,1.621,0.0105,cascade
27b,degraded_instruct,collapsed_q2_edge,tri_equal,4800,0.2419,0.1731,0.5267,0.7856,0.2585,0.0808,0.4204,1.6552,-0.037,cascade
27b,degraded_instruct,collapsed_q2_edge,tri_naive_all_fire,4800,0.3367,0.1808,0.6044,0.8117,0.2183,0.3296,0.4646,1.1746,-0.0465,cascade
27b,degraded_instruct,collapsed_q2_edge,tri_routed_68_20_12,4800,0.5342,0.3798,0.7287,0.849,0.18,0.0462,0.3971,0.799,0.2448,none
27b,degraded_instruct,collapsed_q2_edge,tri_routed_72_18_10,4800,0.5631,0.394,0.7476,0.8565,0.1794,0.0415,0.3904,0.7144,0.2649,none
27b,degraded_instruct,collapsed_q2_edge,tri_stability_70,4800,0.5444,0.3865,0.7362,0.8417,0.17,0.0442,0.3983,0.7704,0.2562,none
27b,degraded_instruct,collapsed_q2_edge,tri_structural_65,4800,0.5056,0.3588,0.7084,0.8313,0.1773,0.051,0.3908,0.8812,0.22,none
27b,degraded_instruct,damaged_q2,baseline,4800,0.044,0.0365,0.2398,0.5204,0.3125,0.0154,0.4323,3.0396,-0.2469,cascade
27b,degraded_instruct,damaged_q2,cognitive_25_structural_75,4800,0.6642,0.4869,0.8081,0.9169,0.1406,0.0265,0.3533,0.549,0.3837,none
27b,degraded_instruct,damaged_q2,cognitive_cyber_equal,4800,0.1927,0.1412,0.4852,0.8096,0.2263,0.081,0.3958,1.9371,-0.0714,primitive_gap
27b,degraded_instruct,damaged_q2,cognitive_only,4800,0.116,0.0904,0.3884,0.7292,0.269,0.0485,0.429,2.3702,-0.1528,primitive_gap
27b,degraded_instruct,damaged_q2,cognitive_structural_equal,4800,0.4498,0.3342,0.6912,0.8881,0.1654,0.0421,0.3819,1.0569,0.1927,none
27b,degraded_instruct,damaged_q2,cyber_25_structural_75,4800,0.6631,0.496,0.8066,0.8652,0.1331,0.0365,0.3104,0.5133,0.3983,none
27b,degraded_instruct,damaged_q2,cyber_only,4800,0.164,0.1106,0.4346,0.7212,0.24,0.0829,0.3923,2.1165,-0.1152,primitive_gap
27b,degraded_instruct,damaged_q2,cyber_structural_equal,4800,0.4935,0.36,0.7075,0.8263,0.155,0.0577,0.3446,0.9181,0.2285,none
27b,degraded_instruct,damaged_q2,structural_only,4800,0.579,0.4327,0.7531,0.8313,0.1446,0.015,0.3583,0.7242,0.3215,none
27b,degraded_instruct,damaged_q2,tri_equal,4800,0.5577,0.3944,0.7481,0.8975,0.1506,0.0762,0.3567,0.804,0.2652,none
27b,degraded_instruct,damaged_q2,tri_naive_all_fire,4800,0.6271,0.3154,0.7877,0.9042,0.1483,0.329,0.4258,0.4471,0.1487,none
27b,degraded_instruct,damaged_q2,tri_routed_68_20_12,4800,0.8292,0.5842,0.9011,0.946,0.1071,0.0492,0.3194,0.1625,0.5085,none
27b,degraded_instruct,damaged_q2,tri_routed_72_18_10,4800,0.8408,0.591,0.9106,0.9504,0.1019,0.0394,0.3287,0.1229,0.5202,none
27b,degraded_instruct,damaged_q2,tri_stability_70,4800,0.8283,0.5787,0.9037,0.944,0.111,0.0402,0.3285,0.1348,0.5044,none
27b,degraded_instruct,damaged_q2,tri_structural_65,4800,0.8142,0.5654,0.8934,0.9421,0.111,0.0571,0.3325,0.1848,0.4848,none
27b,degraded_instruct,damaged_q3,baseline,4800,0.2554,0.219,0.5359,0.7206,0.1427,0.0108,0.2796,1.7433,0.0644,primitive_gap
27b,degraded_instruct,damaged_q3,cognitive_25_structural_75,4800,0.9085,0.6985,0.9474,0.9912,0.0767,0.026,0.2358,0.0496,0.649,none
27b,degraded_instruct,damaged_q3,cognitive_cyber_equal,4800,0.6167,0.4542,0.7933,0.9596,0.1127,0.0846,0.2742,0.7167,0.3457,none
27b,degraded_instruct,damaged_q3,cognitive_only,4800,0.4692,0.3648,0.7093,0.9269,0.1352,0.054,0.2942,1.0837,0.2357,none
27b,degraded_instruct,damaged_q3,cognitive_structural_equal,4800,0.8981,0.6735,0.9413,0.9912,0.0794,0.0333,0.2483,0.0748,0.6195,none
27b,degraded_instruct,damaged_q3,cyber_25_structural_75,4800,0.9038,0.696,0.9456,0.9838,0.0723,0.0369,0.2263,0.0592,0.6459,none
27b,degraded_instruct,damaged_q3,cyber_only,4800,0.5233,0.3927,0.7335,0.8758,0.1281,0.0896,0.2702,0.8952,0.27,none
27b,degraded_instruct,damaged_q3,cyber_structural_equal,4800,0.8696,0.6567,0.9285,0.9631,0.0858,0.0519,0.236,0.1002,0.5966,none
27b,degraded_instruct,damaged_q3,structural_only,4800,0.8956,0.6996,0.9418,0.9785,0.076,0.0167,0.244,0.0621,0.6508,none
27b,degraded_instruct,damaged_q3,tri_equal,4800,0.8979,0.6471,0.9434,0.9888,0.0821,0.0823,0.2406,0.0565,0.5839,none
27b,degraded_instruct,damaged_q3,tri_naive_all_fire,4800,0.8708,0.4481,0.9093,0.9881,0.0923,0.3231,0.2996,0.0515,0.3293,none
27b,degraded_instruct,damaged_q3,tri_routed_68_20_12,4800,0.9137,0.7023,0.9501,0.9885,0.0692,0.0444,0.2171,0.0508,0.6528,none
27b,degraded_instruct,damaged_q3,tri_routed_72_18_10,4800,0.914,0.6933,0.9502,0.9894,0.0692,0.0429,0.2329,0.046,0.6431,none
27b,degraded_instruct,damaged_q3,tri_stability_70,4800,0.9123,0.7025,0.9502,0.9898,0.0671,0.0452,0.2125,0.0563,0.6535,none
27b,degraded_instruct,damaged_q3,tri_structural_65,4800,0.9187,0.6946,0.9524,0.9894,0.0635,0.0529,0.234,0.0433,0.6441,none
27b,degraded_instruct,damaged_q4,baseline,4800,0.495,0.4271,0.7123,0.8502,0.0925,0.0131,0.2096,1.0694,0.3265,none
27b,degraded_instruct,damaged_q4,cognitive_25_structural_75,4800,0.9344,0.7546,0.9585,0.9898,0.0504,0.0242,0.1896,0.0488,0.717,none
27b,degraded_instruct,damaged_q4,cognitive_cyber_equal,4800,0.8588,0.6421,0.9173,0.9885,0.0773,0.089,0.2127,0.2096,0.5736,none
27b,degraded_instruct,damaged_q4,cognitive_only,4800,0.7588,0.5971,0.861,0.9867,0.081,0.0521,0.231,0.489,0.5194,none
27b,degraded_instruct,damaged_q4,cognitive_structural_equal,4800,0.9277,0.7298,0.9562,0.9877,0.055,0.0419,0.1994,0.0485,0.6865,none
27b,degraded_instruct,damaged_q4,cyber_25_structural_75,4800,0.9331,0.7556,0.9588,0.9904,0.0529,0.0373,0.1746,0.0506,0.7158,none
27b,degraded_instruct,damaged_q4,cyber_only,4800,0.7717,0.59,0.8702,0.9433,0.0827,0.0842,0.2125,0.3817,0.5123,none
27b,degraded_instruct,damaged_q4,cyber_structural_equal,4800,0.9298,0.7312,0.9574,0.9898,0.0521,0.0567,0.1854,0.0527,0.6868,none
27b,degraded_instruct,damaged_q4,structural_only,4800,0.931,0.754,0.9588,0.9915,0.0508,0.014,0.196,0.046,0.7179,none
27b,degraded_instruct,damaged_q4,tri_equal,4800,0.926,0.6979,0.9566,0.9927,0.0587,0.08,0.1973,0.0448,0.6463,none
27b,degraded_instruct,damaged_q4,tri_naive_all_fire,4800,0.8806,0.4637,0.9138,0.9896,0.0873,0.3317,0.2565,0.0488,0.3483,none
27b,degraded_instruct,damaged_q4,tri_routed_68_20_12,4800,0.9319,0.7469,0.9592,0.99,0.05,0.0442,0.1792,0.0496,0.7062,none
27b,degraded_instruct,damaged_q4,tri_routed_72_18_10,4800,0.9346,0.7462,0.959,0.9908,0.0477,0.0421,0.1794,0.0552,0.7064,none
27b,degraded_instruct,damaged_q4,tri_stability_70,4800,0.9296,0.7348,0.9569,0.9902,0.0537,0.0437,0.191,0.0515,0.6921,none
27b,degraded_instruct,damaged_q4,tri_structural_65,4800,0.9331,0.7435,0.9604,0.9917,0.0483,0.0504,0.1798,0.0475,0.7022,none
27b,degraded_instruct,healthy_q6,baseline,4800,0.7748,0.6704,0.8598,0.9121,0.0483,0.0115,0.1546,0.4804,0.6172,none
27b,degraded_instruct,healthy_q6,cognitive_25_structural_75,4800,0.9506,0.8027,0.9674,0.9912,0.0381,0.0248,0.1435,0.0429,0.7727,none
27b,degraded_instruct,healthy_q6,cognitive_cyber_equal,4800,0.935,0.7338,0.9618,0.9912,0.0437,0.0835,0.1579,0.0529,0.6886,none
27b,degraded_instruct,healthy_q6,cognitive_only,4800,0.9313,0.75,0.9571,0.9904,0.0462,0.0502,0.1702,0.0721,0.7089,none
27b,degraded_instruct,healthy_q6,cognitive_structural_equal,4800,0.9417,0.784,0.9637,0.9917,0.0421,0.0348,0.1481,0.0529,0.7499,none
27b,degraded_instruct,healthy_q6,cyber_25_structural_75,4800,0.9421,0.7946,0.9656,0.9925,0.0387,0.0383,0.1363,0.0521,0.7618,none
27b,degraded_instruct,healthy_q6,cyber_only,4800,0.9325,0.7135,0.9554,0.9848,0.044,0.0867,0.1804,0.0729,0.6649,none
27b,degraded_instruct,healthy_q6,cyber_structural_equal,4800,0.9402,0.7638,0.9631,0.9881,0.0415,0.0598,0.1494,0.0523,0.7248,none
27b,degraded_instruct,healthy_q6,structural_only,4800,0.9417,0.8102,0.9659,0.9915,0.0392,0.0148,0.1371,0.0483,0.7821,none
27b,degraded_instruct,healthy_q6,tri_equal,4800,0.9383,0.741,0.9619,0.9902,0.0456,0.0806,0.1531,0.0519,0.6964,none
27b,degraded_instruct,healthy_q6,tri_naive_all_fire,4800,0.9058,0.4913,0.9254,0.9906,0.0658,0.3192,0.2256,0.0425,0.3875,none
27b,degraded_instruct,healthy_q6,tri_routed_68_20_12,4800,0.9483,0.786,0.9663,0.9894,0.0383,0.0469,0.1396,0.0458,0.7517,none
27b,degraded_instruct,healthy_q6,tri_routed_72_18_10,4800,0.9452,0.7896,0.9659,0.991,0.0381,0.0477,0.1331,0.0515,0.7554,none
27b,degraded_instruct,healthy_q6,tri_stability_70,4800,0.9533,0.8,0.9682,0.9896,0.0335,0.04,0.1369,0.045,0.7687,none
27b,degraded_instruct,healthy_q6,tri_structural_65,4800,0.9527,0.7906,0.9679,0.9892,0.0304,0.0488,0.1394,0.049,0.7582,none
27b,degraded_instruct,healthy_q8,baseline,4800,0.8446,0.7358,0.8984,0.9427,0.0296,0.0127,0.1367,0.3554,0.6957,none
27b,degraded_instruct,healthy_q8,cognitive_25_structural_75,4800,0.9573,0.826,0.9698,0.9873,0.0288,0.0219,0.1265,0.0456,0.8006,none
27b,degraded_instruct,healthy_q8,cognitive_cyber_equal,4800,0.9496,0.7523,0.9664,0.9921,0.0338,0.0831,0.1467,0.0515,0.7112,none
27b,degraded_instruct,healthy_q8,cognitive_only,4800,0.9448,0.7729,0.9648,0.9883,0.0335,0.0585,0.1454,0.0575,0.7366,none
27b,degraded_instruct,healthy_q8,cognitive_structural_equal,4800,0.9552,0.8006,0.9687,0.9877,0.0283,0.041,0.1367,0.0494,0.7705,none
27b,degraded_instruct,healthy_q8,cyber_25_structural_75,4800,0.9535,0.8123,0.9693,0.9919,0.0298,0.0373,0.1252,0.0517,0.7833,none
27b,degraded_instruct,healthy_q8,cyber_only,4800,0.945,0.7506,0.9641,0.9879,0.0354,0.085,0.1425,0.0573,0.7087,none
27b,degraded_instruct,healthy_q8,cyber_structural_equal,4800,0.9542,0.7898,0.9682,0.989,0.0308,0.0623,0.124,0.0523,0.7556,none
27b,degraded_instruct,healthy_q8,structural_only,4800,0.961,0.8456,0.9722,0.9883,0.0267,0.0154,0.1148,0.0425,0.8232,none
27b,degraded_instruct,healthy_q8,tri_equal,4800,0.9535,0.78,0.9697,0.9917,0.0315,0.0783,0.1265,0.0454,0.7425,none
27b,degraded_instruct,healthy_q8,tri_naive_all_fire,4800,0.915,0.5248,0.9295,0.9894,0.0571,0.3196,0.1902,0.0475,0.4262,none
27b,degraded_instruct,healthy_q8,tri_routed_68_20_12,4800,0.9598,0.8119,0.9707,0.9885,0.0244,0.0444,0.1256,0.05,0.7831,none
27b,degraded_instruct,healthy_q8,tri_routed_72_18_10,4800,0.9615,0.8123,0.9707,0.9906,0.0242,0.0435,0.1248,0.0535,0.7837,none
27b,degraded_instruct,healthy_q8,tri_stability_70,4800,0.9579,0.8127,0.9706,0.99,0.0273,0.0444,0.1185,0.049,0.7837,none
27b,degraded_instruct,healthy_q8,tri_structural_65,4800,0.9606,0.8094,0.9718,0.9923,0.0258,0.0496,0.1242,0.0467,0.7794,none
27b,degraded_instruct,q1_k_m,baseline,4800,0.0004,0.0004,0.0212,0.1942,0.7106,0.0154,0.6,4.7348,-0.5006,cascade
27b,degraded_instruct,q1_k_m,cognitive_25_structural_75,4800,0.0954,0.0723,0.3296,0.6062,0.3658,0.0204,0.4852,2.464,-0.2036,cascade
27b,degraded_instruct,q1_k_m,cognitive_cyber_equal,4800,0.0081,0.0056,0.1049,0.4794,0.5794,0.0896,0.5485,3.9442,-0.4272,cascade
27b,degraded_instruct,q1_k_m,cognitive_only,4800,0.0052,0.0046,0.0635,0.3971,0.6488,0.055,0.5917,4.3208,-0.4644,cascade
27b,degraded_instruct,q1_k_m,cognitive_structural_equal,4800,0.0454,0.0338,0.2326,0.5652,0.4479,0.0331,0.5254,2.971,-0.2978,cascade
27b,degraded_instruct,q1_k_m,cyber_25_structural_75,4800,0.1131,0.0838,0.3501,0.5919,0.3558,0.0362,0.4677,2.3267,-0.184,cascade
27b,degraded_instruct,q1_k_m,cyber_only,4800,0.0088,0.0063,0.0858,0.4031,0.5992,0.0877,0.5387,4.0817,-0.4382,cascade
27b,degraded_instruct,q1_k_m,cyber_structural_equal,4800,0.0694,0.0504,0.2696,0.5752,0.4248,0.0638,0.4769,2.7794,-0.2669,cascade
27b,degraded_instruct,q1_k_m,structural_only,4800,0.0708,0.0552,0.2812,0.5167,0.4004,0.0175,0.5079,2.6212,-0.2401,cascade
27b,degraded_instruct,q1_k_m,tri_equal,4800,0.0748,0.0517,0.2845,0.6158,0.411,0.0744,0.5131,2.6798,-0.2616,cascade
27b,degraded_instruct,q1_k_m,tri_naive_all_fire,4800,0.1248,0.0719,0.374,0.6808,0.3481,0.3185,0.544,2.1369,-0.2466,cascade
27b,degraded_instruct,q1_k_m,tri_routed_68_20_12,4800,0.2075,0.1529,0.483,0.6885,0.2825,0.0454,0.4581,1.7521,-0.0652,cascade
27b,degraded_instruct,q1_k_m,tri_routed_72_18_10,4800,0.2398,0.17,0.5077,0.7042,0.2804,0.0413,0.4725,1.634,-0.0419,cascade
27b,degraded_instruct,q1_k_m,tri_stability_70,4800,0.2331,0.1681,0.4935,0.6965,0.2852,0.0392,0.4675,1.7085,-0.0481,cascade
27b,degraded_instruct,q1_k_m,tri_structural_65,4800,0.1967,0.1483,0.4654,0.6842,0.2998,0.049,0.4587,1.8223,-0.0792,cascade
27b,degraded_instruct,q8_k_m,baseline,4800,0.8577,0.7708,0.9059,0.9396,0.0192,0.0125,0.1054,0.3381,0.7372,none
27b,degraded_instruct,q8_k_m,cognitive_25_structural_75,4800,0.9602,0.8298,0.9716,0.9898,0.0246,0.0271,0.12,0.0492,0.8049,none
27b,degraded_instruct,q8_k_m,cognitive_cyber_equal,4800,0.9492,0.7667,0.9667,0.9902,0.0325,0.0821,0.131,0.0548,0.7273,none
27b,degraded_instruct,q8_k_m,cognitive_only,4800,0.955,0.7863,0.9684,0.991,0.025,0.0512,0.145,0.056,0.7541,none
27b,degraded_instruct,q8_k_m,cognitive_structural_equal,4800,0.9619,0.8231,0.9719,0.9881,0.0258,0.0344,0.1208,0.0425,0.7967,none
27b,degraded_instruct,q8_k_m,cyber_25_structural_75,4800,0.9617,0.8281,0.972,0.9925,0.025,0.0356,0.1127,0.0531,0.8018,none
27b,degraded_instruct,q8_k_m,cyber_only,4800,0.9473,0.7615,0.9661,0.9871,0.0312,0.0904,0.1269,0.0577,0.721,none
27b,degraded_instruct,q8_k_m,cyber_structural_equal,4800,0.9533,0.8048,0.9698,0.9898,0.0312,0.0583,0.111,0.0481,0.7725,none
27b,degraded_instruct,q8_k_m,structural_only,4800,0.9667,0.8575,0.9749,0.99,0.0169,0.0152,0.1094,0.0479,0.8382,none
27b,degraded_instruct,q8_k_m,tri_equal,4800,0.9573,0.7767,0.9709,0.9898,0.0277,0.0883,0.119,0.0465,0.7388,none
27b,degraded_instruct,q8_k_m,tri_naive_all_fire,4800,0.9146,0.5208,0.9303,0.99,0.0496,0.3258,0.184,0.0533,0.4234,none
27b,degraded_instruct,q8_k_m,tri_routed_68_20_12,4800,0.9621,0.8202,0.9721,0.9902,0.025,0.0465,0.1125,0.0477,0.792,none
27b,degraded_instruct,q8_k_m,tri_routed_72_18_10,4800,0.9604,0.8285,0.9724,0.9915,0.0265,0.0425,0.1081,0.0477,0.8011,none
27b,degraded_instruct,q8_k_m,tri_stability_70,4800,0.9623,0.8287,0.9729,0.99,0.0229,0.0413,0.109,0.0483,0.8025,none
27b,degraded_instruct,q8_k_m,tri_structural_65,4800,0.96,0.8125,0.9723,0.9921,0.0238,0.0448,0.1208,0.0467,0.7844,none
27b,instruct,base_f16,baseline,4800,0.8758,0.7921,0.9186,0.9506,0.0181,0.0129,0.0979,0.2908,0.7617,none
27b,instruct,base_f16,cognitive_25_structural_75,4800,0.9656,0.8588,0.9737,0.9896,0.0181,0.0173,0.1035,0.054,0.8389,none
27b,instruct,base_f16,cognitive_cyber_equal,4800,0.9596,0.7788,0.971,0.9921,0.026,0.0777,0.1292,0.0483,0.7426,none
27b,instruct,base_f16,cognitive_only,4800,0.9444,0.7923,0.962,0.9898,0.0279,0.0448,0.1327,0.0881,0.7599,none
27b,instruct,base_f16,cognitive_structural_equal,4800,0.9596,0.8365,0.9713,0.9869,0.0235,0.029,0.11,0.0508,0.8123,none
27b,instruct,base_f16,cyber_25_structural_75,4800,0.9642,0.8506,0.9741,0.989,0.0202,0.0254,0.1006,0.0485,0.829,none
27b,instruct,base_f16,cyber_only,4800,0.9373,0.7658,0.9584,0.9752,0.0312,0.0733,0.1294,0.0858,0.7271,none
27b,instruct,base_f16,cyber_structural_equal,4800,0.9567,0.8127,0.9706,0.9896,0.0246,0.0498,0.1165,0.0531,0.7834,none
27b,instruct,base_f16,structural_only,4800,0.9667,0.8592,0.9746,0.9894,0.0173,0.0185,0.0981,0.051,0.8399,none
27b,instruct,base_f16,tri_equal,4800,0.9652,0.795,0.972,0.9877,0.0229,0.0717,0.1183,0.0458,0.762,none
27b,instruct,base_f16,tri_naive_all_fire,4800,0.9213,0.5402,0.9327,0.9881,0.0506,0.305,0.1785,0.0488,0.4473,none
27b,instruct,base_f16,tri_routed_68_20_12,4800,0.9667,0.841,0.9754,0.9923,0.0179,0.0369,0.1035,0.0471,0.8177,none
27b,instruct,base_f16,tri_routed_72_18_10,4800,0.9646,0.8421,0.9742,0.9894,0.0175,0.0331,0.1031,0.0496,0.8195,none
27b,instruct,base_f16,tri_stability_70,4800,0.965,0.8483,0.9744,0.9892,0.0175,0.031,0.1004,0.0504,0.8263,none
27b,instruct,base_f16,tri_structural_65,4800,0.9665,0.8317,0.975,0.9902,0.0196,0.0421,0.1071,0.0437,0.8066,none
27b,instruct,collapsed_q2_edge,baseline,4800,0.0081,0.0073,0.0994,0.385,0.4894,0.0156,0.5067,3.981,-0.3822,cascade
27b,instruct,collapsed_q2_edge,cognitive_25_structural_75,4800,0.2381,0.1823,0.5196,0.7285,0.2308,0.0194,0.4308,1.6656,-0.0086,cascade
27b,instruct,collapsed_q2_edge,cognitive_cyber_equal,4800,0.03,0.0225,0.1985,0.5642,0.4246,0.0779,0.5021,3.2498,-0.3231,cascade
27b,instruct,collapsed_q2_edge,cognitive_only,4800,0.0179,0.0135,0.1444,0.4875,0.4623,0.0517,0.5292,3.6656,-0.3611,cascade
27b,instruct,collapsed_q2_edge,cognitive_structural_equal,4800,0.1233,0.0933,0.3861,0.6667,0.3025,0.0327,0.4498,2.2698,-0.1534,cascade
27b,instruct,collapsed_q2_edge,cyber_25_structural_75,4800,0.265,0.2006,0.5329,0.7183,0.2444,0.0246,0.411,1.5731,0.0109,cascade
27b,instruct,collapsed_q2_edge,cyber_only,4800,0.029,0.0229,0.1816,0.4996,0.4183,0.0785,0.4856,3.3656,-0.3254,cascade
27b,instruct,collapsed_q2_edge,cyber_structural_equal,4800,0.165,0.1242,0.4299,0.6827,0.284,0.0442,0.4304,2.0444,-0.1065,cascade
27b,instruct,collapsed_q2_edge,structural_only,4800,0.2129,0.1631,0.485,0.6775,0.2673,0.0142,0.4294,1.7625,-0.0424,cascade
27b,instruct,collapsed_q2_edge,tri_equal,4800,0.1635,0.1175,0.4387,0.7152,0.281,0.0696,0.4508,2.0325,-0.1184,cascade
27b,instruct,collapsed_q2_edge,tri_naive_all_fire,4800,0.206,0.119,0.4767,0.7181,0.2706,0.3052,0.4931,1.6908,-0.1473,cascade
27b,instruct,collapsed_q2_edge,tri_routed_68_20_12,4800,0.4144,0.3025,0.6526,0.7933,0.2017,0.0402,0.4062,1.0854,0.1472,none
27b,instruct,collapsed_q2_edge,tri_routed_72_18_10,4800,0.4633,0.3379,0.6857,0.8123,0.1856,0.0279,0.3856,0.975,0.197,none
27b,instruct,collapsed_q2_edge,tri_stability_70,4800,0.4313,0.3127,0.6594,0.7913,0.2006,0.0335,0.4096,1.055,0.1603,none
27b,instruct,collapsed_q2_edge,tri_structural_65,4800,0.3923,0.2873,0.6337,0.7871,0.1996,0.034,0.4037,1.1835,0.1291,none
27b,instruct,damaged_q2,baseline,4800,0.0427,0.0346,0.2426,0.5281,0.3075,0.0125,0.4173,3.0571,-0.2464,cascade
27b,instruct,damaged_q2,cognitive_25_structural_75,4800,0.5529,0.4167,0.7427,0.8585,0.1431,0.0194,0.3698,0.8015,0.3002,none
27b,instruct,damaged_q2,cognitive_cyber_equal,4800,0.1229,0.0875,0.3942,0.7146,0.2671,0.0802,0.4158,2.3065,-0.1573,primitive_gap
27b,instruct,damaged_q2,cognitive_only,4800,0.0729,0.0546,0.3094,0.6317,0.2946,0.0542,0.4437,2.7265,-0.2164,primitive_gap
27b,instruct,damaged_q2,cognitive_structural_equal,4800,0.3556,0.2708,0.6136,0.8148,0.1904,0.0288,0.3929,1.3408,0.1095,none
27b,instruct,damaged_q2,cyber_25_structural_75,4800,0.5902,0.4317,0.7586,0.8419,0.1456,0.029,0.3421,0.7,0.3198,none
27b,instruct,damaged_q2,cyber_only,4800,0.1198,0.0906,0.374,0.6502,0.2617,0.079,0.4021,2.3831,-0.155,primitive_gap
27b,instruct,damaged_q2,cyber_structural_equal,4800,0.4233,0.3088,0.655,0.8106,0.1796,0.0485,0.3583,1.1317,0.1599,none
27b,instruct,damaged_q2,structural_only,4800,0.5167,0.3935,0.715,0.8035,0.1554,0.0138,0.354,0.8685,0.2724,none
27b,instruct,damaged_q2,tri_equal,4800,0.4204,0.306,0.6647,0.8335,0.1742,0.0631,0.3671,1.1177,0.1559,none
27b,instruct,damaged_q2,tri_naive_all_fire,4800,0.4475,0.2371,0.681,0.8163,0.1719,0.3158,0.4465,0.864,0.0434,none
27b,instruct,damaged_q2,tri_routed_68_20_12,4800,0.7556,0.5321,0.8592,0.9042,0.1267,0.0338,0.3408,0.2908,0.4455,none
27b,instruct,damaged_q2,tri_routed_72_18_10,4800,0.7869,0.5558,0.8782,0.9165,0.1171,0.0306,0.3458,0.22,0.4759,none
27b,instruct,damaged_q2,tri_stability_70,4800,0.7733,0.5477,0.8678,0.9067,0.1123,0.0356,0.3571,0.2679,0.4649,none
27b,instruct,damaged_q2,tri_structural_65,4800,0.74,0.5281,0.8508,0.9042,0.1179,0.0413,0.3433,0.3458,0.4397,none
27b,instruct,damaged_q3,baseline,4800,0.255,0.2144,0.5417,0.729,0.1381,0.0129,0.2785,1.7319,0.0615,primitive_gap
27b,instruct,damaged_q3,cognitive_25_structural_75,4800,0.9065,0.6856,0.9447,0.9848,0.0706,0.0225,0.2558,0.0585,0.6365,none
27b,instruct,damaged_q3,cognitive_cyber_equal,4800,0.4706,0.3554,0.7066,0.8977,0.1215,0.076,0.2998,1.0696,0.2263,none
27b,instruct,damaged_q3,cognitive_only,4800,0.3473,0.2708,0.6163,0.8285,0.1523,0.0552,0.3054,1.4185,0.1187,none
27b,instruct,damaged_q3,cognitive_structural_equal,4800,0.8544,0.6506,0.9153,0.9825,0.0923,0.0327,0.2629,0.1767,0.5865,none
27b,instruct,damaged_q3,cyber_25_structural_75,4800,0.8923,0.6923,0.9401,0.9717,0.0758,0.0206,0.2402,0.0646,0.643,none
27b,instruct,damaged_q3,cyber_only,4800,0.4354,0.3229,0.6693,0.826,0.1317,0.0827,0.2933,1.1627,0.1853,none
27b,instruct,damaged_q3,cyber_structural_equal,4800,0.8402,0.6392,0.9082,0.9419,0.0902,0.0488,0.2404,0.1765,0.5743,none
27b,instruct,damaged_q3,structural_only,4800,0.879,0.6896,0.9341,0.9629,0.086,0.0148,0.2346,0.0727,0.6384,none
27b,instruct,damaged_q3,tri_equal,4800,0.8665,0.636,0.9233,0.9742,0.0848,0.069,0.2537,0.1381,0.5696,none
27b,instruct,damaged_q3,tri_naive_all_fire,4800,0.8356,0.4356,0.89,0.9487,0.1008,0.3169,0.3187,0.0935,0.3118,none
27b,instruct,damaged_q3,tri_routed_68_20_12,4800,0.9119,0.6944,0.9485,0.9915,0.0735,0.0331,0.2331,0.0517,0.6445,none
27b,instruct,damaged_q3,tri_routed_72_18_10,4800,0.9146,0.7092,0.9506,0.9888,0.069,0.0283,0.2258,0.0462,0.6624,none
27b,instruct,damaged_q3,tri_stability_70,4800,0.9173,0.705,0.9516,0.9925,0.0654,0.036,0.2285,0.0498,0.6574,none
27b,instruct,damaged_q3,tri_structural_65,4800,0.9129,0.6994,0.9491,0.9871,0.0706,0.0387,0.2273,0.0485,0.6498,none
27b,instruct,damaged_q4,baseline,4800,0.4944,0.4267,0.7089,0.8296,0.0885,0.0131,0.2054,1.0692,0.3276,none
27b,instruct,damaged_q4,cognitive_25_structural_75,4800,0.9348,0.7627,0.9595,0.991,0.0483,0.0248,0.184,0.0523,0.7259,none
27b,instruct,damaged_q4,cognitive_cyber_equal,4800,0.7475,0.5596,0.8578,0.9648,0.0852,0.0792,0.2392,0.4565,0.4762,none
27b,instruct,damaged_q4,cognitive_only,4800,0.6048,0.4765,0.783,0.9277,0.0969,0.051,0.2467,0.7835,0.3783,none
27b,instruct,damaged_q4,cognitive_structural_equal,4800,0.9179,0.7223,0.9531,0.9908,0.0615,0.0285,0.2096,0.0527,0.6787,none
27b,instruct,damaged_q4,cyber_25_structural_75,4800,0.9223,0.741,0.9554,0.9879,0.0594,0.0244,0.1923,0.0488,0.7005,none
27b,instruct,damaged_q4,cyber_only,4800,0.6846,0.5252,0.8184,0.8981,0.0883,0.0804,0.2221,0.5725,0.4362,none
27b,instruct,damaged_q4,cyber_structural_equal,4800,0.9227,0.7125,0.9543,0.9883,0.0581,0.0575,0.1992,0.0531,0.665,none
27b,instruct,damaged_q4,structural_only,4800,0.9256,0.7546,0.9566,0.9915,0.0592,0.0165,0.1894,0.0488,0.716,none
27b,instruct,damaged_q4,tri_equal,4800,0.9196,0.7023,0.9522,0.9896,0.0654,0.0633,0.2065,0.0521,0.6509,none
27b,instruct,damaged_q4,tri_naive_all_fire,4800,0.871,0.465,0.9104,0.9856,0.0944,0.3156,0.2729,0.0527,0.3491,none
27b,instruct,damaged_q4,tri_routed_68_20_12,4800,0.9285,0.7519,0.9584,0.9925,0.0535,0.0346,0.1844,0.05,0.7116,none
27b,instruct,damaged_q4,tri_routed_72_18_10,4800,0.9306,0.7485,0.9575,0.9885,0.0496,0.029,0.1869,0.055,0.7102,none
27b,instruct,damaged_q4,tri_stability_70,4800,0.9369,0.7554,0.9604,0.9904,0.0475,0.0344,0.181,0.0467,0.7175,none
27b,instruct,damaged_q4,tri_structural_65,4800,0.9246,0.7421,0.9568,0.9902,0.0592,0.0356,0.185,0.0462,0.7001,none
27b,instruct,healthy_q6,baseline,4800,0.7721,0.6677,0.8639,0.9233,0.0467,0.0106,0.1517,0.4744,0.6157,none
27b,instruct,healthy_q6,cognitive_25_structural_75,4800,0.9513,0.8004,0.9669,0.9902,0.0342,0.0187,0.1537,0.0469,0.7718,none
27b,instruct,healthy_q6,cognitive_cyber_equal,4800,0.921,0.7179,0.9522,0.9906,0.0529,0.0775,0.1777,0.0831,0.6682,none
27b,instruct,healthy_q6,cognitive_only,4800,0.8762,0.7004,0.9219,0.9825,0.0579,0.0515,0.1827,0.2273,0.6468,none
27b,instruct,healthy_q6,cognitive_structural_equal,4800,0.9492,0.7942,0.9668,0.9925,0.0356,0.0317,0.1469,0.0477,0.763,none
27b,instruct,healthy_q6,cyber_25_structural_75,4800,0.9444,0.7971,0.9648,0.991,0.0394,0.0283,0.1431,0.0535,0.7655,none
27b,instruct,healthy_q6,cyber_only,4800,0.886,0.6873,0.9285,0.9567,0.0563,0.0831,0.1758,0.161,0.6317,none
27b,instruct,healthy_q6,cyber_structural_equal,4800,0.9417,0.7708,0.9634,0.9902,0.0419,0.0471,0.1508,0.0506,0.7343,none
27b,instruct,healthy_q6,structural_only,4800,0.9517,0.8104,0.9676,0.9923,0.0338,0.0158,0.1477,0.0479,0.7829,none
27b,instruct,healthy_q6,tri_equal,4800,0.936,0.7469,0.9616,0.9906,0.0473,0.0667,0.1585,0.0492,0.7042,none
27b,instruct,healthy_q6,tri_naive_all_fire,4800,0.899,0.4977,0.9235,0.9888,0.0681,0.3154,0.2258,0.0475,0.3937,none
27b,instruct,healthy_q6,tri_routed_68_20_12,4800,0.9467,0.7967,0.9663,0.9883,0.0377,0.0392,0.1329,0.0479,0.7645,none
27b,instruct,healthy_q6,tri_routed_72_18_10,4800,0.9481,0.794,0.9669,0.9888,0.035,0.0338,0.1442,0.0454,0.7629,none
27b,instruct,healthy_q6,tri_stability_70,4800,0.9502,0.7806,0.9669,0.9923,0.0362,0.0365,0.16,0.0421,0.7476,none
27b,instruct,healthy_q6,tri_structural_65,4800,0.945,0.7937,0.9659,0.9927,0.0377,0.0387,0.1369,0.0531,0.7611,none
27b,instruct,healthy_q8,baseline,4800,0.8337,0.7294,0.8957,0.936,0.025,0.0142,0.1346,0.3635,0.6901,none
27b,instruct,healthy_q8,cognitive_25_structural_75,4800,0.9563,0.8281,0.9699,0.991,0.0279,0.0194,0.1271,0.0504,0.8032,none
27b,instruct,healthy_q8,cognitive_cyber_equal,4800,0.9469,0.7498,0.964,0.9915,0.036,0.0788,0.1529,0.0594,0.708,none
27b,instruct,healthy_q8,cognitive_only,4800,0.9154,0.7492,0.9422,0.9881,0.0442,0.049,0.1562,0.1598,0.7056,none
27b,instruct,healthy_q8,cognitive_structural_equal,4800,0.9519,0.8058,0.9687,0.9919,0.0329,0.0315,0.1346,0.0473,0.7765,none
27b,instruct,healthy_q8,cyber_25_structural_75,4800,0.9563,0.8337,0.9703,0.9894,0.0258,0.0246,0.1144,0.0546,0.8092,none
27b,instruct,healthy_q8,cyber_only,4800,0.9058,0.7208,0.9418,0.9667,0.0469,0.0762,0.1619,0.1231,0.6724,none
27b,instruct,healthy_q8,cyber_structural_equal,4800,0.9548,0.799,0.9698,0.9904,0.0298,0.0504,0.1304,0.0446,0.7673,none
27b,instruct,healthy_q8,structural_only,4800,0.9604,0.8413,0.9716,0.9906,0.0258,0.0146,0.1171,0.0485,0.8188,none
27b,instruct,healthy_q8,tri_equal,4800,0.9469,0.7733,0.9643,0.986,0.0377,0.066,0.1358,0.0533,0.7353,none
27b,instruct,healthy_q8,tri_naive_all_fire,4800,0.9081,0.5227,0.9284,0.9894,0.0619,0.3083,0.2019,0.0456,0.424,none
27b,instruct,healthy_q8,tri_routed_68_20_12,4800,0.9556,0.8177,0.9705,0.991,0.0285,0.0369,0.1202,0.049,0.7897,none
27b,instruct,healthy_q8,tri_routed_72_18_10,4800,0.9544,0.8156,0.9687,0.9921,0.0283,0.0283,0.1315,0.0567,0.7881,none
27b,instruct,healthy_q8,tri_stability_70,4800,0.9619,0.8283,0.9718,0.9867,0.0225,0.0306,0.119,0.0467,0.8036,none
27b,instruct,healthy_q8,tri_structural_65,4800,0.9556,0.8071,0.9695,0.9902,0.0271,0.0383,0.131,0.0515,0.7782,none
27b,instruct,q1_k_m,baseline,4800,0.0008,0.0006,0.0207,0.1948,0.7037,0.0125,0.621,4.7315,-0.4993,cascade
27b,instruct,q1_k_m,cognitive_25_structural_75,4800,0.0715,0.0548,0.2825,0.559,0.3944,0.0229,0.5108,2.6902,-0.2435,cascade
27b,instruct,q1_k_m,cognitive_cyber_equal,4800,0.0052,0.0025,0.0653,0.3862,0.6348,0.0796,0.5835,4.2877,-0.4649,cascade
27b,instruct,q1_k_m,cognitive_only,4800,0.001,0.001,0.0393,0.2977,0.6731,0.0494,0.6148,4.56,-0.488,cascade
27b,instruct,q1_k_m,cognitive_structural_equal,4800,0.0346,0.0246,0.1887,0.5021,0.4708,0.0306,0.5383,3.2554,-0.3286,cascade
27b,instruct,q1_k_m,cyber_25_structural_75,4800,0.0869,0.0683,0.3037,0.5583,0.3833,0.0279,0.4831,2.5567,-0.2187,cascade
27b,instruct,q1_k_m,cyber_only,4800,0.004,0.0029,0.0558,0.3269,0.6444,0.0817,0.5752,4.3487,-0.4702,cascade
27b,instruct,q1_k_m,cyber_structural_equal,4800,0.0392,0.0317,0.2107,0.4985,0.4585,0.0433,0.4821,3.0792,-0.3071,cascade
27b,instruct,q1_k_m,structural_only,4800,0.0563,0.0415,0.2555,0.4931,0.4138,0.0181,0.5017,2.7825,-0.2656,cascade
27b,instruct,q1_k_m,tri_equal,4800,0.0427,0.0327,0.2158,0.5342,0.4502,0.0656,0.5146,3.0446,-0.3089,cascade
27b,instruct,q1_k_m,tri_naive_all_fire,4800,0.0569,0.0342,0.2645,0.5523,0.3835,0.3052,0.5787,2.7023,-0.3234,cascade
27b,instruct,q1_k_m,tri_routed_68_20_12,4800,0.1435,0.1079,0.4066,0.6225,0.3281,0.0373,0.4721,2.0635,-0.1389,cascade
27b,instruct,q1_k_m,tri_routed_72_18_10,4800,0.1752,0.1302,0.427,0.6383,0.3225,0.0312,0.4846,1.9527,-0.1092,cascade
27b,instruct,q1_k_m,tri_stability_70,4800,0.1581,0.1173,0.4131,0.6298,0.3273,0.0344,0.4781,2.0273,-0.1274,cascade
27b,instruct,q1_k_m,tri_structural_65,4800,0.1329,0.0988,0.3856,0.6206,0.3433,0.0454,0.4848,2.1569,-0.16,cascade
27b,instruct,q8_k_m,baseline,4800,0.86,0.7679,0.9085,0.945,0.0202,0.014,0.1113,0.3275,0.7338,none
27b,instruct,q8_k_m,cognitive_25_structural_75,4800,0.9673,0.8429,0.9731,0.9888,0.0213,0.0181,0.1185,0.0467,0.8211,none
27b,instruct,q8_k_m,cognitive_cyber_equal,4800,0.946,0.7646,0.9655,0.9904,0.0358,0.0717,0.1456,0.0515,0.7253,none
27b,instruct,q8_k_m,cognitive_only,4800,0.9252,0.7635,0.9495,0.9894,0.0387,0.0488,0.1427,0.1354,0.724,none
27b,instruct,q8_k_m,cognitive_structural_equal,4800,0.9515,0.8192,0.9689,0.9894,0.0279,0.0267,0.1281,0.0521,0.7926,none
27b,instruct,q8_k_m,cyber_25_structural_75,4800,0.9613,0.8348,0.9715,0.9921,0.0258,0.0231,0.1163,0.0519,0.8105,none
27b,instruct,q8_k_m,cyber_only,4800,0.9219,0.7427,0.951,0.9742,0.0352,0.0852,0.136,0.1104,0.6987,none
27b,instruct,q8_k_m,cyber_structural_equal,4800,0.9531,0.7929,0.9685,0.99,0.03,0.0556,0.1294,0.0515,0.7599,none
27b,instruct,q8_k_m,structural_only,4800,0.9608,0.8456,0.972,0.9904,0.0235,0.0175,0.1119,0.0521,0.8235,none
27b,instruct,q8_k_m,tri_equal,4800,0.9517,0.7777,0.9678,0.9892,0.0304,0.0656,0.1369,0.0508,0.742,none
27b,instruct,q8_k_m,tri_naive_all_fire,4800,0.9152,0.5337,0.9311,0.9927,0.059,0.3073,0.1846,0.0458,0.4375,none
27b,instruct,q8_k_m,tri_routed_68_20_12,4800,0.9621,0.8219,0.9718,0.9898,0.0235,0.034,0.1227,0.049,0.7958,none
27b,instruct,q8_k_m,tri_routed_72_18_10,4800,0.9587,0.8294,0.971,0.9892,0.0244,0.029,0.12,0.0504,0.8041,none
27b,instruct,q8_k_m,tri_stability_70,4800,0.9625,0.8285,0.9736,0.9927,0.0246,0.0365,0.1148,0.0427,0.8026,none
27b,instruct,q8_k_m,tri_structural_65,4800,0.9629,0.826,0.9718,0.9883,0.0227,0.0375,0.1185,0.0494,0.7998,none
2b_reference,base,base_f16,baseline,4800,0.775,0.6917,0.864,0.9183,0.0244,0.0102,0.1227,0.5062,0.6472,none
2b_reference,base,base_f16,cognitive_25_structural_75,4800,0.9642,0.8458,0.9741,0.9902,0.0202,0.0206,0.1119,0.0444,0.8245,none
2b_reference,base,base_f16,cognitive_cyber_equal,4800,0.9573,0.7752,0.9694,0.9904,0.0262,0.0765,0.1273,0.0533,0.7392,none
2b_reference,base,base_f16,cognitive_only,4800,0.951,0.806,0.9686,0.9902,0.0279,0.045,0.1212,0.0583,0.776,none
2b_reference,base,base_f16,cognitive_structural_equal,4800,0.9633,0.8258,0.9722,0.9902,0.0233,0.0308,0.1237,0.0473,0.8004,none
2b_reference,base,base_f16,cyber_25_structural_75,4800,0.9577,0.8304,0.971,0.9904,0.0292,0.0315,0.1165,0.0465,0.8037,none
2b_reference,base,base_f16,cyber_only,4800,0.9525,0.7708,0.9685,0.991,0.0315,0.0821,0.1298,0.0504,0.7321,none
2b_reference,base,base_f16,cyber_structural_equal,4800,0.9615,0.8183,0.9728,0.9919,0.0215,0.0577,0.1133,0.0496,0.7888,none
2b_reference,base,base_f16,structural_only,4800,0.9658,0.8442,0.9741,0.9919,0.0233,0.0171,0.1171,0.0421,0.8223,none
2b_reference,base,base_f16,tri_equal,4800,0.959,0.7954,0.9718,0.9904,0.0256,0.0715,0.1133,0.0467,0.762,none
2b_reference,base,base_f16,tri_naive_all_fire,4800,0.9225,0.5471,0.9333,0.9879,0.0498,0.3092,0.1725,0.0471,0.4542,none
2b_reference,base,base_f16,tri_routed_68_20_12,4800,0.96,0.8294,0.9716,0.9904,0.024,0.036,0.114,0.0521,0.8033,none
2b_reference,base,base_f16,tri_routed_72_18_10,4800,0.9635,0.8244,0.9737,0.991,0.0229,0.0402,0.1163,0.0425,0.798,none
2b_reference,base,base_f16,tri_stability_70,4800,0.9637,0.8292,0.973,0.9894,0.0204,0.0404,0.1125,0.0488,0.8035,none
2b_reference,base,base_f16,tri_structural_65,4800,0.9596,0.8194,0.9715,0.9908,0.0246,0.0427,0.1138,0.0508,0.7918,none
2b_reference,base,collapsed_q2_edge,baseline,4800,0.0004,0.0004,0.0092,0.1108,0.8417,0.0131,0.7252,4.8269,-0.5541,cascade
2b_reference,base,collapsed_q2_edge,cognitive_25_structural_75,4800,0.064,0.0477,0.2584,0.5604,0.5073,0.0198,0.5931,2.7244,-0.2921,cascade
2b_reference,base,collapsed_q2_edge,cognitive_cyber_equal,4800,0.0098,0.0069,0.0994,0.5204,0.7063,0.0783,0.635,3.9256,-0.4677,cascade
2b_reference,base,collapsed_q2_edge,cognitive_only,4800,0.0046,0.0023,0.0537,0.4106,0.7779,0.0431,0.7046,4.3677,-0.5145,cascade
2b_reference,base,collapsed_q2_edge,cognitive_structural_equal,4800,0.0404,0.0285,0.196,0.5523,0.5671,0.0312,0.6304,3.1642,-0.3565,cascade
2b_reference,base,collapsed_q2_edge,cyber_25_structural_75,4800,0.0788,0.0558,0.28,0.5537,0.4967,0.0362,0.5327,2.5996,-0.273,cascade
2b_reference,base,collapsed_q2_edge,cyber_only,4800,0.006,0.004,0.0755,0.4119,0.7319,0.0823,0.6288,4.126,-0.4887,cascade
2b_reference,base,collapsed_q2_edge,cyber_structural_equal,4800,0.0473,0.034,0.2152,0.5525,0.5515,0.0521,0.5542,2.9919,-0.3358,cascade
2b_reference,base,collapsed_q2_edge,structural_only,4800,0.0365,0.0271,0.1956,0.4446,0.565,0.0167,0.604,3.0194,-0.345,cascade
2b_reference,base,collapsed_q2_edge,tri_equal,4800,0.0621,0.0415,0.2649,0.6306,0.4988,0.0762,0.5742,2.7492,-0.3068,cascade
2b_reference,base,collapsed_q2_edge,tri_naive_all_fire,4800,0.1273,0.0669,0.3747,0.7002,0.3971,0.3229,0.6169,2.0873,-0.2705,cascade
2b_reference,base,collapsed_q2_edge,tri_routed_68_20_12,4800,0.1608,0.1148,0.413,0.669,0.3877,0.0452,0.5365,1.9994,-0.1534,cascade
2b_reference,base,collapsed_q2_edge,tri_routed_72_18_10,4800,0.1704,0.1246,0.42,0.6629,0.3844,0.0365,0.5335,1.9302,-0.1372,cascade
2b_reference,base,collapsed_q2_edge,tri_stability_70,4800,0.1598,0.1129,0.4137,0.6504,0.3825,0.0402,0.541,1.9733,-0.1518,cascade
2b_reference,base,collapsed_q2_edge,tri_structural_65,4800,0.1437,0.1062,0.3941,0.6619,0.4004,0.0431,0.5396,2.0562,-0.1685,cascade
2b_reference,base,damaged_q2,baseline,4800,0.0023,0.0017,0.052,0.2729,0.6677,0.01,0.5806,4.3769,-0.4659,cascade
2b_reference,base,damaged_q2,cognitive_25_structural_75,4800,0.2285,0.1715,0.4949,0.7198,0.3035,0.0175,0.4902,1.6915,-0.0469,cascade
2b_reference,base,damaged_q2,cognitive_cyber_equal,4800,0.0567,0.0406,0.2634,0.6806,0.4537,0.079,0.554,2.8569,-0.2985,cascade
2b_reference,base,damaged_q2,cognitive_only,4800,0.0265,0.0206,0.1755,0.5837,0.5281,0.0446,0.5829,3.3879,-0.3628,cascade
2b_reference,base,damaged_q2,cognitive_structural_equal,4800,0.1425,0.109,0.4076,0.709,0.3529,0.0369,0.5119,2.1194,-0.1512,cascade
2b_reference,base,damaged_q2,cyber_25_structural_75,4800,0.2575,0.1804,0.5148,0.715,0.2896,0.0308,0.4635,1.5985,-0.0296,cascade
2b_reference,base,damaged_q2,cyber_only,4800,0.0421,0.0321,0.2192,0.5923,0.479,0.075,0.5133,3.0965,-0.3225,cascade
2b_reference,base,damaged_q2,cyber_structural_equal,4800,0.2,0.1481,0.444,0.6944,0.3235,0.0496,0.435,1.9363,-0.0905,cascade
2b_reference,base,damaged_q2,structural_only,4800,0.161,0.1175,0.4107,0.6025,0.3346,0.015,0.5033,2.0123,-0.1268,cascade
2b_reference,base,damaged_q2,tri_equal,4800,0.2202,0.1481,0.4967,0.775,0.3085,0.0612,0.4788,1.7333,-0.0817,cascade
2b_reference,base,damaged_q2,tri_naive_all_fire,4800,0.3419,0.1762,0.6011,0.8208,0.2542,0.31,0.5267,1.1456,-0.0614,cascade
2b_reference,base,damaged_q2,tri_routed_68_20_12,4800,0.4292,0.2952,0.6644,0.8171,0.2279,0.0437,0.4427,1.009,0.1322,none
2b_reference,base,damaged_q2,tri_routed_72_18_10,4800,0.4735,0.3317,0.6835,0.8056,0.2277,0.0352,0.4394,0.9106,0.1756,none
2b_reference,base,damaged_q2,tri_stability_70,4800,0.4456,0.3021,0.6727,0.8156,0.2229,0.041,0.4552,0.9762,0.1418,none
2b_reference,base,damaged_q2,tri_structural_65,4800,0.4098,0.284,0.6416,0.8048,0.2481,0.0435,0.4479,1.0873,0.1106,none
2b_reference,base,damaged_q3,baseline,4800,0.0527,0.0448,0.2635,0.5281,0.3333,0.0123,0.3777,2.8746,-0.2316,cascade
2b_reference,base,damaged_q3,cognitive_25_structural_75,4800,0.7417,0.554,0.8526,0.9285,0.1356,0.021,0.3221,0.3515,0.4657,none
2b_reference,base,damaged_q3,cognitive_cyber_equal,4800,0.3358,0.2437,0.615,0.8885,0.2044,0.0821,0.3279,1.3992,0.0698,none
2b_reference,base,damaged_q3,cognitive_only,4800,0.209,0.1656,0.5009,0.8227,0.245,0.05,0.3848,1.8835,-0.0428,primitive_gap
2b_reference,base,damaged_q3,cognitive_structural_equal,4800,0.584,0.4306,0.7707,0.936,0.1583,0.0398,0.3525,0.7388,0.31,none
2b_reference,base,damaged_q3,cyber_25_structural_75,4800,0.7171,0.5419,0.8432,0.8854,0.1373,0.0315,0.2929,0.3519,0.4534,none
2b_reference,base,damaged_q3,cyber_only,4800,0.2669,0.1948,0.5417,0.7698,0.2146,0.0781,0.3379,1.6296,0.0063,primitive_gap
2b_reference,base,damaged_q3,cyber_structural_equal,4800,0.6052,0.4479,0.7734,0.8598,0.1508,0.0546,0.2998,0.645,0.3355,none
2b_reference,base,damaged_q3,structural_only,4800,0.6246,0.4785,0.7807,0.8254,0.15,0.0163,0.3227,0.5835,0.3753,none
2b_reference,base,damaged_q3,tri_equal,4800,0.7185,0.5133,0.8431,0.9473,0.1323,0.0644,0.3137,0.421,0.4146,none
2b_reference,base,damaged_q3,tri_naive_all_fire,4800,0.7723,0.3948,0.8643,0.9596,0.1346,0.3158,0.3667,0.17,0.2534,none
2b_reference,base,damaged_q3,tri_routed_68_20_12,4800,0.8479,0.6185,0.919,0.9621,0.1133,0.0358,0.2948,0.0858,0.5495,none
2b_reference,base,damaged_q3,tri_routed_72_18_10,4800,0.8617,0.6221,0.9251,0.9633,0.1069,0.0325,0.2973,0.0631,0.5566,none
2b_reference,base,damaged_q3,tri_stability_70,4800,0.8552,0.5973,0.9217,0.97,0.111,0.0435,0.3173,0.0744,0.5262,none
2b_reference,base,damaged_q3,tri_structural_65,4800,0.849,0.6183,0.9199,0.9633,0.1133,0.0456,0.2842,0.086,0.5482,none
2b_reference,base,damaged_q4,baseline,4800,0.1635,0.1385,0.4468,0.651,0.1906,0.011,0.2933,2.079,-0.0483,primitive_gap
2b_reference,base,damaged_q4,cognitive_25_structural_75,4800,0.8933,0.6908,0.9439,0.9904,0.0829,0.0179,0.2448,0.0529,0.6401,none
2b_reference,base,damaged_q4,cognitive_cyber_equal,4800,0.6206,0.4577,0.7937,0.9623,0.1233,0.0762,0.2762,0.7025,0.3482,none
2b_reference,base,damaged_q4,cognitive_only,4800,0.4571,0.3506,0.7064,0.9377,0.134,0.05,0.2965,1.1085,0.2213,none
2b_reference,base,damaged_q4,cognitive_structural_equal,4800,0.8671,0.6479,0.9247,0.9881,0.0969,0.0325,0.2662,0.124,0.5849,none
2b_reference,base,damaged_q4,cyber_25_structural_75,4800,0.8658,0.671,0.9288,0.9569,0.0973,0.034,0.2306,0.0746,0.6129,none
2b_reference,base,damaged_q4,cyber_only,4800,0.5188,0.3848,0.7266,0.8635,0.1292,0.0783,0.2754,0.9144,0.2626,none
2b_reference,base,damaged_q4,cyber_structural_equal,4800,0.829,0.63,0.9033,0.9369,0.0938,0.0542,0.2396,0.185,0.5626,none
2b_reference,base,damaged_q4,structural_only,4800,0.8479,0.6438,0.915,0.93,0.0942,0.0158,0.2706,0.1062,0.5854,none
2b_reference,base,damaged_q4,tri_equal,4800,0.8738,0.6483,0.9347,0.989,0.0988,0.0633,0.2452,0.0735,0.5827,none
2b_reference,base,damaged_q4,tri_naive_all_fire,4800,0.8612,0.4404,0.904,0.9856,0.1035,0.3137,0.3179,0.0552,0.3184,none
2b_reference,base,damaged_q4,tri_routed_68_20_12,4800,0.8998,0.6767,0.9457,0.9883,0.0815,0.0433,0.2381,0.0465,0.6222,none
2b_reference,base,damaged_q4,tri_routed_72_18_10,4800,0.9096,0.6877,0.9487,0.99,0.0727,0.0369,0.2392,0.0471,0.637,none
2b_reference,base,damaged_q4,tri_stability_70,4800,0.9087,0.6965,0.9476,0.9896,0.0746,0.036,0.2281,0.0512,0.6461,none
2b_reference,base,damaged_q4,tri_structural_65,4800,0.8954,0.6777,0.9436,0.9904,0.0823,0.0413,0.2358,0.0583,0.623,none
2b_reference,base,healthy_q6,baseline,4800,0.4408,0.3746,0.6789,0.7837,0.0954,0.0108,0.2019,1.1585,0.2697,none
2b_reference,base,healthy_q6,cognitive_25_structural_75,4800,0.9315,0.7606,0.9581,0.9885,0.0529,0.0179,0.1875,0.0471,0.7238,none
2b_reference,base,healthy_q6,cognitive_cyber_equal,4800,0.9058,0.6967,0.9432,0.9896,0.0625,0.0773,0.19,0.1094,0.6418,none
2b_reference,base,healthy_q6,cognitive_only,4800,0.8265,0.666,0.8966,0.9904,0.0737,0.0496,0.1938,0.3375,0.6016,none
2b_reference,base,healthy_q6,cognitive_structural_equal,4800,0.929,0.7448,0.9577,0.989,0.0531,0.0312,0.1935,0.0469,0.7048,none
2b_reference,base,healthy_q6,cyber_25_structural_75,4800,0.9313,0.7677,0.9594,0.991,0.0529,0.0306,0.1658,0.0515,0.7299,none
2b_reference,base,healthy_q6,cyber_only,4800,0.8142,0.6342,0.892,0.9471,0.0717,0.08,0.1983,0.2998,0.5658,none
2b_reference,base,healthy_q6,cyber_structural_equal,4800,0.9267,0.7304,0.9575,0.9908,0.0563,0.0525,0.1827,0.0475,0.6861,none
2b_reference,base,healthy_q6,structural_only,4800,0.9263,0.7481,0.9563,0.9879,0.0546,0.0177,0.1942,0.0496,0.7102,none
2b_reference,base,healthy_q6,tri_equal,4800,0.9235,0.7119,0.9579,0.9933,0.0567,0.076,0.1825,0.0456,0.6628,none
2b_reference,base,healthy_q6,tri_naive_all_fire,4800,0.8875,0.4888,0.9187,0.9888,0.0773,0.319,0.2381,0.0519,0.3801,none
2b_reference,base,healthy_q6,tri_routed_68_20_12,4800,0.9304,0.7492,0.9589,0.9912,0.0533,0.0413,0.1752,0.0485,0.7085,none
2b_reference,base,healthy_q6,tri_routed_72_18_10,4800,0.9277,0.7523,0.9586,0.9915,0.0571,0.0429,0.1656,0.0488,0.7109,none
2b_reference,base,healthy_q6,tri_stability_70,4800,0.9298,0.7546,0.9583,0.9892,0.0531,0.0369,0.1769,0.0496,0.7146,none
2b_reference,base,healthy_q6,tri_structural_65,4800,0.931,0.7458,0.9592,0.9883,0.0512,0.0477,0.1708,0.0483,0.7048,none
2b_reference,base,healthy_q8,baseline,4800,0.5973,0.5175,0.7692,0.8529,0.0471,0.0131,0.1673,0.8615,0.4443,none
2b_reference,base,healthy_q8,cognitive_25_structural_75,4800,0.9454,0.7913,0.9642,0.9896,0.0362,0.0227,0.1583,0.0533,0.7605,none
2b_reference,base,healthy_q8,cognitive_cyber_equal,4800,0.9323,0.7415,0.9597,0.9888,0.0456,0.0735,0.1585,0.0583,0.6975,none
2b_reference,base,healthy_q8,cognitive_only,4800,0.9256,0.7417,0.9483,0.9892,0.046,0.055,0.1723,0.1212,0.697,none
2b_reference,base,healthy_q8,cognitive_structural_equal,4800,0.9406,0.7767,0.9638,0.9875,0.0408,0.0362,0.1573,0.0458,0.7423,none
2b_reference,base,healthy_q8,cyber_25_structural_75,4800,0.9417,0.7902,0.9635,0.9885,0.0377,0.0285,0.1485,0.0558,0.7585,none
2b_reference,base,healthy_q8,cyber_only,4800,0.9144,0.7238,0.9462,0.9781,0.0423,0.0779,0.1629,0.1217,0.6764,none
2b_reference,base,healthy_q8,cyber_structural_equal,4800,0.9454,0.7696,0.9652,0.9919,0.0431,0.0569,0.1479,0.0433,0.7313,none
2b_reference,base,healthy_q8,structural_only,4800,0.9454,0.7965,0.9647,0.9915,0.0377,0.0177,0.155,0.0525,0.7666,none
2b_reference,base,healthy_q8,tri_equal,4800,0.9435,0.7544,0.9642,0.9883,0.0387,0.0652,0.156,0.0483,0.7148,none
2b_reference,base,healthy_q8,tri_naive_all_fire,4800,0.9071,0.5119,0.9261,0.9898,0.0617,0.3185,0.2177,0.0485,0.4098,none
2b_reference,base,healthy_q8,tri_routed_68_20_12,4800,0.9463,0.7769,0.9655,0.9921,0.0358,0.0437,0.1544,0.0512,0.7425,none
2b_reference,base,healthy_q8,tri_routed_72_18_10,4800,0.9498,0.7896,0.9674,0.9921,0.0365,0.039,0.1496,0.0427,0.7568,none
2b_reference,base,healthy_q8,tri_stability_70,4800,0.9481,0.7865,0.9655,0.9879,0.0338,0.0394,0.1512,0.0519,0.7538,none
2b_reference,base,healthy_q8,tri_structural_65,4800,0.9498,0.7771,0.9664,0.9906,0.0342,0.0458,0.1571,0.0483,0.7427,none
2b_reference,base,q1_k_m,baseline,4800,0.0,0.0,0.0002,0.0129,0.9352,0.0127,0.8923,4.8981,-0.5994,cascade
2b_reference,base,q1_k_m,cognitive_25_structural_75,4800,0.0096,0.0065,0.0888,0.3606,0.7402,0.0231,0.7079,3.8869,-0.4712,cascade
2b_reference,base,q1_k_m,cognitive_cyber_equal,4800,0.0,0.0,0.0195,0.3071,0.8783,0.0773,0.7621,4.694,-0.5746,cascade
2b_reference,base,q1_k_m,cognitive_only,4800,0.0002,0.0002,0.0088,0.1998,0.9077,0.0485,0.8381,4.826,-0.5902,cascade
2b_reference,base,q1_k_m,cognitive_structural_equal,4800,0.0035,0.0027,0.0547,0.3394,0.7958,0.0325,0.7435,4.3058,-0.5173,cascade
2b_reference,base,q1_k_m,cyber_25_structural_75,4800,0.0106,0.0073,0.0923,0.3373,0.7552,0.034,0.6273,3.8048,-0.4665,cascade
2b_reference,base,q1_k_m,cyber_only,4800,0.0002,0.0002,0.0118,0.2127,0.8838,0.0785,0.7231,4.7562,-0.5763,cascade
2b_reference,base,q1_k_m,cyber_structural_equal,4800,0.0067,0.0052,0.0677,0.3408,0.7904,0.0517,0.6575,4.119,-0.5008,cascade
2b_reference,base,q1_k_m,structural_only,4800,0.0042,0.0031,0.0542,0.2356,0.7965,0.0177,0.7083,4.2135,-0.5067,cascade
2b_reference,base,q1_k_m,tri_equal,4800,0.0112,0.0081,0.0881,0.4217,0.7535,0.0742,0.6933,3.9642,-0.4864,cascade
2b_reference,base,q1_k_m,tri_naive_all_fire,4800,0.0327,0.0206,0.1634,0.5196,0.6446,0.3169,0.7087,3.2298,-0.4543,cascade
2b_reference,base,q1_k_m,tri_routed_68_20_12,4800,0.0354,0.0265,0.1728,0.4635,0.6548,0.044,0.6319,3.1494,-0.3868,cascade
2b_reference,base,q1_k_m,tri_routed_72_18_10,4800,0.046,0.0321,0.1952,0.4654,0.6077,0.0442,0.6394,3.0408,-0.3623,cascade
2b_reference,base,q1_k_m,tri_stability_70,4800,0.0394,0.0288,0.1871,0.4592,0.62,0.0421,0.649,3.0781,-0.3715,cascade
2b_reference,base,q1_k_m,tri_structural_65,4800,0.03,0.0221,0.1659,0.4567,0.6485,0.046,0.6558,3.2256,-0.3954,cascade
2b_reference,base,q8_k_m,baseline,4800,0.6529,0.5719,0.7977,0.8698,0.0427,0.0092,0.1456,0.7492,0.5081,none
2b_reference,base,q8_k_m,cognitive_25_structural_75,4800,0.9529,0.8135,0.9686,0.99,0.0304,0.0187,0.1383,0.0483,0.7872,none
2b_reference,base,q8_k_m,cognitive_cyber_equal,4800,0.9446,0.7523,0.9652,0.9906,0.0375,0.0817,0.1481,0.0496,0.7104,none
2b_reference,base,q8_k_m,cognitive_only,4800,0.9375,0.7654,0.96,0.9902,0.0404,0.0462,0.1598,0.0704,0.7277,none
2b_reference,base,q8_k_m,cognitive_structural_equal,4800,0.9521,0.806,0.9679,0.9921,0.0312,0.0294,0.1373,0.0519,0.7772,none
2b_reference,base,q8_k_m,cyber_25_structural_75,4800,0.9537,0.8102,0.9691,0.991,0.0315,0.0367,0.1308,0.0475,0.7806,none
2b_reference,base,q8_k_m,cyber_only,4800,0.9333,0.7396,0.9564,0.9842,0.0373,0.0798,0.1525,0.0856,0.696,none
2b_reference,base,q8_k_m,cyber_structural_equal,4800,0.9502,0.786,0.9681,0.9921,0.0352,0.0579,0.129,0.0479,0.7512,none
2b_reference,base,q8_k_m,structural_only,4800,0.9494,0.8117,0.9671,0.9898,0.0325,0.019,0.1404,0.0517,0.7843,none
2b_reference,base,q8_k_m,tri_equal,4800,0.9537,0.7704,0.9667,0.9881,0.0312,0.0681,0.1427,0.0515,0.7334,none
2b_reference,base,q8_k_m,tri_naive_all_fire,4800,0.9152,0.5215,0.9298,0.9898,0.0571,0.3004,0.2167,0.0454,0.4246,none
2b_reference,base,q8_k_m,tri_routed_68_20_12,4800,0.9523,0.8087,0.9688,0.9917,0.0317,0.039,0.1271,0.0504,0.7788,none
2b_reference,base,q8_k_m,tri_routed_72_18_10,4800,0.9487,0.8044,0.9679,0.9927,0.0331,0.034,0.1344,0.0504,0.7744,none
2b_reference,base,q8_k_m,tri_stability_70,4800,0.9519,0.8025,0.9688,0.9896,0.0298,0.0396,0.1304,0.0502,0.7727,none
2b_reference,base,q8_k_m,tri_structural_65,4800,0.9529,0.7967,0.9682,0.9915,0.029,0.0456,0.1377,0.0517,0.7653,none
2b_reference,degraded_instruct,base_f16,baseline,4800,0.7669,0.6898,0.8588,0.91,0.0277,0.0098,0.1244,0.5206,0.6435,none
2b_reference,degraded_instruct,base_f16,cognitive_25_structural_75,4800,0.9594,0.839,0.9718,0.9904,0.0238,0.0235,0.1142,0.0502,0.8155,none
2b_reference,degraded_instruct,base_f16,cognitive_cyber_equal,4800,0.9548,0.7667,0.9687,0.9906,0.0279,0.0821,0.1379,0.0512,0.7283,none
2b_reference,degraded_instruct,base_f16,cognitive_only,4800,0.9463,0.7733,0.9625,0.9921,0.03,0.0596,0.1392,0.084,0.7371,none
2b_reference,degraded_instruct,base_f16,cognitive_structural_equal,4800,0.9571,0.8117,0.971,0.9892,0.0242,0.0387,0.1263,0.0475,0.7842,none
2b_reference,degraded_instruct,base_f16,cyber_25_structural_75,4800,0.96,0.8248,0.9711,0.9894,0.0262,0.0383,0.1138,0.0504,0.7976,none
2b_reference,degraded_instruct,base_f16,cyber_only,4800,0.9406,0.7456,0.9597,0.9812,0.0294,0.0908,0.1412,0.084,0.7031,none
2b_reference,degraded_instruct,base_f16,cyber_structural_equal,4800,0.954,0.7944,0.9691,0.9902,0.0296,0.0621,0.124,0.0508,0.7606,none
2b_reference,degraded_instruct,base_f16,structural_only,4800,0.9583,0.8317,0.9707,0.9894,0.0235,0.0142,0.1279,0.05,0.809,none
2b_reference,degraded_instruct,base_f16,tri_equal,4800,0.9563,0.7831,0.9696,0.989,0.0285,0.0771,0.1221,0.0485,0.747,none
2b_reference,degraded_instruct,base_f16,tri_naive_all_fire,4800,0.916,0.514,0.9299,0.9894,0.0479,0.3383,0.19,0.0496,0.4142,none
2b_reference,degraded_instruct,base_f16,tri_routed_68_20_12,4800,0.9615,0.824,0.9726,0.989,0.0235,0.0465,0.106,0.0485,0.7967,none
2b_reference,degraded_instruct,base_f16,tri_routed_72_18_10,4800,0.9619,0.8119,0.9722,0.9906,0.0204,0.0425,0.1242,0.0494,0.7848,none
2b_reference,degraded_instruct,base_f16,tri_stability_70,4800,0.9594,0.8165,0.9712,0.9894,0.0244,0.0456,0.115,0.05,0.7883,none
2b_reference,degraded_instruct,base_f16,tri_structural_65,4800,0.9565,0.8121,0.971,0.9902,0.0244,0.046,0.1215,0.0508,0.7833,none
2b_reference,degraded_instruct,collapsed_q2_edge,baseline,4800,0.0,0.0,0.0075,0.1127,0.85,0.0125,0.7202,4.8354,-0.5569,cascade
2b_reference,degraded_instruct,collapsed_q2_edge,cognitive_25_structural_75,4800,0.0583,0.0423,0.2505,0.5429,0.5127,0.024,0.5904,2.7675,-0.3019,cascade
2b_reference,degraded_instruct,collapsed_q2_edge,cognitive_cyber_equal,4800,0.0019,0.0013,0.061,0.3998,0.7485,0.0875,0.6725,4.2844,-0.5088,cascade
2b_reference,degraded_instruct,collapsed_q2_edge,cognitive_only,4800,0.0025,0.0013,0.0365,0.326,0.7917,0.0444,0.7142,4.556,-0.5301,cascade
2b_reference,degraded_instruct,collapsed_q2_edge,cognitive_structural_equal,4800,0.0304,0.0227,0.1689,0.5002,0.5773,0.0383,0.6367,3.324,-0.3753,cascade
2b_reference,degraded_instruct,collapsed_q2_edge,cyber_25_structural_75,4800,0.0717,0.0523,0.2651,0.5448,0.4994,0.0387,0.5473,2.6552,-0.2818,cascade
2b_reference,degraded_instruct,collapsed_q2_edge,cyber_only,4800,0.0031,0.0015,0.0479,0.325,0.7652,0.0887,0.649,4.3979,-0.5177,cascade
2b_reference,degraded_instruct,collapsed_q2_edge,cyber_structural_equal,4800,0.0348,0.0256,0.1832,0.4879,0.5777,0.0548,0.5585,3.1608,-0.3614,cascade
2b_reference,degraded_instruct,collapsed_q2_edge,structural_only,4800,0.0465,0.0369,0.2031,0.4479,0.549,0.0177,0.5846,2.9823,-0.3272,cascade
2b_reference,degraded_instruct,collapsed_q2_edge,tri_equal,4800,0.0431,0.0298,0.2111,0.564,0.5487,0.0698,0.6131,3.0348,-0.3496,cascade
2b_reference,degraded_instruct,collapsed_q2_edge,tri_naive_all_fire,4800,0.0894,0.0488,0.2981,0.611,0.455,0.3208,0.635,2.4452,-0.325,cascade
2b_reference,degraded_instruct,collapsed_q2_edge,tri_routed_68_20_12,4800,0.1381,0.0967,0.3868,0.6229,0.3992,0.0467,0.5548,2.0863,-0.1811,cascade
2b_reference,degraded_instruct,collapsed_q2_edge,tri_routed_72_18_10,4800,0.161,0.109,0.4057,0.6302,0.395,0.0435,0.5477,1.9779,-0.161,cascade
2b_reference,degraded_instruct,collapsed_q2_edge,tri_stability_70,4800,0.1385,0.0938,0.3884,0.6279,0.404,0.0415,0.5606,2.0502,-0.1831,cascade
2b_reference,degraded_instruct,collapsed_q2_edge,tri_structural_65,4800,0.1315,0.0942,0.3737,0.6202,0.4017,0.0519,0.5585,2.1498,-0.1889,cascade
2b_reference,degraded_instruct,damaged_q2,baseline,4800,0.0037,0.0021,0.0501,0.2758,0.6613,0.0108,0.6181,4.3942,-0.4676,cascade
2b_reference,degraded_instruct,damaged_q2,cognitive_25_structural_75,4800,0.2108,0.1537,0.4751,0.6973,0.31,0.0267,0.4881,1.7665,-0.072,cascade
2b_reference,degraded_instruct,damaged_q2,cognitive_cyber_equal,4800,0.0304,0.0217,0.1882,0.5754,0.5052,0.0821,0.5471,3.2806,-0.3541,cascade
2b_reference,degraded_instruct,damaged_q2,cognitive_only,4800,0.0148,0.0112,0.1301,0.489,0.5713,0.0571,0.6162,3.7058,-0.4061,cascade
2b_reference,degraded_instruct,damaged_q2,cognitive_structural_equal,4800,0.1179,0.0833,0.3723,0.6594,0.3529,0.0373,0.5348,2.2842,-0.187,cascade
2b_reference,degraded_instruct,damaged_q2,cyber_25_structural_75,4800,0.2533,0.1888,0.5053,0.7017,0.2921,0.0373,0.4546,1.6469,-0.025,cascade
2b_reference,degraded_instruct,damaged_q2,cyber_only,4800,0.0242,0.0179,0.1654,0.5133,0.511,0.0817,0.5358,3.4402,-0.3666,cascade
2b_reference,degraded_instruct,damaged_q2,cyber_structural_equal,4800,0.1398,0.0996,0.3916,0.6512,0.3621,0.0579,0.4696,2.126,-0.1645,cascade
2b_reference,degraded_instruct,damaged_q2,structural_only,4800,0.1708,0.1279,0.4231,0.6131,0.3348,0.0171,0.4969,1.9381,-0.1126,cascade
2b_reference,degraded_instruct,damaged_q2,tri_equal,4800,0.1646,0.1131,0.4371,0.7273,0.3271,0.0802,0.5012,1.9819,-0.1402,cascade
2b_reference,degraded_instruct,damaged_q2,tri_naive_all_fire,4800,0.2675,0.1365,0.5293,0.7529,0.2715,0.3281,0.5375,1.4298,-0.1251,cascade
2b_reference,degraded_instruct,damaged_q2,tri_routed_68_20_12,4800,0.3927,0.281,0.6333,0.7788,0.2487,0.0462,0.4458,1.1042,0.1063,none
2b_reference,degraded_instruct,damaged_q2,tri_routed_72_18_10,4800,0.4456,0.3094,0.6638,0.7829,0.2265,0.0415,0.4423,0.9846,0.1485,none
2b_reference,degraded_instruct,damaged_q2,tri_stability_70,4800,0.4217,0.2919,0.655,0.7908,0.2338,0.0473,0.454,1.0206,0.1249,none
2b_reference,degraded_instruct,damaged_q2,tri_structural_65,4800,0.3887,0.2702,0.6254,0.7765,0.2365,0.049,0.4504,1.1621,0.0953,none
2b_reference,degraded_instruct,damaged_q3,baseline,4800,0.0604,0.0521,0.2672,0.5177,0.3302,0.0115,0.3827,2.8475,-0.2223,cascade
2b_reference,degraded_instruct,damaged_q3,cognitive_25_structural_75,4800,0.7315,0.5415,0.8449,0.9119,0.1277,0.0213,0.3304,0.3833,0.4533,none
2b_reference,degraded_instruct,damaged_q3,cognitive_cyber_equal,4800,0.23,0.165,0.5177,0.8092,0.2352,0.0779,0.3883,1.7677,-0.0406,primitive_gap
2b_reference,degraded_instruct,damaged_q3,cognitive_only,4800,0.1338,0.1054,0.4167,0.7262,0.276,0.0475,0.3858,2.2046,-0.128,primitive_gap
2b_reference,degraded_instruct,damaged_q3,cognitive_structural_equal,4800,0.5215,0.3748,0.7321,0.8927,0.1673,0.0383,0.3621,0.8662,0.2447,none
2b_reference,degraded_instruct,damaged_q3,cyber_25_structural_75,4800,0.7165,0.5317,0.8369,0.8702,0.1335,0.0331,0.3029,0.3663,0.4424,none
2b_reference,degraded_instruct,damaged_q3,cyber_only,4800,0.2035,0.1494,0.4723,0.735,0.2421,0.081,0.355,1.9394,-0.0648,primitive_gap
2b_reference,degraded_instruct,damaged_q3,cyber_structural_equal,4800,0.571,0.4204,0.7539,0.8494,0.1558,0.0577,0.306,0.7235,0.3015,none
2b_reference,degraded_instruct,damaged_q3,structural_only,4800,0.6383,0.4871,0.7879,0.829,0.1537,0.0144,0.3246,0.5452,0.3849,none
2b_reference,degraded_instruct,damaged_q3,tri_equal,4800,0.6183,0.4325,0.7848,0.8975,0.1585,0.0767,0.3385,0.6144,0.3118,none
2b_reference,degraded_instruct,damaged_q3,tri_naive_all_fire,4800,0.6885,0.3594,0.8173,0.9123,0.1517,0.3348,0.3787,0.3167,0.2008,none
2b_reference,degraded_instruct,damaged_q3,tri_routed_68_20_12,4800,0.8392,0.5929,0.9107,0.9444,0.1117,0.0504,0.3063,0.1062,0.5195,none
2b_reference,degraded_instruct,damaged_q3,tri_routed_72_18_10,4800,0.8429,0.6073,0.9164,0.9529,0.114,0.041,0.2967,0.0854,0.5369,none
2b_reference,degraded_instruct,damaged_q3,tri_stability_70,4800,0.8398,0.5962,0.9148,0.9535,0.1177,0.0496,0.3021,0.0867,0.5225,none
2b_reference,degraded_instruct,damaged_q3,tri_structural_65,4800,0.8287,0.5883,0.9065,0.9392,0.1131,0.0481,0.3102,0.1177,0.5141,none
2b_reference,degraded_instruct,damaged_q4,baseline,4800,0.1771,0.1494,0.4561,0.6556,0.1883,0.0125,0.2975,2.0412,-0.0355,primitive_gap
2b_reference,degraded_instruct,damaged_q4,cognitive_25_structural_75,4800,0.8985,0.6848,0.9419,0.9821,0.0762,0.0258,0.2517,0.0635,0.6334,none
2b_reference,degraded_instruct,damaged_q4,cognitive_cyber_equal,4800,0.4856,0.3635,0.7102,0.9104,0.151,0.0781,0.2894,1.0237,0.2283,none
2b_reference,degraded_instruct,damaged_q4,cognitive_only,4800,0.3369,0.2715,0.6162,0.8429,0.1623,0.0498,0.304,1.4379,0.1166,none
2b_reference,degraded_instruct,damaged_q4,cognitive_structural_equal,4800,0.8333,0.621,0.902,0.9729,0.0969,0.039,0.2671,0.2267,0.5515,none
2b_reference,degraded_instruct,damaged_q4,cyber_25_structural_75,4800,0.8708,0.6633,0.929,0.9569,0.0908,0.0365,0.2437,0.0802,0.6053,none
2b_reference,degraded_instruct,damaged_q4,cyber_only,4800,0.4219,0.3173,0.6616,0.8248,0.1377,0.081,0.2675,1.1948,0.1786,none
2b_reference,degraded_instruct,damaged_q4,cyber_structural_equal,4800,0.8137,0.6177,0.8886,0.9181,0.0921,0.0552,0.2483,0.2419,0.5471,none
2b_reference,degraded_instruct,damaged_q4,structural_only,4800,0.8562,0.6554,0.9183,0.9285,0.0879,0.0156,0.2587,0.1035,0.6,none
2b_reference,degraded_instruct,damaged_q4,tri_equal,4800,0.8621,0.6221,0.9196,0.9725,0.0917,0.0727,0.2704,0.1385,0.5515,none
2b_reference,degraded_instruct,damaged_q4,tri_naive_all_fire,4800,0.8431,0.4256,0.8974,0.9738,0.1073,0.3196,0.3117,0.0733,0.3009,none
2b_reference,degraded_instruct,damaged_q4,tri_routed_68_20_12,4800,0.901,0.6754,0.9451,0.9906,0.0852,0.0477,0.24,0.046,0.6188,none
2b_reference,degraded_instruct,damaged_q4,tri_routed_72_18_10,4800,0.9113,0.7006,0.9488,0.9908,0.0742,0.0367,0.225,0.05,0.6505,none
2b_reference,degraded_instruct,damaged_q4,tri_stability_70,4800,0.9062,0.6885,0.9481,0.9892,0.0762,0.045,0.2275,0.0473,0.6361,none
2b_reference,degraded_instruct,damaged_q4,tri_structural_65,4800,0.9048,0.6773,0.9473,0.9869,0.0769,0.0492,0.2448,0.041,0.6228,none
2b_reference,degraded_instruct,healthy_q6,baseline,4800,0.4417,0.3796,0.6742,0.7879,0.0977,0.0112,0.205,1.185,0.2724,none
2b_reference,degraded_instruct,healthy_q6,cognitive_25_structural_75,4800,0.9265,0.7569,0.9562,0.9869,0.0569,0.0231,0.1846,0.0496,0.7179,none
2b_reference,degraded_instruct,healthy_q6,cognitive_cyber_equal,4800,0.8323,0.636,0.901,0.9767,0.081,0.0862,0.2004,0.2769,0.5646,none
2b_reference,degraded_instruct,healthy_q6,cognitive_only,4800,0.7158,0.5673,0.8376,0.9658,0.0831,0.0512,0.2148,0.584,0.4857,none
2b_reference,degraded_instruct,healthy_q6,cognitive_structural_equal,4800,0.9223,0.734,0.9549,0.9902,0.0619,0.0338,0.1933,0.0485,0.6908,none
2b_reference,degraded_instruct,healthy_q6,cyber_25_structural_75,4800,0.9198,0.7519,0.9559,0.9915,0.0594,0.0319,0.1725,0.0554,0.7111,none
2b_reference,degraded_instruct,healthy_q6,cyber_only,4800,0.7269,0.5594,0.8433,0.8998,0.08,0.0873,0.2065,0.4692,0.4779,none
2b_reference,degraded_instruct,healthy_q6,cyber_structural_equal,4800,0.9202,0.7221,0.9533,0.9802,0.0608,0.0612,0.179,0.0525,0.6746,none
2b_reference,degraded_instruct,healthy_q6,structural_only,4800,0.9221,0.7583,0.9547,0.9854,0.0596,0.0175,0.1808,0.0519,0.7199,none
2b_reference,degraded_instruct,healthy_q6,tri_equal,4800,0.9237,0.7052,0.9555,0.9919,0.0619,0.0723,0.1942,0.0475,0.6543,none
2b_reference,degraded_instruct,healthy_q6,tri_naive_all_fire,4800,0.8821,0.481,0.915,0.9912,0.0885,0.3198,0.2517,0.0515,0.3678,none
2b_reference,degraded_instruct,healthy_q6,tri_routed_68_20_12,4800,0.9296,0.751,0.9599,0.99,0.05,0.0442,0.1708,0.0481,0.7111,none
2b_reference,degraded_instruct,healthy_q6,tri_routed_72_18_10,4800,0.9342,0.7556,0.9603,0.9892,0.0488,0.044,0.1706,0.0488,0.7161,none
2b_reference,degraded_instruct,healthy_q6,tri_stability_70,4800,0.9379,0.7577,0.9612,0.9869,0.0483,0.0392,0.1733,0.0415,0.7194,none
2b_reference,degraded_instruct,healthy_q6,tri_structural_65,4800,0.9279,0.7356,0.9569,0.9883,0.0571,0.0515,0.1779,0.049,0.6915,none
2b_reference,degraded_instruct,healthy_q8,baseline,4800,0.5931,0.5142,0.7647,0.841,0.0581,0.0125,0.1742,0.85,0.4378,none
2b_reference,degraded_instruct,healthy_q8,cognitive_25_structural_75,4800,0.9429,0.7887,0.964,0.9908,0.0404,0.03,0.151,0.0517,0.756,none
2b_reference,degraded_instruct,healthy_q8,cognitive_cyber_equal,4800,0.9171,0.7044,0.9469,0.991,0.0554,0.0792,0.1833,0.1046,0.652,none
2b_reference,degraded_instruct,healthy_q8,cognitive_only,4800,0.855,0.7017,0.9097,0.9881,0.0546,0.05,0.1708,0.3031,0.6465,none
2b_reference,degraded_instruct,healthy_q8,cognitive_structural_equal,4800,0.9444,0.7704,0.9638,0.9902,0.0375,0.0367,0.166,0.0502,0.736,none
2b_reference,degraded_instruct,healthy_q8,cyber_25_structural_75,4800,0.9496,0.79,0.9653,0.9904,0.0377,0.0335,0.1485,0.05,0.7576,none
2b_reference,degraded_instruct,healthy_q8,cyber_only,4800,0.845,0.6538,0.9084,0.949,0.0517,0.0898,0.1812,0.2531,0.5931,none
2b_reference,degraded_instruct,healthy_q8,cyber_structural_equal,4800,0.9396,0.7588,0.9636,0.991,0.0437,0.0665,0.146,0.0504,0.7181,none
2b_reference,degraded_instruct,healthy_q8,structural_only,4800,0.9467,0.7977,0.9645,0.9881,0.0404,0.0187,0.1525,0.0456,0.7674,none
2b_reference,degraded_instruct,healthy_q8,tri_equal,4800,0.9417,0.7496,0.9636,0.9906,0.0413,0.07,0.1552,0.0504,0.7083,none
2b_reference,degraded_instruct,healthy_q8,tri_naive_all_fire,4800,0.9017,0.4981,0.9239,0.9894,0.0648,0.3308,0.2135,0.049,0.393,none
2b_reference,degraded_instruct,healthy_q8,tri_routed_68_20_12,4800,0.9452,0.7815,0.9651,0.991,0.0398,0.0437,0.1479,0.0479,0.7465,none
2b_reference,degraded_instruct,healthy_q8,tri_routed_72_18_10,4800,0.9479,0.7806,0.9654,0.9881,0.0344,0.0406,0.1523,0.0506,0.7475,none
2b_reference,degraded_instruct,healthy_q8,tri_stability_70,4800,0.9508,0.7873,0.9657,0.9885,0.0338,0.0446,0.1444,0.054,0.754,none
2b_reference,degraded_instruct,healthy_q8,tri_structural_65,4800,0.9477,0.7808,0.966,0.99,0.0373,0.05,0.1427,0.049,0.7458,none
2b_reference,degraded_instruct,q1_k_m,baseline,4800,0.0,0.0,0.0002,0.0154,0.9383,0.0106,0.874,4.8985,-0.5985,cascade
2b_reference,degraded_instruct,q1_k_m,cognitive_25_structural_75,4800,0.0096,0.0069,0.0832,0.3402,0.7531,0.025,0.719,3.9362,-0.4784,cascade
2b_reference,degraded_instruct,q1_k_m,cognitive_cyber_equal,4800,0.0,0.0,0.0092,0.2046,0.9004,0.0794,0.7717,4.8133,-0.5884,cascade
2b_reference,degraded_instruct,q1_k_m,cognitive_only,4800,0.0,0.0,0.0036,0.1077,0.9196,0.0523,0.866,4.8729,-0.5993,cascade
2b_reference,degraded_instruct,q1_k_m,cognitive_structural_equal,4800,0.0029,0.0021,0.0453,0.296,0.8129,0.0342,0.7304,4.4212,-0.5281,cascade
2b_reference,degraded_instruct,q1_k_m,cyber_25_structural_75,4800,0.0121,0.0081,0.0914,0.3308,0.7483,0.0342,0.6569,3.8188,-0.4667,cascade
2b_reference,degraded_instruct,q1_k_m,cyber_only,4800,0.0,0.0,0.0065,0.1558,0.9004,0.0842,0.7771,4.825,-0.5904,cascade
2b_reference,degraded_instruct,q1_k_m,cyber_structural_equal,4800,0.0042,0.0029,0.0524,0.2906,0.805,0.0619,0.6506,4.2704,-0.5165,cascade
2b_reference,degraded_instruct,q1_k_m,structural_only,4800,0.0067,0.0054,0.0615,0.2444,0.7863,0.0148,0.7019,4.1485,-0.497,cascade
2b_reference,degraded_instruct,q1_k_m,tri_equal,4800,0.0058,0.0035,0.0627,0.3525,0.7898,0.0654,0.7023,4.2056,-0.5129,cascade
2b_reference,degraded_instruct,q1_k_m,tri_naive_all_fire,4800,0.0163,0.0079,0.114,0.4179,0.6904,0.3271,0.7483,3.6025,-0.5046,cascade
2b_reference,degraded_instruct,q1_k_m,tri_routed_68_20_12,4800,0.0354,0.0275,0.1662,0.4496,0.6475,0.0431,0.6548,3.2304,-0.3893,cascade
2b_reference,degraded_instruct,q1_k_m,tri_routed_72_18_10,4800,0.0356,0.0273,0.1761,0.4429,0.635,0.0429,0.6596,3.1029,-0.3797,cascade
2b_reference,degraded_instruct,q1_k_m,tri_stability_70,4800,0.0362,0.0269,0.1707,0.4296,0.6402,0.0367,0.655,3.1606,-0.383,cascade
2b_reference,degraded_instruct,q1_k_m,tri_structural_65,4800,0.0271,0.0181,0.1517,0.4252,0.6565,0.0531,0.6352,3.3304,-0.4068,cascade
2b_reference,degraded_instruct,q8_k_m,baseline,4800,0.6477,0.5658,0.7932,0.8654,0.0425,0.0146,0.1444,0.7681,0.5002,none
2b_reference,degraded_instruct,q8_k_m,cognitive_25_structural_75,4800,0.9446,0.8023,0.9655,0.9881,0.0367,0.0273,0.139,0.0502,0.7722,none
2b_reference,degraded_instruct,q8_k_m,cognitive_cyber_equal,4800,0.9285,0.7344,0.9555,0.9877,0.0458,0.0767,0.1604,0.08,0.6885,none
2b_reference,degraded_instruct,q8_k_m,cognitive_only,4800,0.8946,0.7294,0.9277,0.9898,0.0433,0.0502,0.1652,0.2338,0.6814,none
2b_reference,degraded_instruct,q8_k_m,cognitive_structural_equal,4800,0.9542,0.7898,0.9681,0.9912,0.034,0.0402,0.1456,0.0444,0.7577,none
2b_reference,degraded_instruct,q8_k_m,cyber_25_structural_75,4800,0.9481,0.7987,0.9677,0.9908,0.0323,0.035,0.1354,0.05,0.7687,none
2b_reference,degraded_instruct,q8_k_m,cyber_only,4800,0.879,0.6835,0.9253,0.9656,0.0506,0.0952,0.1671,0.1929,0.6263,none
2b_reference,degraded_instruct,q8_k_m,cyber_structural_equal,4800,0.9471,0.7758,0.966,0.9917,0.0375,0.0598,0.1383,0.0506,0.739,none
2b_reference,degraded_instruct,q8_k_m,structural_only,4800,0.9492,0.8106,0.9672,0.989,0.0333,0.0163,0.1404,0.0488,0.7837,none
2b_reference,degraded_instruct,q8_k_m,tri_equal,4800,0.9469,0.7598,0.966,0.9921,0.0356,0.0769,0.1435,0.0508,0.7197,none
2b_reference,degraded_instruct,q8_k_m,tri_naive_all_fire,4800,0.911,0.5125,0.9276,0.9906,0.0573,0.3194,0.2083,0.0504,0.4122,none
2b_reference,degraded_instruct,q8_k_m,tri_routed_68_20_12,4800,0.949,0.7896,0.9666,0.9877,0.0369,0.0435,0.1404,0.0452,0.7563,none
2b_reference,degraded_instruct,q8_k_m,tri_routed_72_18_10,4800,0.9529,0.8,0.968,0.9894,0.031,0.0421,0.1344,0.0508,0.769,none
2b_reference,degraded_instruct,q8_k_m,tri_stability_70,4800,0.9552,0.794,0.9691,0.991,0.0304,0.0481,0.1408,0.045,0.7617,none
2b_reference,degraded_instruct,q8_k_m,tri_structural_65,4800,0.9506,0.7927,0.9674,0.99,0.0333,0.0479,0.1379,0.0485,0.7597,none
2b_reference,instruct,base_f16,baseline,4800,0.7685,0.6854,0.8603,0.9169,0.0258,0.0135,0.125,0.5179,0.6391,none
2b_reference,instruct,base_f16,cognitive_25_structural_75,4800,0.9575,0.8221,0.9703,0.9921,0.0273,0.0202,0.1317,0.0483,0.7969,none
2b_reference,instruct,base_f16,cognitive_cyber_equal,4800,0.9365,0.7427,0.9565,0.989,0.034,0.0762,0.1535,0.0969,0.7001,none
2b_reference,instruct,base_f16,cognitive_only,4800,0.8854,0.7244,0.9234,0.984,0.0333,0.0498,0.1606,0.2671,0.6782,none
2b_reference,instruct,base_f16,cognitive_structural_equal,4800,0.956,0.8058,0.9689,0.9896,0.0269,0.0338,0.1365,0.0512,0.7775,none
2b_reference,instruct,base_f16,cyber_25_structural_75,4800,0.961,0.8252,0.9722,0.9896,0.025,0.0302,0.1242,0.0421,0.7996,none
2b_reference,instruct,base_f16,cyber_only,4800,0.8802,0.6963,0.9247,0.9531,0.0444,0.0806,0.1565,0.2,0.6443,none
2b_reference,instruct,base_f16,cyber_structural_equal,4800,0.9548,0.8044,0.9688,0.9904,0.0288,0.0454,0.1254,0.054,0.7739,none
2b_reference,instruct,base_f16,structural_only,4800,0.9583,0.8448,0.9715,0.989,0.0254,0.0156,0.1129,0.0496,0.8225,none
2b_reference,instruct,base_f16,tri_equal,4800,0.9542,0.7812,0.9686,0.9921,0.0302,0.0587,0.1415,0.0483,0.7467,none
2b_reference,instruct,base_f16,tri_naive_all_fire,4800,0.9129,0.5204,0.9291,0.9888,0.0558,0.3075,0.2108,0.0471,0.4229,none
2b_reference,instruct,base_f16,tri_routed_68_20_12,4800,0.96,0.8196,0.9713,0.9896,0.0246,0.0327,0.1237,0.0479,0.7934,none
2b_reference,instruct,base_f16,tri_routed_72_18_10,4800,0.9565,0.8229,0.9699,0.9894,0.0262,0.0281,0.125,0.051,0.7969,none
2b_reference,instruct,base_f16,tri_stability_70,4800,0.9608,0.8248,0.9709,0.9869,0.0233,0.029,0.1244,0.049,0.7996,none
2b_reference,instruct,base_f16,tri_structural_65,4800,0.9604,0.8065,0.9701,0.9902,0.026,0.0362,0.1377,0.0475,0.778,none
2b_reference,instruct,collapsed_q2_edge,baseline,4800,0.0,0.0,0.0084,0.1062,0.839,0.0083,0.7375,4.8227,-0.5535,cascade
2b_reference,instruct,collapsed_q2_edge,cognitive_25_structural_75,4800,0.0417,0.0325,0.2043,0.4946,0.5473,0.0196,0.5973,3.0377,-0.3353,cascade
2b_reference,instruct,collapsed_q2_edge,cognitive_cyber_equal,4800,0.0025,0.0015,0.0373,0.3056,0.7837,0.0733,0.7044,4.5321,-0.5313,cascade
2b_reference,instruct,collapsed_q2_edge,cognitive_only,4800,0.0008,0.0006,0.0174,0.2144,0.8206,0.0575,0.751,4.7304,-0.5537,cascade
2b_reference,instruct,collapsed_q2_edge,cognitive_structural_equal,4800,0.016,0.0119,0.1251,0.4246,0.6323,0.0331,0.6394,3.6473,-0.418,cascade
2b_reference,instruct,collapsed_q2_edge,cyber_25_structural_75,4800,0.049,0.0358,0.2222,0.4929,0.5371,0.0283,0.574,2.9019,-0.322,cascade
2b_reference,instruct,collapsed_q2_edge,cyber_only,4800,0.0015,0.001,0.0313,0.2544,0.791,0.076,0.6908,4.585,-0.536,cascade
2b_reference,instruct,collapsed_q2_edge,cyber_structural_equal,4800,0.026,0.019,0.148,0.4371,0.6165,0.0467,0.5802,3.4479,-0.3941,cascade
2b_reference,instruct,collapsed_q2_edge,structural_only,4800,0.0385,0.0277,0.1772,0.4146,0.5717,0.015,0.6133,3.1562,-0.3537,cascade
2b_reference,instruct,collapsed_q2_edge,tri_equal,4800,0.0219,0.0175,0.1499,0.4606,0.6085,0.0642,0.6031,3.4319,-0.3977,cascade
2b_reference,instruct,collapsed_q2_edge,tri_naive_all_fire,4800,0.0365,0.0223,0.192,0.4854,0.5271,0.3021,0.679,3.0431,-0.4027,cascade
2b_reference,instruct,collapsed_q2_edge,tri_routed_68_20_12,4800,0.0977,0.071,0.3223,0.569,0.4377,0.0346,0.5696,2.38,-0.2318,cascade
2b_reference,instruct,collapsed_q2_edge,tri_routed_72_18_10,4800,0.109,0.0804,0.3383,0.5725,0.4244,0.0296,0.5592,2.299,-0.2125,cascade
2b_reference,instruct,collapsed_q2_edge,tri_stability_70,4800,0.1021,0.0779,0.3233,0.566,0.4387,0.035,0.5337,2.379,-0.2224,cascade
2b_reference,instruct,collapsed_q2_edge,tri_structural_65,4800,0.0848,0.0623,0.3004,0.561,0.4648,0.0408,0.5635,2.4706,-0.2539,cascade
2b_reference,instruct,damaged_q2,baseline,4800,0.0027,0.0027,0.0506,0.2779,0.6681,0.0156,0.6148,4.3671,-0.4684,cascade
2b_reference,instruct,damaged_q2,cognitive_25_structural_75,4800,0.1631,0.1246,0.4211,0.6527,0.3379,0.0198,0.504,1.9956,-0.1208,cascade
2b_reference,instruct,damaged_q2,cognitive_cyber_equal,4800,0.0183,0.0129,0.1304,0.4675,0.5527,0.0744,0.5725,3.6688,-0.397,cascade
2b_reference,instruct,damaged_q2,cognitive_only,4800,0.0094,0.0071,0.0872,0.3758,0.6162,0.0527,0.6242,4.0623,-0.4414,cascade
2b_reference,instruct,damaged_q2,cognitive_structural_equal,4800,0.0731,0.0542,0.291,0.5906,0.4104,0.0315,0.5433,2.6515,-0.2513,cascade
2b_reference,instruct,damaged_q2,cyber_25_structural_75,4800,0.1883,0.1398,0.4459,0.661,0.3275,0.0296,0.4675,1.8727,-0.0954,cascade
2b_reference,instruct,damaged_q2,cyber_only,4800,0.0125,0.0081,0.1164,0.4154,0.5606,0.0788,0.5658,3.7662,-0.4094,cascade
2b_reference,instruct,damaged_q2,cyber_structural_equal,4800,0.1102,0.0838,0.3415,0.5971,0.3835,0.046,0.5054,2.3708,-0.1995,cascade
2b_reference,instruct,damaged_q2,structural_only,4800,0.1394,0.1083,0.3919,0.5875,0.3458,0.0175,0.4935,2.0969,-0.1432,cascade
2b_reference,instruct,damaged_q2,tri_equal,4800,0.1083,0.079,0.3471,0.6246,0.3727,0.0667,0.5062,2.3767,-0.2055,cascade
2b_reference,instruct,damaged_q2,tri_naive_all_fire,4800,0.1442,0.08,0.3958,0.6379,0.3271,0.3088,0.5875,1.9958,-0.2267,cascade
2b_reference,instruct,damaged_q2,tri_routed_68_20_12,4800,0.3035,0.2148,0.5604,0.719,0.2598,0.0335,0.4715,1.3915,0.0229,cascade
2b_reference,instruct,damaged_q2,tri_routed_72_18_10,4800,0.3342,0.2406,0.583,0.7319,0.2702,0.0365,0.459,1.2754,0.0518,cascade
2b_reference,instruct,damaged_q2,tri_stability_70,4800,0.3152,0.2238,0.5725,0.7231,0.2569,0.0373,0.4696,1.3427,0.0345,cascade
2b_reference,instruct,damaged_q2,tri_structural_65,4800,0.2835,0.2031,0.5388,0.7052,0.2706,0.0392,0.4683,1.4877,0.0023,cascade
2b_reference,instruct,damaged_q3,baseline,4800,0.0558,0.0485,0.2665,0.5265,0.3204,0.01,0.3881,2.8848,-0.2249,cascade
2b_reference,instruct,damaged_q3,cognitive_25_structural_75,4800,0.6235,0.4698,0.7876,0.8656,0.1571,0.021,0.3292,0.5821,0.363,none
2b_reference,instruct,damaged_q3,cognitive_cyber_equal,4800,0.1483,0.1117,0.4231,0.7173,0.2723,0.0769,0.3796,2.149,-0.1232,primitive_gap
2b_reference,instruct,damaged_q3,cognitive_only,4800,0.0944,0.0731,0.3409,0.6294,0.3044,0.0521,0.4144,2.515,-0.1875,cascade
2b_reference,instruct,damaged_q3,cognitive_structural_equal,4800,0.4165,0.3217,0.6582,0.816,0.1775,0.029,0.3504,1.1498,0.1771,none
2b_reference,instruct,damaged_q3,cyber_25_structural_75,4800,0.6569,0.4973,0.7996,0.8585,0.1483,0.0219,0.309,0.5206,0.3977,none
2b_reference,instruct,damaged_q3,cyber_only,4800,0.1417,0.1052,0.4061,0.6673,0.2625,0.08,0.3744,2.2077,-0.1299,primitive_gap
2b_reference,instruct,damaged_q3,cyber_structural_equal,4800,0.4846,0.3575,0.687,0.7956,0.1758,0.0508,0.3294,0.974,0.2195,none
2b_reference,instruct,damaged_q3,structural_only,4800,0.5919,0.454,0.7582,0.8196,0.1585,0.0181,0.3129,0.679,0.3438,none
2b_reference,instruct,damaged_q3,tri_equal,4800,0.4929,0.3648,0.7046,0.8427,0.1717,0.0663,0.335,0.9475,0.2259,none
2b_reference,instruct,damaged_q3,tri_naive_all_fire,4800,0.5273,0.2865,0.7256,0.8313,0.1719,0.3246,0.3965,0.6617,0.1052,none
2b_reference,instruct,damaged_q3,tri_routed_68_20_12,4800,0.7908,0.5702,0.8829,0.9163,0.1252,0.0342,0.3225,0.1898,0.4905,none
2b_reference,instruct,damaged_q3,tri_routed_72_18_10,4800,0.8135,0.5898,0.894,0.9154,0.1131,0.0285,0.3144,0.1567,0.5172,none
2b_reference,instruct,damaged_q3,tri_stability_70,4800,0.791,0.5713,0.8841,0.9137,0.1267,0.0367,0.3083,0.1844,0.492,none
2b_reference,instruct,damaged_q3,tri_structural_65,4800,0.7733,0.5596,0.8686,0.9006,0.1237,0.0404,0.3148,0.2544,0.4765,none
2b_reference,instruct,damaged_q4,baseline,4800,0.1806,0.1565,0.4543,0.6637,0.1902,0.0171,0.279,2.0615,-0.0294,primitive_gap
2b_reference,instruct,damaged_q4,cognitive_25_structural_75,4800,0.8677,0.6604,0.9268,0.9615,0.0879,0.0154,0.2627,0.0979,0.605,none
2b_reference,instruct,damaged_q4,cognitive_cyber_equal,4800,0.3438,0.2587,0.6205,0.8308,0.1602,0.0762,0.3156,1.3754,0.1014,none
2b_reference,instruct,damaged_q4,cognitive_only,4800,0.2381,0.1929,0.5297,0.7546,0.176,0.0525,0.3227,1.7527,0.0162,primitive_gap
2b_reference,instruct,damaged_q4,cognitive_structural_equal,4800,0.7352,0.5631,0.8465,0.9346,0.105,0.0312,0.2787,0.4537,0.4804,none
2b_reference,instruct,damaged_q4,cyber_25_structural_75,4800,0.85,0.6523,0.9185,0.9337,0.0971,0.0258,0.2473,0.0985,0.5933,none
2b_reference,instruct,damaged_q4,cyber_only,4800,0.33,0.2442,0.5909,0.7802,0.1702,0.0752,0.296,1.4496,0.0819,none
2b_reference,instruct,damaged_q4,cyber_structural_equal,4800,0.7344,0.5615,0.8465,0.8908,0.1092,0.0504,0.2585,0.3935,0.4783,none
2b_reference,instruct,damaged_q4,structural_only,4800,0.8488,0.654,0.9098,0.9175,0.09,0.0131,0.2517,0.1379,0.5973,none
2b_reference,instruct,damaged_q4,tri_equal,4800,0.7733,0.5675,0.8712,0.9292,0.1069,0.0694,0.2725,0.3137,0.4841,none
2b_reference,instruct,damaged_q4,tri_naive_all_fire,4800,0.7558,0.4025,0.8492,0.8983,0.1183,0.3071,0.3402,0.2183,0.2675,none
2b_reference,instruct,damaged_q4,tri_routed_68_20_12,4800,0.8931,0.6777,0.9405,0.9804,0.0852,0.0354,0.2515,0.0542,0.6222,none
2b_reference,instruct,damaged_q4,tri_routed_72_18_10,4800,0.8894,0.6869,0.9413,0.9785,0.0894,0.03,0.2352,0.0462,0.6329,none
2b_reference,instruct,damaged_q4,tri_stability_70,4800,0.896,0.6848,0.943,0.984,0.0862,0.0294,0.236,0.0494,0.6317,none
2b_reference,instruct,damaged_q4,tri_structural_65,4800,0.8796,0.6548,0.9354,0.9725,0.0929,0.0417,0.2558,0.0565,0.5953,none
2b_reference,instruct,healthy_q6,baseline,4800,0.4319,0.3746,0.6653,0.7702,0.0979,0.0096,0.2062,1.2112,0.2662,none
2b_reference,instruct,healthy_q6,cognitive_25_structural_75,4800,0.9183,0.7481,0.954,0.9877,0.0615,0.0177,0.19,0.0517,0.7084,none
2b_reference,instruct,healthy_q6,cognitive_cyber_equal,4800,0.6954,0.5331,0.83,0.9252,0.0908,0.0813,0.2192,0.5479,0.4447,none
2b_reference,instruct,healthy_q6,cognitive_only,4800,0.555,0.4408,0.7534,0.8879,0.094,0.0512,0.2425,0.8994,0.338,none
2b_reference,instruct,healthy_q6,cognitive_structural_equal,4800,0.9163,0.7275,0.9533,0.9917,0.0612,0.0367,0.199,0.0563,0.6831,none
2b_reference,instruct,healthy_q6,cyber_25_structural_75,4800,0.9231,0.764,0.9558,0.986,0.06,0.0235,0.171,0.0504,0.725,none
2b_reference,instruct,healthy_q6,cyber_only,4800,0.6329,0.4758,0.7879,0.8671,0.0898,0.0802,0.2325,0.6827,0.3801,none
2b_reference,instruct,healthy_q6,cyber_structural_equal,4800,0.8998,0.715,0.9442,0.9637,0.0646,0.0442,0.1877,0.0698,0.6683,none
2b_reference,instruct,healthy_q6,structural_only,4800,0.9304,0.7592,0.9577,0.986,0.0523,0.0146,0.1842,0.0494,0.7234,none
2b_reference,instruct,healthy_q6,tri_equal,4800,0.9158,0.7042,0.9533,0.9888,0.0654,0.0702,0.1938,0.0488,0.6526,none
2b_reference,instruct,healthy_q6,tri_naive_all_fire,4800,0.8644,0.4717,0.91,0.9717,0.0904,0.3079,0.2627,0.0531,0.3593,none
2b_reference,instruct,healthy_q6,tri_routed_68_20_12,4800,0.9283,0.7565,0.9579,0.9908,0.0573,0.0358,0.171,0.0498,0.7159,none
2b_reference,instruct,healthy_q6,tri_routed_72_18_10,4800,0.9258,0.7438,0.9581,0.9906,0.0569,0.031,0.186,0.0435,0.7034,none
2b_reference,instruct,healthy_q6,tri_stability_70,4800,0.9252,0.734,0.9548,0.9881,0.0596,0.0335,0.1967,0.0498,0.6912,none
2b_reference,instruct,healthy_q6,tri_structural_65,4800,0.9283,0.7392,0.9571,0.9912,0.0535,0.0354,0.1915,0.0521,0.6981,none
2b_reference,instruct,healthy_q8,baseline,4800,0.5863,0.5115,0.7619,0.8435,0.0573,0.0102,0.1685,0.876,0.4349,none
2b_reference,instruct,healthy_q8,cognitive_25_structural_75,4800,0.9435,0.7919,0.9642,0.9894,0.0381,0.0181,0.1569,0.0506,0.7617,none
2b_reference,instruct,healthy_q8,cognitive_cyber_equal,4800,0.8244,0.6423,0.8982,0.9665,0.0669,0.0731,0.1948,0.2971,0.5772,none
2b_reference,instruct,healthy_q8,cognitive_only,4800,0.7163,0.576,0.8326,0.9333,0.0663,0.05,0.196,0.6017,0.5004,none
2b_reference,instruct,healthy_q8,cognitive_structural_equal,4800,0.936,0.7579,0.9609,0.9904,0.0433,0.0302,0.1773,0.0535,0.722,none
2b_reference,instruct,healthy_q8,cyber_25_structural_75,4800,0.9463,0.8004,0.9653,0.9888,0.0392,0.0206,0.1479,0.0475,0.7703,none
2b_reference,instruct,healthy_q8,cyber_only,4800,0.7681,0.5983,0.8586,0.906,0.0592,0.08,0.1821,0.4369,0.5282,none
2b_reference,instruct,healthy_q8,cyber_structural_equal,4800,0.9369,0.7625,0.9622,0.989,0.041,0.0531,0.1548,0.0529,0.7245,none
2b_reference,instruct,healthy_q8,structural_only,4800,0.9417,0.7973,0.9644,0.9908,0.0408,0.0163,0.1548,0.0483,0.767,none
2b_reference,instruct,healthy_q8,tri_equal,4800,0.9325,0.7348,0.959,0.989,0.0523,0.065,0.1715,0.0494,0.6899,none
2b_reference,instruct,healthy_q8,tri_naive_all_fire,4800,0.9019,0.5073,0.924,0.9871,0.069,0.3067,0.2219,0.0479,0.4051,none
2b_reference,instruct,healthy_q8,tri_routed_68_20_12,4800,0.9379,0.7738,0.9623,0.9885,0.041,0.0406,0.159,0.0533,0.7379,none
2b_reference,instruct,healthy_q8,tri_routed_72_18_10,4800,0.946,0.7921,0.9645,0.9883,0.0377,0.0323,0.1521,0.051,0.7596,none
2b_reference,instruct,healthy_q8,tri_stability_70,4800,0.9492,0.7952,0.9669,0.9885,0.0327,0.0321,0.1477,0.0481,0.7648,none
2b_reference,instruct,healthy_q8,tri_structural_65,4800,0.9463,0.7879,0.9661,0.9908,0.0367,0.0367,0.1475,0.0479,0.7554,none
2b_reference,instruct,q1_k_m,baseline,4800,0.0,0.0,0.0002,0.0175,0.9371,0.0131,0.8779,4.8985,-0.5989,cascade
2b_reference,instruct,q1_k_m,cognitive_25_structural_75,4800,0.0065,0.0044,0.0613,0.2877,0.7777,0.0165,0.7271,4.1871,-0.4998,cascade
2b_reference,instruct,q1_k_m,cognitive_cyber_equal,4800,0.0,0.0,0.0035,0.1131,0.9125,0.0748,0.8446,4.8669,-0.5996,cascade
2b_reference,instruct,q1_k_m,cognitive_only,4800,0.0,0.0,0.0022,0.0604,0.9277,0.0521,0.8781,4.8867,-0.6033,cascade
2b_reference,instruct,q1_k_m,cognitive_structural_equal,4800,0.0017,0.001,0.0281,0.2192,0.8377,0.0348,0.7652,4.5944,-0.5482,cascade
2b_reference,instruct,q1_k_m,cyber_25_structural_75,4800,0.0077,0.006,0.0663,0.2875,0.7844,0.0242,0.6787,4.0958,-0.4932,cascade
2b_reference,instruct,q1_k_m,cyber_only,4800,0.0,0.0,0.0032,0.0977,0.911,0.0796,0.804,4.8671,-0.5969,cascade
2b_reference,instruct,q1_k_m,cyber_structural_equal,4800,0.0044,0.0035,0.0367,0.2244,0.836,0.0469,0.6944,4.4662,-0.5355,cascade
2b_reference,instruct,q1_k_m,structural_only,4800,0.0052,0.004,0.0509,0.2244,0.8121,0.0185,0.7242,4.286,-0.5156,cascade
2b_reference,instruct,q1_k_m,tri_equal,4800,0.0023,0.0013,0.0388,0.2444,0.8258,0.0692,0.7527,4.4754,-0.5443,cascade
2b_reference,instruct,q1_k_m,tri_naive_all_fire,4800,0.0052,0.0027,0.0543,0.2573,0.7681,0.3031,0.7848,4.2023,-0.5613,cascade
2b_reference,instruct,q1_k_m,tri_routed_68_20_12,4800,0.0187,0.0144,0.1154,0.365,0.7042,0.0323,0.6981,3.586,-0.4385,cascade
2b_reference,instruct,q1_k_m,tri_routed_72_18_10,4800,0.0248,0.0165,0.1308,0.3721,0.6704,0.0298,0.6652,3.4592,-0.4168,cascade
2b_reference,instruct,q1_k_m,tri_stability_70,4800,0.0198,0.015,0.1209,0.3646,0.6921,0.031,0.6704,3.5329,-0.4291,cascade
2b_reference,instruct,q1_k_m,tri_structural_65,4800,0.014,0.0106,0.1044,0.3508,0.7269,0.0394,0.6665,3.6858,-0.4529,cascade
2b_reference,instruct,q8_k_m,baseline,4800,0.6531,0.5748,0.7971,0.8694,0.0475,0.01,0.1477,0.7427,0.5096,none
2b_reference,instruct,q8_k_m,cognitive_25_structural_75,4800,0.9496,0.8,0.9657,0.9885,0.0348,0.0217,0.1512,0.05,0.7706,none
2b_reference,instruct,q8_k_m,cognitive_cyber_equal,4800,0.8783,0.6815,0.924,0.9808,0.0473,0.0773,0.1775,0.2213,0.6266,none
2b_reference,instruct,q8_k_m,cognitive_only,4800,0.7642,0.6281,0.8632,0.9567,0.0523,0.0475,0.1767,0.501,0.5638,none
2b_reference,instruct,q8_k_m,cognitive_structural_equal,4800,0.9394,0.7842,0.9645,0.9929,0.0408,0.0277,0.1581,0.0477,0.7513,none
2b_reference,instruct,q8_k_m,cyber_25_structural_75,4800,0.9571,0.8127,0.9689,0.99,0.0302,0.0246,0.141,0.0471,0.7851,none
2b_reference,instruct,q8_k_m,cyber_only,4800,0.8104,0.6408,0.8834,0.9254,0.0475,0.081,0.1704,0.3575,0.5789,none
2b_reference,instruct,q8_k_m,cyber_structural_equal,4800,0.9406,0.7762,0.9625,0.9858,0.0429,0.0492,0.15,0.0508,0.739,none
2b_reference,instruct,q8_k_m,structural_only,4800,0.9519,0.8052,0.9683,0.9904,0.0327,0.0181,0.1506,0.0421,0.7776,none
2b_reference,instruct,q8_k_m,tri_equal,4800,0.9392,0.754,0.9628,0.9902,0.0452,0.0631,0.1542,0.0481,0.713,none
2b_reference,instruct,q8_k_m,tri_naive_all_fire,4800,0.9096,0.5185,0.9272,0.9888,0.0594,0.3021,0.2246,0.0485,0.4199,none
2b_reference,instruct,q8_k_m,tri_routed_68_20_12,4800,0.945,0.7883,0.9651,0.9896,0.0381,0.0335,0.1462,0.05,0.756,none
2b_reference,instruct,q8_k_m,tri_routed_72_18_10,4800,0.9521,0.8021,0.9673,0.9894,0.0329,0.0306,0.1417,0.0475,0.7724,none
2b_reference,instruct,q8_k_m,tri_stability_70,4800,0.9485,0.796,0.9659,0.9871,0.0348,0.0329,0.1423,0.0498,0.7651,none
2b_reference,instruct,q8_k_m,tri_structural_65,4800,0.9521,0.791,0.9671,0.9885,0.0325,0.0373,0.1471,0.0477,0.7597,none
35b_a3b_moe,base,base_f16,baseline,4800,0.8938,0.8144,0.9278,0.9565,0.0127,0.0127,0.0929,0.2608,0.7875,none
35b_a3b_moe,base,base_f16,cognitive_25_structural_75,4800,0.9744,0.8777,0.9779,0.9906,0.011,0.02,0.0846,0.051,0.8611,none
35b_a3b_moe,base,base_f16,cognitive_cyber_equal,4800,0.9679,0.8075,0.9745,0.9888,0.019,0.0819,0.0971,0.0488,0.7752,none
35b_a3b_moe,base,base_f16,cognitive_only,4800,0.9677,0.84,0.9744,0.9892,0.0192,0.0481,0.0938,0.0521,0.8145,none
35b_a3b_moe,base,base_f16,cognitive_structural_equal,4800,0.9692,0.8567,0.9759,0.9906,0.015,0.0319,0.0923,0.0521,0.8358,none
35b_a3b_moe,base,base_f16,cyber_25_structural_75,4800,0.969,0.8542,0.9764,0.9929,0.0158,0.0333,0.0915,0.0506,0.8329,none
35b_a3b_moe,base,base_f16,cyber_only,4800,0.9648,0.8092,0.9736,0.99,0.0169,0.0715,0.1031,0.055,0.7788,none
35b_a3b_moe,base,base_f16,cyber_structural_equal,4800,0.9715,0.8433,0.977,0.991,0.0146,0.051,0.089,0.0481,0.8192,none
35b_a3b_moe,base,base_f16,structural_only,4800,0.9694,0.8706,0.9751,0.9898,0.0154,0.0183,0.0902,0.0552,0.8524,none
35b_a3b_moe,base,base_f16,tri_equal,4800,0.9667,0.815,0.9747,0.9915,0.0169,0.0681,0.1002,0.05,0.7858,none
35b_a3b_moe,base,base_f16,tri_naive_all_fire,4800,0.9267,0.54,0.9342,0.9906,0.0446,0.3171,0.1777,0.0473,0.4466,none
35b_a3b_moe,base,base_f16,tri_routed_68_20_12,4800,0.9735,0.8431,0.9771,0.9927,0.0152,0.0448,0.0977,0.046,0.8195,none
35b_a3b_moe,base,base_f16,tri_routed_72_18_10,4800,0.9696,0.8617,0.9768,0.9908,0.0163,0.0331,0.0844,0.0498,0.8409,none
35b_a3b_moe,base,base_f16,tri_stability_70,4800,0.964,0.851,0.9744,0.989,0.0175,0.0365,0.0902,0.0537,0.8286,none
35b_a3b_moe,base,base_f16,tri_structural_65,4800,0.9685,0.841,0.9753,0.991,0.0173,0.0442,0.0992,0.0494,0.8166,none
35b_a3b_moe,base,collapsed_q2_edge,baseline,4800,0.0083,0.0073,0.097,0.374,0.4302,0.0142,0.4688,4.0175,-0.363,cascade
35b_a3b_moe,base,collapsed_q2_edge,cognitive_25_structural_75,4800,0.3323,0.2521,0.5995,0.7975,0.1917,0.0265,0.3925,1.3977,0.088,none
35b_a3b_moe,base,collapsed_q2_edge,cognitive_cyber_equal,4800,0.0952,0.0692,0.3653,0.7769,0.2863,0.0737,0.411,2.5044,-0.1896,primitive_gap
35b_a3b_moe,base,collapsed_q2_edge,cognitive_only,4800,0.045,0.0344,0.2598,0.679,0.3383,0.0494,0.4556,3.0356,-0.2652,primitive_gap
35b_a3b_moe,base,collapsed_q2_edge,cognitive_structural_equal,4800,0.2033,0.1575,0.5015,0.8027,0.2308,0.0302,0.4144,1.8469,-0.0433,primitive_gap
35b_a3b_moe,base,collapsed_q2_edge,cyber_25_structural_75,4800,0.3479,0.2608,0.6055,0.7788,0.1946,0.0302,0.36,1.3288,0.1012,none
35b_a3b_moe,base,collapsed_q2_edge,cyber_only,4800,0.0806,0.0606,0.3056,0.6721,0.3152,0.0779,0.4204,2.7423,-0.2203,primitive_gap
35b_a3b_moe,base,collapsed_q2_edge,cyber_structural_equal,4800,0.264,0.1967,0.5311,0.7546,0.2127,0.0554,0.3654,1.6723,0.0089,primitive_gap
35b_a3b_moe,base,collapsed_q2_edge,structural_only,4800,0.2358,0.1848,0.5085,0.6823,0.2238,0.0142,0.3806,1.701,-0.0007,classification_miss
35b_a3b_moe,base,collapsed_q2_edge,tri_equal,4800,0.3088,0.2227,0.5866,0.8502,0.211,0.0715,0.3773,1.4796,0.0409,primitive_gap
35b_a3b_moe,base,collapsed_q2_edge,tri_naive_all_fire,4800,0.4367,0.2398,0.6793,0.8715,0.1804,0.3177,0.4344,0.9102,0.0419,none
35b_a3b_moe,base,collapsed_q2_edge,tri_routed_68_20_12,4800,0.555,0.4073,0.7499,0.8669,0.1446,0.0371,0.3469,0.7733,0.2901,none
35b_a3b_moe,base,collapsed_q2_edge,tri_routed_72_18_10,4800,0.5887,0.424,0.7645,0.8694,0.146,0.0385,0.3644,0.6996,0.3083,none
35b_a3b_moe,base,collapsed_q2_edge,tri_stability_70,4800,0.5671,0.4121,0.753,0.8679,0.1481,0.0371,0.365,0.7462,0.2937,none
35b_a3b_moe,base,collapsed_q2_edge,tri_structural_65,4800,0.544,0.3873,0.7307,0.8604,0.1531,0.0477,0.3646,0.8435,0.2605,none
35b_a3b_moe,base,damaged_q2,baseline,4800,0.0456,0.0377,0.2421,0.5258,0.2633,0.0096,0.3896,3.091,-0.2289,classification_miss
35b_a3b_moe,base,damaged_q2,cognitive_25_structural_75,4800,0.68,0.5052,0.814,0.9185,0.1096,0.0192,0.3335,0.5698,0.4133,none
35b_a3b_moe,base,damaged_q2,cognitive_cyber_equal,4800,0.2752,0.2023,0.5716,0.8815,0.1817,0.0758,0.3538,1.6302,0.0228,primitive_gap
35b_a3b_moe,base,damaged_q2,cognitive_only,4800,0.1629,0.125,0.46,0.8121,0.2104,0.0448,0.3833,2.1248,-0.084,primitive_gap
35b_a3b_moe,base,damaged_q2,cognitive_structural_equal,4800,0.5044,0.3831,0.7265,0.9283,0.1383,0.0298,0.3479,0.9708,0.2593,none
35b_a3b_moe,base,damaged_q2,cyber_25_structural_75,4800,0.67,0.4973,0.8099,0.8719,0.1115,0.029,0.3096,0.5298,0.4068,none
35b_a3b_moe,base,damaged_q2,cyber_only,4800,0.2275,0.1656,0.5038,0.78,0.1913,0.08,0.3387,1.8696,-0.0283,primitive_gap
35b_a3b_moe,base,damaged_q2,cyber_structural_equal,4800,0.5469,0.4044,0.7365,0.8527,0.1212,0.051,0.3071,0.8583,0.2903,none
35b_a3b_moe,base,damaged_q2,structural_only,4800,0.5306,0.4037,0.7254,0.8173,0.1352,0.0156,0.3342,0.8648,0.2901,none
35b_a3b_moe,base,damaged_q2,tri_equal,4800,0.6367,0.456,0.8018,0.9415,0.1265,0.0719,0.3333,0.6156,0.3463,none
35b_a3b_moe,base,damaged_q2,tri_naive_all_fire,4800,0.7267,0.3777,0.8394,0.9544,0.1258,0.3133,0.3752,0.3029,0.2321,none
35b_a3b_moe,base,damaged_q2,tri_routed_68_20_12,4800,0.8485,0.6106,0.9118,0.9621,0.0938,0.041,0.2954,0.155,0.5429,none
35b_a3b_moe,base,damaged_q2,tri_routed_72_18_10,4800,0.856,0.6185,0.9168,0.9594,0.0912,0.0325,0.2992,0.1277,0.5543,none
35b_a3b_moe,base,damaged_q2,tri_stability_70,4800,0.845,0.6162,0.9104,0.9587,0.0973,0.0362,0.3015,0.1502,0.5482,none
35b_a3b_moe,base,damaged_q2,tri_structural_65,4800,0.8327,0.6069,0.9049,0.9556,0.0981,0.0446,0.2894,0.1769,0.5365,none
35b_a3b_moe,base,damaged_q3,baseline,4800,0.2448,0.211,0.528,0.7181,0.1325,0.0127,0.2523,1.8013,0.0585,primitive_gap
35b_a3b_moe,base,damaged_q3,cognitive_25_structural_75,4800,0.9169,0.7223,0.9521,0.991,0.0646,0.021,0.2171,0.0512,0.6788,none
35b_a3b_moe,base,damaged_q3,cognitive_cyber_equal,4800,0.7271,0.5554,0.8512,0.984,0.0842,0.0729,0.2323,0.5088,0.4716,none
35b_a3b_moe,base,damaged_q3,cognitive_only,4800,0.5552,0.4369,0.7657,0.9756,0.0996,0.0448,0.2596,0.9106,0.3317,none
35b_a3b_moe,base,damaged_q3,cognitive_structural_equal,4800,0.9015,0.6935,0.9443,0.9902,0.075,0.0306,0.2308,0.0698,0.643,none
35b_a3b_moe,base,damaged_q3,cyber_25_structural_75,4800,0.9129,0.7208,0.9504,0.985,0.066,0.0317,0.2085,0.0537,0.6753,none
35b_a3b_moe,base,damaged_q3,cyber_only,4800,0.6023,0.4483,0.779,0.9073,0.0921,0.0842,0.2362,0.7592,0.347,none
35b_a3b_moe,base,damaged_q3,cyber_structural_equal,4800,0.8952,0.6933,0.9399,0.9744,0.0733,0.0535,0.2065,0.0854,0.6398,none
35b_a3b_moe,base,damaged_q3,structural_only,4800,0.9058,0.7233,0.945,0.9681,0.0625,0.0185,0.2121,0.0675,0.6805,none
35b_a3b_moe,base,damaged_q3,tri_equal,4800,0.9183,0.6877,0.9527,0.989,0.0627,0.069,0.2121,0.0488,0.6357,none
35b_a3b_moe,base,damaged_q3,tri_naive_all_fire,4800,0.894,0.476,0.9184,0.9917,0.0746,0.3088,0.2812,0.0506,0.3669,none
35b_a3b_moe,base,damaged_q3,tri_routed_68_20_12,4800,0.9223,0.7177,0.9537,0.9888,0.0606,0.04,0.2121,0.0481,0.6721,none
35b_a3b_moe,base,damaged_q3,tri_routed_72_18_10,4800,0.9231,0.7279,0.9546,0.9902,0.0635,0.0358,0.206,0.0442,0.683,none
35b_a3b_moe,base,damaged_q3,tri_stability_70,4800,0.9215,0.714,0.9532,0.9894,0.0617,0.0356,0.2162,0.0506,0.6685,none
35b_a3b_moe,base,damaged_q3,tri_structural_65,4800,0.9252,0.7127,0.9537,0.9917,0.0579,0.0435,0.2156,0.0535,0.6667,none
35b_a3b_moe,base,damaged_q4,baseline,4800,0.4658,0.4008,0.6955,0.8323,0.0806,0.0108,0.1977,1.1481,0.3013,none
35b_a3b_moe,base,damaged_q4,cognitive_25_structural_75,4800,0.9344,0.7729,0.9601,0.99,0.0479,0.0215,0.1725,0.0508,0.7379,none
35b_a3b_moe,base,damaged_q4,cognitive_cyber_equal,4800,0.9092,0.7048,0.9416,0.9902,0.0575,0.07,0.1904,0.125,0.6521,none
35b_a3b_moe,base,damaged_q4,cognitive_only,4800,0.82,0.6535,0.8926,0.9869,0.0621,0.0498,0.1992,0.3663,0.5907,none
35b_a3b_moe,base,damaged_q4,cognitive_structural_equal,4800,0.9321,0.7548,0.959,0.9921,0.05,0.0296,0.1798,0.054,0.7168,none
35b_a3b_moe,base,damaged_q4,cyber_25_structural_75,4800,0.9358,0.7619,0.9612,0.9885,0.046,0.0302,0.1754,0.0465,0.7257,none
35b_a3b_moe,base,damaged_q4,cyber_only,4800,0.8298,0.6396,0.9017,0.9717,0.0621,0.0827,0.1992,0.2875,0.5741,none
35b_a3b_moe,base,damaged_q4,cyber_structural_equal,4800,0.9306,0.7456,0.9592,0.9912,0.0504,0.0527,0.1681,0.0533,0.7038,none
35b_a3b_moe,base,damaged_q4,structural_only,4800,0.9344,0.7588,0.9589,0.9881,0.0483,0.0169,0.1877,0.05,0.7234,none
35b_a3b_moe,base,damaged_q4,tri_equal,4800,0.9327,0.7275,0.9598,0.9912,0.051,0.0715,0.1756,0.0471,0.6815,none
35b_a3b_moe,base,damaged_q4,tri_naive_all_fire,4800,0.8985,0.495,0.9217,0.9919,0.07,0.3146,0.2348,0.0535,0.3896,none
35b_a3b_moe,base,damaged_q4,tri_routed_68_20_12,4800,0.9358,0.7669,0.9612,0.9919,0.0469,0.0358,0.1696,0.0506,0.7295,none
35b_a3b_moe,base,damaged_q4,tri_routed_72_18_10,4800,0.9383,0.7619,0.962,0.9906,0.0456,0.0404,0.1729,0.0454,0.724,none
35b_a3b_moe,base,damaged_q4,tri_stability_70,4800,0.939,0.7569,0.9618,0.99,0.0429,0.0415,0.1719,0.0517,0.7194,none
35b_a3b_moe,base,damaged_q4,tri_structural_65,4800,0.9415,0.7481,0.9615,0.9894,0.041,0.0465,0.1827,0.0496,0.7094,none
35b_a3b_moe,base,healthy_q6,baseline,4800,0.7952,0.6963,0.8747,0.926,0.0348,0.0117,0.1458,0.4452,0.6496,none
35b_a3b_moe,base,healthy_q6,cognitive_25_structural_75,4800,0.9546,0.8198,0.9693,0.9917,0.0308,0.0204,0.1342,0.0473,0.7934,none
35b_a3b_moe,base,healthy_q6,cognitive_cyber_equal,4800,0.9377,0.7483,0.9634,0.9908,0.0413,0.0769,0.1477,0.0521,0.7062,none
35b_a3b_moe,base,healthy_q6,cognitive_only,4800,0.9481,0.7867,0.9661,0.99,0.034,0.0425,0.1492,0.0512,0.7535,none
35b_a3b_moe,base,healthy_q6,cognitive_structural_equal,4800,0.9498,0.7981,0.9676,0.9896,0.0312,0.0348,0.1404,0.0494,0.7681,none
35b_a3b_moe,base,healthy_q6,cyber_25_structural_75,4800,0.9535,0.8083,0.968,0.99,0.0308,0.0275,0.136,0.051,0.7801,none
35b_a3b_moe,base,healthy_q6,cyber_only,4800,0.9446,0.7579,0.965,0.9906,0.0385,0.0802,0.14,0.0519,0.7165,none
35b_a3b_moe,base,healthy_q6,cyber_structural_equal,4800,0.9533,0.7971,0.9693,0.9894,0.0319,0.0523,0.1229,0.0454,0.765,none
35b_a3b_moe,base,healthy_q6,structural_only,4800,0.9483,0.8154,0.9661,0.9888,0.0354,0.0163,0.136,0.0515,0.7881,none
35b_a3b_moe,base,healthy_q6,tri_equal,4800,0.9502,0.7735,0.968,0.9904,0.0342,0.0706,0.1356,0.0444,0.7361,none
35b_a3b_moe,base,healthy_q6,tri_naive_all_fire,4800,0.9108,0.5162,0.9285,0.989,0.0621,0.3173,0.1975,0.0417,0.4163,none
35b_a3b_moe,base,healthy_q6,tri_routed_68_20_12,4800,0.9542,0.8031,0.9689,0.989,0.031,0.0421,0.1296,0.0473,0.7727,none
35b_a3b_moe,base,healthy_q6,tri_routed_72_18_10,4800,0.9529,0.805,0.9691,0.9917,0.0325,0.041,0.129,0.0471,0.7744,none
35b_a3b_moe,base,healthy_q6,tri_stability_70,4800,0.9519,0.7987,0.9683,0.9904,0.0298,0.0379,0.1369,0.0502,0.7688,none
35b_a3b_moe,base,healthy_q6,tri_structural_65,4800,0.9535,0.7942,0.9683,0.9885,0.0321,0.0492,0.1327,0.0462,0.7618,none
35b_a3b_moe,base,healthy_q8,baseline,4800,0.8425,0.7502,0.8995,0.9383,0.0308,0.0152,0.1125,0.3483,0.7115,none
35b_a3b_moe,base,healthy_q8,cognitive_25_structural_75,4800,0.9635,0.8369,0.9731,0.9906,0.0204,0.021,0.1215,0.0467,0.8145,none
35b_a3b_moe,base,healthy_q8,cognitive_cyber_equal,4800,0.9569,0.785,0.9705,0.9888,0.0285,0.0758,0.1179,0.0465,0.7495,none
35b_a3b_moe,base,healthy_q8,cognitive_only,4800,0.9546,0.8004,0.9694,0.9898,0.0252,0.0456,0.1302,0.055,0.7706,none
35b_a3b_moe,base,healthy_q8,cognitive_structural_equal,4800,0.9623,0.8315,0.9724,0.9917,0.0219,0.0381,0.1106,0.0542,0.8057,none
35b_a3b_moe,base,healthy_q8,cyber_25_structural_75,4800,0.9571,0.8335,0.9711,0.9902,0.0273,0.0308,0.1081,0.05,0.808,none
35b_a3b_moe,base,healthy_q8,cyber_only,4800,0.959,0.7785,0.9708,0.991,0.0246,0.0794,0.1279,0.0494,0.7426,none
35b_a3b_moe,base,healthy_q8,cyber_structural_equal,4800,0.959,0.8108,0.9706,0.989,0.0277,0.0517,0.1144,0.0488,0.7806,none
35b_a3b_moe,base,healthy_q8,structural_only,4800,0.9602,0.8452,0.9731,0.9915,0.0235,0.015,0.115,0.0456,0.8237,none
35b_a3b_moe,base,healthy_q8,tri_equal,4800,0.9587,0.7967,0.9714,0.991,0.0242,0.0679,0.1187,0.0492,0.7639,none
35b_a3b_moe,base,healthy_q8,tri_naive_all_fire,4800,0.9087,0.5308,0.9294,0.9862,0.0546,0.315,0.1781,0.0523,0.4346,none
35b_a3b_moe,base,healthy_q8,tri_routed_68_20_12,4800,0.9635,0.8204,0.9726,0.9894,0.0204,0.0444,0.1158,0.0506,0.7936,none
35b_a3b_moe,base,healthy_q8,tri_routed_72_18_10,4800,0.961,0.8294,0.9729,0.99,0.0223,0.0352,0.1129,0.0473,0.8042,none
35b_a3b_moe,base,healthy_q8,tri_stability_70,4800,0.9667,0.8331,0.973,0.9902,0.0192,0.0387,0.1098,0.0537,0.8082,none
35b_a3b_moe,base,healthy_q8,tri_structural_65,4800,0.964,0.8348,0.9727,0.9902,0.0227,0.0413,0.1083,0.0494,0.8086,none
35b_a3b_moe,base,q1_k_m,baseline,4800,0.0006,0.0004,0.0209,0.1969,0.6175,0.0125,0.5604,4.7348,-0.4689,cascade
35b_a3b_moe,base,q1_k_m,cognitive_25_structural_75,4800,0.0973,0.0756,0.3519,0.6252,0.3065,0.0208,0.4621,2.404,-0.1776,cascade
35b_a3b_moe,base,q1_k_m,cognitive_cyber_equal,4800,0.0181,0.0148,0.1656,0.6044,0.4569,0.071,0.4781,3.5337,-0.3514,cascade
35b_a3b_moe,base,q1_k_m,cognitive_only,4800,0.0063,0.0056,0.0993,0.5033,0.5296,0.0417,0.5365,4.0373,-0.4064,cascade
35b_a3b_moe,base,q1_k_m,cognitive_structural_equal,4800,0.0535,0.0429,0.2828,0.6233,0.3463,0.0346,0.4913,2.8054,-0.2474,cascade
35b_a3b_moe,base,q1_k_m,cyber_25_structural_75,4800,0.1275,0.0963,0.3746,0.6267,0.3167,0.0333,0.4198,2.2748,-0.1527,cascade
35b_a3b_moe,base,q1_k_m,cyber_only,4800,0.0175,0.0117,0.1343,0.4971,0.4808,0.0792,0.499,3.7423,-0.3754,cascade
35b_a3b_moe,base,q1_k_m,cyber_structural_equal,4800,0.0831,0.0619,0.3119,0.6169,0.3312,0.0544,0.424,2.6317,-0.2139,cascade
35b_a3b_moe,base,q1_k_m,structural_only,4800,0.0679,0.054,0.2793,0.506,0.3567,0.0183,0.4537,2.6935,-0.2277,cascade
35b_a3b_moe,base,q1_k_m,tri_equal,4800,0.1031,0.0758,0.3684,0.709,0.3144,0.0667,0.4527,2.3881,-0.1874,cascade
35b_a3b_moe,base,q1_k_m,tri_naive_all_fire,4800,0.1858,0.1077,0.4592,0.7569,0.2696,0.3162,0.4838,1.811,-0.1657,cascade
35b_a3b_moe,base,q1_k_m,tri_routed_68_20_12,4800,0.2288,0.1725,0.5078,0.7192,0.2429,0.0375,0.419,1.7025,-0.0265,cascade
35b_a3b_moe,base,q1_k_m,tri_routed_72_18_10,4800,0.2523,0.1885,0.5299,0.7242,0.2344,0.0348,0.4198,1.6169,-0.0032,cascade
35b_a3b_moe,base,q1_k_m,tri_stability_70,4800,0.2317,0.1669,0.5111,0.7317,0.2485,0.0373,0.4363,1.6873,-0.0344,cascade
35b_a3b_moe,base,q1_k_m,tri_structural_65,4800,0.2213,0.1623,0.4969,0.7219,0.2517,0.0492,0.4113,1.76,-0.0439,cascade
35b_a3b_moe,base,q8_k_m,baseline,4800,0.8612,0.7771,0.9109,0.9525,0.0223,0.0117,0.1071,0.3183,0.7436,none
35b_a3b_moe,base,q8_k_m,cognitive_25_structural_75,4800,0.9665,0.8483,0.9738,0.9898,0.0208,0.0229,0.1104,0.046,0.8264,none
35b_a3b_moe,base,q8_k_m,cognitive_cyber_equal,4800,0.9575,0.7917,0.9706,0.989,0.0265,0.0731,0.1163,0.0492,0.7573,none
35b_a3b_moe,base,q8_k_m,cognitive_only,4800,0.9587,0.816,0.9715,0.9902,0.0231,0.046,0.1175,0.0515,0.7879,none
35b_a3b_moe,base,q8_k_m,cognitive_structural_equal,4800,0.966,0.8415,0.974,0.99,0.0183,0.0317,0.1123,0.0483,0.8182,none
35b_a3b_moe,base,q8_k_m,cyber_25_structural_75,4800,0.9637,0.8542,0.9738,0.9906,0.0225,0.0304,0.0915,0.0523,0.8314,none
35b_a3b_moe,base,q8_k_m,cyber_only,4800,0.9613,0.7956,0.9723,0.9902,0.0223,0.0796,0.1094,0.0515,0.7617,none
35b_a3b_moe,base,q8_k_m,cyber_structural_equal,4800,0.9665,0.8177,0.9744,0.9915,0.0204,0.0558,0.1104,0.0448,0.7893,none
35b_a3b_moe,base,q8_k_m,structural_only,4800,0.9623,0.8473,0.9725,0.9881,0.0213,0.0171,0.1106,0.0498,0.8262,none
35b_a3b_moe,base,q8_k_m,tri_equal,4800,0.9619,0.799,0.9722,0.9885,0.0215,0.0698,0.1158,0.0481,0.7669,none
35b_a3b_moe,base,q8_k_m,tri_naive_all_fire,4800,0.9202,0.5373,0.9337,0.9919,0.0506,0.3225,0.1731,0.0429,0.4416,none
35b_a3b_moe,base,q8_k_m,tri_routed_68_20_12,4800,0.9621,0.8356,0.9729,0.9906,0.0213,0.0394,0.1025,0.054,0.8105,none
35b_a3b_moe,base,q8_k_m,tri_routed_72_18_10,4800,0.9585,0.8298,0.971,0.9879,0.0246,0.036,0.1113,0.0525,0.8037,none
35b_a3b_moe,base,q8_k_m,tri_stability_70,4800,0.9683,0.8331,0.9742,0.99,0.0158,0.0419,0.1067,0.0527,0.8088,none
35b_a3b_moe,base,q8_k_m,tri_structural_65,4800,0.9694,0.8367,0.9755,0.9896,0.0183,0.0488,0.1008,0.0454,0.8111,none
35b_a3b_moe,degraded_instruct,base_f16,baseline,4800,0.8927,0.8142,0.9263,0.9529,0.011,0.0135,0.0892,0.2662,0.7877,none
35b_a3b_moe,degraded_instruct,base_f16,cognitive_25_structural_75,4800,0.9702,0.8642,0.9754,0.9877,0.0169,0.0194,0.096,0.0479,0.8451,none
35b_a3b_moe,degraded_instruct,base_f16,cognitive_cyber_equal,4800,0.9575,0.7781,0.9701,0.9898,0.0244,0.0883,0.1185,0.055,0.7409,none
35b_a3b_moe,degraded_instruct,base_f16,cognitive_only,4800,0.9613,0.8142,0.9717,0.9917,0.0215,0.0498,0.1173,0.0544,0.7857,none
35b_a3b_moe,degraded_instruct,base_f16,cognitive_structural_equal,4800,0.964,0.8415,0.9742,0.9898,0.0229,0.0373,0.0983,0.0456,0.817,none
35b_a3b_moe,degraded_instruct,base_f16,cyber_25_structural_75,4800,0.9717,0.8519,0.9762,0.9894,0.0152,0.0356,0.0956,0.0492,0.8301,none
35b_a3b_moe,degraded_instruct,base_f16,cyber_only,4800,0.9596,0.7877,0.9718,0.9867,0.0227,0.0862,0.1087,0.0485,0.7525,none
35b_a3b_moe,degraded_instruct,base_f16,cyber_structural_equal,4800,0.9623,0.8248,0.9735,0.9902,0.0198,0.0569,0.1021,0.0521,0.7967,none
35b_a3b_moe,degraded_instruct,base_f16,structural_only,4800,0.9704,0.8708,0.9768,0.9921,0.0156,0.0152,0.094,0.0473,0.8532,none
35b_a3b_moe,degraded_instruct,base_f16,tri_equal,4800,0.9669,0.8023,0.9751,0.9921,0.0173,0.0804,0.0996,0.0483,0.7706,none
35b_a3b_moe,degraded_instruct,base_f16,tri_naive_all_fire,4800,0.926,0.5485,0.9353,0.99,0.0458,0.3113,0.1692,0.0469,0.4567,none
35b_a3b_moe,degraded_instruct,base_f16,tri_routed_68_20_12,4800,0.9694,0.8515,0.976,0.9898,0.0135,0.0448,0.0883,0.0537,0.8287,none
35b_a3b_moe,degraded_instruct,base_f16,tri_routed_72_18_10,4800,0.9681,0.8498,0.9761,0.991,0.015,0.0402,0.091,0.0508,0.8274,none
35b_a3b_moe,degraded_instruct,base_f16,tri_stability_70,4800,0.9648,0.84,0.9737,0.9896,0.0194,0.0419,0.0965,0.0533,0.8154,none
35b_a3b_moe,degraded_instruct,base_f16,tri_structural_65,4800,0.9698,0.8406,0.9757,0.9919,0.0154,0.0494,0.0952,0.0512,0.8159,none
35b_a3b_moe,degraded_instruct,collapsed_q2_edge,baseline,4800,0.0065,0.0048,0.0928,0.371,0.4219,0.0148,0.4583,4.0319,-0.363,cascade
35b_a3b_moe,degraded_instruct,collapsed_q2_edge,cognitive_25_structural_75,4800,0.2944,0.2208,0.577,0.7673,0.1965,0.0298,0.4029,1.4627,0.0506,none
35b_a3b_moe,degraded_instruct,collapsed_q2_edge,cognitive_cyber_equal,4800,0.0521,0.0419,0.2816,0.6752,0.3208,0.0829,0.4302,2.8775,-0.2492,primitive_gap
35b_a3b_moe,degraded_instruct,collapsed_q2_edge,cognitive_only,4800,0.0294,0.0233,0.2069,0.5848,0.3577,0.0481,0.4642,3.3227,-0.2969,cascade
35b_a3b_moe,degraded_instruct,collapsed_q2_edge,cognitive_structural_equal,4800,0.1733,0.1331,0.4621,0.7431,0.2329,0.0394,0.4177,2.0063,-0.0784,primitive_gap
35b_a3b_moe,degraded_instruct,collapsed_q2_edge,cyber_25_structural_75,4800,0.334,0.2452,0.5952,0.7671,0.1802,0.0377,0.3688,1.3875,0.0847,none
35b_a3b_moe,degraded_instruct,collapsed_q2_edge,cyber_only,4800,0.049,0.0379,0.2417,0.5979,0.3337,0.0788,0.4342,3.0796,-0.2667,cascade
35b_a3b_moe,degraded_instruct,collapsed_q2_edge,cyber_structural_equal,4800,0.2202,0.1654,0.4978,0.7362,0.2265,0.0575,0.3754,1.8083,-0.0345,primitive_gap
35b_a3b_moe,degraded_instruct,collapsed_q2_edge,structural_only,4800,0.2381,0.1829,0.5055,0.6779,0.2292,0.0152,0.3898,1.694,-0.0048,cascade
35b_a3b_moe,degraded_instruct,collapsed_q2_edge,tri_equal,4800,0.2404,0.1758,0.525,0.7831,0.2267,0.0725,0.4,1.7106,-0.0242,primitive_gap
35b_a3b_moe,degraded_instruct,collapsed_q2_edge,tri_naive_all_fire,4800,0.3304,0.1835,0.6011,0.81,0.1971,0.3287,0.4412,1.2194,-0.0376,cascade
35b_a3b_moe,degraded_instruct,collapsed_q2_edge,tri_routed_68_20_12,4800,0.5288,0.3798,0.725,0.8488,0.1475,0.0508,0.3683,0.8715,0.2523,none
35b_a3b_moe,degraded_instruct,collapsed_q2_edge,tri_routed_72_18_10,4800,0.5687,0.41,0.7545,0.8485,0.139,0.04,0.36,0.7304,0.295,none
35b_a3b_moe,degraded_instruct,collapsed_q2_edge,tri_stability_70,4800,0.544,0.3894,0.7396,0.8617,0.1544,0.0465,0.3773,0.7925,0.264,none
35b_a3b_moe,degraded_instruct,collapsed_q2_edge,tri_structural_65,4800,0.5002,0.3608,0.7086,0.8375,0.1615,0.051,0.3615,0.9213,0.2272,none
35b_a3b_moe,degraded_instruct,damaged_q2,baseline,4800,0.0408,0.036,0.2442,0.5367,0.266,0.0108,0.3971,3.0765,-0.2315,classification_miss
35b_a3b_moe,degraded_instruct,damaged_q2,cognitive_25_structural_75,4800,0.644,0.4804,0.7949,0.9027,0.1244,0.0258,0.3206,0.6319,0.3807,none
35b_a3b_moe,degraded_instruct,damaged_q2,cognitive_cyber_equal,4800,0.1958,0.1435,0.4867,0.8125,0.2031,0.0785,0.38,1.9804,-0.0625,primitive_gap
35b_a3b_moe,degraded_instruct,damaged_q2,cognitive_only,4800,0.1152,0.0925,0.3876,0.7194,0.2298,0.0523,0.3921,2.4215,-0.1393,primitive_gap
35b_a3b_moe,degraded_instruct,damaged_q2,cognitive_structural_equal,4800,0.4402,0.3342,0.6836,0.8738,0.1546,0.0367,0.3546,1.1021,0.197,none
35b_a3b_moe,degraded_instruct,damaged_q2,cyber_25_structural_75,4800,0.6502,0.4921,0.7962,0.8662,0.1227,0.0329,0.305,0.5794,0.3953,none
35b_a3b_moe,degraded_instruct,damaged_q2,cyber_only,4800,0.1544,0.1102,0.4332,0.7248,0.2046,0.0981,0.3738,2.1675,-0.1091,primitive_gap
35b_a3b_moe,degraded_instruct,damaged_q2,cyber_structural_equal,4800,0.4946,0.3669,0.7006,0.82,0.1394,0.0571,0.3119,0.98,0.2397,none
35b_a3b_moe,degraded_instruct,damaged_q2,structural_only,4800,0.5513,0.4292,0.7446,0.8283,0.134,0.0156,0.3125,0.7917,0.3213,none
35b_a3b_moe,degraded_instruct,damaged_q2,tri_equal,4800,0.5321,0.3742,0.7394,0.8962,0.1275,0.0821,0.344,0.8742,0.2483,none
35b_a3b_moe,degraded_instruct,damaged_q2,tri_naive_all_fire,4800,0.6185,0.3258,0.7827,0.8967,0.1375,0.3194,0.3983,0.4942,0.1641,none
35b_a3b_moe,degraded_instruct,damaged_q2,tri_routed_68_20_12,4800,0.8219,0.5906,0.8976,0.9375,0.1019,0.0483,0.301,0.1833,0.5171,none
35b_a3b_moe,degraded_instruct,damaged_q2,tri_routed_72_18_10,4800,0.8471,0.6146,0.9117,0.9492,0.0915,0.0404,0.2935,0.1433,0.5484,none
35b_a3b_moe,degraded_instruct,damaged_q2,tri_stability_70,4800,0.8371,0.6054,0.9055,0.9394,0.0925,0.0417,0.2992,0.1606,0.5374,none
35b_a3b_moe,degraded_instruct,damaged_q2,tri_structural_65,4800,0.8054,0.5794,0.8844,0.926,0.0988,0.0477,0.311,0.2415,0.5033,none
35b_a3b_moe,degraded_instruct,damaged_q3,baseline,4800,0.2346,0.2008,0.5232,0.7196,0.1354,0.0096,0.2504,1.8194,0.0473,primitive_gap
35b_a3b_moe,degraded_instruct,damaged_q3,cognitive_25_structural_75,4800,0.9142,0.704,0.9502,0.9908,0.0694,0.0262,0.2252,0.0498,0.6574,none
35b_a3b_moe,degraded_instruct,damaged_q3,cognitive_cyber_equal,4800,0.5921,0.446,0.7772,0.9544,0.0992,0.0827,0.2571,0.8165,0.3384,none
35b_a3b_moe,degraded_instruct,damaged_q3,cognitive_only,4800,0.446,0.3544,0.6911,0.9113,0.1131,0.0533,0.2706,1.1933,0.2285,none
35b_a3b_moe,degraded_instruct,damaged_q3,cognitive_structural_equal,4800,0.8975,0.6777,0.9396,0.9902,0.0717,0.0406,0.2406,0.0975,0.624,none
35b_a3b_moe,degraded_instruct,damaged_q3,cyber_25_structural_75,4800,0.9165,0.7265,0.9518,0.9844,0.0608,0.0392,0.2004,0.0577,0.6815,none
35b_a3b_moe,degraded_instruct,damaged_q3,cyber_only,4800,0.5142,0.3879,0.7235,0.8667,0.1085,0.0935,0.2492,0.9744,0.268,none
35b_a3b_moe,degraded_instruct,damaged_q3,cyber_structural_equal,4800,0.874,0.6663,0.9273,0.9644,0.0773,0.0623,0.2204,0.1296,0.6065,none
35b_a3b_moe,degraded_instruct,damaged_q3,structural_only,4800,0.9071,0.7179,0.947,0.9723,0.0638,0.0187,0.2162,0.0569,0.6749,none
35b_a3b_moe,degraded_instruct,damaged_q3,tri_equal,4800,0.9096,0.6773,0.9474,0.9915,0.0704,0.076,0.2267,0.0625,0.6197,none
35b_a3b_moe,degraded_instruct,damaged_q3,tri_naive_all_fire,4800,0.8794,0.4335,0.9085,0.9869,0.0867,0.345,0.2977,0.054,0.312,none
35b_a3b_moe,degraded_instruct,damaged_q3,tri_routed_68_20_12,4800,0.9231,0.7108,0.9529,0.9902,0.0602,0.0458,0.2144,0.0542,0.6637,none
35b_a3b_moe,degraded_instruct,damaged_q3,tri_routed_72_18_10,4800,0.9231,0.7194,0.9535,0.9877,0.0577,0.0381,0.2085,0.0529,0.6751,none
35b_a3b_moe,degraded_instruct,damaged_q3,tri_stability_70,4800,0.9235,0.7202,0.9551,0.9904,0.0575,0.0467,0.2085,0.049,0.6745,none
35b_a3b_moe,degraded_instruct,damaged_q3,tri_structural_65,4800,0.9175,0.7204,0.9532,0.9921,0.0648,0.0471,0.1958,0.0529,0.6733,none
35b_a3b_moe,degraded_instruct,damaged_q4,baseline,4800,0.47,0.4069,0.6998,0.834,0.0733,0.0112,0.1956,1.1415,0.3099,none
35b_a3b_moe,degraded_instruct,damaged_q4,cognitive_25_structural_75,4800,0.931,0.7456,0.9587,0.9931,0.0508,0.0258,0.1923,0.05,0.7073,none
35b_a3b_moe,degraded_instruct,damaged_q4,cognitive_cyber_equal,4800,0.8417,0.6504,0.9075,0.9877,0.0642,0.0798,0.2019,0.2808,0.585,none
35b_a3b_moe,degraded_instruct,damaged_q4,cognitive_only,4800,0.7204,0.5717,0.8427,0.9798,0.0679,0.0527,0.2131,0.5958,0.4939,none
35b_a3b_moe,degraded_instruct,damaged_q4,cognitive_structural_equal,4800,0.9296,0.7277,0.9564,0.9873,0.0485,0.039,0.201,0.0552,0.6865,none
35b_a3b_moe,degraded_instruct,damaged_q4,cyber_25_structural_75,4800,0.935,0.76,0.9605,0.9892,0.0485,0.0358,0.1681,0.0481,0.7224,none
35b_a3b_moe,degraded_instruct,damaged_q4,cyber_only,4800,0.7604,0.5919,0.8631,0.9392,0.0631,0.0848,0.1969,0.4425,0.5181,none
35b_a3b_moe,degraded_instruct,damaged_q4,cyber_structural_equal,4800,0.9275,0.729,0.957,0.9906,0.0525,0.0573,0.1821,0.0563,0.6844,none
35b_a3b_moe,degraded_instruct,damaged_q4,structural_only,4800,0.9319,0.7715,0.9597,0.9919,0.0488,0.0187,0.1719,0.0537,0.7366,none
35b_a3b_moe,degraded_instruct,damaged_q4,tri_equal,4800,0.9279,0.7087,0.9575,0.9919,0.0571,0.0767,0.1929,0.044,0.6587,none
35b_a3b_moe,degraded_instruct,damaged_q4,tri_naive_all_fire,4800,0.8933,0.474,0.9186,0.9908,0.0754,0.3273,0.2527,0.0481,0.3633,none
35b_a3b_moe,degraded_instruct,damaged_q4,tri_routed_68_20_12,4800,0.9398,0.7621,0.9621,0.989,0.0437,0.0392,0.171,0.0469,0.7251,none
35b_a3b_moe,degraded_instruct,damaged_q4,tri_routed_72_18_10,4800,0.9413,0.7692,0.963,0.9894,0.0448,0.0437,0.1619,0.0452,0.7318,none
35b_a3b_moe,degraded_instruct,damaged_q4,tri_stability_70,4800,0.9404,0.7583,0.9631,0.9906,0.0408,0.0435,0.1694,0.0473,0.7215,none
35b_a3b_moe,degraded_instruct,damaged_q4,tri_structural_65,4800,0.9406,0.7515,0.9626,0.991,0.0415,0.0467,0.176,0.0477,0.7132,none
35b_a3b_moe,degraded_instruct,healthy_q6,baseline,4800,0.7873,0.6867,0.8709,0.9179,0.0427,0.0133,0.1423,0.4415,0.6377,none
35b_a3b_moe,degraded_instruct,healthy_q6,cognitive_25_structural_75,4800,0.951,0.8152,0.9684,0.9917,0.0329,0.021,0.136,0.0473,0.7879,none
35b_a3b_moe,degraded_instruct,healthy_q6,cognitive_cyber_equal,4800,0.9408,0.739,0.9627,0.9906,0.0421,0.0785,0.1556,0.0531,0.6955,none
35b_a3b_moe,degraded_instruct,healthy_q6,cognitive_only,4800,0.9394,0.7623,0.9607,0.9915,0.0415,0.0508,0.1554,0.0671,0.7239,none
35b_a3b_moe,degraded_instruct,healthy_q6,cognitive_structural_equal,4800,0.9494,0.7923,0.9666,0.9862,0.0317,0.0408,0.1435,0.0496,0.7607,none
35b_a3b_moe,degraded_instruct,healthy_q6,cyber_25_structural_75,4800,0.9469,0.7998,0.967,0.9921,0.0392,0.0377,0.1333,0.0469,0.7675,none
35b_a3b_moe,degraded_instruct,healthy_q6,cyber_only,4800,0.9315,0.7252,0.9574,0.9867,0.0448,0.0919,0.1556,0.0721,0.6773,none
35b_a3b_moe,degraded_instruct,healthy_q6,cyber_structural_equal,4800,0.9552,0.7798,0.9687,0.9892,0.0294,0.0606,0.1406,0.0477,0.7452,none
35b_a3b_moe,degraded_instruct,healthy_q6,structural_only,4800,0.9483,0.8221,0.9687,0.99,0.0335,0.015,0.1308,0.0448,0.7963,none
35b_a3b_moe,degraded_instruct,healthy_q6,tri_equal,4800,0.9469,0.7623,0.9662,0.9912,0.0379,0.074,0.14,0.0488,0.7225,none
35b_a3b_moe,degraded_instruct,healthy_q6,tri_naive_all_fire,4800,0.9133,0.5133,0.9278,0.9898,0.0579,0.3154,0.2142,0.0469,0.4134,none
35b_a3b_moe,degraded_instruct,healthy_q6,tri_routed_68_20_12,4800,0.95,0.791,0.9681,0.9908,0.0325,0.0521,0.1338,0.0488,0.7577,none
35b_a3b_moe,degraded_instruct,healthy_q6,tri_routed_72_18_10,4800,0.9473,0.7919,0.9679,0.9888,0.0344,0.0471,0.1333,0.0444,0.7593,none
35b_a3b_moe,degraded_instruct,healthy_q6,tri_stability_70,4800,0.954,0.8096,0.9694,0.9896,0.0275,0.0452,0.1231,0.0519,0.7798,none
35b_a3b_moe,degraded_instruct,healthy_q6,tri_structural_65,4800,0.9485,0.7927,0.9672,0.9908,0.0369,0.0471,0.1325,0.0479,0.7592,none
35b_a3b_moe,degraded_instruct,healthy_q8,baseline,4800,0.85,0.7556,0.9037,0.9398,0.0238,0.0117,0.1204,0.3385,0.7196,none
35b_a3b_moe,degraded_instruct,healthy_q8,cognitive_25_structural_75,4800,0.9692,0.8396,0.9742,0.9892,0.0175,0.0246,0.1194,0.0462,0.8176,none
35b_a3b_moe,degraded_instruct,healthy_q8,cognitive_cyber_equal,4800,0.9479,0.7592,0.9662,0.9885,0.0335,0.0879,0.1344,0.0523,0.7182,none
35b_a3b_moe,degraded_instruct,healthy_q8,cognitive_only,4800,0.9467,0.7748,0.9654,0.9883,0.0298,0.0527,0.1465,0.0577,0.7407,none
35b_a3b_moe,degraded_instruct,healthy_q8,cognitive_structural_equal,4800,0.955,0.8135,0.9698,0.989,0.0277,0.04,0.1231,0.0485,0.785,none
35b_a3b_moe,degraded_instruct,healthy_q8,cyber_25_structural_75,4800,0.9642,0.8252,0.9739,0.9912,0.0215,0.0375,0.1167,0.0446,0.7997,none
35b_a3b_moe,degraded_instruct,healthy_q8,cyber_only,4800,0.9456,0.7569,0.9652,0.9875,0.0294,0.0894,0.1335,0.0638,0.7163,none
35b_a3b_moe,degraded_instruct,healthy_q8,cyber_structural_equal,4800,0.9594,0.8133,0.9723,0.9892,0.0235,0.056,0.1121,0.0473,0.7837,none
35b_a3b_moe,degraded_instruct,healthy_q8,structural_only,4800,0.9633,0.8483,0.9737,0.989,0.0219,0.0152,0.115,0.0433,0.8274,none
35b_a3b_moe,degraded_instruct,healthy_q8,tri_equal,4800,0.955,0.7798,0.9688,0.9883,0.0288,0.0762,0.1263,0.0504,0.7433,none
35b_a3b_moe,degraded_instruct,healthy_q8,tri_naive_all_fire,4800,0.9142,0.5096,0.9284,0.9896,0.0527,0.3348,0.1942,0.051,0.4087,none
35b_a3b_moe,degraded_instruct,healthy_q8,tri_routed_68_20_12,4800,0.9633,0.8254,0.9725,0.9877,0.0227,0.0456,0.1085,0.0479,0.7984,none
35b_a3b_moe,degraded_instruct,healthy_q8,tri_routed_72_18_10,4800,0.9648,0.83,0.9734,0.9894,0.0233,0.0402,0.1058,0.045,0.8042,none
35b_a3b_moe,degraded_instruct,healthy_q8,tri_stability_70,4800,0.9608,0.8154,0.9724,0.9925,0.0242,0.0431,0.1206,0.0467,0.7876,none
35b_a3b_moe,degraded_instruct,healthy_q8,tri_structural_65,4800,0.9642,0.8135,0.9727,0.9885,0.0231,0.0508,0.1177,0.0444,0.7848,none
35b_a3b_moe,degraded_instruct,q1_k_m,baseline,4800,0.001,0.0006,0.02,0.1971,0.6254,0.0123,0.5656,4.7392,-0.4717,cascade
35b_a3b_moe,degraded_instruct,q1_k_m,cognitive_25_structural_75,4800,0.1037,0.0785,0.345,0.6042,0.3073,0.0252,0.4558,2.4325,-0.1768,cascade
35b_a3b_moe,degraded_instruct,q1_k_m,cognitive_cyber_equal,4800,0.01,0.0071,0.1103,0.5017,0.5073,0.08,0.5215,3.9287,-0.3993,cascade
35b_a3b_moe,degraded_instruct,q1_k_m,cognitive_only,4800,0.0054,0.0044,0.0691,0.4125,0.5752,0.0567,0.555,4.3073,-0.4393,cascade
35b_a3b_moe,degraded_instruct,q1_k_m,cognitive_structural_equal,4800,0.0406,0.0323,0.2435,0.5781,0.3746,0.0385,0.4983,2.9896,-0.2771,cascade
35b_a3b_moe,degraded_instruct,q1_k_m,cyber_25_structural_75,4800,0.1225,0.0906,0.3669,0.6196,0.3204,0.0408,0.4248,2.3048,-0.1629,cascade
35b_a3b_moe,degraded_instruct,q1_k_m,cyber_only,4800,0.0067,0.0046,0.088,0.4217,0.5204,0.0877,0.506,4.0923,-0.4142,cascade
35b_a3b_moe,degraded_instruct,q1_k_m,cyber_structural_equal,4800,0.0698,0.0554,0.275,0.569,0.3548,0.0563,0.4383,2.7973,-0.2372,cascade
35b_a3b_moe,degraded_instruct,q1_k_m,structural_only,4800,0.0725,0.0571,0.298,0.5167,0.3419,0.0185,0.4548,2.6063,-0.2159,cascade
35b_a3b_moe,degraded_instruct,q1_k_m,tri_equal,4800,0.0762,0.0571,0.2986,0.6312,0.354,0.0746,0.4671,2.6881,-0.2358,cascade
35b_a3b_moe,degraded_instruct,q1_k_m,tri_naive_all_fire,4800,0.1204,0.0729,0.383,0.6733,0.3023,0.3221,0.5069,2.1323,-0.2294,cascade
35b_a3b_moe,degraded_instruct,q1_k_m,tri_routed_68_20_12,4800,0.2233,0.1631,0.4966,0.7013,0.2498,0.0456,0.4363,1.7381,-0.0427,cascade
35b_a3b_moe,degraded_instruct,q1_k_m,tri_routed_72_18_10,4800,0.2375,0.1758,0.5128,0.6992,0.2406,0.039,0.42,1.6704,-0.0213,cascade
35b_a3b_moe,degraded_instruct,q1_k_m,tri_stability_70,4800,0.2246,0.165,0.4978,0.7077,0.2427,0.0402,0.4329,1.739,-0.0374,cascade
35b_a3b_moe,degraded_instruct,q1_k_m,tri_structural_65,4800,0.1921,0.1415,0.4711,0.6829,0.2608,0.0504,0.4244,1.8508,-0.0734,cascade
35b_a3b_moe,degraded_instruct,q8_k_m,baseline,4800,0.8556,0.7681,0.9083,0.9427,0.0248,0.01,0.11,0.3204,0.7339,none
35b_a3b_moe,degraded_instruct,q8_k_m,cognitive_25_structural_75,4800,0.9627,0.8469,0.9732,0.9902,0.0206,0.0267,0.1073,0.0515,0.8242,none
35b_a3b_moe,degraded_instruct,q8_k_m,cognitive_cyber_equal,4800,0.9506,0.7756,0.9695,0.9929,0.0306,0.0842,0.1212,0.0504,0.7374,none
35b_a3b_moe,degraded_instruct,q8_k_m,cognitive_only,4800,0.9554,0.8075,0.9696,0.9896,0.0258,0.0548,0.12,0.0556,0.7764,none
35b_a3b_moe,degraded_instruct,q8_k_m,cognitive_structural_equal,4800,0.9652,0.8158,0.9717,0.9879,0.0196,0.0408,0.1281,0.0494,0.7891,none
35b_a3b_moe,degraded_instruct,q8_k_m,cyber_25_structural_75,4800,0.9581,0.8331,0.9719,0.9879,0.0246,0.0335,0.1071,0.0481,0.8081,none
35b_a3b_moe,degraded_instruct,q8_k_m,cyber_only,4800,0.9508,0.7638,0.9671,0.9871,0.0308,0.0877,0.1327,0.051,0.7238,none
35b_a3b_moe,degraded_instruct,q8_k_m,cyber_structural_equal,4800,0.9596,0.8056,0.9714,0.9873,0.0235,0.0658,0.109,0.0502,0.7742,none
35b_a3b_moe,degraded_instruct,q8_k_m,structural_only,4800,0.9667,0.8585,0.9748,0.9904,0.0194,0.0177,0.1046,0.0471,0.8385,none
35b_a3b_moe,degraded_instruct,q8_k_m,tri_equal,4800,0.9556,0.7856,0.9695,0.99,0.0262,0.07,0.1267,0.0517,0.751,none
35b_a3b_moe,degraded_instruct,q8_k_m,tri_naive_all_fire,4800,0.9221,0.5369,0.9324,0.9906,0.0506,0.319,0.18,0.0465,0.4412,none
35b_a3b_moe,degraded_instruct,q8_k_m,tri_routed_68_20_12,4800,0.964,0.8256,0.9733,0.9873,0.0206,0.0465,0.1083,0.046,0.7992,none
35b_a3b_moe,degraded_instruct,q8_k_m,tri_routed_72_18_10,4800,0.9625,0.8294,0.9733,0.9912,0.0204,0.041,0.1069,0.0523,0.8039,none
35b_a3b_moe,degraded_instruct,q8_k_m,tri_stability_70,4800,0.9683,0.8344,0.9748,0.9902,0.0187,0.0433,0.1075,0.0458,0.8092,none
35b_a3b_moe,degraded_instruct,q8_k_m,tri_structural_65,4800,0.961,0.8185,0.974,0.9925,0.0206,0.0502,0.1115,0.0462,0.7911,none
35b_a3b_moe,instruct,base_f16,baseline,4800,0.8831,0.8023,0.9242,0.9552,0.0133,0.0115,0.0935,0.2721,0.7749,none
35b_a3b_moe,instruct,base_f16,cognitive_25_structural_75,4800,0.9685,0.8635,0.9762,0.99,0.0152,0.0194,0.0977,0.0479,0.8449,none
35b_a3b_moe,instruct,base_f16,cognitive_cyber_equal,4800,0.9602,0.7883,0.9716,0.9915,0.024,0.0667,0.1252,0.0481,0.7554,none
35b_a3b_moe,instruct,base_f16,cognitive_only,4800,0.9471,0.8,0.9626,0.9898,0.0271,0.0517,0.1225,0.0908,0.7672,none
35b_a3b_moe,instruct,base_f16,cognitive_structural_equal,4800,0.966,0.8454,0.9751,0.9931,0.0179,0.0271,0.1085,0.0494,0.8235,none
35b_a3b_moe,instruct,base_f16,cyber_25_structural_75,4800,0.9637,0.859,0.9751,0.9915,0.02,0.0279,0.0883,0.051,0.8378,none
35b_a3b_moe,instruct,base_f16,cyber_only,4800,0.9392,0.7631,0.9606,0.9777,0.0308,0.0754,0.1313,0.076,0.7245,none
35b_a3b_moe,instruct,base_f16,cyber_structural_equal,4800,0.9583,0.8194,0.9717,0.9898,0.0238,0.0537,0.1008,0.0527,0.7908,none
35b_a3b_moe,instruct,base_f16,structural_only,4800,0.9735,0.8692,0.976,0.9885,0.014,0.0152,0.0985,0.0498,0.8516,none
35b_a3b_moe,instruct,base_f16,tri_equal,4800,0.9663,0.804,0.9728,0.99,0.0202,0.0648,0.1133,0.05,0.7734,none
35b_a3b_moe,instruct,base_f16,tri_naive_all_fire,4800,0.9204,0.5367,0.933,0.9919,0.0504,0.3117,0.1742,0.0515,0.4427,none
35b_a3b_moe,instruct,base_f16,tri_routed_68_20_12,4800,0.9694,0.8471,0.9753,0.9892,0.0187,0.0323,0.1027,0.0444,0.8246,none
35b_a3b_moe,instruct,base_f16,tri_routed_72_18_10,4800,0.966,0.8496,0.9757,0.9885,0.0179,0.0342,0.0973,0.0435,0.8274,none
35b_a3b_moe,instruct,base_f16,tri_stability_70,4800,0.9673,0.8485,0.9751,0.9908,0.0169,0.0379,0.0948,0.0515,0.8257,none
35b_a3b_moe,instruct,base_f16,tri_structural_65,4800,0.9667,0.8423,0.9753,0.9912,0.0213,0.045,0.094,0.0452,0.8171,none
35b_a3b_moe,instruct,collapsed_q2_edge,baseline,4800,0.0071,0.0056,0.092,0.3648,0.4313,0.0106,0.4688,4.0283,-0.3648,cascade
35b_a3b_moe,instruct,collapsed_q2_edge,cognitive_25_structural_75,4800,0.2354,0.1827,0.512,0.7273,0.2192,0.0206,0.4004,1.7385,-0.0061,primitive_gap
35b_a3b_moe,instruct,collapsed_q2_edge,cognitive_cyber_equal,4800,0.0277,0.0187,0.2,0.5696,0.3571,0.0737,0.4715,3.2975,-0.3057,cascade
35b_a3b_moe,instruct,collapsed_q2_edge,cognitive_only,4800,0.015,0.0133,0.143,0.4813,0.404,0.0462,0.49,3.6948,-0.341,cascade
35b_a3b_moe,instruct,collapsed_q2_edge,cognitive_structural_equal,4800,0.1212,0.0992,0.3918,0.6804,0.2579,0.0279,0.416,2.3,-0.1321,primitive_gap
35b_a3b_moe,instruct,collapsed_q2_edge,cyber_25_structural_75,4800,0.271,0.2073,0.5347,0.7221,0.2127,0.0269,0.3604,1.6254,0.028,primitive_gap
35b_a3b_moe,instruct,collapsed_q2_edge,cyber_only,4800,0.0231,0.0175,0.1862,0.5217,0.3725,0.0823,0.4556,3.3744,-0.3159,cascade
35b_a3b_moe,instruct,collapsed_q2_edge,cyber_structural_equal,4800,0.1663,0.1292,0.4353,0.6798,0.2515,0.0523,0.3785,2.06,-0.09,primitive_gap
35b_a3b_moe,instruct,collapsed_q2_edge,structural_only,4800,0.2146,0.1635,0.4926,0.6781,0.2263,0.0154,0.3987,1.7785,-0.0282,cascade
35b_a3b_moe,instruct,collapsed_q2_edge,tri_equal,4800,0.1523,0.1125,0.4411,0.7046,0.2371,0.0673,0.4127,2.0627,-0.1082,primitive_gap
35b_a3b_moe,instruct,collapsed_q2_edge,tri_naive_all_fire,4800,0.201,0.1225,0.4788,0.7119,0.2231,0.3102,0.4579,1.7373,-0.13,primitive_gap
35b_a3b_moe,instruct,collapsed_q2_edge,tri_routed_68_20_12,4800,0.415,0.3096,0.6518,0.7946,0.1808,0.0348,0.3673,1.1298,0.1625,none
35b_a3b_moe,instruct,collapsed_q2_edge,tri_routed_72_18_10,4800,0.4544,0.3365,0.6783,0.8008,0.1665,0.0281,0.3648,1.0323,0.2001,none
35b_a3b_moe,instruct,collapsed_q2_edge,tri_stability_70,4800,0.4325,0.3148,0.6667,0.796,0.1606,0.0312,0.3852,1.0885,0.1751,none
35b_a3b_moe,instruct,collapsed_q2_edge,tri_structural_65,4800,0.384,0.2877,0.6349,0.7917,0.1842,0.0375,0.3821,1.2063,0.1341,none
35b_a3b_moe,instruct,damaged_q2,baseline,4800,0.0417,0.0358,0.2427,0.5188,0.266,0.0098,0.4021,3.0775,-0.232,classification_miss
35b_a3b_moe,instruct,damaged_q2,cognitive_25_structural_75,4800,0.5473,0.4138,0.7418,0.8644,0.1288,0.0185,0.3385,0.8417,0.3023,none
35b_a3b_moe,instruct,damaged_q2,cognitive_cyber_equal,4800,0.1037,0.08,0.3799,0.7075,0.2429,0.0752,0.3971,2.4102,-0.1602,primitive_gap
35b_a3b_moe,instruct,damaged_q2,cognitive_only,4800,0.0677,0.0542,0.3013,0.6242,0.2585,0.0529,0.4277,2.7917,-0.2078,primitive_gap
35b_a3b_moe,instruct,damaged_q2,cognitive_structural_equal,4800,0.3362,0.2596,0.6161,0.8229,0.1531,0.029,0.3554,1.3973,0.1096,none
35b_a3b_moe,instruct,damaged_q2,cyber_25_structural_75,4800,0.5694,0.4308,0.7487,0.836,0.1377,0.0227,0.305,0.7608,0.3225,none
35b_a3b_moe,instruct,damaged_q2,cyber_only,4800,0.1048,0.0769,0.3645,0.6608,0.2335,0.0773,0.3785,2.46,-0.1619,primitive_gap
35b_a3b_moe,instruct,damaged_q2,cyber_structural_equal,4800,0.4021,0.3046,0.6444,0.8023,0.1512,0.0512,0.3306,1.2237,0.1613,none
35b_a3b_moe,instruct,damaged_q2,structural_only,4800,0.5071,0.3946,0.7119,0.81,0.1365,0.0169,0.3306,0.9277,0.2774,none
35b_a3b_moe,instruct,damaged_q2,tri_equal,4800,0.4025,0.2948,0.6525,0.8352,0.1606,0.0731,0.3621,1.2019,0.1429,none
35b_a3b_moe,instruct,damaged_q2,tri_naive_all_fire,4800,0.4429,0.2546,0.6772,0.8113,0.1571,0.3054,0.4119,0.9127,0.0678,none
35b_a3b_moe,instruct,damaged_q2,tri_routed_68_20_12,4800,0.7575,0.5583,0.8566,0.9035,0.1027,0.0354,0.3165,0.3471,0.4778,none
35b_a3b_moe,instruct,damaged_q2,tri_routed_72_18_10,4800,0.7987,0.5842,0.8814,0.9152,0.0952,0.0312,0.3073,0.2473,0.5124,none
35b_a3b_moe,instruct,damaged_q2,tri_stability_70,4800,0.7596,0.5485,0.8615,0.9073,0.1073,0.0338,0.3208,0.3165,0.4681,none
35b_a3b_moe,instruct,damaged_q2,tri_structural_65,4800,0.7306,0.5375,0.8404,0.8948,0.1029,0.0383,0.3115,0.419,0.4531,none
35b_a3b_moe,instruct,damaged_q3,baseline,4800,0.2331,0.199,0.5283,0.7304,0.1323,0.0112,0.2519,1.8096,0.0464,primitive_gap
35b_a3b_moe,instruct,damaged_q3,cognitive_25_structural_75,4800,0.9065,0.7146,0.948,0.9875,0.0719,0.0148,0.2231,0.056,0.6694,none
35b_a3b_moe,instruct,damaged_q3,cognitive_cyber_equal,4800,0.4633,0.3569,0.6985,0.8873,0.1092,0.0748,0.2727,1.1196,0.2314,none
35b_a3b_moe,instruct,damaged_q3,cognitive_only,4800,0.3246,0.2598,0.6068,0.8194,0.1277,0.0523,0.2869,1.5063,0.1128,primitive_gap
35b_a3b_moe,instruct,damaged_q3,cognitive_structural_equal,4800,0.8358,0.645,0.904,0.9796,0.0819,0.0321,0.2448,0.2533,0.5818,none
35b_a3b_moe,instruct,damaged_q3,cyber_25_structural_75,4800,0.9038,0.7075,0.9432,0.9663,0.0646,0.0279,0.2242,0.0671,0.6613,none
35b_a3b_moe,instruct,damaged_q3,cyber_only,4800,0.4169,0.3152,0.6573,0.821,0.1135,0.0829,0.2821,1.2385,0.1801,none
35b_a3b_moe,instruct,damaged_q3,cyber_structural_equal,4800,0.8321,0.6369,0.901,0.934,0.0717,0.049,0.2394,0.2271,0.5751,none
35b_a3b_moe,instruct,damaged_q3,structural_only,4800,0.8898,0.7058,0.9387,0.9648,0.0704,0.0185,0.2206,0.0798,0.6594,none
35b_a3b_moe,instruct,damaged_q3,tri_equal,4800,0.8585,0.6456,0.9154,0.9627,0.0773,0.0665,0.235,0.1848,0.5811,none
35b_a3b_moe,instruct,damaged_q3,tri_naive_all_fire,4800,0.8321,0.4494,0.8912,0.9498,0.091,0.3073,0.2996,0.1148,0.3309,none
35b_a3b_moe,instruct,damaged_q3,tri_routed_68_20_12,4800,0.9242,0.7183,0.954,0.9904,0.0581,0.0325,0.215,0.0525,0.6746,none
35b_a3b_moe,instruct,damaged_q3,tri_routed_72_18_10,4800,0.9115,0.7196,0.9519,0.9917,0.0679,0.0325,0.209,0.0488,0.6736,none
35b_a3b_moe,instruct,damaged_q3,tri_stability_70,4800,0.9144,0.714,0.9508,0.9896,0.0673,0.0329,0.215,0.0519,0.6674,none
35b_a3b_moe,instruct,damaged_q3,tri_structural_65,4800,0.9075,0.7096,0.9494,0.9927,0.0744,0.0373,0.2117,0.0525,0.6603,none
35b_a3b_moe,instruct,damaged_q4,baseline,4800,0.4612,0.4006,0.6923,0.8196,0.0777,0.0117,0.1985,1.1587,0.3012,none
35b_a3b_moe,instruct,damaged_q4,cognitive_25_structural_75,4800,0.931,0.7642,0.9596,0.9921,0.051,0.0181,0.1817,0.0488,0.7283,none
35b_a3b_moe,instruct,damaged_q4,cognitive_cyber_equal,4800,0.7104,0.5448,0.8393,0.9552,0.0785,0.0777,0.2152,0.5552,0.4607,none
35b_a3b_moe,instruct,damaged_q4,cognitive_only,4800,0.5677,0.4558,0.7608,0.9279,0.0854,0.049,0.2313,0.91,0.3564,none
35b_a3b_moe,instruct,damaged_q4,cognitive_structural_equal,4800,0.9227,0.7362,0.955,0.9906,0.0565,0.0262,0.1985,0.0565,0.6954,none
35b_a3b_moe,instruct,damaged_q4,cyber_25_structural_75,4800,0.931,0.7594,0.959,0.9912,0.0535,0.0273,0.1769,0.0473,0.7213,none
35b_a3b_moe,instruct,damaged_q4,cyber_only,4800,0.6427,0.4967,0.7957,0.8881,0.0775,0.079,0.2098,0.6858,0.4066,none
35b_a3b_moe,instruct,damaged_q4,cyber_structural_equal,4800,0.9254,0.7348,0.957,0.9865,0.0533,0.0498,0.1775,0.0519,0.692,none
35b_a3b_moe,instruct,damaged_q4,structural_only,4800,0.9256,0.7612,0.9576,0.9875,0.0529,0.0154,0.1783,0.0517,0.7254,none
35b_a3b_moe,instruct,damaged_q4,tri_equal,4800,0.9296,0.7102,0.9561,0.9883,0.051,0.0602,0.2079,0.0523,0.6636,none
35b_a3b_moe,instruct,damaged_q4,tri_naive_all_fire,4800,0.8835,0.4856,0.9163,0.9848,0.0833,0.3015,0.2562,0.05,0.3773,none
35b_a3b_moe,instruct,damaged_q4,tri_routed_68_20_12,4800,0.94,0.759,0.9615,0.9912,0.0425,0.0312,0.1831,0.0506,0.7228,none
35b_a3b_moe,instruct,damaged_q4,tri_routed_72_18_10,4800,0.9433,0.7646,0.9625,0.9888,0.0394,0.0296,0.1779,0.049,0.7302,none
35b_a3b_moe,instruct,damaged_q4,tri_stability_70,4800,0.9375,0.7596,0.9614,0.9919,0.0448,0.0331,0.181,0.0496,0.7226,none
35b_a3b_moe,instruct,damaged_q4,tri_structural_65,4800,0.9354,0.7554,0.9605,0.9892,0.0527,0.0362,0.1775,0.0398,0.7162,none
35b_a3b_moe,instruct,healthy_q6,baseline,4800,0.8013,0.7029,0.8759,0.9273,0.0348,0.0133,0.1465,0.4415,0.656,none
35b_a3b_moe,instruct,healthy_q6,cognitive_25_structural_75,4800,0.9467,0.809,0.9655,0.9917,0.036,0.0192,0.1406,0.0548,0.7803,none
35b_a3b_moe,instruct,healthy_q6,cognitive_cyber_equal,4800,0.9304,0.7265,0.956,0.9894,0.0492,0.0704,0.1775,0.0696,0.6799,none
35b_a3b_moe,instruct,healthy_q6,cognitive_only,4800,0.8952,0.7244,0.9315,0.9873,0.0446,0.0544,0.1731,0.2081,0.6759,none
35b_a3b_moe,instruct,healthy_q6,cognitive_structural_equal,4800,0.9502,0.7973,0.9655,0.9885,0.0346,0.0281,0.1506,0.0512,0.7667,none
35b_a3b_moe,instruct,healthy_q6,cyber_25_structural_75,4800,0.9513,0.8187,0.9677,0.9904,0.0333,0.021,0.1335,0.0502,0.7913,none
35b_a3b_moe,instruct,healthy_q6,cyber_only,4800,0.8933,0.7075,0.9335,0.9573,0.0504,0.08,0.1592,0.1527,0.656,none
35b_a3b_moe,instruct,healthy_q6,cyber_structural_equal,4800,0.9463,0.7881,0.9666,0.989,0.0369,0.0465,0.1408,0.0444,0.7543,none
35b_a3b_moe,instruct,healthy_q6,structural_only,4800,0.9515,0.8063,0.9675,0.9915,0.0327,0.0208,0.1425,0.0504,0.7784,none
35b_a3b_moe,instruct,healthy_q6,tri_equal,4800,0.9481,0.7598,0.9639,0.9904,0.0385,0.0633,0.1569,0.0531,0.7204,none
35b_a3b_moe,instruct,healthy_q6,tri_naive_all_fire,4800,0.9021,0.5302,0.9274,0.9906,0.0656,0.2883,0.2173,0.049,0.433,none
35b_a3b_moe,instruct,healthy_q6,tri_routed_68_20_12,4800,0.9535,0.796,0.9679,0.989,0.0333,0.0335,0.1444,0.0437,0.7656,none
35b_a3b_moe,instruct,healthy_q6,tri_routed_72_18_10,4800,0.9527,0.806,0.969,0.9925,0.0317,0.0302,0.1402,0.046,0.777,none
35b_a3b_moe,instruct,healthy_q6,tri_stability_70,4800,0.9487,0.8048,0.9664,0.9885,0.0377,0.0275,0.1356,0.0471,0.7748,none
35b_a3b_moe,instruct,healthy_q6,tri_structural_65,4800,0.9504,0.8021,0.9666,0.9894,0.0356,0.0317,0.1404,0.0483,0.7714,none
35b_a3b_moe,instruct,healthy_q8,baseline,4800,0.8523,0.7602,0.9028,0.9427,0.0265,0.0112,0.121,0.3427,0.7232,none
35b_a3b_moe,instruct,healthy_q8,cognitive_25_structural_75,4800,0.9567,0.8319,0.9711,0.9921,0.0258,0.0192,0.1204,0.0502,0.8081,none
35b_a3b_moe,instruct,healthy_q8,cognitive_cyber_equal,4800,0.9408,0.7498,0.9635,0.9896,0.0387,0.0794,0.1437,0.0571,0.7079,none
35b_a3b_moe,instruct,healthy_q8,cognitive_only,4800,0.9215,0.7529,0.9477,0.9885,0.0402,0.0531,0.1529,0.1381,0.7111,none
35b_a3b_moe,instruct,healthy_q8,cognitive_structural_equal,4800,0.9544,0.804,0.9684,0.9881,0.0296,0.0327,0.1419,0.0467,0.7749,none
35b_a3b_moe,instruct,healthy_q8,cyber_25_structural_75,4800,0.961,0.8294,0.9711,0.9883,0.0223,0.0215,0.1296,0.0494,0.8056,none
35b_a3b_moe,instruct,healthy_q8,cyber_only,4800,0.919,0.7288,0.9476,0.9665,0.0365,0.0867,0.15,0.114,0.6828,none
35b_a3b_moe,instruct,healthy_q8,cyber_structural_equal,4800,0.9519,0.7996,0.968,0.989,0.0271,0.0506,0.1263,0.0581,0.7683,none
35b_a3b_moe,instruct,healthy_q8,structural_only,4800,0.9598,0.8446,0.9732,0.99,0.025,0.0165,0.1125,0.0419,0.8227,none
35b_a3b_moe,instruct,healthy_q8,tri_equal,4800,0.9458,0.7748,0.9667,0.9912,0.0379,0.0656,0.1379,0.0452,0.737,none
35b_a3b_moe,instruct,healthy_q8,tri_naive_all_fire,4800,0.9131,0.5348,0.9304,0.9917,0.056,0.3017,0.2065,0.049,0.4387,none
35b_a3b_moe,instruct,healthy_q8,tri_routed_68_20_12,4800,0.954,0.8075,0.9689,0.991,0.0277,0.0408,0.1298,0.0542,0.7779,none
35b_a3b_moe,instruct,healthy_q8,tri_routed_72_18_10,4800,0.9533,0.8242,0.9703,0.99,0.0279,0.0306,0.1163,0.05,0.7979,none
35b_a3b_moe,instruct,healthy_q8,tri_stability_70,4800,0.9604,0.8275,0.972,0.9898,0.0229,0.0335,0.1175,0.0494,0.802,none
35b_a3b_moe,instruct,healthy_q8,tri_structural_65,4800,0.9571,0.81,0.9691,0.9902,0.0281,0.0373,0.1254,0.0535,0.7814,none
35b_a3b_moe,instruct,q1_k_m,baseline,4800,0.0006,0.0006,0.0223,0.1919,0.626,0.0102,0.5577,4.7383,-0.4708,cascade
35b_a3b_moe,instruct,q1_k_m,cognitive_25_structural_75,4800,0.0658,0.0504,0.2913,0.5577,0.3375,0.0156,0.4606,2.6873,-0.2252,cascade
35b_a3b_moe,instruct,q1_k_m,cognitive_cyber_equal,4800,0.0029,0.0027,0.0673,0.385,0.5533,0.0737,0.5435,4.2873,-0.4359,cascade
35b_a3b_moe,instruct,q1_k_m,cognitive_only,4800,0.0008,0.0004,0.0377,0.3073,0.6048,0.0508,0.5913,4.5792,-0.4674,cascade
35b_a3b_moe,instruct,q1_k_m,cognitive_structural_equal,4800,0.029,0.0231,0.193,0.4983,0.3935,0.0346,0.5025,3.2635,-0.3052,cascade
35b_a3b_moe,instruct,q1_k_m,cyber_25_structural_75,4800,0.0838,0.0627,0.3154,0.5606,0.3421,0.029,0.426,2.5465,-0.2071,cascade
35b_a3b_moe,instruct,q1_k_m,cyber_only,4800,0.004,0.0025,0.0619,0.3402,0.5354,0.0815,0.5125,4.3398,-0.4324,cascade
35b_a3b_moe,instruct,q1_k_m,cyber_structural_equal,4800,0.0465,0.0352,0.2278,0.5294,0.3912,0.0573,0.4719,3.0552,-0.2841,cascade
35b_a3b_moe,instruct,q1_k_m,structural_only,4800,0.0638,0.05,0.2678,0.504,0.3635,0.0163,0.4775,2.7577,-0.2384,cascade
35b_a3b_moe,instruct,q1_k_m,tri_equal,4800,0.039,0.0317,0.2189,0.5325,0.3973,0.064,0.4873,3.0667,-0.2926,cascade
35b_a3b_moe,instruct,q1_k_m,tri_naive_all_fire,4800,0.0592,0.0371,0.2642,0.5475,0.3513,0.3106,0.5563,2.714,-0.3106,cascade
35b_a3b_moe,instruct,q1_k_m,tri_routed_68_20_12,4800,0.1481,0.1131,0.4129,0.6415,0.286,0.0375,0.4346,2.0956,-0.1197,cascade
35b_a3b_moe,instruct,q1_k_m,tri_routed_72_18_10,4800,0.1796,0.1335,0.4402,0.6388,0.274,0.0292,0.4444,1.9479,-0.0874,cascade
35b_a3b_moe,instruct,q1_k_m,tri_stability_70,4800,0.155,0.1158,0.4236,0.6323,0.2819,0.0331,0.4402,2.0146,-0.1113,cascade
35b_a3b_moe,instruct,q1_k_m,tri_structural_65,4800,0.1319,0.1006,0.3962,0.6256,0.2904,0.036,0.4381,2.1685,-0.1372,cascade
35b_a3b_moe,instruct,q8_k_m,baseline,4800,0.8658,0.7804,0.9104,0.94,0.0229,0.011,0.1069,0.3104,0.7473,none
35b_a3b_moe,instruct,q8_k_m,cognitive_25_structural_75,4800,0.9604,0.8383,0.9703,0.9908,0.0223,0.0177,0.1225,0.0583,0.8154,none
35b_a3b_moe,instruct,q8_k_m,cognitive_cyber_equal,4800,0.9448,0.7527,0.9645,0.9892,0.0352,0.0771,0.1479,0.0542,0.7122,none
35b_a3b_moe,instruct,q8_k_m,cognitive_only,4800,0.9308,0.7719,0.9534,0.9881,0.0348,0.0498,0.1473,0.1169,0.7339,none
35b_a3b_moe,instruct,q8_k_m,cognitive_structural_equal,4800,0.9567,0.825,0.971,0.9923,0.0292,0.0302,0.1181,0.0479,0.7984,none
35b_a3b_moe,instruct,q8_k_m,cyber_25_structural_75,4800,0.9594,0.8387,0.9724,0.9898,0.0248,0.0262,0.1106,0.0475,0.8148,none
35b_a3b_moe,instruct,q8_k_m,cyber_only,4800,0.9273,0.7519,0.9533,0.9698,0.035,0.0758,0.1385,0.0958,0.7103,none
35b_a3b_moe,instruct,q8_k_m,cyber_structural_equal,4800,0.9552,0.8106,0.9692,0.9877,0.0283,0.0465,0.1194,0.0527,0.7806,none
35b_a3b_moe,instruct,q8_k_m,structural_only,4800,0.9635,0.8535,0.9736,0.9888,0.0196,0.016,0.109,0.0488,0.8333,none
35b_a3b_moe,instruct,q8_k_m,tri_equal,4800,0.9585,0.786,0.9699,0.9883,0.0262,0.0642,0.134,0.0481,0.7522,none
35b_a3b_moe,instruct,q8_k_m,tri_naive_all_fire,4800,0.9194,0.5327,0.9315,0.9894,0.0535,0.3137,0.1902,0.045,0.4364,none
35b_a3b_moe,instruct,q8_k_m,tri_routed_68_20_12,4800,0.9625,0.8329,0.9725,0.9881,0.0213,0.0375,0.111,0.0496,0.8077,none
35b_a3b_moe,instruct,q8_k_m,tri_routed_72_18_10,4800,0.9667,0.8406,0.9735,0.9883,0.019,0.031,0.1142,0.0475,0.8172,none
35b_a3b_moe,instruct,q8_k_m,tri_stability_70,4800,0.9621,0.836,0.974,0.9927,0.0204,0.029,0.1138,0.0477,0.8126,none
35b_a3b_moe,instruct,q8_k_m,tri_structural_65,4800,0.9642,0.8221,0.9722,0.9875,0.0227,0.0398,0.1185,0.0469,0.7955,none
4b,base,base_f16,baseline,4800,0.8656,0.7752,0.9105,0.9477,0.0198,0.0133,0.1094,0.3208,0.7418,none
4b,base,base_f16,cognitive_25_structural_75,4800,0.9615,0.8435,0.9726,0.9906,0.021,0.0183,0.1144,0.0506,0.8219,none
4b,base,base_f16,cognitive_cyber_equal,4800,0.9531,0.7825,0.9694,0.99,0.0267,0.0796,0.1158,0.054,0.7466,none
4b,base,base_f16,cognitive_only,4800,0.9613,0.8081,0.9715,0.9923,0.0238,0.0427,0.1296,0.0492,0.7796,none
4b,base,base_f16,cognitive_structural_equal,4800,0.9633,0.8342,0.9725,0.9879,0.0204,0.0358,0.1121,0.05,0.8094,none
4b,base,base_f16,cyber_25_structural_75,4800,0.964,0.8377,0.9728,0.9875,0.0202,0.0298,0.1115,0.0496,0.8143,none
4b,base,base_f16,cyber_only,4800,0.9529,0.7767,0.9703,0.9885,0.0262,0.0796,0.1183,0.0504,0.7409,none
4b,base,base_f16,cyber_structural_equal,4800,0.961,0.8133,0.9718,0.9898,0.0221,0.0517,0.1152,0.0506,0.7846,none
4b,base,base_f16,structural_only,4800,0.9654,0.8492,0.9735,0.9892,0.0202,0.0167,0.1144,0.0473,0.8283,none
4b,base,base_f16,tri_equal,4800,0.9688,0.8015,0.9739,0.9915,0.0185,0.0696,0.116,0.0481,0.7703,none
4b,base,base_f16,tri_naive_all_fire,4800,0.9219,0.5373,0.9319,0.9883,0.0475,0.3148,0.179,0.0542,0.4431,none
4b,base,base_f16,tri_routed_68_20_12,4800,0.9592,0.8242,0.9726,0.9906,0.0248,0.0442,0.1029,0.0485,0.7972,none
4b,base,base_f16,tri_routed_72_18_10,4800,0.9671,0.8298,0.9744,0.99,0.0171,0.0379,0.1156,0.046,0.8055,none
4b,base,base_f16,tri_stability_70,4800,0.9654,0.8354,0.9751,0.9933,0.0196,0.0394,0.1079,0.0467,0.8107,none
4b,base,base_f16,tri_structural_65,4800,0.964,0.8233,0.9735,0.99,0.0217,0.046,0.1131,0.0462,0.7963,none
4b,base,collapsed_q2_edge,baseline,4800,0.0004,0.0004,0.021,0.1825,0.789,0.0138,0.6733,4.719,-0.5288,cascade
4b,base,collapsed_q2_edge,cognitive_25_structural_75,4800,0.1087,0.0846,0.3511,0.6292,0.3942,0.0202,0.529,2.3308,-0.1966,cascade
4b,base,collapsed_q2_edge,cognitive_cyber_equal,4800,0.0196,0.0142,0.1484,0.5917,0.6038,0.0794,0.5952,3.5298,-0.4069,cascade
4b,base,collapsed_q2_edge,cognitive_only,4800,0.0096,0.0073,0.0895,0.4758,0.6892,0.0471,0.6479,4.0554,-0.4635,cascade
4b,base,collapsed_q2_edge,cognitive_structural_equal,4800,0.0656,0.0504,0.2687,0.6315,0.4715,0.0342,0.5644,2.7733,-0.2817,cascade
4b,base,collapsed_q2_edge,cyber_25_structural_75,4800,0.1296,0.0931,0.3668,0.6175,0.4033,0.0321,0.5042,2.1856,-0.1839,cascade
4b,base,collapsed_q2_edge,cyber_only,4800,0.0183,0.0131,0.1182,0.4819,0.6298,0.0804,0.5798,3.779,-0.4272,cascade
4b,base,collapsed_q2_edge,cyber_structural_equal,4800,0.0854,0.0606,0.2953,0.6081,0.455,0.054,0.4885,2.6035,-0.2559,cascade
4b,base,collapsed_q2_edge,structural_only,4800,0.0675,0.0546,0.2756,0.5104,0.4525,0.0131,0.5262,2.6221,-0.257,cascade
4b,base,collapsed_q2_edge,tri_equal,4800,0.1044,0.0717,0.3448,0.6946,0.4185,0.0796,0.5394,2.3858,-0.2323,cascade
4b,base,collapsed_q2_edge,tri_naive_all_fire,4800,0.1921,0.0983,0.4653,0.751,0.3296,0.3071,0.5802,1.6987,-0.1933,cascade
4b,base,collapsed_q2_edge,tri_routed_68_20_12,4800,0.2446,0.1785,0.508,0.7215,0.3162,0.0425,0.5125,1.5954,-0.0456,cascade
4b,base,collapsed_q2_edge,tri_routed_72_18_10,4800,0.271,0.1902,0.5325,0.7292,0.3052,0.0352,0.506,1.4888,-0.0233,cascade
4b,base,collapsed_q2_edge,tri_stability_70,4800,0.2533,0.1794,0.5161,0.7267,0.3108,0.0327,0.519,1.5677,-0.0403,cascade
4b,base,collapsed_q2_edge,tri_structural_65,4800,0.2183,0.1537,0.4877,0.7267,0.3346,0.0444,0.5094,1.689,-0.0807,cascade
4b,base,damaged_q2,baseline,4800,0.0081,0.0077,0.0892,0.3367,0.5552,0.0104,0.5608,4.0185,-0.4067,cascade
4b,base,damaged_q2,cognitive_25_structural_75,4800,0.3335,0.2442,0.5935,0.7892,0.2525,0.0246,0.4471,1.32,0.0617,cascade
4b,base,damaged_q2,cognitive_cyber_equal,4800,0.096,0.0702,0.3504,0.7535,0.3769,0.0771,0.4942,2.4581,-0.2207,cascade
4b,base,damaged_q2,cognitive_only,4800,0.0502,0.0392,0.2496,0.6473,0.4365,0.0475,0.5467,2.9854,-0.2943,cascade
4b,base,damaged_q2,cognitive_structural_equal,4800,0.2298,0.161,0.5052,0.7785,0.2762,0.035,0.5102,1.7317,-0.0562,cascade
4b,base,damaged_q2,cyber_25_structural_75,4800,0.3583,0.2515,0.6077,0.7669,0.2369,0.0294,0.4352,1.241,0.0777,none
4b,base,damaged_q2,cyber_only,4800,0.0769,0.0567,0.2889,0.6298,0.3952,0.0771,0.4975,2.7219,-0.2532,cascade
4b,base,damaged_q2,cyber_structural_equal,4800,0.2771,0.1998,0.5284,0.7425,0.2756,0.0502,0.419,1.5875,-0.0058,cascade
4b,base,damaged_q2,structural_only,4800,0.2467,0.1827,0.5083,0.6698,0.2769,0.0181,0.4546,1.6096,-0.0208,cascade
4b,base,damaged_q2,tri_equal,4800,0.3075,0.2098,0.5831,0.8267,0.255,0.0688,0.4487,1.3948,0.0139,cascade
4b,base,damaged_q2,tri_naive_all_fire,4800,0.4502,0.2281,0.6845,0.8602,0.2098,0.3217,0.4804,0.8263,0.0211,distractor_capture
4b,base,damaged_q2,tri_routed_68_20_12,4800,0.5725,0.3908,0.7533,0.8598,0.1835,0.0433,0.4279,0.6748,0.2591,none
4b,base,damaged_q2,tri_routed_72_18_10,4800,0.5915,0.4108,0.7699,0.8638,0.1862,0.0385,0.4244,0.5915,0.2837,none
4b,base,damaged_q2,tri_stability_70,4800,0.5785,0.3956,0.758,0.8612,0.189,0.0419,0.4323,0.6412,0.2639,none
4b,base,damaged_q2,tri_structural_65,4800,0.5492,0.3748,0.7401,0.8498,0.1927,0.051,0.4165,0.716,0.2377,none
4b,base,damaged_q3,baseline,4800,0.0927,0.0748,0.3415,0.5863,0.2742,0.0129,0.3531,2.5046,-0.1635,classification_miss
4b,base,damaged_q3,cognitive_25_structural_75,4800,0.8415,0.6192,0.9109,0.9629,0.1115,0.0183,0.3004,0.1325,0.5514,none
4b,base,damaged_q3,cognitive_cyber_equal,4800,0.4506,0.329,0.6897,0.9231,0.1629,0.0819,0.3231,1.1144,0.1821,none
4b,base,damaged_q3,cognitive_only,4800,0.3117,0.2479,0.5931,0.8796,0.1963,0.0475,0.3533,1.5246,0.075,primitive_gap
4b,base,damaged_q3,cognitive_structural_equal,4800,0.7421,0.5413,0.8532,0.9733,0.1244,0.039,0.3137,0.4238,0.4499,none
4b,base,damaged_q3,cyber_25_structural_75,4800,0.8165,0.6106,0.8973,0.9254,0.109,0.0338,0.2771,0.1696,0.5405,none
4b,base,damaged_q3,cyber_only,4800,0.3767,0.2717,0.6225,0.83,0.185,0.0846,0.3292,1.3177,0.107,none
4b,base,damaged_q3,cyber_structural_equal,4800,0.7075,0.5283,0.8356,0.8975,0.1294,0.0517,0.2879,0.4113,0.4356,none
4b,base,damaged_q3,structural_only,4800,0.7415,0.5621,0.8516,0.8735,0.1204,0.0173,0.3044,0.3225,0.482,none
4b,base,damaged_q3,tri_equal,4800,0.8073,0.576,0.8935,0.9727,0.1173,0.0667,0.3056,0.2198,0.4921,none
4b,base,damaged_q3,tri_naive_all_fire,4800,0.8385,0.4142,0.8939,0.9812,0.1152,0.3231,0.3442,0.0737,0.2838,none
4b,base,damaged_q3,tri_routed_68_20_12,4800,0.879,0.631,0.9346,0.984,0.0985,0.0442,0.2871,0.0544,0.567,none
4b,base,damaged_q3,tri_routed_72_18_10,4800,0.8758,0.6423,0.9354,0.9854,0.1021,0.0367,0.276,0.0492,0.5798,none
4b,base,damaged_q3,tri_stability_70,4800,0.8796,0.6438,0.9361,0.9833,0.0963,0.0387,0.2725,0.0531,0.5827,none
4b,base,damaged_q3,tri_structural_65,4800,0.8798,0.6396,0.9359,0.9842,0.0963,0.0421,0.281,0.0523,0.5772,none
4b,base,damaged_q4,baseline,4800,0.2417,0.2056,0.5224,0.7046,0.1567,0.0154,0.2565,1.7842,0.0458,primitive_gap
4b,base,damaged_q4,cognitive_25_structural_75,4800,0.9044,0.7006,0.9464,0.9921,0.0777,0.0246,0.2369,0.0535,0.6508,none
4b,base,damaged_q4,cognitive_cyber_equal,4800,0.7367,0.5513,0.8564,0.9842,0.1029,0.0731,0.2456,0.4531,0.4634,none
4b,base,damaged_q4,cognitive_only,4800,0.5725,0.4465,0.7712,0.9702,0.1152,0.0427,0.275,0.8529,0.3387,none
4b,base,damaged_q4,cognitive_structural_equal,4800,0.8946,0.6721,0.9414,0.9912,0.0831,0.0296,0.2508,0.0648,0.6179,none
4b,base,damaged_q4,cyber_25_structural_75,4800,0.9048,0.7056,0.9462,0.9808,0.0717,0.0315,0.2229,0.0563,0.6572,none
4b,base,damaged_q4,cyber_only,4800,0.6188,0.4675,0.7849,0.8935,0.1033,0.0771,0.2575,0.6977,0.3656,none
4b,base,damaged_q4,cyber_structural_equal,4800,0.8931,0.6908,0.9403,0.9729,0.0777,0.0494,0.209,0.0746,0.6372,none
4b,base,damaged_q4,structural_only,4800,0.8896,0.6863,0.9362,0.9621,0.0781,0.016,0.2442,0.0704,0.6366,none
4b,base,damaged_q4,tri_equal,4800,0.9004,0.6571,0.9458,0.9915,0.0798,0.0746,0.2404,0.0498,0.5965,none
4b,base,damaged_q4,tri_naive_all_fire,4800,0.8725,0.4523,0.9113,0.9927,0.0946,0.32,0.2871,0.0488,0.3345,none
4b,base,damaged_q4,tri_routed_68_20_12,4800,0.9113,0.7027,0.9505,0.9904,0.0681,0.0383,0.219,0.0508,0.6545,none
4b,base,damaged_q4,tri_routed_72_18_10,4800,0.906,0.7019,0.9477,0.9881,0.076,0.0331,0.2248,0.0496,0.652,none
4b,base,damaged_q4,tri_stability_70,4800,0.9054,0.7008,0.9477,0.9877,0.0737,0.0387,0.221,0.0525,0.6506,none
4b,base,damaged_q4,tri_structural_65,4800,0.9158,0.694,0.9507,0.9923,0.0685,0.0479,0.2233,0.051,0.6434,none
4b,base,healthy_q6,baseline,4800,0.5519,0.4788,0.7444,0.8285,0.0725,0.0129,0.1833,0.9177,0.3939,none
4b,base,healthy_q6,cognitive_25_structural_75,4800,0.9392,0.7854,0.962,0.9902,0.0456,0.0192,0.1625,0.0496,0.7524,none
4b,base,healthy_q6,cognitive_cyber_equal,4800,0.9285,0.7094,0.9571,0.9915,0.0515,0.0756,0.1854,0.0571,0.6611,none
4b,base,healthy_q6,cognitive_only,4800,0.9044,0.7148,0.9394,0.9908,0.06,0.0479,0.1921,0.1396,0.6649,none
4b,base,healthy_q6,cognitive_structural_equal,4800,0.9294,0.7615,0.9593,0.9898,0.0544,0.0327,0.1723,0.0454,0.7226,none
4b,base,healthy_q6,cyber_25_structural_75,4800,0.9367,0.7721,0.9606,0.9892,0.0465,0.0365,0.1617,0.0529,0.7353,none
4b,base,healthy_q6,cyber_only,4800,0.899,0.6935,0.9361,0.9712,0.0571,0.0756,0.1879,0.1344,0.6395,none
4b,base,healthy_q6,cyber_structural_equal,4800,0.9304,0.7456,0.9586,0.9908,0.0558,0.0517,0.1698,0.0485,0.7025,none
4b,base,healthy_q6,structural_only,4800,0.9323,0.7723,0.9601,0.99,0.0525,0.0156,0.17,0.0458,0.7375,none
4b,base,healthy_q6,tri_equal,4800,0.935,0.7327,0.959,0.9892,0.0502,0.0656,0.175,0.0508,0.688,none
4b,base,healthy_q6,tri_naive_all_fire,4800,0.899,0.5031,0.9232,0.9929,0.0704,0.3106,0.2283,0.0515,0.399,none
4b,base,healthy_q6,tri_routed_68_20_12,4800,0.936,0.7669,0.9613,0.9888,0.046,0.0425,0.1633,0.0481,0.7291,none
4b,base,healthy_q6,tri_routed_72_18_10,4800,0.9354,0.7715,0.9614,0.9906,0.0479,0.0437,0.1577,0.0504,0.7332,none
4b,base,healthy_q6,tri_stability_70,4800,0.9277,0.7602,0.9595,0.99,0.0527,0.0404,0.1629,0.0492,0.7208,none
4b,base,healthy_q6,tri_structural_65,4800,0.935,0.769,0.961,0.9879,0.0483,0.0396,0.1544,0.05,0.7317,none
4b,base,healthy_q8,baseline,4800,0.7171,0.6231,0.8321,0.8935,0.0469,0.0106,0.1569,0.5983,0.5645,none
4b,base,healthy_q8,cognitive_25_structural_75,4800,0.9467,0.8037,0.9667,0.9906,0.0379,0.0269,0.1375,0.0477,0.7736,none
4b,base,healthy_q8,cognitive_cyber_equal,4800,0.9417,0.7442,0.9631,0.99,0.0415,0.0856,0.1542,0.051,0.6997,none
4b,base,healthy_q8,cognitive_only,4800,0.9415,0.7575,0.961,0.991,0.0404,0.0475,0.17,0.0608,0.7192,none
4b,base,healthy_q8,cognitive_structural_equal,4800,0.9442,0.7929,0.965,0.9856,0.0396,0.0258,0.1446,0.0444,0.7621,none
4b,base,healthy_q8,cyber_25_structural_75,4800,0.9463,0.7969,0.9671,0.9923,0.0379,0.0346,0.1358,0.0477,0.7653,none
4b,base,healthy_q8,cyber_only,4800,0.9435,0.7473,0.9626,0.9883,0.036,0.08,0.154,0.0604,0.7051,none
4b,base,healthy_q8,cyber_structural_equal,4800,0.9429,0.7856,0.9659,0.9908,0.0433,0.0506,0.131,0.0446,0.7498,none
4b,base,healthy_q8,structural_only,4800,0.9504,0.809,0.9665,0.9873,0.0321,0.0163,0.1435,0.0517,0.782,none
4b,base,healthy_q8,tri_equal,4800,0.9396,0.7585,0.964,0.9906,0.0429,0.0769,0.1392,0.0492,0.7167,none
4b,base,healthy_q8,tri_naive_all_fire,4800,0.9106,0.5148,0.9276,0.9929,0.0612,0.3144,0.2075,0.0488,0.4145,none
4b,base,healthy_q8,tri_routed_68_20_12,4800,0.9513,0.7929,0.9658,0.9879,0.035,0.0373,0.1442,0.0502,0.7609,none
4b,base,healthy_q8,tri_routed_72_18_10,4800,0.9542,0.8073,0.9698,0.99,0.0281,0.0369,0.13,0.0479,0.7787,none
4b,base,healthy_q8,tri_stability_70,4800,0.9527,0.7908,0.9673,0.991,0.0302,0.0373,0.1502,0.051,0.7597,none
4b,base,healthy_q8,tri_structural_65,4800,0.9537,0.7915,0.9686,0.9904,0.031,0.049,0.1358,0.0477,0.7591,none
4b,base,q1_k_m,baseline,4800,0.0,0.0,0.0013,0.0319,0.9006,0.0146,0.816,4.8923,-0.583,cascade
4b,base,q1_k_m,cognitive_25_structural_75,4800,0.0217,0.0173,0.1421,0.446,0.6475,0.0192,0.6713,3.4481,-0.4069,cascade
4b,base,q1_k_m,cognitive_cyber_equal,4800,0.0025,0.0019,0.0362,0.3775,0.8219,0.0729,0.7029,4.5131,-0.5412,cascade
4b,base,q1_k_m,cognitive_only,4800,0.0002,0.0,0.02,0.2767,0.8552,0.0435,0.7762,4.73,-0.5639,cascade
4b,base,q1_k_m,cognitive_structural_equal,4800,0.0121,0.0083,0.0938,0.4258,0.7275,0.0358,0.6769,3.93,-0.4677,cascade
4b,base,q1_k_m,cyber_25_structural_75,4800,0.0254,0.0198,0.1521,0.4179,0.6388,0.0281,0.5988,3.3506,-0.3929,cascade
4b,base,q1_k_m,cyber_only,4800,0.0025,0.0013,0.0289,0.2777,0.8273,0.0827,0.6906,4.594,-0.5484,cascade
4b,base,q1_k_m,cyber_structural_equal,4800,0.015,0.0094,0.1112,0.4233,0.7002,0.0565,0.606,3.7292,-0.4469,cascade
4b,base,q1_k_m,structural_only,4800,0.0127,0.0094,0.0951,0.3169,0.7096,0.0156,0.6454,3.7598,-0.4462,cascade
4b,base,q1_k_m,tri_equal,4800,0.0169,0.0119,0.1316,0.4921,0.6733,0.0677,0.6344,3.5444,-0.4316,cascade
4b,base,q1_k_m,tri_naive_all_fire,4800,0.0575,0.0348,0.2382,0.5944,0.53,0.3077,0.6735,2.7829,-0.3788,cascade
4b,base,q1_k_m,tri_routed_68_20_12,4800,0.0585,0.0433,0.2481,0.5365,0.5344,0.0398,0.6054,2.7392,-0.3103,cascade
4b,base,q1_k_m,tri_routed_72_18_10,4800,0.0633,0.046,0.2655,0.5456,0.5221,0.0375,0.601,2.6165,-0.297,cascade
4b,base,q1_k_m,tri_stability_70,4800,0.0669,0.0494,0.2576,0.5323,0.5279,0.0331,0.5996,2.6675,-0.297,cascade
4b,base,q1_k_m,tri_structural_65,4800,0.059,0.0417,0.239,0.5267,0.541,0.0473,0.5975,2.8119,-0.3185,cascade
4b,base,q8_k_m,baseline,4800,0.7748,0.6829,0.8617,0.9065,0.0333,0.0135,0.1369,0.4938,0.6346,none
4b,base,q8_k_m,cognitive_25_structural_75,4800,0.9554,0.8177,0.9694,0.9896,0.0277,0.0215,0.1323,0.049,0.7921,none
4b,base,q8_k_m,cognitive_cyber_equal,4800,0.9465,0.7681,0.9669,0.9915,0.0321,0.0735,0.1408,0.0529,0.7299,none
4b,base,q8_k_m,cognitive_only,4800,0.9454,0.7846,0.965,0.9898,0.0327,0.0442,0.1477,0.0585,0.7512,none
4b,base,q8_k_m,cognitive_structural_equal,4800,0.9506,0.7983,0.9672,0.99,0.0346,0.0335,0.1425,0.0477,0.7675,none
4b,base,q8_k_m,cyber_25_structural_75,4800,0.9583,0.8248,0.9714,0.9908,0.0281,0.0312,0.1204,0.045,0.7982,none
4b,base,q8_k_m,cyber_only,4800,0.9544,0.7654,0.9678,0.9894,0.0283,0.0802,0.1388,0.0525,0.7272,none
4b,base,q8_k_m,cyber_structural_equal,4800,0.9577,0.795,0.9706,0.9885,0.026,0.0569,0.1302,0.0458,0.7631,none
4b,base,q8_k_m,structural_only,4800,0.9494,0.8229,0.9676,0.9894,0.0333,0.0152,0.1304,0.05,0.7969,none
4b,base,q8_k_m,tri_equal,4800,0.9573,0.7877,0.9693,0.9877,0.0273,0.0719,0.1285,0.0494,0.7524,none
4b,base,q8_k_m,tri_naive_all_fire,4800,0.9173,0.5252,0.9302,0.9931,0.0537,0.3208,0.2004,0.0488,0.4264,none
4b,base,q8_k_m,tri_routed_68_20_12,4800,0.9617,0.8273,0.9716,0.9921,0.0252,0.0396,0.1121,0.0531,0.8002,none
4b,base,q8_k_m,tri_routed_72_18_10,4800,0.9583,0.8127,0.9704,0.989,0.0242,0.0352,0.1329,0.0483,0.7854,none
4b,base,q8_k_m,tri_stability_70,4800,0.9535,0.8127,0.969,0.9883,0.0304,0.0387,0.1223,0.0488,0.7836,none
4b,base,q8_k_m,tri_structural_65,4800,0.9579,0.7971,0.97,0.991,0.0269,0.0488,0.1342,0.0483,0.7661,none
4b,degraded_instruct,base_f16,baseline,4800,0.8515,0.7662,0.9087,0.9485,0.0206,0.0098,0.1169,0.3248,0.7325,none
4b,degraded_instruct,base_f16,cognitive_25_structural_75,4800,0.9615,0.8387,0.9736,0.9883,0.0219,0.0279,0.1121,0.0433,0.8155,none
4b,degraded_instruct,base_f16,cognitive_cyber_equal,4800,0.9487,0.7469,0.9666,0.9917,0.0323,0.0902,0.1492,0.0498,0.7047,none
4b,degraded_instruct,base_f16,cognitive_only,4800,0.9529,0.7902,0.9681,0.9892,0.0275,0.0502,0.1377,0.0535,0.7582,none
4b,degraded_instruct,base_f16,cognitive_structural_equal,4800,0.9617,0.821,0.972,0.99,0.0229,0.0362,0.1202,0.0485,0.7949,none
4b,degraded_instruct,base_f16,cyber_25_structural_75,4800,0.9633,0.8248,0.9732,0.9921,0.0217,0.0331,0.1202,0.0473,0.7997,none
4b,degraded_instruct,base_f16,cyber_only,4800,0.9487,0.765,0.9663,0.9898,0.0352,0.0858,0.1254,0.0552,0.7245,none
4b,degraded_instruct,base_f16,cyber_structural_equal,4800,0.9563,0.8,0.9703,0.9883,0.0279,0.0583,0.1185,0.0473,0.7681,none
4b,degraded_instruct,base_f16,structural_only,4800,0.9656,0.8492,0.9742,0.9902,0.0204,0.0163,0.1144,0.0448,0.8284,none
4b,degraded_instruct,base_f16,tri_equal,4800,0.959,0.7875,0.9711,0.9898,0.026,0.0758,0.1229,0.0477,0.7523,none
4b,degraded_instruct,base_f16,tri_naive_all_fire,4800,0.9208,0.5227,0.9313,0.9902,0.0467,0.321,0.2004,0.0498,0.426,none
4b,degraded_instruct,base_f16,tri_routed_68_20_12,4800,0.96,0.8225,0.9725,0.9908,0.0229,0.0462,0.1069,0.0506,0.7953,none
4b,degraded_instruct,base_f16,tri_routed_72_18_10,4800,0.9625,0.8271,0.9727,0.989,0.0217,0.0469,0.1067,0.0494,0.8002,none
4b,degraded_instruct,base_f16,tri_stability_70,4800,0.9575,0.8237,0.9716,0.989,0.0269,0.0423,0.1083,0.0483,0.7961,none
4b,degraded_instruct,base_f16,tri_structural_65,4800,0.9621,0.8194,0.9726,0.99,0.0223,0.0517,0.1123,0.0492,0.7909,none
4b,degraded_instruct,collapsed_q2_edge,baseline,4800,0.001,0.0008,0.0187,0.1742,0.7842,0.0125,0.6675,4.7354,-0.5271,cascade
4b,degraded_instruct,collapsed_q2_edge,cognitive_25_structural_75,4800,0.1037,0.0771,0.3322,0.5969,0.4048,0.0223,0.5327,2.3912,-0.211,cascade
4b,degraded_instruct,collapsed_q2_edge,cognitive_cyber_equal,4800,0.0083,0.0065,0.0985,0.4731,0.6654,0.0785,0.6154,3.9225,-0.4542,cascade
4b,degraded_instruct,collapsed_q2_edge,cognitive_only,4800,0.0033,0.0023,0.062,0.3783,0.7148,0.0529,0.6717,4.319,-0.4924,cascade
4b,degraded_instruct,collapsed_q2_edge,cognitive_structural_equal,4800,0.0515,0.0406,0.2406,0.579,0.4829,0.036,0.56,2.9102,-0.3018,cascade
4b,degraded_instruct,collapsed_q2_edge,cyber_25_structural_75,4800,0.124,0.0862,0.3485,0.605,0.4165,0.0335,0.5162,2.2669,-0.2,cascade
4b,degraded_instruct,collapsed_q2_edge,cyber_only,4800,0.0075,0.0054,0.0861,0.4019,0.666,0.0829,0.5944,4.0517,-0.4611,cascade
4b,degraded_instruct,collapsed_q2_edge,cyber_structural_equal,4800,0.069,0.0481,0.2641,0.5787,0.4704,0.0619,0.5123,2.7563,-0.2842,cascade
4b,degraded_instruct,collapsed_q2_edge,structural_only,4800,0.0773,0.0594,0.2841,0.5152,0.4506,0.0146,0.5506,2.5648,-0.251,cascade
4b,degraded_instruct,collapsed_q2_edge,tri_equal,4800,0.0721,0.0488,0.2934,0.6369,0.4483,0.0748,0.5663,2.6252,-0.2773,cascade
4b,degraded_instruct,collapsed_q2_edge,tri_naive_all_fire,4800,0.1329,0.0762,0.3795,0.6729,0.384,0.3235,0.5994,2.04,-0.2536,cascade
4b,degraded_instruct,collapsed_q2_edge,tri_routed_68_20_12,4800,0.2204,0.1537,0.4811,0.6925,0.3367,0.0458,0.5094,1.6971,-0.082,cascade
4b,degraded_instruct,collapsed_q2_edge,tri_routed_72_18_10,4800,0.2456,0.1752,0.5034,0.705,0.3167,0.041,0.4848,1.609,-0.0472,cascade
4b,degraded_instruct,collapsed_q2_edge,tri_stability_70,4800,0.2319,0.1654,0.499,0.7094,0.316,0.0467,0.4998,1.6367,-0.0605,cascade
4b,degraded_instruct,collapsed_q2_edge,tri_structural_65,4800,0.201,0.1435,0.4588,0.6854,0.3423,0.0523,0.5102,1.8008,-0.1005,cascade
4b,degraded_instruct,damaged_q2,baseline,4800,0.0075,0.0065,0.0943,0.3513,0.559,0.0112,0.5587,4.0077,-0.4086,cascade
4b,degraded_instruct,damaged_q2,cognitive_25_structural_75,4800,0.3004,0.2192,0.5719,0.7492,0.241,0.0225,0.4502,1.4,0.0363,cascade
4b,degraded_instruct,damaged_q2,cognitive_cyber_equal,4800,0.0527,0.0383,0.2671,0.6469,0.4006,0.0802,0.5281,2.8729,-0.2838,cascade
4b,degraded_instruct,damaged_q2,cognitive_only,4800,0.0252,0.0179,0.1867,0.5521,0.4685,0.0506,0.5594,3.3383,-0.3444,cascade
4b,degraded_instruct,damaged_q2,cognitive_structural_equal,4800,0.186,0.1379,0.4525,0.7281,0.3106,0.0369,0.4796,1.9338,-0.0977,cascade
4b,degraded_instruct,damaged_q2,cyber_25_structural_75,4800,0.3502,0.2529,0.5939,0.7458,0.2496,0.0396,0.4179,1.2712,0.0731,none
4b,degraded_instruct,damaged_q2,cyber_only,4800,0.0488,0.0348,0.2296,0.5633,0.4302,0.0871,0.5104,3.0452,-0.3048,cascade
4b,degraded_instruct,damaged_q2,cyber_structural_equal,4800,0.2338,0.1671,0.4878,0.7021,0.2827,0.0646,0.4294,1.7504,-0.0525,cascade
4b,degraded_instruct,damaged_q2,structural_only,4800,0.24,0.1787,0.5094,0.6644,0.2823,0.016,0.4679,1.5798,-0.0256,cascade
4b,degraded_instruct,damaged_q2,tri_equal,4800,0.2542,0.1781,0.5252,0.7727,0.2723,0.074,0.4629,1.6223,-0.0365,cascade
4b,degraded_instruct,damaged_q2,tri_naive_all_fire,4800,0.3394,0.1754,0.6011,0.7958,0.2323,0.3269,0.53,1.1375,-0.0589,cascade
4b,degraded_instruct,damaged_q2,tri_routed_68_20_12,4800,0.546,0.3754,0.7328,0.8296,0.1823,0.0475,0.4267,0.7521,0.2395,none
4b,degraded_instruct,damaged_q2,tri_routed_72_18_10,4800,0.5787,0.3969,0.756,0.84,0.1877,0.0423,0.411,0.636,0.2674,none
4b,degraded_instruct,damaged_q2,tri_stability_70,4800,0.5592,0.39,0.7447,0.8423,0.2002,0.0471,0.4229,0.6719,0.2531,none
4b,degraded_instruct,damaged_q2,tri_structural_65,4800,0.5031,0.3498,0.7092,0.8244,0.204,0.0504,0.424,0.8331,0.2029,none
4b,degraded_instruct,damaged_q3,baseline,4800,0.0944,0.0767,0.3463,0.594,0.27,0.0133,0.3525,2.5038,-0.1604,classification_miss
4b,degraded_instruct,damaged_q3,cognitive_25_structural_75,4800,0.8252,0.6012,0.9012,0.9537,0.1175,0.025,0.3069,0.1592,0.5285,none
4b,degraded_instruct,damaged_q3,cognitive_cyber_equal,4800,0.3267,0.24,0.6033,0.8598,0.2008,0.0783,0.3325,1.4294,0.066,none
4b,degraded_instruct,damaged_q3,cognitive_only,4800,0.2173,0.1667,0.5037,0.7894,0.2254,0.054,0.371,1.8638,-0.0346,primitive_gap
4b,degraded_instruct,damaged_q3,cognitive_structural_equal,4800,0.6733,0.5035,0.8169,0.9392,0.1373,0.0406,0.309,0.5585,0.4016,none
4b,degraded_instruct,damaged_q3,cyber_25_structural_75,4800,0.8021,0.5969,0.8873,0.9115,0.115,0.0381,0.2769,0.1973,0.5227,none
4b,degraded_instruct,damaged_q3,cyber_only,4800,0.2831,0.2087,0.5518,0.7731,0.2065,0.0835,0.3381,1.5885,0.0236,primitive_gap
4b,degraded_instruct,damaged_q3,cyber_structural_equal,4800,0.685,0.5031,0.8144,0.8744,0.1298,0.0583,0.2904,0.4965,0.4045,none
4b,degraded_instruct,damaged_q3,structural_only,4800,0.7621,0.5737,0.8601,0.8827,0.1181,0.0154,0.2983,0.2933,0.4967,none
4b,degraded_instruct,damaged_q3,tri_equal,4800,0.7392,0.5194,0.857,0.9417,0.1192,0.0742,0.3104,0.3646,0.4257,none
4b,degraded_instruct,damaged_q3,tri_naive_all_fire,4800,0.764,0.3783,0.859,0.9404,0.1365,0.3298,0.359,0.171,0.2342,none
4b,degraded_instruct,damaged_q3,tri_routed_68_20_12,4800,0.8769,0.6338,0.9342,0.9762,0.0929,0.0469,0.2783,0.0594,0.5713,none
4b,degraded_instruct,damaged_q3,tri_routed_72_18_10,4800,0.8765,0.6385,0.9341,0.9785,0.1025,0.0427,0.2746,0.0479,0.5749,none
4b,degraded_instruct,damaged_q3,tri_stability_70,4800,0.8762,0.63,0.9327,0.9785,0.0992,0.04,0.2879,0.0571,0.5664,none
4b,degraded_instruct,damaged_q3,tri_structural_65,4800,0.8638,0.6356,0.9299,0.9721,0.1029,0.0502,0.2667,0.0648,0.5701,none
4b,degraded_instruct,damaged_q4,baseline,4800,0.2437,0.2094,0.5283,0.7154,0.155,0.0098,0.2637,1.7606,0.0518,primitive_gap
4b,degraded_instruct,damaged_q4,cognitive_25_structural_75,4800,0.9044,0.6921,0.9462,0.99,0.0773,0.0227,0.2444,0.0496,0.6423,none
4b,degraded_instruct,damaged_q4,cognitive_cyber_equal,4800,0.609,0.4479,0.7847,0.9427,0.1258,0.0808,0.276,0.7225,0.3358,none
4b,degraded_instruct,damaged_q4,cognitive_only,4800,0.4602,0.359,0.7009,0.91,0.1244,0.0512,0.2854,1.1287,0.2321,none
4b,degraded_instruct,damaged_q4,cognitive_structural_equal,4800,0.8977,0.6737,0.9398,0.9898,0.0794,0.0369,0.2544,0.0785,0.6183,none
4b,degraded_instruct,damaged_q4,cyber_25_structural_75,4800,0.9042,0.6975,0.9452,0.9777,0.0727,0.034,0.2267,0.0558,0.648,none
4b,degraded_instruct,damaged_q4,cyber_only,4800,0.5348,0.3948,0.7294,0.8562,0.119,0.091,0.2723,0.9125,0.2735,none
4b,degraded_instruct,damaged_q4,cyber_structural_equal,4800,0.8677,0.6558,0.9262,0.9521,0.08,0.0606,0.2317,0.1096,0.5957,none
4b,degraded_instruct,damaged_q4,structural_only,4800,0.8877,0.689,0.9369,0.9619,0.0827,0.0167,0.2385,0.0606,0.6387,none
4b,degraded_instruct,damaged_q4,tri_equal,4800,0.8883,0.639,0.9398,0.9892,0.09,0.0788,0.2475,0.0608,0.5734,none
4b,degraded_instruct,damaged_q4,tri_naive_all_fire,4800,0.8694,0.4442,0.9062,0.9823,0.0975,0.3256,0.305,0.0512,0.3228,none
4b,degraded_instruct,damaged_q4,tri_routed_68_20_12,4800,0.9062,0.6865,0.9476,0.9906,0.0771,0.0446,0.229,0.049,0.6337,none
4b,degraded_instruct,damaged_q4,tri_routed_72_18_10,4800,0.9125,0.6969,0.9496,0.991,0.0696,0.0387,0.2248,0.0529,0.6476,none
4b,degraded_instruct,damaged_q4,tri_stability_70,4800,0.9131,0.6973,0.9495,0.9908,0.0717,0.0415,0.2277,0.0492,0.6468,none
4b,degraded_instruct,damaged_q4,tri_structural_65,4800,0.9102,0.6925,0.9487,0.9892,0.0721,0.0465,0.2281,0.0508,0.6408,none
4b,degraded_instruct,healthy_q6,baseline,4800,0.5583,0.4833,0.7451,0.8287,0.0831,0.01,0.1948,0.8994,0.3958,none
4b,degraded_instruct,healthy_q6,cognitive_25_structural_75,4800,0.9356,0.7671,0.9614,0.9898,0.0485,0.0256,0.1715,0.0452,0.7314,none
4b,degraded_instruct,healthy_q6,cognitive_cyber_equal,4800,0.9012,0.6775,0.9413,0.9902,0.0629,0.0887,0.206,0.1142,0.6187,none
4b,degraded_instruct,healthy_q6,cognitive_only,4800,0.8315,0.659,0.9002,0.9869,0.066,0.0533,0.2042,0.3217,0.5961,none
4b,degraded_instruct,healthy_q6,cognitive_structural_equal,4800,0.9263,0.7473,0.9583,0.991,0.0577,0.0377,0.1802,0.044,0.7058,none
4b,degraded_instruct,healthy_q6,cyber_25_structural_75,4800,0.9331,0.7706,0.9606,0.9885,0.0535,0.0419,0.1496,0.0465,0.7319,none
4b,degraded_instruct,healthy_q6,cyber_only,4800,0.821,0.631,0.8946,0.9371,0.0667,0.0904,0.1888,0.2865,0.5635,none
4b,degraded_instruct,healthy_q6,cyber_structural_equal,4800,0.926,0.7375,0.9571,0.989,0.0546,0.0621,0.1658,0.0548,0.6927,none
4b,degraded_instruct,healthy_q6,structural_only,4800,0.9323,0.779,0.9608,0.9904,0.0492,0.0152,0.1654,0.0488,0.7455,none
4b,degraded_instruct,healthy_q6,tri_equal,4800,0.9315,0.7175,0.9588,0.9898,0.0519,0.0775,0.1815,0.0475,0.6695,none
4b,degraded_instruct,healthy_q6,tri_naive_all_fire,4800,0.9046,0.4881,0.9216,0.9894,0.0677,0.3252,0.2471,0.0469,0.3807,none
4b,degraded_instruct,healthy_q6,tri_routed_68_20_12,4800,0.9373,0.7738,0.9614,0.9879,0.046,0.0448,0.154,0.0506,0.7361,none
4b,degraded_instruct,healthy_q6,tri_routed_72_18_10,4800,0.9327,0.7744,0.9607,0.9881,0.05,0.0429,0.1517,0.0506,0.7361,none
4b,degraded_instruct,healthy_q6,tri_stability_70,4800,0.941,0.7654,0.9631,0.9923,0.0446,0.0446,0.1633,0.0477,0.7277,none
4b,degraded_instruct,healthy_q6,tri_structural_65,4800,0.9344,0.7492,0.9606,0.9898,0.05,0.051,0.1658,0.0467,0.7084,none
4b,degraded_instruct,healthy_q8,baseline,4800,0.6913,0.6052,0.8194,0.8765,0.0508,0.011,0.1444,0.6404,0.5442,none
4b,degraded_instruct,healthy_q8,cognitive_25_structural_75,4800,0.9433,0.7948,0.9655,0.9888,0.0385,0.0265,0.1435,0.046,0.7642,none
4b,degraded_instruct,healthy_q8,cognitive_cyber_equal,4800,0.9356,0.7212,0.9602,0.9908,0.046,0.0865,0.1692,0.055,0.6739,none
4b,degraded_instruct,healthy_q8,cognitive_only,4800,0.9171,0.736,0.9481,0.9888,0.0481,0.0563,0.1737,0.1158,0.6907,none
4b,degraded_instruct,healthy_q8,cognitive_structural_equal,4800,0.9504,0.7727,0.9653,0.9921,0.0356,0.0425,0.1604,0.0508,0.7381,none
4b,degraded_instruct,healthy_q8,cyber_25_structural_75,4800,0.9471,0.799,0.9653,0.9912,0.0379,0.0331,0.141,0.0523,0.7671,none
4b,degraded_instruct,healthy_q8,cyber_only,4800,0.9146,0.7065,0.9451,0.9744,0.0446,0.0881,0.1696,0.1185,0.656,none
4b,degraded_instruct,healthy_q8,cyber_structural_equal,4800,0.9456,0.7712,0.9648,0.9879,0.0387,0.0585,0.1475,0.0471,0.7338,none
4b,degraded_instruct,healthy_q8,structural_only,4800,0.9515,0.805,0.968,0.9923,0.0342,0.0158,0.1533,0.0431,0.7772,none
4b,degraded_instruct,healthy_q8,tri_equal,4800,0.9442,0.755,0.9634,0.989,0.039,0.074,0.1542,0.0517,0.7136,none
4b,degraded_instruct,healthy_q8,tri_naive_all_fire,4800,0.9102,0.499,0.9252,0.9902,0.0615,0.3273,0.2238,0.0471,0.3948,none
4b,degraded_instruct,healthy_q8,tri_routed_68_20_12,4800,0.951,0.7848,0.9658,0.9856,0.0331,0.0431,0.1471,0.0502,0.752,none
4b,degraded_instruct,healthy_q8,tri_routed_72_18_10,4800,0.9525,0.7973,0.9684,0.9912,0.0315,0.0394,0.1373,0.0485,0.7666,none
4b,degraded_instruct,healthy_q8,tri_stability_70,4800,0.9485,0.79,0.9667,0.9892,0.0352,0.044,0.1373,0.0492,0.7572,none
4b,degraded_instruct,healthy_q8,tri_structural_65,4800,0.954,0.7927,0.9672,0.9908,0.0354,0.0456,0.141,0.049,0.7592,none
4b,degraded_instruct,q1_k_m,baseline,4800,0.0,0.0,0.0009,0.0352,0.9044,0.0119,0.8181,4.8927,-0.5838,cascade
4b,degraded_instruct,q1_k_m,cognitive_25_structural_75,4800,0.0177,0.0131,0.1297,0.4129,0.6562,0.0225,0.661,3.5144,-0.4169,cascade
4b,degraded_instruct,q1_k_m,cognitive_cyber_equal,4800,0.0008,0.0004,0.0217,0.2762,0.841,0.0887,0.7431,4.6887,-0.5635,cascade
4b,degraded_instruct,q1_k_m,cognitive_only,4800,0.0004,0.0002,0.0102,0.184,0.8748,0.0523,0.804,4.8137,-0.5777,cascade
4b,degraded_instruct,q1_k_m,cognitive_structural_equal,4800,0.0071,0.0048,0.0739,0.3704,0.7425,0.039,0.705,4.0906,-0.4867,cascade
4b,degraded_instruct,q1_k_m,cyber_25_structural_75,4800,0.0242,0.0169,0.1417,0.3975,0.6498,0.0298,0.6067,3.4,-0.4026,cascade
4b,degraded_instruct,q1_k_m,cyber_only,4800,0.0006,0.0006,0.0175,0.2102,0.8479,0.0844,0.725,4.725,-0.5649,cascade
4b,degraded_instruct,q1_k_m,cyber_structural_equal,4800,0.0106,0.0077,0.0918,0.3781,0.7283,0.0617,0.6373,3.8835,-0.4683,cascade
4b,degraded_instruct,q1_k_m,structural_only,4800,0.0115,0.009,0.1019,0.3254,0.6915,0.016,0.6575,3.6946,-0.439,cascade
4b,degraded_instruct,q1_k_m,tri_equal,4800,0.0125,0.0088,0.1037,0.4267,0.6963,0.0827,0.6633,3.8017,-0.4598,cascade
4b,degraded_instruct,q1_k_m,tri_naive_all_fire,4800,0.034,0.0169,0.1715,0.49,0.5921,0.316,0.6985,3.1792,-0.4388,cascade
4b,degraded_instruct,q1_k_m,tri_routed_68_20_12,4800,0.055,0.04,0.2315,0.4885,0.5481,0.0469,0.6056,2.8056,-0.3225,cascade
4b,degraded_instruct,q1_k_m,tri_routed_72_18_10,4800,0.0654,0.0485,0.2516,0.519,0.525,0.0408,0.6181,2.6979,-0.3015,cascade
4b,degraded_instruct,q1_k_m,tri_stability_70,4800,0.0577,0.0387,0.2387,0.4985,0.5329,0.0469,0.6008,2.771,-0.3171,cascade
4b,degraded_instruct,q1_k_m,tri_structural_65,4800,0.0485,0.0331,0.2207,0.4935,0.5571,0.0452,0.6083,2.8981,-0.3366,cascade
4b,degraded_instruct,q8_k_m,baseline,4800,0.7696,0.6742,0.8606,0.9094,0.0348,0.0106,0.1462,0.4913,0.6253,none
4b,degraded_instruct,q8_k_m,cognitive_25_structural_75,4800,0.9531,0.8083,0.9689,0.9898,0.0302,0.0233,0.1402,0.0456,0.7811,none
4b,degraded_instruct,q8_k_m,cognitive_cyber_equal,4800,0.9417,0.736,0.9632,0.9919,0.0419,0.08,0.1613,0.0496,0.6921,none
4b,degraded_instruct,q8_k_m,cognitive_only,4800,0.9331,0.7512,0.9586,0.9896,0.0433,0.0533,0.1625,0.0704,0.7111,none
4b,degraded_instruct,q8_k_m,cognitive_structural_equal,4800,0.9479,0.7915,0.9654,0.9879,0.0352,0.0381,0.1431,0.0515,0.7592,none
4b,degraded_instruct,q8_k_m,cyber_25_structural_75,4800,0.9519,0.8104,0.9689,0.989,0.0317,0.03,0.1313,0.0452,0.7822,none
4b,degraded_instruct,q8_k_m,cyber_only,4800,0.9296,0.7348,0.9563,0.9804,0.0398,0.0817,0.156,0.0783,0.6901,none
4b,degraded_instruct,q8_k_m,cyber_structural_equal,4800,0.9529,0.7754,0.9676,0.9898,0.0323,0.0623,0.1446,0.0469,0.7394,none
4b,degraded_instruct,q8_k_m,structural_only,4800,0.9519,0.8133,0.9678,0.9915,0.0306,0.0169,0.1381,0.0515,0.7871,none
4b,degraded_instruct,q8_k_m,tri_equal,4800,0.9463,0.7562,0.965,0.9904,0.0371,0.0752,0.1485,0.0519,0.7156,none
4b,degraded_instruct,q8_k_m,tri_naive_all_fire,4800,0.9135,0.5133,0.9283,0.99,0.0575,0.3173,0.2044,0.0481,0.4139,none
4b,degraded_instruct,q8_k_m,tri_routed_68_20_12,4800,0.9554,0.8033,0.9697,0.9912,0.0298,0.0473,0.1304,0.0473,0.7721,none
4b,degraded_instruct,q8_k_m,tri_routed_72_18_10,4800,0.9625,0.8096,0.9715,0.9904,0.025,0.0448,0.1317,0.0458,0.7803,none
4b,degraded_instruct,q8_k_m,tri_stability_70,4800,0.9508,0.7983,0.969,0.9892,0.0331,0.0475,0.1321,0.0437,0.7661,none
4b,degraded_instruct,q8_k_m,tri_structural_65,4800,0.9533,0.7902,0.9672,0.9885,0.03,0.0504,0.1344,0.054,0.7577,none
4b,instruct,base_f16,baseline,4800,0.8588,0.7627,0.9103,0.9485,0.02,0.0133,0.1187,0.32,0.7285,none
4b,instruct,base_f16,cognitive_25_structural_75,4800,0.9575,0.8292,0.9691,0.9875,0.024,0.0175,0.1267,0.0575,0.8055,none
4b,instruct,base_f16,cognitive_cyber_equal,4800,0.9423,0.7617,0.9652,0.9898,0.0344,0.0815,0.1327,0.0583,0.7215,none
4b,instruct,base_f16,cognitive_only,4800,0.9304,0.7654,0.9516,0.9906,0.0352,0.0494,0.1479,0.1298,0.7267,none
4b,instruct,base_f16,cognitive_structural_equal,4800,0.9529,0.8073,0.968,0.9856,0.0302,0.0304,0.1373,0.0465,0.7788,none
4b,instruct,base_f16,cyber_25_structural_75,4800,0.9617,0.8294,0.9711,0.9896,0.0229,0.0231,0.125,0.0515,0.8053,none
4b,instruct,base_f16,cyber_only,4800,0.9327,0.7419,0.953,0.9681,0.0315,0.0833,0.1487,0.1,0.6989,none
4b,instruct,base_f16,cyber_structural_equal,4800,0.9535,0.8044,0.9681,0.9894,0.029,0.0477,0.1252,0.055,0.7734,none
4b,instruct,base_f16,structural_only,4800,0.9619,0.8498,0.9726,0.9896,0.0231,0.0175,0.1096,0.0492,0.8281,none
4b,instruct,base_f16,tri_equal,4800,0.9571,0.781,0.97,0.9904,0.0288,0.069,0.1338,0.0448,0.7457,none
4b,instruct,base_f16,tri_naive_all_fire,4800,0.9131,0.5148,0.9278,0.989,0.0558,0.3158,0.2106,0.0506,0.4155,none
4b,instruct,base_f16,tri_routed_68_20_12,4800,0.96,0.8302,0.9715,0.9917,0.0252,0.034,0.1129,0.0527,0.8042,none
4b,instruct,base_f16,tri_routed_72_18_10,4800,0.9602,0.8365,0.9722,0.989,0.0215,0.0298,0.1115,0.0519,0.8126,none
4b,instruct,base_f16,tri_stability_70,4800,0.9587,0.831,0.9713,0.986,0.0246,0.0323,0.1183,0.0454,0.8055,none
4b,instruct,base_f16,tri_structural_65,4800,0.9587,0.8187,0.9709,0.9898,0.0252,0.0342,0.1252,0.0483,0.7919,none
4b,instruct,collapsed_q2_edge,baseline,4800,0.001,0.0008,0.017,0.1773,0.7913,0.014,0.675,4.7344,-0.5301,cascade
4b,instruct,collapsed_q2_edge,cognitive_25_structural_75,4800,0.0681,0.0504,0.2802,0.5583,0.4429,0.019,0.5646,2.634,-0.2631,cascade
4b,instruct,collapsed_q2_edge,cognitive_cyber_equal,4800,0.0029,0.0023,0.0621,0.3694,0.6965,0.0746,0.671,4.2879,-0.4896,cascade
4b,instruct,collapsed_q2_edge,cognitive_only,4800,0.0023,0.0017,0.0405,0.2917,0.749,0.0473,0.6713,4.5344,-0.5129,cascade
4b,instruct,collapsed_q2_edge,cognitive_structural_equal,4800,0.0335,0.0235,0.1832,0.5067,0.5381,0.0356,0.6177,3.2333,-0.3561,cascade
4b,instruct,collapsed_q2_edge,cyber_25_structural_75,4800,0.0869,0.0625,0.2985,0.5565,0.4435,0.0256,0.5206,2.5135,-0.243,cascade
4b,instruct,collapsed_q2_edge,cyber_only,4800,0.0042,0.0027,0.0542,0.3233,0.7165,0.0756,0.6596,4.3452,-0.4974,cascade
4b,instruct,collapsed_q2_edge,cyber_structural_equal,4800,0.0506,0.0404,0.2112,0.5079,0.5098,0.0512,0.5317,3.0302,-0.3168,cascade
4b,instruct,collapsed_q2_edge,structural_only,4800,0.0617,0.046,0.2495,0.4929,0.484,0.015,0.5671,2.734,-0.2842,cascade
4b,instruct,collapsed_q2_edge,tri_equal,4800,0.0385,0.0273,0.2164,0.5408,0.4981,0.064,0.565,3.0223,-0.3313,cascade
4b,instruct,collapsed_q2_edge,tri_naive_all_fire,4800,0.0658,0.0379,0.2621,0.5458,0.4346,0.3162,0.6177,2.6446,-0.3374,cascade
4b,instruct,collapsed_q2_edge,tri_routed_68_20_12,4800,0.1529,0.109,0.4029,0.6215,0.3617,0.0369,0.5227,2.0258,-0.15,cascade
4b,instruct,collapsed_q2_edge,tri_routed_72_18_10,4800,0.1792,0.1315,0.4309,0.6204,0.3471,0.0294,0.51,1.8967,-0.1142,cascade
4b,instruct,collapsed_q2_edge,tri_stability_70,4800,0.1621,0.1183,0.4184,0.6333,0.3579,0.0342,0.5256,1.9575,-0.1358,cascade
4b,instruct,collapsed_q2_edge,tri_structural_65,4800,0.1356,0.0969,0.3829,0.6173,0.3777,0.0408,0.5277,2.1154,-0.1726,cascade
4b,instruct,damaged_q2,baseline,4800,0.0079,0.0058,0.0923,0.3469,0.5498,0.0115,0.5729,4.0067,-0.4076,cascade
4b,instruct,damaged_q2,cognitive_25_structural_75,4800,0.2504,0.1862,0.5218,0.7175,0.2612,0.0181,0.4654,1.6108,-0.0135,cascade
4b,instruct,damaged_q2,cognitive_cyber_equal,4800,0.029,0.0192,0.1857,0.5358,0.4673,0.0765,0.544,3.2827,-0.344,cascade
4b,instruct,damaged_q2,cognitive_only,4800,0.0146,0.011,0.1328,0.4646,0.5242,0.0523,0.569,3.6733,-0.3859,cascade
4b,instruct,damaged_q2,cognitive_structural_equal,4800,0.1281,0.0983,0.3831,0.6531,0.335,0.026,0.5067,2.2235,-0.1591,cascade
4b,instruct,damaged_q2,cyber_25_structural_75,4800,0.2794,0.2052,0.5439,0.715,0.2708,0.0219,0.4279,1.485,0.0111,cascade
4b,instruct,damaged_q2,cyber_only,4800,0.0271,0.0202,0.1751,0.485,0.4527,0.0813,0.5346,3.3667,-0.343,cascade
4b,instruct,damaged_q2,cyber_structural_equal,4800,0.1635,0.1169,0.4166,0.6585,0.3173,0.049,0.4625,2.0492,-0.1276,cascade
4b,instruct,damaged_q2,structural_only,4800,0.2081,0.1588,0.4795,0.6519,0.286,0.0185,0.4819,1.7217,-0.0554,cascade
4b,instruct,damaged_q2,tri_equal,4800,0.1635,0.1133,0.4314,0.6769,0.3023,0.0694,0.4875,2.005,-0.1305,cascade
4b,instruct,damaged_q2,tri_naive_all_fire,4800,0.2112,0.115,0.4728,0.6898,0.2935,0.3187,0.5417,1.6471,-0.1625,cascade
4b,instruct,damaged_q2,tri_routed_68_20_12,4800,0.4256,0.306,0.6571,0.7783,0.216,0.0308,0.4354,1.031,0.1487,none
4b,instruct,damaged_q2,tri_routed_72_18_10,4800,0.4721,0.3373,0.6841,0.7913,0.2002,0.0277,0.4325,0.9331,0.1904,none
4b,instruct,damaged_q2,tri_stability_70,4800,0.4479,0.3133,0.6719,0.7946,0.2152,0.0321,0.4494,0.9735,0.1577,none
4b,instruct,damaged_q2,tri_structural_65,4800,0.401,0.2906,0.6342,0.7735,0.2271,0.0348,0.4325,1.1281,0.1245,none
4b,instruct,damaged_q3,baseline,4800,0.0952,0.0792,0.3473,0.5919,0.2504,0.0121,0.3575,2.5069,-0.1523,classification_miss
4b,instruct,damaged_q3,cognitive_25_structural_75,4800,0.7554,0.5681,0.8616,0.911,0.1208,0.0179,0.3088,0.3152,0.4878,none
4b,instruct,damaged_q3,cognitive_cyber_equal,4800,0.2227,0.1629,0.5108,0.7779,0.2196,0.0817,0.3675,1.8052,-0.039,primitive_gap
4b,instruct,damaged_q3,cognitive_only,4800,0.1408,0.1135,0.4157,0.6877,0.2448,0.054,0.3946,2.2042,-0.1125,primitive_gap
4b,instruct,damaged_q3,cognitive_structural_equal,4800,0.5427,0.4152,0.742,0.8731,0.1525,0.0312,0.3331,0.8329,0.2949,none
4b,instruct,damaged_q3,cyber_25_structural_75,4800,0.7567,0.5744,0.8588,0.8867,0.1254,0.0281,0.2883,0.2942,0.4933,none
4b,instruct,damaged_q3,cyber_only,4800,0.2071,0.1554,0.4805,0.7175,0.2165,0.0844,0.3469,1.9187,-0.0501,primitive_gap
4b,instruct,damaged_q3,cyber_structural_equal,4800,0.6002,0.4535,0.7646,0.8467,0.1494,0.0469,0.2898,0.6835,0.342,none
4b,instruct,damaged_q3,structural_only,4800,0.7169,0.5452,0.8333,0.8592,0.1233,0.016,0.2929,0.4058,0.4613,none
4b,instruct,damaged_q3,tri_equal,4800,0.6056,0.4315,0.7802,0.8883,0.1504,0.0642,0.3342,0.636,0.315,none
4b,instruct,damaged_q3,tri_naive_all_fire,4800,0.6419,0.3329,0.7887,0.8696,0.1473,0.314,0.3981,0.4254,0.1728,none
4b,instruct,damaged_q3,tri_routed_68_20_12,4800,0.8538,0.6285,0.9181,0.9437,0.1025,0.0346,0.2925,0.0887,0.563,none
4b,instruct,damaged_q3,tri_routed_72_18_10,4800,0.8621,0.6321,0.9248,0.9548,0.0988,0.0317,0.2883,0.0702,0.5695,none
4b,instruct,damaged_q3,tri_stability_70,4800,0.8519,0.6208,0.9203,0.9537,0.1067,0.0306,0.2873,0.0833,0.5556,none
4b,instruct,damaged_q3,tri_structural_65,4800,0.8408,0.6148,0.9115,0.9396,0.109,0.0392,0.29,0.1085,0.5456,none
4b,instruct,damaged_q4,baseline,4800,0.245,0.2094,0.5311,0.7108,0.145,0.0112,0.2844,1.7446,0.0536,primitive_gap
4b,instruct,damaged_q4,cognitive_25_structural_75,4800,0.8933,0.6944,0.9414,0.9827,0.0844,0.0175,0.2387,0.0587,0.6435,none
4b,instruct,damaged_q4,cognitive_cyber_equal,4800,0.4685,0.3535,0.6987,0.8856,0.1296,0.0771,0.2787,1.0908,0.2224,none
4b,instruct,damaged_q4,cognitive_only,4800,0.3175,0.2487,0.6016,0.8046,0.155,0.0512,0.3212,1.4627,0.0932,none
4b,instruct,damaged_q4,cognitive_structural_equal,4800,0.8444,0.6373,0.9074,0.9677,0.0894,0.0306,0.2673,0.2044,0.5728,none
4b,instruct,damaged_q4,cyber_25_structural_75,4800,0.8842,0.6863,0.9361,0.9604,0.0823,0.0285,0.2265,0.0677,0.6344,none
4b,instruct,damaged_q4,cyber_only,4800,0.4244,0.3154,0.6617,0.819,0.1408,0.0767,0.2838,1.1769,0.1763,none
4b,instruct,damaged_q4,cyber_structural_equal,4800,0.8281,0.631,0.9003,0.9223,0.0892,0.0573,0.2383,0.196,0.564,none
4b,instruct,damaged_q4,structural_only,4800,0.8796,0.6869,0.9326,0.9533,0.08,0.0194,0.236,0.0767,0.6363,none
4b,instruct,damaged_q4,tri_equal,4800,0.8485,0.6246,0.9142,0.9598,0.0942,0.0648,0.2552,0.1535,0.5553,none
4b,instruct,damaged_q4,tri_naive_all_fire,4800,0.8179,0.4179,0.8831,0.941,0.1081,0.3144,0.329,0.1042,0.2911,none
4b,instruct,damaged_q4,tri_routed_68_20_12,4800,0.9133,0.6846,0.9485,0.9912,0.0706,0.035,0.254,0.0477,0.6337,none
4b,instruct,damaged_q4,tri_routed_72_18_10,4800,0.9062,0.699,0.9473,0.9902,0.0731,0.0275,0.2308,0.055,0.6503,none
4b,instruct,damaged_q4,tri_stability_70,4800,0.901,0.6908,0.9459,0.9904,0.08,0.0296,0.2352,0.0504,0.6396,none
4b,instruct,damaged_q4,tri_structural_65,4800,0.9021,0.6787,0.9446,0.9865,0.0821,0.0444,0.2471,0.0456,0.6232,none
4b,instruct,healthy_q6,baseline,4800,0.5658,0.4885,0.7482,0.8277,0.0727,0.011,0.1873,0.8988,0.4046,none
4b,instruct,healthy_q6,cognitive_25_structural_75,4800,0.9342,0.7654,0.9595,0.9927,0.05,0.0175,0.1823,0.0515,0.7298,none
4b,instruct,healthy_q6,cognitive_cyber_equal,4800,0.8075,0.615,0.8895,0.9608,0.0796,0.0785,0.2215,0.3083,0.5423,none
4b,instruct,healthy_q6,cognitive_only,4800,0.6771,0.5375,0.8173,0.9269,0.081,0.0492,0.23,0.6431,0.4528,none
4b,instruct,healthy_q6,cognitive_structural_equal,4800,0.9227,0.7325,0.9554,0.9906,0.0598,0.034,0.1933,0.0496,0.6898,none
4b,instruct,healthy_q6,cyber_25_structural_75,4800,0.9323,0.7723,0.9605,0.989,0.0508,0.0231,0.1658,0.046,0.7368,none
4b,instruct,healthy_q6,cyber_only,4800,0.7421,0.581,0.8479,0.8942,0.0706,0.0715,0.2023,0.459,0.5064,none
4b,instruct,healthy_q6,cyber_structural_equal,4800,0.9267,0.7362,0.9563,0.9865,0.0521,0.0504,0.1831,0.055,0.6931,none
4b,instruct,healthy_q6,structural_only,4800,0.9317,0.7721,0.9587,0.9904,0.049,0.0183,0.1717,0.0565,0.7372,none
4b,instruct,healthy_q6,tri_equal,4800,0.9233,0.7135,0.9552,0.9896,0.0606,0.0608,0.1933,0.0479,0.6653,none
4b,instruct,healthy_q6,tri_naive_all_fire,4800,0.8927,0.4885,0.9179,0.984,0.0771,0.3133,0.2571,0.0481,0.3798,none
4b,instruct,healthy_q6,tri_routed_68_20_12,4800,0.9377,0.761,0.9622,0.9919,0.0462,0.0327,0.1733,0.0454,0.7245,none
4b,instruct,healthy_q6,tri_routed_72_18_10,4800,0.9313,0.7671,0.9592,0.9892,0.0529,0.0258,0.1713,0.0471,0.73,none
4b,instruct,healthy_q6,tri_stability_70,4800,0.9337,0.7608,0.9587,0.9902,0.0469,0.0327,0.1748,0.0579,0.7234,none
4b,instruct,healthy_q6,tri_structural_65,4800,0.9275,0.7488,0.957,0.9877,0.0552,0.0398,0.176,0.0521,0.7075,none
4b,instruct,healthy_q8,baseline,4800,0.7158,0.6271,0.8301,0.8881,0.0458,0.0127,0.1535,0.6065,0.5682,none
4b,instruct,healthy_q8,cognitive_25_structural_75,4800,0.9427,0.7979,0.9633,0.9871,0.0371,0.0185,0.1485,0.0571,0.7683,none
4b,instruct,healthy_q8,cognitive_cyber_equal,4800,0.9121,0.6994,0.9444,0.9875,0.05,0.0823,0.1856,0.1215,0.647,none
4b,instruct,healthy_q8,cognitive_only,4800,0.8323,0.6754,0.8951,0.9725,0.0567,0.0421,0.1881,0.356,0.6171,none
4b,instruct,healthy_q8,cognitive_structural_equal,4800,0.9398,0.7819,0.962,0.9873,0.0425,0.0302,0.1575,0.0525,0.7479,none
4b,instruct,healthy_q8,cyber_25_structural_75,4800,0.9446,0.8023,0.9653,0.9896,0.0387,0.0262,0.1419,0.0492,0.7716,none
4b,instruct,healthy_q8,cyber_only,4800,0.849,0.6571,0.9064,0.9317,0.0525,0.0719,0.196,0.2385,0.5993,none
4b,instruct,healthy_q8,cyber_structural_equal,4800,0.9421,0.7802,0.9647,0.99,0.0415,0.0454,0.1452,0.0465,0.7447,none
4b,instruct,healthy_q8,structural_only,4800,0.9521,0.8065,0.9682,0.9888,0.0312,0.0167,0.1529,0.0425,0.7794,none
4b,instruct,healthy_q8,tri_equal,4800,0.9415,0.7431,0.9621,0.9881,0.0413,0.0604,0.1727,0.0473,0.7025,none
4b,instruct,healthy_q8,tri_naive_all_fire,4800,0.9042,0.5056,0.9243,0.9898,0.065,0.3127,0.23,0.0483,0.4028,none
4b,instruct,healthy_q8,tri_routed_68_20_12,4800,0.9473,0.7902,0.9645,0.9871,0.035,0.034,0.1517,0.054,0.7581,none
4b,instruct,healthy_q8,tri_routed_72_18_10,4800,0.9567,0.8052,0.9697,0.9919,0.0315,0.029,0.1404,0.0413,0.7767,none
4b,instruct,healthy_q8,tri_stability_70,4800,0.9567,0.7981,0.9682,0.9902,0.0315,0.0298,0.1508,0.0448,0.7684,none
4b,instruct,healthy_q8,tri_structural_65,4800,0.9508,0.7987,0.9674,0.9915,0.034,0.0365,0.1404,0.0488,0.7676,none
4b,instruct,q1_k_m,baseline,4800,0.0,0.0,0.0015,0.0344,0.9083,0.0112,0.7877,4.8906,-0.5823,cascade
4b,instruct,q1_k_m,cognitive_25_structural_75,4800,0.0125,0.01,0.0995,0.354,0.6967,0.0198,0.6473,3.7585,-0.4427,cascade
4b,instruct,q1_k_m,cognitive_cyber_equal,4800,0.0002,0.0,0.0086,0.1648,0.8648,0.0727,0.7575,4.8148,-0.5753,cascade
4b,instruct,q1_k_m,cognitive_only,4800,0.0002,0.0002,0.0044,0.1065,0.889,0.051,0.7979,4.8658,-0.5838,cascade
4b,instruct,q1_k_m,cognitive_structural_equal,4800,0.0048,0.0037,0.0522,0.3006,0.7685,0.0323,0.7154,4.3367,-0.5073,cascade
4b,instruct,q1_k_m,cyber_25_structural_75,4800,0.0173,0.0123,0.1129,0.3598,0.6863,0.0265,0.6238,3.6392,-0.4307,cascade
4b,instruct,q1_k_m,cyber_only,4800,0.0,0.0,0.008,0.1452,0.8683,0.0833,0.7562,4.8173,-0.5785,cascade
4b,instruct,q1_k_m,cyber_structural_equal,4800,0.0069,0.0037,0.0657,0.2963,0.7588,0.0494,0.6404,4.1588,-0.4929,cascade
4b,instruct,q1_k_m,structural_only,4800,0.0117,0.0063,0.0861,0.2913,0.7265,0.0181,0.67,3.879,-0.4629,cascade
4b,instruct,q1_k_m,tri_equal,4800,0.0058,0.0046,0.0694,0.3246,0.7435,0.07,0.6896,4.1635,-0.4958,cascade
4b,instruct,q1_k_m,tri_naive_all_fire,4800,0.0119,0.006,0.0951,0.3527,0.6746,0.3106,0.7406,3.7856,-0.507,cascade
4b,instruct,q1_k_m,tri_routed_68_20_12,4800,0.034,0.0244,0.1783,0.4354,0.6029,0.0352,0.6202,3.1344,-0.3699,cascade
4b,instruct,q1_k_m,tri_routed_72_18_10,4800,0.0458,0.0327,0.1987,0.449,0.5733,0.0292,0.6298,2.9973,-0.3454,cascade
4b,instruct,q1_k_m,tri_stability_70,4800,0.0398,0.0294,0.1916,0.4456,0.5756,0.0325,0.6179,3.0633,-0.3524,cascade
4b,instruct,q1_k_m,tri_structural_65,4800,0.0265,0.0192,0.1647,0.4271,0.6021,0.035,0.6156,3.2402,-0.3797,cascade
4b,instruct,q8_k_m,baseline,4800,0.7667,0.6702,0.8571,0.9081,0.0379,0.0102,0.1388,0.5081,0.6203,none
4b,instruct,q8_k_m,cognitive_25_structural_75,4800,0.9527,0.8135,0.9682,0.9908,0.0308,0.0208,0.1346,0.0508,0.7868,none
4b,instruct,q8_k_m,cognitive_cyber_equal,4800,0.9269,0.734,0.9534,0.9885,0.0462,0.0729,0.1629,0.091,0.6879,none
4b,instruct,q8_k_m,cognitive_only,4800,0.8696,0.7085,0.9184,0.9848,0.0485,0.0475,0.1721,0.2648,0.6575,none
4b,instruct,q8_k_m,cognitive_structural_equal,4800,0.9544,0.8029,0.968,0.99,0.0308,0.0329,0.1475,0.0475,0.7729,none
4b,instruct,q8_k_m,cyber_25_structural_75,4800,0.9537,0.8077,0.9689,0.9923,0.031,0.0277,0.1381,0.0496,0.7793,none
4b,instruct,q8_k_m,cyber_only,4800,0.879,0.6869,0.9246,0.9519,0.0475,0.0842,0.1752,0.1879,0.6324,none
4b,instruct,q8_k_m,cyber_structural_equal,4800,0.9465,0.7779,0.9659,0.9898,0.036,0.0525,0.1435,0.0492,0.7427,none
4b,instruct,q8_k_m,structural_only,4800,0.9546,0.8202,0.9694,0.9902,0.0267,0.0167,0.1363,0.0496,0.7955,none
4b,instruct,q8_k_m,tri_equal,4800,0.9485,0.766,0.9653,0.9892,0.0369,0.0619,0.1519,0.0479,0.7281,none
4b,instruct,q8_k_m,tri_naive_all_fire,4800,0.9035,0.5085,0.925,0.9894,0.0648,0.3023,0.2265,0.0519,0.4079,none
4b,instruct,q8_k_m,tri_routed_68_20_12,4800,0.951,0.8037,0.9684,0.9931,0.031,0.0348,0.1375,0.051,0.7739,none
4b,instruct,q8_k_m,tri_routed_72_18_10,4800,0.9519,0.8117,0.9668,0.9902,0.0317,0.0308,0.1365,0.0552,0.7823,none
4b,instruct,q8_k_m,tri_stability_70,4800,0.951,0.8046,0.9684,0.9925,0.0369,0.0321,0.1356,0.044,0.7741,none
4b,instruct,q8_k_m,tri_structural_65,4800,0.9473,0.7958,0.9665,0.9892,0.0367,0.0452,0.13,0.0506,0.7629,none
9b,base,base_f16,baseline,4800,0.8727,0.7842,0.9166,0.9479,0.0181,0.0121,0.1079,0.2975,0.7528,none
9b,base,base_f16,cognitive_25_structural_75,4800,0.9658,0.8475,0.9736,0.9877,0.02,0.0206,0.1127,0.0458,0.8261,none
9b,base,base_f16,cognitive_cyber_equal,4800,0.9608,0.7987,0.9734,0.9921,0.0233,0.076,0.1102,0.045,0.7655,none
9b,base,base_f16,cognitive_only,4800,0.964,0.8219,0.9731,0.9877,0.0177,0.05,0.1092,0.0537,0.7951,none
9b,base,base_f16,cognitive_structural_equal,4800,0.966,0.8475,0.9748,0.9906,0.0179,0.0273,0.105,0.0488,0.8258,none
9b,base,base_f16,cyber_25_structural_75,4800,0.9663,0.8444,0.9741,0.99,0.0198,0.03,0.1067,0.0483,0.8215,none
9b,base,base_f16,cyber_only,4800,0.9621,0.7883,0.9723,0.991,0.0225,0.0779,0.1171,0.0494,0.7542,none
9b,base,base_f16,cyber_structural_equal,4800,0.9633,0.8127,0.9728,0.9902,0.0208,0.0592,0.1079,0.051,0.7834,none
9b,base,base_f16,structural_only,4800,0.9663,0.8558,0.9748,0.9912,0.0187,0.0171,0.1044,0.0488,0.836,none
9b,base,base_f16,tri_equal,4800,0.9644,0.8071,0.9731,0.99,0.0204,0.0735,0.1023,0.0517,0.7755,none
9b,base,base_f16,tri_naive_all_fire,4800,0.9219,0.5421,0.9332,0.9873,0.0456,0.3158,0.1696,0.0529,0.449,none
9b,base,base_f16,tri_routed_68_20_12,4800,0.9646,0.8337,0.975,0.9915,0.0229,0.0442,0.1029,0.0427,0.8077,none
9b,base,base_f16,tri_routed_72_18_10,4800,0.9648,0.8385,0.974,0.9898,0.021,0.0394,0.101,0.0475,0.8139,none
9b,base,base_f16,tri_stability_70,4800,0.9679,0.8456,0.9744,0.9912,0.0175,0.0362,0.1002,0.0525,0.8225,none
9b,base,base_f16,tri_structural_65,4800,0.966,0.8304,0.9743,0.9912,0.02,0.0467,0.1042,0.0483,0.8043,none
9b,base,collapsed_q2_edge,baseline,4800,0.0023,0.0019,0.0386,0.2615,0.6781,0.01,0.5946,4.535,-0.4779,cascade
9b,base,collapsed_q2_edge,cognitive_25_structural_75,4800,0.1727,0.1298,0.4394,0.6885,0.3242,0.0187,0.5035,1.9198,-0.1075,cascade
9b,base,collapsed_q2_edge,cognitive_cyber_equal,4800,0.0406,0.029,0.2251,0.6658,0.474,0.0719,0.5329,3.0971,-0.3251,cascade
9b,base,collapsed_q2_edge,cognitive_only,4800,0.0167,0.0125,0.1471,0.5721,0.5604,0.0429,0.5806,3.6012,-0.3907,cascade
9b,base,collapsed_q2_edge,cognitive_structural_equal,4800,0.1123,0.0833,0.3582,0.6865,0.3683,0.0387,0.5181,2.3727,-0.195,cascade
9b,base,collapsed_q2_edge,cyber_25_structural_75,4800,0.1906,0.136,0.4594,0.6821,0.3137,0.0312,0.4729,1.8323,-0.0938,cascade
9b,base,collapsed_q2_edge,cyber_only,4800,0.0315,0.0227,0.1832,0.5648,0.4827,0.0792,0.5062,3.3565,-0.3463,cascade
9b,base,collapsed_q2_edge,cyber_structural_equal,4800,0.1433,0.0977,0.3926,0.6879,0.361,0.0581,0.4512,2.1675,-0.1667,cascade
9b,base,collapsed_q2_edge,structural_only,4800,0.1338,0.1,0.3729,0.5985,0.3596,0.02,0.4944,2.1973,-0.1613,cascade
9b,base,collapsed_q2_edge,tri_equal,4800,0.1735,0.1185,0.4443,0.7725,0.3348,0.0752,0.4829,1.9767,-0.1344,cascade
9b,base,collapsed_q2_edge,tri_naive_all_fire,4800,0.2806,0.1523,0.5547,0.8137,0.2625,0.3206,0.5292,1.3638,-0.1011,cascade
9b,base,collapsed_q2_edge,tri_routed_68_20_12,4800,0.3525,0.2452,0.6001,0.7848,0.2567,0.0375,0.4619,1.2681,0.0604,cascade
9b,base,collapsed_q2_edge,tri_routed_72_18_10,4800,0.3721,0.2631,0.6217,0.7919,0.2458,0.0415,0.4442,1.1723,0.0869,none
9b,base,collapsed_q2_edge,tri_stability_70,4800,0.36,0.2629,0.6114,0.8019,0.2504,0.0398,0.44,1.2371,0.0828,none
9b,base,collapsed_q2_edge,tri_structural_65,4800,0.3323,0.2333,0.5898,0.78,0.2558,0.0483,0.4467,1.3256,0.0449,cascade
9b,base,damaged_q2,baseline,4800,0.0165,0.0121,0.1447,0.4252,0.4317,0.0129,0.4788,3.6096,-0.3388,cascade
9b,base,damaged_q2,cognitive_25_structural_75,4800,0.4546,0.334,0.6853,0.8425,0.189,0.0233,0.4081,1.0042,0.1897,none
9b,base,damaged_q2,cognitive_cyber_equal,4800,0.1531,0.1121,0.4392,0.8135,0.2885,0.0794,0.4317,2.115,-0.1306,primitive_gap
9b,base,damaged_q2,cognitive_only,4800,0.0848,0.069,0.33,0.7356,0.3531,0.0498,0.4681,2.61,-0.2149,cascade
9b,base,damaged_q2,cognitive_structural_equal,4800,0.3217,0.236,0.5954,0.8442,0.2156,0.0308,0.4325,1.4233,0.0594,none
9b,base,damaged_q2,cyber_25_structural_75,4800,0.485,0.3479,0.6946,0.8127,0.185,0.0317,0.3923,0.9221,0.2086,none
9b,base,damaged_q2,cyber_only,4800,0.1271,0.0869,0.3791,0.7004,0.3029,0.075,0.4217,2.3446,-0.17,cascade
9b,base,damaged_q2,cyber_structural_equal,4800,0.3581,0.2562,0.6129,0.7948,0.2175,0.0531,0.3815,1.2694,0.0864,none
9b,base,damaged_q2,structural_only,4800,0.3421,0.2558,0.5932,0.7229,0.2169,0.0173,0.4148,1.2981,0.0892,none
9b,base,damaged_q2,tri_equal,4800,0.44,0.3044,0.6789,0.8754,0.1965,0.0683,0.3994,1.0517,0.1472,none
9b,base,damaged_q2,tri_naive_all_fire,4800,0.574,0.2998,0.7592,0.9119,0.1733,0.3223,0.4473,0.5608,0.1195,none
9b,base,damaged_q2,tri_routed_68_20_12,4800,0.7071,0.4848,0.83,0.901,0.1408,0.0373,0.3825,0.4035,0.3843,none
9b,base,damaged_q2,tri_routed_72_18_10,4800,0.7323,0.5054,0.8461,0.9035,0.136,0.0356,0.3781,0.33,0.4107,none
9b,base,damaged_q2,tri_stability_70,4800,0.7177,0.4979,0.8388,0.911,0.139,0.041,0.3773,0.3733,0.3992,none
9b,base,damaged_q2,tri_structural_65,4800,0.6669,0.4646,0.8109,0.8946,0.1556,0.0425,0.3862,0.4631,0.3553,none
9b,base,damaged_q3,baseline,4800,0.141,0.1206,0.4161,0.645,0.2152,0.0131,0.3223,2.21,-0.0828,primitive_gap
9b,base,damaged_q3,cognitive_25_structural_75,4800,0.8915,0.6679,0.9396,0.9856,0.0833,0.0223,0.2692,0.0623,0.6138,none
9b,base,damaged_q3,cognitive_cyber_equal,4800,0.5533,0.4065,0.7629,0.9596,0.1402,0.0819,0.296,0.8225,0.2832,none
9b,base,damaged_q3,cognitive_only,4800,0.415,0.3246,0.6733,0.9333,0.1573,0.0471,0.315,1.2427,0.1806,none
9b,base,damaged_q3,cognitive_structural_equal,4800,0.8438,0.6242,0.9081,0.9904,0.099,0.0352,0.2902,0.2052,0.554,none
9b,base,damaged_q3,cyber_25_structural_75,4800,0.8619,0.6573,0.9259,0.9544,0.0965,0.0296,0.2515,0.0835,0.5981,none
9b,base,damaged_q3,cyber_only,4800,0.4744,0.3492,0.698,0.861,0.1475,0.0835,0.2817,1.0244,0.2145,none
9b,base,damaged_q3,cyber_structural_equal,4800,0.8167,0.6142,0.8917,0.9377,0.0942,0.0552,0.261,0.2394,0.542,none
9b,base,damaged_q3,structural_only,4800,0.8465,0.6429,0.9092,0.9267,0.0915,0.0144,0.2792,0.1369,0.5834,none
9b,base,damaged_q3,tri_equal,4800,0.879,0.6362,0.932,0.989,0.089,0.0679,0.266,0.0979,0.5698,none
9b,base,damaged_q3,tri_naive_all_fire,4800,0.851,0.4308,0.9009,0.9883,0.1125,0.3077,0.3283,0.0592,0.3063,none
9b,base,damaged_q3,tri_routed_68_20_12,4800,0.9021,0.6646,0.9432,0.9871,0.0771,0.0402,0.2623,0.056,0.6096,none
9b,base,damaged_q3,tri_routed_72_18_10,4800,0.9015,0.6819,0.9459,0.989,0.0777,0.0354,0.2483,0.0481,0.6292,none
9b,base,damaged_q3,tri_stability_70,4800,0.9006,0.655,0.9432,0.9917,0.0819,0.04,0.2731,0.05,0.5981,none
9b,base,damaged_q3,tri_structural_65,4800,0.895,0.67,0.944,0.9892,0.0823,0.0419,0.2481,0.0506,0.6146,none
9b,base,damaged_q4,baseline,4800,0.3342,0.2808,0.6028,0.7735,0.1254,0.0123,0.2469,1.4823,0.1469,none
9b,base,damaged_q4,cognitive_25_structural_75,4800,0.9167,0.7238,0.9527,0.989,0.0652,0.0196,0.214,0.0454,0.6809,none
9b,base,damaged_q4,cognitive_cyber_equal,4800,0.8329,0.6283,0.9031,0.9906,0.0758,0.0746,0.2335,0.2781,0.5581,none
9b,base,damaged_q4,cognitive_only,4800,0.7042,0.5533,0.8374,0.9877,0.0933,0.0444,0.2544,0.5798,0.4671,none
9b,base,damaged_q4,cognitive_structural_equal,4800,0.9181,0.7152,0.952,0.9902,0.0629,0.0285,0.2196,0.0525,0.6704,none
9b,base,damaged_q4,cyber_25_structural_75,4800,0.9123,0.7317,0.9506,0.99,0.0731,0.0288,0.1983,0.0512,0.6855,none
9b,base,damaged_q4,cyber_only,4800,0.7096,0.5431,0.8384,0.9317,0.0879,0.0779,0.2327,0.509,0.4571,none
9b,base,damaged_q4,cyber_structural_equal,4800,0.9179,0.7156,0.9526,0.9865,0.0627,0.0475,0.2052,0.0506,0.6684,none
9b,base,damaged_q4,structural_only,4800,0.9152,0.7323,0.9507,0.984,0.0615,0.0144,0.2083,0.0585,0.6914,none
9b,base,damaged_q4,tri_equal,4800,0.9204,0.6933,0.9534,0.9902,0.064,0.0746,0.2069,0.0473,0.6403,none
9b,base,damaged_q4,tri_naive_all_fire,4800,0.8873,0.4665,0.9154,0.9877,0.08,0.3165,0.285,0.0473,0.354,none
9b,base,damaged_q4,tri_routed_68_20_12,4800,0.9173,0.7163,0.9537,0.9892,0.0627,0.0448,0.2054,0.0471,0.6697,none
9b,base,damaged_q4,tri_routed_72_18_10,4800,0.9196,0.7208,0.9536,0.989,0.064,0.0377,0.2046,0.0469,0.6754,none
9b,base,damaged_q4,tri_stability_70,4800,0.9246,0.7352,0.9556,0.9888,0.0577,0.0408,0.1935,0.05,0.6917,none
9b,base,damaged_q4,tri_structural_65,4800,0.9235,0.7183,0.9539,0.9898,0.0573,0.0448,0.2102,0.0544,0.6727,none
9b,base,healthy_q6,baseline,4800,0.6696,0.5729,0.8064,0.8762,0.0656,0.011,0.1758,0.6737,0.5033,none
9b,base,healthy_q6,cognitive_25_structural_75,4800,0.934,0.7758,0.9609,0.9881,0.0452,0.0219,0.1644,0.0517,0.7422,none
9b,base,healthy_q6,cognitive_cyber_equal,4800,0.9313,0.7371,0.9594,0.9896,0.0467,0.0708,0.1638,0.0579,0.6929,none
9b,base,healthy_q6,cognitive_only,4800,0.9277,0.7358,0.9563,0.9915,0.0535,0.0465,0.1844,0.0604,0.6927,none
9b,base,healthy_q6,cognitive_structural_equal,4800,0.944,0.7704,0.9641,0.9904,0.0413,0.034,0.1696,0.0431,0.7355,none
9b,base,healthy_q6,cyber_25_structural_75,4800,0.9373,0.774,0.9619,0.9892,0.0465,0.0306,0.1569,0.0494,0.7389,none
9b,base,healthy_q6,cyber_only,4800,0.9271,0.7231,0.9559,0.9896,0.0529,0.0773,0.1679,0.0665,0.675,none
9b,base,healthy_q6,cyber_structural_equal,4800,0.9387,0.7662,0.9643,0.9915,0.0456,0.0535,0.1523,0.041,0.7276,none
9b,base,healthy_q6,structural_only,4800,0.9377,0.7775,0.9617,0.9894,0.0435,0.0183,0.1688,0.0504,0.7448,none
9b,base,healthy_q6,tri_equal,4800,0.941,0.7477,0.9618,0.9894,0.0433,0.0669,0.1629,0.051,0.7057,none
9b,base,healthy_q6,tri_naive_all_fire,4800,0.8988,0.5108,0.9242,0.9898,0.07,0.3092,0.2223,0.0469,0.4079,none
9b,base,healthy_q6,tri_routed_68_20_12,4800,0.9442,0.7748,0.9645,0.99,0.0396,0.045,0.1531,0.0479,0.7393,none
9b,base,healthy_q6,tri_routed_72_18_10,4800,0.9467,0.7762,0.9652,0.9908,0.034,0.0394,0.1592,0.051,0.7429,none
9b,base,healthy_q6,tri_stability_70,4800,0.9394,0.78,0.9631,0.9879,0.0421,0.04,0.1456,0.051,0.7452,none
9b,base,healthy_q6,tri_structural_65,4800,0.941,0.776,0.9637,0.9906,0.0419,0.0423,0.1531,0.0496,0.7403,none
9b,base,healthy_q8,baseline,4800,0.785,0.6798,0.8702,0.9152,0.0425,0.01,0.1515,0.4433,0.6308,none
9b,base,healthy_q8,cognitive_25_structural_75,4800,0.9473,0.8046,0.9658,0.9869,0.0344,0.0198,0.1471,0.049,0.7761,none
9b,base,healthy_q8,cognitive_cyber_equal,4800,0.9479,0.765,0.9661,0.9904,0.0329,0.0717,0.1437,0.0529,0.7266,none
9b,base,healthy_q8,cognitive_only,4800,0.9467,0.7679,0.9646,0.9892,0.0335,0.0471,0.164,0.0529,0.7327,none
9b,base,healthy_q8,cognitive_structural_equal,4800,0.9485,0.7998,0.9674,0.9915,0.0335,0.031,0.1415,0.0488,0.7698,none
9b,base,healthy_q8,cyber_25_structural_75,4800,0.9502,0.8115,0.9681,0.9908,0.0315,0.0312,0.1288,0.0523,0.7829,none
9b,base,healthy_q8,cyber_only,4800,0.9475,0.7588,0.9665,0.9877,0.0338,0.0817,0.1404,0.049,0.7186,none
9b,base,healthy_q8,cyber_structural_equal,4800,0.9567,0.8023,0.9707,0.9927,0.0302,0.0546,0.1258,0.0446,0.77,none
9b,base,healthy_q8,structural_only,4800,0.9575,0.8225,0.9705,0.9898,0.0279,0.0198,0.136,0.0427,0.7971,none
9b,base,healthy_q8,tri_equal,4800,0.9537,0.77,0.9679,0.9902,0.0304,0.0723,0.1408,0.0494,0.7327,none
9b,base,healthy_q8,tri_naive_all_fire,4800,0.9146,0.5302,0.9301,0.989,0.0542,0.3142,0.1865,0.0525,0.4336,none
9b,base,healthy_q8,tri_routed_68_20_12,4800,0.9531,0.7981,0.9684,0.9908,0.0321,0.0398,0.1329,0.0496,0.7674,none
9b,base,healthy_q8,tri_routed_72_18_10,4800,0.9556,0.8092,0.9693,0.9892,0.0262,0.0346,0.1304,0.0519,0.7813,none
9b,base,healthy_q8,tri_stability_70,4800,0.9537,0.8044,0.9691,0.9919,0.0292,0.0367,0.1344,0.0508,0.775,none
9b,base,healthy_q8,tri_structural_65,4800,0.9583,0.794,0.9701,0.9923,0.03,0.0458,0.1402,0.0423,0.7625,none
9b,base,q1_k_m,baseline,4800,0.0,0.0,0.0033,0.0715,0.8448,0.0108,0.7258,4.8752,-0.5574,cascade
9b,base,q1_k_m,cognitive_25_structural_75,4800,0.0419,0.0308,0.2082,0.5077,0.5254,0.0185,0.5787,3.0165,-0.3276,cascade
9b,base,q1_k_m,cognitive_cyber_equal,4800,0.0067,0.0048,0.0713,0.4733,0.7221,0.0802,0.6321,4.2033,-0.4886,cascade
9b,base,q1_k_m,cognitive_only,4800,0.0015,0.0008,0.0382,0.3702,0.7842,0.044,0.6894,4.5467,-0.5257,cascade
9b,base,q1_k_m,cognitive_structural_equal,4800,0.0227,0.0175,0.1517,0.5152,0.599,0.036,0.6048,3.4785,-0.3917,cascade
9b,base,q1_k_m,cyber_25_structural_75,4800,0.0458,0.0358,0.2217,0.5025,0.5162,0.0302,0.5467,2.9402,-0.3158,cascade
9b,base,q1_k_m,cyber_only,4800,0.0046,0.0033,0.0548,0.3733,0.7412,0.079,0.6273,4.346,-0.5023,cascade
9b,base,q1_k_m,cyber_structural_equal,4800,0.0288,0.0225,0.1747,0.5069,0.5715,0.0571,0.5471,3.289,-0.3686,cascade
9b,base,q1_k_m,structural_only,4800,0.0258,0.0208,0.1598,0.406,0.5787,0.015,0.585,3.2887,-0.367,cascade
9b,base,q1_k_m,tri_equal,4800,0.04,0.0323,0.2109,0.5854,0.5375,0.0702,0.5754,3.0658,-0.3423,cascade
9b,base,q1_k_m,tri_naive_all_fire,4800,0.0958,0.0527,0.3252,0.6581,0.4058,0.3165,0.6021,2.3617,-0.2986,cascade
9b,base,q1_k_m,tri_routed_68_20_12,4800,0.116,0.0815,0.3519,0.616,0.4221,0.0404,0.559,2.2508,-0.2105,cascade
9b,base,q1_k_m,tri_routed_72_18_10,4800,0.1208,0.0829,0.3609,0.6146,0.4029,0.0396,0.5463,2.2056,-0.1999,cascade
9b,base,q1_k_m,tri_stability_70,4800,0.12,0.0858,0.3607,0.6217,0.4075,0.0387,0.5473,2.2348,-0.1997,cascade
9b,base,q1_k_m,tri_structural_65,4800,0.1004,0.0719,0.3301,0.6083,0.4154,0.045,0.5279,2.4115,-0.2246,cascade
9b,base,q8_k_m,baseline,4800,0.8175,0.721,0.8867,0.9304,0.0308,0.0144,0.1273,0.4002,0.6787,none
9b,base,q8_k_m,cognitive_25_structural_75,4800,0.9575,0.8333,0.9702,0.9892,0.0248,0.0196,0.1242,0.0527,0.8094,none
9b,base,q8_k_m,cognitive_cyber_equal,4800,0.9571,0.775,0.9695,0.9892,0.0242,0.0808,0.1288,0.0531,0.7386,none
9b,base,q8_k_m,cognitive_only,4800,0.9487,0.7933,0.9675,0.9894,0.0308,0.0452,0.1313,0.0531,0.7619,none
9b,base,q8_k_m,cognitive_structural_equal,4800,0.9577,0.8123,0.9704,0.9898,0.029,0.0346,0.1296,0.044,0.7841,none
9b,base,q8_k_m,cyber_25_structural_75,4800,0.9544,0.8187,0.9699,0.99,0.0288,0.0265,0.1273,0.0471,0.7923,none
9b,base,q8_k_m,cyber_only,4800,0.9446,0.766,0.9661,0.9898,0.0319,0.0777,0.1335,0.0567,0.7274,none
9b,base,q8_k_m,cyber_structural_equal,4800,0.9575,0.8004,0.9712,0.991,0.026,0.0575,0.1248,0.0469,0.7688,none
9b,base,q8_k_m,structural_only,4800,0.9598,0.8398,0.9717,0.9904,0.0262,0.0185,0.1163,0.0471,0.8166,none
9b,base,q8_k_m,tri_equal,4800,0.9575,0.7919,0.9693,0.991,0.0256,0.0679,0.1233,0.0575,0.7579,none
9b,base,q8_k_m,tri_naive_all_fire,4800,0.9154,0.52,0.9303,0.9898,0.0577,0.3194,0.1919,0.0433,0.4213,none
9b,base,q8_k_m,tri_routed_68_20_12,4800,0.9565,0.8229,0.9709,0.991,0.0269,0.0369,0.1148,0.0506,0.7958,none
9b,base,q8_k_m,tri_routed_72_18_10,4800,0.9579,0.8271,0.9701,0.991,0.0248,0.0319,0.1169,0.0581,0.801,none
9b,base,q8_k_m,tri_stability_70,4800,0.9625,0.8215,0.9728,0.9908,0.0213,0.0431,0.1131,0.0506,0.7949,none
9b,base,q8_k_m,tri_structural_65,4800,0.9542,0.8092,0.9689,0.9894,0.0254,0.0435,0.1219,0.0575,0.7802,none
9b,degraded_instruct,base_f16,baseline,4800,0.8692,0.7779,0.9137,0.9496,0.0225,0.0104,0.1081,0.3017,0.7453,none
9b,degraded_instruct,base_f16,cognitive_25_structural_75,4800,0.9663,0.8469,0.9731,0.9885,0.0204,0.0227,0.1133,0.0471,0.8248,none
9b,degraded_instruct,base_f16,cognitive_cyber_equal,4800,0.9519,0.771,0.9689,0.9885,0.0275,0.0815,0.1285,0.0498,0.7337,none
9b,degraded_instruct,base_f16,cognitive_only,4800,0.951,0.7902,0.9671,0.9915,0.0273,0.0523,0.1294,0.064,0.758,none
9b,degraded_instruct,base_f16,cognitive_structural_equal,4800,0.9613,0.8223,0.9726,0.9915,0.0227,0.0392,0.1196,0.0477,0.7957,none
9b,degraded_instruct,base_f16,cyber_25_structural_75,4800,0.966,0.8323,0.9735,0.9892,0.019,0.0323,0.1167,0.0477,0.8084,none
9b,degraded_instruct,base_f16,cyber_only,4800,0.9521,0.7712,0.9685,0.9906,0.0279,0.0846,0.1279,0.0546,0.733,none
9b,degraded_instruct,base_f16,cyber_structural_equal,4800,0.9617,0.8117,0.9717,0.9894,0.0244,0.0573,0.1113,0.0496,0.7815,none
9b,degraded_instruct,base_f16,structural_only,4800,0.9594,0.8521,0.9727,0.989,0.0196,0.0158,0.1035,0.0548,0.832,none
9b,degraded_instruct,base_f16,tri_equal,4800,0.9637,0.7915,0.9725,0.989,0.0223,0.076,0.1198,0.0456,0.7577,none
9b,degraded_instruct,base_f16,tri_naive_all_fire,4800,0.914,0.5227,0.9304,0.9906,0.0521,0.3235,0.1894,0.0488,0.4248,none
9b,degraded_instruct,base_f16,tri_routed_68_20_12,4800,0.9706,0.8383,0.9757,0.9919,0.0185,0.0431,0.1027,0.0467,0.8136,none
9b,degraded_instruct,base_f16,tri_routed_72_18_10,4800,0.9625,0.8225,0.9723,0.9869,0.0206,0.0419,0.1144,0.0494,0.7963,none
9b,degraded_instruct,base_f16,tri_stability_70,4800,0.964,0.8352,0.9741,0.9898,0.02,0.0435,0.1,0.0483,0.8101,none
9b,degraded_instruct,base_f16,tri_structural_65,4800,0.9654,0.8267,0.9746,0.9908,0.0181,0.0523,0.1015,0.0485,0.8002,none
9b,degraded_instruct,collapsed_q2_edge,baseline,4800,0.0017,0.0013,0.0424,0.2681,0.6719,0.0121,0.5948,4.5248,-0.4766,cascade
9b,degraded_instruct,collapsed_q2_edge,cognitive_25_structural_75,4800,0.1629,0.124,0.4321,0.6798,0.3298,0.0277,0.5002,1.9731,-0.1192,cascade
9b,degraded_instruct,collapsed_q2_edge,cognitive_cyber_equal,4800,0.0208,0.015,0.1606,0.5558,0.5221,0.0917,0.5625,3.4794,-0.3789,cascade
9b,degraded_instruct,collapsed_q2_edge,cognitive_only,4800,0.0088,0.0063,0.1015,0.4731,0.5948,0.049,0.5927,3.95,-0.4269,cascade
9b,degraded_instruct,collapsed_q2_edge,cognitive_structural_equal,4800,0.0875,0.066,0.3223,0.6479,0.3727,0.0383,0.5235,2.5525,-0.2229,cascade
9b,degraded_instruct,collapsed_q2_edge,cyber_25_structural_75,4800,0.1923,0.1433,0.4549,0.695,0.3262,0.0338,0.4617,1.8444,-0.0904,cascade
9b,degraded_instruct,collapsed_q2_edge,cyber_only,4800,0.016,0.0115,0.136,0.4883,0.5417,0.0906,0.5523,3.6583,-0.3963,cascade
9b,degraded_instruct,collapsed_q2_edge,cyber_structural_equal,4800,0.1165,0.0804,0.3593,0.6373,0.3698,0.055,0.4683,2.3052,-0.1942,cascade
9b,degraded_instruct,collapsed_q2_edge,structural_only,4800,0.1335,0.1035,0.375,0.5879,0.3465,0.0179,0.4963,2.186,-0.153,cascade
9b,degraded_instruct,collapsed_q2_edge,tri_equal,4800,0.1212,0.0825,0.3799,0.7071,0.3569,0.0788,0.494,2.2627,-0.193,cascade
9b,degraded_instruct,collapsed_q2_edge,tri_naive_all_fire,4800,0.189,0.1023,0.4688,0.7471,0.2994,0.3233,0.5567,1.7092,-0.1822,cascade
9b,degraded_instruct,collapsed_q2_edge,tri_routed_68_20_12,4800,0.3215,0.2269,0.5828,0.7629,0.2571,0.0485,0.4669,1.3277,0.0363,cascade
9b,degraded_instruct,collapsed_q2_edge,tri_routed_72_18_10,4800,0.3556,0.2508,0.6086,0.7717,0.2302,0.0431,0.4487,1.2417,0.0752,none
9b,degraded_instruct,collapsed_q2_edge,tri_stability_70,4800,0.3337,0.2298,0.5937,0.7677,0.2552,0.0471,0.4675,1.2848,0.0422,cascade
9b,degraded_instruct,collapsed_q2_edge,tri_structural_65,4800,0.2965,0.2069,0.558,0.7552,0.2742,0.0508,0.4537,1.4308,0.0066,cascade
9b,degraded_instruct,damaged_q2,baseline,4800,0.0167,0.0112,0.141,0.4373,0.4492,0.0127,0.5017,3.6075,-0.3466,cascade
9b,degraded_instruct,damaged_q2,cognitive_25_structural_75,4800,0.451,0.3273,0.6772,0.8187,0.1929,0.025,0.4104,1.015,0.1808,none
9b,degraded_instruct,damaged_q2,cognitive_cyber_equal,4800,0.0885,0.0648,0.3434,0.716,0.3383,0.075,0.4635,2.5106,-0.2143,cascade
9b,degraded_instruct,damaged_q2,cognitive_only,4800,0.0467,0.0377,0.2577,0.63,0.3875,0.0502,0.49,2.9621,-0.2759,cascade
9b,degraded_instruct,damaged_q2,cognitive_structural_equal,4800,0.2812,0.2071,0.55,0.7869,0.2379,0.0387,0.4402,1.5742,0.014,cascade
9b,degraded_instruct,damaged_q2,cyber_25_structural_75,4800,0.4692,0.3367,0.6846,0.8079,0.1913,0.0365,0.3933,0.956,0.1927,none
9b,degraded_instruct,damaged_q2,cyber_only,4800,0.0819,0.059,0.311,0.6435,0.334,0.0846,0.4567,2.6644,-0.2279,cascade
9b,degraded_instruct,damaged_q2,cyber_structural_equal,4800,0.3242,0.2358,0.5733,0.7631,0.2327,0.061,0.4075,1.4235,0.05,none
9b,degraded_instruct,damaged_q2,structural_only,4800,0.3569,0.2737,0.6075,0.7358,0.2108,0.0204,0.4023,1.26,0.1112,none
9b,degraded_instruct,damaged_q2,tri_equal,4800,0.3573,0.2554,0.6159,0.8271,0.2221,0.0681,0.4146,1.291,0.0774,none
9b,degraded_instruct,damaged_q2,tri_naive_all_fire,4800,0.4533,0.2335,0.6795,0.8306,0.1967,0.3198,0.4779,0.8319,0.0308,none
9b,degraded_instruct,damaged_q2,tri_routed_68_20_12,4800,0.6681,0.4573,0.8114,0.8848,0.1583,0.05,0.3862,0.455,0.3461,none
9b,degraded_instruct,damaged_q2,tri_routed_72_18_10,4800,0.6952,0.466,0.8235,0.8842,0.1521,0.0387,0.3965,0.3958,0.3612,none
9b,degraded_instruct,damaged_q2,tri_stability_70,4800,0.6967,0.4848,0.8238,0.8935,0.1502,0.0431,0.3752,0.4169,0.3802,none
9b,degraded_instruct,damaged_q2,tri_structural_65,4800,0.6535,0.4571,0.8025,0.8781,0.1519,0.0479,0.3723,0.5042,0.3469,none
9b,degraded_instruct,damaged_q3,baseline,4800,0.1469,0.121,0.4266,0.6671,0.1998,0.0133,0.3331,2.1942,-0.0779,primitive_gap
9b,degraded_instruct,damaged_q3,cognitive_25_structural_75,4800,0.8746,0.6523,0.932,0.9771,0.0938,0.0206,0.275,0.0737,0.5944,none
9b,degraded_instruct,damaged_q3,cognitive_cyber_equal,4800,0.4285,0.3169,0.6819,0.9179,0.1627,0.0808,0.3162,1.1494,0.1691,none
9b,degraded_instruct,damaged_q3,cognitive_only,4800,0.2925,0.2319,0.5824,0.8465,0.181,0.0481,0.3312,1.5737,0.0628,primitive_gap
9b,degraded_instruct,damaged_q3,cognitive_structural_equal,4800,0.8044,0.5975,0.8864,0.9792,0.1044,0.0367,0.2935,0.2958,0.5206,none
9b,degraded_instruct,damaged_q3,cyber_25_structural_75,4800,0.8625,0.6454,0.9232,0.9502,0.0933,0.031,0.2621,0.0933,0.5856,none
9b,degraded_instruct,damaged_q3,cyber_only,4800,0.3923,0.2892,0.6345,0.8229,0.1667,0.0898,0.2954,1.2848,0.1333,none
9b,degraded_instruct,damaged_q3,cyber_structural_equal,4800,0.781,0.5938,0.871,0.9133,0.1008,0.0571,0.2623,0.3077,0.5157,none
9b,degraded_instruct,damaged_q3,structural_only,4800,0.8431,0.64,0.9121,0.9331,0.0979,0.0175,0.2719,0.1204,0.5794,none
9b,degraded_instruct,damaged_q3,tri_equal,4800,0.8356,0.5842,0.9073,0.9733,0.099,0.0817,0.2854,0.1837,0.5061,none
9b,degraded_instruct,damaged_q3,tri_naive_all_fire,4800,0.84,0.4175,0.8907,0.9708,0.1129,0.3227,0.3438,0.0821,0.2875,none
9b,degraded_instruct,damaged_q3,tri_routed_68_20_12,4800,0.9004,0.6617,0.9444,0.99,0.0815,0.0415,0.2619,0.0469,0.6056,none
9b,degraded_instruct,damaged_q3,tri_routed_72_18_10,4800,0.9004,0.6604,0.9438,0.9906,0.0792,0.0419,0.26,0.0544,0.6048,none
9b,degraded_instruct,damaged_q3,tri_stability_70,4800,0.9006,0.6585,0.9434,0.991,0.0831,0.0477,0.2667,0.0496,0.6003,none
9b,degraded_instruct,damaged_q3,tri_structural_65,4800,0.8944,0.6556,0.9417,0.9881,0.0833,0.0462,0.2679,0.0537,0.5973,none
9b,degraded_instruct,damaged_q4,baseline,4800,0.3373,0.2883,0.6065,0.769,0.1275,0.0123,0.2417,1.4619,0.1552,none
9b,degraded_instruct,damaged_q4,cognitive_25_structural_75,4800,0.9244,0.7252,0.9546,0.9898,0.0563,0.0227,0.2192,0.0504,0.6837,none
9b,degraded_instruct,damaged_q4,cognitive_cyber_equal,4800,0.7231,0.5385,0.8468,0.9767,0.094,0.0829,0.244,0.5094,0.4488,none
9b,degraded_instruct,damaged_q4,cognitive_only,4800,0.5671,0.4363,0.7654,0.9498,0.1,0.0523,0.2777,0.8852,0.3293,none
9b,degraded_instruct,damaged_q4,cognitive_structural_equal,4800,0.9069,0.684,0.9469,0.9904,0.0729,0.0344,0.2435,0.054,0.633,none
9b,degraded_instruct,damaged_q4,cyber_25_structural_75,4800,0.9073,0.7152,0.9491,0.99,0.0737,0.0344,0.206,0.0537,0.667,none
9b,degraded_instruct,damaged_q4,cyber_only,4800,0.6131,0.464,0.7822,0.8915,0.0975,0.0802,0.2408,0.726,0.3631,none
9b,degraded_instruct,damaged_q4,cyber_structural_equal,4800,0.9065,0.6921,0.9465,0.9771,0.0671,0.0579,0.2175,0.0592,0.64,none
9b,degraded_instruct,damaged_q4,structural_only,4800,0.9135,0.72,0.9513,0.9877,0.0658,0.016,0.2215,0.0488,0.6769,none
9b,degraded_instruct,damaged_q4,tri_equal,4800,0.909,0.6802,0.949,0.9904,0.0729,0.0727,0.2208,0.0506,0.6236,none
9b,degraded_instruct,damaged_q4,tri_naive_all_fire,4800,0.8804,0.4508,0.9116,0.9912,0.0887,0.33,0.2938,0.0467,0.3324,none
9b,degraded_instruct,damaged_q4,tri_routed_68_20_12,4800,0.9246,0.7248,0.9549,0.9894,0.061,0.0448,0.2002,0.046,0.6792,none
9b,degraded_instruct,damaged_q4,tri_routed_72_18_10,4800,0.9233,0.7327,0.9553,0.99,0.0615,0.0427,0.1944,0.0465,0.6879,none
9b,degraded_instruct,damaged_q4,tri_stability_70,4800,0.9292,0.7275,0.9566,0.9906,0.0552,0.0475,0.2013,0.0481,0.6829,none
9b,degraded_instruct,damaged_q4,tri_structural_65,4800,0.9263,0.7069,0.9546,0.9902,0.0579,0.0504,0.2194,0.0458,0.6596,none
9b,degraded_instruct,healthy_q6,baseline,4800,0.671,0.5825,0.8087,0.88,0.0704,0.0121,0.1802,0.6623,0.5114,none
9b,degraded_instruct,healthy_q6,cognitive_25_structural_75,4800,0.9358,0.7742,0.9605,0.99,0.0465,0.0225,0.1658,0.0546,0.7397,none
9b,degraded_instruct,healthy_q6,cognitive_cyber_equal,4800,0.9217,0.695,0.9536,0.9919,0.0579,0.0867,0.1933,0.0612,0.6418,none
9b,degraded_instruct,healthy_q6,cognitive_only,4800,0.9017,0.7123,0.9362,0.9904,0.0587,0.0515,0.1921,0.1565,0.6612,none
9b,degraded_instruct,healthy_q6,cognitive_structural_equal,4800,0.9327,0.7677,0.9599,0.9896,0.0519,0.0385,0.1602,0.0502,0.7291,none
9b,degraded_instruct,healthy_q6,cyber_25_structural_75,4800,0.9335,0.7662,0.9616,0.991,0.0488,0.0375,0.1617,0.0452,0.7289,none
9b,degraded_instruct,healthy_q6,cyber_only,4800,0.8873,0.6787,0.9317,0.9673,0.0585,0.0887,0.1879,0.1502,0.6209,none
9b,degraded_instruct,healthy_q6,cyber_structural_equal,4800,0.9369,0.7667,0.9618,0.989,0.0488,0.0565,0.1494,0.0481,0.7264,none
9b,degraded_instruct,healthy_q6,structural_only,4800,0.9406,0.7963,0.9628,0.9898,0.0458,0.021,0.1506,0.049,0.7638,none
9b,degraded_instruct,healthy_q6,tri_equal,4800,0.9313,0.7225,0.9585,0.99,0.0515,0.0758,0.1744,0.0517,0.6754,none
9b,degraded_instruct,healthy_q6,tri_naive_all_fire,4800,0.8921,0.4788,0.9199,0.9906,0.0717,0.331,0.2348,0.054,0.3696,none
9b,degraded_instruct,healthy_q6,tri_routed_68_20_12,4800,0.941,0.7721,0.9636,0.9894,0.0437,0.0446,0.1519,0.0465,0.7356,none
9b,degraded_instruct,healthy_q6,tri_routed_72_18_10,4800,0.9452,0.7773,0.9645,0.9885,0.0423,0.0429,0.1531,0.0427,0.7416,none
9b,degraded_instruct,healthy_q6,tri_stability_70,4800,0.9469,0.7754,0.9644,0.9908,0.0406,0.041,0.1558,0.0485,0.7401,none
9b,degraded_instruct,healthy_q6,tri_structural_65,4800,0.95,0.7669,0.9652,0.9908,0.0373,0.0556,0.1537,0.0492,0.7298,none
9b,degraded_instruct,healthy_q8,baseline,4800,0.799,0.6996,0.8749,0.9252,0.0348,0.0121,0.144,0.4452,0.653,none
9b,degraded_instruct,healthy_q8,cognitive_25_structural_75,4800,0.9542,0.8071,0.9679,0.9902,0.0294,0.0265,0.1406,0.0523,0.7791,none
9b,degraded_instruct,healthy_q8,cognitive_cyber_equal,4800,0.9463,0.7367,0.9645,0.9912,0.0387,0.0887,0.1579,0.0485,0.6922,none
9b,degraded_instruct,healthy_q8,cognitive_only,4800,0.94,0.7625,0.961,0.9894,0.039,0.0527,0.1567,0.0665,0.7244,none
9b,degraded_instruct,healthy_q8,cognitive_structural_equal,4800,0.9558,0.8013,0.9691,0.991,0.0315,0.0377,0.1421,0.044,0.7707,none
9b,degraded_instruct,healthy_q8,cyber_25_structural_75,4800,0.9567,0.8071,0.9707,0.9904,0.0292,0.0369,0.1327,0.0419,0.7782,none
9b,degraded_instruct,healthy_q8,cyber_only,4800,0.9302,0.7077,0.9558,0.9844,0.0423,0.0912,0.1727,0.076,0.6592,none
9b,degraded_instruct,healthy_q8,cyber_structural_equal,4800,0.9515,0.7875,0.9672,0.9894,0.0342,0.0548,0.1335,0.0504,0.7531,none
9b,degraded_instruct,healthy_q8,structural_only,4800,0.9567,0.8204,0.97,0.9906,0.0281,0.0185,0.1342,0.0475,0.7952,none
9b,degraded_instruct,healthy_q8,tri_equal,4800,0.9437,0.7621,0.9645,0.99,0.0421,0.0754,0.1415,0.0481,0.7207,none
9b,degraded_instruct,healthy_q8,tri_naive_all_fire,4800,0.9021,0.5008,0.9246,0.9923,0.064,0.3327,0.2019,0.054,0.3963,none
9b,degraded_instruct,healthy_q8,tri_routed_68_20_12,4800,0.9483,0.7846,0.966,0.9879,0.0323,0.0483,0.1404,0.0535,0.7513,none
9b,degraded_instruct,healthy_q8,tri_routed_72_18_10,4800,0.9552,0.8071,0.9693,0.99,0.0296,0.04,0.1302,0.0475,0.7774,none
9b,degraded_instruct,healthy_q8,tri_stability_70,4800,0.9519,0.8006,0.9686,0.9919,0.0302,0.0435,0.1335,0.0496,0.7697,none
9b,degraded_instruct,healthy_q8,tri_structural_65,4800,0.9529,0.7898,0.9679,0.9898,0.0323,0.0498,0.1344,0.0488,0.757,none
9b,degraded_instruct,q1_k_m,baseline,4800,0.0002,0.0002,0.004,0.08,0.8429,0.0133,0.7252,4.8706,-0.5569,cascade
9b,degraded_instruct,q1_k_m,cognitive_25_structural_75,4800,0.0437,0.034,0.2094,0.5004,0.5135,0.0265,0.5852,3.0515,-0.3248,cascade
9b,degraded_instruct,q1_k_m,cognitive_cyber_equal,4800,0.0013,0.0008,0.0453,0.361,0.7571,0.0892,0.655,4.4669,-0.5199,cascade
9b,degraded_instruct,q1_k_m,cognitive_only,4800,0.0013,0.0006,0.0226,0.2627,0.8075,0.0481,0.7171,4.7042,-0.5438,cascade
9b,degraded_instruct,q1_k_m,cognitive_structural_equal,4800,0.0175,0.0138,0.1308,0.4733,0.6048,0.0367,0.6288,3.6517,-0.4079,cascade
9b,degraded_instruct,q1_k_m,cyber_25_structural_75,4800,0.0481,0.0381,0.2116,0.4963,0.5279,0.0306,0.5433,2.9771,-0.3187,cascade
9b,degraded_instruct,q1_k_m,cyber_only,4800,0.0008,0.0008,0.0337,0.2913,0.7638,0.0848,0.6492,4.5573,-0.525,cascade
9b,degraded_instruct,q1_k_m,cyber_structural_equal,4800,0.0217,0.0173,0.1521,0.4637,0.6033,0.0554,0.5519,3.4194,-0.3899,cascade
9b,degraded_instruct,q1_k_m,structural_only,4800,0.0279,0.0213,0.1657,0.4104,0.5696,0.0146,0.5962,3.2492,-0.3627,cascade
9b,degraded_instruct,q1_k_m,tri_equal,4800,0.0304,0.0238,0.17,0.5002,0.564,0.0748,0.5854,3.3446,-0.3745,cascade
9b,degraded_instruct,q1_k_m,tri_naive_all_fire,4800,0.0554,0.034,0.2467,0.5744,0.4621,0.3229,0.6321,2.7698,-0.3583,cascade
9b,degraded_instruct,q1_k_m,tri_routed_68_20_12,4800,0.0971,0.0685,0.3301,0.5875,0.4327,0.0462,0.5454,2.3656,-0.2324,cascade
9b,degraded_instruct,q1_k_m,tri_routed_72_18_10,4800,0.1131,0.0858,0.3487,0.5969,0.4027,0.0442,0.5425,2.2662,-0.2005,cascade
9b,degraded_instruct,q1_k_m,tri_stability_70,4800,0.1104,0.0762,0.3411,0.5929,0.4117,0.0475,0.5548,2.3098,-0.2166,cascade
9b,degraded_instruct,q1_k_m,tri_structural_65,4800,0.0879,0.0633,0.3094,0.5796,0.4396,0.0529,0.5592,2.4773,-0.2477,cascade
9b,degraded_instruct,q8_k_m,baseline,4800,0.8325,0.7306,0.8944,0.9398,0.03,0.0123,0.13,0.3696,0.6903,none
9b,degraded_instruct,q8_k_m,cognitive_25_structural_75,4800,0.959,0.8231,0.9706,0.99,0.026,0.0285,0.1288,0.0483,0.7969,none
9b,degraded_instruct,q8_k_m,cognitive_cyber_equal,4800,0.945,0.7425,0.9637,0.9881,0.0369,0.0873,0.1508,0.0537,0.6992,none
9b,degraded_instruct,q8_k_m,cognitive_only,4800,0.9469,0.774,0.9655,0.9879,0.0317,0.0525,0.1473,0.0546,0.7394,none
9b,degraded_instruct,q8_k_m,cognitive_structural_equal,4800,0.9548,0.8079,0.9696,0.9915,0.03,0.0394,0.129,0.0488,0.7783,none
9b,degraded_instruct,q8_k_m,cyber_25_structural_75,4800,0.954,0.8204,0.9689,0.9896,0.029,0.0338,0.1202,0.0544,0.7926,none
9b,degraded_instruct,q8_k_m,cyber_only,4800,0.9458,0.7438,0.964,0.9867,0.0344,0.0917,0.1456,0.0581,0.7005,none
9b,degraded_instruct,q8_k_m,cyber_structural_equal,4800,0.9527,0.7923,0.9687,0.9923,0.031,0.0594,0.1217,0.0535,0.7587,none
9b,degraded_instruct,q8_k_m,structural_only,4800,0.9587,0.8329,0.9708,0.9879,0.0244,0.0152,0.1242,0.0483,0.8102,none
9b,degraded_instruct,q8_k_m,tri_equal,4800,0.9483,0.7623,0.9673,0.9904,0.0352,0.0806,0.1348,0.0479,0.7224,none
9b,degraded_instruct,q8_k_m,tri_naive_all_fire,4800,0.9158,0.519,0.9304,0.9898,0.0527,0.3179,0.196,0.0473,0.4215,none
9b,degraded_instruct,q8_k_m,tri_routed_68_20_12,4800,0.9575,0.8113,0.9712,0.9888,0.0256,0.0429,0.1269,0.0437,0.7826,none
9b,degraded_instruct,q8_k_m,tri_routed_72_18_10,4800,0.9592,0.8067,0.9705,0.9902,0.0254,0.0413,0.1327,0.0488,0.7777,none
9b,degraded_instruct,q8_k_m,tri_stability_70,4800,0.959,0.8108,0.9713,0.9917,0.0258,0.0456,0.1212,0.0488,0.7818,none
9b,degraded_instruct,q8_k_m,tri_structural_65,4800,0.9508,0.7985,0.9688,0.9885,0.0312,0.049,0.1229,0.0488,0.7671,none
9b,instruct,base_f16,baseline,4800,0.8777,0.7904,0.9181,0.9546,0.0194,0.0131,0.1006,0.2946,0.7592,none
9b,instruct,base_f16,cognitive_25_structural_75,4800,0.9665,0.8523,0.9749,0.9933,0.0183,0.019,0.1113,0.0488,0.8317,none
9b,instruct,base_f16,cognitive_cyber_equal,4800,0.9423,0.7617,0.9648,0.99,0.036,0.0804,0.131,0.0598,0.7213,none
9b,instruct,base_f16,cognitive_only,4800,0.9365,0.7775,0.956,0.9894,0.0344,0.0502,0.1412,0.1092,0.7404,none
9b,instruct,base_f16,cognitive_structural_equal,4800,0.9617,0.8215,0.9721,0.9919,0.024,0.0304,0.1244,0.0475,0.7959,none
9b,instruct,base_f16,cyber_25_structural_75,4800,0.9677,0.8404,0.9743,0.991,0.0231,0.0265,0.1156,0.0406,0.8169,none
9b,instruct,base_f16,cyber_only,4800,0.9317,0.7438,0.9552,0.9746,0.0338,0.0798,0.1423,0.0904,0.7018,none
9b,instruct,base_f16,cyber_structural_equal,4800,0.9627,0.8054,0.9726,0.9919,0.0227,0.055,0.1233,0.0465,0.7754,none
9b,instruct,base_f16,structural_only,4800,0.9673,0.8544,0.9744,0.9892,0.0179,0.016,0.1098,0.0467,0.8347,none
9b,instruct,base_f16,tri_equal,4800,0.9596,0.7892,0.9715,0.9921,0.026,0.0667,0.1269,0.0456,0.7556,none
9b,instruct,base_f16,tri_naive_all_fire,4800,0.9121,0.5294,0.9311,0.9906,0.0592,0.3075,0.1892,0.0433,0.4328,none
9b,instruct,base_f16,tri_routed_68_20_12,4800,0.9635,0.8306,0.9733,0.9877,0.0204,0.0377,0.1129,0.046,0.8056,none
9b,instruct,base_f16,tri_routed_72_18_10,4800,0.9671,0.8433,0.9748,0.9912,0.019,0.0317,0.1081,0.0479,0.8203,none
9b,instruct,base_f16,tri_stability_70,4800,0.9627,0.8308,0.9726,0.9904,0.0194,0.0294,0.1175,0.0523,0.8071,none
9b,instruct,base_f16,tri_structural_65,4800,0.9654,0.8317,0.9742,0.9904,0.0208,0.0362,0.1127,0.045,0.8069,none
9b,instruct,collapsed_q2_edge,baseline,4800,0.0019,0.0015,0.0397,0.2665,0.6833,0.0112,0.6154,4.5273,-0.4814,cascade
9b,instruct,collapsed_q2_edge,cognitive_25_structural_75,4800,0.121,0.0919,0.3747,0.636,0.3435,0.0181,0.4923,2.2473,-0.1666,cascade
9b,instruct,collapsed_q2_edge,cognitive_cyber_equal,4800,0.0108,0.0079,0.1087,0.4669,0.57,0.0798,0.5883,3.8915,-0.4207,cascade
9b,instruct,collapsed_q2_edge,cognitive_only,4800,0.005,0.0031,0.0658,0.3627,0.63,0.049,0.6212,4.2873,-0.4597,cascade
9b,instruct,collapsed_q2_edge,cognitive_structural_equal,4800,0.0577,0.0446,0.2625,0.5771,0.4102,0.029,0.5348,2.8377,-0.2689,cascade
9b,instruct,collapsed_q2_edge,cyber_25_structural_75,4800,0.1419,0.1044,0.3922,0.6396,0.3556,0.0204,0.4758,2.1313,-0.151,cascade
9b,instruct,collapsed_q2_edge,cyber_only,4800,0.0096,0.0077,0.0962,0.415,0.5727,0.0765,0.5529,3.9719,-0.4222,cascade
9b,instruct,collapsed_q2_edge,cyber_structural_equal,4800,0.0823,0.0615,0.2924,0.58,0.4037,0.0525,0.4856,2.6333,-0.2407,cascade
9b,instruct,collapsed_q2_edge,structural_only,4800,0.1,0.0756,0.3381,0.569,0.3765,0.0154,0.5073,2.3421,-0.1981,cascade
9b,instruct,collapsed_q2_edge,tri_equal,4800,0.0742,0.0577,0.297,0.6181,0.3933,0.0579,0.5358,2.6308,-0.2463,cascade
9b,instruct,collapsed_q2_edge,tri_naive_all_fire,4800,0.1052,0.0617,0.3372,0.6152,0.3708,0.3175,0.5848,2.254,-0.2726,cascade
9b,instruct,collapsed_q2_edge,tri_routed_68_20_12,4800,0.2315,0.1719,0.5067,0.7085,0.289,0.0398,0.4717,1.6331,-0.0422,cascade
9b,instruct,collapsed_q2_edge,tri_routed_72_18_10,4800,0.2717,0.1925,0.5328,0.7125,0.2771,0.0338,0.4785,1.5046,-0.0109,cascade
9b,instruct,collapsed_q2_edge,tri_stability_70,4800,0.2525,0.1856,0.521,0.7129,0.2833,0.0308,0.464,1.5729,-0.0213,cascade
9b,instruct,collapsed_q2_edge,tri_structural_65,4800,0.2223,0.159,0.4932,0.701,0.294,0.0415,0.4698,1.7054,-0.0604,cascade
9b,instruct,damaged_q2,baseline,4800,0.016,0.0133,0.1407,0.4146,0.4475,0.0123,0.4981,3.6029,-0.3434,cascade
9b,instruct,damaged_q2,cognitive_25_structural_75,4800,0.3621,0.2717,0.6141,0.781,0.215,0.0185,0.4238,1.2637,0.1064,none
9b,instruct,damaged_q2,cognitive_cyber_equal,4800,0.0529,0.0404,0.2673,0.6065,0.3544,0.076,0.5031,2.864,-0.2646,cascade
9b,instruct,damaged_q2,cognitive_only,4800,0.0296,0.0219,0.1966,0.5419,0.4075,0.0515,0.5219,3.2779,-0.3163,cascade
9b,instruct,damaged_q2,cognitive_structural_equal,4800,0.1981,0.1465,0.4755,0.7277,0.2546,0.0346,0.4671,1.8762,-0.068,cascade
9b,instruct,damaged_q2,cyber_25_structural_75,4800,0.3962,0.2888,0.6304,0.7746,0.2098,0.0283,0.3992,1.1712,0.1297,none
9b,instruct,damaged_q2,cyber_only,4800,0.0444,0.0321,0.2458,0.5565,0.3706,0.0788,0.4725,2.9769,-0.2815,cascade
9b,instruct,damaged_q2,cyber_structural_equal,4800,0.246,0.1831,0.51,0.7254,0.2515,0.0492,0.4042,1.6848,-0.0187,cascade
9b,instruct,damaged_q2,structural_only,4800,0.3219,0.2377,0.5764,0.7163,0.2181,0.0148,0.4304,1.3787,0.0659,none
9b,instruct,damaged_q2,tri_equal,4800,0.2492,0.1762,0.5298,0.759,0.2396,0.0652,0.4369,1.6523,-0.0262,cascade
9b,instruct,damaged_q2,tri_naive_all_fire,4800,0.3002,0.1735,0.5675,0.7625,0.2327,0.3006,0.4821,1.305,-0.0602,cascade
9b,instruct,damaged_q2,tri_routed_68_20_12,4800,0.5742,0.4044,0.7516,0.8356,0.1619,0.0352,0.3887,0.7025,0.2825,none
9b,instruct,damaged_q2,tri_routed_72_18_10,4800,0.6096,0.4254,0.773,0.8423,0.1544,0.0312,0.405,0.6048,0.3102,none
9b,instruct,damaged_q2,tri_stability_70,4800,0.5783,0.4113,0.7552,0.844,0.1727,0.0329,0.394,0.6763,0.2875,none
9b,instruct,damaged_q2,tri_structural_65,4800,0.5306,0.3735,0.721,0.8215,0.1821,0.0383,0.4081,0.8019,0.2385,none
9b,instruct,damaged_q3,baseline,4800,0.1467,0.1227,0.4256,0.6429,0.2004,0.0096,0.3244,2.1727,-0.0739,primitive_gap
9b,instruct,damaged_q3,cognitive_25_structural_75,4800,0.8506,0.6346,0.9156,0.959,0.0954,0.0179,0.2831,0.1338,0.573,none
9b,instruct,damaged_q3,cognitive_cyber_equal,4800,0.305,0.2288,0.5903,0.841,0.1731,0.0781,0.3387,1.5123,0.0585,primitive_gap
9b,instruct,damaged_q3,cognitive_only,4800,0.2133,0.1658,0.4981,0.7544,0.2021,0.0569,0.3525,1.8894,-0.0288,primitive_gap
9b,instruct,damaged_q3,cognitive_structural_equal,4800,0.69,0.5227,0.8224,0.9319,0.1223,0.0281,0.3038,0.539,0.4291,none
9b,instruct,damaged_q3,cyber_25_structural_75,4800,0.8304,0.6296,0.9039,0.9273,0.0996,0.0275,0.2623,0.1556,0.5654,none
9b,instruct,damaged_q3,cyber_only,4800,0.2729,0.2046,0.5561,0.7804,0.1812,0.0825,0.3362,1.6019,0.0267,primitive_gap
9b,instruct,damaged_q3,cyber_structural_equal,4800,0.7069,0.5221,0.8312,0.8869,0.1192,0.0508,0.2854,0.4396,0.4314,none
9b,instruct,damaged_q3,structural_only,4800,0.8248,0.6144,0.8981,0.924,0.1008,0.0154,0.29,0.174,0.5491,none
9b,instruct,damaged_q3,tri_equal,4800,0.7415,0.5377,0.8493,0.9248,0.1169,0.0633,0.2923,0.3948,0.4469,none
9b,instruct,damaged_q3,tri_naive_all_fire,4800,0.7348,0.3877,0.8415,0.9073,0.1237,0.3088,0.3546,0.2537,0.2478,none
9b,instruct,damaged_q3,tri_routed_68_20_12,4800,0.8912,0.6575,0.9379,0.976,0.0838,0.0308,0.2758,0.0569,0.6013,none
9b,instruct,damaged_q3,tri_routed_72_18_10,4800,0.891,0.6629,0.9394,0.9769,0.0867,0.0321,0.2648,0.0481,0.6069,none
9b,instruct,damaged_q3,tri_stability_70,4800,0.8923,0.6565,0.9384,0.979,0.081,0.0321,0.2765,0.0592,0.6007,none
9b,instruct,damaged_q3,tri_structural_65,4800,0.8802,0.6602,0.9348,0.9754,0.0933,0.0415,0.2594,0.0627,0.6,none
9b,instruct,damaged_q4,baseline,4800,0.3387,0.2838,0.6045,0.7727,0.1248,0.0115,0.2531,1.4792,0.1498,none
9b,instruct,damaged_q4,cognitive_25_structural_75,4800,0.9056,0.7058,0.9477,0.9894,0.0692,0.0208,0.2248,0.0596,0.66,none
9b,instruct,damaged_q4,cognitive_cyber_equal,4800,0.5765,0.4394,0.7668,0.9119,0.1079,0.0762,0.2583,0.8121,0.3305,none
9b,instruct,damaged_q4,cognitive_only,4800,0.4275,0.339,0.6797,0.8631,0.1198,0.0454,0.2929,1.1883,0.2111,none
9b,instruct,damaged_q4,cognitive_structural_equal,4800,0.9046,0.6821,0.9417,0.985,0.0717,0.0327,0.25,0.076,0.6302,none
9b,instruct,damaged_q4,cyber_25_structural_75,4800,0.9106,0.7219,0.9503,0.9877,0.0685,0.0244,0.2098,0.0531,0.677,none
9b,instruct,damaged_q4,cyber_only,4800,0.5165,0.3892,0.723,0.8533,0.1225,0.0758,0.2658,0.9363,0.2692,none
9b,instruct,damaged_q4,cyber_structural_equal,4800,0.884,0.6865,0.9335,0.959,0.079,0.0406,0.2204,0.0894,0.6325,none
9b,instruct,damaged_q4,structural_only,4800,0.9069,0.7127,0.9472,0.9817,0.0685,0.0165,0.2204,0.0579,0.6683,none
9b,instruct,damaged_q4,tri_equal,4800,0.8948,0.6592,0.9416,0.9819,0.0781,0.0704,0.239,0.0671,0.5992,none
9b,instruct,damaged_q4,tri_naive_all_fire,4800,0.851,0.4529,0.9005,0.9671,0.0981,0.3056,0.3092,0.07,0.3341,none
9b,instruct,damaged_q4,tri_routed_68_20_12,4800,0.9177,0.7223,0.9527,0.9908,0.0646,0.0356,0.2069,0.0504,0.6767,none
9b,instruct,damaged_q4,tri_routed_72_18_10,4800,0.9204,0.7167,0.9534,0.9894,0.0625,0.0325,0.215,0.0467,0.6719,none
9b,instruct,damaged_q4,tri_stability_70,4800,0.9219,0.7358,0.9547,0.9885,0.0621,0.0312,0.1975,0.0467,0.6928,none
9b,instruct,damaged_q4,tri_structural_65,4800,0.9142,0.7073,0.9512,0.99,0.0702,0.0394,0.2173,0.0452,0.6587,none
9b,instruct,healthy_q6,baseline,4800,0.6633,0.5663,0.8064,0.8704,0.059,0.0144,0.1779,0.679,0.4975,none
9b,instruct,healthy_q6,cognitive_25_structural_75,4800,0.934,0.7815,0.9612,0.9927,0.051,0.0219,0.1604,0.0479,0.7465,none
9b,instruct,healthy_q6,cognitive_cyber_equal,4800,0.89,0.6756,0.9317,0.981,0.0556,0.0779,0.2067,0.1652,0.6186,none
9b,instruct,healthy_q6,cognitive_only,4800,0.7935,0.6333,0.8787,0.9642,0.0692,0.049,0.2112,0.4019,0.5658,none
9b,instruct,healthy_q6,cognitive_structural_equal,4800,0.9342,0.7583,0.9606,0.9883,0.0442,0.0317,0.1806,0.0496,0.7218,none
9b,instruct,healthy_q6,cyber_25_structural_75,4800,0.9371,0.7767,0.9615,0.9894,0.0462,0.0221,0.1702,0.0479,0.7424,none
9b,instruct,healthy_q6,cyber_only,4800,0.8137,0.6265,0.8896,0.9298,0.0669,0.0879,0.1931,0.3027,0.5582,none
9b,instruct,healthy_q6,cyber_structural_equal,4800,0.9308,0.7527,0.9592,0.9894,0.0508,0.0454,0.1667,0.0506,0.7125,none
9b,instruct,healthy_q6,structural_only,4800,0.9363,0.7854,0.9619,0.9912,0.0469,0.0158,0.1617,0.049,0.7528,none
9b,instruct,healthy_q6,tri_equal,4800,0.9246,0.7158,0.9566,0.9885,0.0567,0.0671,0.186,0.0488,0.6681,none
9b,instruct,healthy_q6,tri_naive_all_fire,4800,0.8915,0.4952,0.9207,0.9869,0.0754,0.306,0.2406,0.0458,0.3898,none
9b,instruct,healthy_q6,tri_routed_68_20_12,4800,0.9417,0.7712,0.9632,0.9894,0.0419,0.0367,0.164,0.0469,0.7359,none
9b,instruct,healthy_q6,tri_routed_72_18_10,4800,0.9433,0.7863,0.9644,0.9904,0.0421,0.026,0.1544,0.0462,0.7538,none
9b,instruct,healthy_q6,tri_stability_70,4800,0.9421,0.775,0.9644,0.9919,0.0433,0.0335,0.164,0.0419,0.7401,none
9b,instruct,healthy_q6,tri_structural_65,4800,0.9415,0.766,0.9621,0.9902,0.0444,0.0396,0.1704,0.0481,0.7288,none
9b,instruct,healthy_q8,baseline,4800,0.7983,0.6906,0.8756,0.9246,0.0369,0.0127,0.1475,0.4358,0.6434,none
9b,instruct,healthy_q8,cognitive_25_structural_75,4800,0.9487,0.8021,0.966,0.9902,0.0354,0.0179,0.1515,0.0504,0.7732,none
9b,instruct,healthy_q8,cognitive_cyber_equal,4800,0.9356,0.7277,0.9586,0.9915,0.044,0.0777,0.1767,0.0671,0.6815,none
9b,instruct,healthy_q8,cognitive_only,4800,0.8977,0.7238,0.9317,0.989,0.0479,0.0471,0.1746,0.2023,0.6759,none
9b,instruct,healthy_q8,cognitive_structural_equal,4800,0.9463,0.7917,0.9659,0.9885,0.0367,0.0338,0.1469,0.0469,0.7598,none
9b,instruct,healthy_q8,cyber_25_structural_75,4800,0.9556,0.8196,0.9696,0.989,0.0288,0.0258,0.1308,0.0481,0.7929,none
9b,instruct,healthy_q8,cyber_only,4800,0.8965,0.7027,0.9353,0.9606,0.0525,0.0873,0.1646,0.1408,0.6493,none
9b,instruct,healthy_q8,cyber_structural_equal,4800,0.9473,0.7785,0.9657,0.991,0.0358,0.0525,0.1437,0.0521,0.7432,none
9b,instruct,healthy_q8,structural_only,4800,0.9581,0.8265,0.9703,0.9908,0.0277,0.0144,0.1365,0.0473,0.802,none
9b,instruct,healthy_q8,tri_equal,4800,0.9492,0.7654,0.9656,0.99,0.0346,0.0598,0.1569,0.0494,0.7281,none
9b,instruct,healthy_q8,tri_naive_all_fire,4800,0.9046,0.5106,0.9257,0.99,0.0633,0.3015,0.2306,0.0485,0.4105,none
9b,instruct,healthy_q8,tri_routed_68_20_12,4800,0.9496,0.7958,0.967,0.9917,0.0331,0.0362,0.144,0.0506,0.7646,none
9b,instruct,healthy_q8,tri_routed_72_18_10,4800,0.9504,0.8102,0.9686,0.991,0.0365,0.0331,0.1285,0.044,0.7802,none
9b,instruct,healthy_q8,tri_stability_70,4800,0.9565,0.7969,0.969,0.9925,0.0283,0.0356,0.1483,0.0485,0.767,none
9b,instruct,healthy_q8,tri_structural_65,4800,0.9513,0.7967,0.9663,0.9888,0.0338,0.0348,0.1417,0.0517,0.7657,none
9b,instruct,q1_k_m,baseline,4800,0.0,0.0,0.0045,0.0808,0.8356,0.0115,0.7323,4.8744,-0.5553,cascade
9b,instruct,q1_k_m,cognitive_25_structural_75,4800,0.0271,0.0223,0.163,0.4417,0.5635,0.0163,0.6112,3.3204,-0.3649,cascade
9b,instruct,q1_k_m,cognitive_cyber_equal,4800,0.001,0.0006,0.0247,0.259,0.7885,0.0783,0.69,4.6808,-0.5408,cascade
9b,instruct,q1_k_m,cognitive_only,4800,0.0,0.0,0.0127,0.1721,0.8254,0.0525,0.7392,4.804,-0.5575,cascade
9b,instruct,q1_k_m,cognitive_structural_equal,4800,0.0081,0.006,0.0914,0.3713,0.6552,0.0352,0.6398,3.976,-0.4475,cascade
9b,instruct,q1_k_m,cyber_25_structural_75,4800,0.0335,0.0258,0.1772,0.4354,0.5579,0.0223,0.5525,3.1963,-0.35,cascade
9b,instruct,q1_k_m,cyber_only,4800,0.0004,0.0,0.0181,0.205,0.7877,0.0858,0.689,4.7227,-0.5447,cascade
9b,instruct,q1_k_m,cyber_structural_equal,4800,0.0135,0.0102,0.1112,0.3887,0.6458,0.0481,0.5723,3.7379,-0.4258,cascade
9b,instruct,q1_k_m,structural_only,4800,0.0217,0.0175,0.1389,0.379,0.5956,0.0169,0.5954,3.4235,-0.3834,cascade
9b,instruct,q1_k_m,tri_equal,4800,0.0138,0.01,0.1132,0.4008,0.6277,0.0658,0.6198,3.7538,-0.4287,cascade
9b,instruct,q1_k_m,tri_naive_all_fire,4800,0.0227,0.0115,0.1564,0.4479,0.5487,0.3033,0.6521,3.3196,-0.432,cascade
9b,instruct,q1_k_m,tri_routed_68_20_12,4800,0.0692,0.0502,0.2589,0.5183,0.4675,0.0352,0.589,2.6983,-0.2791,cascade
9b,instruct,q1_k_m,tri_routed_72_18_10,4800,0.0781,0.0592,0.2887,0.5371,0.4446,0.0302,0.5458,2.574,-0.2526,cascade
9b,instruct,q1_k_m,tri_stability_70,4800,0.0692,0.0508,0.2656,0.509,0.4571,0.0285,0.5669,2.6579,-0.2702,cascade
9b,instruct,q1_k_m,tri_structural_65,4800,0.0556,0.0413,0.2429,0.5065,0.4823,0.036,0.5483,2.7967,-0.2943,cascade
9b,instruct,q8_k_m,baseline,4800,0.8252,0.7292,0.8878,0.9304,0.0354,0.0129,0.1231,0.3915,0.6865,none
9b,instruct,q8_k_m,cognitive_25_structural_75,4800,0.9563,0.8196,0.9692,0.9894,0.026,0.02,0.1335,0.0519,0.7945,none
9b,instruct,q8_k_m,cognitive_cyber_equal,4800,0.9329,0.7344,0.9597,0.9888,0.0408,0.0742,0.1594,0.0654,0.6913,none
9b,instruct,q8_k_m,cognitive_only,4800,0.9135,0.7433,0.9416,0.9888,0.0392,0.051,0.1648,0.1669,0.6998,none
9b,instruct,q8_k_m,cognitive_structural_equal,4800,0.9502,0.7973,0.9678,0.9917,0.0344,0.0302,0.1446,0.0444,0.7672,none
9b,instruct,q8_k_m,cyber_25_structural_75,4800,0.9548,0.8258,0.9682,0.9875,0.0306,0.0248,0.1223,0.0535,0.7992,none
9b,instruct,q8_k_m,cyber_only,4800,0.9117,0.7242,0.9434,0.9702,0.0454,0.0829,0.1525,0.1263,0.6754,none
9b,instruct,q8_k_m,cyber_structural_equal,4800,0.9527,0.795,0.9683,0.99,0.0344,0.0462,0.1325,0.0469,0.7625,none
9b,instruct,q8_k_m,structural_only,4800,0.9617,0.8315,0.9717,0.9908,0.0271,0.0163,0.1296,0.0431,0.8076,none
9b,instruct,q8_k_m,tri_equal,4800,0.9519,0.7656,0.9672,0.9919,0.0323,0.0669,0.1527,0.0479,0.7279,none
9b,instruct,q8_k_m,tri_naive_all_fire,4800,0.9077,0.525,0.9284,0.9898,0.0612,0.299,0.21,0.0475,0.4277,none
9b,instruct,q8_k_m,tri_routed_68_20_12,4800,0.9558,0.8154,0.9709,0.9923,0.0267,0.0348,0.1244,0.0488,0.7881,none
9b,instruct,q8_k_m,tri_routed_72_18_10,4800,0.954,0.8117,0.9683,0.9908,0.0283,0.0308,0.1319,0.0552,0.7837,none
9b,instruct,q8_k_m,tri_stability_70,4800,0.9573,0.8085,0.9689,0.9881,0.0296,0.0312,0.1342,0.0471,0.7803,none
9b,instruct,q8_k_m,tri_structural_65,4800,0.95,0.8006,0.9669,0.9894,0.0356,0.0371,0.1325,0.0498,0.7694,none
