signal,signal_strength,bundle_size,bundle,pass_rate,mean_score,classified_rate,cascade_rate,avg_distractors,worst_task_rate
saturated,0.95,10,EXTRACT_GIVENS+SOURCE_BOUNDARY+MAP_RELATION+UNIT_TRACK+STEP_COMPUTE+VERIFY_RESULT+COMPARE_AXES+UNCERTAINTY_BOUND+ORIGINAL_TASK_RETURN+DANGER_CHECK,0.7646,0.8448,0.8271,0.1097,0.9076,0.7333
very_strong,0.7,10,EXTRACT_GIVENS+SOURCE_BOUNDARY+MAP_RELATION+UNIT_TRACK+STEP_COMPUTE+VERIFY_RESULT+COMPARE_AXES+UNCERTAINTY_BOUND+ORIGINAL_TASK_RETURN+DANGER_CHECK,0.7528,0.8424,0.759,0.1125,0.7299,0.6833
saturated,0.95,9,EXTRACT_GIVENS+SOURCE_BOUNDARY+MAP_RELATION+UNIT_TRACK+STEP_COMPUTE+VERIFY_RESULT+UNCERTAINTY_BOUND+ORIGINAL_TASK_RETURN+DANGER_CHECK,0.7451,0.8471,0.8444,0.1042,0.7056,0.2778
saturated,0.95,9,EXTRACT_GIVENS+SOURCE_BOUNDARY+MAP_RELATION+STEP_COMPUTE+VERIFY_RESULT+COMPARE_AXES+UNCERTAINTY_BOUND+ORIGINAL_TASK_RETURN+DANGER_CHECK,0.7333,0.839,0.8354,0.0951,0.7194,0.45
very_strong,0.7,9,EXTRACT_GIVENS+SOURCE_BOUNDARY+MAP_RELATION+UNIT_TRACK+STEP_COMPUTE+VERIFY_RESULT+UNCERTAINTY_BOUND+ORIGINAL_TASK_RETURN+DANGER_CHECK,0.7194,0.8313,0.7826,0.1181,0.6438,0.2167
saturated,0.95,9,EXTRACT_GIVENS+MAP_RELATION+UNIT_TRACK+STEP_COMPUTE+VERIFY_RESULT+COMPARE_AXES+UNCERTAINTY_BOUND+ORIGINAL_TASK_RETURN+DANGER_CHECK,0.6882,0.8191,0.8208,0.1007,0.7611,0.2333
saturated,0.95,8,EXTRACT_GIVENS+SOURCE_BOUNDARY+MAP_RELATION+STEP_COMPUTE+VERIFY_RESULT+UNCERTAINTY_BOUND+ORIGINAL_TASK_RETURN+DANGER_CHECK,0.6875,0.8284,0.8507,0.1097,0.5944,0.3
very_strong,0.7,9,EXTRACT_GIVENS+SOURCE_BOUNDARY+MAP_RELATION+STEP_COMPUTE+VERIFY_RESULT+COMPARE_AXES+UNCERTAINTY_BOUND+ORIGINAL_TASK_RETURN+DANGER_CHECK,0.6868,0.8222,0.7701,0.1174,0.6292,0.4
saturated,0.95,9,EXTRACT_GIVENS+SOURCE_BOUNDARY+MAP_RELATION+UNIT_TRACK+STEP_COMPUTE+VERIFY_RESULT+COMPARE_AXES+UNCERTAINTY_BOUND+DANGER_CHECK,0.6868,0.8147,0.7715,0.1243,0.8028,0.2389
very_strong,0.7,8,EXTRACT_GIVENS+SOURCE_BOUNDARY+MAP_RELATION+STEP_COMPUTE+VERIFY_RESULT+UNCERTAINTY_BOUND+ORIGINAL_TASK_RETURN+DANGER_CHECK,0.6743,0.818,0.8,0.1062,0.5264,0.2611
very_strong,0.7,9,EXTRACT_GIVENS+SOURCE_BOUNDARY+MAP_RELATION+UNIT_TRACK+STEP_COMPUTE+VERIFY_RESULT+COMPARE_AXES+UNCERTAINTY_BOUND+DANGER_CHECK,0.6722,0.8055,0.7208,0.1375,0.6826,0.2
saturated,0.95,8,EXTRACT_GIVENS+SOURCE_BOUNDARY+MAP_RELATION+UNIT_TRACK+STEP_COMPUTE+VERIFY_RESULT+UNCERTAINTY_BOUND+DANGER_CHECK,0.6687,0.8152,0.7965,0.1229,0.6319,0.2111
saturated,0.95,8,EXTRACT_GIVENS+MAP_RELATION+UNIT_TRACK+STEP_COMPUTE+VERIFY_RESULT+UNCERTAINTY_BOUND+ORIGINAL_TASK_RETURN+DANGER_CHECK,0.6618,0.8116,0.8257,0.1062,0.6188,0.2278
saturated,0.95,8,EXTRACT_GIVENS+MAP_RELATION+UNIT_TRACK+STEP_COMPUTE+VERIFY_RESULT+COMPARE_AXES+UNCERTAINTY_BOUND+DANGER_CHECK,0.6521,0.7827,0.7937,0.1347,0.6965,0.0278
very_strong,0.7,9,EXTRACT_GIVENS+MAP_RELATION+UNIT_TRACK+STEP_COMPUTE+VERIFY_RESULT+COMPARE_AXES+UNCERTAINTY_BOUND+ORIGINAL_TASK_RETURN+DANGER_CHECK,0.6486,0.8006,0.7618,0.1285,0.6451,0.1778
very_strong,0.7,8,EXTRACT_GIVENS+SOURCE_BOUNDARY+MAP_RELATION+UNIT_TRACK+STEP_COMPUTE+VERIFY_RESULT+UNCERTAINTY_BOUND+DANGER_CHECK,0.6444,0.8018,0.7438,0.1285,0.5875,0.2
saturated,0.95,8,EXTRACT_GIVENS+SOURCE_BOUNDARY+MAP_RELATION+STEP_COMPUTE+VERIFY_RESULT+COMPARE_AXES+UNCERTAINTY_BOUND+DANGER_CHECK,0.6403,0.8043,0.7972,0.1208,0.6486,0.2556
very_strong,0.7,8,EXTRACT_GIVENS+SOURCE_BOUNDARY+MAP_RELATION+STEP_COMPUTE+VERIFY_RESULT+COMPARE_AXES+UNCERTAINTY_BOUND+DANGER_CHECK,0.6396,0.7906,0.7208,0.1319,0.5507,0.2667
saturated,0.95,8,EXTRACT_GIVENS+MAP_RELATION+STEP_COMPUTE+VERIFY_RESULT+COMPARE_AXES+UNCERTAINTY_BOUND+ORIGINAL_TASK_RETURN+DANGER_CHECK,0.6389,0.8069,0.8187,0.0944,0.625,0.3222
saturated,0.95,7,EXTRACT_GIVENS+SOURCE_BOUNDARY+MAP_RELATION+STEP_COMPUTE+VERIFY_RESULT+UNCERTAINTY_BOUND+DANGER_CHECK,0.6375,0.8033,0.8097,0.1167,0.5312,0.3111
very_strong,0.7,8,EXTRACT_GIVENS+MAP_RELATION+UNIT_TRACK+STEP_COMPUTE+VERIFY_RESULT+UNCERTAINTY_BOUND+ORIGINAL_TASK_RETURN+DANGER_CHECK,0.6361,0.8004,0.7806,0.1181,0.5458,0.2
saturated,0.95,7,EXTRACT_GIVENS+MAP_RELATION+UNIT_TRACK+STEP_COMPUTE+VERIFY_RESULT+UNCERTAINTY_BOUND+DANGER_CHECK,0.6333,0.7754,0.7917,0.1375,0.5514,0.0556
saturated,0.95,8,EXTRACT_GIVENS+SOURCE_BOUNDARY+MAP_RELATION+UNIT_TRACK+STEP_COMPUTE+VERIFY_RESULT+ORIGINAL_TASK_RETURN+DANGER_CHECK,0.6208,0.773,0.8347,0.1458,0.6979,0.0611
very_strong,0.7,8,EXTRACT_GIVENS+MAP_RELATION+UNIT_TRACK+STEP_COMPUTE+VERIFY_RESULT+COMPARE_AXES+UNCERTAINTY_BOUND+DANGER_CHECK,0.6194,0.7603,0.7264,0.1597,0.6208,0.05
very_strong,0.7,8,EXTRACT_GIVENS+MAP_RELATION+STEP_COMPUTE+VERIFY_RESULT+COMPARE_AXES+UNCERTAINTY_BOUND+ORIGINAL_TASK_RETURN+DANGER_CHECK,0.6167,0.7905,0.7681,0.1194,0.5701,0.2722
very_strong,0.7,8,EXTRACT_GIVENS+SOURCE_BOUNDARY+MAP_RELATION+UNIT_TRACK+STEP_COMPUTE+VERIFY_RESULT+ORIGINAL_TASK_RETURN+DANGER_CHECK,0.6132,0.7697,0.7799,0.1299,0.6215,0.0778
saturated,0.95,7,EXTRACT_GIVENS+MAP_RELATION+STEP_COMPUTE+VERIFY_RESULT+UNCERTAINTY_BOUND+ORIGINAL_TASK_RETURN+DANGER_CHECK,0.6125,0.7987,0.8424,0.1035,0.5042,0.2667
very_strong,0.7,7,EXTRACT_GIVENS+SOURCE_BOUNDARY+MAP_RELATION+STEP_COMPUTE+VERIFY_RESULT+UNCERTAINTY_BOUND+DANGER_CHECK,0.6035,0.781,0.7576,0.1347,0.4778,0.2333
saturated,0.95,8,EXTRACT_GIVENS+SOURCE_BOUNDARY+MAP_RELATION+UNIT_TRACK+VERIFY_RESULT+UNCERTAINTY_BOUND+ORIGINAL_TASK_RETURN+DANGER_CHECK,0.6028,0.7875,0.8118,0.1062,0.625,0.3111
saturated,0.95,7,EXTRACT_GIVENS+MAP_RELATION+STEP_COMPUTE+VERIFY_RESULT+COMPARE_AXES+UNCERTAINTY_BOUND+DANGER_CHECK,0.5979,0.7686,0.7979,0.1222,0.5861,0.0611
saturated,0.95,9,EXTRACT_GIVENS+SOURCE_BOUNDARY+MAP_RELATION+UNIT_TRACK+STEP_COMPUTE+VERIFY_RESULT+COMPARE_AXES+ORIGINAL_TASK_RETURN+DANGER_CHECK,0.5972,0.7742,0.7826,0.134,0.8576,0.2444
very_strong,0.7,7,EXTRACT_GIVENS+MAP_RELATION+UNIT_TRACK+STEP_COMPUTE+VERIFY_RESULT+UNCERTAINTY_BOUND+DANGER_CHECK,0.5972,0.7567,0.7181,0.1472,0.4903,0.0556
very_strong,0.7,9,EXTRACT_GIVENS+SOURCE_BOUNDARY+MAP_RELATION+UNIT_TRACK+STEP_COMPUTE+VERIFY_RESULT+COMPARE_AXES+ORIGINAL_TASK_RETURN+DANGER_CHECK,0.5965,0.774,0.7667,0.1347,0.7743,0.2278
saturated,0.95,9,EXTRACT_GIVENS+SOURCE_BOUNDARY+MAP_RELATION+UNIT_TRACK+VERIFY_RESULT+COMPARE_AXES+UNCERTAINTY_BOUND+ORIGINAL_TASK_RETURN+DANGER_CHECK,0.5889,0.7796,0.8042,0.1153,0.7486,0.25
saturated,0.95,6,EXTRACT_GIVENS+MAP_RELATION+STEP_COMPUTE+VERIFY_RESULT+UNCERTAINTY_BOUND+DANGER_CHECK,0.5875,0.7698,0.8049,0.1243,0.4243,0.0667
very_strong,0.7,8,EXTRACT_GIVENS+SOURCE_BOUNDARY+MAP_RELATION+UNIT_TRACK+VERIFY_RESULT+UNCERTAINTY_BOUND+ORIGINAL_TASK_RETURN+DANGER_CHECK,0.584,0.7757,0.7819,0.116,0.5611,0.2944
saturated,0.95,8,EXTRACT_GIVENS+SOURCE_BOUNDARY+MAP_RELATION+UNIT_TRACK+STEP_COMPUTE+VERIFY_RESULT+UNCERTAINTY_BOUND+ORIGINAL_TASK_RETURN,0.584,0.7603,0.7806,0.1361,0.7056,0.0667
saturated,0.95,7,EXTRACT_GIVENS+SOURCE_BOUNDARY+MAP_RELATION+STEP_COMPUTE+VERIFY_RESULT+ORIGINAL_TASK_RETURN+DANGER_CHECK,0.5833,0.7648,0.8264,0.1222,0.5424,0.0667
saturated,0.95,9,EXTRACT_GIVENS+SOURCE_BOUNDARY+MAP_RELATION+UNIT_TRACK+STEP_COMPUTE+VERIFY_RESULT+COMPARE_AXES+UNCERTAINTY_BOUND+ORIGINAL_TASK_RETURN,0.5826,0.7729,0.7694,0.1319,0.8014,0.2278
very_strong,0.7,9,EXTRACT_GIVENS+SOURCE_BOUNDARY+MAP_RELATION+UNIT_TRACK+VERIFY_RESULT+COMPARE_AXES+UNCERTAINTY_BOUND+ORIGINAL_TASK_RETURN+DANGER_CHECK,0.5785,0.7676,0.7715,0.1493,0.7014,0.2556
very_strong,0.7,7,EXTRACT_GIVENS+MAP_RELATION+STEP_COMPUTE+VERIFY_RESULT+COMPARE_AXES+UNCERTAINTY_BOUND+DANGER_CHECK,0.5743,0.7555,0.7493,0.1375,0.509,0.0611
saturated,0.95,8,EXTRACT_GIVENS+SOURCE_BOUNDARY+MAP_RELATION+VERIFY_RESULT+COMPARE_AXES+UNCERTAINTY_BOUND+ORIGINAL_TASK_RETURN+DANGER_CHECK,0.5729,0.7561,0.8056,0.1215,0.6514,0.1556
very_strong,0.7,6,EXTRACT_GIVENS+MAP_RELATION+STEP_COMPUTE+VERIFY_RESULT+UNCERTAINTY_BOUND+DANGER_CHECK,0.5729,0.754,0.7646,0.1271,0.3924,0.05
very_strong,0.7,7,EXTRACT_GIVENS+MAP_RELATION+STEP_COMPUTE+VERIFY_RESULT+UNCERTAINTY_BOUND+ORIGINAL_TASK_RETURN+DANGER_CHECK,0.5708,0.7723,0.7708,0.1222,0.4854,0.2278
saturated,0.95,7,EXTRACT_GIVENS+MAP_RELATION+UNIT_TRACK+STEP_COMPUTE+VERIFY_RESULT+ORIGINAL_TASK_RETURN+DANGER_CHECK,0.5694,0.7398,0.8229,0.1326,0.6472,0.0444
very_strong,0.7,7,EXTRACT_GIVENS+MAP_RELATION+UNIT_TRACK+STEP_COMPUTE+VERIFY_RESULT+ORIGINAL_TASK_RETURN+DANGER_CHECK,0.5674,0.7352,0.784,0.1368,0.5424,0.0722
saturated,0.95,7,EXTRACT_GIVENS+SOURCE_BOUNDARY+MAP_RELATION+UNIT_TRACK+STEP_COMPUTE+VERIFY_RESULT+DANGER_CHECK,0.5639,0.7488,0.791,0.1326,0.6799,0.0722
saturated,0.95,8,EXTRACT_GIVENS+MAP_RELATION+UNIT_TRACK+STEP_COMPUTE+VERIFY_RESULT+COMPARE_AXES+ORIGINAL_TASK_RETURN+DANGER_CHECK,0.5618,0.7492,0.7993,0.1437,0.7333,0.1
very_strong,0.7,8,EXTRACT_GIVENS+SOURCE_BOUNDARY+MAP_RELATION+VERIFY_RESULT+COMPARE_AXES+UNCERTAINTY_BOUND+ORIGINAL_TASK_RETURN+DANGER_CHECK,0.5583,0.7477,0.7715,0.1375,0.609,0.1167
very_strong,0.7,8,EXTRACT_GIVENS+SOURCE_BOUNDARY+MAP_RELATION+STEP_COMPUTE+VERIFY_RESULT+COMPARE_AXES+ORIGINAL_TASK_RETURN+DANGER_CHECK,0.5569,0.7644,0.7694,0.1153,0.6479,0.2667
saturated,0.95,8,EXTRACT_GIVENS+SOURCE_BOUNDARY+MAP_RELATION+STEP_COMPUTE+VERIFY_RESULT+COMPARE_AXES+ORIGINAL_TASK_RETURN+DANGER_CHECK,0.5563,0.77,0.8285,0.1361,0.7319,0.3
very_strong,0.7,7,EXTRACT_GIVENS+SOURCE_BOUNDARY+MAP_RELATION+STEP_COMPUTE+VERIFY_RESULT+ORIGINAL_TASK_RETURN+DANGER_CHECK,0.5549,0.7543,0.8014,0.134,0.5312,0.0556
saturated,0.95,7,EXTRACT_GIVENS+SOURCE_BOUNDARY+MAP_RELATION+VERIFY_RESULT+UNCERTAINTY_BOUND+ORIGINAL_TASK_RETURN+DANGER_CHECK,0.5507,0.7677,0.8417,0.109,0.5132,0.1722
very_strong,0.7,7,EXTRACT_GIVENS+SOURCE_BOUNDARY+MAP_RELATION+UNIT_TRACK+STEP_COMPUTE+VERIFY_RESULT+UNCERTAINTY_BOUND,0.5507,0.7041,0.6806,0.1785,0.5417,0.0278
saturated,0.95,7,EXTRACT_GIVENS+SOURCE_BOUNDARY+MAP_RELATION+STEP_COMPUTE+VERIFY_RESULT+UNCERTAINTY_BOUND+ORIGINAL_TASK_RETURN,0.55,0.7562,0.7896,0.1146,0.5708,0.0833
saturated,0.95,7,EXTRACT_GIVENS+SOURCE_BOUNDARY+MAP_RELATION+UNIT_TRACK+STEP_COMPUTE+VERIFY_RESULT+UNCERTAINTY_BOUND,0.5479,0.7191,0.7188,0.1611,0.6167,0.0444
very_strong,0.7,8,EXTRACT_GIVENS+SOURCE_BOUNDARY+MAP_RELATION+UNIT_TRACK+STEP_COMPUTE+VERIFY_RESULT+UNCERTAINTY_BOUND+ORIGINAL_TASK_RETURN,0.5479,0.73,0.7097,0.1757,0.5965,0.0222
very_strong,0.7,7,EXTRACT_GIVENS+SOURCE_BOUNDARY+MAP_RELATION+UNIT_TRACK+STEP_COMPUTE+VERIFY_RESULT+DANGER_CHECK,0.5472,0.7391,0.7576,0.159,0.5806,0.0667
saturated,0.95,8,EXTRACT_GIVENS+SOURCE_BOUNDARY+MAP_RELATION+UNIT_TRACK+STEP_COMPUTE+VERIFY_RESULT+COMPARE_AXES+UNCERTAINTY_BOUND,0.5451,0.725,0.716,0.1694,0.7562,0.0333
saturated,0.95,6,EXTRACT_GIVENS+MAP_RELATION+UNIT_TRACK+STEP_COMPUTE+VERIFY_RESULT+DANGER_CHECK,0.5444,0.7072,0.7715,0.1535,0.5653,0.0444
very_strong,0.7,8,EXTRACT_GIVENS+MAP_RELATION+UNIT_TRACK+STEP_COMPUTE+VERIFY_RESULT+COMPARE_AXES+ORIGINAL_TASK_RETURN+DANGER_CHECK,0.5396,0.7352,0.7528,0.15,0.6514,0.05
saturated,0.95,7,EXTRACT_GIVENS+MAP_RELATION+UNIT_TRACK+STEP_COMPUTE+VERIFY_RESULT+COMPARE_AXES+DANGER_CHECK,0.5396,0.712,0.7694,0.1535,0.6826,0.05
saturated,0.95,6,EXTRACT_GIVENS+MAP_RELATION+STEP_COMPUTE+VERIFY_RESULT+ORIGINAL_TASK_RETURN+DANGER_CHECK,0.5389,0.731,0.8285,0.1361,0.4875,0.0722
very_strong,0.7,8,EXTRACT_GIVENS+SOURCE_BOUNDARY+MAP_RELATION+UNIT_TRACK+STEP_COMPUTE+VERIFY_RESULT+COMPARE_AXES+DANGER_CHECK,0.5375,0.747,0.7299,0.1444,0.6854,0.2222
saturated,0.95,7,EXTRACT_GIVENS+MAP_RELATION+UNIT_TRACK+STEP_COMPUTE+VERIFY_RESULT+UNCERTAINTY_BOUND+ORIGINAL_TASK_RETURN,0.5368,0.724,0.7688,0.1479,0.5583,0.0444
very_strong,0.7,7,EXTRACT_GIVENS+SOURCE_BOUNDARY+MAP_RELATION+VERIFY_RESULT+UNCERTAINTY_BOUND+ORIGINAL_TASK_RETURN+DANGER_CHECK,0.5361,0.747,0.7833,0.1368,0.4722,0.2
very_strong,0.7,6,EXTRACT_GIVENS+MAP_RELATION+UNIT_TRACK+STEP_COMPUTE+VERIFY_RESULT+DANGER_CHECK,0.5319,0.6869,0.7257,0.1688,0.525,0.0556
saturated,0.95,8,EXTRACT_GIVENS+MAP_RELATION+UNIT_TRACK+STEP_COMPUTE+VERIFY_RESULT+COMPARE_AXES+UNCERTAINTY_BOUND+ORIGINAL_TASK_RETURN,0.5299,0.7306,0.7465,0.1375,0.7375,0.05
saturated,0.95,7,EXTRACT_GIVENS+SOURCE_BOUNDARY+MAP_RELATION+UNIT_TRACK+VERIFY_RESULT+UNCERTAINTY_BOUND+DANGER_CHECK,0.5278,0.755,0.791,0.1347,0.5653,0.2944
very_strong,0.7,7,EXTRACT_GIVENS+SOURCE_BOUNDARY+MAP_RELATION+STEP_COMPUTE+VERIFY_RESULT+UNCERTAINTY_BOUND+ORIGINAL_TASK_RETURN,0.5278,0.7356,0.7514,0.1396,0.5111,0.0389
saturated,0.95,8,EXTRACT_GIVENS+SOURCE_BOUNDARY+MAP_RELATION+UNIT_TRACK+VERIFY_RESULT+COMPARE_AXES+UNCERTAINTY_BOUND+DANGER_CHECK,0.5243,0.7497,0.7826,0.1542,0.7576,0.2611
saturated,0.95,7,EXTRACT_GIVENS+MAP_RELATION+UNIT_TRACK+VERIFY_RESULT+UNCERTAINTY_BOUND+ORIGINAL_TASK_RETURN+DANGER_CHECK,0.5236,0.7562,0.8236,0.1208,0.5507,0.2944
saturated,0.95,8,EXTRACT_GIVENS+SOURCE_BOUNDARY+MAP_RELATION+UNIT_TRACK+STEP_COMPUTE+VERIFY_RESULT+COMPARE_AXES+DANGER_CHECK,0.5229,0.747,0.7674,0.1562,0.825,0.2389
saturated,0.95,7,EXTRACT_GIVENS+MAP_RELATION+UNIT_TRACK+STEP_COMPUTE+VERIFY_RESULT+COMPARE_AXES+UNCERTAINTY_BOUND,0.5229,0.6986,0.7125,0.1847,0.6465,0.0167
saturated,0.95,6,EXTRACT_GIVENS+SOURCE_BOUNDARY+MAP_RELATION+STEP_COMPUTE+VERIFY_RESULT+DANGER_CHECK,0.5215,0.7356,0.7861,0.1354,0.5326,0.1
very_strong,0.7,6,EXTRACT_GIVENS+MAP_RELATION+STEP_COMPUTE+VERIFY_RESULT+ORIGINAL_TASK_RETURN+DANGER_CHECK,0.5208,0.7197,0.7785,0.1479,0.4174,0.0944
very_strong,0.7,7,EXTRACT_GIVENS+SOURCE_BOUNDARY+MAP_RELATION+UNIT_TRACK+VERIFY_RESULT+UNCERTAINTY_BOUND+DANGER_CHECK,0.5194,0.7444,0.7333,0.1479,0.5,0.2667
saturated,0.95,9,EXTRACT_GIVENS+SOURCE_BOUNDARY+UNIT_TRACK+STEP_COMPUTE+VERIFY_RESULT+COMPARE_AXES+UNCERTAINTY_BOUND+ORIGINAL_TASK_RETURN+DANGER_CHECK,0.5194,0.7427,0.7764,0.1354,0.8931,0.2056
very_strong,0.7,9,EXTRACT_GIVENS+SOURCE_BOUNDARY+MAP_RELATION+UNIT_TRACK+STEP_COMPUTE+VERIFY_RESULT+COMPARE_AXES+UNCERTAINTY_BOUND+ORIGINAL_TASK_RETURN,0.5181,0.7359,0.675,0.1694,0.6799,0.1722
saturated,0.95,5,EXTRACT_GIVENS+MAP_RELATION+STEP_COMPUTE+VERIFY_RESULT+DANGER_CHECK,0.5181,0.6934,0.7785,0.1486,0.4521,0.0667
very_strong,0.7,9,EXTRACT_GIVENS+SOURCE_BOUNDARY+UNIT_TRACK+STEP_COMPUTE+VERIFY_RESULT+COMPARE_AXES+UNCERTAINTY_BOUND+ORIGINAL_TASK_RETURN+DANGER_CHECK,0.5167,0.7382,0.7479,0.1389,0.7847,0.2833
saturated,0.95,6,EXTRACT_GIVENS+MAP_RELATION+UNIT_TRACK+STEP_COMPUTE+VERIFY_RESULT+UNCERTAINTY_BOUND,0.5167,0.6821,0.7104,0.1681,0.5639,0.0
very_strong,0.7,7,EXTRACT_GIVENS+MAP_RELATION+UNIT_TRACK+STEP_COMPUTE+VERIFY_RESULT+UNCERTAINTY_BOUND+ORIGINAL_TASK_RETURN,0.516,0.7116,0.7521,0.1562,0.5319,0.0333
saturated,0.95,7,EXTRACT_GIVENS+SOURCE_BOUNDARY+MAP_RELATION+VERIFY_RESULT+COMPARE_AXES+UNCERTAINTY_BOUND+DANGER_CHECK,0.5139,0.7328,0.7833,0.1417,0.5958,0.1278
very_strong,0.7,6,EXTRACT_GIVENS+MAP_RELATION+UNIT_TRACK+STEP_COMPUTE+VERIFY_RESULT+UNCERTAINTY_BOUND,0.5132,0.6844,0.6986,0.1674,0.4965,0.0167
very_strong,0.7,8,EXTRACT_GIVENS+SOURCE_BOUNDARY+MAP_RELATION+UNIT_TRACK+VERIFY_RESULT+COMPARE_AXES+UNCERTAINTY_BOUND+DANGER_CHECK,0.5111,0.7339,0.6972,0.1556,0.6444,0.2944
saturated,0.95,8,EXTRACT_GIVENS+SOURCE_BOUNDARY+MAP_RELATION+STEP_COMPUTE+VERIFY_RESULT+COMPARE_AXES+UNCERTAINTY_BOUND+ORIGINAL_TASK_RETURN,0.5097,0.7421,0.7528,0.1382,0.6958,0.2444
very_strong,0.7,8,EXTRACT_GIVENS+SOURCE_BOUNDARY+MAP_RELATION+UNIT_TRACK+STEP_COMPUTE+VERIFY_RESULT+COMPARE_AXES+UNCERTAINTY_BOUND,0.5097,0.7118,0.6687,0.1833,0.6333,0.0111
very_strong,0.7,7,EXTRACT_GIVENS+MAP_RELATION+UNIT_TRACK+VERIFY_RESULT+UNCERTAINTY_BOUND+ORIGINAL_TASK_RETURN+DANGER_CHECK,0.509,0.7476,0.7806,0.1181,0.4958,0.2611
saturated,0.95,8,EXTRACT_GIVENS+SOURCE_BOUNDARY+UNIT_TRACK+STEP_COMPUTE+VERIFY_RESULT+UNCERTAINTY_BOUND+ORIGINAL_TASK_RETURN+DANGER_CHECK,0.5083,0.7437,0.7722,0.1319,0.7306,0.2778
very_strong,0.7,8,EXTRACT_GIVENS+MAP_RELATION+UNIT_TRACK+STEP_COMPUTE+VERIFY_RESULT+COMPARE_AXES+UNCERTAINTY_BOUND+ORIGINAL_TASK_RETURN,0.5083,0.706,0.6826,0.1625,0.6549,0.0389
saturated,0.95,7,EXTRACT_GIVENS+MAP_RELATION+STEP_COMPUTE+VERIFY_RESULT+COMPARE_AXES+ORIGINAL_TASK_RETURN+DANGER_CHECK,0.5076,0.7346,0.8049,0.1347,0.6368,0.1
very_strong,0.7,7,EXTRACT_GIVENS+MAP_RELATION+STEP_COMPUTE+VERIFY_RESULT+COMPARE_AXES+ORIGINAL_TASK_RETURN+DANGER_CHECK,0.5069,0.7262,0.7583,0.1417,0.5493,0.1
very_strong,0.7,6,EXTRACT_GIVENS+SOURCE_BOUNDARY+MAP_RELATION+STEP_COMPUTE+VERIFY_RESULT+DANGER_CHECK,0.5069,0.7172,0.7514,0.1639,0.4944,0.0556
strong,0.46,9,EXTRACT_GIVENS+SOURCE_BOUNDARY+MAP_RELATION+UNIT_TRACK+STEP_COMPUTE+VERIFY_RESULT+UNCERTAINTY_BOUND+ORIGINAL_TASK_RETURN+DANGER_CHECK,0.5042,0.7148,0.7257,0.1514,0.5472,0.1722
saturated,0.95,6,EXTRACT_GIVENS+SOURCE_BOUNDARY+MAP_RELATION+STEP_COMPUTE+VERIFY_RESULT+UNCERTAINTY_BOUND,0.5042,0.7095,0.7361,0.1625,0.491,0.0889
very_strong,0.7,7,EXTRACT_GIVENS+MAP_RELATION+UNIT_TRACK+STEP_COMPUTE+VERIFY_RESULT+COMPARE_AXES+DANGER_CHECK,0.5014,0.6819,0.6965,0.2076,0.6153,0.0167
saturated,0.95,6,EXTRACT_GIVENS+MAP_RELATION+STEP_COMPUTE+VERIFY_RESULT+COMPARE_AXES+DANGER_CHECK,0.5007,0.7099,0.7653,0.1479,0.5535,0.0611
very_strong,0.7,6,EXTRACT_GIVENS+SOURCE_BOUNDARY+MAP_RELATION+STEP_COMPUTE+VERIFY_RESULT+UNCERTAINTY_BOUND,0.5007,0.6973,0.7097,0.1799,0.4368,0.05
saturated,0.95,8,EXTRACT_GIVENS+MAP_RELATION+UNIT_TRACK+VERIFY_RESULT+COMPARE_AXES+UNCERTAINTY_BOUND+ORIGINAL_TASK_RETURN+DANGER_CHECK,0.5,0.747,0.7937,0.1271,0.7035,0.2778
saturated,0.95,7,EXTRACT_GIVENS+SOURCE_BOUNDARY+MAP_RELATION+STEP_COMPUTE+VERIFY_RESULT+COMPARE_AXES+DANGER_CHECK,0.4993,0.7489,0.7826,0.1319,0.6618,0.2722
saturated,0.95,6,EXTRACT_GIVENS+MAP_RELATION+STEP_COMPUTE+VERIFY_RESULT+UNCERTAINTY_BOUND+ORIGINAL_TASK_RETURN,0.4993,0.7093,0.7576,0.1368,0.4743,0.1
saturated,0.95,7,EXTRACT_GIVENS+MAP_RELATION+UNIT_TRACK+VERIFY_RESULT+COMPARE_AXES+UNCERTAINTY_BOUND+DANGER_CHECK,0.4993,0.7154,0.7646,0.1451,0.6319,0.0667
very_strong,0.7,7,EXTRACT_GIVENS+MAP_RELATION+UNIT_TRACK+STEP_COMPUTE+VERIFY_RESULT+COMPARE_AXES+UNCERTAINTY_BOUND,0.4993,0.6758,0.6681,0.2097,0.5806,0.0
saturated,0.95,7,EXTRACT_GIVENS+SOURCE_BOUNDARY+MAP_RELATION+UNIT_TRACK+STEP_COMPUTE+VERIFY_RESULT+ORIGINAL_TASK_RETURN,0.4965,0.7047,0.7583,0.1514,0.625,0.0056
strong,0.46,8,EXTRACT_GIVENS+SOURCE_BOUNDARY+MAP_RELATION+STEP_COMPUTE+VERIFY_RESULT+UNCERTAINTY_BOUND+ORIGINAL_TASK_RETURN+DANGER_CHECK,0.4938,0.7062,0.7438,0.1444,0.4681,0.1889
very_strong,0.7,8,EXTRACT_GIVENS+MAP_RELATION+UNIT_TRACK+VERIFY_RESULT+COMPARE_AXES+UNCERTAINTY_BOUND+ORIGINAL_TASK_RETURN+DANGER_CHECK,0.4903,0.7361,0.7514,0.1437,0.6111,0.2
saturated,0.95,7,EXTRACT_GIVENS+SOURCE_BOUNDARY+MAP_RELATION+STEP_COMPUTE+VERIFY_RESULT+COMPARE_AXES+UNCERTAINTY_BOUND,0.4903,0.7242,0.7507,0.1549,0.6333,0.05
saturated,0.95,7,EXTRACT_GIVENS+SOURCE_BOUNDARY+STEP_COMPUTE+VERIFY_RESULT+UNCERTAINTY_BOUND+ORIGINAL_TASK_RETURN+DANGER_CHECK,0.4889,0.7377,0.8069,0.116,0.6111,0.2
saturated,0.95,6,EXTRACT_GIVENS+SOURCE_BOUNDARY+MAP_RELATION+VERIFY_RESULT+UNCERTAINTY_BOUND+DANGER_CHECK,0.484,0.7376,0.7965,0.1375,0.4639,0.1889
very_strong,0.7,7,EXTRACT_GIVENS+SOURCE_BOUNDARY+MAP_RELATION+VERIFY_RESULT+COMPARE_AXES+UNCERTAINTY_BOUND+DANGER_CHECK,0.4826,0.7116,0.7257,0.1632,0.5389,0.1167
saturated,0.95,6,EXTRACT_GIVENS+MAP_RELATION+VERIFY_RESULT+UNCERTAINTY_BOUND+ORIGINAL_TASK_RETURN+DANGER_CHECK,0.4813,0.7394,0.8354,0.1243,0.4104,0.3167
very_strong,0.7,5,EXTRACT_GIVENS+MAP_RELATION+STEP_COMPUTE+VERIFY_RESULT+DANGER_CHECK,0.4813,0.6713,0.7278,0.1688,0.3882,0.05
saturated,0.95,8,EXTRACT_GIVENS+SOURCE_BOUNDARY+STEP_COMPUTE+VERIFY_RESULT+COMPARE_AXES+UNCERTAINTY_BOUND+ORIGINAL_TASK_RETURN+DANGER_CHECK,0.4806,0.7206,0.7819,0.1472,0.7319,0.1667
strong,0.46,8,EXTRACT_GIVENS+MAP_RELATION+UNIT_TRACK+STEP_COMPUTE+VERIFY_RESULT+UNCERTAINTY_BOUND+ORIGINAL_TASK_RETURN+DANGER_CHECK,0.4785,0.6872,0.7271,0.1542,0.4694,0.1056
saturated,0.95,6,EXTRACT_GIVENS+SOURCE_BOUNDARY+MAP_RELATION+UNIT_TRACK+STEP_COMPUTE+VERIFY_RESULT,0.4778,0.6702,0.7146,0.1806,0.6181,0.0056
very_strong,0.7,8,EXTRACT_GIVENS+SOURCE_BOUNDARY+UNIT_TRACK+STEP_COMPUTE+VERIFY_RESULT+UNCERTAINTY_BOUND+ORIGINAL_TASK_RETURN+DANGER_CHECK,0.4743,0.7246,0.7465,0.1528,0.6382,0.2222
saturated,0.95,7,EXTRACT_GIVENS+SOURCE_BOUNDARY+MAP_RELATION+UNIT_TRACK+VERIFY_RESULT+ORIGINAL_TASK_RETURN+DANGER_CHECK,0.4743,0.7154,0.8,0.1368,0.6111,0.0944
saturated,0.95,6,EXTRACT_GIVENS+MAP_RELATION+UNIT_TRACK+VERIFY_RESULT+UNCERTAINTY_BOUND+DANGER_CHECK,0.4743,0.7096,0.7694,0.1465,0.516,0.0611
saturated,0.95,6,EXTRACT_GIVENS+MAP_RELATION+UNIT_TRACK+STEP_COMPUTE+VERIFY_RESULT+ORIGINAL_TASK_RETURN,0.4729,0.651,0.7472,0.1736,0.6028,0.0167
saturated,0.95,5,EXTRACT_GIVENS+MAP_RELATION+STEP_COMPUTE+VERIFY_RESULT+UNCERTAINTY_BOUND,0.4729,0.6758,0.7257,0.1688,0.4056,0.0056
saturated,0.95,7,EXTRACT_GIVENS+MAP_RELATION+VERIFY_RESULT+COMPARE_AXES+UNCERTAINTY_BOUND+ORIGINAL_TASK_RETURN+DANGER_CHECK,0.4722,0.7284,0.7903,0.1146,0.5861,0.1889
very_strong,0.7,8,EXTRACT_GIVENS+SOURCE_BOUNDARY+MAP_RELATION+STEP_COMPUTE+VERIFY_RESULT+COMPARE_AXES+UNCERTAINTY_BOUND+ORIGINAL_TASK_RETURN,0.4708,0.732,0.7215,0.1583,0.6271,0.2111
very_strong,0.7,7,EXTRACT_GIVENS+SOURCE_BOUNDARY+MAP_RELATION+STEP_COMPUTE+VERIFY_RESULT+COMPARE_AXES+UNCERTAINTY_BOUND,0.4701,0.6952,0.6722,0.1729,0.5507,0.0333
saturated,0.95,5,EXTRACT_GIVENS+MAP_RELATION+UNIT_TRACK+STEP_COMPUTE+VERIFY_RESULT,0.4694,0.614,0.6986,0.2153,0.5014,0.0
very_strong,0.7,6,EXTRACT_GIVENS+MAP_RELATION+STEP_COMPUTE+VERIFY_RESULT+UNCERTAINTY_BOUND+ORIGINAL_TASK_RETURN,0.4674,0.6924,0.7375,0.1688,0.459,0.0611
very_strong,0.7,6,EXTRACT_GIVENS+MAP_RELATION+UNIT_TRACK+VERIFY_RESULT+UNCERTAINTY_BOUND+DANGER_CHECK,0.466,0.7061,0.7444,0.1417,0.4785,0.0667
very_strong,0.7,7,EXTRACT_GIVENS+SOURCE_BOUNDARY+MAP_RELATION+STEP_COMPUTE+VERIFY_RESULT+COMPARE_AXES+DANGER_CHECK,0.4646,0.7179,0.734,0.1771,0.5972,0.2444
very_strong,0.7,7,EXTRACT_GIVENS+SOURCE_BOUNDARY+MAP_RELATION+UNIT_TRACK+STEP_COMPUTE+VERIFY_RESULT+ORIGINAL_TASK_RETURN,0.4646,0.6807,0.6951,0.175,0.5924,0.0111
saturated,0.95,6,EXTRACT_GIVENS+MAP_RELATION+STEP_COMPUTE+VERIFY_RESULT+COMPARE_AXES+UNCERTAINTY_BOUND,0.4646,0.6797,0.7,0.1632,0.541,0.0111
strong,0.46,9,EXTRACT_GIVENS+SOURCE_BOUNDARY+MAP_RELATION+STEP_COMPUTE+VERIFY_RESULT+COMPARE_AXES+UNCERTAINTY_BOUND+ORIGINAL_TASK_RETURN+DANGER_CHECK,0.4632,0.6921,0.725,0.159,0.5722,0.2611
saturated,0.95,7,EXTRACT_GIVENS+MAP_RELATION+STEP_COMPUTE+VERIFY_RESULT+COMPARE_AXES+UNCERTAINTY_BOUND+ORIGINAL_TASK_RETURN,0.4611,0.7149,0.7611,0.1451,0.6076,0.0889
very_strong,0.7,6,EXTRACT_GIVENS+SOURCE_BOUNDARY+MAP_RELATION+VERIFY_RESULT+UNCERTAINTY_BOUND+DANGER_CHECK,0.4583,0.7153,0.7306,0.1306,0.4208,0.1611
saturated,0.95,8,EXTRACT_GIVENS+SOURCE_BOUNDARY+UNIT_TRACK+STEP_COMPUTE+VERIFY_RESULT+COMPARE_AXES+UNCERTAINTY_BOUND+DANGER_CHECK,0.4576,0.7155,0.7417,0.1576,0.8132,0.2222
strong,0.46,10,EXTRACT_GIVENS+SOURCE_BOUNDARY+MAP_RELATION+UNIT_TRACK+STEP_COMPUTE+VERIFY_RESULT+COMPARE_AXES+UNCERTAINTY_BOUND+ORIGINAL_TASK_RETURN+DANGER_CHECK,0.4569,0.6795,0.6896,0.1611,0.65,0.3611
very_strong,0.7,7,EXTRACT_GIVENS+MAP_RELATION+VERIFY_RESULT+COMPARE_AXES+UNCERTAINTY_BOUND+ORIGINAL_TASK_RETURN+DANGER_CHECK,0.4556,0.7152,0.7715,0.1542,0.5458,0.1833
strong,0.46,7,EXTRACT_GIVENS+MAP_RELATION+STEP_COMPUTE+VERIFY_RESULT+UNCERTAINTY_BOUND+ORIGINAL_TASK_RETURN+DANGER_CHECK,0.4528,0.6894,0.7583,0.1479,0.434,0.1611
strong,0.46,9,EXTRACT_GIVENS+MAP_RELATION+UNIT_TRACK+STEP_COMPUTE+VERIFY_RESULT+COMPARE_AXES+UNCERTAINTY_BOUND+ORIGINAL_TASK_RETURN+DANGER_CHECK,0.4528,0.6808,0.7201,0.1521,0.5764,0.0944
very_strong,0.7,8,EXTRACT_GIVENS+SOURCE_BOUNDARY+STEP_COMPUTE+VERIFY_RESULT+COMPARE_AXES+UNCERTAINTY_BOUND+ORIGINAL_TASK_RETURN+DANGER_CHECK,0.4521,0.702,0.7361,0.1694,0.6451,0.1333
very_strong,0.7,6,EXTRACT_GIVENS+MAP_RELATION+VERIFY_RESULT+UNCERTAINTY_BOUND+ORIGINAL_TASK_RETURN+DANGER_CHECK,0.4514,0.7259,0.7729,0.1222,0.3875,0.2833
strong,0.46,8,EXTRACT_GIVENS+SOURCE_BOUNDARY+MAP_RELATION+UNIT_TRACK+STEP_COMPUTE+VERIFY_RESULT+UNCERTAINTY_BOUND+DANGER_CHECK,0.4507,0.6775,0.7069,0.1611,0.5014,0.1111
very_strong,0.7,6,EXTRACT_GIVENS+MAP_RELATION+STEP_COMPUTE+VERIFY_RESULT+COMPARE_AXES+DANGER_CHECK,0.4507,0.6767,0.7194,0.1674,0.5319,0.0389
saturated,0.95,7,EXTRACT_GIVENS+SOURCE_BOUNDARY+VERIFY_RESULT+COMPARE_AXES+UNCERTAINTY_BOUND+ORIGINAL_TASK_RETURN+DANGER_CHECK,0.45,0.6544,0.7785,0.1542,0.6632,0.0556
very_strong,0.7,6,EXTRACT_GIVENS+MAP_RELATION+UNIT_TRACK+STEP_COMPUTE+VERIFY_RESULT+ORIGINAL_TASK_RETURN,0.45,0.6309,0.6924,0.2,0.5062,0.0056
very_strong,0.7,7,EXTRACT_GIVENS+SOURCE_BOUNDARY+MAP_RELATION+UNIT_TRACK+VERIFY_RESULT+ORIGINAL_TASK_RETURN+DANGER_CHECK,0.4493,0.698,0.7681,0.15,0.6097,0.0722
saturated,0.95,7,EXTRACT_GIVENS+MAP_RELATION+UNIT_TRACK+STEP_COMPUTE+VERIFY_RESULT+COMPARE_AXES+ORIGINAL_TASK_RETURN,0.4493,0.6567,0.7194,0.1694,0.734,0.0667
very_strong,0.7,5,EXTRACT_GIVENS+MAP_RELATION+UNIT_TRACK+STEP_COMPUTE+VERIFY_RESULT,0.4493,0.6086,0.6618,0.2278,0.4528,0.0056
saturated,0.95,5,EXTRACT_GIVENS+MAP_RELATION+VERIFY_RESULT+UNCERTAINTY_BOUND+DANGER_CHECK,0.4486,0.7063,0.7875,0.1333,0.3792,0.0833
very_strong,0.7,7,EXTRACT_GIVENS+SOURCE_BOUNDARY+STEP_COMPUTE+VERIFY_RESULT+UNCERTAINTY_BOUND+ORIGINAL_TASK_RETURN+DANGER_CHECK,0.4479,0.7099,0.7694,0.1535,0.5722,0.1833
saturated,0.95,6,EXTRACT_GIVENS+SOURCE_BOUNDARY+MAP_RELATION+STEP_COMPUTE+VERIFY_RESULT+ORIGINAL_TASK_RETURN,0.4472,0.6915,0.7583,0.1528,0.5375,0.0222
very_strong,0.7,6,EXTRACT_GIVENS+SOURCE_BOUNDARY+MAP_RELATION+UNIT_TRACK+STEP_COMPUTE+VERIFY_RESULT,0.4472,0.6468,0.6556,0.1826,0.5528,0.0111
very_strong,0.7,7,EXTRACT_GIVENS+MAP_RELATION+STEP_COMPUTE+VERIFY_RESULT+COMPARE_AXES+UNCERTAINTY_BOUND+ORIGINAL_TASK_RETURN,0.4465,0.6957,0.7174,0.1674,0.5354,0.0556
strong,0.46,7,EXTRACT_GIVENS+MAP_RELATION+UNIT_TRACK+STEP_COMPUTE+VERIFY_RESULT+UNCERTAINTY_BOUND+DANGER_CHECK,0.4458,0.6475,0.6917,0.1965,0.4632,0.05
strong,0.46,8,EXTRACT_GIVENS+SOURCE_BOUNDARY+MAP_RELATION+UNIT_TRACK+STEP_COMPUTE+VERIFY_RESULT+ORIGINAL_TASK_RETURN+DANGER_CHECK,0.441,0.6566,0.7299,0.1597,0.5556,0.05
very_strong,0.7,8,EXTRACT_GIVENS+SOURCE_BOUNDARY+MAP_RELATION+UNIT_TRACK+STEP_COMPUTE+VERIFY_RESULT+COMPARE_AXES+ORIGINAL_TASK_RETURN,0.4403,0.6826,0.6951,0.175,0.725,0.05
saturated,0.95,8,EXTRACT_GIVENS+SOURCE_BOUNDARY+MAP_RELATION+UNIT_TRACK+VERIFY_RESULT+COMPARE_AXES+ORIGINAL_TASK_RETURN+DANGER_CHECK,0.4396,0.7101,0.7903,0.159,0.7882,0.1389
strong,0.46,8,EXTRACT_GIVENS+MAP_RELATION+UNIT_TRACK+STEP_COMPUTE+VERIFY_RESULT+COMPARE_AXES+UNCERTAINTY_BOUND+DANGER_CHECK,0.4382,0.6461,0.6833,0.1688,0.5257,0.0278
very_strong,0.7,7,EXTRACT_GIVENS+MAP_RELATION+UNIT_TRACK+STEP_COMPUTE+VERIFY_RESULT+COMPARE_AXES+ORIGINAL_TASK_RETURN,0.4375,0.6399,0.6979,0.1965,0.641,0.05
saturated,0.95,6,EXTRACT_GIVENS+MAP_RELATION+VERIFY_RESULT+COMPARE_AXES+UNCERTAINTY_BOUND+DANGER_CHECK,0.4361,0.6947,0.7764,0.1542,0.5056,0.0778
very_strong,0.7,6,EXTRACT_GIVENS+MAP_RELATION+VERIFY_RESULT+COMPARE_AXES+UNCERTAINTY_BOUND+DANGER_CHECK,0.4361,0.6879,0.7229,0.141,0.4611,0.0667
saturated,0.95,8,EXTRACT_GIVENS+SOURCE_BOUNDARY+MAP_RELATION+UNIT_TRACK+STEP_COMPUTE+VERIFY_RESULT+COMPARE_AXES+ORIGINAL_TASK_RETURN,0.4361,0.6884,0.7243,0.1736,0.8194,0.0556
very_strong,0.7,7,EXTRACT_GIVENS+MAP_RELATION+UNIT_TRACK+VERIFY_RESULT+COMPARE_AXES+UNCERTAINTY_BOUND+DANGER_CHECK,0.4361,0.6912,0.7007,0.1542,0.5889,0.0222
very_strong,0.7,8,EXTRACT_GIVENS+SOURCE_BOUNDARY+UNIT_TRACK+STEP_COMPUTE+VERIFY_RESULT+COMPARE_AXES+UNCERTAINTY_BOUND+DANGER_CHECK,0.4347,0.7028,0.7104,0.1576,0.6986,0.2167
saturated,0.95,7,EXTRACT_GIVENS+SOURCE_BOUNDARY+UNIT_TRACK+STEP_COMPUTE+VERIFY_RESULT+UNCERTAINTY_BOUND+DANGER_CHECK,0.4333,0.7181,0.7729,0.1437,0.7021,0.2556
strong,0.46,6,EXTRACT_GIVENS+MAP_RELATION+STEP_COMPUTE+VERIFY_RESULT+UNCERTAINTY_BOUND+DANGER_CHECK,0.4333,0.6378,0.7021,0.1792,0.3958,0.0667
very_strong,0.7,5,EXTRACT_GIVENS+MAP_RELATION+STEP_COMPUTE+VERIFY_RESULT+UNCERTAINTY_BOUND,0.4333,0.653,0.6847,0.1771,0.3757,0.0167
saturated,0.95,6,EXTRACT_GIVENS+MAP_RELATION+UNIT_TRACK+STEP_COMPUTE+VERIFY_RESULT+COMPARE_AXES,0.4326,0.6204,0.6868,0.2139,0.6542,0.0
saturated,0.95,4,EXTRACT_GIVENS+MAP_RELATION+STEP_COMPUTE+VERIFY_RESULT,0.4326,0.6049,0.6889,0.1764,0.3931,0.0
saturated,0.95,7,EXTRACT_GIVENS+UNIT_TRACK+STEP_COMPUTE+VERIFY_RESULT+UNCERTAINTY_BOUND+ORIGINAL_TASK_RETURN+DANGER_CHECK,0.4319,0.7123,0.791,0.1306,0.6472,0.2556
very_strong,0.7,8,EXTRACT_GIVENS+SOURCE_BOUNDARY+UNIT_TRACK+VERIFY_RESULT+COMPARE_AXES+UNCERTAINTY_BOUND+ORIGINAL_TASK_RETURN+DANGER_CHECK,0.4319,0.6539,0.7229,0.1729,0.7069,0.1056
strong,0.46,7,EXTRACT_GIVENS+MAP_RELATION+UNIT_TRACK+STEP_COMPUTE+VERIFY_RESULT+ORIGINAL_TASK_RETURN+DANGER_CHECK,0.4313,0.6391,0.7403,0.1708,0.4896,0.0389
very_strong,0.7,7,EXTRACT_GIVENS+SOURCE_BOUNDARY+UNIT_TRACK+STEP_COMPUTE+VERIFY_RESULT+UNCERTAINTY_BOUND+DANGER_CHECK,0.4292,0.704,0.725,0.1549,0.5993,0.2167
saturated,0.95,6,EXTRACT_GIVENS+SOURCE_BOUNDARY+MAP_RELATION+UNIT_TRACK+VERIFY_RESULT+UNCERTAINTY_BOUND,0.4285,0.6659,0.716,0.1653,0.5271,0.0722
saturated,0.95,6,EXTRACT_GIVENS+SOURCE_BOUNDARY+MAP_RELATION+VERIFY_RESULT+ORIGINAL_TASK_RETURN+DANGER_CHECK,0.4278,0.6918,0.7993,0.15,0.5076,0.1333
saturated,0.95,6,EXTRACT_GIVENS+MAP_RELATION+UNIT_TRACK+VERIFY_RESULT+ORIGINAL_TASK_RETURN+DANGER_CHECK,0.4264,0.6765,0.8035,0.1514,0.5403,0.05
saturated,0.95,8,EXTRACT_GIVENS+UNIT_TRACK+STEP_COMPUTE+VERIFY_RESULT+COMPARE_AXES+UNCERTAINTY_BOUND+ORIGINAL_TASK_RETURN+DANGER_CHECK,0.4243,0.7087,0.7625,0.1417,0.8007,0.2722
saturated,0.95,7,EXTRACT_GIVENS+SOURCE_BOUNDARY+MAP_RELATION+UNIT_TRACK+STEP_COMPUTE+VERIFY_RESULT+COMPARE_AXES,0.4243,0.6578,0.6847,0.1993,0.7521,0.0611
saturated,0.95,7,EXTRACT_GIVENS+SOURCE_BOUNDARY+MAP_RELATION+VERIFY_RESULT+COMPARE_AXES+ORIGINAL_TASK_RETURN+DANGER_CHECK,0.4236,0.6983,0.7972,0.1437,0.6243,0.1278
very_strong,0.7,7,EXTRACT_GIVENS+SOURCE_BOUNDARY+MAP_RELATION+UNIT_TRACK+VERIFY_RESULT+UNCERTAINTY_BOUND+ORIGINAL_TASK_RETURN,0.4236,0.6867,0.7188,0.1562,0.566,0.1167
very_strong,0.7,7,EXTRACT_GIVENS+SOURCE_BOUNDARY+STEP_COMPUTE+VERIFY_RESULT+COMPARE_AXES+UNCERTAINTY_BOUND+DANGER_CHECK,0.4229,0.682,0.6979,0.1569,0.5813,0.1389
strong,0.46,7,EXTRACT_GIVENS+SOURCE_BOUNDARY+MAP_RELATION+STEP_COMPUTE+VERIFY_RESULT+UNCERTAINTY_BOUND+DANGER_CHECK,0.4222,0.6648,0.7118,0.1625,0.425,0.1389
saturated,0.95,5,EXTRACT_GIVENS+MAP_RELATION+STEP_COMPUTE+VERIFY_RESULT+ORIGINAL_TASK_RETURN,0.4222,0.6307,0.7368,0.1729,0.4646,0.0222
very_strong,0.7,6,EXTRACT_GIVENS+MAP_RELATION+STEP_COMPUTE+VERIFY_RESULT+COMPARE_AXES+UNCERTAINTY_BOUND,0.4222,0.6556,0.6535,0.1931,0.509,0.0111
very_strong,0.7,8,EXTRACT_GIVENS+SOURCE_BOUNDARY+MAP_RELATION+UNIT_TRACK+VERIFY_RESULT+COMPARE_AXES+ORIGINAL_TASK_RETURN+DANGER_CHECK,0.4208,0.6948,0.7299,0.1681,0.6507,0.1111
very_strong,0.7,6,EXTRACT_GIVENS+SOURCE_BOUNDARY+MAP_RELATION+STEP_COMPUTE+VERIFY_RESULT+ORIGINAL_TASK_RETURN,0.4208,0.668,0.7167,0.1785,0.484,0.0056
strong,0.46,8,EXTRACT_GIVENS+SOURCE_BOUNDARY+MAP_RELATION+STEP_COMPUTE+VERIFY_RESULT+COMPARE_AXES+UNCERTAINTY_BOUND+DANGER_CHECK,0.4194,0.6612,0.7104,0.1743,0.5188,0.1111
saturated,0.95,7,EXTRACT_GIVENS+SOURCE_BOUNDARY+STEP_COMPUTE+VERIFY_RESULT+COMPARE_AXES+UNCERTAINTY_BOUND+DANGER_CHECK,0.4188,0.6856,0.7569,0.1743,0.7076,0.1444
saturated,0.95,7,EXTRACT_GIVENS+SOURCE_BOUNDARY+MAP_RELATION+UNIT_TRACK+VERIFY_RESULT+UNCERTAINTY_BOUND+ORIGINAL_TASK_RETURN,0.4181,0.7004,0.7556,0.1507,0.616,0.0667
saturated,0.95,8,EXTRACT_GIVENS+SOURCE_BOUNDARY+UNIT_TRACK+VERIFY_RESULT+COMPARE_AXES+UNCERTAINTY_BOUND+ORIGINAL_TASK_RETURN+DANGER_CHECK,0.4181,0.6656,0.7632,0.1667,0.8333,0.05
strong,0.46,7,EXTRACT_GIVENS+SOURCE_BOUNDARY+MAP_RELATION+STEP_COMPUTE+VERIFY_RESULT+ORIGINAL_TASK_RETURN+DANGER_CHECK,0.4167,0.6449,0.7451,0.1639,0.4889,0.0389
saturated,0.95,5,EXTRACT_GIVENS+SOURCE_BOUNDARY+MAP_RELATION+STEP_COMPUTE+VERIFY_RESULT,0.416,0.6468,0.7069,0.1764,0.5111,0.0056
very_strong,0.7,5,EXTRACT_GIVENS+MAP_RELATION+VERIFY_RESULT+UNCERTAINTY_BOUND+DANGER_CHECK,0.4153,0.6873,0.7319,0.134,0.3688,0.0889
strong,0.46,7,EXTRACT_GIVENS+MAP_RELATION+STEP_COMPUTE+VERIFY_RESULT+COMPARE_AXES+UNCERTAINTY_BOUND+DANGER_CHECK,0.4153,0.6312,0.6861,0.1715,0.4729,0.0167
very_strong,0.7,6,EXTRACT_GIVENS+MAP_RELATION+UNIT_TRACK+STEP_COMPUTE+VERIFY_RESULT+COMPARE_AXES,0.4146,0.5988,0.6417,0.2278,0.6222,0.0056
saturated,0.95,7,EXTRACT_GIVENS+UNIT_TRACK+STEP_COMPUTE+VERIFY_RESULT+COMPARE_AXES+UNCERTAINTY_BOUND+DANGER_CHECK,0.4125,0.6808,0.7479,0.1646,0.7271,0.0333
very_strong,0.7,7,EXTRACT_GIVENS+SOURCE_BOUNDARY+MAP_RELATION+UNIT_TRACK+STEP_COMPUTE+VERIFY_RESULT+COMPARE_AXES,0.4125,0.631,0.6188,0.2111,0.6472,0.0333
very_strong,0.7,6,EXTRACT_GIVENS+SOURCE_BOUNDARY+MAP_RELATION+VERIFY_RESULT+ORIGINAL_TASK_RETURN+DANGER_CHECK,0.409,0.6728,0.759,0.1625,0.4958,0.1111
very_strong,0.7,7,EXTRACT_GIVENS+UNIT_TRACK+STEP_COMPUTE+VERIFY_RESULT+UNCERTAINTY_BOUND+ORIGINAL_TASK_RETURN+DANGER_CHECK,0.4076,0.7019,0.7562,0.1431,0.5687,0.2722
strong,0.46,9,EXTRACT_GIVENS+SOURCE_BOUNDARY+MAP_RELATION+UNIT_TRACK+STEP_COMPUTE+VERIFY_RESULT+COMPARE_AXES+UNCERTAINTY_BOUND+DANGER_CHECK,0.4076,0.648,0.6653,0.1882,0.5771,0.0944
very_strong,0.7,5,EXTRACT_GIVENS+MAP_RELATION+STEP_COMPUTE+VERIFY_RESULT+ORIGINAL_TASK_RETURN,0.4076,0.6183,0.6931,0.1806,0.4208,0.0056
saturated,0.95,6,EXTRACT_GIVENS+UNIT_TRACK+STEP_COMPUTE+VERIFY_RESULT+UNCERTAINTY_BOUND+DANGER_CHECK,0.4069,0.6811,0.7646,0.1646,0.5736,0.05
saturated,0.95,6,EXTRACT_GIVENS+SOURCE_BOUNDARY+MAP_RELATION+UNIT_TRACK+VERIFY_RESULT+DANGER_CHECK,0.4062,0.6931,0.7688,0.1444,0.5972,0.1111
saturated,0.95,6,EXTRACT_GIVENS+MAP_RELATION+UNIT_TRACK+VERIFY_RESULT+UNCERTAINTY_BOUND+ORIGINAL_TASK_RETURN,0.4056,0.6744,0.7465,0.1354,0.5035,0.0833
very_strong,0.7,8,EXTRACT_GIVENS+UNIT_TRACK+STEP_COMPUTE+VERIFY_RESULT+COMPARE_AXES+UNCERTAINTY_BOUND+ORIGINAL_TASK_RETURN+DANGER_CHECK,0.4035,0.6905,0.7049,0.1556,0.7014,0.2222
very_strong,0.7,4,EXTRACT_GIVENS+MAP_RELATION+STEP_COMPUTE+VERIFY_RESULT,0.4035,0.5819,0.6604,0.2382,0.3646,0.0
strong,0.46,8,EXTRACT_GIVENS+MAP_RELATION+STEP_COMPUTE+VERIFY_RESULT+COMPARE_AXES+UNCERTAINTY_BOUND+ORIGINAL_TASK_RETURN+DANGER_CHECK,0.4028,0.652,0.7181,0.166,0.5333,0.1111
very_strong,0.7,7,EXTRACT_GIVENS+SOURCE_BOUNDARY+VERIFY_RESULT+COMPARE_AXES+UNCERTAINTY_BOUND+ORIGINAL_TASK_RETURN+DANGER_CHECK,0.4028,0.6258,0.7146,0.1632,0.6479,0.0389
strong,0.46,7,EXTRACT_GIVENS+SOURCE_BOUNDARY+MAP_RELATION+VERIFY_RESULT+UNCERTAINTY_BOUND+ORIGINAL_TASK_RETURN+DANGER_CHECK,0.4021,0.6514,0.7389,0.15,0.4451,0.1556
very_strong,0.7,6,EXTRACT_GIVENS+MAP_RELATION+UNIT_TRACK+VERIFY_RESULT+ORIGINAL_TASK_RETURN+DANGER_CHECK,0.4021,0.6636,0.7639,0.159,0.5181,0.0722
strong,0.46,6,EXTRACT_GIVENS+MAP_RELATION+STEP_COMPUTE+VERIFY_RESULT+ORIGINAL_TASK_RETURN+DANGER_CHECK,0.4014,0.6255,0.7201,0.1632,0.4062,0.05
very_strong,0.7,5,EXTRACT_GIVENS+SOURCE_BOUNDARY+MAP_RELATION+STEP_COMPUTE+VERIFY_RESULT,0.4007,0.632,0.6958,0.1951,0.4493,0.0
very_strong,0.7,7,EXTRACT_GIVENS+UNIT_TRACK+STEP_COMPUTE+VERIFY_RESULT+COMPARE_AXES+UNCERTAINTY_BOUND+DANGER_CHECK,0.3979,0.669,0.6979,0.1736,0.5944,0.0556
saturated,0.95,8,SOURCE_BOUNDARY+MAP_RELATION+UNIT_TRACK+STEP_COMPUTE+VERIFY_RESULT+UNCERTAINTY_BOUND+ORIGINAL_TASK_RETURN+DANGER_CHECK,0.3972,0.6744,0.7104,0.1535,0.7562,0.0444
saturated,0.95,7,EXTRACT_GIVENS+SOURCE_BOUNDARY+UNIT_TRACK+STEP_COMPUTE+VERIFY_RESULT+UNCERTAINTY_BOUND+ORIGINAL_TASK_RETURN,0.3965,0.6553,0.7431,0.1701,0.75,0.05
saturated,0.95,8,EXTRACT_GIVENS+SOURCE_BOUNDARY+UNIT_TRACK+STEP_COMPUTE+VERIFY_RESULT+COMPARE_AXES+ORIGINAL_TASK_RETURN+DANGER_CHECK,0.3958,0.6856,0.7667,0.1542,0.8674,0.1167
strong,0.46,7,EXTRACT_GIVENS+SOURCE_BOUNDARY+MAP_RELATION+UNIT_TRACK+STEP_COMPUTE+VERIFY_RESULT+DANGER_CHECK,0.3951,0.6165,0.6896,0.1986,0.5049,0.0278
saturated,0.95,5,EXTRACT_GIVENS+MAP_RELATION+UNIT_TRACK+VERIFY_RESULT+UNCERTAINTY_BOUND,0.3944,0.6371,0.6972,0.1653,0.4514,0.0056
saturated,0.95,7,EXTRACT_GIVENS+SOURCE_BOUNDARY+UNIT_TRACK+STEP_COMPUTE+VERIFY_RESULT+ORIGINAL_TASK_RETURN+DANGER_CHECK,0.3924,0.6729,0.7826,0.1632,0.7285,0.0778
very_strong,0.7,7,EXTRACT_GIVENS+SOURCE_BOUNDARY+MAP_RELATION+STEP_COMPUTE+VERIFY_RESULT+COMPARE_AXES+ORIGINAL_TASK_RETURN,0.3917,0.6749,0.7181,0.175,0.6208,0.1
saturated,0.95,7,EXTRACT_GIVENS+SOURCE_BOUNDARY+UNIT_TRACK+VERIFY_RESULT+UNCERTAINTY_BOUND+ORIGINAL_TASK_RETURN+DANGER_CHECK,0.391,0.6636,0.7757,0.1604,0.6847,0.0722
saturated,0.95,7,EXTRACT_GIVENS+MAP_RELATION+UNIT_TRACK+VERIFY_RESULT+COMPARE_AXES+ORIGINAL_TASK_RETURN+DANGER_CHECK,0.391,0.6744,0.7611,0.1569,0.6653,0.0667
saturated,0.95,6,EXTRACT_GIVENS+MAP_RELATION+STEP_COMPUTE+VERIFY_RESULT+COMPARE_AXES+ORIGINAL_TASK_RETURN,0.391,0.6412,0.7368,0.1743,0.5896,0.0611
strong,0.46,9,EXTRACT_GIVENS+SOURCE_BOUNDARY+MAP_RELATION+UNIT_TRACK+VERIFY_RESULT+COMPARE_AXES+UNCERTAINTY_BOUND+ORIGINAL_TASK_RETURN+DANGER_CHECK,0.3903,0.6398,0.7181,0.1604,0.6174,0.2167
strong,0.46,8,EXTRACT_GIVENS+SOURCE_BOUNDARY+MAP_RELATION+UNIT_TRACK+STEP_COMPUTE+VERIFY_RESULT+UNCERTAINTY_BOUND+ORIGINAL_TASK_RETURN,0.3903,0.6108,0.6681,0.1972,0.5146,0.0222
saturated,0.95,6,EXTRACT_GIVENS+SOURCE_BOUNDARY+STEP_COMPUTE+VERIFY_RESULT+UNCERTAINTY_BOUND+DANGER_CHECK,0.3896,0.6928,0.7757,0.1493,0.5472,0.1667
saturated,0.95,6,EXTRACT_GIVENS+SOURCE_BOUNDARY+VERIFY_RESULT+UNCERTAINTY_BOUND+ORIGINAL_TASK_RETURN+DANGER_CHECK,0.3889,0.6417,0.7778,0.1632,0.5181,0.0889
saturated,0.95,8,EXTRACT_GIVENS+SOURCE_BOUNDARY+MAP_RELATION+UNIT_TRACK+VERIFY_RESULT+COMPARE_AXES+UNCERTAINTY_BOUND+ORIGINAL_TASK_RETURN,0.3882,0.693,0.7278,0.1535,0.7694,0.1778
strong,0.46,6,EXTRACT_GIVENS+MAP_RELATION+UNIT_TRACK+STEP_COMPUTE+VERIFY_RESULT+UNCERTAINTY_BOUND,0.3882,0.5765,0.6403,0.2174,0.45,0.0
saturated,0.95,7,EXTRACT_GIVENS+STEP_COMPUTE+VERIFY_RESULT+COMPARE_AXES+UNCERTAINTY_BOUND+ORIGINAL_TASK_RETURN+DANGER_CHECK,0.3875,0.6916,0.7875,0.1465,0.634,0.2167
strong,0.46,8,EXTRACT_GIVENS+SOURCE_BOUNDARY+MAP_RELATION+VERIFY_RESULT+COMPARE_AXES+UNCERTAINTY_BOUND+ORIGINAL_TASK_RETURN+DANGER_CHECK,0.3875,0.6294,0.7368,0.1799,0.5222,0.1056
very_strong,0.7,7,EXTRACT_GIVENS+SOURCE_BOUNDARY+MAP_RELATION+VERIFY_RESULT+COMPARE_AXES+ORIGINAL_TASK_RETURN+DANGER_CHECK,0.3875,0.6685,0.7153,0.1597,0.5986,0.1
very_strong,0.7,6,EXTRACT_GIVENS+SOURCE_BOUNDARY+MAP_RELATION+UNIT_TRACK+VERIFY_RESULT+DANGER_CHECK,0.3861,0.6697,0.7264,0.175,0.5215,0.0667
saturated,0.95,5,EXTRACT_GIVENS+MAP_RELATION+UNIT_TRACK+VERIFY_RESULT+DANGER_CHECK,0.3861,0.6473,0.7597,0.159,0.4986,0.0444
saturated,0.95,7,EXTRACT_GIVENS+SOURCE_BOUNDARY+MAP_RELATION+UNIT_TRACK+VERIFY_RESULT+COMPARE_AXES+DANGER_CHECK,0.3854,0.6876,0.75,0.1694,0.6757,0.15
strong,0.46,6,EXTRACT_GIVENS+MAP_RELATION+UNIT_TRACK+STEP_COMPUTE+VERIFY_RESULT+DANGER_CHECK,0.3854,0.5852,0.6681,0.2132,0.4576,0.0333
strong,0.46,8,EXTRACT_GIVENS+SOURCE_BOUNDARY+MAP_RELATION+UNIT_TRACK+VERIFY_RESULT+UNCERTAINTY_BOUND+ORIGINAL_TASK_RETURN+DANGER_CHECK,0.3847,0.6393,0.7021,0.1514,0.5132,0.1667
strong,0.46,9,EXTRACT_GIVENS+SOURCE_BOUNDARY+MAP_RELATION+UNIT_TRACK+STEP_COMPUTE+VERIFY_RESULT+COMPARE_AXES+ORIGINAL_TASK_RETURN+DANGER_CHECK,0.384,0.6369,0.7014,0.1792,0.6361,0.1444
strong,0.46,8,EXTRACT_GIVENS+MAP_RELATION+UNIT_TRACK+STEP_COMPUTE+VERIFY_RESULT+COMPARE_AXES+ORIGINAL_TASK_RETURN+DANGER_CHECK,0.3833,0.6132,0.7063,0.1917,0.5854,0.0389
strong,0.46,7,EXTRACT_GIVENS+SOURCE_BOUNDARY+MAP_RELATION+UNIT_TRACK+STEP_COMPUTE+VERIFY_RESULT+UNCERTAINTY_BOUND,0.3833,0.5922,0.6479,0.2271,0.4625,0.0167
very_strong,0.7,7,EXTRACT_GIVENS+SOURCE_BOUNDARY+UNIT_TRACK+VERIFY_RESULT+UNCERTAINTY_BOUND+ORIGINAL_TASK_RETURN+DANGER_CHECK,0.3819,0.6523,0.7285,0.1736,0.6028,0.0889
strong,0.46,5,EXTRACT_GIVENS+MAP_RELATION+STEP_COMPUTE+VERIFY_RESULT+DANGER_CHECK,0.3806,0.5957,0.7132,0.184,0.3819,0.0444
saturated,0.95,7,EXTRACT_GIVENS+SOURCE_BOUNDARY+MAP_RELATION+STEP_COMPUTE+VERIFY_RESULT+COMPARE_AXES+ORIGINAL_TASK_RETURN,0.3799,0.6798,0.7514,0.1639,0.6944,0.0667
strong,0.46,7,EXTRACT_GIVENS+MAP_RELATION+UNIT_TRACK+STEP_COMPUTE+VERIFY_RESULT+UNCERTAINTY_BOUND+ORIGINAL_TASK_RETURN,0.3799,0.5927,0.6667,0.1979,0.5,0.0167
saturated,0.95,6,EXTRACT_GIVENS+MAP_RELATION+UNIT_TRACK+VERIFY_RESULT+COMPARE_AXES+DANGER_CHECK,0.3785,0.6525,0.7236,0.1604,0.6153,0.0778
very_strong,0.7,8,SOURCE_BOUNDARY+MAP_RELATION+UNIT_TRACK+STEP_COMPUTE+VERIFY_RESULT+UNCERTAINTY_BOUND+ORIGINAL_TASK_RETURN+DANGER_CHECK,0.3785,0.6629,0.6778,0.159,0.6639,0.0667
very_strong,0.7,7,EXTRACT_GIVENS+SOURCE_BOUNDARY+UNIT_TRACK+STEP_COMPUTE+VERIFY_RESULT+ORIGINAL_TASK_RETURN+DANGER_CHECK,0.3778,0.6646,0.7458,0.1674,0.6417,0.0722
saturated,0.95,6,EXTRACT_GIVENS+SOURCE_BOUNDARY+MAP_RELATION+VERIFY_RESULT+UNCERTAINTY_BOUND+ORIGINAL_TASK_RETURN,0.3771,0.679,0.741,0.1465,0.4688,0.0889
strong,0.46,7,EXTRACT_GIVENS+MAP_RELATION+STEP_COMPUTE+VERIFY_RESULT+COMPARE_AXES+ORIGINAL_TASK_RETURN+DANGER_CHECK,0.3764,0.6159,0.7201,0.175,0.4903,0.0389
very_strong,0.7,5,EXTRACT_GIVENS+MAP_RELATION+UNIT_TRACK+VERIFY_RESULT+DANGER_CHECK,0.375,0.6214,0.7153,0.191,0.4493,0.0556
very_strong,0.7,8,EXTRACT_GIVENS+SOURCE_BOUNDARY+MAP_RELATION+UNIT_TRACK+VERIFY_RESULT+COMPARE_AXES+UNCERTAINTY_BOUND+ORIGINAL_TASK_RETURN,0.3743,0.6724,0.6785,0.1688,0.6806,0.2
saturated,0.95,6,EXTRACT_GIVENS+SOURCE_BOUNDARY+UNIT_TRACK+STEP_COMPUTE+VERIFY_RESULT+UNCERTAINTY_BOUND,0.3743,0.6182,0.7028,0.2014,0.6472,0.0333
very_strong,0.7,7,EXTRACT_GIVENS+SOURCE_BOUNDARY+UNIT_TRACK+STEP_COMPUTE+VERIFY_RESULT+UNCERTAINTY_BOUND+ORIGINAL_TASK_RETURN,0.3729,0.638,0.7083,0.1826,0.6486,0.0389
saturated,0.95,6,EXTRACT_GIVENS+SOURCE_BOUNDARY+MAP_RELATION+STEP_COMPUTE+VERIFY_RESULT+COMPARE_AXES,0.3722,0.652,0.7056,0.1618,0.6257,0.0444
very_strong,0.7,6,EXTRACT_GIVENS+UNIT_TRACK+STEP_COMPUTE+VERIFY_RESULT+UNCERTAINTY_BOUND+DANGER_CHECK,0.3722,0.6617,0.7229,0.1764,0.5257,0.0278
saturated,0.95,6,EXTRACT_GIVENS+STEP_COMPUTE+VERIFY_RESULT+UNCERTAINTY_BOUND+ORIGINAL_TASK_RETURN+DANGER_CHECK,0.3715,0.6922,0.784,0.1326,0.5319,0.2667
saturated,0.95,7,EXTRACT_GIVENS+SOURCE_BOUNDARY+MAP_RELATION+VERIFY_RESULT+COMPARE_AXES+UNCERTAINTY_BOUND+ORIGINAL_TASK_RETURN,0.3708,0.6821,0.7611,0.1736,0.5938,0.1556
very_strong,0.7,5,EXTRACT_GIVENS+MAP_RELATION+STEP_COMPUTE+VERIFY_RESULT+COMPARE_AXES,0.3708,0.5961,0.6549,0.2222,0.4986,0.0056
very_strong,0.7,6,EXTRACT_GIVENS+STEP_COMPUTE+VERIFY_RESULT+UNCERTAINTY_BOUND+ORIGINAL_TASK_RETURN+DANGER_CHECK,0.3694,0.6817,0.7715,0.1556,0.4861,0.2556
saturated,0.95,5,EXTRACT_GIVENS+MAP_RELATION+VERIFY_RESULT+ORIGINAL_TASK_RETURN+DANGER_CHECK,0.3694,0.6579,0.7729,0.1472,0.4361,0.0889
very_strong,0.7,6,EXTRACT_GIVENS+SOURCE_BOUNDARY+STEP_COMPUTE+VERIFY_RESULT+UNCERTAINTY_BOUND+DANGER_CHECK,0.3688,0.6786,0.7208,0.1646,0.4764,0.2389
saturated,0.95,5,EXTRACT_GIVENS+STEP_COMPUTE+VERIFY_RESULT+UNCERTAINTY_BOUND+DANGER_CHECK,0.3688,0.6691,0.7597,0.1569,0.4493,0.0833
saturated,0.95,5,EXTRACT_GIVENS+SOURCE_BOUNDARY+MAP_RELATION+VERIFY_RESULT+UNCERTAINTY_BOUND,0.3688,0.6562,0.7201,0.1583,0.3965,0.0667
very_strong,0.7,7,EXTRACT_GIVENS+MAP_RELATION+UNIT_TRACK+VERIFY_RESULT+COMPARE_AXES+ORIGINAL_TASK_RETURN+DANGER_CHECK,0.3681,0.6616,0.7174,0.1674,0.6375,0.1333
saturated,0.95,6,EXTRACT_GIVENS+STEP_COMPUTE+VERIFY_RESULT+COMPARE_AXES+UNCERTAINTY_BOUND+DANGER_CHECK,0.3674,0.6588,0.7403,0.1688,0.5771,0.0833
very_strong,0.7,7,EXTRACT_GIVENS+SOURCE_BOUNDARY+MAP_RELATION+VERIFY_RESULT+COMPARE_AXES+UNCERTAINTY_BOUND+ORIGINAL_TASK_RETURN,0.3667,0.6609,0.6951,0.1799,0.5618,0.1667
very_strong,0.7,8,EXTRACT_GIVENS+SOURCE_BOUNDARY+UNIT_TRACK+STEP_COMPUTE+VERIFY_RESULT+COMPARE_AXES+ORIGINAL_TASK_RETURN+DANGER_CHECK,0.366,0.6613,0.7326,0.1833,0.7479,0.1333
very_strong,0.7,6,EXTRACT_GIVENS+SOURCE_BOUNDARY+VERIFY_RESULT+UNCERTAINTY_BOUND+ORIGINAL_TASK_RETURN+DANGER_CHECK,0.366,0.6325,0.7354,0.166,0.4722,0.1
strong,0.46,8,EXTRACT_GIVENS+SOURCE_BOUNDARY+MAP_RELATION+STEP_COMPUTE+VERIFY_RESULT+COMPARE_AXES+ORIGINAL_TASK_RETURN+DANGER_CHECK,0.3653,0.626,0.7181,0.1861,0.5479,0.15
very_strong,0.7,6,EXTRACT_GIVENS+MAP_RELATION+UNIT_TRACK+VERIFY_RESULT+UNCERTAINTY_BOUND+ORIGINAL_TASK_RETURN,0.3653,0.647,0.6986,0.1688,0.4736,0.05
strong,0.46,7,EXTRACT_GIVENS+MAP_RELATION+UNIT_TRACK+STEP_COMPUTE+VERIFY_RESULT+COMPARE_AXES+DANGER_CHECK,0.3646,0.5869,0.6549,0.2014,0.5285,0.0111
very_strong,0.7,9,SOURCE_BOUNDARY+MAP_RELATION+UNIT_TRACK+STEP_COMPUTE+VERIFY_RESULT+COMPARE_AXES+UNCERTAINTY_BOUND+ORIGINAL_TASK_RETURN+DANGER_CHECK,0.3632,0.6617,0.6632,0.1701,0.8215,0.2278
strong,0.46,7,EXTRACT_GIVENS+SOURCE_BOUNDARY+MAP_RELATION+STEP_COMPUTE+VERIFY_RESULT+UNCERTAINTY_BOUND+ORIGINAL_TASK_RETURN,0.3632,0.61,0.6847,0.1882,0.4444,0.05
very_strong,0.7,7,EXTRACT_GIVENS+SOURCE_BOUNDARY+MAP_RELATION+UNIT_TRACK+VERIFY_RESULT+COMPARE_AXES+UNCERTAINTY_BOUND,0.3625,0.6331,0.6243,0.2104,0.6049,0.0667
saturated,0.95,8,EXTRACT_GIVENS+MAP_RELATION+UNIT_TRACK+STEP_COMPUTE+COMPARE_AXES+UNCERTAINTY_BOUND+ORIGINAL_TASK_RETURN+DANGER_CHECK,0.3618,0.6189,0.7014,0.2153,0.7903,0.0556
saturated,0.95,7,EXTRACT_GIVENS+SOURCE_BOUNDARY+MAP_RELATION+UNIT_TRACK+VERIFY_RESULT+COMPARE_AXES+UNCERTAINTY_BOUND,0.3611,0.6537,0.7,0.1931,0.6868,0.0611
very_strong,0.7,6,EXTRACT_GIVENS+SOURCE_BOUNDARY+MAP_RELATION+UNIT_TRACK+VERIFY_RESULT+UNCERTAINTY_BOUND,0.3611,0.6354,0.6583,0.1799,0.5174,0.0444
saturated,0.95,6,EXTRACT_GIVENS+MAP_RELATION+UNIT_TRACK+VERIFY_RESULT+COMPARE_AXES+UNCERTAINTY_BOUND,0.3611,0.6355,0.675,0.1674,0.5722,0.0056
saturated,0.95,7,EXTRACT_GIVENS+MAP_RELATION+UNIT_TRACK+VERIFY_RESULT+COMPARE_AXES+UNCERTAINTY_BOUND+ORIGINAL_TASK_RETURN,0.3604,0.6639,0.7243,0.1542,0.659,0.05
saturated,0.95,6,EXTRACT_GIVENS+SOURCE_BOUNDARY+VERIFY_RESULT+COMPARE_AXES+UNCERTAINTY_BOUND+DANGER_CHECK,0.3597,0.619,0.7333,0.1701,0.6174,0.0667
saturated,0.95,7,EXTRACT_GIVENS+MAP_RELATION+UNIT_TRACK+STEP_COMPUTE+UNCERTAINTY_BOUND+ORIGINAL_TASK_RETURN+DANGER_CHECK,0.3597,0.6319,0.7118,0.1604,0.6868,0.0222
saturated,0.95,5,EXTRACT_GIVENS+MAP_RELATION+STEP_COMPUTE+VERIFY_RESULT+COMPARE_AXES,0.359,0.6044,0.6896,0.1965,0.5701,0.0167
strong,0.46,8,EXTRACT_GIVENS+SOURCE_BOUNDARY+MAP_RELATION+UNIT_TRACK+STEP_COMPUTE+VERIFY_RESULT+COMPARE_AXES+UNCERTAINTY_BOUND,0.359,0.5832,0.6215,0.216,0.5368,0.0167
very_strong,0.7,6,EXTRACT_GIVENS+SOURCE_BOUNDARY+MAP_RELATION+VERIFY_RESULT+UNCERTAINTY_BOUND+ORIGINAL_TASK_RETURN,0.3583,0.6525,0.7174,0.1694,0.4826,0.1
saturated,0.95,6,EXTRACT_GIVENS+MAP_RELATION+VERIFY_RESULT+COMPARE_AXES+ORIGINAL_TASK_RETURN+DANGER_CHECK,0.3583,0.667,0.7799,0.1444,0.5243,0.0722
very_strong,0.7,6,EXTRACT_GIVENS+MAP_RELATION+STEP_COMPUTE+VERIFY_RESULT+COMPARE_AXES+ORIGINAL_TASK_RETURN,0.3583,0.6228,0.6736,0.1799,0.5215,0.0722
saturated,0.95,9,EXTRACT_GIVENS+SOURCE_BOUNDARY+MAP_RELATION+UNIT_TRACK+STEP_COMPUTE+COMPARE_AXES+UNCERTAINTY_BOUND+ORIGINAL_TASK_RETURN+DANGER_CHECK,0.3556,0.6698,0.6986,0.1792,0.8681,0.25
saturated,0.95,7,EXTRACT_GIVENS+SOURCE_BOUNDARY+UNIT_TRACK+VERIFY_RESULT+COMPARE_AXES+UNCERTAINTY_BOUND+DANGER_CHECK,0.3556,0.6315,0.7083,0.1826,0.7194,0.1056
very_strong,0.7,7,SOURCE_BOUNDARY+MAP_RELATION+STEP_COMPUTE+VERIFY_RESULT+UNCERTAINTY_BOUND+ORIGINAL_TASK_RETURN+DANGER_CHECK,0.3556,0.6453,0.6757,0.1562,0.5917,0.0611
strong,0.46,6,EXTRACT_GIVENS+SOURCE_BOUNDARY+MAP_RELATION+STEP_COMPUTE+VERIFY_RESULT+DANGER_CHECK,0.3556,0.6114,0.6924,0.1868,0.4285,0.0444
very_strong,0.7,7,EXTRACT_GIVENS+SOURCE_BOUNDARY+MAP_RELATION+UNIT_TRACK+VERIFY_RESULT+COMPARE_AXES+DANGER_CHECK,0.3549,0.671,0.6882,0.1604,0.6139,0.1611
saturated,0.95,7,SOURCE_BOUNDARY+MAP_RELATION+STEP_COMPUTE+VERIFY_RESULT+UNCERTAINTY_BOUND+ORIGINAL_TASK_RETURN+DANGER_CHECK,0.3549,0.6576,0.6958,0.1424,0.6021,0.0778
saturated,0.95,7,MAP_RELATION+UNIT_TRACK+STEP_COMPUTE+VERIFY_RESULT+UNCERTAINTY_BOUND+ORIGINAL_TASK_RETURN+DANGER_CHECK,0.3549,0.6334,0.6979,0.1743,0.6472,0.0556
strong,0.46,5,EXTRACT_GIVENS+MAP_RELATION+UNIT_TRACK+STEP_COMPUTE+VERIFY_RESULT,0.3549,0.5201,0.5924,0.2444,0.4257,0.0
saturated,0.95,6,EXTRACT_GIVENS+UNIT_TRACK+STEP_COMPUTE+VERIFY_RESULT+ORIGINAL_TASK_RETURN+DANGER_CHECK,0.3542,0.6442,0.7625,0.1653,0.6382,0.0778
saturated,0.95,7,EXTRACT_GIVENS+MAP_RELATION+UNIT_TRACK+STEP_COMPUTE+COMPARE_AXES+UNCERTAINTY_BOUND+DANGER_CHECK,0.3535,0.601,0.6479,0.2146,0.725,0.0056
very_strong,0.7,7,EXTRACT_GIVENS+STEP_COMPUTE+VERIFY_RESULT+COMPARE_AXES+UNCERTAINTY_BOUND+ORIGINAL_TASK_RETURN+DANGER_CHECK,0.3528,0.6688,0.7243,0.1528,0.5931,0.1778
strong,0.46,7,EXTRACT_GIVENS+MAP_RELATION+UNIT_TRACK+VERIFY_RESULT+UNCERTAINTY_BOUND+ORIGINAL_TASK_RETURN+DANGER_CHECK,0.3528,0.6251,0.7146,0.1646,0.4681,0.1556
saturated,0.95,8,EXTRACT_GIVENS+SOURCE_BOUNDARY+UNIT_TRACK+STEP_COMPUTE+VERIFY_RESULT+COMPARE_AXES+UNCERTAINTY_BOUND+ORIGINAL_TASK_RETURN,0.3528,0.6502,0.6937,0.1646,0.8389,0.0556
very_strong,0.7,6,EXTRACT_GIVENS+SOURCE_BOUNDARY+MAP_RELATION+VERIFY_RESULT+COMPARE_AXES+DANGER_CHECK,0.3514,0.6585,0.6931,0.1569,0.4951,0.1889
strong,0.46,8,EXTRACT_GIVENS+MAP_RELATION+UNIT_TRACK+STEP_COMPUTE+VERIFY_RESULT+COMPARE_AXES+UNCERTAINTY_BOUND+ORIGINAL_TASK_RETURN,0.3514,0.5794,0.6472,0.216,0.5597,0.0333
strong,0.46,6,EXTRACT_GIVENS+MAP_RELATION+UNIT_TRACK+STEP_COMPUTE+VERIFY_RESULT+ORIGINAL_TASK_RETURN,0.3514,0.5439,0.6694,0.2326,0.4694,0.0056
saturated,0.95,5,EXTRACT_GIVENS+UNIT_TRACK+STEP_COMPUTE+VERIFY_RESULT+UNCERTAINTY_BOUND,0.3514,0.5854,0.6861,0.2069,0.5694,0.0
very_strong,0.7,5,EXTRACT_GIVENS+MAP_RELATION+VERIFY_RESULT+ORIGINAL_TASK_RETURN+DANGER_CHECK,0.35,0.6482,0.7611,0.1556,0.4,0.0833
very_strong,0.7,6,EXTRACT_GIVENS+SOURCE_BOUNDARY+MAP_RELATION+STEP_COMPUTE+VERIFY_RESULT+COMPARE_AXES,0.35,0.6287,0.6576,0.1875,0.5549,0.0389
strong,0.46,7,EXTRACT_GIVENS+MAP_RELATION+UNIT_TRACK+STEP_COMPUTE+VERIFY_RESULT+COMPARE_AXES+UNCERTAINTY_BOUND,0.35,0.5596,0.5924,0.2167,0.5285,0.0
saturated,0.95,6,EXTRACT_GIVENS+SOURCE_BOUNDARY+MAP_RELATION+VERIFY_RESULT+COMPARE_AXES+DANGER_CHECK,0.3493,0.6715,0.7514,0.1458,0.5799,0.15
saturated,0.95,6,EXTRACT_GIVENS+SOURCE_BOUNDARY+STEP_COMPUTE+VERIFY_RESULT+ORIGINAL_TASK_RETURN+DANGER_CHECK,0.3472,0.6533,0.791,0.1757,0.6319,0.1111
strong,0.46,6,EXTRACT_GIVENS+MAP_RELATION+STEP_COMPUTE+VERIFY_RESULT+COMPARE_AXES+DANGER_CHECK,0.3465,0.5784,0.6653,0.1854,0.4632,0.0444
saturated,0.95,6,EXTRACT_GIVENS+MAP_RELATION+UNIT_TRACK+STEP_COMPUTE+UNCERTAINTY_BOUND+DANGER_CHECK,0.3465,0.5952,0.675,0.209,0.6382,0.0222
strong,0.46,6,EXTRACT_GIVENS+SOURCE_BOUNDARY+MAP_RELATION+STEP_COMPUTE+VERIFY_RESULT+UNCERTAINTY_BOUND,0.3465,0.5724,0.6417,0.1931,0.4236,0.0167
very_strong,0.7,7,EXTRACT_GIVENS+MAP_RELATION+UNIT_TRACK+STEP_COMPUTE+COMPARE_AXES+UNCERTAINTY_BOUND+DANGER_CHECK,0.3465,0.5914,0.634,0.2167,0.6444,0.0111
saturated,0.95,7,EXTRACT_GIVENS+SOURCE_BOUNDARY+STEP_COMPUTE+VERIFY_RESULT+COMPARE_AXES+ORIGINAL_TASK_RETURN+DANGER_CHECK,0.3458,0.6548,0.7729,0.1688,0.7424,0.1667
strong,0.46,7,EXTRACT_GIVENS+SOURCE_BOUNDARY+MAP_RELATION+UNIT_TRACK+VERIFY_RESULT+ORIGINAL_TASK_RETURN+DANGER_CHECK,0.3458,0.5945,0.7104,0.1833,0.5292,0.05
saturated,0.95,6,EXTRACT_GIVENS+SOURCE_BOUNDARY+MAP_RELATION+VERIFY_RESULT+COMPARE_AXES+UNCERTAINTY_BOUND,0.3451,0.6472,0.7042,0.1757,0.584,0.0833
very_strong,0.7,5,EXTRACT_GIVENS+MAP_RELATION+UNIT_TRACK+VERIFY_RESULT+UNCERTAINTY_BOUND,0.3451,0.5943,0.6653,0.216,0.4194,0.0056
strong,0.46,7,EXTRACT_GIVENS+SOURCE_BOUNDARY+MAP_RELATION+VERIFY_RESULT+COMPARE_AXES+UNCERTAINTY_BOUND+DANGER_CHECK,0.3438,0.5949,0.6681,0.175,0.5167,0.1111
strong,0.46,6,EXTRACT_GIVENS+MAP_RELATION+STEP_COMPUTE+VERIFY_RESULT+UNCERTAINTY_BOUND+ORIGINAL_TASK_RETURN,0.3438,0.5843,0.6903,0.1938,0.4146,0.0167
strong,0.46,8,EXTRACT_GIVENS+SOURCE_BOUNDARY+MAP_RELATION+UNIT_TRACK+STEP_COMPUTE+VERIFY_RESULT+COMPARE_AXES+DANGER_CHECK,0.3431,0.5985,0.6722,0.2118,0.5743,0.1
very_strong,0.7,7,MAP_RELATION+UNIT_TRACK+STEP_COMPUTE+VERIFY_RESULT+UNCERTAINTY_BOUND+ORIGINAL_TASK_RETURN+DANGER_CHECK,0.3431,0.6273,0.6715,0.1667,0.5868,0.0778
saturated,0.95,5,EXTRACT_GIVENS+SOURCE_BOUNDARY+MAP_RELATION+VERIFY_RESULT+DANGER_CHECK,0.3424,0.662,0.7618,0.1778,0.4361,0.1111
saturated,0.95,4,EXTRACT_GIVENS+MAP_RELATION+VERIFY_RESULT+DANGER_CHECK,0.3424,0.6276,0.7458,0.1722,0.3514,0.0833
saturated,0.95,7,SOURCE_BOUNDARY+MAP_RELATION+UNIT_TRACK+STEP_COMPUTE+VERIFY_RESULT+ORIGINAL_TASK_RETURN+DANGER_CHECK,0.3424,0.6052,0.6924,0.159,0.7562,0.0056
very_strong,0.7,6,EXTRACT_GIVENS+UNIT_TRACK+STEP_COMPUTE+VERIFY_RESULT+ORIGINAL_TASK_RETURN+DANGER_CHECK,0.3417,0.6259,0.7174,0.1694,0.5736,0.0667
saturated,0.95,8,EXTRACT_GIVENS+SOURCE_BOUNDARY+MAP_RELATION+UNIT_TRACK+STEP_COMPUTE+COMPARE_AXES+UNCERTAINTY_BOUND+DANGER_CHECK,0.3417,0.6328,0.6618,0.1875,0.834,0.0222
saturated,0.95,6,EXTRACT_GIVENS+UNIT_TRACK+STEP_COMPUTE+VERIFY_RESULT+UNCERTAINTY_BOUND+ORIGINAL_TASK_RETURN,0.341,0.6139,0.7208,0.1875,0.6097,0.0444
strong,0.46,9,EXTRACT_GIVENS+SOURCE_BOUNDARY+MAP_RELATION+UNIT_TRACK+STEP_COMPUTE+VERIFY_RESULT+COMPARE_AXES+UNCERTAINTY_BOUND+ORIGINAL_TASK_RETURN,0.3403,0.6021,0.6472,0.1958,0.6361,0.1056
very_strong,0.7,6,EXTRACT_GIVENS+SOURCE_BOUNDARY+STEP_COMPUTE+VERIFY_RESULT+ORIGINAL_TASK_RETURN+DANGER_CHECK,0.3403,0.6522,0.7569,0.1625,0.5,0.0944
very_strong,0.7,6,EXTRACT_GIVENS+MAP_RELATION+UNIT_TRACK+VERIFY_RESULT+COMPARE_AXES+DANGER_CHECK,0.3396,0.6289,0.6951,0.1972,0.559,0.05
very_strong,0.7,6,EXTRACT_GIVENS+MAP_RELATION+VERIFY_RESULT+COMPARE_AXES+ORIGINAL_TASK_RETURN+DANGER_CHECK,0.3375,0.6476,0.7514,0.1701,0.5292,0.1333
very_strong,0.7,5,EXTRACT_GIVENS+SOURCE_BOUNDARY+MAP_RELATION+VERIFY_RESULT+DANGER_CHECK,0.3375,0.6452,0.7257,0.1792,0.4153,0.1056
saturated,0.95,7,EXTRACT_GIVENS+SOURCE_BOUNDARY+STEP_COMPUTE+VERIFY_RESULT+COMPARE_AXES+UNCERTAINTY_BOUND+ORIGINAL_TASK_RETURN,0.3375,0.6447,0.7229,0.1597,0.7222,0.1
saturated,0.95,6,EXTRACT_GIVENS+SOURCE_BOUNDARY+STEP_COMPUTE+VERIFY_RESULT+UNCERTAINTY_BOUND+ORIGINAL_TASK_RETURN,0.3368,0.6335,0.7403,0.175,0.566,0.0667
saturated,0.95,8,EXTRACT_GIVENS+SOURCE_BOUNDARY+MAP_RELATION+STEP_COMPUTE+COMPARE_AXES+UNCERTAINTY_BOUND+ORIGINAL_TASK_RETURN+DANGER_CHECK,0.3361,0.6455,0.6889,0.1688,0.7944,0.1056
very_strong,0.7,5,EXTRACT_GIVENS+STEP_COMPUTE+VERIFY_RESULT+UNCERTAINTY_BOUND+DANGER_CHECK,0.3361,0.6426,0.709,0.1694,0.4076,0.0556
saturated,0.95,6,MAP_RELATION+UNIT_TRACK+STEP_COMPUTE+VERIFY_RESULT+UNCERTAINTY_BOUND+DANGER_CHECK,0.3361,0.6105,0.6722,0.1757,0.5938,0.0389
very_strong,0.7,5,EXTRACT_GIVENS+SOURCE_BOUNDARY+MAP_RELATION+VERIFY_RESULT+UNCERTAINTY_BOUND,0.3354,0.6215,0.6597,0.1778,0.4167,0.05
very_strong,0.7,6,EXTRACT_GIVENS+SOURCE_BOUNDARY+VERIFY_RESULT+COMPARE_AXES+UNCERTAINTY_BOUND+DANGER_CHECK,0.3354,0.5945,0.6944,0.2028,0.5757,0.0333
strong,0.46,5,EXTRACT_GIVENS+MAP_RELATION+STEP_COMPUTE+VERIFY_RESULT+UNCERTAINTY_BOUND,0.3354,0.5569,0.6389,0.2007,0.3354,0.0056
saturated,0.95,9,SOURCE_BOUNDARY+MAP_RELATION+UNIT_TRACK+STEP_COMPUTE+VERIFY_RESULT+COMPARE_AXES+UNCERTAINTY_BOUND+ORIGINAL_TASK_RETURN+DANGER_CHECK,0.3347,0.6688,0.6951,0.15,0.9028,0.15
saturated,0.95,6,EXTRACT_GIVENS+SOURCE_BOUNDARY+UNIT_TRACK+STEP_COMPUTE+VERIFY_RESULT+DANGER_CHECK,0.3347,0.6482,0.7493,0.1868,0.6486,0.0778
saturated,0.95,6,EXTRACT_GIVENS+SOURCE_BOUNDARY+MAP_RELATION+UNIT_TRACK+VERIFY_RESULT+ORIGINAL_TASK_RETURN,0.3347,0.6297,0.7646,0.1889,0.6125,0.0167
very_strong,0.7,8,SOURCE_BOUNDARY+MAP_RELATION+STEP_COMPUTE+VERIFY_RESULT+COMPARE_AXES+UNCERTAINTY_BOUND+ORIGINAL_TASK_RETURN+DANGER_CHECK,0.334,0.6461,0.6674,0.1479,0.7257,0.1444
very_strong,0.7,6,EXTRACT_GIVENS+UNIT_TRACK+STEP_COMPUTE+VERIFY_RESULT+UNCERTAINTY_BOUND+ORIGINAL_TASK_RETURN,0.334,0.5983,0.6882,0.1812,0.5639,0.0556
very_strong,0.7,7,EXTRACT_GIVENS+MAP_RELATION+UNIT_TRACK+VERIFY_RESULT+COMPARE_AXES+UNCERTAINTY_BOUND+ORIGINAL_TASK_RETURN,0.334,0.6445,0.6722,0.1722,0.5972,0.0444
strong,0.46,7,EXTRACT_GIVENS+SOURCE_BOUNDARY+MAP_RELATION+UNIT_TRACK+VERIFY_RESULT+UNCERTAINTY_BOUND+DANGER_CHECK,0.3333,0.6114,0.6903,0.1847,0.4757,0.1222
very_strong,0.7,8,EXTRACT_GIVENS+SOURCE_BOUNDARY+UNIT_TRACK+STEP_COMPUTE+VERIFY_RESULT+COMPARE_AXES+UNCERTAINTY_BOUND+ORIGINAL_TASK_RETURN,0.3333,0.6345,0.6694,0.1944,0.7312,0.05
very_strong,0.7,6,EXTRACT_GIVENS+STEP_COMPUTE+VERIFY_RESULT+COMPARE_AXES+UNCERTAINTY_BOUND+DANGER_CHECK,0.3333,0.6356,0.7021,0.1799,0.5403,0.0389
saturated,0.95,6,EXTRACT_GIVENS+SOURCE_BOUNDARY+UNIT_TRACK+VERIFY_RESULT+UNCERTAINTY_BOUND+DANGER_CHECK,0.3326,0.6431,0.75,0.1653,0.616,0.0944
saturated,0.95,8,EXTRACT_GIVENS+SOURCE_BOUNDARY+MAP_RELATION+UNIT_TRACK+STEP_COMPUTE+UNCERTAINTY_BOUND+ORIGINAL_TASK_RETURN+DANGER_CHECK,0.3319,0.6678,0.7028,0.1583,0.7549,0.2056
strong,0.46,6,EXTRACT_GIVENS+MAP_RELATION+VERIFY_RESULT+UNCERTAINTY_BOUND+ORIGINAL_TASK_RETURN+DANGER_CHECK,0.3319,0.6161,0.7424,0.1694,0.3653,0.1889
very_strong,0.7,6,EXTRACT_GIVENS+SOURCE_BOUNDARY+STEP_COMPUTE+VERIFY_RESULT+UNCERTAINTY_BOUND+ORIGINAL_TASK_RETURN,0.3319,0.625,0.691,0.1778,0.5076,0.0944
saturated,0.95,6,EXTRACT_GIVENS+UNIT_TRACK+VERIFY_RESULT+UNCERTAINTY_BOUND+ORIGINAL_TASK_RETURN+DANGER_CHECK,0.3312,0.6509,0.7653,0.1514,0.5431,0.1333
saturated,0.95,5,EXTRACT_GIVENS+MAP_RELATION+VERIFY_RESULT+COMPARE_AXES+DANGER_CHECK,0.3312,0.6362,0.759,0.1604,0.5097,0.0889
saturated,0.95,7,EXTRACT_GIVENS+MAP_RELATION+STEP_COMPUTE+COMPARE_AXES+UNCERTAINTY_BOUND+ORIGINAL_TASK_RETURN+DANGER_CHECK,0.3312,0.6148,0.6819,0.1667,0.6618,0.0556
saturated,0.95,7,EXTRACT_GIVENS+SOURCE_BOUNDARY+MAP_RELATION+UNIT_TRACK+STEP_COMPUTE+UNCERTAINTY_BOUND+DANGER_CHECK,0.3312,0.6381,0.6924,0.1792,0.7125,0.05
saturated,0.95,7,SOURCE_BOUNDARY+MAP_RELATION+UNIT_TRACK+STEP_COMPUTE+VERIFY_RESULT+UNCERTAINTY_BOUND+DANGER_CHECK,0.3312,0.6339,0.6694,0.1917,0.709,0.0444
very_strong,0.7,8,EXTRACT_GIVENS+MAP_RELATION+UNIT_TRACK+STEP_COMPUTE+COMPARE_AXES+UNCERTAINTY_BOUND+ORIGINAL_TASK_RETURN+DANGER_CHECK,0.3312,0.6064,0.6472,0.1938,0.7458,0.0444
very_strong,0.7,5,EXTRACT_GIVENS+UNIT_TRACK+STEP_COMPUTE+VERIFY_RESULT+UNCERTAINTY_BOUND,0.3312,0.561,0.6174,0.2243,0.4889,0.0
strong,0.46,8,EXTRACT_GIVENS+SOURCE_BOUNDARY+MAP_RELATION+STEP_COMPUTE+VERIFY_RESULT+COMPARE_AXES+UNCERTAINTY_BOUND+ORIGINAL_TASK_RETURN,0.3306,0.6,0.6639,0.1861,0.591,0.1222
saturated,0.95,6,EXTRACT_GIVENS+VERIFY_RESULT+COMPARE_AXES+UNCERTAINTY_BOUND+ORIGINAL_TASK_RETURN+DANGER_CHECK,0.3306,0.6202,0.7618,0.1639,0.5618,0.0778
very_strong,0.7,7,EXTRACT_GIVENS+SOURCE_BOUNDARY+UNIT_TRACK+STEP_COMPUTE+VERIFY_RESULT+COMPARE_AXES+UNCERTAINTY_BOUND,0.3306,0.6015,0.6278,0.2139,0.675,0.0333
strong,0.46,6,EXTRACT_GIVENS+SOURCE_BOUNDARY+MAP_RELATION+VERIFY_RESULT+UNCERTAINTY_BOUND+DANGER_CHECK,0.3299,0.5913,0.675,0.1965,0.4111,0.1
saturated,0.95,8,SOURCE_BOUNDARY+MAP_RELATION+STEP_COMPUTE+VERIFY_RESULT+COMPARE_AXES+UNCERTAINTY_BOUND+ORIGINAL_TASK_RETURN+DANGER_CHECK,0.3299,0.6467,0.7097,0.1736,0.7778,0.0889
very_strong,0.7,6,EXTRACT_GIVENS+SOURCE_BOUNDARY+UNIT_TRACK+STEP_COMPUTE+VERIFY_RESULT+UNCERTAINTY_BOUND,0.3299,0.5934,0.6306,0.209,0.5597,0.0389
very_strong,0.7,7,SOURCE_BOUNDARY+MAP_RELATION+UNIT_TRACK+STEP_COMPUTE+VERIFY_RESULT+ORIGINAL_TASK_RETURN+DANGER_CHECK,0.3299,0.5887,0.666,0.2014,0.6819,0.0333
very_strong,0.7,6,EXTRACT_GIVENS+SOURCE_BOUNDARY+MAP_RELATION+UNIT_TRACK+VERIFY_RESULT+ORIGINAL_TASK_RETURN,0.3292,0.619,0.6986,0.1812,0.5708,0.0222
very_strong,0.7,7,EXTRACT_GIVENS+SOURCE_BOUNDARY+STEP_COMPUTE+VERIFY_RESULT+COMPARE_AXES+ORIGINAL_TASK_RETURN+DANGER_CHECK,0.3285,0.6396,0.7306,0.1833,0.6986,0.1444
very_strong,0.7,7,SOURCE_BOUNDARY+MAP_RELATION+UNIT_TRACK+STEP_COMPUTE+VERIFY_RESULT+UNCERTAINTY_BOUND+DANGER_CHECK,0.3271,0.6266,0.6361,0.1979,0.5938,0.05
saturated,0.95,5,EXTRACT_GIVENS+UNIT_TRACK+STEP_COMPUTE+VERIFY_RESULT+DANGER_CHECK,0.3271,0.61,0.7389,0.1882,0.5701,0.05
strong,0.46,7,EXTRACT_GIVENS+MAP_RELATION+UNIT_TRACK+STEP_COMPUTE+VERIFY_RESULT+COMPARE_AXES+ORIGINAL_TASK_RETURN,0.3271,0.5353,0.6562,0.2424,0.5569,0.0222
saturated,0.95,7,EXTRACT_GIVENS+UNIT_TRACK+VERIFY_RESULT+COMPARE_AXES+UNCERTAINTY_BOUND+ORIGINAL_TASK_RETURN+DANGER_CHECK,0.3264,0.6376,0.7514,0.1569,0.6743,0.1222
strong,0.46,7,EXTRACT_GIVENS+MAP_RELATION+STEP_COMPUTE+VERIFY_RESULT+COMPARE_AXES+UNCERTAINTY_BOUND+ORIGINAL_TASK_RETURN,0.3264,0.5778,0.666,0.2014,0.4938,0.0167
very_strong,0.7,6,EXTRACT_GIVENS+MAP_RELATION+UNIT_TRACK+STEP_COMPUTE+UNCERTAINTY_BOUND+DANGER_CHECK,0.3264,0.5846,0.6174,0.2049,0.5368,0.0056
saturated,0.95,7,EXTRACT_GIVENS+UNIT_TRACK+STEP_COMPUTE+VERIFY_RESULT+COMPARE_AXES+ORIGINAL_TASK_RETURN+DANGER_CHECK,0.3257,0.6388,0.7299,0.1708,0.7507,0.0444
strong,0.46,6,EXTRACT_GIVENS+MAP_RELATION+UNIT_TRACK+VERIFY_RESULT+UNCERTAINTY_BOUND+DANGER_CHECK,0.3257,0.5843,0.6708,0.1861,0.4028,0.0111
strong,0.46,7,EXTRACT_GIVENS+SOURCE_BOUNDARY+MAP_RELATION+UNIT_TRACK+STEP_COMPUTE+VERIFY_RESULT+ORIGINAL_TASK_RETURN,0.3257,0.5663,0.6465,0.2118,0.4917,0.0
strong,0.46,6,EXTRACT_GIVENS+MAP_RELATION+UNIT_TRACK+VERIFY_RESULT+ORIGINAL_TASK_RETURN+DANGER_CHECK,0.325,0.5754,0.7243,0.2021,0.4368,0.0722
strong,0.46,7,EXTRACT_GIVENS+SOURCE_BOUNDARY+MAP_RELATION+STEP_COMPUTE+VERIFY_RESULT+COMPARE_AXES+UNCERTAINTY_BOUND,0.325,0.5724,0.6465,0.1924,0.4632,0.05
saturated,0.95,7,EXTRACT_GIVENS+SOURCE_BOUNDARY+MAP_RELATION+STEP_COMPUTE+UNCERTAINTY_BOUND+ORIGINAL_TASK_RETURN+DANGER_CHECK,0.3243,0.6639,0.734,0.1562,0.6361,0.2222
strong,0.46,9,EXTRACT_GIVENS+SOURCE_BOUNDARY+UNIT_TRACK+STEP_COMPUTE+VERIFY_RESULT+COMPARE_AXES+UNCERTAINTY_BOUND+ORIGINAL_TASK_RETURN+DANGER_CHECK,0.3229,0.5873,0.6549,0.1993,0.6806,0.1611
strong,0.46,8,EXTRACT_GIVENS+SOURCE_BOUNDARY+MAP_RELATION+UNIT_TRACK+VERIFY_RESULT+COMPARE_AXES+UNCERTAINTY_BOUND+DANGER_CHECK,0.3229,0.6028,0.6611,0.1965,0.5306,0.1333
very_strong,0.7,7,EXTRACT_GIVENS+MAP_RELATION+UNIT_TRACK+STEP_COMPUTE+UNCERTAINTY_BOUND+ORIGINAL_TASK_RETURN+DANGER_CHECK,0.3229,0.6054,0.6562,0.1917,0.5958,0.0278
saturated,0.95,5,MAP_RELATION+UNIT_TRACK+STEP_COMPUTE+VERIFY_RESULT+DANGER_CHECK,0.3229,0.536,0.659,0.2264,0.5799,0.0
very_strong,0.7,8,EXTRACT_GIVENS+SOURCE_BOUNDARY+MAP_RELATION+UNIT_TRACK+STEP_COMPUTE+UNCERTAINTY_BOUND+ORIGINAL_TASK_RETURN+DANGER_CHECK,0.3215,0.6434,0.6604,0.1868,0.6944,0.1778
strong,0.46,7,EXTRACT_GIVENS+MAP_RELATION+VERIFY_RESULT+COMPARE_AXES+UNCERTAINTY_BOUND+ORIGINAL_TASK_RETURN+DANGER_CHECK,0.3215,0.6105,0.7104,0.1625,0.4694,0.1389
very_strong,0.7,6,EXTRACT_GIVENS+SOURCE_BOUNDARY+MAP_RELATION+VERIFY_RESULT+COMPARE_AXES+UNCERTAINTY_BOUND,0.3208,0.6228,0.6687,0.1903,0.5194,0.0222
saturated,0.95,6,EXTRACT_GIVENS+UNIT_TRACK+STEP_COMPUTE+VERIFY_RESULT+COMPARE_AXES+UNCERTAINTY_BOUND,0.3208,0.5893,0.65,0.2194,0.6826,0.0111
strong,0.46,7,EXTRACT_GIVENS+SOURCE_BOUNDARY+MAP_RELATION+STEP_COMPUTE+VERIFY_RESULT+COMPARE_AXES+DANGER_CHECK,0.3201,0.5995,0.6854,0.1861,0.5403,0.0944
saturated,0.95,7,EXTRACT_GIVENS+UNIT_TRACK+STEP_COMPUTE+VERIFY_RESULT+COMPARE_AXES+UNCERTAINTY_BOUND+ORIGINAL_TASK_RETURN,0.3201,0.6191,0.6944,0.1757,0.7458,0.0667
saturated,0.95,8,MAP_RELATION+UNIT_TRACK+STEP_COMPUTE+VERIFY_RESULT+COMPARE_AXES+UNCERTAINTY_BOUND+ORIGINAL_TASK_RETURN+DANGER_CHECK,0.3201,0.6352,0.6875,0.1708,0.8222,0.0556
saturated,0.95,6,MAP_RELATION+UNIT_TRACK+STEP_COMPUTE+VERIFY_RESULT+ORIGINAL_TASK_RETURN+DANGER_CHECK,0.3201,0.5695,0.6986,0.2014,0.6438,0.0167
strong,0.46,6,EXTRACT_GIVENS+SOURCE_BOUNDARY+MAP_RELATION+STEP_COMPUTE+VERIFY_RESULT+ORIGINAL_TASK_RETURN,0.3201,0.5703,0.6813,0.2042,0.4382,0.0111
saturated,0.95,5,EXTRACT_GIVENS+MAP_RELATION+UNIT_TRACK+VERIFY_RESULT+ORIGINAL_TASK_RETURN,0.3201,0.5814,0.7104,0.1812,0.516,0.0
very_strong,0.7,9,EXTRACT_GIVENS+SOURCE_BOUNDARY+MAP_RELATION+UNIT_TRACK+STEP_COMPUTE+COMPARE_AXES+UNCERTAINTY_BOUND+ORIGINAL_TASK_RETURN+DANGER_CHECK,0.3194,0.6381,0.6312,0.1806,0.7931,0.1944
very_strong,0.7,8,EXTRACT_GIVENS+SOURCE_BOUNDARY+MAP_RELATION+STEP_COMPUTE+COMPARE_AXES+UNCERTAINTY_BOUND+ORIGINAL_TASK_RETURN+DANGER_CHECK,0.3194,0.6315,0.659,0.1729,0.6736,0.1556
saturated,0.95,6,EXTRACT_GIVENS+MAP_RELATION+VERIFY_RESULT+COMPARE_AXES+UNCERTAINTY_BOUND+ORIGINAL_TASK_RETURN,0.3194,0.6577,0.7472,0.1493,0.5215,0.1056
very_strong,0.7,7,EXTRACT_GIVENS+SOURCE_BOUNDARY+UNIT_TRACK+VERIFY_RESULT+COMPARE_AXES+UNCERTAINTY_BOUND+DANGER_CHECK,0.3187,0.6022,0.6486,0.1972,0.6875,0.0556
very_strong,0.7,5,EXTRACT_GIVENS+UNIT_TRACK+STEP_COMPUTE+VERIFY_RESULT+DANGER_CHECK,0.3187,0.5887,0.6792,0.1903,0.525,0.0389
saturated,0.95,5,EXTRACT_GIVENS+STEP_COMPUTE+VERIFY_RESULT+ORIGINAL_TASK_RETURN+DANGER_CHECK,0.3181,0.6377,0.7889,0.1618,0.4938,0.1222
very_strong,0.7,6,EXTRACT_GIVENS+SOURCE_BOUNDARY+UNIT_TRACK+STEP_COMPUTE+VERIFY_RESULT+DANGER_CHECK,0.3181,0.633,0.709,0.1924,0.5993,0.1222
saturated,0.95,8,SOURCE_BOUNDARY+MAP_RELATION+UNIT_TRACK+STEP_COMPUTE+VERIFY_RESULT+COMPARE_AXES+ORIGINAL_TASK_RETURN+DANGER_CHECK,0.3181,0.6017,0.6681,0.1681,0.9146,0.05
very_strong,0.7,8,MAP_RELATION+UNIT_TRACK+STEP_COMPUTE+VERIFY_RESULT+COMPARE_AXES+UNCERTAINTY_BOUND+ORIGINAL_TASK_RETURN+DANGER_CHECK,0.3167,0.6195,0.6375,0.1868,0.7292,0.0333
saturated,0.95,4,EXTRACT_GIVENS+MAP_RELATION+VERIFY_RESULT+UNCERTAINTY_BOUND,0.3167,0.6128,0.7069,0.1639,0.3375,0.0111
strong,0.46,6,EXTRACT_GIVENS+SOURCE_BOUNDARY+MAP_RELATION+UNIT_TRACK+STEP_COMPUTE+VERIFY_RESULT,0.3167,0.5299,0.6174,0.2549,0.491,0.0
strong,0.46,7,EXTRACT_GIVENS+SOURCE_BOUNDARY+STEP_COMPUTE+VERIFY_RESULT+UNCERTAINTY_BOUND+ORIGINAL_TASK_RETURN+DANGER_CHECK,0.3153,0.5991,0.7174,0.1757,0.491,0.1389
very_strong,0.7,6,MAP_RELATION+UNIT_TRACK+STEP_COMPUTE+VERIFY_RESULT+UNCERTAINTY_BOUND+DANGER_CHECK,0.3153,0.585,0.6257,0.1986,0.5472,0.0389
strong,0.46,6,EXTRACT_GIVENS+MAP_RELATION+STEP_COMPUTE+VERIFY_RESULT+COMPARE_AXES+UNCERTAINTY_BOUND,0.3146,0.5505,0.6236,0.2146,0.4431,0.0
strong,0.46,8,EXTRACT_GIVENS+SOURCE_BOUNDARY+UNIT_TRACK+STEP_COMPUTE+VERIFY_RESULT+UNCERTAINTY_BOUND+ORIGINAL_TASK_RETURN+DANGER_CHECK,0.3132,0.6112,0.7139,0.1715,0.5972,0.1389
saturated,0.95,6,EXTRACT_GIVENS+MAP_RELATION+UNIT_TRACK+STEP_COMPUTE+ORIGINAL_TASK_RETURN+DANGER_CHECK,0.3132,0.566,0.7,0.2035,0.6583,0.0222
strong,0.46,4,EXTRACT_GIVENS+MAP_RELATION+STEP_COMPUTE+VERIFY_RESULT,0.3132,0.5128,0.6361,0.2299,0.3472,0.0056
strong,0.46,8,EXTRACT_GIVENS+MAP_RELATION+UNIT_TRACK+VERIFY_RESULT+COMPARE_AXES+UNCERTAINTY_BOUND+ORIGINAL_TASK_RETURN+DANGER_CHECK,0.3125,0.6028,0.684,0.1792,0.5368,0.1222
saturated,0.95,7,EXTRACT_GIVENS+SOURCE_BOUNDARY+UNIT_TRACK+VERIFY_RESULT+COMPARE_AXES+ORIGINAL_TASK_RETURN+DANGER_CHECK,0.3125,0.6119,0.7396,0.1819,0.7479,0.0333
very_strong,0.7,5,EXTRACT_GIVENS+MAP_RELATION+VERIFY_RESULT+UNCERTAINTY_BOUND+ORIGINAL_TASK_RETURN,0.3118,0.6304,0.7229,0.1715,0.3736,0.0722
very_strong,0.7,7,EXTRACT_GIVENS+SOURCE_BOUNDARY+STEP_COMPUTE+VERIFY_RESULT+COMPARE_AXES+UNCERTAINTY_BOUND+ORIGINAL_TASK_RETURN,0.3104,0.6277,0.6806,0.175,0.6368,0.0667
very_strong,0.7,5,EXTRACT_GIVENS+SOURCE_BOUNDARY+VERIFY_RESULT+UNCERTAINTY_BOUND+DANGER_CHECK,0.3104,0.6111,0.7201,0.1694,0.4583,0.0667
strong,0.46,6,EXTRACT_GIVENS+SOURCE_BOUNDARY+MAP_RELATION+VERIFY_RESULT+ORIGINAL_TASK_RETURN+DANGER_CHECK,0.3104,0.582,0.7063,0.1653,0.4583,0.0667
very_strong,0.7,5,EXTRACT_GIVENS+MAP_RELATION+UNIT_TRACK+VERIFY_RESULT+ORIGINAL_TASK_RETURN,0.3104,0.5792,0.6903,0.1965,0.4722,0.0111
very_strong,0.7,7,EXTRACT_GIVENS+UNIT_TRACK+STEP_COMPUTE+VERIFY_RESULT+COMPARE_AXES+ORIGINAL_TASK_RETURN+DANGER_CHECK,0.3097,0.6224,0.7299,0.2021,0.7201,0.0944
very_strong,0.7,4,EXTRACT_GIVENS+MAP_RELATION+VERIFY_RESULT+DANGER_CHECK,0.3097,0.6076,0.7201,0.1722,0.3583,0.0722
strong,0.46,7,EXTRACT_GIVENS+MAP_RELATION+UNIT_TRACK+VERIFY_RESULT+COMPARE_AXES+UNCERTAINTY_BOUND+DANGER_CHECK,0.3097,0.5838,0.6569,0.1861,0.5132,0.0444
strong,0.46,5,EXTRACT_GIVENS+MAP_RELATION+STEP_COMPUTE+VERIFY_RESULT+ORIGINAL_TASK_RETURN,0.3097,0.5311,0.6764,0.2104,0.4,0.0167
saturated,0.95,5,EXTRACT_GIVENS+UNIT_TRACK+STEP_COMPUTE+VERIFY_RESULT+ORIGINAL_TASK_RETURN,0.3097,0.5596,0.6833,0.1938,0.5479,0.0056
very_strong,0.7,7,EXTRACT_GIVENS+UNIT_TRACK+VERIFY_RESULT+COMPARE_AXES+UNCERTAINTY_BOUND+ORIGINAL_TASK_RETURN+DANGER_CHECK,0.309,0.621,0.6965,0.1674,0.6236,0.0611
saturated,0.95,5,EXTRACT_GIVENS+SOURCE_BOUNDARY+VERIFY_RESULT+UNCERTAINTY_BOUND+DANGER_CHECK,0.309,0.6072,0.7146,0.1785,0.5056,0.0222
strong,0.46,6,EXTRACT_GIVENS+MAP_RELATION+UNIT_TRACK+STEP_COMPUTE+VERIFY_RESULT+COMPARE_AXES,0.3083,0.5089,0.6139,0.2521,0.5194,0.0056
saturated,0.95,6,MAP_RELATION+UNIT_TRACK+STEP_COMPUTE+VERIFY_RESULT+UNCERTAINTY_BOUND+ORIGINAL_TASK_RETURN,0.3076,0.5508,0.634,0.2014,0.6583,0.0222
strong,0.46,8,EXTRACT_GIVENS+SOURCE_BOUNDARY+STEP_COMPUTE+VERIFY_RESULT+COMPARE_AXES+UNCERTAINTY_BOUND+ORIGINAL_TASK_RETURN+DANGER_CHECK,0.3069,0.5859,0.6826,0.1785,0.6139,0.1
very_strong,0.7,5,EXTRACT_GIVENS+MAP_RELATION+VERIFY_RESULT+COMPARE_AXES+DANGER_CHECK,0.3069,0.6128,0.6979,0.1764,0.4403,0.0778
saturated,0.95,7,EXTRACT_GIVENS+SOURCE_BOUNDARY+UNIT_TRACK+STEP_COMPUTE+VERIFY_RESULT+COMPARE_AXES+UNCERTAINTY_BOUND,0.3069,0.6064,0.6569,0.1986,0.7965,0.0556
saturated,0.95,7,MAP_RELATION+UNIT_TRACK+STEP_COMPUTE+VERIFY_RESULT+COMPARE_AXES+UNCERTAINTY_BOUND+DANGER_CHECK,0.3069,0.6111,0.6542,0.1847,0.709,0.0389
very_strong,0.7,4,EXTRACT_GIVENS+MAP_RELATION+VERIFY_RESULT+UNCERTAINTY_BOUND,0.3069,0.5983,0.6535,0.1806,0.3507,0.0167
saturated,0.95,5,EXTRACT_GIVENS+MAP_RELATION+VERIFY_RESULT+COMPARE_AXES+UNCERTAINTY_BOUND,0.3069,0.6133,0.6944,0.191,0.4569,0.0111
very_strong,0.7,8,SOURCE_BOUNDARY+MAP_RELATION+UNIT_TRACK+STEP_COMPUTE+VERIFY_RESULT+COMPARE_AXES+ORIGINAL_TASK_RETURN+DANGER_CHECK,0.3063,0.5919,0.6292,0.1896,0.7729,0.0556
saturated,0.95,8,SOURCE_BOUNDARY+MAP_RELATION+UNIT_TRACK+STEP_COMPUTE+VERIFY_RESULT+COMPARE_AXES+UNCERTAINTY_BOUND+DANGER_CHECK,0.3056,0.6463,0.6562,0.1653,0.8528,0.2056
saturated,0.95,6,EXTRACT_GIVENS+UNIT_TRACK+STEP_COMPUTE+VERIFY_RESULT+COMPARE_AXES+DANGER_CHECK,0.3056,0.6098,0.7194,0.1944,0.6958,0.0611
very_strong,0.7,6,EXTRACT_GIVENS+MAP_RELATION+UNIT_TRACK+VERIFY_RESULT+COMPARE_AXES+UNCERTAINTY_BOUND,0.3056,0.6124,0.6458,0.2035,0.5264,0.0056
very_strong,0.7,6,EXTRACT_GIVENS+MAP_RELATION+VERIFY_RESULT+COMPARE_AXES+UNCERTAINTY_BOUND+ORIGINAL_TASK_RETURN,0.3042,0.6349,0.6972,0.1688,0.4951,0.0611
very_strong,0.7,7,MAP_RELATION+UNIT_TRACK+STEP_COMPUTE+VERIFY_RESULT+COMPARE_AXES+UNCERTAINTY_BOUND+DANGER_CHECK,0.3042,0.5936,0.6188,0.1944,0.6521,0.0444
strong,0.46,7,EXTRACT_GIVENS+UNIT_TRACK+STEP_COMPUTE+VERIFY_RESULT+UNCERTAINTY_BOUND+ORIGINAL_TASK_RETURN+DANGER_CHECK,0.3035,0.5971,0.7146,0.1694,0.5243,0.1667
saturated,0.95,6,EXTRACT_GIVENS+SOURCE_BOUNDARY+VERIFY_RESULT+COMPARE_AXES+ORIGINAL_TASK_RETURN+DANGER_CHECK,0.3035,0.5832,0.7465,0.1722,0.6771,0.0389
strong,0.46,5,EXTRACT_GIVENS+MAP_RELATION+VERIFY_RESULT+UNCERTAINTY_BOUND+DANGER_CHECK,0.3021,0.5881,0.7174,0.1757,0.3444,0.0611
saturated,0.95,5,EXTRACT_GIVENS+SOURCE_BOUNDARY+MAP_RELATION+UNIT_TRACK+VERIFY_RESULT,0.3021,0.5909,0.6917,0.2146,0.5306,0.0222
strong,0.46,8,EXTRACT_GIVENS+SOURCE_BOUNDARY+MAP_RELATION+UNIT_TRACK+STEP_COMPUTE+VERIFY_RESULT+COMPARE_AXES+ORIGINAL_TASK_RETURN,0.3007,0.5428,0.6264,0.2118,0.6611,0.0444
saturated,0.95,6,EXTRACT_GIVENS+MAP_RELATION+STEP_COMPUTE+COMPARE_AXES+UNCERTAINTY_BOUND+DANGER_CHECK,0.3007,0.5764,0.6562,0.216,0.6312,0.0167
saturated,0.95,6,SOURCE_BOUNDARY+MAP_RELATION+STEP_COMPUTE+VERIFY_RESULT+UNCERTAINTY_BOUND+DANGER_CHECK,0.3,0.6314,0.6826,0.1729,0.5368,0.0722
saturated,0.95,6,MAP_RELATION+STEP_COMPUTE+VERIFY_RESULT+UNCERTAINTY_BOUND+ORIGINAL_TASK_RETURN+DANGER_CHECK,0.3,0.6291,0.725,0.1465,0.5625,0.0722
strong,0.46,7,EXTRACT_GIVENS+SOURCE_BOUNDARY+VERIFY_RESULT+COMPARE_AXES+UNCERTAINTY_BOUND+ORIGINAL_TASK_RETURN+DANGER_CHECK,0.3,0.531,0.6785,0.2174,0.5576,0.0111
saturated,0.95,5,EXTRACT_GIVENS+MAP_RELATION+UNIT_TRACK+STEP_COMPUTE+UNCERTAINTY_BOUND,0.3,0.5279,0.5951,0.2375,0.5667,0.0
very_strong,0.7,5,EXTRACT_GIVENS+SOURCE_BOUNDARY+STEP_COMPUTE+VERIFY_RESULT+UNCERTAINTY_BOUND,0.2993,0.5813,0.6417,0.1868,0.4674,0.05
saturated,0.95,5,EXTRACT_GIVENS+MAP_RELATION+VERIFY_RESULT+UNCERTAINTY_BOUND+ORIGINAL_TASK_RETURN,0.2993,0.6443,0.7458,0.141,0.3792,0.0444
very_strong,0.7,5,EXTRACT_GIVENS+SOURCE_BOUNDARY+MAP_RELATION+UNIT_TRACK+VERIFY_RESULT,0.2993,0.5734,0.6431,0.2139,0.4681,0.0056
very_strong,0.7,6,EXTRACT_GIVENS+MAP_RELATION+STEP_COMPUTE+COMPARE_AXES+UNCERTAINTY_BOUND+DANGER_CHECK,0.2993,0.5507,0.6236,0.2493,0.5389,0.0056
saturated,0.95,6,SOURCE_BOUNDARY+MAP_RELATION+STEP_COMPUTE+VERIFY_RESULT+ORIGINAL_TASK_RETURN+DANGER_CHECK,0.2993,0.5934,0.6972,0.166,0.6208,0.0
saturated,0.95,7,EXTRACT_GIVENS+SOURCE_BOUNDARY+UNIT_TRACK+STEP_COMPUTE+VERIFY_RESULT+COMPARE_AXES+DANGER_CHECK,0.2979,0.6411,0.7167,0.1889,0.7826,0.1333
very_strong,0.7,7,EXTRACT_GIVENS+MAP_RELATION+STEP_COMPUTE+COMPARE_AXES+UNCERTAINTY_BOUND+ORIGINAL_TASK_RETURN+DANGER_CHECK,0.2979,0.5937,0.6611,0.1854,0.6382,0.0333
strong,0.46,7,EXTRACT_GIVENS+SOURCE_BOUNDARY+UNIT_TRACK+STEP_COMPUTE+VERIFY_RESULT+UNCERTAINTY_BOUND+DANGER_CHECK,0.2972,0.5752,0.6681,0.1875,0.5229,0.1167
very_strong,0.7,6,EXTRACT_GIVENS+SOURCE_BOUNDARY+UNIT_TRACK+VERIFY_RESULT+UNCERTAINTY_BOUND+DANGER_CHECK,0.2972,0.6172,0.7063,0.184,0.5625,0.1056
strong,0.46,8,EXTRACT_GIVENS+SOURCE_BOUNDARY+MAP_RELATION+UNIT_TRACK+VERIFY_RESULT+COMPARE_AXES+ORIGINAL_TASK_RETURN+DANGER_CHECK,0.2965,0.5873,0.7146,0.1965,0.5979,0.0722
very_strong,0.7,6,MAP_RELATION+UNIT_TRACK+STEP_COMPUTE+VERIFY_RESULT+UNCERTAINTY_BOUND+ORIGINAL_TASK_RETURN,0.2965,0.5393,0.6,0.2007,0.5382,0.0111
very_strong,0.7,6,EXTRACT_GIVENS+SOURCE_BOUNDARY+VERIFY_RESULT+COMPARE_AXES+ORIGINAL_TASK_RETURN+DANGER_CHECK,0.2958,0.5757,0.7139,0.184,0.6208,0.05
very_strong,0.7,6,SOURCE_BOUNDARY+MAP_RELATION+STEP_COMPUTE+VERIFY_RESULT+ORIGINAL_TASK_RETURN+DANGER_CHECK,0.2951,0.5722,0.6562,0.1875,0.5736,0.0111
very_strong,0.7,4,EXTRACT_GIVENS+MAP_RELATION+UNIT_TRACK+VERIFY_RESULT,0.2944,0.5439,0.6375,0.2139,0.4132,0.0056
very_strong,0.7,6,EXTRACT_GIVENS+VERIFY_RESULT+COMPARE_AXES+UNCERTAINTY_BOUND+ORIGINAL_TASK_RETURN+DANGER_CHECK,0.2931,0.5947,0.7188,0.1792,0.5382,0.0889
saturated,0.95,5,EXTRACT_GIVENS+STEP_COMPUTE+VERIFY_RESULT+UNCERTAINTY_BOUND+ORIGINAL_TASK_RETURN,0.2931,0.6019,0.7097,0.1681,0.4861,0.0778
saturated,0.95,6,EXTRACT_GIVENS+MAP_RELATION+STEP_COMPUTE+UNCERTAINTY_BOUND+ORIGINAL_TASK_RETURN+DANGER_CHECK,0.2931,0.6133,0.6882,0.1597,0.5347,0.0611
strong,0.46,6,EXTRACT_GIVENS+MAP_RELATION+VERIFY_RESULT+COMPARE_AXES+UNCERTAINTY_BOUND+DANGER_CHECK,0.2931,0.5683,0.6569,0.1854,0.4104,0.0389
saturated,0.95,5,MAP_RELATION+UNIT_TRACK+STEP_COMPUTE+VERIFY_RESULT+UNCERTAINTY_BOUND,0.2931,0.5134,0.5799,0.2299,0.5826,0.0056
saturated,0.95,7,SOURCE_BOUNDARY+MAP_RELATION+UNIT_TRACK+STEP_COMPUTE+VERIFY_RESULT+UNCERTAINTY_BOUND+ORIGINAL_TASK_RETURN,0.2924,0.5875,0.6451,0.1924,0.7167,0.0278
very_strong,0.7,6,EXTRACT_GIVENS+MAP_RELATION+UNIT_TRACK+STEP_COMPUTE+ORIGINAL_TASK_RETURN+DANGER_CHECK,0.2924,0.5495,0.6583,0.2097,0.5792,0.0222
saturated,0.95,5,EXTRACT_GIVENS+MAP_RELATION+UNIT_TRACK+STEP_COMPUTE+DANGER_CHECK,0.2924,0.5209,0.6465,0.2354,0.5854,0.0
very_strong,0.7,6,EXTRACT_GIVENS+UNIT_TRACK+VERIFY_RESULT+UNCERTAINTY_BOUND+ORIGINAL_TASK_RETURN+DANGER_CHECK,0.2917,0.6314,0.7354,0.1479,0.5785,0.0722
very_strong,0.7,8,EXTRACT_GIVENS+SOURCE_BOUNDARY+MAP_RELATION+UNIT_TRACK+STEP_COMPUTE+COMPARE_AXES+UNCERTAINTY_BOUND+DANGER_CHECK,0.2917,0.604,0.6083,0.2056,0.7382,0.0278
saturated,0.95,6,EXTRACT_GIVENS+SOURCE_BOUNDARY+UNIT_TRACK+STEP_COMPUTE+VERIFY_RESULT+ORIGINAL_TASK_RETURN,0.2917,0.586,0.7264,0.2139,0.7139,0.0111
strong,0.46,6,EXTRACT_GIVENS+SOURCE_BOUNDARY+MAP_RELATION+UNIT_TRACK+VERIFY_RESULT+DANGER_CHECK,0.291,0.5575,0.6674,0.1958,0.4451,0.0444
saturated,0.95,5,EXTRACT_GIVENS+SOURCE_BOUNDARY+STEP_COMPUTE+VERIFY_RESULT+UNCERTAINTY_BOUND,0.291,0.5954,0.6792,0.1917,0.5382,0.0278
very_strong,0.7,7,EXTRACT_GIVENS+SOURCE_BOUNDARY+MAP_RELATION+STEP_COMPUTE+UNCERTAINTY_BOUND+ORIGINAL_TASK_RETURN+DANGER_CHECK,0.2896,0.6324,0.6521,0.1701,0.5833,0.15
saturated,0.95,6,EXTRACT_GIVENS+SOURCE_BOUNDARY+UNIT_TRACK+VERIFY_RESULT+ORIGINAL_TASK_RETURN+DANGER_CHECK,0.2896,0.5955,0.7535,0.1924,0.6375,0.0611
saturated,0.95,6,EXTRACT_GIVENS+SOURCE_BOUNDARY+STEP_COMPUTE+VERIFY_RESULT+COMPARE_AXES+UNCERTAINTY_BOUND,0.2896,0.6063,0.6875,0.1861,0.6479,0.0444
saturated,0.95,7,EXTRACT_GIVENS+SOURCE_BOUNDARY+MAP_RELATION+STEP_COMPUTE+COMPARE_AXES+UNCERTAINTY_BOUND+DANGER_CHECK,0.2889,0.6071,0.6764,0.2035,0.7125,0.0722
saturated,0.95,5,EXTRACT_GIVENS+SOURCE_BOUNDARY+STEP_COMPUTE+VERIFY_RESULT+DANGER_CHECK,0.2889,0.6364,0.7562,0.1688,0.5285,0.0611
very_strong,0.7,7,EXTRACT_GIVENS+UNIT_TRACK+STEP_COMPUTE+VERIFY_RESULT+COMPARE_AXES+UNCERTAINTY_BOUND+ORIGINAL_TASK_RETURN,0.2889,0.5995,0.6486,0.1938,0.6799,0.0444
very_strong,0.7,7,EXTRACT_GIVENS+SOURCE_BOUNDARY+MAP_RELATION+UNIT_TRACK+STEP_COMPUTE+UNCERTAINTY_BOUND+DANGER_CHECK,0.2889,0.6044,0.6375,0.2028,0.6507,0.0333
strong,0.46,7,EXTRACT_GIVENS+SOURCE_BOUNDARY+MAP_RELATION+VERIFY_RESULT+COMPARE_AXES+ORIGINAL_TASK_RETURN+DANGER_CHECK,0.2882,0.5676,0.7097,0.2069,0.5278,0.0778
saturated,0.95,6,SOURCE_BOUNDARY+MAP_RELATION+UNIT_TRACK+STEP_COMPUTE+VERIFY_RESULT+DANGER_CHECK,0.2882,0.5777,0.6729,0.1979,0.6792,0.0111
saturated,0.95,6,EXTRACT_GIVENS+UNIT_TRACK+VERIFY_RESULT+COMPARE_AXES+UNCERTAINTY_BOUND+DANGER_CHECK,0.2875,0.608,0.7181,0.1646,0.6326,0.0722
very_strong,0.7,7,EXTRACT_GIVENS+SOURCE_BOUNDARY+MAP_RELATION+STEP_COMPUTE+COMPARE_AXES+UNCERTAINTY_BOUND+DANGER_CHECK,0.2868,0.5869,0.6188,0.2229,0.65,0.05
very_strong,0.7,5,EXTRACT_GIVENS+SOURCE_BOUNDARY+MAP_RELATION+VERIFY_RESULT+ORIGINAL_TASK_RETURN,0.2868,0.6053,0.7069,0.1903,0.4389,0.0278
very_strong,0.7,6,MAP_RELATION+UNIT_TRACK+STEP_COMPUTE+VERIFY_RESULT+ORIGINAL_TASK_RETURN+DANGER_CHECK,0.2868,0.552,0.6569,0.2285,0.5625,0.0111
saturated,0.95,7,EXTRACT_GIVENS+SOURCE_BOUNDARY+UNIT_TRACK+VERIFY_RESULT+COMPARE_AXES+UNCERTAINTY_BOUND+ORIGINAL_TASK_RETURN,0.2854,0.5909,0.7028,0.1986,0.7389,0.0778
very_strong,0.7,6,EXTRACT_GIVENS+UNIT_TRACK+STEP_COMPUTE+VERIFY_RESULT+COMPARE_AXES+DANGER_CHECK,0.2854,0.5944,0.6882,0.2083,0.6056,0.0389
saturated,0.95,5,EXTRACT_GIVENS+MAP_RELATION+STEP_COMPUTE+UNCERTAINTY_BOUND+DANGER_CHECK,0.2854,0.5789,0.6639,0.1979,0.4819,0.0056
very_strong,0.7,6,EXTRACT_GIVENS+UNIT_TRACK+STEP_COMPUTE+VERIFY_RESULT+COMPARE_AXES+UNCERTAINTY_BOUND,0.2854,0.5679,0.6174,0.2292,0.6194,0.0
saturated,0.95,4,EXTRACT_GIVENS+MAP_RELATION+UNIT_TRACK+VERIFY_RESULT,0.2854,0.5515,0.6729,0.216,0.4451,0.0
very_strong,0.7,6,EXTRACT_GIVENS+SOURCE_BOUNDARY+STEP_COMPUTE+VERIFY_RESULT+COMPARE_AXES+DANGER_CHECK,0.2847,0.6259,0.6958,0.1785,0.6431,0.1222
saturated,0.95,7,EXTRACT_GIVENS+SOURCE_BOUNDARY+MAP_RELATION+UNIT_TRACK+STEP_COMPUTE+ORIGINAL_TASK_RETURN+DANGER_CHECK,0.2847,0.5939,0.7014,0.2,0.7764,0.0333
saturated,0.95,5,EXTRACT_GIVENS+MAP_RELATION+UNIT_TRACK+VERIFY_RESULT+COMPARE_AXES,0.2847,0.5603,0.6799,0.2306,0.5653,0.0167
very_strong,0.7,6,EXTRACT_GIVENS+MAP_RELATION+STEP_COMPUTE+UNCERTAINTY_BOUND+ORIGINAL_TASK_RETURN+DANGER_CHECK,0.284,0.5912,0.6819,0.1854,0.4986,0.05
saturated,0.95,6,EXTRACT_GIVENS+STEP_COMPUTE+VERIFY_RESULT+COMPARE_AXES+ORIGINAL_TASK_RETURN+DANGER_CHECK,0.2833,0.6389,0.7681,0.1556,0.6194,0.1111
very_strong,0.7,6,EXTRACT_GIVENS+UNIT_TRACK+VERIFY_RESULT+COMPARE_AXES+UNCERTAINTY_BOUND+DANGER_CHECK,0.2833,0.5879,0.6639,0.1965,0.5813,0.0667
strong,0.46,7,EXTRACT_GIVENS+SOURCE_BOUNDARY+MAP_RELATION+UNIT_TRACK+VERIFY_RESULT+UNCERTAINTY_BOUND+ORIGINAL_TASK_RETURN,0.2833,0.5564,0.6465,0.1882,0.4701,0.0611
very_strong,0.7,7,SOURCE_BOUNDARY+MAP_RELATION+UNIT_TRACK+VERIFY_RESULT+UNCERTAINTY_BOUND+ORIGINAL_TASK_RETURN+DANGER_CHECK,0.2833,0.5837,0.6653,0.1819,0.6778,0.0556
saturated,0.95,4,EXTRACT_GIVENS+UNIT_TRACK+STEP_COMPUTE+VERIFY_RESULT,0.2833,0.5137,0.6556,0.2465,0.5326,0.0056
strong,0.46,8,EXTRACT_GIVENS+UNIT_TRACK+STEP_COMPUTE+VERIFY_RESULT+COMPARE_AXES+UNCERTAINTY_BOUND+ORIGINAL_TASK_RETURN+DANGER_CHECK,0.2826,0.5693,0.6896,0.1993,0.5931,0.1167
saturated,0.95,7,SOURCE_BOUNDARY+MAP_RELATION+STEP_COMPUTE+VERIFY_RESULT+COMPARE_AXES+UNCERTAINTY_BOUND+DANGER_CHECK,0.2826,0.63,0.6632,0.1708,0.7021,0.1111
saturated,0.95,7,MAP_RELATION+STEP_COMPUTE+VERIFY_RESULT+COMPARE_AXES+UNCERTAINTY_BOUND+ORIGINAL_TASK_RETURN+DANGER_CHECK,0.2826,0.621,0.6931,0.1611,0.7063,0.0833
saturated,0.95,7,EXTRACT_GIVENS+MAP_RELATION+UNIT_TRACK+STEP_COMPUTE+COMPARE_AXES+UNCERTAINTY_BOUND+ORIGINAL_TASK_RETURN,0.2826,0.5488,0.6285,0.2201,0.7646,0.0056
saturated,0.95,7,SOURCE_BOUNDARY+MAP_RELATION+STEP_COMPUTE+VERIFY_RESULT+COMPARE_AXES+ORIGINAL_TASK_RETURN+DANGER_CHECK,0.2819,0.582,0.675,0.1875,0.7688,0.0611
saturated,0.95,6,EXTRACT_GIVENS+MAP_RELATION+UNIT_TRACK+STEP_COMPUTE+UNCERTAINTY_BOUND+ORIGINAL_TASK_RETURN,0.2819,0.5416,0.6375,0.2014,0.641,0.0056
saturated,0.95,5,EXTRACT_GIVENS+VERIFY_RESULT+UNCERTAINTY_BOUND+ORIGINAL_TASK_RETURN+DANGER_CHECK,0.2812,0.6236,0.7743,0.1514,0.416,0.1333
saturated,0.95,7,EXTRACT_GIVENS+SOURCE_BOUNDARY+MAP_RELATION+UNIT_TRACK+VERIFY_RESULT+COMPARE_AXES+ORIGINAL_TASK_RETURN,0.2812,0.6307,0.7181,0.1861,0.725,0.0889
very_strong,0.7,6,MAP_RELATION+STEP_COMPUTE+VERIFY_RESULT+UNCERTAINTY_BOUND+ORIGINAL_TASK_RETURN+DANGER_CHECK,0.2812,0.6075,0.6694,0.166,0.4979,0.0778
strong,0.46,6,EXTRACT_GIVENS+MAP_RELATION+STEP_COMPUTE+VERIFY_RESULT+COMPARE_AXES+ORIGINAL_TASK_RETURN,0.2812,0.5306,0.6597,0.1965,0.4993,0.0278
saturated,0.95,7,SOURCE_BOUNDARY+MAP_RELATION+UNIT_TRACK+VERIFY_RESULT+UNCERTAINTY_BOUND+ORIGINAL_TASK_RETURN+DANGER_CHECK,0.2806,0.5939,0.7021,0.1722,0.6917,0.0389
saturated,0.95,7,MAP_RELATION+UNIT_TRACK+STEP_COMPUTE+VERIFY_RESULT+COMPARE_AXES+ORIGINAL_TASK_RETURN+DANGER_CHECK,0.2806,0.568,0.6917,0.1958,0.7861,0.0
strong,0.46,7,EXTRACT_GIVENS+MAP_RELATION+UNIT_TRACK+VERIFY_RESULT+COMPARE_AXES+ORIGINAL_TASK_RETURN+DANGER_CHECK,0.2792,0.5588,0.6972,0.1944,0.5479,0.0444
very_strong,0.7,6,EXTRACT_GIVENS+SOURCE_BOUNDARY+UNIT_TRACK+STEP_COMPUTE+VERIFY_RESULT+ORIGINAL_TASK_RETURN,0.2785,0.5705,0.6611,0.2083,0.6681,0.0056
saturated,0.95,8,SOURCE_BOUNDARY+MAP_RELATION+UNIT_TRACK+VERIFY_RESULT+COMPARE_AXES+UNCERTAINTY_BOUND+ORIGINAL_TASK_RETURN+DANGER_CHECK,0.2778,0.5925,0.666,0.1729,0.8646,0.0667
very_strong,0.7,5,EXTRACT_GIVENS+MAP_RELATION+STEP_COMPUTE+UNCERTAINTY_BOUND+DANGER_CHECK,0.2778,0.5659,0.6333,0.2035,0.4437,0.0167
saturated,0.95,7,EXTRACT_GIVENS+MAP_RELATION+UNIT_TRACK+STEP_COMPUTE+COMPARE_AXES+ORIGINAL_TASK_RETURN+DANGER_CHECK,0.2778,0.5651,0.675,0.2153,0.7917,0.0111
strong,0.46,7,EXTRACT_GIVENS+SOURCE_BOUNDARY+MAP_RELATION+UNIT_TRACK+STEP_COMPUTE+VERIFY_RESULT+COMPARE_AXES,0.2778,0.5163,0.6007,0.2514,0.6222,0.0111
very_strong,0.7,8,SOURCE_BOUNDARY+MAP_RELATION+UNIT_TRACK+STEP_COMPUTE+VERIFY_RESULT+COMPARE_AXES+UNCERTAINTY_BOUND+DANGER_CHECK,0.2771,0.6245,0.6069,0.1736,0.7354,0.1833
very_strong,0.7,7,EXTRACT_GIVENS+SOURCE_BOUNDARY+UNIT_TRACK+VERIFY_RESULT+COMPARE_AXES+ORIGINAL_TASK_RETURN+DANGER_CHECK,0.2771,0.5903,0.7104,0.1986,0.6785,0.0611
very_strong,0.7,6,EXTRACT_GIVENS+SOURCE_BOUNDARY+STEP_COMPUTE+VERIFY_RESULT+COMPARE_AXES+UNCERTAINTY_BOUND,0.2771,0.5749,0.6215,0.2118,0.5646,0.05
saturated,0.95,7,SOURCE_BOUNDARY+MAP_RELATION+VERIFY_RESULT+COMPARE_AXES+UNCERTAINTY_BOUND+ORIGINAL_TASK_RETURN+DANGER_CHECK,0.2771,0.5751,0.6833,0.184,0.7111,0.0222
saturated,0.95,8,EXTRACT_GIVENS+SOURCE_BOUNDARY+MAP_RELATION+UNIT_TRACK+STEP_COMPUTE+COMPARE_AXES+UNCERTAINTY_BOUND+ORIGINAL_TASK_RETURN,0.2764,0.5806,0.6278,0.2069,0.8792,0.0611
strong,0.46,6,EXTRACT_GIVENS+SOURCE_BOUNDARY+VERIFY_RESULT+UNCERTAINTY_BOUND+ORIGINAL_TASK_RETURN+DANGER_CHECK,0.2764,0.5504,0.7132,0.1924,0.4729,0.0556
saturated,0.95,6,EXTRACT_GIVENS+SOURCE_BOUNDARY+UNIT_TRACK+VERIFY_RESULT+UNCERTAINTY_BOUND+ORIGINAL_TASK_RETURN,0.2757,0.5923,0.7174,0.1847,0.6146,0.1111
saturated,0.95,7,EXTRACT_GIVENS+SOURCE_BOUNDARY+MAP_RELATION+COMPARE_AXES+UNCERTAINTY_BOUND+ORIGINAL_TASK_RETURN+DANGER_CHECK,0.2757,0.5725,0.6958,0.1944,0.7083,0.0389
strong,0.46,5,EXTRACT_GIVENS+SOURCE_BOUNDARY+MAP_RELATION+STEP_COMPUTE+VERIFY_RESULT,0.2757,0.5256,0.6347,0.2264,0.4174,0.0111
very_strong,0.7,7,EXTRACT_GIVENS+MAP_RELATION+UNIT_TRACK+STEP_COMPUTE+COMPARE_AXES+ORIGINAL_TASK_RETURN+DANGER_CHECK,0.2757,0.5449,0.6424,0.2243,0.6979,0.0056
saturated,0.95,5,EXTRACT_GIVENS+STEP_COMPUTE+VERIFY_RESULT+COMPARE_AXES+DANGER_CHECK,0.275,0.606,0.7264,0.1681,0.5889,0.1111
saturated,0.95,6,SOURCE_BOUNDARY+MAP_RELATION+VERIFY_RESULT+UNCERTAINTY_BOUND+ORIGINAL_TASK_RETURN+DANGER_CHECK,0.275,0.5809,0.6986,0.1639,0.5625,0.0556
saturated,0.95,5,EXTRACT_GIVENS+SOURCE_BOUNDARY+UNIT_TRACK+STEP_COMPUTE+VERIFY_RESULT,0.275,0.5584,0.6833,0.2174,0.6167,0.0111
saturated,0.95,6,EXTRACT_GIVENS+MAP_RELATION+UNIT_TRACK+STEP_COMPUTE+COMPARE_AXES+DANGER_CHECK,0.275,0.5317,0.6451,0.2333,0.7438,0.0111
very_strong,0.7,6,EXTRACT_GIVENS+STEP_COMPUTE+VERIFY_RESULT+COMPARE_AXES+UNCERTAINTY_BOUND+ORIGINAL_TASK_RETURN,0.2743,0.5955,0.684,0.1938,0.5319,0.05
very_strong,0.7,6,EXTRACT_GIVENS+SOURCE_BOUNDARY+UNIT_TRACK+VERIFY_RESULT+ORIGINAL_TASK_RETURN+DANGER_CHECK,0.2743,0.5737,0.7042,0.2076,0.5938,0.05
saturated,0.95,4,EXTRACT_GIVENS+STEP_COMPUTE+VERIFY_RESULT+UNCERTAINTY_BOUND,0.2743,0.5654,0.6813,0.1951,0.3986,0.0222
strong,0.46,8,EXTRACT_GIVENS+SOURCE_BOUNDARY+UNIT_TRACK+STEP_COMPUTE+VERIFY_RESULT+COMPARE_AXES+UNCERTAINTY_BOUND+DANGER_CHECK,0.2736,0.5535,0.6451,0.2222,0.6188,0.1222
strong,0.46,5,EXTRACT_GIVENS+MAP_RELATION+UNIT_TRACK+VERIFY_RESULT+DANGER_CHECK,0.2736,0.5338,0.6736,0.209,0.384,0.0556
saturated,0.95,7,EXTRACT_GIVENS+SOURCE_BOUNDARY+MAP_RELATION+UNIT_TRACK+STEP_COMPUTE+UNCERTAINTY_BOUND+ORIGINAL_TASK_RETURN,0.2736,0.5777,0.6562,0.2028,0.7222,0.0389
saturated,0.95,6,EXTRACT_GIVENS+SOURCE_BOUNDARY+MAP_RELATION+UNIT_TRACK+STEP_COMPUTE+UNCERTAINTY_BOUND,0.2736,0.5455,0.591,0.234,0.6458,0.0056
very_strong,0.7,7,EXTRACT_GIVENS+SOURCE_BOUNDARY+UNIT_TRACK+STEP_COMPUTE+VERIFY_RESULT+COMPARE_AXES+DANGER_CHECK,0.2729,0.6261,0.6778,0.1896,0.7035,0.1611
saturated,0.95,6,EXTRACT_GIVENS+SOURCE_BOUNDARY+MAP_RELATION+STEP_COMPUTE+UNCERTAINTY_BOUND+DANGER_CHECK,0.2729,0.6149,0.6778,0.1833,0.5778,0.0722
strong,0.46,6,EXTRACT_GIVENS+UNIT_TRACK+STEP_COMPUTE+VERIFY_RESULT+UNCERTAINTY_BOUND+DANGER_CHECK,0.2729,0.5545,0.6715,0.2167,0.4632,0.05
saturated,0.95,5,EXTRACT_GIVENS+UNIT_TRACK+VERIFY_RESULT+UNCERTAINTY_BOUND+DANGER_CHECK,0.2729,0.6011,0.7132,0.1785,0.5056,0.0389
very_strong,0.7,5,MAP_RELATION+UNIT_TRACK+STEP_COMPUTE+VERIFY_RESULT+UNCERTAINTY_BOUND,0.2729,0.5019,0.55,0.2306,0.5278,0.0
strong,0.46,6,EXTRACT_GIVENS+SOURCE_BOUNDARY+MAP_RELATION+VERIFY_RESULT+UNCERTAINTY_BOUND+ORIGINAL_TASK_RETURN,0.2722,0.56,0.6785,0.1938,0.4215,0.1
saturated,0.95,5,EXTRACT_GIVENS+SOURCE_BOUNDARY+VERIFY_RESULT+ORIGINAL_TASK_RETURN+DANGER_CHECK,0.2722,0.5861,0.7576,0.1833,0.5229,0.0722
saturated,0.95,5,EXTRACT_GIVENS+VERIFY_RESULT+COMPARE_AXES+UNCERTAINTY_BOUND+DANGER_CHECK,0.2722,0.58,0.7181,0.1861,0.5389,0.0611
very_strong,0.7,6,SOURCE_BOUNDARY+MAP_RELATION+UNIT_TRACK+STEP_COMPUTE+VERIFY_RESULT+DANGER_CHECK,0.2722,0.5566,0.6278,0.2083,0.6465,0.0167
very_strong,0.7,5,EXTRACT_GIVENS+MAP_RELATION+UNIT_TRACK+STEP_COMPUTE+DANGER_CHECK,0.2722,0.5109,0.6042,0.2472,0.5563,0.0
strong,0.46,7,EXTRACT_GIVENS+SOURCE_BOUNDARY+STEP_COMPUTE+VERIFY_RESULT+COMPARE_AXES+UNCERTAINTY_BOUND+DANGER_CHECK,0.2715,0.5658,0.6764,0.1889,0.5278,0.1167
very_strong,0.7,6,EXTRACT_GIVENS+SOURCE_BOUNDARY+MAP_RELATION+STEP_COMPUTE+UNCERTAINTY_BOUND+DANGER_CHECK,0.2715,0.5941,0.6458,0.2028,0.5431,0.0667
very_strong,0.7,5,EXTRACT_GIVENS+STEP_COMPUTE+VERIFY_RESULT+UNCERTAINTY_BOUND+ORIGINAL_TASK_RETURN,0.2715,0.5828,0.6937,0.1819,0.4618,0.0667
saturated,0.95,5,EXTRACT_GIVENS+SOURCE_BOUNDARY+MAP_RELATION+VERIFY_RESULT+ORIGINAL_TASK_RETURN,0.2715,0.6061,0.7167,0.1736,0.4743,0.0111
strong,0.46,6,EXTRACT_GIVENS+MAP_RELATION+UNIT_TRACK+VERIFY_RESULT+COMPARE_AXES+DANGER_CHECK,0.2708,0.5269,0.65,0.2021,0.4771,0.0556
saturated,0.95,6,EXTRACT_GIVENS+STEP_COMPUTE+VERIFY_RESULT+COMPARE_AXES+UNCERTAINTY_BOUND+ORIGINAL_TASK_RETURN,0.2708,0.5929,0.6882,0.1917,0.6257,0.05
very_strong,0.7,5,MAP_RELATION+UNIT_TRACK+STEP_COMPUTE+VERIFY_RESULT+DANGER_CHECK,0.2708,0.5166,0.6,0.2417,0.5403,0.0167
very_strong,0.7,7,SOURCE_BOUNDARY+MAP_RELATION+UNIT_TRACK+STEP_COMPUTE+VERIFY_RESULT+UNCERTAINTY_BOUND+ORIGINAL_TASK_RETURN,0.2708,0.5612,0.584,0.2049,0.6535,0.0056
very_strong,0.7,7,SOURCE_BOUNDARY+MAP_RELATION+VERIFY_RESULT+COMPARE_AXES+UNCERTAINTY_BOUND+ORIGINAL_TASK_RETURN+DANGER_CHECK,0.2701,0.567,0.6389,0.1778,0.6431,0.0556
saturated,0.95,5,MAP_RELATION+STEP_COMPUTE+VERIFY_RESULT+UNCERTAINTY_BOUND+DANGER_CHECK,0.2701,0.5829,0.6625,0.1938,0.4625,0.05
very_strong,0.7,6,EXTRACT_GIVENS+MAP_RELATION+UNIT_TRACK+STEP_COMPUTE+UNCERTAINTY_BOUND+ORIGINAL_TASK_RETURN,0.2701,0.5138,0.6125,0.2576,0.5931,0.0111
saturated,0.95,4,EXTRACT_GIVENS+MAP_RELATION+VERIFY_RESULT+ORIGINAL_TASK_RETURN,0.2694,0.582,0.7417,0.1785,0.3528,0.0278
very_strong,0.7,5,EXTRACT_GIVENS+VERIFY_RESULT+UNCERTAINTY_BOUND+ORIGINAL_TASK_RETURN+DANGER_CHECK,0.2687,0.602,0.7271,0.1646,0.4285,0.0722
saturated,0.95,7,SOURCE_BOUNDARY+UNIT_TRACK+STEP_COMPUTE+VERIFY_RESULT+UNCERTAINTY_BOUND+ORIGINAL_TASK_RETURN+DANGER_CHECK,0.2687,0.5659,0.6778,0.1694,0.7757,0.0667
very_strong,0.7,6,EXTRACT_GIVENS+MAP_RELATION+UNIT_TRACK+VERIFY_RESULT+COMPARE_AXES+ORIGINAL_TASK_RETURN,0.2687,0.5736,0.6451,0.1972,0.5646,0.0556
strong,0.46,6,EXTRACT_GIVENS+MAP_RELATION+UNIT_TRACK+VERIFY_RESULT+UNCERTAINTY_BOUND+ORIGINAL_TASK_RETURN,0.2687,0.5406,0.6729,0.2042,0.459,0.0278
very_strong,0.7,6,SOURCE_BOUNDARY+MAP_RELATION+VERIFY_RESULT+UNCERTAINTY_BOUND+ORIGINAL_TASK_RETURN+DANGER_CHECK,0.2681,0.5597,0.6806,0.1917,0.5285,0.0722
very_strong,0.7,7,EXTRACT_GIVENS+SOURCE_BOUNDARY+MAP_RELATION+UNIT_TRACK+VERIFY_RESULT+COMPARE_AXES+ORIGINAL_TASK_RETURN,0.2674,0.6039,0.6667,0.2028,0.65,0.0778
saturated,0.95,6,MAP_RELATION+STEP_COMPUTE+VERIFY_RESULT+COMPARE_AXES+UNCERTAINTY_BOUND+DANGER_CHECK,0.2674,0.5857,0.6299,0.1826,0.6174,0.0333
very_strong,0.7,5,EXTRACT_GIVENS+UNIT_TRACK+STEP_COMPUTE+VERIFY_RESULT+ORIGINAL_TASK_RETURN,0.2674,0.5307,0.6764,0.2292,0.5583,0.0222
very_strong,0.7,5,EXTRACT_GIVENS+STEP_COMPUTE+VERIFY_RESULT+ORIGINAL_TASK_RETURN+DANGER_CHECK,0.266,0.6195,0.7493,0.1681,0.4667,0.0944
strong,0.46,5,EXTRACT_GIVENS+SOURCE_BOUNDARY+MAP_RELATION+VERIFY_RESULT+DANGER_CHECK,0.266,0.5495,0.6889,0.1938,0.4028,0.0667
very_strong,0.7,6,EXTRACT_GIVENS+SOURCE_BOUNDARY+MAP_RELATION+UNIT_TRACK+STEP_COMPUTE+UNCERTAINTY_BOUND,0.266,0.5334,0.5799,0.2326,0.5931,0.0056
very_strong,0.7,7,EXTRACT_GIVENS+MAP_RELATION+UNIT_TRACK+STEP_COMPUTE+COMPARE_AXES+UNCERTAINTY_BOUND+ORIGINAL_TASK_RETURN,0.266,0.5307,0.5951,0.2313,0.6903,0.0056
strong,0.46,7,EXTRACT_GIVENS+STEP_COMPUTE+VERIFY_RESULT+COMPARE_AXES+UNCERTAINTY_BOUND+ORIGINAL_TASK_RETURN+DANGER_CHECK,0.2653,0.5656,0.6993,0.1819,0.5194,0.1611
very_strong,0.7,5,EXTRACT_GIVENS+SOURCE_BOUNDARY+STEP_COMPUTE+VERIFY_RESULT+DANGER_CHECK,0.2653,0.6123,0.6979,0.1875,0.4694,0.0667
saturated,0.95,6,EXTRACT_GIVENS+MAP_RELATION+UNIT_TRACK+VERIFY_RESULT+COMPARE_AXES+ORIGINAL_TASK_RETURN,0.2653,0.5884,0.7132,0.1958,0.6382,0.0556
very_strong,0.7,6,SOURCE_BOUNDARY+MAP_RELATION+STEP_COMPUTE+VERIFY_RESULT+UNCERTAINTY_BOUND+DANGER_CHECK,0.2653,0.6168,0.6583,0.166,0.5257,0.0444
very_strong,0.7,6,SOURCE_BOUNDARY+MAP_RELATION+UNIT_TRACK+STEP_COMPUTE+VERIFY_RESULT+UNCERTAINTY_BOUND,0.2653,0.5334,0.5778,0.2215,0.6208,0.0167
very_strong,0.7,7,MAP_RELATION+UNIT_TRACK+STEP_COMPUTE+VERIFY_RESULT+COMPARE_AXES+ORIGINAL_TASK_RETURN+DANGER_CHECK,0.2653,0.5626,0.6722,0.2056,0.7285,0.0
very_strong,0.7,5,EXTRACT_GIVENS+MAP_RELATION+VERIFY_RESULT+COMPARE_AXES+UNCERTAINTY_BOUND,0.2646,0.581,0.6368,0.1993,0.4285,0.0167
saturated,0.95,8,EXTRACT_GIVENS+SOURCE_BOUNDARY+MAP_RELATION+UNIT_TRACK+COMPARE_AXES+UNCERTAINTY_BOUND+ORIGINAL_TASK_RETURN+DANGER_CHECK,0.2632,0.5811,0.6722,0.2049,0.8069,0.0778
saturated,0.95,8,EXTRACT_GIVENS+SOURCE_BOUNDARY+MAP_RELATION+UNIT_TRACK+STEP_COMPUTE+COMPARE_AXES+ORIGINAL_TASK_RETURN+DANGER_CHECK,0.2632,0.6007,0.6708,0.1861,0.8701,0.0667
strong,0.46,7,EXTRACT_GIVENS+SOURCE_BOUNDARY+UNIT_TRACK+VERIFY_RESULT+UNCERTAINTY_BOUND+ORIGINAL_TASK_RETURN+DANGER_CHECK,0.2625,0.5498,0.7153,0.2097,0.5361,0.0556
strong,0.46,8,SOURCE_BOUNDARY+MAP_RELATION+UNIT_TRACK+STEP_COMPUTE+VERIFY_RESULT+UNCERTAINTY_BOUND+ORIGINAL_TASK_RETURN+DANGER_CHECK,0.2625,0.5361,0.6174,0.1854,0.5965,0.0389
strong,0.46,7,EXTRACT_GIVENS+SOURCE_BOUNDARY+UNIT_TRACK+STEP_COMPUTE+VERIFY_RESULT+ORIGINAL_TASK_RETURN+DANGER_CHECK,0.2625,0.5465,0.6813,0.1979,0.5764,0.0333
saturated,0.95,6,SOURCE_BOUNDARY+MAP_RELATION+UNIT_TRACK+STEP_COMPUTE+VERIFY_RESULT+UNCERTAINTY_BOUND,0.2625,0.5479,0.5931,0.2076,0.6667,0.0056
saturated,0.95,4,EXTRACT_GIVENS+MAP_RELATION+UNIT_TRACK+STEP_COMPUTE,0.2625,0.4579,0.5771,0.2882,0.5486,0.0056
saturated,0.95,6,EXTRACT_GIVENS+SOURCE_BOUNDARY+STEP_COMPUTE+VERIFY_RESULT+COMPARE_AXES+DANGER_CHECK,0.2618,0.6304,0.741,0.166,0.6778,0.1222
saturated,0.95,6,EXTRACT_GIVENS+SOURCE_BOUNDARY+MAP_RELATION+UNIT_TRACK+VERIFY_RESULT+COMPARE_AXES,0.2618,0.5966,0.6576,0.1771,0.6979,0.0556
strong,0.46,5,EXTRACT_GIVENS+MAP_RELATION+VERIFY_RESULT+ORIGINAL_TASK_RETURN+DANGER_CHECK,0.2618,0.558,0.7299,0.1979,0.3792,0.0556
very_strong,0.7,5,MAP_RELATION+STEP_COMPUTE+VERIFY_RESULT+ORIGINAL_TASK_RETURN+DANGER_CHECK,0.2618,0.5489,0.6653,0.2035,0.5035,0.0278
strong,0.46,6,EXTRACT_GIVENS+SOURCE_BOUNDARY+STEP_COMPUTE+VERIFY_RESULT+UNCERTAINTY_BOUND+DANGER_CHECK,0.2611,0.5678,0.6701,0.184,0.4382,0.1111
saturated,0.95,6,EXTRACT_GIVENS+MAP_RELATION+UNIT_TRACK+COMPARE_AXES+UNCERTAINTY_BOUND+DANGER_CHECK,0.2611,0.5276,0.6507,0.2403,0.6514,0.0111
very_strong,0.7,8,SOURCE_BOUNDARY+MAP_RELATION+UNIT_TRACK+VERIFY_RESULT+COMPARE_AXES+UNCERTAINTY_BOUND+ORIGINAL_TASK_RETURN+DANGER_CHECK,0.2604,0.5757,0.616,0.1875,0.7257,0.0889
very_strong,0.7,5,MAP_RELATION+STEP_COMPUTE+VERIFY_RESULT+UNCERTAINTY_BOUND+DANGER_CHECK,0.2604,0.577,0.6569,0.1986,0.4465,0.0722
strong,0.46,7,EXTRACT_GIVENS+SOURCE_BOUNDARY+MAP_RELATION+STEP_COMPUTE+VERIFY_RESULT+COMPARE_AXES+ORIGINAL_TASK_RETURN,0.2604,0.5437,0.6528,0.2174,0.5208,0.0556
very_strong,0.7,4,EXTRACT_GIVENS+STEP_COMPUTE+VERIFY_RESULT+UNCERTAINTY_BOUND,0.2604,0.5478,0.6292,0.2111,0.3854,0.0056
very_strong,0.7,4,EXTRACT_GIVENS+UNIT_TRACK+STEP_COMPUTE+VERIFY_RESULT,0.2604,0.4988,0.6069,0.25,0.4861,0.0056
very_strong,0.7,7,SOURCE_BOUNDARY+MAP_RELATION+STEP_COMPUTE+VERIFY_RESULT+COMPARE_AXES+UNCERTAINTY_BOUND+DANGER_CHECK,0.2597,0.6142,0.6264,0.1743,0.6292,0.15
saturated,0.95,5,EXTRACT_GIVENS+SOURCE_BOUNDARY+VERIFY_RESULT+UNCERTAINTY_BOUND+ORIGINAL_TASK_RETURN,0.2597,0.5614,0.7111,0.1944,0.5,0.0778
very_strong,0.7,5,EXTRACT_GIVENS+SOURCE_BOUNDARY+VERIFY_RESULT+ORIGINAL_TASK_RETURN+DANGER_CHECK,0.2597,0.5748,0.7451,0.1729,0.5118,0.0556
very_strong,0.7,7,EXTRACT_GIVENS+SOURCE_BOUNDARY+MAP_RELATION+UNIT_TRACK+STEP_COMPUTE+ORIGINAL_TASK_RETURN+DANGER_CHECK,0.259,0.5823,0.6708,0.2083,0.6597,0.0667
saturated,0.95,8,SOURCE_BOUNDARY+MAP_RELATION+UNIT_TRACK+STEP_COMPUTE+VERIFY_RESULT+COMPARE_AXES+UNCERTAINTY_BOUND+ORIGINAL_TASK_RETURN,0.259,0.5819,0.6319,0.1938,0.8917,0.0667
very_strong,0.7,7,EXTRACT_GIVENS+SOURCE_BOUNDARY+MAP_RELATION+UNIT_TRACK+STEP_COMPUTE+UNCERTAINTY_BOUND+ORIGINAL_TASK_RETURN,0.259,0.552,0.6,0.2174,0.6396,0.05
very_strong,0.7,5,EXTRACT_GIVENS+MAP_RELATION+UNIT_TRACK+VERIFY_RESULT+COMPARE_AXES,0.259,0.5516,0.6403,0.2146,0.5424,0.0
very_strong,0.7,5,EXTRACT_GIVENS+VERIFY_RESULT+COMPARE_AXES+UNCERTAINTY_BOUND+DANGER_CHECK,0.2583,0.5597,0.6965,0.2069,0.5069,0.0722
very_strong,0.7,7,SOURCE_BOUNDARY+MAP_RELATION+STEP_COMPUTE+VERIFY_RESULT+COMPARE_AXES+ORIGINAL_TASK_RETURN+DANGER_CHECK,0.2583,0.5677,0.6465,0.1812,0.6979,0.0556
very_strong,0.7,6,EXTRACT_GIVENS+MAP_RELATION+UNIT_TRACK+STEP_COMPUTE+COMPARE_AXES+DANGER_CHECK,0.2583,0.5263,0.6132,0.2396,0.6569,0.0
saturated,0.95,6,EXTRACT_GIVENS+SOURCE_BOUNDARY+MAP_RELATION+VERIFY_RESULT+COMPARE_AXES+ORIGINAL_TASK_RETURN,0.2576,0.615,0.7,0.1597,0.6188,0.0944
very_strong,0.7,7,MAP_RELATION+STEP_COMPUTE+VERIFY_RESULT+COMPARE_AXES+UNCERTAINTY_BOUND+ORIGINAL_TASK_RETURN+DANGER_CHECK,0.2576,0.6059,0.6542,0.175,0.6208,0.0722
saturated,0.95,6,SOURCE_BOUNDARY+MAP_RELATION+UNIT_TRACK+STEP_COMPUTE+VERIFY_RESULT+ORIGINAL_TASK_RETURN,0.2576,0.5282,0.6264,0.2271,0.7194,0.0056
very_strong,0.7,5,EXTRACT_GIVENS+SOURCE_BOUNDARY+UNIT_TRACK+STEP_COMPUTE+VERIFY_RESULT,0.2569,0.5352,0.6326,0.2437,0.5729,0.0111
strong,0.46,6,EXTRACT_GIVENS+SOURCE_BOUNDARY+STEP_COMPUTE+VERIFY_RESULT+ORIGINAL_TASK_RETURN+DANGER_CHECK,0.2562,0.5534,0.6917,0.1875,0.4778,0.0833
saturated,0.95,7,MAP_RELATION+UNIT_TRACK+STEP_COMPUTE+VERIFY_RESULT+COMPARE_AXES+UNCERTAINTY_BOUND+ORIGINAL_TASK_RETURN,0.2562,0.5464,0.6188,0.2069,0.7514,0.05
saturated,0.95,3,EXTRACT_GIVENS+MAP_RELATION+VERIFY_RESULT,0.2562,0.5427,0.7,0.2139,0.3243,0.0278
strong,0.46,6,EXTRACT_GIVENS+SOURCE_BOUNDARY+MAP_RELATION+UNIT_TRACK+VERIFY_RESULT+UNCERTAINTY_BOUND,0.2556,0.5261,0.6368,0.2257,0.4535,0.0444
saturated,0.95,5,MAP_RELATION+UNIT_TRACK+STEP_COMPUTE+VERIFY_RESULT+ORIGINAL_TASK_RETURN,0.2556,0.4856,0.6014,0.2549,0.6292,0.0
strong,0.46,8,EXTRACT_GIVENS+SOURCE_BOUNDARY+UNIT_TRACK+STEP_COMPUTE+VERIFY_RESULT+COMPARE_AXES+ORIGINAL_TASK_RETURN+DANGER_CHECK,0.2549,0.5401,0.6917,0.2125,0.6097,0.1333
very_strong,0.7,8,EXTRACT_GIVENS+SOURCE_BOUNDARY+MAP_RELATION+UNIT_TRACK+STEP_COMPUTE+COMPARE_AXES+ORIGINAL_TASK_RETURN+DANGER_CHECK,0.2549,0.5738,0.6326,0.2132,0.7972,0.05
very_strong,0.7,7,EXTRACT_GIVENS+SOURCE_BOUNDARY+UNIT_TRACK+VERIFY_RESULT+COMPARE_AXES+UNCERTAINTY_BOUND+ORIGINAL_TASK_RETURN,0.2549,0.5671,0.634,0.1951,0.6785,0.05
saturated,0.95,5,MAP_RELATION+STEP_COMPUTE+VERIFY_RESULT+ORIGINAL_TASK_RETURN+DANGER_CHECK,0.2549,0.5547,0.6736,0.1708,0.5451,0.0222
very_strong,0.7,8,EXTRACT_GIVENS+SOURCE_BOUNDARY+MAP_RELATION+UNIT_TRACK+COMPARE_AXES+UNCERTAINTY_BOUND+ORIGINAL_TASK_RETURN+DANGER_CHECK,0.2542,0.5662,0.6354,0.1972,0.7639,0.0556
saturated,0.95,7,EXTRACT_GIVENS+SOURCE_BOUNDARY+UNIT_TRACK+STEP_COMPUTE+VERIFY_RESULT+COMPARE_AXES+ORIGINAL_TASK_RETURN,0.2542,0.5872,0.6896,0.1979,0.8243,0.05
very_strong,0.7,7,EXTRACT_GIVENS+SOURCE_BOUNDARY+MAP_RELATION+COMPARE_AXES+UNCERTAINTY_BOUND+ORIGINAL_TASK_RETURN+DANGER_CHECK,0.2542,0.5542,0.6472,0.2104,0.6319,0.0389
very_strong,0.7,5,MAP_RELATION+UNIT_TRACK+STEP_COMPUTE+VERIFY_RESULT+ORIGINAL_TASK_RETURN,0.2542,0.4762,0.5847,0.2625,0.5757,0.0
very_strong,0.7,6,EXTRACT_GIVENS+MAP_RELATION+UNIT_TRACK+STEP_COMPUTE+COMPARE_AXES+UNCERTAINTY_BOUND,0.2535,0.5084,0.5306,0.2701,0.6562,0.0
strong,0.46,6,EXTRACT_GIVENS+SOURCE_BOUNDARY+MAP_RELATION+VERIFY_RESULT+COMPARE_AXES+DANGER_CHECK,0.2528,0.5532,0.6729,0.1924,0.4722,0.1
saturated,0.95,6,EXTRACT_GIVENS+UNIT_TRACK+STEP_COMPUTE+VERIFY_RESULT+COMPARE_AXES+ORIGINAL_TASK_RETURN,0.2528,0.5556,0.7083,0.1917,0.7646,0.05
saturated,0.95,6,EXTRACT_GIVENS+SOURCE_BOUNDARY+MAP_RELATION+COMPARE_AXES+UNCERTAINTY_BOUND+DANGER_CHECK,0.2528,0.5389,0.6514,0.2049,0.6438,0.0389
very_strong,0.7,5,EXTRACT_GIVENS+MAP_RELATION+UNIT_TRACK+STEP_COMPUTE+UNCERTAINTY_BOUND,0.2528,0.4914,0.541,0.2778,0.5201,0.0
saturated,0.95,6,EXTRACT_GIVENS+SOURCE_BOUNDARY+MAP_RELATION+UNIT_TRACK+STEP_COMPUTE+DANGER_CHECK,0.2514,0.5637,0.6493,0.2014,0.6875,0.0389
saturated,0.95,7,SOURCE_BOUNDARY+MAP_RELATION+UNIT_TRACK+STEP_COMPUTE+VERIFY_RESULT+COMPARE_AXES+UNCERTAINTY_BOUND,0.2514,0.5606,0.6049,0.2097,0.7917,0.0333
saturated,0.95,5,EXTRACT_GIVENS+MAP_RELATION+UNIT_TRACK+STEP_COMPUTE+ORIGINAL_TASK_RETURN,0.2514,0.4594,0.5924,0.2701,0.6194,0.0056
saturated,0.95,6,EXTRACT_GIVENS+MAP_RELATION+UNIT_TRACK+STEP_COMPUTE+COMPARE_AXES+UNCERTAINTY_BOUND,0.2507,0.524,0.5861,0.2549,0.7417,0.0
saturated,0.95,7,EXTRACT_GIVENS+SOURCE_BOUNDARY+MAP_RELATION+UNIT_TRACK+UNCERTAINTY_BOUND+ORIGINAL_TASK_RETURN+DANGER_CHECK,0.25,0.6012,0.7069,0.1861,0.6667,0.0722
very_strong,0.7,5,EXTRACT_GIVENS+UNIT_TRACK+VERIFY_RESULT+UNCERTAINTY_BOUND+DANGER_CHECK,0.25,0.5808,0.6667,0.1944,0.4903,0.05
strong,0.46,8,EXTRACT_GIVENS+SOURCE_BOUNDARY+UNIT_TRACK+VERIFY_RESULT+COMPARE_AXES+UNCERTAINTY_BOUND+ORIGINAL_TASK_RETURN+DANGER_CHECK,0.25,0.5181,0.6597,0.2306,0.625,0.05
saturated,0.95,6,MAP_RELATION+UNIT_TRACK+STEP_COMPUTE+VERIFY_RESULT+COMPARE_AXES+UNCERTAINTY_BOUND,0.25,0.514,0.5722,0.2375,0.675,0.0
very_strong,0.7,6,EXTRACT_GIVENS+SOURCE_BOUNDARY+UNIT_TRACK+VERIFY_RESULT+UNCERTAINTY_BOUND+ORIGINAL_TASK_RETURN,0.2493,0.5692,0.6715,0.1826,0.5729,0.0667
strong,0.46,5,EXTRACT_GIVENS+STEP_COMPUTE+VERIFY_RESULT+UNCERTAINTY_BOUND+DANGER_CHECK,0.2493,0.5497,0.684,0.2042,0.3993,0.0222
saturated,0.95,5,MAP_RELATION+STEP_COMPUTE+VERIFY_RESULT+UNCERTAINTY_BOUND+ORIGINAL_TASK_RETURN,0.2493,0.5267,0.6243,0.2035,0.4951,0.0167
strong,0.46,6,EXTRACT_GIVENS+SOURCE_BOUNDARY+MAP_RELATION+STEP_COMPUTE+VERIFY_RESULT+COMPARE_AXES,0.2486,0.5203,0.6389,0.2201,0.5021,0.0167
saturated,0.95,4,EXTRACT_GIVENS+STEP_COMPUTE+VERIFY_RESULT+DANGER_CHECK,0.2479,0.5867,0.7125,0.1812,0.4729,0.0778
very_strong,0.7,5,EXTRACT_GIVENS+SOURCE_BOUNDARY+STEP_COMPUTE+VERIFY_RESULT+ORIGINAL_TASK_RETURN,0.2472,0.5644,0.6868,0.2056,0.4826,0.0222
saturated,0.95,6,EXTRACT_GIVENS+SOURCE_BOUNDARY+VERIFY_RESULT+COMPARE_AXES+UNCERTAINTY_BOUND+ORIGINAL_TASK_RETURN,0.2472,0.5509,0.6813,0.2097,0.6507,0.0222
very_strong,0.7,6,MAP_RELATION+UNIT_TRACK+STEP_COMPUTE+VERIFY_RESULT+COMPARE_AXES+DANGER_CHECK,0.2472,0.5323,0.5951,0.1979,0.6507,0.0111
very_strong,0.7,6,EXTRACT_GIVENS+STEP_COMPUTE+VERIFY_RESULT+COMPARE_AXES+ORIGINAL_TASK_RETURN+DANGER_CHECK,0.2465,0.6038,0.7188,0.1882,0.5944,0.0833
very_strong,0.7,7,EXTRACT_GIVENS+SOURCE_BOUNDARY+UNIT_TRACK+STEP_COMPUTE+VERIFY_RESULT+COMPARE_AXES+ORIGINAL_TASK_RETURN,0.2465,0.5746,0.6562,0.2042,0.7021,0.0278
saturated,0.95,5,EXTRACT_GIVENS+STEP_COMPUTE+VERIFY_RESULT+COMPARE_AXES+UNCERTAINTY_BOUND,0.2465,0.5599,0.6583,0.2278,0.5458,0.0056
very_strong,0.7,4,EXTRACT_GIVENS+STEP_COMPUTE+VERIFY_RESULT+DANGER_CHECK,0.2458,0.5748,0.7056,0.1944,0.4222,0.0833
strong,0.46,7,EXTRACT_GIVENS+UNIT_TRACK+STEP_COMPUTE+VERIFY_RESULT+COMPARE_AXES+UNCERTAINTY_BOUND+DANGER_CHECK,0.2458,0.5339,0.6493,0.2056,0.5306,0.0222
saturated,0.95,6,SOURCE_BOUNDARY+MAP_RELATION+STEP_COMPUTE+VERIFY_RESULT+UNCERTAINTY_BOUND+ORIGINAL_TASK_RETURN,0.2458,0.5617,0.6458,0.1965,0.6097,0.0056
saturated,0.95,4,MAP_RELATION+UNIT_TRACK+STEP_COMPUTE+VERIFY_RESULT,0.2458,0.4514,0.5785,0.2771,0.5743,0.0
strong,0.46,7,EXTRACT_GIVENS+SOURCE_BOUNDARY+MAP_RELATION+UNIT_TRACK+VERIFY_RESULT+COMPARE_AXES+UNCERTAINTY_BOUND,0.2451,0.5228,0.6208,0.2153,0.534,0.0444
very_strong,0.7,6,EXTRACT_GIVENS+SOURCE_BOUNDARY+VERIFY_RESULT+COMPARE_AXES+UNCERTAINTY_BOUND+ORIGINAL_TASK_RETURN,0.2451,0.5401,0.6431,0.1986,0.5639,0.0389
saturated,0.95,7,SOURCE_BOUNDARY+STEP_COMPUTE+VERIFY_RESULT+COMPARE_AXES+UNCERTAINTY_BOUND+ORIGINAL_TASK_RETURN+DANGER_CHECK,0.2451,0.5422,0.6715,0.2083,0.7792,0.0333
saturated,0.95,5,EXTRACT_GIVENS+SOURCE_BOUNDARY+STEP_COMPUTE+VERIFY_RESULT+ORIGINAL_TASK_RETURN,0.2451,0.5636,0.6979,0.1903,0.5826,0.0111
saturated,0.95,6,MAP_RELATION+UNIT_TRACK+STEP_COMPUTE+VERIFY_RESULT+COMPARE_AXES+DANGER_CHECK,0.2451,0.5368,0.6354,0.2111,0.7278,0.0
strong,0.46,5,EXTRACT_GIVENS+MAP_RELATION+STEP_COMPUTE+VERIFY_RESULT+COMPARE_AXES,0.2451,0.4901,0.6028,0.2424,0.4188,0.0
very_strong,0.7,5,EXTRACT_GIVENS+STEP_COMPUTE+VERIFY_RESULT+COMPARE_AXES+DANGER_CHECK,0.2444,0.5813,0.6847,0.1958,0.516,0.0389
strong,0.46,7,EXTRACT_GIVENS+SOURCE_BOUNDARY+UNIT_TRACK+STEP_COMPUTE+VERIFY_RESULT+UNCERTAINTY_BOUND+ORIGINAL_TASK_RETURN,0.2444,0.5203,0.6424,0.2181,0.5625,0.0278
strong,0.46,6,EXTRACT_GIVENS+SOURCE_BOUNDARY+STEP_COMPUTE+VERIFY_RESULT+UNCERTAINTY_BOUND+ORIGINAL_TASK_RETURN,0.2437,0.5199,0.6715,0.2132,0.4833,0.0667
very_strong,0.7,5,EXTRACT_GIVENS+UNIT_TRACK+STEP_COMPUTE+VERIFY_RESULT+COMPARE_AXES,0.2437,0.5064,0.609,0.2437,0.6174,0.0111
strong,0.46,6,EXTRACT_GIVENS+STEP_COMPUTE+VERIFY_RESULT+UNCERTAINTY_BOUND+ORIGINAL_TASK_RETURN+DANGER_CHECK,0.2431,0.5732,0.725,0.1799,0.4444,0.1611
strong,0.46,7,EXTRACT_GIVENS+SOURCE_BOUNDARY+MAP_RELATION+UNIT_TRACK+VERIFY_RESULT+COMPARE_AXES+DANGER_CHECK,0.2431,0.5413,0.6653,0.2257,0.5729,0.0833
strong,0.46,6,EXTRACT_GIVENS+UNIT_TRACK+STEP_COMPUTE+VERIFY_RESULT+ORIGINAL_TASK_RETURN+DANGER_CHECK,0.2431,0.5306,0.6868,0.1944,0.5042,0.0444
very_strong,0.7,5,EXTRACT_GIVENS+SOURCE_BOUNDARY+VERIFY_RESULT+UNCERTAINTY_BOUND+ORIGINAL_TASK_RETURN,0.2424,0.5424,0.6667,0.2056,0.4944,0.0833
saturated,0.95,4,EXTRACT_GIVENS+VERIFY_RESULT+UNCERTAINTY_BOUND+DANGER_CHECK,0.2424,0.5877,0.7326,0.1681,0.3653,0.0778
very_strong,0.7,6,EXTRACT_GIVENS+UNIT_TRACK+STEP_COMPUTE+VERIFY_RESULT+COMPARE_AXES+ORIGINAL_TASK_RETURN,0.2424,0.5302,0.6514,0.2229,0.6715,0.0444
saturated,0.95,4,MAP_RELATION+STEP_COMPUTE+VERIFY_RESULT+DANGER_CHECK,0.2424,0.5216,0.6549,0.2104,0.4493,0.0
saturated,0.95,6,MAP_RELATION+UNIT_TRACK+VERIFY_RESULT+UNCERTAINTY_BOUND+ORIGINAL_TASK_RETURN+DANGER_CHECK,0.2417,0.5699,0.6708,0.1694,0.5625,0.0889
very_strong,0.7,6,EXTRACT_GIVENS+SOURCE_BOUNDARY+MAP_RELATION+UNIT_TRACK+STEP_COMPUTE+DANGER_CHECK,0.2417,0.5402,0.6076,0.2326,0.6056,0.0444
strong,0.46,7,MAP_RELATION+UNIT_TRACK+STEP_COMPUTE+VERIFY_RESULT+UNCERTAINTY_BOUND+ORIGINAL_TASK_RETURN+DANGER_CHECK,0.2417,0.5201,0.6458,0.2069,0.559,0.0389
saturated,0.95,5,EXTRACT_GIVENS+SOURCE_BOUNDARY+UNIT_TRACK+VERIFY_RESULT+DANGER_CHECK,0.241,0.5783,0.7382,0.1924,0.584,0.1
very_strong,0.7,6,EXTRACT_GIVENS+SOURCE_BOUNDARY+MAP_RELATION+VERIFY_RESULT+COMPARE_AXES+ORIGINAL_TASK_RETURN,0.241,0.5907,0.6764,0.1951,0.525,0.0833
very_strong,0.7,6,EXTRACT_GIVENS+SOURCE_BOUNDARY+MAP_RELATION+UNIT_TRACK+VERIFY_RESULT+COMPARE_AXES,0.241,0.5715,0.6222,0.2097,0.5944,0.0389
saturated,0.95,5,EXTRACT_GIVENS+MAP_RELATION+STEP_COMPUTE+ORIGINAL_TASK_RETURN+DANGER_CHECK,0.241,0.5456,0.7139,0.2118,0.5208,0.0278
very_strong,0.7,7,MAP_RELATION+UNIT_TRACK+STEP_COMPUTE+VERIFY_RESULT+COMPARE_AXES+UNCERTAINTY_BOUND+ORIGINAL_TASK_RETURN,0.241,0.5161,0.566,0.2236,0.691,0.0167
strong,0.46,7,SOURCE_BOUNDARY+MAP_RELATION+UNIT_TRACK+STEP_COMPUTE+VERIFY_RESULT+ORIGINAL_TASK_RETURN+DANGER_CHECK,0.241,0.4891,0.6132,0.2174,0.6021,0.0056
saturated,0.95,6,SOURCE_BOUNDARY+MAP_RELATION+UNIT_TRACK+VERIFY_RESULT+ORIGINAL_TASK_RETURN+DANGER_CHECK,0.2403,0.5185,0.6507,0.1917,0.6757,0.0056
very_strong,0.7,6,SOURCE_BOUNDARY+MAP_RELATION+UNIT_TRACK+VERIFY_RESULT+ORIGINAL_TASK_RETURN+DANGER_CHECK,0.2396,0.5024,0.6389,0.2306,0.6479,0.0056
strong,0.46,6,EXTRACT_GIVENS+MAP_RELATION+VERIFY_RESULT+COMPARE_AXES+ORIGINAL_TASK_RETURN+DANGER_CHECK,0.2389,0.5478,0.7021,0.1917,0.4715,0.0833
saturated,0.95,8,EXTRACT_GIVENS+SOURCE_BOUNDARY+UNIT_TRACK+STEP_COMPUTE+COMPARE_AXES+UNCERTAINTY_BOUND+ORIGINAL_TASK_RETURN+DANGER_CHECK,0.2389,0.5524,0.6458,0.1847,0.9583,0.0722
saturated,0.95,7,EXTRACT_GIVENS+SOURCE_BOUNDARY+MAP_RELATION+UNIT_TRACK+STEP_COMPUTE+COMPARE_AXES+DANGER_CHECK,0.2389,0.5627,0.6382,0.2083,0.7972,0.0556
strong,0.46,6,EXTRACT_GIVENS+SOURCE_BOUNDARY+MAP_RELATION+UNIT_TRACK+VERIFY_RESULT+ORIGINAL_TASK_RETURN,0.2389,0.5096,0.6583,0.2354,0.4861,0.0
saturated,0.95,6,EXTRACT_GIVENS+SOURCE_BOUNDARY+MAP_RELATION+STEP_COMPUTE+ORIGINAL_TASK_RETURN+DANGER_CHECK,0.2382,0.5858,0.7132,0.1875,0.5944,0.0778
saturated,0.95,7,SOURCE_BOUNDARY+MAP_RELATION+UNIT_TRACK+STEP_COMPUTE+VERIFY_RESULT+COMPARE_AXES+DANGER_CHECK,0.2382,0.5665,0.6285,0.2042,0.8486,0.0611
saturated,0.95,6,EXTRACT_GIVENS+SOURCE_BOUNDARY+MAP_RELATION+UNIT_TRACK+STEP_COMPUTE+ORIGINAL_TASK_RETURN,0.2382,0.5079,0.6417,0.2493,0.7049,0.0444
very_strong,0.7,4,EXTRACT_GIVENS+MAP_RELATION+VERIFY_RESULT+ORIGINAL_TASK_RETURN,0.2382,0.5539,0.684,0.1931,0.3764,0.0111
saturated,0.95,5,EXTRACT_GIVENS+UNIT_TRACK+STEP_COMPUTE+VERIFY_RESULT+COMPARE_AXES,0.2382,0.5171,0.6451,0.2389,0.6799,0.0
very_strong,0.7,8,EXTRACT_GIVENS+SOURCE_BOUNDARY+MAP_RELATION+UNIT_TRACK+STEP_COMPUTE+COMPARE_AXES+UNCERTAINTY_BOUND+ORIGINAL_TASK_RETURN,0.2375,0.5505,0.5833,0.2243,0.7708,0.0333
strong,0.46,6,MAP_RELATION+UNIT_TRACK+STEP_COMPUTE+VERIFY_RESULT+ORIGINAL_TASK_RETURN+DANGER_CHECK,0.2375,0.4793,0.6333,0.2368,0.5125,0.0111
saturated,0.95,6,EXTRACT_GIVENS+MAP_RELATION+UNIT_TRACK+UNCERTAINTY_BOUND+ORIGINAL_TASK_RETURN+DANGER_CHECK,0.2368,0.5539,0.675,0.1875,0.6021,0.05
very_strong,0.7,5,MAP_RELATION+STEP_COMPUTE+VERIFY_RESULT+UNCERTAINTY_BOUND+ORIGINAL_TASK_RETURN,0.2368,0.5262,0.6361,0.2042,0.491,0.0222
saturated,0.95,5,SOURCE_BOUNDARY+MAP_RELATION+STEP_COMPUTE+VERIFY_RESULT+DANGER_CHECK,0.2368,0.5579,0.6701,0.2007,0.566,0.0056
strong,0.46,5,EXTRACT_GIVENS+MAP_RELATION+UNIT_TRACK+VERIFY_RESULT+UNCERTAINTY_BOUND,0.2361,0.4991,0.609,0.2361,0.3778,0.0111
saturated,0.95,5,EXTRACT_GIVENS+SOURCE_BOUNDARY+MAP_RELATION+STEP_COMPUTE+UNCERTAINTY_BOUND,0.2361,0.5268,0.6076,0.2326,0.5361,0.0
saturated,0.95,5,EXTRACT_GIVENS+SOURCE_BOUNDARY+UNIT_TRACK+VERIFY_RESULT+UNCERTAINTY_BOUND,0.2354,0.5359,0.6549,0.2153,0.5785,0.0611
saturated,0.95,6,EXTRACT_GIVENS+SOURCE_BOUNDARY+UNIT_TRACK+VERIFY_RESULT+COMPARE_AXES+DANGER_CHECK,0.2354,0.5814,0.7063,0.1882,0.6924,0.0389
saturated,0.95,7,MAP_RELATION+UNIT_TRACK+VERIFY_RESULT+COMPARE_AXES+UNCERTAINTY_BOUND+ORIGINAL_TASK_RETURN+DANGER_CHECK,0.2347,0.5749,0.659,0.1694,0.7451,0.0833
saturated,0.95,5,EXTRACT_GIVENS+MAP_RELATION+VERIFY_RESULT+COMPARE_AXES+ORIGINAL_TASK_RETURN,0.2347,0.5923,0.7306,0.1722,0.5285,0.0778
saturated,0.95,5,EXTRACT_GIVENS+UNIT_TRACK+VERIFY_RESULT+ORIGINAL_TASK_RETURN+DANGER_CHECK,0.2347,0.5712,0.7521,0.1799,0.5549,0.0722
very_strong,0.7,7,SOURCE_BOUNDARY+MAP_RELATION+UNIT_TRACK+STEP_COMPUTE+VERIFY_RESULT+COMPARE_AXES+DANGER_CHECK,0.2347,0.5541,0.5868,0.2118,0.7389,0.05
very_strong,0.7,4,MAP_RELATION+UNIT_TRACK+STEP_COMPUTE+VERIFY_RESULT,0.2347,0.4321,0.5257,0.3097,0.5062,0.0
very_strong,0.7,6,SOURCE_BOUNDARY+MAP_RELATION+STEP_COMPUTE+VERIFY_RESULT+UNCERTAINTY_BOUND+ORIGINAL_TASK_RETURN,0.234,0.5473,0.6167,0.2194,0.5813,0.0111
saturated,0.95,6,EXTRACT_GIVENS+MAP_RELATION+COMPARE_AXES+UNCERTAINTY_BOUND+ORIGINAL_TASK_RETURN+DANGER_CHECK,0.2333,0.5225,0.6681,0.2076,0.6521,0.05
saturated,0.95,7,EXTRACT_GIVENS+SOURCE_BOUNDARY+MAP_RELATION+UNIT_TRACK+COMPARE_AXES+UNCERTAINTY_BOUND+DANGER_CHECK,0.2333,0.5599,0.6424,0.2,0.7319,0.0389
saturated,0.95,6,MAP_RELATION+STEP_COMPUTE+VERIFY_RESULT+COMPARE_AXES+ORIGINAL_TASK_RETURN+DANGER_CHECK,0.2326,0.5587,0.6764,0.1819,0.6965,0.0222
saturated,0.95,4,EXTRACT_GIVENS+MAP_RELATION+STEP_COMPUTE+DANGER_CHECK,0.2326,0.5137,0.6417,0.2188,0.4708,0.0167
very_strong,0.7,7,EXTRACT_GIVENS+SOURCE_BOUNDARY+MAP_RELATION+UNIT_TRACK+STEP_COMPUTE+COMPARE_AXES+UNCERTAINTY_BOUND,0.2326,0.5189,0.5389,0.2451,0.7535,0.0
saturated,0.95,5,EXTRACT_GIVENS+MAP_RELATION+STEP_COMPUTE+COMPARE_AXES+UNCERTAINTY_BOUND,0.2326,0.5051,0.591,0.2639,0.6028,0.0
very_strong,0.7,7,EXTRACT_GIVENS+SOURCE_BOUNDARY+MAP_RELATION+UNIT_TRACK+COMPARE_AXES+UNCERTAINTY_BOUND+DANGER_CHECK,0.2319,0.5295,0.5938,0.216,0.691,0.0556
saturated,0.95,4,EXTRACT_GIVENS+SOURCE_BOUNDARY+MAP_RELATION+VERIFY_RESULT,0.2319,0.5759,0.6931,0.1875,0.4104,0.0278
very_strong,0.7,5,EXTRACT_GIVENS+STEP_COMPUTE+VERIFY_RESULT+COMPARE_AXES+UNCERTAINTY_BOUND,0.2319,0.5418,0.6229,0.2319,0.4993,0.0056
very_strong,0.7,6,EXTRACT_GIVENS+MAP_RELATION+UNIT_TRACK+COMPARE_AXES+UNCERTAINTY_BOUND+DANGER_CHECK,0.2319,0.4999,0.5882,0.2542,0.6132,0.0
strong,0.46,6,EXTRACT_GIVENS+SOURCE_BOUNDARY+VERIFY_RESULT+COMPARE_AXES+UNCERTAINTY_BOUND+DANGER_CHECK,0.2313,0.5057,0.6562,0.2313,0.5049,0.0444
very_strong,0.7,6,EXTRACT_GIVENS+SOURCE_BOUNDARY+MAP_RELATION+COMPARE_AXES+UNCERTAINTY_BOUND+DANGER_CHECK,0.2313,0.5119,0.5951,0.209,0.5979,0.0222
strong,0.46,6,EXTRACT_GIVENS+MAP_RELATION+UNIT_TRACK+VERIFY_RESULT+COMPARE_AXES+UNCERTAINTY_BOUND,0.2313,0.4949,0.5833,0.2382,0.4681,0.0056
saturated,0.95,6,EXTRACT_GIVENS+SOURCE_BOUNDARY+STEP_COMPUTE+VERIFY_RESULT+COMPARE_AXES+ORIGINAL_TASK_RETURN,0.2306,0.5748,0.7174,0.2069,0.7021,0.0722
strong,0.46,4,EXTRACT_GIVENS+MAP_RELATION+VERIFY_RESULT+DANGER_CHECK,0.2306,0.5086,0.6722,0.2083,0.341,0.0389
strong,0.46,5,EXTRACT_GIVENS+UNIT_TRACK+STEP_COMPUTE+VERIFY_RESULT+DANGER_CHECK,0.2306,0.4928,0.6639,0.2313,0.4736,0.0222
strong,0.46,8,EXTRACT_GIVENS+SOURCE_BOUNDARY+MAP_RELATION+UNIT_TRACK+VERIFY_RESULT+COMPARE_AXES+UNCERTAINTY_BOUND+ORIGINAL_TASK_RETURN,0.2299,0.5339,0.6285,0.1958,0.5687,0.1
strong,0.46,6,EXTRACT_GIVENS+VERIFY_RESULT+COMPARE_AXES+UNCERTAINTY_BOUND+ORIGINAL_TASK_RETURN+DANGER_CHECK,0.2299,0.5161,0.675,0.1965,0.4938,0.05
strong,0.46,5,EXTRACT_GIVENS+SOURCE_BOUNDARY+MAP_RELATION+VERIFY_RESULT+UNCERTAINTY_BOUND,0.2299,0.5166,0.6312,0.1986,0.3771,0.0222
strong,0.46,6,EXTRACT_GIVENS+UNIT_TRACK+STEP_COMPUTE+VERIFY_RESULT+UNCERTAINTY_BOUND+ORIGINAL_TASK_RETURN,0.2299,0.478,0.6368,0.25,0.5083,0.0056
very_strong,0.7,6,SOURCE_BOUNDARY+MAP_RELATION+UNIT_TRACK+STEP_COMPUTE+VERIFY_RESULT+ORIGINAL_TASK_RETURN,0.2299,0.5074,0.6111,0.2632,0.6743,0.0
very_strong,0.7,5,SOURCE_BOUNDARY+MAP_RELATION+UNIT_TRACK+STEP_COMPUTE+VERIFY_RESULT,0.2299,0.4843,0.5514,0.2472,0.5778,0.0
very_strong,0.7,6,MAP_RELATION+STEP_COMPUTE+VERIFY_RESULT+COMPARE_AXES+UNCERTAINTY_BOUND+DANGER_CHECK,0.2285,0.5643,0.5972,0.1917,0.5528,0.0611
saturated,0.95,6,SOURCE_BOUNDARY+MAP_RELATION+VERIFY_RESULT+COMPARE_AXES+ORIGINAL_TASK_RETURN+DANGER_CHECK,0.2285,0.5102,0.6611,0.2083,0.6799,0.0444
saturated,0.95,5,EXTRACT_GIVENS+SOURCE_BOUNDARY+VERIFY_RESULT+COMPARE_AXES+UNCERTAINTY_BOUND,0.2285,0.5335,0.675,0.2111,0.5819,0.0167
saturated,0.95,6,EXTRACT_GIVENS+UNIT_TRACK+VERIFY_RESULT+COMPARE_AXES+ORIGINAL_TASK_RETURN+DANGER_CHECK,0.2278,0.5739,0.7514,0.1882,0.7097,0.0667
very_strong,0.7,6,EXTRACT_GIVENS+SOURCE_BOUNDARY+MAP_RELATION+STEP_COMPUTE+ORIGINAL_TASK_RETURN+DANGER_CHECK,0.2278,0.5684,0.6583,0.1882,0.559,0.0667
very_strong,0.7,4,EXTRACT_GIVENS+SOURCE_BOUNDARY+MAP_RELATION+VERIFY_RESULT,0.2278,0.5482,0.6618,0.2174,0.4062,0.0222
saturated,0.95,3,EXTRACT_GIVENS+STEP_COMPUTE+VERIFY_RESULT,0.2278,0.5002,0.6528,0.2257,0.3965,0.0111
saturated,0.95,6,EXTRACT_GIVENS+SOURCE_BOUNDARY+UNIT_TRACK+VERIFY_RESULT+COMPARE_AXES+UNCERTAINTY_BOUND,0.2271,0.5408,0.6687,0.2236,0.7007,0.0611
very_strong,0.7,5,EXTRACT_GIVENS+SOURCE_BOUNDARY+UNIT_TRACK+VERIFY_RESULT+UNCERTAINTY_BOUND,0.2271,0.5331,0.6306,0.2132,0.5194,0.0611
strong,0.46,7,EXTRACT_GIVENS+MAP_RELATION+UNIT_TRACK+VERIFY_RESULT+COMPARE_AXES+UNCERTAINTY_BOUND+ORIGINAL_TASK_RETURN,0.2271,0.5192,0.6306,0.2104,0.5215,0.0333
very_strong,0.7,6,MAP_RELATION+STEP_COMPUTE+VERIFY_RESULT+COMPARE_AXES+ORIGINAL_TASK_RETURN+DANGER_CHECK,0.2271,0.5419,0.6361,0.1771,0.6201,0.0111
very_strong,0.7,5,EXTRACT_GIVENS+MAP_RELATION+UNIT_TRACK+STEP_COMPUTE+ORIGINAL_TASK_RETURN,0.2271,0.4422,0.5729,0.2743,0.5701,0.0056
saturated,0.95,7,EXTRACT_GIVENS+SOURCE_BOUNDARY+MAP_RELATION+STEP_COMPUTE+COMPARE_AXES+ORIGINAL_TASK_RETURN+DANGER_CHECK,0.2264,0.5787,0.6819,0.2035,0.7729,0.0722
very_strong,0.7,7,SOURCE_BOUNDARY+UNIT_TRACK+STEP_COMPUTE+VERIFY_RESULT+UNCERTAINTY_BOUND+ORIGINAL_TASK_RETURN+DANGER_CHECK,0.2264,0.5362,0.6299,0.2174,0.7132,0.0667
strong,0.46,7,SOURCE_BOUNDARY+MAP_RELATION+STEP_COMPUTE+VERIFY_RESULT+UNCERTAINTY_BOUND+ORIGINAL_TASK_RETURN+DANGER_CHECK,0.2264,0.5225,0.6396,0.2076,0.509,0.0389
saturated,0.95,8,SOURCE_BOUNDARY+UNIT_TRACK+STEP_COMPUTE+VERIFY_RESULT+COMPARE_AXES+UNCERTAINTY_BOUND+ORIGINAL_TASK_RETURN+DANGER_CHECK,0.2264,0.5411,0.6236,0.209,0.9347,0.0278
very_strong,0.7,7,EXTRACT_GIVENS+MAP_RELATION+UNIT_TRACK+COMPARE_AXES+UNCERTAINTY_BOUND+ORIGINAL_TASK_RETURN+DANGER_CHECK,0.2264,0.5217,0.625,0.2326,0.6583,0.0222
very_strong,0.7,5,EXTRACT_GIVENS+UNIT_TRACK+VERIFY_RESULT+ORIGINAL_TASK_RETURN+DANGER_CHECK,0.2257,0.5581,0.7153,0.1924,0.5292,0.1
very_strong,0.7,8,SOURCE_BOUNDARY+UNIT_TRACK+STEP_COMPUTE+VERIFY_RESULT+COMPARE_AXES+UNCERTAINTY_BOUND+ORIGINAL_TASK_RETURN+DANGER_CHECK,0.2257,0.5318,0.5847,0.2181,0.8111,0.0611
strong,0.46,6,MAP_RELATION+UNIT_TRACK+STEP_COMPUTE+VERIFY_RESULT+UNCERTAINTY_BOUND+DANGER_CHECK,0.2257,0.4826,0.5979,0.2389,0.4854,0.0278
strong,0.46,6,EXTRACT_GIVENS+SOURCE_BOUNDARY+UNIT_TRACK+STEP_COMPUTE+VERIFY_RESULT+UNCERTAINTY_BOUND,0.2257,0.4798,0.6194,0.2528,0.5188,0.0222
very_strong,0.7,5,EXTRACT_GIVENS+MAP_RELATION+STEP_COMPUTE+ORIGINAL_TASK_RETURN+DANGER_CHECK,0.2257,0.5256,0.6472,0.2021,0.5007,0.0167
saturated,0.95,5,SOURCE_BOUNDARY+MAP_RELATION+STEP_COMPUTE+VERIFY_RESULT+UNCERTAINTY_BOUND,0.2257,0.5313,0.6028,0.2174,0.5104,0.0
saturated,0.95,6,SOURCE_BOUNDARY+STEP_COMPUTE+VERIFY_RESULT+UNCERTAINTY_BOUND+ORIGINAL_TASK_RETURN+DANGER_CHECK,0.225,0.5301,0.6479,0.1938,0.6722,0.0667
very_strong,0.7,5,EXTRACT_GIVENS+SOURCE_BOUNDARY+VERIFY_RESULT+COMPARE_AXES+UNCERTAINTY_BOUND,0.225,0.4989,0.5951,0.2319,0.516,0.05
very_strong,0.7,5,EXTRACT_GIVENS+SOURCE_BOUNDARY+MAP_RELATION+VERIFY_RESULT+COMPARE_AXES,0.225,0.5665,0.6569,0.2007,0.5042,0.0444
very_strong,0.7,6,EXTRACT_GIVENS+SOURCE_BOUNDARY+UNIT_TRACK+STEP_COMPUTE+VERIFY_RESULT+COMPARE_AXES,0.225,0.5324,0.6576,0.2514,0.6792,0.0333
strong,0.46,7,EXTRACT_GIVENS+SOURCE_BOUNDARY+MAP_RELATION+VERIFY_RESULT+COMPARE_AXES+UNCERTAINTY_BOUND+ORIGINAL_TASK_RETURN,0.2243,0.5309,0.6576,0.2111,0.5104,0.0778
saturated,0.95,5,EXTRACT_GIVENS+VERIFY_RESULT+COMPARE_AXES+ORIGINAL_TASK_RETURN+DANGER_CHECK,0.2243,0.5568,0.734,0.1778,0.5813,0.05
very_strong,0.7,3,EXTRACT_GIVENS+MAP_RELATION+VERIFY_RESULT,0.2243,0.5143,0.6333,0.2125,0.2938,0.0222
strong,0.46,7,EXTRACT_GIVENS+SOURCE_BOUNDARY+UNIT_TRACK+VERIFY_RESULT+COMPARE_AXES+UNCERTAINTY_BOUND+DANGER_CHECK,0.2236,0.4996,0.6299,0.2313,0.5889,0.0667
very_strong,0.7,6,EXTRACT_GIVENS+SOURCE_BOUNDARY+UNIT_TRACK+VERIFY_RESULT+COMPARE_AXES+UNCERTAINTY_BOUND,0.2236,0.525,0.5979,0.2215,0.6222,0.0556
very_strong,0.7,6,EXTRACT_GIVENS+SOURCE_BOUNDARY+MAP_RELATION+UNCERTAINTY_BOUND+ORIGINAL_TASK_RETURN+DANGER_CHECK,0.2236,0.5591,0.6653,0.2014,0.5014,0.05
very_strong,0.7,7,SOURCE_BOUNDARY+STEP_COMPUTE+VERIFY_RESULT+COMPARE_AXES+UNCERTAINTY_BOUND+ORIGINAL_TASK_RETURN+DANGER_CHECK,0.2236,0.5201,0.6146,0.2,0.7125,0.05
strong,0.46,7,EXTRACT_GIVENS+MAP_RELATION+UNIT_TRACK+STEP_COMPUTE+UNCERTAINTY_BOUND+ORIGINAL_TASK_RETURN+DANGER_CHECK,0.2236,0.4962,0.6292,0.2167,0.5653,0.0222
saturated,0.95,6,EXTRACT_GIVENS+SOURCE_BOUNDARY+COMPARE_AXES+UNCERTAINTY_BOUND+ORIGINAL_TASK_RETURN+DANGER_CHECK,0.2236,0.4632,0.6611,0.2417,0.7458,0.0111
very_strong,0.7,6,MAP_RELATION+UNIT_TRACK+STEP_COMPUTE+VERIFY_RESULT+COMPARE_AXES+UNCERTAINTY_BOUND,0.2236,0.4922,0.5444,0.2576,0.6271,0.0056
saturated,0.95,4,EXTRACT_GIVENS+SOURCE_BOUNDARY+VERIFY_RESULT+UNCERTAINTY_BOUND,0.2229,0.5255,0.6861,0.2062,0.4215,0.0611
very_strong,0.7,8,SOURCE_BOUNDARY+MAP_RELATION+UNIT_TRACK+STEP_COMPUTE+VERIFY_RESULT+COMPARE_AXES+UNCERTAINTY_BOUND+ORIGINAL_TASK_RETURN,0.2229,0.5512,0.5792,0.2194,0.7972,0.05
saturated,0.95,5,SOURCE_BOUNDARY+MAP_RELATION+VERIFY_RESULT+ORIGINAL_TASK_RETURN+DANGER_CHECK,0.2229,0.5013,0.6708,0.2181,0.5576,0.0167
saturated,0.95,7,EXTRACT_GIVENS+SOURCE_BOUNDARY+MAP_RELATION+UNIT_TRACK+STEP_COMPUTE+COMPARE_AXES+UNCERTAINTY_BOUND,0.2229,0.5374,0.5868,0.2528,0.7986,0.0056
very_strong,0.7,6,MAP_RELATION+UNIT_TRACK+STEP_COMPUTE+VERIFY_RESULT+COMPARE_AXES+ORIGINAL_TASK_RETURN,0.2229,0.4746,0.5951,0.2549,0.7,0.0056
very_strong,0.7,4,EXTRACT_GIVENS+MAP_RELATION+STEP_COMPUTE+UNCERTAINTY_BOUND,0.2229,0.4931,0.5931,0.2632,0.4326,0.0
very_strong,0.7,6,EXTRACT_GIVENS+MAP_RELATION+COMPARE_AXES+UNCERTAINTY_BOUND+ORIGINAL_TASK_RETURN+DANGER_CHECK,0.2215,0.5168,0.6444,0.2062,0.5132,0.0444
strong,0.46,6,EXTRACT_GIVENS+STEP_COMPUTE+VERIFY_RESULT+COMPARE_AXES+UNCERTAINTY_BOUND+DANGER_CHECK,0.2215,0.5308,0.6639,0.2049,0.4736,0.0333
very_strong,0.7,4,MAP_RELATION+STEP_COMPUTE+VERIFY_RESULT+DANGER_CHECK,0.2215,0.5046,0.6174,0.2292,0.4333,0.0167
saturated,0.95,5,EXTRACT_GIVENS+SOURCE_BOUNDARY+MAP_RELATION+UNIT_TRACK+STEP_COMPUTE,0.2215,0.4824,0.5938,0.2562,0.6528,0.0111
saturated,0.95,5,EXTRACT_GIVENS+MAP_RELATION+STEP_COMPUTE+COMPARE_AXES+DANGER_CHECK,0.2215,0.5179,0.6535,0.241,0.5715,0.0056
saturated,0.95,4,EXTRACT_GIVENS+SOURCE_BOUNDARY+STEP_COMPUTE+VERIFY_RESULT,0.2215,0.5356,0.675,0.2264,0.5236,0.0
very_strong,0.7,6,EXTRACT_GIVENS+UNIT_TRACK+VERIFY_RESULT+COMPARE_AXES+ORIGINAL_TASK_RETURN+DANGER_CHECK,0.2208,0.5659,0.7035,0.1868,0.6389,0.05
saturated,0.95,6,EXTRACT_GIVENS+SOURCE_BOUNDARY+MAP_RELATION+UNCERTAINTY_BOUND+ORIGINAL_TASK_RETURN+DANGER_CHECK,0.2208,0.564,0.6896,0.1993,0.5646,0.0444
very_strong,0.7,8,EXTRACT_GIVENS+SOURCE_BOUNDARY+UNIT_TRACK+STEP_COMPUTE+COMPARE_AXES+UNCERTAINTY_BOUND+ORIGINAL_TASK_RETURN+DANGER_CHECK,0.2208,0.5254,0.6125,0.225,0.7917,0.0444
saturated,0.95,5,EXTRACT_GIVENS+SOURCE_BOUNDARY+VERIFY_RESULT+COMPARE_AXES+DANGER_CHECK,0.2208,0.5494,0.7063,0.2125,0.6236,0.0278
saturated,0.95,7,EXTRACT_GIVENS+MAP_RELATION+UNIT_TRACK+COMPARE_AXES+UNCERTAINTY_BOUND+ORIGINAL_TASK_RETURN+DANGER_CHECK,0.2208,0.541,0.6528,0.1986,0.7146,0.0222
saturated,0.95,5,EXTRACT_GIVENS+MAP_RELATION+UNIT_TRACK+UNCERTAINTY_BOUND+DANGER_CHECK,0.2208,0.5197,0.6389,0.2278,0.5521,0.0056
saturated,0.95,6,SOURCE_BOUNDARY+VERIFY_RESULT+COMPARE_AXES+UNCERTAINTY_BOUND+ORIGINAL_TASK_RETURN+DANGER_CHECK,0.2208,0.459,0.634,0.2354,0.7292,0.0056
very_strong,0.7,6,SOURCE_BOUNDARY+STEP_COMPUTE+VERIFY_RESULT+UNCERTAINTY_BOUND+ORIGINAL_TASK_RETURN+DANGER_CHECK,0.2201,0.5272,0.6583,0.1896,0.5931,0.0667
saturated,0.95,7,EXTRACT_GIVENS+SOURCE_BOUNDARY+STEP_COMPUTE+COMPARE_AXES+UNCERTAINTY_BOUND+ORIGINAL_TASK_RETURN+DANGER_CHECK,0.2201,0.5168,0.6618,0.225,0.8035,0.0278
saturated,0.95,6,EXTRACT_GIVENS+MAP_RELATION+STEP_COMPUTE+COMPARE_AXES+ORIGINAL_TASK_RETURN+DANGER_CHECK,0.2194,0.5421,0.691,0.209,0.6771,0.0111
saturated,0.95,6,SOURCE_BOUNDARY+MAP_RELATION+UNIT_TRACK+VERIFY_RESULT+UNCERTAINTY_BOUND+DANGER_CHECK,0.2188,0.5725,0.6458,0.175,0.6333,0.0833
very_strong,0.7,5,EXTRACT_GIVENS+MAP_RELATION+VERIFY_RESULT+COMPARE_AXES+ORIGINAL_TASK_RETURN,0.2188,0.5544,0.6729,0.2021,0.4625,0.0667
very_strong,0.7,6,EXTRACT_GIVENS+SOURCE_BOUNDARY+MAP_RELATION+STEP_COMPUTE+UNCERTAINTY_BOUND+ORIGINAL_TASK_RETURN,0.2188,0.531,0.6132,0.2188,0.5667,0.0444
very_strong,0.7,5,EXTRACT_GIVENS+SOURCE_BOUNDARY+UNIT_TRACK+VERIFY_RESULT+DANGER_CHECK,0.2188,0.5596,0.6764,0.2062,0.5236,0.0389
strong,0.46,5,EXTRACT_GIVENS+MAP_RELATION+VERIFY_RESULT+UNCERTAINTY_BOUND+ORIGINAL_TASK_RETURN,0.2188,0.5357,0.6785,0.184,0.3639,0.0333
very_strong,0.7,5,MAP_RELATION+UNIT_TRACK+VERIFY_RESULT+ORIGINAL_TASK_RETURN+DANGER_CHECK,0.2188,0.4983,0.6312,0.2069,0.5097,0.0111
strong,0.46,7,EXTRACT_GIVENS+MAP_RELATION+UNIT_TRACK+STEP_COMPUTE+COMPARE_AXES+UNCERTAINTY_BOUND+DANGER_CHECK,0.2188,0.4642,0.566,0.2556,0.5889,0.0
saturated,0.95,5,EXTRACT_GIVENS+MAP_RELATION+COMPARE_AXES+UNCERTAINTY_BOUND+DANGER_CHECK,0.2181,0.4999,0.6222,0.2188,0.5354,0.0056
strong,0.46,7,EXTRACT_GIVENS+SOURCE_BOUNDARY+STEP_COMPUTE+VERIFY_RESULT+COMPARE_AXES+ORIGINAL_TASK_RETURN+DANGER_CHECK,0.2174,0.5368,0.709,0.2028,0.6014,0.0833
saturated,0.95,6,EXTRACT_GIVENS+SOURCE_BOUNDARY+MAP_RELATION+STEP_COMPUTE+COMPARE_AXES+DANGER_CHECK,0.2174,0.5633,0.6694,0.1993,0.7306,0.05
strong,0.46,6,EXTRACT_GIVENS+SOURCE_BOUNDARY+MAP_RELATION+VERIFY_RESULT+COMPARE_AXES+UNCERTAINTY_BOUND,0.2174,0.5067,0.6222,0.2368,0.4764,0.0222
saturated,0.95,4,MAP_RELATION+STEP_COMPUTE+VERIFY_RESULT+UNCERTAINTY_BOUND,0.2174,0.5019,0.5951,0.1993,0.4535,0.0
saturated,0.95,5,EXTRACT_GIVENS+SOURCE_BOUNDARY+MAP_RELATION+VERIFY_RESULT+COMPARE_AXES,0.2167,0.5755,0.6646,0.2,0.5507,0.0778
strong,0.46,7,EXTRACT_GIVENS+SOURCE_BOUNDARY+STEP_COMPUTE+VERIFY_RESULT+COMPARE_AXES+UNCERTAINTY_BOUND+ORIGINAL_TASK_RETURN,0.2167,0.5075,0.6389,0.2222,0.5368,0.0389
saturated,0.95,4,EXTRACT_GIVENS+MAP_RELATION+VERIFY_RESULT+COMPARE_AXES,0.2167,0.5393,0.6542,0.2028,0.4493,0.0111
saturated,0.95,5,EXTRACT_GIVENS+MAP_RELATION+STEP_COMPUTE+UNCERTAINTY_BOUND+ORIGINAL_TASK_RETURN,0.2167,0.5116,0.6333,0.2139,0.5188,0.0
very_strong,0.7,4,EXTRACT_GIVENS+MAP_RELATION+UNIT_TRACK+STEP_COMPUTE,0.2167,0.4295,0.5292,0.2965,0.5424,0.0
very_strong,0.7,7,EXTRACT_GIVENS+SOURCE_BOUNDARY+MAP_RELATION+UNIT_TRACK+UNCERTAINTY_BOUND+ORIGINAL_TASK_RETURN+DANGER_CHECK,0.216,0.5704,0.6847,0.2035,0.6521,0.0667
saturated,0.95,7,SOURCE_BOUNDARY+MAP_RELATION+STEP_COMPUTE+VERIFY_RESULT+COMPARE_AXES+UNCERTAINTY_BOUND+ORIGINAL_TASK_RETURN,0.216,0.568,0.6306,0.191,0.7326,0.0611
strong,0.46,7,EXTRACT_GIVENS+UNIT_TRACK+VERIFY_RESULT+COMPARE_AXES+UNCERTAINTY_BOUND+ORIGINAL_TASK_RETURN+DANGER_CHECK,0.216,0.5182,0.6778,0.2035,0.5715,0.0556
very_strong,0.7,5,EXTRACT_GIVENS+MAP_RELATION+STEP_COMPUTE+UNCERTAINTY_BOUND+ORIGINAL_TASK_RETURN,0.216,0.502,0.6,0.2257,0.4875,0.0056
very_strong,0.7,5,MAP_RELATION+UNIT_TRACK+STEP_COMPUTE+VERIFY_RESULT+COMPARE_AXES,0.216,0.4346,0.5403,0.2812,0.6535,0.0056
saturated,0.95,6,EXTRACT_GIVENS+SOURCE_BOUNDARY+MAP_RELATION+STEP_COMPUTE+UNCERTAINTY_BOUND+ORIGINAL_TASK_RETURN,0.2153,0.5567,0.6514,0.2028,0.6215,0.0556
very_strong,0.7,4,EXTRACT_GIVENS+STEP_COMPUTE+VERIFY_RESULT+ORIGINAL_TASK_RETURN,0.2153,0.5199,0.6708,0.1972,0.4313,0.0056
very_strong,0.7,5,EXTRACT_GIVENS+SOURCE_BOUNDARY+MAP_RELATION+UNIT_TRACK+STEP_COMPUTE,0.2153,0.4598,0.5493,0.2799,0.5951,0.0
strong,0.46,8,SOURCE_BOUNDARY+MAP_RELATION+STEP_COMPUTE+VERIFY_RESULT+COMPARE_AXES+UNCERTAINTY_BOUND+ORIGINAL_TASK_RETURN+DANGER_CHECK,0.2146,0.5117,0.6222,0.2111,0.6347,0.0944
saturated,0.95,5,EXTRACT_GIVENS+SOURCE_BOUNDARY+MAP_RELATION+STEP_COMPUTE+DANGER_CHECK,0.2146,0.5411,0.6549,0.2215,0.5854,0.0722
strong,0.46,5,EXTRACT_GIVENS+MAP_RELATION+VERIFY_RESULT+COMPARE_AXES+DANGER_CHECK,0.2146,0.5082,0.6674,0.2299,0.3896,0.0278
saturated,0.95,5,MAP_RELATION+UNIT_TRACK+STEP_COMPUTE+VERIFY_RESULT+COMPARE_AXES,0.2146,0.4412,0.5597,0.2632,0.7125,0.0
strong,0.46,9,SOURCE_BOUNDARY+MAP_RELATION+UNIT_TRACK+STEP_COMPUTE+VERIFY_RESULT+COMPARE_AXES+UNCERTAINTY_BOUND+ORIGINAL_TASK_RETURN+DANGER_CHECK,0.2139,0.5164,0.6132,0.2132,0.6882,0.1
strong,0.46,6,EXTRACT_GIVENS+SOURCE_BOUNDARY+UNIT_TRACK+STEP_COMPUTE+VERIFY_RESULT+DANGER_CHECK,0.2139,0.5263,0.6687,0.2153,0.5028,0.05
saturated,0.95,7,EXTRACT_GIVENS+SOURCE_BOUNDARY+MAP_RELATION+STEP_COMPUTE+COMPARE_AXES+UNCERTAINTY_BOUND+ORIGINAL_TASK_RETURN,0.2139,0.5557,0.641,0.2132,0.7431,0.0222
strong,0.46,8,EXTRACT_GIVENS+MAP_RELATION+UNIT_TRACK+STEP_COMPUTE+COMPARE_AXES+UNCERTAINTY_BOUND+ORIGINAL_TASK_RETURN+DANGER_CHECK,0.2139,0.4836,0.6028,0.234,0.6465,0.0111
very_strong,0.7,5,SOURCE_BOUNDARY+MAP_RELATION+STEP_COMPUTE+VERIFY_RESULT+DANGER_CHECK,0.2139,0.5302,0.6243,0.2236,0.566,0.0056
very_strong,0.7,6,SOURCE_BOUNDARY+VERIFY_RESULT+COMPARE_AXES+UNCERTAINTY_BOUND+ORIGINAL_TASK_RETURN+DANGER_CHECK,0.2139,0.4505,0.6132,0.2535,0.6854,0.0
saturated,0.95,4,EXTRACT_GIVENS+SOURCE_BOUNDARY+VERIFY_RESULT+DANGER_CHECK,0.2132,0.5552,0.7076,0.1819,0.4653,0.0667
saturated,0.95,6,MAP_RELATION+STEP_COMPUTE+VERIFY_RESULT+COMPARE_AXES+UNCERTAINTY_BOUND+ORIGINAL_TASK_RETURN,0.2132,0.5402,0.6333,0.1944,0.6424,0.0611
saturated,0.95,6,SOURCE_BOUNDARY+MAP_RELATION+VERIFY_RESULT+COMPARE_AXES+UNCERTAINTY_BOUND+DANGER_CHECK,0.2132,0.5498,0.659,0.2083,0.6438,0.0111
very_strong,0.7,6,EXTRACT_GIVENS+MAP_RELATION+STEP_COMPUTE+COMPARE_AXES+UNCERTAINTY_BOUND+ORIGINAL_TASK_RETURN,0.2132,0.5005,0.5924,0.2347,0.5833,0.0
very_strong,0.7,6,EXTRACT_GIVENS+MAP_RELATION+UNIT_TRACK+STEP_COMPUTE+COMPARE_AXES+ORIGINAL_TASK_RETURN,0.2132,0.4575,0.5757,0.2618,0.6965,0.0
saturated,0.95,6,EXTRACT_GIVENS+SOURCE_BOUNDARY+MAP_RELATION+UNIT_TRACK+UNCERTAINTY_BOUND+DANGER_CHECK,0.2125,0.5569,0.6479,0.1993,0.6028,0.0556
very_strong,0.7,7,EXTRACT_GIVENS+SOURCE_BOUNDARY+STEP_COMPUTE+COMPARE_AXES+UNCERTAINTY_BOUND+ORIGINAL_TASK_RETURN+DANGER_CHECK,0.2125,0.5064,0.6257,0.2368,0.7111,0.0333
very_strong,0.7,6,EXTRACT_GIVENS+MAP_RELATION+STEP_COMPUTE+COMPARE_AXES+ORIGINAL_TASK_RETURN+DANGER_CHECK,0.2125,0.5291,0.6535,0.2306,0.6007,0.0222
strong,0.46,5,EXTRACT_GIVENS+MAP_RELATION+UNIT_TRACK+VERIFY_RESULT+ORIGINAL_TASK_RETURN,0.2125,0.4903,0.6729,0.2285,0.4431,0.0167
strong,0.46,4,EXTRACT_GIVENS+MAP_RELATION+VERIFY_RESULT+UNCERTAINTY_BOUND,0.2125,0.4868,0.6194,0.2229,0.3257,0.0111
saturated,0.95,4,EXTRACT_GIVENS+MAP_RELATION+STEP_COMPUTE+UNCERTAINTY_BOUND,0.2125,0.499,0.5965,0.2375,0.4424,0.0056
saturated,0.95,5,EXTRACT_GIVENS+MAP_RELATION+UNIT_TRACK+STEP_COMPUTE+COMPARE_AXES,0.2125,0.4506,0.5542,0.3,0.7215,0.0
very_strong,0.7,5,EXTRACT_GIVENS+SOURCE_BOUNDARY+VERIFY_RESULT+COMPARE_AXES+DANGER_CHECK,0.2118,0.5408,0.6715,0.2111,0.5722,0.0222
very_strong,0.7,4,EXTRACT_GIVENS+SOURCE_BOUNDARY+STEP_COMPUTE+VERIFY_RESULT,0.2118,0.5222,0.6486,0.2431,0.4403,0.0111
strong,0.46,7,EXTRACT_GIVENS+UNIT_TRACK+STEP_COMPUTE+VERIFY_RESULT+COMPARE_AXES+UNCERTAINTY_BOUND+ORIGINAL_TASK_RETURN,0.2118,0.4784,0.6049,0.241,0.5771,0.0111
strong,0.46,5,EXTRACT_GIVENS+UNIT_TRACK+STEP_COMPUTE+VERIFY_RESULT+UNCERTAINTY_BOUND,0.2118,0.4721,0.6076,0.2396,0.4236,0.0
strong,0.46,6,EXTRACT_GIVENS+MAP_RELATION+UNIT_TRACK+STEP_COMPUTE+UNCERTAINTY_BOUND+DANGER_CHECK,0.2118,0.4657,0.5938,0.2597,0.4868,0.0
strong,0.46,6,EXTRACT_GIVENS+SOURCE_BOUNDARY+UNIT_TRACK+VERIFY_RESULT+UNCERTAINTY_BOUND+DANGER_CHECK,0.2111,0.5106,0.6604,0.2326,0.4889,0.0611
strong,0.46,5,EXTRACT_GIVENS+SOURCE_BOUNDARY+VERIFY_RESULT+UNCERTAINTY_BOUND+DANGER_CHECK,0.2111,0.5101,0.6667,0.2167,0.416,0.0556
saturated,0.95,7,SOURCE_BOUNDARY+MAP_RELATION+UNIT_TRACK+STEP_COMPUTE+VERIFY_RESULT+COMPARE_AXES+ORIGINAL_TASK_RETURN,0.2111,0.5136,0.6069,0.2236,0.8674,0.0056
very_strong,0.7,4,EXTRACT_GIVENS+VERIFY_RESULT+UNCERTAINTY_BOUND+DANGER_CHECK,0.2104,0.5581,0.6847,0.1965,0.3806,0.0667
very_strong,0.7,7,MAP_RELATION+UNIT_TRACK+VERIFY_RESULT+COMPARE_AXES+UNCERTAINTY_BOUND+ORIGINAL_TASK_RETURN+DANGER_CHECK,0.2104,0.5476,0.6181,0.1826,0.6674,0.05
saturated,0.95,7,SOURCE_BOUNDARY+MAP_RELATION+UNIT_TRACK+VERIFY_RESULT+COMPARE_AXES+ORIGINAL_TASK_RETURN+DANGER_CHECK,0.2104,0.5228,0.6368,0.2104,0.8125,0.0389
strong,0.46,8,EXTRACT_GIVENS+SOURCE_BOUNDARY+UNIT_TRACK+STEP_COMPUTE+VERIFY_RESULT+COMPARE_AXES+UNCERTAINTY_BOUND+ORIGINAL_TASK_RETURN,0.2104,0.5084,0.6229,0.2306,0.6507,0.0389
very_strong,0.7,5,EXTRACT_GIVENS+MAP_RELATION+COMPARE_AXES+UNCERTAINTY_BOUND+DANGER_CHECK,0.2104,0.4689,0.5687,0.2431,0.5021,0.0222
saturated,0.95,5,SOURCE_BOUNDARY+VERIFY_RESULT+UNCERTAINTY_BOUND+ORIGINAL_TASK_RETURN+DANGER_CHECK,0.2104,0.4642,0.6618,0.234,0.5854,0.0167
strong,0.46,6,EXTRACT_GIVENS+SOURCE_BOUNDARY+UNIT_TRACK+VERIFY_RESULT+ORIGINAL_TASK_RETURN+DANGER_CHECK,0.2097,0.4997,0.7153,0.2354,0.5236,0.0333
saturated,0.95,6,EXTRACT_GIVENS+SOURCE_BOUNDARY+MAP_RELATION+STEP_COMPUTE+COMPARE_AXES+UNCERTAINTY_BOUND,0.2097,0.5291,0.5826,0.2139,0.6799,0.0
very_strong,0.7,6,EXTRACT_GIVENS+UNIT_TRACK+STEP_COMPUTE+COMPARE_AXES+UNCERTAINTY_BOUND+DANGER_CHECK,0.2097,0.464,0.5639,0.2313,0.6979,0.0
saturated,0.95,4,EXTRACT_GIVENS+VERIFY_RESULT+ORIGINAL_TASK_RETURN+DANGER_CHECK,0.209,0.5548,0.7521,0.1854,0.4472,0.1111
saturated,0.95,5,MAP_RELATION+VERIFY_RESULT+UNCERTAINTY_BOUND+ORIGINAL_TASK_RETURN+DANGER_CHECK,0.209,0.5515,0.6889,0.1729,0.4542,0.1
strong,0.46,5,EXTRACT_GIVENS+VERIFY_RESULT+UNCERTAINTY_BOUND+ORIGINAL_TASK_RETURN+DANGER_CHECK,0.209,0.5194,0.6875,0.1799,0.4132,0.0889
saturated,0.95,5,SOURCE_BOUNDARY+MAP_RELATION+VERIFY_RESULT+UNCERTAINTY_BOUND+DANGER_CHECK,0.209,0.5619,0.6771,0.1701,0.4979,0.0611
saturated,0.95,6,EXTRACT_GIVENS+MAP_RELATION+STEP_COMPUTE+COMPARE_AXES+UNCERTAINTY_BOUND+ORIGINAL_TASK_RETURN,0.209,0.5176,0.6097,0.2174,0.6347,0.0222
saturated,0.95,5,EXTRACT_GIVENS+MAP_RELATION+UNCERTAINTY_BOUND+ORIGINAL_TASK_RETURN+DANGER_CHECK,0.2083,0.5417,0.6931,0.1833,0.4639,0.0944
saturated,0.95,5,EXTRACT_GIVENS+UNIT_TRACK+VERIFY_RESULT+UNCERTAINTY_BOUND+ORIGINAL_TASK_RETURN,0.2083,0.5499,0.7021,0.191,0.5056,0.0667
very_strong,0.7,7,SOURCE_BOUNDARY+MAP_RELATION+STEP_COMPUTE+VERIFY_RESULT+COMPARE_AXES+UNCERTAINTY_BOUND+ORIGINAL_TASK_RETURN,0.2083,0.5427,0.6014,0.2021,0.7056,0.05
very_strong,0.7,7,EXTRACT_GIVENS+SOURCE_BOUNDARY+UNIT_TRACK+STEP_COMPUTE+COMPARE_AXES+UNCERTAINTY_BOUND+DANGER_CHECK,0.2083,0.4857,0.5687,0.2507,0.7472,0.0444
strong,0.46,5,MAP_RELATION+UNIT_TRACK+STEP_COMPUTE+VERIFY_RESULT+DANGER_CHECK,0.2083,0.4316,0.566,0.2611,0.4778,0.0056
very_strong,0.7,5,EXTRACT_GIVENS+MAP_RELATION+STEP_COMPUTE+COMPARE_AXES+UNCERTAINTY_BOUND,0.2083,0.4997,0.5646,0.25,0.5188,0.0
saturated,0.95,6,EXTRACT_GIVENS+SOURCE_BOUNDARY+UNIT_TRACK+STEP_COMPUTE+VERIFY_RESULT+COMPARE_AXES,0.2076,0.5461,0.6368,0.2132,0.7507,0.0444
strong,0.46,5,EXTRACT_GIVENS+SOURCE_BOUNDARY+STEP_COMPUTE+VERIFY_RESULT+UNCERTAINTY_BOUND,0.2076,0.4692,0.6208,0.2444,0.4278,0.0444
saturated,0.95,4,EXTRACT_GIVENS+STEP_COMPUTE+VERIFY_RESULT+ORIGINAL_TASK_RETURN,0.2076,0.5329,0.6986,0.1868,0.4632,0.0111
saturated,0.95,6,SOURCE_BOUNDARY+UNIT_TRACK+STEP_COMPUTE+VERIFY_RESULT+ORIGINAL_TASK_RETURN+DANGER_CHECK,0.2069,0.4891,0.6611,0.2201,0.7847,0.0167
saturated,0.95,4,EXTRACT_GIVENS+UNIT_TRACK+VERIFY_RESULT+UNCERTAINTY_BOUND,0.2069,0.5175,0.65,0.2271,0.4653,0.0056
very_strong,0.7,4,EXTRACT_GIVENS+MAP_RELATION+STEP_COMPUTE+DANGER_CHECK,0.2069,0.4885,0.6007,0.2424,0.4479,0.0
strong,0.46,7,SOURCE_BOUNDARY+MAP_RELATION+UNIT_TRACK+STEP_COMPUTE+VERIFY_RESULT+UNCERTAINTY_BOUND+DANGER_CHECK,0.2062,0.4981,0.6007,0.2389,0.5757,0.0167
very_strong,0.7,7,SOURCE_BOUNDARY+MAP_RELATION+UNIT_TRACK+STEP_COMPUTE+VERIFY_RESULT+COMPARE_AXES+UNCERTAINTY_BOUND,0.2062,0.5119,0.5486,0.2507,0.7056,0.0111
very_strong,0.7,4,MAP_RELATION+STEP_COMPUTE+VERIFY_RESULT+UNCERTAINTY_BOUND,0.2062,0.4644,0.5535,0.2542,0.4181,0.0056
very_strong,0.7,6,EXTRACT_GIVENS+SOURCE_BOUNDARY+COMPARE_AXES+UNCERTAINTY_BOUND+ORIGINAL_TASK_RETURN+DANGER_CHECK,0.2062,0.4296,0.6118,0.2875,0.6549,0.0056
very_strong,0.7,6,EXTRACT_GIVENS+SOURCE_BOUNDARY+MAP_RELATION+UNIT_TRACK+STEP_COMPUTE+ORIGINAL_TASK_RETURN,0.2062,0.4844,0.6014,0.2424,0.6528,0.0
very_strong,0.7,7,EXTRACT_GIVENS+UNIT_TRACK+STEP_COMPUTE+COMPARE_AXES+UNCERTAINTY_BOUND+ORIGINAL_TASK_RETURN+DANGER_CHECK,0.2056,0.4902,0.6042,0.2299,0.7326,0.0333
very_strong,0.7,5,SOURCE_BOUNDARY+MAP_RELATION+VERIFY_RESULT+ORIGINAL_TASK_RETURN+DANGER_CHECK,0.2056,0.4794,0.625,0.2146,0.5278,0.0278
strong,0.46,6,EXTRACT_GIVENS+UNIT_TRACK+STEP_COMPUTE+VERIFY_RESULT+COMPARE_AXES+UNCERTAINTY_BOUND,0.2056,0.4736,0.5896,0.2437,0.5458,0.0
very_strong,0.7,6,MAP_RELATION+UNIT_TRACK+VERIFY_RESULT+UNCERTAINTY_BOUND+ORIGINAL_TASK_RETURN+DANGER_CHECK,0.2049,0.553,0.6535,0.1826,0.5542,0.0833
saturated,0.95,6,SOURCE_BOUNDARY+MAP_RELATION+STEP_COMPUTE+VERIFY_RESULT+COMPARE_AXES+DANGER_CHECK,0.2049,0.558,0.6424,0.1951,0.6917,0.0667
strong,0.46,5,EXTRACT_GIVENS+STEP_COMPUTE+VERIFY_RESULT+ORIGINAL_TASK_RETURN+DANGER_CHECK,0.2049,0.5243,0.7042,0.1875,0.4396,0.05
very_strong,0.7,6,EXTRACT_GIVENS+MAP_RELATION+UNIT_TRACK+UNCERTAINTY_BOUND+ORIGINAL_TASK_RETURN+DANGER_CHECK,0.2049,0.5363,0.6486,0.1979,0.5563,0.0389
strong,0.46,6,SOURCE_BOUNDARY+MAP_RELATION+STEP_COMPUTE+VERIFY_RESULT+ORIGINAL_TASK_RETURN+DANGER_CHECK,0.2049,0.4816,0.6306,0.2194,0.5125,0.0
saturated,0.95,7,EXTRACT_GIVENS+SOURCE_BOUNDARY+UNIT_TRACK+STEP_COMPUTE+UNCERTAINTY_BOUND+ORIGINAL_TASK_RETURN+DANGER_CHECK,0.2042,0.5422,0.65,0.2069,0.8181,0.0611
strong,0.46,5,EXTRACT_GIVENS+SOURCE_BOUNDARY+STEP_COMPUTE+VERIFY_RESULT+DANGER_CHECK,0.2042,0.5184,0.666,0.2243,0.4292,0.0278
strong,0.46,4,EXTRACT_GIVENS+UNIT_TRACK+STEP_COMPUTE+VERIFY_RESULT,0.2042,0.4266,0.5875,0.2639,0.4375,0.0
very_strong,0.7,6,EXTRACT_GIVENS+SOURCE_BOUNDARY+UNIT_TRACK+VERIFY_RESULT+COMPARE_AXES+DANGER_CHECK,0.2035,0.5509,0.6493,0.2083,0.6417,0.0389
saturated,0.95,6,EXTRACT_GIVENS+SOURCE_BOUNDARY+STEP_COMPUTE+COMPARE_AXES+UNCERTAINTY_BOUND+DANGER_CHECK,0.2035,0.4881,0.6188,0.2368,0.7271,0.0333
strong,0.46,7,EXTRACT_GIVENS+UNIT_TRACK+STEP_COMPUTE+VERIFY_RESULT+COMPARE_AXES+ORIGINAL_TASK_RETURN+DANGER_CHECK,0.2035,0.5084,0.6764,0.209,0.5868,0.0278
strong,0.46,6,MAP_RELATION+STEP_COMPUTE+VERIFY_RESULT+UNCERTAINTY_BOUND+ORIGINAL_TASK_RETURN+DANGER_CHECK,0.2028,0.4983,0.6444,0.216,0.4792,0.0611
very_strong,0.7,4,EXTRACT_GIVENS+SOURCE_BOUNDARY+VERIFY_RESULT+UNCERTAINTY_BOUND,0.2028,0.5036,0.6361,0.2278,0.4201,0.05
strong,0.46,5,EXTRACT_GIVENS+SOURCE_BOUNDARY+VERIFY_RESULT+ORIGINAL_TASK_RETURN+DANGER_CHECK,0.2028,0.4893,0.6903,0.2285,0.4646,0.0389
saturated,0.95,5,EXTRACT_GIVENS+UNIT_TRACK+STEP_COMPUTE+UNCERTAINTY_BOUND+DANGER_CHECK,0.2028,0.4934,0.6479,0.2257,0.5896,0.0111
saturated,0.95,5,SOURCE_BOUNDARY+MAP_RELATION+STEP_COMPUTE+VERIFY_RESULT+ORIGINAL_TASK_RETURN,0.2028,0.5114,0.6299,0.2319,0.6208,0.0056
very_strong,0.7,5,SOURCE_BOUNDARY+MAP_RELATION+STEP_COMPUTE+VERIFY_RESULT+UNCERTAINTY_BOUND,0.2028,0.4905,0.5424,0.2542,0.5243,0.0056
very_strong,0.7,6,SOURCE_BOUNDARY+MAP_RELATION+VERIFY_RESULT+COMPARE_AXES+ORIGINAL_TASK_RETURN+DANGER_CHECK,0.2021,0.4878,0.6382,0.2319,0.6271,0.0278
very_strong,0.7,6,SOURCE_BOUNDARY+UNIT_TRACK+STEP_COMPUTE+VERIFY_RESULT+ORIGINAL_TASK_RETURN+DANGER_CHECK,0.2021,0.4684,0.6257,0.2437,0.6868,0.0222
saturated,0.95,4,EXTRACT_GIVENS+MAP_RELATION+UNCERTAINTY_BOUND+DANGER_CHECK,0.2021,0.5081,0.6403,0.2313,0.3896,0.0056
very_strong,0.7,5,MAP_RELATION+VERIFY_RESULT+UNCERTAINTY_BOUND+ORIGINAL_TASK_RETURN+DANGER_CHECK,0.2014,0.5344,0.65,0.1771,0.4667,0.0833
strong,0.46,6,EXTRACT_GIVENS+SOURCE_BOUNDARY+VERIFY_RESULT+COMPARE_AXES+ORIGINAL_TASK_RETURN+DANGER_CHECK,0.2014,0.4839,0.675,0.2313,0.541,0.0222
very_strong,0.7,6,EXTRACT_GIVENS+SOURCE_BOUNDARY+MAP_RELATION+STEP_COMPUTE+COMPARE_AXES+UNCERTAINTY_BOUND,0.2014,0.5086,0.5583,0.2431,0.616,0.0111
very_strong,0.7,5,EXTRACT_GIVENS+MAP_RELATION+UNIT_TRACK+STEP_COMPUTE+COMPARE_AXES,0.2014,0.4335,0.5306,0.3063,0.6146,0.0
saturated,0.95,6,UNIT_TRACK+STEP_COMPUTE+VERIFY_RESULT+UNCERTAINTY_BOUND+ORIGINAL_TASK_RETURN+DANGER_CHECK,0.2007,0.533,0.6625,0.1917,0.6819,0.0778
strong,0.46,6,EXTRACT_GIVENS+UNIT_TRACK+VERIFY_RESULT+UNCERTAINTY_BOUND+ORIGINAL_TASK_RETURN+DANGER_CHECK,0.2007,0.5197,0.6701,0.1986,0.4944,0.0778
saturated,0.95,7,SOURCE_BOUNDARY+MAP_RELATION+UNIT_TRACK+VERIFY_RESULT+COMPARE_AXES+UNCERTAINTY_BOUND+DANGER_CHECK,0.2007,0.5596,0.6347,0.2174,0.7736,0.0556
very_strong,0.7,6,EXTRACT_GIVENS+SOURCE_BOUNDARY+MAP_RELATION+UNIT_TRACK+UNCERTAINTY_BOUND+DANGER_CHECK,0.2007,0.5401,0.6299,0.2292,0.5764,0.0556
very_strong,0.7,7,SOURCE_BOUNDARY+MAP_RELATION+UNIT_TRACK+VERIFY_RESULT+COMPARE_AXES+ORIGINAL_TASK_RETURN+DANGER_CHECK,0.2007,0.5027,0.5965,0.2181,0.7111,0.05
saturated,0.95,7,SOURCE_BOUNDARY+UNIT_TRACK+VERIFY_RESULT+COMPARE_AXES+UNCERTAINTY_BOUND+ORIGINAL_TASK_RETURN+DANGER_CHECK,0.2007,0.4685,0.625,0.2222,0.8465,0.0278
saturated,0.95,6,MAP_RELATION+UNIT_TRACK+STEP_COMPUTE+VERIFY_RESULT+COMPARE_AXES+ORIGINAL_TASK_RETURN,0.2007,0.4626,0.591,0.2687,0.7681,0.0
saturated,0.95,5,EXTRACT_GIVENS+SOURCE_BOUNDARY+MAP_RELATION+UNCERTAINTY_BOUND+DANGER_CHECK,0.2,0.5341,0.6431,0.1924,0.5333,0.0667
saturated,0.95,6,SOURCE_BOUNDARY+MAP_RELATION+STEP_COMPUTE+VERIFY_RESULT+COMPARE_AXES+UNCERTAINTY_BOUND,0.2,0.5333,0.5979,0.209,0.6875,0.0667
very_strong,0.7,5,EXTRACT_GIVENS+UNIT_TRACK+VERIFY_RESULT+UNCERTAINTY_BOUND+ORIGINAL_TASK_RETURN,0.2,0.5284,0.6493,0.2042,0.4785,0.0611
strong,0.46,5,EXTRACT_GIVENS+SOURCE_BOUNDARY+MAP_RELATION+VERIFY_RESULT+ORIGINAL_TASK_RETURN,0.2,0.5126,0.6861,0.2118,0.4132,0.0278
saturated,0.95,6,SOURCE_BOUNDARY+UNIT_TRACK+VERIFY_RESULT+UNCERTAINTY_BOUND+ORIGINAL_TASK_RETURN+DANGER_CHECK,0.2,0.4739,0.6326,0.2229,0.691,0.0222
very_strong,0.7,5,EXTRACT_GIVENS+MAP_RELATION+STEP_COMPUTE+COMPARE_AXES+DANGER_CHECK,0.2,0.4957,0.6049,0.2569,0.559,0.0
saturated,0.95,6,EXTRACT_GIVENS+SOURCE_BOUNDARY+MAP_RELATION+UNIT_TRACK+STEP_COMPUTE+COMPARE_AXES,0.2,0.4811,0.5778,0.2687,0.7965,0.0
very_strong,0.7,6,SOURCE_BOUNDARY+MAP_RELATION+STEP_COMPUTE+VERIFY_RESULT+COMPARE_AXES+DANGER_CHECK,0.1993,0.5382,0.6007,0.2132,0.6,0.0611
very_strong,0.7,3,EXTRACT_GIVENS+STEP_COMPUTE+VERIFY_RESULT,0.1993,0.4673,0.6167,0.259,0.4021,0.0167
very_strong,0.7,7,EXTRACT_GIVENS+SOURCE_BOUNDARY+UNIT_TRACK+COMPARE_AXES+UNCERTAINTY_BOUND+ORIGINAL_TASK_RETURN+DANGER_CHECK,0.1993,0.4518,0.6014,0.2562,0.7535,0.0111
strong,0.46,6,MAP_RELATION+UNIT_TRACK+STEP_COMPUTE+VERIFY_RESULT+UNCERTAINTY_BOUND+ORIGINAL_TASK_RETURN,0.1993,0.4354,0.5486,0.2542,0.5285,0.0111
saturated,0.95,6,EXTRACT_GIVENS+MAP_RELATION+UNIT_TRACK+STEP_COMPUTE+COMPARE_AXES+ORIGINAL_TASK_RETURN,0.1993,0.4616,0.5986,0.2722,0.8194,0.0056
strong,0.46,5,MAP_RELATION+UNIT_TRACK+STEP_COMPUTE+VERIFY_RESULT+UNCERTAINTY_BOUND,0.1993,0.4079,0.5174,0.2896,0.4799,0.0
very_strong,0.7,6,UNIT_TRACK+STEP_COMPUTE+VERIFY_RESULT+UNCERTAINTY_BOUND+ORIGINAL_TASK_RETURN+DANGER_CHECK,0.1986,0.5165,0.6333,0.2028,0.6035,0.0889
strong,0.46,8,SOURCE_BOUNDARY+MAP_RELATION+UNIT_TRACK+STEP_COMPUTE+VERIFY_RESULT+COMPARE_AXES+ORIGINAL_TASK_RETURN+DANGER_CHECK,0.1986,0.4662,0.5806,0.2382,0.6847,0.0444
saturated,0.95,5,MAP_RELATION+STEP_COMPUTE+VERIFY_RESULT+COMPARE_AXES+UNCERTAINTY_BOUND,0.1986,0.4936,0.5944,0.2215,0.5931,0.0
saturated,0.95,5,EXTRACT_GIVENS+UNIT_TRACK+VERIFY_RESULT+COMPARE_AXES+DANGER_CHECK,0.1979,0.5369,0.6986,0.2069,0.6292,0.0556
very_strong,0.7,7,SOURCE_BOUNDARY+UNIT_TRACK+VERIFY_RESULT+COMPARE_AXES+UNCERTAINTY_BOUND+ORIGINAL_TASK_RETURN+DANGER_CHECK,0.1979,0.4671,0.6326,0.2424,0.7785,0.0278
strong,0.46,5,EXTRACT_GIVENS+UNIT_TRACK+STEP_COMPUTE+VERIFY_RESULT+ORIGINAL_TASK_RETURN,0.1979,0.4356,0.6125,0.2486,0.4882,0.0
very_strong,0.7,6,EXTRACT_GIVENS+UNIT_TRACK+VERIFY_RESULT+COMPARE_AXES+UNCERTAINTY_BOUND+ORIGINAL_TASK_RETURN,0.1972,0.5274,0.6576,0.2201,0.6021,0.05
strong,0.46,5,EXTRACT_GIVENS+STEP_COMPUTE+VERIFY_RESULT+UNCERTAINTY_BOUND+ORIGINAL_TASK_RETURN,0.1972,0.4817,0.641,0.2167,0.4118,0.0278
strong,0.46,7,EXTRACT_GIVENS+SOURCE_BOUNDARY+UNIT_TRACK+STEP_COMPUTE+VERIFY_RESULT+COMPARE_AXES+UNCERTAINTY_BOUND,0.1972,0.4689,0.5965,0.2618,0.5979,0.0167
very_strong,0.7,6,SOURCE_BOUNDARY+UNIT_TRACK+VERIFY_RESULT+UNCERTAINTY_BOUND+ORIGINAL_TASK_RETURN+DANGER_CHECK,0.1972,0.4671,0.616,0.2146,0.625,0.0111
strong,0.46,4,EXTRACT_GIVENS+MAP_RELATION+UNIT_TRACK+VERIFY_RESULT,0.1972,0.4499,0.6188,0.2618,0.3868,0.0
saturated,0.95,6,EXTRACT_GIVENS+UNIT_TRACK+VERIFY_RESULT+COMPARE_AXES+UNCERTAINTY_BOUND+ORIGINAL_TASK_RETURN,0.1965,0.5436,0.6687,0.1861,0.6771,0.0556
very_strong,0.7,5,MAP_RELATION+STEP_COMPUTE+VERIFY_RESULT+COMPARE_AXES+UNCERTAINTY_BOUND,0.1965,0.489,0.5743,0.2326,0.5278,0.0
saturated,0.95,5,SOURCE_BOUNDARY+MAP_RELATION+UNIT_TRACK+STEP_COMPUTE+VERIFY_RESULT,0.1965,0.4824,0.5792,0.2646,0.6715,0.0
strong,0.46,9,EXTRACT_GIVENS+SOURCE_BOUNDARY+MAP_RELATION+UNIT_TRACK+STEP_COMPUTE+COMPARE_AXES+UNCERTAINTY_BOUND+ORIGINAL_TASK_RETURN+DANGER_CHECK,0.1958,0.4941,0.5972,0.2271,0.6875,0.0778
strong,0.46,8,MAP_RELATION+UNIT_TRACK+STEP_COMPUTE+VERIFY_RESULT+COMPARE_AXES+UNCERTAINTY_BOUND+ORIGINAL_TASK_RETURN+DANGER_CHECK,0.1958,0.4956,0.5938,0.2167,0.675,0.0389
saturated,0.95,7,EXTRACT_GIVENS+UNIT_TRACK+STEP_COMPUTE+COMPARE_AXES+UNCERTAINTY_BOUND+ORIGINAL_TASK_RETURN+DANGER_CHECK,0.1958,0.4982,0.6285,0.2299,0.7979,0.0278
strong,0.46,6,EXTRACT_GIVENS+MAP_RELATION+STEP_COMPUTE+UNCERTAINTY_BOUND+ORIGINAL_TASK_RETURN+DANGER_CHECK,0.1958,0.4867,0.6347,0.2111,0.4375,0.0222
strong,0.46,7,MAP_RELATION+UNIT_TRACK+STEP_COMPUTE+VERIFY_RESULT+COMPARE_AXES+UNCERTAINTY_BOUND+DANGER_CHECK,0.1958,0.4688,0.5583,0.2306,0.5576,0.0222
very_strong,0.7,5,MAP_RELATION+STEP_COMPUTE+VERIFY_RESULT+COMPARE_AXES+DANGER_CHECK,0.1958,0.5058,0.6375,0.2319,0.5396,0.0111
strong,0.46,6,EXTRACT_GIVENS+SOURCE_BOUNDARY+UNIT_TRACK+STEP_COMPUTE+VERIFY_RESULT+ORIGINAL_TASK_RETURN,0.1958,0.4688,0.6319,0.2458,0.5903,0.0056
strong,0.46,5,EXTRACT_GIVENS+SOURCE_BOUNDARY+MAP_RELATION+UNIT_TRACK+VERIFY_RESULT,0.1958,0.4652,0.6181,0.2632,0.4479,0.0
saturated,0.95,6,MAP_RELATION+UNIT_TRACK+VERIFY_RESULT+COMPARE_AXES+UNCERTAINTY_BOUND+DANGER_CHECK,0.1951,0.5387,0.6444,0.1931,0.6694,0.0944
very_strong,0.7,6,SOURCE_BOUNDARY+MAP_RELATION+UNIT_TRACK+VERIFY_RESULT+UNCERTAINTY_BOUND+DANGER_CHECK,0.1951,0.544,0.6229,0.1979,0.5799,0.0611
very_strong,0.7,5,EXTRACT_GIVENS+STEP_COMPUTE+VERIFY_RESULT+COMPARE_AXES+ORIGINAL_TASK_RETURN,0.1951,0.5204,0.6632,0.2049,0.5528,0.0556
very_strong,0.7,7,EXTRACT_GIVENS+SOURCE_BOUNDARY+MAP_RELATION+UNIT_TRACK+STEP_COMPUTE+COMPARE_AXES+DANGER_CHECK,0.1951,0.523,0.5889,0.2493,0.7431,0.0278
saturated,0.95,5,SOURCE_BOUNDARY+MAP_RELATION+UNIT_TRACK+VERIFY_RESULT+DANGER_CHECK,0.1951,0.507,0.6458,0.2181,0.6271,0.0167
strong,0.46,6,EXTRACT_GIVENS+UNIT_TRACK+STEP_COMPUTE+VERIFY_RESULT+COMPARE_AXES+DANGER_CHECK,0.1951,0.4805,0.6486,0.2437,0.5417,0.0111
strong,0.46,6,SOURCE_BOUNDARY+MAP_RELATION+UNIT_TRACK+STEP_COMPUTE+VERIFY_RESULT+DANGER_CHECK,0.1951,0.4457,0.5715,0.2681,0.5569,0.0056
saturated,0.95,6,MAP_RELATION+VERIFY_RESULT+COMPARE_AXES+UNCERTAINTY_BOUND+ORIGINAL_TASK_RETURN+DANGER_CHECK,0.1944,0.54,0.6687,0.1972,0.5868,0.0667
saturated,0.95,6,EXTRACT_GIVENS+UNIT_TRACK+STEP_COMPUTE+UNCERTAINTY_BOUND+ORIGINAL_TASK_RETURN+DANGER_CHECK,0.1944,0.5086,0.6444,0.2139,0.684,0.0333
very_strong,0.7,6,MAP_RELATION+UNIT_TRACK+VERIFY_RESULT+COMPARE_AXES+ORIGINAL_TASK_RETURN+DANGER_CHECK,0.1944,0.5034,0.6424,0.1965,0.6861,0.0333
saturated,0.95,6,EXTRACT_GIVENS+UNIT_TRACK+STEP_COMPUTE+COMPARE_AXES+UNCERTAINTY_BOUND+DANGER_CHECK,0.1944,0.4779,0.6035,0.234,0.759,0.0167
saturated,0.95,5,EXTRACT_GIVENS+SOURCE_BOUNDARY+UNIT_TRACK+VERIFY_RESULT+ORIGINAL_TASK_RETURN,0.1944,0.5085,0.6799,0.2222,0.6521,0.0056
saturated,0.95,5,MAP_RELATION+UNIT_TRACK+VERIFY_RESULT+ORIGINAL_TASK_RETURN+DANGER_CHECK,0.1944,0.4907,0.6708,0.2069,0.5951,0.0
saturated,0.95,5,MAP_RELATION+UNIT_TRACK+VERIFY_RESULT+UNCERTAINTY_BOUND+DANGER_CHECK,0.1938,0.5297,0.6611,0.2069,0.5333,0.0444
strong,0.46,7,EXTRACT_GIVENS+MAP_RELATION+STEP_COMPUTE+COMPARE_AXES+UNCERTAINTY_BOUND+ORIGINAL_TASK_RETURN+DANGER_CHECK,0.1938,0.4691,0.6167,0.2153,0.5632,0.0444
saturated,0.95,7,EXTRACT_GIVENS+SOURCE_BOUNDARY+UNIT_TRACK+STEP_COMPUTE+COMPARE_AXES+UNCERTAINTY_BOUND+DANGER_CHECK,0.1938,0.515,0.6243,0.2278,0.8667,0.0333
very_strong,0.7,5,EXTRACT_GIVENS+SOURCE_BOUNDARY+MAP_RELATION+STEP_COMPUTE+UNCERTAINTY_BOUND,0.1938,0.4946,0.5694,0.241,0.5007,0.0
strong,0.46,7,EXTRACT_GIVENS+SOURCE_BOUNDARY+UNIT_TRACK+VERIFY_RESULT+COMPARE_AXES+ORIGINAL_TASK_RETURN+DANGER_CHECK,0.1931,0.4931,0.6708,0.2194,0.6188,0.0278
saturated,0.95,7,EXTRACT_GIVENS+SOURCE_BOUNDARY+UNIT_TRACK+COMPARE_AXES+UNCERTAINTY_BOUND+ORIGINAL_TASK_RETURN+DANGER_CHECK,0.1931,0.4639,0.6188,0.2333,0.8569,0.0111
saturated,0.95,4,MAP_RELATION+STEP_COMPUTE+VERIFY_RESULT+ORIGINAL_TASK_RETURN,0.1931,0.4738,0.6243,0.2306,0.4757,0.0056
very_strong,0.7,7,EXTRACT_GIVENS+SOURCE_BOUNDARY+MAP_RELATION+STEP_COMPUTE+COMPARE_AXES+UNCERTAINTY_BOUND+ORIGINAL_TASK_RETURN,0.1924,0.5279,0.5785,0.2104,0.6806,0.0444
strong,0.46,6,EXTRACT_GIVENS+SOURCE_BOUNDARY+STEP_COMPUTE+VERIFY_RESULT+COMPARE_AXES+UNCERTAINTY_BOUND,0.1924,0.4714,0.5903,0.225,0.5479,0.0278
saturated,0.95,7,EXTRACT_GIVENS+SOURCE_BOUNDARY+MAP_RELATION+UNIT_TRACK+STEP_COMPUTE+COMPARE_AXES+ORIGINAL_TASK_RETURN,0.1924,0.5022,0.5993,0.2201,0.8896,0.0222
very_strong,0.7,5,EXTRACT_GIVENS+MAP_RELATION+UNIT_TRACK+UNCERTAINTY_BOUND+DANGER_CHECK,0.1924,0.5066,0.6076,0.2208,0.5042,0.0
very_strong,0.7,6,EXTRACT_GIVENS+SOURCE_BOUNDARY+STEP_COMPUTE+VERIFY_RESULT+COMPARE_AXES+ORIGINAL_TASK_RETURN,0.1917,0.5506,0.6826,0.2174,0.6403,0.0722
strong,0.46,5,EXTRACT_GIVENS+VERIFY_RESULT+COMPARE_AXES+UNCERTAINTY_BOUND+DANGER_CHECK,0.1917,0.4776,0.6542,0.2313,0.4382,0.0389
saturated,0.95,4,EXTRACT_GIVENS+MAP_RELATION+STEP_COMPUTE+ORIGINAL_TASK_RETURN,0.1917,0.4503,0.6083,0.2514,0.4632,0.0056
very_strong,0.7,5,EXTRACT_GIVENS+STEP_COMPUTE+COMPARE_AXES+UNCERTAINTY_BOUND+DANGER_CHECK,0.1917,0.4415,0.5965,0.2528,0.6042,0.0056
saturated,0.95,3,EXTRACT_GIVENS+MAP_RELATION+STEP_COMPUTE,0.1917,0.4281,0.5674,0.2903,0.4347,0.0
very_strong,0.7,4,EXTRACT_GIVENS+SOURCE_BOUNDARY+VERIFY_RESULT+DANGER_CHECK,0.191,0.5301,0.6861,0.2062,0.4417,0.0611
very_strong,0.7,7,SOURCE_BOUNDARY+MAP_RELATION+UNIT_TRACK+VERIFY_RESULT+COMPARE_AXES+UNCERTAINTY_BOUND+DANGER_CHECK,0.1903,0.5495,0.5979,0.2028,0.7083,0.0778
very_strong,0.7,5,EXTRACT_GIVENS+UNIT_TRACK+VERIFY_RESULT+COMPARE_AXES+DANGER_CHECK,0.1903,0.5245,0.6618,0.209,0.5639,0.0556
strong,0.46,6,SOURCE_BOUNDARY+MAP_RELATION+VERIFY_RESULT+UNCERTAINTY_BOUND+ORIGINAL_TASK_RETURN+DANGER_CHECK,0.1903,0.4698,0.6167,0.2222,0.4944,0.0444
strong,0.46,6,EXTRACT_GIVENS+UNIT_TRACK+STEP_COMPUTE+VERIFY_RESULT+COMPARE_AXES+ORIGINAL_TASK_RETURN,0.1903,0.4482,0.6375,0.2507,0.6014,0.0444
saturated,0.95,6,SOURCE_BOUNDARY+MAP_RELATION+UNIT_TRACK+STEP_COMPUTE+VERIFY_RESULT+COMPARE_AXES,0.1903,0.4832,0.5868,0.2389,0.8243,0.0167
very_strong,0.7,7,SOURCE_BOUNDARY+MAP_RELATION+UNIT_TRACK+STEP_COMPUTE+VERIFY_RESULT+COMPARE_AXES+ORIGINAL_TASK_RETURN,0.1903,0.494,0.5854,0.2375,0.7451,0.0
saturated,0.95,7,SOURCE_BOUNDARY+UNIT_TRACK+STEP_COMPUTE+VERIFY_RESULT+COMPARE_AXES+ORIGINAL_TASK_RETURN+DANGER_CHECK,0.1896,0.4779,0.6382,0.2347,0.891,0.0611
very_strong,0.7,6,EXTRACT_GIVENS+STEP_COMPUTE+COMPARE_AXES+UNCERTAINTY_BOUND+ORIGINAL_TASK_RETURN+DANGER_CHECK,0.1896,0.4719,0.6125,0.2368,0.6493,0.0611
saturated,0.95,5,MAP_RELATION+STEP_COMPUTE+VERIFY_RESULT+COMPARE_AXES+DANGER_CHECK,0.1896,0.5156,0.6507,0.2208,0.5965,0.0111
very_strong,0.7,5,SOURCE_BOUNDARY+MAP_RELATION+STEP_COMPUTE+VERIFY_RESULT+ORIGINAL_TASK_RETURN,0.1896,0.4952,0.5875,0.2174,0.5604,0.0
very_strong,0.7,7,EXTRACT_GIVENS+SOURCE_BOUNDARY+UNIT_TRACK+STEP_COMPUTE+UNCERTAINTY_BOUND+ORIGINAL_TASK_RETURN+DANGER_CHECK,0.1889,0.5348,0.6326,0.1993,0.7028,0.0944
strong,0.46,7,MAP_RELATION+STEP_COMPUTE+VERIFY_RESULT+COMPARE_AXES+UNCERTAINTY_BOUND+ORIGINAL_TASK_RETURN+DANGER_CHECK,0.1889,0.4848,0.5944,0.1993,0.5417,0.0667
strong,0.46,7,SOURCE_BOUNDARY+MAP_RELATION+VERIFY_RESULT+COMPARE_AXES+UNCERTAINTY_BOUND+ORIGINAL_TASK_RETURN+DANGER_CHECK,0.1889,0.4583,0.5799,0.225,0.559,0.0222
very_strong,0.7,5,SOURCE_BOUNDARY+VERIFY_RESULT+UNCERTAINTY_BOUND+ORIGINAL_TASK_RETURN+DANGER_CHECK,0.1889,0.4567,0.6354,0.2319,0.5333,0.0111
very_strong,0.7,6,EXTRACT_GIVENS+UNIT_TRACK+STEP_COMPUTE+UNCERTAINTY_BOUND+ORIGINAL_TASK_RETURN+DANGER_CHECK,0.1882,0.5029,0.6486,0.2222,0.6507,0.0611
strong,0.46,7,EXTRACT_GIVENS+SOURCE_BOUNDARY+MAP_RELATION+UNIT_TRACK+VERIFY_RESULT+COMPARE_AXES+ORIGINAL_TASK_RETURN,0.1882,0.4833,0.6236,0.2299,0.5743,0.05
very_strong,0.7,5,SOURCE_BOUNDARY+MAP_RELATION+UNIT_TRACK+VERIFY_RESULT+DANGER_CHECK,0.1882,0.4872,0.6236,0.2236,0.5549,0.0111
saturated,0.95,5,EXTRACT_GIVENS+UNIT_TRACK+VERIFY_RESULT+COMPARE_AXES+UNCERTAINTY_BOUND,0.1882,0.5034,0.6264,0.2236,0.6076,0.0
strong,0.46,7,MAP_RELATION+UNIT_TRACK+STEP_COMPUTE+VERIFY_RESULT+COMPARE_AXES+ORIGINAL_TASK_RETURN+DANGER_CHECK,0.1882,0.4573,0.5993,0.2569,0.609,0.0
very_strong,0.7,7,EXTRACT_GIVENS+SOURCE_BOUNDARY+MAP_RELATION+STEP_COMPUTE+COMPARE_AXES+ORIGINAL_TASK_RETURN+DANGER_CHECK,0.1875,0.5461,0.6562,0.2354,0.684,0.0778
saturated,0.95,5,EXTRACT_GIVENS+STEP_COMPUTE+VERIFY_RESULT+COMPARE_AXES+ORIGINAL_TASK_RETURN,0.1875,0.5372,0.6993,0.1965,0.5965,0.0778
very_strong,0.7,5,EXTRACT_GIVENS+VERIFY_RESULT+COMPARE_AXES+ORIGINAL_TASK_RETURN+DANGER_CHECK,0.1875,0.5344,0.6958,0.2021,0.4882,0.05
strong,0.46,5,MAP_RELATION+STEP_COMPUTE+VERIFY_RESULT+UNCERTAINTY_BOUND+DANGER_CHECK,0.1875,0.4605,0.5861,0.2354,0.4306,0.0222
strong,0.46,7,EXTRACT_GIVENS+MAP_RELATION+UNIT_TRACK+STEP_COMPUTE+COMPARE_AXES+ORIGINAL_TASK_RETURN+DANGER_CHECK,0.1875,0.4355,0.5903,0.2646,0.6042,0.0056
saturated,0.95,5,EXTRACT_GIVENS+SOURCE_BOUNDARY+STEP_COMPUTE+VERIFY_RESULT+COMPARE_AXES,0.1861,0.5464,0.6743,0.2188,0.6403,0.0833
saturated,0.95,4,EXTRACT_GIVENS+UNIT_TRACK+VERIFY_RESULT+DANGER_CHECK,0.1861,0.5255,0.7125,0.209,0.4951,0.0722
very_strong,0.7,6,EXTRACT_GIVENS+SOURCE_BOUNDARY+MAP_RELATION+STEP_COMPUTE+COMPARE_AXES+DANGER_CHECK,0.1861,0.524,0.6056,0.2306,0.6347,0.0611
standard,0.24,8,EXTRACT_GIVENS+MAP_RELATION+UNIT_TRACK+STEP_COMPUTE+VERIFY_RESULT+UNCERTAINTY_BOUND+ORIGINAL_TASK_RETURN+DANGER_CHECK,0.1861,0.4513,0.6986,0.2431,0.4306,0.0556
strong,0.46,6,EXTRACT_GIVENS+UNIT_TRACK+VERIFY_RESULT+COMPARE_AXES+UNCERTAINTY_BOUND+DANGER_CHECK,0.1861,0.4794,0.6333,0.2083,0.5354,0.0278
very_strong,0.7,5,EXTRACT_GIVENS+UNIT_TRACK+VERIFY_RESULT+COMPARE_AXES+UNCERTAINTY_BOUND,0.1861,0.5063,0.6097,0.2326,0.5431,0.0
strong,0.46,6,SOURCE_BOUNDARY+MAP_RELATION+STEP_COMPUTE+VERIFY_RESULT+UNCERTAINTY_BOUND+DANGER_CHECK,0.1847,0.4883,0.5972,0.2194,0.4778,0.0333
standard,0.24,7,EXTRACT_GIVENS+MAP_RELATION+UNIT_TRACK+STEP_COMPUTE+VERIFY_RESULT+ORIGINAL_TASK_RETURN+DANGER_CHECK,0.1847,0.4382,0.6854,0.2333,0.4222,0.0167
strong,0.46,5,MAP_RELATION+UNIT_TRACK+STEP_COMPUTE+VERIFY_RESULT+ORIGINAL_TASK_RETURN,0.1847,0.391,0.5639,0.2715,0.5306,0.0056
strong,0.46,8,SOURCE_BOUNDARY+MAP_RELATION+UNIT_TRACK+STEP_COMPUTE+VERIFY_RESULT+COMPARE_AXES+UNCERTAINTY_BOUND+DANGER_CHECK,0.184,0.4879,0.5799,0.2264,0.65,0.1111
saturated,0.95,5,EXTRACT_GIVENS+VERIFY_RESULT+COMPARE_AXES+UNCERTAINTY_BOUND+ORIGINAL_TASK_RETURN,0.184,0.5312,0.6993,0.2111,0.5472,0.0778
saturated,0.95,6,EXTRACT_GIVENS+SOURCE_BOUNDARY+STEP_COMPUTE+UNCERTAINTY_BOUND+ORIGINAL_TASK_RETURN+DANGER_CHECK,0.184,0.5254,0.6535,0.2076,0.6549,0.05
very_strong,0.7,4,EXTRACT_GIVENS+UNIT_TRACK+VERIFY_RESULT+DANGER_CHECK,0.184,0.523,0.6965,0.2118,0.4618,0.05
very_strong,0.7,5,EXTRACT_GIVENS+SOURCE_BOUNDARY+UNIT_TRACK+VERIFY_RESULT+ORIGINAL_TASK_RETURN,0.184,0.4952,0.6403,0.2062,0.6021,0.0167
very_strong,0.7,4,EXTRACT_GIVENS+UNIT_TRACK+VERIFY_RESULT+UNCERTAINTY_BOUND,0.184,0.492,0.6215,0.2396,0.4597,0.0056
strong,0.46,5,EXTRACT_GIVENS+MAP_RELATION+UNIT_TRACK+STEP_COMPUTE+UNCERTAINTY_BOUND,0.184,0.4065,0.5465,0.3021,0.4792,0.0
very_strong,0.7,4,EXTRACT_GIVENS+VERIFY_RESULT+ORIGINAL_TASK_RETURN+DANGER_CHECK,0.1833,0.5356,0.7264,0.1903,0.4313,0.0944
very_strong,0.7,5,EXTRACT_GIVENS+SOURCE_BOUNDARY+MAP_RELATION+STEP_COMPUTE+DANGER_CHECK,0.1833,0.5218,0.6285,0.2201,0.5437,0.0667
very_strong,0.7,6,MAP_RELATION+VERIFY_RESULT+COMPARE_AXES+UNCERTAINTY_BOUND+ORIGINAL_TASK_RETURN+DANGER_CHECK,0.1833,0.5161,0.616,0.2056,0.5757,0.0667
very_strong,0.7,6,SOURCE_BOUNDARY+MAP_RELATION+VERIFY_RESULT+COMPARE_AXES+UNCERTAINTY_BOUND+DANGER_CHECK,0.1833,0.5295,0.6083,0.1958,0.5951,0.0556
strong,0.46,6,EXTRACT_GIVENS+MAP_RELATION+VERIFY_RESULT+COMPARE_AXES+UNCERTAINTY_BOUND+ORIGINAL_TASK_RETURN,0.1833,0.5128,0.6333,0.2042,0.4583,0.0389
very_strong,0.7,6,EXTRACT_GIVENS+SOURCE_BOUNDARY+MAP_RELATION+UNIT_TRACK+ORIGINAL_TASK_RETURN+DANGER_CHECK,0.1826,0.5085,0.6438,0.2243,0.6326,0.0556
strong,0.46,6,EXTRACT_GIVENS+SOURCE_BOUNDARY+MAP_RELATION+UNIT_TRACK+VERIFY_RESULT+COMPARE_AXES,0.1826,0.4661,0.6181,0.2653,0.5333,0.0222
very_strong,0.7,4,EXTRACT_GIVENS+MAP_RELATION+VERIFY_RESULT+COMPARE_AXES,0.1826,0.5033,0.6208,0.2507,0.4278,0.0111
strong,0.46,4,EXTRACT_GIVENS+STEP_COMPUTE+VERIFY_RESULT+UNCERTAINTY_BOUND,0.1826,0.4468,0.5979,0.2576,0.3715,0.0056
strong,0.46,6,EXTRACT_GIVENS+SOURCE_BOUNDARY+UNIT_TRACK+VERIFY_RESULT+UNCERTAINTY_BOUND+ORIGINAL_TASK_RETURN,0.1819,0.4531,0.6243,0.2486,0.5271,0.0333
very_strong,0.7,5,SOURCE_BOUNDARY+STEP_COMPUTE+VERIFY_RESULT+ORIGINAL_TASK_RETURN+DANGER_CHECK,0.1819,0.4508,0.6312,0.2458,0.5847,0.0222
strong,0.46,6,SOURCE_BOUNDARY+MAP_RELATION+UNIT_TRACK+VERIFY_RESULT+ORIGINAL_TASK_RETURN+DANGER_CHECK,0.1819,0.4317,0.6097,0.2375,0.5507,0.0167
saturated,0.95,5,EXTRACT_GIVENS+SOURCE_BOUNDARY+COMPARE_AXES+UNCERTAINTY_BOUND+DANGER_CHECK,0.1819,0.4252,0.6028,0.2646,0.6646,0.0
strong,0.46,8,EXTRACT_GIVENS+SOURCE_BOUNDARY+MAP_RELATION+UNIT_TRACK+STEP_COMPUTE+UNCERTAINTY_BOUND+ORIGINAL_TASK_RETURN+DANGER_CHECK,0.1812,0.4963,0.6215,0.2271,0.6319,0.0833
very_strong,0.7,6,MAP_RELATION+STEP_COMPUTE+VERIFY_RESULT+COMPARE_AXES+UNCERTAINTY_BOUND+ORIGINAL_TASK_RETURN,0.1812,0.5004,0.5715,0.2069,0.5903,0.0667
very_strong,0.7,5,SOURCE_BOUNDARY+MAP_RELATION+VERIFY_RESULT+UNCERTAINTY_BOUND+DANGER_CHECK,0.1812,0.5222,0.6174,0.2042,0.5028,0.0611
saturated,0.95,6,EXTRACT_GIVENS+STEP_COMPUTE+COMPARE_AXES+UNCERTAINTY_BOUND+ORIGINAL_TASK_RETURN+DANGER_CHECK,0.1812,0.4834,0.6479,0.2299,0.6896,0.0389
saturated,0.95,5,SOURCE_BOUNDARY+STEP_COMPUTE+VERIFY_RESULT+ORIGINAL_TASK_RETURN+DANGER_CHECK,0.1812,0.4686,0.6715,0.2264,0.6396,0.0222
strong,0.46,6,EXTRACT_GIVENS+MAP_RELATION+UNIT_TRACK+VERIFY_RESULT+COMPARE_AXES+ORIGINAL_TASK_RETURN,0.1812,0.4665,0.6389,0.2465,0.5368,0.0167
saturated,0.95,6,EXTRACT_GIVENS+SOURCE_BOUNDARY+UNIT_TRACK+COMPARE_AXES+UNCERTAINTY_BOUND+DANGER_CHECK,0.1806,0.4353,0.5875,0.2417,0.791,0.0222
strong,0.46,7,EXTRACT_GIVENS+SOURCE_BOUNDARY+MAP_RELATION+STEP_COMPUTE+UNCERTAINTY_BOUND+ORIGINAL_TASK_RETURN+DANGER_CHECK,0.1799,0.5072,0.6326,0.2062,0.5611,0.1278
strong,0.46,7,EXTRACT_GIVENS+SOURCE_BOUNDARY+MAP_RELATION+UNIT_TRACK+STEP_COMPUTE+ORIGINAL_TASK_RETURN+DANGER_CHECK,0.1799,0.4715,0.641,0.2333,0.5806,0.0444
standard,0.24,7,EXTRACT_GIVENS+MAP_RELATION+UNIT_TRACK+STEP_COMPUTE+VERIFY_RESULT+UNCERTAINTY_BOUND+DANGER_CHECK,0.1799,0.4418,0.6438,0.2486,0.3972,0.0167
saturated,0.95,6,EXTRACT_GIVENS+MAP_RELATION+UNIT_TRACK+COMPARE_AXES+ORIGINAL_TASK_RETURN+DANGER_CHECK,0.1799,0.4875,0.6292,0.2042,0.7257,0.0111
standard,0.24,6,EXTRACT_GIVENS+MAP_RELATION+UNIT_TRACK+STEP_COMPUTE+VERIFY_RESULT+DANGER_CHECK,0.1799,0.4189,0.6507,0.2479,0.3778,0.0111
strong,0.46,5,EXTRACT_GIVENS+MAP_RELATION+UNIT_TRACK+STEP_COMPUTE+DANGER_CHECK,0.1799,0.4106,0.5681,0.2847,0.4792,0.0056
strong,0.46,5,EXTRACT_GIVENS+MAP_RELATION+VERIFY_RESULT+COMPARE_AXES+UNCERTAINTY_BOUND,0.1799,0.4775,0.5972,0.2278,0.4215,0.0
very_strong,0.7,5,EXTRACT_GIVENS+MAP_RELATION+UNCERTAINTY_BOUND+ORIGINAL_TASK_RETURN+DANGER_CHECK,0.1792,0.5135,0.6535,0.2028,0.459,0.0833
strong,0.46,8,EXTRACT_GIVENS+SOURCE_BOUNDARY+MAP_RELATION+STEP_COMPUTE+COMPARE_AXES+UNCERTAINTY_BOUND+ORIGINAL_TASK_RETURN+DANGER_CHECK,0.1792,0.4945,0.6257,0.2056,0.5993,0.05
strong,0.46,7,EXTRACT_GIVENS+SOURCE_BOUNDARY+MAP_RELATION+STEP_COMPUTE+COMPARE_AXES+UNCERTAINTY_BOUND+DANGER_CHECK,0.1792,0.466,0.5799,0.2465,0.6,0.0333
strong,0.46,6,EXTRACT_GIVENS+MAP_RELATION+UNIT_TRACK+STEP_COMPUTE+UNCERTAINTY_BOUND+ORIGINAL_TASK_RETURN,0.1792,0.4149,0.5604,0.2771,0.5188,0.0056
saturated,0.95,3,MAP_RELATION+STEP_COMPUTE+VERIFY_RESULT,0.1792,0.4233,0.5618,0.2681,0.4389,0.0
saturated,0.95,4,EXTRACT_GIVENS+VERIFY_RESULT+UNCERTAINTY_BOUND+ORIGINAL_TASK_RETURN,0.1785,0.5316,0.7111,0.2035,0.3903,0.1
very_strong,0.7,6,EXTRACT_GIVENS+SOURCE_BOUNDARY+STEP_COMPUTE+COMPARE_AXES+UNCERTAINTY_BOUND+DANGER_CHECK,0.1785,0.4714,0.6062,0.2632,0.6438,0.0389
very_strong,0.7,6,EXTRACT_GIVENS+SOURCE_BOUNDARY+UNIT_TRACK+COMPARE_AXES+UNCERTAINTY_BOUND+DANGER_CHECK,0.1785,0.4059,0.5451,0.2882,0.7292,0.0222
saturated,0.95,5,UNIT_TRACK+STEP_COMPUTE+VERIFY_RESULT+ORIGINAL_TASK_RETURN+DANGER_CHECK,0.1785,0.4632,0.6528,0.2278,0.6847,0.0056
strong,0.46,8,EXTRACT_GIVENS+SOURCE_BOUNDARY+MAP_RELATION+UNIT_TRACK+STEP_COMPUTE+COMPARE_AXES+UNCERTAINTY_BOUND+DANGER_CHECK,0.1785,0.4603,0.5528,0.2292,0.6243,0.0056
strong,0.46,5,EXTRACT_GIVENS+SOURCE_BOUNDARY+UNIT_TRACK+STEP_COMPUTE+VERIFY_RESULT,0.1785,0.4306,0.5806,0.2757,0.4785,0.0056
very_strong,0.7,5,MAP_RELATION+UNIT_TRACK+VERIFY_RESULT+UNCERTAINTY_BOUND+DANGER_CHECK,0.1778,0.5124,0.6236,0.2035,0.5243,0.0778
very_strong,0.7,6,EXTRACT_GIVENS+SOURCE_BOUNDARY+STEP_COMPUTE+UNCERTAINTY_BOUND+ORIGINAL_TASK_RETURN+DANGER_CHECK,0.1778,0.507,0.6188,0.209,0.6382,0.05
strong,0.46,5,EXTRACT_GIVENS+MAP_RELATION+UNIT_TRACK+VERIFY_RESULT+COMPARE_AXES,0.1778,0.4357,0.5972,0.2764,0.5104,0.0056
very_strong,0.7,4,MAP_RELATION+STEP_COMPUTE+VERIFY_RESULT+ORIGINAL_TASK_RETURN,0.1778,0.4562,0.5924,0.2444,0.4778,0.0
very_strong,0.7,3,MAP_RELATION+STEP_COMPUTE+VERIFY_RESULT,0.1778,0.4216,0.5611,0.2847,0.3868,0.0
strong,0.46,6,EXTRACT_GIVENS+MAP_RELATION+UNIT_TRACK+STEP_COMPUTE+ORIGINAL_TASK_RETURN+DANGER_CHECK,0.1771,0.4342,0.6333,0.2729,0.5417,0.0111
saturated,0.95,5,EXTRACT_GIVENS+SOURCE_BOUNDARY+MAP_RELATION+ORIGINAL_TASK_RETURN+DANGER_CHECK,0.1764,0.5051,0.6896,0.2278,0.5646,0.0556
very_strong,0.7,6,SOURCE_BOUNDARY+MAP_RELATION+UNIT_TRACK+VERIFY_RESULT+UNCERTAINTY_BOUND+ORIGINAL_TASK_RETURN,0.1764,0.4924,0.5729,0.2042,0.5889,0.0167
saturated,0.95,5,EXTRACT_GIVENS+MAP_RELATION+UNIT_TRACK+ORIGINAL_TASK_RETURN+DANGER_CHECK,0.1764,0.4809,0.6639,0.2403,0.5604,0.0111
strong,0.46,6,SOURCE_BOUNDARY+MAP_RELATION+UNIT_TRACK+STEP_COMPUTE+VERIFY_RESULT+ORIGINAL_TASK_RETURN,0.1764,0.4302,0.5757,0.2687,0.5813,0.0056
saturated,0.95,6,SOURCE_BOUNDARY+MAP_RELATION+STEP_COMPUTE+VERIFY_RESULT+COMPARE_AXES+ORIGINAL_TASK_RETURN,0.1764,0.5002,0.634,0.2208,0.7222,0.0
strong,0.46,6,EXTRACT_GIVENS+STEP_COMPUTE+VERIFY_RESULT+COMPARE_AXES+ORIGINAL_TASK_RETURN+DANGER_CHECK,0.1757,0.5074,0.6847,0.2132,0.5132,0.0667
strong,0.46,7,SOURCE_BOUNDARY+MAP_RELATION+STEP_COMPUTE+VERIFY_RESULT+COMPARE_AXES+ORIGINAL_TASK_RETURN+DANGER_CHECK,0.1757,0.4593,0.6069,0.2326,0.6139,0.0389
strong,0.46,8,SOURCE_BOUNDARY+MAP_RELATION+UNIT_TRACK+VERIFY_RESULT+COMPARE_AXES+UNCERTAINTY_BOUND+ORIGINAL_TASK_RETURN+DANGER_CHECK,0.1757,0.4597,0.5757,0.2153,0.6847,0.0278
strong,0.46,5,EXTRACT_GIVENS+UNIT_TRACK+VERIFY_RESULT+UNCERTAINTY_BOUND+DANGER_CHECK,0.175,0.4818,0.6444,0.225,0.4146,0.0556
very_strong,0.7,6,SOURCE_BOUNDARY+MAP_RELATION+STEP_COMPUTE+VERIFY_RESULT+COMPARE_AXES+UNCERTAINTY_BOUND,0.175,0.5061,0.5326,0.2264,0.6194,0.0333
strong,0.46,7,EXTRACT_GIVENS+SOURCE_BOUNDARY+MAP_RELATION+UNIT_TRACK+STEP_COMPUTE+UNCERTAINTY_BOUND+DANGER_CHECK,0.175,0.4682,0.5882,0.2444,0.5417,0.0333
strong,0.46,4,EXTRACT_GIVENS+MAP_RELATION+VERIFY_RESULT+ORIGINAL_TASK_RETURN,0.175,0.4652,0.6528,0.241,0.3507,0.0111
very_strong,0.7,4,MAP_RELATION+UNIT_TRACK+VERIFY_RESULT+DANGER_CHECK,0.175,0.4516,0.6014,0.2549,0.4806,0.0111
strong,0.46,5,MAP_RELATION+STEP_COMPUTE+VERIFY_RESULT+ORIGINAL_TASK_RETURN+DANGER_CHECK,0.175,0.4547,0.634,0.2361,0.4632,0.0056
saturated,0.95,6,SOURCE_BOUNDARY+UNIT_TRACK+STEP_COMPUTE+VERIFY_RESULT+UNCERTAINTY_BOUND+DANGER_CHECK,0.1743,0.5225,0.6375,0.216,0.7132,0.0778
standard,0.24,9,EXTRACT_GIVENS+MAP_RELATION+UNIT_TRACK+STEP_COMPUTE+VERIFY_RESULT+COMPARE_AXES+UNCERTAINTY_BOUND+ORIGINAL_TASK_RETURN+DANGER_CHECK,0.1743,0.4501,0.6764,0.2382,0.4875,0.0611
very_strong,0.7,6,EXTRACT_GIVENS+SOURCE_BOUNDARY+UNIT_TRACK+STEP_COMPUTE+UNCERTAINTY_BOUND+DANGER_CHECK,0.1743,0.5078,0.6181,0.2243,0.6389,0.0556
saturated,0.95,4,EXTRACT_GIVENS+UNIT_TRACK+VERIFY_RESULT+ORIGINAL_TASK_RETURN,0.1743,0.4816,0.6813,0.225,0.4917,0.0333
saturated,0.95,6,EXTRACT_GIVENS+SOURCE_BOUNDARY+MAP_RELATION+COMPARE_AXES+ORIGINAL_TASK_RETURN+DANGER_CHECK,0.1743,0.5,0.6535,0.2243,0.7021,0.0278
saturated,0.95,6,MAP_RELATION+UNIT_TRACK+VERIFY_RESULT+COMPARE_AXES+ORIGINAL_TASK_RETURN+DANGER_CHECK,0.1743,0.492,0.6326,0.2097,0.7493,0.0111
saturated,0.95,5,EXTRACT_GIVENS+STEP_COMPUTE+COMPARE_AXES+UNCERTAINTY_BOUND+DANGER_CHECK,0.1743,0.4513,0.6021,0.25,0.6507,0.0111
strong,0.46,7,SOURCE_BOUNDARY+MAP_RELATION+UNIT_TRACK+STEP_COMPUTE+VERIFY_RESULT+UNCERTAINTY_BOUND+ORIGINAL_TASK_RETURN,0.1743,0.4537,0.5535,0.2472,0.5764,0.0
very_strong,0.7,7,UNIT_TRACK+STEP_COMPUTE+VERIFY_RESULT+COMPARE_AXES+UNCERTAINTY_BOUND+ORIGINAL_TASK_RETURN+DANGER_CHECK,0.1736,0.5107,0.6042,0.2056,0.7215,0.0667
very_strong,0.7,6,SOURCE_BOUNDARY+STEP_COMPUTE+VERIFY_RESULT+COMPARE_AXES+UNCERTAINTY_BOUND+DANGER_CHECK,0.1736,0.496,0.5806,0.2111,0.6569,0.0222
saturated,0.95,5,EXTRACT_GIVENS+MAP_RELATION+UNIT_TRACK+UNCERTAINTY_BOUND+ORIGINAL_TASK_RETURN,0.1736,0.464,0.6194,0.2486,0.5514,0.0222
saturated,0.95,6,SOURCE_BOUNDARY+MAP_RELATION+UNIT_TRACK+VERIFY_RESULT+UNCERTAINTY_BOUND+ORIGINAL_TASK_RETURN,0.1736,0.5093,0.6396,0.2222,0.6562,0.0167
very_strong,0.7,4,EXTRACT_GIVENS+MAP_RELATION+UNCERTAINTY_BOUND+DANGER_CHECK,0.1736,0.4781,0.6167,0.2333,0.4056,0.0111
saturated,0.95,4,SOURCE_BOUNDARY+MAP_RELATION+STEP_COMPUTE+VERIFY_RESULT,0.1736,0.4765,0.5771,0.2444,0.5375,0.0056
saturated,0.95,4,EXTRACT_GIVENS+STEP_COMPUTE+VERIFY_RESULT+COMPARE_AXES,0.1736,0.487,0.6431,0.2507,0.5743,0.0
very_strong,0.7,6,EXTRACT_GIVENS+SOURCE_BOUNDARY+MAP_RELATION+UNIT_TRACK+STEP_COMPUTE+COMPARE_AXES,0.1736,0.4475,0.5437,0.291,0.7,0.0
very_strong,0.7,6,MAP_RELATION+UNIT_TRACK+VERIFY_RESULT+COMPARE_AXES+UNCERTAINTY_BOUND+DANGER_CHECK,0.1729,0.5081,0.5778,0.2139,0.6188,0.0611
saturated,0.95,7,SOURCE_BOUNDARY+UNIT_TRACK+STEP_COMPUTE+VERIFY_RESULT+COMPARE_AXES+UNCERTAINTY_BOUND+DANGER_CHECK,0.1729,0.5277,0.625,0.2062,0.841,0.0556
saturated,0.95,5,UNIT_TRACK+STEP_COMPUTE+VERIFY_RESULT+UNCERTAINTY_BOUND+DANGER_CHECK,0.1729,0.4967,0.6306,0.2097,0.6222,0.05
strong,0.46,6,EXTRACT_GIVENS+SOURCE_BOUNDARY+STEP_COMPUTE+VERIFY_RESULT+COMPARE_AXES+DANGER_CHECK,0.1722,0.4958,0.6521,0.2451,0.5451,0.0889
strong,0.46,6,EXTRACT_GIVENS+STEP_COMPUTE+VERIFY_RESULT+COMPARE_AXES+UNCERTAINTY_BOUND+ORIGINAL_TASK_RETURN,0.1722,0.4719,0.6361,0.2347,0.5,0.0389
very_strong,0.7,6,SOURCE_BOUNDARY+STEP_COMPUTE+VERIFY_RESULT+COMPARE_AXES+ORIGINAL_TASK_RETURN+DANGER_CHECK,0.1722,0.4431,0.6181,0.2604,0.7097,0.0167
strong,0.46,6,SOURCE_BOUNDARY+MAP_RELATION+UNIT_TRACK+STEP_COMPUTE+VERIFY_RESULT+UNCERTAINTY_BOUND,0.1722,0.4209,0.5153,0.25,0.5229,0.0167
strong,0.46,6,EXTRACT_GIVENS+SOURCE_BOUNDARY+MAP_RELATION+STEP_COMPUTE+UNCERTAINTY_BOUND+DANGER_CHECK,0.1722,0.4598,0.5819,0.2354,0.4813,0.0111
saturated,0.95,5,SOURCE_BOUNDARY+UNIT_TRACK+VERIFY_RESULT+ORIGINAL_TASK_RETURN+DANGER_CHECK,0.1722,0.4109,0.6299,0.2319,0.6917,0.0111
strong,0.46,4,MAP_RELATION+UNIT_TRACK+STEP_COMPUTE+VERIFY_RESULT,0.1722,0.3688,0.5146,0.3187,0.4472,0.0
strong,0.46,7,EXTRACT_GIVENS+SOURCE_BOUNDARY+UNIT_TRACK+STEP_COMPUTE+VERIFY_RESULT+COMPARE_AXES+DANGER_CHECK,0.1715,0.4907,0.634,0.2507,0.5882,0.0944
saturated,0.95,6,STEP_COMPUTE+VERIFY_RESULT+COMPARE_AXES+UNCERTAINTY_BOUND+ORIGINAL_TASK_RETURN+DANGER_CHECK,0.1715,0.513,0.6632,0.1944,0.6854,0.0667
very_strong,0.7,7,SOURCE_BOUNDARY+UNIT_TRACK+STEP_COMPUTE+VERIFY_RESULT+COMPARE_AXES+ORIGINAL_TASK_RETURN+DANGER_CHECK,0.1715,0.4618,0.5889,0.2389,0.8153,0.0278
very_strong,0.7,5,EXTRACT_GIVENS+SOURCE_BOUNDARY+COMPARE_AXES+UNCERTAINTY_BOUND+DANGER_CHECK,0.1715,0.4003,0.5451,0.2792,0.5868,0.0111
saturated,0.95,4,EXTRACT_GIVENS+VERIFY_RESULT+COMPARE_AXES+UNCERTAINTY_BOUND,0.1715,0.4931,0.6431,0.2306,0.5139,0.0056
saturated,0.95,5,EXTRACT_GIVENS+COMPARE_AXES+UNCERTAINTY_BOUND+ORIGINAL_TASK_RETURN+DANGER_CHECK,0.1715,0.4162,0.6292,0.2556,0.5938,0.0056
standard,0.24,10,EXTRACT_GIVENS+SOURCE_BOUNDARY+MAP_RELATION+UNIT_TRACK+STEP_COMPUTE+VERIFY_RESULT+COMPARE_AXES+UNCERTAINTY_BOUND+ORIGINAL_TASK_RETURN+DANGER_CHECK,0.1708,0.4503,0.6403,0.2153,0.5542,0.0944
saturated,0.95,4,EXTRACT_GIVENS+VERIFY_RESULT+COMPARE_AXES+DANGER_CHECK,0.1708,0.5114,0.6882,0.2097,0.4736,0.0889
strong,0.46,5,EXTRACT_GIVENS+SOURCE_BOUNDARY+VERIFY_RESULT+UNCERTAINTY_BOUND+ORIGINAL_TASK_RETURN,0.1708,0.4467,0.6257,0.2507,0.4444,0.0444
standard,0.24,7,EXTRACT_GIVENS+MAP_RELATION+UNIT_TRACK+STEP_COMPUTE+VERIFY_RESULT+UNCERTAINTY_BOUND+ORIGINAL_TASK_RETURN,0.1708,0.4146,0.6493,0.2424,0.4083,0.0222
very_strong,0.7,6,SOURCE_BOUNDARY+UNIT_TRACK+STEP_COMPUTE+VERIFY_RESULT+UNCERTAINTY_BOUND+DANGER_CHECK,0.1701,0.5045,0.5986,0.2424,0.6201,0.0667
strong,0.46,7,EXTRACT_GIVENS+SOURCE_BOUNDARY+UNIT_TRACK+VERIFY_RESULT+COMPARE_AXES+UNCERTAINTY_BOUND+ORIGINAL_TASK_RETURN,0.1701,0.4484,0.5979,0.2444,0.6083,0.05
strong,0.46,4,EXTRACT_GIVENS+STEP_COMPUTE+VERIFY_RESULT+DANGER_CHECK,0.1701,0.4748,0.6618,0.241,0.3757,0.0444
saturated,0.95,5,MAP_RELATION+VERIFY_RESULT+COMPARE_AXES+UNCERTAINTY_BOUND+DANGER_CHECK,0.1701,0.5107,0.6292,0.1951,0.5514,0.0389
strong,0.46,7,SOURCE_BOUNDARY+MAP_RELATION+UNIT_TRACK+VERIFY_RESULT+UNCERTAINTY_BOUND+ORIGINAL_TASK_RETURN+DANGER_CHECK,0.1701,0.4615,0.5965,0.2222,0.5632,0.0222
saturated,0.95,4,MAP_RELATION+UNIT_TRACK+VERIFY_RESULT+DANGER_CHECK,0.1701,0.4566,0.6188,0.234,0.534,0.0167
strong,0.46,5,EXTRACT_GIVENS+MAP_RELATION+STEP_COMPUTE+UNCERTAINTY_BOUND+DANGER_CHECK,0.1701,0.4435,0.5951,0.2639,0.4271,0.0056
strong,0.46,6,EXTRACT_GIVENS+MAP_RELATION+UNIT_TRACK+STEP_COMPUTE+COMPARE_AXES+DANGER_CHECK,0.1701,0.4073,0.5639,0.2965,0.5875,0.0056
saturated,0.95,4,EXTRACT_GIVENS+MAP_RELATION+UNIT_TRACK+UNCERTAINTY_BOUND,0.1701,0.447,0.5583,0.2625,0.4882,0.0
saturated,0.95,5,SOURCE_BOUNDARY+STEP_COMPUTE+VERIFY_RESULT+UNCERTAINTY_BOUND+DANGER_CHECK,0.1694,0.5149,0.6243,0.1861,0.6021,0.05
saturated,0.95,6,EXTRACT_GIVENS+SOURCE_BOUNDARY+MAP_RELATION+UNIT_TRACK+ORIGINAL_TASK_RETURN+DANGER_CHECK,0.1694,0.5178,0.6681,0.2104,0.6937,0.0389
saturated,0.95,3,EXTRACT_GIVENS+VERIFY_RESULT+UNCERTAINTY_BOUND,0.1694,0.4949,0.6507,0.209,0.3333,0.0111
very_strong,0.7,5,EXTRACT_GIVENS+UNIT_TRACK+STEP_COMPUTE+UNCERTAINTY_BOUND+DANGER_CHECK,0.1694,0.4561,0.6028,0.2701,0.5743,0.0111
saturated,0.95,5,EXTRACT_GIVENS+MAP_RELATION+UNIT_TRACK+COMPARE_AXES+DANGER_CHECK,0.1694,0.4635,0.6271,0.234,0.6458,0.0056
strong,0.46,6,MAP_RELATION+UNIT_TRACK+STEP_COMPUTE+VERIFY_RESULT+COMPARE_AXES+DANGER_CHECK,0.1694,0.4246,0.5653,0.2611,0.575,0.0
saturated,0.95,7,UNIT_TRACK+STEP_COMPUTE+VERIFY_RESULT+COMPARE_AXES+UNCERTAINTY_BOUND+ORIGINAL_TASK_RETURN+DANGER_CHECK,0.1688,0.5285,0.6639,0.1965,0.8125,0.0556
very_strong,0.7,5,EXTRACT_GIVENS+MAP_RELATION+UNIT_TRACK+ORIGINAL_TASK_RETURN+DANGER_CHECK,0.1688,0.4832,0.6562,0.2188,0.5236,0.0278
very_strong,0.7,7,EXTRACT_GIVENS+SOURCE_BOUNDARY+MAP_RELATION+UNIT_TRACK+STEP_COMPUTE+COMPARE_AXES+ORIGINAL_TASK_RETURN,0.1688,0.4906,0.5979,0.2424,0.7257,0.0167
saturated,0.95,4,EXTRACT_GIVENS+MAP_RELATION+UNIT_TRACK+DANGER_CHECK,0.1688,0.4539,0.6215,0.2611,0.5403,0.0111
strong,0.46,7,MAP_RELATION+UNIT_TRACK+STEP_COMPUTE+VERIFY_RESULT+COMPARE_AXES+UNCERTAINTY_BOUND+ORIGINAL_TASK_RETURN,0.1688,0.4233,0.5639,0.2743,0.5944,0.0111
strong,0.46,6,EXTRACT_GIVENS+MAP_RELATION+STEP_COMPUTE+COMPARE_AXES+UNCERTAINTY_BOUND+DANGER_CHECK,0.1688,0.4374,0.5889,0.2576,0.4979,0.0
saturated,0.95,6,EXTRACT_GIVENS+SOURCE_BOUNDARY+UNIT_TRACK+STEP_COMPUTE+UNCERTAINTY_BOUND+DANGER_CHECK,0.1681,0.5168,0.6389,0.2229,0.7306,0.0833
strong,0.46,5,EXTRACT_GIVENS+STEP_COMPUTE+VERIFY_RESULT+COMPARE_AXES+DANGER_CHECK,0.1681,0.48,0.6667,0.2285,0.4479,0.0278
strong,0.46,6,EXTRACT_GIVENS+SOURCE_BOUNDARY+VERIFY_RESULT+COMPARE_AXES+UNCERTAINTY_BOUND+ORIGINAL_TASK_RETURN,0.1681,0.4398,0.6208,0.2667,0.5389,0.0222
strong,0.46,6,EXTRACT_GIVENS+SOURCE_BOUNDARY+UNIT_TRACK+STEP_COMPUTE+VERIFY_RESULT+COMPARE_AXES,0.1681,0.4273,0.5806,0.2819,0.5764,0.0167
very_strong,0.7,6,SOURCE_BOUNDARY+MAP_RELATION+UNIT_TRACK+STEP_COMPUTE+VERIFY_RESULT+COMPARE_AXES,0.1681,0.4522,0.5472,0.2812,0.7215,0.0111
very_strong,0.7,3,EXTRACT_GIVENS+MAP_RELATION+STEP_COMPUTE,0.1681,0.4133,0.5368,0.3118,0.4292,0.0
strong,0.46,6,EXTRACT_GIVENS+MAP_RELATION+UNIT_TRACK+STEP_COMPUTE+COMPARE_AXES+UNCERTAINTY_BOUND,0.1681,0.397,0.4944,0.3146,0.5549,0.0
strong,0.46,7,EXTRACT_GIVENS+SOURCE_BOUNDARY+UNIT_TRACK+STEP_COMPUTE+VERIFY_RESULT+COMPARE_AXES+ORIGINAL_TASK_RETURN,0.1674,0.4473,0.6153,0.2597,0.6479,0.0389
saturated,0.95,5,EXTRACT_GIVENS+SOURCE_BOUNDARY+STEP_COMPUTE+UNCERTAINTY_BOUND+DANGER_CHECK,0.1667,0.4938,0.6583,0.2479,0.5958,0.0444
standard,0.24,8,EXTRACT_GIVENS+SOURCE_BOUNDARY+MAP_RELATION+UNIT_TRACK+STEP_COMPUTE+VERIFY_RESULT+UNCERTAINTY_BOUND+DANGER_CHECK,0.1667,0.4467,0.6556,0.2306,0.4375,0.0389
strong,0.46,4,EXTRACT_GIVENS+MAP_RELATION+UNIT_TRACK+STEP_COMPUTE,0.1667,0.3507,0.5139,0.3486,0.4458,0.0
saturated,0.95,4,MAP_RELATION+VERIFY_RESULT+UNCERTAINTY_BOUND+DANGER_CHECK,0.166,0.5034,0.6556,0.1986,0.4062,0.0778
standard,0.24,9,EXTRACT_GIVENS+SOURCE_BOUNDARY+MAP_RELATION+UNIT_TRACK+STEP_COMPUTE+VERIFY_RESULT+UNCERTAINTY_BOUND+ORIGINAL_TASK_RETURN+DANGER_CHECK,0.166,0.4682,0.6792,0.2132,0.4688,0.05
saturated,0.95,4,MAP_RELATION+VERIFY_RESULT+ORIGINAL_TASK_RETURN+DANGER_CHECK,0.166,0.4683,0.6639,0.216,0.4674,0.0111
very_strong,0.7,4,MAP_RELATION+VERIFY_RESULT+UNCERTAINTY_BOUND+DANGER_CHECK,0.1653,0.4943,0.6264,0.2146,0.391,0.0889
very_strong,0.7,7,SOURCE_BOUNDARY+UNIT_TRACK+STEP_COMPUTE+VERIFY_RESULT+COMPARE_AXES+UNCERTAINTY_BOUND+DANGER_CHECK,0.1653,0.5101,0.6014,0.2194,0.7625,0.0389
strong,0.46,6,EXTRACT_GIVENS+SOURCE_BOUNDARY+MAP_RELATION+UNIT_TRACK+STEP_COMPUTE+UNCERTAINTY_BOUND,0.1653,0.4091,0.5278,0.2958,0.5118,0.0056
very_strong,0.7,5,SOURCE_BOUNDARY+VERIFY_RESULT+COMPARE_AXES+ORIGINAL_TASK_RETURN+DANGER_CHECK,0.1653,0.3794,0.5854,0.2771,0.6403,0.0056
strong,0.46,5,EXTRACT_GIVENS+MAP_RELATION+UNIT_TRACK+STEP_COMPUTE+ORIGINAL_TASK_RETURN,0.1653,0.3733,0.5396,0.3076,0.5174,0.0056
strong,0.46,6,MAP_RELATION+UNIT_TRACK+STEP_COMPUTE+VERIFY_RESULT+COMPARE_AXES+UNCERTAINTY_BOUND,0.1653,0.3951,0.5236,0.2986,0.5528,0.0
very_strong,0.7,7,EXTRACT_GIVENS+SOURCE_BOUNDARY+MAP_RELATION+UNIT_TRACK+COMPARE_AXES+UNCERTAINTY_BOUND+ORIGINAL_TASK_RETURN,0.1646,0.4711,0.5674,0.2368,0.7347,0.0556
saturated,0.95,6,SOURCE_BOUNDARY+STEP_COMPUTE+VERIFY_RESULT+COMPARE_AXES+UNCERTAINTY_BOUND+DANGER_CHECK,0.1646,0.5048,0.6167,0.2118,0.7486,0.0444
saturated,0.95,6,EXTRACT_GIVENS+UNIT_TRACK+COMPARE_AXES+UNCERTAINTY_BOUND+ORIGINAL_TASK_RETURN+DANGER_CHECK,0.1646,0.4333,0.6174,0.2403,0.7632,0.0222
strong,0.46,6,MAP_RELATION+STEP_COMPUTE+VERIFY_RESULT+COMPARE_AXES+UNCERTAINTY_BOUND+DANGER_CHECK,0.1646,0.4633,0.6167,0.2285,0.5312,0.0111
very_strong,0.7,5,EXTRACT_GIVENS+MAP_RELATION+UNIT_TRACK+COMPARE_AXES+DANGER_CHECK,0.1646,0.4392,0.5958,0.2799,0.6069,0.0111
strong,0.46,7,EXTRACT_GIVENS+MAP_RELATION+UNIT_TRACK+STEP_COMPUTE+COMPARE_AXES+UNCERTAINTY_BOUND+ORIGINAL_TASK_RETURN,0.1646,0.4098,0.5486,0.2875,0.6118,0.0111
very_strong,0.7,4,EXTRACT_GIVENS+VERIFY_RESULT+COMPARE_AXES+DANGER_CHECK,0.1639,0.5062,0.6576,0.2139,0.4458,0.0611
saturated,0.95,5,EXTRACT_GIVENS+MAP_RELATION+COMPARE_AXES+ORIGINAL_TASK_RETURN+DANGER_CHECK,0.1639,0.4785,0.659,0.2257,0.6042,0.0389
saturated,0.95,6,SOURCE_BOUNDARY+STEP_COMPUTE+VERIFY_RESULT+COMPARE_AXES+ORIGINAL_TASK_RETURN+DANGER_CHECK,0.1639,0.4686,0.6549,0.2194,0.7924,0.0389
very_strong,0.7,5,EXTRACT_GIVENS+SOURCE_BOUNDARY+MAP_RELATION+STEP_COMPUTE+ORIGINAL_TASK_RETURN,0.1639,0.4686,0.5896,0.2486,0.516,0.0278
strong,0.46,7,EXTRACT_GIVENS+MAP_RELATION+UNIT_TRACK+COMPARE_AXES+UNCERTAINTY_BOUND+ORIGINAL_TASK_RETURN+DANGER_CHECK,0.1639,0.4227,0.5889,0.2444,0.6167,0.0278
standard,0.24,8,EXTRACT_GIVENS+MAP_RELATION+UNIT_TRACK+STEP_COMPUTE+VERIFY_RESULT+COMPARE_AXES+UNCERTAINTY_BOUND+DANGER_CHECK,0.1639,0.4358,0.6451,0.2396,0.466,0.0111
saturated,0.95,5,SOURCE_BOUNDARY+VERIFY_RESULT+COMPARE_AXES+UNCERTAINTY_BOUND+DANGER_CHECK,0.1639,0.4359,0.6028,0.2458,0.666,0.0
strong,0.46,7,SOURCE_BOUNDARY+MAP_RELATION+STEP_COMPUTE+VERIFY_RESULT+COMPARE_AXES+UNCERTAINTY_BOUND+DANGER_CHECK,0.1632,0.4809,0.5854,0.2188,0.5556,0.0889
saturated,0.95,6,EXTRACT_GIVENS+SOURCE_BOUNDARY+MAP_RELATION+UNIT_TRACK+UNCERTAINTY_BOUND+ORIGINAL_TASK_RETURN,0.1632,0.5066,0.6556,0.2215,0.6632,0.0611
very_strong,0.7,5,EXTRACT_GIVENS+SOURCE_BOUNDARY+MAP_RELATION+UNCERTAINTY_BOUND+DANGER_CHECK,0.1632,0.507,0.6097,0.2292,0.4604,0.0333
saturated,0.95,7,EXTRACT_GIVENS+SOURCE_BOUNDARY+MAP_RELATION+UNIT_TRACK+COMPARE_AXES+ORIGINAL_TASK_RETURN+DANGER_CHECK,0.1632,0.5186,0.6403,0.1986,0.8403,0.0278
very_strong,0.7,5,UNIT_TRACK+STEP_COMPUTE+VERIFY_RESULT+ORIGINAL_TASK_RETURN+DANGER_CHECK,0.1632,0.4416,0.6035,0.2285,0.6132,0.0056
very_strong,0.7,5,EXTRACT_GIVENS+MAP_RELATION+UNIT_TRACK+UNCERTAINTY_BOUND+ORIGINAL_TASK_RETURN,0.1632,0.4502,0.575,0.2444,0.5111,0.0
strong,0.46,5,EXTRACT_GIVENS+UNIT_TRACK+VERIFY_RESULT+ORIGINAL_TASK_RETURN+DANGER_CHECK,0.1625,0.4645,0.675,0.2146,0.4833,0.0556
very_strong,0.7,6,EXTRACT_GIVENS+SOURCE_BOUNDARY+MAP_RELATION+COMPARE_AXES+ORIGINAL_TASK_RETURN+DANGER_CHECK,0.1625,0.4909,0.634,0.2271,0.6014,0.0167
standard,0.24,8,EXTRACT_GIVENS+SOURCE_BOUNDARY+MAP_RELATION+UNIT_TRACK+STEP_COMPUTE+VERIFY_RESULT+ORIGINAL_TASK_RETURN+DANGER_CHECK,0.1625,0.4411,0.6653,0.225,0.4632,0.0167
very_strong,0.7,6,SOURCE_BOUNDARY+MAP_RELATION+STEP_COMPUTE+VERIFY_RESULT+COMPARE_AXES+ORIGINAL_TASK_RETURN,0.1625,0.4702,0.575,0.2451,0.6625,0.0111
very_strong,0.7,4,EXTRACT_GIVENS+MAP_RELATION+STEP_COMPUTE+ORIGINAL_TASK_RETURN,0.1625,0.4272,0.5958,0.275,0.4792,0.0056
very_strong,0.7,4,EXTRACT_GIVENS+VERIFY_RESULT+COMPARE_AXES+UNCERTAINTY_BOUND,0.1618,0.4812,0.6083,0.2257,0.4688,0.0222
very_strong,0.7,6,EXTRACT_GIVENS+UNIT_TRACK+COMPARE_AXES+UNCERTAINTY_BOUND+ORIGINAL_TASK_RETURN+DANGER_CHECK,0.1618,0.4007,0.5757,0.2826,0.6868,0.0222
saturated,0.95,5,MAP_RELATION+VERIFY_RESULT+COMPARE_AXES+ORIGINAL_TASK_RETURN+DANGER_CHECK,0.1618,0.4836,0.6618,0.2007,0.5979,0.0167
saturated,0.95,4,SOURCE_BOUNDARY+MAP_RELATION+VERIFY_RESULT+DANGER_CHECK,0.1618,0.475,0.6403,0.2264,0.5,0.0167
very_strong,0.7,4,EXTRACT_GIVENS+SOURCE_BOUNDARY+VERIFY_RESULT+ORIGINAL_TASK_RETURN,0.1618,0.473,0.6653,0.2326,0.4778,0.0167
strong,0.46,5,MAP_RELATION+STEP_COMPUTE+VERIFY_RESULT+UNCERTAINTY_BOUND+ORIGINAL_TASK_RETURN,0.1618,0.4225,0.5681,0.2326,0.4562,0.0111
very_strong,0.7,5,SOURCE_BOUNDARY+UNIT_TRACK+VERIFY_RESULT+ORIGINAL_TASK_RETURN+DANGER_CHECK,0.1618,0.4055,0.6097,0.2417,0.6458,0.0111
saturated,0.95,5,EXTRACT_GIVENS+SOURCE_BOUNDARY+UNCERTAINTY_BOUND+ORIGINAL_TASK_RETURN+DANGER_CHECK,0.1618,0.4589,0.6569,0.2451,0.5687,0.0056
very_strong,0.7,5,EXTRACT_GIVENS+VERIFY_RESULT+COMPARE_AXES+UNCERTAINTY_BOUND+ORIGINAL_TASK_RETURN,0.1611,0.5081,0.6424,0.2083,0.5139,0.0556
saturated,0.95,4,SOURCE_BOUNDARY+VERIFY_RESULT+ORIGINAL_TASK_RETURN+DANGER_CHECK,0.1611,0.3934,0.5993,0.2313,0.5715,0.0167
saturated,0.95,5,MAP_RELATION+UNIT_TRACK+VERIFY_RESULT+UNCERTAINTY_BOUND+ORIGINAL_TASK_RETURN,0.1611,0.4619,0.5931,0.2264,0.5681,0.0111
very_strong,0.7,6,SOURCE_BOUNDARY+UNIT_TRACK+VERIFY_RESULT+COMPARE_AXES+ORIGINAL_TASK_RETURN+DANGER_CHECK,0.1611,0.4038,0.5833,0.259,0.75,0.0056
saturated,0.95,5,STEP_COMPUTE+VERIFY_RESULT+UNCERTAINTY_BOUND+ORIGINAL_TASK_RETURN+DANGER_CHECK,0.1604,0.5022,0.6826,0.209,0.5646,0.05
very_strong,0.7,7,EXTRACT_GIVENS+SOURCE_BOUNDARY+MAP_RELATION+UNIT_TRACK+COMPARE_AXES+ORIGINAL_TASK_RETURN+DANGER_CHECK,0.1604,0.4838,0.5875,0.2299,0.7382,0.0222
strong,0.46,6,SOURCE_BOUNDARY+MAP_RELATION+STEP_COMPUTE+VERIFY_RESULT+UNCERTAINTY_BOUND+ORIGINAL_TASK_RETURN,0.1604,0.4592,0.6139,0.2278,0.5215,0.0167
strong,0.46,5,EXTRACT_GIVENS+SOURCE_BOUNDARY+STEP_COMPUTE+VERIFY_RESULT+ORIGINAL_TASK_RETURN,0.1604,0.4596,0.65,0.2458,0.4611,0.0056
saturated,0.95,3,EXTRACT_GIVENS+VERIFY_RESULT+DANGER_CHECK,0.1597,0.513,0.6889,0.2139,0.3424,0.1
strong,0.46,5,EXTRACT_GIVENS+UNIT_TRACK+VERIFY_RESULT+UNCERTAINTY_BOUND+ORIGINAL_TASK_RETURN,0.1597,0.4417,0.6292,0.2083,0.4562,0.0611
standard,0.24,6,EXTRACT_GIVENS+MAP_RELATION+STEP_COMPUTE+VERIFY_RESULT+ORIGINAL_TASK_RETURN+DANGER_CHECK,0.1597,0.4458,0.7076,0.2208,0.3979,0.0222
saturated,0.95,5,SOURCE_BOUNDARY+MAP_RELATION+VERIFY_RESULT+UNCERTAINTY_BOUND+ORIGINAL_TASK_RETURN,0.1597,0.4891,0.6181,0.2035,0.5181,0.0111
strong,0.46,7,EXTRACT_GIVENS+SOURCE_BOUNDARY+MAP_RELATION+UNIT_TRACK+STEP_COMPUTE+UNCERTAINTY_BOUND+ORIGINAL_TASK_RETURN,0.1597,0.4174,0.559,0.2674,0.5556,0.0111
saturated,0.95,5,SOURCE_BOUNDARY+VERIFY_RESULT+COMPARE_AXES+ORIGINAL_TASK_RETURN+DANGER_CHECK,0.1597,0.3942,0.6139,0.266,0.7493,0.0
strong,0.46,6,EXTRACT_GIVENS+SOURCE_BOUNDARY+MAP_RELATION+STEP_COMPUTE+ORIGINAL_TASK_RETURN+DANGER_CHECK,0.159,0.452,0.6222,0.2326,0.5306,0.0667
strong,0.46,6,EXTRACT_GIVENS+MAP_RELATION+COMPARE_AXES+UNCERTAINTY_BOUND+ORIGINAL_TASK_RETURN+DANGER_CHECK,0.159,0.4192,0.5875,0.2431,0.5049,0.0333
standard,0.24,7,EXTRACT_GIVENS+SOURCE_BOUNDARY+MAP_RELATION+STEP_COMPUTE+VERIFY_RESULT+UNCERTAINTY_BOUND+DANGER_CHECK,0.159,0.4512,0.6674,0.2306,0.3736,0.0222
strong,0.46,7,EXTRACT_GIVENS+SOURCE_BOUNDARY+MAP_RELATION+COMPARE_AXES+UNCERTAINTY_BOUND+ORIGINAL_TASK_RETURN+DANGER_CHECK,0.159,0.4332,0.5986,0.2437,0.6132,0.0167
very_strong,0.7,4,EXTRACT_GIVENS+STEP_COMPUTE+VERIFY_RESULT+COMPARE_AXES,0.159,0.4858,0.6243,0.2431,0.5306,0.0111
saturated,0.95,6,SOURCE_BOUNDARY+UNIT_TRACK+STEP_COMPUTE+VERIFY_RESULT+UNCERTAINTY_BOUND+ORIGINAL_TASK_RETURN,0.159,0.4755,0.6153,0.2493,0.7528,0.0056
very_strong,0.7,6,EXTRACT_GIVENS+SOURCE_BOUNDARY+UNIT_TRACK+VERIFY_RESULT+COMPARE_AXES+ORIGINAL_TASK_RETURN,0.1583,0.495,0.641,0.2326,0.7028,0.0222
very_strong,0.7,5,MAP_RELATION+UNIT_TRACK+VERIFY_RESULT+UNCERTAINTY_BOUND+ORIGINAL_TASK_RETURN,0.1583,0.45,0.5799,0.2333,0.5153,0.0222
strong,0.46,5,SOURCE_BOUNDARY+MAP_RELATION+VERIFY_RESULT+ORIGINAL_TASK_RETURN+DANGER_CHECK,0.1583,0.4175,0.6153,0.241,0.4792,0.0111
strong,0.46,8,SOURCE_BOUNDARY+MAP_RELATION+UNIT_TRACK+STEP_COMPUTE+VERIFY_RESULT+COMPARE_AXES+UNCERTAINTY_BOUND+ORIGINAL_TASK_RETURN,0.1583,0.4261,0.534,0.2604,0.6583,0.0056
saturated,0.95,6,SOURCE_BOUNDARY+UNIT_TRACK+VERIFY_RESULT+COMPARE_AXES+ORIGINAL_TASK_RETURN+DANGER_CHECK,0.1583,0.403,0.6208,0.2542,0.8444,0.0
strong,0.46,4,EXTRACT_GIVENS+VERIFY_RESULT+UNCERTAINTY_BOUND+DANGER_CHECK,0.1576,0.476,0.6535,0.2278,0.3403,0.0667
standard,0.24,6,EXTRACT_GIVENS+MAP_RELATION+STEP_COMPUTE+VERIFY_RESULT+UNCERTAINTY_BOUND+DANGER_CHECK,0.1576,0.4355,0.65,0.2354,0.3521,0.0333
very_strong,0.7,4,MAP_RELATION+VERIFY_RESULT+ORIGINAL_TASK_RETURN+DANGER_CHECK,0.1576,0.4635,0.6396,0.2,0.4354,0.0278
strong,0.46,5,EXTRACT_GIVENS+UNIT_TRACK+STEP_COMPUTE+VERIFY_RESULT+COMPARE_AXES,0.1576,0.4088,0.5931,0.3118,0.5417,0.0
standard,0.24,7,EXTRACT_GIVENS+MAP_RELATION+STEP_COMPUTE+VERIFY_RESULT+UNCERTAINTY_BOUND+ORIGINAL_TASK_RETURN+DANGER_CHECK,0.1569,0.4545,0.6924,0.1951,0.3847,0.0556
strong,0.46,5,EXTRACT_GIVENS+SOURCE_BOUNDARY+UNIT_TRACK+VERIFY_RESULT+DANGER_CHECK,0.1569,0.4596,0.634,0.2528,0.4972,0.05
strong,0.46,5,EXTRACT_GIVENS+SOURCE_BOUNDARY+MAP_RELATION+VERIFY_RESULT+COMPARE_AXES,0.1569,0.4621,0.6188,0.2542,0.4785,0.0389
strong,0.46,6,SOURCE_BOUNDARY+STEP_COMPUTE+VERIFY_RESULT+UNCERTAINTY_BOUND+ORIGINAL_TASK_RETURN+DANGER_CHECK,0.1569,0.4319,0.616,0.2389,0.5278,0.0389
standard,0.24,8,EXTRACT_GIVENS+SOURCE_BOUNDARY+MAP_RELATION+UNIT_TRACK+STEP_COMPUTE+VERIFY_RESULT+UNCERTAINTY_BOUND+ORIGINAL_TASK_RETURN,0.1569,0.4138,0.625,0.2451,0.4792,0.0167
saturated,0.95,6,UNIT_TRACK+STEP_COMPUTE+VERIFY_RESULT+COMPARE_AXES+UNCERTAINTY_BOUND+DANGER_CHECK,0.1562,0.4818,0.6167,0.2486,0.7701,0.0444
strong,0.46,8,EXTRACT_GIVENS+SOURCE_BOUNDARY+MAP_RELATION+UNIT_TRACK+COMPARE_AXES+UNCERTAINTY_BOUND+ORIGINAL_TASK_RETURN+DANGER_CHECK,0.1562,0.4389,0.5792,0.2264,0.6528,0.0444
strong,0.46,4,EXTRACT_GIVENS+SOURCE_BOUNDARY+VERIFY_RESULT+UNCERTAINTY_BOUND,0.1562,0.4146,0.6056,0.2785,0.4125,0.0444
saturated,0.95,6,SOURCE_BOUNDARY+MAP_RELATION+UNIT_TRACK+VERIFY_RESULT+COMPARE_AXES+DANGER_CHECK,0.1562,0.4963,0.6056,0.2125,0.7694,0.0333
strong,0.46,6,EXTRACT_GIVENS+SOURCE_BOUNDARY+MAP_RELATION+UNIT_TRACK+STEP_COMPUTE+DANGER_CHECK,0.1562,0.4187,0.5757,0.2667,0.541,0.0056
saturated,0.95,4,EXTRACT_GIVENS+COMPARE_AXES+UNCERTAINTY_BOUND+DANGER_CHECK,0.1562,0.3736,0.559,0.2625,0.5764,0.0056
saturated,0.95,5,EXTRACT_GIVENS+MAP_RELATION+STEP_COMPUTE+COMPARE_AXES+ORIGINAL_TASK_RETURN,0.1562,0.4574,0.6285,0.2687,0.6257,0.0
saturated,0.95,4,EXTRACT_GIVENS+SOURCE_BOUNDARY+MAP_RELATION+STEP_COMPUTE,0.1556,0.4511,0.5965,0.2562,0.5347,0.0
strong,0.46,3,EXTRACT_GIVENS+MAP_RELATION+VERIFY_RESULT,0.1556,0.4346,0.6076,0.2243,0.3118,0.0
very_strong,0.7,4,EXTRACT_GIVENS+VERIFY_RESULT+UNCERTAINTY_BOUND+ORIGINAL_TASK_RETURN,0.1549,0.511,0.6771,0.2076,0.3819,0.0833
very_strong,0.7,5,EXTRACT_GIVENS+STEP_COMPUTE+UNCERTAINTY_BOUND+ORIGINAL_TASK_RETURN+DANGER_CHECK,0.1549,0.4845,0.65,0.2271,0.5556,0.0667
strong,0.46,8,SOURCE_BOUNDARY+UNIT_TRACK+STEP_COMPUTE+VERIFY_RESULT+COMPARE_AXES+UNCERTAINTY_BOUND+ORIGINAL_TASK_RETURN+DANGER_CHECK,0.1549,0.4246,0.5646,0.2437,0.7271,0.05
strong,0.46,7,SOURCE_BOUNDARY+STEP_COMPUTE+VERIFY_RESULT+COMPARE_AXES+UNCERTAINTY_BOUND+ORIGINAL_TASK_RETURN+DANGER_CHECK,0.1549,0.4239,0.6021,0.2556,0.6312,0.0222
saturated,0.95,6,EXTRACT_GIVENS+SOURCE_BOUNDARY+UNIT_TRACK+UNCERTAINTY_BOUND+ORIGINAL_TASK_RETURN+DANGER_CHECK,0.1549,0.4717,0.6451,0.2299,0.7535,0.0167
very_strong,0.7,5,EXTRACT_GIVENS+UNIT_TRACK+COMPARE_AXES+UNCERTAINTY_BOUND+DANGER_CHECK,0.1549,0.3868,0.55,0.275,0.6451,0.0056
very_strong,0.7,5,EXTRACT_GIVENS+SOURCE_BOUNDARY+MAP_RELATION+ORIGINAL_TASK_RETURN+DANGER_CHECK,0.1542,0.4865,0.6562,0.2201,0.5194,0.0667
saturated,0.95,5,EXTRACT_GIVENS+STEP_COMPUTE+UNCERTAINTY_BOUND+ORIGINAL_TASK_RETURN+DANGER_CHECK,0.1542,0.4924,0.6764,0.2278,0.5479,0.0611
standard,0.24,8,EXTRACT_GIVENS+SOURCE_BOUNDARY+MAP_RELATION+STEP_COMPUTE+VERIFY_RESULT+UNCERTAINTY_BOUND+ORIGINAL_TASK_RETURN+DANGER_CHECK,0.1542,0.4539,0.6757,0.2056,0.4319,0.0556
strong,0.46,6,EXTRACT_GIVENS+SOURCE_BOUNDARY+UNIT_TRACK+VERIFY_RESULT+COMPARE_AXES+UNCERTAINTY_BOUND,0.1542,0.4204,0.5806,0.2812,0.5674,0.0333
strong,0.46,5,SOURCE_BOUNDARY+MAP_RELATION+STEP_COMPUTE+VERIFY_RESULT+UNCERTAINTY_BOUND,0.1542,0.4279,0.5708,0.2472,0.4604,0.0111
saturated,0.95,5,EXTRACT_GIVENS+SOURCE_BOUNDARY+MAP_RELATION+STEP_COMPUTE+ORIGINAL_TASK_RETURN,0.1542,0.4835,0.6326,0.234,0.6042,0.0056
very_strong,0.7,5,EXTRACT_GIVENS+SOURCE_BOUNDARY+STEP_COMPUTE+VERIFY_RESULT+COMPARE_AXES,0.1535,0.5014,0.6319,0.2556,0.5993,0.0444
saturated,0.95,6,EXTRACT_GIVENS+SOURCE_BOUNDARY+UNIT_TRACK+VERIFY_RESULT+COMPARE_AXES+ORIGINAL_TASK_RETURN,0.1535,0.5096,0.6618,0.2111,0.7861,0.0278
saturated,0.95,4,EXTRACT_GIVENS+SOURCE_BOUNDARY+VERIFY_RESULT+ORIGINAL_TASK_RETURN,0.1535,0.4945,0.7167,0.209,0.5111,0.0222
very_strong,0.7,5,SOURCE_BOUNDARY+MAP_RELATION+UNIT_TRACK+VERIFY_RESULT+UNCERTAINTY_BOUND,0.1535,0.4601,0.5528,0.2479,0.5361,0.0222
standard,0.24,7,EXTRACT_GIVENS+MAP_RELATION+STEP_COMPUTE+VERIFY_RESULT+COMPARE_AXES+UNCERTAINTY_BOUND+DANGER_CHECK,0.1535,0.4251,0.6208,0.2118,0.3861,0.0222
strong,0.46,4,MAP_RELATION+STEP_COMPUTE+VERIFY_RESULT+DANGER_CHECK,0.1535,0.4165,0.5778,0.2542,0.3965,0.0167
strong,0.46,5,EXTRACT_GIVENS+MAP_RELATION+STEP_COMPUTE+ORIGINAL_TASK_RETURN+DANGER_CHECK,0.1535,0.4393,0.6549,0.2549,0.4528,0.0111
saturated,0.95,3,EXTRACT_GIVENS+UNIT_TRACK+VERIFY_RESULT,0.1535,0.4385,0.6174,0.2375,0.459,0.0056
saturated,0.95,5,EXTRACT_GIVENS+UNIT_TRACK+COMPARE_AXES+UNCERTAINTY_BOUND+DANGER_CHECK,0.1535,0.3942,0.5868,0.2771,0.6965,0.0056
very_strong,0.7,5,SOURCE_BOUNDARY+VERIFY_RESULT+COMPARE_AXES+UNCERTAINTY_BOUND+DANGER_CHECK,0.1535,0.4367,0.5757,0.2424,0.6042,0.0
saturated,0.95,7,SOURCE_BOUNDARY+MAP_RELATION+UNIT_TRACK+VERIFY_RESULT+COMPARE_AXES+UNCERTAINTY_BOUND+ORIGINAL_TASK_RETURN,0.1528,0.4994,0.5979,0.2201,0.7979,0.0778
very_strong,0.7,3,EXTRACT_GIVENS+VERIFY_RESULT+DANGER_CHECK,0.1528,0.4914,0.6694,0.2167,0.3604,0.0667
strong,0.46,6,SOURCE_BOUNDARY+MAP_RELATION+UNIT_TRACK+VERIFY_RESULT+UNCERTAINTY_BOUND+DANGER_CHECK,0.1528,0.446,0.5792,0.2299,0.5104,0.0444
strong,0.46,5,EXTRACT_GIVENS+SOURCE_BOUNDARY+UNIT_TRACK+VERIFY_RESULT+UNCERTAINTY_BOUND,0.1528,0.4303,0.6243,0.259,0.4715,0.0444
strong,0.46,7,SOURCE_BOUNDARY+UNIT_TRACK+STEP_COMPUTE+VERIFY_RESULT+UNCERTAINTY_BOUND+ORIGINAL_TASK_RETURN+DANGER_CHECK,0.1528,0.435,0.6083,0.2444,0.616,0.0167
very_strong,0.7,6,EXTRACT_GIVENS+MAP_RELATION+UNIT_TRACK+COMPARE_AXES+ORIGINAL_TASK_RETURN+DANGER_CHECK,0.1521,0.4508,0.5889,0.2521,0.6847,0.0222
very_strong,0.7,6,SOURCE_BOUNDARY+UNIT_TRACK+STEP_COMPUTE+VERIFY_RESULT+UNCERTAINTY_BOUND+ORIGINAL_TASK_RETURN,0.1521,0.4444,0.5493,0.2604,0.6819,0.0111
standard,0.24,6,EXTRACT_GIVENS+MAP_RELATION+STEP_COMPUTE+VERIFY_RESULT+UNCERTAINTY_BOUND+ORIGINAL_TASK_RETURN,0.1521,0.4012,0.6292,0.2361,0.3667,0.0111
very_strong,0.7,4,EXTRACT_GIVENS+COMPARE_AXES+UNCERTAINTY_BOUND+DANGER_CHECK,0.1521,0.364,0.5347,0.2792,0.5347,0.0056
strong,0.46,6,SOURCE_BOUNDARY+MAP_RELATION+VERIFY_RESULT+COMPARE_AXES+ORIGINAL_TASK_RETURN+DANGER_CHECK,0.1514,0.4134,0.5986,0.2375,0.5806,0.0389
saturated,0.95,4,EXTRACT_GIVENS+SOURCE_BOUNDARY+UNIT_TRACK+VERIFY_RESULT,0.1514,0.4672,0.6264,0.2569,0.566,0.0167
very_strong,0.7,3,EXTRACT_GIVENS+VERIFY_RESULT+UNCERTAINTY_BOUND,0.1514,0.4614,0.6076,0.2299,0.3229,0.0167
saturated,0.95,7,SOURCE_BOUNDARY+UNIT_TRACK+STEP_COMPUTE+VERIFY_RESULT+COMPARE_AXES+UNCERTAINTY_BOUND+ORIGINAL_TASK_RETURN,0.1514,0.4795,0.5931,0.2139,0.8903,0.0056
strong,0.46,6,SOURCE_BOUNDARY+VERIFY_RESULT+COMPARE_AXES+UNCERTAINTY_BOUND+ORIGINAL_TASK_RETURN+DANGER_CHECK,0.1514,0.385,0.5743,0.275,0.6312,0.0056
strong,0.46,6,MAP_RELATION+UNIT_TRACK+STEP_COMPUTE+VERIFY_RESULT+COMPARE_AXES+ORIGINAL_TASK_RETURN,0.1514,0.3744,0.5465,0.2972,0.6021,0.0056
strong,0.46,5,EXTRACT_GIVENS+SOURCE_BOUNDARY+VERIFY_RESULT+COMPARE_AXES+UNCERTAINTY_BOUND,0.1507,0.4117,0.5944,0.2562,0.4681,0.05
saturated,0.95,5,VERIFY_RESULT+COMPARE_AXES+UNCERTAINTY_BOUND+ORIGINAL_TASK_RETURN+DANGER_CHECK,0.1507,0.4413,0.6465,0.2229,0.6264,0.0111
strong,0.46,4,EXTRACT_GIVENS+SOURCE_BOUNDARY+MAP_RELATION+VERIFY_RESULT,0.1507,0.4402,0.5958,0.2583,0.3778,0.0056
strong,0.46,5,SOURCE_BOUNDARY+VERIFY_RESULT+UNCERTAINTY_BOUND+ORIGINAL_TASK_RETURN+DANGER_CHECK,0.1507,0.3803,0.5924,0.2632,0.5201,0.0056
standard,0.24,8,EXTRACT_GIVENS+MAP_RELATION+UNIT_TRACK+STEP_COMPUTE+VERIFY_RESULT+COMPARE_AXES+UNCERTAINTY_BOUND+ORIGINAL_TASK_RETURN,0.1507,0.3935,0.5972,0.2569,0.4597,0.0
saturated,0.95,5,EXTRACT_GIVENS+SOURCE_BOUNDARY+MAP_RELATION+UNCERTAINTY_BOUND+ORIGINAL_TASK_RETURN,0.15,0.4833,0.6208,0.2215,0.5444,0.0778
strong,0.46,6,EXTRACT_GIVENS+UNIT_TRACK+VERIFY_RESULT+COMPARE_AXES+ORIGINAL_TASK_RETURN+DANGER_CHECK,0.15,0.4599,0.6639,0.2201,0.5681,0.0389
saturated,0.95,5,MAP_RELATION+STEP_COMPUTE+VERIFY_RESULT+COMPARE_AXES+ORIGINAL_TASK_RETURN,0.15,0.4472,0.5708,0.2417,0.625,0.0056
strong,0.46,6,EXTRACT_GIVENS+MAP_RELATION+UNIT_TRACK+COMPARE_AXES+UNCERTAINTY_BOUND+DANGER_CHECK,0.15,0.4019,0.559,0.2764,0.5354,0.0
saturated,0.95,5,EXTRACT_GIVENS+SOURCE_BOUNDARY+MAP_RELATION+UNIT_TRACK+UNCERTAINTY_BOUND,0.1493,0.4631,0.5708,0.2556,0.5882,0.0056
very_strong,0.7,4,SOURCE_BOUNDARY+MAP_RELATION+STEP_COMPUTE+VERIFY_RESULT,0.1493,0.4465,0.5576,0.2681,0.5181,0.0
saturated,0.95,4,MAP_RELATION+STEP_COMPUTE+VERIFY_RESULT+COMPARE_AXES,0.1493,0.4209,0.5576,0.2736,0.5611,0.0
standard,0.24,6,EXTRACT_GIVENS+MAP_RELATION+UNIT_TRACK+STEP_COMPUTE+VERIFY_RESULT+UNCERTAINTY_BOUND,0.1493,0.39,0.5917,0.2729,0.4069,0.0
very_strong,0.7,6,STEP_COMPUTE+VERIFY_RESULT+COMPARE_AXES+UNCERTAINTY_BOUND+ORIGINAL_TASK_RETURN+DANGER_CHECK,0.1486,0.4966,0.6257,0.2153,0.6382,0.0667
standard,0.24,8,EXTRACT_GIVENS+MAP_RELATION+STEP_COMPUTE+VERIFY_RESULT+COMPARE_AXES+UNCERTAINTY_BOUND+ORIGINAL_TASK_RETURN+DANGER_CHECK,0.1486,0.445,0.6743,0.2132,0.4549,0.0556
very_strong,0.7,4,MAP_RELATION+STEP_COMPUTE+VERIFY_RESULT+COMPARE_AXES,0.1486,0.4068,0.5222,0.2819,0.5201,0.0056
saturated,0.95,6,EXTRACT_GIVENS+SOURCE_BOUNDARY+MAP_RELATION+UNIT_TRACK+COMPARE_AXES+DANGER_CHECK,0.1479,0.4753,0.6028,0.2417,0.7486,0.0444
saturated,0.95,5,EXTRACT_GIVENS+UNIT_TRACK+STEP_COMPUTE+ORIGINAL_TASK_RETURN+DANGER_CHECK,0.1479,0.4506,0.6507,0.2535,0.6625,0.0167
strong,0.46,5,EXTRACT_GIVENS+MAP_RELATION+STEP_COMPUTE+UNCERTAINTY_BOUND+ORIGINAL_TASK_RETURN,0.1479,0.4051,0.5715,0.2562,0.4535,0.0167
strong,0.46,5,SOURCE_BOUNDARY+MAP_RELATION+STEP_COMPUTE+VERIFY_RESULT+DANGER_CHECK,0.1479,0.4439,0.6021,0.2507,0.4792,0.0
strong,0.46,5,MAP_RELATION+UNIT_TRACK+STEP_COMPUTE+VERIFY_RESULT+COMPARE_AXES,0.1479,0.3513,0.491,0.3174,0.5722,0.0
very_strong,0.7,6,EXTRACT_GIVENS+SOURCE_BOUNDARY+MAP_RELATION+STEP_COMPUTE+COMPARE_AXES+ORIGINAL_TASK_RETURN,0.1472,0.4647,0.5701,0.2507,0.6306,0.0556
very_strong,0.7,6,UNIT_TRACK+STEP_COMPUTE+VERIFY_RESULT+COMPARE_AXES+UNCERTAINTY_BOUND+DANGER_CHECK,0.1472,0.4797,0.5972,0.2153,0.709,0.05
very_strong,0.7,6,SOURCE_BOUNDARY+MAP_RELATION+VERIFY_RESULT+COMPARE_AXES+UNCERTAINTY_BOUND+ORIGINAL_TASK_RETURN,0.1472,0.4742,0.5889,0.2201,0.5924,0.0444
standard,0.24,7,EXTRACT_GIVENS+SOURCE_BOUNDARY+MAP_RELATION+UNIT_TRACK+STEP_COMPUTE+VERIFY_RESULT+DANGER_CHECK,0.1472,0.4163,0.641,0.2299,0.4042,0.0333
saturated,0.95,6,EXTRACT_GIVENS+MAP_RELATION+UNIT_TRACK+COMPARE_AXES+UNCERTAINTY_BOUND+ORIGINAL_TASK_RETURN,0.1472,0.4506,0.5993,0.2653,0.7257,0.0056
very_strong,0.7,4,SOURCE_BOUNDARY+VERIFY_RESULT+ORIGINAL_TASK_RETURN+DANGER_CHECK,0.1472,0.3842,0.5944,0.2437,0.5451,0.0056
standard,0.24,6,EXTRACT_GIVENS+SOURCE_BOUNDARY+MAP_RELATION+UNIT_TRACK+STEP_COMPUTE+VERIFY_RESULT,0.1472,0.3741,0.5875,0.2938,0.425,0.0
standard,0.24,9,EXTRACT_GIVENS+SOURCE_BOUNDARY+MAP_RELATION+UNIT_TRACK+STEP_COMPUTE+VERIFY_RESULT+COMPARE_AXES+ORIGINAL_TASK_RETURN+DANGER_CHECK,0.1465,0.4309,0.6854,0.2507,0.5444,0.0389
strong,0.46,5,EXTRACT_GIVENS+STEP_COMPUTE+VERIFY_RESULT+COMPARE_AXES+UNCERTAINTY_BOUND,0.1465,0.4378,0.5757,0.2653,0.4535,0.0
strong,0.46,3,EXTRACT_GIVENS+STEP_COMPUTE+VERIFY_RESULT,0.1465,0.3998,0.5951,0.2694,0.366,0.0
strong,0.46,6,MAP_RELATION+UNIT_TRACK+VERIFY_RESULT+UNCERTAINTY_BOUND+ORIGINAL_TASK_RETURN+DANGER_CHECK,0.1458,0.4284,0.5715,0.2215,0.5049,0.0444
very_strong,0.7,5,UNIT_TRACK+STEP_COMPUTE+VERIFY_RESULT+UNCERTAINTY_BOUND+DANGER_CHECK,0.1458,0.4637,0.5687,0.2229,0.5833,0.0333
strong,0.46,7,SOURCE_BOUNDARY+MAP_RELATION+UNIT_TRACK+STEP_COMPUTE+VERIFY_RESULT+COMPARE_AXES+DANGER_CHECK,0.1458,0.4342,0.5778,0.2597,0.659,0.0333
very_strong,0.7,4,SOURCE_BOUNDARY+MAP_RELATION+VERIFY_RESULT+DANGER_CHECK,0.1458,0.4568,0.6069,0.2444,0.491,0.0167
very_strong,0.7,5,EXTRACT_GIVENS+SOURCE_BOUNDARY+UNCERTAINTY_BOUND+ORIGINAL_TASK_RETURN+DANGER_CHECK,0.1458,0.4377,0.6167,0.2507,0.5646,0.0111
strong,0.46,5,MAP_RELATION+UNIT_TRACK+VERIFY_RESULT+ORIGINAL_TASK_RETURN+DANGER_CHECK,0.1458,0.4194,0.616,0.2417,0.5319,0.0111
very_strong,0.7,5,SOURCE_BOUNDARY+MAP_RELATION+STEP_COMPUTE+VERIFY_RESULT+COMPARE_AXES,0.1458,0.4431,0.541,0.2472,0.6104,0.0056
saturated,0.95,5,STEP_COMPUTE+VERIFY_RESULT+COMPARE_AXES+UNCERTAINTY_BOUND+DANGER_CHECK,0.1451,0.4813,0.6319,0.2292,0.6174,0.0667
very_strong,0.7,5,MAP_RELATION+VERIFY_RESULT+COMPARE_AXES+UNCERTAINTY_BOUND+DANGER_CHECK,0.1451,0.4777,0.5826,0.2354,0.4903,0.0611
strong,0.46,6,EXTRACT_GIVENS+SOURCE_BOUNDARY+MAP_RELATION+VERIFY_RESULT+COMPARE_AXES+ORIGINAL_TASK_RETURN,0.1451,0.4665,0.6243,0.2326,0.5201,0.0611
strong,0.46,5,MAP_RELATION+VERIFY_RESULT+UNCERTAINTY_BOUND+ORIGINAL_TASK_RETURN+DANGER_CHECK,0.1451,0.4455,0.6264,0.2194,0.4361,0.05
saturated,0.95,6,EXTRACT_GIVENS+SOURCE_BOUNDARY+MAP_RELATION+COMPARE_AXES+UNCERTAINTY_BOUND+ORIGINAL_TASK_RETURN,0.1451,0.4776,0.5986,0.2271,0.6486,0.0444
saturated,0.95,7,EXTRACT_GIVENS+SOURCE_BOUNDARY+UNIT_TRACK+STEP_COMPUTE+COMPARE_AXES+ORIGINAL_TASK_RETURN+DANGER_CHECK,0.1451,0.4774,0.6444,0.2368,0.9319,0.0444
very_strong,0.7,5,EXTRACT_GIVENS+SOURCE_BOUNDARY+STEP_COMPUTE+UNCERTAINTY_BOUND+DANGER_CHECK,0.1451,0.471,0.5882,0.2389,0.5292,0.0444
saturated,0.95,5,EXTRACT_GIVENS+SOURCE_BOUNDARY+VERIFY_RESULT+COMPARE_AXES+ORIGINAL_TASK_RETURN,0.1451,0.4851,0.6687,0.2313,0.6465,0.0389
very_strong,0.7,6,MAP_RELATION+UNIT_TRACK+STEP_COMPUTE+UNCERTAINTY_BOUND+ORIGINAL_TASK_RETURN+DANGER_CHECK,0.1451,0.432,0.5771,0.2403,0.6819,0.0222
strong,0.46,8,EXTRACT_GIVENS+SOURCE_BOUNDARY+MAP_RELATION+UNIT_TRACK+STEP_COMPUTE+COMPARE_AXES+UNCERTAINTY_BOUND+ORIGINAL_TASK_RETURN,0.1451,0.4156,0.541,0.2743,0.6826,0.0222
saturated,0.95,6,MAP_RELATION+UNIT_TRACK+STEP_COMPUTE+UNCERTAINTY_BOUND+ORIGINAL_TASK_RETURN+DANGER_CHECK,0.1451,0.4432,0.5958,0.25,0.6958,0.0
very_strong,0.7,5,SOURCE_BOUNDARY+MAP_RELATION+UNIT_TRACK+VERIFY_RESULT+ORIGINAL_TASK_RETURN,0.1451,0.4376,0.5806,0.2507,0.5924,0.0
very_strong,0.7,4,EXTRACT_GIVENS+MAP_RELATION+STEP_COMPUTE+COMPARE_AXES,0.1451,0.4094,0.525,0.3063,0.5174,0.0
very_strong,0.7,5,STEP_COMPUTE+VERIFY_RESULT+UNCERTAINTY_BOUND+ORIGINAL_TASK_RETURN+DANGER_CHECK,0.1444,0.489,0.6514,0.2104,0.5479,0.0722
very_strong,0.7,5,EXTRACT_GIVENS+SOURCE_BOUNDARY+VERIFY_RESULT+COMPARE_AXES+ORIGINAL_TASK_RETURN,0.1444,0.47,0.6278,0.2222,0.5972,0.05
saturated,0.95,5,SOURCE_BOUNDARY+MAP_RELATION+VERIFY_RESULT+COMPARE_AXES+DANGER_CHECK,0.1444,0.4788,0.6194,0.225,0.6264,0.0444
very_strong,0.7,6,EXTRACT_GIVENS+SOURCE_BOUNDARY+UNIT_TRACK+STEP_COMPUTE+ORIGINAL_TASK_RETURN+DANGER_CHECK,0.1444,0.4678,0.6333,0.2396,0.6924,0.0389
very_strong,0.7,5,EXTRACT_GIVENS+SOURCE_BOUNDARY+MAP_RELATION+UNIT_TRACK+DANGER_CHECK,0.1444,0.4673,0.5958,0.2562,0.5326,0.0278
strong,0.46,8,EXTRACT_GIVENS+SOURCE_BOUNDARY+MAP_RELATION+UNIT_TRACK+STEP_COMPUTE+COMPARE_AXES+ORIGINAL_TASK_RETURN+DANGER_CHECK,0.1444,0.4429,0.5826,0.2375,0.6868,0.0222
very_strong,0.7,6,SOURCE_BOUNDARY+UNIT_TRACK+VERIFY_RESULT+COMPARE_AXES+UNCERTAINTY_BOUND+DANGER_CHECK,0.1444,0.4538,0.591,0.2174,0.7285,0.0167
strong,0.46,7,SOURCE_BOUNDARY+MAP_RELATION+UNIT_TRACK+STEP_COMPUTE+VERIFY_RESULT+COMPARE_AXES+ORIGINAL_TASK_RETURN,0.1444,0.41,0.5569,0.2444,0.6653,0.0167
very_strong,0.7,4,EXTRACT_GIVENS+SOURCE_BOUNDARY+UNIT_TRACK+VERIFY_RESULT,0.1444,0.4591,0.6236,0.2458,0.5139,0.0111
saturated,0.95,6,SOURCE_BOUNDARY+UNIT_TRACK+VERIFY_RESULT+COMPARE_AXES+UNCERTAINTY_BOUND+DANGER_CHECK,0.1444,0.4482,0.5847,0.2319,0.8167,0.0111
very_strong,0.7,5,MAP_RELATION+VERIFY_RESULT+COMPARE_AXES+ORIGINAL_TASK_RETURN+DANGER_CHECK,0.1444,0.4637,0.6299,0.2153,0.5451,0.0056
standard,0.24,5,EXTRACT_GIVENS+MAP_RELATION+UNIT_TRACK+STEP_COMPUTE+VERIFY_RESULT,0.1444,0.3549,0.5743,0.3097,0.3951,0.0056
saturated,0.95,5,EXTRACT_GIVENS+SOURCE_BOUNDARY+MAP_RELATION+UNIT_TRACK+DANGER_CHECK,0.1437,0.4885,0.634,0.2278,0.5931,0.0444
standard,0.24,6,EXTRACT_GIVENS+SOURCE_BOUNDARY+MAP_RELATION+STEP_COMPUTE+VERIFY_RESULT+DANGER_CHECK,0.1437,0.4327,0.6813,0.2215,0.3861,0.0389
strong,0.46,7,SOURCE_BOUNDARY+UNIT_TRACK+VERIFY_RESULT+COMPARE_AXES+UNCERTAINTY_BOUND+ORIGINAL_TASK_RETURN+DANGER_CHECK,0.1437,0.3774,0.5701,0.2944,0.7118,0.0222
very_strong,0.7,5,EXTRACT_GIVENS+MAP_RELATION+STEP_COMPUTE+COMPARE_AXES+ORIGINAL_TASK_RETURN,0.1437,0.4261,0.5729,0.2826,0.5757,0.0056
strong,0.46,6,EXTRACT_GIVENS+SOURCE_BOUNDARY+MAP_RELATION+UNIT_TRACK+STEP_COMPUTE+ORIGINAL_TASK_RETURN,0.1437,0.3739,0.5465,0.325,0.5819,0.0
standard,0.24,9,EXTRACT_GIVENS+SOURCE_BOUNDARY+MAP_RELATION+STEP_COMPUTE+VERIFY_RESULT+COMPARE_AXES+UNCERTAINTY_BOUND+ORIGINAL_TASK_RETURN+DANGER_CHECK,0.1431,0.4493,0.6604,0.2042,0.509,0.1111
strong,0.46,6,EXTRACT_GIVENS+SOURCE_BOUNDARY+MAP_RELATION+STEP_COMPUTE+UNCERTAINTY_BOUND+ORIGINAL_TASK_RETURN,0.1431,0.4228,0.5889,0.2458,0.5118,0.0389
very_strong,0.7,5,SOURCE_BOUNDARY+MAP_RELATION+VERIFY_RESULT+COMPARE_AXES+DANGER_CHECK,0.1431,0.4655,0.591,0.225,0.5806,0.0333
saturated,0.95,5,SOURCE_BOUNDARY+STEP_COMPUTE+VERIFY_RESULT+UNCERTAINTY_BOUND+ORIGINAL_TASK_RETURN,0.1431,0.4392,0.6014,0.2549,0.6389,0.0222
saturated,0.95,5,EXTRACT_GIVENS+SOURCE_BOUNDARY+MAP_RELATION+COMPARE_AXES+UNCERTAINTY_BOUND,0.1431,0.4467,0.5771,0.2597,0.6097,0.0167
strong,0.46,6,MAP_RELATION+STEP_COMPUTE+VERIFY_RESULT+COMPARE_AXES+ORIGINAL_TASK_RETURN+DANGER_CHECK,0.1431,0.4345,0.6097,0.2292,0.5924,0.0111
very_strong,0.7,3,EXTRACT_GIVENS+UNIT_TRACK+VERIFY_RESULT,0.1431,0.4242,0.6042,0.2535,0.4382,0.0111
strong,0.46,6,EXTRACT_GIVENS+SOURCE_BOUNDARY+MAP_RELATION+COMPARE_AXES+UNCERTAINTY_BOUND+DANGER_CHECK,0.1431,0.4102,0.5757,0.2729,0.5292,0.0111
standard,0.24,5,EXTRACT_GIVENS+MAP_RELATION+STEP_COMPUTE+VERIFY_RESULT+DANGER_CHECK,0.1431,0.4075,0.6604,0.2451,0.3312,0.0111
standard,0.24,5,EXTRACT_GIVENS+MAP_RELATION+STEP_COMPUTE+VERIFY_RESULT+UNCERTAINTY_BOUND,0.1431,0.3834,0.6028,0.2583,0.3632,0.0056
strong,0.46,5,SOURCE_BOUNDARY+MAP_RELATION+STEP_COMPUTE+VERIFY_RESULT+ORIGINAL_TASK_RETURN,0.1431,0.4176,0.5764,0.2569,0.4708,0.0
standard,0.24,7,EXTRACT_GIVENS+SOURCE_BOUNDARY+MAP_RELATION+VERIFY_RESULT+UNCERTAINTY_BOUND+ORIGINAL_TASK_RETURN+DANGER_CHECK,0.1424,0.4522,0.7118,0.2028,0.4118,0.0833
strong,0.46,7,EXTRACT_GIVENS+SOURCE_BOUNDARY+MAP_RELATION+UNIT_TRACK+STEP_COMPUTE+COMPARE_AXES+DANGER_CHECK,0.1424,0.4176,0.5569,0.2757,0.6215,0.0278
saturated,0.95,6,EXTRACT_GIVENS+SOURCE_BOUNDARY+MAP_RELATION+UNIT_TRACK+COMPARE_AXES+UNCERTAINTY_BOUND,0.1424,0.4609,0.5625,0.2576,0.7326,0.0111
saturated,0.95,4,EXTRACT_GIVENS+MAP_RELATION+STEP_COMPUTE+COMPARE_AXES,0.1424,0.4208,0.5493,0.2938,0.5604,0.0
strong,0.46,4,EXTRACT_GIVENS+SOURCE_BOUNDARY+VERIFY_RESULT+DANGER_CHECK,0.1417,0.4507,0.6424,0.2493,0.3993,0.0556
saturated,0.95,7,EXTRACT_GIVENS+SOURCE_BOUNDARY+MAP_RELATION+UNIT_TRACK+COMPARE_AXES+UNCERTAINTY_BOUND+ORIGINAL_TASK_RETURN,0.1417,0.4897,0.5951,0.2292,0.8181,0.0389
very_strong,0.7,6,EXTRACT_GIVENS+SOURCE_BOUNDARY+MAP_RELATION+UNIT_TRACK+COMPARE_AXES+DANGER_CHECK,0.1417,0.4607,0.5806,0.2514,0.6556,0.0278
strong,0.46,6,EXTRACT_GIVENS+SOURCE_BOUNDARY+UNIT_TRACK+VERIFY_RESULT+COMPARE_AXES+DANGER_CHECK,0.1417,0.4459,0.6507,0.2729,0.5868,0.0222
strong,0.46,4,EXTRACT_GIVENS+STEP_COMPUTE+VERIFY_RESULT+ORIGINAL_TASK_RETURN,0.1417,0.4156,0.6146,0.2542,0.4194,0.0167
very_strong,0.7,4,EXTRACT_GIVENS+SOURCE_BOUNDARY+MAP_RELATION+STEP_COMPUTE,0.1417,0.4245,0.5431,0.2701,0.5111,0.0111
saturated,0.95,5,SOURCE_BOUNDARY+UNIT_TRACK+STEP_COMPUTE+VERIFY_RESULT+ORIGINAL_TASK_RETURN,0.1417,0.4143,0.5924,0.2715,0.7708,0.0111
saturated,0.95,5,SOURCE_BOUNDARY+MAP_RELATION+UNIT_TRACK+VERIFY_RESULT+ORIGINAL_TASK_RETURN,0.1417,0.44,0.5743,0.2535,0.6646,0.0
very_strong,0.7,4,EXTRACT_GIVENS+MAP_RELATION+UNIT_TRACK+UNCERTAINTY_BOUND,0.1417,0.418,0.534,0.3035,0.4347,0.0
saturated,0.95,5,EXTRACT_GIVENS+UNIT_TRACK+STEP_COMPUTE+UNCERTAINTY_BOUND+ORIGINAL_TASK_RETURN,0.1417,0.4157,0.5854,0.2708,0.634,0.0
strong,0.46,4,MAP_RELATION+STEP_COMPUTE+VERIFY_RESULT+UNCERTAINTY_BOUND,0.1417,0.392,0.5389,0.284,0.4243,0.0
very_strong,0.7,5,EXTRACT_GIVENS+COMPARE_AXES+UNCERTAINTY_BOUND+ORIGINAL_TASK_RETURN+DANGER_CHECK,0.1417,0.3903,0.5792,0.266,0.6139,0.0
saturated,0.95,6,EXTRACT_GIVENS+SOURCE_BOUNDARY+UNIT_TRACK+STEP_COMPUTE+ORIGINAL_TASK_RETURN+DANGER_CHECK,0.141,0.4782,0.6396,0.2285,0.7875,0.0444
very_strong,0.7,7,EXTRACT_GIVENS+SOURCE_BOUNDARY+UNIT_TRACK+STEP_COMPUTE+COMPARE_AXES+ORIGINAL_TASK_RETURN+DANGER_CHECK,0.141,0.4635,0.5965,0.2451,0.8167,0.0278
strong,0.46,7,EXTRACT_GIVENS+SOURCE_BOUNDARY+MAP_RELATION+UNIT_TRACK+COMPARE_AXES+UNCERTAINTY_BOUND+DANGER_CHECK,0.141,0.4078,0.5569,0.2701,0.6014,0.0222
strong,0.46,5,EXTRACT_GIVENS+MAP_RELATION+COMPARE_AXES+UNCERTAINTY_BOUND+DANGER_CHECK,0.141,0.3995,0.5771,0.2681,0.4632,0.0111
strong,0.46,6,EXTRACT_GIVENS+UNIT_TRACK+STEP_COMPUTE+COMPARE_AXES+UNCERTAINTY_BOUND+DANGER_CHECK,0.141,0.3644,0.5319,0.2993,0.6014,0.0056
very_strong,0.7,6,EXTRACT_GIVENS+SOURCE_BOUNDARY+UNIT_TRACK+UNCERTAINTY_BOUND+ORIGINAL_TASK_RETURN+DANGER_CHECK,0.141,0.4556,0.6236,0.2257,0.6562,0.0
strong,0.46,5,EXTRACT_GIVENS+MAP_RELATION+UNIT_TRACK+STEP_COMPUTE+COMPARE_AXES,0.141,0.3462,0.4972,0.3493,0.5243,0.0
saturated,0.95,5,MAP_RELATION+UNIT_TRACK+VERIFY_RESULT+COMPARE_AXES+DANGER_CHECK,0.1403,0.462,0.6104,0.234,0.6694,0.0222
standard,0.24,9,EXTRACT_GIVENS+SOURCE_BOUNDARY+MAP_RELATION+UNIT_TRACK+STEP_COMPUTE+VERIFY_RESULT+COMPARE_AXES+UNCERTAINTY_BOUND+DANGER_CHECK,0.1403,0.4176,0.6167,0.2313,0.5062,0.0222
very_strong,0.7,4,EXTRACT_GIVENS+MAP_RELATION+UNIT_TRACK+DANGER_CHECK,0.1403,0.4245,0.5757,0.2715,0.5021,0.0167
saturated,0.95,5,SOURCE_BOUNDARY+UNIT_TRACK+STEP_COMPUTE+VERIFY_RESULT+DANGER_CHECK,0.1403,0.4494,0.616,0.2667,0.7382,0.0056
saturated,0.95,5,UNIT_TRACK+STEP_COMPUTE+VERIFY_RESULT+UNCERTAINTY_BOUND+ORIGINAL_TASK_RETURN,0.1403,0.4226,0.5639,0.25,0.6264,0.0056
very_strong,0.7,5,EXTRACT_GIVENS+UNIT_TRACK+STEP_COMPUTE+UNCERTAINTY_BOUND+ORIGINAL_TASK_RETURN,0.1403,0.4103,0.575,0.2736,0.5681,0.0
strong,0.46,4,EXTRACT_GIVENS+MAP_RELATION+STEP_COMPUTE+DANGER_CHECK,0.1403,0.3966,0.5854,0.2729,0.425,0.0
saturated,0.95,3,MAP_RELATION+UNIT_TRACK+VERIFY_RESULT,0.1403,0.384,0.5618,0.2958,0.4785,0.0
strong,0.46,6,EXTRACT_GIVENS+MAP_RELATION+UNIT_TRACK+STEP_COMPUTE+COMPARE_AXES+ORIGINAL_TASK_RETURN,0.1403,0.3585,0.5368,0.3229,0.5979,0.0
strong,0.46,5,EXTRACT_GIVENS+MAP_RELATION+VERIFY_RESULT+COMPARE_AXES+ORIGINAL_TASK_RETURN,0.1396,0.4506,0.6285,0.2236,0.4479,0.0389
very_strong,0.7,4,EXTRACT_GIVENS+MAP_RELATION+ORIGINAL_TASK_RETURN+DANGER_CHECK,0.1396,0.4577,0.6479,0.2167,0.4437,0.0333
strong,0.46,7,EXTRACT_GIVENS+SOURCE_BOUNDARY+STEP_COMPUTE+COMPARE_AXES+UNCERTAINTY_BOUND+ORIGINAL_TASK_RETURN+DANGER_CHECK,0.1396,0.4128,0.6083,0.2521,0.6319,0.0222
saturated,0.95,6,EXTRACT_GIVENS+UNIT_TRACK+STEP_COMPUTE+COMPARE_AXES+UNCERTAINTY_BOUND+ORIGINAL_TASK_RETURN,0.1396,0.425,0.5799,0.2667,0.7861,0.0111
strong,0.46,5,EXTRACT_GIVENS+SOURCE_BOUNDARY+MAP_RELATION+STEP_COMPUTE+UNCERTAINTY_BOUND,0.1396,0.3941,0.5472,0.2833,0.466,0.0
strong,0.46,6,EXTRACT_GIVENS+MAP_RELATION+UNIT_TRACK+UNCERTAINTY_BOUND+ORIGINAL_TASK_RETURN+DANGER_CHECK,0.1389,0.4344,0.6354,0.2465,0.5451,0.0444
strong,0.46,5,EXTRACT_GIVENS+STEP_COMPUTE+VERIFY_RESULT+COMPARE_AXES+ORIGINAL_TASK_RETURN,0.1389,0.4109,0.6188,0.2819,0.5035,0.0389
saturated,0.95,4,STEP_COMPUTE+VERIFY_RESULT+ORIGINAL_TASK_RETURN+DANGER_CHECK,0.1389,0.444,0.6396,0.2028,0.5521,0.0111
saturated,0.95,6,SOURCE_BOUNDARY+STEP_COMPUTE+VERIFY_RESULT+COMPARE_AXES+UNCERTAINTY_BOUND+ORIGINAL_TASK_RETURN,0.1389,0.445,0.5771,0.2458,0.7937,0.0056
standard,0.24,6,EXTRACT_GIVENS+MAP_RELATION+UNIT_TRACK+STEP_COMPUTE+VERIFY_RESULT+ORIGINAL_TASK_RETURN,0.1389,0.3668,0.6118,0.2847,0.4549,0.0056
strong,0.46,5,EXTRACT_GIVENS+MAP_RELATION+STEP_COMPUTE+COMPARE_AXES+DANGER_CHECK,0.1389,0.4035,0.5792,0.2771,0.4819,0.0
saturated,0.95,4,UNIT_TRACK+STEP_COMPUTE+VERIFY_RESULT+UNCERTAINTY_BOUND,0.1389,0.391,0.5528,0.2778,0.5896,0.0
saturated,0.95,4,STEP_COMPUTE+VERIFY_RESULT+UNCERTAINTY_BOUND+DANGER_CHECK,0.1382,0.4819,0.6438,0.2062,0.4951,0.0778
strong,0.46,5,SOURCE_BOUNDARY+MAP_RELATION+VERIFY_RESULT+UNCERTAINTY_BOUND+DANGER_CHECK,0.1382,0.4478,0.6229,0.2132,0.434,0.0389
strong,0.46,7,SOURCE_BOUNDARY+MAP_RELATION+UNIT_TRACK+VERIFY_RESULT+COMPARE_AXES+ORIGINAL_TASK_RETURN+DANGER_CHECK,0.1382,0.4102,0.6014,0.2708,0.6465,0.0222
saturated,0.95,6,EXTRACT_GIVENS+UNIT_TRACK+STEP_COMPUTE+COMPARE_AXES+ORIGINAL_TASK_RETURN+DANGER_CHECK,0.1382,0.4512,0.6201,0.2299,0.7965,0.0167
standard,0.24,7,EXTRACT_GIVENS+SOURCE_BOUNDARY+MAP_RELATION+STEP_COMPUTE+VERIFY_RESULT+ORIGINAL_TASK_RETURN+DANGER_CHECK,0.1382,0.4293,0.6854,0.234,0.4139,0.0167
strong,0.46,4,EXTRACT_GIVENS+MAP_RELATION+VERIFY_RESULT+COMPARE_AXES,0.1382,0.4235,0.6076,0.2514,0.4125,0.0111
saturated,0.95,7,EXTRACT_GIVENS+SOURCE_BOUNDARY+UNIT_TRACK+STEP_COMPUTE+COMPARE_AXES+UNCERTAINTY_BOUND+ORIGINAL_TASK_RETURN,0.1382,0.4523,0.5792,0.2778,0.8694,0.0056
saturated,0.95,5,EXTRACT_GIVENS+SOURCE_BOUNDARY+MAP_RELATION+STEP_COMPUTE+COMPARE_AXES,0.1382,0.4479,0.5833,0.2729,0.6618,0.0056
strong,0.46,6,EXTRACT_GIVENS+MAP_RELATION+STEP_COMPUTE+COMPARE_AXES+UNCERTAINTY_BOUND+ORIGINAL_TASK_RETURN,0.1382,0.3942,0.5611,0.2674,0.5278,0.0056
strong,0.46,5,EXTRACT_GIVENS+SOURCE_BOUNDARY+MAP_RELATION+UNIT_TRACK+STEP_COMPUTE,0.1382,0.3564,0.5194,0.3125,0.5611,0.0056
saturated,0.95,5,EXTRACT_GIVENS+SOURCE_BOUNDARY+UNIT_TRACK+STEP_COMPUTE+UNCERTAINTY_BOUND,0.1382,0.4161,0.5417,0.2938,0.6687,0.0
standard,0.24,7,EXTRACT_GIVENS+MAP_RELATION+UNIT_TRACK+STEP_COMPUTE+VERIFY_RESULT+COMPARE_AXES+UNCERTAINTY_BOUND,0.1382,0.3746,0.5507,0.2715,0.4535,0.0
standard,0.24,6,EXTRACT_GIVENS+SOURCE_BOUNDARY+MAP_RELATION+VERIFY_RESULT+UNCERTAINTY_BOUND+DANGER_CHECK,0.1375,0.4233,0.6562,0.225,0.3917,0.0722
standard,0.24,8,EXTRACT_GIVENS+SOURCE_BOUNDARY+MAP_RELATION+STEP_COMPUTE+VERIFY_RESULT+COMPARE_AXES+ORIGINAL_TASK_RETURN+DANGER_CHECK,0.1375,0.4286,0.6653,0.2215,0.4882,0.0667
very_strong,0.7,5,SOURCE_BOUNDARY+STEP_COMPUTE+VERIFY_RESULT+UNCERTAINTY_BOUND+DANGER_CHECK,0.1375,0.4938,0.6097,0.2306,0.5632,0.0611
saturated,0.95,6,SOURCE_BOUNDARY+MAP_RELATION+VERIFY_RESULT+COMPARE_AXES+UNCERTAINTY_BOUND+ORIGINAL_TASK_RETURN,0.1375,0.4875,0.609,0.2139,0.6778,0.05
very_strong,0.7,5,SOURCE_BOUNDARY+UNIT_TRACK+VERIFY_RESULT+UNCERTAINTY_BOUND+DANGER_CHECK,0.1375,0.448,0.5764,0.2354,0.5625,0.0222
saturated,0.95,4,EXTRACT_GIVENS+MAP_RELATION+COMPARE_AXES+DANGER_CHECK,0.1375,0.4349,0.6243,0.2632,0.5389,0.0167
very_strong,0.7,5,SOURCE_BOUNDARY+UNIT_TRACK+STEP_COMPUTE+VERIFY_RESULT+UNCERTAINTY_BOUND,0.1375,0.4226,0.5222,0.2757,0.6285,0.0167
very_strong,0.7,5,MAP_RELATION+STEP_COMPUTE+VERIFY_RESULT+COMPARE_AXES+ORIGINAL_TASK_RETURN,0.1375,0.4305,0.5597,0.2514,0.5743,0.0056
saturated,0.95,5,MAP_RELATION+UNIT_TRACK+STEP_COMPUTE+UNCERTAINTY_BOUND+DANGER_CHECK,0.1375,0.4058,0.5431,0.2743,0.6528,0.0056
saturated,0.95,4,EXTRACT_GIVENS+UNIT_TRACK+STEP_COMPUTE+UNCERTAINTY_BOUND,0.1375,0.4022,0.5403,0.3056,0.5868,0.0
standard,0.24,7,EXTRACT_GIVENS+MAP_RELATION+UNIT_TRACK+STEP_COMPUTE+VERIFY_RESULT+COMPARE_AXES+ORIGINAL_TASK_RETURN,0.1368,0.3617,0.6132,0.3111,0.4924,0.0111
strong,0.46,6,SOURCE_BOUNDARY+UNIT_TRACK+STEP_COMPUTE+VERIFY_RESULT+ORIGINAL_TASK_RETURN+DANGER_CHECK,0.1368,0.3924,0.5882,0.2549,0.6007,0.0
saturated,0.95,5,EXTRACT_GIVENS+SOURCE_BOUNDARY+MAP_RELATION+COMPARE_AXES+DANGER_CHECK,0.1361,0.4771,0.616,0.2403,0.609,0.0167
very_strong,0.7,7,SOURCE_BOUNDARY+UNIT_TRACK+STEP_COMPUTE+VERIFY_RESULT+COMPARE_AXES+UNCERTAINTY_BOUND+ORIGINAL_TASK_RETURN,0.1361,0.448,0.5563,0.2562,0.8014,0.0111
saturated,0.95,5,SOURCE_BOUNDARY+MAP_RELATION+UNIT_TRACK+VERIFY_RESULT+UNCERTAINTY_BOUND,0.1361,0.4636,0.566,0.234,0.6174,0.0056
very_strong,0.7,5,SOURCE_BOUNDARY+STEP_COMPUTE+VERIFY_RESULT+UNCERTAINTY_BOUND+ORIGINAL_TASK_RETURN,0.1361,0.4293,0.5639,0.2465,0.5896,0.0056
standard,0.24,8,EXTRACT_GIVENS+MAP_RELATION+UNIT_TRACK+STEP_COMPUTE+VERIFY_RESULT+COMPARE_AXES+ORIGINAL_TASK_RETURN+DANGER_CHECK,0.1361,0.4017,0.6507,0.2382,0.4792,0.0056
saturated,0.95,5,EXTRACT_GIVENS+MAP_RELATION+UNIT_TRACK+COMPARE_AXES+UNCERTAINTY_BOUND,0.1361,0.4412,0.5736,0.2847,0.6382,0.0
very_strong,0.7,5,EXTRACT_GIVENS+MAP_RELATION+UNIT_TRACK+COMPARE_AXES+UNCERTAINTY_BOUND,0.1361,0.4182,0.5236,0.3083,0.6125,0.0
very_strong,0.7,5,SOURCE_BOUNDARY+UNIT_TRACK+STEP_COMPUTE+VERIFY_RESULT+ORIGINAL_TASK_RETURN,0.1361,0.4084,0.5611,0.2729,0.659,0.0
strong,0.46,3,MAP_RELATION+STEP_COMPUTE+VERIFY_RESULT,0.1361,0.352,0.5174,0.3007,0.3743,0.0
saturated,0.95,6,EXTRACT_GIVENS+SOURCE_BOUNDARY+MAP_RELATION+STEP_COMPUTE+COMPARE_AXES+ORIGINAL_TASK_RETURN,0.1354,0.491,0.6236,0.2299,0.7549,0.0333
standard,0.24,7,EXTRACT_GIVENS+MAP_RELATION+UNIT_TRACK+STEP_COMPUTE+VERIFY_RESULT+COMPARE_AXES+DANGER_CHECK,0.1354,0.3922,0.6132,0.2403,0.4528,0.0167
standard,0.24,7,EXTRACT_GIVENS+SOURCE_BOUNDARY+MAP_RELATION+UNIT_TRACK+STEP_COMPUTE+VERIFY_RESULT+UNCERTAINTY_BOUND,0.1354,0.4014,0.5979,0.2715,0.4132,0.0111
very_strong,0.7,6,EXTRACT_GIVENS+SOURCE_BOUNDARY+MAP_RELATION+UNIT_TRACK+COMPARE_AXES+UNCERTAINTY_BOUND,0.1354,0.448,0.5403,0.2458,0.6618,0.0056
very_strong,0.7,5,UNIT_TRACK+STEP_COMPUTE+VERIFY_RESULT+UNCERTAINTY_BOUND+ORIGINAL_TASK_RETURN,0.1354,0.4116,0.5431,0.2611,0.6035,0.0056
saturated,0.95,5,EXTRACT_GIVENS+SOURCE_BOUNDARY+UNIT_TRACK+VERIFY_RESULT+COMPARE_AXES,0.1347,0.4719,0.6451,0.2583,0.7056,0.0556
saturated,0.95,7,SOURCE_BOUNDARY+MAP_RELATION+UNIT_TRACK+STEP_COMPUTE+UNCERTAINTY_BOUND+ORIGINAL_TASK_RETURN+DANGER_CHECK,0.1347,0.4689,0.5861,0.2257,0.8292,0.0556
strong,0.46,4,EXTRACT_GIVENS+UNIT_TRACK+VERIFY_RESULT+DANGER_CHECK,0.1347,0.4286,0.6486,0.2556,0.4368,0.0444
strong,0.46,5,EXTRACT_GIVENS+UNIT_TRACK+VERIFY_RESULT+COMPARE_AXES+DANGER_CHECK,0.1347,0.4306,0.6479,0.2542,0.5035,0.0278
strong,0.46,7,EXTRACT_GIVENS+SOURCE_BOUNDARY+MAP_RELATION+UNIT_TRACK+UNCERTAINTY_BOUND+ORIGINAL_TASK_RETURN+DANGER_CHECK,0.1347,0.4488,0.6062,0.2174,0.5674,0.0222
very_strong,0.7,4,EXTRACT_GIVENS+UNIT_TRACK+VERIFY_RESULT+ORIGINAL_TASK_RETURN,0.1347,0.449,0.6361,0.2382,0.5076,0.0167
saturated,0.95,4,SOURCE_BOUNDARY+MAP_RELATION+VERIFY_RESULT+UNCERTAINTY_BOUND,0.1347,0.4472,0.5854,0.2521,0.4632,0.0167
standard,0.24,7,EXTRACT_GIVENS+SOURCE_BOUNDARY+MAP_RELATION+UNIT_TRACK+VERIFY_RESULT+ORIGINAL_TASK_RETURN+DANGER_CHECK,0.1347,0.4083,0.6687,0.2271,0.4514,0.0167
saturated,0.95,5,SOURCE_BOUNDARY+UNIT_TRACK+STEP_COMPUTE+VERIFY_RESULT+UNCERTAINTY_BOUND,0.1347,0.4226,0.541,0.2826,0.6778,0.0056
saturated,0.95,7,MAP_RELATION+UNIT_TRACK+STEP_COMPUTE+COMPARE_AXES+UNCERTAINTY_BOUND+ORIGINAL_TASK_RETURN+DANGER_CHECK,0.1347,0.4375,0.5514,0.241,0.8583,0.0
saturated,0.95,4,MAP_RELATION+UNIT_TRACK+VERIFY_RESULT+UNCERTAINTY_BOUND,0.1347,0.423,0.5333,0.2444,0.5215,0.0
very_strong,0.7,5,MAP_RELATION+UNIT_TRACK+STEP_COMPUTE+UNCERTAINTY_BOUND+DANGER_CHECK,0.1347,0.402,0.5354,0.2708,0.6042,0.0
strong,0.46,6,MAP_RELATION+STEP_COMPUTE+VERIFY_RESULT+COMPARE_AXES+UNCERTAINTY_BOUND+ORIGINAL_TASK_RETURN,0.134,0.4033,0.5569,0.2715,0.5396,0.0222
saturated,0.95,5,SOURCE_BOUNDARY+MAP_RELATION+STEP_COMPUTE+VERIFY_RESULT+COMPARE_AXES,0.134,0.4436,0.5611,0.2604,0.6681,0.0167
strong,0.46,8,EXTRACT_GIVENS+SOURCE_BOUNDARY+UNIT_TRACK+STEP_COMPUTE+COMPARE_AXES+UNCERTAINTY_BOUND+ORIGINAL_TASK_RETURN+DANGER_CHECK,0.134,0.4018,0.5625,0.2576,0.7188,0.0167
saturated,0.95,4,EXTRACT_GIVENS+STEP_COMPUTE+UNCERTAINTY_BOUND+DANGER_CHECK,0.134,0.4601,0.6174,0.2264,0.4986,0.0111
standard,0.24,7,EXTRACT_GIVENS+SOURCE_BOUNDARY+MAP_RELATION+STEP_COMPUTE+VERIFY_RESULT+UNCERTAINTY_BOUND+ORIGINAL_TASK_RETURN,0.134,0.4093,0.6424,0.2431,0.4111,0.0111
standard,0.24,6,EXTRACT_GIVENS+MAP_RELATION+UNIT_TRACK+VERIFY_RESULT+UNCERTAINTY_BOUND+DANGER_CHECK,0.134,0.4084,0.6646,0.2549,0.3792,0.0111
saturated,0.95,4,EXTRACT_GIVENS+UNIT_TRACK+STEP_COMPUTE+DANGER_CHECK,0.134,0.4093,0.6278,0.2819,0.6521,0.0056
strong,0.46,6,EXTRACT_GIVENS+SOURCE_BOUNDARY+MAP_RELATION+UNIT_TRACK+UNCERTAINTY_BOUND+DANGER_CHECK,0.1333,0.4314,0.6028,0.2375,0.5243,0.0389
very_strong,0.7,5,VERIFY_RESULT+COMPARE_AXES+UNCERTAINTY_BOUND+ORIGINAL_TASK_RETURN+DANGER_CHECK,0.1333,0.4136,0.5806,0.241,0.5847,0.0167
very_strong,0.7,5,SOURCE_BOUNDARY+MAP_RELATION+VERIFY_RESULT+UNCERTAINTY_BOUND+ORIGINAL_TASK_RETURN,0.1333,0.4637,0.5986,0.2354,0.4854,0.0111
saturated,0.95,4,MAP_RELATION+VERIFY_RESULT+UNCERTAINTY_BOUND+ORIGINAL_TASK_RETURN,0.1333,0.4585,0.6243,0.2132,0.4306,0.0056
very_strong,0.7,4,EXTRACT_GIVENS+SOURCE_BOUNDARY+VERIFY_RESULT+COMPARE_AXES,0.1326,0.4476,0.6104,0.25,0.5035,0.05
saturated,0.95,8,SOURCE_BOUNDARY+MAP_RELATION+UNIT_TRACK+STEP_COMPUTE+COMPARE_AXES+UNCERTAINTY_BOUND+ORIGINAL_TASK_RETURN+DANGER_CHECK,0.1326,0.4743,0.5597,0.2181,0.9472,0.0444
strong,0.46,5,EXTRACT_GIVENS+VERIFY_RESULT+COMPARE_AXES+ORIGINAL_TASK_RETURN+DANGER_CHECK,0.1326,0.4464,0.6465,0.216,0.5097,0.0444
saturated,0.95,6,UNIT_TRACK+STEP_COMPUTE+VERIFY_RESULT+COMPARE_AXES+ORIGINAL_TASK_RETURN+DANGER_CHECK,0.1326,0.4547,0.6264,0.2375,0.8222,0.0389
strong,0.46,7,SOURCE_BOUNDARY+MAP_RELATION+UNIT_TRACK+STEP_COMPUTE+VERIFY_RESULT+COMPARE_AXES+UNCERTAINTY_BOUND,0.1326,0.3945,0.4944,0.2924,0.6375,0.0111
very_strong,0.7,5,EXTRACT_GIVENS+UNIT_TRACK+STEP_COMPUTE+ORIGINAL_TASK_RETURN+DANGER_CHECK,0.1326,0.4287,0.6153,0.2681,0.6104,0.0056
strong,0.46,6,EXTRACT_GIVENS+MAP_RELATION+STEP_COMPUTE+COMPARE_AXES+ORIGINAL_TASK_RETURN+DANGER_CHECK,0.1326,0.4127,0.5875,0.2771,0.5396,0.0056
standard,0.24,7,EXTRACT_GIVENS+SOURCE_BOUNDARY+MAP_RELATION+UNIT_TRACK+STEP_COMPUTE+VERIFY_RESULT+ORIGINAL_TASK_RETURN,0.1326,0.3817,0.616,0.2486,0.4972,0.0056
strong,0.46,6,EXTRACT_GIVENS+SOURCE_BOUNDARY+COMPARE_AXES+UNCERTAINTY_BOUND+ORIGINAL_TASK_RETURN+DANGER_CHECK,0.1326,0.3634,0.5868,0.2938,0.6215,0.0056
very_strong,0.7,5,EXTRACT_GIVENS+SOURCE_BOUNDARY+MAP_RELATION+STEP_COMPUTE+COMPARE_AXES,0.1326,0.4334,0.5361,0.2687,0.5965,0.0
standard,0.24,5,EXTRACT_GIVENS+MAP_RELATION+STEP_COMPUTE+VERIFY_RESULT+ORIGINAL_TASK_RETURN,0.1326,0.3789,0.6569,0.2806,0.3632,0.0
strong,0.46,5,EXTRACT_GIVENS+SOURCE_BOUNDARY+VERIFY_RESULT+COMPARE_AXES+DANGER_CHECK,0.1319,0.4465,0.6438,0.2278,0.5208,0.0278
saturated,0.95,4,EXTRACT_GIVENS+MAP_RELATION+ORIGINAL_TASK_RETURN+DANGER_CHECK,0.1319,0.463,0.6583,0.2167,0.4632,0.0222
very_strong,0.7,5,SOURCE_BOUNDARY+UNIT_TRACK+STEP_COMPUTE+VERIFY_RESULT+DANGER_CHECK,0.1319,0.4374,0.5785,0.2479,0.6354,0.0167
strong,0.46,4,EXTRACT_GIVENS+SOURCE_BOUNDARY+STEP_COMPUTE+VERIFY_RESULT,0.1319,0.4053,0.6028,0.2847,0.4264,0.0111
very_strong,0.7,7,EXTRACT_GIVENS+SOURCE_BOUNDARY+UNIT_TRACK+STEP_COMPUTE+COMPARE_AXES+UNCERTAINTY_BOUND+ORIGINAL_TASK_RETURN,0.1319,0.4283,0.5437,0.2708,0.7806,0.0056
strong,0.46,4,EXTRACT_GIVENS+MAP_RELATION+STEP_COMPUTE+UNCERTAINTY_BOUND,0.1319,0.3771,0.5431,0.2938,0.3854,0.0
saturated,0.95,6,EXTRACT_GIVENS+SOURCE_BOUNDARY+STEP_COMPUTE+COMPARE_AXES+ORIGINAL_TASK_RETURN+DANGER_CHECK,0.1313,0.456,0.6347,0.2424,0.8028,0.0278
very_strong,0.7,6,SOURCE_BOUNDARY+MAP_RELATION+UNIT_TRACK+VERIFY_RESULT+COMPARE_AXES+DANGER_CHECK,0.1313,0.4727,0.5729,0.2306,0.6611,0.0222
very_strong,0.7,6,EXTRACT_GIVENS+SOURCE_BOUNDARY+MAP_RELATION+UNIT_TRACK+UNCERTAINTY_BOUND+ORIGINAL_TASK_RETURN,0.1313,0.4677,0.5729,0.2368,0.6125,0.0167
very_strong,0.7,3,MAP_RELATION+VERIFY_RESULT+DANGER_CHECK,0.1313,0.4348,0.6049,0.2361,0.4049,0.0111
saturated,0.95,5,EXTRACT_GIVENS+SOURCE_BOUNDARY+COMPARE_AXES+ORIGINAL_TASK_RETURN+DANGER_CHECK,0.1313,0.3903,0.6076,0.3007,0.691,0.0111
very_strong,0.7,4,EXTRACT_GIVENS+STEP_COMPUTE+UNCERTAINTY_BOUND+DANGER_CHECK,0.1313,0.4427,0.6132,0.2576,0.4597,0.0056
strong,0.46,4,MAP_RELATION+STEP_COMPUTE+VERIFY_RESULT+ORIGINAL_TASK_RETURN,0.1313,0.3834,0.575,0.2611,0.4556,0.0056
saturated,0.95,5,EXTRACT_GIVENS+UNIT_TRACK+VERIFY_RESULT+COMPARE_AXES+ORIGINAL_TASK_RETURN,0.1306,0.4617,0.6653,0.2556,0.6625,0.0667
saturated,0.95,6,SOURCE_BOUNDARY+MAP_RELATION+UNIT_TRACK+VERIFY_RESULT+COMPARE_AXES+UNCERTAINTY_BOUND,0.1306,0.4702,0.5597,0.2319,0.7368,0.0333
saturated,0.95,6,UNIT_TRACK+STEP_COMPUTE+VERIFY_RESULT+COMPARE_AXES+UNCERTAINTY_BOUND+ORIGINAL_TASK_RETURN,0.1306,0.4336,0.5792,0.2319,0.7729,0.0111
saturated,0.95,5,EXTRACT_GIVENS+UNIT_TRACK+STEP_COMPUTE+COMPARE_AXES+DANGER_CHECK,0.1306,0.4194,0.6056,0.2785,0.7729,0.0
saturated,0.95,5,EXTRACT_GIVENS+UNIT_TRACK+STEP_COMPUTE+COMPARE_AXES+UNCERTAINTY_BOUND,0.1306,0.4007,0.5271,0.3167,0.7382,0.0
strong,0.46,5,SOURCE_BOUNDARY+MAP_RELATION+UNIT_TRACK+STEP_COMPUTE+VERIFY_RESULT,0.1306,0.3761,0.5278,0.325,0.5271,0.0
very_strong,0.7,8,SOURCE_BOUNDARY+MAP_RELATION+UNIT_TRACK+STEP_COMPUTE+COMPARE_AXES+UNCERTAINTY_BOUND+ORIGINAL_TASK_RETURN+DANGER_CHECK,0.1299,0.4529,0.5576,0.2479,0.8458,0.05
very_strong,0.7,6,EXTRACT_GIVENS+SOURCE_BOUNDARY+MAP_RELATION+COMPARE_AXES+UNCERTAINTY_BOUND+ORIGINAL_TASK_RETURN,0.1299,0.4568,0.584,0.2444,0.6278,0.0444
strong,0.46,6,MAP_RELATION+VERIFY_RESULT+COMPARE_AXES+UNCERTAINTY_BOUND+ORIGINAL_TASK_RETURN+DANGER_CHECK,0.1299,0.4331,0.5951,0.2368,0.5035,0.0444
strong,0.46,5,MAP_RELATION+UNIT_TRACK+VERIFY_RESULT+UNCERTAINTY_BOUND+DANGER_CHECK,0.1299,0.42,0.5868,0.2472,0.4569,0.0389
saturated,0.95,6,EXTRACT_GIVENS+SOURCE_BOUNDARY+STEP_COMPUTE+COMPARE_AXES+UNCERTAINTY_BOUND+ORIGINAL_TASK_RETURN,0.1299,0.4401,0.5813,0.2507,0.7326,0.0167
standard,0.24,8,EXTRACT_GIVENS+SOURCE_BOUNDARY+MAP_RELATION+UNIT_TRACK+STEP_COMPUTE+VERIFY_RESULT+COMPARE_AXES+UNCERTAINTY_BOUND,0.1299,0.3697,0.5847,0.2882,0.509,0.0167
saturated,0.95,4,MAP_RELATION+UNIT_TRACK+VERIFY_RESULT+ORIGINAL_TASK_RETURN,0.1299,0.4162,0.584,0.2486,0.5521,0.0
very_strong,0.7,4,MAP_RELATION+UNIT_TRACK+VERIFY_RESULT+ORIGINAL_TASK_RETURN,0.1299,0.3974,0.5563,0.2736,0.5056,0.0
very_strong,0.7,4,EXTRACT_GIVENS+UNIT_TRACK+STEP_COMPUTE+UNCERTAINTY_BOUND,0.1299,0.3767,0.5125,0.3167,0.5347,0.0
very_strong,0.7,7,SOURCE_BOUNDARY+MAP_RELATION+UNIT_TRACK+VERIFY_RESULT+COMPARE_AXES+UNCERTAINTY_BOUND+ORIGINAL_TASK_RETURN,0.1292,0.4751,0.559,0.2271,0.734,0.0444
strong,0.46,6,EXTRACT_GIVENS+SOURCE_BOUNDARY+STEP_COMPUTE+VERIFY_RESULT+COMPARE_AXES+ORIGINAL_TASK_RETURN,0.1292,0.4367,0.6076,0.2472,0.5368,0.0389
standard,0.24,9,EXTRACT_GIVENS+SOURCE_BOUNDARY+MAP_RELATION+UNIT_TRACK+STEP_COMPUTE+VERIFY_RESULT+COMPARE_AXES+UNCERTAINTY_BOUND+ORIGINAL_TASK_RETURN,0.1292,0.3913,0.5972,0.2556,0.5306,0.0389
strong,0.46,7,SOURCE_BOUNDARY+MAP_RELATION+STEP_COMPUTE+VERIFY_RESULT+COMPARE_AXES+UNCERTAINTY_BOUND+ORIGINAL_TASK_RETURN,0.1292,0.4189,0.5375,0.2396,0.6042,0.0333
very_strong,0.7,5,EXTRACT_GIVENS+SOURCE_BOUNDARY+MAP_RELATION+COMPARE_AXES+UNCERTAINTY_BOUND,0.1292,0.4275,0.5389,0.2792,0.5618,0.0111
standard,0.24,6,EXTRACT_GIVENS+MAP_RELATION+STEP_COMPUTE+VERIFY_RESULT+COMPARE_AXES+DANGER_CHECK,0.1292,0.4057,0.6375,0.2361,0.4069,0.0111
strong,0.46,4,EXTRACT_GIVENS+VERIFY_RESULT+COMPARE_AXES+DANGER_CHECK,0.1285,0.4188,0.6368,0.2465,0.4736,0.05
strong,0.46,5,EXTRACT_GIVENS+SOURCE_BOUNDARY+MAP_RELATION+UNCERTAINTY_BOUND+DANGER_CHECK,0.1285,0.4229,0.5882,0.2417,0.4479,0.0389
strong,0.46,5,MAP_RELATION+STEP_COMPUTE+VERIFY_RESULT+COMPARE_AXES+DANGER_CHECK,0.1285,0.413,0.591,0.2583,0.4826,0.0167
very_strong,0.7,6,EXTRACT_GIVENS+UNIT_TRACK+STEP_COMPUTE+COMPARE_AXES+ORIGINAL_TASK_RETURN+DANGER_CHECK,0.1285,0.4243,0.5861,0.2625,0.7153,0.0111
saturated,0.95,6,EXTRACT_GIVENS+SOURCE_BOUNDARY+UNIT_TRACK+STEP_COMPUTE+UNCERTAINTY_BOUND+ORIGINAL_TASK_RETURN,0.1285,0.4454,0.5868,0.2507,0.7819,0.0056
very_strong,0.7,5,MAP_RELATION+UNIT_TRACK+VERIFY_RESULT+COMPARE_AXES+DANGER_CHECK,0.1285,0.4394,0.5882,0.2521,0.6104,0.0056
strong,0.46,7,EXTRACT_GIVENS+SOURCE_BOUNDARY+MAP_RELATION+UNIT_TRACK+STEP_COMPUTE+COMPARE_AXES+UNCERTAINTY_BOUND,0.1285,0.3906,0.5181,0.3076,0.6347,0.0056
strong,0.46,7,EXTRACT_GIVENS+SOURCE_BOUNDARY+UNIT_TRACK+COMPARE_AXES+UNCERTAINTY_BOUND+ORIGINAL_TASK_RETURN+DANGER_CHECK,0.1285,0.364,0.584,0.2889,0.6694,0.0056
standard,0.24,8,EXTRACT_GIVENS+SOURCE_BOUNDARY+MAP_RELATION+STEP_COMPUTE+VERIFY_RESULT+COMPARE_AXES+UNCERTAINTY_BOUND+DANGER_CHECK,0.1278,0.4347,0.6389,0.2292,0.4396,0.0556
standard,0.24,9,EXTRACT_GIVENS+SOURCE_BOUNDARY+MAP_RELATION+UNIT_TRACK+VERIFY_RESULT+COMPARE_AXES+UNCERTAINTY_BOUND+ORIGINAL_TASK_RETURN+DANGER_CHECK,0.1278,0.4104,0.6417,0.2306,0.5569,0.05
standard,0.24,6,EXTRACT_GIVENS+MAP_RELATION+UNIT_TRACK+VERIFY_RESULT+ORIGINAL_TASK_RETURN+DANGER_CHECK,0.1278,0.4094,0.6694,0.2104,0.4188,0.0278
very_strong,0.7,6,SOURCE_BOUNDARY+STEP_COMPUTE+VERIFY_RESULT+COMPARE_AXES+UNCERTAINTY_BOUND+ORIGINAL_TASK_RETURN,0.1278,0.4352,0.5806,0.2514,0.7278,0.0167
saturated,0.95,4,EXTRACT_GIVENS+MAP_RELATION+UNIT_TRACK+ORIGINAL_TASK_RETURN,0.1278,0.3928,0.5833,0.2542,0.5375,0.0167
very_strong,0.7,4,EXTRACT_GIVENS+UNIT_TRACK+VERIFY_RESULT+COMPARE_AXES,0.1278,0.4247,0.5917,0.2653,0.5507,0.0111
saturated,0.95,5,MAP_RELATION+UNIT_TRACK+VERIFY_RESULT+COMPARE_AXES+UNCERTAINTY_BOUND,0.1278,0.4336,0.5326,0.259,0.65,0.0
strong,0.46,5,EXTRACT_GIVENS+UNIT_TRACK+VERIFY_RESULT+COMPARE_AXES+UNCERTAINTY_BOUND,0.1278,0.3979,0.5896,0.2743,0.5076,0.0
very_strong,0.7,5,EXTRACT_GIVENS+UNIT_TRACK+STEP_COMPUTE+COMPARE_AXES+UNCERTAINTY_BOUND,0.1278,0.3877,0.4993,0.3153,0.6681,0.0
strong,0.46,5,EXTRACT_GIVENS+MAP_RELATION+STEP_COMPUTE+COMPARE_AXES+UNCERTAINTY_BOUND,0.1278,0.3735,0.5222,0.3139,0.4944,0.0
standard,0.24,7,EXTRACT_GIVENS+SOURCE_BOUNDARY+MAP_RELATION+UNIT_TRACK+VERIFY_RESULT+UNCERTAINTY_BOUND+DANGER_CHECK,0.1271,0.4188,0.6479,0.2264,0.4076,0.0556
standard,0.24,7,EXTRACT_GIVENS+MAP_RELATION+STEP_COMPUTE+VERIFY_RESULT+COMPARE_AXES+ORIGINAL_TASK_RETURN+DANGER_CHECK,0.1271,0.4094,0.6833,0.2493,0.4375,0.0389
very_strong,0.7,5,EXTRACT_GIVENS+MAP_RELATION+COMPARE_AXES+ORIGINAL_TASK_RETURN+DANGER_CHECK,0.1271,0.4475,0.6049,0.2306,0.5403,0.0111
saturated,0.95,4,EXTRACT_GIVENS+SOURCE_BOUNDARY+MAP_RELATION+UNCERTAINTY_BOUND,0.1271,0.433,0.5736,0.2792,0.4889,0.0056
very_strong,0.7,6,EXTRACT_GIVENS+SOURCE_BOUNDARY+UNIT_TRACK+STEP_COMPUTE+UNCERTAINTY_BOUND+ORIGINAL_TASK_RETURN,0.1271,0.4247,0.5486,0.2736,0.6785,0.0056
strong,0.46,5,EXTRACT_GIVENS+SOURCE_BOUNDARY+UNIT_TRACK+VERIFY_RESULT+ORIGINAL_TASK_RETURN,0.1271,0.4145,0.6486,0.2694,0.5062,0.0
strong,0.46,6,UNIT_TRACK+STEP_COMPUTE+VERIFY_RESULT+UNCERTAINTY_BOUND+ORIGINAL_TASK_RETURN+DANGER_CHECK,0.1264,0.4163,0.5889,0.2181,0.5625,0.0444
strong,0.46,6,SOURCE_BOUNDARY+MAP_RELATION+STEP_COMPUTE+VERIFY_RESULT+COMPARE_AXES+DANGER_CHECK,0.1264,0.4255,0.5722,0.2576,0.5486,0.0222
standard,0.24,6,EXTRACT_GIVENS+MAP_RELATION+UNIT_TRACK+STEP_COMPUTE+VERIFY_RESULT+COMPARE_AXES,0.1264,0.3389,0.5549,0.3083,0.4299,0.0056
very_strong,0.7,6,EXTRACT_GIVENS+SOURCE_BOUNDARY+UNIT_TRACK+STEP_COMPUTE+COMPARE_AXES+UNCERTAINTY_BOUND,0.1264,0.4112,0.5431,0.2903,0.741,0.0
saturated,0.95,6,MAP_RELATION+UNIT_TRACK+STEP_COMPUTE+COMPARE_AXES+UNCERTAINTY_BOUND+DANGER_CHECK,0.1264,0.4082,0.5049,0.2493,0.8187,0.0
very_strong,0.7,4,UNIT_TRACK+STEP_COMPUTE+VERIFY_RESULT+UNCERTAINTY_BOUND,0.1264,0.376,0.5118,0.2847,0.5444,0.0
strong,0.46,4,EXTRACT_GIVENS+VERIFY_RESULT+ORIGINAL_TASK_RETURN+DANGER_CHECK,0.1257,0.4434,0.6701,0.2188,0.4181,0.0611
very_strong,0.7,6,MAP_RELATION+UNIT_TRACK+VERIFY_RESULT+COMPARE_AXES+UNCERTAINTY_BOUND+ORIGINAL_TASK_RETURN,0.1257,0.443,0.5576,0.2431,0.6153,0.0556
strong,0.46,6,EXTRACT_GIVENS+UNIT_TRACK+VERIFY_RESULT+COMPARE_AXES+UNCERTAINTY_BOUND+ORIGINAL_TASK_RETURN,0.1257,0.4131,0.5882,0.2431,0.5361,0.0333
strong,0.46,5,EXTRACT_GIVENS+SOURCE_BOUNDARY+MAP_RELATION+STEP_COMPUTE+DANGER_CHECK,0.1257,0.411,0.5931,0.2757,0.4681,0.0222
standard,0.24,8,EXTRACT_GIVENS+SOURCE_BOUNDARY+MAP_RELATION+STEP_COMPUTE+VERIFY_RESULT+COMPARE_AXES+UNCERTAINTY_BOUND+ORIGINAL_TASK_RETURN,0.1257,0.4064,0.6181,0.2424,0.4771,0.0222
strong,0.46,6,SOURCE_BOUNDARY+MAP_RELATION+VERIFY_RESULT+COMPARE_AXES+UNCERTAINTY_BOUND+DANGER_CHECK,0.1257,0.4291,0.575,0.2368,0.5056,0.0167
very_strong,0.7,5,EXTRACT_GIVENS+SOURCE_BOUNDARY+MAP_RELATION+UNIT_TRACK+UNCERTAINTY_BOUND,0.1257,0.4336,0.5368,0.2646,0.5778,0.0111
very_strong,0.7,5,MAP_RELATION+UNIT_TRACK+VERIFY_RESULT+COMPARE_AXES+UNCERTAINTY_BOUND,0.1257,0.4122,0.5229,0.284,0.5535,0.0111
saturated,0.95,4,SOURCE_BOUNDARY+VERIFY_RESULT+UNCERTAINTY_BOUND+DANGER_CHECK,0.1257,0.421,0.6104,0.2549,0.5424,0.0056
strong,0.46,4,EXTRACT_GIVENS+UNIT_TRACK+VERIFY_RESULT+UNCERTAINTY_BOUND,0.1257,0.4046,0.5903,0.2639,0.4389,0.0056
strong,0.46,4,EXTRACT_GIVENS+STEP_COMPUTE+VERIFY_RESULT+COMPARE_AXES,0.1257,0.3958,0.5938,0.275,0.459,0.0056
very_strong,0.7,4,EXTRACT_GIVENS+MAP_RELATION+COMPARE_AXES+DANGER_CHECK,0.1257,0.42,0.6,0.2736,0.4903,0.0
very_strong,0.7,4,EXTRACT_GIVENS+MAP_RELATION+COMPARE_AXES+UNCERTAINTY_BOUND,0.1257,0.3943,0.5285,0.3076,0.4757,0.0
saturated,0.95,4,EXTRACT_GIVENS+VERIFY_RESULT+COMPARE_AXES+ORIGINAL_TASK_RETURN,0.125,0.4719,0.6632,0.216,0.5556,0.0833
very_strong,0.7,5,EXTRACT_GIVENS+SOURCE_BOUNDARY+MAP_RELATION+UNCERTAINTY_BOUND+ORIGINAL_TASK_RETURN,0.125,0.4538,0.6,0.2451,0.5014,0.0611
standard,0.24,8,EXTRACT_GIVENS+SOURCE_BOUNDARY+MAP_RELATION+UNIT_TRACK+VERIFY_RESULT+UNCERTAINTY_BOUND+ORIGINAL_TASK_RETURN+DANGER_CHECK,0.125,0.4351,0.6757,0.2201,0.4278,0.0444
saturated,0.95,6,MAP_RELATION+UNIT_TRACK+VERIFY_RESULT+COMPARE_AXES+UNCERTAINTY_BOUND+ORIGINAL_TASK_RETURN,0.125,0.4723,0.6028,0.2208,0.6972,0.0278
saturated,0.95,5,UNIT_TRACK+STEP_COMPUTE+VERIFY_RESULT+COMPARE_AXES+DANGER_CHECK,0.125,0.4136,0.5861,0.2556,0.7424,0.0222
strong,0.46,6,SOURCE_BOUNDARY+UNIT_TRACK+VERIFY_RESULT+UNCERTAINTY_BOUND+ORIGINAL_TASK_RETURN+DANGER_CHECK,0.125,0.3808,0.5771,0.2681,0.6146,0.0222
strong,0.46,6,SOURCE_BOUNDARY+MAP_RELATION+STEP_COMPUTE+VERIFY_RESULT+COMPARE_AXES+UNCERTAINTY_BOUND,0.125,0.3971,0.5278,0.2632,0.5604,0.0167
very_strong,0.7,4,MAP_RELATION+UNIT_TRACK+VERIFY_RESULT+UNCERTAINTY_BOUND,0.125,0.4112,0.5292,0.2583,0.4722,0.0056
very_strong,0.7,6,SOURCE_BOUNDARY+MAP_RELATION+STEP_COMPUTE+UNCERTAINTY_BOUND+ORIGINAL_TASK_RETURN+DANGER_CHECK,0.1243,0.4413,0.5819,0.2361,0.6306,0.0556
strong,0.46,5,EXTRACT_GIVENS+MAP_RELATION+UNCERTAINTY_BOUND+ORIGINAL_TASK_RETURN+DANGER_CHECK,0.1243,0.4202,0.6264,0.2382,0.4451,0.0389
strong,0.46,7,EXTRACT_GIVENS+SOURCE_BOUNDARY+UNIT_TRACK+STEP_COMPUTE+UNCERTAINTY_BOUND+ORIGINAL_TASK_RETURN+DANGER_CHECK,0.1243,0.4112,0.5972,0.2646,0.6278,0.0167
strong,0.46,7,EXTRACT_GIVENS+SOURCE_BOUNDARY+MAP_RELATION+STEP_COMPUTE+COMPARE_AXES+UNCERTAINTY_BOUND+ORIGINAL_TASK_RETURN,0.1243,0.4096,0.5653,0.2632,0.5507,0.0167
very_strong,0.7,4,SOURCE_BOUNDARY+VERIFY_RESULT+UNCERTAINTY_BOUND+DANGER_CHECK,0.1243,0.4094,0.5722,0.2604,0.4972,0.0111
saturated,0.95,4,EXTRACT_GIVENS+UNIT_TRACK+VERIFY_RESULT+COMPARE_AXES,0.1243,0.4354,0.6076,0.2597,0.5729,0.0056
saturated,0.95,6,EXTRACT_GIVENS+SOURCE_BOUNDARY+UNIT_TRACK+STEP_COMPUTE+COMPARE_AXES+UNCERTAINTY_BOUND,0.1243,0.4259,0.5312,0.2847,0.8715,0.0
very_strong,0.7,4,UNIT_TRACK+STEP_COMPUTE+VERIFY_RESULT+DANGER_CHECK,0.1243,0.4048,0.5931,0.2639,0.5743,0.0
strong,0.46,5,EXTRACT_GIVENS+UNIT_TRACK+STEP_COMPUTE+UNCERTAINTY_BOUND+DANGER_CHECK,0.1243,0.3747,0.5458,0.2674,0.5056,0.0
saturated,0.95,3,UNIT_TRACK+STEP_COMPUTE+VERIFY_RESULT,0.1243,0.3426,0.5319,0.3194,0.5729,0.0
very_strong,0.7,5,STEP_COMPUTE+VERIFY_RESULT+COMPARE_AXES+UNCERTAINTY_BOUND+DANGER_CHECK,0.1236,0.4498,0.5868,0.2313,0.5958,0.0444
saturated,0.95,5,SOURCE_BOUNDARY+UNIT_TRACK+VERIFY_RESULT+UNCERTAINTY_BOUND+DANGER_CHECK,0.1236,0.4487,0.6208,0.2229,0.6687,0.0167
saturated,0.95,4,VERIFY_RESULT+UNCERTAINTY_BOUND+ORIGINAL_TASK_RETURN+DANGER_CHECK,0.1236,0.4341,0.6438,0.2278,0.4701,0.0167
very_strong,0.7,5,UNIT_TRACK+STEP_COMPUTE+VERIFY_RESULT+COMPARE_AXES+DANGER_CHECK,0.1236,0.4001,0.5299,0.275,0.6701,0.0167
very_strong,0.7,6,UNIT_TRACK+STEP_COMPUTE+VERIFY_RESULT+COMPARE_AXES+ORIGINAL_TASK_RETURN+DANGER_CHECK,0.1236,0.4372,0.6042,0.2507,0.7285,0.0111
saturated,0.95,3,EXTRACT_GIVENS+MAP_RELATION+DANGER_CHECK,0.1236,0.4186,0.6222,0.2722,0.3958,0.0111
strong,0.46,6,EXTRACT_GIVENS+SOURCE_BOUNDARY+MAP_RELATION+STEP_COMPUTE+COMPARE_AXES+UNCERTAINTY_BOUND,0.1236,0.3944,0.5326,0.2917,0.541,0.0056
saturated,0.95,4,EXTRACT_GIVENS+UNIT_TRACK+STEP_COMPUTE+ORIGINAL_TASK_RETURN,0.1236,0.3595,0.5722,0.2972,0.6444,0.0056
strong,0.46,4,SOURCE_BOUNDARY+VERIFY_RESULT+ORIGINAL_TASK_RETURN+DANGER_CHECK,0.1236,0.3451,0.6014,0.2819,0.5326,0.0056
very_strong,0.7,6,MAP_RELATION+UNIT_TRACK+STEP_COMPUTE+COMPARE_AXES+UNCERTAINTY_BOUND+DANGER_CHECK,0.1236,0.3895,0.4958,0.291,0.7146,0.0
saturated,0.95,4,UNIT_TRACK+STEP_COMPUTE+VERIFY_RESULT+ORIGINAL_TASK_RETURN,0.1236,0.3735,0.5875,0.2799,0.6569,0.0
very_strong,0.7,5,MAP_RELATION+UNIT_TRACK+STEP_COMPUTE+UNCERTAINTY_BOUND+ORIGINAL_TASK_RETURN,0.1236,0.3337,0.4875,0.3243,0.6583,0.0
strong,0.46,6,EXTRACT_GIVENS+SOURCE_BOUNDARY+STEP_COMPUTE+UNCERTAINTY_BOUND+ORIGINAL_TASK_RETURN+DANGER_CHECK,0.1229,0.4126,0.6243,0.2424,0.541,0.05
strong,0.46,5,EXTRACT_GIVENS+VERIFY_RESULT+COMPARE_AXES+UNCERTAINTY_BOUND+ORIGINAL_TASK_RETURN,0.1229,0.4294,0.6479,0.2278,0.5014,0.0389
saturated,0.95,7,SOURCE_BOUNDARY+MAP_RELATION+STEP_COMPUTE+COMPARE_AXES+UNCERTAINTY_BOUND+ORIGINAL_TASK_RETURN+DANGER_CHECK,0.1229,0.4555,0.5785,0.2319,0.8063,0.0333
saturated,0.95,6,EXTRACT_GIVENS+SOURCE_BOUNDARY+UNIT_TRACK+STEP_COMPUTE+COMPARE_AXES+DANGER_CHECK,0.1229,0.4391,0.584,0.2556,0.8812,0.0333
strong,0.46,6,SOURCE_BOUNDARY+UNIT_TRACK+STEP_COMPUTE+VERIFY_RESULT+UNCERTAINTY_BOUND+DANGER_CHECK,0.1229,0.4074,0.566,0.2569,0.5444,0.0333
saturated,0.95,5,EXTRACT_GIVENS+SOURCE_BOUNDARY+UNIT_TRACK+UNCERTAINTY_BOUND+DANGER_CHECK,0.1229,0.428,0.5896,0.2556,0.6292,0.0278
strong,0.46,7,UNIT_TRACK+STEP_COMPUTE+VERIFY_RESULT+COMPARE_AXES+UNCERTAINTY_BOUND+ORIGINAL_TASK_RETURN+DANGER_CHECK,0.1229,0.4112,0.5875,0.25,0.6451,0.0278
very_strong,0.7,6,EXTRACT_GIVENS+MAP_RELATION+UNIT_TRACK+COMPARE_AXES+UNCERTAINTY_BOUND+ORIGINAL_TASK_RETURN,0.1229,0.4365,0.5479,0.2535,0.6604,0.0167
very_strong,0.7,5,EXTRACT_GIVENS+SOURCE_BOUNDARY+STEP_COMPUTE+COMPARE_AXES+UNCERTAINTY_BOUND,0.1229,0.381,0.5201,0.3069,0.6257,0.0
very_strong,0.7,5,EXTRACT_GIVENS+SOURCE_BOUNDARY+UNIT_TRACK+VERIFY_RESULT+COMPARE_AXES,0.1222,0.4432,0.5806,0.2632,0.5979,0.0389
saturated,0.95,4,MAP_RELATION+VERIFY_RESULT+COMPARE_AXES+DANGER_CHECK,0.1222,0.4432,0.6042,0.2292,0.5368,0.0222
saturated,0.95,4,SOURCE_BOUNDARY+STEP_COMPUTE+VERIFY_RESULT+DANGER_CHECK,0.1222,0.4406,0.609,0.2375,0.5792,0.0167
strong,0.46,3,EXTRACT_GIVENS+VERIFY_RESULT+UNCERTAINTY_BOUND,0.1222,0.3937,0.6007,0.2771,0.3569,0.0111
strong,0.46,5,SOURCE_BOUNDARY+STEP_COMPUTE+VERIFY_RESULT+ORIGINAL_TASK_RETURN+DANGER_CHECK,0.1222,0.3802,0.6076,0.2701,0.5431,0.0111
very_strong,0.7,5,EXTRACT_GIVENS+UNIT_TRACK+UNCERTAINTY_BOUND+ORIGINAL_TASK_RETURN+DANGER_CHECK,0.1222,0.4122,0.5931,0.2653,0.5833,0.0056
saturated,0.95,4,EXTRACT_GIVENS+SOURCE_BOUNDARY+STEP_COMPUTE+UNCERTAINTY_BOUND,0.1222,0.4057,0.5583,0.2729,0.5472,0.0056
very_strong,0.7,5,EXTRACT_GIVENS+UNIT_TRACK+STEP_COMPUTE+COMPARE_AXES+DANGER_CHECK,0.1222,0.3943,0.5681,0.3042,0.6785,0.0056
standard,0.24,6,EXTRACT_GIVENS+SOURCE_BOUNDARY+MAP_RELATION+STEP_COMPUTE+VERIFY_RESULT+ORIGINAL_TASK_RETURN,0.1222,0.3981,0.6438,0.2458,0.4139,0.0
saturated,0.95,5,MAP_RELATION+UNIT_TRACK+STEP_COMPUTE+ORIGINAL_TASK_RETURN+DANGER_CHECK,0.1222,0.3706,0.5507,0.3,0.7312,0.0
saturated,0.95,5,SOURCE_BOUNDARY+MAP_RELATION+VERIFY_RESULT+COMPARE_AXES+UNCERTAINTY_BOUND,0.1215,0.4524,0.5486,0.2354,0.5931,0.0444
very_strong,0.7,6,EXTRACT_GIVENS+SOURCE_BOUNDARY+UNIT_TRACK+STEP_COMPUTE+COMPARE_AXES+DANGER_CHECK,0.1215,0.4313,0.5882,0.2833,0.7118,0.0333
saturated,0.95,3,EXTRACT_GIVENS+MAP_RELATION+UNCERTAINTY_BOUND,0.1215,0.4262,0.5757,0.2507,0.3681,0.0056
very_strong,0.7,6,EXTRACT_GIVENS+UNIT_TRACK+STEP_COMPUTE+COMPARE_AXES+UNCERTAINTY_BOUND+ORIGINAL_TASK_RETURN,0.1215,0.3931,0.5437,0.3014,0.7174,0.0
strong,0.46,6,EXTRACT_GIVENS+STEP_COMPUTE+COMPARE_AXES+UNCERTAINTY_BOUND+ORIGINAL_TASK_RETURN+DANGER_CHECK,0.1208,0.3659,0.5681,0.2819,0.5861,0.0222
standard,0.24,8,EXTRACT_GIVENS+SOURCE_BOUNDARY+MAP_RELATION+UNIT_TRACK+STEP_COMPUTE+VERIFY_RESULT+COMPARE_AXES+DANGER_CHECK,0.1208,0.3918,0.6076,0.2625,0.4944,0.0167
strong,0.46,4,EXTRACT_GIVENS+VERIFY_RESULT+COMPARE_AXES+UNCERTAINTY_BOUND,0.1208,0.39,0.5667,0.25,0.4347,0.0056
saturated,0.95,4,EXTRACT_GIVENS+MAP_RELATION+UNCERTAINTY_BOUND+ORIGINAL_TASK_RETURN,0.1208,0.4451,0.6181,0.2278,0.4347,0.0
strong,0.46,5,MAP_RELATION+STEP_COMPUTE+VERIFY_RESULT+COMPARE_AXES+UNCERTAINTY_BOUND,0.1208,0.3858,0.5389,0.2792,0.4681,0.0
standard,0.24,4,EXTRACT_GIVENS+MAP_RELATION+STEP_COMPUTE+VERIFY_RESULT,0.1208,0.3526,0.5778,0.2785,0.3319,0.0
standard,0.24,8,EXTRACT_GIVENS+MAP_RELATION+UNIT_TRACK+VERIFY_RESULT+COMPARE_AXES+UNCERTAINTY_BOUND+ORIGINAL_TASK_RETURN+DANGER_CHECK,0.1201,0.4123,0.6514,0.2139,0.4813,0.0444
strong,0.46,7,EXTRACT_GIVENS+SOURCE_BOUNDARY+MAP_RELATION+STEP_COMPUTE+COMPARE_AXES+ORIGINAL_TASK_RETURN+DANGER_CHECK,0.1201,0.4292,0.5986,0.259,0.6243,0.0389
strong,0.46,6,MAP_RELATION+UNIT_TRACK+VERIFY_RESULT+COMPARE_AXES+UNCERTAINTY_BOUND+DANGER_CHECK,0.1201,0.4021,0.5757,0.2625,0.566,0.0389
very_strong,0.7,7,SOURCE_BOUNDARY+MAP_RELATION+STEP_COMPUTE+COMPARE_AXES+UNCERTAINTY_BOUND+ORIGINAL_TASK_RETURN+DANGER_CHECK,0.1201,0.4503,0.566,0.2146,0.7403,0.0278
saturated,0.95,5,EXTRACT_GIVENS+SOURCE_BOUNDARY+MAP_RELATION+UNIT_TRACK+ORIGINAL_TASK_RETURN,0.1201,0.425,0.6021,0.275,0.6625,0.0222
strong,0.46,7,EXTRACT_GIVENS+UNIT_TRACK+STEP_COMPUTE+COMPARE_AXES+UNCERTAINTY_BOUND+ORIGINAL_TASK_RETURN+DANGER_CHECK,0.1201,0.379,0.5924,0.2965,0.6556,0.0056
very_strong,0.7,7,SOURCE_BOUNDARY+MAP_RELATION+UNIT_TRACK+STEP_COMPUTE+UNCERTAINTY_BOUND+ORIGINAL_TASK_RETURN+DANGER_CHECK,0.1194,0.4402,0.5319,0.2347,0.7681,0.05
very_strong,0.7,6,SOURCE_BOUNDARY+UNIT_TRACK+STEP_COMPUTE+VERIFY_RESULT+COMPARE_AXES+DANGER_CHECK,0.1194,0.4278,0.5708,0.2806,0.7326,0.0333
very_strong,0.7,6,EXTRACT_GIVENS+SOURCE_BOUNDARY+STEP_COMPUTE+COMPARE_AXES+ORIGINAL_TASK_RETURN+DANGER_CHECK,0.1194,0.4414,0.5979,0.2569,0.6965,0.0278
very_strong,0.7,4,VERIFY_RESULT+UNCERTAINTY_BOUND+ORIGINAL_TASK_RETURN+DANGER_CHECK,0.1194,0.4131,0.6181,0.2514,0.4715,0.0278
saturated,0.95,4,SOURCE_BOUNDARY+STEP_COMPUTE+VERIFY_RESULT+UNCERTAINTY_BOUND,0.1194,0.415,0.5667,0.2646,0.5312,0.0222
saturated,0.95,6,UNIT_TRACK+VERIFY_RESULT+COMPARE_AXES+UNCERTAINTY_BOUND+ORIGINAL_TASK_RETURN+DANGER_CHECK,0.1194,0.4356,0.6215,0.2437,0.7299,0.0167
saturated,0.95,5,EXTRACT_GIVENS+UNIT_TRACK+UNCERTAINTY_BOUND+ORIGINAL_TASK_RETURN+DANGER_CHECK,0.1194,0.4333,0.6278,0.2333,0.6167,0.0111
strong,0.46,6,MAP_RELATION+UNIT_TRACK+VERIFY_RESULT+COMPARE_AXES+ORIGINAL_TASK_RETURN+DANGER_CHECK,0.1194,0.3925,0.5792,0.2507,0.6083,0.0111
saturated,0.95,5,STEP_COMPUTE+VERIFY_RESULT+COMPARE_AXES+ORIGINAL_TASK_RETURN+DANGER_CHECK,0.1194,0.4404,0.6556,0.2431,0.6757,0.0056
saturated,0.95,4,UNIT_TRACK+STEP_COMPUTE+VERIFY_RESULT+DANGER_CHECK,0.1194,0.4124,0.584,0.25,0.6035,0.0056
very_strong,0.7,6,SOURCE_BOUNDARY+MAP_RELATION+UNIT_TRACK+VERIFY_RESULT+COMPARE_AXES+ORIGINAL_TASK_RETURN,0.1194,0.4113,0.5333,0.2583,0.7132,0.0056
saturated,0.95,4,SOURCE_BOUNDARY+MAP_RELATION+VERIFY_RESULT+ORIGINAL_TASK_RETURN,0.1194,0.4212,0.6049,0.2549,0.5257,0.0
saturated,0.95,5,MAP_RELATION+UNIT_TRACK+STEP_COMPUTE+UNCERTAINTY_BOUND+ORIGINAL_TASK_RETURN,0.1194,0.3487,0.5,0.2972,0.7014,0.0
saturated,0.95,4,EXTRACT_GIVENS+SOURCE_BOUNDARY+MAP_RELATION+DANGER_CHECK,0.1187,0.4733,0.6347,0.2174,0.475,0.0722
saturated,0.95,4,EXTRACT_GIVENS+UNIT_TRACK+UNCERTAINTY_BOUND+DANGER_CHECK,0.1187,0.4121,0.6021,0.2507,0.5639,0.0167
saturated,0.95,5,MAP_RELATION+STEP_COMPUTE+UNCERTAINTY_BOUND+ORIGINAL_TASK_RETURN+DANGER_CHECK,0.1187,0.429,0.5972,0.2437,0.6042,0.0111
saturated,0.95,3,EXTRACT_GIVENS+MAP_RELATION+UNIT_TRACK,0.1187,0.3622,0.5132,0.3083,0.5083,0.0056
strong,0.46,5,EXTRACT_GIVENS+MAP_RELATION+UNIT_TRACK+UNCERTAINTY_BOUND+DANGER_CHECK,0.1187,0.3919,0.5653,0.2611,0.4542,0.0
very_strong,0.7,4,STEP_COMPUTE+VERIFY_RESULT+UNCERTAINTY_BOUND+DANGER_CHECK,0.1181,0.45,0.5729,0.2257,0.4715,0.0667
strong,0.46,6,EXTRACT_GIVENS+SOURCE_BOUNDARY+MAP_RELATION+STEP_COMPUTE+COMPARE_AXES+DANGER_CHECK,0.1181,0.41,0.5694,0.2674,0.5722,0.05
standard,0.24,8,EXTRACT_GIVENS+SOURCE_BOUNDARY+MAP_RELATION+UNIT_TRACK+VERIFY_RESULT+COMPARE_AXES+ORIGINAL_TASK_RETURN+DANGER_CHECK,0.1181,0.4061,0.6701,0.2479,0.491,0.05
saturated,0.95,3,EXTRACT_GIVENS+SOURCE_BOUNDARY+VERIFY_RESULT,0.1181,0.4553,0.6403,0.2403,0.4437,0.0278
strong,0.46,7,EXTRACT_GIVENS+SOURCE_BOUNDARY+MAP_RELATION+UNIT_TRACK+STEP_COMPUTE+COMPARE_AXES+ORIGINAL_TASK_RETURN,0.1181,0.3625,0.5361,0.3083,0.6965,0.0278
saturated,0.95,5,EXTRACT_GIVENS+MAP_RELATION+COMPARE_AXES+UNCERTAINTY_BOUND+ORIGINAL_TASK_RETURN,0.1181,0.4431,0.5799,0.2382,0.5875,0.0111
strong,0.46,5,EXTRACT_GIVENS+MAP_RELATION+UNIT_TRACK+ORIGINAL_TASK_RETURN+DANGER_CHECK,0.1181,0.3725,0.5917,0.2667,0.5382,0.0111
saturated,0.95,4,STEP_COMPUTE+VERIFY_RESULT+UNCERTAINTY_BOUND+ORIGINAL_TASK_RETURN,0.1181,0.4197,0.6243,0.2493,0.5375,0.0056
strong,0.46,6,SOURCE_BOUNDARY+STEP_COMPUTE+VERIFY_RESULT+COMPARE_AXES+ORIGINAL_TASK_RETURN+DANGER_CHECK,0.1181,0.368,0.5785,0.2847,0.6451,0.0056
saturated,0.95,6,SOURCE_BOUNDARY+MAP_RELATION+UNIT_TRACK+STEP_COMPUTE+ORIGINAL_TASK_RETURN+DANGER_CHECK,0.1181,0.4013,0.5646,0.2701,0.7972,0.0
saturated,0.95,4,MAP_RELATION+UNIT_TRACK+STEP_COMPUTE+DANGER_CHECK,0.1181,0.3459,0.4951,0.3139,0.6576,0.0
very_strong,0.7,4,EXTRACT_GIVENS+UNIT_TRACK+STEP_COMPUTE+ORIGINAL_TASK_RETURN,0.1181,0.3335,0.5458,0.3285,0.5944,0.0
saturated,0.95,4,MAP_RELATION+UNIT_TRACK+STEP_COMPUTE+UNCERTAINTY_BOUND,0.1181,0.3328,0.4597,0.3271,0.6208,0.0
saturated,0.95,5,UNIT_TRACK+VERIFY_RESULT+UNCERTAINTY_BOUND+ORIGINAL_TASK_RETURN+DANGER_CHECK,0.1174,0.4491,0.6438,0.2083,0.6146,0.0222
very_strong,0.7,3,EXTRACT_GIVENS+SOURCE_BOUNDARY+VERIFY_RESULT,0.1174,0.4342,0.6181,0.2569,0.416,0.0167
very_strong,0.7,4,SOURCE_BOUNDARY+MAP_RELATION+VERIFY_RESULT+UNCERTAINTY_BOUND,0.1174,0.4326,0.5771,0.2618,0.4326,0.0111
strong,0.46,4,EXTRACT_GIVENS+COMPARE_AXES+UNCERTAINTY_BOUND+DANGER_CHECK,0.1174,0.3046,0.5389,0.3146,0.4951,0.0111
saturated,0.95,6,SOURCE_BOUNDARY+MAP_RELATION+UNIT_TRACK+VERIFY_RESULT+COMPARE_AXES+ORIGINAL_TASK_RETURN,0.1174,0.4299,0.5826,0.2535,0.7972,0.0056
very_strong,0.7,4,EXTRACT_GIVENS+SOURCE_BOUNDARY+UNCERTAINTY_BOUND+DANGER_CHECK,0.1174,0.4111,0.5861,0.2472,0.5111,0.0056
saturated,0.95,4,SOURCE_BOUNDARY+VERIFY_RESULT+UNCERTAINTY_BOUND+ORIGINAL_TASK_RETURN,0.1174,0.3684,0.5722,0.2639,0.5771,0.0056
strong,0.46,5,UNIT_TRACK+STEP_COMPUTE+VERIFY_RESULT+ORIGINAL_TASK_RETURN+DANGER_CHECK,0.1174,0.362,0.5799,0.2736,0.5882,0.0056
very_strong,0.7,5,EXTRACT_GIVENS+SOURCE_BOUNDARY+COMPARE_AXES+ORIGINAL_TASK_RETURN+DANGER_CHECK,0.1174,0.3772,0.5722,0.2986,0.6458,0.0
strong,0.46,7,MAP_RELATION+UNIT_TRACK+VERIFY_RESULT+COMPARE_AXES+UNCERTAINTY_BOUND+ORIGINAL_TASK_RETURN+DANGER_CHECK,0.1167,0.4285,0.5792,0.2444,0.5986,0.0389
standard,0.24,7,EXTRACT_GIVENS+SOURCE_BOUNDARY+MAP_RELATION+STEP_COMPUTE+VERIFY_RESULT+COMPARE_AXES+DANGER_CHECK,0.1167,0.3929,0.6181,0.2333,0.4694,0.0389
very_strong,0.7,4,MAP_RELATION+VERIFY_RESULT+UNCERTAINTY_BOUND+ORIGINAL_TASK_RETURN,0.1167,0.4394,0.5903,0.2306,0.4194,0.0278
strong,0.46,6,EXTRACT_GIVENS+SOURCE_BOUNDARY+MAP_RELATION+UNCERTAINTY_BOUND+ORIGINAL_TASK_RETURN+DANGER_CHECK,0.1167,0.4359,0.6271,0.2465,0.4771,0.0278
very_strong,0.7,6,SOURCE_BOUNDARY+MAP_RELATION+UNIT_TRACK+VERIFY_RESULT+COMPARE_AXES+UNCERTAINTY_BOUND,0.1167,0.4561,0.5389,0.2264,0.6694,0.0167
saturated,0.95,6,EXTRACT_GIVENS+SOURCE_BOUNDARY+UNIT_TRACK+COMPARE_AXES+ORIGINAL_TASK_RETURN+DANGER_CHECK,0.1167,0.4046,0.6208,0.2833,0.8458,0.0167
very_strong,0.7,6,SOURCE_BOUNDARY+UNIT_TRACK+STEP_COMPUTE+VERIFY_RESULT+COMPARE_AXES+UNCERTAINTY_BOUND,0.1167,0.423,0.5389,0.2764,0.7493,0.0111
standard,0.24,5,EXTRACT_GIVENS+MAP_RELATION+UNIT_TRACK+VERIFY_RESULT+DANGER_CHECK,0.1167,0.3814,0.6521,0.2375,0.3688,0.0056
strong,0.46,5,EXTRACT_GIVENS+SOURCE_BOUNDARY+COMPARE_AXES+UNCERTAINTY_BOUND+DANGER_CHECK,0.1167,0.3278,0.5382,0.3187,0.5542,0.0056
very_strong,0.7,5,EXTRACT_GIVENS+SOURCE_BOUNDARY+UNIT_TRACK+STEP_COMPUTE+UNCERTAINTY_BOUND,0.1167,0.3879,0.5097,0.3021,0.6181,0.0
standard,0.24,6,EXTRACT_GIVENS+MAP_RELATION+VERIFY_RESULT+COMPARE_AXES+ORIGINAL_TASK_RETURN+DANGER_CHECK,0.116,0.3955,0.6694,0.2424,0.4403,0.0611
standard,0.24,8,EXTRACT_GIVENS+SOURCE_BOUNDARY+MAP_RELATION+UNIT_TRACK+VERIFY_RESULT+COMPARE_AXES+UNCERTAINTY_BOUND+DANGER_CHECK,0.116,0.3929,0.6333,0.2424,0.4868,0.0611
very_strong,0.7,4,EXTRACT_GIVENS+SOURCE_BOUNDARY+MAP_RELATION+DANGER_CHECK,0.116,0.4484,0.6174,0.2465,0.4799,0.0556
strong,0.46,4,EXTRACT_GIVENS+VERIFY_RESULT+UNCERTAINTY_BOUND+ORIGINAL_TASK_RETURN,0.116,0.4236,0.6458,0.2333,0.4035,0.0556
standard,0.24,8,EXTRACT_GIVENS+SOURCE_BOUNDARY+MAP_RELATION+VERIFY_RESULT+COMPARE_AXES+UNCERTAINTY_BOUND+ORIGINAL_TASK_RETURN+DANGER_CHECK,0.116,0.4203,0.6569,0.2139,0.5104,0.0278
standard,0.24,9,EXTRACT_GIVENS+SOURCE_BOUNDARY+UNIT_TRACK+STEP_COMPUTE+VERIFY_RESULT+COMPARE_AXES+UNCERTAINTY_BOUND+ORIGINAL_TASK_RETURN+DANGER_CHECK,0.116,0.392,0.6438,0.2472,0.5451,0.0222
strong,0.46,7,EXTRACT_GIVENS+SOURCE_BOUNDARY+UNIT_TRACK+STEP_COMPUTE+COMPARE_AXES+UNCERTAINTY_BOUND+DANGER_CHECK,0.116,0.369,0.5368,0.2924,0.6542,0.0222
very_strong,0.7,6,UNIT_TRACK+VERIFY_RESULT+COMPARE_AXES+UNCERTAINTY_BOUND+ORIGINAL_TASK_RETURN+DANGER_CHECK,0.116,0.4334,0.6083,0.2278,0.7028,0.0167
saturated,0.95,6,MAP_RELATION+STEP_COMPUTE+COMPARE_AXES+UNCERTAINTY_BOUND+ORIGINAL_TASK_RETURN+DANGER_CHECK,0.116,0.4248,0.5701,0.2347,0.7229,0.0056
strong,0.46,7,SOURCE_BOUNDARY+UNIT_TRACK+STEP_COMPUTE+VERIFY_RESULT+COMPARE_AXES+UNCERTAINTY_BOUND+DANGER_CHECK,0.1153,0.3959,0.5215,0.275,0.6507,0.0444
very_strong,0.7,5,EXTRACT_GIVENS+SOURCE_BOUNDARY+UNIT_TRACK+UNCERTAINTY_BOUND+DANGER_CHECK,0.1153,0.425,0.5965,0.2528,0.5868,0.0222
very_strong,0.7,6,UNIT_TRACK+STEP_COMPUTE+VERIFY_RESULT+COMPARE_AXES+UNCERTAINTY_BOUND+ORIGINAL_TASK_RETURN,0.1153,0.406,0.5514,0.2569,0.7528,0.0222
saturated,0.95,4,SOURCE_BOUNDARY+MAP_RELATION+UNIT_TRACK+VERIFY_RESULT,0.1153,0.4193,0.584,0.2507,0.6076,0.0056
saturated,0.95,7,SOURCE_BOUNDARY+MAP_RELATION+UNIT_TRACK+STEP_COMPUTE+COMPARE_AXES+ORIGINAL_TASK_RETURN+DANGER_CHECK,0.1153,0.4098,0.55,0.2556,0.9187,0.0056
saturated,0.95,5,EXTRACT_GIVENS+STEP_COMPUTE+COMPARE_AXES+UNCERTAINTY_BOUND+ORIGINAL_TASK_RETURN,0.1153,0.3958,0.5764,0.2931,0.6368,0.0
very_strong,0.7,3,EXTRACT_GIVENS+MAP_RELATION+UNIT_TRACK,0.1153,0.3521,0.509,0.3111,0.4653,0.0
strong,0.46,6,EXTRACT_GIVENS+SOURCE_BOUNDARY+MAP_RELATION+UNIT_TRACK+STEP_COMPUTE+COMPARE_AXES,0.1153,0.3449,0.491,0.316,0.6153,0.0
standard,0.24,7,EXTRACT_GIVENS+MAP_RELATION+VERIFY_RESULT+COMPARE_AXES+UNCERTAINTY_BOUND+ORIGINAL_TASK_RETURN+DANGER_CHECK,0.1146,0.3983,0.6632,0.2313,0.4347,0.05
strong,0.46,5,MAP_RELATION+VERIFY_RESULT+COMPARE_AXES+UNCERTAINTY_BOUND+DANGER_CHECK,0.1146,0.4048,0.5646,0.2243,0.459,0.0389
very_strong,0.7,5,EXTRACT_GIVENS+SOURCE_BOUNDARY+MAP_RELATION+COMPARE_AXES+DANGER_CHECK,0.1146,0.4312,0.5653,0.25,0.5896,0.0278
standard,0.24,5,EXTRACT_GIVENS+MAP_RELATION+VERIFY_RESULT+UNCERTAINTY_BOUND+DANGER_CHECK,0.1146,0.4066,0.6521,0.2208,0.3215,0.0167
very_strong,0.7,3,EXTRACT_GIVENS+MAP_RELATION+DANGER_CHECK,0.1146,0.4104,0.5944,0.2681,0.3792,0.0111
saturated,0.95,5,EXTRACT_GIVENS+MAP_RELATION+UNIT_TRACK+COMPARE_AXES+ORIGINAL_TASK_RETURN,0.1146,0.4067,0.5993,0.2736,0.7049,0.0056
strong,0.46,4,EXTRACT_GIVENS+MAP_RELATION+STEP_COMPUTE+ORIGINAL_TASK_RETURN,0.1146,0.3458,0.575,0.2924,0.4417,0.0056
strong,0.46,5,EXTRACT_GIVENS+COMPARE_AXES+UNCERTAINTY_BOUND+ORIGINAL_TASK_RETURN+DANGER_CHECK,0.1146,0.3343,0.5826,0.2736,0.5708,0.0056
saturated,0.95,4,EXTRACT_GIVENS+MAP_RELATION+COMPARE_AXES+UNCERTAINTY_BOUND,0.1146,0.4144,0.55,0.2944,0.5208,0.0
strong,0.46,6,SOURCE_BOUNDARY+MAP_RELATION+UNIT_TRACK+STEP_COMPUTE+VERIFY_RESULT+COMPARE_AXES,0.1146,0.3565,0.4986,0.2951,0.6562,0.0
saturated,0.95,4,EXTRACT_GIVENS+SOURCE_BOUNDARY+VERIFY_RESULT+COMPARE_AXES,0.1139,0.4502,0.6271,0.2479,0.5785,0.0389
saturated,0.95,5,EXTRACT_GIVENS+STEP_COMPUTE+COMPARE_AXES+ORIGINAL_TASK_RETURN+DANGER_CHECK,0.1139,0.4305,0.6312,0.2451,0.6806,0.0278
standard,0.24,6,EXTRACT_GIVENS+MAP_RELATION+STEP_COMPUTE+VERIFY_RESULT+COMPARE_AXES+UNCERTAINTY_BOUND,0.1139,0.3682,0.5806,0.2799,0.3854,0.0111
saturated,0.95,5,EXTRACT_GIVENS+SOURCE_BOUNDARY+UNIT_TRACK+STEP_COMPUTE+ORIGINAL_TASK_RETURN,0.1139,0.3875,0.584,0.2882,0.7333,0.0056
standard,0.24,6,EXTRACT_GIVENS+SOURCE_BOUNDARY+MAP_RELATION+STEP_COMPUTE+VERIFY_RESULT+UNCERTAINTY_BOUND,0.1139,0.3872,0.6014,0.2514,0.3806,0.0056
strong,0.46,3,EXTRACT_GIVENS+MAP_RELATION+STEP_COMPUTE,0.1139,0.331,0.5264,0.3396,0.3757,0.0
strong,0.46,7,SOURCE_BOUNDARY+MAP_RELATION+UNIT_TRACK+VERIFY_RESULT+COMPARE_AXES+UNCERTAINTY_BOUND+DANGER_CHECK,0.1132,0.4104,0.541,0.2569,0.6271,0.0556
strong,0.46,4,MAP_RELATION+VERIFY_RESULT+UNCERTAINTY_BOUND+DANGER_CHECK,0.1132,0.4133,0.6056,0.2229,0.4035,0.0389
strong,0.46,6,EXTRACT_GIVENS+SOURCE_BOUNDARY+STEP_COMPUTE+COMPARE_AXES+UNCERTAINTY_BOUND+DANGER_CHECK,0.1132,0.358,0.5326,0.3146,0.5778,0.0167
saturated,0.95,5,EXTRACT_GIVENS+SOURCE_BOUNDARY+STEP_COMPUTE+UNCERTAINTY_BOUND+ORIGINAL_TASK_RETURN,0.1132,0.4328,0.6,0.25,0.6035,0.0111
very_strong,0.7,7,MAP_RELATION+UNIT_TRACK+STEP_COMPUTE+COMPARE_AXES+UNCERTAINTY_BOUND+ORIGINAL_TASK_RETURN+DANGER_CHECK,0.1132,0.4118,0.5076,0.2458,0.7681,0.0056
strong,0.46,4,MAP_RELATION+UNIT_TRACK+VERIFY_RESULT+DANGER_CHECK,0.1132,0.3734,0.5847,0.2771,0.4743,0.0056
very_strong,0.7,4,EXTRACT_GIVENS+STEP_COMPUTE+COMPARE_AXES+UNCERTAINTY_BOUND,0.1132,0.3703,0.5229,0.3333,0.5472,0.0
strong,0.46,5,EXTRACT_GIVENS+STEP_COMPUTE+COMPARE_AXES+UNCERTAINTY_BOUND+DANGER_CHECK,0.1132,0.3501,0.5472,0.3097,0.5292,0.0
saturated,0.95,6,SOURCE_BOUNDARY+UNIT_TRACK+STEP_COMPUTE+VERIFY_RESULT+COMPARE_AXES+DANGER_CHECK,0.1125,0.4525,0.5917,0.2333,0.8583,0.0278
saturated,0.95,3,EXTRACT_GIVENS+VERIFY_RESULT+ORIGINAL_TASK_RETURN,0.1125,0.458,0.6681,0.2042,0.3972,0.0167
very_strong,0.7,5,EXTRACT_GIVENS+STEP_COMPUTE+COMPARE_AXES+ORIGINAL_TASK_RETURN+DANGER_CHECK,0.1125,0.4091,0.6042,0.2486,0.641,0.0167
strong,0.46,6,EXTRACT_GIVENS+MAP_RELATION+UNIT_TRACK+COMPARE_AXES+ORIGINAL_TASK_RETURN+DANGER_CHECK,0.1125,0.3807,0.591,0.2681,0.6028,0.0056
very_strong,0.7,5,MAP_RELATION+UNIT_TRACK+STEP_COMPUTE+ORIGINAL_TASK_RETURN+DANGER_CHECK,0.1125,0.3722,0.5368,0.2903,0.6236,0.0
very_strong,0.7,5,EXTRACT_GIVENS+UNIT_TRACK+VERIFY_RESULT+COMPARE_AXES+ORIGINAL_TASK_RETURN,0.1118,0.447,0.6132,0.2424,0.6028,0.0333
standard,0.24,4,EXTRACT_GIVENS+MAP_RELATION+VERIFY_RESULT+DANGER_CHECK,0.1118,0.3769,0.6674,0.2569,0.3264,0.0278
strong,0.46,5,SOURCE_BOUNDARY+UNIT_TRACK+STEP_COMPUTE+VERIFY_RESULT+DANGER_CHECK,0.1118,0.3608,0.5528,0.2903,0.5674,0.0167
strong,0.46,6,EXTRACT_GIVENS+SOURCE_BOUNDARY+UNIT_TRACK+COMPARE_AXES+UNCERTAINTY_BOUND+DANGER_CHECK,0.1118,0.335,0.5236,0.3021,0.634,0.0111
saturated,0.95,4,EXTRACT_GIVENS+SOURCE_BOUNDARY+UNCERTAINTY_BOUND+DANGER_CHECK,0.1118,0.4108,0.5896,0.2625,0.534,0.0056
very_strong,0.7,6,EXTRACT_GIVENS+SOURCE_BOUNDARY+UNIT_TRACK+COMPARE_AXES+ORIGINAL_TASK_RETURN+DANGER_CHECK,0.1118,0.3906,0.5833,0.2903,0.7576,0.0056
very_strong,0.7,4,EXTRACT_GIVENS+UNIT_TRACK+UNCERTAINTY_BOUND+DANGER_CHECK,0.1118,0.386,0.5826,0.2972,0.5229,0.0056
standard,0.24,8,EXTRACT_GIVENS+SOURCE_BOUNDARY+UNIT_TRACK+STEP_COMPUTE+VERIFY_RESULT+UNCERTAINTY_BOUND+ORIGINAL_TASK_RETURN+DANGER_CHECK,0.1111,0.3946,0.6507,0.216,0.5229,0.0722
standard,0.24,7,EXTRACT_GIVENS+SOURCE_BOUNDARY+MAP_RELATION+VERIFY_RESULT+COMPARE_AXES+UNCERTAINTY_BOUND+DANGER_CHECK,0.1111,0.4038,0.6431,0.2479,0.4562,0.0611
saturated,0.95,5,EXTRACT_GIVENS+SOURCE_BOUNDARY+STEP_COMPUTE+ORIGINAL_TASK_RETURN+DANGER_CHECK,0.1111,0.4669,0.6625,0.2285,0.6486,0.05
very_strong,0.7,5,EXTRACT_GIVENS+SOURCE_BOUNDARY+STEP_COMPUTE+COMPARE_AXES+DANGER_CHECK,0.1111,0.4235,0.6007,0.2701,0.6194,0.05
saturated,0.95,3,MAP_RELATION+VERIFY_RESULT+DANGER_CHECK,0.1111,0.4281,0.5965,0.2375,0.4007,0.0222
strong,0.46,6,EXTRACT_GIVENS+SOURCE_BOUNDARY+UNIT_TRACK+VERIFY_RESULT+COMPARE_AXES+ORIGINAL_TASK_RETURN,0.1111,0.404,0.6375,0.2722,0.6007,0.0222
strong,0.46,7,SOURCE_BOUNDARY+UNIT_TRACK+STEP_COMPUTE+VERIFY_RESULT+COMPARE_AXES+ORIGINAL_TASK_RETURN+DANGER_CHECK,0.1111,0.3735,0.5604,0.2674,0.7285,0.0222
very_strong,0.7,5,EXTRACT_GIVENS+STEP_COMPUTE+COMPARE_AXES+UNCERTAINTY_BOUND+ORIGINAL_TASK_RETURN,0.1111,0.3876,0.5576,0.2757,0.6549,0.0111
standard,0.24,7,MAP_RELATION+UNIT_TRACK+STEP_COMPUTE+VERIFY_RESULT+UNCERTAINTY_BOUND+ORIGINAL_TASK_RETURN+DANGER_CHECK,0.1111,0.3499,0.5722,0.2556,0.5028,0.0056
very_strong,0.7,4,UNIT_TRACK+STEP_COMPUTE+VERIFY_RESULT+ORIGINAL_TASK_RETURN,0.1111,0.3546,0.5271,0.2771,0.609,0.0
very_strong,0.7,5,MAP_RELATION+VERIFY_RESULT+COMPARE_AXES+UNCERTAINTY_BOUND+ORIGINAL_TASK_RETURN,0.1104,0.4261,0.5826,0.2542,0.5444,0.0611
saturated,0.95,5,EXTRACT_GIVENS+SOURCE_BOUNDARY+UNIT_TRACK+STEP_COMPUTE+DANGER_CHECK,0.1104,0.4417,0.6229,0.2667,0.7215,0.05
strong,0.46,5,EXTRACT_GIVENS+SOURCE_BOUNDARY+STEP_COMPUTE+VERIFY_RESULT+COMPARE_AXES,0.1104,0.4123,0.5924,0.2806,0.5153,0.0389
very_strong,0.7,5,EXTRACT_GIVENS+SOURCE_BOUNDARY+UNIT_TRACK+STEP_COMPUTE+DANGER_CHECK,0.1104,0.4175,0.5868,0.2778,0.6569,0.0333
strong,0.46,6,EXTRACT_GIVENS+SOURCE_BOUNDARY+MAP_RELATION+UNIT_TRACK+ORIGINAL_TASK_RETURN+DANGER_CHECK,0.1104,0.4039,0.5924,0.2535,0.6028,0.0333
very_strong,0.7,4,EXTRACT_GIVENS+SOURCE_BOUNDARY+MAP_RELATION+UNCERTAINTY_BOUND,0.1104,0.4107,0.5493,0.2819,0.4444,0.0167
saturated,0.95,5,MAP_RELATION+UNIT_TRACK+VERIFY_RESULT+COMPARE_AXES+ORIGINAL_TASK_RETURN,0.1104,0.4067,0.5938,0.2569,0.7063,0.0111
saturated,0.95,5,EXTRACT_GIVENS+SOURCE_BOUNDARY+UNIT_TRACK+COMPARE_AXES+UNCERTAINTY_BOUND,0.1104,0.3672,0.5437,0.291,0.7674,0.0056
standard,0.24,5,EXTRACT_GIVENS+MAP_RELATION+UNIT_TRACK+VERIFY_RESULT+ORIGINAL_TASK_RETURN,0.1104,0.3633,0.6375,0.2611,0.4056,0.0056
saturated,0.95,5,SOURCE_BOUNDARY+VERIFY_RESULT+COMPARE_AXES+UNCERTAINTY_BOUND+ORIGINAL_TASK_RETURN,0.1104,0.3827,0.575,0.2701,0.6833,0.0
standard,0.24,7,EXTRACT_GIVENS+UNIT_TRACK+STEP_COMPUTE+VERIFY_RESULT+UNCERTAINTY_BOUND+ORIGINAL_TASK_RETURN+DANGER_CHECK,0.1097,0.3896,0.6403,0.2535,0.4326,0.0556
saturated,0.95,6,SOURCE_BOUNDARY+MAP_RELATION+STEP_COMPUTE+UNCERTAINTY_BOUND+ORIGINAL_TASK_RETURN+DANGER_CHECK,0.1097,0.4596,0.5903,0.2167,0.6944,0.05
standard,0.24,7,EXTRACT_GIVENS+MAP_RELATION+UNIT_TRACK+VERIFY_RESULT+UNCERTAINTY_BOUND+ORIGINAL_TASK_RETURN+DANGER_CHECK,0.1097,0.412,0.6632,0.2229,0.4215,0.05
standard,0.24,7,EXTRACT_GIVENS+SOURCE_BOUNDARY+STEP_COMPUTE+VERIFY_RESULT+UNCERTAINTY_BOUND+ORIGINAL_TASK_RETURN+DANGER_CHECK,0.1097,0.4027,0.6681,0.2375,0.4743,0.05
strong,0.46,5,UNIT_TRACK+STEP_COMPUTE+VERIFY_RESULT+UNCERTAINTY_BOUND+DANGER_CHECK,0.1097,0.3737,0.5493,0.2792,0.4965,0.0278
very_strong,0.7,5,UNIT_TRACK+VERIFY_RESULT+UNCERTAINTY_BOUND+ORIGINAL_TASK_RETURN+DANGER_CHECK,0.1097,0.4272,0.5868,0.2347,0.5354,0.0167
very_strong,0.7,3,MAP_RELATION+UNIT_TRACK+VERIFY_RESULT,0.1097,0.3587,0.5076,0.2924,0.4556,0.0056
very_strong,0.7,4,SOURCE_BOUNDARY+MAP_RELATION+VERIFY_RESULT+ORIGINAL_TASK_RETURN,0.1097,0.4065,0.5861,0.2792,0.5118,0.0
very_strong,0.7,4,EXTRACT_GIVENS+UNIT_TRACK+STEP_COMPUTE+DANGER_CHECK,0.1097,0.3788,0.5667,0.3042,0.5708,0.0
strong,0.46,5,SOURCE_BOUNDARY+VERIFY_RESULT+COMPARE_AXES+UNCERTAINTY_BOUND+DANGER_CHECK,0.1097,0.3634,0.5472,0.2868,0.566,0.0
saturated,0.95,3,EXTRACT_GIVENS+UNIT_TRACK+STEP_COMPUTE,0.1097,0.3378,0.5306,0.316,0.6097,0.0
standard,0.24,6,EXTRACT_GIVENS+SOURCE_BOUNDARY+STEP_COMPUTE+VERIFY_RESULT+UNCERTAINTY_BOUND+DANGER_CHECK,0.109,0.3883,0.6347,0.2528,0.4083,0.0611
standard,0.24,6,EXTRACT_GIVENS+MAP_RELATION+VERIFY_RESULT+UNCERTAINTY_BOUND+ORIGINAL_TASK_RETURN+DANGER_CHECK,0.109,0.4188,0.6882,0.2285,0.3972,0.0556
strong,0.46,5,STEP_COMPUTE+VERIFY_RESULT+UNCERTAINTY_BOUND+ORIGINAL_TASK_RETURN+DANGER_CHECK,0.109,0.4086,0.6153,0.2382,0.5174,0.0556
strong,0.46,5,MAP_RELATION+STEP_COMPUTE+VERIFY_RESULT+COMPARE_AXES+ORIGINAL_TASK_RETURN,0.109,0.3549,0.5417,0.2903,0.5201,0.0111
saturated,0.95,4,EXTRACT_GIVENS+STEP_COMPUTE+COMPARE_AXES+DANGER_CHECK,0.109,0.3955,0.6021,0.2736,0.6444,0.0056
saturated,0.95,6,SOURCE_BOUNDARY+UNIT_TRACK+VERIFY_RESULT+COMPARE_AXES+UNCERTAINTY_BOUND+ORIGINAL_TASK_RETURN,0.109,0.3868,0.5708,0.2674,0.816,0.0
strong,0.46,3,EXTRACT_GIVENS+VERIFY_RESULT+DANGER_CHECK,0.1083,0.4144,0.6312,0.2361,0.359,0.0556
very_strong,0.7,5,SOURCE_BOUNDARY+MAP_RELATION+VERIFY_RESULT+COMPARE_AXES+UNCERTAINTY_BOUND,0.1083,0.4346,0.5431,0.2437,0.5687,0.0444
strong,0.46,7,EXTRACT_GIVENS+SOURCE_BOUNDARY+MAP_RELATION+UNIT_TRACK+COMPARE_AXES+ORIGINAL_TASK_RETURN+DANGER_CHECK,0.1083,0.387,0.584,0.2958,0.6451,0.0167
very_strong,0.7,3,EXTRACT_GIVENS+VERIFY_RESULT+ORIGINAL_TASK_RETURN,0.1083,0.4378,0.6174,0.2285,0.391,0.0111
very_strong,0.7,4,STEP_COMPUTE+VERIFY_RESULT+ORIGINAL_TASK_RETURN+DANGER_CHECK,0.1083,0.417,0.6153,0.2424,0.5021,0.0111
strong,0.46,4,EXTRACT_GIVENS+MAP_RELATION+UNCERTAINTY_BOUND+DANGER_CHECK,0.1083,0.3808,0.5785,0.2681,0.4021,0.0111
saturated,0.95,6,EXTRACT_GIVENS+SOURCE_BOUNDARY+UNIT_TRACK+COMPARE_AXES+UNCERTAINTY_BOUND+ORIGINAL_TASK_RETURN,0.1083,0.3764,0.5326,0.2868,0.7931,0.0111
very_strong,0.7,4,EXTRACT_GIVENS+SOURCE_BOUNDARY+STEP_COMPUTE+UNCERTAINTY_BOUND,0.1083,0.3837,0.5486,0.3028,0.5243,0.0056
standard,0.24,6,EXTRACT_GIVENS+UNIT_TRACK+STEP_COMPUTE+VERIFY_RESULT+ORIGINAL_TASK_RETURN+DANGER_CHECK,0.1083,0.3668,0.6528,0.241,0.4562,0.0056
saturated,0.95,4,EXTRACT_GIVENS+MAP_RELATION+UNIT_TRACK+COMPARE_AXES,0.1083,0.3774,0.5222,0.2868,0.6194,0.0
very_strong,0.7,4,SOURCE_BOUNDARY+STEP_COMPUTE+VERIFY_RESULT+DANGER_CHECK,0.1076,0.4181,0.584,0.2583,0.5243,0.0333
strong,0.46,5,SOURCE_BOUNDARY+VERIFY_RESULT+COMPARE_AXES+ORIGINAL_TASK_RETURN+DANGER_CHECK,0.1076,0.3261,0.5736,0.2972,0.6035,0.0111
very_strong,0.7,6,EXTRACT_GIVENS+SOURCE_BOUNDARY+STEP_COMPUTE+COMPARE_AXES+UNCERTAINTY_BOUND+ORIGINAL_TASK_RETURN,0.1076,0.414,0.5604,0.2778,0.6972,0.0
saturated,0.95,6,SOURCE_BOUNDARY+UNIT_TRACK+STEP_COMPUTE+VERIFY_RESULT+COMPARE_AXES+ORIGINAL_TASK_RETURN,0.1076,0.4023,0.575,0.2535,0.8854,0.0
standard,0.24,6,EXTRACT_GIVENS+SOURCE_BOUNDARY+MAP_RELATION+VERIFY_RESULT+ORIGINAL_TASK_RETURN+DANGER_CHECK,0.1069,0.4152,0.691,0.2285,0.4271,0.0333
standard,0.24,6,EXTRACT_GIVENS+SOURCE_BOUNDARY+STEP_COMPUTE+VERIFY_RESULT+ORIGINAL_TASK_RETURN+DANGER_CHECK,0.1069,0.3763,0.659,0.2611,0.45,0.0278
strong,0.46,6,EXTRACT_GIVENS+UNIT_TRACK+STEP_COMPUTE+UNCERTAINTY_BOUND+ORIGINAL_TASK_RETURN+DANGER_CHECK,0.1069,0.3816,0.5875,0.2708,0.5917,0.0167
very_strong,0.7,4,EXTRACT_GIVENS+MAP_RELATION+UNCERTAINTY_BOUND+ORIGINAL_TASK_RETURN,0.1069,0.4267,0.6111,0.2319,0.4243,0.0111
very_strong,0.7,4,EXTRACT_GIVENS+STEP_COMPUTE+UNCERTAINTY_BOUND+ORIGINAL_TASK_RETURN,0.1069,0.386,0.5653,0.2701,0.5014,0.0111
standard,0.24,7,SOURCE_BOUNDARY+MAP_RELATION+UNIT_TRACK+STEP_COMPUTE+VERIFY_RESULT+ORIGINAL_TASK_RETURN+DANGER_CHECK,0.1069,0.341,0.5792,0.2583,0.4972,0.0111
saturated,0.95,4,VERIFY_RESULT+COMPARE_AXES+UNCERTAINTY_BOUND+DANGER_CHECK,0.1069,0.3954,0.6118,0.2708,0.5687,0.0056
very_strong,0.7,5,SOURCE_BOUNDARY+UNIT_TRACK+VERIFY_RESULT+UNCERTAINTY_BOUND+ORIGINAL_TASK_RETURN,0.1069,0.3767,0.5486,0.2646,0.6118,0.0056
strong,0.46,6,SOURCE_BOUNDARY+MAP_RELATION+STEP_COMPUTE+VERIFY_RESULT+COMPARE_AXES+ORIGINAL_TASK_RETURN,0.1069,0.3678,0.5465,0.2965,0.5868,0.0056
standard,0.24,6,EXTRACT_GIVENS+UNIT_TRACK+STEP_COMPUTE+VERIFY_RESULT+UNCERTAINTY_BOUND+ORIGINAL_TASK_RETURN,0.1069,0.3479,0.6181,0.2826,0.4431,0.0056
strong,0.46,4,SOURCE_BOUNDARY+MAP_RELATION+VERIFY_RESULT+DANGER_CHECK,0.1069,0.392,0.6153,0.2514,0.4535,0.0
very_strong,0.7,4,MAP_RELATION+UNIT_TRACK+VERIFY_RESULT+COMPARE_AXES,0.1069,0.3646,0.541,0.2938,0.5931,0.0
standard,0.24,8,EXTRACT_GIVENS+SOURCE_BOUNDARY+MAP_RELATION+UNIT_TRACK+STEP_COMPUTE+VERIFY_RESULT+COMPARE_AXES+ORIGINAL_TASK_RETURN,0.1069,0.3583,0.5958,0.2764,0.5576,0.0
saturated,0.95,7,SOURCE_BOUNDARY+MAP_RELATION+UNIT_TRACK+STEP_COMPUTE+COMPARE_AXES+UNCERTAINTY_BOUND+DANGER_CHECK,0.1062,0.4374,0.5299,0.2451,0.8875,0.0444
strong,0.46,5,SOURCE_BOUNDARY+STEP_COMPUTE+VERIFY_RESULT+UNCERTAINTY_BOUND+DANGER_CHECK,0.1062,0.4068,0.5771,0.2479,0.5007,0.0444
strong,0.46,6,STEP_COMPUTE+VERIFY_RESULT+COMPARE_AXES+UNCERTAINTY_BOUND+ORIGINAL_TASK_RETURN+DANGER_CHECK,0.1062,0.3929,0.5799,0.2653,0.5813,0.0444
standard,0.24,7,EXTRACT_GIVENS+SOURCE_BOUNDARY+MAP_RELATION+VERIFY_RESULT+COMPARE_AXES+ORIGINAL_TASK_RETURN+DANGER_CHECK,0.1062,0.3956,0.6667,0.2444,0.4778,0.0333
very_strong,0.7,5,EXTRACT_GIVENS+SOURCE_BOUNDARY+STEP_COMPUTE+UNCERTAINTY_BOUND+ORIGINAL_TASK_RETURN,0.1062,0.4136,0.5708,0.2583,0.5722,0.0278
very_strong,0.7,4,MAP_RELATION+VERIFY_RESULT+COMPARE_AXES+DANGER_CHECK,0.1062,0.4112,0.5694,0.266,0.5257,0.0222
strong,0.46,5,UNIT_TRACK+STEP_COMPUTE+VERIFY_RESULT+UNCERTAINTY_BOUND+ORIGINAL_TASK_RETURN,0.1062,0.3342,0.5375,0.2972,0.5563,0.0222
strong,0.46,5,SOURCE_BOUNDARY+MAP_RELATION+VERIFY_RESULT+UNCERTAINTY_BOUND+ORIGINAL_TASK_RETURN,0.1062,0.3799,0.5694,0.259,0.4604,0.0167
saturated,0.95,5,SOURCE_BOUNDARY+UNIT_TRACK+VERIFY_RESULT+UNCERTAINTY_BOUND+ORIGINAL_TASK_RETURN,0.1062,0.3948,0.5771,0.2576,0.6868,0.0111
strong,0.46,4,MAP_RELATION+VERIFY_RESULT+ORIGINAL_TASK_RETURN+DANGER_CHECK,0.1062,0.3893,0.6049,0.2472,0.4354,0.0111
very_strong,0.7,6,MAP_RELATION+STEP_COMPUTE+COMPARE_AXES+UNCERTAINTY_BOUND+ORIGINAL_TASK_RETURN+DANGER_CHECK,0.1062,0.4063,0.5542,0.2493,0.6722,0.0056
very_strong,0.7,6,SOURCE_BOUNDARY+UNIT_TRACK+STEP_COMPUTE+VERIFY_RESULT+COMPARE_AXES+ORIGINAL_TASK_RETURN,0.1062,0.3783,0.5229,0.284,0.7521,0.0056
standard,0.24,5,EXTRACT_GIVENS+SOURCE_BOUNDARY+MAP_RELATION+STEP_COMPUTE+VERIFY_RESULT,0.1062,0.36,0.6014,0.2812,0.3799,0.0056
saturated,0.95,5,EXTRACT_GIVENS+SOURCE_BOUNDARY+COMPARE_AXES+UNCERTAINTY_BOUND+ORIGINAL_TASK_RETURN,0.1062,0.3639,0.566,0.3021,0.6597,0.0
strong,0.46,5,EXTRACT_GIVENS+MAP_RELATION+STEP_COMPUTE+COMPARE_AXES+ORIGINAL_TASK_RETURN,0.1062,0.3522,0.5674,0.3028,0.4889,0.0
saturated,0.95,5,SOURCE_BOUNDARY+COMPARE_AXES+UNCERTAINTY_BOUND+ORIGINAL_TASK_RETURN+DANGER_CHECK,0.1062,0.3007,0.4944,0.3382,0.7729,0.0
standard,0.24,6,EXTRACT_GIVENS+STEP_COMPUTE+VERIFY_RESULT+UNCERTAINTY_BOUND+ORIGINAL_TASK_RETURN+DANGER_CHECK,0.1056,0.3975,0.6875,0.2243,0.3986,0.0611
very_strong,0.7,7,SOURCE_BOUNDARY+MAP_RELATION+UNIT_TRACK+STEP_COMPUTE+COMPARE_AXES+UNCERTAINTY_BOUND+DANGER_CHECK,0.1056,0.4037,0.4819,0.2847,0.7833,0.05
strong,0.46,7,SOURCE_BOUNDARY+MAP_RELATION+UNIT_TRACK+VERIFY_RESULT+COMPARE_AXES+UNCERTAINTY_BOUND+ORIGINAL_TASK_RETURN,0.1056,0.3971,0.575,0.2694,0.6583,0.0444
strong,0.46,5,EXTRACT_GIVENS+STEP_COMPUTE+UNCERTAINTY_BOUND+ORIGINAL_TASK_RETURN+DANGER_CHECK,0.1056,0.3809,0.5965,0.2701,0.475,0.0444
saturated,0.95,4,EXTRACT_GIVENS+STEP_COMPUTE+ORIGINAL_TASK_RETURN+DANGER_CHECK,0.1056,0.4319,0.6597,0.2431,0.5181,0.0278
standard,0.24,6,EXTRACT_GIVENS+UNIT_TRACK+STEP_COMPUTE+VERIFY_RESULT+UNCERTAINTY_BOUND+DANGER_CHECK,0.1056,0.382,0.6333,0.2479,0.4,0.0278
standard,0.24,7,EXTRACT_GIVENS+MAP_RELATION+STEP_COMPUTE+VERIFY_RESULT+COMPARE_AXES+UNCERTAINTY_BOUND+ORIGINAL_TASK_RETURN,0.1056,0.3818,0.616,0.2403,0.4403,0.0167
standard,0.24,7,EXTRACT_GIVENS+MAP_RELATION+UNIT_TRACK+VERIFY_RESULT+COMPARE_AXES+ORIGINAL_TASK_RETURN+DANGER_CHECK,0.1056,0.3802,0.6694,0.2569,0.491,0.0167
standard,0.24,5,EXTRACT_GIVENS+UNIT_TRACK+STEP_COMPUTE+VERIFY_RESULT+DANGER_CHECK,0.1056,0.3461,0.6264,0.2847,0.416,0.0167
very_strong,0.7,5,EXTRACT_GIVENS+MAP_RELATION+COMPARE_AXES+UNCERTAINTY_BOUND+ORIGINAL_TASK_RETURN,0.1056,0.4208,0.5667,0.241,0.5111,0.0111
saturated,0.95,4,EXTRACT_GIVENS+STEP_COMPUTE+UNCERTAINTY_BOUND+ORIGINAL_TASK_RETURN,0.1056,0.4031,0.5792,0.2465,0.5299,0.0111
very_strong,0.7,7,SOURCE_BOUNDARY+MAP_RELATION+UNIT_TRACK+STEP_COMPUTE+COMPARE_AXES+ORIGINAL_TASK_RETURN+DANGER_CHECK,0.1056,0.3874,0.5215,0.2764,0.8243,0.0
saturated,0.95,4,MAP_RELATION+UNIT_TRACK+VERIFY_RESULT+COMPARE_AXES,0.1056,0.3669,0.5278,0.291,0.6438,0.0
strong,0.46,4,EXTRACT_GIVENS+MAP_RELATION+UNIT_TRACK+DANGER_CHECK,0.1056,0.3473,0.5333,0.2903,0.4576,0.0
very_strong,0.7,5,SOURCE_BOUNDARY+STEP_COMPUTE+VERIFY_RESULT+COMPARE_AXES+DANGER_CHECK,0.1049,0.4176,0.5687,0.2604,0.6549,0.0333
saturated,0.95,6,SOURCE_BOUNDARY+UNIT_TRACK+STEP_COMPUTE+VERIFY_RESULT+COMPARE_AXES+UNCERTAINTY_BOUND,0.1049,0.4205,0.5333,0.2833,0.8278,0.0056
saturated,0.95,5,SOURCE_BOUNDARY+MAP_RELATION+UNIT_TRACK+STEP_COMPUTE+DANGER_CHECK,0.1049,0.3723,0.5278,0.2854,0.7472,0.0056
very_strong,0.7,3,EXTRACT_GIVENS+MAP_RELATION+UNCERTAINTY_BOUND,0.1049,0.3961,0.5285,0.2799,0.3812,0.0
very_strong,0.7,4,SOURCE_BOUNDARY+UNIT_TRACK+STEP_COMPUTE+VERIFY_RESULT,0.1049,0.3558,0.516,0.334,0.6264,0.0
strong,0.46,5,EXTRACT_GIVENS+UNIT_TRACK+COMPARE_AXES+UNCERTAINTY_BOUND+DANGER_CHECK,0.1049,0.3137,0.5278,0.325,0.5507,0.0
very_strong,0.7,4,MAP_RELATION+UNIT_TRACK+STEP_COMPUTE+UNCERTAINTY_BOUND,0.1049,0.3108,0.4333,0.341,0.5715,0.0
saturated,0.95,4,MAP_RELATION+UNIT_TRACK+STEP_COMPUTE+ORIGINAL_TASK_RETURN,0.1049,0.2891,0.4778,0.366,0.7056,0.0
standard,0.24,8,EXTRACT_GIVENS+SOURCE_BOUNDARY+STEP_COMPUTE+VERIFY_RESULT+COMPARE_AXES+UNCERTAINTY_BOUND+ORIGINAL_TASK_RETURN+DANGER_CHECK,0.1042,0.3909,0.6417,0.2257,0.5333,0.0444
strong,0.46,6,SOURCE_BOUNDARY+MAP_RELATION+UNIT_TRACK+VERIFY_RESULT+COMPARE_AXES+DANGER_CHECK,0.1042,0.3819,0.5437,0.2639,0.6125,0.0222
saturated,0.95,6,SOURCE_BOUNDARY+MAP_RELATION+UNIT_TRACK+STEP_COMPUTE+UNCERTAINTY_BOUND+DANGER_CHECK,0.1042,0.4244,0.5285,0.2604,0.7792,0.0167
very_strong,0.7,4,EXTRACT_GIVENS+UNCERTAINTY_BOUND+ORIGINAL_TASK_RETURN+DANGER_CHECK,0.1042,0.4021,0.6125,0.234,0.4556,0.0167
saturated,0.95,6,SOURCE_BOUNDARY+MAP_RELATION+COMPARE_AXES+UNCERTAINTY_BOUND+ORIGINAL_TASK_RETURN+DANGER_CHECK,0.1042,0.3818,0.5465,0.2722,0.766,0.0167
strong,0.46,5,MAP_RELATION+VERIFY_RESULT+COMPARE_AXES+ORIGINAL_TASK_RETURN+DANGER_CHECK,0.1042,0.394,0.5938,0.2465,0.5181,0.0111
very_strong,0.7,5,UNIT_TRACK+STEP_COMPUTE+VERIFY_RESULT+COMPARE_AXES+UNCERTAINTY_BOUND,0.1042,0.366,0.4889,0.3139,0.6833,0.0111
standard,0.24,6,EXTRACT_GIVENS+MAP_RELATION+STEP_COMPUTE+VERIFY_RESULT+COMPARE_AXES+ORIGINAL_TASK_RETURN,0.1042,0.3598,0.6306,0.2562,0.4257,0.0111
saturated,0.95,5,EXTRACT_GIVENS+SOURCE_BOUNDARY+STEP_COMPUTE+COMPARE_AXES+UNCERTAINTY_BOUND,0.1042,0.4044,0.5611,0.2993,0.6875,0.0056
saturated,0.95,5,SOURCE_BOUNDARY+MAP_RELATION+UNCERTAINTY_BOUND+ORIGINAL_TASK_RETURN+DANGER_CHECK,0.1042,0.3964,0.5597,0.2229,0.609,0.0056
strong,0.46,5,SOURCE_BOUNDARY+MAP_RELATION+UNIT_TRACK+VERIFY_RESULT+DANGER_CHECK,0.1042,0.3844,0.5625,0.266,0.5257,0.0056
strong,0.46,4,MAP_RELATION+UNIT_TRACK+VERIFY_RESULT+UNCERTAINTY_BOUND,0.1042,0.3368,0.5153,0.2965,0.4785,0.0
saturated,0.95,5,SOURCE_BOUNDARY+STEP_COMPUTE+VERIFY_RESULT+COMPARE_AXES+DANGER_CHECK,0.1035,0.439,0.6083,0.2437,0.7292,0.0389
standard,0.24,6,EXTRACT_GIVENS+SOURCE_BOUNDARY+VERIFY_RESULT+UNCERTAINTY_BOUND+ORIGINAL_TASK_RETURN+DANGER_CHECK,0.1035,0.3869,0.6854,0.241,0.4424,0.0389
saturated,0.95,6,SOURCE_BOUNDARY+MAP_RELATION+STEP_COMPUTE+COMPARE_AXES+UNCERTAINTY_BOUND+DANGER_CHECK,0.1035,0.4226,0.5437,0.2556,0.7868,0.0278
saturated,0.95,4,EXTRACT_GIVENS+UNCERTAINTY_BOUND+ORIGINAL_TASK_RETURN+DANGER_CHECK,0.1035,0.4161,0.6361,0.2479,0.4986,0.0167
very_strong,0.7,5,MAP_RELATION+STEP_COMPUTE+UNCERTAINTY_BOUND+ORIGINAL_TASK_RETURN+DANGER_CHECK,0.1035,0.3951,0.5521,0.2542,0.5312,0.0111
strong,0.46,4,EXTRACT_GIVENS+SOURCE_BOUNDARY+UNIT_TRACK+VERIFY_RESULT,0.1035,0.3779,0.5764,0.2917,0.4549,0.0111
very_strong,0.7,7,SOURCE_BOUNDARY+MAP_RELATION+UNIT_TRACK+COMPARE_AXES+UNCERTAINTY_BOUND+ORIGINAL_TASK_RETURN+DANGER_CHECK,0.1035,0.3697,0.5146,0.3097,0.7708,0.0111
saturated,0.95,3,STEP_COMPUTE+VERIFY_RESULT+DANGER_CHECK,0.1035,0.404,0.5951,0.2528,0.4764,0.0056
very_strong,0.7,5,EXTRACT_GIVENS+SOURCE_BOUNDARY+COMPARE_AXES+UNCERTAINTY_BOUND+ORIGINAL_TASK_RETURN,0.1035,0.3564,0.5563,0.2958,0.6319,0.0056
strong,0.46,6,EXTRACT_GIVENS+UNIT_TRACK+COMPARE_AXES+UNCERTAINTY_BOUND+ORIGINAL_TASK_RETURN+DANGER_CHECK,0.1035,0.329,0.5458,0.2861,0.5903,0.0056
standard,0.24,4,EXTRACT_GIVENS+MAP_RELATION+UNIT_TRACK+VERIFY_RESULT,0.1035,0.3154,0.5556,0.2833,0.3424,0.0056
standard,0.24,7,EXTRACT_GIVENS+STEP_COMPUTE+VERIFY_RESULT+COMPARE_AXES+UNCERTAINTY_BOUND+ORIGINAL_TASK_RETURN+DANGER_CHECK,0.1028,0.3847,0.6458,0.2153,0.4771,0.0333
very_strong,0.7,5,SOURCE_BOUNDARY+STEP_COMPUTE+VERIFY_RESULT+COMPARE_AXES+UNCERTAINTY_BOUND,0.1028,0.3865,0.516,0.2778,0.6347,0.0111
very_strong,0.7,6,SOURCE_BOUNDARY+MAP_RELATION+UNIT_TRACK+STEP_COMPUTE+ORIGINAL_TASK_RETURN+DANGER_CHECK,0.1028,0.3819,0.5181,0.2694,0.7688,0.0111
saturated,0.95,5,UNIT_TRACK+STEP_COMPUTE+VERIFY_RESULT+COMPARE_AXES+UNCERTAINTY_BOUND,0.1028,0.3925,0.5146,0.2875,0.7479,0.0056
standard,0.24,7,EXTRACT_GIVENS+SOURCE_BOUNDARY+MAP_RELATION+STEP_COMPUTE+VERIFY_RESULT+COMPARE_AXES+ORIGINAL_TASK_RETURN,0.1028,0.3747,0.6132,0.2583,0.4618,0.0056
saturated,0.95,5,EXTRACT_GIVENS+UNIT_TRACK+STEP_COMPUTE+COMPARE_AXES+ORIGINAL_TASK_RETURN,0.1028,0.3458,0.5486,0.3028,0.7861,0.0056
strong,0.46,6,SOURCE_BOUNDARY+UNIT_TRACK+VERIFY_RESULT+COMPARE_AXES+ORIGINAL_TASK_RETURN+DANGER_CHECK,0.1028,0.3204,0.5507,0.3146,0.6785,0.0
standard,0.24,7,EXTRACT_GIVENS+SOURCE_BOUNDARY+UNIT_TRACK+STEP_COMPUTE+VERIFY_RESULT+UNCERTAINTY_BOUND+DANGER_CHECK,0.1021,0.3822,0.6507,0.2667,0.4451,0.05
saturated,0.95,4,UNIT_TRACK+VERIFY_RESULT+UNCERTAINTY_BOUND+DANGER_CHECK,0.1021,0.4257,0.5979,0.2208,0.5535,0.0444
saturated,0.95,4,UNIT_TRACK+VERIFY_RESULT+ORIGINAL_TASK_RETURN+DANGER_CHECK,0.1021,0.3764,0.6146,0.2687,0.625,0.0167
strong,0.46,4,EXTRACT_GIVENS+UNIT_TRACK+VERIFY_RESULT+ORIGINAL_TASK_RETURN,0.1021,0.3703,0.6021,0.2847,0.4694,0.0111
strong,0.46,4,EXTRACT_GIVENS+SOURCE_BOUNDARY+VERIFY_RESULT+ORIGINAL_TASK_RETURN,0.1021,0.3929,0.6104,0.2674,0.4403,0.0056
very_strong,0.7,5,EXTRACT_GIVENS+SOURCE_BOUNDARY+UNIT_TRACK+ORIGINAL_TASK_RETURN+DANGER_CHECK,0.1021,0.3886,0.6007,0.2785,0.6611,0.0056
saturated,0.95,4,EXTRACT_GIVENS+SOURCE_BOUNDARY+COMPARE_AXES+UNCERTAINTY_BOUND,0.1021,0.3275,0.5132,0.3187,0.6049,0.0
saturated,0.95,6,EXTRACT_GIVENS+SOURCE_BOUNDARY+MAP_RELATION+UNIT_TRACK+COMPARE_AXES+ORIGINAL_TASK_RETURN,0.1014,0.4418,0.6062,0.2465,0.7681,0.0444
strong,0.46,6,EXTRACT_GIVENS+SOURCE_BOUNDARY+MAP_RELATION+COMPARE_AXES+UNCERTAINTY_BOUND+ORIGINAL_TASK_RETURN,0.1014,0.3606,0.5556,0.2917,0.5674,0.0333
very_strong,0.7,4,SOURCE_BOUNDARY+STEP_COMPUTE+VERIFY_RESULT+UNCERTAINTY_BOUND,0.1014,0.3952,0.541,0.2674,0.5361,0.0167
very_strong,0.7,5,EXTRACT_GIVENS+SOURCE_BOUNDARY+MAP_RELATION+UNIT_TRACK+ORIGINAL_TASK_RETURN,0.1014,0.4069,0.5701,0.2611,0.5951,0.0056
saturated,0.95,6,MAP_RELATION+UNIT_TRACK+STEP_COMPUTE+COMPARE_AXES+ORIGINAL_TASK_RETURN+DANGER_CHECK,0.1014,0.3818,0.55,0.2847,0.8111,0.0
saturated,0.95,4,EXTRACT_GIVENS+STEP_COMPUTE+COMPARE_AXES+UNCERTAINTY_BOUND,0.1014,0.3787,0.5222,0.3069,0.5965,0.0
strong,0.46,4,SOURCE_BOUNDARY+MAP_RELATION+STEP_COMPUTE+VERIFY_RESULT,0.1014,0.3603,0.5243,0.2924,0.4569,0.0
very_strong,0.7,4,MAP_RELATION+UNIT_TRACK+STEP_COMPUTE+DANGER_CHECK,0.1014,0.3284,0.4813,0.3264,0.5813,0.0
very_strong,0.7,3,EXTRACT_GIVENS+UNIT_TRACK+STEP_COMPUTE,0.1014,0.3156,0.5083,0.3708,0.5299,0.0
very_strong,0.7,6,SOURCE_BOUNDARY+MAP_RELATION+UNIT_TRACK+STEP_COMPUTE+UNCERTAINTY_BOUND+DANGER_CHECK,0.1007,0.4017,0.5056,0.2653,0.6653,0.0389
standard,0.24,7,EXTRACT_GIVENS+SOURCE_BOUNDARY+MAP_RELATION+UNIT_TRACK+VERIFY_RESULT+UNCERTAINTY_BOUND+ORIGINAL_TASK_RETURN,0.1007,0.3694,0.6104,0.2535,0.466,0.0389
standard,0.24,5,EXTRACT_GIVENS+MAP_RELATION+VERIFY_RESULT+ORIGINAL_TASK_RETURN+DANGER_CHECK,0.1007,0.4054,0.684,0.2208,0.3896,0.0333
standard,0.24,6,EXTRACT_GIVENS+SOURCE_BOUNDARY+MAP_RELATION+UNIT_TRACK+VERIFY_RESULT+DANGER_CHECK,0.1007,0.3764,0.6306,0.2535,0.4083,0.0278
strong,0.46,5,EXTRACT_GIVENS+SOURCE_BOUNDARY+MAP_RELATION+UNIT_TRACK+DANGER_CHECK,0.1007,0.3746,0.5708,0.2799,0.5201,0.0278
standard,0.24,6,EXTRACT_GIVENS+SOURCE_BOUNDARY+MAP_RELATION+VERIFY_RESULT+UNCERTAINTY_BOUND+ORIGINAL_TASK_RETURN,0.1007,0.3796,0.6333,0.241,0.391,0.0222
standard,0.24,6,EXTRACT_GIVENS+MAP_RELATION+UNIT_TRACK+VERIFY_RESULT+COMPARE_AXES+DANGER_CHECK,0.1007,0.3597,0.6076,0.2667,0.4451,0.0222
standard,0.24,6,EXTRACT_GIVENS+SOURCE_BOUNDARY+MAP_RELATION+STEP_COMPUTE+VERIFY_RESULT+COMPARE_AXES,0.1007,0.348,0.6014,0.3021,0.4403,0.0222
very_strong,0.7,5,SOURCE_BOUNDARY+MAP_RELATION+UNCERTAINTY_BOUND+ORIGINAL_TASK_RETURN+DANGER_CHECK,0.1007,0.3739,0.5396,0.2722,0.5424,0.0167
strong,0.46,6,SOURCE_BOUNDARY+STEP_COMPUTE+VERIFY_RESULT+COMPARE_AXES+UNCERTAINTY_BOUND+DANGER_CHECK,0.1007,0.3848,0.5576,0.2715,0.6278,0.0111
standard,0.24,7,EXTRACT_GIVENS+MAP_RELATION+UNIT_TRACK+VERIFY_RESULT+COMPARE_AXES+UNCERTAINTY_BOUND+DANGER_CHECK,0.1007,0.3823,0.6181,0.2472,0.4208,0.0111
strong,0.46,6,SOURCE_BOUNDARY+STEP_COMPUTE+VERIFY_RESULT+COMPARE_AXES+UNCERTAINTY_BOUND+ORIGINAL_TASK_RETURN,0.1007,0.3511,0.5347,0.2993,0.6049,0.0111
standard,0.24,7,EXTRACT_GIVENS+SOURCE_BOUNDARY+UNIT_TRACK+STEP_COMPUTE+VERIFY_RESULT+ORIGINAL_TASK_RETURN+DANGER_CHECK,0.1007,0.3841,0.6639,0.2583,0.5035,0.0056
very_strong,0.7,5,MAP_RELATION+UNIT_TRACK+VERIFY_RESULT+COMPARE_AXES+ORIGINAL_TASK_RETURN,0.1007,0.3771,0.5361,0.2764,0.6243,0.0056
very_strong,0.7,6,SOURCE_BOUNDARY+MAP_RELATION+COMPARE_AXES+UNCERTAINTY_BOUND+ORIGINAL_TASK_RETURN+DANGER_CHECK,0.1007,0.3711,0.5118,0.2819,0.6507,0.0056
strong,0.46,5,SOURCE_BOUNDARY+UNIT_TRACK+VERIFY_RESULT+ORIGINAL_TASK_RETURN+DANGER_CHECK,0.1007,0.3373,0.566,0.2993,0.5826,0.0
strong,0.46,6,UNIT_TRACK+STEP_COMPUTE+VERIFY_RESULT+COMPARE_AXES+UNCERTAINTY_BOUND+DANGER_CHECK,0.1,0.3758,0.5556,0.2618,0.5972,0.0278
saturated,0.95,5,EXTRACT_GIVENS+SOURCE_BOUNDARY+MAP_RELATION+UNIT_TRACK+COMPARE_AXES,0.1,0.3947,0.5708,0.275,0.7562,0.0222
saturated,0.95,3,SOURCE_BOUNDARY+VERIFY_RESULT+DANGER_CHECK,0.1,0.3673,0.5799,0.275,0.5062,0.0222
saturated,0.95,5,SOURCE_BOUNDARY+MAP_RELATION+VERIFY_RESULT+COMPARE_AXES+ORIGINAL_TASK_RETURN,0.1,0.4152,0.6007,0.2535,0.684,0.0167
saturated,0.95,5,UNIT_TRACK+STEP_COMPUTE+VERIFY_RESULT+COMPARE_AXES+ORIGINAL_TASK_RETURN,0.1,0.3549,0.5431,0.2799,0.7826,0.0056
saturated,0.95,5,UNIT_TRACK+VERIFY_RESULT+COMPARE_AXES+UNCERTAINTY_BOUND+DANGER_CHECK,0.0993,0.3982,0.5687,0.2514,0.7243,0.0389
strong,0.46,6,EXTRACT_GIVENS+SOURCE_BOUNDARY+MAP_RELATION+COMPARE_AXES+ORIGINAL_TASK_RETURN+DANGER_CHECK,0.0993,0.3923,0.591,0.2465,0.5729,0.0278
saturated,0.95,3,MAP_RELATION+VERIFY_RESULT+UNCERTAINTY_BOUND,0.0993,0.4108,0.5521,0.2472,0.3507,0.0167
strong,0.46,5,EXTRACT_GIVENS+SOURCE_BOUNDARY+UNCERTAINTY_BOUND+ORIGINAL_TASK_RETURN+DANGER_CHECK,0.0993,0.374,0.6174,0.2681,0.5028,0.0167
saturated,0.95,5,SOURCE_BOUNDARY+STEP_COMPUTE+VERIFY_RESULT+COMPARE_AXES+UNCERTAINTY_BOUND,0.0993,0.4,0.5319,0.2743,0.6729,0.0111
strong,0.46,6,SOURCE_BOUNDARY+MAP_RELATION+UNIT_TRACK+VERIFY_RESULT+UNCERTAINTY_BOUND+ORIGINAL_TASK_RETURN,0.0993,0.388,0.5743,0.2694,0.5646,0.0111
very_strong,0.7,5,EXTRACT_GIVENS+MAP_RELATION+UNIT_TRACK+COMPARE_AXES+ORIGINAL_TASK_RETURN,0.0993,0.3783,0.5403,0.2681,0.6278,0.0111
very_strong,0.7,5,MAP_RELATION+STEP_COMPUTE+COMPARE_AXES+UNCERTAINTY_BOUND+DANGER_CHECK,0.0993,0.3769,0.5229,0.2708,0.6104,0.0111
very_strong,0.7,4,EXTRACT_GIVENS+STEP_COMPUTE+COMPARE_AXES+DANGER_CHECK,0.0993,0.3729,0.5757,0.2938,0.5924,0.0111
strong,0.46,4,UNIT_TRACK+STEP_COMPUTE+VERIFY_RESULT+DANGER_CHECK,0.0993,0.3328,0.5556,0.2944,0.5194,0.0111
saturated,0.95,3,EXTRACT_GIVENS+STEP_COMPUTE+UNCERTAINTY_BOUND,0.0993,0.3778,0.5437,0.3035,0.466,0.0056
very_strong,0.7,4,EXTRACT_GIVENS+MAP_RELATION+UNIT_TRACK+ORIGINAL_TASK_RETURN,0.0993,0.3716,0.5569,0.2819,0.5222,0.0056
very_strong,0.7,5,EXTRACT_GIVENS+SOURCE_BOUNDARY+UNIT_TRACK+STEP_COMPUTE+ORIGINAL_TASK_RETURN,0.0993,0.3624,0.5472,0.3,0.6764,0.0056
very_strong,0.7,3,EXTRACT_GIVENS+STEP_COMPUTE+UNCERTAINTY_BOUND,0.0993,0.3638,0.5292,0.3153,0.4208,0.0
saturated,0.95,6,MAP_RELATION+UNIT_TRACK+STEP_COMPUTE+COMPARE_AXES+UNCERTAINTY_BOUND+ORIGINAL_TASK_RETURN,0.0993,0.3535,0.4965,0.3,0.8208,0.0
saturated,0.95,5,MAP_RELATION+UNIT_TRACK+STEP_COMPUTE+COMPARE_AXES+DANGER_CHECK,0.0993,0.3513,0.5118,0.3076,0.8,0.0
very_strong,0.7,3,UNIT_TRACK+STEP_COMPUTE+VERIFY_RESULT,0.0993,0.3193,0.4965,0.3208,0.5278,0.0
saturated,0.95,3,MAP_RELATION+UNIT_TRACK+STEP_COMPUTE,0.0993,0.2785,0.4319,0.3896,0.616,0.0
saturated,0.95,5,MAP_RELATION+VERIFY_RESULT+COMPARE_AXES+UNCERTAINTY_BOUND+ORIGINAL_TASK_RETURN,0.0986,0.4419,0.6014,0.2361,0.5819,0.0667
very_strong,0.7,4,EXTRACT_GIVENS+VERIFY_RESULT+COMPARE_AXES+ORIGINAL_TASK_RETURN,0.0986,0.4358,0.6306,0.2576,0.5,0.0611
saturated,0.95,4,EXTRACT_GIVENS+SOURCE_BOUNDARY+STEP_COMPUTE+DANGER_CHECK,0.0986,0.4292,0.6396,0.2694,0.5639,0.0556
standard,0.24,6,EXTRACT_GIVENS+MAP_RELATION+UNIT_TRACK+VERIFY_RESULT+UNCERTAINTY_BOUND+ORIGINAL_TASK_RETURN,0.0986,0.3611,0.625,0.2743,0.4319,0.0111
saturated,0.95,4,EXTRACT_GIVENS+SOURCE_BOUNDARY+ORIGINAL_TASK_RETURN+DANGER_CHECK,0.0986,0.3876,0.6201,0.2625,0.5958,0.0056
standard,0.24,6,EXTRACT_GIVENS+MAP_RELATION+VERIFY_RESULT+COMPARE_AXES+UNCERTAINTY_BOUND+DANGER_CHECK,0.0986,0.3864,0.6514,0.2431,0.3917,0.0056
very_strong,0.7,5,EXTRACT_GIVENS+UNIT_TRACK+STEP_COMPUTE+COMPARE_AXES+ORIGINAL_TASK_RETURN,0.0986,0.3452,0.5347,0.3326,0.6924,0.0056
standard,0.24,5,EXTRACT_GIVENS+STEP_COMPUTE+VERIFY_RESULT+UNCERTAINTY_BOUND+ORIGINAL_TASK_RETURN,0.0986,0.3405,0.6139,0.2799,0.3924,0.0056
saturated,0.95,6,SOURCE_BOUNDARY+STEP_COMPUTE+COMPARE_AXES+UNCERTAINTY_BOUND+ORIGINAL_TASK_RETURN+DANGER_CHECK,0.0986,0.3366,0.5174,0.2958,0.8826,0.0056
very_strong,0.7,4,SOURCE_BOUNDARY+MAP_RELATION+UNIT_TRACK+VERIFY_RESULT,0.0986,0.3928,0.541,0.2729,0.5569,0.0
very_strong,0.7,4,MAP_RELATION+UNIT_TRACK+STEP_COMPUTE+ORIGINAL_TASK_RETURN,0.0986,0.3004,0.4625,0.3403,0.6188,0.0
very_strong,0.7,5,STEP_COMPUTE+VERIFY_RESULT+COMPARE_AXES+ORIGINAL_TASK_RETURN+DANGER_CHECK,0.0979,0.4227,0.6201,0.2458,0.6139,0.0278
strong,0.46,5,SOURCE_BOUNDARY+UNIT_TRACK+VERIFY_RESULT+UNCERTAINTY_BOUND+DANGER_CHECK,0.0979,0.3672,0.5708,0.2785,0.5549,0.0278
standard,0.24,6,EXTRACT_GIVENS+SOURCE_BOUNDARY+STEP_COMPUTE+VERIFY_RESULT+UNCERTAINTY_BOUND+ORIGINAL_TASK_RETURN,0.0979,0.3663,0.6146,0.2583,0.4007,0.0278
standard,0.24,5,EXTRACT_GIVENS+STEP_COMPUTE+VERIFY_RESULT+UNCERTAINTY_BOUND+DANGER_CHECK,0.0979,0.3793,0.6292,0.2465,0.3708,0.0111
strong,0.46,4,EXTRACT_GIVENS+MAP_RELATION+ORIGINAL_TASK_RETURN+DANGER_CHECK,0.0979,0.3715,0.6375,0.2799,0.4382,0.0111
strong,0.46,5,EXTRACT_GIVENS+SOURCE_BOUNDARY+MAP_RELATION+STEP_COMPUTE+ORIGINAL_TASK_RETURN,0.0979,0.3611,0.5486,0.2917,0.4917,0.0111
saturated,0.95,4,EXTRACT_GIVENS+SOURCE_BOUNDARY+COMPARE_AXES+DANGER_CHECK,0.0979,0.3545,0.5854,0.3139,0.65,0.0056
standard,0.24,5,EXTRACT_GIVENS+MAP_RELATION+UNIT_TRACK+VERIFY_RESULT+UNCERTAINTY_BOUND,0.0979,0.3545,0.6021,0.2687,0.3681,0.0056
very_strong,0.7,4,SOURCE_BOUNDARY+VERIFY_RESULT+UNCERTAINTY_BOUND+ORIGINAL_TASK_RETURN,0.0979,0.3544,0.5563,0.2819,0.5174,0.0056
strong,0.46,5,SOURCE_BOUNDARY+MAP_RELATION+UNIT_TRACK+VERIFY_RESULT+ORIGINAL_TASK_RETURN,0.0979,0.3509,0.5493,0.2847,0.541,0.0
standard,0.24,6,EXTRACT_GIVENS+SOURCE_BOUNDARY+UNIT_TRACK+VERIFY_RESULT+UNCERTAINTY_BOUND+DANGER_CHECK,0.0972,0.3649,0.6201,0.2458,0.4549,0.0333
standard,0.24,6,EXTRACT_GIVENS+SOURCE_BOUNDARY+MAP_RELATION+UNIT_TRACK+VERIFY_RESULT+UNCERTAINTY_BOUND,0.0972,0.3427,0.5792,0.275,0.4069,0.0278
saturated,0.95,4,MAP_RELATION+VERIFY_RESULT+COMPARE_AXES+UNCERTAINTY_BOUND,0.0972,0.415,0.5639,0.2632,0.5319,0.0167
standard,0.24,7,EXTRACT_GIVENS+SOURCE_BOUNDARY+MAP_RELATION+UNIT_TRACK+STEP_COMPUTE+VERIFY_RESULT+COMPARE_AXES,0.0972,0.3372,0.5632,0.2944,0.4736,0.0167
strong,0.46,5,EXTRACT_GIVENS+SOURCE_BOUNDARY+STEP_COMPUTE+UNCERTAINTY_BOUND+DANGER_CHECK,0.0972,0.3764,0.6014,0.2812,0.4882,0.0111
saturated,0.95,5,MAP_RELATION+STEP_COMPUTE+COMPARE_AXES+UNCERTAINTY_BOUND+DANGER_CHECK,0.0972,0.374,0.5153,0.2785,0.6986,0.0111
strong,0.46,5,SOURCE_BOUNDARY+MAP_RELATION+STEP_COMPUTE+VERIFY_RESULT+COMPARE_AXES,0.0972,0.3541,0.5174,0.2951,0.5611,0.0111
very_strong,0.7,3,MAP_RELATION+VERIFY_RESULT+UNCERTAINTY_BOUND,0.0972,0.393,0.5333,0.2535,0.3729,0.0056
very_strong,0.7,5,SOURCE_BOUNDARY+MAP_RELATION+UNIT_TRACK+STEP_COMPUTE+UNCERTAINTY_BOUND,0.0972,0.337,0.4674,0.3167,0.659,0.0
strong,0.46,6,EXTRACT_GIVENS+SOURCE_BOUNDARY+UNIT_TRACK+STEP_COMPUTE+UNCERTAINTY_BOUND+DANGER_CHECK,0.0965,0.3709,0.5736,0.3035,0.5778,0.0333
saturated,0.95,5,EXTRACT_GIVENS+SOURCE_BOUNDARY+STEP_COMPUTE+COMPARE_AXES+DANGER_CHECK,0.0965,0.416,0.5868,0.2583,0.7493,0.0278
strong,0.46,6,EXTRACT_GIVENS+SOURCE_BOUNDARY+MAP_RELATION+UNIT_TRACK+UNCERTAINTY_BOUND+ORIGINAL_TASK_RETURN,0.0965,0.3726,0.5611,0.266,0.5514,0.0111
strong,0.46,6,SOURCE_BOUNDARY+UNIT_TRACK+STEP_COMPUTE+VERIFY_RESULT+UNCERTAINTY_BOUND+ORIGINAL_TASK_RETURN,0.0965,0.35,0.5319,0.2799,0.6118,0.0056
standard,0.24,5,EXTRACT_GIVENS+MAP_RELATION+STEP_COMPUTE+VERIFY_RESULT+COMPARE_AXES,0.0965,0.3474,0.5924,0.2743,0.3917,0.0056
standard,0.24,6,MAP_RELATION+UNIT_TRACK+STEP_COMPUTE+VERIFY_RESULT+UNCERTAINTY_BOUND+ORIGINAL_TASK_RETURN,0.0965,0.297,0.5417,0.2958,0.4736,0.0056
very_strong,0.7,6,MAP_RELATION+UNIT_TRACK+STEP_COMPUTE+COMPARE_AXES+ORIGINAL_TASK_RETURN+DANGER_CHECK,0.0965,0.3507,0.5118,0.3174,0.7479,0.0
very_strong,0.7,5,SOURCE_BOUNDARY+COMPARE_AXES+UNCERTAINTY_BOUND+ORIGINAL_TASK_RETURN+DANGER_CHECK,0.0965,0.2992,0.4861,0.3431,0.7451,0.0
strong,0.46,4,STEP_COMPUTE+VERIFY_RESULT+UNCERTAINTY_BOUND+DANGER_CHECK,0.0958,0.3724,0.5715,0.2562,0.4396,0.0389
very_strong,0.7,6,SOURCE_BOUNDARY+MAP_RELATION+STEP_COMPUTE+COMPARE_AXES+UNCERTAINTY_BOUND+DANGER_CHECK,0.0958,0.4035,0.5167,0.2583,0.6931,0.0333
strong,0.46,7,EXTRACT_GIVENS+SOURCE_BOUNDARY+UNIT_TRACK+STEP_COMPUTE+COMPARE_AXES+ORIGINAL_TASK_RETURN+DANGER_CHECK,0.0958,0.3569,0.5826,0.2806,0.6861,0.0333
very_strong,0.7,5,EXTRACT_GIVENS+SOURCE_BOUNDARY+STEP_COMPUTE+ORIGINAL_TASK_RETURN+DANGER_CHECK,0.0958,0.4314,0.6354,0.2604,0.5979,0.0278
saturated,0.95,6,SOURCE_BOUNDARY+MAP_RELATION+UNIT_TRACK+UNCERTAINTY_BOUND+ORIGINAL_TASK_RETURN+DANGER_CHECK,0.0958,0.3992,0.5764,0.2556,0.7208,0.0222
very_strong,0.7,3,STEP_COMPUTE+VERIFY_RESULT+UNCERTAINTY_BOUND,0.0958,0.3686,0.5451,0.2729,0.4514,0.0222
very_strong,0.7,6,SOURCE_BOUNDARY+UNIT_TRACK+VERIFY_RESULT+COMPARE_AXES+UNCERTAINTY_BOUND+ORIGINAL_TASK_RETURN,0.0958,0.3731,0.5278,0.2847,0.7333,0.0167
saturated,0.95,3,EXTRACT_GIVENS+UNCERTAINTY_BOUND+DANGER_CHECK,0.0958,0.3797,0.5833,0.2667,0.4229,0.0111
saturated,0.95,2,EXTRACT_GIVENS+VERIFY_RESULT,0.0958,0.4098,0.6201,0.2437,0.3264,0.0056
strong,0.46,5,MAP_RELATION+UNIT_TRACK+VERIFY_RESULT+COMPARE_AXES+UNCERTAINTY_BOUND,0.0958,0.3393,0.5243,0.3021,0.5271,0.0056
very_strong,0.7,4,UNIT_TRACK+STEP_COMPUTE+VERIFY_RESULT+COMPARE_AXES,0.0958,0.3202,0.4979,0.3257,0.6229,0.0
saturated,0.95,6,EXTRACT_GIVENS+SOURCE_BOUNDARY+UNIT_TRACK+STEP_COMPUTE+COMPARE_AXES+ORIGINAL_TASK_RETURN,0.0951,0.3919,0.5854,0.2826,0.8771,0.0222
strong,0.46,5,EXTRACT_GIVENS+SOURCE_BOUNDARY+VERIFY_RESULT+COMPARE_AXES+ORIGINAL_TASK_RETURN,0.0951,0.3867,0.6111,0.2875,0.5417,0.0167
very_strong,0.7,5,UNIT_TRACK+STEP_COMPUTE+VERIFY_RESULT+COMPARE_AXES+ORIGINAL_TASK_RETURN,0.0951,0.3526,0.5361,0.2847,0.7049,0.0111
standard,0.24,5,EXTRACT_GIVENS+UNIT_TRACK+STEP_COMPUTE+VERIFY_RESULT+ORIGINAL_TASK_RETURN,0.0951,0.3073,0.5903,0.2965,0.4472,0.0
strong,0.46,5,EXTRACT_GIVENS+SOURCE_BOUNDARY+MAP_RELATION+ORIGINAL_TASK_RETURN+DANGER_CHECK,0.0944,0.4012,0.6208,0.2444,0.5042,0.0389
strong,0.46,4,EXTRACT_GIVENS+STEP_COMPUTE+UNCERTAINTY_BOUND+DANGER_CHECK,0.0944,0.3581,0.5771,0.2854,0.4729,0.0167
very_strong,0.7,3,STEP_COMPUTE+VERIFY_RESULT+DANGER_CHECK,0.0944,0.3822,0.5847,0.2687,0.4514,0.0111
standard,0.24,5,EXTRACT_GIVENS+MAP_RELATION+VERIFY_RESULT+COMPARE_AXES+DANGER_CHECK,0.0944,0.3764,0.6181,0.2375,0.3681,0.0111
saturated,0.95,3,STEP_COMPUTE+VERIFY_RESULT+UNCERTAINTY_BOUND,0.0944,0.3718,0.55,0.2938,0.4472,0.0111
very_strong,0.7,4,SOURCE_BOUNDARY+VERIFY_RESULT+COMPARE_AXES+DANGER_CHECK,0.0944,0.355,0.5597,0.2993,0.6306,0.0056
saturated,0.95,4,SOURCE_BOUNDARY+UNIT_TRACK+STEP_COMPUTE+VERIFY_RESULT,0.0944,0.375,0.5417,0.2938,0.684,0.0
very_strong,0.7,4,UNIT_TRACK+VERIFY_RESULT+ORIGINAL_TASK_RETURN+DANGER_CHECK,0.0938,0.3663,0.5938,0.2639,0.5368,0.0167
strong,0.46,5,MAP_RELATION+UNIT_TRACK+VERIFY_RESULT+COMPARE_AXES+DANGER_CHECK,0.0938,0.3558,0.5368,0.2951,0.5306,0.0167
saturated,0.95,5,SOURCE_BOUNDARY+MAP_RELATION+COMPARE_AXES+UNCERTAINTY_BOUND+DANGER_CHECK,0.0938,0.3564,0.4986,0.2812,0.6694,0.0111
standard,0.24,5,EXTRACT_GIVENS+SOURCE_BOUNDARY+MAP_RELATION+VERIFY_RESULT+DANGER_CHECK,0.0938,0.3869,0.6458,0.2486,0.3597,0.0056
saturated,0.95,4,EXTRACT_GIVENS+SOURCE_BOUNDARY+UNIT_TRACK+STEP_COMPUTE,0.0938,0.3477,0.5167,0.3014,0.6937,0.0056
saturated,0.95,4,SOURCE_BOUNDARY+STEP_COMPUTE+VERIFY_RESULT+ORIGINAL_TASK_RETURN,0.0938,0.3888,0.5944,0.2514,0.6188,0.0
very_strong,0.7,4,EXTRACT_GIVENS+SOURCE_BOUNDARY+MAP_RELATION+UNIT_TRACK,0.0938,0.3715,0.5576,0.3063,0.5708,0.0
strong,0.46,4,EXTRACT_GIVENS+MAP_RELATION+STEP_COMPUTE+COMPARE_AXES,0.0938,0.3304,0.5208,0.3215,0.4729,0.0
very_strong,0.7,3,MAP_RELATION+UNIT_TRACK+STEP_COMPUTE,0.0938,0.2653,0.4264,0.4021,0.5903,0.0
strong,0.46,5,EXTRACT_GIVENS+UNIT_TRACK+VERIFY_RESULT+COMPARE_AXES+ORIGINAL_TASK_RETURN,0.0931,0.3782,0.6132,0.2639,0.5514,0.0333
standard,0.24,7,EXTRACT_GIVENS+SOURCE_BOUNDARY+UNIT_TRACK+STEP_COMPUTE+VERIFY_RESULT+UNCERTAINTY_BOUND+ORIGINAL_TASK_RETURN,0.0931,0.3425,0.6007,0.3014,0.4792,0.0278
standard,0.24,5,EXTRACT_GIVENS+MAP_RELATION+VERIFY_RESULT+UNCERTAINTY_BOUND+ORIGINAL_TASK_RETURN,0.0931,0.3636,0.6188,0.2354,0.3764,0.0222
strong,0.46,5,UNIT_TRACK+STEP_COMPUTE+VERIFY_RESULT+COMPARE_AXES+DANGER_CHECK,0.0931,0.3339,0.5215,0.2889,0.6083,0.0167
strong,0.46,5,MAP_RELATION+UNIT_TRACK+VERIFY_RESULT+UNCERTAINTY_BOUND+ORIGINAL_TASK_RETURN,0.0931,0.3607,0.5458,0.2708,0.5285,0.0111
very_strong,0.7,5,SOURCE_BOUNDARY+VERIFY_RESULT+COMPARE_AXES+UNCERTAINTY_BOUND+ORIGINAL_TASK_RETURN,0.0931,0.3567,0.5326,0.2896,0.6465,0.0056
strong,0.46,7,SOURCE_BOUNDARY+UNIT_TRACK+STEP_COMPUTE+VERIFY_RESULT+COMPARE_AXES+UNCERTAINTY_BOUND+ORIGINAL_TASK_RETURN,0.0931,0.3432,0.5104,0.2806,0.7063,0.0056
very_strong,0.7,4,SOURCE_BOUNDARY+STEP_COMPUTE+VERIFY_RESULT+ORIGINAL_TASK_RETURN,0.0931,0.3723,0.5542,0.2778,0.5785,0.0
standard,0.24,6,EXTRACT_GIVENS+SOURCE_BOUNDARY+MAP_RELATION+VERIFY_RESULT+COMPARE_AXES+DANGER_CHECK,0.0924,0.362,0.6326,0.2729,0.4278,0.0389
saturated,0.95,5,SOURCE_BOUNDARY+MAP_RELATION+STEP_COMPUTE+UNCERTAINTY_BOUND+DANGER_CHECK,0.0924,0.4181,0.5319,0.2444,0.5986,0.0333
saturated,0.95,5,EXTRACT_GIVENS+SOURCE_BOUNDARY+UNIT_TRACK+ORIGINAL_TASK_RETURN+DANGER_CHECK,0.0924,0.4007,0.6208,0.2799,0.7319,0.0167
very_strong,0.7,6,EXTRACT_GIVENS+SOURCE_BOUNDARY+UNIT_TRACK+COMPARE_AXES+UNCERTAINTY_BOUND+ORIGINAL_TASK_RETURN,0.0924,0.3632,0.5389,0.3139,0.7382,0.0167
standard,0.24,6,MAP_RELATION+UNIT_TRACK+STEP_COMPUTE+VERIFY_RESULT+UNCERTAINTY_BOUND+DANGER_CHECK,0.0924,0.3334,0.5458,0.2625,0.4514,0.0167
saturated,0.95,4,EXTRACT_GIVENS+SOURCE_BOUNDARY+MAP_RELATION+UNIT_TRACK,0.0924,0.3803,0.5375,0.2924,0.6153,0.0111
saturated,0.95,5,SOURCE_BOUNDARY+MAP_RELATION+UNIT_TRACK+VERIFY_RESULT+COMPARE_AXES,0.0924,0.4037,0.5569,0.2722,0.7451,0.0056
saturated,0.95,7,SOURCE_BOUNDARY+UNIT_TRACK+STEP_COMPUTE+COMPARE_AXES+UNCERTAINTY_BOUND+ORIGINAL_TASK_RETURN+DANGER_CHECK,0.0924,0.3553,0.5194,0.2847,1.0063,0.0056
strong,0.46,5,EXTRACT_GIVENS+MAP_RELATION+UNIT_TRACK+COMPARE_AXES+DANGER_CHECK,0.0924,0.341,0.55,0.3111,0.5743,0.0056
strong,0.46,3,MAP_RELATION+UNIT_TRACK+VERIFY_RESULT,0.0924,0.2994,0.4993,0.3257,0.4354,0.0056
strong,0.46,5,EXTRACT_GIVENS+UNIT_TRACK+STEP_COMPUTE+UNCERTAINTY_BOUND+ORIGINAL_TASK_RETURN,0.0924,0.3281,0.5556,0.309,0.5507,0.0
very_strong,0.7,5,MAP_RELATION+UNIT_TRACK+STEP_COMPUTE+COMPARE_AXES+UNCERTAINTY_BOUND,0.0924,0.3066,0.4049,0.3542,0.6854,0.0
saturated,0.95,5,MAP_RELATION+UNIT_TRACK+STEP_COMPUTE+COMPARE_AXES+ORIGINAL_TASK_RETURN,0.0924,0.2984,0.4792,0.3354,0.816,0.0
standard,0.24,6,EXTRACT_GIVENS+VERIFY_RESULT+COMPARE_AXES+UNCERTAINTY_BOUND+ORIGINAL_TASK_RETURN+DANGER_CHECK,0.0917,0.3669,0.6507,0.2437,0.4347,0.0389
standard,0.24,8,EXTRACT_GIVENS+UNIT_TRACK+STEP_COMPUTE+VERIFY_RESULT+COMPARE_AXES+UNCERTAINTY_BOUND+ORIGINAL_TASK_RETURN+DANGER_CHECK,0.0917,0.3763,0.6278,0.241,0.5201,0.0333
very_strong,0.7,5,UNIT_TRACK+VERIFY_RESULT+COMPARE_AXES+UNCERTAINTY_BOUND+DANGER_CHECK,0.0917,0.3969,0.5563,0.2465,0.6354,0.0111
very_strong,0.7,3,EXTRACT_GIVENS+UNCERTAINTY_BOUND+DANGER_CHECK,0.0917,0.3675,0.5521,0.2847,0.4076,0.0111
standard,0.24,7,EXTRACT_GIVENS+SOURCE_BOUNDARY+MAP_RELATION+STEP_COMPUTE+VERIFY_RESULT+COMPARE_AXES+UNCERTAINTY_BOUND,0.0917,0.3611,0.5847,0.2847,0.4153,0.0056
saturated,0.95,5,SOURCE_BOUNDARY+MAP_RELATION+UNIT_TRACK+STEP_COMPUTE+UNCERTAINTY_BOUND,0.0917,0.3551,0.4833,0.3076,0.709,0.0056
saturated,0.95,5,SOURCE_BOUNDARY+MAP_RELATION+UNIT_TRACK+STEP_COMPUTE+ORIGINAL_TASK_RETURN,0.0917,0.3349,0.516,0.3049,0.7729,0.0
very_strong,0.7,4,EXTRACT_GIVENS+SOURCE_BOUNDARY+UNIT_TRACK+STEP_COMPUTE,0.0917,0.322,0.4993,0.3424,0.6236,0.0
standard,0.24,7,EXTRACT_GIVENS+SOURCE_BOUNDARY+MAP_RELATION+STEP_COMPUTE+UNCERTAINTY_BOUND+ORIGINAL_TASK_RETURN+DANGER_CHECK,0.091,0.3582,0.6153,0.2493,0.4521,0.0444
very_strong,0.7,4,STEP_COMPUTE+VERIFY_RESULT+COMPARE_AXES+DANGER_CHECK,0.091,0.3957,0.5785,0.2583,0.5542,0.0389
standard,0.24,7,EXTRACT_GIVENS+SOURCE_BOUNDARY+MAP_RELATION+VERIFY_RESULT+COMPARE_AXES+UNCERTAINTY_BOUND+ORIGINAL_TASK_RETURN,0.091,0.3625,0.6083,0.2604,0.459,0.0389
strong,0.46,5,EXTRACT_GIVENS+SOURCE_BOUNDARY+UNIT_TRACK+VERIFY_RESULT+COMPARE_AXES,0.091,0.3604,0.559,0.3007,0.5542,0.0389
standard,0.24,7,EXTRACT_GIVENS+SOURCE_BOUNDARY+VERIFY_RESULT+COMPARE_AXES+UNCERTAINTY_BOUND+ORIGINAL_TASK_RETURN+DANGER_CHECK,0.091,0.3751,0.6646,0.2521,0.4944,0.0222
saturated,0.95,7,SOURCE_BOUNDARY+MAP_RELATION+UNIT_TRACK+COMPARE_AXES+UNCERTAINTY_BOUND+ORIGINAL_TASK_RETURN+DANGER_CHECK,0.091,0.3912,0.5458,0.2715,0.884,0.0167
standard,0.24,7,EXTRACT_GIVENS+SOURCE_BOUNDARY+UNIT_TRACK+VERIFY_RESULT+UNCERTAINTY_BOUND+ORIGINAL_TASK_RETURN+DANGER_CHECK,0.091,0.3735,0.6368,0.2389,0.4882,0.0167
standard,0.24,6,EXTRACT_GIVENS+SOURCE_BOUNDARY+VERIFY_RESULT+COMPARE_AXES+UNCERTAINTY_BOUND+DANGER_CHECK,0.091,0.344,0.6056,0.2806,0.4889,0.0167
very_strong,0.7,5,SOURCE_BOUNDARY+MAP_RELATION+VERIFY_RESULT+COMPARE_AXES+ORIGINAL_TASK_RETURN,0.091,0.3978,0.559,0.2437,0.6285,0.0111
very_strong,0.7,4,EXTRACT_GIVENS+SOURCE_BOUNDARY+COMPARE_AXES+DANGER_CHECK,0.091,0.3442,0.5493,0.3167,0.5958,0.0111
strong,0.46,4,EXTRACT_GIVENS+SOURCE_BOUNDARY+MAP_RELATION+STEP_COMPUTE,0.091,0.3321,0.5215,0.3201,0.4403,0.0056
saturated,0.95,3,SOURCE_BOUNDARY+MAP_RELATION+VERIFY_RESULT,0.091,0.3909,0.5549,0.266,0.4472,0.0
saturated,0.95,6,SOURCE_BOUNDARY+UNIT_TRACK+COMPARE_AXES+UNCERTAINTY_BOUND+ORIGINAL_TASK_RETURN+DANGER_CHECK,0.091,0.3106,0.5146,0.2986,0.9257,0.0
very_strong,0.7,6,SOURCE_BOUNDARY+UNIT_TRACK+COMPARE_AXES+UNCERTAINTY_BOUND+ORIGINAL_TASK_RETURN+DANGER_CHECK,0.091,0.2943,0.5035,0.3493,0.834,0.0
very_strong,0.7,5,SOURCE_BOUNDARY+STEP_COMPUTE+VERIFY_RESULT+COMPARE_AXES+ORIGINAL_TASK_RETURN,0.0903,0.3759,0.5382,0.2576,0.6618,0.0167
strong,0.46,5,EXTRACT_GIVENS+UNIT_TRACK+STEP_COMPUTE+ORIGINAL_TASK_RETURN+DANGER_CHECK,0.0903,0.3464,0.5938,0.2889,0.5854,0.0167
saturated,0.95,5,STEP_COMPUTE+VERIFY_RESULT+COMPARE_AXES+UNCERTAINTY_BOUND+ORIGINAL_TASK_RETURN,0.0903,0.4056,0.5597,0.2569,0.6576,0.0056
saturated,0.95,5,SOURCE_BOUNDARY+MAP_RELATION+STEP_COMPUTE+ORIGINAL_TASK_RETURN+DANGER_CHECK,0.0903,0.3815,0.5757,0.2674,0.6743,0.0056
very_strong,0.7,5,SOURCE_BOUNDARY+UNIT_TRACK+VERIFY_RESULT+COMPARE_AXES+DANGER_CHECK,0.0903,0.3742,0.5632,0.2944,0.6792,0.0056
standard,0.24,7,SOURCE_BOUNDARY+MAP_RELATION+UNIT_TRACK+STEP_COMPUTE+VERIFY_RESULT+UNCERTAINTY_BOUND+DANGER_CHECK,0.0903,0.3326,0.5604,0.2667,0.4806,0.0056
standard,0.24,7,EXTRACT_GIVENS+SOURCE_BOUNDARY+MAP_RELATION+UNIT_TRACK+VERIFY_RESULT+COMPARE_AXES+DANGER_CHECK,0.0896,0.3679,0.6132,0.2715,0.459,0.0389
strong,0.46,5,STEP_COMPUTE+VERIFY_RESULT+COMPARE_AXES+UNCERTAINTY_BOUND+DANGER_CHECK,0.0896,0.3675,0.5556,0.2729,0.5174,0.0389
standard,0.24,7,EXTRACT_GIVENS+SOURCE_BOUNDARY+STEP_COMPUTE+VERIFY_RESULT+COMPARE_AXES+UNCERTAINTY_BOUND+DANGER_CHECK,0.0896,0.375,0.6396,0.2833,0.459,0.0333
strong,0.46,6,UNIT_TRACK+VERIFY_RESULT+COMPARE_AXES+UNCERTAINTY_BOUND+ORIGINAL_TASK_RETURN+DANGER_CHECK,0.0896,0.3529,0.5681,0.2687,0.6222,0.0278
very_strong,0.7,4,UNIT_TRACK+VERIFY_RESULT+UNCERTAINTY_BOUND+DANGER_CHECK,0.0896,0.4032,0.5667,0.2347,0.5326,0.0222
very_strong,0.7,6,EXTRACT_GIVENS+SOURCE_BOUNDARY+MAP_RELATION+UNIT_TRACK+COMPARE_AXES+ORIGINAL_TASK_RETURN,0.0896,0.3977,0.5507,0.2847,0.7319,0.0222
very_strong,0.7,4,MAP_RELATION+VERIFY_RESULT+COMPARE_AXES+UNCERTAINTY_BOUND,0.0896,0.3927,0.5257,0.2694,0.4604,0.0111
very_strong,0.7,5,UNIT_TRACK+VERIFY_RESULT+COMPARE_AXES+ORIGINAL_TASK_RETURN+DANGER_CHECK,0.0896,0.363,0.5535,0.2778,0.6618,0.0
saturated,0.95,4,EXTRACT_GIVENS+SOURCE_BOUNDARY+UNCERTAINTY_BOUND+ORIGINAL_TASK_RETURN,0.0896,0.3621,0.5847,0.2826,0.5604,0.0
saturated,0.95,5,EXTRACT_GIVENS+UNIT_TRACK+COMPARE_AXES+UNCERTAINTY_BOUND+ORIGINAL_TASK_RETURN,0.0896,0.3463,0.5604,0.2701,0.725,0.0
very_strong,0.7,5,SOURCE_BOUNDARY+MAP_RELATION+UNIT_TRACK+STEP_COMPUTE+DANGER_CHECK,0.0896,0.3462,0.4986,0.3174,0.6535,0.0
strong,0.46,4,EXTRACT_GIVENS+MAP_RELATION+COMPARE_AXES+DANGER_CHECK,0.0896,0.3383,0.5667,0.3132,0.4729,0.0
standard,0.24,6,EXTRACT_GIVENS+STEP_COMPUTE+VERIFY_RESULT+COMPARE_AXES+UNCERTAINTY_BOUND+DANGER_CHECK,0.0889,0.3745,0.6382,0.2674,0.4292,0.0222
standard,0.24,8,EXTRACT_GIVENS+MAP_RELATION+UNIT_TRACK+STEP_COMPUTE+COMPARE_AXES+UNCERTAINTY_BOUND+ORIGINAL_TASK_RETURN+DANGER_CHECK,0.0889,0.3189,0.5687,0.2979,0.5771,0.0222
saturated,0.95,4,SOURCE_BOUNDARY+UNIT_TRACK+VERIFY_RESULT+DANGER_CHECK,0.0889,0.3727,0.5611,0.2778,0.6326,0.0111
very_strong,0.7,5,EXTRACT_GIVENS+SOURCE_BOUNDARY+MAP_RELATION+UNIT_TRACK+COMPARE_AXES,0.0889,0.3712,0.5076,0.2924,0.6389,0.0111
standard,0.24,7,EXTRACT_GIVENS+UNIT_TRACK+STEP_COMPUTE+VERIFY_RESULT+COMPARE_AXES+ORIGINAL_TASK_RETURN+DANGER_CHECK,0.0889,0.3602,0.6646,0.2521,0.4931,0.0111
saturated,0.95,6,SOURCE_BOUNDARY+MAP_RELATION+UNIT_TRACK+STEP_COMPUTE+UNCERTAINTY_BOUND+ORIGINAL_TASK_RETURN,0.0889,0.3752,0.5153,0.2819,0.8021,0.0056
very_strong,0.7,5,SOURCE_BOUNDARY+MAP_RELATION+STEP_COMPUTE+ORIGINAL_TASK_RETURN+DANGER_CHECK,0.0889,0.3671,0.5514,0.2729,0.641,0.0056
strong,0.46,5,SOURCE_BOUNDARY+MAP_RELATION+UNIT_TRACK+VERIFY_RESULT+UNCERTAINTY_BOUND,0.0889,0.3557,0.5153,0.2715,0.5222,0.0056
strong,0.46,4,MAP_RELATION+STEP_COMPUTE+VERIFY_RESULT+COMPARE_AXES,0.0889,0.3192,0.484,0.3028,0.4993,0.0056
strong,0.46,5,EXTRACT_GIVENS+MAP_RELATION+UNIT_TRACK+COMPARE_AXES+UNCERTAINTY_BOUND,0.0889,0.3208,0.4882,0.3444,0.5014,0.0
very_strong,0.7,4,EXTRACT_GIVENS+UNIT_TRACK+STEP_COMPUTE+COMPARE_AXES,0.0889,0.3179,0.4938,0.3549,0.6771,0.0
standard,0.24,5,EXTRACT_GIVENS+UNIT_TRACK+STEP_COMPUTE+VERIFY_RESULT+UNCERTAINTY_BOUND,0.0889,0.3123,0.5625,0.3049,0.4035,0.0
standard,0.24,6,EXTRACT_GIVENS+SOURCE_BOUNDARY+UNIT_TRACK+VERIFY_RESULT+ORIGINAL_TASK_RETURN+DANGER_CHECK,0.0882,0.3518,0.6722,0.284,0.4722,0.0389
strong,0.46,5,SOURCE_BOUNDARY+MAP_RELATION+VERIFY_RESULT+COMPARE_AXES+DANGER_CHECK,0.0882,0.3767,0.566,0.2771,0.5236,0.0278
standard,0.24,8,EXTRACT_GIVENS+SOURCE_BOUNDARY+UNIT_TRACK+VERIFY_RESULT+COMPARE_AXES+UNCERTAINTY_BOUND+ORIGINAL_TASK_RETURN+DANGER_CHECK,0.0882,0.3596,0.6389,0.2729,0.5542,0.0278
standard,0.24,6,EXTRACT_GIVENS+MAP_RELATION+STEP_COMPUTE+UNCERTAINTY_BOUND+ORIGINAL_TASK_RETURN+DANGER_CHECK,0.0882,0.3463,0.6153,0.2556,0.4333,0.0167
standard,0.24,5,EXTRACT_GIVENS+MAP_RELATION+VERIFY_RESULT+COMPARE_AXES+UNCERTAINTY_BOUND,0.0882,0.346,0.5826,0.2778,0.3799,0.0056
very_strong,0.7,4,EXTRACT_GIVENS+MAP_RELATION+UNIT_TRACK+COMPARE_AXES,0.0882,0.3448,0.4875,0.3243,0.5896,0.0056
strong,0.46,5,SOURCE_BOUNDARY+STEP_COMPUTE+VERIFY_RESULT+UNCERTAINTY_BOUND+ORIGINAL_TASK_RETURN,0.0882,0.3396,0.5271,0.2792,0.5514,0.0056
saturated,0.95,3,MAP_RELATION+VERIFY_RESULT+ORIGINAL_TASK_RETURN,0.0882,0.3953,0.5889,0.2465,0.4528,0.0
strong,0.46,5,EXTRACT_GIVENS+SOURCE_BOUNDARY+MAP_RELATION+UNIT_TRACK+UNCERTAINTY_BOUND,0.0882,0.3432,0.5056,0.3132,0.5035,0.0
standard,0.24,5,MAP_RELATION+STEP_COMPUTE+VERIFY_RESULT+UNCERTAINTY_BOUND+DANGER_CHECK,0.0875,0.3241,0.5597,0.2549,0.4271,0.0222
very_strong,0.7,2,EXTRACT_GIVENS+VERIFY_RESULT,0.0875,0.39,0.5986,0.2653,0.3417,0.0167
saturated,0.95,4,MAP_RELATION+STEP_COMPUTE+UNCERTAINTY_BOUND+DANGER_CHECK,0.0875,0.3891,0.5535,0.2444,0.5708,0.0056
very_strong,0.7,5,STEP_COMPUTE+VERIFY_RESULT+COMPARE_AXES+UNCERTAINTY_BOUND+ORIGINAL_TASK_RETURN,0.0875,0.3859,0.5472,0.2812,0.6368,0.0056
saturated,0.95,4,SOURCE_BOUNDARY+UNIT_TRACK+VERIFY_RESULT+UNCERTAINTY_BOUND,0.0875,0.3562,0.5306,0.2826,0.6181,0.0056
standard,0.24,6,MAP_RELATION+UNIT_TRACK+STEP_COMPUTE+VERIFY_RESULT+ORIGINAL_TASK_RETURN+DANGER_CHECK,0.0875,0.3285,0.5993,0.2785,0.4493,0.0
saturated,0.95,4,MAP_RELATION+STEP_COMPUTE+UNCERTAINTY_BOUND+ORIGINAL_TASK_RETURN,0.0875,0.3185,0.4986,0.3083,0.5771,0.0
standard,0.24,5,MAP_RELATION+UNIT_TRACK+STEP_COMPUTE+VERIFY_RESULT+ORIGINAL_TASK_RETURN,0.0875,0.29,0.5333,0.3146,0.4764,0.0
very_strong,0.7,4,EXTRACT_GIVENS+SOURCE_BOUNDARY+STEP_COMPUTE+DANGER_CHECK,0.0868,0.4063,0.6062,0.2701,0.5479,0.05
standard,0.24,5,EXTRACT_GIVENS+UNIT_TRACK+VERIFY_RESULT+UNCERTAINTY_BOUND+DANGER_CHECK,0.0868,0.3428,0.6292,0.2694,0.4139,0.0278
strong,0.46,5,EXTRACT_GIVENS+SOURCE_BOUNDARY+MAP_RELATION+COMPARE_AXES+DANGER_CHECK,0.0868,0.3623,0.559,0.2903,0.5035,0.0222
strong,0.46,6,UNIT_TRACK+STEP_COMPUTE+VERIFY_RESULT+COMPARE_AXES+ORIGINAL_TASK_RETURN+DANGER_CHECK,0.0868,0.3599,0.5826,0.2674,0.6403,0.0222
strong,0.46,6,EXTRACT_GIVENS+SOURCE_BOUNDARY+UNIT_TRACK+STEP_COMPUTE+UNCERTAINTY_BOUND+ORIGINAL_TASK_RETURN,0.0868,0.3375,0.5347,0.3028,0.6069,0.0167
very_strong,0.7,4,SOURCE_BOUNDARY+UNIT_TRACK+VERIFY_RESULT+DANGER_CHECK,0.0868,0.3819,0.5694,0.2562,0.5938,0.0111
standard,0.24,8,SOURCE_BOUNDARY+MAP_RELATION+UNIT_TRACK+STEP_COMPUTE+VERIFY_RESULT+UNCERTAINTY_BOUND+ORIGINAL_TASK_RETURN+DANGER_CHECK,0.0868,0.3498,0.5854,0.2514,0.516,0.0111
saturated,0.95,4,EXTRACT_GIVENS+COMPARE_AXES+UNCERTAINTY_BOUND+ORIGINAL_TASK_RETURN,0.0868,0.3302,0.5403,0.291,0.5896,0.0111
strong,0.46,5,SOURCE_BOUNDARY+UNIT_TRACK+STEP_COMPUTE+VERIFY_RESULT+UNCERTAINTY_BOUND,0.0868,0.3371,0.5194,0.3063,0.5653,0.0056
saturated,0.95,4,SOURCE_BOUNDARY+VERIFY_RESULT+COMPARE_AXES+DANGER_CHECK,0.0868,0.3599,0.5681,0.275,0.6583,0.0
saturated,0.95,4,UNIT_TRACK+STEP_COMPUTE+VERIFY_RESULT+COMPARE_AXES,0.0868,0.3281,0.5264,0.3208,0.7333,0.0
strong,0.46,4,SOURCE_BOUNDARY+MAP_RELATION+UNIT_TRACK+VERIFY_RESULT,0.0868,0.3245,0.5097,0.3069,0.4965,0.0
strong,0.46,4,EXTRACT_GIVENS+UNIT_TRACK+STEP_COMPUTE+DANGER_CHECK,0.0868,0.3161,0.5542,0.341,0.4979,0.0
strong,0.46,6,EXTRACT_GIVENS+SOURCE_BOUNDARY+UNIT_TRACK+STEP_COMPUTE+ORIGINAL_TASK_RETURN+DANGER_CHECK,0.0861,0.3612,0.5847,0.2847,0.6194,0.0389
strong,0.46,6,MAP_RELATION+UNIT_TRACK+VERIFY_RESULT+COMPARE_AXES+UNCERTAINTY_BOUND+ORIGINAL_TASK_RETURN,0.0861,0.3565,0.55,0.2743,0.5646,0.0333
saturated,0.95,3,VERIFY_RESULT+ORIGINAL_TASK_RETURN+DANGER_CHECK,0.0861,0.365,0.6375,0.2562,0.484,0.0278
saturated,0.95,3,EXTRACT_GIVENS+STEP_COMPUTE+DANGER_CHECK,0.0861,0.391,0.6174,0.2597,0.5,0.0167
saturated,0.95,5,EXTRACT_GIVENS+UNIT_TRACK+COMPARE_AXES+ORIGINAL_TASK_RETURN+DANGER_CHECK,0.0861,0.3675,0.5903,0.2639,0.7444,0.0167
saturated,0.95,5,SOURCE_BOUNDARY+UNIT_TRACK+VERIFY_RESULT+COMPARE_AXES+DANGER_CHECK,0.0861,0.3804,0.5903,0.2701,0.7993,0.0111
very_strong,0.7,4,MAP_RELATION+STEP_COMPUTE+UNCERTAINTY_BOUND+DANGER_CHECK,0.0861,0.37,0.5465,0.2806,0.5174,0.0056
saturated,0.95,4,STEP_COMPUTE+VERIFY_RESULT+COMPARE_AXES+UNCERTAINTY_BOUND,0.0861,0.3705,0.55,0.275,0.5868,0.0
saturated,0.95,4,VERIFY_RESULT+COMPARE_AXES+ORIGINAL_TASK_RETURN+DANGER_CHECK,0.0861,0.3647,0.6174,0.2736,0.6167,0.0
saturated,0.95,5,MAP_RELATION+COMPARE_AXES+UNCERTAINTY_BOUND+ORIGINAL_TASK_RETURN+DANGER_CHECK,0.0861,0.3439,0.5521,0.2722,0.6438,0.0
very_strong,0.7,6,MAP_RELATION+UNIT_TRACK+STEP_COMPUTE+COMPARE_AXES+UNCERTAINTY_BOUND+ORIGINAL_TASK_RETURN,0.0861,0.329,0.4576,0.3229,0.7347,0.0
very_strong,0.7,5,EXTRACT_GIVENS+SOURCE_BOUNDARY+UNIT_TRACK+COMPARE_AXES+UNCERTAINTY_BOUND,0.0861,0.3273,0.4736,0.3097,0.6944,0.0
standard,0.24,6,EXTRACT_GIVENS+MAP_RELATION+UNIT_TRACK+STEP_COMPUTE+UNCERTAINTY_BOUND+DANGER_CHECK,0.0861,0.3177,0.5431,0.3056,0.4153,0.0
strong,0.46,4,UNIT_TRACK+STEP_COMPUTE+VERIFY_RESULT+UNCERTAINTY_BOUND,0.0861,0.3058,0.5125,0.3187,0.4979,0.0
saturated,0.95,4,SOURCE_BOUNDARY+MAP_RELATION+UNIT_TRACK+STEP_COMPUTE,0.0861,0.2994,0.4507,0.341,0.7257,0.0
strong,0.46,6,SOURCE_BOUNDARY+MAP_RELATION+VERIFY_RESULT+COMPARE_AXES+UNCERTAINTY_BOUND+ORIGINAL_TASK_RETURN,0.0854,0.3706,0.5451,0.2771,0.5604,0.0333
standard,0.24,6,EXTRACT_GIVENS+SOURCE_BOUNDARY+MAP_RELATION+VERIFY_RESULT+COMPARE_AXES+UNCERTAINTY_BOUND,0.0854,0.3508,0.5778,0.2778,0.425,0.0222
standard,0.24,7,EXTRACT_GIVENS+MAP_RELATION+UNIT_TRACK+VERIFY_RESULT+COMPARE_AXES+UNCERTAINTY_BOUND+ORIGINAL_TASK_RETURN,0.0854,0.3431,0.5833,0.2618,0.4722,0.0222
standard,0.24,7,SOURCE_BOUNDARY+MAP_RELATION+STEP_COMPUTE+VERIFY_RESULT+UNCERTAINTY_BOUND+ORIGINAL_TASK_RETURN+DANGER_CHECK,0.0854,0.3606,0.6076,0.2507,0.4556,0.0167
standard,0.24,6,EXTRACT_GIVENS+SOURCE_BOUNDARY+UNIT_TRACK+STEP_COMPUTE+VERIFY_RESULT+DANGER_CHECK,0.0854,0.3486,0.6042,0.2757,0.4701,0.0167
saturated,0.95,4,EXTRACT_GIVENS+COMPARE_AXES+ORIGINAL_TASK_RETURN+DANGER_CHECK,0.0854,0.3548,0.6188,0.284,0.6208,0.0111
strong,0.46,3,MAP_RELATION+VERIFY_RESULT+DANGER_CHECK,0.0854,0.3453,0.5785,0.2667,0.3951,0.0111
very_strong,0.7,6,UNIT_TRACK+STEP_COMPUTE+COMPARE_AXES+UNCERTAINTY_BOUND+ORIGINAL_TASK_RETURN+DANGER_CHECK,0.0854,0.3095,0.4924,0.3257,0.7826,0.0056
very_strong,0.7,5,MAP_RELATION+UNIT_TRACK+STEP_COMPUTE+COMPARE_AXES+DANGER_CHECK,0.0854,0.3381,0.4799,0.3187,0.716,0.0
strong,0.46,4,EXTRACT_GIVENS+MAP_RELATION+UNIT_TRACK+UNCERTAINTY_BOUND,0.0854,0.3336,0.5201,0.3042,0.4465,0.0
very_strong,0.7,6,SOURCE_BOUNDARY+STEP_COMPUTE+COMPARE_AXES+UNCERTAINTY_BOUND+ORIGINAL_TASK_RETURN+DANGER_CHECK,0.0854,0.3276,0.4833,0.2931,0.7514,0.0
standard,0.24,8,EXTRACT_GIVENS+SOURCE_BOUNDARY+MAP_RELATION+UNIT_TRACK+VERIFY_RESULT+COMPARE_AXES+UNCERTAINTY_BOUND+ORIGINAL_TASK_RETURN,0.0847,0.3495,0.5757,0.2639,0.5118,0.0389
standard,0.24,8,EXTRACT_GIVENS+SOURCE_BOUNDARY+UNIT_TRACK+STEP_COMPUTE+VERIFY_RESULT+COMPARE_AXES+UNCERTAINTY_BOUND+DANGER_CHECK,0.0847,0.3513,0.5972,0.2694,0.516,0.0278
saturated,0.95,3,VERIFY_RESULT+UNCERTAINTY_BOUND+DANGER_CHECK,0.0847,0.3955,0.5833,0.2493,0.3986,0.0167
very_strong,0.7,4,VERIFY_RESULT+COMPARE_AXES+UNCERTAINTY_BOUND+DANGER_CHECK,0.0847,0.3742,0.5312,0.2472,0.5257,0.0111
very_strong,0.7,5,SOURCE_BOUNDARY+MAP_RELATION+UNIT_TRACK+VERIFY_RESULT+COMPARE_AXES,0.0847,0.3713,0.5132,0.3,0.6396,0.0111
saturated,0.95,6,MAP_RELATION+UNIT_TRACK+COMPARE_AXES+UNCERTAINTY_BOUND+ORIGINAL_TASK_RETURN+DANGER_CHECK,0.0847,0.3588,0.5382,0.266,0.7792,0.0111
strong,0.46,5,EXTRACT_GIVENS+MAP_RELATION+COMPARE_AXES+UNCERTAINTY_BOUND+ORIGINAL_TASK_RETURN,0.0847,0.3351,0.5444,0.3049,0.4972,0.0111
very_strong,0.7,3,EXTRACT_GIVENS+COMPARE_AXES+DANGER_CHECK,0.0847,0.3167,0.5639,0.3076,0.5715,0.0111
saturated,0.95,4,STEP_COMPUTE+VERIFY_RESULT+COMPARE_AXES+DANGER_CHECK,0.0847,0.4044,0.5917,0.2472,0.625,0.0056
strong,0.46,4,SOURCE_BOUNDARY+VERIFY_RESULT+UNCERTAINTY_BOUND+DANGER_CHECK,0.0847,0.3491,0.5528,0.284,0.4889,0.0056
strong,0.46,4,STEP_COMPUTE+VERIFY_RESULT+ORIGINAL_TASK_RETURN+DANGER_CHECK,0.0847,0.3592,0.6028,0.2618,0.459,0.0
very_strong,0.7,3,SOURCE_BOUNDARY+STEP_COMPUTE+VERIFY_RESULT,0.0847,0.3448,0.5049,0.2882,0.5125,0.0
strong,0.46,4,MAP_RELATION+UNIT_TRACK+VERIFY_RESULT+ORIGINAL_TASK_RETURN,0.0847,0.3251,0.5278,0.2924,0.4799,0.0
strong,0.46,5,SOURCE_BOUNDARY+UNIT_TRACK+STEP_COMPUTE+VERIFY_RESULT+ORIGINAL_TASK_RETURN,0.0847,0.3157,0.5167,0.3104,0.6236,0.0
very_strong,0.7,4,EXTRACT_GIVENS+SOURCE_BOUNDARY+COMPARE_AXES+UNCERTAINTY_BOUND,0.0847,0.3058,0.4958,0.3389,0.5882,0.0
saturated,0.95,4,MAP_RELATION+UNIT_TRACK+STEP_COMPUTE+COMPARE_AXES,0.0847,0.2767,0.4458,0.3826,0.7604,0.0
saturated,0.95,5,SOURCE_BOUNDARY+UNIT_TRACK+VERIFY_RESULT+COMPARE_AXES+UNCERTAINTY_BOUND,0.084,0.3575,0.5236,0.2792,0.7438,0.0278
very_strong,0.7,3,EXTRACT_GIVENS+VERIFY_RESULT+COMPARE_AXES,0.084,0.4013,0.5993,0.2708,0.459,0.0167
saturated,0.95,5,EXTRACT_GIVENS+SOURCE_BOUNDARY+UNIT_TRACK+COMPARE_AXES+DANGER_CHECK,0.084,0.374,0.5715,0.3063,0.7604,0.0167
saturated,0.95,5,EXTRACT_GIVENS+SOURCE_BOUNDARY+UNIT_TRACK+UNCERTAINTY_BOUND+ORIGINAL_TASK_RETURN,0.084,0.3674,0.5715,0.2965,0.6937,0.0167
strong,0.46,5,EXTRACT_GIVENS+SOURCE_BOUNDARY+MAP_RELATION+UNIT_TRACK+ORIGINAL_TASK_RETURN,0.084,0.317,0.5542,0.3028,0.5625,0.0167
standard,0.24,7,EXTRACT_GIVENS+UNIT_TRACK+STEP_COMPUTE+VERIFY_RESULT+COMPARE_AXES+UNCERTAINTY_BOUND+DANGER_CHECK,0.084,0.3564,0.6243,0.2812,0.4889,0.0111
saturated,0.95,4,EXTRACT_GIVENS+UNIT_TRACK+COMPARE_AXES+DANGER_CHECK,0.084,0.3343,0.5708,0.3229,0.6833,0.0056
standard,0.24,5,EXTRACT_GIVENS+SOURCE_BOUNDARY+MAP_RELATION+UNIT_TRACK+VERIFY_RESULT,0.084,0.328,0.6083,0.2917,0.4076,0.0
standard,0.24,7,EXTRACT_GIVENS+SOURCE_BOUNDARY+UNIT_TRACK+STEP_COMPUTE+VERIFY_RESULT+COMPARE_AXES+UNCERTAINTY_BOUND,0.084,0.3145,0.5465,0.3299,0.5194,0.0
standard,0.24,5,EXTRACT_GIVENS+STEP_COMPUTE+VERIFY_RESULT+ORIGINAL_TASK_RETURN+DANGER_CHECK,0.0833,0.3727,0.675,0.2535,0.3937,0.0278
standard,0.24,6,EXTRACT_GIVENS+UNIT_TRACK+VERIFY_RESULT+UNCERTAINTY_BOUND+ORIGINAL_TASK_RETURN+DANGER_CHECK,0.0833,0.3604,0.6521,0.2403,0.4431,0.0278
strong,0.46,7,SOURCE_BOUNDARY+MAP_RELATION+UNIT_TRACK+STEP_COMPUTE+UNCERTAINTY_BOUND+ORIGINAL_TASK_RETURN+DANGER_CHECK,0.0833,0.3391,0.5125,0.2812,0.6444,0.0222
standard,0.24,6,EXTRACT_GIVENS+STEP_COMPUTE+VERIFY_RESULT+COMPARE_AXES+UNCERTAINTY_BOUND+ORIGINAL_TASK_RETURN,0.0833,0.328,0.6125,0.3021,0.4521,0.0167
saturated,0.95,3,EXTRACT_GIVENS+VERIFY_RESULT+COMPARE_AXES,0.0833,0.4136,0.6111,0.2653,0.4528,0.0056
strong,0.46,3,EXTRACT_GIVENS+UNIT_TRACK+VERIFY_RESULT,0.0833,0.3476,0.5535,0.2847,0.4146,0.0056
strong,0.46,6,EXTRACT_GIVENS+UNIT_TRACK+STEP_COMPUTE+COMPARE_AXES+ORIGINAL_TASK_RETURN+DANGER_CHECK,0.0833,0.3406,0.5778,0.309,0.6542,0.0056
strong,0.46,4,EXTRACT_GIVENS+SOURCE_BOUNDARY+MAP_RELATION+UNCERTAINTY_BOUND,0.0833,0.3202,0.5257,0.3312,0.4479,0.0056
standard,0.24,7,EXTRACT_GIVENS+MAP_RELATION+UNIT_TRACK+STEP_COMPUTE+COMPARE_AXES+UNCERTAINTY_BOUND+DANGER_CHECK,0.0833,0.3122,0.5333,0.325,0.4854,0.0056
saturated,0.95,5,MAP_RELATION+UNIT_TRACK+STEP_COMPUTE+COMPARE_AXES+UNCERTAINTY_BOUND,0.0833,0.3319,0.4597,0.3306,0.7535,0.0
standard,0.24,6,EXTRACT_GIVENS+MAP_RELATION+UNIT_TRACK+VERIFY_RESULT+COMPARE_AXES+UNCERTAINTY_BOUND,0.0833,0.3256,0.5549,0.2819,0.4201,0.0
strong,0.46,6,MAP_RELATION+UNIT_TRACK+STEP_COMPUTE+COMPARE_AXES+UNCERTAINTY_BOUND+DANGER_CHECK,0.0833,0.315,0.475,0.3097,0.6083,0.0
standard,0.24,4,EXTRACT_GIVENS+UNIT_TRACK+STEP_COMPUTE+VERIFY_RESULT,0.0833,0.2914,0.5729,0.35,0.4125,0.0
very_strong,0.7,6,SOURCE_BOUNDARY+MAP_RELATION+UNIT_TRACK+UNCERTAINTY_BOUND+ORIGINAL_TASK_RETURN+DANGER_CHECK,0.0826,0.3716,0.5139,0.2736,0.6944,0.0222
strong,0.46,6,EXTRACT_GIVENS+SOURCE_BOUNDARY+MAP_RELATION+UNIT_TRACK+COMPARE_AXES+DANGER_CHECK,0.0826,0.3457,0.5556,0.309,0.5986,0.0167
very_strong,0.7,4,SOURCE_BOUNDARY+VERIFY_RESULT+COMPARE_AXES+UNCERTAINTY_BOUND,0.0826,0.3284,0.5049,0.3028,0.5701,0.0111
strong,0.46,4,SOURCE_BOUNDARY+UNIT_TRACK+VERIFY_RESULT+DANGER_CHECK,0.0826,0.3174,0.5597,0.2847,0.5549,0.0111
standard,0.24,5,MAP_RELATION+UNIT_TRACK+STEP_COMPUTE+VERIFY_RESULT+DANGER_CHECK,0.0826,0.3103,0.5549,0.2875,0.4507,0.0111
saturated,0.95,4,MAP_RELATION+STEP_COMPUTE+ORIGINAL_TASK_RETURN+DANGER_CHECK,0.0826,0.3707,0.5778,0.2701,0.5625,0.0056
saturated,0.95,5,SOURCE_BOUNDARY+STEP_COMPUTE+VERIFY_RESULT+COMPARE_AXES+ORIGINAL_TASK_RETURN,0.0826,0.3648,0.55,0.2903,0.7757,0.0056
strong,0.46,6,EXTRACT_GIVENS+SOURCE_BOUNDARY+UNIT_TRACK+UNCERTAINTY_BOUND+ORIGINAL_TASK_RETURN+DANGER_CHECK,0.0826,0.3496,0.5833,0.3007,0.5806,0.0056
standard,0.24,6,MAP_RELATION+STEP_COMPUTE+VERIFY_RESULT+UNCERTAINTY_BOUND+ORIGINAL_TASK_RETURN+DANGER_CHECK,0.0826,0.3494,0.5972,0.2319,0.4299,0.0056
very_strong,0.7,6,MAP_RELATION+UNIT_TRACK+COMPARE_AXES+UNCERTAINTY_BOUND+ORIGINAL_TASK_RETURN+DANGER_CHECK,0.0826,0.3529,0.5167,0.2819,0.7035,0.0
standard,0.24,6,EXTRACT_GIVENS+UNIT_TRACK+STEP_COMPUTE+VERIFY_RESULT+COMPARE_AXES+UNCERTAINTY_BOUND,0.0826,0.3077,0.5451,0.3347,0.4604,0.0
strong,0.46,4,UNIT_TRACK+STEP_COMPUTE+VERIFY_RESULT+ORIGINAL_TASK_RETURN,0.0826,0.2935,0.5215,0.3375,0.5354,0.0
strong,0.46,7,EXTRACT_GIVENS+SOURCE_BOUNDARY+MAP_RELATION+UNIT_TRACK+COMPARE_AXES+UNCERTAINTY_BOUND+ORIGINAL_TASK_RETURN,0.0819,0.3486,0.509,0.2736,0.6424,0.0222
strong,0.46,4,MAP_RELATION+VERIFY_RESULT+UNCERTAINTY_BOUND+ORIGINAL_TASK_RETURN,0.0819,0.3552,0.5389,0.2514,0.4236,0.0167
very_strong,0.7,3,VERIFY_RESULT+ORIGINAL_TASK_RETURN+DANGER_CHECK,0.0819,0.3403,0.609,0.2736,0.4576,0.0167
strong,0.46,4,EXTRACT_GIVENS+UNIT_TRACK+VERIFY_RESULT+COMPARE_AXES,0.0819,0.3391,0.5326,0.2826,0.4951,0.0111
standard,0.24,6,EXTRACT_GIVENS+SOURCE_BOUNDARY+UNIT_TRACK+STEP_COMPUTE+VERIFY_RESULT+ORIGINAL_TASK_RETURN,0.0819,0.3307,0.6174,0.2875,0.45,0.0056
strong,0.46,4,EXTRACT_GIVENS+UNIT_TRACK+STEP_COMPUTE+ORIGINAL_TASK_RETURN,0.0819,0.278,0.5076,0.3396,0.5208,0.0056
very_strong,0.7,6,SOURCE_BOUNDARY+MAP_RELATION+UNIT_TRACK+STEP_COMPUTE+UNCERTAINTY_BOUND+ORIGINAL_TASK_RETURN,0.0819,0.3602,0.4813,0.3049,0.6944,0.0
saturated,0.95,3,STEP_COMPUTE+VERIFY_RESULT+ORIGINAL_TASK_RETURN,0.0819,0.3434,0.5694,0.2875,0.5312,0.0
strong,0.46,4,SOURCE_BOUNDARY+MAP_RELATION+VERIFY_RESULT+ORIGINAL_TASK_RETURN,0.0819,0.3405,0.534,0.284,0.4917,0.0
strong,0.46,5,STEP_COMPUTE+VERIFY_RESULT+COMPARE_AXES+ORIGINAL_TASK_RETURN+DANGER_CHECK,0.0813,0.3541,0.584,0.2549,0.5535,0.0222
strong,0.46,3,EXTRACT_GIVENS+VERIFY_RESULT+ORIGINAL_TASK_RETURN,0.0813,0.3705,0.6215,0.2632,0.4132,0.0111
strong,0.46,5,EXTRACT_GIVENS+MAP_RELATION+COMPARE_AXES+ORIGINAL_TASK_RETURN+DANGER_CHECK,0.0813,0.3623,0.5972,0.2819,0.5201,0.0111
strong,0.46,4,MAP_RELATION+VERIFY_RESULT+COMPARE_AXES+DANGER_CHECK,0.0813,0.3505,0.5549,0.2639,0.4854,0.0111
standard,0.24,6,EXTRACT_GIVENS+UNIT_TRACK+STEP_COMPUTE+VERIFY_RESULT+COMPARE_AXES+DANGER_CHECK,0.0813,0.3383,0.6104,0.2701,0.509,0.0111
strong,0.46,6,SOURCE_BOUNDARY+UNIT_TRACK+VERIFY_RESULT+COMPARE_AXES+UNCERTAINTY_BOUND+DANGER_CHECK,0.0813,0.3441,0.5236,0.2875,0.6299,0.0056
very_strong,0.7,3,STEP_COMPUTE+VERIFY_RESULT+ORIGINAL_TASK_RETURN,0.0813,0.3407,0.5333,0.2722,0.4882,0.0056
very_strong,0.7,5,SOURCE_BOUNDARY+UNIT_TRACK+VERIFY_RESULT+COMPARE_AXES+ORIGINAL_TASK_RETURN,0.0813,0.3203,0.5361,0.3125,0.725,0.0056
saturated,0.95,6,SOURCE_BOUNDARY+MAP_RELATION+UNIT_TRACK+COMPARE_AXES+ORIGINAL_TASK_RETURN+DANGER_CHECK,0.0813,0.3329,0.5208,0.2889,0.8868,0.0
very_strong,0.7,6,SOURCE_BOUNDARY+MAP_RELATION+UNIT_TRACK+STEP_COMPUTE+COMPARE_AXES+UNCERTAINTY_BOUND,0.0813,0.331,0.4542,0.3292,0.7785,0.0
saturated,0.95,4,EXTRACT_GIVENS+UNIT_TRACK+STEP_COMPUTE+COMPARE_AXES,0.0813,0.3306,0.5417,0.3549,0.7479,0.0
strong,0.46,5,EXTRACT_GIVENS+SOURCE_BOUNDARY+MAP_RELATION+STEP_COMPUTE+COMPARE_AXES,0.0813,0.3214,0.4958,0.3361,0.5493,0.0
strong,0.46,5,UNIT_TRACK+STEP_COMPUTE+VERIFY_RESULT+COMPARE_AXES+UNCERTAINTY_BOUND,0.0813,0.3181,0.4986,0.3104,0.5694,0.0
strong,0.46,5,MAP_RELATION+UNIT_TRACK+STEP_COMPUTE+UNCERTAINTY_BOUND+DANGER_CHECK,0.0813,0.2987,0.4778,0.3111,0.5514,0.0
saturated,0.95,4,SOURCE_BOUNDARY+UNCERTAINTY_BOUND+ORIGINAL_TASK_RETURN+DANGER_CHECK,0.0813,0.2945,0.5014,0.3104,0.6222,0.0
standard,0.24,4,EXTRACT_GIVENS+STEP_COMPUTE+VERIFY_RESULT+DANGER_CHECK,0.0806,0.348,0.6354,0.2681,0.3833,0.0389
strong,0.46,6,SOURCE_BOUNDARY+MAP_RELATION+UNIT_TRACK+VERIFY_RESULT+COMPARE_AXES+UNCERTAINTY_BOUND,0.0806,0.3476,0.5062,0.3083,0.6111,0.0222
strong,0.46,4,SOURCE_BOUNDARY+MAP_RELATION+VERIFY_RESULT+UNCERTAINTY_BOUND,0.0806,0.3461,0.5285,0.2993,0.4194,0.0222
very_strong,0.7,4,EXTRACT_GIVENS+SOURCE_BOUNDARY+UNCERTAINTY_BOUND+ORIGINAL_TASK_RETURN,0.0806,0.3437,0.5618,0.3021,0.5194,0.0222
very_strong,0.7,4,EXTRACT_GIVENS+STEP_COMPUTE+ORIGINAL_TASK_RETURN+DANGER_CHECK,0.0806,0.4054,0.6236,0.259,0.5222,0.0167
saturated,0.95,6,SOURCE_BOUNDARY+MAP_RELATION+STEP_COMPUTE+COMPARE_AXES+ORIGINAL_TASK_RETURN+DANGER_CHECK,0.0806,0.3864,0.5583,0.2611,0.7986,0.0167
standard,0.24,5,EXTRACT_GIVENS+SOURCE_BOUNDARY+STEP_COMPUTE+VERIFY_RESULT+UNCERTAINTY_BOUND,0.0806,0.3299,0.5979,0.3069,0.3785,0.0167
strong,0.46,5,SOURCE_BOUNDARY+UNIT_TRACK+VERIFY_RESULT+UNCERTAINTY_BOUND+ORIGINAL_TASK_RETURN,0.0806,0.3186,0.5285,0.2757,0.5813,0.0167
strong,0.46,4,EXTRACT_GIVENS+SOURCE_BOUNDARY+MAP_RELATION+DANGER_CHECK,0.0806,0.356,0.5674,0.2806,0.4382,0.0111
strong,0.46,4,VERIFY_RESULT+UNCERTAINTY_BOUND+ORIGINAL_TASK_RETURN+DANGER_CHECK,0.0806,0.3532,0.5938,0.2597,0.4451,0.0111
standard,0.24,7,EXTRACT_GIVENS+SOURCE_BOUNDARY+UNIT_TRACK+STEP_COMPUTE+VERIFY_RESULT+COMPARE_AXES+DANGER_CHECK,0.0806,0.3331,0.6056,0.2896,0.5354,0.0111
saturated,0.95,4,EXTRACT_GIVENS+UNIT_TRACK+ORIGINAL_TASK_RETURN+DANGER_CHECK,0.0806,0.374,0.6146,0.2507,0.5944,0.0056
very_strong,0.7,3,EXTRACT_GIVENS+STEP_COMPUTE+DANGER_CHECK,0.0806,0.3604,0.5618,0.2854,0.4632,0.0056
saturated,0.95,5,UNIT_TRACK+VERIFY_RESULT+COMPARE_AXES+ORIGINAL_TASK_RETURN+DANGER_CHECK,0.0806,0.3742,0.6167,0.2576,0.7806,0.0
saturated,0.95,5,SOURCE_BOUNDARY+STEP_COMPUTE+UNCERTAINTY_BOUND+ORIGINAL_TASK_RETURN+DANGER_CHECK,0.0806,0.3412,0.5458,0.2861,0.7035,0.0
strong,0.46,4,EXTRACT_GIVENS+SOURCE_BOUNDARY+UNCERTAINTY_BOUND+DANGER_CHECK,0.0806,0.3327,0.5806,0.3187,0.4604,0.0
strong,0.46,6,EXTRACT_GIVENS+UNIT_TRACK+STEP_COMPUTE+COMPARE_AXES+UNCERTAINTY_BOUND+ORIGINAL_TASK_RETURN,0.0806,0.3126,0.5097,0.3118,0.6444,0.0
standard,0.24,6,EXTRACT_GIVENS+STEP_COMPUTE+VERIFY_RESULT+COMPARE_AXES+ORIGINAL_TASK_RETURN+DANGER_CHECK,0.0799,0.3508,0.6521,0.2861,0.4451,0.0444
very_strong,0.7,5,SOURCE_BOUNDARY+MAP_RELATION+STEP_COMPUTE+UNCERTAINTY_BOUND+DANGER_CHECK,0.0799,0.3879,0.5132,0.275,0.5556,0.0333
strong,0.46,4,EXTRACT_GIVENS+VERIFY_RESULT+COMPARE_AXES+ORIGINAL_TASK_RETURN,0.0799,0.3712,0.6021,0.2687,0.5062,0.0333
very_strong,0.7,4,STEP_COMPUTE+VERIFY_RESULT+UNCERTAINTY_BOUND+ORIGINAL_TASK_RETURN,0.0799,0.3847,0.5597,0.2535,0.5139,0.0167
very_strong,0.7,4,VERIFY_RESULT+COMPARE_AXES+ORIGINAL_TASK_RETURN+DANGER_CHECK,0.0799,0.3571,0.5757,0.2736,0.5729,0.0167
standard,0.24,7,EXTRACT_GIVENS+UNIT_TRACK+VERIFY_RESULT+COMPARE_AXES+UNCERTAINTY_BOUND+ORIGINAL_TASK_RETURN+DANGER_CHECK,0.0799,0.3569,0.6368,0.2611,0.5014,0.0167
strong,0.46,5,EXTRACT_GIVENS+MAP_RELATION+UNIT_TRACK+UNCERTAINTY_BOUND+ORIGINAL_TASK_RETURN,0.0799,0.3352,0.5535,0.3028,0.5194,0.0167
standard,0.24,6,EXTRACT_GIVENS+MAP_RELATION+VERIFY_RESULT+COMPARE_AXES+UNCERTAINTY_BOUND+ORIGINAL_TASK_RETURN,0.0799,0.3569,0.6333,0.2764,0.4222,0.0111
strong,0.46,6,EXTRACT_GIVENS+SOURCE_BOUNDARY+STEP_COMPUTE+COMPARE_AXES+UNCERTAINTY_BOUND+ORIGINAL_TASK_RETURN,0.0799,0.3181,0.5042,0.3118,0.6299,0.0111
saturated,0.95,4,MAP_RELATION+COMPARE_AXES+UNCERTAINTY_BOUND+DANGER_CHECK,0.0799,0.3167,0.5132,0.291,0.5625,0.0111
very_strong,0.7,5,SOURCE_BOUNDARY+UNIT_TRACK+STEP_COMPUTE+VERIFY_RESULT+COMPARE_AXES,0.0799,0.3477,0.4806,0.2903,0.7271,0.0056
strong,0.46,5,EXTRACT_GIVENS+SOURCE_BOUNDARY+MAP_RELATION+COMPARE_AXES+UNCERTAINTY_BOUND,0.0799,0.3277,0.5181,0.3236,0.5243,0.0056
standard,0.24,6,EXTRACT_GIVENS+MAP_RELATION+UNIT_TRACK+STEP_COMPUTE+UNCERTAINTY_BOUND+ORIGINAL_TASK_RETURN,0.0799,0.2806,0.5118,0.3153,0.5132,0.0056
saturated,0.95,3,EXTRACT_GIVENS+MAP_RELATION+ORIGINAL_TASK_RETURN,0.0799,0.3699,0.5889,0.2583,0.4451,0.0
very_strong,0.7,5,EXTRACT_GIVENS+SOURCE_BOUNDARY+UNIT_TRACK+STEP_COMPUTE+COMPARE_AXES,0.0799,0.34,0.4993,0.3222,0.7208,0.0
strong,0.46,5,EXTRACT_GIVENS+SOURCE_BOUNDARY+UNIT_TRACK+STEP_COMPUTE+UNCERTAINTY_BOUND,0.0799,0.3099,0.4833,0.3278,0.5576,0.0
very_strong,0.7,5,SOURCE_BOUNDARY+MAP_RELATION+UNIT_TRACK+STEP_COMPUTE+ORIGINAL_TASK_RETURN,0.0799,0.3042,0.4806,0.3576,0.7069,0.0
strong,0.46,6,EXTRACT_GIVENS+SOURCE_BOUNDARY+UNIT_TRACK+STEP_COMPUTE+COMPARE_AXES+UNCERTAINTY_BOUND,0.0799,0.3028,0.4806,0.366,0.6347,0.0
strong,0.46,6,EXTRACT_GIVENS+SOURCE_BOUNDARY+STEP_COMPUTE+COMPARE_AXES+ORIGINAL_TASK_RETURN+DANGER_CHECK,0.0792,0.342,0.5646,0.2889,0.6097,0.0333
very_strong,0.7,6,EXTRACT_GIVENS+SOURCE_BOUNDARY+UNIT_TRACK+STEP_COMPUTE+COMPARE_AXES+ORIGINAL_TASK_RETURN,0.0792,0.3691,0.5444,0.2868,0.7972,0.0167
standard,0.24,5,EXTRACT_GIVENS+SOURCE_BOUNDARY+VERIFY_RESULT+ORIGINAL_TASK_RETURN+DANGER_CHECK,0.0792,0.3462,0.6472,0.2764,0.4062,0.0167
standard,0.24,7,EXTRACT_GIVENS+MAP_RELATION+STEP_COMPUTE+COMPARE_AXES+UNCERTAINTY_BOUND+ORIGINAL_TASK_RETURN+DANGER_CHECK,0.0792,0.3244,0.584,0.2847,0.5049,0.0167
very_strong,0.7,5,EXTRACT_GIVENS+SOURCE_BOUNDARY+UNIT_TRACK+UNCERTAINTY_BOUND+ORIGINAL_TASK_RETURN,0.0792,0.367,0.5542,0.2639,0.6333,0.0111
strong,0.46,6,SOURCE_BOUNDARY+MAP_RELATION+UNIT_TRACK+VERIFY_RESULT+COMPARE_AXES+ORIGINAL_TASK_RETURN,0.0792,0.3408,0.5174,0.275,0.6167,0.0056
very_strong,0.7,5,EXTRACT_GIVENS+UNIT_TRACK+COMPARE_AXES+ORIGINAL_TASK_RETURN+DANGER_CHECK,0.0792,0.3488,0.5701,0.3125,0.6889,0.0
very_strong,0.7,5,MAP_RELATION+STEP_COMPUTE+COMPARE_AXES+ORIGINAL_TASK_RETURN+DANGER_CHECK,0.0792,0.3465,0.5208,0.2799,0.6625,0.0
strong,0.46,6,EXTRACT_GIVENS+SOURCE_BOUNDARY+MAP_RELATION+UNIT_TRACK+COMPARE_AXES+UNCERTAINTY_BOUND,0.0792,0.3302,0.5007,0.3257,0.6271,0.0
very_strong,0.7,3,MAP_RELATION+STEP_COMPUTE+DANGER_CHECK,0.0792,0.3082,0.4979,0.3139,0.4694,0.0
standard,0.24,7,SOURCE_BOUNDARY+MAP_RELATION+UNIT_TRACK+STEP_COMPUTE+VERIFY_RESULT+UNCERTAINTY_BOUND+ORIGINAL_TASK_RETURN,0.0792,0.3041,0.5285,0.3028,0.5222,0.0
strong,0.46,4,EXTRACT_GIVENS+MAP_RELATION+UNIT_TRACK+ORIGINAL_TASK_RETURN,0.0792,0.303,0.5486,0.3292,0.5083,0.0
standard,0.24,4,EXTRACT_GIVENS+VERIFY_RESULT+ORIGINAL_TASK_RETURN+DANGER_CHECK,0.0785,0.352,0.6764,0.2569,0.3917,0.05
standard,0.24,9,EXTRACT_GIVENS+SOURCE_BOUNDARY+MAP_RELATION+UNIT_TRACK+STEP_COMPUTE+COMPARE_AXES+UNCERTAINTY_BOUND+ORIGINAL_TASK_RETURN+DANGER_CHECK,0.0785,0.3183,0.5507,0.284,0.5965,0.0444
standard,0.24,9,SOURCE_BOUNDARY+MAP_RELATION+UNIT_TRACK+STEP_COMPUTE+VERIFY_RESULT+COMPARE_AXES+UNCERTAINTY_BOUND+ORIGINAL_TASK_RETURN+DANGER_CHECK,0.0785,0.337,0.5549,0.2715,0.5896,0.0389
saturated,0.95,5,EXTRACT_GIVENS+SOURCE_BOUNDARY+MAP_RELATION+COMPARE_AXES+ORIGINAL_TASK_RETURN,0.0785,0.4002,0.5597,0.2667,0.6542,0.0167
standard,0.24,4,EXTRACT_GIVENS+MAP_RELATION+VERIFY_RESULT+ORIGINAL_TASK_RETURN,0.0785,0.3365,0.6188,0.2597,0.3354,0.0167
strong,0.46,6,UNIT_TRACK+STEP_COMPUTE+VERIFY_RESULT+COMPARE_AXES+UNCERTAINTY_BOUND+ORIGINAL_TASK_RETURN,0.0785,0.334,0.5243,0.3007,0.6201,0.0167
very_strong,0.7,4,EXTRACT_GIVENS+SOURCE_BOUNDARY+ORIGINAL_TASK_RETURN+DANGER_CHECK,0.0785,0.3693,0.6125,0.2819,0.5444,0.0111
very_strong,0.7,6,SOURCE_BOUNDARY+MAP_RELATION+UNIT_TRACK+STEP_COMPUTE+COMPARE_AXES+DANGER_CHECK,0.0785,0.3515,0.4958,0.3056,0.7785,0.0111
very_strong,0.7,4,STEP_COMPUTE+VERIFY_RESULT+COMPARE_AXES+UNCERTAINTY_BOUND,0.0785,0.3441,0.4903,0.3056,0.5521,0.0111
saturated,0.95,6,UNIT_TRACK+STEP_COMPUTE+COMPARE_AXES+UNCERTAINTY_BOUND+ORIGINAL_TASK_RETURN+DANGER_CHECK,0.0785,0.3273,0.5201,0.2986,0.8826,0.0111
standard,0.24,4,EXTRACT_GIVENS+MAP_RELATION+VERIFY_RESULT+UNCERTAINTY_BOUND,0.0785,0.3389,0.5944,0.2833,0.341,0.0056
strong,0.46,6,EXTRACT_GIVENS+MAP_RELATION+UNIT_TRACK+COMPARE_AXES+UNCERTAINTY_BOUND+ORIGINAL_TASK_RETURN,0.0785,0.338,0.5271,0.2965,0.6375,0.0056
strong,0.46,3,EXTRACT_GIVENS+MAP_RELATION+DANGER_CHECK,0.0785,0.3316,0.5535,0.2979,0.3889,0.0056
saturated,0.95,5,MAP_RELATION+UNIT_TRACK+COMPARE_AXES+UNCERTAINTY_BOUND+DANGER_CHECK,0.0785,0.3271,0.5021,0.3097,0.7222,0.0056
strong,0.46,5,MAP_RELATION+UNIT_TRACK+VERIFY_RESULT+COMPARE_AXES+ORIGINAL_TASK_RETURN,0.0785,0.3212,0.5431,0.3076,0.5819,0.0056
strong,0.46,7,MAP_RELATION+UNIT_TRACK+STEP_COMPUTE+COMPARE_AXES+UNCERTAINTY_BOUND+ORIGINAL_TASK_RETURN+DANGER_CHECK,0.0785,0.3296,0.5076,0.2938,0.6778,0.0
saturated,0.95,3,EXTRACT_GIVENS+SOURCE_BOUNDARY+MAP_RELATION,0.0778,0.3669,0.5535,0.2771,0.4729,0.0222
very_strong,0.7,4,EXTRACT_GIVENS+SOURCE_BOUNDARY+MAP_RELATION+ORIGINAL_TASK_RETURN,0.0778,0.3846,0.5882,0.2882,0.5007,0.0167
standard,0.24,5,EXTRACT_GIVENS+MAP_RELATION+VERIFY_RESULT+COMPARE_AXES+ORIGINAL_TASK_RETURN,0.0778,0.3417,0.6444,0.2729,0.4049,0.0167
very_strong,0.7,4,EXTRACT_GIVENS+COMPARE_AXES+ORIGINAL_TASK_RETURN+DANGER_CHECK,0.0778,0.3468,0.6069,0.2917,0.5687,0.0111
standard,0.24,6,SOURCE_BOUNDARY+MAP_RELATION+STEP_COMPUTE+VERIFY_RESULT+UNCERTAINTY_BOUND+DANGER_CHECK,0.0778,0.3336,0.5674,0.2687,0.4465,0.0111
very_strong,0.7,3,SOURCE_BOUNDARY+VERIFY_RESULT+DANGER_CHECK,0.0778,0.339,0.5535,0.3063,0.5139,0.0056
standard,0.24,7,SOURCE_BOUNDARY+MAP_RELATION+UNIT_TRACK+STEP_COMPUTE+VERIFY_RESULT+COMPARE_AXES+DANGER_CHECK,0.0778,0.31,0.5271,0.2896,0.5333,0.0056
very_strong,0.7,3,SOURCE_BOUNDARY+VERIFY_RESULT+ORIGINAL_TASK_RETURN,0.0778,0.3078,0.5444,0.3042,0.5299,0.0056
standard,0.24,6,EXTRACT_GIVENS+MAP_RELATION+UNIT_TRACK+STEP_COMPUTE+ORIGINAL_TASK_RETURN+DANGER_CHECK,0.0778,0.3066,0.5847,0.3146,0.4806,0.0056
saturated,0.95,4,EXTRACT_GIVENS+UNIT_TRACK+COMPARE_AXES+UNCERTAINTY_BOUND,0.0778,0.3409,0.5222,0.3153,0.6576,0.0
saturated,0.95,4,SOURCE_BOUNDARY+UNIT_TRACK+VERIFY_RESULT+ORIGINAL_TASK_RETURN,0.0778,0.326,0.5743,0.3132,0.6757,0.0
saturated,0.95,3,MAP_RELATION+STEP_COMPUTE+UNCERTAINTY_BOUND,0.0778,0.2995,0.4542,0.3257,0.5146,0.0
standard,0.24,6,SOURCE_BOUNDARY+MAP_RELATION+UNIT_TRACK+STEP_COMPUTE+VERIFY_RESULT+UNCERTAINTY_BOUND,0.0778,0.287,0.5118,0.334,0.5194,0.0
strong,0.46,3,EXTRACT_GIVENS+MAP_RELATION+UNIT_TRACK,0.0778,0.2795,0.4924,0.3542,0.4451,0.0
standard,0.24,7,EXTRACT_GIVENS+SOURCE_BOUNDARY+MAP_RELATION+UNIT_TRACK+VERIFY_RESULT+COMPARE_AXES+UNCERTAINTY_BOUND,0.0771,0.3325,0.5625,0.2944,0.4632,0.0222
standard,0.24,5,EXTRACT_GIVENS+SOURCE_BOUNDARY+UNIT_TRACK+VERIFY_RESULT+UNCERTAINTY_BOUND,0.0771,0.3189,0.5979,0.2861,0.4208,0.0222
strong,0.46,5,UNIT_TRACK+VERIFY_RESULT+UNCERTAINTY_BOUND+ORIGINAL_TASK_RETURN+DANGER_CHECK,0.0771,0.3455,0.566,0.2667,0.5076,0.0167
saturated,0.95,5,MAP_RELATION+UNIT_TRACK+UNCERTAINTY_BOUND+ORIGINAL_TASK_RETURN+DANGER_CHECK,0.0771,0.3645,0.5528,0.2729,0.6472,0.0111
very_strong,0.7,7,SOURCE_BOUNDARY+MAP_RELATION+UNIT_TRACK+STEP_COMPUTE+COMPARE_AXES+UNCERTAINTY_BOUND+ORIGINAL_TASK_RETURN,0.0771,0.3476,0.4618,0.3097,0.8292,0.0111
standard,0.24,7,EXTRACT_GIVENS+MAP_RELATION+UNIT_TRACK+STEP_COMPUTE+UNCERTAINTY_BOUND+ORIGINAL_TASK_RETURN+DANGER_CHECK,0.0771,0.3258,0.5833,0.2729,0.4924,0.0111
very_strong,0.7,6,SOURCE_BOUNDARY+MAP_RELATION+UNIT_TRACK+COMPARE_AXES+UNCERTAINTY_BOUND+DANGER_CHECK,0.0771,0.3387,0.475,0.3049,0.7778,0.0056
standard,0.24,8,MAP_RELATION+UNIT_TRACK+STEP_COMPUTE+VERIFY_RESULT+COMPARE_AXES+UNCERTAINTY_BOUND+ORIGINAL_TASK_RETURN+DANGER_CHECK,0.0771,0.3308,0.5563,0.2681,0.5493,0.0056
standard,0.24,7,MAP_RELATION+UNIT_TRACK+STEP_COMPUTE+VERIFY_RESULT+COMPARE_AXES+UNCERTAINTY_BOUND+DANGER_CHECK,0.0771,0.3038,0.5306,0.3,0.5125,0.0056
strong,0.46,6,MAP_RELATION+UNIT_TRACK+STEP_COMPUTE+UNCERTAINTY_BOUND+ORIGINAL_TASK_RETURN+DANGER_CHECK,0.0771,0.32,0.5007,0.2819,0.5938,0.0
standard,0.24,7,EXTRACT_GIVENS+UNIT_TRACK+STEP_COMPUTE+VERIFY_RESULT+COMPARE_AXES+UNCERTAINTY_BOUND+ORIGINAL_TASK_RETURN,0.0771,0.3143,0.5625,0.2944,0.5042,0.0
very_strong,0.7,4,MAP_RELATION+STEP_COMPUTE+UNCERTAINTY_BOUND+ORIGINAL_TASK_RETURN,0.0771,0.2972,0.4889,0.3167,0.5215,0.0
strong,0.46,5,EXTRACT_GIVENS+SOURCE_BOUNDARY+MAP_RELATION+UNCERTAINTY_BOUND+ORIGINAL_TASK_RETURN,0.0764,0.3609,0.5722,0.2868,0.4993,0.0333
strong,0.46,5,SOURCE_BOUNDARY+MAP_RELATION+VERIFY_RESULT+COMPARE_AXES+UNCERTAINTY_BOUND,0.0764,0.341,0.5118,0.284,0.5264,0.0278
saturated,0.95,5,SOURCE_BOUNDARY+MAP_RELATION+STEP_COMPUTE+UNCERTAINTY_BOUND+ORIGINAL_TASK_RETURN,0.0764,0.3627,0.5222,0.2785,0.6486,0.0222
standard,0.24,5,EXTRACT_GIVENS+UNIT_TRACK+VERIFY_RESULT+ORIGINAL_TASK_RETURN+DANGER_CHECK,0.0764,0.3346,0.6521,0.2549,0.4396,0.0222
saturated,0.95,6,SOURCE_BOUNDARY+UNIT_TRACK+STEP_COMPUTE+UNCERTAINTY_BOUND+ORIGINAL_TASK_RETURN+DANGER_CHECK,0.0764,0.3609,0.5326,0.2479,0.8639,0.0167
standard,0.24,8,EXTRACT_GIVENS+SOURCE_BOUNDARY+UNIT_TRACK+STEP_COMPUTE+VERIFY_RESULT+COMPARE_AXES+UNCERTAINTY_BOUND+ORIGINAL_TASK_RETURN,0.0764,0.3237,0.5771,0.3049,0.5069,0.0167
standard,0.24,6,EXTRACT_GIVENS+UNIT_TRACK+VERIFY_RESULT+COMPARE_AXES+UNCERTAINTY_BOUND+DANGER_CHECK,0.0764,0.3284,0.591,0.2604,0.4917,0.0111
strong,0.46,6,SOURCE_BOUNDARY+MAP_RELATION+UNIT_TRACK+STEP_COMPUTE+ORIGINAL_TASK_RETURN+DANGER_CHECK,0.0764,0.3168,0.516,0.3063,0.6444,0.0111
very_strong,0.7,3,MAP_RELATION+VERIFY_RESULT+ORIGINAL_TASK_RETURN,0.0764,0.3634,0.5472,0.2569,0.4014,0.0056
saturated,0.95,4,SOURCE_BOUNDARY+VERIFY_RESULT+COMPARE_AXES+UNCERTAINTY_BOUND,0.0764,0.3317,0.5083,0.3056,0.6208,0.0056
very_strong,0.7,4,SOURCE_BOUNDARY+UNIT_TRACK+VERIFY_RESULT+UNCERTAINTY_BOUND,0.0764,0.3366,0.5042,0.2965,0.5347,0.0
very_strong,0.7,4,MAP_RELATION+UNIT_TRACK+STEP_COMPUTE+COMPARE_AXES,0.0764,0.2672,0.4062,0.3958,0.6764,0.0
saturated,0.95,4,EXTRACT_GIVENS+UNIT_TRACK+UNCERTAINTY_BOUND+ORIGINAL_TASK_RETURN,0.0757,0.3447,0.584,0.2924,0.5563,0.0111
very_strong,0.7,5,SOURCE_BOUNDARY+MAP_RELATION+COMPARE_AXES+UNCERTAINTY_BOUND+DANGER_CHECK,0.0757,0.3389,0.4917,0.3104,0.6083,0.0056
saturated,0.95,4,EXTRACT_GIVENS+SOURCE_BOUNDARY+UNIT_TRACK+UNCERTAINTY_BOUND,0.0757,0.3359,0.5326,0.3028,0.6014,0.0056
standard,0.24,6,EXTRACT_GIVENS+SOURCE_BOUNDARY+UNIT_TRACK+STEP_COMPUTE+VERIFY_RESULT+UNCERTAINTY_BOUND,0.0757,0.3209,0.5597,0.3063,0.4903,0.0056
very_strong,0.7,4,EXTRACT_GIVENS+COMPARE_AXES+UNCERTAINTY_BOUND+ORIGINAL_TASK_RETURN,0.0757,0.3187,0.5306,0.3049,0.5618,0.0056
strong,0.46,5,EXTRACT_GIVENS+UNIT_TRACK+STEP_COMPUTE+COMPARE_AXES+DANGER_CHECK,0.0757,0.3135,0.5208,0.3424,0.6201,0.0
strong,0.46,6,EXTRACT_GIVENS+SOURCE_BOUNDARY+UNIT_TRACK+COMPARE_AXES+ORIGINAL_TASK_RETURN+DANGER_CHECK,0.0757,0.3122,0.5361,0.2993,0.6715,0.0
saturated,0.95,2,STEP_COMPUTE+VERIFY_RESULT,0.0757,0.3076,0.5208,0.3208,0.4708,0.0
strong,0.46,4,SOURCE_BOUNDARY+UNIT_TRACK+STEP_COMPUTE+VERIFY_RESULT,0.0757,0.3034,0.5049,0.341,0.5549,0.0
strong,0.46,4,EXTRACT_GIVENS+MAP_RELATION+UNIT_TRACK+COMPARE_AXES,0.0757,0.2788,0.4757,0.3694,0.5618,0.0
strong,0.46,4,MAP_RELATION+UNIT_TRACK+STEP_COMPUTE+DANGER_CHECK,0.0757,0.274,0.4507,0.3486,0.5563,0.0
standard,0.24,8,EXTRACT_GIVENS+SOURCE_BOUNDARY+MAP_RELATION+STEP_COMPUTE+COMPARE_AXES+UNCERTAINTY_BOUND+ORIGINAL_TASK_RETURN+DANGER_CHECK,0.075,0.3215,0.5792,0.2889,0.5299,0.0444
strong,0.46,4,EXTRACT_GIVENS+SOURCE_BOUNDARY+VERIFY_RESULT+COMPARE_AXES,0.075,0.3531,0.575,0.2812,0.466,0.0222
standard,0.24,6,EXTRACT_GIVENS+SOURCE_BOUNDARY+MAP_RELATION+STEP_COMPUTE+UNCERTAINTY_BOUND+DANGER_CHECK,0.075,0.3227,0.5701,0.266,0.4486,0.0222
very_strong,0.7,3,EXTRACT_GIVENS+SOURCE_BOUNDARY+MAP_RELATION,0.075,0.355,0.5375,0.284,0.4188,0.0111
standard,0.24,6,EXTRACT_GIVENS+SOURCE_BOUNDARY+STEP_COMPUTE+VERIFY_RESULT+COMPARE_AXES+UNCERTAINTY_BOUND,0.075,0.3162,0.5896,0.2951,0.4562,0.0111
saturated,0.95,4,EXTRACT_GIVENS+SOURCE_BOUNDARY+MAP_RELATION+COMPARE_AXES,0.075,0.3673,0.5542,0.2931,0.5965,0.0056
saturated,0.95,2,MAP_RELATION+VERIFY_RESULT,0.075,0.3281,0.5132,0.3014,0.3625,0.0056
standard,0.24,6,SOURCE_BOUNDARY+MAP_RELATION+UNIT_TRACK+VERIFY_RESULT+ORIGINAL_TASK_RETURN+DANGER_CHECK,0.075,0.3113,0.575,0.2771,0.5007,0.0056
very_strong,0.7,5,MAP_RELATION+UNIT_TRACK+STEP_COMPUTE+COMPARE_AXES+ORIGINAL_TASK_RETURN,0.075,0.2864,0.4688,0.3493,0.7278,0.0
saturated,0.95,4,SOURCE_BOUNDARY+COMPARE_AXES+UNCERTAINTY_BOUND+DANGER_CHECK,0.075,0.2737,0.4708,0.3583,0.7035,0.0
saturated,0.95,4,COMPARE_AXES+UNCERTAINTY_BOUND+ORIGINAL_TASK_RETURN+DANGER_CHECK,0.075,0.258,0.4917,0.3451,0.6722,0.0
saturated,0.95,4,SOURCE_BOUNDARY+MAP_RELATION+VERIFY_RESULT+COMPARE_AXES,0.0743,0.3817,0.5451,0.2667,0.6083,0.0278
strong,0.46,6,SOURCE_BOUNDARY+UNIT_TRACK+STEP_COMPUTE+VERIFY_RESULT+COMPARE_AXES+DANGER_CHECK,0.0743,0.3408,0.5312,0.309,0.641,0.0278
very_strong,0.7,4,MAP_RELATION+VERIFY_RESULT+COMPARE_AXES+ORIGINAL_TASK_RETURN,0.0743,0.366,0.5535,0.2576,0.5174,0.0222
strong,0.46,6,EXTRACT_GIVENS+SOURCE_BOUNDARY+MAP_RELATION+STEP_COMPUTE+COMPARE_AXES+ORIGINAL_TASK_RETURN,0.0743,0.3493,0.55,0.3035,0.6097,0.0167
saturated,0.95,3,MAP_RELATION+VERIFY_RESULT+COMPARE_AXES,0.0743,0.3391,0.5104,0.3049,0.4924,0.0111
standard,0.24,5,EXTRACT_GIVENS+SOURCE_BOUNDARY+MAP_RELATION+VERIFY_RESULT+ORIGINAL_TASK_RETURN,0.0743,0.3387,0.5979,0.2743,0.3868,0.0111
strong,0.46,5,EXTRACT_GIVENS+SOURCE_BOUNDARY+STEP_COMPUTE+UNCERTAINTY_BOUND+ORIGINAL_TASK_RETURN,0.0743,0.3282,0.534,0.2993,0.5111,0.0111
saturated,0.95,3,EXTRACT_GIVENS+STEP_COMPUTE+ORIGINAL_TASK_RETURN,0.0743,0.3263,0.5611,0.3,0.5278,0.0111
saturated,0.95,3,EXTRACT_GIVENS+SOURCE_BOUNDARY+UNCERTAINTY_BOUND,0.0743,0.319,0.5319,0.3146,0.5181,0.0111
standard,0.24,7,MAP_RELATION+UNIT_TRACK+STEP_COMPUTE+VERIFY_RESULT+COMPARE_AXES+ORIGINAL_TASK_RETURN+DANGER_CHECK,0.0743,0.3156,0.5687,0.2806,0.5715,0.0111
standard,0.24,7,EXTRACT_GIVENS+SOURCE_BOUNDARY+UNIT_TRACK+STEP_COMPUTE+VERIFY_RESULT+COMPARE_AXES+ORIGINAL_TASK_RETURN,0.0743,0.3103,0.5687,0.309,0.5618,0.0111
saturated,0.95,6,SOURCE_BOUNDARY+MAP_RELATION+STEP_COMPUTE+COMPARE_AXES+UNCERTAINTY_BOUND+ORIGINAL_TASK_RETURN,0.0743,0.3667,0.5236,0.2694,0.7944,0.0056
strong,0.46,4,SOURCE_BOUNDARY+STEP_COMPUTE+VERIFY_RESULT+UNCERTAINTY_BOUND,0.0743,0.326,0.5229,0.2868,0.5021,0.0056
very_strong,0.7,5,EXTRACT_GIVENS+UNIT_TRACK+COMPARE_AXES+UNCERTAINTY_BOUND+ORIGINAL_TASK_RETURN,0.0743,0.3234,0.516,0.3007,0.6799,0.0056
very_strong,0.7,5,SOURCE_BOUNDARY+MAP_RELATION+UNIT_TRACK+ORIGINAL_TASK_RETURN+DANGER_CHECK,0.0743,0.3234,0.5194,0.2993,0.6486,0.0056
very_strong,0.7,4,EXTRACT_GIVENS+UNIT_TRACK+COMPARE_AXES+DANGER_CHECK,0.0743,0.3223,0.5451,0.3007,0.6111,0.0056
saturated,0.95,3,MAP_RELATION+STEP_COMPUTE+DANGER_CHECK,0.0743,0.3166,0.4993,0.3139,0.5292,0.0056
very_strong,0.7,3,SOURCE_BOUNDARY+MAP_RELATION+VERIFY_RESULT,0.0743,0.3699,0.5292,0.2729,0.4451,0.0
saturated,0.95,2,EXTRACT_GIVENS+MAP_RELATION,0.0743,0.3357,0.5403,0.3257,0.3563,0.0
strong,0.46,4,EXTRACT_GIVENS+UNIT_TRACK+STEP_COMPUTE+UNCERTAINTY_BOUND,0.0743,0.3023,0.5035,0.3479,0.4979,0.0
standard,0.24,8,SOURCE_BOUNDARY+MAP_RELATION+STEP_COMPUTE+VERIFY_RESULT+COMPARE_AXES+UNCERTAINTY_BOUND+ORIGINAL_TASK_RETURN+DANGER_CHECK,0.0736,0.3396,0.5514,0.2583,0.5257,0.0333
standard,0.24,7,EXTRACT_GIVENS+SOURCE_BOUNDARY+UNIT_TRACK+VERIFY_RESULT+COMPARE_AXES+UNCERTAINTY_BOUND+DANGER_CHECK,0.0736,0.3402,0.6139,0.2847,0.5201,0.0222
saturated,0.95,6,SOURCE_BOUNDARY+MAP_RELATION+UNIT_TRACK+COMPARE_AXES+UNCERTAINTY_BOUND+DANGER_CHECK,0.0736,0.3597,0.5069,0.2924,0.8056,0.0167
saturated,0.95,4,UNIT_TRACK+VERIFY_RESULT+UNCERTAINTY_BOUND+ORIGINAL_TASK_RETURN,0.0736,0.3531,0.5743,0.2757,0.5806,0.0111
standard,0.24,5,EXTRACT_GIVENS+SOURCE_BOUNDARY+MAP_RELATION+VERIFY_RESULT+UNCERTAINTY_BOUND,0.0736,0.346,0.6062,0.2764,0.3854,0.0111
saturated,0.95,3,EXTRACT_GIVENS+COMPARE_AXES+DANGER_CHECK,0.0736,0.3174,0.5639,0.2938,0.5576,0.0111
strong,0.46,5,VERIFY_RESULT+COMPARE_AXES+UNCERTAINTY_BOUND+ORIGINAL_TASK_RETURN+DANGER_CHECK,0.0736,0.339,0.566,0.2681,0.5472,0.0056
standard,0.24,5,EXTRACT_GIVENS+STEP_COMPUTE+VERIFY_RESULT+COMPARE_AXES+DANGER_CHECK,0.0736,0.3375,0.6319,0.284,0.4326,0.0056
very_strong,0.7,5,SOURCE_BOUNDARY+STEP_COMPUTE+COMPARE_AXES+UNCERTAINTY_BOUND+DANGER_CHECK,0.0736,0.3033,0.4646,0.3118,0.7111,0.0056
standard,0.24,5,MAP_RELATION+STEP_COMPUTE+VERIFY_RESULT+UNCERTAINTY_BOUND+ORIGINAL_TASK_RETURN,0.0736,0.2964,0.5424,0.2799,0.4104,0.0056
saturated,0.95,7,SOURCE_BOUNDARY+MAP_RELATION+UNIT_TRACK+STEP_COMPUTE+COMPARE_AXES+UNCERTAINTY_BOUND+ORIGINAL_TASK_RETURN,0.0736,0.3726,0.4882,0.2806,0.9222,0.0
standard,0.24,6,SOURCE_BOUNDARY+MAP_RELATION+STEP_COMPUTE+VERIFY_RESULT+ORIGINAL_TASK_RETURN+DANGER_CHECK,0.0736,0.3326,0.5993,0.2569,0.459,0.0
very_strong,0.7,4,EXTRACT_GIVENS+SOURCE_BOUNDARY+UNIT_TRACK+UNCERTAINTY_BOUND,0.0736,0.3227,0.4903,0.3076,0.566,0.0
strong,0.46,3,EXTRACT_GIVENS+MAP_RELATION+UNCERTAINTY_BOUND,0.0736,0.321,0.5201,0.309,0.3917,0.0
strong,0.46,4,EXTRACT_GIVENS+MAP_RELATION+COMPARE_AXES+UNCERTAINTY_BOUND,0.0736,0.3074,0.5097,0.3431,0.459,0.0
very_strong,0.7,4,EXTRACT_GIVENS+UNIT_TRACK+COMPARE_AXES+UNCERTAINTY_BOUND,0.0736,0.3021,0.4764,0.3583,0.5979,0.0
strong,0.46,5,MAP_RELATION+UNIT_TRACK+STEP_COMPUTE+ORIGINAL_TASK_RETURN+DANGER_CHECK,0.0736,0.2971,0.5215,0.3174,0.5931,0.0
strong,0.46,5,EXTRACT_GIVENS+UNIT_TRACK+STEP_COMPUTE+COMPARE_AXES+UNCERTAINTY_BOUND,0.0736,0.297,0.4736,0.3604,0.5715,0.0
strong,0.46,5,EXTRACT_GIVENS+SOURCE_BOUNDARY+STEP_COMPUTE+COMPARE_AXES+DANGER_CHECK,0.0729,0.3208,0.5319,0.3076,0.5715,0.0333
saturated,0.95,4,MAP_RELATION+UNCERTAINTY_BOUND+ORIGINAL_TASK_RETURN+DANGER_CHECK,0.0729,0.3501,0.5583,0.2736,0.5021,0.0222
standard,0.24,8,EXTRACT_GIVENS+SOURCE_BOUNDARY+MAP_RELATION+UNIT_TRACK+STEP_COMPUTE+COMPARE_AXES+ORIGINAL_TASK_RETURN+DANGER_CHECK,0.0729,0.3101,0.5715,0.2958,0.5771,0.0222
strong,0.46,8,SOURCE_BOUNDARY+MAP_RELATION+UNIT_TRACK+STEP_COMPUTE+COMPARE_AXES+UNCERTAINTY_BOUND+ORIGINAL_TASK_RETURN+DANGER_CHECK,0.0729,0.3238,0.4903,0.3083,0.7549,0.0167
saturated,0.95,6,SOURCE_BOUNDARY+MAP_RELATION+UNIT_TRACK+STEP_COMPUTE+COMPARE_AXES+DANGER_CHECK,0.0729,0.3677,0.5028,0.2812,0.8576,0.0111
very_strong,0.7,7,SOURCE_BOUNDARY+UNIT_TRACK+STEP_COMPUTE+COMPARE_AXES+UNCERTAINTY_BOUND+ORIGINAL_TASK_RETURN+DANGER_CHECK,0.0729,0.3422,0.5035,0.2979,0.8451,0.0111
strong,0.46,4,UNIT_TRACK+VERIFY_RESULT+ORIGINAL_TASK_RETURN+DANGER_CHECK,0.0729,0.3102,0.5639,0.2868,0.5271,0.0111
standard,0.24,4,MAP_RELATION+STEP_COMPUTE+VERIFY_RESULT+DANGER_CHECK,0.0729,0.3057,0.5632,0.2778,0.4139,0.0111
saturated,0.95,5,EXTRACT_GIVENS+SOURCE_BOUNDARY+UNIT_TRACK+STEP_COMPUTE+COMPARE_AXES,0.0729,0.3548,0.5326,0.3194,0.8125,0.0056
strong,0.46,5,SOURCE_BOUNDARY+VERIFY_RESULT+COMPARE_AXES+UNCERTAINTY_BOUND+ORIGINAL_TASK_RETURN,0.0729,0.3061,0.5208,0.3049,0.5882,0.0056
very_strong,0.7,5,EXTRACT_GIVENS+SOURCE_BOUNDARY+UNIT_TRACK+COMPARE_AXES+DANGER_CHECK,0.0729,0.3545,0.5507,0.3021,0.6674,0.0
standard,0.24,6,SOURCE_BOUNDARY+MAP_RELATION+UNIT_TRACK+STEP_COMPUTE+VERIFY_RESULT+DANGER_CHECK,0.0729,0.3033,0.5333,0.2889,0.4667,0.0
strong,0.46,7,SOURCE_BOUNDARY+MAP_RELATION+UNIT_TRACK+STEP_COMPUTE+COMPARE_AXES+UNCERTAINTY_BOUND+DANGER_CHECK,0.0722,0.3096,0.4764,0.3125,0.7035,0.0222
saturated,0.95,4,EXTRACT_GIVENS+SOURCE_BOUNDARY+MAP_RELATION+ORIGINAL_TASK_RETURN,0.0722,0.4009,0.6056,0.2528,0.5347,0.0111
very_strong,0.7,5,SOURCE_BOUNDARY+UNIT_TRACK+VERIFY_RESULT+COMPARE_AXES+UNCERTAINTY_BOUND,0.0722,0.3296,0.4819,0.3063,0.659,0.0111
standard,0.24,6,MAP_RELATION+STEP_COMPUTE+VERIFY_RESULT+COMPARE_AXES+UNCERTAINTY_BOUND+DANGER_CHECK,0.0722,0.3102,0.5361,0.2854,0.4319,0.0111
strong,0.46,3,MAP_RELATION+VERIFY_RESULT+UNCERTAINTY_BOUND,0.0722,0.3239,0.525,0.2924,0.3847,0.0056
strong,0.46,6,SOURCE_BOUNDARY+UNIT_TRACK+STEP_COMPUTE+VERIFY_RESULT+COMPARE_AXES+UNCERTAINTY_BOUND,0.0722,0.3157,0.4785,0.3181,0.6375,0.0056
saturated,0.95,5,SOURCE_BOUNDARY+UNIT_TRACK+STEP_COMPUTE+ORIGINAL_TASK_RETURN+DANGER_CHECK,0.0722,0.2981,0.5194,0.291,0.834,0.0056
saturated,0.95,5,SOURCE_BOUNDARY+UNIT_TRACK+STEP_COMPUTE+VERIFY_RESULT+COMPARE_AXES,0.0722,0.3573,0.5153,0.3111,0.8083,0.0
saturated,0.95,5,SOURCE_BOUNDARY+MAP_RELATION+UNIT_TRACK+ORIGINAL_TASK_RETURN+DANGER_CHECK,0.0722,0.3357,0.5403,0.2764,0.741,0.0
very_strong,0.7,5,MAP_RELATION+COMPARE_AXES+UNCERTAINTY_BOUND+ORIGINAL_TASK_RETURN+DANGER_CHECK,0.0722,0.3343,0.5215,0.2924,0.5903,0.0
very_strong,0.7,2,MAP_RELATION+VERIFY_RESULT,0.0722,0.317,0.4799,0.2889,0.3674,0.0
strong,0.46,5,EXTRACT_GIVENS+SOURCE_BOUNDARY+STEP_COMPUTE+COMPARE_AXES+UNCERTAINTY_BOUND,0.0722,0.307,0.5118,0.3458,0.5368,0.0
standard,0.24,8,SOURCE_BOUNDARY+MAP_RELATION+UNIT_TRACK+STEP_COMPUTE+VERIFY_RESULT+COMPARE_AXES+ORIGINAL_TASK_RETURN+DANGER_CHECK,0.0722,0.3052,0.5618,0.3028,0.5722,0.0
standard,0.24,5,EXTRACT_GIVENS+SOURCE_BOUNDARY+UNIT_TRACK+STEP_COMPUTE+VERIFY_RESULT,0.0722,0.2974,0.5639,0.3215,0.4396,0.0
strong,0.46,3,STEP_COMPUTE+VERIFY_RESULT+UNCERTAINTY_BOUND,0.0722,0.2867,0.4868,0.3035,0.4361,0.0
strong,0.46,3,UNIT_TRACK+STEP_COMPUTE+VERIFY_RESULT,0.0722,0.2728,0.4542,0.3535,0.4819,0.0
strong,0.46,5,MAP_RELATION+UNIT_TRACK+STEP_COMPUTE+UNCERTAINTY_BOUND+ORIGINAL_TASK_RETURN,0.0722,0.2647,0.4583,0.3597,0.5729,0.0
standard,0.24,8,SOURCE_BOUNDARY+MAP_RELATION+UNIT_TRACK+STEP_COMPUTE+VERIFY_RESULT+COMPARE_AXES+UNCERTAINTY_BOUND+DANGER_CHECK,0.0715,0.3166,0.5528,0.2951,0.566,0.0333
standard,0.24,5,EXTRACT_GIVENS+VERIFY_RESULT+UNCERTAINTY_BOUND+ORIGINAL_TASK_RETURN+DANGER_CHECK,0.0715,0.3786,0.6819,0.2368,0.3854,0.0278
standard,0.24,5,EXTRACT_GIVENS+SOURCE_BOUNDARY+STEP_COMPUTE+VERIFY_RESULT+DANGER_CHECK,0.0715,0.3439,0.6146,0.2687,0.4333,0.0278
saturated,0.95,3,SOURCE_BOUNDARY+VERIFY_RESULT+UNCERTAINTY_BOUND,0.0715,0.3378,0.5271,0.2799,0.5083,0.0222
very_strong,0.7,5,EXTRACT_GIVENS+SOURCE_BOUNDARY+MAP_RELATION+COMPARE_AXES+ORIGINAL_TASK_RETURN,0.0715,0.3828,0.5437,0.2674,0.6174,0.0167
saturated,0.95,4,MAP_RELATION+VERIFY_RESULT+COMPARE_AXES+ORIGINAL_TASK_RETURN,0.0715,0.3751,0.5687,0.2639,0.5687,0.0167
standard,0.24,6,EXTRACT_GIVENS+SOURCE_BOUNDARY+MAP_RELATION+UNIT_TRACK+VERIFY_RESULT+COMPARE_AXES,0.0715,0.309,0.5417,0.2896,0.4708,0.0167
very_strong,0.7,3,EXTRACT_GIVENS+MAP_RELATION+ORIGINAL_TASK_RETURN,0.0715,0.3528,0.5951,0.2875,0.4299,0.0111
very_strong,0.7,5,EXTRACT_GIVENS+SOURCE_BOUNDARY+STEP_COMPUTE+COMPARE_AXES+ORIGINAL_TASK_RETURN,0.0715,0.3542,0.5556,0.2938,0.6861,0.0056
standard,0.24,4,EXTRACT_GIVENS+SOURCE_BOUNDARY+MAP_RELATION+VERIFY_RESULT,0.0715,0.3238,0.6,0.2875,0.3479,0.0056
standard,0.24,6,EXTRACT_GIVENS+MAP_RELATION+UNIT_TRACK+STEP_COMPUTE+COMPARE_AXES+DANGER_CHECK,0.0715,0.2938,0.5486,0.3292,0.4993,0.0056
strong,0.46,5,UNIT_TRACK+STEP_COMPUTE+VERIFY_RESULT+COMPARE_AXES+ORIGINAL_TASK_RETURN,0.0715,0.2914,0.5118,0.3278,0.6368,0.0056
standard,0.24,6,EXTRACT_GIVENS+SOURCE_BOUNDARY+MAP_RELATION+UNIT_TRACK+VERIFY_RESULT+ORIGINAL_TASK_RETURN,0.0715,0.3493,0.6299,0.259,0.4542,0.0
very_strong,0.7,4,EXTRACT_GIVENS+UNIT_TRACK+UNCERTAINTY_BOUND+ORIGINAL_TASK_RETURN,0.0715,0.3291,0.5597,0.3139,0.5715,0.0
standard,0.24,5,EXTRACT_GIVENS+MAP_RELATION+UNIT_TRACK+VERIFY_RESULT+COMPARE_AXES,0.0715,0.3043,0.5715,0.3083,0.425,0.0
standard,0.24,5,EXTRACT_GIVENS+STEP_COMPUTE+VERIFY_RESULT+COMPARE_AXES+UNCERTAINTY_BOUND,0.0715,0.3011,0.5521,0.2979,0.4465,0.0
very_strong,0.7,2,EXTRACT_GIVENS+STEP_COMPUTE,0.0715,0.2887,0.4938,0.3451,0.4458,0.0
very_strong,0.7,3,MAP_RELATION+STEP_COMPUTE+UNCERTAINTY_BOUND,0.0715,0.2832,0.4472,0.3576,0.4917,0.0
saturated,0.95,4,SOURCE_BOUNDARY+COMPARE_AXES+ORIGINAL_TASK_RETURN+DANGER_CHECK,0.0715,0.2424,0.4868,0.3674,0.7701,0.0
standard,0.24,5,EXTRACT_GIVENS+SOURCE_BOUNDARY+VERIFY_RESULT+UNCERTAINTY_BOUND+DANGER_CHECK,0.0708,0.3675,0.6486,0.2521,0.4021,0.0222
strong,0.46,5,EXTRACT_GIVENS+UNIT_TRACK+UNCERTAINTY_BOUND+ORIGINAL_TASK_RETURN+DANGER_CHECK,0.0708,0.333,0.5715,0.2938,0.5306,0.0222
strong,0.46,4,SOURCE_BOUNDARY+STEP_COMPUTE+VERIFY_RESULT+DANGER_CHECK,0.0708,0.3379,0.5583,0.2931,0.4639,0.0167
standard,0.24,7,EXTRACT_GIVENS+SOURCE_BOUNDARY+MAP_RELATION+UNIT_TRACK+STEP_COMPUTE+UNCERTAINTY_BOUND+DANGER_CHECK,0.0708,0.31,0.5424,0.2882,0.4986,0.0167
standard,0.24,6,EXTRACT_GIVENS+SOURCE_BOUNDARY+UNIT_TRACK+STEP_COMPUTE+VERIFY_RESULT+COMPARE_AXES,0.0708,0.2888,0.5535,0.3361,0.4958,0.0111
standard,0.24,7,EXTRACT_GIVENS+SOURCE_BOUNDARY+MAP_RELATION+UNIT_TRACK+STEP_COMPUTE+ORIGINAL_TASK_RETURN+DANGER_CHECK,0.0708,0.3149,0.6,0.3139,0.4965,0.0056
saturated,0.95,3,SOURCE_BOUNDARY+VERIFY_RESULT+ORIGINAL_TASK_RETURN,0.0708,0.3129,0.5583,0.2903,0.5729,0.0056
standard,0.24,5,EXTRACT_GIVENS+MAP_RELATION+UNIT_TRACK+STEP_COMPUTE+DANGER_CHECK,0.0708,0.2783,0.5403,0.3139,0.4181,0.0056
very_strong,0.7,4,MAP_RELATION+STEP_COMPUTE+ORIGINAL_TASK_RETURN+DANGER_CHECK,0.0708,0.3429,0.5563,0.2903,0.5736,0.0
very_strong,0.7,5,SOURCE_BOUNDARY+STEP_COMPUTE+UNCERTAINTY_BOUND+ORIGINAL_TASK_RETURN+DANGER_CHECK,0.0708,0.3356,0.5333,0.2854,0.6403,0.0
very_strong,0.7,6,SOURCE_BOUNDARY+MAP_RELATION+UNIT_TRACK+COMPARE_AXES+ORIGINAL_TASK_RETURN+DANGER_CHECK,0.0708,0.3224,0.5236,0.3049,0.7764,0.0
strong,0.46,7,EXTRACT_GIVENS+SOURCE_BOUNDARY+UNIT_TRACK+STEP_COMPUTE+COMPARE_AXES+UNCERTAINTY_BOUND+ORIGINAL_TASK_RETURN,0.0708,0.3193,0.5083,0.3389,0.7097,0.0
standard,0.24,5,EXTRACT_GIVENS+MAP_RELATION+STEP_COMPUTE+UNCERTAINTY_BOUND+DANGER_CHECK,0.0708,0.3192,0.575,0.2743,0.3972,0.0
strong,0.46,5,EXTRACT_GIVENS+SOURCE_BOUNDARY+COMPARE_AXES+ORIGINAL_TASK_RETURN+DANGER_CHECK,0.0708,0.3118,0.5493,0.3215,0.5861,0.0
standard,0.24,3,EXTRACT_GIVENS+STEP_COMPUTE+VERIFY_RESULT,0.0708,0.2817,0.5708,0.334,0.3257,0.0
strong,0.46,5,MAP_RELATION+VERIFY_RESULT+COMPARE_AXES+UNCERTAINTY_BOUND+ORIGINAL_TASK_RETURN,0.0701,0.3435,0.5375,0.2639,0.5042,0.0444
standard,0.24,6,EXTRACT_GIVENS+SOURCE_BOUNDARY+VERIFY_RESULT+COMPARE_AXES+ORIGINAL_TASK_RETURN+DANGER_CHECK,0.0701,0.3471,0.6326,0.2424,0.4875,0.0222
very_strong,0.7,3,VERIFY_RESULT+UNCERTAINTY_BOUND+DANGER_CHECK,0.0701,0.3709,0.5694,0.2681,0.4062,0.0167
saturated,0.95,3,UNIT_TRACK+VERIFY_RESULT+DANGER_CHECK,0.0701,0.3453,0.5757,0.2764,0.5583,0.0167
strong,0.46,5,EXTRACT_GIVENS+SOURCE_BOUNDARY+UNIT_TRACK+STEP_COMPUTE+DANGER_CHECK,0.0701,0.3252,0.5458,0.3111,0.5681,0.0167
very_strong,0.7,4,SOURCE_BOUNDARY+MAP_RELATION+STEP_COMPUTE+DANGER_CHECK,0.0701,0.3408,0.5097,0.3111,0.5542,0.0111
saturated,0.95,5,SOURCE_BOUNDARY+MAP_RELATION+COMPARE_AXES+ORIGINAL_TASK_RETURN+DANGER_CHECK,0.0701,0.3276,0.5535,0.2951,0.7382,0.0111
strong,0.46,5,SOURCE_BOUNDARY+MAP_RELATION+VERIFY_RESULT+COMPARE_AXES+ORIGINAL_TASK_RETURN,0.0701,0.3258,0.5333,0.2931,0.5681,0.0056
saturated,0.95,5,STEP_COMPUTE+COMPARE_AXES+UNCERTAINTY_BOUND+ORIGINAL_TASK_RETURN+DANGER_CHECK,0.0701,0.3083,0.534,0.2979,0.7674,0.0056
very_strong,0.7,4,MAP_RELATION+COMPARE_AXES+UNCERTAINTY_BOUND+DANGER_CHECK,0.0701,0.2936,0.4646,0.3181,0.5465,0.0056
strong,0.46,4,EXTRACT_GIVENS+SOURCE_BOUNDARY+MAP_RELATION+UNIT_TRACK,0.0701,0.2886,0.4924,0.334,0.5201,0.0056
strong,0.46,5,MAP_RELATION+STEP_COMPUTE+COMPARE_AXES+UNCERTAINTY_BOUND+DANGER_CHECK,0.0701,0.2864,0.4778,0.3389,0.5604,0.0056
very_strong,0.7,4,EXTRACT_GIVENS+SOURCE_BOUNDARY+MAP_RELATION+COMPARE_AXES,0.0701,0.348,0.5118,0.2979,0.5556,0.0
standard,0.24,4,EXTRACT_GIVENS+STEP_COMPUTE+VERIFY_RESULT+UNCERTAINTY_BOUND,0.0701,0.3165,0.5639,0.291,0.341,0.0
saturated,0.95,5,UNIT_TRACK+STEP_COMPUTE+COMPARE_AXES+UNCERTAINTY_BOUND+DANGER_CHECK,0.0701,0.2924,0.4688,0.3299,0.8319,0.0
very_strong,0.7,4,SOURCE_BOUNDARY+UNCERTAINTY_BOUND+ORIGINAL_TASK_RETURN+DANGER_CHECK,0.0701,0.2788,0.4882,0.3438,0.6014,0.0
standard,0.24,7,EXTRACT_GIVENS+SOURCE_BOUNDARY+STEP_COMPUTE+VERIFY_RESULT+COMPARE_AXES+ORIGINAL_TASK_RETURN+DANGER_CHECK,0.0694,0.3506,0.6424,0.2778,0.516,0.0333
standard,0.24,8,EXTRACT_GIVENS+SOURCE_BOUNDARY+UNIT_TRACK+STEP_COMPUTE+VERIFY_RESULT+COMPARE_AXES+ORIGINAL_TASK_RETURN+DANGER_CHECK,0.0694,0.3555,0.6326,0.2625,0.5451,0.0278
very_strong,0.7,5,SOURCE_BOUNDARY+UNIT_TRACK+STEP_COMPUTE+ORIGINAL_TASK_RETURN+DANGER_CHECK,0.0694,0.2914,0.5167,0.3132,0.7306,0.0167
standard,0.24,7,MAP_RELATION+UNIT_TRACK+STEP_COMPUTE+VERIFY_RESULT+COMPARE_AXES+UNCERTAINTY_BOUND+ORIGINAL_TASK_RETURN,0.0694,0.2806,0.4951,0.3014,0.5396,0.0167
strong,0.46,4,EXTRACT_GIVENS+UNCERTAINTY_BOUND+ORIGINAL_TASK_RETURN+DANGER_CHECK,0.0694,0.3384,0.5951,0.2722,0.4736,0.0111
standard,0.24,6,EXTRACT_GIVENS+SOURCE_BOUNDARY+MAP_RELATION+UNIT_TRACK+STEP_COMPUTE+DANGER_CHECK,0.0694,0.2897,0.5563,0.3278,0.5021,0.0111
standard,0.24,5,SOURCE_BOUNDARY+MAP_RELATION+STEP_COMPUTE+VERIFY_RESULT+DANGER_CHECK,0.0694,0.3154,0.5563,0.2812,0.4444,0.0056
saturated,0.95,3,UNIT_TRACK+VERIFY_RESULT+UNCERTAINTY_BOUND,0.0694,0.3064,0.5271,0.3076,0.5007,0.0056
saturated,0.95,4,EXTRACT_GIVENS+SOURCE_BOUNDARY+STEP_COMPUTE+ORIGINAL_TASK_RETURN,0.0694,0.3718,0.616,0.291,0.6292,0.0
strong,0.46,4,EXTRACT_GIVENS+MAP_RELATION+UNCERTAINTY_BOUND+ORIGINAL_TASK_RETURN,0.0694,0.3312,0.5486,0.3,0.425,0.0
very_strong,0.7,4,SOURCE_BOUNDARY+MAP_RELATION+UNIT_TRACK+STEP_COMPUTE,0.0694,0.281,0.4201,0.3479,0.684,0.0
standard,0.24,6,SOURCE_BOUNDARY+MAP_RELATION+UNIT_TRACK+STEP_COMPUTE+VERIFY_RESULT+ORIGINAL_TASK_RETURN,0.0694,0.2803,0.5354,0.3319,0.5257,0.0
standard,0.24,5,EXTRACT_GIVENS+MAP_RELATION+UNIT_TRACK+STEP_COMPUTE+UNCERTAINTY_BOUND,0.0694,0.2683,0.4854,0.3583,0.4118,0.0
strong,0.46,4,EXTRACT_GIVENS+UNIT_TRACK+STEP_COMPUTE+COMPARE_AXES,0.0694,0.2621,0.4778,0.3944,0.5646,0.0
standard,0.24,5,EXTRACT_GIVENS+MAP_RELATION+UNIT_TRACK+STEP_COMPUTE+ORIGINAL_TASK_RETURN,0.0694,0.2494,0.5264,0.3597,0.4889,0.0
standard,0.24,6,UNIT_TRACK+STEP_COMPUTE+VERIFY_RESULT+UNCERTAINTY_BOUND+ORIGINAL_TASK_RETURN+DANGER_CHECK,0.0688,0.301,0.5715,0.2944,0.5292,0.0222
strong,0.46,5,EXTRACT_GIVENS+SOURCE_BOUNDARY+STEP_COMPUTE+ORIGINAL_TASK_RETURN+DANGER_CHECK,0.0688,0.3569,0.6201,0.2819,0.5333,0.0167
standard,0.24,6,SOURCE_BOUNDARY+MAP_RELATION+VERIFY_RESULT+UNCERTAINTY_BOUND+ORIGINAL_TASK_RETURN+DANGER_CHECK,0.0688,0.3336,0.5958,0.2542,0.4674,0.0167
strong,0.46,5,STEP_COMPUTE+VERIFY_RESULT+COMPARE_AXES+UNCERTAINTY_BOUND+ORIGINAL_TASK_RETURN,0.0688,0.3269,0.5424,0.2938,0.5312,0.0167
standard,0.24,5,EXTRACT_GIVENS+SOURCE_BOUNDARY+STEP_COMPUTE+VERIFY_RESULT+ORIGINAL_TASK_RETURN,0.0688,0.3257,0.6188,0.2875,0.4403,0.0167
very_strong,0.7,5,MAP_RELATION+UNIT_TRACK+UNCERTAINTY_BOUND+ORIGINAL_TASK_RETURN+DANGER_CHECK,0.0688,0.3435,0.5354,0.2792,0.5785,0.0111
standard,0.24,7,SOURCE_BOUNDARY+MAP_RELATION+UNIT_TRACK+STEP_COMPUTE+VERIFY_RESULT+COMPARE_AXES+UNCERTAINTY_BOUND,0.0688,0.2942,0.5028,0.2951,0.5306,0.0111
standard,0.24,6,EXTRACT_GIVENS+MAP_RELATION+UNIT_TRACK+VERIFY_RESULT+COMPARE_AXES+ORIGINAL_TASK_RETURN,0.0688,0.3237,0.6,0.2674,0.4792,0.0056
saturated,0.95,6,SOURCE_BOUNDARY+UNIT_TRACK+STEP_COMPUTE+COMPARE_AXES+UNCERTAINTY_BOUND+DANGER_CHECK,0.0688,0.3236,0.4972,0.309,0.8958,0.0056
strong,0.46,5,EXTRACT_GIVENS+SOURCE_BOUNDARY+UNIT_TRACK+STEP_COMPUTE+ORIGINAL_TASK_RETURN,0.0688,0.2879,0.5299,0.3319,0.5972,0.0056
saturated,0.95,5,MAP_RELATION+STEP_COMPUTE+COMPARE_AXES+ORIGINAL_TASK_RETURN+DANGER_CHECK,0.0688,0.3534,0.5271,0.2792,0.7146,0.0
saturated,0.95,3,SOURCE_BOUNDARY+STEP_COMPUTE+VERIFY_RESULT,0.0688,0.3504,0.5528,0.3021,0.5861,0.0
strong,0.46,4,EXTRACT_GIVENS+UNIT_TRACK+UNCERTAINTY_BOUND+DANGER_CHECK,0.0688,0.311,0.5437,0.3042,0.459,0.0
strong,0.46,5,EXTRACT_GIVENS+STEP_COMPUTE+COMPARE_AXES+UNCERTAINTY_BOUND+ORIGINAL_TASK_RETURN,0.0688,0.3043,0.5306,0.3222,0.5549,0.0
strong,0.46,6,SOURCE_BOUNDARY+UNIT_TRACK+STEP_COMPUTE+VERIFY_RESULT+COMPARE_AXES+ORIGINAL_TASK_RETURN,0.0688,0.2976,0.5014,0.3361,0.6729,0.0
very_strong,0.7,5,SOURCE_BOUNDARY+UNIT_TRACK+UNCERTAINTY_BOUND+ORIGINAL_TASK_RETURN+DANGER_CHECK,0.0688,0.2947,0.5007,0.3167,0.6875,0.0
strong,0.46,4,EXTRACT_GIVENS+STEP_COMPUTE+COMPARE_AXES+UNCERTAINTY_BOUND,0.0688,0.2909,0.5028,0.3528,0.4979,0.0
standard,0.24,5,MAP_RELATION+UNIT_TRACK+STEP_COMPUTE+VERIFY_RESULT+UNCERTAINTY_BOUND,0.0688,0.2817,0.491,0.3285,0.4181,0.0
standard,0.24,6,EXTRACT_GIVENS+MAP_RELATION+UNIT_TRACK+STEP_COMPUTE+COMPARE_AXES+UNCERTAINTY_BOUND,0.0688,0.2681,0.4799,0.3597,0.5,0.0
standard,0.24,6,EXTRACT_GIVENS+SOURCE_BOUNDARY+MAP_RELATION+VERIFY_RESULT+COMPARE_AXES+ORIGINAL_TASK_RETURN,0.0681,0.333,0.6028,0.2799,0.4549,0.0222
standard,0.24,7,SOURCE_BOUNDARY+MAP_RELATION+STEP_COMPUTE+VERIFY_RESULT+COMPARE_AXES+ORIGINAL_TASK_RETURN+DANGER_CHECK,0.0681,0.317,0.5486,0.2847,0.5292,0.0222
standard,0.24,8,EXTRACT_GIVENS+SOURCE_BOUNDARY+MAP_RELATION+UNIT_TRACK+STEP_COMPUTE+COMPARE_AXES+UNCERTAINTY_BOUND+DANGER_CHECK,0.0681,0.2953,0.5208,0.3222,0.5451,0.0222
very_strong,0.7,4,EXTRACT_GIVENS+UNIT_TRACK+ORIGINAL_TASK_RETURN+DANGER_CHECK,0.0681,0.34,0.575,0.2965,0.5743,0.0167
standard,0.24,5,EXTRACT_GIVENS+SOURCE_BOUNDARY+UNIT_TRACK+VERIFY_RESULT+DANGER_CHECK,0.0681,0.3264,0.6215,0.3007,0.409,0.0167
standard,0.24,6,MAP_RELATION+UNIT_TRACK+VERIFY_RESULT+UNCERTAINTY_BOUND+ORIGINAL_TASK_RETURN+DANGER_CHECK,0.0681,0.3158,0.5875,0.2556,0.4778,0.0167
very_strong,0.7,6,SOURCE_BOUNDARY+MAP_RELATION+STEP_COMPUTE+COMPARE_AXES+ORIGINAL_TASK_RETURN+DANGER_CHECK,0.0681,0.3487,0.5021,0.2979,0.7146,0.0111
standard,0.24,6,EXTRACT_GIVENS+UNIT_TRACK+VERIFY_RESULT+COMPARE_AXES+ORIGINAL_TASK_RETURN+DANGER_CHECK,0.0681,0.3298,0.6382,0.2778,0.516,0.0111
standard,0.24,6,MAP_RELATION+STEP_COMPUTE+VERIFY_RESULT+COMPARE_AXES+ORIGINAL_TASK_RETURN+DANGER_CHECK,0.0681,0.3197,0.5868,0.2722,0.5146,0.0111
standard,0.24,6,MAP_RELATION+UNIT_TRACK+STEP_COMPUTE+VERIFY_RESULT+COMPARE_AXES+DANGER_CHECK,0.0681,0.2893,0.5285,0.3181,0.5028,0.0111
saturated,0.95,4,SOURCE_BOUNDARY+MAP_RELATION+STEP_COMPUTE+UNCERTAINTY_BOUND,0.0681,0.3222,0.4743,0.3,0.5917,0.0056
strong,0.46,4,STEP_COMPUTE+VERIFY_RESULT+UNCERTAINTY_BOUND+ORIGINAL_TASK_RETURN,0.0681,0.3199,0.5514,0.2833,0.4847,0.0056
strong,0.46,5,UNIT_TRACK+VERIFY_RESULT+COMPARE_AXES+ORIGINAL_TASK_RETURN+DANGER_CHECK,0.0681,0.3132,0.5722,0.2951,0.5979,0.0056
strong,0.46,4,VERIFY_RESULT+COMPARE_AXES+UNCERTAINTY_BOUND+DANGER_CHECK,0.0681,0.31,0.5222,0.3229,0.4764,0.0056
very_strong,0.7,6,SOURCE_BOUNDARY+MAP_RELATION+UNIT_TRACK+STEP_COMPUTE+COMPARE_AXES+ORIGINAL_TASK_RETURN,0.0681,0.2973,0.4514,0.3264,0.8361,0.0056
saturated,0.95,2,EXTRACT_GIVENS+STEP_COMPUTE,0.0681,0.2943,0.4944,0.3396,0.4549,0.0056
saturated,0.95,4,EXTRACT_GIVENS+MAP_RELATION+COMPARE_AXES+ORIGINAL_TASK_RETURN,0.0681,0.3738,0.5757,0.2694,0.5375,0.0
standard,0.24,7,EXTRACT_GIVENS+SOURCE_BOUNDARY+MAP_RELATION+STEP_COMPUTE+COMPARE_AXES+UNCERTAINTY_BOUND+DANGER_CHECK,0.0681,0.3037,0.5382,0.2938,0.4896,0.0
very_strong,0.7,3,EXTRACT_GIVENS+COMPARE_AXES+UNCERTAINTY_BOUND,0.0681,0.2868,0.4819,0.3299,0.516,0.0
standard,0.24,8,EXTRACT_GIVENS+SOURCE_BOUNDARY+MAP_RELATION+UNIT_TRACK+STEP_COMPUTE+UNCERTAINTY_BOUND+ORIGINAL_TASK_RETURN+DANGER_CHECK,0.0674,0.3322,0.5847,0.2569,0.5118,0.0333
saturated,0.95,3,VERIFY_RESULT+UNCERTAINTY_BOUND+ORIGINAL_TASK_RETURN,0.0674,0.3467,0.5757,0.2437,0.4389,0.0111
standard,0.24,5,EXTRACT_GIVENS+VERIFY_RESULT+COMPARE_AXES+UNCERTAINTY_BOUND+DANGER_CHECK,0.0674,0.3342,0.6069,0.291,0.4118,0.0111
very_strong,0.7,4,EXTRACT_GIVENS+STEP_COMPUTE+COMPARE_AXES+ORIGINAL_TASK_RETURN,0.0674,0.3109,0.5264,0.3285,0.6097,0.0111
strong,0.46,3,EXTRACT_GIVENS+UNCERTAINTY_BOUND+DANGER_CHECK,0.0674,0.297,0.541,0.3271,0.3986,0.0111
saturated,0.95,4,VERIFY_RESULT+COMPARE_AXES+UNCERTAINTY_BOUND+ORIGINAL_TASK_RETURN,0.0674,0.355,0.5785,0.2549,0.566,0.0056
saturated,0.95,5,MAP_RELATION+STEP_COMPUTE+COMPARE_AXES+UNCERTAINTY_BOUND+ORIGINAL_TASK_RETURN,0.0674,0.322,0.4958,0.2826,0.6861,0.0056
standard,0.24,4,EXTRACT_GIVENS+STEP_COMPUTE+VERIFY_RESULT+ORIGINAL_TASK_RETURN,0.0674,0.3167,0.6403,0.2938,0.3951,0.0056
saturated,0.95,6,SOURCE_BOUNDARY+MAP_RELATION+UNIT_TRACK+STEP_COMPUTE+COMPARE_AXES+ORIGINAL_TASK_RETURN,0.0674,0.3126,0.4917,0.3285,0.9292,0.0056
standard,0.24,6,EXTRACT_GIVENS+UNIT_TRACK+STEP_COMPUTE+VERIFY_RESULT+COMPARE_AXES+ORIGINAL_TASK_RETURN,0.0674,0.288,0.5597,0.3146,0.5312,0.0056
very_strong,0.7,4,SOURCE_BOUNDARY+UNIT_TRACK+VERIFY_RESULT+ORIGINAL_TASK_RETURN,0.0674,0.3107,0.5028,0.3111,0.6042,0.0
standard,0.24,6,EXTRACT_GIVENS+MAP_RELATION+STEP_COMPUTE+COMPARE_AXES+UNCERTAINTY_BOUND+DANGER_CHECK,0.0674,0.3006,0.541,0.3146,0.4986,0.0
standard,0.24,6,SOURCE_BOUNDARY+MAP_RELATION+UNIT_TRACK+STEP_COMPUTE+VERIFY_RESULT+COMPARE_AXES,0.0674,0.263,0.5021,0.3347,0.5236,0.0
strong,0.46,5,SOURCE_BOUNDARY+STEP_COMPUTE+VERIFY_RESULT+COMPARE_AXES+DANGER_CHECK,0.0667,0.3238,0.5215,0.3118,0.5958,0.0222
standard,0.24,4,EXTRACT_GIVENS+VERIFY_RESULT+UNCERTAINTY_BOUND+DANGER_CHECK,0.0667,0.3396,0.6097,0.2444,0.3708,0.0167
strong,0.46,5,UNIT_TRACK+VERIFY_RESULT+COMPARE_AXES+UNCERTAINTY_BOUND+DANGER_CHECK,0.0667,0.3311,0.5493,0.2861,0.5854,0.0167
saturated,0.95,5,UNIT_TRACK+STEP_COMPUTE+UNCERTAINTY_BOUND+ORIGINAL_TASK_RETURN+DANGER_CHECK,0.0667,0.3253,0.5521,0.2882,0.7333,0.0111
standard,0.24,5,EXTRACT_GIVENS+MAP_RELATION+STEP_COMPUTE+ORIGINAL_TASK_RETURN+DANGER_CHECK,0.0667,0.2968,0.5958,0.2993,0.4313,0.0111
standard,0.24,5,MAP_RELATION+STEP_COMPUTE+VERIFY_RESULT+ORIGINAL_TASK_RETURN+DANGER_CHECK,0.0667,0.3233,0.5951,0.2687,0.4382,0.0056
very_strong,0.7,4,SOURCE_BOUNDARY+VERIFY_RESULT+COMPARE_AXES+ORIGINAL_TASK_RETURN,0.0667,0.293,0.5139,0.309,0.6347,0.0056
strong,0.46,6,EXTRACT_GIVENS+SOURCE_BOUNDARY+UNIT_TRACK+COMPARE_AXES+UNCERTAINTY_BOUND+ORIGINAL_TASK_RETURN,0.0667,0.2764,0.5035,0.3333,0.6639,0.0056
very_strong,0.7,4,COMPARE_AXES+UNCERTAINTY_BOUND+ORIGINAL_TASK_RETURN+DANGER_CHECK,0.0667,0.2481,0.4646,0.3653,0.641,0.0056
very_strong,0.7,4,EXTRACT_GIVENS+MAP_RELATION+COMPARE_AXES+ORIGINAL_TASK_RETURN,0.0667,0.3575,0.5771,0.2986,0.5292,0.0
saturated,0.95,3,EXTRACT_GIVENS+MAP_RELATION+COMPARE_AXES,0.0667,0.3434,0.5437,0.3104,0.5437,0.0
standard,0.24,7,EXTRACT_GIVENS+MAP_RELATION+UNIT_TRACK+STEP_COMPUTE+COMPARE_AXES+ORIGINAL_TASK_RETURN+DANGER_CHECK,0.0667,0.2842,0.5417,0.3278,0.5153,0.0
strong,0.46,5,EXTRACT_GIVENS+SOURCE_BOUNDARY+COMPARE_AXES+UNCERTAINTY_BOUND+ORIGINAL_TASK_RETURN,0.0667,0.2773,0.5125,0.3528,0.5868,0.0
standard,0.24,6,EXTRACT_GIVENS+SOURCE_BOUNDARY+MAP_RELATION+UNIT_TRACK+STEP_COMPUTE+UNCERTAINTY_BOUND,0.0667,0.2651,0.4965,0.3458,0.4674,0.0
strong,0.46,5,SOURCE_BOUNDARY+COMPARE_AXES+UNCERTAINTY_BOUND+ORIGINAL_TASK_RETURN+DANGER_CHECK,0.0667,0.2497,0.4708,0.3646,0.6562,0.0
strong,0.46,4,MAP_RELATION+UNIT_TRACK+STEP_COMPUTE+UNCERTAINTY_BOUND,0.0667,0.2418,0.4021,0.3792,0.534,0.0
standard,0.24,7,MAP_RELATION+STEP_COMPUTE+VERIFY_RESULT+COMPARE_AXES+UNCERTAINTY_BOUND+ORIGINAL_TASK_RETURN+DANGER_CHECK,0.066,0.3313,0.5778,0.2625,0.5257,0.0222
saturated,0.95,3,EXTRACT_GIVENS+SOURCE_BOUNDARY+DANGER_CHECK,0.066,0.347,0.584,0.2917,0.5292,0.0167
very_strong,0.7,4,UNIT_TRACK+VERIFY_RESULT+UNCERTAINTY_BOUND+ORIGINAL_TASK_RETURN,0.066,0.3419,0.534,0.2889,0.5243,0.0167
standard,0.24,6,EXTRACT_GIVENS+SOURCE_BOUNDARY+UNIT_TRACK+VERIFY_RESULT+UNCERTAINTY_BOUND+ORIGINAL_TASK_RETURN,0.066,0.3062,0.584,0.2903,0.4701,0.0167
standard,0.24,6,MAP_RELATION+STEP_COMPUTE+VERIFY_RESULT+COMPARE_AXES+UNCERTAINTY_BOUND+ORIGINAL_TASK_RETURN,0.066,0.2862,0.5299,0.3014,0.4813,0.0111
strong,0.46,3,EXTRACT_GIVENS+SOURCE_BOUNDARY+VERIFY_RESULT,0.066,0.3455,0.5597,0.2938,0.416,0.0056
very_strong,0.7,4,MAP_RELATION+STEP_COMPUTE+COMPARE_AXES+DANGER_CHECK,0.066,0.3139,0.491,0.3167,0.5993,0.0056
very_strong,0.7,4,SOURCE_BOUNDARY+MAP_RELATION+ORIGINAL_TASK_RETURN+DANGER_CHECK,0.066,0.3116,0.55,0.3083,0.5819,0.0056
standard,0.24,6,SOURCE_BOUNDARY+MAP_RELATION+STEP_COMPUTE+VERIFY_RESULT+UNCERTAINTY_BOUND+ORIGINAL_TASK_RETURN,0.066,0.3053,0.5625,0.2757,0.4694,0.0056
standard,0.24,7,SOURCE_BOUNDARY+MAP_RELATION+STEP_COMPUTE+VERIFY_RESULT+COMPARE_AXES+UNCERTAINTY_BOUND+ORIGINAL_TASK_RETURN,0.066,0.2937,0.5424,0.2979,0.5563,0.0056
saturated,0.95,4,UNIT_TRACK+VERIFY_RESULT+COMPARE_AXES+DANGER_CHECK,0.066,0.3478,0.5611,0.2924,0.6722,0.0
standard,0.24,7,SOURCE_BOUNDARY+MAP_RELATION+UNIT_TRACK+VERIFY_RESULT+UNCERTAINTY_BOUND+ORIGINAL_TASK_RETURN+DANGER_CHECK,0.066,0.3175,0.5778,0.2833,0.525,0.0
strong,0.46,5,EXTRACT_GIVENS+SOURCE_BOUNDARY+UNIT_TRACK+ORIGINAL_TASK_RETURN+DANGER_CHECK,0.066,0.3129,0.584,0.3049,0.6035,0.0
saturated,0.95,5,SOURCE_BOUNDARY+UNIT_TRACK+UNCERTAINTY_BOUND+ORIGINAL_TASK_RETURN+DANGER_CHECK,0.066,0.2968,0.5257,0.3104,0.7743,0.0
standard,0.24,6,EXTRACT_GIVENS+MAP_RELATION+UNIT_TRACK+COMPARE_AXES+UNCERTAINTY_BOUND+DANGER_CHECK,0.066,0.2644,0.5056,0.3257,0.5062,0.0
very_strong,0.7,4,SOURCE_BOUNDARY+MAP_RELATION+VERIFY_RESULT+COMPARE_AXES,0.0653,0.3549,0.5257,0.3021,0.5701,0.0444
strong,0.46,6,SOURCE_BOUNDARY+MAP_RELATION+STEP_COMPUTE+UNCERTAINTY_BOUND+ORIGINAL_TASK_RETURN+DANGER_CHECK,0.0653,0.3389,0.5194,0.2556,0.6007,0.0278
standard,0.24,4,EXTRACT_GIVENS+SOURCE_BOUNDARY+VERIFY_RESULT+DANGER_CHECK,0.0653,0.3253,0.6285,0.2847,0.3799,0.0278
very_strong,0.7,4,STEP_COMPUTE+VERIFY_RESULT+COMPARE_AXES+ORIGINAL_TASK_RETURN,0.0653,0.3243,0.5437,0.3063,0.6188,0.0167
strong,0.46,5,EXTRACT_GIVENS+SOURCE_BOUNDARY+UNIT_TRACK+UNCERTAINTY_BOUND+DANGER_CHECK,0.0653,0.3184,0.5347,0.3097,0.5646,0.0167
standard,0.24,5,EXTRACT_GIVENS+MAP_RELATION+UNCERTAINTY_BOUND+ORIGINAL_TASK_RETURN+DANGER_CHECK,0.0653,0.3062,0.5965,0.2771,0.4118,0.0167
very_strong,0.7,5,SOURCE_BOUNDARY+MAP_RELATION+STEP_COMPUTE+UNCERTAINTY_BOUND+ORIGINAL_TASK_RETURN,0.0653,0.3349,0.4951,0.3028,0.5799,0.0111
very_strong,0.7,4,MAP_RELATION+UNCERTAINTY_BOUND+ORIGINAL_TASK_RETURN+DANGER_CHECK,0.0653,0.334,0.516,0.2681,0.4854,0.0111
strong,0.46,2,EXTRACT_GIVENS+VERIFY_RESULT,0.0653,0.3306,0.5813,0.2979,0.3444,0.0111
saturated,0.95,4,SOURCE_BOUNDARY+MAP_RELATION+ORIGINAL_TASK_RETURN+DANGER_CHECK,0.0653,0.313,0.5514,0.3132,0.591,0.0111
saturated,0.95,4,MAP_RELATION+STEP_COMPUTE+COMPARE_AXES+DANGER_CHECK,0.0653,0.3317,0.5,0.2882,0.6861,0.0056
standard,0.24,7,EXTRACT_GIVENS+SOURCE_BOUNDARY+STEP_COMPUTE+VERIFY_RESULT+COMPARE_AXES+UNCERTAINTY_BOUND+ORIGINAL_TASK_RETURN,0.0653,0.3121,0.5465,0.2861,0.4958,0.0056
strong,0.46,4,EXTRACT_GIVENS+STEP_COMPUTE+COMPARE_AXES+DANGER_CHECK,0.0653,0.2999,0.5549,0.3382,0.5167,0.0056
strong,0.46,4,SOURCE_BOUNDARY+STEP_COMPUTE+VERIFY_RESULT+ORIGINAL_TASK_RETURN,0.0653,0.3056,0.5347,0.3076,0.5007,0.0
saturated,0.95,5,SOURCE_BOUNDARY+STEP_COMPUTE+COMPARE_AXES+UNCERTAINTY_BOUND+DANGER_CHECK,0.0653,0.3046,0.4785,0.3146,0.7896,0.0
strong,0.46,4,MAP_RELATION+STEP_COMPUTE+UNCERTAINTY_BOUND+DANGER_CHECK,0.0653,0.298,0.4854,0.2896,0.4507,0.0
standard,0.24,5,EXTRACT_GIVENS+UNIT_TRACK+STEP_COMPUTE+VERIFY_RESULT+COMPARE_AXES,0.0653,0.2823,0.5368,0.3229,0.4632,0.0
strong,0.46,3,MAP_RELATION+UNIT_TRACK+STEP_COMPUTE,0.0653,0.2232,0.4188,0.4188,0.5042,0.0
standard,0.24,7,EXTRACT_GIVENS+SOURCE_BOUNDARY+MAP_RELATION+UNIT_TRACK+VERIFY_RESULT+COMPARE_AXES+ORIGINAL_TASK_RETURN,0.0646,0.313,0.5687,0.3014,0.4938,0.0222
very_strong,0.7,3,UNIT_TRACK+VERIFY_RESULT+DANGER_CHECK,0.0646,0.338,0.5472,0.2778,0.5014,0.0167
strong,0.46,4,EXTRACT_GIVENS+STEP_COMPUTE+ORIGINAL_TASK_RETURN+DANGER_CHECK,0.0646,0.3375,0.5944,0.2785,0.4819,0.0167
standard,0.24,7,SOURCE_BOUNDARY+MAP_RELATION+UNIT_TRACK+VERIFY_RESULT+COMPARE_AXES+ORIGINAL_TASK_RETURN+DANGER_CHECK,0.0646,0.2914,0.5549,0.3069,0.5556,0.0167
strong,0.46,5,EXTRACT_GIVENS+STEP_COMPUTE+COMPARE_AXES+ORIGINAL_TASK_RETURN+DANGER_CHECK,0.0646,0.3312,0.5951,0.3056,0.5799,0.0111
standard,0.24,4,EXTRACT_GIVENS+MAP_RELATION+VERIFY_RESULT+COMPARE_AXES,0.0646,0.2975,0.5785,0.3069,0.3792,0.0111
very_strong,0.7,6,SOURCE_BOUNDARY+UNIT_TRACK+STEP_COMPUTE+COMPARE_AXES+ORIGINAL_TASK_RETURN+DANGER_CHECK,0.0646,0.2844,0.4875,0.3417,0.834,0.0111
saturated,0.95,4,SOURCE_BOUNDARY+MAP_RELATION+UNCERTAINTY_BOUND+DANGER_CHECK,0.0646,0.3466,0.5319,0.2889,0.5444,0.0056
very_strong,0.7,4,MAP_RELATION+UNIT_TRACK+UNCERTAINTY_BOUND+DANGER_CHECK,0.0646,0.3139,0.4986,0.3271,0.5278,0.0056
strong,0.46,4,SOURCE_BOUNDARY+VERIFY_RESULT+UNCERTAINTY_BOUND+ORIGINAL_TASK_RETURN,0.0646,0.2942,0.5215,0.3118,0.5035,0.0056
strong,0.46,4,EXTRACT_GIVENS+SOURCE_BOUNDARY+STEP_COMPUTE+UNCERTAINTY_BOUND,0.0646,0.2916,0.5174,0.3306,0.4882,0.0056
saturated,0.95,5,SOURCE_BOUNDARY+UNIT_TRACK+VERIFY_RESULT+COMPARE_AXES+ORIGINAL_TASK_RETURN,0.0646,0.3269,0.5437,0.3007,0.7979,0.0
very_strong,0.7,3,EXTRACT_GIVENS+MAP_RELATION+COMPARE_AXES,0.0646,0.3241,0.484,0.3215,0.4771,0.0
very_strong,0.7,5,SOURCE_BOUNDARY+MAP_RELATION+COMPARE_AXES+ORIGINAL_TASK_RETURN+DANGER_CHECK,0.0646,0.2915,0.509,0.3278,0.6743,0.0
standard,0.24,4,MAP_RELATION+UNIT_TRACK+STEP_COMPUTE+VERIFY_RESULT,0.0646,0.2573,0.5035,0.3563,0.4326,0.0
strong,0.46,5,SOURCE_BOUNDARY+MAP_RELATION+UNIT_TRACK+STEP_COMPUTE+ORIGINAL_TASK_RETURN,0.0646,0.2481,0.4688,0.3625,0.6306,0.0
standard,0.24,5,MAP_RELATION+UNIT_TRACK+STEP_COMPUTE+VERIFY_RESULT+COMPARE_AXES,0.0646,0.2428,0.4764,0.3792,0.4917,0.0
standard,0.24,5,EXTRACT_GIVENS+UNIT_TRACK+VERIFY_RESULT+UNCERTAINTY_BOUND+ORIGINAL_TASK_RETURN,0.0639,0.3142,0.6174,0.2632,0.4632,0.0167
very_strong,0.7,5,UNIT_TRACK+VERIFY_RESULT+COMPARE_AXES+UNCERTAINTY_BOUND+ORIGINAL_TASK_RETURN,0.0639,0.3527,0.5493,0.2701,0.6604,0.0056
very_strong,0.7,4,EXTRACT_GIVENS+SOURCE_BOUNDARY+STEP_COMPUTE+COMPARE_AXES,0.0639,0.3127,0.5035,0.3438,0.6403,0.0056
strong,0.46,4,UNIT_TRACK+VERIFY_RESULT+UNCERTAINTY_BOUND+ORIGINAL_TASK_RETURN,0.0639,0.2833,0.5424,0.316,0.4993,0.0056
saturated,0.95,5,SOURCE_BOUNDARY+STEP_COMPUTE+COMPARE_AXES+ORIGINAL_TASK_RETURN+DANGER_CHECK,0.0639,0.2643,0.5021,0.3424,0.8215,0.0056
strong,0.46,7,SOURCE_BOUNDARY+MAP_RELATION+UNIT_TRACK+COMPARE_AXES+UNCERTAINTY_BOUND+ORIGINAL_TASK_RETURN+DANGER_CHECK,0.0639,0.2966,0.5007,0.3174,0.7139,0.0
strong,0.46,4,STEP_COMPUTE+VERIFY_RESULT+COMPARE_AXES+UNCERTAINTY_BOUND,0.0639,0.2957,0.5153,0.3125,0.5292,0.0
standard,0.24,7,EXTRACT_GIVENS+SOURCE_BOUNDARY+MAP_RELATION+UNIT_TRACK+STEP_COMPUTE+UNCERTAINTY_BOUND+ORIGINAL_TASK_RETURN,0.0639,0.291,0.5354,0.3118,0.5139,0.0
standard,0.24,4,EXTRACT_GIVENS+MAP_RELATION+STEP_COMPUTE+DANGER_CHECK,0.0639,0.2893,0.5611,0.3181,0.3861,0.0
standard,0.24,4,MAP_RELATION+STEP_COMPUTE+VERIFY_RESULT+ORIGINAL_TASK_RETURN,0.0639,0.2845,0.5701,0.2938,0.4514,0.0
standard,0.24,6,MAP_RELATION+UNIT_TRACK+STEP_COMPUTE+VERIFY_RESULT+COMPARE_AXES+ORIGINAL_TASK_RETURN,0.0639,0.2582,0.5028,0.3292,0.5722,0.0
strong,0.46,4,STEP_COMPUTE+VERIFY_RESULT+COMPARE_AXES+DANGER_CHECK,0.0632,0.3321,0.5819,0.2736,0.5354,0.0222
standard,0.24,6,EXTRACT_GIVENS+SOURCE_BOUNDARY+VERIFY_RESULT+COMPARE_AXES+UNCERTAINTY_BOUND+ORIGINAL_TASK_RETURN,0.0632,0.3122,0.5833,0.3,0.4583,0.0111
strong,0.46,6,SOURCE_BOUNDARY+MAP_RELATION+UNIT_TRACK+STEP_COMPUTE+UNCERTAINTY_BOUND+DANGER_CHECK,0.0632,0.3082,0.4868,0.3097,0.5979,0.0111
standard,0.24,5,MAP_RELATION+STEP_COMPUTE+VERIFY_RESULT+COMPARE_AXES+DANGER_CHECK,0.0632,0.2966,0.5556,0.2924,0.4451,0.0111
strong,0.46,5,MAP_RELATION+STEP_COMPUTE+UNCERTAINTY_BOUND+ORIGINAL_TASK_RETURN+DANGER_CHECK,0.0632,0.3182,0.5056,0.2674,0.5507,0.0056
very_strong,0.7,3,EXTRACT_GIVENS+SOURCE_BOUNDARY+UNCERTAINTY_BOUND,0.0632,0.3085,0.5347,0.3271,0.4715,0.0056
saturated,0.95,4,SOURCE_BOUNDARY+VERIFY_RESULT+COMPARE_AXES+ORIGINAL_TASK_RETURN,0.0632,0.2964,0.5639,0.3264,0.6674,0.0056
saturated,0.95,4,SOURCE_BOUNDARY+MAP_RELATION+STEP_COMPUTE+ORIGINAL_TASK_RETURN,0.0632,0.3081,0.509,0.3201,0.6479,0.0
strong,0.46,5,SOURCE_BOUNDARY+MAP_RELATION+STEP_COMPUTE+ORIGINAL_TASK_RETURN+DANGER_CHECK,0.0632,0.2975,0.5292,0.3201,0.5451,0.0
strong,0.46,4,MAP_RELATION+UNIT_TRACK+VERIFY_RESULT+COMPARE_AXES,0.0632,0.2882,0.4729,0.3146,0.5479,0.0
standard,0.24,5,SOURCE_BOUNDARY+MAP_RELATION+STEP_COMPUTE+VERIFY_RESULT+ORIGINAL_TASK_RETURN,0.0632,0.2857,0.5389,0.284,0.4437,0.0
strong,0.46,5,SOURCE_BOUNDARY+UNIT_TRACK+STEP_COMPUTE+VERIFY_RESULT+COMPARE_AXES,0.0632,0.2752,0.4799,0.3556,0.6222,0.0
strong,0.46,5,EXTRACT_GIVENS+UNIT_TRACK+STEP_COMPUTE+COMPARE_AXES+ORIGINAL_TASK_RETURN,0.0632,0.2741,0.5125,0.3299,0.6056,0.0
standard,0.24,5,SOURCE_BOUNDARY+MAP_RELATION+UNIT_TRACK+STEP_COMPUTE+VERIFY_RESULT,0.0632,0.2622,0.4979,0.3347,0.4701,0.0
saturated,0.95,5,EXTRACT_GIVENS+SOURCE_BOUNDARY+STEP_COMPUTE+COMPARE_AXES+ORIGINAL_TASK_RETURN,0.0625,0.35,0.5625,0.291,0.7431,0.0278
strong,0.46,7,SOURCE_BOUNDARY+MAP_RELATION+STEP_COMPUTE+COMPARE_AXES+UNCERTAINTY_BOUND+ORIGINAL_TASK_RETURN+DANGER_CHECK,0.0625,0.331,0.5062,0.2917,0.6208,0.0167
very_strong,0.7,3,VERIFY_RESULT+COMPARE_AXES+DANGER_CHECK,0.0625,0.3155,0.5521,0.3069,0.5076,0.0111
strong,0.46,3,EXTRACT_GIVENS+STEP_COMPUTE+DANGER_CHECK,0.0625,0.3059,0.5632,0.3042,0.4243,0.0111
very_strong,0.7,3,SOURCE_BOUNDARY+VERIFY_RESULT+UNCERTAINTY_BOUND,0.0625,0.3063,0.4868,0.3021,0.4785,0.0056
strong,0.46,4,VERIFY_RESULT+COMPARE_AXES+ORIGINAL_TASK_RETURN+DANGER_CHECK,0.0625,0.3005,0.5597,0.2882,0.5222,0.0056
very_strong,0.7,3,EXTRACT_GIVENS+UNIT_TRACK+UNCERTAINTY_BOUND,0.0625,0.2973,0.5139,0.3389,0.4993,0.0056
standard,0.24,5,SOURCE_BOUNDARY+MAP_RELATION+UNIT_TRACK+VERIFY_RESULT+DANGER_CHECK,0.0625,0.2822,0.5556,0.3097,0.4833,0.0056
very_strong,0.7,6,SOURCE_BOUNDARY+UNIT_TRACK+STEP_COMPUTE+UNCERTAINTY_BOUND+ORIGINAL_TASK_RETURN+DANGER_CHECK,0.0625,0.3297,0.5076,0.2861,0.7736,0.0
strong,0.46,4,EXTRACT_GIVENS+SOURCE_BOUNDARY+ORIGINAL_TASK_RETURN+DANGER_CHECK,0.0625,0.3157,0.5979,0.3187,0.5146,0.0
standard,0.24,3,EXTRACT_GIVENS+MAP_RELATION+VERIFY_RESULT,0.0625,0.3057,0.591,0.2993,0.3312,0.0
strong,0.46,5,MAP_RELATION+UNIT_TRACK+STEP_COMPUTE+COMPARE_AXES+UNCERTAINTY_BOUND,0.0625,0.2495,0.4194,0.3715,0.6299,0.0
standard,0.24,6,EXTRACT_GIVENS+SOURCE_BOUNDARY+STEP_COMPUTE+VERIFY_RESULT+COMPARE_AXES+DANGER_CHECK,0.0618,0.3357,0.6076,0.2993,0.4688,0.0333
standard,0.24,4,EXTRACT_GIVENS+VERIFY_RESULT+UNCERTAINTY_BOUND+ORIGINAL_TASK_RETURN,0.0618,0.306,0.5938,0.2632,0.3792,0.0278
saturated,0.95,3,EXTRACT_GIVENS+UNCERTAINTY_BOUND+ORIGINAL_TASK_RETURN,0.0618,0.3252,0.5653,0.284,0.4493,0.0222
standard,0.24,5,EXTRACT_GIVENS+VERIFY_RESULT+COMPARE_AXES+ORIGINAL_TASK_RETURN+DANGER_CHECK,0.0618,0.3245,0.6208,0.2778,0.4507,0.0222
standard,0.24,6,EXTRACT_GIVENS+MAP_RELATION+COMPARE_AXES+UNCERTAINTY_BOUND+ORIGINAL_TASK_RETURN+DANGER_CHECK,0.0618,0.281,0.5701,0.3007,0.4931,0.0222
saturated,0.95,5,UNIT_TRACK+VERIFY_RESULT+COMPARE_AXES+UNCERTAINTY_BOUND+ORIGINAL_TASK_RETURN,0.0618,0.3518,0.5451,0.2806,0.6875,0.0111
saturated,0.95,4,EXTRACT_GIVENS+STEP_COMPUTE+COMPARE_AXES+ORIGINAL_TASK_RETURN,0.0618,0.337,0.5958,0.3063,0.6597,0.0111
standard,0.24,7,EXTRACT_GIVENS+SOURCE_BOUNDARY+UNIT_TRACK+VERIFY_RESULT+COMPARE_AXES+UNCERTAINTY_BOUND+ORIGINAL_TASK_RETURN,0.0618,0.3112,0.5792,0.2931,0.5236,0.0111
strong,0.46,6,MAP_RELATION+UNIT_TRACK+STEP_COMPUTE+COMPARE_AXES+ORIGINAL_TASK_RETURN+DANGER_CHECK,0.0618,0.2895,0.4861,0.325,0.6556,0.0056
very_strong,0.7,5,MAP_RELATION+UNIT_TRACK+COMPARE_AXES+UNCERTAINTY_BOUND+DANGER_CHECK,0.0618,0.3049,0.4792,0.3215,0.6778,0.0
very_strong,0.7,5,MAP_RELATION+STEP_COMPUTE+COMPARE_AXES+UNCERTAINTY_BOUND+ORIGINAL_TASK_RETURN,0.0618,0.3019,0.4799,0.2931,0.6604,0.0
saturated,0.95,3,MAP_RELATION+STEP_COMPUTE+ORIGINAL_TASK_RETURN,0.0618,0.2839,0.4931,0.3111,0.5417,0.0
saturated,0.95,5,UNIT_TRACK+COMPARE_AXES+UNCERTAINTY_BOUND+ORIGINAL_TASK_RETURN+DANGER_CHECK,0.0618,0.2563,0.4771,0.3312,0.8021,0.0
strong,0.46,4,UNIT_TRACK+STEP_COMPUTE+VERIFY_RESULT+COMPARE_AXES,0.0618,0.2528,0.4792,0.3625,0.6167,0.0
very_strong,0.7,4,EXTRACT_GIVENS+SOURCE_BOUNDARY+UNIT_TRACK+DANGER_CHECK,0.0611,0.3522,0.5674,0.2896,0.5986,0.0167
standard,0.24,7,EXTRACT_GIVENS+SOURCE_BOUNDARY+UNIT_TRACK+VERIFY_RESULT+COMPARE_AXES+ORIGINAL_TASK_RETURN+DANGER_CHECK,0.0611,0.3325,0.6243,0.2757,0.541,0.0167
strong,0.46,3,VERIFY_RESULT+UNCERTAINTY_BOUND+DANGER_CHECK,0.0611,0.318,0.5451,0.275,0.4021,0.0167
strong,0.46,4,EXTRACT_GIVENS+SOURCE_BOUNDARY+STEP_COMPUTE+DANGER_CHECK,0.0611,0.3282,0.5576,0.2972,0.4813,0.0111
very_strong,0.7,3,MAP_RELATION+VERIFY_RESULT+COMPARE_AXES,0.0611,0.3149,0.4681,0.2889,0.4757,0.0111
strong,0.46,6,MAP_RELATION+STEP_COMPUTE+COMPARE_AXES+UNCERTAINTY_BOUND+ORIGINAL_TASK_RETURN+DANGER_CHECK,0.0611,0.3084,0.4972,0.3035,0.6347,0.0111
standard,0.24,4,EXTRACT_GIVENS+UNIT_TRACK+VERIFY_RESULT+DANGER_CHECK,0.0611,0.3073,0.6076,0.3049,0.3896,0.0111
saturated,0.95,4,MAP_RELATION+UNIT_TRACK+ORIGINAL_TASK_RETURN+DANGER_CHECK,0.0611,0.2925,0.516,0.3146,0.6556,0.0111
strong,0.46,6,SOURCE_BOUNDARY+MAP_RELATION+UNIT_TRACK+STEP_COMPUTE+UNCERTAINTY_BOUND+ORIGINAL_TASK_RETURN,0.0611,0.2728,0.4569,0.3222,0.6472,0.0111
standard,0.24,6,EXTRACT_GIVENS+SOURCE_BOUNDARY+MAP_RELATION+UNCERTAINTY_BOUND+ORIGINAL_TASK_RETURN+DANGER_CHECK,0.0611,0.3109,0.5944,0.2701,0.459,0.0056
very_strong,0.7,3,UNIT_TRACK+VERIFY_RESULT+UNCERTAINTY_BOUND,0.0611,0.3066,0.491,0.2903,0.5021,0.0056
strong,0.46,4,EXTRACT_GIVENS+STEP_COMPUTE+UNCERTAINTY_BOUND+ORIGINAL_TASK_RETURN,0.0611,0.2988,0.5368,0.2979,0.4806,0.0056
saturated,0.95,5,SOURCE_BOUNDARY+UNIT_TRACK+COMPARE_AXES+UNCERTAINTY_BOUND+DANGER_CHECK,0.0611,0.2706,0.4493,0.3333,0.8431,0.0056
strong,0.46,4,EXTRACT_GIVENS+SOURCE_BOUNDARY+COMPARE_AXES+UNCERTAINTY_BOUND,0.0611,0.2623,0.4931,0.359,0.5451,0.0056
standard,0.24,6,MAP_RELATION+UNIT_TRACK+STEP_COMPUTE+VERIFY_RESULT+COMPARE_AXES+UNCERTAINTY_BOUND,0.0611,0.2616,0.4694,0.3354,0.4986,0.0056
saturated,0.95,3,EXTRACT_GIVENS+COMPARE_AXES+UNCERTAINTY_BOUND,0.0611,0.2877,0.4965,0.3528,0.5368,0.0
standard,0.24,4,EXTRACT_GIVENS+VERIFY_RESULT+COMPARE_AXES+UNCERTAINTY_BOUND,0.0611,0.2754,0.5583,0.3292,0.4056,0.0
strong,0.46,4,EXTRACT_GIVENS+SOURCE_BOUNDARY+UNIT_TRACK+STEP_COMPUTE,0.0611,0.2684,0.4965,0.3604,0.5618,0.0
strong,0.46,6,MAP_RELATION+UNIT_TRACK+STEP_COMPUTE+COMPARE_AXES+UNCERTAINTY_BOUND+ORIGINAL_TASK_RETURN,0.0611,0.2519,0.4389,0.3326,0.6722,0.0
standard,0.24,4,EXTRACT_GIVENS+MAP_RELATION+STEP_COMPUTE+ORIGINAL_TASK_RETURN,0.0611,0.2478,0.5368,0.3271,0.4097,0.0
standard,0.24,5,EXTRACT_GIVENS+MAP_RELATION+UNIT_TRACK+STEP_COMPUTE+COMPARE_AXES,0.0611,0.2395,0.4674,0.3792,0.5097,0.0
standard,0.24,6,EXTRACT_GIVENS+SOURCE_BOUNDARY+MAP_RELATION+STEP_COMPUTE+ORIGINAL_TASK_RETURN+DANGER_CHECK,0.0604,0.3108,0.584,0.2861,0.4833,0.0278
saturated,0.95,4,EXTRACT_GIVENS+SOURCE_BOUNDARY+UNIT_TRACK+DANGER_CHECK,0.0604,0.3669,0.5764,0.2646,0.6306,0.0111
strong,0.46,3,EXTRACT_GIVENS+VERIFY_RESULT+COMPARE_AXES,0.0604,0.3314,0.5736,0.3007,0.4188,0.0111
standard,0.24,5,EXTRACT_GIVENS+UNIT_TRACK+VERIFY_RESULT+COMPARE_AXES+DANGER_CHECK,0.0604,0.2995,0.609,0.3083,0.4444,0.0111
standard,0.24,6,SOURCE_BOUNDARY+MAP_RELATION+VERIFY_RESULT+COMPARE_AXES+UNCERTAINTY_BOUND+DANGER_CHECK,0.0604,0.2913,0.5319,0.2847,0.4764,0.0111
strong,0.46,3,SOURCE_BOUNDARY+VERIFY_RESULT+DANGER_CHECK,0.0604,0.3116,0.5556,0.2944,0.4611,0.0056
strong,0.46,5,EXTRACT_GIVENS+UNIT_TRACK+COMPARE_AXES+ORIGINAL_TASK_RETURN+DANGER_CHECK,0.0604,0.293,0.5778,0.309,0.5924,0.0056
very_strong,0.7,2,STEP_COMPUTE+VERIFY_RESULT,0.0604,0.2926,0.4854,0.3104,0.4458,0.0056
very_strong,0.7,5,UNIT_TRACK+STEP_COMPUTE+COMPARE_AXES+UNCERTAINTY_BOUND+DANGER_CHECK,0.0604,0.2611,0.4514,0.3493,0.7319,0.0056
very_strong,0.7,4,MAP_RELATION+STEP_COMPUTE+COMPARE_AXES+UNCERTAINTY_BOUND,0.0604,0.291,0.4375,0.3299,0.5931,0.0
standard,0.24,6,EXTRACT_GIVENS+MAP_RELATION+STEP_COMPUTE+COMPARE_AXES+ORIGINAL_TASK_RETURN+DANGER_CHECK,0.0604,0.287,0.5785,0.3194,0.4847,0.0
standard,0.24,6,MAP_RELATION+UNIT_TRACK+VERIFY_RESULT+COMPARE_AXES+ORIGINAL_TASK_RETURN+DANGER_CHECK,0.0604,0.2767,0.5569,0.2972,0.5736,0.0
standard,0.24,7,SOURCE_BOUNDARY+MAP_RELATION+UNIT_TRACK+STEP_COMPUTE+VERIFY_RESULT+COMPARE_AXES+ORIGINAL_TASK_RETURN,0.0604,0.2722,0.509,0.3333,0.5472,0.0
very_strong,0.7,4,SOURCE_BOUNDARY+COMPARE_AXES+UNCERTAINTY_BOUND+DANGER_CHECK,0.0604,0.2588,0.4757,0.3729,0.6715,0.0
strong,0.46,3,EXTRACT_GIVENS+UNIT_TRACK+STEP_COMPUTE,0.0604,0.244,0.4729,0.3833,0.4889,0.0
standard,0.24,4,EXTRACT_GIVENS+MAP_RELATION+UNIT_TRACK+STEP_COMPUTE,0.0604,0.2411,0.4875,0.3743,0.4243,0.0
strong,0.46,6,EXTRACT_GIVENS+SOURCE_BOUNDARY+UNIT_TRACK+STEP_COMPUTE+COMPARE_AXES+DANGER_CHECK,0.0597,0.3179,0.5285,0.3174,0.6576,0.0222
saturated,0.95,3,EXTRACT_GIVENS+ORIGINAL_TASK_RETURN+DANGER_CHECK,0.0597,0.349,0.6194,0.2576,0.4826,0.0167
standard,0.24,5,SOURCE_BOUNDARY+MAP_RELATION+VERIFY_RESULT+UNCERTAINTY_BOUND+DANGER_CHECK,0.0597,0.3107,0.5444,0.2681,0.3937,0.0111
standard,0.24,7,SOURCE_BOUNDARY+STEP_COMPUTE+VERIFY_RESULT+COMPARE_AXES+UNCERTAINTY_BOUND+ORIGINAL_TASK_RETURN+DANGER_CHECK,0.0597,0.3044,0.5785,0.2819,0.5799,0.0111
strong,0.46,5,EXTRACT_GIVENS+MAP_RELATION+UNIT_TRACK+COMPARE_AXES+ORIGINAL_TASK_RETURN,0.0597,0.2848,0.5111,0.3458,0.5819,0.0056
saturated,0.95,6,SOURCE_BOUNDARY+MAP_RELATION+UNIT_TRACK+STEP_COMPUTE+COMPARE_AXES+UNCERTAINTY_BOUND,0.0597,0.3419,0.4715,0.3139,0.8944,0.0
standard,0.24,7,SOURCE_BOUNDARY+MAP_RELATION+VERIFY_RESULT+COMPARE_AXES+UNCERTAINTY_BOUND+ORIGINAL_TASK_RETURN+DANGER_CHECK,0.0597,0.3252,0.5639,0.2319,0.5174,0.0
saturated,0.95,5,SOURCE_BOUNDARY+MAP_RELATION+STEP_COMPUTE+COMPARE_AXES+UNCERTAINTY_BOUND,0.0597,0.3232,0.4785,0.316,0.7556,0.0
very_strong,0.7,5,SOURCE_BOUNDARY+MAP_RELATION+UNIT_TRACK+UNCERTAINTY_BOUND+DANGER_CHECK,0.0597,0.3197,0.4639,0.3139,0.6132,0.0
saturated,0.95,3,EXTRACT_GIVENS+UNIT_TRACK+UNCERTAINTY_BOUND,0.0597,0.3191,0.5111,0.3125,0.5188,0.0
saturated,0.95,5,MAP_RELATION+UNIT_TRACK+COMPARE_AXES+ORIGINAL_TASK_RETURN+DANGER_CHECK,0.0597,0.3096,0.5181,0.2889,0.7847,0.0
standard,0.24,5,EXTRACT_GIVENS+UNIT_TRACK+VERIFY_RESULT+COMPARE_AXES+UNCERTAINTY_BOUND,0.0597,0.2811,0.5604,0.3417,0.4326,0.0
saturated,0.95,2,MAP_RELATION+STEP_COMPUTE,0.0597,0.2601,0.4389,0.3472,0.4611,0.0
very_strong,0.7,5,SOURCE_BOUNDARY+UNIT_TRACK+COMPARE_AXES+UNCERTAINTY_BOUND+DANGER_CHECK,0.0597,0.2527,0.4486,0.3736,0.7632,0.0
standard,0.24,5,EXTRACT_GIVENS+STEP_COMPUTE+VERIFY_RESULT+COMPARE_AXES+ORIGINAL_TASK_RETURN,0.059,0.3032,0.6132,0.2861,0.4354,0.0278
saturated,0.95,5,SOURCE_BOUNDARY+MAP_RELATION+UNIT_TRACK+UNCERTAINTY_BOUND+DANGER_CHECK,0.059,0.3586,0.5347,0.2896,0.6924,0.0222
very_strong,0.7,4,EXTRACT_GIVENS+SOURCE_BOUNDARY+STEP_COMPUTE+ORIGINAL_TASK_RETURN,0.059,0.342,0.5625,0.3139,0.5875,0.0222
very_strong,0.7,3,EXTRACT_GIVENS+SOURCE_BOUNDARY+DANGER_CHECK,0.059,0.3376,0.5667,0.3153,0.4771,0.0167
standard,0.24,6,MAP_RELATION+VERIFY_RESULT+COMPARE_AXES+UNCERTAINTY_BOUND+ORIGINAL_TASK_RETURN+DANGER_CHECK,0.059,0.3067,0.5889,0.2743,0.4993,0.0167
saturated,0.95,3,MAP_RELATION+UNCERTAINTY_BOUND+DANGER_CHECK,0.059,0.3014,0.5264,0.291,0.4569,0.0167
very_strong,0.7,4,VERIFY_RESULT+COMPARE_AXES+UNCERTAINTY_BOUND+ORIGINAL_TASK_RETURN,0.059,0.3228,0.5451,0.2833,0.5938,0.0111
standard,0.24,5,EXTRACT_GIVENS+SOURCE_BOUNDARY+MAP_RELATION+STEP_COMPUTE+DANGER_CHECK,0.059,0.2775,0.5618,0.3264,0.4403,0.0111
standard,0.24,5,SOURCE_BOUNDARY+MAP_RELATION+VERIFY_RESULT+ORIGINAL_TASK_RETURN+DANGER_CHECK,0.059,0.315,0.6104,0.2819,0.4528,0.0056
very_strong,0.7,3,UNIT_TRACK+VERIFY_RESULT+ORIGINAL_TASK_RETURN,0.059,0.2803,0.525,0.2979,0.5257,0.0056
saturated,0.95,4,STEP_COMPUTE+COMPARE_AXES+UNCERTAINTY_BOUND+DANGER_CHECK,0.059,0.269,0.4931,0.3312,0.7028,0.0056
strong,0.46,5,MAP_RELATION+UNIT_TRACK+STEP_COMPUTE+COMPARE_AXES+DANGER_CHECK,0.059,0.2643,0.4625,0.3389,0.6153,0.0056
standard,0.24,5,EXTRACT_GIVENS+SOURCE_BOUNDARY+MAP_RELATION+UNIT_TRACK+STEP_COMPUTE,0.059,0.2469,0.4701,0.3778,0.4979,0.0056
very_strong,0.7,2,EXTRACT_GIVENS+MAP_RELATION,0.059,0.3186,0.5153,0.3215,0.3486,0.0
saturated,0.95,4,MAP_RELATION+STEP_COMPUTE+COMPARE_AXES+UNCERTAINTY_BOUND,0.059,0.2986,0.4521,0.3264,0.6486,0.0
very_strong,0.7,4,MAP_RELATION+UNIT_TRACK+ORIGINAL_TASK_RETURN+DANGER_CHECK,0.059,0.2918,0.516,0.3146,0.6111,0.0
strong,0.46,6,SOURCE_BOUNDARY+UNIT_TRACK+COMPARE_AXES+UNCERTAINTY_BOUND+ORIGINAL_TASK_RETURN+DANGER_CHECK,0.059,0.24,0.4479,0.3701,0.7326,0.0
saturated,0.95,4,SOURCE_BOUNDARY+UNIT_TRACK+ORIGINAL_TASK_RETURN+DANGER_CHECK,0.059,0.2378,0.4924,0.3535,0.7396,0.0
very_strong,0.7,4,UNIT_TRACK+STEP_COMPUTE+UNCERTAINTY_BOUND+ORIGINAL_TASK_RETURN,0.059,0.2337,0.4514,0.3757,0.6257,0.0
very_strong,0.7,4,SOURCE_BOUNDARY+COMPARE_AXES+ORIGINAL_TASK_RETURN+DANGER_CHECK,0.059,0.2299,0.475,0.3903,0.7271,0.0
standard,0.24,5,MAP_RELATION+UNIT_TRACK+VERIFY_RESULT+UNCERTAINTY_BOUND+DANGER_CHECK,0.0583,0.2879,0.5535,0.3104,0.4458,0.0222
standard,0.24,5,EXTRACT_GIVENS+SOURCE_BOUNDARY+MAP_RELATION+VERIFY_RESULT+COMPARE_AXES,0.0583,0.3045,0.5625,0.309,0.4417,0.0167
standard,0.24,6,EXTRACT_GIVENS+STEP_COMPUTE+COMPARE_AXES+UNCERTAINTY_BOUND+ORIGINAL_TASK_RETURN+DANGER_CHECK,0.0583,0.2693,0.5625,0.3042,0.5194,0.0167
standard,0.24,6,EXTRACT_GIVENS+SOURCE_BOUNDARY+UNIT_TRACK+VERIFY_RESULT+COMPARE_AXES+DANGER_CHECK,0.0583,0.3296,0.6257,0.2868,0.4958,0.0111
saturated,0.95,4,SOURCE_BOUNDARY+STEP_COMPUTE+UNCERTAINTY_BOUND+DANGER_CHECK,0.0583,0.3185,0.5104,0.2944,0.6292,0.0111
standard,0.24,7,SOURCE_BOUNDARY+MAP_RELATION+UNIT_TRACK+VERIFY_RESULT+COMPARE_AXES+UNCERTAINTY_BOUND+DANGER_CHECK,0.0583,0.2972,0.5132,0.2812,0.5507,0.0111
standard,0.24,5,MAP_RELATION+UNIT_TRACK+VERIFY_RESULT+UNCERTAINTY_BOUND+ORIGINAL_TASK_RETURN,0.0583,0.2743,0.5361,0.2965,0.4889,0.0111
saturated,0.95,5,SOURCE_BOUNDARY+MAP_RELATION+STEP_COMPUTE+COMPARE_AXES+DANGER_CHECK,0.0583,0.3426,0.5083,0.2847,0.7667,0.0056
very_strong,0.7,5,STEP_COMPUTE+COMPARE_AXES+UNCERTAINTY_BOUND+ORIGINAL_TASK_RETURN+DANGER_CHECK,0.0583,0.2812,0.4917,0.3007,0.7097,0.0056
standard,0.24,5,SOURCE_BOUNDARY+VERIFY_RESULT+UNCERTAINTY_BOUND+ORIGINAL_TASK_RETURN+DANGER_CHECK,0.0583,0.2745,0.5514,0.2861,0.5194,0.0056
strong,0.46,5,SOURCE_BOUNDARY+MAP_RELATION+UNIT_TRACK+STEP_COMPUTE+UNCERTAINTY_BOUND,0.0583,0.2537,0.4104,0.359,0.5903,0.0056
saturated,0.95,2,EXTRACT_GIVENS+UNCERTAINTY_BOUND,0.0583,0.295,0.5181,0.3278,0.4062,0.0
standard,0.24,5,MAP_RELATION+UNIT_TRACK+VERIFY_RESULT+ORIGINAL_TASK_RETURN+DANGER_CHECK,0.0583,0.2908,0.5792,0.2736,0.4903,0.0
saturated,0.95,5,SOURCE_BOUNDARY+MAP_RELATION+UNIT_TRACK+STEP_COMPUTE+COMPARE_AXES,0.0583,0.2842,0.4521,0.3361,0.859,0.0
standard,0.24,7,EXTRACT_GIVENS+MAP_RELATION+UNIT_TRACK+STEP_COMPUTE+COMPARE_AXES+UNCERTAINTY_BOUND+ORIGINAL_TASK_RETURN,0.0583,0.2682,0.5278,0.3271,0.525,0.0
strong,0.46,6,SOURCE_BOUNDARY+STEP_COMPUTE+COMPARE_AXES+UNCERTAINTY_BOUND+ORIGINAL_TASK_RETURN+DANGER_CHECK,0.0583,0.2655,0.4854,0.316,0.6979,0.0
standard,0.24,5,SOURCE_BOUNDARY+MAP_RELATION+UNIT_TRACK+VERIFY_RESULT+UNCERTAINTY_BOUND,0.0583,0.2633,0.5007,0.3174,0.4528,0.0
very_strong,0.7,5,SOURCE_BOUNDARY+UNIT_TRACK+COMPARE_AXES+ORIGINAL_TASK_RETURN+DANGER_CHECK,0.0583,0.2294,0.4521,0.3833,0.8167,0.0
strong,0.46,5,SOURCE_BOUNDARY+MAP_RELATION+STEP_COMPUTE+UNCERTAINTY_BOUND+DANGER_CHECK,0.0576,0.2987,0.4826,0.2868,0.5167,0.0278
saturated,0.95,4,MAP_RELATION+UNIT_TRACK+UNCERTAINTY_BOUND+DANGER_CHECK,0.0576,0.3235,0.5292,0.3035,0.5715,0.0222
standard,0.24,7,MAP_RELATION+UNIT_TRACK+VERIFY_RESULT+COMPARE_AXES+UNCERTAINTY_BOUND+ORIGINAL_TASK_RETURN+DANGER_CHECK,0.0576,0.2949,0.5618,0.2882,0.4854,0.0222
strong,0.46,4,MAP_RELATION+VERIFY_RESULT+COMPARE_AXES+UNCERTAINTY_BOUND,0.0576,0.3291,0.5333,0.2889,0.4701,0.0056
very_strong,0.7,3,EXTRACT_GIVENS+STEP_COMPUTE+ORIGINAL_TASK_RETURN,0.0576,0.3014,0.5479,0.3167,0.466,0.0056
strong,0.46,6,SOURCE_BOUNDARY+UNIT_TRACK+VERIFY_RESULT+COMPARE_AXES+UNCERTAINTY_BOUND+ORIGINAL_TASK_RETURN,0.0576,0.2972,0.509,0.3069,0.6514,0.0056
strong,0.46,3,EXTRACT_GIVENS+STEP_COMPUTE+UNCERTAINTY_BOUND,0.0576,0.2866,0.5007,0.3375,0.4097,0.0
standard,0.24,6,EXTRACT_GIVENS+MAP_RELATION+UNIT_TRACK+STEP_COMPUTE+COMPARE_AXES+ORIGINAL_TASK_RETURN,0.0576,0.2411,0.4896,0.3347,0.5528,0.0
standard,0.24,5,MAP_RELATION+VERIFY_RESULT+UNCERTAINTY_BOUND+ORIGINAL_TASK_RETURN+DANGER_CHECK,0.0569,0.3141,0.609,0.2653,0.4444,0.0278
standard,0.24,7,SOURCE_BOUNDARY+MAP_RELATION+STEP_COMPUTE+VERIFY_RESULT+COMPARE_AXES+UNCERTAINTY_BOUND+DANGER_CHECK,0.0569,0.3209,0.5396,0.2785,0.5118,0.0222
strong,0.46,5,SOURCE_BOUNDARY+UNIT_TRACK+VERIFY_RESULT+COMPARE_AXES+DANGER_CHECK,0.0569,0.3003,0.5201,0.3285,0.6104,0.0222
strong,0.46,4,UNIT_TRACK+VERIFY_RESULT+UNCERTAINTY_BOUND+DANGER_CHECK,0.0569,0.3245,0.5542,0.2903,0.4938,0.0167
standard,0.24,5,EXTRACT_GIVENS+SOURCE_BOUNDARY+VERIFY_RESULT+UNCERTAINTY_BOUND+ORIGINAL_TASK_RETURN,0.0569,0.3149,0.6104,0.2951,0.4132,0.0167
standard,0.24,7,SOURCE_BOUNDARY+UNIT_TRACK+STEP_COMPUTE+VERIFY_RESULT+UNCERTAINTY_BOUND+ORIGINAL_TASK_RETURN+DANGER_CHECK,0.0569,0.296,0.5479,0.291,0.5778,0.0167
standard,0.24,6,SOURCE_BOUNDARY+MAP_RELATION+STEP_COMPUTE+VERIFY_RESULT+COMPARE_AXES+DANGER_CHECK,0.0569,0.2943,0.5444,0.3028,0.4833,0.0167
standard,0.24,4,EXTRACT_GIVENS+SOURCE_BOUNDARY+VERIFY_RESULT+UNCERTAINTY_BOUND,0.0569,0.3022,0.5687,0.2944,0.35,0.0111
standard,0.24,5,EXTRACT_GIVENS+UNIT_TRACK+STEP_COMPUTE+ORIGINAL_TASK_RETURN+DANGER_CHECK,0.0569,0.2434,0.566,0.3306,0.5097,0.0111
strong,0.46,4,EXTRACT_GIVENS+MAP_RELATION+COMPARE_AXES+ORIGINAL_TASK_RETURN,0.0569,0.2948,0.5444,0.3104,0.4833,0.0056
strong,0.46,5,EXTRACT_GIVENS+SOURCE_BOUNDARY+MAP_RELATION+UNIT_TRACK+COMPARE_AXES,0.0569,0.2818,0.4889,0.3451,0.5722,0.0056
saturated,0.95,3,MAP_RELATION+UNIT_TRACK+DANGER_CHECK,0.0569,0.2683,0.4674,0.3208,0.5542,0.0056
strong,0.46,4,SOURCE_BOUNDARY+VERIFY_RESULT+COMPARE_AXES+DANGER_CHECK,0.0569,0.3073,0.5576,0.3042,0.5437,0.0
strong,0.46,6,SOURCE_BOUNDARY+MAP_RELATION+COMPARE_AXES+UNCERTAINTY_BOUND+ORIGINAL_TASK_RETURN+DANGER_CHECK,0.0569,0.2994,0.5042,0.2896,0.6444,0.0
standard,0.24,5,UNIT_TRACK+STEP_COMPUTE+VERIFY_RESULT+ORIGINAL_TASK_RETURN+DANGER_CHECK,0.0569,0.2873,0.5951,0.2951,0.5076,0.0
standard,0.24,5,SOURCE_BOUNDARY+MAP_RELATION+STEP_COMPUTE+VERIFY_RESULT+UNCERTAINTY_BOUND,0.0569,0.2821,0.5243,0.3104,0.459,0.0
strong,0.46,2,MAP_RELATION+VERIFY_RESULT,0.0569,0.2739,0.5021,0.316,0.3604,0.0
standard,0.24,7,EXTRACT_GIVENS+SOURCE_BOUNDARY+MAP_RELATION+UNIT_TRACK+STEP_COMPUTE+COMPARE_AXES+UNCERTAINTY_BOUND,0.0569,0.2607,0.475,0.3486,0.5042,0.0
strong,0.46,5,EXTRACT_GIVENS+SOURCE_BOUNDARY+UNIT_TRACK+STEP_COMPUTE+COMPARE_AXES,0.0569,0.2606,0.4819,0.3444,0.634,0.0
standard,0.24,3,MAP_RELATION+STEP_COMPUTE+VERIFY_RESULT,0.0569,0.2463,0.4979,0.3333,0.3861,0.0
very_strong,0.7,4,UNIT_TRACK+COMPARE_AXES+UNCERTAINTY_BOUND+DANGER_CHECK,0.0569,0.2276,0.45,0.3597,0.6646,0.0
standard,0.24,7,EXTRACT_GIVENS+SOURCE_BOUNDARY+MAP_RELATION+COMPARE_AXES+UNCERTAINTY_BOUND+ORIGINAL_TASK_RETURN+DANGER_CHECK,0.0563,0.3012,0.5687,0.2903,0.4944,0.0222
standard,0.24,6,SOURCE_BOUNDARY+STEP_COMPUTE+VERIFY_RESULT+UNCERTAINTY_BOUND+ORIGINAL_TASK_RETURN+DANGER_CHECK,0.0563,0.3042,0.5694,0.2799,0.4986,0.0167
strong,0.46,3,EXTRACT_GIVENS+MAP_RELATION+ORIGINAL_TASK_RETURN,0.0563,0.2901,0.5486,0.3167,0.4583,0.0111
standard,0.24,5,EXTRACT_GIVENS+SOURCE_BOUNDARY+STEP_COMPUTE+VERIFY_RESULT+COMPARE_AXES,0.0563,0.2818,0.5569,0.3194,0.4535,0.0111
standard,0.24,4,EXTRACT_GIVENS+UNIT_TRACK+VERIFY_RESULT+UNCERTAINTY_BOUND,0.0563,0.2995,0.566,0.2951,0.3972,0.0056
strong,0.46,5,SOURCE_BOUNDARY+STEP_COMPUTE+VERIFY_RESULT+COMPARE_AXES+ORIGINAL_TASK_RETURN,0.0563,0.2859,0.4938,0.3174,0.6069,0.0056
standard,0.24,5,EXTRACT_GIVENS+MAP_RELATION+STEP_COMPUTE+COMPARE_AXES+DANGER_CHECK,0.0563,0.2674,0.5458,0.3424,0.4743,0.0056
strong,0.46,4,EXTRACT_GIVENS+UNIT_TRACK+COMPARE_AXES+DANGER_CHECK,0.0563,0.2566,0.5139,0.3667,0.5611,0.0056
standard,0.24,4,SOURCE_BOUNDARY+MAP_RELATION+STEP_COMPUTE+VERIFY_RESULT,0.0563,0.2552,0.4847,0.3229,0.4264,0.0056
strong,0.46,5,EXTRACT_GIVENS+SOURCE_BOUNDARY+UNIT_TRACK+COMPARE_AXES+UNCERTAINTY_BOUND,0.0563,0.2468,0.4576,0.3917,0.6257,0.0056
saturated,0.95,3,MAP_RELATION+UNIT_TRACK+ORIGINAL_TASK_RETURN,0.0563,0.2222,0.4778,0.4021,0.6007,0.0056
saturated,0.95,3,UNIT_TRACK+VERIFY_RESULT+ORIGINAL_TASK_RETURN,0.0563,0.2933,0.5444,0.3312,0.5493,0.0
very_strong,0.7,4,SOURCE_BOUNDARY+MAP_RELATION+STEP_COMPUTE+ORIGINAL_TASK_RETURN,0.0563,0.2789,0.4674,0.3299,0.6139,0.0
very_strong,0.7,4,SOURCE_BOUNDARY+STEP_COMPUTE+ORIGINAL_TASK_RETURN+DANGER_CHECK,0.0563,0.2735,0.5312,0.3167,0.6451,0.0
very_strong,0.7,5,SOURCE_BOUNDARY+STEP_COMPUTE+COMPARE_AXES+ORIGINAL_TASK_RETURN+DANGER_CHECK,0.0563,0.2627,0.4917,0.3486,0.7674,0.0
saturated,0.95,3,SOURCE_BOUNDARY+ORIGINAL_TASK_RETURN+DANGER_CHECK,0.0563,0.231,0.4868,0.3444,0.6472,0.0
strong,0.46,4,MAP_RELATION+UNIT_TRACK+STEP_COMPUTE+ORIGINAL_TASK_RETURN,0.0563,0.2307,0.4375,0.3889,0.575,0.0
strong,0.46,5,EXTRACT_GIVENS+SOURCE_BOUNDARY+MAP_RELATION+COMPARE_AXES+ORIGINAL_TASK_RETURN,0.0556,0.3025,0.5417,0.3146,0.5611,0.0222
very_strong,0.7,2,EXTRACT_GIVENS+DANGER_CHECK,0.0556,0.295,0.5576,0.3153,0.3951,0.0167
very_strong,0.7,4,UNIT_TRACK+VERIFY_RESULT+COMPARE_AXES+DANGER_CHECK,0.0556,0.3305,0.5382,0.3007,0.6097,0.0111
strong,0.46,6,SOURCE_BOUNDARY+MAP_RELATION+UNIT_TRACK+UNCERTAINTY_BOUND+ORIGINAL_TASK_RETURN+DANGER_CHECK,0.0556,0.2947,0.4917,0.2896,0.6181,0.0111
saturated,0.95,4,SOURCE_BOUNDARY+STEP_COMPUTE+VERIFY_RESULT+COMPARE_AXES,0.0556,0.3421,0.5361,0.3007,0.6903,0.0056
very_strong,0.7,3,EXTRACT_GIVENS+ORIGINAL_TASK_RETURN+DANGER_CHECK,0.0556,0.3237,0.5889,0.3076,0.4368,0.0056
very_strong,0.7,5,SOURCE_BOUNDARY+MAP_RELATION+STEP_COMPUTE+COMPARE_AXES+UNCERTAINTY_BOUND,0.0556,0.3134,0.45,0.3104,0.7007,0.0
saturated,0.95,4,UNIT_TRACK+VERIFY_RESULT+COMPARE_AXES+UNCERTAINTY_BOUND,0.0556,0.3103,0.5194,0.3222,0.6701,0.0
very_strong,0.7,3,STEP_COMPUTE+VERIFY_RESULT+COMPARE_AXES,0.0556,0.2827,0.5049,0.3438,0.5549,0.0
standard,0.24,5,SOURCE_BOUNDARY+MAP_RELATION+VERIFY_RESULT+UNCERTAINTY_BOUND+ORIGINAL_TASK_RETURN,0.0556,0.2735,0.5396,0.3056,0.4542,0.0
standard,0.24,6,EXTRACT_GIVENS+SOURCE_BOUNDARY+MAP_RELATION+UNIT_TRACK+STEP_COMPUTE+ORIGINAL_TASK_RETURN,0.0556,0.2727,0.5389,0.3257,0.5139,0.0
standard,0.24,6,SOURCE_BOUNDARY+UNIT_TRACK+STEP_COMPUTE+VERIFY_RESULT+ORIGINAL_TASK_RETURN+DANGER_CHECK,0.0556,0.2697,0.5458,0.3,0.534,0.0
standard,0.24,6,EXTRACT_GIVENS+UNIT_TRACK+STEP_COMPUTE+COMPARE_AXES+UNCERTAINTY_BOUND+DANGER_CHECK,0.0556,0.2599,0.5174,0.3361,0.5278,0.0
strong,0.46,5,MAP_RELATION+UNIT_TRACK+STEP_COMPUTE+COMPARE_AXES+ORIGINAL_TASK_RETURN,0.0556,0.2247,0.4326,0.375,0.6799,0.0
standard,0.24,8,SOURCE_BOUNDARY+MAP_RELATION+UNIT_TRACK+VERIFY_RESULT+COMPARE_AXES+UNCERTAINTY_BOUND+ORIGINAL_TASK_RETURN+DANGER_CHECK,0.0549,0.3049,0.5528,0.2799,0.609,0.0278
standard,0.24,6,SOURCE_BOUNDARY+UNIT_TRACK+STEP_COMPUTE+VERIFY_RESULT+UNCERTAINTY_BOUND+DANGER_CHECK,0.0549,0.2727,0.5396,0.3153,0.4708,0.0222
very_strong,0.7,3,EXTRACT_GIVENS+SOURCE_BOUNDARY+STEP_COMPUTE,0.0549,0.311,0.5174,0.3194,0.5035,0.0167
standard,0.24,6,SOURCE_BOUNDARY+MAP_RELATION+VERIFY_RESULT+COMPARE_AXES+ORIGINAL_TASK_RETURN+DANGER_CHECK,0.0549,0.2904,0.566,0.2903,0.5069,0.0167
saturated,0.95,4,STEP_COMPUTE+VERIFY_RESULT+COMPARE_AXES+ORIGINAL_TASK_RETURN,0.0549,0.3321,0.5486,0.2854,0.6583,0.0111
strong,0.46,6,SOURCE_BOUNDARY+MAP_RELATION+STEP_COMPUTE+COMPARE_AXES+UNCERTAINTY_BOUND+DANGER_CHECK,0.0549,0.2945,0.4701,0.3069,0.5979,0.0111
standard,0.24,6,EXTRACT_GIVENS+SOURCE_BOUNDARY+MAP_RELATION+COMPARE_AXES+UNCERTAINTY_BOUND+DANGER_CHECK,0.0549,0.2807,0.5229,0.3167,0.4826,0.0111
strong,0.46,7,SOURCE_BOUNDARY+MAP_RELATION+UNIT_TRACK+STEP_COMPUTE+COMPARE_AXES+ORIGINAL_TASK_RETURN+DANGER_CHECK,0.0549,0.2954,0.4771,0.2938,0.7125,0.0056
strong,0.46,4,EXTRACT_GIVENS+SOURCE_BOUNDARY+UNCERTAINTY_BOUND+ORIGINAL_TASK_RETURN,0.0549,0.2894,0.5472,0.3083,0.4861,0.0056
very_strong,0.7,3,EXTRACT_GIVENS+UNIT_TRACK+DANGER_CHECK,0.0549,0.3074,0.5285,0.3153,0.5174,0.0
saturated,0.95,3,SOURCE_BOUNDARY+UNIT_TRACK+VERIFY_RESULT,0.0549,0.2993,0.509,0.3257,0.5986,0.0
strong,0.46,4,EXTRACT_GIVENS+COMPARE_AXES+ORIGINAL_TASK_RETURN+DANGER_CHECK,0.0549,0.2842,0.5597,0.3326,0.5361,0.0
standard,0.24,5,EXTRACT_GIVENS+MAP_RELATION+COMPARE_AXES+UNCERTAINTY_BOUND+DANGER_CHECK,0.0549,0.2698,0.5174,0.3069,0.4583,0.0
standard,0.24,8,SOURCE_BOUNDARY+UNIT_TRACK+STEP_COMPUTE+VERIFY_RESULT+COMPARE_AXES+UNCERTAINTY_BOUND+ORIGINAL_TASK_RETURN+DANGER_CHECK,0.0542,0.2933,0.5563,0.3049,0.6222,0.0167
strong,0.46,3,UNIT_TRACK+VERIFY_RESULT+DANGER_CHECK,0.0542,0.2676,0.5146,0.3215,0.491,0.0167
strong,0.46,6,EXTRACT_GIVENS+SOURCE_BOUNDARY+MAP_RELATION+UNIT_TRACK+COMPARE_AXES+ORIGINAL_TASK_RETURN,0.0542,0.3021,0.5257,0.3403,0.6417,0.0111
very_strong,0.7,4,SOURCE_BOUNDARY+MAP_RELATION+STEP_COMPUTE+UNCERTAINTY_BOUND,0.0542,0.2944,0.4486,0.3451,0.5576,0.0111
strong,0.46,5,EXTRACT_GIVENS+SOURCE_BOUNDARY+UNIT_TRACK+COMPARE_AXES+DANGER_CHECK,0.0542,0.274,0.5181,0.3438,0.6146,0.0111
strong,0.46,4,MAP_RELATION+VERIFY_RESULT+COMPARE_AXES+ORIGINAL_TASK_RETURN,0.0542,0.3182,0.566,0.2951,0.4847,0.0056
strong,0.46,3,STEP_COMPUTE+VERIFY_RESULT+DANGER_CHECK,0.0542,0.3102,0.5611,0.2958,0.4465,0.0056
strong,0.46,5,SOURCE_BOUNDARY+MAP_RELATION+UNIT_TRACK+STEP_COMPUTE+DANGER_CHECK,0.0542,0.2716,0.4819,0.3465,0.6215,0.0056
strong,0.46,4,SOURCE_BOUNDARY+VERIFY_RESULT+COMPARE_AXES+ORIGINAL_TASK_RETURN,0.0542,0.2586,0.4958,0.3396,0.5743,0.0056
very_strong,0.7,4,STEP_COMPUTE+COMPARE_AXES+UNCERTAINTY_BOUND+DANGER_CHECK,0.0542,0.2482,0.4354,0.3424,0.6479,0.0056
saturated,0.95,3,STEP_COMPUTE+VERIFY_RESULT+COMPARE_AXES,0.0542,0.3007,0.5097,0.3118,0.6236,0.0
saturated,0.95,4,UNIT_TRACK+STEP_COMPUTE+UNCERTAINTY_BOUND+DANGER_CHECK,0.0542,0.2778,0.5014,0.3438,0.7069,0.0
saturated,0.95,4,UNIT_TRACK+STEP_COMPUTE+ORIGINAL_TASK_RETURN+DANGER_CHECK,0.0542,0.2672,0.5118,0.3403,0.7361,0.0
strong,0.46,5,MAP_RELATION+UNIT_TRACK+COMPARE_AXES+UNCERTAINTY_BOUND+DANGER_CHECK,0.0542,0.2525,0.4618,0.3486,0.5903,0.0
standard,0.24,3,EXTRACT_GIVENS+MAP_RELATION+STEP_COMPUTE,0.0542,0.2273,0.4847,0.3646,0.3646,0.0
standard,0.24,5,EXTRACT_GIVENS+SOURCE_BOUNDARY+VERIFY_RESULT+COMPARE_AXES+UNCERTAINTY_BOUND,0.0535,0.2953,0.5819,0.316,0.4465,0.0167
saturated,0.95,3,EXTRACT_GIVENS+UNIT_TRACK+DANGER_CHECK,0.0535,0.3113,0.5472,0.3132,0.5333,0.0111
saturated,0.95,4,EXTRACT_GIVENS+SOURCE_BOUNDARY+UNIT_TRACK+ORIGINAL_TASK_RETURN,0.0535,0.3009,0.5507,0.3278,0.6931,0.0111
standard,0.24,5,EXTRACT_GIVENS+MAP_RELATION+UNIT_TRACK+ORIGINAL_TASK_RETURN+DANGER_CHECK,0.0535,0.2784,0.5806,0.3125,0.4521,0.0111
saturated,0.95,4,SOURCE_BOUNDARY+STEP_COMPUTE+ORIGINAL_TASK_RETURN+DANGER_CHECK,0.0535,0.2677,0.5201,0.3285,0.7132,0.0111
standard,0.24,3,EXTRACT_GIVENS+UNIT_TRACK+VERIFY_RESULT,0.0535,0.2565,0.5618,0.3312,0.384,0.0111
strong,0.46,4,EXTRACT_GIVENS+SOURCE_BOUNDARY+MAP_RELATION+ORIGINAL_TASK_RETURN,0.0535,0.3084,0.5389,0.3056,0.4778,0.0056
very_strong,0.7,3,MAP_RELATION+UNCERTAINTY_BOUND+DANGER_CHECK,0.0535,0.2915,0.4868,0.3132,0.4424,0.0056
strong,0.46,3,SOURCE_BOUNDARY+STEP_COMPUTE+VERIFY_RESULT,0.0535,0.2767,0.4826,0.3285,0.4611,0.0056
very_strong,0.7,3,EXTRACT_GIVENS+STEP_COMPUTE+COMPARE_AXES,0.0535,0.2778,0.4799,0.3688,0.5542,0.0
standard,0.24,4,MAP_RELATION+STEP_COMPUTE+VERIFY_RESULT+UNCERTAINTY_BOUND,0.0535,0.2698,0.5097,0.3049,0.3931,0.0
strong,0.46,4,EXTRACT_GIVENS+SOURCE_BOUNDARY+COMPARE_AXES+DANGER_CHECK,0.0535,0.2687,0.5062,0.3667,0.5556,0.0
very_strong,0.7,5,UNIT_TRACK+COMPARE_AXES+UNCERTAINTY_BOUND+ORIGINAL_TASK_RETURN+DANGER_CHECK,0.0535,0.2553,0.4694,0.3375,0.7264,0.0
strong,0.46,3,MAP_RELATION+STEP_COMPUTE+DANGER_CHECK,0.0535,0.2492,0.4792,0.3201,0.466,0.0
very_strong,0.7,3,SOURCE_BOUNDARY+ORIGINAL_TASK_RETURN+DANGER_CHECK,0.0535,0.2253,0.5,0.3757,0.6042,0.0
standard,0.24,5,STEP_COMPUTE+VERIFY_RESULT+UNCERTAINTY_BOUND+ORIGINAL_TASK_RETURN+DANGER_CHECK,0.0528,0.2995,0.6056,0.2806,0.4743,0.0167
standard,0.24,5,EXTRACT_GIVENS+UNIT_TRACK+VERIFY_RESULT+COMPARE_AXES+ORIGINAL_TASK_RETURN,0.0528,0.2665,0.5729,0.3299,0.5208,0.0167
standard,0.24,6,SOURCE_BOUNDARY+MAP_RELATION+UNIT_TRACK+VERIFY_RESULT+UNCERTAINTY_BOUND+DANGER_CHECK,0.0528,0.3034,0.5521,0.2944,0.4437,0.0056
standard,0.24,6,EXTRACT_GIVENS+SOURCE_BOUNDARY+MAP_RELATION+UNIT_TRACK+ORIGINAL_TASK_RETURN+DANGER_CHECK,0.0528,0.2818,0.5826,0.309,0.4993,0.0056
saturated,0.95,6,SOURCE_BOUNDARY+UNIT_TRACK+STEP_COMPUTE+COMPARE_AXES+ORIGINAL_TASK_RETURN+DANGER_CHECK,0.0528,0.2788,0.4944,0.3139,0.9694,0.0056
saturated,0.95,3,EXTRACT_GIVENS+UNIT_TRACK+ORIGINAL_TASK_RETURN,0.0528,0.27,0.5375,0.3264,0.5931,0.0056
standard,0.24,6,SOURCE_BOUNDARY+VERIFY_RESULT+COMPARE_AXES+UNCERTAINTY_BOUND+ORIGINAL_TASK_RETURN+DANGER_CHECK,0.0528,0.2677,0.5306,0.3104,0.5507,0.0056
standard,0.24,7,SOURCE_BOUNDARY+UNIT_TRACK+VERIFY_RESULT+COMPARE_AXES+UNCERTAINTY_BOUND+ORIGINAL_TASK_RETURN+DANGER_CHECK,0.0528,0.2608,0.534,0.309,0.5736,0.0056
saturated,0.95,3,EXTRACT_GIVENS+STEP_COMPUTE+COMPARE_AXES,0.0528,0.3041,0.5229,0.3486,0.5743,0.0
strong,0.46,3,MAP_RELATION+VERIFY_RESULT+ORIGINAL_TASK_RETURN,0.0528,0.2995,0.5597,0.3271,0.4208,0.0
standard,0.24,4,MAP_RELATION+VERIFY_RESULT+ORIGINAL_TASK_RETURN+DANGER_CHECK,0.0528,0.2965,0.5924,0.2764,0.4132,0.0
saturated,0.95,3,SOURCE_BOUNDARY+MAP_RELATION+STEP_COMPUTE,0.0528,0.2646,0.441,0.3451,0.6083,0.0
standard,0.24,5,MAP_RELATION+STEP_COMPUTE+VERIFY_RESULT+COMPARE_AXES+UNCERTAINTY_BOUND,0.0528,0.2596,0.4972,0.3431,0.4535,0.0
saturated,0.95,4,UNIT_TRACK+COMPARE_AXES+UNCERTAINTY_BOUND+DANGER_CHECK,0.0528,0.2283,0.4521,0.3438,0.7472,0.0
very_strong,0.7,4,SOURCE_BOUNDARY+MAP_RELATION+UNCERTAINTY_BOUND+DANGER_CHECK,0.0521,0.3283,0.5104,0.284,0.5104,0.0222
standard,0.24,7,EXTRACT_GIVENS+SOURCE_BOUNDARY+MAP_RELATION+UNIT_TRACK+UNCERTAINTY_BOUND+ORIGINAL_TASK_RETURN+DANGER_CHECK,0.0521,0.3009,0.5687,0.2806,0.5201,0.0222
strong,0.46,5,SOURCE_BOUNDARY+STEP_COMPUTE+VERIFY_RESULT+COMPARE_AXES+UNCERTAINTY_BOUND,0.0521,0.2971,0.4868,0.3229,0.5465,0.0222
standard,0.24,6,EXTRACT_GIVENS+SOURCE_BOUNDARY+UNIT_TRACK+VERIFY_RESULT+COMPARE_AXES+ORIGINAL_TASK_RETURN,0.0521,0.2941,0.5799,0.2792,0.5139,0.0222
standard,0.24,6,EXTRACT_GIVENS+MAP_RELATION+UNIT_TRACK+UNCERTAINTY_BOUND+ORIGINAL_TASK_RETURN+DANGER_CHECK,0.0521,0.2969,0.5708,0.2917,0.4847,0.0167
standard,0.24,8,EXTRACT_GIVENS+SOURCE_BOUNDARY+UNIT_TRACK+STEP_COMPUTE+COMPARE_AXES+UNCERTAINTY_BOUND+ORIGINAL_TASK_RETURN+DANGER_CHECK,0.0521,0.2746,0.5535,0.3319,0.6285,0.0167
very_strong,0.7,4,SOURCE_BOUNDARY+STEP_COMPUTE+VERIFY_RESULT+COMPARE_AXES,0.0521,0.3058,0.4896,0.3278,0.6549,0.0111
strong,0.46,4,SOURCE_BOUNDARY+VERIFY_RESULT+COMPARE_AXES+UNCERTAINTY_BOUND,0.0521,0.2769,0.4979,0.3257,0.5201,0.0111
standard,0.24,7,EXTRACT_GIVENS+UNIT_TRACK+STEP_COMPUTE+COMPARE_AXES+UNCERTAINTY_BOUND+ORIGINAL_TASK_RETURN+DANGER_CHECK,0.0521,0.268,0.5604,0.3243,0.6111,0.0111
strong,0.46,4,MAP_RELATION+UNCERTAINTY_BOUND+ORIGINAL_TASK_RETURN+DANGER_CHECK,0.0521,0.2612,0.4694,0.3069,0.5062,0.0111
strong,0.46,4,EXTRACT_GIVENS+UNIT_TRACK+ORIGINAL_TASK_RETURN+DANGER_CHECK,0.0521,0.2947,0.5861,0.3076,0.5424,0.0056
saturated,0.95,4,MAP_RELATION+COMPARE_AXES+ORIGINAL_TASK_RETURN+DANGER_CHECK,0.0521,0.2845,0.5229,0.3222,0.6382,0.0056
standard,0.24,5,EXTRACT_GIVENS+MAP_RELATION+UNIT_TRACK+UNCERTAINTY_BOUND+DANGER_CHECK,0.0521,0.278,0.5542,0.3243,0.4347,0.0056
strong,0.46,3,SOURCE_BOUNDARY+VERIFY_RESULT+ORIGINAL_TASK_RETURN,0.0521,0.2654,0.5347,0.3382,0.5007,0.0056
saturated,0.95,4,EXTRACT_GIVENS+SOURCE_BOUNDARY+STEP_COMPUTE+COMPARE_AXES,0.0521,0.3174,0.5104,0.3271,0.734,0.0
strong,0.46,4,SOURCE_BOUNDARY+UNIT_TRACK+VERIFY_RESULT+ORIGINAL_TASK_RETURN,0.0521,0.2696,0.5201,0.3396,0.525,0.0
very_strong,0.7,3,COMPARE_AXES+UNCERTAINTY_BOUND+DANGER_CHECK,0.0521,0.2148,0.4632,0.3743,0.6,0.0
saturated,0.95,3,VERIFY_RESULT+COMPARE_AXES+DANGER_CHECK,0.0514,0.3307,0.5549,0.2674,0.5437,0.0167
standard,0.24,6,EXTRACT_GIVENS+UNIT_TRACK+VERIFY_RESULT+COMPARE_AXES+UNCERTAINTY_BOUND+ORIGINAL_TASK_RETURN,0.0514,0.2927,0.566,0.2917,0.4833,0.0167
standard,0.24,7,EXTRACT_GIVENS+SOURCE_BOUNDARY+MAP_RELATION+UNIT_TRACK+COMPARE_AXES+UNCERTAINTY_BOUND+DANGER_CHECK,0.0514,0.2729,0.5222,0.3278,0.5132,0.0167
standard,0.24,7,UNIT_TRACK+STEP_COMPUTE+VERIFY_RESULT+COMPARE_AXES+UNCERTAINTY_BOUND+ORIGINAL_TASK_RETURN+DANGER_CHECK,0.0514,0.2677,0.516,0.2972,0.5694,0.0167
standard,0.24,5,MAP_RELATION+VERIFY_RESULT+COMPARE_AXES+ORIGINAL_TASK_RETURN+DANGER_CHECK,0.0514,0.2811,0.5569,0.2826,0.5076,0.0111
saturated,0.95,6,SOURCE_BOUNDARY+MAP_RELATION+UNIT_TRACK+COMPARE_AXES+UNCERTAINTY_BOUND+ORIGINAL_TASK_RETURN,0.0514,0.3156,0.4965,0.3014,0.8604,0.0056
strong,0.46,5,EXTRACT_GIVENS+SOURCE_BOUNDARY+UNIT_TRACK+UNCERTAINTY_BOUND+ORIGINAL_TASK_RETURN,0.0514,0.2855,0.5146,0.3306,0.5375,0.0056
standard,0.24,7,EXTRACT_GIVENS+SOURCE_BOUNDARY+MAP_RELATION+STEP_COMPUTE+COMPARE_AXES+ORIGINAL_TASK_RETURN+DANGER_CHECK,0.0514,0.282,0.5799,0.3028,0.5306,0.0056
saturated,0.95,4,SOURCE_BOUNDARY+MAP_RELATION+STEP_COMPUTE+DANGER_CHECK,0.0514,0.3415,0.5396,0.3049,0.6292,0.0
very_strong,0.7,5,SOURCE_BOUNDARY+MAP_RELATION+STEP_COMPUTE+COMPARE_AXES+DANGER_CHECK,0.0514,0.3237,0.4924,0.3139,0.675,0.0
strong,0.46,3,VERIFY_RESULT+ORIGINAL_TASK_RETURN+DANGER_CHECK,0.0514,0.3055,0.5931,0.2833,0.4681,0.0
standard,0.24,4,EXTRACT_GIVENS+MAP_RELATION+STEP_COMPUTE+UNCERTAINTY_BOUND,0.0514,0.2622,0.4944,0.3458,0.384,0.0
very_strong,0.7,5,SOURCE_BOUNDARY+MAP_RELATION+UNIT_TRACK+STEP_COMPUTE+COMPARE_AXES,0.0514,0.2585,0.4174,0.3681,0.7583,0.0
strong,0.46,2,STEP_COMPUTE+VERIFY_RESULT,0.0514,0.2506,0.4944,0.3333,0.4139,0.0
standard,0.24,6,EXTRACT_GIVENS+MAP_RELATION+STEP_COMPUTE+COMPARE_AXES+UNCERTAINTY_BOUND+ORIGINAL_TASK_RETURN,0.0514,0.2475,0.4979,0.3465,0.4819,0.0
standard,0.24,3,EXTRACT_GIVENS+VERIFY_RESULT+DANGER_CHECK,0.0507,0.3051,0.6111,0.2736,0.3444,0.0278
standard,0.24,6,EXTRACT_GIVENS+SOURCE_BOUNDARY+MAP_RELATION+COMPARE_AXES+ORIGINAL_TASK_RETURN+DANGER_CHECK,0.0507,0.2838,0.5687,0.3118,0.534,0.0278
standard,0.24,8,EXTRACT_GIVENS+SOURCE_BOUNDARY+MAP_RELATION+UNIT_TRACK+COMPARE_AXES+UNCERTAINTY_BOUND+ORIGINAL_TASK_RETURN+DANGER_CHECK,0.0507,0.289,0.5528,0.3021,0.5833,0.0222
saturated,0.95,5,SOURCE_BOUNDARY+UNIT_TRACK+STEP_COMPUTE+UNCERTAINTY_BOUND+DANGER_CHECK,0.0507,0.3183,0.5028,0.3146,0.7875,0.0167
standard,0.24,4,MAP_RELATION+VERIFY_RESULT+UNCERTAINTY_BOUND+DANGER_CHECK,0.0507,0.2908,0.5563,0.275,0.3625,0.0167
standard,0.24,5,EXTRACT_GIVENS+SOURCE_BOUNDARY+MAP_RELATION+ORIGINAL_TASK_RETURN+DANGER_CHECK,0.0507,0.2888,0.6076,0.3083,0.4604,0.0167
standard,0.24,6,STEP_COMPUTE+VERIFY_RESULT+COMPARE_AXES+UNCERTAINTY_BOUND+ORIGINAL_TASK_RETURN+DANGER_CHECK,0.0507,0.2833,0.5736,0.3028,0.491,0.0167
standard,0.24,6,EXTRACT_GIVENS+SOURCE_BOUNDARY+MAP_RELATION+UNIT_TRACK+UNCERTAINTY_BOUND+DANGER_CHECK,0.0507,0.2807,0.5521,0.2938,0.4799,0.0167
saturated,0.95,2,VERIFY_RESULT+UNCERTAINTY_BOUND,0.0507,0.2905,0.5028,0.2979,0.391,0.0111
standard,0.24,8,SOURCE_BOUNDARY+MAP_RELATION+UNIT_TRACK+STEP_COMPUTE+VERIFY_RESULT+COMPARE_AXES+UNCERTAINTY_BOUND+ORIGINAL_TASK_RETURN,0.0507,0.2706,0.4965,0.3104,0.5764,0.0111
strong,0.46,6,SOURCE_BOUNDARY+UNIT_TRACK+STEP_COMPUTE+UNCERTAINTY_BOUND+ORIGINAL_TASK_RETURN+DANGER_CHECK,0.0507,0.2659,0.491,0.3215,0.6736,0.0111
very_strong,0.7,3,VERIFY_RESULT+UNCERTAINTY_BOUND+ORIGINAL_TASK_RETURN,0.0507,0.3166,0.559,0.2854,0.4229,0.0056
strong,0.46,5,SOURCE_BOUNDARY+MAP_RELATION+UNCERTAINTY_BOUND+ORIGINAL_TASK_RETURN+DANGER_CHECK,0.0507,0.2935,0.516,0.3125,0.5215,0.0056
very_strong,0.7,3,MAP_RELATION+ORIGINAL_TASK_RETURN+DANGER_CHECK,0.0507,0.2742,0.5153,0.3049,0.5153,0.0056
strong,0.46,4,SOURCE_BOUNDARY+MAP_RELATION+VERIFY_RESULT+COMPARE_AXES,0.0507,0.2916,0.516,0.3181,0.5299,0.0
very_strong,0.7,4,MAP_RELATION+UNIT_TRACK+COMPARE_AXES+DANGER_CHECK,0.0507,0.2603,0.4924,0.3639,0.6813,0.0
standard,0.24,5,SOURCE_BOUNDARY+UNIT_TRACK+STEP_COMPUTE+VERIFY_RESULT+ORIGINAL_TASK_RETURN,0.0507,0.2463,0.5208,0.3347,0.55,0.0
strong,0.46,4,MAP_RELATION+STEP_COMPUTE+UNCERTAINTY_BOUND+ORIGINAL_TASK_RETURN,0.0507,0.2455,0.4576,0.3479,0.5188,0.0
standard,0.24,6,EXTRACT_GIVENS+SOURCE_BOUNDARY+STEP_COMPUTE+UNCERTAINTY_BOUND+ORIGINAL_TASK_RETURN+DANGER_CHECK,0.05,0.282,0.5681,0.3042,0.4646,0.0167
standard,0.24,6,EXTRACT_GIVENS+SOURCE_BOUNDARY+UNIT_TRACK+VERIFY_RESULT+COMPARE_AXES+UNCERTAINTY_BOUND,0.05,0.2819,0.5424,0.316,0.4931,0.0167
standard,0.24,4,EXTRACT_GIVENS+UNIT_TRACK+VERIFY_RESULT+ORIGINAL_TASK_RETURN,0.05,0.278,0.5903,0.3229,0.3854,0.0111
standard,0.24,7,EXTRACT_GIVENS+SOURCE_BOUNDARY+MAP_RELATION+UNIT_TRACK+STEP_COMPUTE+COMPARE_AXES+DANGER_CHECK,0.05,0.274,0.525,0.3354,0.5431,0.0111
standard,0.24,5,MAP_RELATION+STEP_COMPUTE+VERIFY_RESULT+COMPARE_AXES+ORIGINAL_TASK_RETURN,0.05,0.2594,0.5361,0.3118,0.4938,0.0111
very_strong,0.7,5,UNIT_TRACK+STEP_COMPUTE+UNCERTAINTY_BOUND+ORIGINAL_TASK_RETURN+DANGER_CHECK,0.05,0.298,0.5042,0.3097,0.6757,0.0056
standard,0.24,5,EXTRACT_GIVENS+SOURCE_BOUNDARY+MAP_RELATION+UNCERTAINTY_BOUND+DANGER_CHECK,0.05,0.2859,0.5583,0.3,0.4153,0.0056
strong,0.46,6,EXTRACT_GIVENS+SOURCE_BOUNDARY+UNIT_TRACK+STEP_COMPUTE+COMPARE_AXES+ORIGINAL_TASK_RETURN,0.05,0.271,0.5014,0.3535,0.684,0.0056
strong,0.46,5,MAP_RELATION+STEP_COMPUTE+COMPARE_AXES+UNCERTAINTY_BOUND+ORIGINAL_TASK_RETURN,0.05,0.2534,0.4507,0.3271,0.6035,0.0056
saturated,0.95,3,EXTRACT_GIVENS+SOURCE_BOUNDARY+STEP_COMPUTE,0.05,0.3237,0.5278,0.3097,0.5611,0.0
standard,0.24,4,EXTRACT_GIVENS+SOURCE_BOUNDARY+STEP_COMPUTE+VERIFY_RESULT,0.05,0.2867,0.5486,0.3229,0.4146,0.0
strong,0.46,4,MAP_RELATION+STEP_COMPUTE+ORIGINAL_TASK_RETURN+DANGER_CHECK,0.05,0.2852,0.5312,0.2924,0.4965,0.0
standard,0.24,6,SOURCE_BOUNDARY+STEP_COMPUTE+VERIFY_RESULT+COMPARE_AXES+ORIGINAL_TASK_RETURN+DANGER_CHECK,0.0493,0.2729,0.5743,0.3035,0.5444,0.0167
standard,0.24,4,MAP_RELATION+UNIT_TRACK+VERIFY_RESULT+DANGER_CHECK,0.0493,0.2664,0.5229,0.2958,0.425,0.0111
standard,0.24,7,EXTRACT_GIVENS+SOURCE_BOUNDARY+STEP_COMPUTE+COMPARE_AXES+UNCERTAINTY_BOUND+ORIGINAL_TASK_RETURN+DANGER_CHECK,0.0493,0.2653,0.5451,0.3063,0.5465,0.0111
standard,0.24,6,EXTRACT_GIVENS+UNIT_TRACK+STEP_COMPUTE+UNCERTAINTY_BOUND+ORIGINAL_TASK_RETURN+DANGER_CHECK,0.0493,0.2768,0.5743,0.2944,0.5167,0.0056
strong,0.46,4,SOURCE_BOUNDARY+MAP_RELATION+STEP_COMPUTE+DANGER_CHECK,0.0493,0.266,0.4889,0.3396,0.5326,0.0056
standard,0.24,6,SOURCE_BOUNDARY+MAP_RELATION+STEP_COMPUTE+VERIFY_RESULT+COMPARE_AXES+ORIGINAL_TASK_RETURN,0.0493,0.2592,0.5264,0.3382,0.5111,0.0056
standard,0.24,6,EXTRACT_GIVENS+SOURCE_BOUNDARY+STEP_COMPUTE+COMPARE_AXES+UNCERTAINTY_BOUND+DANGER_CHECK,0.0493,0.249,0.5111,0.35,0.5181,0.0056
strong,0.46,4,UNIT_TRACK+VERIFY_RESULT+COMPARE_AXES+UNCERTAINTY_BOUND,0.0493,0.2429,0.4535,0.3451,0.5465,0.0056
standard,0.24,4,EXTRACT_GIVENS+UNIT_TRACK+STEP_COMPUTE+DANGER_CHECK,0.0493,0.2399,0.534,0.3458,0.4715,0.0056
standard,0.24,5,EXTRACT_GIVENS+SOURCE_BOUNDARY+VERIFY_RESULT+COMPARE_AXES+DANGER_CHECK,0.0493,0.318,0.6146,0.284,0.4924,0.0
very_strong,0.7,4,UNIT_TRACK+STEP_COMPUTE+UNCERTAINTY_BOUND+DANGER_CHECK,0.0493,0.2906,0.484,0.3167,0.6236,0.0
standard,0.24,8,EXTRACT_GIVENS+SOURCE_BOUNDARY+MAP_RELATION+UNIT_TRACK+STEP_COMPUTE+COMPARE_AXES+UNCERTAINTY_BOUND+ORIGINAL_TASK_RETURN,0.0493,0.2751,0.5083,0.3167,0.5806,0.0
strong,0.46,4,SOURCE_BOUNDARY+UNIT_TRACK+VERIFY_RESULT+UNCERTAINTY_BOUND,0.0493,0.2728,0.4861,0.3181,0.5285,0.0
standard,0.24,6,EXTRACT_GIVENS+SOURCE_BOUNDARY+COMPARE_AXES+UNCERTAINTY_BOUND+ORIGINAL_TASK_RETURN+DANGER_CHECK,0.0493,0.2687,0.5326,0.3104,0.5333,0.0
very_strong,0.7,4,MAP_RELATION+STEP_COMPUTE+COMPARE_AXES+ORIGINAL_TASK_RETURN,0.0493,0.2598,0.4681,0.3604,0.6396,0.0
very_strong,0.7,3,MAP_RELATION+UNIT_TRACK+DANGER_CHECK,0.0493,0.2576,0.484,0.3264,0.5542,0.0
strong,0.46,7,SOURCE_BOUNDARY+UNIT_TRACK+STEP_COMPUTE+COMPARE_AXES+UNCERTAINTY_BOUND+ORIGINAL_TASK_RETURN+DANGER_CHECK,0.0493,0.2538,0.4611,0.3424,0.7681,0.0
standard,0.24,4,MAP_RELATION+UNIT_TRACK+VERIFY_RESULT+ORIGINAL_TASK_RETURN,0.0493,0.2444,0.5201,0.325,0.4528,0.0
standard,0.24,5,EXTRACT_GIVENS+SOURCE_BOUNDARY+MAP_RELATION+UNIT_TRACK+UNCERTAINTY_BOUND,0.0493,0.2323,0.4722,0.3576,0.4771,0.0
very_strong,0.7,2,MAP_RELATION+STEP_COMPUTE,0.0493,0.2294,0.416,0.391,0.4618,0.0
saturated,0.95,5,SOURCE_BOUNDARY+UNIT_TRACK+COMPARE_AXES+ORIGINAL_TASK_RETURN+DANGER_CHECK,0.0493,0.2234,0.4403,0.3931,0.8674,0.0
strong,0.46,4,MAP_RELATION+UNIT_TRACK+STEP_COMPUTE+COMPARE_AXES,0.0493,0.2011,0.3903,0.4222,0.5882,0.0
saturated,0.95,3,EXTRACT_GIVENS+SOURCE_BOUNDARY+ORIGINAL_TASK_RETURN,0.0486,0.2952,0.5444,0.3076,0.5375,0.0111
very_strong,0.7,6,SOURCE_BOUNDARY+UNIT_TRACK+STEP_COMPUTE+COMPARE_AXES+UNCERTAINTY_BOUND+DANGER_CHECK,0.0486,0.2932,0.4514,0.3375,0.8063,0.0111
strong,0.46,3,VERIFY_RESULT+UNCERTAINTY_BOUND+ORIGINAL_TASK_RETURN,0.0486,0.274,0.5236,0.2812,0.4597,0.0111
standard,0.24,4,EXTRACT_GIVENS+MAP_RELATION+ORIGINAL_TASK_RETURN+DANGER_CHECK,0.0486,0.2711,0.5944,0.309,0.4368,0.0111
standard,0.24,6,EXTRACT_GIVENS+SOURCE_BOUNDARY+STEP_COMPUTE+VERIFY_RESULT+COMPARE_AXES+ORIGINAL_TASK_RETURN,0.0486,0.3067,0.5861,0.2847,0.4861,0.0056
standard,0.24,6,SOURCE_BOUNDARY+UNIT_TRACK+VERIFY_RESULT+UNCERTAINTY_BOUND+ORIGINAL_TASK_RETURN+DANGER_CHECK,0.0486,0.2891,0.5757,0.2667,0.5458,0.0056
standard,0.24,5,EXTRACT_GIVENS+SOURCE_BOUNDARY+UNIT_TRACK+VERIFY_RESULT+ORIGINAL_TASK_RETURN,0.0486,0.2884,0.5757,0.2917,0.4854,0.0056
standard,0.24,4,EXTRACT_GIVENS+SOURCE_BOUNDARY+VERIFY_RESULT+ORIGINAL_TASK_RETURN,0.0486,0.2862,0.5951,0.3083,0.4125,0.0056
strong,0.46,5,SOURCE_BOUNDARY+UNIT_TRACK+VERIFY_RESULT+COMPARE_AXES+ORIGINAL_TASK_RETURN,0.0486,0.2673,0.4951,0.3264,0.6507,0.0056
standard,0.24,3,EXTRACT_GIVENS+SOURCE_BOUNDARY+VERIFY_RESULT,0.0486,0.2641,0.5444,0.3181,0.3653,0.0056
strong,0.46,6,SOURCE_BOUNDARY+MAP_RELATION+UNIT_TRACK+STEP_COMPUTE+COMPARE_AXES+DANGER_CHECK,0.0486,0.263,0.4597,0.3576,0.7076,0.0056
standard,0.24,5,UNIT_TRACK+STEP_COMPUTE+VERIFY_RESULT+UNCERTAINTY_BOUND+ORIGINAL_TASK_RETURN,0.0486,0.2516,0.4868,0.3042,0.4785,0.0056
strong,0.46,5,SOURCE_BOUNDARY+MAP_RELATION+UNIT_TRACK+VERIFY_RESULT+COMPARE_AXES,0.0486,0.2938,0.4951,0.3146,0.6104,0.0
standard,0.24,5,EXTRACT_GIVENS+MAP_RELATION+STEP_COMPUTE+UNCERTAINTY_BOUND+ORIGINAL_TASK_RETURN,0.0486,0.2734,0.5451,0.3167,0.4257,0.0
saturated,0.95,4,SOURCE_BOUNDARY+MAP_RELATION+UNIT_TRACK+ORIGINAL_TASK_RETURN,0.0486,0.253,0.4618,0.3222,0.7118,0.0
strong,0.46,3,EXTRACT_GIVENS+SOURCE_BOUNDARY+UNCERTAINTY_BOUND,0.0486,0.252,0.4889,0.3597,0.4931,0.0
standard,0.24,5,EXTRACT_GIVENS+MAP_RELATION+UNIT_TRACK+UNCERTAINTY_BOUND+ORIGINAL_TASK_RETURN,0.0486,0.2476,0.5181,0.3285,0.4535,0.0
strong,0.46,4,SOURCE_BOUNDARY+UNCERTAINTY_BOUND+ORIGINAL_TASK_RETURN+DANGER_CHECK,0.0486,0.2358,0.491,0.35,0.5646,0.0
strong,0.46,4,SOURCE_BOUNDARY+MAP_RELATION+UNIT_TRACK+STEP_COMPUTE,0.0486,0.2206,0.4243,0.3931,0.5771,0.0
standard,0.24,5,EXTRACT_GIVENS+SOURCE_BOUNDARY+STEP_COMPUTE+UNCERTAINTY_BOUND+DANGER_CHECK,0.0479,0.2579,0.5306,0.3243,0.4549,0.0222
strong,0.46,4,EXTRACT_GIVENS+SOURCE_BOUNDARY+STEP_COMPUTE+ORIGINAL_TASK_RETURN,0.0479,0.2747,0.5243,0.3306,0.5312,0.0111
standard,0.24,4,MAP_RELATION+VERIFY_RESULT+UNCERTAINTY_BOUND+ORIGINAL_TASK_RETURN,0.0479,0.2734,0.5576,0.2847,0.4125,0.0111
strong,0.46,5,SOURCE_BOUNDARY+STEP_COMPUTE+UNCERTAINTY_BOUND+ORIGINAL_TASK_RETURN+DANGER_CHECK,0.0479,0.2707,0.4986,0.3139,0.6139,0.0111
strong,0.46,5,SOURCE_BOUNDARY+MAP_RELATION+COMPARE_AXES+UNCERTAINTY_BOUND+DANGER_CHECK,0.0479,0.2542,0.4646,0.3535,0.5819,0.0111
strong,0.46,4,EXTRACT_GIVENS+SOURCE_BOUNDARY+UNIT_TRACK+DANGER_CHECK,0.0479,0.2831,0.5382,0.3403,0.5326,0.0
strong,0.46,3,EXTRACT_GIVENS+STEP_COMPUTE+ORIGINAL_TASK_RETURN,0.0479,0.2617,0.5229,0.3382,0.4514,0.0
strong,0.46,4,EXTRACT_GIVENS+SOURCE_BOUNDARY+UNIT_TRACK+UNCERTAINTY_BOUND,0.0479,0.2534,0.4889,0.3639,0.5382,0.0
standard,0.24,4,MAP_RELATION+UNIT_TRACK+VERIFY_RESULT+UNCERTAINTY_BOUND,0.0479,0.2384,0.4868,0.3451,0.4208,0.0
standard,0.24,4,EXTRACT_GIVENS+MAP_RELATION+STEP_COMPUTE+COMPARE_AXES,0.0479,0.2324,0.5097,0.3944,0.4396,0.0
standard,0.24,4,EXTRACT_GIVENS+VERIFY_RESULT+COMPARE_AXES+ORIGINAL_TASK_RETURN,0.0472,0.278,0.5931,0.3306,0.425,0.0278
saturated,0.95,2,VERIFY_RESULT+DANGER_CHECK,0.0472,0.3192,0.5521,0.2618,0.4257,0.0167
standard,0.24,6,MAP_RELATION+UNIT_TRACK+VERIFY_RESULT+COMPARE_AXES+UNCERTAINTY_BOUND+DANGER_CHECK,0.0472,0.2734,0.5201,0.2868,0.5007,0.0167
standard,0.24,5,EXTRACT_GIVENS+SOURCE_BOUNDARY+UNCERTAINTY_BOUND+ORIGINAL_TASK_RETURN+DANGER_CHECK,0.0472,0.2579,0.5472,0.3139,0.4938,0.0167
standard,0.24,4,SOURCE_BOUNDARY+MAP_RELATION+VERIFY_RESULT+DANGER_CHECK,0.0472,0.2767,0.534,0.2993,0.3757,0.0111
standard,0.24,6,SOURCE_BOUNDARY+MAP_RELATION+UNIT_TRACK+VERIFY_RESULT+UNCERTAINTY_BOUND+ORIGINAL_TASK_RETURN,0.0472,0.2741,0.5389,0.3063,0.4917,0.0111
strong,0.46,6,MAP_RELATION+UNIT_TRACK+COMPARE_AXES+UNCERTAINTY_BOUND+ORIGINAL_TASK_RETURN+DANGER_CHECK,0.0472,0.2692,0.4722,0.3069,0.6312,0.0111
standard,0.24,5,UNIT_TRACK+STEP_COMPUTE+VERIFY_RESULT+UNCERTAINTY_BOUND+DANGER_CHECK,0.0472,0.2638,0.5333,0.3111,0.4799,0.0111
strong,0.46,7,SOURCE_BOUNDARY+MAP_RELATION+UNIT_TRACK+STEP_COMPUTE+COMPARE_AXES+UNCERTAINTY_BOUND+ORIGINAL_TASK_RETURN,0.0472,0.2605,0.4375,0.3319,0.7097,0.0111
saturated,0.95,2,EXTRACT_GIVENS+DANGER_CHECK,0.0472,0.301,0.5757,0.3111,0.4215,0.0056
saturated,0.95,4,MAP_RELATION+UNIT_TRACK+COMPARE_AXES+DANGER_CHECK,0.0472,0.2671,0.4431,0.3319,0.725,0.0
strong,0.46,4,UNIT_TRACK+VERIFY_RESULT+COMPARE_AXES+DANGER_CHECK,0.0472,0.2663,0.5188,0.3438,0.5639,0.0
standard,0.24,5,SOURCE_BOUNDARY+MAP_RELATION+UNIT_TRACK+VERIFY_RESULT+ORIGINAL_TASK_RETURN,0.0472,0.2484,0.5076,0.341,0.4917,0.0
standard,0.24,5,EXTRACT_GIVENS+STEP_COMPUTE+COMPARE_AXES+UNCERTAINTY_BOUND+DANGER_CHECK,0.0472,0.2472,0.5215,0.3514,0.475,0.0
strong,0.46,3,MAP_RELATION+STEP_COMPUTE+UNCERTAINTY_BOUND,0.0472,0.2297,0.4014,0.341,0.4792,0.0
standard,0.24,4,UNIT_TRACK+STEP_COMPUTE+VERIFY_RESULT+UNCERTAINTY_BOUND,0.0472,0.2188,0.4639,0.3493,0.4778,0.0
standard,0.24,5,EXTRACT_GIVENS+STEP_COMPUTE+UNCERTAINTY_BOUND+ORIGINAL_TASK_RETURN+DANGER_CHECK,0.0465,0.2691,0.5667,0.2931,0.4417,0.0167
strong,0.46,4,STEP_COMPUTE+VERIFY_RESULT+COMPARE_AXES+ORIGINAL_TASK_RETURN,0.0465,0.2638,0.4958,0.3083,0.5583,0.0167
standard,0.24,6,SOURCE_BOUNDARY+MAP_RELATION+STEP_COMPUTE+VERIFY_RESULT+COMPARE_AXES+UNCERTAINTY_BOUND,0.0465,0.2567,0.475,0.3229,0.5097,0.0167
standard,0.24,3,EXTRACT_GIVENS+VERIFY_RESULT+ORIGINAL_TASK_RETURN,0.0465,0.2718,0.5806,0.2944,0.384,0.0111
strong,0.46,5,MAP_RELATION+UNIT_TRACK+UNCERTAINTY_BOUND+ORIGINAL_TASK_RETURN+DANGER_CHECK,0.0465,0.2718,0.5062,0.309,0.5854,0.0111
standard,0.24,5,SOURCE_BOUNDARY+STEP_COMPUTE+VERIFY_RESULT+ORIGINAL_TASK_RETURN+DANGER_CHECK,0.0465,0.2633,0.566,0.3132,0.4833,0.0111
standard,0.24,6,EXTRACT_GIVENS+UNIT_TRACK+COMPARE_AXES+UNCERTAINTY_BOUND+ORIGINAL_TASK_RETURN+DANGER_CHECK,0.0465,0.2518,0.5569,0.3278,0.5375,0.0111
strong,0.46,3,SOURCE_BOUNDARY+MAP_RELATION+VERIFY_RESULT,0.0465,0.3024,0.5243,0.2924,0.434,0.0056
saturated,0.95,5,SOURCE_BOUNDARY+MAP_RELATION+UNIT_TRACK+COMPARE_AXES+DANGER_CHECK,0.0465,0.2953,0.4889,0.3097,0.8542,0.0056
very_strong,0.7,4,UNIT_TRACK+VERIFY_RESULT+COMPARE_AXES+ORIGINAL_TASK_RETURN,0.0465,0.2776,0.5028,0.3042,0.634,0.0056
strong,0.46,3,SOURCE_BOUNDARY+VERIFY_RESULT+UNCERTAINTY_BOUND,0.0465,0.2549,0.4958,0.3569,0.4667,0.0056
standard,0.24,5,EXTRACT_GIVENS+SOURCE_BOUNDARY+MAP_RELATION+UNIT_TRACK+DANGER_CHECK,0.0465,0.2543,0.5264,0.3285,0.4368,0.0056
strong,0.46,3,EXTRACT_GIVENS+COMPARE_AXES+DANGER_CHECK,0.0465,0.254,0.5208,0.3569,0.4813,0.0056
standard,0.24,4,EXTRACT_GIVENS+MAP_RELATION+UNIT_TRACK+DANGER_CHECK,0.0465,0.2534,0.5583,0.3257,0.4535,0.0056
standard,0.24,5,EXTRACT_GIVENS+UNIT_TRACK+STEP_COMPUTE+UNCERTAINTY_BOUND+ORIGINAL_TASK_RETURN,0.0465,0.2383,0.5167,0.341,0.4778,0.0056
strong,0.46,4,MAP_RELATION+COMPARE_AXES+UNCERTAINTY_BOUND+DANGER_CHECK,0.0465,0.2325,0.4569,0.3569,0.5049,0.0056
saturated,0.95,3,UNIT_TRACK+STEP_COMPUTE+DANGER_CHECK,0.0465,0.2286,0.4632,0.3556,0.6667,0.0056
saturated,0.95,4,MAP_RELATION+STEP_COMPUTE+COMPARE_AXES+ORIGINAL_TASK_RETURN,0.0465,0.2779,0.5062,0.3222,0.709,0.0
strong,0.46,5,EXTRACT_GIVENS+UNIT_TRACK+COMPARE_AXES+UNCERTAINTY_BOUND+ORIGINAL_TASK_RETURN,0.0465,0.2723,0.5062,0.3278,0.6132,0.0
standard,0.24,5,EXTRACT_GIVENS+SOURCE_BOUNDARY+MAP_RELATION+STEP_COMPUTE+UNCERTAINTY_BOUND,0.0465,0.2627,0.5188,0.3382,0.4271,0.0
strong,0.46,4,SOURCE_BOUNDARY+MAP_RELATION+ORIGINAL_TASK_RETURN+DANGER_CHECK,0.0465,0.2625,0.5153,0.3326,0.5153,0.0
standard,0.24,5,EXTRACT_GIVENS+MAP_RELATION+STEP_COMPUTE+COMPARE_AXES+UNCERTAINTY_BOUND,0.0465,0.2539,0.4965,0.3681,0.4319,0.0
standard,0.24,4,MAP_RELATION+STEP_COMPUTE+VERIFY_RESULT+COMPARE_AXES,0.0465,0.2272,0.4715,0.3493,0.4389,0.0
standard,0.24,5,SOURCE_BOUNDARY+MAP_RELATION+VERIFY_RESULT+COMPARE_AXES+DANGER_CHECK,0.0458,0.2692,0.5472,0.3139,0.4799,0.0167
standard,0.24,6,EXTRACT_GIVENS+SOURCE_BOUNDARY+UNIT_TRACK+STEP_COMPUTE+ORIGINAL_TASK_RETURN+DANGER_CHECK,0.0458,0.2563,0.5646,0.3139,0.5361,0.0167
strong,0.46,6,SOURCE_BOUNDARY+MAP_RELATION+STEP_COMPUTE+COMPARE_AXES+ORIGINAL_TASK_RETURN+DANGER_CHECK,0.0458,0.2833,0.5257,0.3236,0.6736,0.0111
very_strong,0.7,5,EXTRACT_GIVENS+SOURCE_BOUNDARY+UNIT_TRACK+COMPARE_AXES+ORIGINAL_TASK_RETURN,0.0458,0.2859,0.5028,0.3396,0.7229,0.0056
standard,0.24,6,EXTRACT_GIVENS+SOURCE_BOUNDARY+MAP_RELATION+STEP_COMPUTE+UNCERTAINTY_BOUND+ORIGINAL_TASK_RETURN,0.0458,0.2696,0.5347,0.3167,0.4757,0.0056
very_strong,0.7,6,SOURCE_BOUNDARY+MAP_RELATION+STEP_COMPUTE+COMPARE_AXES+UNCERTAINTY_BOUND+ORIGINAL_TASK_RETURN,0.0458,0.3268,0.4562,0.2826,0.7326,0.0
very_strong,0.7,5,MAP_RELATION+UNIT_TRACK+COMPARE_AXES+ORIGINAL_TASK_RETURN+DANGER_CHECK,0.0458,0.2863,0.5049,0.3368,0.7097,0.0
strong,0.46,5,MAP_RELATION+STEP_COMPUTE+COMPARE_AXES+ORIGINAL_TASK_RETURN+DANGER_CHECK,0.0458,0.2743,0.5125,0.309,0.5979,0.0
saturated,0.95,2,EXTRACT_GIVENS+UNIT_TRACK,0.0458,0.2467,0.4917,0.3493,0.5437,0.0
strong,0.46,4,SOURCE_BOUNDARY+MAP_RELATION+STEP_COMPUTE+UNCERTAINTY_BOUND,0.0458,0.2422,0.4278,0.359,0.5396,0.0
standard,0.24,6,EXTRACT_GIVENS+SOURCE_BOUNDARY+MAP_RELATION+UNIT_TRACK+STEP_COMPUTE+COMPARE_AXES,0.0458,0.2344,0.4646,0.366,0.5229,0.0
standard,0.24,5,EXTRACT_GIVENS+MAP_RELATION+UNIT_TRACK+COMPARE_AXES+UNCERTAINTY_BOUND,0.0458,0.2316,0.484,0.3521,0.4868,0.0
strong,0.46,4,UNIT_TRACK+STEP_COMPUTE+UNCERTAINTY_BOUND+DANGER_CHECK,0.0458,0.2189,0.4528,0.3722,0.5903,0.0
saturated,0.95,3,COMPARE_AXES+UNCERTAINTY_BOUND+DANGER_CHECK,0.0458,0.2148,0.4431,0.3688,0.6167,0.0
saturated,0.95,2,MAP_RELATION+UNIT_TRACK,0.0458,0.2041,0.4021,0.3979,0.5437,0.0
standard,0.24,7,EXTRACT_GIVENS+SOURCE_BOUNDARY+MAP_RELATION+STEP_COMPUTE+COMPARE_AXES+UNCERTAINTY_BOUND+ORIGINAL_TASK_RETURN,0.0451,0.2837,0.5389,0.2882,0.5375,0.0278
standard,0.24,6,SOURCE_BOUNDARY+MAP_RELATION+UNIT_TRACK+VERIFY_RESULT+COMPARE_AXES+DANGER_CHECK,0.0451,0.2697,0.5396,0.3222,0.5333,0.0222
very_strong,0.7,5,SOURCE_BOUNDARY+UNIT_TRACK+STEP_COMPUTE+UNCERTAINTY_BOUND+DANGER_CHECK,0.0451,0.3019,0.4951,0.3167,0.6715,0.0111
very_strong,0.7,3,VERIFY_RESULT+COMPARE_AXES+UNCERTAINTY_BOUND,0.0451,0.2927,0.5181,0.3299,0.4833,0.0111
very_strong,0.7,4,SOURCE_BOUNDARY+MAP_RELATION+UNCERTAINTY_BOUND+ORIGINAL_TASK_RETURN,0.0451,0.267,0.4736,0.3368,0.5826,0.0111
strong,0.46,4,MAP_RELATION+UNIT_TRACK+ORIGINAL_TASK_RETURN+DANGER_CHECK,0.0451,0.2484,0.5139,0.3396,0.5465,0.0111
saturated,0.95,4,SOURCE_BOUNDARY+MAP_RELATION+UNIT_TRACK+DANGER_CHECK,0.0451,0.2903,0.4958,0.3132,0.6653,0.0056
saturated,0.95,5,SOURCE_BOUNDARY+MAP_RELATION+COMPARE_AXES+UNCERTAINTY_BOUND+ORIGINAL_TASK_RETURN,0.0451,0.2864,0.4694,0.3118,0.7375,0.0056
standard,0.24,7,EXTRACT_GIVENS+SOURCE_BOUNDARY+MAP_RELATION+UNIT_TRACK+STEP_COMPUTE+COMPARE_AXES+ORIGINAL_TASK_RETURN,0.0451,0.2504,0.5021,0.3563,0.5667,0.0056
saturated,0.95,5,SOURCE_BOUNDARY+MAP_RELATION+UNIT_TRACK+UNCERTAINTY_BOUND+ORIGINAL_TASK_RETURN,0.0451,0.2943,0.5,0.2979,0.734,0.0
standard,0.24,7,EXTRACT_GIVENS+SOURCE_BOUNDARY+UNIT_TRACK+STEP_COMPUTE+COMPARE_AXES+UNCERTAINTY_BOUND+DANGER_CHECK,0.0451,0.2402,0.5049,0.3778,0.5319,0.0
standard,0.24,5,EXTRACT_GIVENS+COMPARE_AXES+UNCERTAINTY_BOUND+ORIGINAL_TASK_RETURN+DANGER_CHECK,0.0451,0.235,0.534,0.3312,0.5007,0.0
very_strong,0.7,5,UNIT_TRACK+STEP_COMPUTE+COMPARE_AXES+UNCERTAINTY_BOUND+ORIGINAL_TASK_RETURN,0.0451,0.2233,0.4111,0.3639,0.7562,0.0
strong,0.46,5,SOURCE_BOUNDARY+UNIT_TRACK+COMPARE_AXES+UNCERTAINTY_BOUND+DANGER_CHECK,0.0451,0.2172,0.4389,0.3785,0.6729,0.0
standard,0.24,4,EXTRACT_GIVENS+UNIT_TRACK+STEP_COMPUTE+ORIGINAL_TASK_RETURN,0.0451,0.2157,0.5201,0.3812,0.4826,0.0
saturated,0.95,3,UNIT_TRACK+STEP_COMPUTE+ORIGINAL_TASK_RETURN,0.0451,0.1972,0.4451,0.4062,0.725,0.0
standard,0.24,6,UNIT_TRACK+STEP_COMPUTE+VERIFY_RESULT+COMPARE_AXES+UNCERTAINTY_BOUND+DANGER_CHECK,0.0444,0.2635,0.5014,0.291,0.5299,0.0167
very_strong,0.7,4,EXTRACT_GIVENS+SOURCE_BOUNDARY+UNIT_TRACK+ORIGINAL_TASK_RETURN,0.0444,0.2908,0.5479,0.3368,0.6208,0.0111
strong,0.46,3,EXTRACT_GIVENS+SOURCE_BOUNDARY+MAP_RELATION,0.0444,0.2676,0.491,0.3521,0.4299,0.0111
strong,0.46,5,SOURCE_BOUNDARY+MAP_RELATION+UNIT_TRACK+UNCERTAINTY_BOUND+DANGER_CHECK,0.0444,0.2586,0.4562,0.3201,0.566,0.0111
standard,0.24,6,EXTRACT_GIVENS+SOURCE_BOUNDARY+MAP_RELATION+STEP_COMPUTE+COMPARE_AXES+ORIGINAL_TASK_RETURN,0.0444,0.2551,0.5167,0.3292,0.5236,0.0111
saturated,0.95,3,MAP_RELATION+ORIGINAL_TASK_RETURN+DANGER_CHECK,0.0444,0.2951,0.5583,0.2951,0.4972,0.0056
standard,0.24,4,EXTRACT_GIVENS+SOURCE_BOUNDARY+UNIT_TRACK+VERIFY_RESULT,0.0444,0.2743,0.5583,0.3208,0.3896,0.0056
saturated,0.95,5,SOURCE_BOUNDARY+UNIT_TRACK+STEP_COMPUTE+UNCERTAINTY_BOUND+ORIGINAL_TASK_RETURN,0.0444,0.274,0.4924,0.3326,0.809,0.0
saturated,0.95,3,SOURCE_BOUNDARY+UNCERTAINTY_BOUND+DANGER_CHECK,0.0444,0.2645,0.4972,0.3389,0.5743,0.0
saturated,0.95,3,MAP_RELATION+STEP_COMPUTE+COMPARE_AXES,0.0444,0.2495,0.4431,0.3542,0.6264,0.0
standard,0.24,4,EXTRACT_GIVENS+UNIT_TRACK+VERIFY_RESULT+COMPARE_AXES,0.0444,0.249,0.5451,0.3465,0.4465,0.0
standard,0.24,5,SOURCE_BOUNDARY+UNIT_TRACK+VERIFY_RESULT+ORIGINAL_TASK_RETURN+DANGER_CHECK,0.0444,0.2448,0.5229,0.3403,0.5132,0.0
standard,0.24,4,UNIT_TRACK+STEP_COMPUTE+VERIFY_RESULT+DANGER_CHECK,0.0444,0.229,0.5035,0.3438,0.459,0.0
standard,0.24,6,SOURCE_BOUNDARY+MAP_RELATION+VERIFY_RESULT+COMPARE_AXES+UNCERTAINTY_BOUND+ORIGINAL_TASK_RETURN,0.0437,0.2597,0.5021,0.2924,0.5111,0.0167
standard,0.24,7,EXTRACT_GIVENS+MAP_RELATION+UNIT_TRACK+COMPARE_AXES+UNCERTAINTY_BOUND+ORIGINAL_TASK_RETURN+DANGER_CHECK,0.0437,0.2828,0.5708,0.2958,0.5528,0.0111
standard,0.24,5,STEP_COMPUTE+VERIFY_RESULT+COMPARE_AXES+UNCERTAINTY_BOUND+DANGER_CHECK,0.0437,0.2703,0.5271,0.3049,0.4646,0.0111
standard,0.24,5,VERIFY_RESULT+COMPARE_AXES+UNCERTAINTY_BOUND+ORIGINAL_TASK_RETURN+DANGER_CHECK,0.0437,0.2693,0.5569,0.3132,0.5215,0.0111
standard,0.24,5,EXTRACT_GIVENS+VERIFY_RESULT+COMPARE_AXES+UNCERTAINTY_BOUND+ORIGINAL_TASK_RETURN,0.0437,0.2883,0.5806,0.2951,0.4333,0.0056
saturated,0.95,4,UNIT_TRACK+VERIFY_RESULT+COMPARE_AXES+ORIGINAL_TASK_RETURN,0.0437,0.2778,0.5229,0.3042,0.7257,0.0056
strong,0.46,5,SOURCE_BOUNDARY+UNIT_TRACK+VERIFY_RESULT+COMPARE_AXES+UNCERTAINTY_BOUND,0.0437,0.2619,0.4715,0.3438,0.6361,0.0056
very_strong,0.7,5,SOURCE_BOUNDARY+UNIT_TRACK+STEP_COMPUTE+UNCERTAINTY_BOUND+ORIGINAL_TASK_RETURN,0.0437,0.2595,0.4583,0.341,0.7785,0.0056
standard,0.24,5,UNIT_TRACK+VERIFY_RESULT+UNCERTAINTY_BOUND+ORIGINAL_TASK_RETURN+DANGER_CHECK,0.0437,0.2571,0.5375,0.2896,0.5125,0.0056
standard,0.24,6,MAP_RELATION+UNIT_TRACK+VERIFY_RESULT+COMPARE_AXES+UNCERTAINTY_BOUND+ORIGINAL_TASK_RETURN,0.0437,0.2526,0.5139,0.3042,0.5333,0.0056
standard,0.24,6,SOURCE_BOUNDARY+UNIT_TRACK+STEP_COMPUTE+VERIFY_RESULT+UNCERTAINTY_BOUND+ORIGINAL_TASK_RETURN,0.0437,0.2512,0.525,0.3181,0.5542,0.0056
saturated,0.95,4,STEP_COMPUTE+UNCERTAINTY_BOUND+ORIGINAL_TASK_RETURN+DANGER_CHECK,0.0437,0.3045,0.5403,0.2743,0.6257,0.0
very_strong,0.7,4,UNIT_TRACK+VERIFY_RESULT+COMPARE_AXES+UNCERTAINTY_BOUND,0.0437,0.3002,0.4868,0.3097,0.6236,0.0
very_strong,0.7,4,MAP_RELATION+COMPARE_AXES+ORIGINAL_TASK_RETURN+DANGER_CHECK,0.0437,0.282,0.5326,0.3132,0.616,0.0
strong,0.46,5,SOURCE_BOUNDARY+MAP_RELATION+STEP_COMPUTE+UNCERTAINTY_BOUND+ORIGINAL_TASK_RETURN,0.0437,0.2663,0.4757,0.3132,0.5625,0.0
strong,0.46,4,EXTRACT_GIVENS+COMPARE_AXES+UNCERTAINTY_BOUND+ORIGINAL_TASK_RETURN,0.0437,0.2536,0.5111,0.3486,0.5292,0.0
standard,0.24,4,EXTRACT_GIVENS+MAP_RELATION+UNIT_TRACK+UNCERTAINTY_BOUND,0.0437,0.2309,0.4681,0.3611,0.4194,0.0
strong,0.46,3,MAP_RELATION+STEP_COMPUTE+ORIGINAL_TASK_RETURN,0.0437,0.2278,0.4701,0.3458,0.4986,0.0
standard,0.24,4,EXTRACT_GIVENS+MAP_RELATION+UNIT_TRACK+ORIGINAL_TASK_RETURN,0.0437,0.227,0.5215,0.3438,0.4632,0.0
very_strong,0.7,4,STEP_COMPUTE+UNCERTAINTY_BOUND+ORIGINAL_TASK_RETURN+DANGER_CHECK,0.0431,0.287,0.525,0.3125,0.5681,0.0167
standard,0.24,7,EXTRACT_GIVENS+SOURCE_BOUNDARY+UNIT_TRACK+STEP_COMPUTE+UNCERTAINTY_BOUND+ORIGINAL_TASK_RETURN+DANGER_CHECK,0.0431,0.2636,0.5486,0.3208,0.5611,0.0167
standard,0.24,5,MAP_RELATION+VERIFY_RESULT+COMPARE_AXES+UNCERTAINTY_BOUND+DANGER_CHECK,0.0431,0.2861,0.5493,0.2931,0.4549,0.0111
strong,0.46,3,STEP_COMPUTE+VERIFY_RESULT+ORIGINAL_TASK_RETURN,0.0431,0.2727,0.5111,0.3111,0.4799,0.0111
saturated,0.95,2,SOURCE_BOUNDARY+VERIFY_RESULT,0.0431,0.2668,0.4757,0.334,0.4917,0.0111
standard,0.24,7,SOURCE_BOUNDARY+UNIT_TRACK+STEP_COMPUTE+VERIFY_RESULT+COMPARE_AXES+UNCERTAINTY_BOUND+DANGER_CHECK,0.0431,0.2634,0.516,0.309,0.6111,0.0111
standard,0.24,4,MAP_RELATION+VERIFY_RESULT+COMPARE_AXES+DANGER_CHECK,0.0431,0.2594,0.525,0.3167,0.4479,0.0111
standard,0.24,4,EXTRACT_GIVENS+MAP_RELATION+UNCERTAINTY_BOUND+DANGER_CHECK,0.0431,0.2811,0.5708,0.3104,0.3806,0.0056
strong,0.46,5,SOURCE_BOUNDARY+MAP_RELATION+COMPARE_AXES+ORIGINAL_TASK_RETURN+DANGER_CHECK,0.0431,0.2482,0.491,0.3354,0.6382,0.0056
standard,0.24,5,SOURCE_BOUNDARY+VERIFY_RESULT+COMPARE_AXES+ORIGINAL_TASK_RETURN+DANGER_CHECK,0.0431,0.2471,0.5507,0.3375,0.5257,0.0056
strong,0.46,3,STEP_COMPUTE+VERIFY_RESULT+COMPARE_AXES,0.0431,0.2379,0.475,0.3431,0.5021,0.0056
strong,0.46,4,STEP_COMPUTE+COMPARE_AXES+UNCERTAINTY_BOUND+DANGER_CHECK,0.0431,0.223,0.4583,0.3604,0.5674,0.0056
strong,0.46,2,VERIFY_RESULT+DANGER_CHECK,0.0431,0.2621,0.5312,0.3181,0.4424,0.0
very_strong,0.7,3,MAP_RELATION+STEP_COMPUTE+ORIGINAL_TASK_RETURN,0.0431,0.2479,0.4521,0.341,0.5278,0.0
very_strong,0.7,3,SOURCE_BOUNDARY+UNCERTAINTY_BOUND+DANGER_CHECK,0.0431,0.2428,0.4479,0.3472,0.5549,0.0
strong,0.46,5,SOURCE_BOUNDARY+STEP_COMPUTE+COMPARE_AXES+UNCERTAINTY_BOUND+DANGER_CHECK,0.0431,0.2348,0.4632,0.3312,0.6194,0.0
standard,0.24,7,EXTRACT_GIVENS+SOURCE_BOUNDARY+MAP_RELATION+UNIT_TRACK+COMPARE_AXES+UNCERTAINTY_BOUND+ORIGINAL_TASK_RETURN,0.0431,0.233,0.4938,0.3472,0.5625,0.0
standard,0.24,4,EXTRACT_GIVENS+UNIT_TRACK+STEP_COMPUTE+UNCERTAINTY_BOUND,0.0431,0.2174,0.4833,0.3806,0.4451,0.0
very_strong,0.7,4,UNIT_TRACK+STEP_COMPUTE+COMPARE_AXES+UNCERTAINTY_BOUND,0.0431,0.213,0.3819,0.3903,0.7076,0.0
standard,0.24,5,MAP_RELATION+UNIT_TRACK+STEP_COMPUTE+ORIGINAL_TASK_RETURN+DANGER_CHECK,0.0431,0.2098,0.4931,0.3681,0.5236,0.0
very_strong,0.7,2,VERIFY_RESULT+UNCERTAINTY_BOUND,0.0424,0.2719,0.4917,0.3236,0.3903,0.0111
very_strong,0.7,3,EXTRACT_GIVENS+UNCERTAINTY_BOUND+ORIGINAL_TASK_RETURN,0.0424,0.3046,0.5444,0.3111,0.4576,0.0056
very_strong,0.7,4,SOURCE_BOUNDARY+STEP_COMPUTE+UNCERTAINTY_BOUND+DANGER_CHECK,0.0424,0.2892,0.4896,0.3174,0.6153,0.0056
saturated,0.95,5,SOURCE_BOUNDARY+MAP_RELATION+STEP_COMPUTE+COMPARE_AXES+ORIGINAL_TASK_RETURN,0.0424,0.2889,0.4875,0.2931,0.7882,0.0056
saturated,0.95,4,UNIT_TRACK+UNCERTAINTY_BOUND+ORIGINAL_TASK_RETURN+DANGER_CHECK,0.0424,0.2688,0.5146,0.3132,0.6375,0.0056
standard,0.24,5,EXTRACT_GIVENS+SOURCE_BOUNDARY+UNIT_TRACK+VERIFY_RESULT+COMPARE_AXES,0.0424,0.2655,0.5549,0.3299,0.4931,0.0056
standard,0.24,3,MAP_RELATION+VERIFY_RESULT+DANGER_CHECK,0.0424,0.2651,0.5403,0.2958,0.3882,0.0056
saturated,0.95,4,SOURCE_BOUNDARY+MAP_RELATION+STEP_COMPUTE+COMPARE_AXES,0.0424,0.258,0.4299,0.3354,0.7319,0.0056
very_strong,0.7,5,MAP_RELATION+UNIT_TRACK+COMPARE_AXES+UNCERTAINTY_BOUND+ORIGINAL_TASK_RETURN,0.0424,0.2553,0.4472,0.3222,0.6986,0.0056
strong,0.46,4,MAP_RELATION+UNIT_TRACK+UNCERTAINTY_BOUND+DANGER_CHECK,0.0424,0.2491,0.4806,0.3354,0.5382,0.0056
standard,0.24,7,SOURCE_BOUNDARY+UNIT_TRACK+STEP_COMPUTE+VERIFY_RESULT+COMPARE_AXES+ORIGINAL_TASK_RETURN+DANGER_CHECK,0.0424,0.2486,0.5146,0.3299,0.6104,0.0056
very_strong,0.7,4,EXTRACT_GIVENS+UNIT_TRACK+COMPARE_AXES+ORIGINAL_TASK_RETURN,0.0424,0.2465,0.4958,0.3618,0.6458,0.0056
very_strong,0.7,3,SOURCE_BOUNDARY+UNIT_TRACK+VERIFY_RESULT,0.0424,0.2792,0.4958,0.3333,0.5618,0.0
standard,0.24,4,EXTRACT_GIVENS+STEP_COMPUTE+VERIFY_RESULT+COMPARE_AXES,0.0424,0.275,0.5569,0.3431,0.4056,0.0
standard,0.24,3,EXTRACT_GIVENS+VERIFY_RESULT+UNCERTAINTY_BOUND,0.0424,0.2582,0.541,0.3278,0.3632,0.0
standard,0.24,5,SOURCE_BOUNDARY+STEP_COMPUTE+VERIFY_RESULT+UNCERTAINTY_BOUND+ORIGINAL_TASK_RETURN,0.0424,0.2539,0.5306,0.325,0.484,0.0
very_strong,0.7,3,EXTRACT_GIVENS+UNIT_TRACK+COMPARE_AXES,0.0424,0.2511,0.484,0.3625,0.5826,0.0
standard,0.24,5,EXTRACT_GIVENS+UNIT_TRACK+STEP_COMPUTE+UNCERTAINTY_BOUND+DANGER_CHECK,0.0424,0.2468,0.5243,0.359,0.4632,0.0
saturated,0.95,2,UNIT_TRACK+VERIFY_RESULT,0.0424,0.2377,0.4729,0.3493,0.5312,0.0
saturated,0.95,4,UNIT_TRACK+STEP_COMPUTE+UNCERTAINTY_BOUND+ORIGINAL_TASK_RETURN,0.0424,0.2321,0.4618,0.3604,0.7285,0.0
standard,0.24,5,UNIT_TRACK+STEP_COMPUTE+VERIFY_RESULT+COMPARE_AXES+UNCERTAINTY_BOUND,0.0424,0.2194,0.4694,0.3576,0.5049,0.0
strong,0.46,4,COMPARE_AXES+UNCERTAINTY_BOUND+ORIGINAL_TASK_RETURN+DANGER_CHECK,0.0424,0.2077,0.4562,0.3806,0.591,0.0
standard,0.24,5,EXTRACT_GIVENS+SOURCE_BOUNDARY+VERIFY_RESULT+COMPARE_AXES+ORIGINAL_TASK_RETURN,0.0417,0.2861,0.5701,0.3042,0.4813,0.0167
strong,0.46,5,MAP_RELATION+COMPARE_AXES+UNCERTAINTY_BOUND+ORIGINAL_TASK_RETURN+DANGER_CHECK,0.0417,0.2602,0.5028,0.3292,0.5701,0.0056
standard,0.24,4,SOURCE_BOUNDARY+STEP_COMPUTE+VERIFY_RESULT+DANGER_CHECK,0.0417,0.2496,0.5271,0.3326,0.45,0.0056
standard,0.24,5,EXTRACT_GIVENS+SOURCE_BOUNDARY+MAP_RELATION+STEP_COMPUTE+ORIGINAL_TASK_RETURN,0.0417,0.2492,0.525,0.3285,0.475,0.0056
standard,0.24,6,SOURCE_BOUNDARY+UNIT_TRACK+VERIFY_RESULT+COMPARE_AXES+UNCERTAINTY_BOUND+DANGER_CHECK,0.0417,0.2419,0.5,0.3319,0.5944,0.0056
strong,0.46,5,STEP_COMPUTE+COMPARE_AXES+UNCERTAINTY_BOUND+ORIGINAL_TASK_RETURN+DANGER_CHECK,0.0417,0.2364,0.4792,0.3618,0.6,0.0056
standard,0.24,6,SOURCE_BOUNDARY+UNIT_TRACK+STEP_COMPUTE+VERIFY_RESULT+COMPARE_AXES+ORIGINAL_TASK_RETURN,0.0417,0.2261,0.5021,0.3729,0.6167,0.0056
saturated,0.95,5,EXTRACT_GIVENS+SOURCE_BOUNDARY+UNIT_TRACK+COMPARE_AXES+ORIGINAL_TASK_RETURN,0.0417,0.3053,0.5201,0.2965,0.8153,0.0
very_strong,0.7,4,SOURCE_BOUNDARY+MAP_RELATION+UNIT_TRACK+DANGER_CHECK,0.0417,0.2798,0.4764,0.3222,0.6076,0.0
saturated,0.95,4,SOURCE_BOUNDARY+STEP_COMPUTE+UNCERTAINTY_BOUND+ORIGINAL_TASK_RETURN,0.0417,0.2669,0.5069,0.3181,0.6722,0.0
very_strong,0.7,3,EXTRACT_GIVENS+UNIT_TRACK+ORIGINAL_TASK_RETURN,0.0417,0.2612,0.5361,0.3201,0.5604,0.0
very_strong,0.7,4,UNIT_TRACK+STEP_COMPUTE+ORIGINAL_TASK_RETURN+DANGER_CHECK,0.0417,0.2496,0.4896,0.3403,0.6521,0.0
standard,0.24,7,EXTRACT_GIVENS+SOURCE_BOUNDARY+UNIT_TRACK+COMPARE_AXES+UNCERTAINTY_BOUND+ORIGINAL_TASK_RETURN+DANGER_CHECK,0.0417,0.2454,0.534,0.3486,0.5924,0.0
strong,0.46,4,EXTRACT_GIVENS+UNIT_TRACK+COMPARE_AXES+UNCERTAINTY_BOUND,0.0417,0.2378,0.4493,0.3875,0.5687,0.0
very_strong,0.7,3,UNIT_TRACK+STEP_COMPUTE+DANGER_CHECK,0.0417,0.2255,0.4493,0.3653,0.5861,0.0
strong,0.46,5,UNIT_TRACK+STEP_COMPUTE+COMPARE_AXES+UNCERTAINTY_BOUND+DANGER_CHECK,0.0417,0.221,0.441,0.3847,0.65,0.0
standard,0.24,5,MAP_RELATION+UNIT_TRACK+STEP_COMPUTE+UNCERTAINTY_BOUND+ORIGINAL_TASK_RETURN,0.0417,0.1997,0.434,0.3632,0.5375,0.0
standard,0.24,5,EXTRACT_GIVENS+SOURCE_BOUNDARY+MAP_RELATION+UNCERTAINTY_BOUND+ORIGINAL_TASK_RETURN,0.041,0.2566,0.5472,0.3215,0.4639,0.0222
standard,0.24,6,SOURCE_BOUNDARY+STEP_COMPUTE+VERIFY_RESULT+COMPARE_AXES+UNCERTAINTY_BOUND+ORIGINAL_TASK_RETURN,0.041,0.2437,0.4958,0.3187,0.55,0.0222
standard,0.24,4,EXTRACT_GIVENS+VERIFY_RESULT+COMPARE_AXES+DANGER_CHECK,0.041,0.294,0.5903,0.2764,0.3993,0.0167
very_strong,0.7,2,VERIFY_RESULT+DANGER_CHECK,0.041,0.2978,0.5521,0.3028,0.3917,0.0111
strong,0.46,5,UNIT_TRACK+VERIFY_RESULT+COMPARE_AXES+UNCERTAINTY_BOUND+ORIGINAL_TASK_RETURN,0.041,0.2645,0.4708,0.3035,0.6021,0.0111
very_strong,0.7,4,EXTRACT_GIVENS+SOURCE_BOUNDARY+UNIT_TRACK+COMPARE_AXES,0.041,0.2615,0.4826,0.3597,0.6806,0.0111
standard,0.24,5,MAP_RELATION+UNIT_TRACK+VERIFY_RESULT+COMPARE_AXES+DANGER_CHECK,0.041,0.253,0.5083,0.3285,0.4736,0.0111
standard,0.24,5,EXTRACT_GIVENS+SOURCE_BOUNDARY+MAP_RELATION+UNIT_TRACK+ORIGINAL_TASK_RETURN,0.041,0.2282,0.4965,0.3271,0.5042,0.0111
saturated,0.95,4,SOURCE_BOUNDARY+MAP_RELATION+COMPARE_AXES+DANGER_CHECK,0.041,0.2772,0.4764,0.3306,0.6549,0.0056
strong,0.46,4,VERIFY_RESULT+COMPARE_AXES+UNCERTAINTY_BOUND+ORIGINAL_TASK_RETURN,0.041,0.2724,0.5069,0.2965,0.5333,0.0056
saturated,0.95,4,MAP_RELATION+UNIT_TRACK+UNCERTAINTY_BOUND+ORIGINAL_TASK_RETURN,0.041,0.2621,0.4528,0.3049,0.6174,0.0056
strong,0.46,6,SOURCE_BOUNDARY+MAP_RELATION+UNIT_TRACK+COMPARE_AXES+ORIGINAL_TASK_RETURN+DANGER_CHECK,0.041,0.2432,0.4708,0.3521,0.6819,0.0056
standard,0.24,4,VERIFY_RESULT+COMPARE_AXES+UNCERTAINTY_BOUND+DANGER_CHECK,0.041,0.2389,0.5201,0.3292,0.4458,0.0056
standard,0.24,5,SOURCE_BOUNDARY+UNIT_TRACK+STEP_COMPUTE+VERIFY_RESULT+UNCERTAINTY_BOUND,0.041,0.2387,0.4917,0.3472,0.4979,0.0056
strong,0.46,3,EXTRACT_GIVENS+UNIT_TRACK+UNCERTAINTY_BOUND,0.041,0.2372,0.4736,0.384,0.4472,0.0056
standard,0.24,4,EXTRACT_GIVENS+STEP_COMPUTE+UNCERTAINTY_BOUND+ORIGINAL_TASK_RETURN,0.041,0.2321,0.5361,0.3403,0.4611,0.0056
saturated,0.95,3,VERIFY_RESULT+COMPARE_AXES+UNCERTAINTY_BOUND,0.041,0.2892,0.5049,0.316,0.5736,0.0
saturated,0.95,4,EXTRACT_GIVENS+SOURCE_BOUNDARY+UNIT_TRACK+COMPARE_AXES,0.041,0.2838,0.5056,0.3368,0.7063,0.0
standard,0.24,6,EXTRACT_GIVENS+SOURCE_BOUNDARY+MAP_RELATION+STEP_COMPUTE+COMPARE_AXES+DANGER_CHECK,0.041,0.2667,0.5375,0.3076,0.5014,0.0
very_strong,0.7,5,UNIT_TRACK+STEP_COMPUTE+COMPARE_AXES+ORIGINAL_TASK_RETURN+DANGER_CHECK,0.041,0.2497,0.4542,0.341,0.7812,0.0
standard,0.24,6,EXTRACT_GIVENS+SOURCE_BOUNDARY+MAP_RELATION+STEP_COMPUTE+COMPARE_AXES+UNCERTAINTY_BOUND,0.041,0.2489,0.4764,0.3271,0.5049,0.0
strong,0.46,5,MAP_RELATION+UNIT_TRACK+COMPARE_AXES+ORIGINAL_TASK_RETURN+DANGER_CHECK,0.041,0.2457,0.5049,0.3424,0.6382,0.0
saturated,0.95,3,MAP_RELATION+UNIT_TRACK+UNCERTAINTY_BOUND,0.041,0.2402,0.4403,0.3576,0.5618,0.0
very_strong,0.7,4,UNIT_TRACK+UNCERTAINTY_BOUND+ORIGINAL_TASK_RETURN+DANGER_CHECK,0.041,0.2389,0.4826,0.341,0.6243,0.0
strong,0.46,4,MAP_RELATION+STEP_COMPUTE+COMPARE_AXES+UNCERTAINTY_BOUND,0.041,0.2241,0.4097,0.3646,0.5674,0.0
very_strong,0.7,4,SOURCE_BOUNDARY+UNIT_TRACK+STEP_COMPUTE+ORIGINAL_TASK_RETURN,0.041,0.2158,0.434,0.3868,0.7229,0.0
standard,0.24,5,EXTRACT_GIVENS+STEP_COMPUTE+COMPARE_AXES+UNCERTAINTY_BOUND+ORIGINAL_TASK_RETURN,0.041,0.2104,0.5007,0.3625,0.5083,0.0
strong,0.46,5,SOURCE_BOUNDARY+MAP_RELATION+UNIT_TRACK+STEP_COMPUTE+COMPARE_AXES,0.041,0.2044,0.3771,0.3951,0.6521,0.0
very_strong,0.7,3,UNIT_TRACK+STEP_COMPUTE+UNCERTAINTY_BOUND,0.041,0.2002,0.3722,0.4083,0.5813,0.0
standard,0.24,7,SOURCE_BOUNDARY+MAP_RELATION+UNIT_TRACK+VERIFY_RESULT+COMPARE_AXES+UNCERTAINTY_BOUND+ORIGINAL_TASK_RETURN,0.0403,0.2465,0.4972,0.3215,0.5757,0.0167
standard,0.24,6,SOURCE_BOUNDARY+UNIT_TRACK+STEP_COMPUTE+VERIFY_RESULT+COMPARE_AXES+DANGER_CHECK,0.0403,0.2339,0.5021,0.3451,0.5785,0.0167
saturated,0.95,4,SOURCE_BOUNDARY+UNIT_TRACK+VERIFY_RESULT+COMPARE_AXES,0.0403,0.287,0.4965,0.3257,0.7583,0.0111
standard,0.24,5,SOURCE_BOUNDARY+STEP_COMPUTE+VERIFY_RESULT+UNCERTAINTY_BOUND+DANGER_CHECK,0.0403,0.2782,0.5354,0.3021,0.4535,0.0111
standard,0.24,6,SOURCE_BOUNDARY+STEP_COMPUTE+VERIFY_RESULT+COMPARE_AXES+UNCERTAINTY_BOUND+DANGER_CHECK,0.0403,0.2753,0.5215,0.2944,0.5333,0.0111
saturated,0.95,5,MAP_RELATION+UNIT_TRACK+COMPARE_AXES+UNCERTAINTY_BOUND+ORIGINAL_TASK_RETURN,0.0403,0.2688,0.4667,0.3104,0.7743,0.0111
standard,0.24,5,EXTRACT_GIVENS+MAP_RELATION+COMPARE_AXES+ORIGINAL_TASK_RETURN+DANGER_CHECK,0.0403,0.2632,0.5854,0.3181,0.5083,0.0111
standard,0.24,6,EXTRACT_GIVENS+SOURCE_BOUNDARY+MAP_RELATION+UNIT_TRACK+COMPARE_AXES+DANGER_CHECK,0.0403,0.257,0.5257,0.3236,0.5437,0.0111
standard,0.24,4,SOURCE_BOUNDARY+UNIT_TRACK+VERIFY_RESULT+DANGER_CHECK,0.0403,0.243,0.5146,0.3312,0.4701,0.0111
strong,0.46,3,MAP_RELATION+VERIFY_RESULT+COMPARE_AXES,0.0403,0.267,0.4924,0.3389,0.441,0.0056
standard,0.24,4,UNIT_TRACK+VERIFY_RESULT+ORIGINAL_TASK_RETURN+DANGER_CHECK,0.0403,0.2385,0.5597,0.334,0.4868,0.0056
standard,0.24,5,SOURCE_BOUNDARY+UNIT_TRACK+VERIFY_RESULT+UNCERTAINTY_BOUND+ORIGINAL_TASK_RETURN,0.0403,0.2243,0.4958,0.3375,0.5417,0.0056
standard,0.24,2,MAP_RELATION+VERIFY_RESULT,0.0403,0.2236,0.4771,0.3243,0.3653,0.0056
saturated,0.95,5,UNIT_TRACK+STEP_COMPUTE+COMPARE_AXES+ORIGINAL_TASK_RETURN+DANGER_CHECK,0.0403,0.2818,0.5174,0.316,0.8799,0.0
saturated,0.95,5,SOURCE_BOUNDARY+MAP_RELATION+UNIT_TRACK+COMPARE_AXES+UNCERTAINTY_BOUND,0.0403,0.2798,0.4472,0.3236,0.7743,0.0
strong,0.46,4,EXTRACT_GIVENS+UNIT_TRACK+UNCERTAINTY_BOUND+ORIGINAL_TASK_RETURN,0.0403,0.2596,0.5285,0.3264,0.5326,0.0
very_strong,0.7,4,SOURCE_BOUNDARY+MAP_RELATION+COMPARE_AXES+DANGER_CHECK,0.0403,0.2565,0.4646,0.341,0.6743,0.0
standard,0.24,4,UNIT_TRACK+STEP_COMPUTE+VERIFY_RESULT+ORIGINAL_TASK_RETURN,0.0403,0.227,0.5028,0.3465,0.4889,0.0
standard,0.24,4,SOURCE_BOUNDARY+UNIT_TRACK+STEP_COMPUTE+VERIFY_RESULT,0.0403,0.2026,0.4562,0.3854,0.4729,0.0
standard,0.24,3,UNIT_TRACK+STEP_COMPUTE+VERIFY_RESULT,0.0403,0.1996,0.4549,0.3861,0.4667,0.0
strong,0.46,3,EXTRACT_GIVENS+SOURCE_BOUNDARY+DANGER_CHECK,0.0396,0.2828,0.5403,0.3167,0.4604,0.0167
strong,0.46,4,SOURCE_BOUNDARY+MAP_RELATION+UNIT_TRACK+DANGER_CHECK,0.0396,0.2212,0.4521,0.3611,0.5687,0.0167
standard,0.24,4,STEP_COMPUTE+VERIFY_RESULT+UNCERTAINTY_BOUND+DANGER_CHECK,0.0396,0.2663,0.5618,0.3104,0.4257,0.0111
standard,0.24,4,EXTRACT_GIVENS+SOURCE_BOUNDARY+UNCERTAINTY_BOUND+DANGER_CHECK,0.0396,0.2393,0.5292,0.3438,0.45,0.0111
saturated,0.95,4,SOURCE_BOUNDARY+MAP_RELATION+UNCERTAINTY_BOUND+ORIGINAL_TASK_RETURN,0.0396,0.282,0.5021,0.3014,0.5986,0.0056
very_strong,0.7,5,SOURCE_BOUNDARY+MAP_RELATION+COMPARE_AXES+UNCERTAINTY_BOUND+ORIGINAL_TASK_RETURN,0.0396,0.2754,0.4694,0.3201,0.6514,0.0056
strong,0.46,4,EXTRACT_GIVENS+STEP_COMPUTE+COMPARE_AXES+ORIGINAL_TASK_RETURN,0.0396,0.2529,0.5208,0.3312,0.5556,0.0056
standard,0.24,4,SOURCE_BOUNDARY+STEP_COMPUTE+VERIFY_RESULT+UNCERTAINTY_BOUND,0.0396,0.2378,0.5028,0.3285,0.4688,0.0056
very_strong,0.7,2,UNIT_TRACK+VERIFY_RESULT,0.0396,0.2336,0.4688,0.3646,0.4764,0.0056
standard,0.24,7,EXTRACT_GIVENS+SOURCE_BOUNDARY+UNIT_TRACK+STEP_COMPUTE+COMPARE_AXES+UNCERTAINTY_BOUND+ORIGINAL_TASK_RETURN,0.0396,0.2305,0.4965,0.3444,0.584,0.0056
saturated,0.95,3,EXTRACT_GIVENS+UNIT_TRACK+COMPARE_AXES,0.0396,0.2575,0.5049,0.3597,0.6486,0.0
strong,0.46,5,SOURCE_BOUNDARY+MAP_RELATION+UNIT_TRACK+ORIGINAL_TASK_RETURN+DANGER_CHECK,0.0396,0.2528,0.5035,0.3333,0.6083,0.0
strong,0.46,3,EXTRACT_GIVENS+MAP_RELATION+COMPARE_AXES,0.0396,0.2447,0.4597,0.3674,0.4667,0.0
strong,0.46,3,UNIT_TRACK+VERIFY_RESULT+ORIGINAL_TASK_RETURN,0.0396,0.2431,0.5014,0.334,0.5076,0.0
very_strong,0.7,3,MAP_RELATION+STEP_COMPUTE+COMPARE_AXES,0.0396,0.2428,0.4278,0.3778,0.5979,0.0
standard,0.24,5,EXTRACT_GIVENS+SOURCE_BOUNDARY+COMPARE_AXES+UNCERTAINTY_BOUND+DANGER_CHECK,0.0396,0.2424,0.5417,0.3583,0.5472,0.0
standard,0.24,5,MAP_RELATION+UNIT_TRACK+VERIFY_RESULT+COMPARE_AXES+ORIGINAL_TASK_RETURN,0.0396,0.2396,0.5014,0.3118,0.5069,0.0
strong,0.46,5,SOURCE_BOUNDARY+UNIT_TRACK+UNCERTAINTY_BOUND+ORIGINAL_TASK_RETURN+DANGER_CHECK,0.0396,0.2333,0.4778,0.3458,0.6396,0.0
very_strong,0.7,4,SOURCE_BOUNDARY+UNIT_TRACK+ORIGINAL_TASK_RETURN+DANGER_CHECK,0.0396,0.2196,0.484,0.3722,0.6965,0.0
strong,0.46,4,SOURCE_BOUNDARY+COMPARE_AXES+UNCERTAINTY_BOUND+DANGER_CHECK,0.0396,0.1993,0.4313,0.3812,0.6139,0.0
strong,0.46,3,MAP_RELATION+STEP_COMPUTE+COMPARE_AXES,0.0396,0.1887,0.3778,0.4042,0.5611,0.0
standard,0.24,5,EXTRACT_GIVENS+SOURCE_BOUNDARY+STEP_COMPUTE+ORIGINAL_TASK_RETURN+DANGER_CHECK,0.0389,0.2436,0.5563,0.3333,0.4958,0.0167
strong,0.46,5,EXTRACT_GIVENS+SOURCE_BOUNDARY+STEP_COMPUTE+COMPARE_AXES+ORIGINAL_TASK_RETURN,0.0389,0.2772,0.5486,0.3312,0.6111,0.0111
very_strong,0.7,3,EXTRACT_GIVENS+SOURCE_BOUNDARY+UNIT_TRACK,0.0389,0.2595,0.5076,0.3465,0.559,0.0111
standard,0.24,5,EXTRACT_GIVENS+SOURCE_BOUNDARY+MAP_RELATION+COMPARE_AXES+DANGER_CHECK,0.0389,0.2579,0.5361,0.3271,0.4965,0.0111
standard,0.24,6,EXTRACT_GIVENS+SOURCE_BOUNDARY+UNIT_TRACK+STEP_COMPUTE+UNCERTAINTY_BOUND+DANGER_CHECK,0.0389,0.255,0.5229,0.3417,0.5174,0.0111
standard,0.24,4,UNIT_TRACK+VERIFY_RESULT+UNCERTAINTY_BOUND+DANGER_CHECK,0.0389,0.2482,0.5382,0.3174,0.4743,0.0111
saturated,0.95,4,SOURCE_BOUNDARY+UNIT_TRACK+STEP_COMPUTE+DANGER_CHECK,0.0389,0.2443,0.484,0.3535,0.7569,0.0111
very_strong,0.7,6,SOURCE_BOUNDARY+MAP_RELATION+UNIT_TRACK+COMPARE_AXES+UNCERTAINTY_BOUND+ORIGINAL_TASK_RETURN,0.0389,0.2787,0.4514,0.3208,0.7701,0.0056
saturated,0.95,4,EXTRACT_GIVENS+UNIT_TRACK+COMPARE_AXES+ORIGINAL_TASK_RETURN,0.0389,0.2748,0.5326,0.3507,0.6583,0.0056
standard,0.24,2,EXTRACT_GIVENS+VERIFY_RESULT,0.0389,0.2472,0.5576,0.325,0.3271,0.0056
strong,0.46,5,SOURCE_BOUNDARY+MAP_RELATION+STEP_COMPUTE+COMPARE_AXES+UNCERTAINTY_BOUND,0.0389,0.2351,0.4306,0.3618,0.5826,0.0056
standard,0.24,4,EXTRACT_GIVENS+SOURCE_BOUNDARY+MAP_RELATION+STEP_COMPUTE,0.0389,0.2317,0.4833,0.3785,0.4146,0.0056
standard,0.24,5,UNIT_TRACK+VERIFY_RESULT+COMPARE_AXES+UNCERTAINTY_BOUND+DANGER_CHECK,0.0389,0.2293,0.4889,0.3278,0.5056,0.0056
strong,0.46,5,SOURCE_BOUNDARY+MAP_RELATION+UNIT_TRACK+UNCERTAINTY_BOUND+ORIGINAL_TASK_RETURN,0.0389,0.2259,0.4528,0.3375,0.6271,0.0056
very_strong,0.7,4,EXTRACT_GIVENS+SOURCE_BOUNDARY+COMPARE_AXES+ORIGINAL_TASK_RETURN,0.0389,0.2773,0.5062,0.3278,0.6229,0.0
strong,0.46,6,SOURCE_BOUNDARY+MAP_RELATION+UNIT_TRACK+COMPARE_AXES+UNCERTAINTY_BOUND+DANGER_CHECK,0.0389,0.2503,0.4549,0.3472,0.6681,0.0
saturated,0.95,2,MAP_RELATION+DANGER_CHECK,0.0389,0.248,0.4993,0.3097,0.4681,0.0
strong,0.46,2,EXTRACT_GIVENS+MAP_RELATION,0.0389,0.2479,0.4694,0.3479,0.3826,0.0
very_strong,0.7,3,STEP_COMPUTE+UNCERTAINTY_BOUND+DANGER_CHECK,0.0389,0.2472,0.4903,0.3556,0.5333,0.0
standard,0.24,4,STEP_COMPUTE+VERIFY_RESULT+UNCERTAINTY_BOUND+ORIGINAL_TASK_RETURN,0.0389,0.2432,0.5285,0.3076,0.4479,0.0
strong,0.46,3,EXTRACT_GIVENS+SOURCE_BOUNDARY+STEP_COMPUTE,0.0389,0.2421,0.4861,0.3604,0.4951,0.0
standard,0.24,6,EXTRACT_GIVENS+UNIT_TRACK+STEP_COMPUTE+COMPARE_AXES+ORIGINAL_TASK_RETURN+DANGER_CHECK,0.0389,0.2407,0.5465,0.3493,0.559,0.0
standard,0.24,5,SOURCE_BOUNDARY+MAP_RELATION+STEP_COMPUTE+VERIFY_RESULT+COMPARE_AXES,0.0389,0.2358,0.484,0.3583,0.4972,0.0
very_strong,0.7,3,MAP_RELATION+UNIT_TRACK+UNCERTAINTY_BOUND,0.0389,0.2299,0.4035,0.3563,0.5146,0.0
very_strong,0.7,3,MAP_RELATION+UNIT_TRACK+ORIGINAL_TASK_RETURN,0.0389,0.21,0.4431,0.3688,0.591,0.0
very_strong,0.7,3,UNIT_TRACK+STEP_COMPUTE+ORIGINAL_TASK_RETURN,0.0389,0.1835,0.4181,0.4056,0.6792,0.0
standard,0.24,5,SOURCE_BOUNDARY+MAP_RELATION+VERIFY_RESULT+COMPARE_AXES+UNCERTAINTY_BOUND,0.0382,0.2427,0.4924,0.3424,0.4653,0.0167
saturated,0.95,3,SOURCE_BOUNDARY+MAP_RELATION+DANGER_CHECK,0.0382,0.2795,0.5104,0.3076,0.534,0.0056
saturated,0.95,4,MAP_RELATION+COMPARE_AXES+UNCERTAINTY_BOUND+ORIGINAL_TASK_RETURN,0.0382,0.2668,0.4826,0.3097,0.6181,0.0056
standard,0.24,4,SOURCE_BOUNDARY+MAP_RELATION+VERIFY_RESULT+UNCERTAINTY_BOUND,0.0382,0.252,0.4951,0.3132,0.4069,0.0056
standard,0.24,5,SOURCE_BOUNDARY+UNIT_TRACK+VERIFY_RESULT+UNCERTAINTY_BOUND+DANGER_CHECK,0.0382,0.2477,0.5146,0.3049,0.5201,0.0056
strong,0.46,6,UNIT_TRACK+STEP_COMPUTE+COMPARE_AXES+UNCERTAINTY_BOUND+ORIGINAL_TASK_RETURN+DANGER_CHECK,0.0382,0.2406,0.4535,0.3431,0.6771,0.0056
standard,0.24,3,MAP_RELATION+VERIFY_RESULT+UNCERTAINTY_BOUND,0.0382,0.2355,0.5042,0.3396,0.3972,0.0056
very_strong,0.7,2,EXTRACT_GIVENS+UNCERTAINTY_BOUND,0.0382,0.2691,0.4938,0.3514,0.4056,0.0
standard,0.24,4,STEP_COMPUTE+VERIFY_RESULT+ORIGINAL_TASK_RETURN+DANGER_CHECK,0.0382,0.269,0.5993,0.2972,0.4674,0.0
standard,0.24,6,UNIT_TRACK+STEP_COMPUTE+VERIFY_RESULT+COMPARE_AXES+ORIGINAL_TASK_RETURN+DANGER_CHECK,0.0382,0.2511,0.5444,0.3236,0.5771,0.0
standard,0.24,4,EXTRACT_GIVENS+MAP_RELATION+COMPARE_AXES+DANGER_CHECK,0.0382,0.245,0.5271,0.3222,0.4215,0.0
standard,0.24,5,SOURCE_BOUNDARY+UNIT_TRACK+STEP_COMPUTE+VERIFY_RESULT+DANGER_CHECK,0.0382,0.2447,0.5229,0.3361,0.5049,0.0
standard,0.24,5,EXTRACT_GIVENS+MAP_RELATION+STEP_COMPUTE+COMPARE_AXES+ORIGINAL_TASK_RETURN,0.0382,0.2429,0.5014,0.3222,0.5028,0.0
strong,0.46,4,MAP_RELATION+STEP_COMPUTE+COMPARE_AXES+DANGER_CHECK,0.0382,0.2384,0.4562,0.3604,0.5424,0.0
standard,0.24,4,EXTRACT_GIVENS+SOURCE_BOUNDARY+STEP_COMPUTE+DANGER_CHECK,0.0382,0.2365,0.5319,0.3493,0.4639,0.0
strong,0.46,6,SOURCE_BOUNDARY+MAP_RELATION+UNIT_TRACK+STEP_COMPUTE+COMPARE_AXES+UNCERTAINTY_BOUND,0.0382,0.2353,0.3819,0.3729,0.684,0.0
standard,0.24,7,SOURCE_BOUNDARY+UNIT_TRACK+STEP_COMPUTE+VERIFY_RESULT+COMPARE_AXES+UNCERTAINTY_BOUND+ORIGINAL_TASK_RETURN,0.0382,0.235,0.4986,0.3431,0.6097,0.0
very_strong,0.7,4,SOURCE_BOUNDARY+UNIT_TRACK+STEP_COMPUTE+UNCERTAINTY_BOUND,0.0382,0.2291,0.4062,0.3785,0.6681,0.0
strong,0.46,3,EXTRACT_GIVENS+COMPARE_AXES+UNCERTAINTY_BOUND,0.0382,0.2274,0.4618,0.4049,0.4736,0.0
saturated,0.95,4,SOURCE_BOUNDARY+UNIT_TRACK+STEP_COMPUTE+UNCERTAINTY_BOUND,0.0382,0.2267,0.4243,0.3778,0.7604,0.0
standard,0.24,4,EXTRACT_GIVENS+SOURCE_BOUNDARY+STEP_COMPUTE+UNCERTAINTY_BOUND,0.0382,0.2192,0.5042,0.3715,0.4444,0.0
strong,0.46,2,MAP_RELATION+STEP_COMPUTE,0.0382,0.1995,0.4201,0.3819,0.4625,0.0
strong,0.46,4,SOURCE_BOUNDARY+COMPARE_AXES+ORIGINAL_TASK_RETURN+DANGER_CHECK,0.0382,0.1966,0.4681,0.3882,0.6181,0.0
standard,0.24,3,EXTRACT_GIVENS+UNIT_TRACK+STEP_COMPUTE,0.0382,0.1872,0.4625,0.4167,0.4583,0.0
standard,0.24,6,UNIT_TRACK+VERIFY_RESULT+COMPARE_AXES+UNCERTAINTY_BOUND+ORIGINAL_TASK_RETURN+DANGER_CHECK,0.0375,0.2474,0.5333,0.334,0.5403,0.0167
standard,0.24,5,SOURCE_BOUNDARY+STEP_COMPUTE+VERIFY_RESULT+COMPARE_AXES+DANGER_CHECK,0.0375,0.2425,0.5361,0.3465,0.4965,0.0167
very_strong,0.7,5,SOURCE_BOUNDARY+MAP_RELATION+UNIT_TRACK+UNCERTAINTY_BOUND+ORIGINAL_TASK_RETURN,0.0375,0.282,0.4618,0.3257,0.6653,0.0056
saturated,0.95,4,SOURCE_BOUNDARY+MAP_RELATION+UNIT_TRACK+UNCERTAINTY_BOUND,0.0375,0.2731,0.4667,0.3153,0.6535,0.0056
standard,0.24,4,EXTRACT_GIVENS+STEP_COMPUTE+UNCERTAINTY_BOUND+DANGER_CHECK,0.0375,0.2538,0.5444,0.3236,0.4271,0.0056
strong,0.46,4,STEP_COMPUTE+UNCERTAINTY_BOUND+ORIGINAL_TASK_RETURN+DANGER_CHECK,0.0375,0.2388,0.5118,0.3299,0.5444,0.0056
standard,0.24,6,SOURCE_BOUNDARY+MAP_RELATION+UNIT_TRACK+STEP_COMPUTE+UNCERTAINTY_BOUND+DANGER_CHECK,0.0375,0.2128,0.4625,0.3514,0.5264,0.0056
saturated,0.95,6,SOURCE_BOUNDARY+UNIT_TRACK+STEP_COMPUTE+COMPARE_AXES+UNCERTAINTY_BOUND+ORIGINAL_TASK_RETURN,0.0375,0.2823,0.4743,0.3333,0.9611,0.0
strong,0.46,4,SOURCE_BOUNDARY+MAP_RELATION+UNCERTAINTY_BOUND+DANGER_CHECK,0.0375,0.2586,0.4507,0.3326,0.4903,0.0
very_strong,0.7,4,SOURCE_BOUNDARY+MAP_RELATION+UNIT_TRACK+ORIGINAL_TASK_RETURN,0.0375,0.2381,0.4667,0.3743,0.6514,0.0
standard,0.24,5,EXTRACT_GIVENS+SOURCE_BOUNDARY+COMPARE_AXES+ORIGINAL_TASK_RETURN+DANGER_CHECK,0.0375,0.2371,0.5375,0.3382,0.5368,0.0
standard,0.24,4,EXTRACT_GIVENS+UNIT_TRACK+UNCERTAINTY_BOUND+DANGER_CHECK,0.0375,0.2291,0.5382,0.3625,0.4347,0.0
saturated,0.95,4,UNIT_TRACK+STEP_COMPUTE+COMPARE_AXES+UNCERTAINTY_BOUND,0.0375,0.2226,0.4125,0.384,0.7931,0.0
strong,0.46,2,EXTRACT_GIVENS+UNIT_TRACK,0.0375,0.1903,0.4576,0.3812,0.4847,0.0
strong,0.46,6,SOURCE_BOUNDARY+MAP_RELATION+STEP_COMPUTE+COMPARE_AXES+UNCERTAINTY_BOUND+ORIGINAL_TASK_RETURN,0.0368,0.2544,0.4597,0.3486,0.6389,0.0111
standard,0.24,7,EXTRACT_GIVENS+SOURCE_BOUNDARY+MAP_RELATION+UNIT_TRACK+COMPARE_AXES+ORIGINAL_TASK_RETURN+DANGER_CHECK,0.0368,0.2542,0.5569,0.3097,0.5806,0.0111
standard,0.24,5,EXTRACT_GIVENS+SOURCE_BOUNDARY+UNIT_TRACK+STEP_COMPUTE+DANGER_CHECK,0.0368,0.2354,0.5292,0.3688,0.4931,0.0111
standard,0.24,7,SOURCE_BOUNDARY+MAP_RELATION+STEP_COMPUTE+COMPARE_AXES+UNCERTAINTY_BOUND+ORIGINAL_TASK_RETURN+DANGER_CHECK,0.0368,0.2268,0.4653,0.3299,0.5819,0.0111
strong,0.46,3,EXTRACT_GIVENS+ORIGINAL_TASK_RETURN+DANGER_CHECK,0.0368,0.2862,0.5875,0.3076,0.4507,0.0056
standard,0.24,4,SOURCE_BOUNDARY+VERIFY_RESULT+UNCERTAINTY_BOUND+DANGER_CHECK,0.0368,0.2586,0.5285,0.3153,0.4437,0.0056
saturated,0.95,3,MAP_RELATION+COMPARE_AXES+DANGER_CHECK,0.0368,0.2539,0.4882,0.3326,0.6083,0.0056
very_strong,0.7,5,SOURCE_BOUNDARY+STEP_COMPUTE+COMPARE_AXES+UNCERTAINTY_BOUND+ORIGINAL_TASK_RETURN,0.0368,0.2466,0.4417,0.3611,0.7257,0.0056
very_strong,0.7,4,SOURCE_BOUNDARY+MAP_RELATION+STEP_COMPUTE+COMPARE_AXES,0.0368,0.2459,0.4368,0.359,0.6271,0.0056
standard,0.24,4,EXTRACT_GIVENS+STEP_COMPUTE+ORIGINAL_TASK_RETURN+DANGER_CHECK,0.0368,0.2388,0.5583,0.35,0.4465,0.0056
standard,0.24,7,MAP_RELATION+UNIT_TRACK+STEP_COMPUTE+COMPARE_AXES+UNCERTAINTY_BOUND+ORIGINAL_TASK_RETURN+DANGER_CHECK,0.0368,0.2187,0.4792,0.3312,0.6104,0.0056
standard,0.24,3,STEP_COMPUTE+VERIFY_RESULT+ORIGINAL_TASK_RETURN,0.0368,0.2156,0.5229,0.3549,0.4507,0.0056
saturated,0.95,4,EXTRACT_GIVENS+SOURCE_BOUNDARY+COMPARE_AXES+ORIGINAL_TASK_RETURN,0.0368,0.288,0.5389,0.3431,0.6875,0.0
saturated,0.95,2,VERIFY_RESULT+ORIGINAL_TASK_RETURN,0.0368,0.268,0.5549,0.316,0.4188,0.0
very_strong,0.7,4,SOURCE_BOUNDARY+MAP_RELATION+UNIT_TRACK+UNCERTAINTY_BOUND,0.0368,0.2602,0.4507,0.3597,0.5646,0.0
very_strong,0.7,2,SOURCE_BOUNDARY+VERIFY_RESULT,0.0368,0.2601,0.4819,0.3215,0.4694,0.0
very_strong,0.7,4,MAP_RELATION+UNIT_TRACK+UNCERTAINTY_BOUND+ORIGINAL_TASK_RETURN,0.0368,0.2554,0.4681,0.3285,0.5583,0.0
standard,0.24,4,EXTRACT_GIVENS+MAP_RELATION+UNCERTAINTY_BOUND+ORIGINAL_TASK_RETURN,0.0368,0.2547,0.5743,0.3257,0.4181,0.0
strong,0.46,3,EXTRACT_GIVENS+UNIT_TRACK+DANGER_CHECK,0.0368,0.253,0.5319,0.3431,0.4924,0.0
very_strong,0.7,5,SOURCE_BOUNDARY+MAP_RELATION+UNIT_TRACK+COMPARE_AXES+UNCERTAINTY_BOUND,0.0368,0.2527,0.4021,0.3451,0.7229,0.0
saturated,0.95,5,SOURCE_BOUNDARY+UNIT_TRACK+STEP_COMPUTE+COMPARE_AXES+UNCERTAINTY_BOUND,0.0368,0.2517,0.4229,0.3701,0.8826,0.0
very_strong,0.7,2,EXTRACT_GIVENS+UNIT_TRACK,0.0368,0.2342,0.5014,0.3812,0.4833,0.0
standard,0.24,6,MAP_RELATION+UNIT_TRACK+STEP_COMPUTE+COMPARE_AXES+ORIGINAL_TASK_RETURN+DANGER_CHECK,0.0368,0.2085,0.4799,0.3556,0.6021,0.0
standard,0.24,5,EXTRACT_GIVENS+UNIT_TRACK+STEP_COMPUTE+COMPARE_AXES+ORIGINAL_TASK_RETURN,0.0368,0.2006,0.4986,0.3965,0.5792,0.0
very_strong,0.7,3,EXTRACT_GIVENS+SOURCE_BOUNDARY+ORIGINAL_TASK_RETURN,0.0361,0.2821,0.5479,0.3326,0.5028,0.0111
standard,0.24,5,STEP_COMPUTE+VERIFY_RESULT+COMPARE_AXES+ORIGINAL_TASK_RETURN+DANGER_CHECK,0.0361,0.2661,0.5722,0.2944,0.5,0.0111
standard,0.24,6,SOURCE_BOUNDARY+MAP_RELATION+STEP_COMPUTE+UNCERTAINTY_BOUND+ORIGINAL_TASK_RETURN+DANGER_CHECK,0.0361,0.2367,0.5181,0.3271,0.5181,0.0111
strong,0.46,3,EXTRACT_GIVENS+UNCERTAINTY_BOUND+ORIGINAL_TASK_RETURN,0.0361,0.2553,0.5319,0.3167,0.4437,0.0056
strong,0.46,3,VERIFY_RESULT+COMPARE_AXES+UNCERTAINTY_BOUND,0.0361,0.2489,0.4882,0.3396,0.4583,0.0056
standard,0.24,4,MAP_RELATION+UNIT_TRACK+VERIFY_RESULT+COMPARE_AXES,0.0361,0.2202,0.4764,0.3535,0.4847,0.0056
strong,0.46,6,SOURCE_BOUNDARY+MAP_RELATION+UNIT_TRACK+STEP_COMPUTE+COMPARE_AXES+ORIGINAL_TASK_RETURN,0.0361,0.2182,0.4292,0.3944,0.7153,0.0056
very_strong,0.7,5,SOURCE_BOUNDARY+MAP_RELATION+UNIT_TRACK+COMPARE_AXES+DANGER_CHECK,0.0361,0.2812,0.4694,0.3257,0.7354,0.0
strong,0.46,4,SOURCE_BOUNDARY+STEP_COMPUTE+VERIFY_RESULT+COMPARE_AXES,0.0361,0.2653,0.4917,0.3368,0.5868,0.0
standard,0.24,4,SOURCE_BOUNDARY+VERIFY_RESULT+ORIGINAL_TASK_RETURN+DANGER_CHECK,0.0361,0.2628,0.5715,0.3049,0.459,0.0
standard,0.24,6,EXTRACT_GIVENS+MAP_RELATION+UNIT_TRACK+COMPARE_AXES+ORIGINAL_TASK_RETURN+DANGER_CHECK,0.0361,0.253,0.5368,0.3271,0.5292,0.0
standard,0.24,5,SOURCE_BOUNDARY+VERIFY_RESULT+COMPARE_AXES+UNCERTAINTY_BOUND+DANGER_CHECK,0.0361,0.2522,0.509,0.325,0.5368,0.0
strong,0.46,3,UNIT_TRACK+VERIFY_RESULT+UNCERTAINTY_BOUND,0.0361,0.2508,0.4847,0.3312,0.4646,0.0
saturated,0.95,4,SOURCE_BOUNDARY+UNIT_TRACK+UNCERTAINTY_BOUND+DANGER_CHECK,0.0361,0.2473,0.4611,0.35,0.7382,0.0
very_strong,0.7,3,UNCERTAINTY_BOUND+ORIGINAL_TASK_RETURN+DANGER_CHECK,0.0361,0.2459,0.4889,0.3139,0.5132,0.0
very_strong,0.7,3,SOURCE_BOUNDARY+MAP_RELATION+STEP_COMPUTE,0.0361,0.2442,0.4285,0.375,0.5479,0.0
strong,0.46,3,SOURCE_BOUNDARY+UNIT_TRACK+VERIFY_RESULT,0.0361,0.237,0.4806,0.366,0.5271,0.0
strong,0.46,3,MAP_RELATION+UNCERTAINTY_BOUND+DANGER_CHECK,0.0361,0.2344,0.4556,0.3243,0.4396,0.0
strong,0.46,5,SOURCE_BOUNDARY+STEP_COMPUTE+COMPARE_AXES+ORIGINAL_TASK_RETURN+DANGER_CHECK,0.0361,0.2072,0.4493,0.3826,0.6743,0.0
very_strong,0.7,3,SOURCE_BOUNDARY+VERIFY_RESULT+COMPARE_AXES,0.0354,0.2643,0.4806,0.3354,0.5806,0.0111
saturated,0.95,3,MAP_RELATION+UNCERTAINTY_BOUND+ORIGINAL_TASK_RETURN,0.0354,0.262,0.5007,0.2979,0.4799,0.0111
standard,0.24,4,EXTRACT_GIVENS+SOURCE_BOUNDARY+VERIFY_RESULT+COMPARE_AXES,0.0354,0.2489,0.5417,0.3479,0.4201,0.0111
standard,0.24,5,EXTRACT_GIVENS+SOURCE_BOUNDARY+MAP_RELATION+STEP_COMPUTE+COMPARE_AXES,0.0354,0.2232,0.4861,0.3569,0.4792,0.0111
standard,0.24,4,VERIFY_RESULT+UNCERTAINTY_BOUND+ORIGINAL_TASK_RETURN+DANGER_CHECK,0.0354,0.2645,0.5708,0.2979,0.4354,0.0056
very_strong,0.7,5,SOURCE_BOUNDARY+MAP_RELATION+STEP_COMPUTE+COMPARE_AXES+ORIGINAL_TASK_RETURN,0.0354,0.2604,0.4437,0.3201,0.7167,0.0056
standard,0.24,7,SOURCE_BOUNDARY+MAP_RELATION+UNIT_TRACK+STEP_COMPUTE+UNCERTAINTY_BOUND+ORIGINAL_TASK_RETURN+DANGER_CHECK,0.0354,0.2388,0.491,0.3208,0.5764,0.0056
strong,0.46,5,EXTRACT_GIVENS+SOURCE_BOUNDARY+UNIT_TRACK+COMPARE_AXES+ORIGINAL_TASK_RETURN,0.0354,0.2254,0.4806,0.3861,0.625,0.0056
strong,0.46,4,EXTRACT_GIVENS+SOURCE_BOUNDARY+MAP_RELATION+COMPARE_AXES,0.0354,0.2767,0.5167,0.3458,0.4979,0.0
very_strong,0.7,6,SOURCE_BOUNDARY+UNIT_TRACK+STEP_COMPUTE+COMPARE_AXES+UNCERTAINTY_BOUND+ORIGINAL_TASK_RETURN,0.0354,0.2494,0.4278,0.3729,0.8472,0.0
standard,0.24,6,EXTRACT_GIVENS+MAP_RELATION+UNIT_TRACK+COMPARE_AXES+UNCERTAINTY_BOUND+ORIGINAL_TASK_RETURN,0.0354,0.2353,0.5319,0.3431,0.5111,0.0
very_strong,0.7,4,MAP_RELATION+UNIT_TRACK+COMPARE_AXES+UNCERTAINTY_BOUND,0.0354,0.2317,0.416,0.3785,0.6389,0.0
saturated,0.95,3,UNIT_TRACK+STEP_COMPUTE+UNCERTAINTY_BOUND,0.0354,0.2173,0.4111,0.3882,0.6604,0.0
standard,0.24,4,SOURCE_BOUNDARY+MAP_RELATION+UNIT_TRACK+VERIFY_RESULT,0.0354,0.2164,0.4785,0.3681,0.4701,0.0
standard,0.24,5,MAP_RELATION+UNIT_TRACK+STEP_COMPUTE+UNCERTAINTY_BOUND+DANGER_CHECK,0.0354,0.2044,0.4465,0.3507,0.509,0.0
standard,0.24,5,UNIT_TRACK+STEP_COMPUTE+VERIFY_RESULT+COMPARE_AXES+ORIGINAL_TASK_RETURN,0.0354,0.1912,0.4549,0.384,0.5694,0.0
standard,0.24,5,EXTRACT_GIVENS+UNIT_TRACK+UNCERTAINTY_BOUND+ORIGINAL_TASK_RETURN+DANGER_CHECK,0.0347,0.2396,0.5285,0.3208,0.4993,0.0167
very_strong,0.7,3,VERIFY_RESULT+COMPARE_AXES+ORIGINAL_TASK_RETURN,0.0347,0.2616,0.5097,0.3222,0.5264,0.0111
standard,0.24,6,EXTRACT_GIVENS+SOURCE_BOUNDARY+STEP_COMPUTE+COMPARE_AXES+ORIGINAL_TASK_RETURN+DANGER_CHECK,0.0347,0.2497,0.5507,0.3014,0.5708,0.0111
standard,0.24,4,EXTRACT_GIVENS+SOURCE_BOUNDARY+MAP_RELATION+DANGER_CHECK,0.0347,0.2484,0.5611,0.3569,0.4354,0.0111
very_strong,0.7,3,SOURCE_BOUNDARY+MAP_RELATION+DANGER_CHECK,0.0347,0.2573,0.4729,0.3333,0.5278,0.0056
very_strong,0.7,3,EXTRACT_GIVENS+SOURCE_BOUNDARY+COMPARE_AXES,0.0347,0.2501,0.4903,0.3486,0.5597,0.0056
very_strong,0.7,3,EXTRACT_GIVENS+COMPARE_AXES+ORIGINAL_TASK_RETURN,0.0347,0.2457,0.5354,0.3417,0.5604,0.0056
standard,0.24,6,MAP_RELATION+UNIT_TRACK+STEP_COMPUTE+UNCERTAINTY_BOUND+ORIGINAL_TASK_RETURN+DANGER_CHECK,0.0347,0.233,0.5146,0.3312,0.541,0.0056
standard,0.24,4,EXTRACT_GIVENS+UNCERTAINTY_BOUND+ORIGINAL_TASK_RETURN+DANGER_CHECK,0.0347,0.2546,0.5813,0.3319,0.4549,0.0
standard,0.24,3,EXTRACT_GIVENS+VERIFY_RESULT+COMPARE_AXES,0.0347,0.2489,0.5451,0.3215,0.4035,0.0
very_strong,0.7,4,SOURCE_BOUNDARY+UNIT_TRACK+STEP_COMPUTE+DANGER_CHECK,0.0347,0.2435,0.4861,0.3514,0.6806,0.0
strong,0.46,2,EXTRACT_GIVENS+DANGER_CHECK,0.0347,0.2433,0.5097,0.3431,0.4215,0.0
saturated,0.95,5,UNIT_TRACK+STEP_COMPUTE+COMPARE_AXES+UNCERTAINTY_BOUND+ORIGINAL_TASK_RETURN,0.0347,0.2398,0.4208,0.3479,0.8271,0.0
standard,0.24,5,MAP_RELATION+VERIFY_RESULT+COMPARE_AXES+UNCERTAINTY_BOUND+ORIGINAL_TASK_RETURN,0.0347,0.2349,0.4903,0.3264,0.5035,0.0
strong,0.46,6,SOURCE_BOUNDARY+UNIT_TRACK+STEP_COMPUTE+COMPARE_AXES+UNCERTAINTY_BOUND+DANGER_CHECK,0.0347,0.234,0.4354,0.3528,0.6889,0.0
strong,0.46,4,MAP_RELATION+COMPARE_AXES+ORIGINAL_TASK_RETURN+DANGER_CHECK,0.0347,0.2273,0.4972,0.3389,0.5778,0.0
standard,0.24,3,SOURCE_BOUNDARY+MAP_RELATION+VERIFY_RESULT,0.0347,0.2244,0.5021,0.3451,0.3972,0.0
standard,0.24,3,STEP_COMPUTE+VERIFY_RESULT+UNCERTAINTY_BOUND,0.0347,0.2237,0.5056,0.3444,0.4271,0.0
saturated,0.95,4,SOURCE_BOUNDARY+UNIT_TRACK+COMPARE_AXES+DANGER_CHECK,0.0347,0.219,0.4361,0.3757,0.8236,0.0
standard,0.24,3,MAP_RELATION+UNIT_TRACK+VERIFY_RESULT,0.0347,0.2149,0.4785,0.3743,0.4076,0.0
standard,0.24,5,SOURCE_BOUNDARY+MAP_RELATION+STEP_COMPUTE+ORIGINAL_TASK_RETURN+DANGER_CHECK,0.0347,0.2095,0.4868,0.3438,0.5312,0.0
very_strong,0.7,4,MAP_RELATION+UNIT_TRACK+COMPARE_AXES+ORIGINAL_TASK_RETURN,0.0347,0.2025,0.4285,0.384,0.6826,0.0
strong,0.46,3,SOURCE_BOUNDARY+ORIGINAL_TASK_RETURN+DANGER_CHECK,0.0347,0.1958,0.4736,0.3896,0.5472,0.0
saturated,0.95,3,SOURCE_BOUNDARY+UNIT_TRACK+STEP_COMPUTE,0.0347,0.1915,0.4368,0.4056,0.7403,0.0
standard,0.24,3,MAP_RELATION+UNIT_TRACK+STEP_COMPUTE,0.0347,0.1537,0.3694,0.4264,0.4931,0.0
standard,0.24,3,VERIFY_RESULT+ORIGINAL_TASK_RETURN+DANGER_CHECK,0.034,0.2324,0.5472,0.3194,0.4368,0.0167
standard,0.24,4,EXTRACT_GIVENS+UNIT_TRACK+ORIGINAL_TASK_RETURN+DANGER_CHECK,0.034,0.2207,0.5479,0.3583,0.5042,0.0111
saturated,0.95,3,EXTRACT_GIVENS+SOURCE_BOUNDARY+COMPARE_AXES,0.034,0.2631,0.4778,0.3312,0.6312,0.0056
saturated,0.95,3,STEP_COMPUTE+UNCERTAINTY_BOUND+DANGER_CHECK,0.034,0.2617,0.4701,0.3257,0.541,0.0056
standard,0.24,6,EXTRACT_GIVENS+SOURCE_BOUNDARY+UNIT_TRACK+UNCERTAINTY_BOUND+ORIGINAL_TASK_RETURN+DANGER_CHECK,0.034,0.2512,0.5431,0.3139,0.5465,0.0056
very_strong,0.7,4,SOURCE_BOUNDARY+UNIT_TRACK+UNCERTAINTY_BOUND+DANGER_CHECK,0.034,0.2397,0.4451,0.3444,0.6604,0.0056
strong,0.46,5,UNIT_TRACK+STEP_COMPUTE+UNCERTAINTY_BOUND+ORIGINAL_TASK_RETURN+DANGER_CHECK,0.034,0.2373,0.4799,0.3444,0.634,0.0056
standard,0.24,5,EXTRACT_GIVENS+MAP_RELATION+COMPARE_AXES+UNCERTAINTY_BOUND+ORIGINAL_TASK_RETURN,0.034,0.2249,0.5118,0.3528,0.4806,0.0056
standard,0.24,6,SOURCE_BOUNDARY+MAP_RELATION+UNIT_TRACK+STEP_COMPUTE+ORIGINAL_TASK_RETURN+DANGER_CHECK,0.034,0.2161,0.4931,0.3549,0.5493,0.0056
strong,0.46,4,EXTRACT_GIVENS+SOURCE_BOUNDARY+STEP_COMPUTE+COMPARE_AXES,0.034,0.245,0.4826,0.3625,0.5764,0.0
very_strong,0.7,4,UNIT_TRACK+STEP_COMPUTE+COMPARE_AXES+DANGER_CHECK,0.034,0.2314,0.4451,0.375,0.7507,0.0
strong,0.46,2,SOURCE_BOUNDARY+VERIFY_RESULT,0.034,0.2172,0.4618,0.3465,0.4368,0.0
strong,0.46,4,UNIT_TRACK+STEP_COMPUTE+ORIGINAL_TASK_RETURN+DANGER_CHECK,0.034,0.2129,0.4646,0.3465,0.5917,0.0
standard,0.24,5,EXTRACT_GIVENS+SOURCE_BOUNDARY+MAP_RELATION+UNIT_TRACK+COMPARE_AXES,0.034,0.2117,0.4688,0.3667,0.5375,0.0
standard,0.24,3,EXTRACT_GIVENS+MAP_RELATION+UNIT_TRACK,0.034,0.199,0.4792,0.366,0.425,0.0
strong,0.46,3,COMPARE_AXES+UNCERTAINTY_BOUND+DANGER_CHECK,0.034,0.1833,0.4201,0.3868,0.5382,0.0
standard,0.24,4,EXTRACT_GIVENS+UNIT_TRACK+STEP_COMPUTE+COMPARE_AXES,0.034,0.1829,0.441,0.4201,0.5285,0.0
standard,0.24,6,SOURCE_BOUNDARY+MAP_RELATION+UNIT_TRACK+VERIFY_RESULT+COMPARE_AXES+UNCERTAINTY_BOUND,0.0333,0.2388,0.4785,0.3236,0.516,0.0167
saturated,0.95,3,EXTRACT_GIVENS+SOURCE_BOUNDARY+UNIT_TRACK,0.0333,0.2643,0.5,0.3333,0.6285,0.0111
standard,0.24,5,UNIT_TRACK+STEP_COMPUTE+VERIFY_RESULT+COMPARE_AXES+DANGER_CHECK,0.0333,0.231,0.5153,0.3375,0.5285,0.0111
very_strong,0.7,4,SOURCE_BOUNDARY+UNIT_TRACK+VERIFY_RESULT+COMPARE_AXES,0.0333,0.266,0.4792,0.3361,0.6771,0.0056
saturated,0.95,3,SOURCE_BOUNDARY+MAP_RELATION+UNCERTAINTY_BOUND,0.0333,0.252,0.4611,0.3174,0.5424,0.0056
standard,0.24,3,STEP_COMPUTE+VERIFY_RESULT+DANGER_CHECK,0.0333,0.2416,0.5139,0.2938,0.4139,0.0056
standard,0.24,6,EXTRACT_GIVENS+SOURCE_BOUNDARY+UNIT_TRACK+COMPARE_AXES+UNCERTAINTY_BOUND+DANGER_CHECK,0.0333,0.2228,0.4826,0.3528,0.5521,0.0056
saturated,0.95,5,SOURCE_BOUNDARY+STEP_COMPUTE+COMPARE_AXES+UNCERTAINTY_BOUND+ORIGINAL_TASK_RETURN,0.0333,0.2517,0.4576,0.3465,0.8354,0.0
strong,0.46,2,EXTRACT_GIVENS+UNCERTAINTY_BOUND,0.0333,0.233,0.5028,0.3618,0.3924,0.0
standard,0.24,6,EXTRACT_GIVENS+SOURCE_BOUNDARY+MAP_RELATION+UNIT_TRACK+COMPARE_AXES+UNCERTAINTY_BOUND,0.0333,0.232,0.4743,0.3625,0.5042,0.0
saturated,0.95,4,UNIT_TRACK+STEP_COMPUTE+COMPARE_AXES+DANGER_CHECK,0.0333,0.2289,0.441,0.3632,0.8139,0.0
strong,0.46,2,EXTRACT_GIVENS+STEP_COMPUTE,0.0333,0.2272,0.4625,0.3764,0.4271,0.0
strong,0.46,4,SOURCE_BOUNDARY+MAP_RELATION+STEP_COMPUTE+ORIGINAL_TASK_RETURN,0.0333,0.2265,0.484,0.3667,0.5618,0.0
saturated,0.95,4,SOURCE_BOUNDARY+COMPARE_AXES+UNCERTAINTY_BOUND+ORIGINAL_TASK_RETURN,0.0333,0.2135,0.4347,0.3958,0.7326,0.0
strong,0.46,3,MAP_RELATION+UNIT_TRACK+DANGER_CHECK,0.0333,0.2074,0.4382,0.3632,0.5222,0.0
standard,0.24,4,EXTRACT_GIVENS+STEP_COMPUTE+COMPARE_AXES+UNCERTAINTY_BOUND,0.0333,0.2053,0.4632,0.3736,0.4653,0.0
strong,0.46,2,UNIT_TRACK+VERIFY_RESULT,0.0333,0.2048,0.4639,0.3799,0.4444,0.0
very_strong,0.7,4,UNIT_TRACK+COMPARE_AXES+ORIGINAL_TASK_RETURN+DANGER_CHECK,0.0333,0.2009,0.4493,0.3875,0.7153,0.0
strong,0.46,5,SOURCE_BOUNDARY+UNIT_TRACK+COMPARE_AXES+ORIGINAL_TASK_RETURN+DANGER_CHECK,0.0333,0.1868,0.4313,0.4118,0.7507,0.0
very_strong,0.7,2,MAP_RELATION+DANGER_CHECK,0.0326,0.2311,0.4354,0.341,0.4417,0.0111
standard,0.24,4,MAP_RELATION+VERIFY_RESULT+COMPARE_AXES+UNCERTAINTY_BOUND,0.0326,0.2251,0.4813,0.35,0.4361,0.0111
saturated,0.95,3,SOURCE_BOUNDARY+VERIFY_RESULT+COMPARE_AXES,0.0326,0.2734,0.5028,0.316,0.6056,0.0056
strong,0.46,3,VERIFY_RESULT+COMPARE_AXES+DANGER_CHECK,0.0326,0.2575,0.5229,0.334,0.4951,0.0056
very_strong,0.7,4,MAP_RELATION+COMPARE_AXES+UNCERTAINTY_BOUND+ORIGINAL_TASK_RETURN,0.0326,0.2399,0.45,0.3319,0.6014,0.0056
standard,0.24,3,SOURCE_BOUNDARY+VERIFY_RESULT+DANGER_CHECK,0.0326,0.2327,0.5424,0.3354,0.4222,0.0056
standard,0.24,5,SOURCE_BOUNDARY+MAP_RELATION+UNCERTAINTY_BOUND+ORIGINAL_TASK_RETURN+DANGER_CHECK,0.0326,0.2305,0.5292,0.3083,0.4729,0.0056
strong,0.46,4,EXTRACT_GIVENS+SOURCE_BOUNDARY+UNIT_TRACK+ORIGINAL_TASK_RETURN,0.0326,0.2282,0.4993,0.3604,0.559,0.0056
standard,0.24,4,EXTRACT_GIVENS+SOURCE_BOUNDARY+MAP_RELATION+ORIGINAL_TASK_RETURN,0.0326,0.2221,0.5306,0.3417,0.4722,0.0056
saturated,0.95,3,EXTRACT_GIVENS+COMPARE_AXES+ORIGINAL_TASK_RETURN,0.0326,0.2587,0.5326,0.3174,0.5951,0.0
saturated,0.95,4,MAP_RELATION+UNIT_TRACK+COMPARE_AXES+UNCERTAINTY_BOUND,0.0326,0.2415,0.4229,0.3757,0.6868,0.0
saturated,0.95,4,SOURCE_BOUNDARY+STEP_COMPUTE+COMPARE_AXES+DANGER_CHECK,0.0326,0.2325,0.45,0.3583,0.7882,0.0
standard,0.24,5,EXTRACT_GIVENS+MAP_RELATION+UNIT_TRACK+COMPARE_AXES+DANGER_CHECK,0.0326,0.2318,0.4972,0.3465,0.5062,0.0
standard,0.24,6,UNIT_TRACK+STEP_COMPUTE+VERIFY_RESULT+COMPARE_AXES+UNCERTAINTY_BOUND+ORIGINAL_TASK_RETURN,0.0326,0.2287,0.5014,0.3486,0.5694,0.0
standard,0.24,6,EXTRACT_GIVENS+UNIT_TRACK+STEP_COMPUTE+COMPARE_AXES+UNCERTAINTY_BOUND+ORIGINAL_TASK_RETURN,0.0326,0.221,0.4979,0.3639,0.525,0.0
standard,0.24,5,SOURCE_BOUNDARY+STEP_COMPUTE+VERIFY_RESULT+COMPARE_AXES+ORIGINAL_TASK_RETURN,0.0326,0.2206,0.5,0.3319,0.5681,0.0
saturated,0.95,5,SOURCE_BOUNDARY+UNIT_TRACK+COMPARE_AXES+UNCERTAINTY_BOUND+ORIGINAL_TASK_RETURN,0.0326,0.2187,0.4229,0.3681,0.8979,0.0
standard,0.24,4,EXTRACT_GIVENS+STEP_COMPUTE+COMPARE_AXES+DANGER_CHECK,0.0326,0.2162,0.5285,0.3563,0.491,0.0
standard,0.24,5,EXTRACT_GIVENS+SOURCE_BOUNDARY+UNIT_TRACK+STEP_COMPUTE+ORIGINAL_TASK_RETURN,0.0326,0.2077,0.4958,0.3743,0.5354,0.0
standard,0.24,4,MAP_RELATION+STEP_COMPUTE+ORIGINAL_TASK_RETURN+DANGER_CHECK,0.0326,0.2073,0.4785,0.3396,0.4778,0.0
standard,0.24,5,EXTRACT_GIVENS+SOURCE_BOUNDARY+UNIT_TRACK+STEP_COMPUTE+UNCERTAINTY_BOUND,0.0326,0.2071,0.4792,0.3799,0.5319,0.0
strong,0.46,5,UNIT_TRACK+COMPARE_AXES+UNCERTAINTY_BOUND+ORIGINAL_TASK_RETURN+DANGER_CHECK,0.0326,0.2052,0.4597,0.3611,0.6875,0.0
standard,0.24,4,EXTRACT_GIVENS+MAP_RELATION+UNIT_TRACK+COMPARE_AXES,0.0326,0.1916,0.4667,0.3979,0.4625,0.0
very_strong,0.7,2,UNIT_TRACK+STEP_COMPUTE,0.0326,0.1665,0.3854,0.4326,0.5785,0.0
strong,0.46,5,SOURCE_BOUNDARY+MAP_RELATION+STEP_COMPUTE+COMPARE_AXES+DANGER_CHECK,0.0319,0.2579,0.4542,0.3424,0.6042,0.0111
standard,0.24,5,EXTRACT_GIVENS+SOURCE_BOUNDARY+STEP_COMPUTE+UNCERTAINTY_BOUND+ORIGINAL_TASK_RETURN,0.0319,0.2386,0.5333,0.3243,0.4951,0.0111
standard,0.24,3,VERIFY_RESULT+UNCERTAINTY_BOUND+DANGER_CHECK,0.0319,0.2345,0.5299,0.3229,0.4222,0.0111
standard,0.24,4,UNIT_TRACK+VERIFY_RESULT+UNCERTAINTY_BOUND+ORIGINAL_TASK_RETURN,0.0319,0.2183,0.5035,0.3396,0.466,0.0111
strong,0.46,5,SOURCE_BOUNDARY+MAP_RELATION+STEP_COMPUTE+COMPARE_AXES+ORIGINAL_TASK_RETURN,0.0319,0.2149,0.4556,0.3903,0.6514,0.0111
very_strong,0.7,2,VERIFY_RESULT+ORIGINAL_TASK_RETURN,0.0319,0.2498,0.5264,0.3354,0.4535,0.0056
standard,0.24,5,EXTRACT_GIVENS+SOURCE_BOUNDARY+UNIT_TRACK+UNCERTAINTY_BOUND+DANGER_CHECK,0.0319,0.2414,0.5222,0.3424,0.4722,0.0056
standard,0.24,4,SOURCE_BOUNDARY+MAP_RELATION+VERIFY_RESULT+ORIGINAL_TASK_RETURN,0.0319,0.241,0.534,0.3312,0.4535,0.0056
standard,0.24,6,SOURCE_BOUNDARY+UNIT_TRACK+VERIFY_RESULT+COMPARE_AXES+UNCERTAINTY_BOUND+ORIGINAL_TASK_RETURN,0.0319,0.2081,0.5021,0.3833,0.5938,0.0056
standard,0.24,6,EXTRACT_GIVENS+SOURCE_BOUNDARY+MAP_RELATION+UNIT_TRACK+UNCERTAINTY_BOUND+ORIGINAL_TASK_RETURN,0.0319,0.2454,0.5208,0.3333,0.5111,0.0
very_strong,0.7,2,EXTRACT_GIVENS+SOURCE_BOUNDARY,0.0319,0.2436,0.5028,0.3514,0.4604,0.0
very_strong,0.7,4,STEP_COMPUTE+COMPARE_AXES+ORIGINAL_TASK_RETURN+DANGER_CHECK,0.0319,0.242,0.4771,0.3354,0.6813,0.0
strong,0.46,3,EXTRACT_GIVENS+STEP_COMPUTE+COMPARE_AXES,0.0319,0.2289,0.4611,0.3951,0.5285,0.0
standard,0.24,6,EXTRACT_GIVENS+SOURCE_BOUNDARY+STEP_COMPUTE+COMPARE_AXES+UNCERTAINTY_BOUND+ORIGINAL_TASK_RETURN,0.0319,0.2239,0.5097,0.3438,0.5375,0.0
standard,0.24,5,SOURCE_BOUNDARY+MAP_RELATION+STEP_COMPUTE+UNCERTAINTY_BOUND+DANGER_CHECK,0.0319,0.2164,0.4562,0.3403,0.5062,0.0
saturated,0.95,3,STEP_COMPUTE+COMPARE_AXES+UNCERTAINTY_BOUND,0.0319,0.2111,0.4424,0.3889,0.6778,0.0
strong,0.46,4,MAP_RELATION+STEP_COMPUTE+COMPARE_AXES+ORIGINAL_TASK_RETURN,0.0319,0.2083,0.441,0.3743,0.5854,0.0
strong,0.46,4,MAP_RELATION+UNIT_TRACK+UNCERTAINTY_BOUND+ORIGINAL_TASK_RETURN,0.0319,0.2078,0.4576,0.3514,0.5743,0.0
saturated,0.95,3,COMPARE_AXES+ORIGINAL_TASK_RETURN+DANGER_CHECK,0.0319,0.2067,0.4785,0.3833,0.6438,0.0
standard,0.24,6,EXTRACT_GIVENS+SOURCE_BOUNDARY+UNIT_TRACK+STEP_COMPUTE+COMPARE_AXES+UNCERTAINTY_BOUND,0.0319,0.2059,0.4521,0.3729,0.5889,0.0
standard,0.24,4,EXTRACT_GIVENS+MAP_RELATION+COMPARE_AXES+UNCERTAINTY_BOUND,0.0319,0.2037,0.459,0.3917,0.4549,0.0
standard,0.24,4,UNIT_TRACK+STEP_COMPUTE+VERIFY_RESULT+COMPARE_AXES,0.0319,0.1808,0.4417,0.4181,0.5215,0.0
saturated,0.95,2,UNIT_TRACK+STEP_COMPUTE,0.0319,0.1732,0.4014,0.4236,0.6347,0.0
strong,0.46,2,VERIFY_RESULT+UNCERTAINTY_BOUND,0.0312,0.2392,0.4688,0.3201,0.3764,0.0167
standard,0.24,6,SOURCE_BOUNDARY+MAP_RELATION+UNIT_TRACK+VERIFY_RESULT+COMPARE_AXES+ORIGINAL_TASK_RETURN,0.0312,0.2302,0.4715,0.3333,0.5778,0.0056
standard,0.24,5,STEP_COMPUTE+VERIFY_RESULT+COMPARE_AXES+UNCERTAINTY_BOUND+ORIGINAL_TASK_RETURN,0.0312,0.2285,0.4993,0.3271,0.5306,0.0056
saturated,0.95,4,STEP_COMPUTE+COMPARE_AXES+UNCERTAINTY_BOUND+ORIGINAL_TASK_RETURN,0.0312,0.2283,0.4424,0.3444,0.7076,0.0056
standard,0.24,6,EXTRACT_GIVENS+SOURCE_BOUNDARY+UNIT_TRACK+STEP_COMPUTE+UNCERTAINTY_BOUND+ORIGINAL_TASK_RETURN,0.0312,0.2235,0.4972,0.3458,0.5458,0.0056
standard,0.24,6,EXTRACT_GIVENS+SOURCE_BOUNDARY+MAP_RELATION+UNIT_TRACK+COMPARE_AXES+ORIGINAL_TASK_RETURN,0.0312,0.2204,0.5062,0.3576,0.5632,0.0056
strong,0.46,4,SOURCE_BOUNDARY+MAP_RELATION+UNIT_TRACK+ORIGINAL_TASK_RETURN,0.0312,0.1945,0.4229,0.3861,0.575,0.0056
saturated,0.95,4,SOURCE_BOUNDARY+MAP_RELATION+COMPARE_AXES+UNCERTAINTY_BOUND,0.0312,0.2559,0.4292,0.3326,0.6604,0.0
saturated,0.95,4,STEP_COMPUTE+COMPARE_AXES+ORIGINAL_TASK_RETURN+DANGER_CHECK,0.0312,0.2435,0.5215,0.334,0.7632,0.0
saturated,0.95,4,UNIT_TRACK+COMPARE_AXES+ORIGINAL_TASK_RETURN+DANGER_CHECK,0.0312,0.2134,0.4854,0.3868,0.7646,0.0
strong,0.46,5,UNIT_TRACK+STEP_COMPUTE+COMPARE_AXES+ORIGINAL_TASK_RETURN+DANGER_CHECK,0.0312,0.2086,0.4667,0.3556,0.7069,0.0
standard,0.24,5,EXTRACT_GIVENS+UNIT_TRACK+COMPARE_AXES+ORIGINAL_TASK_RETURN+DANGER_CHECK,0.0312,0.207,0.534,0.3771,0.5556,0.0
very_strong,0.7,3,STEP_COMPUTE+UNCERTAINTY_BOUND+ORIGINAL_TASK_RETURN,0.0312,0.1981,0.4292,0.3688,0.5771,0.0
very_strong,0.7,3,STEP_COMPUTE+COMPARE_AXES+UNCERTAINTY_BOUND,0.0312,0.1928,0.4014,0.3951,0.5979,0.0
very_strong,0.7,3,SOURCE_BOUNDARY+MAP_RELATION+UNCERTAINTY_BOUND,0.0306,0.2263,0.4097,0.359,0.4917,0.0056
standard,0.24,5,SOURCE_BOUNDARY+UNIT_TRACK+VERIFY_RESULT+COMPARE_AXES+DANGER_CHECK,0.0306,0.2207,0.4972,0.3563,0.575,0.0056
saturated,0.95,4,SOURCE_BOUNDARY+UNIT_TRACK+UNCERTAINTY_BOUND+ORIGINAL_TASK_RETURN,0.0306,0.2112,0.4472,0.3785,0.7396,0.0056
saturated,0.95,3,UNIT_TRACK+VERIFY_RESULT+COMPARE_AXES,0.0306,0.2418,0.5035,0.3424,0.6542,0.0
standard,0.24,5,EXTRACT_GIVENS+SOURCE_BOUNDARY+MAP_RELATION+COMPARE_AXES+UNCERTAINTY_BOUND,0.0306,0.2378,0.5,0.3368,0.4868,0.0
very_strong,0.7,5,SOURCE_BOUNDARY+UNIT_TRACK+STEP_COMPUTE+COMPARE_AXES+UNCERTAINTY_BOUND,0.0306,0.2372,0.4146,0.3708,0.7799,0.0
saturated,0.95,4,SOURCE_BOUNDARY+STEP_COMPUTE+COMPARE_AXES+UNCERTAINTY_BOUND,0.0306,0.2341,0.4375,0.3646,0.7743,0.0
standard,0.24,3,EXTRACT_GIVENS+MAP_RELATION+DANGER_CHECK,0.0306,0.2324,0.5361,0.3403,0.3868,0.0
standard,0.24,6,SOURCE_BOUNDARY+UNIT_TRACK+VERIFY_RESULT+COMPARE_AXES+ORIGINAL_TASK_RETURN+DANGER_CHECK,0.0306,0.2319,0.5292,0.3396,0.6368,0.0
standard,0.24,4,EXTRACT_GIVENS+COMPARE_AXES+UNCERTAINTY_BOUND+DANGER_CHECK,0.0306,0.2317,0.5076,0.3396,0.4611,0.0
standard,0.24,4,EXTRACT_GIVENS+SOURCE_BOUNDARY+MAP_RELATION+UNCERTAINTY_BOUND,0.0306,0.2308,0.5125,0.3389,0.4194,0.0
very_strong,0.7,3,UNIT_TRACK+VERIFY_RESULT+COMPARE_AXES,0.0306,0.2304,0.4465,0.3521,0.566,0.0
strong,0.46,5,SOURCE_BOUNDARY+UNIT_TRACK+STEP_COMPUTE+ORIGINAL_TASK_RETURN+DANGER_CHECK,0.0306,0.2197,0.4924,0.3674,0.6674,0.0
strong,0.46,4,SOURCE_BOUNDARY+MAP_RELATION+COMPARE_AXES+DANGER_CHECK,0.0306,0.2175,0.4604,0.3556,0.5868,0.0
very_strong,0.7,3,SOURCE_BOUNDARY+MAP_RELATION+ORIGINAL_TASK_RETURN,0.0306,0.2147,0.4625,0.3653,0.5653,0.0
saturated,0.95,3,SOURCE_BOUNDARY+UNCERTAINTY_BOUND+ORIGINAL_TASK_RETURN,0.0306,0.2111,0.4528,0.3729,0.5903,0.0
saturated,0.95,3,SOURCE_BOUNDARY+COMPARE_AXES+DANGER_CHECK,0.0306,0.2104,0.4583,0.391,0.6965,0.0
very_strong,0.7,2,MAP_RELATION+UNCERTAINTY_BOUND,0.0306,0.2102,0.4139,0.3729,0.4271,0.0
standard,0.24,3,UNIT_TRACK+VERIFY_RESULT+DANGER_CHECK,0.0306,0.2098,0.5014,0.3458,0.434,0.0
strong,0.46,4,EXTRACT_GIVENS+SOURCE_BOUNDARY+UNIT_TRACK+COMPARE_AXES,0.0306,0.2045,0.4229,0.4021,0.5993,0.0
strong,0.46,4,MAP_RELATION+UNIT_TRACK+COMPARE_AXES+DANGER_CHECK,0.0306,0.2034,0.4382,0.3868,0.5993,0.0
strong,0.46,4,STEP_COMPUTE+COMPARE_AXES+ORIGINAL_TASK_RETURN+DANGER_CHECK,0.0306,0.1996,0.4701,0.3569,0.5986,0.0
standard,0.24,3,EXTRACT_GIVENS+SOURCE_BOUNDARY+MAP_RELATION,0.0306,0.1992,0.4792,0.366,0.4056,0.0
standard,0.24,5,MAP_RELATION+UNIT_TRACK+STEP_COMPUTE+COMPARE_AXES+DANGER_CHECK,0.0306,0.1953,0.4507,0.3937,0.5396,0.0
standard,0.24,4,EXTRACT_GIVENS+SOURCE_BOUNDARY+COMPARE_AXES+UNCERTAINTY_BOUND,0.0306,0.1867,0.4479,0.4014,0.5014,0.0
standard,0.24,5,SOURCE_BOUNDARY+MAP_RELATION+VERIFY_RESULT+COMPARE_AXES+ORIGINAL_TASK_RETURN,0.0299,0.2416,0.5229,0.3139,0.5056,0.0111
very_strong,0.7,2,EXTRACT_GIVENS+ORIGINAL_TASK_RETURN,0.0299,0.2502,0.5333,0.3146,0.4458,0.0056
saturated,0.95,3,UNIT_TRACK+UNCERTAINTY_BOUND+DANGER_CHECK,0.0299,0.2276,0.4694,0.3444,0.6118,0.0056
standard,0.24,5,MAP_RELATION+UNIT_TRACK+VERIFY_RESULT+COMPARE_AXES+UNCERTAINTY_BOUND,0.0299,0.2252,0.459,0.3632,0.4549,0.0056
strong,0.46,4,SOURCE_BOUNDARY+STEP_COMPUTE+ORIGINAL_TASK_RETURN+DANGER_CHECK,0.0299,0.2194,0.4951,0.3396,0.6118,0.0056
standard,0.24,3,EXTRACT_GIVENS+UNCERTAINTY_BOUND+DANGER_CHECK,0.0299,0.2182,0.5125,0.3542,0.4076,0.0056
strong,0.46,3,STEP_COMPUTE+UNCERTAINTY_BOUND+DANGER_CHECK,0.0299,0.2173,0.4771,0.3694,0.4854,0.0056
standard,0.24,4,UNIT_TRACK+VERIFY_RESULT+COMPARE_AXES+DANGER_CHECK,0.0299,0.2159,0.5188,0.3528,0.4653,0.0056
standard,0.24,5,SOURCE_BOUNDARY+MAP_RELATION+UNIT_TRACK+VERIFY_RESULT+COMPARE_AXES,0.0299,0.2154,0.4833,0.3597,0.5403,0.0056
saturated,0.95,3,VERIFY_RESULT+COMPARE_AXES+ORIGINAL_TASK_RETURN,0.0299,0.266,0.5271,0.3056,0.5674,0.0
saturated,0.95,3,SOURCE_BOUNDARY+STEP_COMPUTE+UNCERTAINTY_BOUND,0.0299,0.2277,0.4431,0.3514,0.6076,0.0
strong,0.46,5,SOURCE_BOUNDARY+MAP_RELATION+COMPARE_AXES+UNCERTAINTY_BOUND+ORIGINAL_TASK_RETURN,0.0299,0.2259,0.4562,0.3521,0.5938,0.0
strong,0.46,3,EXTRACT_GIVENS+UNIT_TRACK+ORIGINAL_TASK_RETURN,0.0299,0.2131,0.5215,0.3729,0.5035,0.0
very_strong,0.7,2,UNCERTAINTY_BOUND+DANGER_CHECK,0.0299,0.2065,0.4493,0.3375,0.4722,0.0
strong,0.46,3,MAP_RELATION+COMPARE_AXES+DANGER_CHECK,0.0299,0.2023,0.4458,0.3701,0.5042,0.0
standard,0.24,4,EXTRACT_GIVENS+SOURCE_BOUNDARY+UNIT_TRACK+UNCERTAINTY_BOUND,0.0299,0.1927,0.4792,0.3792,0.4785,0.0
strong,0.46,4,UNIT_TRACK+STEP_COMPUTE+COMPARE_AXES+DANGER_CHECK,0.0299,0.181,0.416,0.3903,0.6062,0.0
strong,0.46,4,UNIT_TRACK+COMPARE_AXES+UNCERTAINTY_BOUND+DANGER_CHECK,0.0299,0.1787,0.4292,0.4069,0.6639,0.0
saturated,0.95,2,EXTRACT_GIVENS+ORIGINAL_TASK_RETURN,0.0292,0.2567,0.5458,0.2965,0.4486,0.0111
standard,0.24,7,EXTRACT_GIVENS+SOURCE_BOUNDARY+UNIT_TRACK+STEP_COMPUTE+COMPARE_AXES+ORIGINAL_TASK_RETURN+DANGER_CHECK,0.0292,0.2358,0.5243,0.3354,0.6132,0.0111
standard,0.24,5,MAP_RELATION+STEP_COMPUTE+UNCERTAINTY_BOUND+ORIGINAL_TASK_RETURN+DANGER_CHECK,0.0292,0.2204,0.5174,0.3319,0.5069,0.0111
strong,0.46,4,SOURCE_BOUNDARY+STEP_COMPUTE+UNCERTAINTY_BOUND+DANGER_CHECK,0.0292,0.2427,0.4771,0.3312,0.5403,0.0056
very_strong,0.7,5,SOURCE_BOUNDARY+MAP_RELATION+UNIT_TRACK+COMPARE_AXES+ORIGINAL_TASK_RETURN,0.0292,0.2253,0.4389,0.3611,0.7333,0.0056
standard,0.24,5,EXTRACT_GIVENS+SOURCE_BOUNDARY+UNIT_TRACK+ORIGINAL_TASK_RETURN+DANGER_CHECK,0.0292,0.2217,0.5229,0.3583,0.5083,0.0056
very_strong,0.7,5,SOURCE_BOUNDARY+UNIT_TRACK+COMPARE_AXES+UNCERTAINTY_BOUND+ORIGINAL_TASK_RETURN,0.0292,0.2073,0.4,0.3694,0.7764,0.0056
strong,0.46,3,EXTRACT_GIVENS+SOURCE_BOUNDARY+UNIT_TRACK,0.0292,0.206,0.4785,0.3896,0.5118,0.0056
very_strong,0.7,3,UNIT_TRACK+UNCERTAINTY_BOUND+DANGER_CHECK,0.0292,0.202,0.4521,0.4028,0.5639,0.0056
standard,0.24,4,UNIT_TRACK+STEP_COMPUTE+UNCERTAINTY_BOUND+DANGER_CHECK,0.0292,0.1849,0.4535,0.3688,0.541,0.0056
standard,0.24,6,EXTRACT_GIVENS+SOURCE_BOUNDARY+MAP_RELATION+COMPARE_AXES+UNCERTAINTY_BOUND+ORIGINAL_TASK_RETURN,0.0292,0.2451,0.5153,0.3174,0.4882,0.0
saturated,0.95,2,EXTRACT_GIVENS+SOURCE_BOUNDARY,0.0292,0.2432,0.5146,0.3556,0.4562,0.0
very_strong,0.7,3,STEP_COMPUTE+ORIGINAL_TASK_RETURN+DANGER_CHECK,0.0292,0.2419,0.4986,0.3187,0.5569,0.0
saturated,0.95,3,SOURCE_BOUNDARY+MAP_RELATION+ORIGINAL_TASK_RETURN,0.0292,0.2342,0.4979,0.341,0.591,0.0
very_strong,0.7,3,MAP_RELATION+COMPARE_AXES+UNCERTAINTY_BOUND,0.0292,0.2235,0.4236,0.3708,0.5444,0.0
strong,0.46,3,MAP_RELATION+ORIGINAL_TASK_RETURN+DANGER_CHECK,0.0292,0.2232,0.5271,0.3493,0.5153,0.0
strong,0.46,4,EXTRACT_GIVENS+SOURCE_BOUNDARY+COMPARE_AXES+ORIGINAL_TASK_RETURN,0.0292,0.2215,0.4903,0.3757,0.5389,0.0
standard,0.24,3,EXTRACT_GIVENS+MAP_RELATION+UNCERTAINTY_BOUND,0.0292,0.221,0.4826,0.3465,0.3715,0.0
very_strong,0.7,2,EXTRACT_GIVENS+COMPARE_AXES,0.0292,0.2202,0.4819,0.3736,0.5083,0.0
strong,0.46,4,EXTRACT_GIVENS+UNIT_TRACK+COMPARE_AXES+ORIGINAL_TASK_RETURN,0.0292,0.2186,0.4965,0.3694,0.5694,0.0
standard,0.24,5,MAP_RELATION+STEP_COMPUTE+COMPARE_AXES+UNCERTAINTY_BOUND+DANGER_CHECK,0.0292,0.2127,0.4465,0.3688,0.5076,0.0
standard,0.24,5,EXTRACT_GIVENS+MAP_RELATION+UNIT_TRACK+COMPARE_AXES+ORIGINAL_TASK_RETURN,0.0292,0.2105,0.5021,0.3708,0.4958,0.0
saturated,0.95,3,SOURCE_BOUNDARY+STEP_COMPUTE+ORIGINAL_TASK_RETURN,0.0292,0.2039,0.4549,0.35,0.6833,0.0
standard,0.24,4,EXTRACT_GIVENS+UNIT_TRACK+COMPARE_AXES+DANGER_CHECK,0.0292,0.1984,0.5028,0.3764,0.5104,0.0
standard,0.24,5,EXTRACT_GIVENS+SOURCE_BOUNDARY+UNIT_TRACK+STEP_COMPUTE+COMPARE_AXES,0.0292,0.1894,0.4604,0.3903,0.5646,0.0
standard,0.24,4,MAP_RELATION+STEP_COMPUTE+COMPARE_AXES+DANGER_CHECK,0.0292,0.1888,0.4368,0.3854,0.5049,0.0
saturated,0.95,2,STEP_COMPUTE+UNCERTAINTY_BOUND,0.0292,0.1884,0.4264,0.384,0.5132,0.0
standard,0.24,3,EXTRACT_GIVENS+UNIT_TRACK+UNCERTAINTY_BOUND,0.0292,0.18,0.4521,0.4042,0.4444,0.0
standard,0.24,4,MAP_RELATION+UNIT_TRACK+STEP_COMPUTE+ORIGINAL_TASK_RETURN,0.0292,0.1663,0.4062,0.416,0.5222,0.0
very_strong,0.7,2,VERIFY_RESULT+COMPARE_AXES,0.0285,0.2275,0.4736,0.3271,0.4951,0.0167
standard,0.24,6,MAP_RELATION+STEP_COMPUTE+COMPARE_AXES+UNCERTAINTY_BOUND+ORIGINAL_TASK_RETURN+DANGER_CHECK,0.0285,0.2295,0.5056,0.3215,0.5306,0.0111
standard,0.24,6,EXTRACT_GIVENS+SOURCE_BOUNDARY+UNIT_TRACK+COMPARE_AXES+ORIGINAL_TASK_RETURN+DANGER_CHECK,0.0285,0.2265,0.5236,0.3604,0.5903,0.0056
standard,0.24,4,SOURCE_BOUNDARY+VERIFY_RESULT+COMPARE_AXES+DANGER_CHECK,0.0285,0.2195,0.4882,0.3417,0.4951,0.0056
standard,0.24,4,EXTRACT_GIVENS+SOURCE_BOUNDARY+MAP_RELATION+COMPARE_AXES,0.0285,0.1971,0.4819,0.3681,0.4778,0.0056
standard,0.24,2,EXTRACT_GIVENS+MAP_RELATION,0.0285,0.1931,0.4778,0.3972,0.3583,0.0056
standard,0.24,6,SOURCE_BOUNDARY+MAP_RELATION+UNIT_TRACK+STEP_COMPUTE+UNCERTAINTY_BOUND+ORIGINAL_TASK_RETURN,0.0285,0.1887,0.4417,0.366,0.5806,0.0056
saturated,0.95,5,SOURCE_BOUNDARY+UNIT_TRACK+STEP_COMPUTE+COMPARE_AXES+DANGER_CHECK,0.0285,0.2509,0.4681,0.3563,0.8993,0.0
very_strong,0.7,5,SOURCE_BOUNDARY+UNIT_TRACK+STEP_COMPUTE+COMPARE_AXES+DANGER_CHECK,0.0285,0.234,0.4292,0.3576,0.7951,0.0
very_strong,0.7,4,SOURCE_BOUNDARY+COMPARE_AXES+UNCERTAINTY_BOUND+ORIGINAL_TASK_RETURN,0.0285,0.2212,0.4278,0.3812,0.6972,0.0
standard,0.24,3,EXTRACT_GIVENS+STEP_COMPUTE+DANGER_CHECK,0.0285,0.2196,0.5451,0.3799,0.3806,0.0
standard,0.24,4,EXTRACT_GIVENS+SOURCE_BOUNDARY+COMPARE_AXES+DANGER_CHECK,0.0285,0.2195,0.5132,0.3854,0.5319,0.0
saturated,0.95,4,SOURCE_BOUNDARY+UNIT_TRACK+STEP_COMPUTE+ORIGINAL_TASK_RETURN,0.0285,0.2115,0.4549,0.3847,0.8174,0.0
standard,0.24,4,EXTRACT_GIVENS+MAP_RELATION+COMPARE_AXES+ORIGINAL_TASK_RETURN,0.0285,0.2109,0.5014,0.3576,0.4833,0.0
standard,0.24,6,SOURCE_BOUNDARY+UNIT_TRACK+STEP_COMPUTE+VERIFY_RESULT+COMPARE_AXES+UNCERTAINTY_BOUND,0.0285,0.2105,0.4507,0.3646,0.5979,0.0
strong,0.46,4,SOURCE_BOUNDARY+MAP_RELATION+COMPARE_AXES+UNCERTAINTY_BOUND,0.0285,0.2037,0.4257,0.3715,0.5486,0.0
very_strong,0.7,3,SOURCE_BOUNDARY+STEP_COMPUTE+ORIGINAL_TASK_RETURN,0.0285,0.2027,0.4493,0.3563,0.6243,0.0
standard,0.24,4,EXTRACT_GIVENS+SOURCE_BOUNDARY+MAP_RELATION+UNIT_TRACK,0.0285,0.2001,0.4653,0.4,0.4333,0.0
very_strong,0.7,3,STEP_COMPUTE+COMPARE_AXES+DANGER_CHECK,0.0285,0.191,0.4153,0.3882,0.6299,0.0
standard,0.24,4,EXTRACT_GIVENS+SOURCE_BOUNDARY+UNIT_TRACK+STEP_COMPUTE,0.0285,0.1872,0.4743,0.4208,0.4931,0.0
very_strong,0.7,2,STEP_COMPUTE+UNCERTAINTY_BOUND,0.0285,0.1867,0.4097,0.3736,0.4993,0.0
standard,0.24,5,EXTRACT_GIVENS+UNIT_TRACK+COMPARE_AXES+UNCERTAINTY_BOUND+ORIGINAL_TASK_RETURN,0.0285,0.1823,0.4618,0.3868,0.5403,0.0
strong,0.46,4,MAP_RELATION+UNIT_TRACK+COMPARE_AXES+ORIGINAL_TASK_RETURN,0.0285,0.1755,0.4333,0.3993,0.6354,0.0
saturated,0.95,3,UNIT_TRACK+STEP_COMPUTE+COMPARE_AXES,0.0285,0.1677,0.3833,0.45,0.7944,0.0
standard,0.24,4,EXTRACT_GIVENS+SOURCE_BOUNDARY+STEP_COMPUTE+ORIGINAL_TASK_RETURN,0.0278,0.2132,0.5347,0.3868,0.4792,0.0167
standard,0.24,5,EXTRACT_GIVENS+UNIT_TRACK+STEP_COMPUTE+COMPARE_AXES+DANGER_CHECK,0.0278,0.2245,0.5062,0.3549,0.5076,0.0056
standard,0.24,3,EXTRACT_GIVENS+ORIGINAL_TASK_RETURN+DANGER_CHECK,0.0278,0.2233,0.5708,0.3333,0.4271,0.0056
standard,0.24,5,EXTRACT_GIVENS+SOURCE_BOUNDARY+STEP_COMPUTE+COMPARE_AXES+DANGER_CHECK,0.0278,0.2208,0.5215,0.3535,0.5028,0.0056
standard,0.24,6,SOURCE_BOUNDARY+MAP_RELATION+UNIT_TRACK+UNCERTAINTY_BOUND+ORIGINAL_TASK_RETURN+DANGER_CHECK,0.0278,0.2117,0.4792,0.3563,0.5771,0.0056
standard,0.24,4,STEP_COMPUTE+VERIFY_RESULT+COMPARE_AXES+UNCERTAINTY_BOUND,0.0278,0.2083,0.4528,0.3535,0.4688,0.0056
standard,0.24,4,MAP_RELATION+STEP_COMPUTE+UNCERTAINTY_BOUND+ORIGINAL_TASK_RETURN,0.0278,0.1909,0.4604,0.3694,0.4806,0.0056
very_strong,0.7,4,SOURCE_BOUNDARY+STEP_COMPUTE+COMPARE_AXES+DANGER_CHECK,0.0278,0.2327,0.4472,0.3528,0.7188,0.0
very_strong,0.7,4,STEP_COMPUTE+COMPARE_AXES+UNCERTAINTY_BOUND+ORIGINAL_TASK_RETURN,0.0278,0.2175,0.4361,0.3542,0.6611,0.0
saturated,0.95,5,SOURCE_BOUNDARY+UNIT_TRACK+STEP_COMPUTE+COMPARE_AXES+ORIGINAL_TASK_RETURN,0.0278,0.2166,0.4389,0.3694,0.9521,0.0
saturated,0.95,4,MAP_RELATION+UNIT_TRACK+COMPARE_AXES+ORIGINAL_TASK_RETURN,0.0278,0.2144,0.45,0.3611,0.7556,0.0
strong,0.46,3,STEP_COMPUTE+ORIGINAL_TASK_RETURN+DANGER_CHECK,0.0278,0.2045,0.5049,0.3639,0.5458,0.0
strong,0.46,4,UNIT_TRACK+UNCERTAINTY_BOUND+ORIGINAL_TASK_RETURN+DANGER_CHECK,0.0278,0.1965,0.4611,0.3722,0.6076,0.0
very_strong,0.7,3,UNIT_TRACK+ORIGINAL_TASK_RETURN+DANGER_CHECK,0.0278,0.1957,0.4868,0.3826,0.6319,0.0
strong,0.46,3,EXTRACT_GIVENS+UNIT_TRACK+COMPARE_AXES,0.0278,0.1954,0.4535,0.4076,0.5625,0.0
strong,0.46,4,SOURCE_BOUNDARY+UNIT_TRACK+ORIGINAL_TASK_RETURN+DANGER_CHECK,0.0278,0.1939,0.4778,0.3792,0.6292,0.0
standard,0.24,6,MAP_RELATION+UNIT_TRACK+STEP_COMPUTE+COMPARE_AXES+UNCERTAINTY_BOUND+ORIGINAL_TASK_RETURN,0.0278,0.1805,0.4257,0.3896,0.5465,0.0
standard,0.24,4,MAP_RELATION+UNIT_TRACK+STEP_COMPUTE+UNCERTAINTY_BOUND,0.0278,0.1753,0.3896,0.4083,0.5125,0.0
standard,0.24,3,VERIFY_RESULT+UNCERTAINTY_BOUND+ORIGINAL_TASK_RETURN,0.0271,0.218,0.5083,0.2972,0.4333,0.0167
standard,0.24,4,EXTRACT_GIVENS+SOURCE_BOUNDARY+ORIGINAL_TASK_RETURN+DANGER_CHECK,0.0271,0.2355,0.5528,0.3424,0.4771,0.0056
standard,0.24,4,STEP_COMPUTE+VERIFY_RESULT+COMPARE_AXES+DANGER_CHECK,0.0271,0.23,0.5167,0.3375,0.4424,0.0056
standard,0.24,5,UNIT_TRACK+VERIFY_RESULT+COMPARE_AXES+ORIGINAL_TASK_RETURN+DANGER_CHECK,0.0271,0.2189,0.5222,0.3375,0.5569,0.0056
standard,0.24,3,EXTRACT_GIVENS+SOURCE_BOUNDARY+DANGER_CHECK,0.0271,0.2092,0.5153,0.3542,0.4035,0.0056
standard,0.24,5,UNIT_TRACK+VERIFY_RESULT+COMPARE_AXES+UNCERTAINTY_BOUND+ORIGINAL_TASK_RETURN,0.0271,0.2057,0.4743,0.3535,0.541,0.0056
strong,0.46,4,SOURCE_BOUNDARY+STEP_COMPUTE+UNCERTAINTY_BOUND+ORIGINAL_TASK_RETURN,0.0271,0.1989,0.4521,0.3521,0.5903,0.0056
standard,0.24,4,EXTRACT_GIVENS+COMPARE_AXES+UNCERTAINTY_BOUND+ORIGINAL_TASK_RETURN,0.0271,0.1908,0.5035,0.3875,0.5083,0.0056
standard,0.24,6,SOURCE_BOUNDARY+STEP_COMPUTE+COMPARE_AXES+UNCERTAINTY_BOUND+ORIGINAL_TASK_RETURN+DANGER_CHECK,0.0271,0.1889,0.4597,0.3611,0.6035,0.0056
standard,0.24,7,SOURCE_BOUNDARY+UNIT_TRACK+STEP_COMPUTE+COMPARE_AXES+UNCERTAINTY_BOUND+ORIGINAL_TASK_RETURN+DANGER_CHECK,0.0271,0.185,0.4535,0.3806,0.6361,0.0056
standard,0.24,6,SOURCE_BOUNDARY+MAP_RELATION+UNIT_TRACK+STEP_COMPUTE+COMPARE_AXES+UNCERTAINTY_BOUND,0.0271,0.1683,0.3757,0.416,0.6139,0.0056
saturated,0.95,3,UNCERTAINTY_BOUND+ORIGINAL_TASK_RETURN+DANGER_CHECK,0.0271,0.2469,0.5083,0.334,0.5292,0.0
standard,0.24,5,EXTRACT_GIVENS+STEP_COMPUTE+COMPARE_AXES+ORIGINAL_TASK_RETURN+DANGER_CHECK,0.0271,0.2403,0.559,0.3333,0.5125,0.0
standard,0.24,4,SOURCE_BOUNDARY+STEP_COMPUTE+VERIFY_RESULT+ORIGINAL_TASK_RETURN,0.0271,0.2179,0.5076,0.3729,0.4917,0.0
strong,0.46,6,SOURCE_BOUNDARY+MAP_RELATION+UNIT_TRACK+COMPARE_AXES+UNCERTAINTY_BOUND+ORIGINAL_TASK_RETURN,0.0271,0.2178,0.4278,0.3493,0.7014,0.0
very_strong,0.7,4,SOURCE_BOUNDARY+STEP_COMPUTE+COMPARE_AXES+UNCERTAINTY_BOUND,0.0271,0.2124,0.4243,0.4097,0.6819,0.0
standard,0.24,6,MAP_RELATION+UNIT_TRACK+STEP_COMPUTE+COMPARE_AXES+UNCERTAINTY_BOUND+DANGER_CHECK,0.0271,0.2045,0.4313,0.359,0.5597,0.0
standard,0.24,3,MAP_RELATION+VERIFY_RESULT+COMPARE_AXES,0.0271,0.2034,0.4639,0.3708,0.4097,0.0
strong,0.46,4,SOURCE_BOUNDARY+UNIT_TRACK+UNCERTAINTY_BOUND+DANGER_CHECK,0.0271,0.2009,0.4451,0.3854,0.5917,0.0
saturated,0.95,3,UNIT_TRACK+ORIGINAL_TASK_RETURN+DANGER_CHECK,0.0271,0.199,0.4819,0.3653,0.6715,0.0
standard,0.24,5,EXTRACT_GIVENS+UNIT_TRACK+STEP_COMPUTE+COMPARE_AXES+UNCERTAINTY_BOUND,0.0271,0.1967,0.4458,0.4042,0.5174,0.0
standard,0.24,5,SOURCE_BOUNDARY+MAP_RELATION+UNIT_TRACK+STEP_COMPUTE+ORIGINAL_TASK_RETURN,0.0271,0.1771,0.4243,0.3937,0.5604,0.0
strong,0.46,4,UNIT_TRACK+STEP_COMPUTE+COMPARE_AXES+UNCERTAINTY_BOUND,0.0271,0.1674,0.3611,0.4208,0.6271,0.0
strong,0.46,3,UNIT_TRACK+STEP_COMPUTE+ORIGINAL_TASK_RETURN,0.0271,0.1475,0.3993,0.4271,0.5958,0.0
strong,0.46,5,SOURCE_BOUNDARY+UNIT_TRACK+STEP_COMPUTE+UNCERTAINTY_BOUND+DANGER_CHECK,0.0264,0.237,0.4688,0.3521,0.6312,0.0056
strong,0.46,2,VERIFY_RESULT+ORIGINAL_TASK_RETURN,0.0264,0.2246,0.484,0.334,0.434,0.0056
strong,0.46,4,UNIT_TRACK+VERIFY_RESULT+COMPARE_AXES+ORIGINAL_TASK_RETURN,0.0264,0.2149,0.4688,0.3528,0.634,0.0056
standard,0.24,4,EXTRACT_GIVENS+SOURCE_BOUNDARY+UNIT_TRACK+DANGER_CHECK,0.0264,0.2141,0.5319,0.3438,0.5174,0.0056
standard,0.24,5,EXTRACT_GIVENS+SOURCE_BOUNDARY+STEP_COMPUTE+COMPARE_AXES+UNCERTAINTY_BOUND,0.0264,0.2103,0.4583,0.3583,0.5208,0.0056
strong,0.46,3,MAP_RELATION+UNCERTAINTY_BOUND+ORIGINAL_TASK_RETURN,0.0264,0.207,0.466,0.3444,0.4556,0.0056
standard,0.24,3,VERIFY_RESULT+COMPARE_AXES+DANGER_CHECK,0.0264,0.2058,0.5132,0.3618,0.4639,0.0056
standard,0.24,3,UNIT_TRACK+VERIFY_RESULT+ORIGINAL_TASK_RETURN,0.0264,0.1934,0.4854,0.359,0.4729,0.0056
very_strong,0.7,4,SOURCE_BOUNDARY+STEP_COMPUTE+UNCERTAINTY_BOUND+ORIGINAL_TASK_RETURN,0.0264,0.2424,0.4535,0.3368,0.6139,0.0
saturated,0.95,3,STEP_COMPUTE+ORIGINAL_TASK_RETURN+DANGER_CHECK,0.0264,0.241,0.5076,0.3368,0.6132,0.0
very_strong,0.7,4,SOURCE_BOUNDARY+MAP_RELATION+COMPARE_AXES+UNCERTAINTY_BOUND,0.0264,0.241,0.441,0.3549,0.6299,0.0
standard,0.24,4,SOURCE_BOUNDARY+UNIT_TRACK+VERIFY_RESULT+ORIGINAL_TASK_RETURN,0.0264,0.2181,0.5222,0.3771,0.4868,0.0
standard,0.24,5,SOURCE_BOUNDARY+VERIFY_RESULT+COMPARE_AXES+UNCERTAINTY_BOUND+ORIGINAL_TASK_RETURN,0.0264,0.2181,0.4771,0.3271,0.5444,0.0
strong,0.46,2,EXTRACT_GIVENS+SOURCE_BOUNDARY,0.0264,0.2101,0.4931,0.366,0.4271,0.0
strong,0.46,4,SOURCE_BOUNDARY+MAP_RELATION+UNIT_TRACK+UNCERTAINTY_BOUND,0.0264,0.2037,0.4257,0.3708,0.584,0.0
standard,0.24,6,SOURCE_BOUNDARY+MAP_RELATION+COMPARE_AXES+UNCERTAINTY_BOUND+ORIGINAL_TASK_RETURN+DANGER_CHECK,0.0264,0.2037,0.4493,0.3299,0.5764,0.0
strong,0.46,5,MAP_RELATION+UNIT_TRACK+COMPARE_AXES+UNCERTAINTY_BOUND+ORIGINAL_TASK_RETURN,0.0264,0.2011,0.425,0.3625,0.6528,0.0
very_strong,0.7,3,SOURCE_BOUNDARY+STEP_COMPUTE+UNCERTAINTY_BOUND,0.0264,0.1968,0.4042,0.3708,0.5813,0.0
strong,0.46,4,SOURCE_BOUNDARY+UNIT_TRACK+STEP_COMPUTE+DANGER_CHECK,0.0264,0.1935,0.4549,0.3951,0.6208,0.0
very_strong,0.7,3,SOURCE_BOUNDARY+UNCERTAINTY_BOUND+ORIGINAL_TASK_RETURN,0.0264,0.192,0.4243,0.4014,0.5799,0.0
standard,0.24,2,EXTRACT_GIVENS+STEP_COMPUTE,0.0264,0.1796,0.4813,0.4007,0.4167,0.0
very_strong,0.7,2,MAP_RELATION+UNIT_TRACK,0.0264,0.1786,0.4083,0.4264,0.5104,0.0
saturated,0.95,3,SOURCE_BOUNDARY+COMPARE_AXES+UNCERTAINTY_BOUND,0.0264,0.1703,0.3646,0.4118,0.7146,0.0
very_strong,0.7,3,UNIT_TRACK+STEP_COMPUTE+COMPARE_AXES,0.0264,0.1623,0.3778,0.4549,0.6792,0.0
standard,0.24,6,SOURCE_BOUNDARY+MAP_RELATION+STEP_COMPUTE+COMPARE_AXES+UNCERTAINTY_BOUND+DANGER_CHECK,0.0257,0.2072,0.4444,0.3583,0.5347,0.0111
strong,0.46,3,EXTRACT_GIVENS+COMPARE_AXES+ORIGINAL_TASK_RETURN,0.0257,0.2058,0.4931,0.3625,0.4938,0.0111
standard,0.24,4,SOURCE_BOUNDARY+UNIT_TRACK+VERIFY_RESULT+UNCERTAINTY_BOUND,0.0257,0.1971,0.4722,0.3632,0.4965,0.0111
saturated,0.95,2,STEP_COMPUTE+DANGER_CHECK,0.0257,0.2025,0.4667,0.366,0.5333,0.0056
strong,0.46,5,SOURCE_BOUNDARY+MAP_RELATION+UNIT_TRACK+COMPARE_AXES+UNCERTAINTY_BOUND,0.0257,0.182,0.3722,0.3972,0.634,0.0056
very_strong,0.7,3,MAP_RELATION+COMPARE_AXES+DANGER_CHECK,0.0257,0.2345,0.4701,0.3528,0.5257,0.0
saturated,0.95,3,MAP_RELATION+COMPARE_AXES+UNCERTAINTY_BOUND,0.0257,0.2276,0.4479,0.3757,0.5903,0.0
strong,0.46,6,SOURCE_BOUNDARY+UNIT_TRACK+STEP_COMPUTE+COMPARE_AXES+ORIGINAL_TASK_RETURN+DANGER_CHECK,0.0257,0.2187,0.4896,0.375,0.7535,0.0
saturated,0.95,4,SOURCE_BOUNDARY+MAP_RELATION+COMPARE_AXES+ORIGINAL_TASK_RETURN,0.0257,0.2183,0.4632,0.3549,0.725,0.0
saturated,0.95,3,STEP_COMPUTE+UNCERTAINTY_BOUND+ORIGINAL_TASK_RETURN,0.0257,0.2132,0.4833,0.3812,0.584,0.0
standard,0.24,5,EXTRACT_GIVENS+UNIT_TRACK+COMPARE_AXES+UNCERTAINTY_BOUND+DANGER_CHECK,0.0257,0.207,0.4819,0.3514,0.5083,0.0
standard,0.24,3,EXTRACT_GIVENS+STEP_COMPUTE+UNCERTAINTY_BOUND,0.0257,0.2031,0.4722,0.3694,0.4118,0.0
strong,0.46,3,UNIT_TRACK+VERIFY_RESULT+COMPARE_AXES,0.0257,0.2002,0.4639,0.3646,0.5479,0.0
standard,0.24,3,SOURCE_BOUNDARY+VERIFY_RESULT+ORIGINAL_TASK_RETURN,0.0257,0.199,0.4792,0.3688,0.4757,0.0
standard,0.24,3,EXTRACT_GIVENS+MAP_RELATION+COMPARE_AXES,0.0257,0.1979,0.4833,0.3812,0.4375,0.0
standard,0.24,5,SOURCE_BOUNDARY+UNIT_TRACK+VERIFY_RESULT+COMPARE_AXES+ORIGINAL_TASK_RETURN,0.0257,0.1964,0.4708,0.3618,0.6007,0.0
standard,0.24,4,MAP_RELATION+UNIT_TRACK+STEP_COMPUTE+DANGER_CHECK,0.0257,0.1926,0.4507,0.3812,0.4972,0.0
strong,0.46,4,MAP_RELATION+UNIT_TRACK+COMPARE_AXES+UNCERTAINTY_BOUND,0.0257,0.1878,0.3965,0.4028,0.5764,0.0
standard,0.24,6,EXTRACT_GIVENS+SOURCE_BOUNDARY+UNIT_TRACK+STEP_COMPUTE+COMPARE_AXES+ORIGINAL_TASK_RETURN,0.0257,0.1859,0.4667,0.3847,0.5854,0.0
strong,0.46,5,UNIT_TRACK+STEP_COMPUTE+COMPARE_AXES+UNCERTAINTY_BOUND+ORIGINAL_TASK_RETURN,0.0257,0.1834,0.4069,0.391,0.6965,0.0
saturated,0.95,3,COMPARE_AXES+UNCERTAINTY_BOUND+ORIGINAL_TASK_RETURN,0.0257,0.1744,0.4097,0.3667,0.6319,0.0
standard,0.24,3,MAP_RELATION+STEP_COMPUTE+ORIGINAL_TASK_RETURN,0.0257,0.174,0.4486,0.3604,0.4583,0.0
strong,0.46,2,MAP_RELATION+UNIT_TRACK,0.0257,0.1548,0.3681,0.4208,0.4736,0.0
standard,0.24,8,SOURCE_BOUNDARY+MAP_RELATION+UNIT_TRACK+STEP_COMPUTE+COMPARE_AXES+UNCERTAINTY_BOUND+ORIGINAL_TASK_RETURN+DANGER_CHECK,0.025,0.2158,0.4653,0.3521,0.6562,0.0111
standard,0.24,4,MAP_RELATION+STEP_COMPUTE+UNCERTAINTY_BOUND+DANGER_CHECK,0.025,0.2101,0.4799,0.3563,0.4556,0.0056
standard,0.24,5,SOURCE_BOUNDARY+UNIT_TRACK+VERIFY_RESULT+COMPARE_AXES+UNCERTAINTY_BOUND,0.025,0.1987,0.4403,0.3479,0.5319,0.0056
standard,0.24,5,EXTRACT_GIVENS+SOURCE_BOUNDARY+UNIT_TRACK+COMPARE_AXES+DANGER_CHECK,0.025,0.1959,0.4917,0.3972,0.5653,0.0056
very_strong,0.7,3,SOURCE_BOUNDARY+STEP_COMPUTE+DANGER_CHECK,0.025,0.2349,0.4833,0.3472,0.5986,0.0
saturated,0.95,2,MAP_RELATION+UNCERTAINTY_BOUND,0.025,0.2133,0.4194,0.3604,0.4118,0.0
strong,0.46,5,SOURCE_BOUNDARY+MAP_RELATION+UNIT_TRACK+COMPARE_AXES+DANGER_CHECK,0.025,0.2049,0.4181,0.3806,0.6597,0.0
standard,0.24,6,EXTRACT_GIVENS+SOURCE_BOUNDARY+UNIT_TRACK+COMPARE_AXES+UNCERTAINTY_BOUND+ORIGINAL_TASK_RETURN,0.025,0.2015,0.4764,0.3472,0.591,0.0
standard,0.24,5,EXTRACT_GIVENS+SOURCE_BOUNDARY+COMPARE_AXES+UNCERTAINTY_BOUND+ORIGINAL_TASK_RETURN,0.025,0.2008,0.4826,0.375,0.5069,0.0
standard,0.24,7,SOURCE_BOUNDARY+MAP_RELATION+UNIT_TRACK+STEP_COMPUTE+COMPARE_AXES+UNCERTAINTY_BOUND+ORIGINAL_TASK_RETURN,0.025,0.1858,0.416,0.3861,0.6215,0.0
standard,0.24,6,MAP_RELATION+UNIT_TRACK+COMPARE_AXES+UNCERTAINTY_BOUND+ORIGINAL_TASK_RETURN+DANGER_CHECK,0.025,0.185,0.4542,0.3451,0.5819,0.0
very_strong,0.7,2,MAP_RELATION+ORIGINAL_TASK_RETURN,0.025,0.1842,0.4424,0.3611,0.4667,0.0
strong,0.46,4,SOURCE_BOUNDARY+UNIT_TRACK+STEP_COMPUTE+ORIGINAL_TASK_RETURN,0.025,0.1757,0.4083,0.3979,0.6451,0.0
very_strong,0.7,3,COMPARE_AXES+UNCERTAINTY_BOUND+ORIGINAL_TASK_RETURN,0.025,0.1743,0.4125,0.4076,0.6431,0.0
strong,0.46,2,UNIT_TRACK+STEP_COMPUTE,0.025,0.1452,0.3701,0.4375,0.534,0.0
standard,0.24,4,MAP_RELATION+VERIFY_RESULT+COMPARE_AXES+ORIGINAL_TASK_RETURN,0.0243,0.2231,0.5181,0.3361,0.4674,0.0111
standard,0.24,4,SOURCE_BOUNDARY+MAP_RELATION+VERIFY_RESULT+COMPARE_AXES,0.0243,0.2028,0.4583,0.3486,0.459,0.0111
standard,0.24,5,STEP_COMPUTE+COMPARE_AXES+UNCERTAINTY_BOUND+ORIGINAL_TASK_RETURN+DANGER_CHECK,0.0243,0.1833,0.4674,0.3535,0.5722,0.0111
standard,0.24,5,MAP_RELATION+STEP_COMPUTE+COMPARE_AXES+UNCERTAINTY_BOUND+ORIGINAL_TASK_RETURN,0.0243,0.1744,0.4278,0.3812,0.5604,0.0111
standard,0.24,4,STEP_COMPUTE+VERIFY_RESULT+COMPARE_AXES+ORIGINAL_TASK_RETURN,0.0243,0.2102,0.5062,0.3375,0.5042,0.0056
standard,0.24,4,SOURCE_BOUNDARY+STEP_COMPUTE+VERIFY_RESULT+COMPARE_AXES,0.0243,0.2038,0.4819,0.391,0.5201,0.0056
strong,0.46,4,SOURCE_BOUNDARY+MAP_RELATION+STEP_COMPUTE+COMPARE_AXES,0.0243,0.1865,0.3979,0.4111,0.6035,0.0056
saturated,0.95,2,EXTRACT_GIVENS+COMPARE_AXES,0.0243,0.2183,0.4882,0.3729,0.5375,0.0
strong,0.46,4,SOURCE_BOUNDARY+MAP_RELATION+UNCERTAINTY_BOUND+ORIGINAL_TASK_RETURN,0.0243,0.2176,0.4722,0.3278,0.5278,0.0
standard,0.24,6,EXTRACT_GIVENS+SOURCE_BOUNDARY+UNIT_TRACK+STEP_COMPUTE+COMPARE_AXES+DANGER_CHECK,0.0243,0.2159,0.4986,0.3764,0.5451,0.0
saturated,0.95,2,UNCERTAINTY_BOUND+DANGER_CHECK,0.0243,0.2131,0.4639,0.3542,0.4924,0.0
standard,0.24,4,VERIFY_RESULT+COMPARE_AXES+UNCERTAINTY_BOUND+ORIGINAL_TASK_RETURN,0.0243,0.2041,0.5035,0.3417,0.4979,0.0
very_strong,0.7,3,SOURCE_BOUNDARY+COMPARE_AXES+DANGER_CHECK,0.0243,0.2022,0.4437,0.4062,0.6687,0.0
standard,0.24,4,EXTRACT_GIVENS+STEP_COMPUTE+COMPARE_AXES+ORIGINAL_TASK_RETURN,0.0243,0.2008,0.5271,0.3563,0.5146,0.0
strong,0.46,6,SOURCE_BOUNDARY+UNIT_TRACK+STEP_COMPUTE+COMPARE_AXES+UNCERTAINTY_BOUND+ORIGINAL_TASK_RETURN,0.0243,0.199,0.3986,0.3444,0.7354,0.0
very_strong,0.7,3,COMPARE_AXES+ORIGINAL_TASK_RETURN+DANGER_CHECK,0.0243,0.1973,0.4729,0.391,0.5917,0.0
standard,0.24,4,EXTRACT_GIVENS+SOURCE_BOUNDARY+STEP_COMPUTE+COMPARE_AXES,0.0243,0.197,0.4778,0.3882,0.4861,0.0
saturated,0.95,3,MAP_RELATION+UNIT_TRACK+COMPARE_AXES,0.0243,0.1961,0.4083,0.416,0.6826,0.0
standard,0.24,4,SOURCE_BOUNDARY+VERIFY_RESULT+COMPARE_AXES+UNCERTAINTY_BOUND,0.0243,0.1937,0.4528,0.3708,0.4931,0.0
standard,0.24,2,STEP_COMPUTE+VERIFY_RESULT,0.0243,0.1916,0.4583,0.366,0.4313,0.0
standard,0.24,5,SOURCE_BOUNDARY+UNIT_TRACK+STEP_COMPUTE+ORIGINAL_TASK_RETURN+DANGER_CHECK,0.0243,0.1865,0.4736,0.3674,0.6069,0.0
strong,0.46,3,SOURCE_BOUNDARY+MAP_RELATION+STEP_COMPUTE,0.0243,0.1861,0.4222,0.4194,0.5167,0.0
standard,0.24,4,MAP_RELATION+UNIT_TRACK+UNCERTAINTY_BOUND+DANGER_CHECK,0.0243,0.1785,0.4611,0.3861,0.4819,0.0
strong,0.46,5,SOURCE_BOUNDARY+UNIT_TRACK+STEP_COMPUTE+COMPARE_AXES+UNCERTAINTY_BOUND,0.0243,0.1724,0.3681,0.4097,0.7153,0.0
saturated,0.95,3,SOURCE_BOUNDARY+UNIT_TRACK+UNCERTAINTY_BOUND,0.0243,0.1718,0.4139,0.4389,0.6653,0.0
strong,0.46,4,SOURCE_BOUNDARY+UNIT_TRACK+STEP_COMPUTE+UNCERTAINTY_BOUND,0.0243,0.1711,0.3688,0.4139,0.6028,0.0
very_strong,0.7,3,SOURCE_BOUNDARY+COMPARE_AXES+UNCERTAINTY_BOUND,0.0243,0.1704,0.3625,0.4194,0.6153,0.0
standard,0.24,4,MAP_RELATION+STEP_COMPUTE+COMPARE_AXES+UNCERTAINTY_BOUND,0.0243,0.1695,0.4014,0.4201,0.4924,0.0
strong,0.46,3,UNIT_TRACK+STEP_COMPUTE+UNCERTAINTY_BOUND,0.0243,0.1669,0.3819,0.4382,0.5437,0.0
saturated,0.95,3,SOURCE_BOUNDARY+STEP_COMPUTE+DANGER_CHECK,0.0236,0.2309,0.4882,0.3465,0.6639,0.0056
strong,0.46,3,SOURCE_BOUNDARY+MAP_RELATION+DANGER_CHECK,0.0236,0.2162,0.4674,0.3528,0.4736,0.0056
standard,0.24,4,EXTRACT_GIVENS+SOURCE_BOUNDARY+UNCERTAINTY_BOUND+ORIGINAL_TASK_RETURN,0.0236,0.2029,0.4972,0.3507,0.4854,0.0056
standard,0.24,7,SOURCE_BOUNDARY+MAP_RELATION+UNIT_TRACK+STEP_COMPUTE+COMPARE_AXES+ORIGINAL_TASK_RETURN+DANGER_CHECK,0.0236,0.2021,0.4674,0.3521,0.6319,0.0056
standard,0.24,3,SOURCE_BOUNDARY+STEP_COMPUTE+VERIFY_RESULT,0.0236,0.1972,0.4681,0.3875,0.4215,0.0056
strong,0.46,3,SOURCE_BOUNDARY+MAP_RELATION+ORIGINAL_TASK_RETURN,0.0236,0.1909,0.4375,0.3757,0.5083,0.0056
very_strong,0.7,2,UNIT_TRACK+DANGER_CHECK,0.0236,0.162,0.4236,0.3917,0.5444,0.0056
standard,0.24,4,VERIFY_RESULT+COMPARE_AXES+ORIGINAL_TASK_RETURN+DANGER_CHECK,0.0236,0.2252,0.5354,0.3271,0.4778,0.0
standard,0.24,5,EXTRACT_GIVENS+SOURCE_BOUNDARY+MAP_RELATION+COMPARE_AXES+ORIGINAL_TASK_RETURN,0.0236,0.2102,0.4875,0.3396,0.4847,0.0
standard,0.24,5,EXTRACT_GIVENS+SOURCE_BOUNDARY+STEP_COMPUTE+COMPARE_AXES+ORIGINAL_TASK_RETURN,0.0236,0.2047,0.5062,0.3667,0.5535,0.0
standard,0.24,4,SOURCE_BOUNDARY+VERIFY_RESULT+COMPARE_AXES+ORIGINAL_TASK_RETURN,0.0236,0.1905,0.491,0.3653,0.55,0.0
strong,0.46,5,SOURCE_BOUNDARY+UNIT_TRACK+STEP_COMPUTE+COMPARE_AXES+DANGER_CHECK,0.0236,0.1904,0.4167,0.4076,0.6986,0.0
very_strong,0.7,3,SOURCE_BOUNDARY+MAP_RELATION+UNIT_TRACK,0.0236,0.1897,0.3917,0.4313,0.5896,0.0
standard,0.24,5,SOURCE_BOUNDARY+MAP_RELATION+UNIT_TRACK+STEP_COMPUTE+DANGER_CHECK,0.0236,0.1827,0.4479,0.3944,0.5569,0.0
saturated,0.95,4,SOURCE_BOUNDARY+UNIT_TRACK+COMPARE_AXES+UNCERTAINTY_BOUND,0.0236,0.1821,0.3924,0.4132,0.8181,0.0
strong,0.46,4,UNIT_TRACK+STEP_COMPUTE+UNCERTAINTY_BOUND+ORIGINAL_TASK_RETURN,0.0236,0.1748,0.4243,0.3889,0.6056,0.0
strong,0.46,3,MAP_RELATION+UNIT_TRACK+ORIGINAL_TASK_RETURN,0.0236,0.1644,0.4056,0.3868,0.5549,0.0
standard,0.24,3,SOURCE_BOUNDARY+MAP_RELATION+STEP_COMPUTE,0.0236,0.1539,0.3944,0.4201,0.4764,0.0
strong,0.46,3,EXTRACT_GIVENS+SOURCE_BOUNDARY+ORIGINAL_TASK_RETURN,0.0229,0.2302,0.509,0.3576,0.4868,0.0111
standard,0.24,5,SOURCE_BOUNDARY+STEP_COMPUTE+VERIFY_RESULT+COMPARE_AXES+UNCERTAINTY_BOUND,0.0229,0.2147,0.4931,0.3583,0.5139,0.0111
standard,0.24,5,EXTRACT_GIVENS+SOURCE_BOUNDARY+UNIT_TRACK+UNCERTAINTY_BOUND+ORIGINAL_TASK_RETURN,0.0229,0.2018,0.4889,0.3681,0.5229,0.0056
standard,0.24,4,SOURCE_BOUNDARY+MAP_RELATION+STEP_COMPUTE+DANGER_CHECK,0.0229,0.1979,0.5007,0.3604,0.4715,0.0056
standard,0.24,5,SOURCE_BOUNDARY+MAP_RELATION+UNIT_TRACK+ORIGINAL_TASK_RETURN+DANGER_CHECK,0.0229,0.1886,0.4708,0.3729,0.5375,0.0056
saturated,0.95,3,STEP_COMPUTE+COMPARE_AXES+DANGER_CHECK,0.0229,0.2161,0.4431,0.3361,0.6687,0.0
very_strong,0.7,5,SOURCE_BOUNDARY+UNIT_TRACK+STEP_COMPUTE+COMPARE_AXES+ORIGINAL_TASK_RETURN,0.0229,0.2064,0.416,0.3833,0.8611,0.0
standard,0.24,3,MAP_RELATION+STEP_COMPUTE+DANGER_CHECK,0.0229,0.1853,0.4444,0.3854,0.4444,0.0
standard,0.24,4,SOURCE_BOUNDARY+UNCERTAINTY_BOUND+ORIGINAL_TASK_RETURN+DANGER_CHECK,0.0229,0.1822,0.4694,0.3778,0.5431,0.0
strong,0.46,4,SOURCE_BOUNDARY+COMPARE_AXES+UNCERTAINTY_BOUND+ORIGINAL_TASK_RETURN,0.0229,0.1783,0.4132,0.3889,0.6382,0.0
strong,0.46,3,UNIT_TRACK+STEP_COMPUTE+DANGER_CHECK,0.0229,0.1756,0.4194,0.3986,0.5687,0.0
strong,0.46,3,VERIFY_RESULT+COMPARE_AXES+ORIGINAL_TASK_RETURN,0.0222,0.2198,0.5021,0.341,0.5215,0.0111
standard,0.24,4,SOURCE_BOUNDARY+STEP_COMPUTE+UNCERTAINTY_BOUND+DANGER_CHECK,0.0222,0.178,0.4424,0.3625,0.5076,0.0111
standard,0.24,3,MAP_RELATION+VERIFY_RESULT+ORIGINAL_TASK_RETURN,0.0222,0.2209,0.5049,0.3069,0.434,0.0056
standard,0.24,3,EXTRACT_GIVENS+MAP_RELATION+ORIGINAL_TASK_RETURN,0.0222,0.2158,0.5167,0.3465,0.4139,0.0056
standard,0.24,4,MAP_RELATION+UNCERTAINTY_BOUND+ORIGINAL_TASK_RETURN+DANGER_CHECK,0.0222,0.202,0.4938,0.3319,0.484,0.0056
standard,0.24,4,SOURCE_BOUNDARY+VERIFY_RESULT+UNCERTAINTY_BOUND+ORIGINAL_TASK_RETURN,0.0222,0.2177,0.5056,0.3396,0.4715,0.0
standard,0.24,5,MAP_RELATION+UNIT_TRACK+UNCERTAINTY_BOUND+ORIGINAL_TASK_RETURN+DANGER_CHECK,0.0222,0.2062,0.4854,0.3257,0.5104,0.0
standard,0.24,5,SOURCE_BOUNDARY+MAP_RELATION+STEP_COMPUTE+COMPARE_AXES+DANGER_CHECK,0.0222,0.2002,0.4632,0.3618,0.5361,0.0
saturated,0.95,3,SOURCE_BOUNDARY+MAP_RELATION+UNIT_TRACK,0.0222,0.1995,0.4049,0.3819,0.6535,0.0
very_strong,0.7,2,SOURCE_BOUNDARY+DANGER_CHECK,0.0222,0.1968,0.4694,0.3792,0.5444,0.0
very_strong,0.7,2,ORIGINAL_TASK_RETURN+DANGER_CHECK,0.0222,0.1875,0.4771,0.366,0.4958,0.0
strong,0.46,3,MAP_RELATION+UNIT_TRACK+UNCERTAINTY_BOUND,0.0222,0.186,0.4111,0.3917,0.5028,0.0
standard,0.24,3,EXTRACT_GIVENS+SOURCE_BOUNDARY+UNCERTAINTY_BOUND,0.0222,0.1855,0.4576,0.3868,0.4368,0.0
saturated,0.95,4,UNIT_TRACK+STEP_COMPUTE+COMPARE_AXES+ORIGINAL_TASK_RETURN,0.0222,0.1825,0.4097,0.3875,0.8507,0.0
strong,0.46,3,STEP_COMPUTE+UNCERTAINTY_BOUND+ORIGINAL_TASK_RETURN,0.0222,0.1741,0.4437,0.3924,0.5264,0.0
standard,0.24,5,MAP_RELATION+UNIT_TRACK+STEP_COMPUTE+COMPARE_AXES+UNCERTAINTY_BOUND,0.0222,0.1734,0.4,0.4229,0.5389,0.0
standard,0.24,5,MAP_RELATION+UNIT_TRACK+STEP_COMPUTE+COMPARE_AXES+ORIGINAL_TASK_RETURN,0.0222,0.161,0.4125,0.4174,0.5917,0.0
strong,0.46,5,SOURCE_BOUNDARY+UNIT_TRACK+COMPARE_AXES+UNCERTAINTY_BOUND+ORIGINAL_TASK_RETURN,0.0222,0.1573,0.3847,0.4174,0.7139,0.0
standard,0.24,4,MAP_RELATION+UNIT_TRACK+STEP_COMPUTE+COMPARE_AXES,0.0222,0.1537,0.3861,0.4479,0.5514,0.0
standard,0.24,5,SOURCE_BOUNDARY+MAP_RELATION+UNIT_TRACK+STEP_COMPUTE+COMPARE_AXES,0.0222,0.1465,0.3694,0.4521,0.5799,0.0
standard,0.24,3,MAP_RELATION+STEP_COMPUTE+COMPARE_AXES,0.0222,0.1403,0.3806,0.4326,0.5181,0.0
standard,0.24,5,SOURCE_BOUNDARY+MAP_RELATION+COMPARE_AXES+ORIGINAL_TASK_RETURN+DANGER_CHECK,0.0215,0.187,0.484,0.3785,0.5757,0.0056
standard,0.24,4,SOURCE_BOUNDARY+MAP_RELATION+UNCERTAINTY_BOUND+ORIGINAL_TASK_RETURN,0.0215,0.1762,0.4507,0.3708,0.4965,0.0056
strong,0.46,5,SOURCE_BOUNDARY+UNIT_TRACK+STEP_COMPUTE+UNCERTAINTY_BOUND+ORIGINAL_TASK_RETURN,0.0215,0.2038,0.4306,0.3576,0.666,0.0
standard,0.24,3,EXTRACT_GIVENS+UNIT_TRACK+DANGER_CHECK,0.0215,0.1996,0.5056,0.3708,0.459,0.0
very_strong,0.7,3,SOURCE_BOUNDARY+UNIT_TRACK+DANGER_CHECK,0.0215,0.1886,0.4382,0.3882,0.6222,0.0
strong,0.46,3,SOURCE_BOUNDARY+MAP_RELATION+UNCERTAINTY_BOUND,0.0215,0.1869,0.4194,0.3937,0.4861,0.0
standard,0.24,5,SOURCE_BOUNDARY+UNIT_TRACK+STEP_COMPUTE+VERIFY_RESULT+COMPARE_AXES,0.0215,0.1861,0.434,0.3861,0.5299,0.0
standard,0.24,5,UNIT_TRACK+STEP_COMPUTE+UNCERTAINTY_BOUND+ORIGINAL_TASK_RETURN+DANGER_CHECK,0.0215,0.1859,0.4854,0.3743,0.5778,0.0
saturated,0.95,4,UNIT_TRACK+COMPARE_AXES+UNCERTAINTY_BOUND+ORIGINAL_TASK_RETURN,0.0215,0.1837,0.4257,0.3826,0.7431,0.0
strong,0.46,2,STEP_COMPUTE+DANGER_CHECK,0.0215,0.18,0.4576,0.3729,0.459,0.0
standard,0.24,3,EXTRACT_GIVENS+COMPARE_AXES+UNCERTAINTY_BOUND,0.0215,0.1792,0.4576,0.409,0.4806,0.0
strong,0.46,3,MAP_RELATION+COMPARE_AXES+UNCERTAINTY_BOUND,0.0215,0.1785,0.4111,0.3896,0.4986,0.0
very_strong,0.7,4,SOURCE_BOUNDARY+UNIT_TRACK+COMPARE_AXES+UNCERTAINTY_BOUND,0.0215,0.1732,0.3688,0.4188,0.7493,0.0
standard,0.24,6,SOURCE_BOUNDARY+MAP_RELATION+UNIT_TRACK+STEP_COMPUTE+COMPARE_AXES+ORIGINAL_TASK_RETURN,0.0215,0.1543,0.3931,0.4313,0.6319,0.0
saturated,0.95,2,VERIFY_RESULT+COMPARE_AXES,0.0208,0.2346,0.4951,0.3368,0.5056,0.0056
standard,0.24,4,EXTRACT_GIVENS+COMPARE_AXES+ORIGINAL_TASK_RETURN+DANGER_CHECK,0.0208,0.2242,0.5569,0.3458,0.4944,0.0056
standard,0.24,2,EXTRACT_GIVENS+UNCERTAINTY_BOUND,0.0208,0.1873,0.4778,0.384,0.4014,0.0056
standard,0.24,2,VERIFY_RESULT+ORIGINAL_TASK_RETURN,0.0208,0.1872,0.4979,0.3472,0.4396,0.0056
standard,0.24,5,MAP_RELATION+COMPARE_AXES+UNCERTAINTY_BOUND+ORIGINAL_TASK_RETURN+DANGER_CHECK,0.0208,0.1843,0.4681,0.3632,0.5201,0.0056
standard,0.24,6,SOURCE_BOUNDARY+MAP_RELATION+UNIT_TRACK+COMPARE_AXES+ORIGINAL_TASK_RETURN+DANGER_CHECK,0.0208,0.1807,0.4528,0.3708,0.6167,0.0056
standard,0.24,6,SOURCE_BOUNDARY+MAP_RELATION+UNIT_TRACK+COMPARE_AXES+UNCERTAINTY_BOUND+DANGER_CHECK,0.0208,0.177,0.4062,0.3757,0.5806,0.0056
very_strong,0.7,4,SOURCE_BOUNDARY+UNIT_TRACK+UNCERTAINTY_BOUND+ORIGINAL_TASK_RETURN,0.0208,0.2032,0.4215,0.3819,0.6653,0.0
very_strong,0.7,4,SOURCE_BOUNDARY+UNIT_TRACK+COMPARE_AXES+DANGER_CHECK,0.0208,0.2004,0.434,0.3937,0.7882,0.0
standard,0.24,3,EXTRACT_GIVENS+SOURCE_BOUNDARY+STEP_COMPUTE,0.0208,0.1954,0.4993,0.3806,0.4326,0.0
standard,0.24,3,EXTRACT_GIVENS+COMPARE_AXES+DANGER_CHECK,0.0208,0.1946,0.5215,0.3729,0.4597,0.0
strong,0.46,5,SOURCE_BOUNDARY+STEP_COMPUTE+COMPARE_AXES+UNCERTAINTY_BOUND+ORIGINAL_TASK_RETURN,0.0208,0.1946,0.4083,0.3653,0.659,0.0
standard,0.24,5,SOURCE_BOUNDARY+MAP_RELATION+STEP_COMPUTE+UNCERTAINTY_BOUND+ORIGINAL_TASK_RETURN,0.0208,0.1892,0.4188,0.3528,0.509,0.0
very_strong,0.7,2,STEP_COMPUTE+DANGER_CHECK,0.0208,0.1876,0.4326,0.3521,0.509,0.0
standard,0.24,6,SOURCE_BOUNDARY+MAP_RELATION+UNIT_TRACK+STEP_COMPUTE+COMPARE_AXES+DANGER_CHECK,0.0208,0.1861,0.4271,0.3826,0.6,0.0
standard,0.24,2,SOURCE_BOUNDARY+VERIFY_RESULT,0.0208,0.1839,0.4639,0.384,0.4201,0.0
standard,0.24,5,SOURCE_BOUNDARY+MAP_RELATION+UNIT_TRACK+UNCERTAINTY_BOUND+DANGER_CHECK,0.0208,0.1839,0.4597,0.3993,0.5139,0.0
standard,0.24,6,SOURCE_BOUNDARY+UNIT_TRACK+STEP_COMPUTE+UNCERTAINTY_BOUND+ORIGINAL_TASK_RETURN+DANGER_CHECK,0.0208,0.1838,0.4625,0.3438,0.6118,0.0
very_strong,0.7,4,SOURCE_BOUNDARY+STEP_COMPUTE+COMPARE_AXES+ORIGINAL_TASK_RETURN,0.0208,0.1821,0.4319,0.3868,0.7285,0.0
standard,0.24,3,SOURCE_BOUNDARY+UNIT_TRACK+VERIFY_RESULT,0.0208,0.1775,0.4521,0.3722,0.4889,0.0
standard,0.24,3,STEP_COMPUTE+VERIFY_RESULT+COMPARE_AXES,0.0208,0.1748,0.4611,0.3771,0.4479,0.0
saturated,0.95,4,SOURCE_BOUNDARY+UNIT_TRACK+STEP_COMPUTE+COMPARE_AXES,0.0208,0.1745,0.3896,0.4222,0.866,0.0
saturated,0.95,3,SOURCE_BOUNDARY+UNIT_TRACK+ORIGINAL_TASK_RETURN,0.0208,0.1671,0.4035,0.4153,0.7354,0.0
very_strong,0.7,3,STEP_COMPUTE+COMPARE_AXES+ORIGINAL_TASK_RETURN,0.0208,0.1658,0.4139,0.3986,0.6403,0.0
standard,0.24,2,MAP_RELATION+DANGER_CHECK,0.0208,0.1651,0.4576,0.3965,0.4264,0.0
standard,0.24,4,SOURCE_BOUNDARY+MAP_RELATION+UNIT_TRACK+STEP_COMPUTE,0.0208,0.1608,0.409,0.4139,0.5167,0.0
saturated,0.95,2,SOURCE_BOUNDARY+UNCERTAINTY_BOUND,0.0208,0.1559,0.3972,0.4326,0.5285,0.0
strong,0.46,3,STEP_COMPUTE+COMPARE_AXES+UNCERTAINTY_BOUND,0.0208,0.1549,0.3625,0.4146,0.5708,0.0
standard,0.24,3,UNIT_TRACK+STEP_COMPUTE+ORIGINAL_TASK_RETURN,0.0208,0.1286,0.3972,0.4479,0.5563,0.0
standard,0.24,6,SOURCE_BOUNDARY+MAP_RELATION+STEP_COMPUTE+COMPARE_AXES+ORIGINAL_TASK_RETURN+DANGER_CHECK,0.0201,0.1953,0.4625,0.366,0.5757,0.0056
standard,0.24,5,SOURCE_BOUNDARY+MAP_RELATION+COMPARE_AXES+UNCERTAINTY_BOUND+DANGER_CHECK,0.0201,0.1882,0.4382,0.3576,0.5479,0.0056
standard,0.24,3,VERIFY_RESULT+COMPARE_AXES+ORIGINAL_TASK_RETURN,0.0201,0.185,0.4924,0.3625,0.4979,0.0056
standard,0.24,6,SOURCE_BOUNDARY+UNIT_TRACK+STEP_COMPUTE+COMPARE_AXES+ORIGINAL_TASK_RETURN+DANGER_CHECK,0.0201,0.158,0.4465,0.416,0.6931,0.0056
saturated,0.95,5,SOURCE_BOUNDARY+MAP_RELATION+UNIT_TRACK+COMPARE_AXES+ORIGINAL_TASK_RETURN,0.0201,0.2358,0.4451,0.3444,0.8396,0.0
very_strong,0.7,3,MAP_RELATION+UNCERTAINTY_BOUND+ORIGINAL_TASK_RETURN,0.0201,0.2266,0.4771,0.3604,0.4917,0.0
strong,0.46,3,SOURCE_BOUNDARY+VERIFY_RESULT+COMPARE_AXES,0.0201,0.2151,0.4694,0.375,0.5424,0.0
strong,0.46,4,SOURCE_BOUNDARY+UNIT_TRACK+VERIFY_RESULT+COMPARE_AXES,0.0201,0.2085,0.4403,0.3688,0.609,0.0
strong,0.46,3,UNCERTAINTY_BOUND+ORIGINAL_TASK_RETURN+DANGER_CHECK,0.0201,0.1981,0.4674,0.3535,0.4972,0.0
standard,0.24,5,SOURCE_BOUNDARY+STEP_COMPUTE+UNCERTAINTY_BOUND+ORIGINAL_TASK_RETURN+DANGER_CHECK,0.0201,0.1963,0.4896,0.3667,0.5285,0.0
standard,0.24,3,UNIT_TRACK+VERIFY_RESULT+UNCERTAINTY_BOUND,0.0201,0.185,0.4646,0.3667,0.4493,0.0
strong,0.46,2,MAP_RELATION+DANGER_CHECK,0.0201,0.1815,0.4396,0.3778,0.4542,0.0
very_strong,0.7,4,UNIT_TRACK+STEP_COMPUTE+COMPARE_AXES+ORIGINAL_TASK_RETURN,0.0201,0.176,0.3986,0.3861,0.7486,0.0
standard,0.24,4,MAP_RELATION+UNIT_TRACK+ORIGINAL_TASK_RETURN+DANGER_CHECK,0.0201,0.1759,0.4813,0.3819,0.5215,0.0
standard,0.24,3,EXTRACT_GIVENS+STEP_COMPUTE+COMPARE_AXES,0.0201,0.1754,0.4437,0.4167,0.4542,0.0
standard,0.24,4,EXTRACT_GIVENS+UNIT_TRACK+COMPARE_AXES+UNCERTAINTY_BOUND,0.0201,0.1754,0.4417,0.4076,0.5333,0.0
standard,0.24,5,SOURCE_BOUNDARY+MAP_RELATION+UNIT_TRACK+STEP_COMPUTE+UNCERTAINTY_BOUND,0.0201,0.1747,0.4118,0.4299,0.5097,0.0
saturated,0.95,3,UNIT_TRACK+COMPARE_AXES+DANGER_CHECK,0.0201,0.174,0.4035,0.4028,0.7264,0.0
strong,0.46,3,COMPARE_AXES+ORIGINAL_TASK_RETURN+DANGER_CHECK,0.0201,0.1695,0.4514,0.3896,0.5951,0.0
strong,0.46,3,SOURCE_BOUNDARY+MAP_RELATION+UNIT_TRACK,0.0201,0.1668,0.3993,0.4062,0.5847,0.0
standard,0.24,4,MAP_RELATION+STEP_COMPUTE+COMPARE_AXES+ORIGINAL_TASK_RETURN,0.0201,0.1603,0.4257,0.4111,0.5125,0.0
standard,0.24,4,STEP_COMPUTE+UNCERTAINTY_BOUND+ORIGINAL_TASK_RETURN+DANGER_CHECK,0.0194,0.1939,0.5174,0.3632,0.5076,0.0111
standard,0.24,4,SOURCE_BOUNDARY+MAP_RELATION+ORIGINAL_TASK_RETURN+DANGER_CHECK,0.0194,0.1934,0.4722,0.3465,0.4993,0.0056
standard,0.24,4,STEP_COMPUTE+COMPARE_AXES+ORIGINAL_TASK_RETURN+DANGER_CHECK,0.0194,0.1531,0.4375,0.4062,0.5396,0.0056
standard,0.24,5,MAP_RELATION+STEP_COMPUTE+COMPARE_AXES+ORIGINAL_TASK_RETURN+DANGER_CHECK,0.0194,0.2019,0.4729,0.3347,0.5625,0.0
standard,0.24,3,EXTRACT_GIVENS+STEP_COMPUTE+ORIGINAL_TASK_RETURN,0.0194,0.2006,0.5174,0.3632,0.4174,0.0
saturated,0.95,2,ORIGINAL_TASK_RETURN+DANGER_CHECK,0.0194,0.199,0.5028,0.3431,0.5333,0.0
standard,0.24,3,MAP_RELATION+ORIGINAL_TASK_RETURN+DANGER_CHECK,0.0194,0.1949,0.509,0.3528,0.4646,0.0
saturated,0.95,2,SOURCE_BOUNDARY+DANGER_CHECK,0.0194,0.1883,0.4451,0.3924,0.5632,0.0
standard,0.24,3,SOURCE_BOUNDARY+VERIFY_RESULT+UNCERTAINTY_BOUND,0.0194,0.183,0.4472,0.3535,0.4667,0.0
strong,0.46,4,SOURCE_BOUNDARY+STEP_COMPUTE+COMPARE_AXES+UNCERTAINTY_BOUND,0.0194,0.178,0.3986,0.3979,0.6153,0.0
standard,0.24,4,UNIT_TRACK+VERIFY_RESULT+COMPARE_AXES+UNCERTAINTY_BOUND,0.0194,0.1754,0.45,0.3979,0.5021,0.0
standard,0.24,4,SOURCE_BOUNDARY+MAP_RELATION+STEP_COMPUTE+UNCERTAINTY_BOUND,0.0194,0.1732,0.4306,0.3993,0.466,0.0
strong,0.46,4,STEP_COMPUTE+COMPARE_AXES+UNCERTAINTY_BOUND+ORIGINAL_TASK_RETURN,0.0194,0.169,0.4167,0.4,0.5944,0.0
standard,0.24,5,SOURCE_BOUNDARY+STEP_COMPUTE+COMPARE_AXES+ORIGINAL_TASK_RETURN+DANGER_CHECK,0.0194,0.1668,0.4486,0.4139,0.5938,0.0
standard,0.24,4,STEP_COMPUTE+COMPARE_AXES+UNCERTAINTY_BOUND+DANGER_CHECK,0.0194,0.165,0.4271,0.391,0.5382,0.0
standard,0.24,5,SOURCE_BOUNDARY+MAP_RELATION+UNIT_TRACK+COMPARE_AXES+DANGER_CHECK,0.0194,0.1638,0.4104,0.3937,0.5722,0.0
standard,0.24,2,UNIT_TRACK+VERIFY_RESULT,0.0194,0.1634,0.4451,0.4021,0.4417,0.0
very_strong,0.7,2,COMPARE_AXES+DANGER_CHECK,0.0194,0.1603,0.4042,0.4347,0.5653,0.0
standard,0.24,4,UNIT_TRACK+UNCERTAINTY_BOUND+ORIGINAL_TASK_RETURN+DANGER_CHECK,0.0194,0.1591,0.4444,0.3833,0.5333,0.0
standard,0.24,4,EXTRACT_GIVENS+UNIT_TRACK+COMPARE_AXES+ORIGINAL_TASK_RETURN,0.0194,0.1571,0.4618,0.4167,0.5444,0.0
strong,0.46,4,UNIT_TRACK+STEP_COMPUTE+COMPARE_AXES+ORIGINAL_TASK_RETURN,0.0194,0.1543,0.4306,0.4306,0.6687,0.0
very_strong,0.7,3,SOURCE_BOUNDARY+COMPARE_AXES+ORIGINAL_TASK_RETURN,0.0194,0.1462,0.3958,0.4396,0.6625,0.0
standard,0.24,4,UNIT_TRACK+STEP_COMPUTE+UNCERTAINTY_BOUND+ORIGINAL_TASK_RETURN,0.0194,0.1445,0.4229,0.4014,0.5201,0.0
very_strong,0.7,3,UNIT_TRACK+COMPARE_AXES+UNCERTAINTY_BOUND,0.0194,0.1429,0.3375,0.4576,0.6486,0.0
standard,0.24,5,SOURCE_BOUNDARY+STEP_COMPUTE+COMPARE_AXES+UNCERTAINTY_BOUND+ORIGINAL_TASK_RETURN,0.0187,0.1532,0.4181,0.4014,0.6097,0.0056
standard,0.24,4,SOURCE_BOUNDARY+UNIT_TRACK+ORIGINAL_TASK_RETURN+DANGER_CHECK,0.0187,0.1528,0.4528,0.4236,0.5639,0.0056
very_strong,0.7,4,SOURCE_BOUNDARY+MAP_RELATION+COMPARE_AXES+ORIGINAL_TASK_RETURN,0.0187,0.2067,0.4444,0.375,0.6507,0.0
saturated,0.95,4,SOURCE_BOUNDARY+MAP_RELATION+UNIT_TRACK+COMPARE_AXES,0.0187,0.1959,0.4118,0.3882,0.8014,0.0
saturated,0.95,3,SOURCE_BOUNDARY+UNIT_TRACK+DANGER_CHECK,0.0187,0.1935,0.4479,0.3792,0.6937,0.0
standard,0.24,4,SOURCE_BOUNDARY+MAP_RELATION+UNCERTAINTY_BOUND+DANGER_CHECK,0.0187,0.1932,0.4674,0.3569,0.4556,0.0
strong,0.46,4,MAP_RELATION+COMPARE_AXES+UNCERTAINTY_BOUND+ORIGINAL_TASK_RETURN,0.0187,0.1931,0.4347,0.3694,0.534,0.0
strong,0.46,3,SOURCE_BOUNDARY+UNCERTAINTY_BOUND+DANGER_CHECK,0.0187,0.1917,0.4618,0.3819,0.5507,0.0
standard,0.24,2,VERIFY_RESULT+UNCERTAINTY_BOUND,0.0187,0.19,0.4799,0.3667,0.3951,0.0
standard,0.24,7,SOURCE_BOUNDARY+MAP_RELATION+UNIT_TRACK+STEP_COMPUTE+COMPARE_AXES+UNCERTAINTY_BOUND+DANGER_CHECK,0.0187,0.1889,0.4313,0.3889,0.5847,0.0
saturated,0.95,2,MAP_RELATION+ORIGINAL_TASK_RETURN,0.0187,0.1865,0.4535,0.3854,0.4674,0.0
very_strong,0.7,4,SOURCE_BOUNDARY+UNIT_TRACK+STEP_COMPUTE+COMPARE_AXES,0.0187,0.1823,0.3861,0.3993,0.7931,0.0
strong,0.46,2,EXTRACT_GIVENS+COMPARE_AXES,0.0187,0.1788,0.4549,0.4028,0.4778,0.0
standard,0.24,5,SOURCE_BOUNDARY+COMPARE_AXES+UNCERTAINTY_BOUND+ORIGINAL_TASK_RETURN+DANGER_CHECK,0.0187,0.1734,0.4451,0.3833,0.5972,0.0
very_strong,0.7,4,UNIT_TRACK+COMPARE_AXES+UNCERTAINTY_BOUND+ORIGINAL_TASK_RETURN,0.0187,0.1719,0.4146,0.4167,0.7333,0.0
standard,0.24,5,MAP_RELATION+UNIT_TRACK+COMPARE_AXES+UNCERTAINTY_BOUND+DANGER_CHECK,0.0187,0.1709,0.4375,0.4035,0.5424,0.0
very_strong,0.7,3,SOURCE_BOUNDARY+UNIT_TRACK+STEP_COMPUTE,0.0187,0.1699,0.3847,0.4201,0.6903,0.0
strong,0.46,4,UNIT_TRACK+COMPARE_AXES+ORIGINAL_TASK_RETURN+DANGER_CHECK,0.0187,0.1698,0.4632,0.4049,0.6486,0.0
strong,0.46,3,SOURCE_BOUNDARY+COMPARE_AXES+DANGER_CHECK,0.0187,0.1684,0.4299,0.4354,0.5972,0.0
standard,0.24,4,UNIT_TRACK+STEP_COMPUTE+ORIGINAL_TASK_RETURN+DANGER_CHECK,0.0187,0.1678,0.4708,0.3958,0.5646,0.0
strong,0.46,3,SOURCE_BOUNDARY+UNCERTAINTY_BOUND+ORIGINAL_TASK_RETURN,0.0187,0.166,0.4132,0.3979,0.5583,0.0
standard,0.24,4,SOURCE_BOUNDARY+UNIT_TRACK+VERIFY_RESULT+COMPARE_AXES,0.0187,0.1643,0.4514,0.409,0.5563,0.0
very_strong,0.7,2,SOURCE_BOUNDARY+UNCERTAINTY_BOUND,0.0187,0.1637,0.3854,0.409,0.5125,0.0
standard,0.24,5,UNIT_TRACK+STEP_COMPUTE+COMPARE_AXES+UNCERTAINTY_BOUND+DANGER_CHECK,0.0187,0.1629,0.4222,0.3958,0.5854,0.0
strong,0.46,2,STEP_COMPUTE+UNCERTAINTY_BOUND,0.0187,0.1582,0.4,0.4069,0.4708,0.0
standard,0.24,3,MAP_RELATION+UNIT_TRACK+DANGER_CHECK,0.0187,0.1551,0.4201,0.3986,0.4799,0.0
standard,0.24,4,SOURCE_BOUNDARY+UNIT_TRACK+STEP_COMPUTE+DANGER_CHECK,0.0187,0.1546,0.4458,0.4243,0.5215,0.0
strong,0.46,3,EXTRACT_GIVENS+SOURCE_BOUNDARY+COMPARE_AXES,0.0181,0.2016,0.4708,0.3833,0.5306,0.0056
standard,0.24,5,SOURCE_BOUNDARY+UNIT_TRACK+UNCERTAINTY_BOUND+ORIGINAL_TASK_RETURN+DANGER_CHECK,0.0181,0.1772,0.459,0.3556,0.5889,0.0056
standard,0.24,4,SOURCE_BOUNDARY+STEP_COMPUTE+ORIGINAL_TASK_RETURN+DANGER_CHECK,0.0181,0.1762,0.4826,0.3785,0.5271,0.0056
very_strong,0.7,2,UNCERTAINTY_BOUND+ORIGINAL_TASK_RETURN,0.0181,0.1497,0.4194,0.3979,0.4667,0.0056
standard,0.24,4,SOURCE_BOUNDARY+MAP_RELATION+COMPARE_AXES+UNCERTAINTY_BOUND,0.0181,0.141,0.4076,0.4653,0.5188,0.0056
standard,0.24,7,SOURCE_BOUNDARY+MAP_RELATION+UNIT_TRACK+COMPARE_AXES+UNCERTAINTY_BOUND+ORIGINAL_TASK_RETURN+DANGER_CHECK,0.0181,0.2085,0.4729,0.3653,0.5986,0.0
standard,0.24,4,EXTRACT_GIVENS+UNIT_TRACK+UNCERTAINTY_BOUND+ORIGINAL_TASK_RETURN,0.0181,0.1877,0.5,0.3799,0.4882,0.0
standard,0.24,4,UNIT_TRACK+VERIFY_RESULT+COMPARE_AXES+ORIGINAL_TASK_RETURN,0.0181,0.1791,0.491,0.3847,0.5403,0.0
saturated,0.95,2,SOURCE_BOUNDARY+STEP_COMPUTE,0.0181,0.1753,0.4215,0.3854,0.6243,0.0
standard,0.24,4,MAP_RELATION+COMPARE_AXES+UNCERTAINTY_BOUND+DANGER_CHECK,0.0181,0.1706,0.4215,0.3889,0.4875,0.0
very_strong,0.7,3,MAP_RELATION+UNIT_TRACK+COMPARE_AXES,0.0181,0.1703,0.3729,0.4299,0.6701,0.0
very_strong,0.7,3,UNIT_TRACK+UNCERTAINTY_BOUND+ORIGINAL_TASK_RETURN,0.0181,0.17,0.4306,0.3646,0.6278,0.0
standard,0.24,5,EXTRACT_GIVENS+SOURCE_BOUNDARY+UNIT_TRACK+COMPARE_AXES+UNCERTAINTY_BOUND,0.0181,0.1686,0.4368,0.4292,0.5326,0.0
saturated,0.95,4,SOURCE_BOUNDARY+UNIT_TRACK+COMPARE_AXES+ORIGINAL_TASK_RETURN,0.0181,0.1679,0.4201,0.4229,0.8438,0.0
standard,0.24,3,MAP_RELATION+STEP_COMPUTE+UNCERTAINTY_BOUND,0.0181,0.167,0.3986,0.3937,0.4507,0.0
saturated,0.95,2,UNIT_TRACK+DANGER_CHECK,0.0181,0.1662,0.4417,0.391,0.6153,0.0
standard,0.24,3,EXTRACT_GIVENS+SOURCE_BOUNDARY+UNIT_TRACK,0.0181,0.1637,0.4396,0.4292,0.4778,0.0
strong,0.46,3,STEP_COMPUTE+COMPARE_AXES+DANGER_CHECK,0.0181,0.1608,0.4181,0.4375,0.5708,0.0
very_strong,0.7,3,SOURCE_BOUNDARY+UNIT_TRACK+ORIGINAL_TASK_RETURN,0.0181,0.1577,0.4208,0.4229,0.6965,0.0
strong,0.46,3,MAP_RELATION+UNIT_TRACK+COMPARE_AXES,0.0181,0.1533,0.3861,0.4313,0.5535,0.0
standard,0.24,4,SOURCE_BOUNDARY+MAP_RELATION+UNIT_TRACK+UNCERTAINTY_BOUND,0.0181,0.1519,0.3868,0.4208,0.509,0.0
saturated,0.95,3,UNIT_TRACK+COMPARE_AXES+UNCERTAINTY_BOUND,0.0181,0.1517,0.3847,0.4299,0.7243,0.0
saturated,0.95,2,COMPARE_AXES+UNCERTAINTY_BOUND,0.0181,0.1452,0.3833,0.4486,0.5792,0.0
standard,0.24,5,SOURCE_BOUNDARY+UNIT_TRACK+COMPARE_AXES+ORIGINAL_TASK_RETURN+DANGER_CHECK,0.0181,0.1428,0.4368,0.4188,0.6639,0.0
strong,0.46,3,UNIT_TRACK+STEP_COMPUTE+COMPARE_AXES,0.0181,0.14,0.3903,0.4604,0.6312,0.0
standard,0.24,3,VERIFY_RESULT+COMPARE_AXES+UNCERTAINTY_BOUND,0.0174,0.1896,0.4819,0.3757,0.4306,0.0056
standard,0.24,2,EXTRACT_GIVENS+DANGER_CHECK,0.0174,0.1822,0.5174,0.4021,0.3937,0.0056
strong,0.46,2,UNCERTAINTY_BOUND+DANGER_CHECK,0.0174,0.1711,0.4479,0.3771,0.4347,0.0056
very_strong,0.7,4,SOURCE_BOUNDARY+MAP_RELATION+UNIT_TRACK+COMPARE_AXES,0.0174,0.1929,0.3917,0.375,0.7125,0.0
saturated,0.95,4,SOURCE_BOUNDARY+STEP_COMPUTE+COMPARE_AXES+ORIGINAL_TASK_RETURN,0.0174,0.1868,0.4382,0.4132,0.7882,0.0
standard,0.24,3,EXTRACT_GIVENS+SOURCE_BOUNDARY+ORIGINAL_TASK_RETURN,0.0174,0.1797,0.4785,0.366,0.4667,0.0
very_strong,0.7,2,SOURCE_BOUNDARY+MAP_RELATION,0.0174,0.177,0.4153,0.4035,0.4993,0.0
strong,0.46,3,UNIT_TRACK+ORIGINAL_TASK_RETURN+DANGER_CHECK,0.0174,0.1768,0.4826,0.3917,0.6076,0.0
standard,0.24,3,EXTRACT_GIVENS+UNIT_TRACK+ORIGINAL_TASK_RETURN,0.0174,0.1734,0.5069,0.384,0.4792,0.0
saturated,0.95,2,COMPARE_AXES+DANGER_CHECK,0.0174,0.172,0.4306,0.391,0.5625,0.0
very_strong,0.7,3,SOURCE_BOUNDARY+MAP_RELATION+COMPARE_AXES,0.0174,0.1694,0.3896,0.3917,0.6319,0.0
standard,0.24,4,SOURCE_BOUNDARY+MAP_RELATION+STEP_COMPUTE+ORIGINAL_TASK_RETURN,0.0174,0.168,0.4514,0.3882,0.5403,0.0
standard,0.24,3,MAP_RELATION+COMPARE_AXES+DANGER_CHECK,0.0174,0.1648,0.4528,0.3958,0.4806,0.0
standard,0.24,6,SOURCE_BOUNDARY+UNIT_TRACK+STEP_COMPUTE+COMPARE_AXES+UNCERTAINTY_BOUND+DANGER_CHECK,0.0174,0.1648,0.4313,0.3875,0.6257,0.0
standard,0.24,5,UNIT_TRACK+STEP_COMPUTE+COMPARE_AXES+ORIGINAL_TASK_RETURN+DANGER_CHECK,0.0174,0.1638,0.466,0.4042,0.6,0.0
standard,0.24,6,SOURCE_BOUNDARY+UNIT_TRACK+COMPARE_AXES+UNCERTAINTY_BOUND+ORIGINAL_TASK_RETURN+DANGER_CHECK,0.0174,0.1625,0.4181,0.391,0.6764,0.0
very_strong,0.7,3,UNIT_TRACK+COMPARE_AXES+DANGER_CHECK,0.0174,0.1603,0.4104,0.4292,0.6819,0.0
standard,0.24,4,MAP_RELATION+UNIT_TRACK+COMPARE_AXES+DANGER_CHECK,0.0174,0.1562,0.4188,0.4049,0.5201,0.0
standard,0.24,5,SOURCE_BOUNDARY+MAP_RELATION+COMPARE_AXES+UNCERTAINTY_BOUND+ORIGINAL_TASK_RETURN,0.0174,0.153,0.4174,0.4049,0.5389,0.0
standard,0.24,3,MAP_RELATION+UNIT_TRACK+UNCERTAINTY_BOUND,0.0174,0.1488,0.4062,0.4153,0.4903,0.0
standard,0.24,4,SOURCE_BOUNDARY+MAP_RELATION+STEP_COMPUTE+COMPARE_AXES,0.0174,0.1425,0.3903,0.4313,0.5493,0.0
standard,0.24,3,UNIT_TRACK+COMPARE_AXES+DANGER_CHECK,0.0174,0.1241,0.3993,0.4431,0.5556,0.0
standard,0.24,6,SOURCE_BOUNDARY+MAP_RELATION+STEP_COMPUTE+COMPARE_AXES+UNCERTAINTY_BOUND+ORIGINAL_TASK_RETURN,0.0167,0.1842,0.4465,0.3521,0.5882,0.0056
standard,0.24,2,VERIFY_RESULT+DANGER_CHECK,0.0167,0.2135,0.5076,0.3132,0.3576,0.0
standard,0.24,5,SOURCE_BOUNDARY+STEP_COMPUTE+COMPARE_AXES+UNCERTAINTY_BOUND+DANGER_CHECK,0.0167,0.1774,0.425,0.3625,0.5847,0.0
standard,0.24,6,UNIT_TRACK+STEP_COMPUTE+COMPARE_AXES+UNCERTAINTY_BOUND+ORIGINAL_TASK_RETURN+DANGER_CHECK,0.0167,0.1759,0.4417,0.3951,0.6007,0.0
standard,0.24,4,EXTRACT_GIVENS+SOURCE_BOUNDARY+UNIT_TRACK+ORIGINAL_TASK_RETURN,0.0167,0.1758,0.4938,0.3826,0.5229,0.0
standard,0.24,4,SOURCE_BOUNDARY+MAP_RELATION+COMPARE_AXES+DANGER_CHECK,0.0167,0.1621,0.4313,0.3951,0.516,0.0
saturated,0.95,3,STEP_COMPUTE+COMPARE_AXES+ORIGINAL_TASK_RETURN,0.0167,0.1614,0.4292,0.4181,0.7125,0.0
standard,0.24,3,UNIT_TRACK+VERIFY_RESULT+COMPARE_AXES,0.0167,0.1584,0.45,0.4139,0.5139,0.0
standard,0.24,3,STEP_COMPUTE+ORIGINAL_TASK_RETURN+DANGER_CHECK,0.0167,0.1566,0.4924,0.4153,0.4826,0.0
standard,0.24,3,UNIT_TRACK+UNCERTAINTY_BOUND+DANGER_CHECK,0.0167,0.149,0.4215,0.4028,0.5167,0.0
strong,0.46,2,COMPARE_AXES+DANGER_CHECK,0.0167,0.1414,0.3986,0.4104,0.5382,0.0
standard,0.24,4,MAP_RELATION+COMPARE_AXES+ORIGINAL_TASK_RETURN+DANGER_CHECK,0.016,0.1778,0.4729,0.3819,0.5125,0.0056
standard,0.24,2,EXTRACT_GIVENS+ORIGINAL_TASK_RETURN,0.016,0.1656,0.509,0.4097,0.4528,0.0056
standard,0.24,5,SOURCE_BOUNDARY+MAP_RELATION+STEP_COMPUTE+COMPARE_AXES+ORIGINAL_TASK_RETURN,0.016,0.1588,0.4097,0.3931,0.5958,0.0056
saturated,0.95,3,SOURCE_BOUNDARY+MAP_RELATION+COMPARE_AXES,0.016,0.1943,0.4222,0.3736,0.6444,0.0
standard,0.24,5,MAP_RELATION+UNIT_TRACK+COMPARE_AXES+ORIGINAL_TASK_RETURN+DANGER_CHECK,0.016,0.1718,0.4549,0.3806,0.5778,0.0
strong,0.46,2,MAP_RELATION+UNCERTAINTY_BOUND,0.016,0.1701,0.4062,0.4097,0.4292,0.0
standard,0.24,5,SOURCE_BOUNDARY+MAP_RELATION+UNIT_TRACK+UNCERTAINTY_BOUND+ORIGINAL_TASK_RETURN,0.016,0.1645,0.4257,0.3812,0.5944,0.0
strong,0.46,5,SOURCE_BOUNDARY+UNIT_TRACK+STEP_COMPUTE+COMPARE_AXES+ORIGINAL_TASK_RETURN,0.016,0.1613,0.4014,0.4097,0.7264,0.0
very_strong,0.7,2,MAP_RELATION+COMPARE_AXES,0.016,0.1568,0.3965,0.4167,0.534,0.0
standard,0.24,4,SOURCE_BOUNDARY+STEP_COMPUTE+UNCERTAINTY_BOUND+ORIGINAL_TASK_RETURN,0.016,0.1543,0.4507,0.3917,0.5312,0.0
standard,0.24,5,MAP_RELATION+UNIT_TRACK+COMPARE_AXES+UNCERTAINTY_BOUND+ORIGINAL_TASK_RETURN,0.016,0.1496,0.4104,0.3958,0.5903,0.0
standard,0.24,3,COMPARE_AXES+UNCERTAINTY_BOUND+DANGER_CHECK,0.016,0.148,0.416,0.3951,0.5201,0.0
standard,0.24,4,UNIT_TRACK+STEP_COMPUTE+COMPARE_AXES+DANGER_CHECK,0.016,0.1402,0.4222,0.4208,0.575,0.0
standard,0.24,4,MAP_RELATION+UNIT_TRACK+COMPARE_AXES+UNCERTAINTY_BOUND,0.016,0.1381,0.3694,0.4444,0.5229,0.0
standard,0.24,2,MAP_RELATION+UNIT_TRACK,0.016,0.1318,0.3875,0.4424,0.4896,0.0
standard,0.24,3,EXTRACT_GIVENS+UNCERTAINTY_BOUND+ORIGINAL_TASK_RETURN,0.0153,0.201,0.525,0.3569,0.4417,0.0
strong,0.46,5,SOURCE_BOUNDARY+MAP_RELATION+UNIT_TRACK+COMPARE_AXES+ORIGINAL_TASK_RETURN,0.0153,0.1761,0.4056,0.3958,0.6764,0.0
strong,0.46,3,UNIT_TRACK+UNCERTAINTY_BOUND+DANGER_CHECK,0.0153,0.1736,0.4424,0.3958,0.5382,0.0
saturated,0.95,2,MAP_RELATION+COMPARE_AXES,0.0153,0.1715,0.4007,0.3861,0.5403,0.0
strong,0.46,3,SOURCE_BOUNDARY+STEP_COMPUTE+UNCERTAINTY_BOUND,0.0153,0.1693,0.4146,0.4021,0.5278,0.0
standard,0.24,3,STEP_COMPUTE+UNCERTAINTY_BOUND+DANGER_CHECK,0.0153,0.1686,0.4597,0.3819,0.4639,0.0
strong,0.46,4,SOURCE_BOUNDARY+UNIT_TRACK+UNCERTAINTY_BOUND+ORIGINAL_TASK_RETURN,0.0153,0.1649,0.4215,0.391,0.6451,0.0
standard,0.24,3,SOURCE_BOUNDARY+ORIGINAL_TASK_RETURN+DANGER_CHECK,0.0153,0.1602,0.4632,0.3896,0.5472,0.0
standard,0.24,3,MAP_RELATION+UNIT_TRACK+ORIGINAL_TASK_RETURN,0.0153,0.1544,0.4375,0.4042,0.5111,0.0
standard,0.24,2,MAP_RELATION+UNCERTAINTY_BOUND,0.0153,0.1516,0.4125,0.3722,0.4375,0.0
strong,0.46,3,SOURCE_BOUNDARY+STEP_COMPUTE+ORIGINAL_TASK_RETURN,0.0153,0.1509,0.4181,0.4083,0.5993,0.0
saturated,0.95,3,SOURCE_BOUNDARY+COMPARE_AXES+ORIGINAL_TASK_RETURN,0.0153,0.1508,0.3917,0.4396,0.7271,0.0
standard,0.24,6,SOURCE_BOUNDARY+UNIT_TRACK+STEP_COMPUTE+COMPARE_AXES+UNCERTAINTY_BOUND+ORIGINAL_TASK_RETURN,0.0153,0.1495,0.4243,0.4278,0.6,0.0
standard,0.24,5,SOURCE_BOUNDARY+UNIT_TRACK+STEP_COMPUTE+UNCERTAINTY_BOUND+ORIGINAL_TASK_RETURN,0.0153,0.1493,0.4062,0.4104,0.5826,0.0
standard,0.24,3,EXTRACT_GIVENS+UNIT_TRACK+COMPARE_AXES,0.0153,0.1468,0.4326,0.4174,0.4938,0.0
standard,0.24,3,EXTRACT_GIVENS+SOURCE_BOUNDARY+COMPARE_AXES,0.0153,0.1461,0.4465,0.4181,0.5104,0.0
strong,0.46,3,SOURCE_BOUNDARY+UNIT_TRACK+STEP_COMPUTE,0.0153,0.146,0.3896,0.4681,0.6083,0.0
saturated,0.95,2,SOURCE_BOUNDARY+ORIGINAL_TASK_RETURN,0.0153,0.1438,0.4201,0.4236,0.6125,0.0
standard,0.24,2,MAP_RELATION+STEP_COMPUTE,0.0153,0.1423,0.3979,0.4424,0.4472,0.0
strong,0.46,4,UNIT_TRACK+COMPARE_AXES+UNCERTAINTY_BOUND+ORIGINAL_TASK_RETURN,0.0153,0.1414,0.3833,0.4354,0.6562,0.0
standard,0.24,5,SOURCE_BOUNDARY+UNIT_TRACK+STEP_COMPUTE+COMPARE_AXES+DANGER_CHECK,0.0153,0.1391,0.4174,0.4146,0.5979,0.0
strong,0.46,4,SOURCE_BOUNDARY+STEP_COMPUTE+COMPARE_AXES+DANGER_CHECK,0.0146,0.1987,0.45,0.3743,0.6451,0.0056
saturated,0.95,2,SOURCE_BOUNDARY+MAP_RELATION,0.0146,0.173,0.4139,0.3944,0.4931,0.0056
standard,0.24,5,EXTRACT_GIVENS+SOURCE_BOUNDARY+UNIT_TRACK+COMPARE_AXES+ORIGINAL_TASK_RETURN,0.0146,0.1729,0.4708,0.3917,0.5819,0.0056
standard,0.24,3,SOURCE_BOUNDARY+MAP_RELATION+UNCERTAINTY_BOUND,0.0146,0.1464,0.4069,0.4125,0.4708,0.0056
standard,0.24,3,MAP_RELATION+UNCERTAINTY_BOUND+ORIGINAL_TASK_RETURN,0.0146,0.1655,0.4458,0.3521,0.4618,0.0
standard,0.24,4,EXTRACT_GIVENS+SOURCE_BOUNDARY+UNIT_TRACK+COMPARE_AXES,0.0146,0.1589,0.4472,0.4125,0.5285,0.0
very_strong,0.7,2,STEP_COMPUTE+ORIGINAL_TASK_RETURN,0.0146,0.1577,0.4299,0.4069,0.5208,0.0
saturated,0.95,2,STEP_COMPUTE+ORIGINAL_TASK_RETURN,0.0146,0.1575,0.4174,0.3931,0.5736,0.0
standard,0.24,4,SOURCE_BOUNDARY+COMPARE_AXES+ORIGINAL_TASK_RETURN+DANGER_CHECK,0.0146,0.1524,0.4528,0.4333,0.5653,0.0
strong,0.46,2,MAP_RELATION+ORIGINAL_TASK_RETURN,0.0146,0.1504,0.4118,0.4174,0.491,0.0
strong,0.46,3,SOURCE_BOUNDARY+UNIT_TRACK+UNCERTAINTY_BOUND,0.0146,0.1274,0.3611,0.425,0.5951,0.0
standard,0.24,5,UNIT_TRACK+STEP_COMPUTE+COMPARE_AXES+UNCERTAINTY_BOUND+ORIGINAL_TASK_RETURN,0.0146,0.1262,0.3771,0.4472,0.634,0.0
saturated,0.95,2,UNIT_TRACK+COMPARE_AXES,0.0146,0.1045,0.359,0.4806,0.6986,0.0
strong,0.46,2,VERIFY_RESULT+COMPARE_AXES,0.0139,0.1886,0.4653,0.3729,0.4792,0.0056
standard,0.24,4,EXTRACT_GIVENS+SOURCE_BOUNDARY+COMPARE_AXES+ORIGINAL_TASK_RETURN,0.0139,0.1723,0.4917,0.3694,0.4993,0.0056
very_strong,0.7,3,MAP_RELATION+COMPARE_AXES+ORIGINAL_TASK_RETURN,0.0139,0.1722,0.4174,0.3688,0.5632,0.0
saturated,0.95,3,UNIT_TRACK+UNCERTAINTY_BOUND+ORIGINAL_TASK_RETURN,0.0139,0.169,0.4472,0.3812,0.6292,0.0
very_strong,0.7,3,SOURCE_BOUNDARY+UNIT_TRACK+UNCERTAINTY_BOUND,0.0139,0.1669,0.3882,0.4014,0.6292,0.0
strong,0.46,3,SOURCE_BOUNDARY+UNIT_TRACK+DANGER_CHECK,0.0139,0.1634,0.4292,0.3958,0.5944,0.0
standard,0.24,5,SOURCE_BOUNDARY+MAP_RELATION+STEP_COMPUTE+COMPARE_AXES+UNCERTAINTY_BOUND,0.0139,0.1569,0.3826,0.4062,0.5507,0.0
strong,0.46,2,SOURCE_BOUNDARY+DANGER_CHECK,0.0139,0.1556,0.4306,0.4111,0.4958,0.0
very_strong,0.7,4,SOURCE_BOUNDARY+UNIT_TRACK+COMPARE_AXES+ORIGINAL_TASK_RETURN,0.0139,0.1485,0.4056,0.4569,0.7681,0.0
very_strong,0.7,2,SOURCE_BOUNDARY+ORIGINAL_TASK_RETURN,0.0139,0.1423,0.409,0.4167,0.5778,0.0
saturated,0.95,2,STEP_COMPUTE+COMPARE_AXES,0.0139,0.1413,0.3639,0.4326,0.6785,0.0
standard,0.24,4,SOURCE_BOUNDARY+UNIT_TRACK+UNCERTAINTY_BOUND+ORIGINAL_TASK_RETURN,0.0139,0.13,0.4111,0.4167,0.5778,0.0
standard,0.24,3,MAP_RELATION+UNCERTAINTY_BOUND+DANGER_CHECK,0.0132,0.1772,0.4493,0.3674,0.459,0.0
standard,0.24,3,SOURCE_BOUNDARY+VERIFY_RESULT+COMPARE_AXES,0.0132,0.1709,0.4486,0.3826,0.4764,0.0
standard,0.24,5,SOURCE_BOUNDARY+UNIT_TRACK+STEP_COMPUTE+UNCERTAINTY_BOUND+DANGER_CHECK,0.0132,0.1643,0.4361,0.3993,0.5521,0.0
standard,0.24,4,COMPARE_AXES+UNCERTAINTY_BOUND+ORIGINAL_TASK_RETURN+DANGER_CHECK,0.0132,0.1628,0.4458,0.3889,0.5674,0.0
standard,0.24,2,VERIFY_RESULT+COMPARE_AXES,0.0132,0.1624,0.441,0.3903,0.4299,0.0
strong,0.46,4,SOURCE_BOUNDARY+UNIT_TRACK+COMPARE_AXES+DANGER_CHECK,0.0132,0.1588,0.4229,0.4194,0.6292,0.0
strong,0.46,3,SOURCE_BOUNDARY+MAP_RELATION+COMPARE_AXES,0.0132,0.1536,0.4056,0.4208,0.5792,0.0
standard,0.24,3,SOURCE_BOUNDARY+MAP_RELATION+ORIGINAL_TASK_RETURN,0.0132,0.1511,0.409,0.3903,0.4757,0.0
standard,0.24,5,SOURCE_BOUNDARY+UNIT_TRACK+COMPARE_AXES+UNCERTAINTY_BOUND+DANGER_CHECK,0.0132,0.1506,0.3972,0.4201,0.591,0.0
standard,0.24,2,EXTRACT_GIVENS+UNIT_TRACK,0.0132,0.1488,0.4514,0.4319,0.4417,0.0
very_strong,0.7,2,STEP_COMPUTE+COMPARE_AXES,0.0132,0.143,0.3854,0.4458,0.5806,0.0
strong,0.46,3,COMPARE_AXES+UNCERTAINTY_BOUND+ORIGINAL_TASK_RETURN,0.0132,0.1409,0.3924,0.4104,0.5722,0.0
standard,0.24,4,SOURCE_BOUNDARY+MAP_RELATION+COMPARE_AXES+ORIGINAL_TASK_RETURN,0.0132,0.1409,0.3944,0.3972,0.5736,0.0
strong,0.46,2,STEP_COMPUTE+ORIGINAL_TASK_RETURN,0.0132,0.1388,0.4208,0.4299,0.5208,0.0
very_strong,0.7,2,COMPARE_AXES+UNCERTAINTY_BOUND,0.0132,0.1375,0.366,0.4729,0.55,0.0
standard,0.24,5,SOURCE_BOUNDARY+MAP_RELATION+UNIT_TRACK+COMPARE_AXES+ORIGINAL_TASK_RETURN,0.0132,0.1361,0.3965,0.4313,0.6569,0.0
standard,0.24,3,SOURCE_BOUNDARY+UNCERTAINTY_BOUND+ORIGINAL_TASK_RETURN,0.0132,0.1302,0.4167,0.4139,0.5493,0.0
strong,0.46,4,SOURCE_BOUNDARY+UNIT_TRACK+COMPARE_AXES+ORIGINAL_TASK_RETURN,0.0132,0.1292,0.3875,0.4306,0.7069,0.0
standard,0.24,5,SOURCE_BOUNDARY+UNIT_TRACK+COMPARE_AXES+UNCERTAINTY_BOUND+ORIGINAL_TASK_RETURN,0.0132,0.1241,0.3743,0.4465,0.6576,0.0
standard,0.24,4,UNIT_TRACK+STEP_COMPUTE+COMPARE_AXES+UNCERTAINTY_BOUND,0.0132,0.1202,0.3382,0.4431,0.5806,0.0
strong,0.46,3,SOURCE_BOUNDARY+STEP_COMPUTE+DANGER_CHECK,0.0125,0.1988,0.4708,0.3604,0.5549,0.0056
standard,0.24,4,MAP_RELATION+COMPARE_AXES+UNCERTAINTY_BOUND+ORIGINAL_TASK_RETURN,0.0125,0.1481,0.4174,0.4222,0.5215,0.0056
standard,0.24,6,SOURCE_BOUNDARY+MAP_RELATION+UNIT_TRACK+COMPARE_AXES+UNCERTAINTY_BOUND+ORIGINAL_TASK_RETURN,0.0125,0.148,0.3847,0.3951,0.6278,0.0056
standard,0.24,3,SOURCE_BOUNDARY+MAP_RELATION+DANGER_CHECK,0.0125,0.1689,0.4639,0.375,0.4667,0.0
standard,0.24,3,SOURCE_BOUNDARY+UNCERTAINTY_BOUND+DANGER_CHECK,0.0125,0.1664,0.4486,0.3812,0.4861,0.0
saturated,0.95,3,SOURCE_BOUNDARY+STEP_COMPUTE+COMPARE_AXES,0.0125,0.1632,0.4104,0.4243,0.7312,0.0
standard,0.24,4,MAP_RELATION+UNIT_TRACK+UNCERTAINTY_BOUND+ORIGINAL_TASK_RETURN,0.0125,0.1519,0.4299,0.4007,0.5347,0.0
standard,0.24,3,COMPARE_AXES+ORIGINAL_TASK_RETURN+DANGER_CHECK,0.0125,0.1478,0.4542,0.3972,0.5437,0.0
strong,0.46,3,UNIT_TRACK+COMPARE_AXES+DANGER_CHECK,0.0125,0.1422,0.4021,0.4174,0.6132,0.0
standard,0.24,2,UNCERTAINTY_BOUND+DANGER_CHECK,0.0125,0.139,0.4285,0.3882,0.4451,0.0
very_strong,0.7,3,UNIT_TRACK+COMPARE_AXES+ORIGINAL_TASK_RETURN,0.0125,0.1334,0.4049,0.4493,0.7125,0.0
strong,0.46,4,SOURCE_BOUNDARY+UNIT_TRACK+STEP_COMPUTE+COMPARE_AXES,0.0125,0.1331,0.359,0.4514,0.6951,0.0
standard,0.24,3,MAP_RELATION+UNIT_TRACK+COMPARE_AXES,0.0125,0.1273,0.3764,0.4493,0.5083,0.0
strong,0.46,3,SOURCE_BOUNDARY+COMPARE_AXES+ORIGINAL_TASK_RETURN,0.0125,0.1254,0.3729,0.4451,0.6618,0.0
standard,0.24,2,STEP_COMPUTE+UNCERTAINTY_BOUND,0.0125,0.1243,0.3806,0.4326,0.4333,0.0
standard,0.24,4,UNIT_TRACK+COMPARE_AXES+UNCERTAINTY_BOUND+ORIGINAL_TASK_RETURN,0.0125,0.1197,0.3778,0.4375,0.5653,0.0
standard,0.24,4,UNIT_TRACK+STEP_COMPUTE+COMPARE_AXES+ORIGINAL_TASK_RETURN,0.0125,0.1145,0.3833,0.4667,0.6188,0.0
saturated,0.95,3,MAP_RELATION+COMPARE_AXES+ORIGINAL_TASK_RETURN,0.0118,0.1782,0.4236,0.35,0.6368,0.0
standard,0.24,3,EXTRACT_GIVENS+COMPARE_AXES+ORIGINAL_TASK_RETURN,0.0118,0.1652,0.4819,0.3875,0.4868,0.0
standard,0.24,4,SOURCE_BOUNDARY+MAP_RELATION+UNIT_TRACK+DANGER_CHECK,0.0118,0.1611,0.4229,0.3708,0.5208,0.0
standard,0.24,4,SOURCE_BOUNDARY+COMPARE_AXES+UNCERTAINTY_BOUND+DANGER_CHECK,0.0118,0.1584,0.4181,0.425,0.5507,0.0
standard,0.24,5,UNIT_TRACK+COMPARE_AXES+UNCERTAINTY_BOUND+ORIGINAL_TASK_RETURN+DANGER_CHECK,0.0118,0.1535,0.4514,0.3937,0.5951,0.0
strong,0.46,3,SOURCE_BOUNDARY+COMPARE_AXES+UNCERTAINTY_BOUND,0.0118,0.1482,0.3729,0.4271,0.5944,0.0
standard,0.24,4,SOURCE_BOUNDARY+STEP_COMPUTE+COMPARE_AXES+DANGER_CHECK,0.0118,0.1477,0.4313,0.4049,0.5778,0.0
standard,0.24,3,STEP_COMPUTE+UNCERTAINTY_BOUND+ORIGINAL_TASK_RETURN,0.0118,0.145,0.4174,0.4007,0.5139,0.0
standard,0.24,3,UNIT_TRACK+STEP_COMPUTE+DANGER_CHECK,0.0118,0.1429,0.4285,0.4229,0.5299,0.0
strong,0.46,3,UNIT_TRACK+UNCERTAINTY_BOUND+ORIGINAL_TASK_RETURN,0.0118,0.1404,0.4243,0.4014,0.5722,0.0
standard,0.24,3,SOURCE_BOUNDARY+STEP_COMPUTE+UNCERTAINTY_BOUND,0.0118,0.1386,0.3993,0.4035,0.4875,0.0
standard,0.24,4,UNIT_TRACK+COMPARE_AXES+UNCERTAINTY_BOUND+DANGER_CHECK,0.0118,0.1351,0.4042,0.4181,0.5542,0.0
standard,0.24,3,UNIT_TRACK+ORIGINAL_TASK_RETURN+DANGER_CHECK,0.0118,0.135,0.4479,0.4285,0.5444,0.0
very_strong,0.7,2,UNIT_TRACK+UNCERTAINTY_BOUND,0.0118,0.1335,0.3799,0.4257,0.5507,0.0
standard,0.24,4,SOURCE_BOUNDARY+STEP_COMPUTE+COMPARE_AXES+UNCERTAINTY_BOUND,0.0118,0.132,0.3729,0.4562,0.5382,0.0
saturated,0.95,2,SOURCE_BOUNDARY+COMPARE_AXES,0.0118,0.1257,0.3688,0.4618,0.6806,0.0
strong,0.46,2,SOURCE_BOUNDARY+STEP_COMPUTE,0.0118,0.1255,0.3889,0.4521,0.5667,0.0
strong,0.46,2,EXTRACT_GIVENS+ORIGINAL_TASK_RETURN,0.0111,0.195,0.5062,0.3715,0.4292,0.0056
strong,0.46,4,SOURCE_BOUNDARY+MAP_RELATION+COMPARE_AXES+ORIGINAL_TASK_RETURN,0.0111,0.1759,0.4458,0.3868,0.6146,0.0
saturated,0.95,2,UNIT_TRACK+UNCERTAINTY_BOUND,0.0111,0.1472,0.3688,0.4271,0.5771,0.0
strong,0.46,4,SOURCE_BOUNDARY+MAP_RELATION+UNIT_TRACK+COMPARE_AXES,0.0111,0.145,0.3618,0.4153,0.6194,0.0
saturated,0.95,3,UNIT_TRACK+COMPARE_AXES+ORIGINAL_TASK_RETURN,0.0111,0.1372,0.3889,0.4201,0.7604,0.0
standard,0.24,4,SOURCE_BOUNDARY+UNIT_TRACK+STEP_COMPUTE+ORIGINAL_TASK_RETURN,0.0111,0.133,0.4132,0.425,0.6049,0.0
standard,0.24,3,SOURCE_BOUNDARY+MAP_RELATION+UNIT_TRACK,0.0111,0.1283,0.3861,0.4333,0.4944,0.0
strong,0.46,2,STEP_COMPUTE+COMPARE_AXES,0.0111,0.1152,0.3757,0.491,0.5389,0.0
standard,0.24,3,UNCERTAINTY_BOUND+ORIGINAL_TASK_RETURN+DANGER_CHECK,0.0104,0.1655,0.4861,0.3646,0.5097,0.0
strong,0.46,4,SOURCE_BOUNDARY+UNIT_TRACK+COMPARE_AXES+UNCERTAINTY_BOUND,0.0104,0.1446,0.3736,0.4479,0.6729,0.0
standard,0.24,5,SOURCE_BOUNDARY+MAP_RELATION+UNIT_TRACK+COMPARE_AXES+UNCERTAINTY_BOUND,0.0104,0.1413,0.3792,0.4271,0.566,0.0
standard,0.24,4,UNIT_TRACK+COMPARE_AXES+ORIGINAL_TASK_RETURN+DANGER_CHECK,0.0104,0.1392,0.4611,0.4049,0.5687,0.0
strong,0.46,3,SOURCE_BOUNDARY+UNIT_TRACK+ORIGINAL_TASK_RETURN,0.0104,0.1385,0.4146,0.4167,0.6042,0.0
strong,0.46,2,UNIT_TRACK+DANGER_CHECK,0.0104,0.1372,0.4153,0.4111,0.541,0.0
standard,0.24,3,MAP_RELATION+COMPARE_AXES+UNCERTAINTY_BOUND,0.0104,0.1354,0.3875,0.4375,0.4764,0.0
strong,0.46,3,SOURCE_BOUNDARY+STEP_COMPUTE+COMPARE_AXES,0.0104,0.1323,0.3812,0.4458,0.6028,0.0
standard,0.24,3,MAP_RELATION+COMPARE_AXES+ORIGINAL_TASK_RETURN,0.0104,0.1315,0.4167,0.4306,0.5188,0.0
standard,0.24,2,STEP_COMPUTE+DANGER_CHECK,0.0104,0.13,0.4236,0.4444,0.4813,0.0
very_strong,0.7,2,UNIT_TRACK+ORIGINAL_TASK_RETURN,0.0104,0.1275,0.4264,0.4333,0.5986,0.0
standard,0.24,2,UNCERTAINTY_BOUND+ORIGINAL_TASK_RETURN,0.0104,0.1248,0.4125,0.4146,0.4743,0.0
standard,0.24,4,SOURCE_BOUNDARY+UNIT_TRACK+STEP_COMPUTE+UNCERTAINTY_BOUND,0.0104,0.123,0.3604,0.4583,0.5479,0.0
strong,0.46,2,UNIT_TRACK+ORIGINAL_TASK_RETURN,0.0104,0.1155,0.4007,0.4542,0.5299,0.0
standard,0.24,2,UNIT_TRACK+STEP_COMPUTE,0.0104,0.114,0.3764,0.4674,0.5299,0.0
strong,0.46,3,MAP_RELATION+COMPARE_AXES+ORIGINAL_TASK_RETURN,0.0097,0.1615,0.4313,0.391,0.5625,0.0
very_strong,0.7,3,SOURCE_BOUNDARY+STEP_COMPUTE+COMPARE_AXES,0.0097,0.1535,0.4014,0.4125,0.6653,0.0
strong,0.46,2,ORIGINAL_TASK_RETURN+DANGER_CHECK,0.0097,0.1517,0.4437,0.4035,0.5188,0.0
very_strong,0.7,2,SOURCE_BOUNDARY+STEP_COMPUTE,0.0097,0.1428,0.3736,0.4361,0.5993,0.0
strong,0.46,2,SOURCE_BOUNDARY+UNCERTAINTY_BOUND,0.0097,0.1313,0.3632,0.4535,0.5299,0.0
standard,0.24,4,SOURCE_BOUNDARY+UNIT_TRACK+COMPARE_AXES+DANGER_CHECK,0.0097,0.1305,0.4049,0.434,0.6181,0.0
strong,0.46,2,UNIT_TRACK+UNCERTAINTY_BOUND,0.0097,0.13,0.3708,0.441,0.4931,0.0
standard,0.24,3,STEP_COMPUTE+COMPARE_AXES+UNCERTAINTY_BOUND,0.0097,0.1296,0.3618,0.4229,0.4986,0.0
standard,0.24,4,SOURCE_BOUNDARY+COMPARE_AXES+UNCERTAINTY_BOUND+ORIGINAL_TASK_RETURN,0.0097,0.126,0.3889,0.4437,0.6028,0.0
standard,0.24,3,SOURCE_BOUNDARY+UNIT_TRACK+DANGER_CHECK,0.0097,0.1237,0.4153,0.4396,0.5576,0.0
standard,0.24,5,SOURCE_BOUNDARY+UNIT_TRACK+STEP_COMPUTE+COMPARE_AXES+ORIGINAL_TASK_RETURN,0.0097,0.1235,0.3944,0.4417,0.6562,0.0
standard,0.24,5,SOURCE_BOUNDARY+UNIT_TRACK+STEP_COMPUTE+COMPARE_AXES+UNCERTAINTY_BOUND,0.0097,0.1177,0.3507,0.4451,0.6229,0.0
standard,0.24,3,SOURCE_BOUNDARY+UNIT_TRACK+STEP_COMPUTE,0.0097,0.114,0.3771,0.4785,0.5465,0.0
standard,0.24,3,SOURCE_BOUNDARY+COMPARE_AXES+UNCERTAINTY_BOUND,0.0097,0.1137,0.3472,0.4639,0.5715,0.0
very_strong,0.7,2,UNIT_TRACK+COMPARE_AXES,0.0097,0.1126,0.3563,0.4715,0.6424,0.0
strong,0.46,3,UNIT_TRACK+COMPARE_AXES+ORIGINAL_TASK_RETURN,0.0097,0.1096,0.4035,0.4562,0.6347,0.0
standard,0.24,3,UNIT_TRACK+STEP_COMPUTE+COMPARE_AXES,0.0097,0.1057,0.3382,0.4813,0.5507,0.0
standard,0.24,3,STEP_COMPUTE+COMPARE_AXES+DANGER_CHECK,0.009,0.144,0.4417,0.4118,0.5403,0.0
standard,0.24,4,SOURCE_BOUNDARY+MAP_RELATION+UNIT_TRACK+ORIGINAL_TASK_RETURN,0.009,0.1424,0.3847,0.4215,0.5292,0.0
strong,0.46,2,MAP_RELATION+COMPARE_AXES,0.009,0.1413,0.3875,0.4292,0.5167,0.0
strong,0.46,2,SOURCE_BOUNDARY+ORIGINAL_TASK_RETURN,0.009,0.1305,0.4278,0.4361,0.5507,0.0
standard,0.24,4,STEP_COMPUTE+COMPARE_AXES+UNCERTAINTY_BOUND+ORIGINAL_TASK_RETURN,0.009,0.1294,0.4111,0.4229,0.5944,0.0
strong,0.46,2,COMPARE_AXES+UNCERTAINTY_BOUND,0.009,0.1285,0.3701,0.4403,0.5146,0.0
standard,0.24,2,COMPARE_AXES+DANGER_CHECK,0.009,0.119,0.4021,0.4333,0.4896,0.0
standard,0.24,3,SOURCE_BOUNDARY+UNIT_TRACK+UNCERTAINTY_BOUND,0.009,0.1163,0.3736,0.4444,0.5326,0.0
strong,0.46,3,UNIT_TRACK+COMPARE_AXES+UNCERTAINTY_BOUND,0.009,0.1155,0.3639,0.4743,0.5958,0.0
standard,0.24,3,SOURCE_BOUNDARY+COMPARE_AXES+ORIGINAL_TASK_RETURN,0.009,0.1115,0.4035,0.4472,0.5931,0.0
standard,0.24,2,EXTRACT_GIVENS+SOURCE_BOUNDARY,0.0083,0.1491,0.4576,0.4229,0.4146,0.0
standard,0.24,4,SOURCE_BOUNDARY+UNIT_TRACK+UNCERTAINTY_BOUND+DANGER_CHECK,0.0083,0.1478,0.4451,0.4083,0.5396,0.0
strong,0.46,2,SOURCE_BOUNDARY+MAP_RELATION,0.0083,0.1474,0.3861,0.4035,0.4437,0.0
strong,0.46,3,STEP_COMPUTE+COMPARE_AXES+ORIGINAL_TASK_RETURN,0.0083,0.1286,0.4076,0.4333,0.5889,0.0
saturated,0.95,2,SOURCE_BOUNDARY+UNIT_TRACK,0.0083,0.1265,0.3819,0.45,0.6417,0.0
saturated,0.95,2,UNIT_TRACK+ORIGINAL_TASK_RETURN,0.0083,0.1231,0.4014,0.4361,0.6153,0.0
standard,0.24,2,STEP_COMPUTE+ORIGINAL_TASK_RETURN,0.0083,0.1118,0.4243,0.4382,0.5174,0.0
standard,0.24,2,UNIT_TRACK+ORIGINAL_TASK_RETURN,0.0083,0.1038,0.3937,0.4431,0.5139,0.0
saturated,0.95,2,UNCERTAINTY_BOUND+ORIGINAL_TASK_RETURN,0.0076,0.159,0.4403,0.384,0.5201,0.0
standard,0.24,3,SOURCE_BOUNDARY+STEP_COMPUTE+DANGER_CHECK,0.0076,0.1415,0.4285,0.4076,0.5125,0.0
standard,0.24,2,ORIGINAL_TASK_RETURN+DANGER_CHECK,0.0076,0.1385,0.4458,0.3944,0.4694,0.0
standard,0.24,2,EXTRACT_GIVENS+COMPARE_AXES,0.0076,0.1355,0.4326,0.4583,0.4326,0.0
strong,0.46,2,UNCERTAINTY_BOUND+ORIGINAL_TASK_RETURN,0.0076,0.1311,0.4243,0.4174,0.5021,0.0
standard,0.24,3,UNIT_TRACK+STEP_COMPUTE+UNCERTAINTY_BOUND,0.0076,0.1283,0.3771,0.4431,0.5125,0.0
saturated,0.95,3,SOURCE_BOUNDARY+UNIT_TRACK+COMPARE_AXES,0.0076,0.1275,0.3549,0.4396,0.8153,0.0
strong,0.46,2,COMPARE_AXES+ORIGINAL_TASK_RETURN,0.0076,0.1034,0.3639,0.4597,0.5736,0.0
standard,0.24,2,MAP_RELATION+ORIGINAL_TASK_RETURN,0.0069,0.1407,0.4236,0.3979,0.4556,0.0
standard,0.24,4,MAP_RELATION+UNIT_TRACK+COMPARE_AXES+ORIGINAL_TASK_RETURN,0.0069,0.1303,0.3951,0.4236,0.6049,0.0
standard,0.24,3,SOURCE_BOUNDARY+COMPARE_AXES+DANGER_CHECK,0.0069,0.1237,0.4083,0.4556,0.5271,0.0
saturated,0.95,2,COMPARE_AXES+ORIGINAL_TASK_RETURN,0.0069,0.1223,0.4014,0.4299,0.6382,0.0
very_strong,0.7,2,COMPARE_AXES+ORIGINAL_TASK_RETURN,0.0069,0.1189,0.4,0.4403,0.5889,0.0
standard,0.24,3,SOURCE_BOUNDARY+MAP_RELATION+COMPARE_AXES,0.0069,0.1165,0.3694,0.4569,0.5271,0.0
standard,0.24,3,COMPARE_AXES+UNCERTAINTY_BOUND+ORIGINAL_TASK_RETURN,0.0069,0.1151,0.3812,0.4167,0.5521,0.0
very_strong,0.7,3,SOURCE_BOUNDARY+UNIT_TRACK+COMPARE_AXES,0.0069,0.1144,0.3563,0.4576,0.741,0.0
standard,0.24,3,UNIT_TRACK+UNCERTAINTY_BOUND+ORIGINAL_TASK_RETURN,0.0069,0.1089,0.4014,0.4424,0.5569,0.0
standard,0.24,3,SOURCE_BOUNDARY+UNIT_TRACK+ORIGINAL_TASK_RETURN,0.0069,0.1085,0.3972,0.4465,0.5674,0.0
standard,0.24,2,SOURCE_BOUNDARY+STEP_COMPUTE,0.0069,0.1065,0.3625,0.4326,0.5007,0.0
strong,0.46,2,SOURCE_BOUNDARY+COMPARE_AXES,0.0069,0.1058,0.3736,0.4632,0.5611,0.0
standard,0.24,4,SOURCE_BOUNDARY+UNIT_TRACK+COMPARE_AXES+UNCERTAINTY_BOUND,0.0069,0.1023,0.3326,0.4646,0.6181,0.0
strong,0.46,2,SOURCE_BOUNDARY+UNIT_TRACK,0.0069,0.1006,0.341,0.4743,0.6104,0.0
standard,0.24,2,COMPARE_AXES+UNCERTAINTY_BOUND,0.0069,0.0999,0.3521,0.4813,0.5028,0.0
standard,0.24,3,UNIT_TRACK+COMPARE_AXES+ORIGINAL_TASK_RETURN,0.0069,0.0921,0.3646,0.4646,0.6201,0.0
strong,0.46,2,UNIT_TRACK+COMPARE_AXES,0.0069,0.0891,0.3271,0.5083,0.5701,0.0
standard,0.24,2,UNIT_TRACK+DANGER_CHECK,0.0063,0.1212,0.3993,0.4208,0.5028,0.0
standard,0.24,2,SOURCE_BOUNDARY+UNCERTAINTY_BOUND,0.0063,0.1173,0.3639,0.4396,0.484,0.0
standard,0.24,2,UNIT_TRACK+UNCERTAINTY_BOUND,0.0063,0.1091,0.375,0.4507,0.4896,0.0
standard,0.24,3,UNIT_TRACK+COMPARE_AXES+UNCERTAINTY_BOUND,0.0063,0.1013,0.3479,0.4944,0.5736,0.0
standard,0.24,2,UNIT_TRACK+COMPARE_AXES,0.0063,0.0866,0.3271,0.5062,0.5486,0.0
standard,0.24,2,SOURCE_BOUNDARY+DANGER_CHECK,0.0056,0.128,0.4278,0.4424,0.4875,0.0
standard,0.24,4,SOURCE_BOUNDARY+STEP_COMPUTE+COMPARE_AXES+ORIGINAL_TASK_RETURN,0.0056,0.1146,0.3917,0.4292,0.5931,0.0
strong,0.46,3,SOURCE_BOUNDARY+UNIT_TRACK+COMPARE_AXES,0.0056,0.108,0.3701,0.4875,0.6424,0.0
standard,0.24,3,SOURCE_BOUNDARY+UNIT_TRACK+COMPARE_AXES,0.0056,0.0961,0.3611,0.4813,0.6069,0.0
standard,0.24,2,STEP_COMPUTE+COMPARE_AXES,0.0056,0.0896,0.334,0.4826,0.5264,0.0
strong,0.46,4,SOURCE_BOUNDARY+STEP_COMPUTE+COMPARE_AXES+ORIGINAL_TASK_RETURN,0.0049,0.1415,0.3958,0.4021,0.6542,0.0
standard,0.24,4,SOURCE_BOUNDARY+MAP_RELATION+UNIT_TRACK+COMPARE_AXES,0.0049,0.1246,0.3625,0.4236,0.5444,0.0
very_strong,0.7,2,SOURCE_BOUNDARY+COMPARE_AXES,0.0049,0.1125,0.3451,0.45,0.6222,0.0
standard,0.24,2,SOURCE_BOUNDARY+ORIGINAL_TASK_RETURN,0.0049,0.1083,0.4153,0.4479,0.5299,0.0
standard,0.24,4,SOURCE_BOUNDARY+UNIT_TRACK+STEP_COMPUTE+COMPARE_AXES,0.0049,0.1056,0.3688,0.4903,0.5674,0.0
standard,0.24,3,SOURCE_BOUNDARY+STEP_COMPUTE+ORIGINAL_TASK_RETURN,0.0042,0.1212,0.4285,0.4243,0.5125,0.0
standard,0.24,4,SOURCE_BOUNDARY+UNIT_TRACK+COMPARE_AXES+ORIGINAL_TASK_RETURN,0.0042,0.1052,0.4042,0.4653,0.6389,0.0
standard,0.24,2,COMPARE_AXES+ORIGINAL_TASK_RETURN,0.0042,0.0954,0.3764,0.4688,0.5528,0.0
standard,0.24,2,SOURCE_BOUNDARY+MAP_RELATION,0.0035,0.1221,0.3896,0.4257,0.4535,0.0
standard,0.24,2,MAP_RELATION+COMPARE_AXES,0.0035,0.114,0.3785,0.4361,0.4771,0.0
very_strong,0.7,2,SOURCE_BOUNDARY+UNIT_TRACK,0.0035,0.1138,0.366,0.4729,0.6535,0.0
standard,0.24,3,STEP_COMPUTE+COMPARE_AXES+ORIGINAL_TASK_RETURN,0.0035,0.1104,0.416,0.4667,0.5597,0.0
standard,0.24,2,SOURCE_BOUNDARY+UNIT_TRACK,0.0035,0.0933,0.3528,0.4708,0.5111,0.0
standard,0.24,3,SOURCE_BOUNDARY+STEP_COMPUTE+COMPARE_AXES,0.0028,0.1013,0.3444,0.4868,0.5528,0.0
standard,0.24,2,SOURCE_BOUNDARY+COMPARE_AXES,0.0021,0.0853,0.3319,0.4938,0.5361,0.0
