model,substrate,quant,stack,family,trials,pass_rate,clean_pass_rate,mean_score,classified_rate,cascade_rate,echo_rate,avg_distractors,avg_missing_required,stability_score,top_failure
27b,base,collapsed_q2_edge,cognitive_structural_25_75,adversarial,560,0.3821,0.2679,0.6396,0.8893,0.2464,0.0196,0.4554,1.3161,0.0878,none
27b,base,collapsed_q2_edge,cognitive_structural_25_75,boundary,560,0.3804,0.2661,0.6369,0.8661,0.2321,0.0304,0.4929,1.2536,0.0883,none
27b,base,collapsed_q2_edge,cognitive_structural_25_75,coding,560,0.3161,0.225,0.5953,0.775,0.2071,0.0375,0.3714,1.3982,0.0557,none
27b,base,collapsed_q2_edge,cognitive_structural_25_75,epistemic,560,0.3411,0.225,0.6094,0.8125,0.2161,0.0071,0.4429,1.1464,0.066,none
27b,base,collapsed_q2_edge,cognitive_structural_25_75,forensic,560,0.3268,0.2411,0.5991,0.8696,0.2143,0.0214,0.4107,1.3982,0.0697,primitive_gap
27b,base,collapsed_q2_edge,cognitive_structural_25_75,generalist,560,0.2732,0.1946,0.5567,0.7429,0.2536,0.0393,0.45,1.3321,0.0081,cascade
27b,base,collapsed_q2_edge,cognitive_structural_25_75,math,560,0.3161,0.2393,0.571,0.7696,0.2268,0.025,0.4321,1.5554,0.0539,none
27b,base,collapsed_q2_edge,cognitive_structural_25_75,planning,560,0.4018,0.3268,0.6162,0.775,0.2232,0.0179,0.3339,1.2446,0.1673,none
27b,base,collapsed_q2_edge,cognitive_structural_25_75,rhetoric,560,0.2518,0.1911,0.5466,0.7536,0.2036,0.0232,0.4804,1.6196,0.0059,primitive_gap
27b,base,collapsed_q2_edge,cognitive_structural_25_75,spatial,560,0.3411,0.275,0.5984,0.7696,0.1946,0.025,0.3446,1.3446,0.1168,none
27b,base,collapsed_q2_edge,cyber_structural_25_75,adversarial,560,0.5304,0.3643,0.7568,0.9768,0.1982,0.0321,0.4143,0.8375,0.2234,none
27b,base,collapsed_q2_edge,cyber_structural_25_75,boundary,560,0.5875,0.4018,0.7727,0.9893,0.2339,0.0375,0.4,0.6929,0.2575,none
27b,base,collapsed_q2_edge,cyber_structural_25_75,coding,560,0.2857,0.2214,0.5591,0.7143,0.2232,0.0393,0.3518,1.4804,0.0444,cascade
27b,base,collapsed_q2_edge,cyber_structural_25_75,epistemic,560,0.2571,0.2071,0.5673,0.7179,0.2214,0.0196,0.4125,1.2393,0.0418,cascade
27b,base,collapsed_q2_edge,cyber_structural_25_75,forensic,560,0.3661,0.2804,0.6409,0.9464,0.2089,0.0196,0.4304,1.2571,0.1165,none
27b,base,collapsed_q2_edge,cyber_structural_25_75,generalist,560,0.2321,0.1589,0.5381,0.6679,0.2196,0.0375,0.4196,1.3839,-0.0172,classification_miss
27b,base,collapsed_q2_edge,cyber_structural_25_75,math,560,0.2804,0.2268,0.5372,0.6714,0.1982,0.0339,0.3964,1.7071,0.0435,classification_miss
27b,base,collapsed_q2_edge,cyber_structural_25_75,planning,560,0.325,0.2571,0.556,0.6518,0.2375,0.0286,0.3304,1.3679,0.0854,none
27b,base,collapsed_q2_edge,cyber_structural_25_75,rhetoric,560,0.2732,0.2,0.5355,0.7054,0.2429,0.0286,0.4179,1.5464,0.0107,cascade
27b,base,collapsed_q2_edge,cyber_structural_25_75,spatial,560,0.3071,0.2482,0.5446,0.7232,0.1982,0.0339,0.3196,1.5589,0.0784,none
27b,base,collapsed_q2_edge,q2_structural_amplifier,adversarial,560,0.8268,0.4589,0.8954,0.9893,0.1375,0.2464,0.3804,0.0536,0.3353,none
27b,base,collapsed_q2_edge,q2_structural_amplifier,boundary,560,0.8125,0.35,0.8755,0.9893,0.1571,0.3161,0.4714,0.0625,0.1988,none
27b,base,collapsed_q2_edge,q2_structural_amplifier,coding,560,0.7857,0.4,0.8703,0.9089,0.1339,0.2768,0.3464,0.0929,0.2721,none
27b,base,collapsed_q2_edge,q2_structural_amplifier,epistemic,560,0.8304,0.4143,0.8836,0.9375,0.1089,0.2804,0.4179,0.0786,0.2882,none
27b,base,collapsed_q2_edge,q2_structural_amplifier,forensic,560,0.8196,0.3821,0.8869,0.9929,0.1357,0.3089,0.4,0.0911,0.2431,none
27b,base,collapsed_q2_edge,q2_structural_amplifier,generalist,560,0.6893,0.3518,0.8225,0.8482,0.1375,0.3,0.475,0.1875,0.2032,none
27b,base,collapsed_q2_edge,q2_structural_amplifier,math,560,0.7696,0.3714,0.8471,0.8714,0.1,0.2946,0.4339,0.2375,0.2359,none
27b,base,collapsed_q2_edge,q2_structural_amplifier,planning,560,0.7911,0.4232,0.8769,0.9018,0.1214,0.2571,0.3464,0.0804,0.3036,none
27b,base,collapsed_q2_edge,q2_structural_amplifier,rhetoric,560,0.7607,0.3518,0.8452,0.8571,0.1125,0.2786,0.4821,0.1661,0.2154,none
27b,base,collapsed_q2_edge,q2_structural_amplifier,spatial,560,0.8036,0.4214,0.8767,0.8857,0.0964,0.2929,0.35,0.1054,0.3007,none
27b,base,collapsed_q2_edge,routed_tri_structural_60,adversarial,560,0.6071,0.3857,0.7954,0.9875,0.2,0.0411,0.4375,0.6179,0.2516,none
27b,base,collapsed_q2_edge,routed_tri_structural_60,boundary,560,0.7214,0.4893,0.8379,0.9946,0.1696,0.0464,0.4518,0.4429,0.3708,none
27b,base,collapsed_q2_edge,routed_tri_structural_60,coding,560,0.4857,0.3589,0.7145,0.8339,0.1607,0.0625,0.3571,0.8964,0.2248,none
27b,base,collapsed_q2_edge,routed_tri_structural_60,epistemic,560,0.4536,0.3321,0.6922,0.8339,0.1821,0.0393,0.4161,0.825,0.1951,none
27b,base,collapsed_q2_edge,routed_tri_structural_60,forensic,560,0.5554,0.4125,0.7345,0.9839,0.1893,0.0518,0.3768,0.8929,0.2706,none
27b,base,collapsed_q2_edge,routed_tri_structural_60,generalist,560,0.4161,0.3268,0.6893,0.8214,0.1804,0.0464,0.3732,0.8768,0.1897,none
27b,base,collapsed_q2_edge,routed_tri_structural_60,math,560,0.3964,0.3036,0.6449,0.7893,0.1679,0.0554,0.3982,1.2821,0.1462,none
27b,base,collapsed_q2_edge,routed_tri_structural_60,planning,560,0.5196,0.3571,0.7135,0.8482,0.175,0.0554,0.375,0.8911,0.219,none
27b,base,collapsed_q2_edge,routed_tri_structural_60,rhetoric,560,0.3821,0.2929,0.6601,0.8071,0.1679,0.0554,0.3643,1.1393,0.1453,none
27b,base,collapsed_q2_edge,routed_tri_structural_60,spatial,560,0.4518,0.3536,0.6918,0.8161,0.1679,0.0357,0.3232,0.9625,0.2221,none
27b,base,collapsed_q2_edge,routed_tri_structural_65,adversarial,560,0.725,0.4875,0.8503,0.9893,0.1571,0.0464,0.3946,0.4321,0.3779,none
27b,base,collapsed_q2_edge,routed_tri_structural_65,boundary,560,0.7268,0.4321,0.8445,0.9875,0.1821,0.0625,0.5018,0.3429,0.3077,none
27b,base,collapsed_q2_edge,routed_tri_structural_65,coding,560,0.4393,0.3125,0.6821,0.7982,0.1804,0.0571,0.3518,0.9911,0.1693,none
27b,base,collapsed_q2_edge,routed_tri_structural_65,epistemic,560,0.5054,0.3714,0.7269,0.8286,0.1625,0.0304,0.4,0.7286,0.2482,none
27b,base,collapsed_q2_edge,routed_tri_structural_65,forensic,560,0.5643,0.4054,0.7557,0.9839,0.1643,0.05,0.4196,0.8071,0.2721,none
27b,base,collapsed_q2_edge,routed_tri_structural_65,generalist,560,0.4786,0.3679,0.7199,0.7875,0.1625,0.0464,0.3679,0.7446,0.2432,none
27b,base,collapsed_q2_edge,routed_tri_structural_65,math,560,0.4054,0.3071,0.661,0.7768,0.175,0.0393,0.3911,1.1482,0.1581,none
27b,base,collapsed_q2_edge,routed_tri_structural_65,planning,560,0.5821,0.4393,0.7371,0.8214,0.1714,0.0429,0.3179,0.7589,0.3159,none
27b,base,collapsed_q2_edge,routed_tri_structural_65,rhetoric,560,0.4625,0.3143,0.6722,0.8071,0.1768,0.0482,0.3804,1.0482,0.1688,none
27b,base,collapsed_q2_edge,routed_tri_structural_65,spatial,560,0.4875,0.3946,0.6907,0.8036,0.1732,0.0393,0.2768,0.9768,0.2638,none
27b,base,collapsed_q2_edge,stability_first_tri_70,adversarial,560,0.725,0.4696,0.8525,0.9946,0.1518,0.0357,0.4339,0.4036,0.3621,none
27b,base,collapsed_q2_edge,stability_first_tri_70,boundary,560,0.7321,0.4464,0.8447,0.9875,0.1643,0.0536,0.4339,0.4107,0.3312,none
27b,base,collapsed_q2_edge,stability_first_tri_70,coding,560,0.5839,0.4286,0.762,0.8554,0.1357,0.05,0.3125,0.7196,0.3169,none
27b,base,collapsed_q2_edge,stability_first_tri_70,epistemic,560,0.5411,0.3839,0.7518,0.8589,0.1679,0.0214,0.4089,0.6143,0.2659,none
27b,base,collapsed_q2_edge,stability_first_tri_70,forensic,560,0.5536,0.4,0.7609,0.9821,0.1429,0.0375,0.3804,0.8089,0.2788,none
27b,base,collapsed_q2_edge,stability_first_tri_70,generalist,560,0.5554,0.4179,0.7488,0.8429,0.1661,0.0429,0.3804,0.6661,0.2957,none
27b,base,collapsed_q2_edge,stability_first_tri_70,math,560,0.5214,0.3804,0.7228,0.8232,0.1357,0.0429,0.4,0.9518,0.2515,none
27b,base,collapsed_q2_edge,stability_first_tri_70,planning,560,0.6518,0.5161,0.7757,0.8768,0.175,0.0339,0.2804,0.6446,0.4021,none
27b,base,collapsed_q2_edge,stability_first_tri_70,rhetoric,560,0.4857,0.3571,0.7019,0.8071,0.1804,0.0393,0.3839,0.9018,0.2194,none
27b,base,collapsed_q2_edge,stability_first_tri_70,spatial,560,0.5268,0.3804,0.7133,0.8089,0.1857,0.0375,0.325,0.8446,0.2489,none
27b,base,damaged_q2,cognitive_structural_25_75,adversarial,560,0.7625,0.5304,0.8657,0.9839,0.1089,0.0214,0.3786,0.4179,0.4422,none
27b,base,damaged_q2,cognitive_structural_25_75,boundary,560,0.7964,0.5571,0.866,0.9625,0.1179,0.0393,0.3768,0.3554,0.466,none
27b,base,damaged_q2,cognitive_structural_25_75,coding,560,0.6875,0.5214,0.8212,0.8929,0.1286,0.0179,0.2893,0.4911,0.4316,none
27b,base,damaged_q2,cognitive_structural_25_75,epistemic,560,0.6732,0.4964,0.8214,0.925,0.1464,0.0071,0.3625,0.4232,0.4009,none
27b,base,damaged_q2,cognitive_structural_25_75,forensic,560,0.6804,0.4786,0.8124,0.9821,0.125,0.0214,0.3964,0.6,0.3751,none
27b,base,damaged_q2,cognitive_structural_25_75,generalist,560,0.6107,0.4446,0.7906,0.8875,0.15,0.0304,0.4,0.5268,0.3352,none
27b,base,damaged_q2,cognitive_structural_25_75,math,560,0.6554,0.5036,0.8018,0.8964,0.1161,0.0232,0.3589,0.6518,0.4028,none
27b,base,damaged_q2,cognitive_structural_25_75,planning,560,0.7446,0.5571,0.8438,0.9161,0.1036,0.0268,0.2875,0.4411,0.4757,none
27b,base,damaged_q2,cognitive_structural_25_75,rhetoric,560,0.5964,0.4321,0.7649,0.8571,0.1411,0.0196,0.3696,0.6929,0.3217,none
27b,base,damaged_q2,cognitive_structural_25_75,spatial,560,0.7,0.5161,0.807,0.8839,0.1232,0.0286,0.2714,0.5643,0.4235,none
27b,base,damaged_q2,cyber_structural_25_75,adversarial,560,0.85,0.6,0.9159,0.9893,0.1143,0.0304,0.325,0.1268,0.5273,none
27b,base,damaged_q2,cyber_structural_25_75,boundary,560,0.8464,0.5821,0.9154,0.9946,0.1321,0.0304,0.35,0.0946,0.5037,none
27b,base,damaged_q2,cyber_structural_25_75,coding,560,0.6893,0.5464,0.818,0.8661,0.1196,0.0232,0.2571,0.4964,0.4605,none
27b,base,damaged_q2,cyber_structural_25_75,epistemic,560,0.6304,0.4589,0.8003,0.8536,0.1268,0.0179,0.3554,0.4661,0.3656,none
27b,base,damaged_q2,cyber_structural_25_75,forensic,560,0.7518,0.575,0.8509,0.9929,0.1375,0.0304,0.2839,0.4304,0.4834,none
27b,base,damaged_q2,cyber_structural_25_75,generalist,560,0.6036,0.4446,0.7878,0.8107,0.1375,0.0339,0.3482,0.4857,0.3445,none
27b,base,damaged_q2,cyber_structural_25_75,math,560,0.5804,0.4393,0.7593,0.8357,0.1357,0.0393,0.3304,0.7911,0.3247,none
27b,base,damaged_q2,cyber_structural_25_75,planning,560,0.725,0.5571,0.8155,0.8536,0.125,0.0304,0.2804,0.4804,0.4671,none
27b,base,damaged_q2,cyber_structural_25_75,rhetoric,560,0.5732,0.4357,0.7427,0.7571,0.1357,0.0214,0.3036,0.725,0.3302,none
27b,base,damaged_q2,cyber_structural_25_75,spatial,560,0.6214,0.4964,0.7783,0.8304,0.1161,0.0232,0.2679,0.6643,0.4023,none
27b,base,damaged_q2,q2_structural_amplifier,adversarial,560,0.8732,0.4393,0.9092,0.9911,0.0839,0.2857,0.3875,0.05,0.3235,none
27b,base,damaged_q2,q2_structural_amplifier,boundary,560,0.8536,0.3964,0.8963,0.9982,0.1107,0.3375,0.3893,0.0536,0.2619,none
27b,base,damaged_q2,q2_structural_amplifier,coding,560,0.8679,0.4821,0.9102,0.9804,0.1018,0.2875,0.2679,0.0446,0.3704,none
27b,base,damaged_q2,q2_structural_amplifier,epistemic,560,0.8643,0.4554,0.9121,0.9839,0.1,0.2518,0.3268,0.0446,0.3466,none
27b,base,damaged_q2,q2_structural_amplifier,forensic,560,0.8464,0.4143,0.8979,0.9929,0.1321,0.3,0.375,0.0446,0.2824,none
27b,base,damaged_q2,q2_structural_amplifier,generalist,560,0.8214,0.4268,0.8914,0.9536,0.1071,0.2964,0.3536,0.0607,0.304,none
27b,base,damaged_q2,q2_structural_amplifier,math,560,0.8857,0.4286,0.9078,0.9732,0.0857,0.2768,0.3929,0.0571,0.3132,none
27b,base,damaged_q2,q2_structural_amplifier,planning,560,0.8964,0.4857,0.9193,0.9786,0.0732,0.2804,0.2911,0.0339,0.3827,none
27b,base,damaged_q2,q2_structural_amplifier,rhetoric,560,0.8482,0.4375,0.8989,0.975,0.1232,0.2875,0.3696,0.0446,0.3112,none
27b,base,damaged_q2,q2_structural_amplifier,spatial,560,0.8714,0.4911,0.917,0.9839,0.0982,0.2661,0.2821,0.0393,0.3839,none
27b,base,damaged_q2,routed_tri_structural_60,adversarial,560,0.8518,0.575,0.9197,0.9893,0.1268,0.0536,0.3571,0.0714,0.4941,none
27b,base,damaged_q2,routed_tri_structural_60,boundary,560,0.875,0.5393,0.9282,0.9911,0.0911,0.0446,0.4232,0.0571,0.4663,none
27b,base,damaged_q2,routed_tri_structural_60,coding,560,0.8107,0.5786,0.8982,0.9339,0.1071,0.0464,0.3232,0.1589,0.5033,none
27b,base,damaged_q2,routed_tri_structural_60,epistemic,560,0.7982,0.5946,0.8984,0.9696,0.1268,0.0464,0.2732,0.1732,0.5168,none
27b,base,damaged_q2,routed_tri_structural_60,forensic,560,0.8054,0.5696,0.8907,0.9821,0.1054,0.0518,0.3446,0.25,0.4876,none
27b,base,damaged_q2,routed_tri_structural_60,generalist,560,0.7732,0.5518,0.8794,0.9339,0.1,0.05,0.3393,0.2411,0.4726,none
27b,base,damaged_q2,routed_tri_structural_60,math,560,0.7661,0.5375,0.8591,0.9018,0.1054,0.0304,0.3554,0.3589,0.4534,none
27b,base,damaged_q2,routed_tri_structural_60,planning,560,0.8054,0.5946,0.8917,0.9375,0.1268,0.0339,0.2893,0.1768,0.5178,none
27b,base,damaged_q2,routed_tri_structural_60,rhetoric,560,0.8036,0.5571,0.8856,0.9429,0.1,0.0446,0.3321,0.2482,0.4792,none
27b,base,damaged_q2,routed_tri_structural_60,spatial,560,0.8232,0.5964,0.8911,0.9554,0.1,0.0446,0.3018,0.2482,0.5209,none
27b,base,damaged_q2,routed_tri_structural_65,adversarial,560,0.8589,0.6036,0.9312,0.9982,0.1179,0.05,0.3089,0.05,0.531,none
27b,base,damaged_q2,routed_tri_structural_65,boundary,560,0.8768,0.5893,0.9286,0.9857,0.1036,0.0464,0.3554,0.0571,0.5176,none
27b,base,damaged_q2,routed_tri_structural_65,coding,560,0.8411,0.575,0.911,0.9518,0.0875,0.0482,0.2982,0.1482,0.5078,none
27b,base,damaged_q2,routed_tri_structural_65,epistemic,560,0.8375,0.6036,0.9112,0.9661,0.0982,0.0214,0.3375,0.1286,0.5364,none
27b,base,damaged_q2,routed_tri_structural_65,forensic,560,0.8446,0.6018,0.9069,0.9946,0.1161,0.0393,0.3357,0.1714,0.5237,none
27b,base,damaged_q2,routed_tri_structural_65,generalist,560,0.7786,0.5375,0.8881,0.9375,0.1304,0.0589,0.3375,0.1554,0.4518,none
27b,base,damaged_q2,routed_tri_structural_65,math,560,0.7893,0.5536,0.8811,0.9232,0.1036,0.0464,0.3411,0.2679,0.4725,none
27b,base,damaged_q2,routed_tri_structural_65,planning,560,0.8321,0.6036,0.9107,0.9464,0.0982,0.0393,0.2911,0.1304,0.5364,none
27b,base,damaged_q2,routed_tri_structural_65,rhetoric,560,0.8071,0.5571,0.8859,0.9393,0.1089,0.0393,0.3661,0.2214,0.4762,none
27b,base,damaged_q2,routed_tri_structural_65,spatial,560,0.8304,0.6393,0.9044,0.9429,0.1036,0.0393,0.2429,0.175,0.5722,none
27b,base,damaged_q2,stability_first_tri_70,adversarial,560,0.8518,0.5839,0.925,0.9893,0.1161,0.0393,0.3482,0.0643,0.5102,none
27b,base,damaged_q2,stability_first_tri_70,boundary,560,0.8857,0.5804,0.9331,0.9875,0.0982,0.0679,0.3357,0.0518,0.5079,none
27b,base,damaged_q2,stability_first_tri_70,coding,560,0.8732,0.6179,0.9242,0.9589,0.0768,0.0446,0.3107,0.1036,0.5559,none
27b,base,damaged_q2,stability_first_tri_70,epistemic,560,0.8375,0.5839,0.915,0.9589,0.1036,0.0232,0.35,0.0893,0.5158,none
27b,base,damaged_q2,stability_first_tri_70,forensic,560,0.8482,0.6071,0.915,0.9875,0.1143,0.0411,0.3196,0.1268,0.5327,none
27b,base,damaged_q2,stability_first_tri_70,generalist,560,0.8179,0.5946,0.9082,0.9482,0.1143,0.0464,0.2929,0.1125,0.522,none
27b,base,damaged_q2,stability_first_tri_70,math,560,0.8232,0.5929,0.9047,0.9536,0.0964,0.0429,0.3286,0.1875,0.5197,none
27b,base,damaged_q2,stability_first_tri_70,planning,560,0.8304,0.5768,0.9079,0.9393,0.1054,0.0554,0.3018,0.1143,0.5042,none
27b,base,damaged_q2,stability_first_tri_70,rhetoric,560,0.8,0.5661,0.8912,0.9357,0.1393,0.0339,0.3446,0.1446,0.4827,none
27b,base,damaged_q2,stability_first_tri_70,spatial,560,0.8696,0.6321,0.9236,0.9643,0.0946,0.025,0.2821,0.0982,0.5713,none
27b,base,damaged_q3,cognitive_structural_25_75,adversarial,560,0.9,0.7339,0.9437,0.9929,0.0839,0.0196,0.1964,0.0786,0.6852,none
27b,base,damaged_q3,cognitive_structural_25_75,boundary,560,0.8821,0.6304,0.9373,0.9911,0.1071,0.0339,0.2911,0.0375,0.5663,none
27b,base,damaged_q3,cognitive_structural_25_75,coding,560,0.9018,0.7018,0.9468,0.9857,0.0768,0.0214,0.2054,0.0571,0.6552,none
27b,base,damaged_q3,cognitive_structural_25_75,epistemic,560,0.9,0.6982,0.9463,0.9804,0.075,0.0107,0.2268,0.0446,0.6532,none
27b,base,damaged_q3,cognitive_structural_25_75,forensic,560,0.8893,0.6893,0.9412,0.9857,0.0804,0.0232,0.2339,0.0643,0.6386,none
27b,base,damaged_q3,cognitive_structural_25_75,generalist,560,0.9054,0.6964,0.9515,0.9929,0.0643,0.0375,0.2339,0.0446,0.6487,none
27b,base,damaged_q3,cognitive_structural_25_75,math,560,0.9232,0.6911,0.9501,0.9839,0.0571,0.0161,0.2768,0.0482,0.6462,none
27b,base,damaged_q3,cognitive_structural_25_75,planning,560,0.9036,0.7018,0.946,0.9911,0.0804,0.0304,0.2232,0.05,0.6512,none
27b,base,damaged_q3,cognitive_structural_25_75,rhetoric,560,0.9018,0.725,0.9455,0.9893,0.075,0.0143,0.2196,0.0679,0.6787,none
27b,base,damaged_q3,cognitive_structural_25_75,spatial,560,0.9393,0.7196,0.957,0.9929,0.0482,0.0232,0.2464,0.0446,0.6786,none
27b,base,damaged_q3,cyber_structural_25_75,adversarial,560,0.9089,0.6732,0.944,0.9893,0.0786,0.0286,0.2518,0.0679,0.6204,none
27b,base,damaged_q3,cyber_structural_25_75,boundary,560,0.8768,0.6589,0.9347,0.9839,0.1071,0.0393,0.2411,0.0554,0.5969,none
27b,base,damaged_q3,cyber_structural_25_75,coding,560,0.9143,0.75,0.9529,0.9964,0.0804,0.0286,0.1696,0.0464,0.7043,none
27b,base,damaged_q3,cyber_structural_25_75,epistemic,560,0.9232,0.7054,0.9535,0.9893,0.0607,0.0179,0.2536,0.0339,0.6616,none
27b,base,damaged_q3,cyber_structural_25_75,forensic,560,0.9018,0.7161,0.9484,0.9964,0.0821,0.0286,0.2107,0.0482,0.6664,none
27b,base,damaged_q3,cyber_structural_25_75,generalist,560,0.8714,0.6786,0.94,0.9857,0.0946,0.0375,0.225,0.05,0.6222,none
27b,base,damaged_q3,cyber_structural_25_75,math,560,0.8964,0.6589,0.94,0.9643,0.0661,0.0339,0.2696,0.0696,0.6073,none
27b,base,damaged_q3,cyber_structural_25_75,planning,560,0.9196,0.7429,0.9516,0.9911,0.0625,0.0321,0.1964,0.0607,0.6989,none
27b,base,damaged_q3,cyber_structural_25_75,rhetoric,560,0.8911,0.6946,0.9412,0.9893,0.0839,0.0321,0.225,0.075,0.6413,none
27b,base,damaged_q3,cyber_structural_25_75,spatial,560,0.9071,0.7286,0.9495,0.975,0.0732,0.0357,0.1821,0.0482,0.6825,none
27b,base,damaged_q3,q2_structural_amplifier,adversarial,560,0.8661,0.4714,0.9061,0.9946,0.0911,0.3232,0.2732,0.0875,0.3532,none
27b,base,damaged_q3,q2_structural_amplifier,boundary,560,0.8732,0.4304,0.907,0.9911,0.1,0.3179,0.3321,0.0357,0.3084,none
27b,base,damaged_q3,q2_structural_amplifier,coding,560,0.8929,0.5232,0.9209,0.9893,0.0911,0.2679,0.2339,0.0339,0.4219,none
27b,base,damaged_q3,q2_structural_amplifier,epistemic,560,0.8696,0.4714,0.9143,0.9964,0.1071,0.2857,0.2857,0.0411,0.3572,none
27b,base,damaged_q3,q2_structural_amplifier,forensic,560,0.875,0.4839,0.9168,0.9911,0.1036,0.2821,0.2429,0.0446,0.3748,none
27b,base,damaged_q3,q2_structural_amplifier,generalist,560,0.8839,0.5089,0.9197,0.9839,0.0821,0.2786,0.2625,0.0286,0.4061,none
27b,base,damaged_q3,q2_structural_amplifier,math,560,0.8929,0.4911,0.917,0.9911,0.0786,0.2893,0.3036,0.0643,0.3821,none
27b,base,damaged_q3,q2_structural_amplifier,planning,560,0.9107,0.5393,0.9293,0.9857,0.0625,0.2446,0.2375,0.0429,0.4505,none
27b,base,damaged_q3,q2_structural_amplifier,rhetoric,560,0.9071,0.5125,0.9285,0.9839,0.0607,0.2786,0.2607,0.0429,0.4156,none
27b,base,damaged_q3,q2_structural_amplifier,spatial,560,0.9143,0.5464,0.9315,1.0,0.0643,0.2571,0.2268,0.0571,0.4547,none
27b,base,damaged_q3,routed_tri_structural_60,adversarial,560,0.9089,0.6929,0.9504,0.9946,0.0768,0.0536,0.2304,0.0393,0.6387,none
27b,base,damaged_q3,routed_tri_structural_60,boundary,560,0.8893,0.6482,0.9406,0.9911,0.0964,0.0661,0.2446,0.0482,0.5841,none
27b,base,damaged_q3,routed_tri_structural_60,coding,560,0.9214,0.7268,0.9548,0.9839,0.0536,0.0446,0.1893,0.0536,0.684,none
27b,base,damaged_q3,routed_tri_structural_60,epistemic,560,0.9071,0.7,0.9517,0.9893,0.0696,0.0464,0.2125,0.0411,0.6508,none
27b,base,damaged_q3,routed_tri_structural_60,forensic,560,0.9071,0.7125,0.9483,0.9857,0.0804,0.0357,0.2143,0.0429,0.662,none
27b,base,damaged_q3,routed_tri_structural_60,generalist,560,0.9107,0.6929,0.9516,0.9964,0.0696,0.0446,0.2321,0.0393,0.6425,none
27b,base,damaged_q3,routed_tri_structural_60,math,560,0.9214,0.6607,0.9497,0.9821,0.05,0.0321,0.2929,0.0536,0.6132,none
27b,base,damaged_q3,routed_tri_structural_60,planning,560,0.9036,0.6893,0.9471,0.9929,0.0714,0.0589,0.2036,0.0643,0.6366,none
27b,base,damaged_q3,routed_tri_structural_60,rhetoric,560,0.9304,0.7143,0.9557,0.9911,0.0518,0.0268,0.2339,0.0482,0.6723,none
27b,base,damaged_q3,routed_tri_structural_60,spatial,560,0.9196,0.7393,0.9537,0.9893,0.0607,0.0321,0.1911,0.0554,0.6966,none
27b,base,damaged_q3,routed_tri_structural_65,adversarial,560,0.9107,0.6946,0.9501,0.9946,0.0696,0.0607,0.2179,0.0607,0.6411,none
27b,base,damaged_q3,routed_tri_structural_65,boundary,560,0.8982,0.7,0.9485,0.9911,0.0875,0.0464,0.1929,0.0429,0.6469,none
27b,base,damaged_q3,routed_tri_structural_65,coding,560,0.9232,0.6964,0.9478,0.9893,0.0696,0.0446,0.225,0.0607,0.6456,none
27b,base,damaged_q3,routed_tri_structural_65,epistemic,560,0.9196,0.7125,0.9545,0.9911,0.0571,0.0304,0.2375,0.0411,0.6682,none
27b,base,damaged_q3,routed_tri_structural_65,forensic,560,0.9232,0.7107,0.9549,0.9946,0.0625,0.0375,0.2429,0.0339,0.6633,none
27b,base,damaged_q3,routed_tri_structural_65,generalist,560,0.8893,0.6768,0.9496,0.9982,0.0804,0.0482,0.2179,0.0393,0.6236,none
27b,base,damaged_q3,routed_tri_structural_65,math,560,0.9286,0.7214,0.9581,0.9875,0.0464,0.0393,0.2214,0.0482,0.6795,none
27b,base,damaged_q3,routed_tri_structural_65,planning,560,0.9214,0.725,0.9535,0.9929,0.0679,0.0411,0.1839,0.0464,0.6794,none
27b,base,damaged_q3,routed_tri_structural_65,rhetoric,560,0.9196,0.7018,0.9509,0.9946,0.0696,0.0339,0.25,0.0464,0.6518,none
27b,base,damaged_q3,routed_tri_structural_65,spatial,560,0.9357,0.7643,0.9604,0.9964,0.0571,0.0446,0.1768,0.0464,0.7218,none
27b,base,damaged_q3,stability_first_tri_70,adversarial,560,0.9107,0.7071,0.9477,0.9875,0.0661,0.0482,0.2143,0.0714,0.657,none
27b,base,damaged_q3,stability_first_tri_70,boundary,560,0.8964,0.6446,0.9422,0.9821,0.0857,0.0411,0.2786,0.0375,0.5866,none
27b,base,damaged_q3,stability_first_tri_70,coding,560,0.9143,0.7482,0.9539,0.9929,0.0696,0.0393,0.1696,0.0518,0.7033,none
27b,base,damaged_q3,stability_first_tri_70,epistemic,560,0.9196,0.7,0.9534,0.9929,0.0589,0.0179,0.2464,0.0429,0.6569,none
27b,base,damaged_q3,stability_first_tri_70,forensic,560,0.9125,0.6839,0.947,0.9893,0.0679,0.0375,0.2554,0.0536,0.633,none
27b,base,damaged_q3,stability_first_tri_70,generalist,560,0.9089,0.6661,0.9523,0.9929,0.0643,0.05,0.2607,0.0321,0.6143,none
27b,base,damaged_q3,stability_first_tri_70,math,560,0.9268,0.6964,0.9541,0.9911,0.0536,0.0446,0.2429,0.0536,0.6493,none
27b,base,damaged_q3,stability_first_tri_70,planning,560,0.9393,0.75,0.9602,0.9946,0.0536,0.0304,0.1786,0.0464,0.7113,none
27b,base,damaged_q3,stability_first_tri_70,rhetoric,560,0.9089,0.675,0.9502,0.9857,0.0661,0.05,0.2446,0.0446,0.6234,none
27b,base,damaged_q3,stability_first_tri_70,spatial,560,0.9089,0.7321,0.952,0.9929,0.075,0.0429,0.1786,0.0482,0.6844,none
27b,base,damaged_q4,cognitive_structural_25_75,adversarial,560,0.9357,0.7589,0.9561,0.9911,0.0589,0.0214,0.2054,0.05,0.718,none
27b,base,damaged_q4,cognitive_structural_25_75,boundary,560,0.9196,0.7357,0.9503,0.9875,0.0696,0.0161,0.2125,0.0536,0.6919,none
27b,base,damaged_q4,cognitive_structural_25_75,coding,560,0.9339,0.7446,0.9571,0.9929,0.0607,0.0339,0.1821,0.0464,0.7027,none
27b,base,damaged_q4,cognitive_structural_25_75,epistemic,560,0.9179,0.7286,0.9517,0.9857,0.0625,0.0125,0.2036,0.05,0.6885,none
27b,base,damaged_q4,cognitive_structural_25_75,forensic,560,0.9357,0.7661,0.9592,0.9786,0.0518,0.0232,0.1643,0.0393,0.7308,none
27b,base,damaged_q4,cognitive_structural_25_75,generalist,560,0.9268,0.7161,0.9556,0.9964,0.0554,0.0179,0.225,0.0464,0.6756,none
27b,base,damaged_q4,cognitive_structural_25_75,math,560,0.9304,0.7482,0.957,0.9893,0.0464,0.0196,0.2125,0.0589,0.7104,none
27b,base,damaged_q4,cognitive_structural_25_75,planning,560,0.9286,0.7661,0.9544,0.9821,0.0554,0.0089,0.1821,0.0536,0.7304,none
27b,base,damaged_q4,cognitive_structural_25_75,rhetoric,560,0.9107,0.75,0.9562,0.9946,0.0643,0.0196,0.1821,0.05,0.7097,none
27b,base,damaged_q4,cognitive_structural_25_75,spatial,560,0.9286,0.7929,0.9576,0.9857,0.0571,0.0143,0.1429,0.0571,0.7586,none
27b,base,damaged_q4,cyber_structural_25_75,adversarial,560,0.9411,0.7839,0.9636,0.9893,0.0482,0.0232,0.1589,0.0393,0.7501,none
27b,base,damaged_q4,cyber_structural_25_75,boundary,560,0.9286,0.7464,0.9592,0.9893,0.0571,0.025,0.1946,0.0357,0.7069,none
27b,base,damaged_q4,cyber_structural_25_75,coding,560,0.95,0.7929,0.9681,0.9982,0.0411,0.0446,0.1268,0.0464,0.7591,none
27b,base,damaged_q4,cyber_structural_25_75,epistemic,560,0.9179,0.7464,0.9568,0.9929,0.0589,0.0161,0.2107,0.0393,0.7067,none
27b,base,damaged_q4,cyber_structural_25_75,forensic,560,0.9393,0.7714,0.9593,0.9875,0.05,0.0357,0.1732,0.05,0.7329,none
27b,base,damaged_q4,cyber_structural_25_75,generalist,560,0.9339,0.7536,0.9585,0.9929,0.0518,0.0321,0.1893,0.0464,0.7141,none
27b,base,damaged_q4,cyber_structural_25_75,math,560,0.9321,0.725,0.9551,0.9875,0.05,0.0268,0.2304,0.0589,0.6833,none
27b,base,damaged_q4,cyber_structural_25_75,planning,560,0.9339,0.7821,0.9591,0.9929,0.0464,0.0357,0.1464,0.0607,0.7463,none
27b,base,damaged_q4,cyber_structural_25_75,rhetoric,560,0.9161,0.7321,0.9537,0.9929,0.0732,0.0321,0.2,0.0411,0.6857,none
27b,base,damaged_q4,cyber_structural_25_75,spatial,560,0.9393,0.7857,0.96,0.9875,0.0464,0.0214,0.1643,0.0571,0.7515,none
27b,base,damaged_q4,q2_structural_amplifier,adversarial,560,0.8875,0.5268,0.9217,0.9875,0.0696,0.2911,0.2071,0.0696,0.4276,none
27b,base,damaged_q4,q2_structural_amplifier,boundary,560,0.8929,0.5321,0.9248,0.9946,0.0696,0.2714,0.2429,0.0536,0.4349,none
27b,base,damaged_q4,q2_structural_amplifier,coding,560,0.9,0.5375,0.926,0.9857,0.0768,0.2786,0.2071,0.0339,0.4405,none
27b,base,damaged_q4,q2_structural_amplifier,epistemic,560,0.9125,0.5393,0.9296,0.9857,0.0625,0.2714,0.225,0.0446,0.446,none
27b,base,damaged_q4,q2_structural_amplifier,forensic,560,0.9161,0.5214,0.9328,0.9893,0.0625,0.2893,0.2339,0.0304,0.4246,none
27b,base,damaged_q4,q2_structural_amplifier,generalist,560,0.8911,0.4946,0.9225,0.9875,0.0696,0.3071,0.2304,0.0411,0.3918,none
27b,base,damaged_q4,q2_structural_amplifier,math,560,0.9,0.5,0.9261,0.9946,0.0696,0.2875,0.2446,0.0554,0.3993,none
27b,base,damaged_q4,q2_structural_amplifier,planning,560,0.9268,0.5661,0.9348,0.9929,0.0571,0.2643,0.1839,0.0393,0.4794,none
27b,base,damaged_q4,q2_structural_amplifier,rhetoric,560,0.9196,0.5286,0.9328,0.9875,0.0554,0.2875,0.2375,0.0375,0.4336,none
27b,base,damaged_q4,q2_structural_amplifier,spatial,560,0.9036,0.5571,0.9313,0.9893,0.0768,0.2589,0.2,0.0375,0.4644,none
27b,base,damaged_q4,routed_tri_structural_60,adversarial,560,0.9375,0.7536,0.9582,0.9875,0.0429,0.0393,0.175,0.0696,0.7154,none
27b,base,damaged_q4,routed_tri_structural_60,boundary,560,0.9411,0.6982,0.9557,0.9875,0.05,0.0768,0.2107,0.0536,0.6483,none
27b,base,damaged_q4,routed_tri_structural_60,coding,560,0.9321,0.7929,0.9645,0.9893,0.0446,0.0321,0.1357,0.0464,0.7599,none
27b,base,damaged_q4,routed_tri_structural_60,epistemic,560,0.9214,0.7357,0.9585,0.9875,0.0429,0.0375,0.2018,0.0464,0.6969,none
27b,base,damaged_q4,routed_tri_structural_60,forensic,560,0.9321,0.7321,0.9593,0.9946,0.0554,0.0446,0.1875,0.0411,0.6896,none
27b,base,damaged_q4,routed_tri_structural_60,generalist,560,0.9464,0.7429,0.9641,0.9857,0.0393,0.0554,0.1964,0.0268,0.7029,none
27b,base,damaged_q4,routed_tri_structural_60,math,560,0.9321,0.7054,0.9556,0.9875,0.0446,0.0446,0.2214,0.0643,0.6621,none
27b,base,damaged_q4,routed_tri_structural_60,planning,560,0.9357,0.7411,0.9566,0.9821,0.0393,0.0357,0.1911,0.0607,0.7038,none
27b,base,damaged_q4,routed_tri_structural_60,rhetoric,560,0.9411,0.7339,0.9564,0.9875,0.0482,0.0411,0.2018,0.0607,0.6921,none
27b,base,damaged_q4,routed_tri_structural_60,spatial,560,0.9286,0.7482,0.958,0.9893,0.0607,0.0464,0.1679,0.0464,0.705,none
27b,base,damaged_q4,routed_tri_structural_65,adversarial,560,0.9321,0.7393,0.9567,0.9911,0.0518,0.0464,0.1964,0.0571,0.6959,none
27b,base,damaged_q4,routed_tri_structural_65,boundary,560,0.9143,0.7393,0.9541,0.9929,0.075,0.0536,0.1643,0.0464,0.6906,none
27b,base,damaged_q4,routed_tri_structural_65,coding,560,0.9304,0.7643,0.9607,0.9929,0.0518,0.0536,0.1393,0.0536,0.7242,none
27b,base,damaged_q4,routed_tri_structural_65,epistemic,560,0.9161,0.7196,0.9574,0.9929,0.0589,0.0482,0.1839,0.0375,0.6757,none
27b,base,damaged_q4,routed_tri_structural_65,forensic,560,0.9214,0.7429,0.9523,0.9893,0.0643,0.0554,0.1661,0.0661,0.6959,none
27b,base,damaged_q4,routed_tri_structural_65,generalist,560,0.8893,0.6964,0.9473,0.9875,0.0679,0.0589,0.1946,0.0625,0.6456,none
27b,base,damaged_q4,routed_tri_structural_65,math,560,0.9393,0.7179,0.9589,0.9875,0.0304,0.0321,0.2411,0.0625,0.6799,none
27b,base,damaged_q4,routed_tri_structural_65,planning,560,0.9304,0.7875,0.9572,0.9804,0.0536,0.0321,0.1393,0.0536,0.7512,none
27b,base,damaged_q4,routed_tri_structural_65,rhetoric,560,0.9482,0.7607,0.9648,0.9929,0.0357,0.0429,0.1768,0.05,0.7248,none
27b,base,damaged_q4,routed_tri_structural_65,spatial,560,0.9518,0.7732,0.9664,0.9964,0.0375,0.0607,0.1554,0.0536,0.7347,none
27b,base,damaged_q4,stability_first_tri_70,adversarial,560,0.9268,0.7536,0.9586,0.9964,0.0607,0.05,0.1786,0.0464,0.7087,none
27b,base,damaged_q4,stability_first_tri_70,boundary,560,0.9214,0.7375,0.9528,0.9929,0.0661,0.0482,0.1839,0.0625,0.6902,none
27b,base,damaged_q4,stability_first_tri_70,coding,560,0.9393,0.7446,0.9617,0.9839,0.0411,0.0518,0.1732,0.0446,0.7059,none
27b,base,damaged_q4,stability_first_tri_70,epistemic,560,0.8946,0.7411,0.95,0.9857,0.0786,0.0286,0.1661,0.0482,0.6961,none
27b,base,damaged_q4,stability_first_tri_70,forensic,560,0.9143,0.7643,0.9558,0.9875,0.0661,0.0411,0.1607,0.0446,0.7212,none
27b,base,damaged_q4,stability_first_tri_70,generalist,560,0.9179,0.725,0.9564,0.9893,0.0589,0.0429,0.1821,0.0411,0.6821,none
27b,base,damaged_q4,stability_first_tri_70,math,560,0.9375,0.7357,0.9591,0.9893,0.0411,0.0393,0.1982,0.0643,0.6965,none
27b,base,damaged_q4,stability_first_tri_70,planning,560,0.9375,0.7857,0.9597,0.9911,0.0571,0.0321,0.1482,0.0482,0.7479,none
27b,base,damaged_q4,stability_first_tri_70,rhetoric,560,0.9357,0.7196,0.9611,0.9964,0.05,0.0589,0.1911,0.0464,0.6753,none
27b,base,damaged_q4,stability_first_tri_70,spatial,560,0.9411,0.7804,0.9628,0.9929,0.05,0.0554,0.1232,0.0571,0.7416,none
27b,base,healthy_q6,cognitive_structural_25_75,adversarial,560,0.9375,0.7946,0.9616,0.9911,0.0393,0.0196,0.1625,0.0696,0.7624,none
27b,base,healthy_q6,cognitive_structural_25_75,boundary,560,0.95,0.7911,0.9652,0.9911,0.0357,0.0304,0.1625,0.0518,0.7587,none
27b,base,healthy_q6,cognitive_structural_25_75,coding,560,0.9536,0.8196,0.9687,0.9804,0.0357,0.0179,0.1339,0.0321,0.793,none
27b,base,healthy_q6,cognitive_structural_25_75,epistemic,560,0.9482,0.8,0.9674,0.9893,0.0321,0.0036,0.1714,0.0357,0.7741,none
27b,base,healthy_q6,cognitive_structural_25_75,forensic,560,0.9536,0.8357,0.9687,0.9893,0.0339,0.0286,0.1036,0.0536,0.8089,none
27b,base,healthy_q6,cognitive_structural_25_75,generalist,560,0.9339,0.7643,0.9615,0.9821,0.0411,0.025,0.1679,0.0429,0.7314,none
27b,base,healthy_q6,cognitive_structural_25_75,math,560,0.9571,0.8214,0.9666,0.9821,0.0357,0.0161,0.1518,0.0429,0.7932,none
27b,base,healthy_q6,cognitive_structural_25_75,planning,560,0.95,0.8089,0.9658,0.9821,0.0411,0.0161,0.1304,0.0375,0.7811,none
27b,base,healthy_q6,cognitive_structural_25_75,rhetoric,560,0.9411,0.7786,0.963,0.9875,0.0375,0.0161,0.1661,0.0536,0.7481,none
27b,base,healthy_q6,cognitive_structural_25_75,spatial,560,0.9429,0.8357,0.9676,0.9946,0.0429,0.0268,0.1,0.0518,0.8069,none
27b,base,healthy_q6,cyber_structural_25_75,adversarial,560,0.9429,0.7946,0.9662,0.9911,0.0339,0.0304,0.1357,0.0589,0.7646,none
27b,base,healthy_q6,cyber_structural_25_75,boundary,560,0.95,0.7857,0.9625,0.9857,0.0411,0.0554,0.1357,0.0571,0.7486,none
27b,base,healthy_q6,cyber_structural_25_75,coding,560,0.9429,0.8,0.9664,0.9893,0.0393,0.0464,0.1196,0.0482,0.7669,none
27b,base,healthy_q6,cyber_structural_25_75,epistemic,560,0.95,0.8268,0.9687,0.9875,0.0286,0.0179,0.125,0.0464,0.8023,none
27b,base,healthy_q6,cyber_structural_25_75,forensic,560,0.9411,0.8196,0.9645,0.9821,0.0429,0.0286,0.1196,0.0464,0.7892,none
27b,base,healthy_q6,cyber_structural_25_75,generalist,560,0.9464,0.7982,0.9678,0.9911,0.025,0.0286,0.1554,0.05,0.7701,none
27b,base,healthy_q6,cyber_structural_25_75,math,560,0.9732,0.7964,0.9729,0.9929,0.0232,0.0357,0.1625,0.0375,0.7674,none
27b,base,healthy_q6,cyber_structural_25_75,planning,560,0.9446,0.8214,0.9661,0.9839,0.0339,0.0357,0.1143,0.0518,0.7924,none
27b,base,healthy_q6,cyber_structural_25_75,rhetoric,560,0.9429,0.7768,0.9617,0.9875,0.0393,0.0268,0.1589,0.0607,0.7439,none
27b,base,healthy_q6,cyber_structural_25_75,spatial,560,0.9446,0.8107,0.9672,0.9911,0.0411,0.0321,0.1214,0.0446,0.78,none
27b,base,healthy_q6,q2_structural_amplifier,adversarial,560,0.925,0.5446,0.9353,0.9964,0.0536,0.2464,0.2089,0.0536,0.4599,none
27b,base,healthy_q6,q2_structural_amplifier,boundary,560,0.9125,0.5393,0.9304,0.9929,0.0589,0.2911,0.1982,0.0482,0.4451,none
27b,base,healthy_q6,q2_structural_amplifier,coding,560,0.9125,0.6,0.9368,0.9893,0.0571,0.2304,0.1679,0.0482,0.5209,none
27b,base,healthy_q6,q2_structural_amplifier,epistemic,560,0.9054,0.5375,0.9323,0.9893,0.0607,0.2732,0.2107,0.0429,0.4456,none
27b,base,healthy_q6,q2_structural_amplifier,forensic,560,0.925,0.5411,0.9369,0.9929,0.0607,0.2946,0.175,0.0321,0.4483,none
27b,base,healthy_q6,q2_structural_amplifier,generalist,560,0.8857,0.5161,0.9197,0.9839,0.0571,0.3179,0.2071,0.0661,0.4155,none
27b,base,healthy_q6,q2_structural_amplifier,math,560,0.9375,0.5643,0.9366,0.9929,0.0446,0.2714,0.2232,0.0554,0.476,none
27b,base,healthy_q6,q2_structural_amplifier,planning,560,0.9054,0.5464,0.9289,0.9929,0.075,0.2804,0.1732,0.0393,0.452,none
27b,base,healthy_q6,q2_structural_amplifier,rhetoric,560,0.9268,0.5964,0.9391,0.9911,0.0446,0.2589,0.1714,0.0625,0.5144,none
27b,base,healthy_q6,q2_structural_amplifier,spatial,560,0.9232,0.5893,0.9425,0.9946,0.05,0.2768,0.1429,0.0411,0.5054,none
27b,base,healthy_q6,routed_tri_structural_60,adversarial,560,0.9464,0.7946,0.9662,0.9911,0.0393,0.0446,0.1411,0.0518,0.7601,none
27b,base,healthy_q6,routed_tri_structural_60,boundary,560,0.9429,0.7839,0.9659,0.9929,0.0446,0.0625,0.1304,0.0464,0.7453,none
27b,base,healthy_q6,routed_tri_structural_60,coding,560,0.9518,0.7946,0.9684,0.9893,0.0286,0.0554,0.1339,0.0518,0.7617,none
27b,base,healthy_q6,routed_tri_structural_60,epistemic,560,0.9446,0.7875,0.9692,0.9875,0.025,0.0286,0.1464,0.0393,0.7606,none
27b,base,healthy_q6,routed_tri_structural_60,forensic,560,0.9554,0.7875,0.9694,0.9929,0.0321,0.0536,0.1357,0.0446,0.7541,none
27b,base,healthy_q6,routed_tri_structural_60,generalist,560,0.9446,0.7821,0.968,0.9893,0.0339,0.05,0.1429,0.0375,0.7487,none
27b,base,healthy_q6,routed_tri_structural_60,math,560,0.9411,0.7625,0.9627,0.9911,0.0321,0.0554,0.1714,0.0696,0.7246,none
27b,base,healthy_q6,routed_tri_structural_60,planning,560,0.95,0.8,0.9646,0.9821,0.0375,0.0571,0.1179,0.0518,0.7653,none
27b,base,healthy_q6,routed_tri_structural_60,rhetoric,560,0.9375,0.7839,0.9599,0.9857,0.0357,0.025,0.1554,0.0732,0.7521,none
27b,base,healthy_q6,routed_tri_structural_60,spatial,560,0.9286,0.7982,0.9643,0.9911,0.05,0.0446,0.1054,0.0482,0.7634,none
27b,base,healthy_q6,routed_tri_structural_65,adversarial,560,0.95,0.8107,0.9683,0.9911,0.0375,0.0518,0.1018,0.0536,0.7783,none
27b,base,healthy_q6,routed_tri_structural_65,boundary,560,0.9571,0.7946,0.9684,0.9893,0.0321,0.0589,0.125,0.05,0.7607,none
27b,base,healthy_q6,routed_tri_structural_65,coding,560,0.9446,0.7804,0.9666,0.9893,0.0446,0.0482,0.1357,0.0375,0.7446,none
27b,base,healthy_q6,routed_tri_structural_65,epistemic,560,0.9411,0.8214,0.9678,0.9893,0.0375,0.0232,0.1143,0.0411,0.7943,none
27b,base,healthy_q6,routed_tri_structural_65,forensic,560,0.9411,0.7929,0.9643,0.9875,0.0482,0.0357,0.1429,0.0375,0.7579,none
27b,base,healthy_q6,routed_tri_structural_65,generalist,560,0.9375,0.8036,0.967,0.9929,0.0429,0.0554,0.125,0.0411,0.7676,none
27b,base,healthy_q6,routed_tri_structural_65,math,560,0.9571,0.7875,0.9645,0.9857,0.0304,0.05,0.1518,0.0661,0.7529,none
27b,base,healthy_q6,routed_tri_structural_65,planning,560,0.9679,0.8268,0.9738,0.9875,0.0214,0.0446,0.1143,0.0393,0.8003,none
27b,base,healthy_q6,routed_tri_structural_65,rhetoric,560,0.9589,0.7946,0.9698,0.9911,0.0304,0.0214,0.1679,0.0357,0.766,none
27b,base,healthy_q6,routed_tri_structural_65,spatial,560,0.9554,0.8196,0.971,0.9911,0.0321,0.0393,0.1179,0.0411,0.7907,none
27b,base,healthy_q6,stability_first_tri_70,adversarial,560,0.9464,0.8071,0.9672,0.9946,0.0464,0.0518,0.1143,0.05,0.7712,none
27b,base,healthy_q6,stability_first_tri_70,boundary,560,0.9214,0.7786,0.9599,0.9929,0.0429,0.0411,0.1339,0.0732,0.7431,none
27b,base,healthy_q6,stability_first_tri_70,coding,560,0.9643,0.8196,0.9726,0.9911,0.0232,0.0321,0.1286,0.0446,0.7937,none
27b,base,healthy_q6,stability_first_tri_70,epistemic,560,0.9393,0.8018,0.9647,0.9786,0.0339,0.0357,0.1304,0.0464,0.7717,none
27b,base,healthy_q6,stability_first_tri_70,forensic,560,0.9571,0.8161,0.9676,0.9893,0.0321,0.0339,0.1357,0.0482,0.7864,none
27b,base,healthy_q6,stability_first_tri_70,generalist,560,0.9464,0.8107,0.9707,0.9946,0.0286,0.0411,0.125,0.0429,0.7818,none
27b,base,healthy_q6,stability_first_tri_70,math,560,0.9411,0.7625,0.9649,0.9929,0.0321,0.0357,0.1732,0.0571,0.729,none
27b,base,healthy_q6,stability_first_tri_70,planning,560,0.9661,0.8232,0.9743,0.9946,0.0214,0.0232,0.1321,0.0411,0.7995,none
27b,base,healthy_q6,stability_first_tri_70,rhetoric,560,0.9464,0.7911,0.9641,0.975,0.0357,0.0375,0.1375,0.0482,0.7594,none
27b,base,healthy_q6,stability_first_tri_70,spatial,560,0.9571,0.8161,0.9715,0.9875,0.0321,0.0446,0.1071,0.0375,0.7871,none
27b,base,healthy_q8,cognitive_structural_25_75,adversarial,560,0.9536,0.8089,0.9679,0.9821,0.0304,0.0214,0.1339,0.0464,0.7825,none
27b,base,healthy_q8,cognitive_structural_25_75,boundary,560,0.9518,0.8268,0.9673,0.9857,0.0321,0.0375,0.1232,0.0518,0.7972,none
27b,base,healthy_q8,cognitive_structural_25_75,coding,560,0.9589,0.8464,0.9717,0.9821,0.0232,0.0196,0.1018,0.0464,0.8251,none
27b,base,healthy_q8,cognitive_structural_25_75,epistemic,560,0.9625,0.8411,0.9707,0.9839,0.0196,0.0089,0.1268,0.0464,0.8209,none
27b,base,healthy_q8,cognitive_structural_25_75,forensic,560,0.9625,0.8393,0.9706,0.9875,0.0161,0.0089,0.1304,0.0589,0.8193,none
27b,base,healthy_q8,cognitive_structural_25_75,generalist,560,0.9625,0.8018,0.974,0.9964,0.0161,0.0375,0.1429,0.0429,0.7759,none
27b,base,healthy_q8,cognitive_structural_25_75,math,560,0.9679,0.7946,0.969,0.9875,0.0161,0.025,0.1768,0.0589,0.7677,none
27b,base,healthy_q8,cognitive_structural_25_75,planning,560,0.9625,0.8571,0.9761,0.9911,0.0232,0.0232,0.0911,0.0375,0.8364,none
27b,base,healthy_q8,cognitive_structural_25_75,rhetoric,560,0.9714,0.8339,0.9732,0.9875,0.0179,0.0143,0.1375,0.0446,0.8125,none
27b,base,healthy_q8,cognitive_structural_25_75,spatial,560,0.9625,0.8714,0.9733,0.9893,0.0286,0.0196,0.0786,0.05,0.8501,none
27b,base,healthy_q8,cyber_structural_25_75,adversarial,560,0.9554,0.8518,0.9725,0.9893,0.0321,0.0232,0.0946,0.0464,0.8276,none
27b,base,healthy_q8,cyber_structural_25_75,boundary,560,0.9625,0.8179,0.9713,0.9911,0.0268,0.0464,0.1143,0.0536,0.7887,none
27b,base,healthy_q8,cyber_structural_25_75,coding,560,0.9643,0.8393,0.973,0.9893,0.0214,0.0196,0.1196,0.0446,0.8171,none
27b,base,healthy_q8,cyber_structural_25_75,epistemic,560,0.9571,0.8054,0.9726,0.9964,0.0214,0.0196,0.1482,0.0393,0.7812,none
27b,base,healthy_q8,cyber_structural_25_75,forensic,560,0.9625,0.8536,0.9745,0.9911,0.0286,0.0393,0.0893,0.0375,0.8281,none
27b,base,healthy_q8,cyber_structural_25_75,generalist,560,0.95,0.8411,0.9731,0.9893,0.0232,0.0304,0.0964,0.0429,0.8182,none
27b,base,healthy_q8,cyber_structural_25_75,math,560,0.95,0.7839,0.9656,0.9893,0.0321,0.0232,0.1625,0.0571,0.7538,none
27b,base,healthy_q8,cyber_structural_25_75,planning,560,0.9661,0.8554,0.9771,0.9893,0.0304,0.0411,0.0821,0.0214,0.8304,none
27b,base,healthy_q8,cyber_structural_25_75,rhetoric,560,0.9643,0.8089,0.9724,0.9964,0.0196,0.0268,0.15,0.05,0.7832,none
27b,base,healthy_q8,cyber_structural_25_75,spatial,560,0.9625,0.8482,0.9753,0.9911,0.0268,0.0357,0.0929,0.0357,0.8238,none
27b,base,healthy_q8,q2_structural_amplifier,adversarial,560,0.9321,0.5857,0.9372,0.9875,0.0464,0.2804,0.1679,0.0464,0.5,none
27b,base,healthy_q8,q2_structural_amplifier,boundary,560,0.9161,0.5679,0.934,0.9875,0.0607,0.2732,0.1625,0.0411,0.4799,none
27b,base,healthy_q8,q2_structural_amplifier,coding,560,0.9089,0.5625,0.9299,0.9911,0.0607,0.2821,0.1625,0.0589,0.4719,none
27b,base,healthy_q8,q2_structural_amplifier,epistemic,560,0.9375,0.5661,0.9419,0.9804,0.0321,0.2786,0.1821,0.0339,0.4844,none
27b,base,healthy_q8,q2_structural_amplifier,forensic,560,0.9375,0.5821,0.9462,0.9929,0.0357,0.2982,0.1464,0.0339,0.4984,none
27b,base,healthy_q8,q2_structural_amplifier,generalist,560,0.9286,0.5786,0.9384,0.9911,0.0375,0.2679,0.1696,0.0482,0.4978,none
27b,base,healthy_q8,q2_structural_amplifier,math,560,0.925,0.5714,0.9358,0.9893,0.0518,0.2482,0.1982,0.0625,0.4873,none
27b,base,healthy_q8,q2_structural_amplifier,planning,560,0.9286,0.6,0.9408,0.9911,0.0482,0.2607,0.1446,0.0429,0.5197,none
27b,base,healthy_q8,q2_structural_amplifier,rhetoric,560,0.9214,0.5464,0.938,0.9929,0.0518,0.2768,0.1804,0.0482,0.4587,none
27b,base,healthy_q8,q2_structural_amplifier,spatial,560,0.9196,0.6036,0.9379,0.9857,0.05,0.2536,0.1429,0.0589,0.5235,none
27b,base,healthy_q8,routed_tri_structural_60,adversarial,560,0.9375,0.7857,0.9632,0.9857,0.0482,0.0625,0.1214,0.05,0.7465,none
27b,base,healthy_q8,routed_tri_structural_60,boundary,560,0.9571,0.8161,0.9699,0.9929,0.0321,0.05,0.1089,0.0536,0.785,none
27b,base,healthy_q8,routed_tri_structural_60,coding,560,0.9679,0.8304,0.9734,0.9929,0.0179,0.0446,0.1179,0.0554,0.8039,none
27b,base,healthy_q8,routed_tri_structural_60,epistemic,560,0.9607,0.8232,0.9698,0.9857,0.0196,0.0214,0.125,0.0518,0.8004,none
27b,base,healthy_q8,routed_tri_structural_60,forensic,560,0.9643,0.8304,0.9736,0.9893,0.0286,0.0571,0.0929,0.0411,0.8009,none
27b,base,healthy_q8,routed_tri_structural_60,generalist,560,0.9643,0.7786,0.9727,0.9875,0.0196,0.0732,0.1357,0.0357,0.7454,none
27b,base,healthy_q8,routed_tri_structural_60,math,560,0.9589,0.7911,0.9722,0.9982,0.0304,0.0571,0.1411,0.0411,0.7572,none
27b,base,healthy_q8,routed_tri_structural_60,planning,560,0.9714,0.8286,0.9753,0.9893,0.0232,0.0518,0.1071,0.0321,0.8011,none
27b,base,healthy_q8,routed_tri_structural_60,rhetoric,560,0.9732,0.8071,0.9726,0.9857,0.0143,0.0375,0.1446,0.0482,0.7814,none
27b,base,healthy_q8,routed_tri_structural_60,spatial,560,0.9625,0.8179,0.9722,0.9946,0.0268,0.0571,0.1036,0.0518,0.7875,none
27b,base,healthy_q8,routed_tri_structural_65,adversarial,560,0.9679,0.8179,0.9725,0.9857,0.0214,0.0589,0.1125,0.0464,0.7883,none
27b,base,healthy_q8,routed_tri_structural_65,boundary,560,0.95,0.7768,0.9678,0.9893,0.0339,0.0589,0.1446,0.0446,0.741,none
27b,base,healthy_q8,routed_tri_structural_65,coding,560,0.9607,0.7982,0.9687,0.9875,0.0232,0.0571,0.1125,0.0607,0.7678,none
27b,base,healthy_q8,routed_tri_structural_65,epistemic,560,0.9607,0.8232,0.9738,0.9946,0.0214,0.0446,0.1161,0.0429,0.7964,none
27b,base,healthy_q8,routed_tri_structural_65,forensic,560,0.9625,0.8429,0.972,0.9946,0.0214,0.0375,0.1089,0.0625,0.8171,none
27b,base,healthy_q8,routed_tri_structural_65,generalist,560,0.9446,0.8036,0.9689,0.9857,0.0304,0.0643,0.1089,0.0446,0.7707,none
27b,base,healthy_q8,routed_tri_structural_65,math,560,0.9661,0.7804,0.9717,0.9857,0.0125,0.0304,0.1804,0.0429,0.754,none
27b,base,healthy_q8,routed_tri_structural_65,planning,560,0.9786,0.8732,0.9767,0.9911,0.0143,0.0286,0.0804,0.0536,0.8541,none
27b,base,healthy_q8,routed_tri_structural_65,rhetoric,560,0.9804,0.8304,0.9753,0.9911,0.0161,0.0429,0.125,0.0464,0.8046,none
27b,base,healthy_q8,routed_tri_structural_65,spatial,560,0.9643,0.8089,0.9734,0.9893,0.0232,0.0464,0.125,0.0375,0.7808,none
27b,base,healthy_q8,stability_first_tri_70,adversarial,560,0.9661,0.8357,0.9716,0.9893,0.0196,0.05,0.0964,0.0714,0.8085,none
27b,base,healthy_q8,stability_first_tri_70,boundary,560,0.9696,0.8161,0.9767,0.9929,0.0196,0.0429,0.125,0.0321,0.79,none
27b,base,healthy_q8,stability_first_tri_70,coding,560,0.9714,0.8518,0.9768,0.9893,0.0179,0.0375,0.0929,0.0429,0.8294,none
27b,base,healthy_q8,stability_first_tri_70,epistemic,560,0.9554,0.8214,0.9742,0.9964,0.0179,0.0196,0.1304,0.0446,0.7995,none
27b,base,healthy_q8,stability_first_tri_70,forensic,560,0.9571,0.8321,0.9686,0.9875,0.0286,0.0375,0.1054,0.0571,0.8048,none
27b,base,healthy_q8,stability_first_tri_70,generalist,560,0.9554,0.8054,0.9721,0.9893,0.0161,0.0571,0.1214,0.05,0.7769,none
27b,base,healthy_q8,stability_first_tri_70,math,560,0.9571,0.8196,0.9697,0.9875,0.0196,0.0375,0.1286,0.0661,0.7927,none
27b,base,healthy_q8,stability_first_tri_70,planning,560,0.9643,0.8571,0.975,0.9804,0.0196,0.0429,0.0696,0.0375,0.8352,none
27b,base,healthy_q8,stability_first_tri_70,rhetoric,560,0.9518,0.8,0.969,0.9911,0.0232,0.0464,0.1286,0.0625,0.7703,none
27b,base,healthy_q8,stability_first_tri_70,spatial,560,0.9607,0.8446,0.9727,0.9946,0.0268,0.0446,0.0857,0.0536,0.8181,none
27b,degraded_instruct,collapsed_q2_edge,cognitive_structural_25_75,adversarial,560,0.3357,0.2321,0.6028,0.85,0.2696,0.0286,0.4339,1.4464,0.0385,cascade
27b,degraded_instruct,collapsed_q2_edge,cognitive_structural_25_75,boundary,560,0.3375,0.2232,0.6112,0.8536,0.2643,0.0339,0.5036,1.3232,0.0307,cascade
27b,degraded_instruct,collapsed_q2_edge,cognitive_structural_25_75,coding,560,0.2911,0.2179,0.5695,0.75,0.2357,0.0304,0.3625,1.4464,0.0397,cascade
27b,degraded_instruct,collapsed_q2_edge,cognitive_structural_25_75,epistemic,560,0.2804,0.2214,0.564,0.7661,0.2446,0.0107,0.4143,1.2643,0.0495,cascade
27b,degraded_instruct,collapsed_q2_edge,cognitive_structural_25_75,forensic,560,0.3482,0.2768,0.5739,0.8161,0.2429,0.025,0.4196,1.4768,0.0915,none
27b,degraded_instruct,collapsed_q2_edge,cognitive_structural_25_75,generalist,560,0.2482,0.2,0.5598,0.7214,0.2411,0.0429,0.4357,1.3054,0.019,cascade
27b,degraded_instruct,collapsed_q2_edge,cognitive_structural_25_75,math,560,0.2875,0.2286,0.556,0.7536,0.1857,0.0286,0.4446,1.6839,0.0474,primitive_gap
27b,degraded_instruct,collapsed_q2_edge,cognitive_structural_25_75,planning,560,0.3911,0.3161,0.6189,0.7625,0.2,0.0179,0.3554,1.2482,0.1617,none
27b,degraded_instruct,collapsed_q2_edge,cognitive_structural_25_75,rhetoric,560,0.2429,0.1804,0.5237,0.6911,0.2196,0.0161,0.4304,1.6464,-0.0055,classification_miss
27b,degraded_instruct,collapsed_q2_edge,cognitive_structural_25_75,spatial,560,0.3125,0.2518,0.5699,0.7304,0.2286,0.0179,0.3589,1.4089,0.0805,none
27b,degraded_instruct,collapsed_q2_edge,cyber_structural_25_75,adversarial,560,0.4679,0.3339,0.7285,0.975,0.2,0.0429,0.4125,1.0071,0.182,none
27b,degraded_instruct,collapsed_q2_edge,cyber_structural_25_75,boundary,560,0.5286,0.35,0.7465,0.9571,0.2196,0.05,0.4446,0.7964,0.1987,none
27b,degraded_instruct,collapsed_q2_edge,cyber_structural_25_75,coding,560,0.275,0.2179,0.5494,0.7071,0.2339,0.0321,0.3411,1.5286,0.0375,cascade
27b,degraded_instruct,collapsed_q2_edge,cyber_structural_25_75,epistemic,560,0.2875,0.2,0.5704,0.7268,0.2196,0.0232,0.4161,1.2411,0.0341,cascade
27b,degraded_instruct,collapsed_q2_edge,cyber_structural_25_75,forensic,560,0.4036,0.3036,0.6355,0.9125,0.2464,0.0232,0.4,1.2,0.133,none
27b,degraded_instruct,collapsed_q2_edge,cyber_structural_25_75,generalist,560,0.2482,0.1786,0.5314,0.6357,0.2304,0.0429,0.4,1.3786,-0.0,classification_miss
27b,degraded_instruct,collapsed_q2_edge,cyber_structural_25_75,math,560,0.2179,0.1607,0.5224,0.6179,0.1857,0.0446,0.4321,1.6982,-0.0234,classification_miss
27b,degraded_instruct,collapsed_q2_edge,cyber_structural_25_75,planning,560,0.3321,0.2786,0.5779,0.6875,0.2125,0.0321,0.3268,1.3643,0.114,none
27b,degraded_instruct,collapsed_q2_edge,cyber_structural_25_75,rhetoric,560,0.2446,0.1821,0.5201,0.6821,0.2268,0.0196,0.4179,1.6482,-0.0057,cascade
27b,degraded_instruct,collapsed_q2_edge,cyber_structural_25_75,spatial,560,0.2679,0.2161,0.5262,0.675,0.2321,0.0411,0.325,1.5786,0.0333,classification_miss
27b,degraded_instruct,collapsed_q2_edge,q2_structural_amplifier,adversarial,560,0.8321,0.3839,0.8912,0.9929,0.1304,0.325,0.4089,0.0429,0.245,none
27b,degraded_instruct,collapsed_q2_edge,q2_structural_amplifier,boundary,560,0.8464,0.3768,0.8934,0.9946,0.1232,0.2929,0.4446,0.0482,0.2433,none
27b,degraded_instruct,collapsed_q2_edge,q2_structural_amplifier,coding,560,0.7607,0.4071,0.8613,0.8732,0.1232,0.2625,0.3857,0.1071,0.2815,none
27b,degraded_instruct,collapsed_q2_edge,q2_structural_amplifier,epistemic,560,0.7929,0.4036,0.8753,0.9161,0.1179,0.2482,0.4107,0.0964,0.2809,none
27b,degraded_instruct,collapsed_q2_edge,q2_structural_amplifier,forensic,560,0.7964,0.3929,0.8757,0.9893,0.15,0.3018,0.3946,0.125,0.2497,none
27b,degraded_instruct,collapsed_q2_edge,q2_structural_amplifier,generalist,560,0.7054,0.3571,0.8321,0.85,0.1071,0.3071,0.4268,0.2071,0.2191,none
27b,degraded_instruct,collapsed_q2_edge,q2_structural_amplifier,math,560,0.7268,0.3714,0.828,0.8446,0.1393,0.275,0.4339,0.25,0.2274,none
27b,degraded_instruct,collapsed_q2_edge,q2_structural_amplifier,planning,560,0.775,0.3839,0.8607,0.8714,0.1054,0.2964,0.3786,0.1232,0.2566,none
27b,degraded_instruct,collapsed_q2_edge,q2_structural_amplifier,rhetoric,560,0.7536,0.3714,0.8412,0.8357,0.1036,0.3036,0.4089,0.1964,0.2371,none
27b,degraded_instruct,collapsed_q2_edge,q2_structural_amplifier,spatial,560,0.7375,0.4018,0.8455,0.8446,0.1286,0.2875,0.3321,0.1804,0.2701,none
27b,degraded_instruct,collapsed_q2_edge,routed_tri_structural_60,adversarial,560,0.6054,0.3929,0.7803,0.9821,0.1839,0.0625,0.425,0.7393,0.2542,none
27b,degraded_instruct,collapsed_q2_edge,routed_tri_structural_60,boundary,560,0.6607,0.4,0.7956,0.9768,0.1732,0.0429,0.4982,0.6232,0.2684,none
27b,degraded_instruct,collapsed_q2_edge,routed_tri_structural_60,coding,560,0.4161,0.3161,0.6699,0.8036,0.1839,0.0446,0.3357,1.075,0.1714,none
27b,degraded_instruct,collapsed_q2_edge,routed_tri_structural_60,epistemic,560,0.3714,0.2696,0.6439,0.7625,0.1893,0.05,0.4304,0.95,0.1209,none
27b,degraded_instruct,collapsed_q2_edge,routed_tri_structural_60,forensic,560,0.4821,0.3321,0.6992,0.9589,0.1982,0.0464,0.4339,1.0036,0.1785,none
27b,degraded_instruct,collapsed_q2_edge,routed_tri_structural_60,generalist,560,0.3857,0.2768,0.66,0.7571,0.2107,0.0589,0.4214,0.9036,0.1229,none
27b,degraded_instruct,collapsed_q2_edge,routed_tri_structural_60,math,560,0.375,0.2839,0.631,0.7589,0.1661,0.0411,0.4375,1.3071,0.1255,none
27b,degraded_instruct,collapsed_q2_edge,routed_tri_structural_60,planning,560,0.4464,0.3196,0.6722,0.7929,0.2036,0.0571,0.3464,1.0018,0.1693,none
27b,degraded_instruct,collapsed_q2_edge,routed_tri_structural_60,rhetoric,560,0.35,0.2464,0.5975,0.7464,0.2125,0.0446,0.4696,1.3125,0.0706,none
27b,degraded_instruct,collapsed_q2_edge,routed_tri_structural_60,spatial,560,0.4321,0.3375,0.6471,0.7786,0.1946,0.0375,0.3393,1.1179,0.1886,none
27b,degraded_instruct,collapsed_q2_edge,routed_tri_structural_65,adversarial,560,0.6571,0.4607,0.8164,0.9875,0.1911,0.0446,0.3875,0.5411,0.3364,none
27b,degraded_instruct,collapsed_q2_edge,routed_tri_structural_65,boundary,560,0.7071,0.4518,0.8365,0.9839,0.1732,0.0554,0.4607,0.4143,0.3312,none
27b,degraded_instruct,collapsed_q2_edge,routed_tri_structural_65,coding,560,0.4714,0.3429,0.6856,0.7839,0.1946,0.0464,0.3411,0.9446,0.2007,none
27b,degraded_instruct,collapsed_q2_edge,routed_tri_structural_65,epistemic,560,0.4089,0.275,0.6844,0.8018,0.1732,0.0393,0.4643,0.8429,0.1359,none
27b,degraded_instruct,collapsed_q2_edge,routed_tri_structural_65,forensic,560,0.5143,0.3393,0.7342,0.9804,0.175,0.0804,0.4268,0.8804,0.1926,none
27b,degraded_instruct,collapsed_q2_edge,routed_tri_structural_65,generalist,560,0.4143,0.2875,0.688,0.8018,0.1661,0.0554,0.4143,0.8821,0.1494,none
27b,degraded_instruct,collapsed_q2_edge,routed_tri_structural_65,math,560,0.4161,0.2964,0.6522,0.7768,0.1786,0.0411,0.4357,1.1946,0.1401,none
27b,degraded_instruct,collapsed_q2_edge,routed_tri_structural_65,planning,560,0.5143,0.3929,0.7118,0.7857,0.1946,0.0482,0.3,0.8125,0.2602,none
27b,degraded_instruct,collapsed_q2_edge,routed_tri_structural_65,rhetoric,560,0.4036,0.2839,0.6513,0.7732,0.2054,0.0536,0.4321,1.0839,0.1228,none
27b,degraded_instruct,collapsed_q2_edge,routed_tri_structural_65,spatial,560,0.4607,0.3464,0.6815,0.8107,0.1679,0.0464,0.3464,1.0125,0.2084,none
27b,degraded_instruct,collapsed_q2_edge,stability_first_tri_70,adversarial,560,0.6893,0.4643,0.834,0.9804,0.1696,0.0464,0.4196,0.475,0.3468,none
27b,degraded_instruct,collapsed_q2_edge,stability_first_tri_70,boundary,560,0.725,0.4839,0.8417,0.9857,0.1661,0.0482,0.4196,0.4232,0.3697,none
27b,degraded_instruct,collapsed_q2_edge,stability_first_tri_70,coding,560,0.4821,0.3643,0.716,0.8107,0.175,0.0357,0.3107,0.8571,0.2369,none
27b,degraded_instruct,collapsed_q2_edge,stability_first_tri_70,epistemic,560,0.5018,0.3589,0.7235,0.8321,0.2107,0.0232,0.3804,0.6804,0.2266,none
27b,degraded_instruct,collapsed_q2_edge,stability_first_tri_70,forensic,560,0.5821,0.4071,0.7657,0.9696,0.1607,0.0393,0.4143,0.7518,0.2803,none
27b,degraded_instruct,collapsed_q2_edge,stability_first_tri_70,generalist,560,0.4839,0.3339,0.7145,0.7714,0.1607,0.0571,0.3911,0.7518,0.2054,none
27b,degraded_instruct,collapsed_q2_edge,stability_first_tri_70,math,560,0.4768,0.3411,0.6909,0.7839,0.1625,0.0446,0.4321,1.0196,0.1978,none
27b,degraded_instruct,collapsed_q2_edge,stability_first_tri_70,planning,560,0.5982,0.4268,0.7473,0.7929,0.1464,0.0411,0.3589,0.7107,0.3104,none
27b,degraded_instruct,collapsed_q2_edge,stability_first_tri_70,rhetoric,560,0.4446,0.3107,0.6807,0.775,0.1839,0.0286,0.4321,0.9518,0.1677,none
27b,degraded_instruct,collapsed_q2_edge,stability_first_tri_70,spatial,560,0.4893,0.3625,0.6919,0.775,0.1875,0.0464,0.3089,0.9143,0.2265,none
27b,degraded_instruct,damaged_q2,cognitive_structural_25_75,adversarial,560,0.75,0.5429,0.8579,0.9821,0.1339,0.0286,0.3607,0.4214,0.447,none
27b,degraded_instruct,damaged_q2,cognitive_structural_25_75,boundary,560,0.7571,0.525,0.8534,0.9768,0.1411,0.025,0.3839,0.4107,0.4264,none
27b,degraded_instruct,damaged_q2,cognitive_structural_25_75,coding,560,0.6196,0.4625,0.7899,0.8804,0.1393,0.0286,0.3107,0.6089,0.3597,none
27b,degraded_instruct,damaged_q2,cognitive_structural_25_75,epistemic,560,0.6357,0.4446,0.8105,0.9054,0.1304,0.0143,0.3679,0.4643,0.35,none
27b,degraded_instruct,damaged_q2,cognitive_structural_25_75,forensic,560,0.6732,0.5125,0.8066,0.9607,0.1357,0.0179,0.3143,0.6143,0.4124,none
27b,degraded_instruct,damaged_q2,cognitive_structural_25_75,generalist,560,0.6339,0.4393,0.8059,0.8911,0.1304,0.0357,0.4018,0.4768,0.3371,none
27b,degraded_instruct,damaged_q2,cognitive_structural_25_75,math,560,0.6411,0.475,0.7843,0.875,0.0964,0.0304,0.3732,0.7411,0.3731,none
27b,degraded_instruct,damaged_q2,cognitive_structural_25_75,planning,560,0.7214,0.5696,0.8383,0.9143,0.0982,0.0161,0.2786,0.4875,0.4903,none
27b,degraded_instruct,damaged_q2,cognitive_structural_25_75,rhetoric,560,0.5696,0.4071,0.7596,0.8589,0.1286,0.0232,0.3911,0.7357,0.2959,none
27b,degraded_instruct,damaged_q2,cognitive_structural_25_75,spatial,560,0.6893,0.5375,0.8081,0.8875,0.1286,0.0214,0.2643,0.5518,0.4459,none
27b,degraded_instruct,damaged_q2,cyber_structural_25_75,adversarial,560,0.8304,0.5946,0.9101,0.9893,0.1286,0.0286,0.3036,0.1482,0.5187,none
27b,degraded_instruct,damaged_q2,cyber_structural_25_75,boundary,560,0.8607,0.5589,0.9121,0.9893,0.1071,0.0446,0.4161,0.125,0.4783,none
27b,degraded_instruct,damaged_q2,cyber_structural_25_75,coding,560,0.6304,0.4804,0.7771,0.8268,0.1446,0.0411,0.3071,0.6179,0.3733,none
27b,degraded_instruct,damaged_q2,cyber_structural_25_75,epistemic,560,0.5839,0.4375,0.7767,0.8286,0.1357,0.0268,0.3232,0.5375,0.3387,none
27b,degraded_instruct,damaged_q2,cyber_structural_25_75,forensic,560,0.7321,0.5554,0.8469,0.9946,0.1321,0.0464,0.2964,0.4518,0.4601,none
27b,degraded_instruct,damaged_q2,cyber_structural_25_75,generalist,560,0.5536,0.3929,0.7628,0.8143,0.1536,0.0554,0.3518,0.5839,0.2784,none
27b,degraded_instruct,damaged_q2,cyber_structural_25_75,math,560,0.6018,0.4214,0.7574,0.8196,0.1268,0.0321,0.3911,0.7625,0.3076,none
27b,degraded_instruct,damaged_q2,cyber_structural_25_75,planning,560,0.6643,0.5054,0.798,0.8339,0.1554,0.0286,0.2714,0.5089,0.4059,none
27b,degraded_instruct,damaged_q2,cyber_structural_25_75,rhetoric,560,0.5482,0.4,0.7456,0.7929,0.1429,0.0268,0.3446,0.7107,0.2887,none
27b,degraded_instruct,damaged_q2,cyber_structural_25_75,spatial,560,0.5893,0.4571,0.7525,0.8,0.1679,0.0339,0.2768,0.6696,0.3444,none
27b,degraded_instruct,damaged_q2,q2_structural_amplifier,adversarial,560,0.8464,0.4161,0.8971,0.9911,0.125,0.3054,0.3661,0.0446,0.286,none
27b,degraded_instruct,damaged_q2,q2_structural_amplifier,boundary,560,0.8661,0.425,0.9007,0.9911,0.1125,0.3196,0.375,0.0375,0.2954,none
27b,degraded_instruct,damaged_q2,q2_structural_amplifier,coding,560,0.8214,0.4357,0.895,0.9714,0.1143,0.2911,0.325,0.0679,0.3138,none
27b,degraded_instruct,damaged_q2,q2_structural_amplifier,epistemic,560,0.8661,0.4054,0.9048,0.9946,0.1,0.2857,0.3982,0.0536,0.2837,none
27b,degraded_instruct,damaged_q2,q2_structural_amplifier,forensic,560,0.8482,0.4,0.9004,0.9911,0.1232,0.3089,0.3714,0.0411,0.2695,none
27b,degraded_instruct,damaged_q2,q2_structural_amplifier,generalist,560,0.8554,0.4018,0.8996,0.9696,0.0964,0.3268,0.3411,0.0429,0.2781,none
27b,degraded_instruct,damaged_q2,q2_structural_amplifier,math,560,0.8661,0.4446,0.9058,0.9679,0.0804,0.2732,0.3839,0.0696,0.3317,none
27b,degraded_instruct,damaged_q2,q2_structural_amplifier,planning,560,0.8375,0.4536,0.9026,0.9804,0.1214,0.2696,0.3036,0.0446,0.3367,none
27b,degraded_instruct,damaged_q2,q2_structural_amplifier,rhetoric,560,0.8232,0.4518,0.893,0.9607,0.1304,0.2554,0.3589,0.0625,0.3298,none
27b,degraded_instruct,damaged_q2,q2_structural_amplifier,spatial,560,0.8357,0.4679,0.9023,0.9696,0.1214,0.2536,0.3071,0.0571,0.3533,none
27b,degraded_instruct,damaged_q2,routed_tri_structural_60,adversarial,560,0.8429,0.5911,0.9194,0.9875,0.1429,0.0536,0.3036,0.0696,0.5097,none
27b,degraded_instruct,damaged_q2,routed_tri_structural_60,boundary,560,0.8625,0.5143,0.9204,0.9982,0.1214,0.0661,0.4196,0.0625,0.4279,none
27b,degraded_instruct,damaged_q2,routed_tri_structural_60,coding,560,0.7911,0.5643,0.878,0.925,0.1268,0.0518,0.3089,0.225,0.4799,none
27b,degraded_instruct,damaged_q2,routed_tri_structural_60,epistemic,560,0.7661,0.5357,0.8777,0.9446,0.1143,0.0482,0.3768,0.2304,0.4501,none
27b,degraded_instruct,damaged_q2,routed_tri_structural_60,forensic,560,0.8286,0.5946,0.8968,0.9839,0.1018,0.0554,0.3054,0.2446,0.5164,none
27b,degraded_instruct,damaged_q2,routed_tri_structural_60,generalist,560,0.7339,0.5196,0.8623,0.9161,0.1232,0.0571,0.3429,0.2679,0.4304,none
27b,degraded_instruct,damaged_q2,routed_tri_structural_60,math,560,0.75,0.5214,0.8514,0.9054,0.1054,0.0643,0.3643,0.4071,0.4275,none
27b,degraded_instruct,damaged_q2,routed_tri_structural_60,planning,560,0.8286,0.5982,0.893,0.9268,0.0875,0.0446,0.3,0.2161,0.5282,none
27b,degraded_instruct,damaged_q2,routed_tri_structural_60,rhetoric,560,0.7482,0.525,0.8536,0.9089,0.1179,0.05,0.3768,0.3321,0.4329,none
27b,degraded_instruct,damaged_q2,routed_tri_structural_60,spatial,560,0.7696,0.5679,0.8505,0.9018,0.1143,0.0464,0.2714,0.3786,0.4836,none
27b,degraded_instruct,damaged_q2,routed_tri_structural_65,adversarial,560,0.8768,0.5911,0.9276,0.9786,0.1036,0.05,0.3482,0.0607,0.5191,none
27b,degraded_instruct,damaged_q2,routed_tri_structural_65,boundary,560,0.8821,0.5107,0.9249,0.9911,0.0911,0.0643,0.4393,0.0696,0.4319,none
27b,degraded_instruct,damaged_q2,routed_tri_structural_65,coding,560,0.8,0.5661,0.8892,0.9232,0.1304,0.0464,0.3161,0.1589,0.4844,none
27b,degraded_instruct,damaged_q2,routed_tri_structural_65,epistemic,560,0.8018,0.5661,0.8868,0.925,0.1054,0.0375,0.3214,0.1929,0.4916,none
27b,degraded_instruct,damaged_q2,routed_tri_structural_65,forensic,560,0.8339,0.5893,0.8978,0.9946,0.1286,0.0393,0.3286,0.1982,0.5067,none
27b,degraded_instruct,damaged_q2,routed_tri_structural_65,generalist,560,0.7643,0.5679,0.8721,0.8857,0.1143,0.0464,0.2857,0.2232,0.4903,none
27b,degraded_instruct,damaged_q2,routed_tri_structural_65,math,560,0.7357,0.5429,0.8439,0.8607,0.1196,0.025,0.3571,0.3714,0.4548,none
27b,degraded_instruct,damaged_q2,routed_tri_structural_65,planning,560,0.8107,0.5768,0.8931,0.9214,0.1143,0.0518,0.2857,0.1732,0.5006,none
27b,degraded_instruct,damaged_q2,routed_tri_structural_65,rhetoric,560,0.7661,0.5107,0.8585,0.9054,0.1375,0.0482,0.3696,0.2768,0.4164,none
27b,degraded_instruct,damaged_q2,routed_tri_structural_65,spatial,560,0.8054,0.6036,0.8843,0.9125,0.1196,0.05,0.2768,0.2125,0.5249,none
27b,degraded_instruct,damaged_q2,stability_first_tri_70,adversarial,560,0.8661,0.6357,0.9306,0.9929,0.1125,0.0393,0.3036,0.0589,0.5669,none
27b,degraded_instruct,damaged_q2,stability_first_tri_70,boundary,560,0.8643,0.5554,0.9253,0.9875,0.1071,0.0571,0.4214,0.0411,0.476,none
27b,degraded_instruct,damaged_q2,stability_first_tri_70,coding,560,0.8464,0.5786,0.9171,0.9429,0.0857,0.05,0.3179,0.1018,0.5123,none
27b,degraded_instruct,damaged_q2,stability_first_tri_70,epistemic,560,0.8446,0.5946,0.9132,0.9482,0.0875,0.0375,0.3554,0.1125,0.5268,none
27b,degraded_instruct,damaged_q2,stability_first_tri_70,forensic,560,0.875,0.6107,0.9254,0.9929,0.0911,0.0482,0.3143,0.1196,0.5426,none
27b,degraded_instruct,damaged_q2,stability_first_tri_70,generalist,560,0.7929,0.5268,0.8829,0.9018,0.1036,0.0554,0.3696,0.1732,0.4464,none
27b,degraded_instruct,damaged_q2,stability_first_tri_70,math,560,0.7875,0.5393,0.8804,0.9357,0.1304,0.0321,0.3554,0.2339,0.4536,none
27b,degraded_instruct,damaged_q2,stability_first_tri_70,planning,560,0.8232,0.6018,0.9053,0.9268,0.0982,0.0589,0.2625,0.1464,0.5322,none
27b,degraded_instruct,damaged_q2,stability_first_tri_70,rhetoric,560,0.8054,0.5196,0.8895,0.9107,0.0946,0.0482,0.4036,0.1732,0.4407,none
27b,degraded_instruct,damaged_q2,stability_first_tri_70,spatial,560,0.8304,0.6107,0.9002,0.9232,0.1,0.0214,0.275,0.1732,0.5458,none
27b,degraded_instruct,damaged_q3,cognitive_structural_25_75,adversarial,560,0.8857,0.6679,0.9425,0.9893,0.1018,0.0179,0.2554,0.0304,0.6118,none
27b,degraded_instruct,damaged_q3,cognitive_structural_25_75,boundary,560,0.8946,0.6464,0.942,0.9929,0.0821,0.0339,0.2804,0.0554,0.5898,none
27b,degraded_instruct,damaged_q3,cognitive_structural_25_75,coding,560,0.9125,0.6589,0.9477,0.9893,0.0768,0.0393,0.2589,0.0375,0.6054,none
27b,degraded_instruct,damaged_q3,cognitive_structural_25_75,epistemic,560,0.9089,0.6946,0.9473,0.9911,0.0661,0.0161,0.275,0.0482,0.6472,none
27b,degraded_instruct,damaged_q3,cognitive_structural_25_75,forensic,560,0.9196,0.7179,0.9527,0.9875,0.0643,0.0321,0.2214,0.0464,0.6721,none
27b,degraded_instruct,damaged_q3,cognitive_structural_25_75,generalist,560,0.9036,0.6679,0.9478,0.9929,0.0661,0.0232,0.2732,0.0464,0.6192,none
27b,degraded_instruct,damaged_q3,cognitive_structural_25_75,math,560,0.9232,0.6625,0.9501,0.9929,0.0661,0.0196,0.2964,0.0393,0.6131,none
27b,degraded_instruct,damaged_q3,cognitive_structural_25_75,planning,560,0.9214,0.7536,0.9552,0.9875,0.0518,0.0179,0.1857,0.0571,0.7167,none
27b,degraded_instruct,damaged_q3,cognitive_structural_25_75,rhetoric,560,0.8875,0.6518,0.9385,0.9857,0.0911,0.0268,0.2804,0.0554,0.5939,none
27b,degraded_instruct,damaged_q3,cognitive_structural_25_75,spatial,560,0.8893,0.7214,0.9423,0.9911,0.0857,0.0196,0.2071,0.0714,0.6716,none
27b,degraded_instruct,damaged_q3,cyber_structural_25_75,adversarial,560,0.9125,0.7304,0.9512,0.9946,0.0732,0.0268,0.2,0.0571,0.6842,none
27b,degraded_instruct,damaged_q3,cyber_structural_25_75,boundary,560,0.9036,0.7071,0.9478,0.9964,0.0786,0.0286,0.2375,0.0518,0.6563,none
27b,degraded_instruct,damaged_q3,cyber_structural_25_75,coding,560,0.8946,0.6732,0.9418,0.9946,0.0893,0.0268,0.2375,0.0607,0.619,none
27b,degraded_instruct,damaged_q3,cyber_structural_25_75,epistemic,560,0.8821,0.65,0.9394,0.9929,0.0839,0.025,0.2786,0.0554,0.5948,none
27b,degraded_instruct,damaged_q3,cyber_structural_25_75,forensic,560,0.9089,0.6929,0.9458,0.9857,0.0714,0.0339,0.2446,0.0571,0.6422,none
27b,degraded_instruct,damaged_q3,cyber_structural_25_75,generalist,560,0.8982,0.6821,0.9449,0.9661,0.075,0.0321,0.2286,0.0357,0.6331,none
27b,degraded_instruct,damaged_q3,cyber_structural_25_75,math,560,0.8982,0.6536,0.9402,0.9804,0.0804,0.0429,0.2714,0.0607,0.5961,none
27b,degraded_instruct,damaged_q3,cyber_structural_25_75,planning,560,0.9161,0.7196,0.9507,0.9911,0.0714,0.0357,0.2125,0.0482,0.6717,none
27b,degraded_instruct,damaged_q3,cyber_structural_25_75,rhetoric,560,0.9089,0.7125,0.9482,0.9768,0.0679,0.0429,0.2107,0.0554,0.6639,none
27b,degraded_instruct,damaged_q3,cyber_structural_25_75,spatial,560,0.9089,0.7321,0.9516,0.9839,0.0679,0.0393,0.1732,0.0571,0.6872,none
27b,degraded_instruct,damaged_q3,q2_structural_amplifier,adversarial,560,0.8679,0.45,0.9059,0.9893,0.0982,0.3071,0.2768,0.0714,0.3334,none
27b,degraded_instruct,damaged_q3,q2_structural_amplifier,boundary,560,0.8875,0.4929,0.917,0.9946,0.0732,0.2821,0.3357,0.0482,0.3852,none
27b,degraded_instruct,damaged_q3,q2_structural_amplifier,coding,560,0.9179,0.5089,0.9274,0.9839,0.0536,0.2964,0.2536,0.0393,0.4113,none
27b,degraded_instruct,damaged_q3,q2_structural_amplifier,epistemic,560,0.8893,0.4714,0.914,0.9893,0.0732,0.3446,0.2946,0.0518,0.3544,none
27b,degraded_instruct,damaged_q3,q2_structural_amplifier,forensic,560,0.9036,0.5018,0.9203,0.9893,0.075,0.2625,0.3143,0.05,0.3991,none
27b,degraded_instruct,damaged_q3,q2_structural_amplifier,generalist,560,0.8946,0.4857,0.9203,0.9857,0.0714,0.2679,0.325,0.0321,0.3831,none
27b,degraded_instruct,damaged_q3,q2_structural_amplifier,math,560,0.8982,0.4661,0.9233,0.9946,0.075,0.2804,0.3054,0.0393,0.3611,none
27b,degraded_instruct,damaged_q3,q2_structural_amplifier,planning,560,0.9054,0.5536,0.9266,0.9929,0.0661,0.2607,0.2054,0.0589,0.4622,none
27b,degraded_instruct,damaged_q3,q2_structural_amplifier,rhetoric,560,0.9125,0.4768,0.9229,0.9857,0.0554,0.3054,0.2964,0.0589,0.3724,none
27b,degraded_instruct,damaged_q3,q2_structural_amplifier,spatial,560,0.8964,0.5286,0.9262,0.9929,0.0804,0.2643,0.2393,0.0411,0.4304,none
27b,degraded_instruct,damaged_q3,routed_tri_structural_60,adversarial,560,0.8964,0.6446,0.9408,0.9982,0.0964,0.0804,0.2429,0.0589,0.5773,none
27b,degraded_instruct,damaged_q3,routed_tri_structural_60,boundary,560,0.9036,0.7268,0.9508,0.9946,0.0804,0.0536,0.1732,0.0554,0.6753,none
27b,degraded_instruct,damaged_q3,routed_tri_structural_60,coding,560,0.9018,0.7375,0.9517,0.9946,0.0732,0.0464,0.1679,0.0589,0.6899,none
27b,degraded_instruct,damaged_q3,routed_tri_structural_60,epistemic,560,0.9071,0.7107,0.9515,0.9946,0.0732,0.0321,0.2214,0.0375,0.6627,none
27b,degraded_instruct,damaged_q3,routed_tri_structural_60,forensic,560,0.9268,0.7,0.9528,0.9821,0.0643,0.0679,0.2161,0.0393,0.6479,none
27b,degraded_instruct,damaged_q3,routed_tri_structural_60,generalist,560,0.8893,0.6821,0.9463,0.9929,0.0768,0.0536,0.2357,0.05,0.627,none
27b,degraded_instruct,damaged_q3,routed_tri_structural_60,math,560,0.9232,0.6768,0.9503,0.9911,0.05,0.0518,0.2696,0.075,0.6261,none
27b,degraded_instruct,damaged_q3,routed_tri_structural_60,planning,560,0.9054,0.6929,0.9488,0.9946,0.0679,0.0357,0.2268,0.0536,0.6445,none
27b,degraded_instruct,damaged_q3,routed_tri_structural_60,rhetoric,560,0.9339,0.6982,0.9539,0.9875,0.0571,0.0375,0.2393,0.0446,0.6522,none
27b,degraded_instruct,damaged_q3,routed_tri_structural_60,spatial,560,0.9125,0.7,0.95,0.9911,0.0714,0.0554,0.1982,0.0536,0.649,none
27b,degraded_instruct,damaged_q3,routed_tri_structural_65,adversarial,560,0.8982,0.6786,0.944,0.9929,0.0839,0.0446,0.225,0.0643,0.6233,none
27b,degraded_instruct,damaged_q3,routed_tri_structural_65,boundary,560,0.9125,0.6429,0.9445,0.9982,0.075,0.0554,0.2929,0.0589,0.5829,none
27b,degraded_instruct,damaged_q3,routed_tri_structural_65,coding,560,0.9054,0.7018,0.9478,0.9875,0.075,0.0589,0.1982,0.0571,0.6488,none
27b,degraded_instruct,damaged_q3,routed_tri_structural_65,epistemic,560,0.9196,0.6839,0.9516,0.9929,0.0607,0.025,0.2732,0.0375,0.637,none
27b,degraded_instruct,damaged_q3,routed_tri_structural_65,forensic,560,0.8946,0.6821,0.9433,0.9929,0.0839,0.0375,0.2518,0.0554,0.6266,none
27b,degraded_instruct,damaged_q3,routed_tri_structural_65,generalist,560,0.8982,0.6857,0.9505,0.9911,0.0804,0.0768,0.1964,0.0357,0.6288,none
27b,degraded_instruct,damaged_q3,routed_tri_structural_65,math,560,0.9161,0.675,0.9453,0.9821,0.0679,0.0339,0.2607,0.0607,0.624,none
27b,degraded_instruct,damaged_q3,routed_tri_structural_65,planning,560,0.9125,0.7482,0.9531,0.9875,0.0679,0.0375,0.1696,0.0446,0.7046,none
27b,degraded_instruct,damaged_q3,routed_tri_structural_65,rhetoric,560,0.9321,0.6696,0.9554,0.9964,0.0554,0.0375,0.2804,0.0339,0.6214,none
27b,degraded_instruct,damaged_q3,routed_tri_structural_65,spatial,560,0.9179,0.7089,0.954,0.9982,0.0714,0.0536,0.1964,0.0446,0.6588,none
27b,degraded_instruct,damaged_q3,stability_first_tri_70,adversarial,560,0.9143,0.7232,0.9524,0.9893,0.0732,0.05,0.1964,0.0446,0.6733,none
27b,degraded_instruct,damaged_q3,stability_first_tri_70,boundary,560,0.8893,0.6464,0.9392,0.9911,0.0875,0.0589,0.2589,0.0661,0.5844,none
27b,degraded_instruct,damaged_q3,stability_first_tri_70,coding,560,0.9089,0.6929,0.9459,0.9839,0.0661,0.0554,0.2214,0.0679,0.6409,none
27b,degraded_instruct,damaged_q3,stability_first_tri_70,epistemic,560,0.9071,0.6554,0.9467,0.9893,0.0661,0.0571,0.2536,0.0554,0.6011,none
27b,degraded_instruct,damaged_q3,stability_first_tri_70,forensic,560,0.9161,0.6893,0.9474,0.9839,0.0589,0.0411,0.2375,0.0625,0.6413,none
27b,degraded_instruct,damaged_q3,stability_first_tri_70,generalist,560,0.925,0.7214,0.9558,0.9893,0.0571,0.0482,0.2125,0.0375,0.6758,none
27b,degraded_instruct,damaged_q3,stability_first_tri_70,math,560,0.9375,0.7125,0.9571,0.9875,0.05,0.0339,0.2446,0.0393,0.6692,none
27b,degraded_instruct,damaged_q3,stability_first_tri_70,planning,560,0.9411,0.7411,0.9592,0.9911,0.0554,0.0464,0.1839,0.0429,0.6983,none
27b,degraded_instruct,damaged_q3,stability_first_tri_70,rhetoric,560,0.9196,0.7036,0.9506,0.9911,0.0536,0.0464,0.2357,0.0732,0.6557,none
27b,degraded_instruct,damaged_q3,stability_first_tri_70,spatial,560,0.9143,0.7304,0.9505,0.9804,0.0696,0.0393,0.1893,0.0464,0.6841,none
27b,degraded_instruct,damaged_q4,cognitive_structural_25_75,adversarial,560,0.9268,0.7411,0.9555,0.9857,0.0589,0.025,0.2089,0.0429,0.6995,none
27b,degraded_instruct,damaged_q4,cognitive_structural_25_75,boundary,560,0.9089,0.7357,0.9522,0.9893,0.0696,0.0357,0.175,0.0554,0.6909,none
27b,degraded_instruct,damaged_q4,cognitive_structural_25_75,coding,560,0.9339,0.7429,0.9567,0.9911,0.0589,0.025,0.2,0.0446,0.7019,none
27b,degraded_instruct,damaged_q4,cognitive_structural_25_75,epistemic,560,0.9393,0.7643,0.9637,0.9875,0.0411,0.0089,0.1946,0.0304,0.7331,none
27b,degraded_instruct,damaged_q4,cognitive_structural_25_75,forensic,560,0.9196,0.7607,0.9572,0.9893,0.0589,0.0357,0.1661,0.0482,0.7202,none
27b,degraded_instruct,damaged_q4,cognitive_structural_25_75,generalist,560,0.9179,0.7214,0.9571,0.9893,0.0625,0.025,0.2054,0.0268,0.6799,none
27b,degraded_instruct,damaged_q4,cognitive_structural_25_75,math,560,0.9339,0.7393,0.957,0.9893,0.0536,0.0179,0.2232,0.0446,0.6996,none
27b,degraded_instruct,damaged_q4,cognitive_structural_25_75,planning,560,0.9107,0.7679,0.9507,0.9804,0.0661,0.0161,0.1643,0.0536,0.729,none
27b,degraded_instruct,damaged_q4,cognitive_structural_25_75,rhetoric,560,0.9232,0.7411,0.9516,0.9893,0.0571,0.0232,0.2179,0.0661,0.6986,none
27b,degraded_instruct,damaged_q4,cognitive_structural_25_75,spatial,560,0.9357,0.775,0.9592,0.9929,0.0571,0.0196,0.1571,0.0518,0.7388,none
27b,degraded_instruct,damaged_q4,cyber_structural_25_75,adversarial,560,0.9393,0.775,0.9611,0.9893,0.0446,0.0464,0.1482,0.0661,0.7372,none
27b,degraded_instruct,damaged_q4,cyber_structural_25_75,boundary,560,0.9357,0.7571,0.9586,0.9946,0.0518,0.0411,0.1714,0.0589,0.7167,none
27b,degraded_instruct,damaged_q4,cyber_structural_25_75,coding,560,0.9411,0.7786,0.9594,0.9804,0.0411,0.0482,0.1482,0.0643,0.7415,none
27b,degraded_instruct,damaged_q4,cyber_structural_25_75,epistemic,560,0.95,0.7518,0.9636,0.9857,0.0321,0.025,0.2232,0.0357,0.7175,none
27b,degraded_instruct,damaged_q4,cyber_structural_25_75,forensic,560,0.9339,0.7732,0.9616,0.9929,0.0554,0.0393,0.1536,0.0429,0.7343,none
27b,degraded_instruct,damaged_q4,cyber_structural_25_75,generalist,560,0.9268,0.7589,0.9605,0.9911,0.0411,0.0357,0.1714,0.0536,0.7231,none
27b,degraded_instruct,damaged_q4,cyber_structural_25_75,math,560,0.9286,0.7214,0.9558,0.9857,0.0446,0.025,0.2196,0.0607,0.6824,none
27b,degraded_instruct,damaged_q4,cyber_structural_25_75,planning,560,0.9125,0.7696,0.9536,0.9982,0.0643,0.0321,0.1482,0.075,0.7283,none
27b,degraded_instruct,damaged_q4,cyber_structural_25_75,rhetoric,560,0.9357,0.7482,0.9598,0.9911,0.0536,0.0304,0.1982,0.0393,0.7082,none
27b,degraded_instruct,damaged_q4,cyber_structural_25_75,spatial,560,0.9286,0.7786,0.9573,0.9857,0.05,0.0268,0.1589,0.0625,0.7424,none
27b,degraded_instruct,damaged_q4,q2_structural_amplifier,adversarial,560,0.8857,0.5125,0.9159,0.9893,0.0821,0.3036,0.2196,0.0714,0.406,none
27b,degraded_instruct,damaged_q4,q2_structural_amplifier,boundary,560,0.9018,0.45,0.9141,0.9911,0.0714,0.3286,0.2821,0.0607,0.3372,none
27b,degraded_instruct,damaged_q4,q2_structural_amplifier,coding,560,0.9143,0.5,0.9255,0.9929,0.0571,0.3179,0.2357,0.0482,0.398,none
27b,degraded_instruct,damaged_q4,q2_structural_amplifier,epistemic,560,0.9071,0.5321,0.9311,0.9929,0.0607,0.2946,0.1946,0.0464,0.4371,none
27b,degraded_instruct,damaged_q4,q2_structural_amplifier,forensic,560,0.9179,0.5268,0.93,0.9839,0.0643,0.275,0.2321,0.0375,0.4321,none
27b,degraded_instruct,damaged_q4,q2_structural_amplifier,generalist,560,0.8893,0.4857,0.9225,0.9946,0.0714,0.3125,0.2482,0.0339,0.3802,none
27b,degraded_instruct,damaged_q4,q2_structural_amplifier,math,560,0.9268,0.4982,0.9313,0.9964,0.0518,0.2768,0.3036,0.0446,0.4008,none
27b,degraded_instruct,damaged_q4,q2_structural_amplifier,planning,560,0.9089,0.5661,0.9275,0.9804,0.0607,0.2607,0.2107,0.0482,0.4764,none
27b,degraded_instruct,damaged_q4,q2_structural_amplifier,rhetoric,560,0.9,0.5214,0.926,0.9857,0.0679,0.3036,0.2357,0.0464,0.4192,none
27b,degraded_instruct,damaged_q4,q2_structural_amplifier,spatial,560,0.9107,0.5446,0.932,0.9911,0.0643,0.2554,0.2196,0.0464,0.4544,none
27b,degraded_instruct,damaged_q4,routed_tri_structural_60,adversarial,560,0.9268,0.7464,0.9556,0.9893,0.0589,0.0482,0.1643,0.0607,0.7029,none
27b,degraded_instruct,damaged_q4,routed_tri_structural_60,boundary,560,0.925,0.7232,0.9545,0.9929,0.0625,0.0482,0.1893,0.0536,0.677,none
27b,degraded_instruct,damaged_q4,routed_tri_structural_60,coding,560,0.9089,0.7518,0.9526,0.9857,0.0589,0.0429,0.1679,0.0661,0.7088,none
27b,degraded_instruct,damaged_q4,routed_tri_structural_60,epistemic,560,0.9125,0.7357,0.9541,0.9911,0.0607,0.0339,0.1911,0.0482,0.693,none
27b,degraded_instruct,damaged_q4,routed_tri_structural_60,forensic,560,0.9304,0.7446,0.958,0.9893,0.05,0.0536,0.175,0.0554,0.7022,none
27b,degraded_instruct,damaged_q4,routed_tri_structural_60,generalist,560,0.925,0.7339,0.9608,0.9929,0.0554,0.0554,0.1839,0.0304,0.69,none
27b,degraded_instruct,damaged_q4,routed_tri_structural_60,math,560,0.9357,0.7,0.9558,0.9929,0.0518,0.0464,0.25,0.0482,0.6528,none
27b,degraded_instruct,damaged_q4,routed_tri_structural_60,planning,560,0.9375,0.7696,0.9622,0.9946,0.0464,0.0554,0.1571,0.05,0.7296,none
27b,degraded_instruct,damaged_q4,routed_tri_structural_60,rhetoric,560,0.9571,0.7446,0.9661,0.9946,0.0321,0.0589,0.1946,0.0464,0.7053,none
27b,degraded_instruct,damaged_q4,routed_tri_structural_60,spatial,560,0.9214,0.7339,0.9593,0.9875,0.0696,0.0696,0.1589,0.025,0.6851,none
27b,degraded_instruct,damaged_q4,routed_tri_structural_65,adversarial,560,0.9393,0.7643,0.9627,0.9929,0.0375,0.0607,0.1518,0.0661,0.7254,none
27b,degraded_instruct,damaged_q4,routed_tri_structural_65,boundary,560,0.9375,0.7339,0.9607,0.9911,0.05,0.0607,0.1821,0.0446,0.69,none
27b,degraded_instruct,damaged_q4,routed_tri_structural_65,coding,560,0.9214,0.725,0.9582,0.9946,0.0643,0.0589,0.1643,0.0411,0.6787,none
27b,degraded_instruct,damaged_q4,routed_tri_structural_65,epistemic,560,0.9429,0.7446,0.9631,0.9911,0.0393,0.0339,0.2,0.0393,0.7081,none
27b,degraded_instruct,damaged_q4,routed_tri_structural_65,forensic,560,0.9214,0.7339,0.9571,0.9893,0.0589,0.0536,0.1821,0.0429,0.6888,none
27b,degraded_instruct,damaged_q4,routed_tri_structural_65,generalist,560,0.9089,0.7232,0.9527,0.9875,0.0696,0.0661,0.1768,0.0429,0.6728,none
27b,degraded_instruct,damaged_q4,routed_tri_structural_65,math,560,0.9268,0.7107,0.9514,0.9768,0.0518,0.0429,0.2321,0.0589,0.6651,none
27b,degraded_instruct,damaged_q4,routed_tri_structural_65,planning,560,0.9393,0.7625,0.9615,0.9964,0.0446,0.0375,0.1679,0.0536,0.7255,none
27b,degraded_instruct,damaged_q4,routed_tri_structural_65,rhetoric,560,0.9143,0.7125,0.9516,0.9857,0.0607,0.0411,0.2125,0.0589,0.6661,none
27b,degraded_instruct,damaged_q4,routed_tri_structural_65,spatial,560,0.9304,0.7839,0.9604,0.9946,0.0571,0.0482,0.1321,0.0571,0.7437,none
27b,degraded_instruct,damaged_q4,stability_first_tri_70,adversarial,560,0.9143,0.7304,0.9547,0.9804,0.0589,0.0393,0.1786,0.0518,0.6879,none
27b,degraded_instruct,damaged_q4,stability_first_tri_70,boundary,560,0.9393,0.7375,0.9585,0.9893,0.0446,0.0571,0.2018,0.0518,0.6939,none
27b,degraded_instruct,damaged_q4,stability_first_tri_70,coding,560,0.9446,0.7661,0.9648,0.9929,0.05,0.0554,0.1482,0.0339,0.7264,none
27b,degraded_instruct,damaged_q4,stability_first_tri_70,epistemic,560,0.9107,0.7286,0.9557,0.9911,0.0696,0.0375,0.1875,0.0286,0.6837,none
27b,degraded_instruct,damaged_q4,stability_first_tri_70,forensic,560,0.9125,0.7268,0.95,0.9911,0.0643,0.0339,0.2089,0.0625,0.6809,none
27b,degraded_instruct,damaged_q4,stability_first_tri_70,generalist,560,0.9339,0.7446,0.9632,0.9982,0.0357,0.0357,0.1946,0.05,0.7087,none
27b,degraded_instruct,damaged_q4,stability_first_tri_70,math,560,0.9446,0.7143,0.9619,0.9911,0.0357,0.0518,0.2232,0.05,0.6729,none
27b,degraded_instruct,damaged_q4,stability_first_tri_70,planning,560,0.9286,0.7518,0.9574,0.9911,0.0571,0.0482,0.1554,0.0554,0.7098,none
27b,degraded_instruct,damaged_q4,stability_first_tri_70,rhetoric,560,0.9286,0.7321,0.9563,0.9821,0.0571,0.0464,0.1857,0.0446,0.6886,none
27b,degraded_instruct,damaged_q4,stability_first_tri_70,spatial,560,0.9304,0.7679,0.959,0.9946,0.05,0.0518,0.1482,0.0643,0.7274,none
27b,degraded_instruct,healthy_q6,cognitive_structural_25_75,adversarial,560,0.9357,0.7946,0.9624,0.9893,0.0518,0.0304,0.1375,0.05,0.7595,none
27b,degraded_instruct,healthy_q6,cognitive_structural_25_75,boundary,560,0.9429,0.7821,0.9638,0.9893,0.0393,0.0304,0.1625,0.0482,0.7489,none
27b,degraded_instruct,healthy_q6,cognitive_structural_25_75,coding,560,0.9536,0.8107,0.9682,0.9946,0.0411,0.0179,0.1393,0.0411,0.7816,none
27b,degraded_instruct,healthy_q6,cognitive_structural_25_75,epistemic,560,0.9482,0.775,0.9664,0.9964,0.0393,0.0161,0.1929,0.0321,0.743,none
27b,degraded_instruct,healthy_q6,cognitive_structural_25_75,forensic,560,0.9464,0.7875,0.9615,0.9857,0.0375,0.0268,0.1679,0.0536,0.7548,none
27b,degraded_instruct,healthy_q6,cognitive_structural_25_75,generalist,560,0.9411,0.8125,0.9678,0.9839,0.0375,0.0357,0.1143,0.0375,0.7831,none
27b,degraded_instruct,healthy_q6,cognitive_structural_25_75,math,560,0.9625,0.7732,0.9661,0.9946,0.025,0.0143,0.1929,0.0625,0.7443,none
27b,degraded_instruct,healthy_q6,cognitive_structural_25_75,planning,560,0.9643,0.8429,0.9689,0.9821,0.0232,0.0196,0.1179,0.0536,0.8199,none
27b,degraded_instruct,healthy_q6,cognitive_structural_25_75,rhetoric,560,0.9429,0.7982,0.9665,0.9929,0.0321,0.0125,0.1607,0.0518,0.7706,none
27b,degraded_instruct,healthy_q6,cognitive_structural_25_75,spatial,560,0.9393,0.8179,0.9618,0.9786,0.0429,0.0196,0.1161,0.0571,0.7889,none
27b,degraded_instruct,healthy_q6,cyber_structural_25_75,adversarial,560,0.9339,0.7804,0.9599,0.9893,0.0464,0.0339,0.1393,0.0732,0.7448,none
27b,degraded_instruct,healthy_q6,cyber_structural_25_75,boundary,560,0.9536,0.7839,0.9615,0.9839,0.0375,0.0536,0.1429,0.0679,0.7471,none
27b,degraded_instruct,healthy_q6,cyber_structural_25_75,coding,560,0.9607,0.825,0.9676,0.9821,0.0214,0.0286,0.1304,0.0625,0.7993,none
27b,degraded_instruct,healthy_q6,cyber_structural_25_75,epistemic,560,0.9518,0.8161,0.9684,0.9839,0.0357,0.0179,0.1393,0.0304,0.7891,none
27b,degraded_instruct,healthy_q6,cyber_structural_25_75,forensic,560,0.9411,0.7946,0.9628,0.9875,0.0482,0.0268,0.1482,0.0411,0.7609,none
27b,degraded_instruct,healthy_q6,cyber_structural_25_75,generalist,560,0.9411,0.7911,0.965,0.9875,0.0339,0.0375,0.1339,0.0536,0.76,none
27b,degraded_instruct,healthy_q6,cyber_structural_25_75,math,560,0.9518,0.7696,0.9639,0.9875,0.0304,0.0375,0.1857,0.0554,0.7354,none
27b,degraded_instruct,healthy_q6,cyber_structural_25_75,planning,560,0.9554,0.8321,0.9682,0.9911,0.0339,0.0357,0.1054,0.0536,0.8037,none
27b,degraded_instruct,healthy_q6,cyber_structural_25_75,rhetoric,560,0.9411,0.7643,0.9609,0.9821,0.0411,0.0286,0.1732,0.05,0.7299,none
27b,degraded_instruct,healthy_q6,cyber_structural_25_75,spatial,560,0.9393,0.7768,0.961,0.9911,0.0482,0.0411,0.1482,0.0554,0.7395,none
27b,degraded_instruct,healthy_q6,q2_structural_amplifier,adversarial,560,0.9071,0.5161,0.9259,0.9964,0.0679,0.3107,0.2,0.0518,0.415,none
27b,degraded_instruct,healthy_q6,q2_structural_amplifier,boundary,560,0.9268,0.5357,0.9314,0.9911,0.0482,0.3161,0.1946,0.0429,0.4403,none
27b,degraded_instruct,healthy_q6,q2_structural_amplifier,coding,560,0.9375,0.5518,0.9353,0.9839,0.0411,0.3179,0.1679,0.0357,0.4607,none
27b,degraded_instruct,healthy_q6,q2_structural_amplifier,epistemic,560,0.9304,0.5625,0.942,0.9911,0.0357,0.2554,0.1946,0.0464,0.4828,none
27b,degraded_instruct,healthy_q6,q2_structural_amplifier,forensic,560,0.9179,0.575,0.9352,0.9875,0.0482,0.2946,0.1589,0.0607,0.4859,none
27b,degraded_instruct,healthy_q6,q2_structural_amplifier,generalist,560,0.9214,0.5321,0.931,0.9839,0.0464,0.3161,0.1893,0.0339,0.4382,none
27b,degraded_instruct,healthy_q6,q2_structural_amplifier,math,560,0.9179,0.525,0.9319,0.9964,0.0571,0.2696,0.2696,0.0482,0.4299,none
27b,degraded_instruct,healthy_q6,q2_structural_amplifier,planning,560,0.9286,0.5839,0.9377,0.9893,0.0482,0.2929,0.1107,0.05,0.4995,none
27b,degraded_instruct,healthy_q6,q2_structural_amplifier,rhetoric,560,0.9304,0.5304,0.9364,0.9857,0.0536,0.3125,0.1875,0.0304,0.4353,none
27b,degraded_instruct,healthy_q6,q2_structural_amplifier,spatial,560,0.9089,0.5946,0.9356,0.9857,0.0571,0.2786,0.1446,0.0482,0.5078,none
27b,degraded_instruct,healthy_q6,routed_tri_structural_60,adversarial,560,0.9393,0.7982,0.964,0.9911,0.0411,0.0375,0.1286,0.0643,0.7649,none
27b,degraded_instruct,healthy_q6,routed_tri_structural_60,boundary,560,0.95,0.7911,0.9674,0.9964,0.0375,0.0536,0.1304,0.0554,0.7559,none
27b,degraded_instruct,healthy_q6,routed_tri_structural_60,coding,560,0.9554,0.8143,0.9712,0.9982,0.0286,0.0429,0.1143,0.0536,0.7853,none
27b,degraded_instruct,healthy_q6,routed_tri_structural_60,epistemic,560,0.9518,0.7786,0.9688,0.9893,0.0232,0.0411,0.1625,0.0482,0.748,none
27b,degraded_instruct,healthy_q6,routed_tri_structural_60,forensic,560,0.9446,0.7893,0.9658,0.9911,0.0464,0.0482,0.1321,0.0429,0.753,none
27b,degraded_instruct,healthy_q6,routed_tri_structural_60,generalist,560,0.9411,0.7607,0.9639,0.9839,0.0357,0.0589,0.1482,0.0464,0.724,none
27b,degraded_instruct,healthy_q6,routed_tri_structural_60,math,560,0.9464,0.7482,0.9649,0.9946,0.0375,0.0571,0.1804,0.0464,0.7088,none
27b,degraded_instruct,healthy_q6,routed_tri_structural_60,planning,560,0.9714,0.7911,0.9734,0.9911,0.0214,0.0554,0.1482,0.0286,0.7603,none
27b,degraded_instruct,healthy_q6,routed_tri_structural_60,rhetoric,560,0.9571,0.775,0.967,0.9821,0.0304,0.0464,0.1679,0.0411,0.7411,none
27b,degraded_instruct,healthy_q6,routed_tri_structural_60,spatial,560,0.9554,0.7982,0.9695,0.9964,0.0304,0.0554,0.1214,0.0554,0.7656,none
27b,degraded_instruct,healthy_q6,routed_tri_structural_65,adversarial,560,0.9357,0.7911,0.9605,0.9875,0.0536,0.0411,0.1304,0.0571,0.7535,none
27b,degraded_instruct,healthy_q6,routed_tri_structural_65,boundary,560,0.95,0.7768,0.9661,0.9893,0.0357,0.0643,0.1446,0.05,0.7391,none
27b,degraded_instruct,healthy_q6,routed_tri_structural_65,coding,560,0.9446,0.7714,0.9641,0.9875,0.0357,0.0643,0.1339,0.0571,0.7343,none
27b,degraded_instruct,healthy_q6,routed_tri_structural_65,epistemic,560,0.9464,0.7679,0.9679,0.9946,0.0393,0.0464,0.1625,0.0304,0.7323,none
27b,degraded_instruct,healthy_q6,routed_tri_structural_65,forensic,560,0.9625,0.7929,0.9704,0.9857,0.0339,0.0625,0.1232,0.0357,0.7585,none
27b,degraded_instruct,healthy_q6,routed_tri_structural_65,generalist,560,0.9571,0.7804,0.9731,0.9911,0.0286,0.0714,0.1321,0.0268,0.7456,none
27b,degraded_instruct,healthy_q6,routed_tri_structural_65,math,560,0.9518,0.7679,0.9654,0.9839,0.0196,0.0357,0.1946,0.0589,0.7363,none
27b,degraded_instruct,healthy_q6,routed_tri_structural_65,planning,560,0.9536,0.8286,0.9718,0.9946,0.0339,0.0339,0.1071,0.0411,0.801,none
27b,degraded_instruct,healthy_q6,routed_tri_structural_65,rhetoric,560,0.9518,0.7768,0.9677,0.9911,0.0304,0.05,0.1589,0.0482,0.7426,none
27b,degraded_instruct,healthy_q6,routed_tri_structural_65,spatial,560,0.9411,0.7661,0.963,0.9911,0.0464,0.0625,0.1304,0.0536,0.7265,none
27b,degraded_instruct,healthy_q6,stability_first_tri_70,adversarial,560,0.9464,0.8071,0.9632,0.9839,0.0357,0.0429,0.125,0.0714,0.7743,none
27b,degraded_instruct,healthy_q6,stability_first_tri_70,boundary,560,0.9554,0.7964,0.9649,0.9893,0.0357,0.0464,0.1321,0.0643,0.7626,none
27b,degraded_instruct,healthy_q6,stability_first_tri_70,coding,560,0.9518,0.8054,0.9659,0.9839,0.0304,0.0357,0.1393,0.0554,0.7752,none
27b,degraded_instruct,healthy_q6,stability_first_tri_70,epistemic,560,0.9429,0.8054,0.9704,0.9964,0.0304,0.0339,0.1232,0.0446,0.7774,none
27b,degraded_instruct,healthy_q6,stability_first_tri_70,forensic,560,0.9554,0.8036,0.9676,0.9839,0.0304,0.0464,0.1304,0.05,0.7723,none
27b,degraded_instruct,healthy_q6,stability_first_tri_70,generalist,560,0.9321,0.7893,0.9648,0.9857,0.0321,0.0518,0.1286,0.0536,0.7563,none
27b,degraded_instruct,healthy_q6,stability_first_tri_70,math,560,0.9446,0.7589,0.9644,0.9946,0.0357,0.0393,0.1929,0.05,0.7224,none
27b,degraded_instruct,healthy_q6,stability_first_tri_70,planning,560,0.9571,0.7946,0.9672,0.9929,0.0375,0.0464,0.1339,0.0464,0.7611,none
27b,degraded_instruct,healthy_q6,stability_first_tri_70,rhetoric,560,0.9429,0.7839,0.9619,0.9875,0.0464,0.0375,0.1482,0.0536,0.748,none
27b,degraded_instruct,healthy_q6,stability_first_tri_70,spatial,560,0.95,0.7786,0.9691,0.9911,0.0375,0.0571,0.1304,0.0375,0.7436,none
27b,degraded_instruct,healthy_q8,cognitive_structural_25_75,adversarial,560,0.9661,0.8464,0.9759,0.9964,0.025,0.0286,0.1036,0.0411,0.8229,none
27b,degraded_instruct,healthy_q8,cognitive_structural_25_75,boundary,560,0.9589,0.8286,0.9694,0.9893,0.0286,0.0339,0.1089,0.0589,0.8016,none
27b,degraded_instruct,healthy_q8,cognitive_structural_25_75,coding,560,0.975,0.8536,0.9774,0.9946,0.0107,0.0268,0.1107,0.0482,0.8337,none
27b,degraded_instruct,healthy_q8,cognitive_structural_25_75,epistemic,560,0.9482,0.8321,0.9709,0.9875,0.0321,0.0107,0.1161,0.0357,0.8093,none
27b,degraded_instruct,healthy_q8,cognitive_structural_25_75,forensic,560,0.9589,0.8464,0.9676,0.9768,0.025,0.0232,0.1071,0.0571,0.8229,none
27b,degraded_instruct,healthy_q8,cognitive_structural_25_75,generalist,560,0.9643,0.8464,0.9764,0.9821,0.0179,0.0375,0.0964,0.0286,0.8244,none
27b,degraded_instruct,healthy_q8,cognitive_structural_25_75,math,560,0.9732,0.8268,0.9732,0.9911,0.0196,0.0214,0.1429,0.0482,0.8028,none
27b,degraded_instruct,healthy_q8,cognitive_structural_25_75,planning,560,0.9714,0.8518,0.97,0.9821,0.025,0.0232,0.1196,0.0482,0.8277,none
27b,degraded_instruct,healthy_q8,cognitive_structural_25_75,rhetoric,560,0.9589,0.8143,0.9686,0.9911,0.0286,0.0089,0.1536,0.0518,0.7891,none
27b,degraded_instruct,healthy_q8,cognitive_structural_25_75,spatial,560,0.9625,0.8446,0.974,0.9911,0.0268,0.0232,0.1,0.0393,0.822,none
27b,degraded_instruct,healthy_q8,cyber_structural_25_75,adversarial,560,0.9714,0.8446,0.975,0.9857,0.0125,0.0429,0.0964,0.0571,0.8217,none
27b,degraded_instruct,healthy_q8,cyber_structural_25_75,boundary,560,0.9429,0.8,0.9652,0.9839,0.0446,0.0554,0.1125,0.0446,0.7643,none
27b,degraded_instruct,healthy_q8,cyber_structural_25_75,coding,560,0.9643,0.8214,0.9746,0.9929,0.0196,0.0446,0.1054,0.0464,0.7959,none
27b,degraded_instruct,healthy_q8,cyber_structural_25_75,epistemic,560,0.95,0.8268,0.9693,0.9839,0.025,0.025,0.1143,0.0518,0.8026,none
27b,degraded_instruct,healthy_q8,cyber_structural_25_75,forensic,560,0.9554,0.8196,0.9724,0.9911,0.0304,0.0643,0.1107,0.0429,0.7867,none
27b,degraded_instruct,healthy_q8,cyber_structural_25_75,generalist,560,0.9607,0.8482,0.9757,0.9875,0.0143,0.0446,0.0839,0.0464,0.826,none
27b,degraded_instruct,healthy_q8,cyber_structural_25_75,math,560,0.9518,0.7839,0.9656,0.9893,0.0357,0.0375,0.1518,0.0554,0.7508,none
27b,degraded_instruct,healthy_q8,cyber_structural_25_75,planning,560,0.9696,0.85,0.978,0.9946,0.0196,0.0286,0.1054,0.0286,0.8285,none
27b,degraded_instruct,healthy_q8,cyber_structural_25_75,rhetoric,560,0.9536,0.8089,0.9657,0.9875,0.0304,0.0268,0.1339,0.0625,0.7806,none
27b,degraded_instruct,healthy_q8,cyber_structural_25_75,spatial,560,0.9607,0.8625,0.976,0.9893,0.0286,0.0375,0.0821,0.0375,0.838,none
27b,degraded_instruct,healthy_q8,q2_structural_amplifier,adversarial,560,0.9446,0.5571,0.9369,0.9875,0.0339,0.3357,0.1518,0.0464,0.4654,none
27b,degraded_instruct,healthy_q8,q2_structural_amplifier,boundary,560,0.9196,0.5018,0.929,0.9911,0.0482,0.3304,0.2089,0.0446,0.4023,none
27b,degraded_instruct,healthy_q8,q2_structural_amplifier,coding,560,0.9125,0.5571,0.9302,0.9911,0.0536,0.2946,0.1732,0.0625,0.4652,none
27b,degraded_instruct,healthy_q8,q2_structural_amplifier,epistemic,560,0.9321,0.5714,0.9426,0.9893,0.0429,0.2518,0.2071,0.0304,0.4901,none
27b,degraded_instruct,healthy_q8,q2_structural_amplifier,forensic,560,0.9393,0.5643,0.9425,0.9893,0.0339,0.3,0.1696,0.0393,0.4786,none
27b,degraded_instruct,healthy_q8,q2_structural_amplifier,generalist,560,0.9304,0.5357,0.938,0.9964,0.0393,0.2964,0.175,0.0429,0.4485,none
27b,degraded_instruct,healthy_q8,q2_structural_amplifier,math,560,0.9304,0.5875,0.9407,0.9875,0.0518,0.2518,0.1804,0.0446,0.5049,none
27b,degraded_instruct,healthy_q8,q2_structural_amplifier,planning,560,0.9107,0.6161,0.9351,0.9839,0.0625,0.2625,0.1286,0.0375,0.5327,none
27b,degraded_instruct,healthy_q8,q2_structural_amplifier,rhetoric,560,0.9089,0.5589,0.9363,0.9946,0.0518,0.2464,0.1964,0.0625,0.4753,none
27b,degraded_instruct,healthy_q8,q2_structural_amplifier,spatial,560,0.925,0.5429,0.9365,0.9911,0.0518,0.3268,0.1268,0.0518,0.4492,none
27b,degraded_instruct,healthy_q8,routed_tri_structural_60,adversarial,560,0.95,0.8071,0.9657,0.9893,0.0357,0.0589,0.0929,0.0732,0.7736,none
27b,degraded_instruct,healthy_q8,routed_tri_structural_60,boundary,560,0.9625,0.8125,0.9731,0.9929,0.0286,0.0482,0.125,0.0375,0.7824,none
27b,degraded_instruct,healthy_q8,routed_tri_structural_60,coding,560,0.9446,0.7964,0.9666,0.9893,0.0446,0.0518,0.1071,0.0464,0.7618,none
27b,degraded_instruct,healthy_q8,routed_tri_structural_60,epistemic,560,0.9446,0.8036,0.9695,0.9946,0.025,0.0357,0.1321,0.0518,0.7758,none
27b,degraded_instruct,healthy_q8,routed_tri_structural_60,forensic,560,0.9554,0.7857,0.9685,0.9964,0.0321,0.0661,0.125,0.0554,0.7501,none
27b,degraded_instruct,healthy_q8,routed_tri_structural_60,generalist,560,0.9518,0.7732,0.9699,0.9875,0.0339,0.0732,0.125,0.0321,0.7368,none
27b,degraded_instruct,healthy_q8,routed_tri_structural_60,math,560,0.9482,0.7411,0.9666,0.9929,0.025,0.0464,0.1911,0.0536,0.7063,none
27b,degraded_instruct,healthy_q8,routed_tri_structural_60,planning,560,0.975,0.8375,0.9774,0.9946,0.0179,0.0554,0.0946,0.0429,0.8114,none
27b,degraded_instruct,healthy_q8,routed_tri_structural_60,rhetoric,560,0.95,0.7875,0.968,0.9946,0.0339,0.0429,0.1375,0.05,0.7552,none
27b,degraded_instruct,healthy_q8,routed_tri_structural_60,spatial,560,0.9625,0.8393,0.9735,0.9857,0.0232,0.05,0.0911,0.0464,0.8127,none
27b,degraded_instruct,healthy_q8,routed_tri_structural_65,adversarial,560,0.9554,0.8268,0.9717,0.9911,0.0321,0.0393,0.1036,0.0464,0.7987,none
27b,degraded_instruct,healthy_q8,routed_tri_structural_65,boundary,560,0.9357,0.7768,0.9602,0.9786,0.0446,0.0518,0.125,0.0625,0.7399,none
27b,degraded_instruct,healthy_q8,routed_tri_structural_65,coding,560,0.9571,0.8054,0.971,0.9929,0.0214,0.0589,0.1071,0.0589,0.7756,none
27b,degraded_instruct,healthy_q8,routed_tri_structural_65,epistemic,560,0.9554,0.8089,0.9727,0.9982,0.025,0.0304,0.1375,0.0393,0.7824,none
27b,degraded_instruct,healthy_q8,routed_tri_structural_65,forensic,560,0.9679,0.8232,0.9717,0.9893,0.0143,0.0554,0.1125,0.0625,0.7957,none
27b,degraded_instruct,healthy_q8,routed_tri_structural_65,generalist,560,0.9625,0.8107,0.9725,0.9893,0.0196,0.0571,0.1071,0.0482,0.7824,none
27b,degraded_instruct,healthy_q8,routed_tri_structural_65,math,560,0.9714,0.7857,0.9702,0.9875,0.0161,0.0393,0.1839,0.0482,0.7559,none
27b,degraded_instruct,healthy_q8,routed_tri_structural_65,planning,560,0.9696,0.8357,0.9741,0.9821,0.0214,0.0464,0.1143,0.0339,0.8092,none
27b,degraded_instruct,healthy_q8,routed_tri_structural_65,rhetoric,560,0.9696,0.7786,0.9727,0.9964,0.0161,0.0482,0.1589,0.05,0.7489,none
27b,degraded_instruct,healthy_q8,routed_tri_structural_65,spatial,560,0.9554,0.8089,0.9663,0.9893,0.0321,0.0554,0.1107,0.0625,0.7762,none
27b,degraded_instruct,healthy_q8,stability_first_tri_70,adversarial,560,0.9571,0.8036,0.9684,0.9911,0.0339,0.0625,0.1036,0.0643,0.7694,none
27b,degraded_instruct,healthy_q8,stability_first_tri_70,boundary,560,0.9393,0.7768,0.9634,0.9929,0.0411,0.0732,0.1232,0.0625,0.7368,none
27b,degraded_instruct,healthy_q8,stability_first_tri_70,coding,560,0.9429,0.7929,0.9675,0.9875,0.0268,0.0554,0.1375,0.0536,0.7601,none
27b,degraded_instruct,healthy_q8,stability_first_tri_70,epistemic,560,0.9411,0.7893,0.9687,0.9929,0.0375,0.0429,0.1304,0.0375,0.7572,none
27b,degraded_instruct,healthy_q8,stability_first_tri_70,forensic,560,0.9482,0.7982,0.9672,0.9857,0.0321,0.0482,0.1286,0.05,0.7661,none
27b,degraded_instruct,healthy_q8,stability_first_tri_70,generalist,560,0.9518,0.7821,0.9713,0.9911,0.0268,0.0768,0.1268,0.0375,0.7467,none
27b,degraded_instruct,healthy_q8,stability_first_tri_70,math,560,0.9571,0.7857,0.9681,0.9857,0.0286,0.0375,0.1554,0.0482,0.7548,none
27b,degraded_instruct,healthy_q8,stability_first_tri_70,planning,560,0.9571,0.8286,0.9712,0.9946,0.0339,0.0464,0.0964,0.0482,0.799,none
27b,degraded_instruct,healthy_q8,stability_first_tri_70,rhetoric,560,0.9643,0.8125,0.9725,0.9946,0.025,0.0464,0.1304,0.0464,0.783,none
27b,degraded_instruct,healthy_q8,stability_first_tri_70,spatial,560,0.9625,0.8321,0.9728,0.9839,0.0321,0.0411,0.0982,0.0339,0.8047,none
27b,instruct,collapsed_q2_edge,cognitive_structural_25_75,adversarial,560,0.2714,0.2018,0.5502,0.8321,0.2768,0.0268,0.4339,1.7268,-0.0077,cascade
27b,instruct,collapsed_q2_edge,cognitive_structural_25_75,boundary,560,0.2821,0.1911,0.5503,0.7893,0.2518,0.0196,0.4946,1.6089,-0.0084,cascade
27b,instruct,collapsed_q2_edge,cognitive_structural_25_75,coding,560,0.2125,0.1696,0.5085,0.6821,0.2375,0.0286,0.3732,1.6911,-0.0217,cascade
27b,instruct,collapsed_q2_edge,cognitive_structural_25_75,epistemic,560,0.2429,0.1946,0.5449,0.7536,0.2304,0.0054,0.4304,1.3821,0.0209,cascade
27b,instruct,collapsed_q2_edge,cognitive_structural_25_75,forensic,560,0.2393,0.1821,0.5114,0.8,0.2339,0.0107,0.4196,1.7482,-0.0112,primitive_gap
27b,instruct,collapsed_q2_edge,cognitive_structural_25_75,generalist,560,0.2036,0.1607,0.5036,0.7107,0.2482,0.0214,0.4518,1.5964,-0.034,cascade
27b,instruct,collapsed_q2_edge,cognitive_structural_25_75,math,560,0.2554,0.2089,0.518,0.6786,0.2214,0.0107,0.4304,1.8071,0.0156,classification_miss
27b,instruct,collapsed_q2_edge,cognitive_structural_25_75,planning,560,0.3107,0.2625,0.5418,0.7036,0.2321,0.0321,0.3411,1.5268,0.0828,none
27b,instruct,collapsed_q2_edge,cognitive_structural_25_75,rhetoric,560,0.2018,0.1625,0.485,0.6839,0.25,0.0143,0.4536,1.8018,-0.0417,cascade
27b,instruct,collapsed_q2_edge,cognitive_structural_25_75,spatial,560,0.275,0.2304,0.5191,0.6911,0.2321,0.0143,0.3518,1.625,0.0485,cascade
27b,instruct,collapsed_q2_edge,cyber_structural_25_75,adversarial,560,0.3804,0.2607,0.6578,0.925,0.2375,0.0411,0.4554,1.2518,0.0822,none
27b,instruct,collapsed_q2_edge,cyber_structural_25_75,boundary,560,0.4964,0.35,0.6913,0.9196,0.2268,0.0339,0.4411,1.0589,0.1869,none
27b,instruct,collapsed_q2_edge,cyber_structural_25_75,coding,560,0.2429,0.1911,0.5125,0.6821,0.2446,0.0321,0.3696,1.6375,-0.0002,cascade
27b,instruct,collapsed_q2_edge,cyber_structural_25_75,epistemic,560,0.2,0.1482,0.4821,0.6357,0.2536,0.0161,0.4554,1.4946,-0.0422,cascade
27b,instruct,collapsed_q2_edge,cyber_structural_25_75,forensic,560,0.3375,0.2464,0.589,0.8946,0.2321,0.025,0.4018,1.4482,0.0672,primitive_gap
27b,instruct,collapsed_q2_edge,cyber_structural_25_75,generalist,560,0.1786,0.1411,0.4938,0.6036,0.2179,0.0357,0.3821,1.55,-0.0395,classification_miss
27b,instruct,collapsed_q2_edge,cyber_structural_25_75,math,560,0.2143,0.1571,0.4863,0.6357,0.2036,0.0125,0.4,1.9411,-0.0355,classification_miss
27b,instruct,collapsed_q2_edge,cyber_structural_25_75,planning,560,0.2804,0.2196,0.5311,0.6786,0.2339,0.025,0.3357,1.5661,0.0393,cascade
27b,instruct,collapsed_q2_edge,cyber_structural_25_75,rhetoric,560,0.1875,0.15,0.4773,0.6661,0.2536,0.0125,0.3893,1.825,-0.051,cascade
27b,instruct,collapsed_q2_edge,cyber_structural_25_75,spatial,560,0.2393,0.1857,0.498,0.6625,0.2446,0.0464,0.3196,1.7036,-0.0077,cascade
27b,instruct,collapsed_q2_edge,q2_structural_amplifier,adversarial,560,0.8,0.3554,0.878,0.9893,0.1643,0.3054,0.4661,0.0446,0.2055,none
27b,instruct,collapsed_q2_edge,q2_structural_amplifier,boundary,560,0.8214,0.3679,0.8838,0.9875,0.1304,0.3107,0.5,0.05,0.2241,none
27b,instruct,collapsed_q2_edge,q2_structural_amplifier,coding,560,0.6679,0.3393,0.8042,0.7857,0.1482,0.2964,0.3839,0.25,0.1923,none
27b,instruct,collapsed_q2_edge,q2_structural_amplifier,epistemic,560,0.6786,0.3571,0.8039,0.8107,0.1625,0.2536,0.4482,0.2357,0.21,none
27b,instruct,collapsed_q2_edge,q2_structural_amplifier,forensic,560,0.7232,0.3696,0.8406,0.9857,0.1607,0.2696,0.4982,0.2679,0.2142,none
27b,instruct,collapsed_q2_edge,q2_structural_amplifier,generalist,560,0.65,0.3786,0.7908,0.7893,0.1393,0.2946,0.3589,0.3232,0.233,none
27b,instruct,collapsed_q2_edge,q2_structural_amplifier,math,560,0.5732,0.2857,0.7449,0.7214,0.1286,0.3179,0.4821,0.5571,0.1171,none
27b,instruct,collapsed_q2_edge,q2_structural_amplifier,planning,560,0.6714,0.3643,0.8131,0.8179,0.175,0.2411,0.3589,0.2286,0.2234,none
27b,instruct,collapsed_q2_edge,q2_structural_amplifier,rhetoric,560,0.5464,0.3018,0.7398,0.7375,0.1589,0.2375,0.5232,0.5143,0.139,none
27b,instruct,collapsed_q2_edge,q2_structural_amplifier,spatial,560,0.6518,0.375,0.7932,0.7732,0.1411,0.2589,0.3411,0.3518,0.236,none
27b,instruct,collapsed_q2_edge,routed_tri_structural_60,adversarial,560,0.4518,0.3018,0.686,0.9286,0.2214,0.0625,0.4518,1.1411,0.1297,none
27b,instruct,collapsed_q2_edge,routed_tri_structural_60,boundary,560,0.5054,0.3357,0.7061,0.9179,0.1964,0.0625,0.4643,1.0071,0.1768,none
27b,instruct,collapsed_q2_edge,routed_tri_structural_60,coding,560,0.3268,0.2482,0.5984,0.7625,0.1929,0.0607,0.3554,1.3946,0.0801,none
27b,instruct,collapsed_q2_edge,routed_tri_structural_60,epistemic,560,0.3268,0.2375,0.5946,0.7482,0.2125,0.0375,0.4286,1.1554,0.0742,none
27b,instruct,collapsed_q2_edge,routed_tri_structural_60,forensic,560,0.3929,0.3054,0.642,0.8982,0.1857,0.0393,0.3893,1.2893,0.1462,none
27b,instruct,collapsed_q2_edge,routed_tri_structural_60,generalist,560,0.3054,0.2286,0.5803,0.6964,0.2036,0.05,0.4607,1.2304,0.0591,none
27b,instruct,collapsed_q2_edge,routed_tri_structural_60,math,560,0.2857,0.2339,0.5538,0.7018,0.2143,0.0375,0.4357,1.6125,0.0467,none
27b,instruct,collapsed_q2_edge,routed_tri_structural_60,planning,560,0.3804,0.3054,0.6094,0.7268,0.2125,0.0357,0.3518,1.2321,0.1447,none
27b,instruct,collapsed_q2_edge,routed_tri_structural_60,rhetoric,560,0.2875,0.2196,0.5422,0.6946,0.2107,0.0411,0.4625,1.5839,0.032,none
27b,instruct,collapsed_q2_edge,routed_tri_structural_60,spatial,560,0.325,0.25,0.5577,0.6946,0.2179,0.0518,0.3571,1.4339,0.074,none
27b,instruct,collapsed_q2_edge,routed_tri_structural_65,adversarial,560,0.5071,0.3482,0.7387,0.9464,0.2,0.0429,0.4214,0.9321,0.1993,none
27b,instruct,collapsed_q2_edge,routed_tri_structural_65,boundary,560,0.5232,0.3321,0.7285,0.9304,0.2089,0.0482,0.4821,0.8839,0.1771,none
27b,instruct,collapsed_q2_edge,routed_tri_structural_65,coding,560,0.3554,0.2518,0.6218,0.7554,0.2196,0.0357,0.3625,1.2018,0.0897,none
27b,instruct,collapsed_q2_edge,routed_tri_structural_65,epistemic,560,0.3214,0.2446,0.6182,0.7589,0.2054,0.0411,0.4161,1.0536,0.0889,none
27b,instruct,collapsed_q2_edge,routed_tri_structural_65,forensic,560,0.4,0.2982,0.6394,0.8946,0.1946,0.0304,0.4304,1.2589,0.1364,none
27b,instruct,collapsed_q2_edge,routed_tri_structural_65,generalist,560,0.3107,0.2339,0.5915,0.7107,0.2339,0.05,0.3929,1.1589,0.0644,cascade
27b,instruct,collapsed_q2_edge,routed_tri_structural_65,math,560,0.3125,0.2375,0.5913,0.7339,0.1982,0.05,0.4446,1.45,0.06,none
27b,instruct,collapsed_q2_edge,routed_tri_structural_65,planning,560,0.4214,0.3232,0.6374,0.7214,0.1643,0.0536,0.3732,1.1357,0.1766,none
27b,instruct,collapsed_q2_edge,routed_tri_structural_65,rhetoric,560,0.3071,0.2286,0.5749,0.7357,0.2107,0.0268,0.4321,1.4196,0.0544,none
27b,instruct,collapsed_q2_edge,routed_tri_structural_65,spatial,560,0.3214,0.25,0.5843,0.725,0.2196,0.0286,0.3661,1.3196,0.0831,none
27b,instruct,collapsed_q2_edge,stability_first_tri_70,adversarial,560,0.5804,0.4125,0.7708,0.9321,0.1554,0.0268,0.4054,0.7929,0.2885,none
27b,instruct,collapsed_q2_edge,stability_first_tri_70,boundary,560,0.6036,0.4321,0.7736,0.9446,0.2,0.0393,0.4554,0.6679,0.2945,none
27b,instruct,collapsed_q2_edge,stability_first_tri_70,coding,560,0.4304,0.3339,0.6532,0.7679,0.2161,0.0429,0.3268,1.0696,0.1809,none
27b,instruct,collapsed_q2_edge,stability_first_tri_70,epistemic,560,0.3857,0.2964,0.6569,0.7464,0.175,0.025,0.3839,0.9339,0.1615,none
27b,instruct,collapsed_q2_edge,stability_first_tri_70,forensic,560,0.4214,0.325,0.6703,0.9107,0.1875,0.0375,0.4107,1.1232,0.1722,none
27b,instruct,collapsed_q2_edge,stability_first_tri_70,generalist,560,0.3411,0.2607,0.6218,0.7161,0.2036,0.0375,0.3911,1.0804,0.1068,none
27b,instruct,collapsed_q2_edge,stability_first_tri_70,math,560,0.3643,0.2696,0.6091,0.7446,0.1982,0.0304,0.3982,1.3607,0.1042,none
27b,instruct,collapsed_q2_edge,stability_first_tri_70,planning,560,0.4464,0.3643,0.6718,0.7643,0.175,0.0286,0.3464,1.0054,0.2281,none
27b,instruct,collapsed_q2_edge,stability_first_tri_70,rhetoric,560,0.3679,0.2911,0.6151,0.7429,0.1911,0.0286,0.375,1.2714,0.1345,none
27b,instruct,collapsed_q2_edge,stability_first_tri_70,spatial,560,0.4286,0.3232,0.6465,0.7464,0.1929,0.0321,0.3464,1.0804,0.1772,none
27b,instruct,damaged_q2,cognitive_structural_25_75,adversarial,560,0.6304,0.45,0.8042,0.9536,0.1518,0.0214,0.3982,0.6464,0.336,none
27b,instruct,damaged_q2,cognitive_structural_25_75,boundary,560,0.6554,0.4661,0.7974,0.9304,0.1446,0.0286,0.4143,0.6357,0.352,none
27b,instruct,damaged_q2,cognitive_structural_25_75,coding,560,0.5643,0.4161,0.7383,0.8393,0.1518,0.0304,0.3268,0.7982,0.2984,none
27b,instruct,damaged_q2,cognitive_structural_25_75,epistemic,560,0.5429,0.3982,0.7523,0.8536,0.1321,0.0036,0.3982,0.6696,0.2925,none
27b,instruct,damaged_q2,cognitive_structural_25_75,forensic,560,0.5643,0.4375,0.7499,0.9268,0.1554,0.0232,0.3821,0.8107,0.3151,none
27b,instruct,damaged_q2,cognitive_structural_25_75,generalist,560,0.5214,0.4089,0.7332,0.8321,0.1518,0.0196,0.3554,0.7429,0.2939,none
27b,instruct,damaged_q2,cognitive_structural_25_75,math,560,0.5196,0.3804,0.7328,0.85,0.1161,0.0107,0.3893,0.9429,0.2651,none
27b,instruct,damaged_q2,cognitive_structural_25_75,planning,560,0.5857,0.4482,0.7486,0.8393,0.175,0.0125,0.2893,0.7375,0.3332,none
27b,instruct,damaged_q2,cognitive_structural_25_75,rhetoric,560,0.4679,0.3429,0.6943,0.8107,0.1607,0.0089,0.3679,0.9875,0.2141,none
27b,instruct,damaged_q2,cognitive_structural_25_75,spatial,560,0.5714,0.4357,0.7424,0.8339,0.1196,0.0268,0.3286,0.8179,0.3273,none
27b,instruct,damaged_q2,cyber_structural_25_75,adversarial,560,0.7518,0.5554,0.8749,0.9875,0.1661,0.0321,0.3304,0.2679,0.4593,none
27b,instruct,damaged_q2,cyber_structural_25_75,boundary,560,0.8089,0.5286,0.8884,0.9929,0.1464,0.0464,0.3911,0.2089,0.4336,none
27b,instruct,damaged_q2,cyber_structural_25_75,coding,560,0.5911,0.4554,0.7523,0.8179,0.1393,0.0232,0.3411,0.7232,0.3455,none
27b,instruct,damaged_q2,cyber_structural_25_75,epistemic,560,0.475,0.3714,0.7149,0.7857,0.1661,0.0125,0.35,0.7357,0.2543,none
27b,instruct,damaged_q2,cyber_structural_25_75,forensic,560,0.6536,0.4946,0.7989,0.9804,0.1375,0.0286,0.3357,0.6643,0.3876,none
27b,instruct,damaged_q2,cyber_structural_25_75,generalist,560,0.4482,0.3393,0.6961,0.75,0.1696,0.0357,0.3429,0.8,0.2138,none
27b,instruct,damaged_q2,cyber_structural_25_75,math,560,0.4679,0.3661,0.6965,0.7661,0.1411,0.0268,0.3714,1.0339,0.237,none
27b,instruct,damaged_q2,cyber_structural_25_75,planning,560,0.5839,0.4625,0.7424,0.7857,0.1446,0.0214,0.2964,0.7518,0.3535,none
27b,instruct,damaged_q2,cyber_structural_25_75,rhetoric,560,0.5107,0.3696,0.7031,0.7839,0.1411,0.025,0.4196,0.9071,0.2434,none
27b,instruct,damaged_q2,cyber_structural_25_75,spatial,560,0.5143,0.3875,0.7134,0.7661,0.1446,0.0143,0.3357,0.8357,0.2726,none
27b,instruct,damaged_q2,q2_structural_amplifier,adversarial,560,0.8482,0.4071,0.898,0.9893,0.1089,0.3196,0.3732,0.0589,0.2777,none
27b,instruct,damaged_q2,q2_structural_amplifier,boundary,560,0.8446,0.4089,0.8958,0.9839,0.1071,0.2964,0.4232,0.0589,0.2807,none
27b,instruct,damaged_q2,q2_structural_amplifier,coding,560,0.825,0.4607,0.8914,0.9268,0.1071,0.2696,0.3339,0.0536,0.3453,none
27b,instruct,damaged_q2,q2_structural_amplifier,epistemic,560,0.8,0.4161,0.8825,0.9375,0.1375,0.2411,0.3946,0.0589,0.2921,none
27b,instruct,damaged_q2,q2_structural_amplifier,forensic,560,0.8321,0.4125,0.8924,0.9929,0.1464,0.2857,0.3786,0.0536,0.2785,none
27b,instruct,damaged_q2,q2_structural_amplifier,generalist,560,0.7893,0.4107,0.8766,0.8786,0.0821,0.3089,0.3768,0.0732,0.2905,none
27b,instruct,damaged_q2,q2_structural_amplifier,math,560,0.8089,0.4286,0.8787,0.9018,0.1125,0.2571,0.3679,0.1018,0.3089,none
27b,instruct,damaged_q2,q2_structural_amplifier,planning,560,0.8054,0.4214,0.8791,0.9268,0.1143,0.3054,0.3411,0.0768,0.2949,none
27b,instruct,damaged_q2,q2_structural_amplifier,rhetoric,560,0.8143,0.4321,0.8741,0.8768,0.1143,0.2679,0.3554,0.0893,0.3114,none
27b,instruct,damaged_q2,q2_structural_amplifier,spatial,560,0.8179,0.4482,0.8864,0.8982,0.1071,0.25,0.3411,0.0732,0.3351,none
27b,instruct,damaged_q2,routed_tri_structural_60,adversarial,560,0.8339,0.5571,0.9031,0.9946,0.1179,0.0571,0.3589,0.2018,0.4716,none
27b,instruct,damaged_q2,routed_tri_structural_60,boundary,560,0.7964,0.5,0.8895,0.9893,0.1571,0.0607,0.4214,0.1661,0.3987,none
27b,instruct,damaged_q2,routed_tri_structural_60,coding,560,0.6768,0.5071,0.8069,0.8607,0.1339,0.0571,0.3089,0.5107,0.4053,none
27b,instruct,damaged_q2,routed_tri_structural_60,epistemic,560,0.6339,0.4643,0.8014,0.8643,0.1375,0.0232,0.3464,0.4696,0.3672,none
27b,instruct,damaged_q2,routed_tri_structural_60,forensic,560,0.7143,0.5089,0.8371,0.9893,0.1357,0.0554,0.3286,0.475,0.4071,none
27b,instruct,damaged_q2,routed_tri_structural_60,generalist,560,0.6286,0.4375,0.8062,0.8429,0.1375,0.0429,0.375,0.425,0.3364,none
27b,instruct,damaged_q2,routed_tri_structural_60,math,560,0.6107,0.4161,0.7611,0.8339,0.1714,0.0321,0.3946,0.6893,0.2922,none
27b,instruct,damaged_q2,routed_tri_structural_60,planning,560,0.7089,0.5125,0.8222,0.8571,0.125,0.0393,0.3,0.4482,0.4207,none
27b,instruct,damaged_q2,routed_tri_structural_60,rhetoric,560,0.6107,0.4411,0.7779,0.8554,0.15,0.0375,0.3661,0.6143,0.3286,none
27b,instruct,damaged_q2,routed_tri_structural_60,spatial,560,0.6196,0.4411,0.7826,0.8446,0.1571,0.0411,0.3143,0.5696,0.3321,none
27b,instruct,damaged_q2,routed_tri_structural_65,adversarial,560,0.8411,0.5589,0.9082,0.9893,0.1321,0.0393,0.3554,0.1286,0.4766,none
27b,instruct,damaged_q2,routed_tri_structural_65,boundary,560,0.8607,0.5679,0.9189,0.9929,0.1125,0.0554,0.3875,0.0929,0.4874,none
27b,instruct,damaged_q2,routed_tri_structural_65,coding,560,0.7179,0.4839,0.8402,0.9036,0.1411,0.0446,0.3411,0.3643,0.3872,none
27b,instruct,damaged_q2,routed_tri_structural_65,epistemic,560,0.6893,0.4714,0.8273,0.8821,0.1125,0.0268,0.3786,0.3911,0.3825,none
27b,instruct,damaged_q2,routed_tri_structural_65,forensic,560,0.7804,0.5714,0.8742,0.9946,0.1268,0.0339,0.3286,0.3196,0.4843,none
27b,instruct,damaged_q2,routed_tri_structural_65,generalist,560,0.6786,0.4714,0.8194,0.8518,0.1214,0.0393,0.3821,0.3946,0.3768,none
27b,instruct,damaged_q2,routed_tri_structural_65,math,560,0.6964,0.4821,0.8184,0.8661,0.1071,0.0286,0.4036,0.5179,0.3861,none
27b,instruct,damaged_q2,routed_tri_structural_65,planning,560,0.7589,0.5696,0.8548,0.8839,0.1196,0.0304,0.2821,0.325,0.4889,none
27b,instruct,damaged_q2,routed_tri_structural_65,rhetoric,560,0.6196,0.45,0.7868,0.8232,0.1554,0.0393,0.3375,0.5214,0.3425,none
27b,instruct,damaged_q2,routed_tri_structural_65,spatial,560,0.7018,0.5554,0.8204,0.8518,0.125,0.0429,0.2607,0.4607,0.4654,none
27b,instruct,damaged_q2,stability_first_tri_70,adversarial,560,0.8625,0.5625,0.9243,0.9929,0.1232,0.0375,0.3625,0.0554,0.4863,none
27b,instruct,damaged_q2,stability_first_tri_70,boundary,560,0.8518,0.5732,0.9222,0.9893,0.1143,0.0643,0.3589,0.075,0.4936,none
27b,instruct,damaged_q2,stability_first_tri_70,coding,560,0.7821,0.5893,0.8738,0.8839,0.1161,0.0429,0.275,0.2357,0.5121,none
27b,instruct,damaged_q2,stability_first_tri_70,epistemic,560,0.7411,0.5143,0.866,0.9054,0.1143,0.0286,0.3571,0.25,0.4332,none
27b,instruct,damaged_q2,stability_first_tri_70,forensic,560,0.8071,0.5482,0.8819,0.9911,0.1232,0.0393,0.3804,0.2625,0.4598,none
27b,instruct,damaged_q2,stability_first_tri_70,generalist,560,0.7321,0.5143,0.8415,0.8429,0.1071,0.0429,0.3804,0.3036,0.428,none
27b,instruct,damaged_q2,stability_first_tri_70,math,560,0.7214,0.5179,0.8261,0.8518,0.0982,0.0304,0.3554,0.4982,0.429,none
27b,instruct,damaged_q2,stability_first_tri_70,planning,560,0.7821,0.5929,0.8702,0.8821,0.1214,0.0232,0.2625,0.2482,0.5184,none
27b,instruct,damaged_q2,stability_first_tri_70,rhetoric,560,0.7268,0.5393,0.8282,0.8696,0.1268,0.0286,0.3232,0.4232,0.4485,none
27b,instruct,damaged_q2,stability_first_tri_70,spatial,560,0.775,0.5571,0.8624,0.8857,0.1071,0.0429,0.2982,0.3071,0.4772,none
27b,instruct,damaged_q3,cognitive_structural_25_75,adversarial,560,0.8946,0.7,0.9423,0.9929,0.0893,0.0179,0.2286,0.0696,0.6479,none
27b,instruct,damaged_q3,cognitive_structural_25_75,boundary,560,0.9089,0.6661,0.9456,0.9893,0.0804,0.0214,0.2821,0.0375,0.6132,none
27b,instruct,damaged_q3,cognitive_structural_25_75,coding,560,0.9018,0.6911,0.9494,0.9946,0.075,0.0339,0.2286,0.0464,0.6412,none
27b,instruct,damaged_q3,cognitive_structural_25_75,epistemic,560,0.9,0.6857,0.946,0.9875,0.0696,0.0161,0.2554,0.0482,0.6388,none
27b,instruct,damaged_q3,cognitive_structural_25_75,forensic,560,0.9089,0.7054,0.9431,0.9929,0.0696,0.0179,0.2571,0.0732,0.6567,none
27b,instruct,damaged_q3,cognitive_structural_25_75,generalist,560,0.9036,0.6857,0.9476,0.9821,0.0589,0.0268,0.2536,0.0554,0.6396,none
27b,instruct,damaged_q3,cognitive_structural_25_75,math,560,0.9107,0.6911,0.948,0.9893,0.0661,0.0054,0.2643,0.0536,0.6464,none
27b,instruct,damaged_q3,cognitive_structural_25_75,planning,560,0.9054,0.7339,0.9485,0.9857,0.0714,0.0143,0.1964,0.0518,0.6913,none
27b,instruct,damaged_q3,cognitive_structural_25_75,rhetoric,560,0.9107,0.6946,0.9468,0.9804,0.0625,0.0143,0.2679,0.0554,0.6488,none
27b,instruct,damaged_q3,cognitive_structural_25_75,spatial,560,0.9125,0.7071,0.9481,0.9893,0.0625,0.0232,0.225,0.0661,0.6624,none
27b,instruct,damaged_q3,cyber_structural_25_75,adversarial,560,0.9,0.7,0.9434,0.9857,0.0893,0.0321,0.2357,0.0464,0.6456,none
27b,instruct,damaged_q3,cyber_structural_25_75,boundary,560,0.9,0.6946,0.9445,0.9964,0.0875,0.0339,0.2321,0.0571,0.6402,none
27b,instruct,damaged_q3,cyber_structural_25_75,coding,560,0.8911,0.6964,0.9424,0.9893,0.0804,0.0321,0.2089,0.075,0.6454,none
27b,instruct,damaged_q3,cyber_structural_25_75,epistemic,560,0.8875,0.6357,0.9385,0.975,0.0679,0.0125,0.3143,0.0536,0.585,none
27b,instruct,damaged_q3,cyber_structural_25_75,forensic,560,0.8929,0.6839,0.9447,0.9929,0.075,0.0268,0.25,0.0554,0.6333,none
27b,instruct,damaged_q3,cyber_structural_25_75,generalist,560,0.8679,0.6696,0.9314,0.9446,0.0768,0.0232,0.2357,0.0714,0.6195,none
27b,instruct,damaged_q3,cyber_structural_25_75,math,560,0.8643,0.6304,0.9287,0.9661,0.0946,0.0411,0.2804,0.0804,0.5673,none
27b,instruct,damaged_q3,cyber_structural_25_75,planning,560,0.8964,0.7321,0.9434,0.9732,0.0786,0.025,0.1696,0.0661,0.6867,none
27b,instruct,damaged_q3,cyber_structural_25_75,rhetoric,560,0.9018,0.6982,0.9364,0.9518,0.0661,0.0179,0.2464,0.0786,0.6512,none
27b,instruct,damaged_q3,cyber_structural_25_75,spatial,560,0.9036,0.7125,0.9476,0.9768,0.075,0.0196,0.2054,0.0464,0.6673,none
27b,instruct,damaged_q3,q2_structural_amplifier,adversarial,560,0.8786,0.4804,0.9169,0.9857,0.0857,0.2821,0.2661,0.0482,0.3745,none
27b,instruct,damaged_q3,q2_structural_amplifier,boundary,560,0.8839,0.4732,0.9149,0.9786,0.0768,0.2893,0.2839,0.0536,0.3669,none
27b,instruct,damaged_q3,q2_structural_amplifier,coding,560,0.8554,0.4839,0.9087,0.9911,0.1071,0.2875,0.2536,0.0625,0.3709,none
27b,instruct,damaged_q3,q2_structural_amplifier,epistemic,560,0.8554,0.4696,0.9126,0.9893,0.1018,0.25,0.2839,0.0571,0.3635,none
27b,instruct,damaged_q3,q2_structural_amplifier,forensic,560,0.8946,0.5125,0.9208,0.9946,0.0804,0.3,0.2607,0.0554,0.4048,none
27b,instruct,damaged_q3,q2_structural_amplifier,generalist,560,0.8786,0.4839,0.9167,0.9964,0.0857,0.2696,0.3036,0.0429,0.3779,none
27b,instruct,damaged_q3,q2_structural_amplifier,math,560,0.8929,0.5089,0.9212,0.9893,0.0786,0.2554,0.2893,0.0589,0.4082,none
27b,instruct,damaged_q3,q2_structural_amplifier,planning,560,0.8839,0.5589,0.9242,0.9839,0.0804,0.2304,0.1911,0.0571,0.4706,none
27b,instruct,damaged_q3,q2_structural_amplifier,rhetoric,560,0.8625,0.4696,0.9109,0.9804,0.0893,0.3089,0.2786,0.0643,0.3556,none
27b,instruct,damaged_q3,q2_structural_amplifier,spatial,560,0.9018,0.5411,0.9272,0.9875,0.0714,0.2732,0.2089,0.0554,0.4455,none
27b,instruct,damaged_q3,routed_tri_structural_60,adversarial,560,0.9089,0.6821,0.9481,0.9893,0.0768,0.0554,0.225,0.0536,0.6274,none
27b,instruct,damaged_q3,routed_tri_structural_60,boundary,560,0.9107,0.6393,0.9445,0.9929,0.075,0.0571,0.2929,0.05,0.5794,none
27b,instruct,damaged_q3,routed_tri_structural_60,coding,560,0.8946,0.7036,0.9453,0.9857,0.0893,0.0464,0.2089,0.0411,0.6487,none
27b,instruct,damaged_q3,routed_tri_structural_60,epistemic,560,0.8804,0.6589,0.936,0.9857,0.0946,0.0232,0.2768,0.0518,0.6012,none
27b,instruct,damaged_q3,routed_tri_structural_60,forensic,560,0.9143,0.7286,0.9513,0.9786,0.0732,0.0393,0.1857,0.0411,0.6818,none
27b,instruct,damaged_q3,routed_tri_structural_60,generalist,560,0.9,0.6607,0.9453,0.9946,0.0821,0.0393,0.2625,0.0411,0.6052,none
27b,instruct,damaged_q3,routed_tri_structural_60,math,560,0.8857,0.6268,0.9347,0.9875,0.0982,0.0375,0.3071,0.0554,0.5625,none
27b,instruct,damaged_q3,routed_tri_structural_60,planning,560,0.9107,0.7321,0.9504,0.9893,0.0714,0.0357,0.1911,0.0518,0.6857,none
27b,instruct,damaged_q3,routed_tri_structural_60,rhetoric,560,0.8804,0.6446,0.9377,0.9893,0.0982,0.0339,0.2696,0.0518,0.5842,none
27b,instruct,damaged_q3,routed_tri_structural_60,spatial,560,0.9268,0.7518,0.9589,0.9929,0.0625,0.0357,0.1804,0.0357,0.7097,none
27b,instruct,damaged_q3,routed_tri_structural_65,adversarial,560,0.9054,0.6875,0.9441,0.9911,0.0804,0.0321,0.2411,0.0643,0.6345,none
27b,instruct,damaged_q3,routed_tri_structural_65,boundary,560,0.8964,0.6464,0.9385,0.9893,0.0821,0.0464,0.2964,0.0643,0.5856,none
27b,instruct,damaged_q3,routed_tri_structural_65,coding,560,0.9054,0.7196,0.9476,0.9821,0.0786,0.0375,0.1804,0.0554,0.6714,none
27b,instruct,damaged_q3,routed_tri_structural_65,epistemic,560,0.8982,0.6804,0.9501,0.9804,0.0714,0.025,0.2321,0.0304,0.6338,none
27b,instruct,damaged_q3,routed_tri_structural_65,forensic,560,0.9143,0.7179,0.951,0.9946,0.0696,0.0446,0.2125,0.0554,0.6683,none
27b,instruct,damaged_q3,routed_tri_structural_65,generalist,560,0.9107,0.6875,0.9518,0.9893,0.0696,0.05,0.2375,0.0304,0.6361,none
27b,instruct,damaged_q3,routed_tri_structural_65,math,560,0.9125,0.6643,0.9481,0.9911,0.0679,0.0482,0.275,0.0518,0.6097,none
27b,instruct,damaged_q3,routed_tri_structural_65,planning,560,0.9304,0.7607,0.959,0.9893,0.0589,0.0304,0.1768,0.0357,0.721,none
27b,instruct,damaged_q3,routed_tri_structural_65,rhetoric,560,0.8911,0.6571,0.9409,0.9911,0.0821,0.0286,0.275,0.0625,0.6017,none
27b,instruct,damaged_q3,routed_tri_structural_65,spatial,560,0.9143,0.7321,0.953,0.9875,0.0679,0.0375,0.1696,0.05,0.6882,none
27b,instruct,damaged_q3,stability_first_tri_70,adversarial,560,0.9179,0.7125,0.9519,0.9946,0.0696,0.0357,0.225,0.05,0.664,none
27b,instruct,damaged_q3,stability_first_tri_70,boundary,560,0.9089,0.6732,0.9473,0.9964,0.0786,0.0304,0.2589,0.0464,0.6205,none
27b,instruct,damaged_q3,stability_first_tri_70,coding,560,0.9071,0.6946,0.9467,0.9875,0.0768,0.0357,0.2196,0.0536,0.6442,none
27b,instruct,damaged_q3,stability_first_tri_70,epistemic,560,0.9089,0.6946,0.9495,0.9946,0.0714,0.025,0.2607,0.0411,0.6453,none
27b,instruct,damaged_q3,stability_first_tri_70,forensic,560,0.9179,0.7054,0.9491,0.9804,0.0643,0.0411,0.225,0.0536,0.6572,none
27b,instruct,damaged_q3,stability_first_tri_70,generalist,560,0.9071,0.6607,0.9489,0.9929,0.0607,0.0464,0.2536,0.0571,0.6101,none
27b,instruct,damaged_q3,stability_first_tri_70,math,560,0.9304,0.7321,0.9567,0.9804,0.0536,0.0339,0.2196,0.0357,0.6899,none
27b,instruct,damaged_q3,stability_first_tri_70,planning,560,0.9107,0.7196,0.9502,0.9946,0.0768,0.0268,0.1982,0.05,0.6729,none
27b,instruct,damaged_q3,stability_first_tri_70,rhetoric,560,0.8875,0.6679,0.9402,0.9893,0.0839,0.0339,0.2571,0.0679,0.6119,none
27b,instruct,damaged_q3,stability_first_tri_70,spatial,560,0.9179,0.7018,0.9519,0.9875,0.0661,0.0375,0.2125,0.0446,0.6552,none
27b,instruct,damaged_q4,cognitive_structural_25_75,adversarial,560,0.9304,0.7679,0.9557,0.9893,0.0589,0.0071,0.1786,0.0607,0.7314,none
27b,instruct,damaged_q4,cognitive_structural_25_75,boundary,560,0.9018,0.6929,0.9464,0.9857,0.0821,0.0321,0.2321,0.0446,0.641,none
27b,instruct,damaged_q4,cognitive_structural_25_75,coding,560,0.9161,0.7661,0.9552,0.9929,0.075,0.0214,0.1607,0.0429,0.7243,none
27b,instruct,damaged_q4,cognitive_structural_25_75,epistemic,560,0.9411,0.7696,0.9635,0.9929,0.0464,0.0071,0.1929,0.0321,0.7373,none
27b,instruct,damaged_q4,cognitive_structural_25_75,forensic,560,0.9214,0.7482,0.9537,0.9893,0.0643,0.0214,0.1893,0.0482,0.7071,none
27b,instruct,damaged_q4,cognitive_structural_25_75,generalist,560,0.9179,0.7375,0.955,0.9786,0.0536,0.0375,0.1786,0.0464,0.6973,none
27b,instruct,damaged_q4,cognitive_structural_25_75,math,560,0.9304,0.7357,0.9566,0.9982,0.0571,0.0196,0.2196,0.0518,0.6945,none
27b,instruct,damaged_q4,cognitive_structural_25_75,planning,560,0.9482,0.7929,0.9612,0.9911,0.0446,0.0107,0.1625,0.0589,0.7614,none
27b,instruct,damaged_q4,cognitive_structural_25_75,rhetoric,560,0.9339,0.7125,0.9569,0.9929,0.0589,0.0089,0.2411,0.0339,0.6721,none
27b,instruct,damaged_q4,cognitive_structural_25_75,spatial,560,0.9375,0.7964,0.9622,0.9857,0.0393,0.0179,0.1429,0.0571,0.7668,none
27b,instruct,damaged_q4,cyber_structural_25_75,adversarial,560,0.9268,0.7714,0.9589,0.9911,0.0464,0.0268,0.1607,0.0679,0.7359,none
27b,instruct,damaged_q4,cyber_structural_25_75,boundary,560,0.9482,0.7304,0.9591,0.9946,0.0446,0.0393,0.2107,0.0589,0.6893,none
27b,instruct,damaged_q4,cyber_structural_25_75,coding,560,0.9107,0.7464,0.9512,0.9893,0.075,0.0196,0.1804,0.0518,0.703,none
27b,instruct,damaged_q4,cyber_structural_25_75,epistemic,560,0.9196,0.7661,0.9564,0.9839,0.0571,0.0089,0.1804,0.0411,0.7307,none
27b,instruct,damaged_q4,cyber_structural_25_75,forensic,560,0.9286,0.7268,0.9542,0.9839,0.0625,0.0339,0.1929,0.0482,0.6834,none
27b,instruct,damaged_q4,cyber_structural_25_75,generalist,560,0.9071,0.7518,0.9564,0.9893,0.0625,0.025,0.1679,0.0429,0.7125,none
27b,instruct,damaged_q4,cyber_structural_25_75,math,560,0.9232,0.7054,0.9501,0.9875,0.0607,0.0179,0.2518,0.0571,0.6606,none
27b,instruct,damaged_q4,cyber_structural_25_75,planning,560,0.9268,0.7446,0.956,0.9946,0.0554,0.0143,0.2018,0.0536,0.7064,none
27b,instruct,damaged_q4,cyber_structural_25_75,rhetoric,560,0.9393,0.7589,0.9616,0.9946,0.0482,0.0286,0.1839,0.0482,0.7216,none
27b,instruct,damaged_q4,cyber_structural_25_75,spatial,560,0.9357,0.7804,0.9618,0.9946,0.0518,0.0179,0.1571,0.0482,0.7463,none
27b,instruct,damaged_q4,q2_structural_amplifier,adversarial,560,0.9054,0.525,0.9262,0.9911,0.0732,0.2696,0.2304,0.0393,0.4287,none
27b,instruct,damaged_q4,q2_structural_amplifier,boundary,560,0.8929,0.5,0.9186,0.9929,0.0768,0.2982,0.25,0.0571,0.3945,none
27b,instruct,damaged_q4,q2_structural_amplifier,coding,560,0.9107,0.5286,0.9294,0.9911,0.0571,0.2643,0.2232,0.0536,0.438,none
27b,instruct,damaged_q4,q2_structural_amplifier,epistemic,560,0.9,0.5304,0.93,0.9875,0.0679,0.2429,0.2429,0.0411,0.4399,none
27b,instruct,damaged_q4,q2_structural_amplifier,forensic,560,0.9107,0.55,0.9304,0.9929,0.075,0.2446,0.2286,0.0464,0.458,none
27b,instruct,damaged_q4,q2_structural_amplifier,generalist,560,0.9054,0.5393,0.9264,0.9893,0.0571,0.275,0.2518,0.0446,0.4448,none
27b,instruct,damaged_q4,q2_structural_amplifier,math,560,0.8893,0.5393,0.9255,0.9911,0.0804,0.2304,0.2786,0.05,0.4443,none
27b,instruct,damaged_q4,q2_structural_amplifier,planning,560,0.8982,0.575,0.928,0.9821,0.0696,0.2339,0.2107,0.0429,0.4883,none
27b,instruct,damaged_q4,q2_structural_amplifier,rhetoric,560,0.9214,0.5089,0.9334,1.0,0.0554,0.2875,0.2536,0.0429,0.4124,none
27b,instruct,damaged_q4,q2_structural_amplifier,spatial,560,0.9071,0.5786,0.9337,0.9893,0.0661,0.2286,0.2018,0.0536,0.4942,none
27b,instruct,damaged_q4,routed_tri_structural_60,adversarial,560,0.9339,0.7232,0.9579,0.9946,0.0536,0.05,0.2,0.0518,0.6786,none
27b,instruct,damaged_q4,routed_tri_structural_60,boundary,560,0.9179,0.7107,0.949,0.9911,0.0714,0.0571,0.2161,0.0625,0.6574,none
27b,instruct,damaged_q4,routed_tri_structural_60,coding,560,0.925,0.7536,0.9545,0.9857,0.0607,0.05,0.1696,0.0554,0.709,none
27b,instruct,damaged_q4,routed_tri_structural_60,epistemic,560,0.9125,0.7179,0.9526,0.9839,0.0679,0.0304,0.2143,0.0339,0.6726,none
27b,instruct,damaged_q4,routed_tri_structural_60,forensic,560,0.9268,0.7464,0.9549,0.9821,0.0554,0.0357,0.1732,0.0536,0.7061,none
27b,instruct,damaged_q4,routed_tri_structural_60,generalist,560,0.925,0.7357,0.9599,0.9946,0.0536,0.0589,0.1804,0.0393,0.6915,none
27b,instruct,damaged_q4,routed_tri_structural_60,math,560,0.9536,0.7179,0.9592,0.9893,0.0357,0.0214,0.2643,0.0464,0.6794,none
27b,instruct,damaged_q4,routed_tri_structural_60,planning,560,0.9446,0.7446,0.9578,0.9857,0.0464,0.05,0.1839,0.0536,0.7033,none
27b,instruct,damaged_q4,routed_tri_structural_60,rhetoric,560,0.9196,0.7089,0.9524,0.9893,0.0571,0.0304,0.2196,0.0589,0.6652,none
27b,instruct,damaged_q4,routed_tri_structural_60,spatial,560,0.9321,0.7464,0.9573,0.9911,0.0536,0.0446,0.1696,0.0589,0.7049,none
27b,instruct,damaged_q4,routed_tri_structural_65,adversarial,560,0.9446,0.7714,0.9609,0.9875,0.0464,0.0393,0.1625,0.0518,0.7341,none
27b,instruct,damaged_q4,routed_tri_structural_65,boundary,560,0.9357,0.7161,0.9536,0.9839,0.0464,0.0429,0.2375,0.0571,0.6717,none
27b,instruct,damaged_q4,routed_tri_structural_65,coding,560,0.9482,0.7643,0.9652,0.9911,0.0429,0.0643,0.15,0.0411,0.7245,none
27b,instruct,damaged_q4,routed_tri_structural_65,epistemic,560,0.9,0.7125,0.95,0.9929,0.0607,0.025,0.2107,0.0625,0.6693,none
27b,instruct,damaged_q4,routed_tri_structural_65,forensic,560,0.9232,0.7429,0.9572,0.9857,0.0643,0.0464,0.1786,0.0357,0.6982,none
27b,instruct,damaged_q4,routed_tri_structural_65,generalist,560,0.9375,0.7286,0.9622,0.9875,0.0375,0.0446,0.2107,0.0339,0.6898,none
27b,instruct,damaged_q4,routed_tri_structural_65,math,560,0.9589,0.7268,0.9636,0.9893,0.0321,0.0393,0.2357,0.0411,0.6884,none
27b,instruct,damaged_q4,routed_tri_structural_65,planning,560,0.9429,0.7696,0.9624,0.9911,0.0518,0.05,0.1393,0.0429,0.7308,none
27b,instruct,damaged_q4,routed_tri_structural_65,rhetoric,560,0.9446,0.7661,0.9633,0.9911,0.0464,0.0214,0.1893,0.0375,0.7308,none
27b,instruct,damaged_q4,routed_tri_structural_65,spatial,560,0.9375,0.775,0.963,0.9875,0.0536,0.0411,0.1446,0.0357,0.7374,none
27b,instruct,damaged_q4,stability_first_tri_70,adversarial,560,0.9375,0.7821,0.964,0.9911,0.0482,0.0375,0.1571,0.0411,0.7456,none
27b,instruct,damaged_q4,stability_first_tri_70,boundary,560,0.9393,0.7482,0.9587,0.9929,0.0446,0.0393,0.1857,0.0643,0.7089,none
27b,instruct,damaged_q4,stability_first_tri_70,coding,560,0.9375,0.725,0.9586,0.9911,0.0411,0.0518,0.1964,0.0589,0.6837,none
27b,instruct,damaged_q4,stability_first_tri_70,epistemic,560,0.9286,0.7268,0.9584,0.9929,0.0518,0.0232,0.2179,0.0357,0.6874,none
27b,instruct,damaged_q4,stability_first_tri_70,forensic,560,0.9286,0.7536,0.9555,0.9964,0.0679,0.0393,0.1679,0.0536,0.7092,none
27b,instruct,damaged_q4,stability_first_tri_70,generalist,560,0.9196,0.7321,0.9578,0.9911,0.0571,0.0357,0.1804,0.0411,0.6914,none
27b,instruct,damaged_q4,stability_first_tri_70,math,560,0.9375,0.7268,0.9571,0.9929,0.0411,0.0232,0.2304,0.0661,0.6881,none
27b,instruct,damaged_q4,stability_first_tri_70,planning,560,0.9304,0.7732,0.9595,0.9929,0.0554,0.0339,0.1607,0.0464,0.7346,none
27b,instruct,damaged_q4,stability_first_tri_70,rhetoric,560,0.9446,0.7589,0.9614,0.9929,0.0393,0.0268,0.1929,0.0571,0.7235,none
27b,instruct,damaged_q4,stability_first_tri_70,spatial,560,0.9286,0.7804,0.9624,0.9875,0.0571,0.0411,0.1375,0.0357,0.7422,none
27b,instruct,healthy_q6,cognitive_structural_25_75,adversarial,560,0.9446,0.8107,0.9648,0.9929,0.0375,0.0196,0.1357,0.0661,0.7814,none
27b,instruct,healthy_q6,cognitive_structural_25_75,boundary,560,0.9518,0.775,0.9634,0.9875,0.0304,0.0393,0.15,0.0696,0.7426,none
27b,instruct,healthy_q6,cognitive_structural_25_75,coding,560,0.9661,0.8179,0.9706,0.9893,0.0286,0.0143,0.1536,0.0375,0.7923,none
27b,instruct,healthy_q6,cognitive_structural_25_75,epistemic,560,0.9429,0.8143,0.9681,0.9946,0.0393,0.0036,0.1393,0.0393,0.7887,none
27b,instruct,healthy_q6,cognitive_structural_25_75,forensic,560,0.9518,0.8107,0.9659,0.9875,0.0321,0.0179,0.15,0.0518,0.7829,none
27b,instruct,healthy_q6,cognitive_structural_25_75,generalist,560,0.9393,0.7929,0.9627,0.9839,0.0464,0.025,0.1446,0.0411,0.7603,none
27b,instruct,healthy_q6,cognitive_structural_25_75,math,560,0.9518,0.8036,0.9663,0.9857,0.0304,0.0161,0.1661,0.05,0.7755,none
27b,instruct,healthy_q6,cognitive_structural_25_75,planning,560,0.9429,0.8304,0.9682,0.9946,0.0464,0.0125,0.1321,0.0321,0.8018,none
27b,instruct,healthy_q6,cognitive_structural_25_75,rhetoric,560,0.9536,0.8125,0.9695,0.9929,0.0268,0.0125,0.1536,0.0482,0.7873,none
27b,instruct,healthy_q6,cognitive_structural_25_75,spatial,560,0.9643,0.8571,0.974,0.9893,0.0268,0.0232,0.0964,0.0429,0.8346,none
27b,instruct,healthy_q6,cyber_structural_25_75,adversarial,560,0.9536,0.825,0.9696,0.9875,0.0375,0.0286,0.1214,0.0357,0.7965,none
27b,instruct,healthy_q6,cyber_structural_25_75,boundary,560,0.9446,0.8018,0.9668,0.9929,0.0464,0.0321,0.1411,0.0357,0.7684,none
27b,instruct,healthy_q6,cyber_structural_25_75,coding,560,0.9464,0.8054,0.969,0.9857,0.0375,0.0339,0.1179,0.0357,0.7761,none
27b,instruct,healthy_q6,cyber_structural_25_75,epistemic,560,0.9446,0.8036,0.9672,0.9857,0.0286,0.0089,0.1589,0.0411,0.7784,none
27b,instruct,healthy_q6,cyber_structural_25_75,forensic,560,0.9536,0.8268,0.9665,0.9857,0.0393,0.0161,0.125,0.0482,0.7994,none
27b,instruct,healthy_q6,cyber_structural_25_75,generalist,560,0.9571,0.8286,0.9717,0.9893,0.0268,0.0286,0.1107,0.0429,0.8038,none
27b,instruct,healthy_q6,cyber_structural_25_75,math,560,0.9554,0.7929,0.9661,0.9893,0.0304,0.0125,0.1732,0.0554,0.7646,none
27b,instruct,healthy_q6,cyber_structural_25_75,planning,560,0.9607,0.8321,0.9705,0.9875,0.0232,0.0196,0.1268,0.0482,0.8087,none
27b,instruct,healthy_q6,cyber_structural_25_75,rhetoric,560,0.9625,0.7839,0.9663,0.9857,0.0286,0.0161,0.1804,0.0482,0.7553,none
27b,instruct,healthy_q6,cyber_structural_25_75,spatial,560,0.9339,0.7875,0.9608,0.9911,0.05,0.0268,0.1393,0.0518,0.7534,none
27b,instruct,healthy_q6,q2_structural_amplifier,adversarial,560,0.9161,0.4964,0.9245,0.9875,0.0536,0.3339,0.1982,0.0571,0.3949,none
27b,instruct,healthy_q6,q2_structural_amplifier,boundary,560,0.9143,0.5429,0.928,0.9857,0.0625,0.3036,0.1821,0.05,0.4463,none
27b,instruct,healthy_q6,q2_structural_amplifier,coding,560,0.9089,0.5536,0.9305,0.9857,0.0643,0.2929,0.1679,0.0393,0.4603,none
27b,instruct,healthy_q6,q2_structural_amplifier,epistemic,560,0.8964,0.5536,0.933,0.9893,0.0589,0.2679,0.1839,0.05,0.4651,none
27b,instruct,healthy_q6,q2_structural_amplifier,forensic,560,0.925,0.5446,0.9379,0.9911,0.0446,0.3071,0.1661,0.0464,0.4542,none
27b,instruct,healthy_q6,q2_structural_amplifier,generalist,560,0.9179,0.5482,0.9315,0.9929,0.0571,0.2839,0.1839,0.0446,0.4573,none
27b,instruct,healthy_q6,q2_structural_amplifier,math,560,0.9036,0.5161,0.9279,0.9821,0.0679,0.2554,0.2554,0.0464,0.4219,none
27b,instruct,healthy_q6,q2_structural_amplifier,planning,560,0.9036,0.5625,0.929,0.9946,0.0679,0.2714,0.1696,0.0518,0.4717,none
27b,instruct,healthy_q6,q2_structural_amplifier,rhetoric,560,0.9179,0.5357,0.934,0.9857,0.0536,0.2714,0.2107,0.05,0.446,none
27b,instruct,healthy_q6,q2_structural_amplifier,spatial,560,0.9214,0.6018,0.9421,0.9804,0.0464,0.2339,0.1607,0.0411,0.5262,none
27b,instruct,healthy_q6,routed_tri_structural_60,adversarial,560,0.9321,0.7714,0.9585,0.9893,0.05,0.0393,0.1482,0.0679,0.7333,none
27b,instruct,healthy_q6,routed_tri_structural_60,boundary,560,0.9536,0.7821,0.9661,0.9875,0.0232,0.0464,0.1625,0.0607,0.7499,none
27b,instruct,healthy_q6,routed_tri_structural_60,coding,560,0.9518,0.7643,0.9621,0.9911,0.0375,0.0643,0.1393,0.0696,0.7256,none
27b,instruct,healthy_q6,routed_tri_structural_60,epistemic,560,0.9339,0.7982,0.9654,0.9911,0.0518,0.0286,0.1375,0.0304,0.7644,none
27b,instruct,healthy_q6,routed_tri_structural_60,forensic,560,0.9589,0.7911,0.9679,0.9768,0.0304,0.0429,0.1571,0.0339,0.7591,none
27b,instruct,healthy_q6,routed_tri_structural_60,generalist,560,0.9518,0.7964,0.9695,0.9929,0.025,0.0446,0.1446,0.0482,0.766,none
27b,instruct,healthy_q6,routed_tri_structural_60,math,560,0.9625,0.7643,0.9674,0.9857,0.0161,0.0375,0.1857,0.0571,0.7342,none
27b,instruct,healthy_q6,routed_tri_structural_60,planning,560,0.9571,0.7964,0.9671,0.9821,0.0304,0.0464,0.1339,0.0464,0.765,none
27b,instruct,healthy_q6,routed_tri_structural_60,rhetoric,560,0.9339,0.7554,0.9581,0.9893,0.05,0.0375,0.1661,0.0607,0.7165,none
27b,instruct,healthy_q6,routed_tri_structural_60,spatial,560,0.9411,0.8036,0.9641,0.9911,0.0464,0.0179,0.1375,0.0464,0.7728,none
27b,instruct,healthy_q6,routed_tri_structural_65,adversarial,560,0.9161,0.7714,0.9584,0.9911,0.0536,0.0357,0.1429,0.0643,0.7336,none
27b,instruct,healthy_q6,routed_tri_structural_65,boundary,560,0.9357,0.7768,0.962,0.9911,0.05,0.0482,0.1554,0.0464,0.7374,none
27b,instruct,healthy_q6,routed_tri_structural_65,coding,560,0.9571,0.8089,0.9722,0.9929,0.0304,0.0429,0.1232,0.0375,0.7795,none
27b,instruct,healthy_q6,routed_tri_structural_65,epistemic,560,0.9482,0.7696,0.9642,0.9875,0.0321,0.0179,0.1786,0.0464,0.7398,none
27b,instruct,healthy_q6,routed_tri_structural_65,forensic,560,0.95,0.7768,0.9646,0.9875,0.0446,0.0321,0.1661,0.0357,0.7419,none
27b,instruct,healthy_q6,routed_tri_structural_65,generalist,560,0.9286,0.7821,0.9604,0.9839,0.0518,0.0482,0.1304,0.0464,0.7442,none
27b,instruct,healthy_q6,routed_tri_structural_65,math,560,0.9429,0.7661,0.9627,0.9875,0.0339,0.0321,0.175,0.0571,0.7326,none
27b,instruct,healthy_q6,routed_tri_structural_65,planning,560,0.9375,0.7911,0.9611,0.9946,0.0429,0.0321,0.1339,0.0643,0.7579,none
27b,instruct,healthy_q6,routed_tri_structural_65,rhetoric,560,0.9464,0.7929,0.9688,0.9911,0.0393,0.0268,0.1482,0.0339,0.7622,none
27b,instruct,healthy_q6,routed_tri_structural_65,spatial,560,0.9571,0.8125,0.9689,0.9911,0.0393,0.0375,0.125,0.0446,0.781,none
27b,instruct,healthy_q6,stability_first_tri_70,adversarial,560,0.9393,0.7875,0.9659,0.9964,0.0446,0.0411,0.1482,0.0446,0.7518,none
27b,instruct,healthy_q6,stability_first_tri_70,boundary,560,0.9482,0.7857,0.9649,0.9821,0.0375,0.0357,0.1393,0.0482,0.7538,none
27b,instruct,healthy_q6,stability_first_tri_70,coding,560,0.9518,0.8089,0.9663,0.9893,0.0357,0.0446,0.1196,0.0554,0.7769,none
27b,instruct,healthy_q6,stability_first_tri_70,epistemic,560,0.9429,0.8018,0.964,0.9839,0.0429,0.0214,0.15,0.0375,0.7708,none
27b,instruct,healthy_q6,stability_first_tri_70,forensic,560,0.9304,0.7804,0.9596,0.9893,0.05,0.0321,0.1482,0.0554,0.7443,none
27b,instruct,healthy_q6,stability_first_tri_70,generalist,560,0.9393,0.7964,0.9697,0.9911,0.0286,0.0393,0.1286,0.0429,0.7676,none
27b,instruct,healthy_q6,stability_first_tri_70,math,560,0.9536,0.7411,0.9623,0.9821,0.0268,0.0393,0.2054,0.0589,0.7058,none
27b,instruct,healthy_q6,stability_first_tri_70,planning,560,0.9375,0.8107,0.9641,0.9804,0.0375,0.0357,0.1089,0.0482,0.7812,none
27b,instruct,healthy_q6,stability_first_tri_70,rhetoric,560,0.9411,0.7804,0.9607,0.9768,0.0357,0.0286,0.1536,0.0607,0.7486,none
27b,instruct,healthy_q6,stability_first_tri_70,spatial,560,0.9518,0.8232,0.9673,0.9857,0.0393,0.0304,0.1107,0.0464,0.7942,none
27b,instruct,healthy_q8,cognitive_structural_25_75,adversarial,560,0.9518,0.8196,0.9648,0.9875,0.0321,0.0179,0.1321,0.0714,0.7923,none
27b,instruct,healthy_q8,cognitive_structural_25_75,boundary,560,0.9536,0.8232,0.9701,0.9911,0.0339,0.0357,0.1179,0.0446,0.7942,none
27b,instruct,healthy_q8,cognitive_structural_25_75,coding,560,0.9446,0.8411,0.9667,0.9946,0.0357,0.0232,0.1036,0.0679,0.814,none
27b,instruct,healthy_q8,cognitive_structural_25_75,epistemic,560,0.9482,0.8286,0.9675,0.9911,0.0321,0.0,0.1393,0.05,0.8053,none
27b,instruct,healthy_q8,cognitive_structural_25_75,forensic,560,0.9589,0.8232,0.9697,0.9982,0.0321,0.0143,0.1339,0.05,0.7975,none
27b,instruct,healthy_q8,cognitive_structural_25_75,generalist,560,0.9536,0.8125,0.9733,0.9946,0.0268,0.0196,0.1321,0.0321,0.7884,none
27b,instruct,healthy_q8,cognitive_structural_25_75,math,560,0.9732,0.8161,0.9733,0.9839,0.0071,0.0107,0.1679,0.0482,0.7959,none
27b,instruct,healthy_q8,cognitive_structural_25_75,planning,560,0.9643,0.8536,0.9735,0.9929,0.025,0.0089,0.1107,0.0446,0.8332,none
27b,instruct,healthy_q8,cognitive_structural_25_75,rhetoric,560,0.9518,0.825,0.9691,0.9821,0.0304,0.0143,0.1286,0.0411,0.8007,none
27b,instruct,healthy_q8,cognitive_structural_25_75,spatial,560,0.9571,0.8518,0.9696,0.9893,0.0268,0.025,0.0946,0.0607,0.8281,none
27b,instruct,healthy_q8,cyber_structural_25_75,adversarial,560,0.9679,0.8411,0.9756,0.9911,0.0232,0.0304,0.125,0.0321,0.8164,none
27b,instruct,healthy_q8,cyber_structural_25_75,boundary,560,0.9464,0.8214,0.9662,0.9929,0.0429,0.0375,0.1089,0.0554,0.7896,none
27b,instruct,healthy_q8,cyber_structural_25_75,coding,560,0.95,0.7964,0.9682,0.9946,0.0268,0.0339,0.1304,0.0607,0.7681,none
27b,instruct,healthy_q8,cyber_structural_25_75,epistemic,560,0.9179,0.7964,0.9607,0.9946,0.0536,0.0125,0.1214,0.0536,0.7655,none
27b,instruct,healthy_q8,cyber_structural_25_75,forensic,560,0.9679,0.8375,0.9743,0.9893,0.0268,0.0232,0.125,0.0286,0.8134,none
27b,instruct,healthy_q8,cyber_structural_25_75,generalist,560,0.9714,0.8214,0.9772,0.9982,0.0143,0.0446,0.1268,0.0375,0.7962,none
27b,instruct,healthy_q8,cyber_structural_25_75,math,560,0.9607,0.8054,0.9689,0.9893,0.0214,0.0143,0.1625,0.0554,0.7803,none
27b,instruct,healthy_q8,cyber_structural_25_75,planning,560,0.9661,0.8411,0.9708,0.9911,0.0214,0.0268,0.1107,0.0589,0.8175,none
27b,instruct,healthy_q8,cyber_structural_25_75,rhetoric,560,0.9464,0.8036,0.9679,0.9929,0.0357,0.0357,0.125,0.0554,0.7729,none
27b,instruct,healthy_q8,cyber_structural_25_75,spatial,560,0.9464,0.8464,0.9696,0.9964,0.0393,0.0268,0.0929,0.0482,0.8194,none
27b,instruct,healthy_q8,q2_structural_amplifier,adversarial,560,0.9214,0.575,0.9356,0.9893,0.0482,0.2875,0.1571,0.0571,0.4876,none
27b,instruct,healthy_q8,q2_structural_amplifier,boundary,560,0.9125,0.5268,0.9253,0.9875,0.0625,0.2893,0.2375,0.05,0.4287,none
27b,instruct,healthy_q8,q2_structural_amplifier,coding,560,0.9375,0.5661,0.9392,0.9839,0.0393,0.2946,0.1732,0.0268,0.4802,none
27b,instruct,healthy_q8,q2_structural_amplifier,epistemic,560,0.9125,0.5679,0.9343,0.9875,0.0518,0.2446,0.2071,0.0554,0.4841,none
27b,instruct,healthy_q8,q2_structural_amplifier,forensic,560,0.9071,0.5357,0.9292,0.9911,0.0661,0.2929,0.2,0.0536,0.4386,none
27b,instruct,healthy_q8,q2_structural_amplifier,generalist,560,0.9232,0.5946,0.942,0.9964,0.0357,0.2411,0.1732,0.0518,0.5193,none
27b,instruct,healthy_q8,q2_structural_amplifier,math,560,0.9232,0.5446,0.9327,0.9911,0.05,0.2643,0.2321,0.0661,0.4549,none
27b,instruct,healthy_q8,q2_structural_amplifier,planning,560,0.9107,0.5946,0.9298,0.975,0.0482,0.275,0.1607,0.0607,0.5093,none
27b,instruct,healthy_q8,q2_structural_amplifier,rhetoric,560,0.9268,0.5911,0.9407,0.9929,0.0518,0.2607,0.1786,0.0393,0.5071,none
27b,instruct,healthy_q8,q2_structural_amplifier,spatial,560,0.9286,0.5893,0.9409,0.9929,0.0482,0.2661,0.1536,0.05,0.5068,none
27b,instruct,healthy_q8,routed_tri_structural_60,adversarial,560,0.9589,0.8232,0.9701,0.9946,0.0286,0.0446,0.1107,0.0643,0.7936,none
27b,instruct,healthy_q8,routed_tri_structural_60,boundary,560,0.9571,0.8125,0.9714,0.9911,0.0357,0.0446,0.1179,0.0357,0.7816,none
27b,instruct,healthy_q8,routed_tri_structural_60,coding,560,0.9821,0.8161,0.9731,0.9875,0.0107,0.0321,0.1518,0.05,0.7918,none
27b,instruct,healthy_q8,routed_tri_structural_60,epistemic,560,0.9464,0.8,0.9693,0.9893,0.0286,0.0268,0.1446,0.0393,0.7725,none
27b,instruct,healthy_q8,routed_tri_structural_60,forensic,560,0.9554,0.8161,0.9679,0.9893,0.0357,0.0339,0.1339,0.0429,0.7857,none
27b,instruct,healthy_q8,routed_tri_structural_60,generalist,560,0.9518,0.8286,0.9709,0.9929,0.0214,0.0393,0.1107,0.0554,0.8027,none
27b,instruct,healthy_q8,routed_tri_structural_60,math,560,0.9589,0.7482,0.9691,0.9964,0.0286,0.0429,0.1875,0.0446,0.7138,none
27b,instruct,healthy_q8,routed_tri_structural_60,planning,560,0.9768,0.8714,0.9763,0.9857,0.0196,0.0411,0.0732,0.0429,0.8493,none
27b,instruct,healthy_q8,routed_tri_structural_60,rhetoric,560,0.9607,0.7786,0.9695,0.9875,0.0268,0.0429,0.1696,0.0393,0.7464,none
27b,instruct,healthy_q8,routed_tri_structural_60,spatial,560,0.9607,0.8375,0.9682,0.9857,0.025,0.0375,0.0982,0.0643,0.8114,none
27b,instruct,healthy_q8,routed_tri_structural_65,adversarial,560,0.9464,0.8107,0.9682,0.9911,0.0429,0.0375,0.1179,0.0429,0.7788,none
27b,instruct,healthy_q8,routed_tri_structural_65,boundary,560,0.9607,0.8089,0.9671,0.9929,0.0286,0.0464,0.1214,0.0696,0.7779,none
27b,instruct,healthy_q8,routed_tri_structural_65,coding,560,0.9607,0.8,0.9697,0.9875,0.0125,0.0518,0.1357,0.0696,0.7716,none
27b,instruct,healthy_q8,routed_tri_structural_65,epistemic,560,0.9518,0.8214,0.9677,0.9714,0.0196,0.0196,0.1357,0.0411,0.7987,none
27b,instruct,healthy_q8,routed_tri_structural_65,forensic,560,0.9696,0.8429,0.9738,0.9911,0.025,0.0286,0.1214,0.0393,0.818,none
27b,instruct,healthy_q8,routed_tri_structural_65,generalist,560,0.9429,0.7964,0.9674,0.9839,0.0232,0.0429,0.1214,0.0536,0.7685,none
27b,instruct,healthy_q8,routed_tri_structural_65,math,560,0.9714,0.7732,0.9693,0.9911,0.0107,0.0518,0.1768,0.0661,0.7422,none
27b,instruct,healthy_q8,routed_tri_structural_65,planning,560,0.9429,0.8018,0.9664,0.9929,0.0446,0.0518,0.1196,0.0446,0.7662,none
27b,instruct,healthy_q8,routed_tri_structural_65,rhetoric,560,0.9571,0.7929,0.966,0.9875,0.0357,0.0482,0.1446,0.0518,0.7583,none
27b,instruct,healthy_q8,routed_tri_structural_65,spatial,560,0.9625,0.8196,0.972,0.9911,0.0339,0.0446,0.1054,0.0411,0.7901,none
27b,instruct,healthy_q8,stability_first_tri_70,adversarial,560,0.95,0.8393,0.9708,0.9929,0.0375,0.0286,0.1,0.0446,0.8121,none
27b,instruct,healthy_q8,stability_first_tri_70,boundary,560,0.9286,0.7768,0.9619,0.9964,0.0482,0.0482,0.1375,0.0607,0.7386,none
27b,instruct,healthy_q8,stability_first_tri_70,coding,560,0.9589,0.8089,0.9736,0.9875,0.0286,0.0482,0.1107,0.0286,0.7804,none
27b,instruct,healthy_q8,stability_first_tri_70,epistemic,560,0.9625,0.8304,0.9739,0.9946,0.0268,0.0232,0.1196,0.0357,0.8063,none
27b,instruct,healthy_q8,stability_first_tri_70,forensic,560,0.9679,0.8429,0.9744,0.9929,0.0268,0.0464,0.0929,0.0482,0.8157,none
27b,instruct,healthy_q8,stability_first_tri_70,generalist,560,0.9464,0.8143,0.9654,0.9768,0.0375,0.0411,0.1161,0.0429,0.7834,none
27b,instruct,healthy_q8,stability_first_tri_70,math,560,0.9607,0.7893,0.9681,0.9929,0.0214,0.0339,0.1643,0.0679,0.7595,none
27b,instruct,healthy_q8,stability_first_tri_70,planning,560,0.9375,0.8143,0.9625,0.9875,0.0411,0.025,0.1268,0.0571,0.784,none
27b,instruct,healthy_q8,stability_first_tri_70,rhetoric,560,0.9661,0.8268,0.9732,0.9929,0.0268,0.0214,0.1321,0.0411,0.8018,none
27b,instruct,healthy_q8,stability_first_tri_70,spatial,560,0.9589,0.8143,0.9679,0.9893,0.0268,0.0411,0.125,0.0643,0.7848,none
2b_reference,base,collapsed_q2_edge,cognitive_structural_25_75,adversarial,560,0.0661,0.05,0.282,0.6554,0.5214,0.0321,0.6393,2.9607,-0.312,cascade
2b_reference,base,collapsed_q2_edge,cognitive_structural_25_75,boundary,560,0.0482,0.025,0.2614,0.6036,0.5429,0.0232,0.6429,2.8393,-0.3359,cascade
2b_reference,base,collapsed_q2_edge,cognitive_structural_25_75,coding,560,0.0607,0.0554,0.2559,0.5107,0.4643,0.0357,0.5232,2.7893,-0.2724,cascade
2b_reference,base,collapsed_q2_edge,cognitive_structural_25_75,epistemic,560,0.0446,0.0339,0.2456,0.5482,0.4804,0.0071,0.5946,2.4643,-0.2824,cascade
2b_reference,base,collapsed_q2_edge,cognitive_structural_25_75,forensic,560,0.0589,0.0482,0.2362,0.6036,0.5375,0.0196,0.6268,2.7696,-0.3056,cascade
2b_reference,base,collapsed_q2_edge,cognitive_structural_25_75,generalist,560,0.0571,0.0321,0.2604,0.5179,0.4839,0.0232,0.6429,2.5375,-0.296,cascade
2b_reference,base,collapsed_q2_edge,cognitive_structural_25_75,math,560,0.0643,0.0536,0.2637,0.5607,0.4607,0.0196,0.5857,2.95,-0.2829,cascade
2b_reference,base,collapsed_q2_edge,cognitive_structural_25_75,planning,560,0.0821,0.0696,0.2798,0.5661,0.475,0.0161,0.4643,2.6107,-0.2437,cascade
2b_reference,base,collapsed_q2_edge,cognitive_structural_25_75,rhetoric,560,0.0482,0.0339,0.227,0.4946,0.5071,0.0196,0.575,2.9214,-0.3142,cascade
2b_reference,base,collapsed_q2_edge,cognitive_structural_25_75,spatial,560,0.0804,0.0625,0.2614,0.5429,0.4857,0.0232,0.4964,2.65,-0.2601,cascade
2b_reference,base,collapsed_q2_edge,cyber_structural_25_75,adversarial,560,0.1143,0.0714,0.366,0.775,0.4946,0.0446,0.6125,2.4179,-0.2558,cascade
2b_reference,base,collapsed_q2_edge,cyber_structural_25_75,boundary,560,0.1446,0.0946,0.4057,0.7679,0.4625,0.0375,0.6018,2.1482,-0.2072,cascade
2b_reference,base,collapsed_q2_edge,cyber_structural_25_75,coding,560,0.0482,0.0375,0.2511,0.4911,0.4768,0.0429,0.4661,2.7536,-0.2891,cascade
2b_reference,base,collapsed_q2_edge,cyber_structural_25_75,epistemic,560,0.0554,0.0393,0.2477,0.475,0.4982,0.0125,0.5732,2.3911,-0.2781,cascade
2b_reference,base,collapsed_q2_edge,cyber_structural_25_75,forensic,560,0.0786,0.0625,0.2999,0.7339,0.5,0.0286,0.5571,2.4857,-0.2621,cascade
2b_reference,base,collapsed_q2_edge,cyber_structural_25_75,generalist,560,0.0536,0.0375,0.2503,0.4482,0.5036,0.0214,0.5429,2.5125,-0.2869,cascade
2b_reference,base,collapsed_q2_edge,cyber_structural_25_75,math,560,0.0429,0.0321,0.2246,0.4429,0.4661,0.0214,0.5482,3.1214,-0.3119,cascade
2b_reference,base,collapsed_q2_edge,cyber_structural_25_75,planning,560,0.0875,0.0696,0.2801,0.5161,0.4339,0.0339,0.4464,2.5929,-0.2327,cascade
2b_reference,base,collapsed_q2_edge,cyber_structural_25_75,rhetoric,560,0.05,0.0411,0.2115,0.4554,0.5375,0.0232,0.5482,2.9839,-0.3179,cascade
2b_reference,base,collapsed_q2_edge,cyber_structural_25_75,spatial,560,0.0607,0.0464,0.2284,0.4518,0.4714,0.0339,0.4393,2.8036,-0.2771,cascade
2b_reference,base,collapsed_q2_edge,q2_structural_amplifier,adversarial,560,0.7,0.2929,0.8299,0.9911,0.1768,0.3089,0.6036,0.2464,0.1174,distractor_capture
2b_reference,base,collapsed_q2_edge,q2_structural_amplifier,boundary,560,0.6964,0.2768,0.8266,0.9893,0.2357,0.3232,0.5946,0.1518,0.0863,distractor_capture
2b_reference,base,collapsed_q2_edge,q2_structural_amplifier,coding,560,0.4143,0.2339,0.6625,0.7286,0.2393,0.275,0.4268,0.7804,0.034,cascade
2b_reference,base,collapsed_q2_edge,q2_structural_amplifier,epistemic,560,0.3964,0.2196,0.6653,0.7429,0.2304,0.2625,0.5411,0.6857,0.0205,cascade
2b_reference,base,collapsed_q2_edge,q2_structural_amplifier,forensic,560,0.4571,0.2375,0.7073,0.9661,0.2339,0.2982,0.5429,0.7554,0.0265,distractor_capture
2b_reference,base,collapsed_q2_edge,q2_structural_amplifier,generalist,560,0.3804,0.2357,0.6041,0.6339,0.2536,0.3161,0.5125,0.8571,0.0126,cascade
2b_reference,base,collapsed_q2_edge,q2_structural_amplifier,math,560,0.3107,0.1929,0.5654,0.6839,0.2607,0.2518,0.5375,1.3357,-0.0455,cascade
2b_reference,base,collapsed_q2_edge,q2_structural_amplifier,planning,560,0.45,0.2571,0.669,0.6714,0.2071,0.2786,0.4875,0.7196,0.0643,none
2b_reference,base,collapsed_q2_edge,q2_structural_amplifier,rhetoric,560,0.3125,0.175,0.5813,0.65,0.2554,0.2714,0.55,1.0893,-0.0544,cascade
2b_reference,base,collapsed_q2_edge,q2_structural_amplifier,spatial,560,0.3536,0.1982,0.6094,0.6732,0.2518,0.3054,0.4446,0.9661,-0.0223,cascade
2b_reference,base,collapsed_q2_edge,routed_tri_structural_60,adversarial,560,0.1661,0.1161,0.463,0.8375,0.4286,0.0589,0.5411,2.0393,-0.1695,cascade
2b_reference,base,collapsed_q2_edge,routed_tri_structural_60,boundary,560,0.1696,0.0929,0.451,0.7929,0.4054,0.0732,0.6589,1.9786,-0.195,cascade
2b_reference,base,collapsed_q2_edge,routed_tri_structural_60,coding,560,0.0839,0.0571,0.3159,0.5589,0.4536,0.0393,0.4911,2.4,-0.2461,cascade
2b_reference,base,collapsed_q2_edge,routed_tri_structural_60,epistemic,560,0.1018,0.075,0.362,0.6143,0.4214,0.0375,0.5339,1.9393,-0.1986,cascade
2b_reference,base,collapsed_q2_edge,routed_tri_structural_60,forensic,560,0.1571,0.1143,0.4076,0.8179,0.4125,0.0411,0.5464,2.0911,-0.1659,cascade
2b_reference,base,collapsed_q2_edge,routed_tri_structural_60,generalist,560,0.1143,0.0786,0.3578,0.6036,0.4143,0.05,0.5607,2.0411,-0.2026,cascade
2b_reference,base,collapsed_q2_edge,routed_tri_structural_60,math,560,0.1143,0.0911,0.3331,0.5804,0.3982,0.0429,0.6,2.5679,-0.2134,cascade
2b_reference,base,collapsed_q2_edge,routed_tri_structural_60,planning,560,0.1607,0.1214,0.3861,0.625,0.3768,0.0339,0.4804,2.15,-0.1443,cascade
2b_reference,base,collapsed_q2_edge,routed_tri_structural_60,rhetoric,560,0.1125,0.075,0.3103,0.5536,0.4339,0.0464,0.6393,2.4375,-0.2375,cascade
2b_reference,base,collapsed_q2_edge,routed_tri_structural_60,spatial,560,0.1089,0.0857,0.3299,0.5661,0.4,0.05,0.4625,2.3196,-0.1973,cascade
2b_reference,base,collapsed_q2_edge,routed_tri_structural_65,adversarial,560,0.1982,0.125,0.4738,0.8054,0.3804,0.0429,0.6089,1.9375,-0.1433,cascade
2b_reference,base,collapsed_q2_edge,routed_tri_structural_65,boundary,560,0.2036,0.1196,0.4756,0.8161,0.4286,0.05,0.6768,1.7464,-0.1604,cascade
2b_reference,base,collapsed_q2_edge,routed_tri_structural_65,coding,560,0.1125,0.0911,0.3659,0.6214,0.4,0.0571,0.4893,2.1857,-0.1888,cascade
2b_reference,base,collapsed_q2_edge,routed_tri_structural_65,epistemic,560,0.1286,0.0821,0.3756,0.6,0.4036,0.025,0.5786,1.8536,-0.1829,cascade
2b_reference,base,collapsed_q2_edge,routed_tri_structural_65,forensic,560,0.1643,0.125,0.4253,0.8036,0.4,0.05,0.5661,1.9804,-0.1493,cascade
2b_reference,base,collapsed_q2_edge,routed_tri_structural_65,generalist,560,0.0946,0.0786,0.352,0.55,0.4107,0.0411,0.5518,2.0786,-0.2009,cascade
2b_reference,base,collapsed_q2_edge,routed_tri_structural_65,math,560,0.0964,0.075,0.3442,0.5518,0.3554,0.0339,0.5786,2.5036,-0.2099,cascade
2b_reference,base,collapsed_q2_edge,routed_tri_structural_65,planning,560,0.1714,0.1286,0.3942,0.5804,0.3821,0.0357,0.45,2.025,-0.1305,cascade
2b_reference,base,collapsed_q2_edge,routed_tri_structural_65,rhetoric,560,0.1054,0.0768,0.3355,0.5679,0.4143,0.0393,0.5804,2.3268,-0.2181,cascade
2b_reference,base,collapsed_q2_edge,routed_tri_structural_65,spatial,560,0.1179,0.0893,0.3605,0.6107,0.4,0.0393,0.4464,2.1661,-0.1826,cascade
2b_reference,base,collapsed_q2_edge,stability_first_tri_70,adversarial,560,0.2375,0.1714,0.5043,0.8321,0.3571,0.0339,0.5696,1.8357,-0.0799,cascade
2b_reference,base,collapsed_q2_edge,stability_first_tri_70,boundary,560,0.2286,0.1286,0.4964,0.7982,0.4089,0.0536,0.6571,1.7143,-0.1431,cascade
2b_reference,base,collapsed_q2_edge,stability_first_tri_70,coding,560,0.1464,0.1,0.4007,0.6089,0.4071,0.0393,0.4839,2.0089,-0.1692,cascade
2b_reference,base,collapsed_q2_edge,stability_first_tri_70,epistemic,560,0.1482,0.0929,0.3954,0.5875,0.3732,0.0411,0.5929,1.7554,-0.1625,cascade
2b_reference,base,collapsed_q2_edge,stability_first_tri_70,forensic,560,0.1696,0.1089,0.4401,0.8089,0.4089,0.0607,0.55,1.9161,-0.1657,cascade
2b_reference,base,collapsed_q2_edge,stability_first_tri_70,generalist,560,0.1357,0.0911,0.3884,0.5643,0.4054,0.0446,0.5339,1.8839,-0.1764,cascade
2b_reference,base,collapsed_q2_edge,stability_first_tri_70,math,560,0.1214,0.1107,0.3785,0.6179,0.3554,0.0357,0.5304,2.3536,-0.1631,cascade
2b_reference,base,collapsed_q2_edge,stability_first_tri_70,planning,560,0.1661,0.1286,0.4171,0.5946,0.3339,0.0375,0.4875,1.8964,-0.1129,cascade
2b_reference,base,collapsed_q2_edge,stability_first_tri_70,rhetoric,560,0.1161,0.0839,0.3512,0.5839,0.4143,0.0393,0.5571,2.2625,-0.2059,cascade
2b_reference,base,collapsed_q2_edge,stability_first_tri_70,spatial,560,0.1571,0.1125,0.4051,0.6089,0.3571,0.0375,0.4839,1.9732,-0.1395,cascade
2b_reference,base,damaged_q2,cognitive_structural_25_75,adversarial,560,0.2196,0.1554,0.517,0.8,0.3,0.0286,0.5018,1.8196,-0.0715,cascade
2b_reference,base,damaged_q2,cognitive_structural_25_75,boundary,560,0.2732,0.1768,0.5356,0.7714,0.2964,0.0286,0.6071,1.6089,-0.0469,cascade
2b_reference,base,damaged_q2,cognitive_structural_25_75,coding,560,0.1857,0.1429,0.4789,0.6589,0.2875,0.0161,0.4268,1.7661,-0.0691,cascade
2b_reference,base,damaged_q2,cognitive_structural_25_75,epistemic,560,0.2054,0.1446,0.4714,0.6625,0.3018,0.0161,0.5268,1.5518,-0.0688,cascade
2b_reference,base,damaged_q2,cognitive_structural_25_75,forensic,560,0.2411,0.1768,0.4807,0.7768,0.3054,0.0214,0.475,1.8054,-0.0474,cascade
2b_reference,base,damaged_q2,cognitive_structural_25_75,generalist,560,0.1929,0.1393,0.4856,0.7,0.325,0.0214,0.4929,1.55,-0.0794,cascade
2b_reference,base,damaged_q2,cognitive_structural_25_75,math,560,0.2018,0.1536,0.4661,0.625,0.2821,0.0196,0.4893,1.9339,-0.0708,cascade
2b_reference,base,damaged_q2,cognitive_structural_25_75,planning,560,0.2804,0.2143,0.5103,0.6839,0.3214,0.0232,0.4107,1.5411,0.0033,cascade
2b_reference,base,damaged_q2,cognitive_structural_25_75,rhetoric,560,0.1839,0.1321,0.4636,0.6839,0.3,0.0107,0.4946,1.8321,-0.0912,cascade
2b_reference,base,damaged_q2,cognitive_structural_25_75,spatial,560,0.2357,0.1696,0.4881,0.6857,0.2589,0.0179,0.4232,1.7554,-0.0332,cascade
2b_reference,base,damaged_q2,cyber_structural_25_75,adversarial,560,0.4161,0.275,0.6637,0.925,0.2911,0.0339,0.5125,1.1446,0.0827,cascade
2b_reference,base,damaged_q2,cyber_structural_25_75,boundary,560,0.4393,0.2839,0.6718,0.925,0.3089,0.0518,0.5107,1.0107,0.0895,cascade
2b_reference,base,damaged_q2,cyber_structural_25_75,coding,560,0.2482,0.1768,0.5035,0.6482,0.2893,0.0375,0.3875,1.6089,-0.0289,cascade
2b_reference,base,damaged_q2,cyber_structural_25_75,epistemic,560,0.1893,0.1321,0.4562,0.6232,0.3661,0.0161,0.4821,1.5143,-0.0952,cascade
2b_reference,base,damaged_q2,cyber_structural_25_75,forensic,560,0.2982,0.2161,0.5653,0.9214,0.3125,0.0304,0.4571,1.4536,0.007,cascade
2b_reference,base,damaged_q2,cyber_structural_25_75,generalist,560,0.1768,0.1357,0.4477,0.5839,0.3304,0.0429,0.4554,1.6232,-0.0896,cascade
2b_reference,base,damaged_q2,cyber_structural_25_75,math,560,0.175,0.1357,0.4301,0.5786,0.3054,0.0321,0.4661,2.0554,-0.1024,cascade
2b_reference,base,damaged_q2,cyber_structural_25_75,planning,560,0.2589,0.2018,0.5024,0.6196,0.2679,0.0286,0.375,1.5768,0.0069,cascade
2b_reference,base,damaged_q2,cyber_structural_25_75,rhetoric,560,0.1464,0.1071,0.4265,0.5964,0.3304,0.0232,0.4982,1.9375,-0.1333,cascade
2b_reference,base,damaged_q2,cyber_structural_25_75,spatial,560,0.2018,0.1732,0.4632,0.6393,0.2946,0.0339,0.3429,1.7821,-0.0385,cascade
2b_reference,base,damaged_q2,q2_structural_amplifier,adversarial,560,0.7804,0.3661,0.8728,0.9875,0.1839,0.2857,0.4696,0.0446,0.2139,none
2b_reference,base,damaged_q2,q2_structural_amplifier,boundary,560,0.8089,0.325,0.8715,0.9857,0.1589,0.3089,0.5536,0.0482,0.1688,distractor_capture
2b_reference,base,damaged_q2,q2_structural_amplifier,coding,560,0.7214,0.3786,0.8351,0.8339,0.1464,0.3071,0.3625,0.1518,0.2366,none
2b_reference,base,damaged_q2,q2_structural_amplifier,epistemic,560,0.6964,0.3607,0.8243,0.8589,0.1679,0.2518,0.4429,0.1929,0.2149,none
2b_reference,base,damaged_q2,q2_structural_amplifier,forensic,560,0.7821,0.3893,0.8649,0.9929,0.1554,0.2786,0.4946,0.1554,0.2396,none
2b_reference,base,damaged_q2,q2_structural_amplifier,generalist,560,0.6464,0.3143,0.7918,0.8,0.1714,0.2893,0.4893,0.2411,0.1538,none
2b_reference,base,damaged_q2,q2_structural_amplifier,math,560,0.6,0.3107,0.7699,0.7804,0.175,0.2518,0.5071,0.4196,0.1463,none
2b_reference,base,damaged_q2,q2_structural_amplifier,planning,560,0.7107,0.3786,0.8327,0.8393,0.1536,0.2732,0.4,0.1643,0.2376,none
2b_reference,base,damaged_q2,q2_structural_amplifier,rhetoric,560,0.6393,0.3339,0.7924,0.7964,0.1625,0.2679,0.4732,0.3071,0.1784,none
2b_reference,base,damaged_q2,q2_structural_amplifier,spatial,560,0.675,0.3429,0.8174,0.8411,0.1554,0.2696,0.3821,0.2661,0.1984,none
2b_reference,base,damaged_q2,routed_tri_structural_60,adversarial,560,0.4929,0.3446,0.7195,0.9536,0.2643,0.0518,0.4643,0.9125,0.1722,none
2b_reference,base,damaged_q2,routed_tri_structural_60,boundary,560,0.5286,0.2732,0.7286,0.9589,0.2589,0.0589,0.5964,0.7982,0.0961,distractor_capture
2b_reference,base,damaged_q2,routed_tri_structural_60,coding,560,0.3268,0.2411,0.5879,0.7321,0.2536,0.0643,0.3821,1.3054,0.0563,cascade
2b_reference,base,damaged_q2,routed_tri_structural_60,epistemic,560,0.3589,0.25,0.6178,0.7946,0.2875,0.0411,0.4821,1.0036,0.0668,cascade
2b_reference,base,damaged_q2,routed_tri_structural_60,forensic,560,0.3964,0.275,0.6393,0.9375,0.2393,0.0464,0.4536,1.2179,0.0968,none
2b_reference,base,damaged_q2,routed_tri_structural_60,generalist,560,0.2911,0.2107,0.5856,0.7357,0.2464,0.0393,0.4625,1.1929,0.0323,cascade
2b_reference,base,damaged_q2,routed_tri_structural_60,math,560,0.2964,0.2089,0.5627,0.7464,0.2607,0.05,0.4714,1.5536,0.0053,cascade
2b_reference,base,damaged_q2,routed_tri_structural_60,planning,560,0.45,0.3464,0.6443,0.7607,0.2393,0.0357,0.3679,1.0518,0.1855,none
2b_reference,base,damaged_q2,routed_tri_structural_60,rhetoric,560,0.3268,0.2321,0.5752,0.7339,0.2482,0.0339,0.4768,1.3643,0.0445,cascade
2b_reference,base,damaged_q2,routed_tri_structural_60,spatial,560,0.3857,0.3036,0.6063,0.7232,0.2375,0.0482,0.3893,1.1857,0.1322,none
2b_reference,base,damaged_q2,routed_tri_structural_65,adversarial,560,0.5375,0.3393,0.747,0.9589,0.2411,0.0429,0.5036,0.7929,0.1785,none
2b_reference,base,damaged_q2,routed_tri_structural_65,boundary,560,0.5911,0.3875,0.7682,0.9661,0.2304,0.0696,0.4804,0.675,0.2323,none
2b_reference,base,damaged_q2,routed_tri_structural_65,coding,560,0.3375,0.2518,0.609,0.7304,0.2518,0.0375,0.4143,1.1875,0.0762,none
2b_reference,base,damaged_q2,routed_tri_structural_65,epistemic,560,0.3446,0.2464,0.6202,0.7482,0.2464,0.0357,0.4286,1.0107,0.0805,cascade
2b_reference,base,damaged_q2,routed_tri_structural_65,forensic,560,0.4196,0.2946,0.6611,0.925,0.2393,0.0429,0.4554,1.1143,0.1221,none
2b_reference,base,damaged_q2,routed_tri_structural_65,generalist,560,0.3286,0.2304,0.6029,0.7214,0.2464,0.0554,0.4982,1.1054,0.0502,cascade
2b_reference,base,damaged_q2,routed_tri_structural_65,math,560,0.3161,0.25,0.5898,0.7196,0.1964,0.0446,0.4661,1.4286,0.0734,none
2b_reference,base,damaged_q2,routed_tri_structural_65,planning,560,0.4446,0.3339,0.6485,0.7268,0.2286,0.0339,0.3857,1.0339,0.176,none
2b_reference,base,damaged_q2,routed_tri_structural_65,rhetoric,560,0.3036,0.2036,0.569,0.6982,0.2714,0.0411,0.4643,1.3054,0.0115,cascade
2b_reference,base,damaged_q2,routed_tri_structural_65,spatial,560,0.3518,0.2464,0.5783,0.6964,0.2446,0.0375,0.4464,1.2732,0.0662,none
2b_reference,base,damaged_q2,stability_first_tri_70,adversarial,560,0.5554,0.3571,0.7527,0.9429,0.2429,0.0446,0.4964,0.7482,0.1982,none
2b_reference,base,damaged_q2,stability_first_tri_70,boundary,560,0.6286,0.4,0.774,0.9554,0.2214,0.0482,0.5036,0.6518,0.2511,none
2b_reference,base,damaged_q2,stability_first_tri_70,coding,560,0.4179,0.2929,0.6511,0.7732,0.2518,0.0304,0.4357,1.0107,0.1259,none
2b_reference,base,damaged_q2,stability_first_tri_70,epistemic,560,0.4125,0.275,0.6609,0.8018,0.2518,0.0411,0.4804,0.8643,0.1096,none
2b_reference,base,damaged_q2,stability_first_tri_70,forensic,560,0.4857,0.3464,0.6918,0.9446,0.2375,0.0232,0.4661,0.9643,0.185,none
2b_reference,base,damaged_q2,stability_first_tri_70,generalist,560,0.3661,0.2643,0.625,0.7143,0.2304,0.0607,0.4571,1.0143,0.0958,none
2b_reference,base,damaged_q2,stability_first_tri_70,math,560,0.3893,0.2696,0.6265,0.7411,0.225,0.0536,0.5125,1.2071,0.0901,none
2b_reference,base,damaged_q2,stability_first_tri_70,planning,560,0.4679,0.35,0.6714,0.7732,0.25,0.0375,0.3732,0.9232,0.1915,none
2b_reference,base,damaged_q2,stability_first_tri_70,rhetoric,560,0.3661,0.2821,0.6171,0.7607,0.2482,0.0339,0.4661,1.175,0.1049,none
2b_reference,base,damaged_q2,stability_first_tri_70,spatial,560,0.4071,0.3018,0.6047,0.7161,0.2589,0.0357,0.3643,1.1893,0.1284,none
2b_reference,base,damaged_q3,cognitive_structural_25_75,adversarial,560,0.8143,0.5804,0.8932,0.9857,0.1357,0.0125,0.3411,0.225,0.4986,none
2b_reference,base,damaged_q3,cognitive_structural_25_75,boundary,560,0.8196,0.5536,0.8907,0.9821,0.1321,0.0214,0.3839,0.2196,0.4679,none
2b_reference,base,damaged_q3,cognitive_structural_25_75,coding,560,0.7143,0.5304,0.8432,0.8982,0.1446,0.0304,0.2839,0.3589,0.4402,none
2b_reference,base,damaged_q3,cognitive_structural_25_75,epistemic,560,0.7339,0.5643,0.8652,0.9446,0.1357,0.0143,0.3054,0.2786,0.4824,none
2b_reference,base,damaged_q3,cognitive_structural_25_75,forensic,560,0.7036,0.5321,0.8375,0.9714,0.1643,0.0268,0.325,0.4464,0.4292,none
2b_reference,base,damaged_q3,cognitive_structural_25_75,generalist,560,0.6875,0.5464,0.8309,0.8893,0.1446,0.0232,0.3071,0.3732,0.4552,none
2b_reference,base,damaged_q3,cognitive_structural_25_75,math,560,0.7571,0.5375,0.8532,0.9089,0.0911,0.0196,0.3786,0.4179,0.4551,none
2b_reference,base,damaged_q3,cognitive_structural_25_75,planning,560,0.7786,0.5982,0.8716,0.9179,0.1196,0.025,0.2857,0.275,0.5207,none
2b_reference,base,damaged_q3,cognitive_structural_25_75,rhetoric,560,0.6786,0.4964,0.8143,0.8839,0.1411,0.0143,0.3196,0.5018,0.4006,none
2b_reference,base,damaged_q3,cognitive_structural_25_75,spatial,560,0.7429,0.5679,0.8368,0.8929,0.1393,0.0214,0.2821,0.4,0.4792,none
2b_reference,base,damaged_q3,cyber_structural_25_75,adversarial,560,0.8321,0.6107,0.9175,0.9821,0.1411,0.0411,0.2893,0.0786,0.5331,none
2b_reference,base,damaged_q3,cyber_structural_25_75,boundary,560,0.8268,0.5339,0.9097,0.9911,0.1482,0.0518,0.3768,0.0804,0.4449,none
2b_reference,base,damaged_q3,cyber_structural_25_75,coding,560,0.6911,0.525,0.8331,0.8768,0.1679,0.0554,0.2607,0.3571,0.4249,none
2b_reference,base,damaged_q3,cyber_structural_25_75,epistemic,560,0.7018,0.55,0.8355,0.8482,0.1196,0.0214,0.3304,0.3286,0.467,none
2b_reference,base,damaged_q3,cyber_structural_25_75,forensic,560,0.8375,0.6339,0.8972,0.9982,0.1036,0.0321,0.2643,0.2714,0.5617,none
2b_reference,base,damaged_q3,cyber_structural_25_75,generalist,560,0.6411,0.4857,0.7971,0.8018,0.1411,0.0357,0.3161,0.4393,0.389,none
2b_reference,base,damaged_q3,cyber_structural_25_75,math,560,0.6357,0.4607,0.7908,0.8196,0.1161,0.0464,0.3196,0.625,0.3598,none
2b_reference,base,damaged_q3,cyber_structural_25_75,planning,560,0.7286,0.575,0.838,0.8429,0.1304,0.0232,0.2482,0.3536,0.4937,none
2b_reference,base,damaged_q3,cyber_structural_25_75,rhetoric,560,0.6625,0.4946,0.7957,0.8268,0.1411,0.0232,0.3054,0.525,0.397,none
2b_reference,base,damaged_q3,cyber_structural_25_75,spatial,560,0.6857,0.5339,0.8124,0.8518,0.1339,0.0232,0.2607,0.4893,0.4438,none
2b_reference,base,damaged_q3,q2_structural_amplifier,adversarial,560,0.8554,0.4357,0.9025,0.9946,0.1125,0.2964,0.3464,0.0554,0.3122,none
2b_reference,base,damaged_q3,q2_structural_amplifier,boundary,560,0.8589,0.4411,0.9015,0.9821,0.1143,0.2786,0.3589,0.0446,0.3201,none
2b_reference,base,damaged_q3,q2_structural_amplifier,coding,560,0.8554,0.4625,0.9052,0.9893,0.1143,0.2732,0.2964,0.0554,0.3471,none
2b_reference,base,damaged_q3,q2_structural_amplifier,epistemic,560,0.8786,0.4482,0.9169,0.9893,0.0964,0.2679,0.3214,0.0304,0.3385,none
2b_reference,base,damaged_q3,q2_structural_amplifier,forensic,560,0.8554,0.4321,0.9037,0.9929,0.1125,0.2786,0.3571,0.0589,0.3112,none
2b_reference,base,damaged_q3,q2_structural_amplifier,generalist,560,0.8286,0.45,0.8956,0.9661,0.1125,0.2786,0.3482,0.0536,0.33,none
2b_reference,base,damaged_q3,q2_structural_amplifier,math,560,0.8661,0.4429,0.9076,0.9786,0.0821,0.2571,0.4018,0.0696,0.3312,none
2b_reference,base,damaged_q3,q2_structural_amplifier,planning,560,0.8679,0.4821,0.9111,0.9929,0.1125,0.25,0.2893,0.0411,0.3732,none
2b_reference,base,damaged_q3,q2_structural_amplifier,rhetoric,560,0.8554,0.4304,0.901,0.975,0.1,0.2804,0.3875,0.0679,0.3099,none
2b_reference,base,damaged_q3,q2_structural_amplifier,spatial,560,0.8857,0.4643,0.9176,0.9821,0.0804,0.3,0.2679,0.0536,0.3561,none
2b_reference,base,damaged_q3,routed_tri_structural_60,adversarial,560,0.8429,0.5893,0.9216,0.9911,0.1321,0.05,0.3196,0.0643,0.5109,none
2b_reference,base,damaged_q3,routed_tri_structural_60,boundary,560,0.8929,0.5821,0.9327,0.9929,0.0982,0.0643,0.3554,0.0482,0.509,none
2b_reference,base,damaged_q3,routed_tri_structural_60,coding,560,0.8571,0.6143,0.9223,0.9786,0.1179,0.0536,0.2732,0.0857,0.5421,none
2b_reference,base,damaged_q3,routed_tri_structural_60,epistemic,560,0.8375,0.6071,0.918,0.9786,0.1232,0.025,0.3143,0.0804,0.536,none
2b_reference,base,damaged_q3,routed_tri_structural_60,forensic,560,0.8179,0.5893,0.9005,0.9857,0.1339,0.0464,0.3232,0.1643,0.5058,none
2b_reference,base,damaged_q3,routed_tri_structural_60,generalist,560,0.8339,0.6018,0.912,0.9625,0.1071,0.0571,0.2786,0.1286,0.5295,none
2b_reference,base,damaged_q3,routed_tri_structural_60,math,560,0.8054,0.5589,0.8924,0.9321,0.1071,0.0375,0.3196,0.2196,0.4827,none
2b_reference,base,damaged_q3,routed_tri_structural_60,planning,560,0.8446,0.625,0.9179,0.9607,0.1107,0.0429,0.2661,0.1,0.5569,none
2b_reference,base,damaged_q3,routed_tri_structural_60,rhetoric,560,0.8,0.5643,0.8975,0.9625,0.1554,0.0357,0.3071,0.1321,0.4794,none
2b_reference,base,damaged_q3,routed_tri_structural_60,spatial,560,0.8321,0.6339,0.9113,0.9464,0.1161,0.0482,0.2286,0.1304,0.5647,none
2b_reference,base,damaged_q3,routed_tri_structural_65,adversarial,560,0.8554,0.5964,0.9241,0.9804,0.125,0.0393,0.3161,0.0536,0.5231,none
2b_reference,base,damaged_q3,routed_tri_structural_65,boundary,560,0.8732,0.6107,0.93,0.9929,0.1143,0.0429,0.3268,0.0482,0.5393,none
2b_reference,base,damaged_q3,routed_tri_structural_65,coding,560,0.85,0.6321,0.9216,0.9482,0.1107,0.0464,0.2411,0.075,0.5666,none
2b_reference,base,damaged_q3,routed_tri_structural_65,epistemic,560,0.8339,0.6071,0.9195,0.9786,0.1321,0.025,0.3054,0.0607,0.535,none
2b_reference,base,damaged_q3,routed_tri_structural_65,forensic,560,0.8786,0.6375,0.9315,0.9911,0.0946,0.0482,0.2839,0.0857,0.5725,none
2b_reference,base,damaged_q3,routed_tri_structural_65,generalist,560,0.8393,0.5714,0.9136,0.95,0.1018,0.0661,0.3554,0.0839,0.4951,none
2b_reference,base,damaged_q3,routed_tri_structural_65,math,560,0.8286,0.5839,0.9077,0.9518,0.1018,0.0589,0.3357,0.1536,0.5071,none
2b_reference,base,damaged_q3,routed_tri_structural_65,planning,560,0.8661,0.6304,0.9224,0.9571,0.1054,0.0464,0.2607,0.0839,0.5644,none
2b_reference,base,damaged_q3,routed_tri_structural_65,rhetoric,560,0.8339,0.5911,0.9085,0.9482,0.1107,0.0482,0.3268,0.125,0.5158,none
2b_reference,base,damaged_q3,routed_tri_structural_65,spatial,560,0.8482,0.6429,0.9166,0.9536,0.1161,0.0482,0.2304,0.1107,0.5744,none
2b_reference,base,damaged_q3,stability_first_tri_70,adversarial,560,0.8643,0.6304,0.9279,0.9911,0.1179,0.0232,0.2946,0.0696,0.5633,none
2b_reference,base,damaged_q3,stability_first_tri_70,boundary,560,0.8518,0.5857,0.9208,0.9911,0.1286,0.0518,0.3286,0.0714,0.5069,none
2b_reference,base,damaged_q3,stability_first_tri_70,coding,560,0.8518,0.6286,0.9214,0.9607,0.1179,0.0268,0.2643,0.075,0.563,none
2b_reference,base,damaged_q3,stability_first_tri_70,epistemic,560,0.8661,0.6268,0.9284,0.975,0.1071,0.0268,0.2893,0.0554,0.5634,none
2b_reference,base,damaged_q3,stability_first_tri_70,forensic,560,0.8679,0.6089,0.9265,0.9911,0.1143,0.0357,0.3071,0.0714,0.5394,none
2b_reference,base,damaged_q3,stability_first_tri_70,generalist,560,0.8429,0.5804,0.9177,0.9554,0.0946,0.0518,0.3286,0.0875,0.5109,none
2b_reference,base,damaged_q3,stability_first_tri_70,math,560,0.8429,0.5696,0.9083,0.9464,0.1125,0.0143,0.3464,0.1232,0.4992,none
2b_reference,base,damaged_q3,stability_first_tri_70,planning,560,0.8554,0.6589,0.9238,0.9607,0.1089,0.0339,0.2339,0.0839,0.5966,none
2b_reference,base,damaged_q3,stability_first_tri_70,rhetoric,560,0.8482,0.6071,0.915,0.9429,0.1107,0.0304,0.3161,0.0857,0.5383,none
2b_reference,base,damaged_q3,stability_first_tri_70,spatial,560,0.8661,0.6482,0.9263,0.9589,0.0964,0.0518,0.2339,0.0929,0.5856,none
2b_reference,base,damaged_q4,cognitive_structural_25_75,adversarial,560,0.9071,0.7036,0.9469,0.9911,0.0732,0.0143,0.2357,0.0643,0.6567,none
2b_reference,base,damaged_q4,cognitive_structural_25_75,boundary,560,0.8946,0.6411,0.9405,0.9946,0.0893,0.0286,0.2839,0.0518,0.5833,none
2b_reference,base,damaged_q4,cognitive_structural_25_75,coding,560,0.8804,0.6964,0.9376,0.9786,0.0964,0.0232,0.2071,0.0661,0.643,none
2b_reference,base,damaged_q4,cognitive_structural_25_75,epistemic,560,0.8857,0.6321,0.9411,0.9893,0.0768,0.0054,0.3268,0.0411,0.5798,none
2b_reference,base,damaged_q4,cognitive_structural_25_75,forensic,560,0.9018,0.6875,0.9429,0.9857,0.0714,0.0286,0.2643,0.0661,0.6359,none
2b_reference,base,damaged_q4,cognitive_structural_25_75,generalist,560,0.8839,0.6571,0.9408,0.9893,0.0732,0.0321,0.2714,0.0643,0.6038,none
2b_reference,base,damaged_q4,cognitive_structural_25_75,math,560,0.9036,0.6696,0.9402,0.9732,0.0661,0.0161,0.2786,0.0786,0.6204,none
2b_reference,base,damaged_q4,cognitive_structural_25_75,planning,560,0.9018,0.7143,0.9461,0.9768,0.0732,0.0214,0.2125,0.0482,0.6686,none
2b_reference,base,damaged_q4,cognitive_structural_25_75,rhetoric,560,0.8679,0.6714,0.9345,0.9786,0.1071,0.0214,0.2375,0.0554,0.6132,none
2b_reference,base,damaged_q4,cognitive_structural_25_75,spatial,560,0.9,0.6946,0.9399,0.9696,0.0839,0.0179,0.2286,0.0589,0.6447,none
2b_reference,base,damaged_q4,cyber_structural_25_75,adversarial,560,0.8768,0.6768,0.9361,0.9929,0.1107,0.0268,0.25,0.0571,0.6154,none
2b_reference,base,damaged_q4,cyber_structural_25_75,boundary,560,0.875,0.6571,0.9354,0.9982,0.1125,0.0411,0.2589,0.0571,0.5916,none
2b_reference,base,damaged_q4,cyber_structural_25_75,coding,560,0.8714,0.6625,0.9359,0.9679,0.1018,0.0429,0.225,0.0482,0.603,none
2b_reference,base,damaged_q4,cyber_structural_25_75,epistemic,560,0.8786,0.6571,0.9307,0.9625,0.0875,0.0179,0.2625,0.0696,0.6028,none
2b_reference,base,damaged_q4,cyber_structural_25_75,forensic,560,0.8875,0.6875,0.9428,0.9893,0.0875,0.0286,0.2357,0.0518,0.6341,none
2b_reference,base,damaged_q4,cyber_structural_25_75,generalist,560,0.8607,0.6607,0.9262,0.9357,0.0821,0.0464,0.2339,0.0786,0.6041,none
2b_reference,base,damaged_q4,cyber_structural_25_75,math,560,0.8679,0.6625,0.9253,0.925,0.0732,0.025,0.2571,0.0982,0.6101,none
2b_reference,base,damaged_q4,cyber_structural_25_75,planning,560,0.8589,0.7071,0.9258,0.9446,0.1018,0.0214,0.1929,0.075,0.6531,none
2b_reference,base,damaged_q4,cyber_structural_25_75,rhetoric,560,0.8375,0.6143,0.9141,0.9125,0.0946,0.0393,0.2875,0.0893,0.5506,none
2b_reference,base,damaged_q4,cyber_structural_25_75,spatial,560,0.8714,0.7179,0.9294,0.9321,0.0893,0.0232,0.1804,0.0857,0.6677,none
2b_reference,base,damaged_q4,q2_structural_amplifier,adversarial,560,0.8893,0.5071,0.9173,0.9821,0.0821,0.2964,0.2482,0.0411,0.4013,none
2b_reference,base,damaged_q4,q2_structural_amplifier,boundary,560,0.8857,0.4839,0.9163,0.9839,0.0821,0.2893,0.3018,0.0393,0.3753,none
2b_reference,base,damaged_q4,q2_structural_amplifier,coding,560,0.9036,0.4982,0.9205,0.9964,0.0821,0.2839,0.25,0.0482,0.3944,none
2b_reference,base,damaged_q4,q2_structural_amplifier,epistemic,560,0.8964,0.5232,0.9271,0.9964,0.0696,0.2554,0.2696,0.0429,0.4275,none
2b_reference,base,damaged_q4,q2_structural_amplifier,forensic,560,0.8911,0.5107,0.9215,0.9911,0.0857,0.2643,0.2464,0.0554,0.4097,none
2b_reference,base,damaged_q4,q2_structural_amplifier,generalist,560,0.8679,0.4661,0.9128,0.9911,0.0982,0.3018,0.2536,0.0393,0.354,none
2b_reference,base,damaged_q4,q2_structural_amplifier,math,560,0.8982,0.4661,0.9191,0.9964,0.0768,0.2821,0.3357,0.0536,0.3571,none
2b_reference,base,damaged_q4,q2_structural_amplifier,planning,560,0.8875,0.4911,0.9193,0.9857,0.0804,0.3107,0.2321,0.0375,0.3844,none
2b_reference,base,damaged_q4,q2_structural_amplifier,rhetoric,560,0.8786,0.4857,0.9161,0.9893,0.0946,0.2696,0.2911,0.0518,0.3775,none
2b_reference,base,damaged_q4,q2_structural_amplifier,spatial,560,0.9,0.5339,0.9288,0.9911,0.0679,0.2696,0.2446,0.0464,0.4377,none
2b_reference,base,damaged_q4,routed_tri_structural_60,adversarial,560,0.8911,0.6768,0.9416,0.9929,0.0946,0.0375,0.2339,0.0554,0.6194,none
2b_reference,base,damaged_q4,routed_tri_structural_60,boundary,560,0.8857,0.6518,0.9396,0.9911,0.1,0.0482,0.2661,0.0411,0.5888,none
2b_reference,base,damaged_q4,routed_tri_structural_60,coding,560,0.9018,0.6893,0.9419,0.9911,0.0786,0.0464,0.2089,0.0804,0.6357,none
2b_reference,base,damaged_q4,routed_tri_structural_60,epistemic,560,0.8946,0.6625,0.9411,0.9857,0.0732,0.0268,0.2768,0.0571,0.6102,none
2b_reference,base,damaged_q4,routed_tri_structural_60,forensic,560,0.9089,0.6536,0.9473,0.9929,0.0732,0.0554,0.2643,0.0518,0.5968,none
2b_reference,base,damaged_q4,routed_tri_structural_60,generalist,560,0.8661,0.6429,0.9383,0.9946,0.1054,0.075,0.2286,0.0482,0.5756,none
2b_reference,base,damaged_q4,routed_tri_structural_60,math,560,0.9071,0.6679,0.9421,0.9893,0.0786,0.0286,0.2804,0.0607,0.6131,none
2b_reference,base,damaged_q4,routed_tri_structural_60,planning,560,0.9125,0.7214,0.9541,0.9946,0.075,0.0375,0.1929,0.0339,0.6743,none
2b_reference,base,damaged_q4,routed_tri_structural_60,rhetoric,560,0.8911,0.6607,0.94,0.9857,0.0821,0.0464,0.2786,0.0589,0.6016,none
2b_reference,base,damaged_q4,routed_tri_structural_60,spatial,560,0.8946,0.725,0.9477,0.9929,0.0946,0.0357,0.1714,0.0446,0.6735,none
2b_reference,base,damaged_q4,routed_tri_structural_65,adversarial,560,0.875,0.6661,0.9356,0.9893,0.1089,0.0446,0.225,0.0625,0.6033,none
2b_reference,base,damaged_q4,routed_tri_structural_65,boundary,560,0.8839,0.6732,0.9415,0.9946,0.0964,0.0482,0.2232,0.0571,0.6139,none
2b_reference,base,damaged_q4,routed_tri_structural_65,coding,560,0.9286,0.7054,0.9544,0.9929,0.0518,0.0554,0.2196,0.0589,0.6582,none
2b_reference,base,damaged_q4,routed_tri_structural_65,epistemic,560,0.9036,0.6679,0.9474,0.9929,0.0714,0.025,0.2589,0.0464,0.6184,none
2b_reference,base,damaged_q4,routed_tri_structural_65,forensic,560,0.8929,0.6554,0.9416,0.9893,0.0893,0.05,0.2429,0.0554,0.5964,none
2b_reference,base,damaged_q4,routed_tri_structural_65,generalist,560,0.8946,0.65,0.9459,0.9857,0.0821,0.0643,0.2339,0.0357,0.592,none
2b_reference,base,damaged_q4,routed_tri_structural_65,math,560,0.9143,0.6786,0.9481,0.9929,0.0714,0.0536,0.25,0.0589,0.6235,none
2b_reference,base,damaged_q4,routed_tri_structural_65,planning,560,0.9268,0.7161,0.9553,0.9964,0.0625,0.0375,0.1982,0.0464,0.6716,none
2b_reference,base,damaged_q4,routed_tri_structural_65,rhetoric,560,0.9143,0.7,0.9502,0.9911,0.0625,0.0357,0.2357,0.0571,0.6524,none
2b_reference,base,damaged_q4,routed_tri_structural_65,spatial,560,0.8786,0.6768,0.9402,0.9839,0.0982,0.0357,0.2232,0.0464,0.62,none
2b_reference,base,damaged_q4,stability_first_tri_70,adversarial,560,0.8875,0.6911,0.9433,0.9982,0.0929,0.0393,0.2321,0.0571,0.6339,none
2b_reference,base,damaged_q4,stability_first_tri_70,boundary,560,0.9071,0.6589,0.9452,0.9875,0.075,0.0554,0.2625,0.0482,0.6019,none
2b_reference,base,damaged_q4,stability_first_tri_70,coding,560,0.9107,0.6893,0.9484,0.9839,0.0732,0.0268,0.2304,0.0429,0.6414,none
2b_reference,base,damaged_q4,stability_first_tri_70,epistemic,560,0.8982,0.6839,0.9458,0.9857,0.0696,0.0196,0.2482,0.05,0.6368,none
2b_reference,base,damaged_q4,stability_first_tri_70,forensic,560,0.8857,0.6321,0.9391,0.9964,0.1018,0.0554,0.2679,0.0464,0.5668,none
2b_reference,base,damaged_q4,stability_first_tri_70,generalist,560,0.9071,0.6714,0.9501,0.9911,0.0679,0.05,0.2554,0.0357,0.6189,none
2b_reference,base,damaged_q4,stability_first_tri_70,math,560,0.9196,0.6571,0.9465,0.9964,0.0607,0.0321,0.2875,0.0714,0.6059,none
2b_reference,base,damaged_q4,stability_first_tri_70,planning,560,0.9089,0.7018,0.9506,0.9929,0.0696,0.0482,0.2107,0.05,0.6519,none
2b_reference,base,damaged_q4,stability_first_tri_70,rhetoric,560,0.9125,0.6804,0.9493,0.9893,0.0714,0.0357,0.2446,0.0446,0.63,none
2b_reference,base,damaged_q4,stability_first_tri_70,spatial,560,0.9036,0.6839,0.9437,0.9929,0.0786,0.0429,0.2339,0.0679,0.6297,none
2b_reference,base,healthy_q6,cognitive_structural_25_75,adversarial,560,0.9196,0.7607,0.9565,0.9893,0.0589,0.0304,0.1554,0.0589,0.7216,none
2b_reference,base,healthy_q6,cognitive_structural_25_75,boundary,560,0.9339,0.7679,0.9593,0.9929,0.0607,0.0232,0.175,0.0411,0.7289,none
2b_reference,base,healthy_q6,cognitive_structural_25_75,coding,560,0.9179,0.7518,0.9553,0.9911,0.0589,0.0214,0.1661,0.0589,0.7136,none
2b_reference,base,healthy_q6,cognitive_structural_25_75,epistemic,560,0.9357,0.7536,0.9612,0.9911,0.0393,0.0089,0.2018,0.0411,0.7218,none
2b_reference,base,healthy_q6,cognitive_structural_25_75,forensic,560,0.9125,0.7464,0.9503,0.9893,0.0696,0.025,0.1768,0.0643,0.7032,none
2b_reference,base,healthy_q6,cognitive_structural_25_75,generalist,560,0.9196,0.7232,0.9552,0.9946,0.0607,0.0304,0.225,0.0393,0.679,none
2b_reference,base,healthy_q6,cognitive_structural_25_75,math,560,0.9286,0.7143,0.9551,0.9875,0.05,0.0179,0.2464,0.05,0.6735,none
2b_reference,base,healthy_q6,cognitive_structural_25_75,planning,560,0.9214,0.7804,0.9566,0.9929,0.0696,0.0089,0.1536,0.0464,0.7431,none
2b_reference,base,healthy_q6,cognitive_structural_25_75,rhetoric,560,0.9268,0.7268,0.958,0.9839,0.0518,0.0179,0.2089,0.0375,0.6891,none
2b_reference,base,healthy_q6,cognitive_structural_25_75,spatial,560,0.9232,0.7732,0.9563,0.9875,0.0607,0.025,0.1482,0.0554,0.7354,none
2b_reference,base,healthy_q6,cyber_structural_25_75,adversarial,560,0.9143,0.7429,0.9526,0.9929,0.0661,0.0357,0.1732,0.0679,0.6986,none
2b_reference,base,healthy_q6,cyber_structural_25_75,boundary,560,0.9232,0.7357,0.9551,0.9911,0.0661,0.0429,0.1911,0.0446,0.6898,none
2b_reference,base,healthy_q6,cyber_structural_25_75,coding,560,0.9321,0.7768,0.9609,0.9875,0.0464,0.0304,0.15,0.0536,0.7421,none
2b_reference,base,healthy_q6,cyber_structural_25_75,epistemic,560,0.9196,0.7429,0.9568,0.9929,0.0625,0.0232,0.175,0.0411,0.7034,none
2b_reference,base,healthy_q6,cyber_structural_25_75,forensic,560,0.9214,0.75,0.9534,0.9911,0.0571,0.025,0.1804,0.0643,0.7102,none
2b_reference,base,healthy_q6,cyber_structural_25_75,generalist,560,0.9161,0.7429,0.9563,0.9911,0.0464,0.0321,0.1821,0.0625,0.7048,none
2b_reference,base,healthy_q6,cyber_structural_25_75,math,560,0.9446,0.7679,0.9626,0.9946,0.0321,0.0268,0.2036,0.0643,0.7334,none
2b_reference,base,healthy_q6,cyber_structural_25_75,planning,560,0.9268,0.7732,0.96,0.9875,0.0625,0.025,0.1536,0.0321,0.7356,none
2b_reference,base,healthy_q6,cyber_structural_25_75,rhetoric,560,0.9339,0.7643,0.9591,0.9911,0.0625,0.0393,0.175,0.0393,0.7217,none
2b_reference,base,healthy_q6,cyber_structural_25_75,spatial,560,0.9375,0.8071,0.9641,0.9911,0.0536,0.0429,0.1018,0.05,0.7719,none
2b_reference,base,healthy_q6,q2_structural_amplifier,adversarial,560,0.8982,0.5232,0.928,0.9893,0.0696,0.2946,0.2089,0.0357,0.4249,none
2b_reference,base,healthy_q6,q2_structural_amplifier,boundary,560,0.8911,0.5071,0.9164,0.9875,0.0786,0.2982,0.2375,0.0643,0.4017,none
2b_reference,base,healthy_q6,q2_structural_amplifier,coding,560,0.8929,0.5268,0.9251,0.9911,0.0661,0.2875,0.2089,0.0536,0.4301,none
2b_reference,base,healthy_q6,q2_structural_amplifier,epistemic,560,0.9089,0.5589,0.934,0.9821,0.0554,0.2518,0.2321,0.0375,0.4715,none
2b_reference,base,healthy_q6,q2_structural_amplifier,forensic,560,0.9,0.5125,0.9243,0.9982,0.0839,0.3054,0.2393,0.0411,0.4051,none
2b_reference,base,healthy_q6,q2_structural_amplifier,generalist,560,0.8946,0.5089,0.9274,0.9964,0.0643,0.3018,0.2161,0.0393,0.41,none
2b_reference,base,healthy_q6,q2_structural_amplifier,math,560,0.9161,0.5143,0.9289,0.9821,0.0571,0.275,0.2554,0.0536,0.419,none
2b_reference,base,healthy_q6,q2_structural_amplifier,planning,560,0.9125,0.5643,0.9311,0.9946,0.0607,0.2893,0.1804,0.0464,0.4715,none
2b_reference,base,healthy_q6,q2_structural_amplifier,rhetoric,560,0.8911,0.5536,0.9272,0.9804,0.0732,0.2571,0.2321,0.0429,0.4595,none
2b_reference,base,healthy_q6,q2_structural_amplifier,spatial,560,0.9089,0.5821,0.9334,0.9786,0.0607,0.2732,0.1536,0.0482,0.4946,none
2b_reference,base,healthy_q6,routed_tri_structural_60,adversarial,560,0.9375,0.7714,0.962,0.9929,0.05,0.0536,0.1429,0.0536,0.7316,none
2b_reference,base,healthy_q6,routed_tri_structural_60,boundary,560,0.9125,0.725,0.9525,0.9964,0.0679,0.05,0.1768,0.0643,0.6773,none
2b_reference,base,healthy_q6,routed_tri_structural_60,coding,560,0.9286,0.7518,0.9585,0.9857,0.0589,0.0446,0.1625,0.0411,0.7101,none
2b_reference,base,healthy_q6,routed_tri_structural_60,epistemic,560,0.9161,0.725,0.957,0.9946,0.0607,0.0339,0.2018,0.0375,0.682,none
2b_reference,base,healthy_q6,routed_tri_structural_60,forensic,560,0.9375,0.75,0.9604,0.9857,0.0446,0.0625,0.1643,0.0518,0.7084,none
2b_reference,base,healthy_q6,routed_tri_structural_60,generalist,560,0.9286,0.7589,0.9619,0.9875,0.0464,0.0607,0.1464,0.0446,0.7189,none
2b_reference,base,healthy_q6,routed_tri_structural_60,math,560,0.9321,0.7321,0.9583,0.9911,0.0518,0.0393,0.2054,0.0464,0.69,none
2b_reference,base,healthy_q6,routed_tri_structural_60,planning,560,0.95,0.7875,0.9623,0.9929,0.0464,0.0125,0.1643,0.0518,0.7553,none
2b_reference,base,healthy_q6,routed_tri_structural_60,rhetoric,560,0.9286,0.7304,0.9541,0.9875,0.0554,0.0411,0.2018,0.0607,0.6864,none
2b_reference,base,healthy_q6,routed_tri_structural_60,spatial,560,0.9143,0.7464,0.9545,0.9875,0.0643,0.0482,0.1571,0.0536,0.7023,none
2b_reference,base,healthy_q6,routed_tri_structural_65,adversarial,560,0.9161,0.725,0.9515,0.9946,0.0661,0.0482,0.1946,0.0661,0.6767,none
2b_reference,base,healthy_q6,routed_tri_structural_65,boundary,560,0.9286,0.7661,0.9586,0.9893,0.0607,0.0446,0.1411,0.0536,0.725,none
2b_reference,base,healthy_q6,routed_tri_structural_65,coding,560,0.9464,0.7625,0.9616,0.9929,0.0482,0.0554,0.1482,0.0536,0.7224,none
2b_reference,base,healthy_q6,routed_tri_structural_65,epistemic,560,0.925,0.7714,0.9599,0.9946,0.05,0.0268,0.1571,0.0536,0.7358,none
2b_reference,base,healthy_q6,routed_tri_structural_65,forensic,560,0.9357,0.7232,0.9595,0.9893,0.05,0.0643,0.1893,0.0446,0.678,none
2b_reference,base,healthy_q6,routed_tri_structural_65,generalist,560,0.9286,0.7464,0.9614,0.9946,0.05,0.0482,0.1714,0.0411,0.706,none
2b_reference,base,healthy_q6,routed_tri_structural_65,math,560,0.9482,0.7625,0.9624,0.9893,0.0429,0.0268,0.2036,0.0429,0.7259,none
2b_reference,base,healthy_q6,routed_tri_structural_65,planning,560,0.9214,0.7482,0.952,0.9857,0.0679,0.0232,0.1929,0.0464,0.7055,none
2b_reference,base,healthy_q6,routed_tri_structural_65,rhetoric,560,0.925,0.7571,0.9566,0.9875,0.0589,0.0286,0.1732,0.05,0.7174,none
2b_reference,base,healthy_q6,routed_tri_structural_65,spatial,560,0.9179,0.75,0.9536,0.9839,0.0625,0.0429,0.1464,0.0607,0.7079,none
2b_reference,base,healthy_q6,stability_first_tri_70,adversarial,560,0.9179,0.7375,0.9539,0.9911,0.0661,0.0571,0.1625,0.0643,0.69,none
2b_reference,base,healthy_q6,stability_first_tri_70,boundary,560,0.9339,0.7214,0.9578,0.9946,0.0518,0.0571,0.1964,0.0554,0.676,none
2b_reference,base,healthy_q6,stability_first_tri_70,coding,560,0.9179,0.7536,0.9585,0.9911,0.0661,0.0518,0.1518,0.0375,0.7094,none
2b_reference,base,healthy_q6,stability_first_tri_70,epistemic,560,0.9357,0.7732,0.9624,0.9911,0.0482,0.0232,0.1768,0.0375,0.7381,none
2b_reference,base,healthy_q6,stability_first_tri_70,forensic,560,0.9464,0.7607,0.962,0.9946,0.0482,0.0393,0.175,0.05,0.7219,none
2b_reference,base,healthy_q6,stability_first_tri_70,generalist,560,0.9232,0.7464,0.958,0.9893,0.05,0.05,0.1714,0.0518,0.7051,none
2b_reference,base,healthy_q6,stability_first_tri_70,math,560,0.9571,0.7304,0.9659,0.9946,0.0304,0.0304,0.2286,0.0411,0.6948,none
2b_reference,base,healthy_q6,stability_first_tri_70,planning,560,0.9357,0.8,0.9629,0.9946,0.05,0.0268,0.1357,0.0518,0.7662,none
2b_reference,base,healthy_q6,stability_first_tri_70,rhetoric,560,0.9429,0.75,0.9645,0.9911,0.0482,0.0429,0.175,0.0321,0.7114,none
2b_reference,base,healthy_q6,stability_first_tri_70,spatial,560,0.9321,0.7482,0.9602,0.9929,0.0554,0.0464,0.1714,0.0464,0.7063,none
2b_reference,base,healthy_q8,cognitive_structural_25_75,adversarial,560,0.9482,0.7875,0.9657,0.9911,0.0357,0.0321,0.1464,0.0571,0.7558,none
2b_reference,base,healthy_q8,cognitive_structural_25_75,boundary,560,0.9482,0.7982,0.9652,0.9929,0.0446,0.0268,0.1429,0.0482,0.7656,none
2b_reference,base,healthy_q8,cognitive_structural_25_75,coding,560,0.95,0.8125,0.9685,0.9929,0.0268,0.025,0.1339,0.0571,0.7859,none
2b_reference,base,healthy_q8,cognitive_structural_25_75,epistemic,560,0.9375,0.7625,0.9633,0.9982,0.0357,0.0089,0.1857,0.05,0.7326,none
2b_reference,base,healthy_q8,cognitive_structural_25_75,forensic,560,0.9429,0.8071,0.9621,0.9929,0.0429,0.0143,0.15,0.0589,0.7765,none
2b_reference,base,healthy_q8,cognitive_structural_25_75,generalist,560,0.9393,0.7768,0.9653,0.9911,0.0304,0.0393,0.1411,0.0571,0.7457,none
2b_reference,base,healthy_q8,cognitive_structural_25_75,math,560,0.9464,0.7589,0.9591,0.975,0.0393,0.0214,0.1964,0.05,0.7246,none
2b_reference,base,healthy_q8,cognitive_structural_25_75,planning,560,0.9482,0.8125,0.9669,0.9929,0.0357,0.0161,0.1375,0.0464,0.7853,none
2b_reference,base,healthy_q8,cognitive_structural_25_75,rhetoric,560,0.9536,0.8286,0.9704,0.9875,0.0321,0.0125,0.1321,0.0375,0.804,none
2b_reference,base,healthy_q8,cognitive_structural_25_75,spatial,560,0.9464,0.8161,0.9671,0.9911,0.0393,0.0179,0.1339,0.0393,0.788,none
2b_reference,base,healthy_q8,cyber_structural_25_75,adversarial,560,0.9536,0.7982,0.9676,0.9964,0.0304,0.0357,0.1482,0.0607,0.7671,none
2b_reference,base,healthy_q8,cyber_structural_25_75,boundary,560,0.9393,0.7696,0.9672,0.9893,0.0411,0.0446,0.1589,0.0286,0.7343,none
2b_reference,base,healthy_q8,cyber_structural_25_75,coding,560,0.9607,0.7786,0.9694,0.9857,0.025,0.0482,0.15,0.0446,0.7472,none
2b_reference,base,healthy_q8,cyber_structural_25_75,epistemic,560,0.9321,0.7857,0.9637,0.9929,0.0464,0.0196,0.15,0.0411,0.7538,none
2b_reference,base,healthy_q8,cyber_structural_25_75,forensic,560,0.9339,0.7857,0.9605,0.9857,0.0571,0.0393,0.1357,0.0429,0.7477,none
2b_reference,base,healthy_q8,cyber_structural_25_75,generalist,560,0.9429,0.8143,0.9692,0.9946,0.0339,0.0321,0.1161,0.0464,0.7861,none
2b_reference,base,healthy_q8,cyber_structural_25_75,math,560,0.9518,0.7554,0.9623,0.9929,0.0304,0.0268,0.2036,0.0679,0.7212,none
2b_reference,base,healthy_q8,cyber_structural_25_75,planning,560,0.9464,0.8107,0.966,0.9929,0.0357,0.0232,0.1339,0.0518,0.7821,none
2b_reference,base,healthy_q8,cyber_structural_25_75,rhetoric,560,0.9464,0.7839,0.9614,0.9821,0.0429,0.0286,0.1589,0.0518,0.7501,none
2b_reference,base,healthy_q8,cyber_structural_25_75,spatial,560,0.9571,0.8143,0.9688,0.9875,0.0375,0.0357,0.1268,0.0393,0.7838,none
2b_reference,base,healthy_q8,q2_structural_amplifier,adversarial,560,0.9071,0.5,0.9229,0.9911,0.0607,0.3143,0.2214,0.0643,0.398,none
2b_reference,base,healthy_q8,q2_structural_amplifier,boundary,560,0.9125,0.5357,0.927,0.9964,0.0589,0.2643,0.2339,0.0661,0.4432,none
2b_reference,base,healthy_q8,q2_structural_amplifier,coding,560,0.9232,0.5464,0.933,0.9839,0.0464,0.3107,0.1643,0.0464,0.4549,none
2b_reference,base,healthy_q8,q2_structural_amplifier,epistemic,560,0.9196,0.5643,0.9374,0.9911,0.0571,0.2661,0.2018,0.0304,0.4763,none
2b_reference,base,healthy_q8,q2_structural_amplifier,forensic,560,0.9036,0.5571,0.9303,0.9911,0.0696,0.2929,0.1607,0.0518,0.4622,none
2b_reference,base,healthy_q8,q2_structural_amplifier,generalist,560,0.9071,0.5286,0.9291,0.9929,0.0643,0.3,0.2,0.0339,0.4316,none
2b_reference,base,healthy_q8,q2_structural_amplifier,math,560,0.9357,0.5661,0.9397,0.9875,0.0429,0.25,0.2321,0.0411,0.4826,none
2b_reference,base,healthy_q8,q2_structural_amplifier,planning,560,0.9054,0.5982,0.9305,0.9875,0.0625,0.2554,0.1518,0.0589,0.5133,none
2b_reference,base,healthy_q8,q2_structural_amplifier,rhetoric,560,0.8911,0.525,0.9282,0.9964,0.0768,0.2804,0.2054,0.0536,0.4268,none
2b_reference,base,healthy_q8,q2_structural_amplifier,spatial,560,0.9125,0.5607,0.9312,0.9875,0.0607,0.2929,0.1696,0.0607,0.4673,none
2b_reference,base,healthy_q8,routed_tri_structural_60,adversarial,560,0.9375,0.7821,0.9639,0.9911,0.0429,0.025,0.1429,0.0536,0.7502,none
2b_reference,base,healthy_q8,routed_tri_structural_60,boundary,560,0.9268,0.7482,0.959,0.9929,0.0589,0.0714,0.1446,0.0518,0.7021,none
2b_reference,base,healthy_q8,routed_tri_structural_60,coding,560,0.95,0.7911,0.9695,0.9946,0.0357,0.0518,0.1339,0.0393,0.7573,none
2b_reference,base,healthy_q8,routed_tri_structural_60,epistemic,560,0.925,0.7911,0.9617,0.9875,0.0482,0.0375,0.1375,0.0482,0.7557,none
2b_reference,base,healthy_q8,routed_tri_structural_60,forensic,560,0.9429,0.7857,0.9614,0.9857,0.0482,0.0321,0.1446,0.0536,0.7506,none
2b_reference,base,healthy_q8,routed_tri_structural_60,generalist,560,0.9429,0.7482,0.9644,0.9893,0.0304,0.05,0.1804,0.0482,0.7123,none
2b_reference,base,healthy_q8,routed_tri_structural_60,math,560,0.9607,0.7429,0.965,0.9911,0.025,0.0554,0.2036,0.0571,0.7051,none
2b_reference,base,healthy_q8,routed_tri_structural_60,planning,560,0.9464,0.7714,0.9614,0.9875,0.0375,0.0411,0.1536,0.0571,0.7368,none
2b_reference,base,healthy_q8,routed_tri_structural_60,rhetoric,560,0.9554,0.7786,0.9688,0.9893,0.0339,0.0429,0.1696,0.0339,0.7446,none
2b_reference,base,healthy_q8,routed_tri_structural_60,spatial,560,0.9589,0.8018,0.9699,0.9946,0.0339,0.0482,0.1339,0.0446,0.769,none
2b_reference,base,healthy_q8,routed_tri_structural_65,adversarial,560,0.9446,0.7911,0.965,0.9893,0.0429,0.0679,0.1179,0.0536,0.7525,none
2b_reference,base,healthy_q8,routed_tri_structural_65,boundary,560,0.9357,0.7571,0.961,0.9839,0.0482,0.05,0.1589,0.0464,0.7176,none
2b_reference,base,healthy_q8,routed_tri_structural_65,coding,560,0.9429,0.8196,0.9674,0.9929,0.0357,0.0357,0.1071,0.0589,0.7903,none
2b_reference,base,healthy_q8,routed_tri_structural_65,epistemic,560,0.9446,0.7554,0.9655,0.9839,0.0304,0.0464,0.1839,0.0357,0.7205,none
2b_reference,base,healthy_q8,routed_tri_structural_65,forensic,560,0.9607,0.7893,0.9683,0.9893,0.0304,0.0446,0.1536,0.0464,0.7566,none
2b_reference,base,healthy_q8,routed_tri_structural_65,generalist,560,0.9411,0.7786,0.9663,0.9893,0.0339,0.05,0.1268,0.0482,0.7458,none
2b_reference,base,healthy_q8,routed_tri_structural_65,math,560,0.9661,0.7411,0.9708,0.9982,0.0214,0.0393,0.2125,0.0375,0.7079,none
2b_reference,base,healthy_q8,routed_tri_structural_65,planning,560,0.9482,0.8107,0.9662,0.9893,0.0429,0.0411,0.1161,0.0482,0.7779,none
2b_reference,base,healthy_q8,routed_tri_structural_65,rhetoric,560,0.9375,0.7786,0.9627,0.9875,0.0446,0.0321,0.1518,0.05,0.7441,none
2b_reference,base,healthy_q8,routed_tri_structural_65,spatial,560,0.9571,0.8107,0.9692,0.9946,0.0286,0.0411,0.1196,0.0571,0.7815,none
2b_reference,base,healthy_q8,stability_first_tri_70,adversarial,560,0.95,0.775,0.9664,0.9929,0.0375,0.05,0.1429,0.0536,0.7396,none
2b_reference,base,healthy_q8,stability_first_tri_70,boundary,560,0.9393,0.7839,0.9616,0.9875,0.0482,0.0357,0.1518,0.0482,0.7478,none
2b_reference,base,healthy_q8,stability_first_tri_70,coding,560,0.9661,0.8054,0.9726,0.9911,0.025,0.0518,0.1179,0.0429,0.7759,none
2b_reference,base,healthy_q8,stability_first_tri_70,epistemic,560,0.9393,0.7786,0.9632,0.9839,0.0357,0.0339,0.1625,0.0446,0.7458,none
2b_reference,base,healthy_q8,stability_first_tri_70,forensic,560,0.9446,0.8089,0.9672,0.9804,0.0393,0.0464,0.1125,0.0393,0.7769,none
2b_reference,base,healthy_q8,stability_first_tri_70,generalist,560,0.9268,0.7911,0.9669,0.9929,0.05,0.0321,0.1232,0.0304,0.7583,none
2b_reference,base,healthy_q8,stability_first_tri_70,math,560,0.9411,0.7589,0.9615,0.9893,0.0357,0.0268,0.1982,0.0589,0.7241,none
2b_reference,base,healthy_q8,stability_first_tri_70,planning,560,0.9482,0.8018,0.9642,0.9946,0.0411,0.0339,0.1304,0.0589,0.7693,none
2b_reference,base,healthy_q8,stability_first_tri_70,rhetoric,560,0.9446,0.775,0.9673,0.9911,0.0339,0.0375,0.15,0.0464,0.743,none
2b_reference,base,healthy_q8,stability_first_tri_70,spatial,560,0.9554,0.825,0.9704,0.9893,0.0321,0.0375,0.1089,0.0464,0.7968,none
2b_reference,degraded_instruct,collapsed_q2_edge,cognitive_structural_25_75,adversarial,560,0.0643,0.0482,0.2697,0.6268,0.5321,0.0286,0.6196,3.0143,-0.3174,cascade
2b_reference,degraded_instruct,collapsed_q2_edge,cognitive_structural_25_75,boundary,560,0.0607,0.0321,0.2718,0.5857,0.5125,0.0339,0.7161,2.8054,-0.3259,cascade
2b_reference,degraded_instruct,collapsed_q2_edge,cognitive_structural_25_75,coding,560,0.0429,0.0321,0.2363,0.5036,0.4732,0.025,0.525,2.8875,-0.3012,cascade
2b_reference,degraded_instruct,collapsed_q2_edge,cognitive_structural_25_75,epistemic,560,0.0482,0.0393,0.2393,0.5089,0.5,0.0125,0.6071,2.4071,-0.2821,cascade
2b_reference,degraded_instruct,collapsed_q2_edge,cognitive_structural_25_75,forensic,560,0.0536,0.0393,0.2332,0.5964,0.5393,0.0196,0.6054,2.8089,-0.3153,cascade
2b_reference,degraded_instruct,collapsed_q2_edge,cognitive_structural_25_75,generalist,560,0.0357,0.025,0.2419,0.4821,0.5214,0.0304,0.6018,2.5607,-0.3137,cascade
2b_reference,degraded_instruct,collapsed_q2_edge,cognitive_structural_25_75,math,560,0.0625,0.0411,0.2554,0.5143,0.4554,0.0304,0.5821,3.0179,-0.2991,cascade
2b_reference,degraded_instruct,collapsed_q2_edge,cognitive_structural_25_75,planning,560,0.0696,0.0536,0.2616,0.5071,0.4821,0.0232,0.5018,2.6286,-0.2673,cascade
2b_reference,degraded_instruct,collapsed_q2_edge,cognitive_structural_25_75,rhetoric,560,0.0429,0.0375,0.2249,0.5071,0.5268,0.0161,0.6268,2.9089,-0.3193,cascade
2b_reference,degraded_instruct,collapsed_q2_edge,cognitive_structural_25_75,spatial,560,0.0679,0.0536,0.2493,0.5,0.5018,0.0161,0.4786,2.6679,-0.2719,cascade
2b_reference,degraded_instruct,collapsed_q2_edge,cyber_structural_25_75,adversarial,560,0.1089,0.0821,0.3391,0.7089,0.5107,0.0339,0.6143,2.5536,-0.2547,cascade
2b_reference,degraded_instruct,collapsed_q2_edge,cyber_structural_25_75,boundary,560,0.1125,0.0786,0.3781,0.7304,0.4732,0.0536,0.6125,2.2446,-0.2353,cascade
2b_reference,degraded_instruct,collapsed_q2_edge,cyber_structural_25_75,coding,560,0.0536,0.0429,0.2531,0.4804,0.4857,0.0339,0.4679,2.7339,-0.2838,cascade
2b_reference,degraded_instruct,collapsed_q2_edge,cyber_structural_25_75,epistemic,560,0.0429,0.0321,0.2236,0.4161,0.5196,0.025,0.6018,2.3857,-0.2962,cascade
2b_reference,degraded_instruct,collapsed_q2_edge,cyber_structural_25_75,forensic,560,0.0661,0.0554,0.2848,0.6946,0.5018,0.0196,0.5536,2.5893,-0.2729,cascade
2b_reference,degraded_instruct,collapsed_q2_edge,cyber_structural_25_75,generalist,560,0.0357,0.0268,0.2235,0.4161,0.5179,0.0518,0.5607,2.5732,-0.3124,cascade
2b_reference,degraded_instruct,collapsed_q2_edge,cyber_structural_25_75,math,560,0.05,0.0375,0.2158,0.4196,0.4875,0.0268,0.6125,3.1696,-0.3216,cascade
2b_reference,degraded_instruct,collapsed_q2_edge,cyber_structural_25_75,planning,560,0.0679,0.0518,0.2487,0.4571,0.4946,0.0357,0.4821,2.6232,-0.2735,cascade
2b_reference,degraded_instruct,collapsed_q2_edge,cyber_structural_25_75,rhetoric,560,0.0339,0.025,0.1839,0.3946,0.5357,0.0357,0.5518,3.0696,-0.3405,cascade
2b_reference,degraded_instruct,collapsed_q2_edge,cyber_structural_25_75,spatial,560,0.0625,0.0446,0.233,0.4268,0.4732,0.0446,0.4589,2.7607,-0.281,cascade
2b_reference,degraded_instruct,collapsed_q2_edge,q2_structural_amplifier,adversarial,560,0.6375,0.2625,0.7972,0.9804,0.2339,0.3411,0.6107,0.3161,0.0594,distractor_capture
2b_reference,degraded_instruct,collapsed_q2_edge,q2_structural_amplifier,boundary,560,0.6643,0.2554,0.8071,0.9732,0.2196,0.3232,0.6875,0.2429,0.0577,distractor_capture
2b_reference,degraded_instruct,collapsed_q2_edge,q2_structural_amplifier,coding,560,0.3661,0.2054,0.6161,0.6661,0.2482,0.2839,0.4804,0.9179,-0.0102,cascade
2b_reference,degraded_instruct,collapsed_q2_edge,q2_structural_amplifier,epistemic,560,0.3911,0.1929,0.6102,0.6679,0.2607,0.2786,0.5482,0.8321,-0.0265,cascade
2b_reference,degraded_instruct,collapsed_q2_edge,q2_structural_amplifier,forensic,560,0.4536,0.2089,0.7,0.9768,0.2411,0.3125,0.6018,0.7821,-0.0131,distractor_capture
2b_reference,degraded_instruct,collapsed_q2_edge,q2_structural_amplifier,generalist,560,0.3357,0.1982,0.5744,0.6036,0.2732,0.2893,0.5679,0.9429,-0.0342,cascade
2b_reference,degraded_instruct,collapsed_q2_edge,q2_structural_amplifier,math,560,0.3429,0.2071,0.5705,0.6321,0.2393,0.25,0.5161,1.3054,-0.0212,cascade
2b_reference,degraded_instruct,collapsed_q2_edge,q2_structural_amplifier,planning,560,0.4411,0.2643,0.6453,0.65,0.2286,0.2625,0.4161,0.825,0.0687,none
2b_reference,degraded_instruct,collapsed_q2_edge,q2_structural_amplifier,rhetoric,560,0.3232,0.1875,0.5702,0.6393,0.2232,0.2893,0.5571,1.1982,-0.0418,classification_miss
2b_reference,degraded_instruct,collapsed_q2_edge,q2_structural_amplifier,spatial,560,0.3286,0.2161,0.5716,0.6339,0.2661,0.2661,0.4393,1.1143,-0.0078,cascade
2b_reference,degraded_instruct,collapsed_q2_edge,routed_tri_structural_60,adversarial,560,0.1571,0.0893,0.4157,0.7946,0.4232,0.0464,0.6036,2.25,-0.2077,cascade
2b_reference,degraded_instruct,collapsed_q2_edge,routed_tri_structural_60,boundary,560,0.1625,0.1089,0.4258,0.7536,0.4446,0.0839,0.6661,2.0607,-0.1976,cascade
2b_reference,degraded_instruct,collapsed_q2_edge,routed_tri_structural_60,coding,560,0.0804,0.0554,0.2946,0.5429,0.4518,0.0482,0.4893,2.4696,-0.2524,cascade
2b_reference,degraded_instruct,collapsed_q2_edge,routed_tri_structural_60,epistemic,560,0.1018,0.0804,0.3272,0.5482,0.4304,0.0321,0.5696,2.0768,-0.2046,cascade
2b_reference,degraded_instruct,collapsed_q2_edge,routed_tri_structural_60,forensic,560,0.1232,0.0893,0.3472,0.7661,0.4268,0.0607,0.6,2.3554,-0.2167,cascade
2b_reference,degraded_instruct,collapsed_q2_edge,routed_tri_structural_60,generalist,560,0.0839,0.0554,0.3075,0.5482,0.4821,0.0518,0.5214,2.1911,-0.2509,cascade
2b_reference,degraded_instruct,collapsed_q2_edge,routed_tri_structural_60,math,560,0.0804,0.0607,0.305,0.5357,0.4107,0.0268,0.6036,2.6607,-0.2492,cascade
2b_reference,degraded_instruct,collapsed_q2_edge,routed_tri_structural_60,planning,560,0.1161,0.0911,0.3148,0.4857,0.4286,0.0518,0.4536,2.3161,-0.1999,cascade
2b_reference,degraded_instruct,collapsed_q2_edge,routed_tri_structural_60,rhetoric,560,0.0679,0.0482,0.268,0.5304,0.4893,0.0357,0.5768,2.6179,-0.2828,cascade
2b_reference,degraded_instruct,collapsed_q2_edge,routed_tri_structural_60,spatial,560,0.1125,0.0857,0.3075,0.5321,0.4304,0.0339,0.4893,2.3696,-0.2078,cascade
2b_reference,degraded_instruct,collapsed_q2_edge,routed_tri_structural_65,adversarial,560,0.1893,0.1196,0.4679,0.8089,0.4125,0.0464,0.6571,1.9411,-0.163,cascade
2b_reference,degraded_instruct,collapsed_q2_edge,routed_tri_structural_65,boundary,560,0.2143,0.1357,0.4759,0.8161,0.3696,0.0696,0.6893,1.8536,-0.1369,cascade
2b_reference,degraded_instruct,collapsed_q2_edge,routed_tri_structural_65,coding,560,0.1018,0.0661,0.325,0.55,0.4464,0.0589,0.5143,2.3304,-0.2373,cascade
2b_reference,degraded_instruct,collapsed_q2_edge,routed_tri_structural_65,epistemic,560,0.1161,0.0821,0.3718,0.5768,0.3786,0.0375,0.55,1.9036,-0.1781,cascade
2b_reference,degraded_instruct,collapsed_q2_edge,routed_tri_structural_65,forensic,560,0.1554,0.1107,0.3652,0.7357,0.4679,0.05,0.5696,2.1821,-0.1943,cascade
2b_reference,degraded_instruct,collapsed_q2_edge,routed_tri_structural_65,generalist,560,0.0964,0.0696,0.3434,0.5286,0.4089,0.0446,0.5571,2.0929,-0.2112,cascade
2b_reference,degraded_instruct,collapsed_q2_edge,routed_tri_structural_65,math,560,0.0946,0.0679,0.3204,0.5429,0.3768,0.0339,0.5607,2.6089,-0.2273,cascade
2b_reference,degraded_instruct,collapsed_q2_edge,routed_tri_structural_65,planning,560,0.1375,0.1143,0.3629,0.5286,0.4036,0.0357,0.4679,2.1196,-0.1573,cascade
2b_reference,degraded_instruct,collapsed_q2_edge,routed_tri_structural_65,rhetoric,560,0.0857,0.0714,0.3076,0.5464,0.425,0.0393,0.5286,2.4946,-0.2309,cascade
2b_reference,degraded_instruct,collapsed_q2_edge,routed_tri_structural_65,spatial,560,0.125,0.0893,0.3572,0.5857,0.4107,0.05,0.4571,2.1714,-0.1891,cascade
2b_reference,degraded_instruct,collapsed_q2_edge,stability_first_tri_70,adversarial,560,0.1589,0.0982,0.4553,0.7929,0.4321,0.0482,0.6018,1.9714,-0.1878,cascade
2b_reference,degraded_instruct,collapsed_q2_edge,stability_first_tri_70,boundary,560,0.2071,0.125,0.4791,0.7804,0.4107,0.0714,0.6286,1.8054,-0.1531,cascade
2b_reference,degraded_instruct,collapsed_q2_edge,stability_first_tri_70,coding,560,0.125,0.0964,0.3629,0.5714,0.3911,0.05,0.4821,2.1679,-0.1779,cascade
2b_reference,degraded_instruct,collapsed_q2_edge,stability_first_tri_70,epistemic,560,0.1089,0.0893,0.3505,0.5982,0.4196,0.0304,0.6054,1.8911,-0.1857,cascade
2b_reference,degraded_instruct,collapsed_q2_edge,stability_first_tri_70,forensic,560,0.1446,0.1161,0.4095,0.7393,0.3929,0.0411,0.5286,2.0571,-0.1551,cascade
2b_reference,degraded_instruct,collapsed_q2_edge,stability_first_tri_70,generalist,560,0.1018,0.0714,0.3647,0.5429,0.4286,0.0589,0.5339,1.8946,-0.2064,cascade
2b_reference,degraded_instruct,collapsed_q2_edge,stability_first_tri_70,math,560,0.1196,0.0911,0.36,0.5375,0.3643,0.0482,0.5982,2.3732,-0.1944,cascade
2b_reference,degraded_instruct,collapsed_q2_edge,stability_first_tri_70,planning,560,0.1786,0.1393,0.4021,0.5554,0.3554,0.0375,0.4625,1.9946,-0.1116,cascade
2b_reference,degraded_instruct,collapsed_q2_edge,stability_first_tri_70,rhetoric,560,0.0911,0.0714,0.3358,0.5893,0.4304,0.0286,0.6018,2.3107,-0.2271,cascade
2b_reference,degraded_instruct,collapsed_q2_edge,stability_first_tri_70,spatial,560,0.1464,0.1125,0.373,0.5786,0.3893,0.0339,0.4571,2.125,-0.1539,cascade
2b_reference,degraded_instruct,damaged_q2,cognitive_structural_25_75,adversarial,560,0.2357,0.1625,0.5171,0.7643,0.3036,0.0179,0.5232,1.7821,-0.0631,cascade
2b_reference,degraded_instruct,damaged_q2,cognitive_structural_25_75,boundary,560,0.2536,0.1554,0.5217,0.7839,0.3339,0.0339,0.5696,1.6625,-0.0803,cascade
2b_reference,degraded_instruct,damaged_q2,cognitive_structural_25_75,coding,560,0.2071,0.1554,0.488,0.6589,0.2839,0.025,0.3946,1.7536,-0.0541,cascade
2b_reference,degraded_instruct,damaged_q2,cognitive_structural_25_75,epistemic,560,0.1589,0.1,0.4633,0.7,0.2982,0.0125,0.5268,1.5982,-0.114,cascade
2b_reference,degraded_instruct,damaged_q2,cognitive_structural_25_75,forensic,560,0.2018,0.1607,0.4635,0.7625,0.3339,0.0196,0.4839,1.8304,-0.0736,cascade
2b_reference,degraded_instruct,damaged_q2,cognitive_structural_25_75,generalist,560,0.1643,0.1321,0.4628,0.6643,0.2857,0.0304,0.525,1.6804,-0.0857,cascade
2b_reference,degraded_instruct,damaged_q2,cognitive_structural_25_75,math,560,0.2232,0.1714,0.4854,0.6804,0.2786,0.0268,0.5125,1.8679,-0.0519,cascade
2b_reference,degraded_instruct,damaged_q2,cognitive_structural_25_75,planning,560,0.2446,0.1911,0.4937,0.6464,0.2875,0.0161,0.4018,1.6696,-0.014,cascade
2b_reference,degraded_instruct,damaged_q2,cognitive_structural_25_75,rhetoric,560,0.1375,0.1018,0.4183,0.6321,0.3286,0.0196,0.5375,2.0018,-0.1438,cascade
2b_reference,degraded_instruct,damaged_q2,cognitive_structural_25_75,spatial,560,0.2036,0.1804,0.4637,0.6054,0.2661,0.0214,0.3964,1.7536,-0.0231,cascade
2b_reference,degraded_instruct,damaged_q2,cyber_structural_25_75,adversarial,560,0.3857,0.2714,0.6309,0.875,0.3107,0.0268,0.4554,1.2875,0.0721,cascade
2b_reference,degraded_instruct,damaged_q2,cyber_structural_25_75,boundary,560,0.4393,0.2589,0.6885,0.9304,0.2464,0.0464,0.6339,0.9804,0.076,none
2b_reference,degraded_instruct,damaged_q2,cyber_structural_25_75,coding,560,0.2286,0.1679,0.4934,0.6446,0.2911,0.0446,0.3911,1.6607,-0.0427,cascade
2b_reference,degraded_instruct,damaged_q2,cyber_structural_25_75,epistemic,560,0.1804,0.1339,0.4614,0.6018,0.3232,0.0232,0.4589,1.5018,-0.0795,cascade
2b_reference,degraded_instruct,damaged_q2,cyber_structural_25_75,forensic,560,0.2321,0.1732,0.515,0.8375,0.3,0.0375,0.4893,1.6321,-0.045,cascade
2b_reference,degraded_instruct,damaged_q2,cyber_structural_25_75,generalist,560,0.2071,0.1339,0.4684,0.5786,0.2911,0.0464,0.5411,1.5786,-0.0849,cascade
2b_reference,degraded_instruct,damaged_q2,cyber_structural_25_75,math,560,0.1821,0.1357,0.4399,0.5857,0.275,0.0339,0.4589,2.0518,-0.0929,cascade
2b_reference,degraded_instruct,damaged_q2,cyber_structural_25_75,planning,560,0.2339,0.1804,0.4813,0.6286,0.3179,0.0411,0.3911,1.6214,-0.0356,cascade
2b_reference,degraded_instruct,damaged_q2,cyber_structural_25_75,rhetoric,560,0.1679,0.1286,0.4219,0.5857,0.325,0.0268,0.4929,1.95,-0.1112,cascade
2b_reference,degraded_instruct,damaged_q2,cyber_structural_25_75,spatial,560,0.1857,0.1464,0.4397,0.6071,0.3089,0.0393,0.4036,1.8446,-0.0786,cascade
2b_reference,degraded_instruct,damaged_q2,q2_structural_amplifier,adversarial,560,0.8054,0.3679,0.8755,0.9929,0.1554,0.3143,0.4911,0.0607,0.2161,none
2b_reference,degraded_instruct,damaged_q2,q2_structural_amplifier,boundary,560,0.7821,0.2821,0.8594,0.9875,0.175,0.3393,0.5929,0.0571,0.1115,distractor_capture
2b_reference,degraded_instruct,damaged_q2,q2_structural_amplifier,coding,560,0.7071,0.3482,0.8271,0.8196,0.1411,0.3089,0.3893,0.1714,0.2044,none
2b_reference,degraded_instruct,damaged_q2,q2_structural_amplifier,epistemic,560,0.7268,0.3821,0.8338,0.8518,0.1554,0.2429,0.4589,0.1625,0.2421,none
2b_reference,degraded_instruct,damaged_q2,q2_structural_amplifier,forensic,560,0.725,0.3411,0.8457,0.9875,0.1625,0.2964,0.4875,0.225,0.1828,none
2b_reference,degraded_instruct,damaged_q2,q2_structural_amplifier,generalist,560,0.5946,0.3268,0.7629,0.7411,0.1786,0.2875,0.4714,0.3268,0.1617,none
2b_reference,degraded_instruct,damaged_q2,q2_structural_amplifier,math,560,0.6268,0.3232,0.7675,0.7589,0.1429,0.2661,0.5107,0.4536,0.1636,none
2b_reference,degraded_instruct,damaged_q2,q2_structural_amplifier,planning,560,0.6982,0.3554,0.8196,0.7857,0.1536,0.2946,0.3696,0.1714,0.2122,none
2b_reference,degraded_instruct,damaged_q2,q2_structural_amplifier,rhetoric,560,0.6196,0.3161,0.7856,0.7839,0.1625,0.2857,0.4571,0.325,0.1574,none
2b_reference,degraded_instruct,damaged_q2,q2_structural_amplifier,spatial,560,0.6857,0.4036,0.8023,0.7714,0.1554,0.2786,0.35,0.2786,0.2593,none
2b_reference,degraded_instruct,damaged_q2,routed_tri_structural_60,adversarial,560,0.4732,0.3143,0.7003,0.9357,0.2161,0.0607,0.4946,1.0875,0.1434,none
2b_reference,degraded_instruct,damaged_q2,routed_tri_structural_60,boundary,560,0.4893,0.3,0.7056,0.925,0.2625,0.0661,0.5857,0.8857,0.1169,none
2b_reference,degraded_instruct,damaged_q2,routed_tri_structural_60,coding,560,0.2696,0.1893,0.5571,0.6857,0.2554,0.0554,0.425,1.4071,-0.0028,cascade
2b_reference,degraded_instruct,damaged_q2,routed_tri_structural_60,epistemic,560,0.2946,0.2321,0.5867,0.7571,0.2625,0.0375,0.4286,1.125,0.0554,cascade
2b_reference,degraded_instruct,damaged_q2,routed_tri_structural_60,forensic,560,0.3196,0.2429,0.5881,0.9143,0.3196,0.0554,0.4571,1.35,0.0318,cascade
2b_reference,degraded_instruct,damaged_q2,routed_tri_structural_60,generalist,560,0.275,0.1929,0.5588,0.7018,0.2411,0.0411,0.5071,1.2893,0.0073,cascade
2b_reference,degraded_instruct,damaged_q2,routed_tri_structural_60,math,560,0.2839,0.2089,0.5489,0.7054,0.2321,0.0393,0.5161,1.5946,0.0104,cascade
2b_reference,degraded_instruct,damaged_q2,routed_tri_structural_60,planning,560,0.3446,0.2464,0.5833,0.7196,0.2696,0.0339,0.425,1.2732,0.0611,cascade
2b_reference,degraded_instruct,damaged_q2,routed_tri_structural_60,rhetoric,560,0.2107,0.1536,0.4976,0.6696,0.2964,0.0643,0.475,1.6286,-0.0676,cascade
2b_reference,degraded_instruct,damaged_q2,routed_tri_structural_60,spatial,560,0.2893,0.2143,0.5558,0.7,0.2446,0.0446,0.3911,1.4089,0.0302,cascade
2b_reference,degraded_instruct,damaged_q2,routed_tri_structural_65,adversarial,560,0.5089,0.3232,0.7335,0.9411,0.2464,0.0661,0.4786,0.8589,0.1548,none
2b_reference,degraded_instruct,damaged_q2,routed_tri_structural_65,boundary,560,0.5732,0.3607,0.7428,0.9339,0.2268,0.0446,0.5232,0.7786,0.203,none
2b_reference,degraded_instruct,damaged_q2,routed_tri_structural_65,coding,560,0.3518,0.2571,0.6071,0.7429,0.2411,0.0696,0.4143,1.2268,0.0764,none
2b_reference,degraded_instruct,damaged_q2,routed_tri_structural_65,epistemic,560,0.3321,0.2411,0.5981,0.7179,0.2089,0.0321,0.4857,1.1214,0.077,none
2b_reference,degraded_instruct,damaged_q2,routed_tri_structural_65,forensic,560,0.35,0.2518,0.6247,0.9036,0.2768,0.0375,0.5054,1.1732,0.0622,cascade
2b_reference,degraded_instruct,damaged_q2,routed_tri_structural_65,generalist,560,0.3161,0.2054,0.5856,0.6839,0.2857,0.0679,0.4607,1.1054,0.0139,cascade
2b_reference,degraded_instruct,damaged_q2,routed_tri_structural_65,math,560,0.2929,0.2054,0.5562,0.6875,0.2304,0.0446,0.4679,1.55,0.0124,cascade
2b_reference,degraded_instruct,damaged_q2,routed_tri_structural_65,planning,560,0.3714,0.2768,0.6105,0.7179,0.2482,0.0268,0.4143,1.1768,0.105,none
2b_reference,degraded_instruct,damaged_q2,routed_tri_structural_65,rhetoric,560,0.2821,0.1661,0.5559,0.6964,0.2357,0.05,0.5375,1.4,-0.0276,cascade
2b_reference,degraded_instruct,damaged_q2,routed_tri_structural_65,spatial,560,0.3536,0.2607,0.5993,0.725,0.2321,0.05,0.3393,1.2661,0.0906,none
2b_reference,degraded_instruct,damaged_q2,stability_first_tri_70,adversarial,560,0.5036,0.3375,0.7311,0.9375,0.2446,0.0446,0.4696,0.8679,0.1742,none
2b_reference,degraded_instruct,damaged_q2,stability_first_tri_70,boundary,560,0.5625,0.3321,0.7481,0.9125,0.2089,0.0464,0.5482,0.7304,0.1798,none
2b_reference,degraded_instruct,damaged_q2,stability_first_tri_70,coding,560,0.3893,0.2696,0.6403,0.7429,0.225,0.0411,0.3714,1.0625,0.1111,none
2b_reference,degraded_instruct,damaged_q2,stability_first_tri_70,epistemic,560,0.3304,0.225,0.6143,0.7464,0.2821,0.0321,0.4946,0.9554,0.0466,cascade
2b_reference,degraded_instruct,damaged_q2,stability_first_tri_70,forensic,560,0.4321,0.2946,0.6623,0.9161,0.2304,0.0464,0.5143,1.0804,0.1211,none
2b_reference,degraded_instruct,damaged_q2,stability_first_tri_70,generalist,560,0.3393,0.2357,0.6214,0.6839,0.2286,0.0571,0.4661,0.9964,0.0686,none
2b_reference,degraded_instruct,damaged_q2,stability_first_tri_70,math,560,0.3661,0.25,0.623,0.75,0.2125,0.0518,0.4679,1.275,0.0747,none
2b_reference,degraded_instruct,damaged_q2,stability_first_tri_70,planning,560,0.4429,0.3321,0.6476,0.7643,0.2518,0.0393,0.4071,1.05,0.1637,none
2b_reference,degraded_instruct,damaged_q2,stability_first_tri_70,rhetoric,560,0.2929,0.2232,0.5657,0.6768,0.2643,0.0321,0.4911,1.3161,0.0324,cascade
2b_reference,degraded_instruct,damaged_q2,stability_first_tri_70,spatial,560,0.4304,0.3125,0.6385,0.7429,0.2018,0.0393,0.4089,1.1018,0.1563,none
2b_reference,degraded_instruct,damaged_q3,cognitive_structural_25_75,adversarial,560,0.8179,0.5911,0.8938,0.9857,0.1339,0.0304,0.325,0.2304,0.5073,none
2b_reference,degraded_instruct,damaged_q3,cognitive_structural_25_75,boundary,560,0.8196,0.5393,0.8835,0.9768,0.1321,0.0321,0.3893,0.2446,0.4498,none
2b_reference,degraded_instruct,damaged_q3,cognitive_structural_25_75,coding,560,0.7125,0.5393,0.843,0.8893,0.1268,0.0179,0.3071,0.3821,0.454,none
2b_reference,degraded_instruct,damaged_q3,cognitive_structural_25_75,epistemic,560,0.7536,0.5393,0.8629,0.9268,0.1286,0.0089,0.3518,0.2625,0.4577,none
2b_reference,degraded_instruct,damaged_q3,cognitive_structural_25_75,forensic,560,0.7,0.5071,0.8295,0.9679,0.1607,0.0286,0.3554,0.4607,0.4017,none
2b_reference,degraded_instruct,damaged_q3,cognitive_structural_25_75,generalist,560,0.6446,0.4786,0.8111,0.8518,0.1482,0.0304,0.3357,0.4214,0.3801,none
2b_reference,degraded_instruct,damaged_q3,cognitive_structural_25_75,math,560,0.6768,0.5071,0.8122,0.8804,0.1286,0.0161,0.3554,0.55,0.4094,none
2b_reference,degraded_instruct,damaged_q3,cognitive_structural_25_75,planning,560,0.7696,0.5911,0.8606,0.8893,0.1071,0.0304,0.2875,0.3179,0.514,none
2b_reference,degraded_instruct,damaged_q3,cognitive_structural_25_75,rhetoric,560,0.675,0.475,0.814,0.8857,0.1375,0.0232,0.3821,0.4804,0.3745,none
2b_reference,degraded_instruct,damaged_q3,cognitive_structural_25_75,spatial,560,0.7143,0.5589,0.8352,0.8911,0.1304,0.0143,0.2679,0.425,0.4743,none
2b_reference,degraded_instruct,damaged_q3,cyber_structural_25_75,adversarial,560,0.85,0.6018,0.9193,0.9964,0.1304,0.05,0.3036,0.1,0.5234,none
2b_reference,degraded_instruct,damaged_q3,cyber_structural_25_75,boundary,560,0.85,0.5875,0.9204,0.9839,0.1357,0.0429,0.3536,0.05,0.5074,none
2b_reference,degraded_instruct,damaged_q3,cyber_structural_25_75,coding,560,0.6804,0.5054,0.8206,0.8482,0.1607,0.0625,0.2875,0.3893,0.4022,none
2b_reference,degraded_instruct,damaged_q3,cyber_structural_25_75,epistemic,560,0.6607,0.4768,0.8101,0.8232,0.1429,0.0339,0.3214,0.3982,0.3815,none
2b_reference,degraded_instruct,damaged_q3,cyber_structural_25_75,forensic,560,0.7661,0.5857,0.8753,0.9821,0.1482,0.0357,0.2946,0.2839,0.4963,none
2b_reference,degraded_instruct,damaged_q3,cyber_structural_25_75,generalist,560,0.6607,0.4964,0.812,0.8268,0.1196,0.0393,0.3268,0.425,0.4053,none
2b_reference,degraded_instruct,damaged_q3,cyber_structural_25_75,math,560,0.6429,0.4911,0.7834,0.8143,0.1196,0.0357,0.3286,0.6464,0.3894,none
2b_reference,degraded_instruct,damaged_q3,cyber_structural_25_75,planning,560,0.7268,0.5732,0.8382,0.8321,0.1268,0.0339,0.25,0.3375,0.4915,none
2b_reference,degraded_instruct,damaged_q3,cyber_structural_25_75,rhetoric,560,0.6375,0.4589,0.7865,0.7929,0.1304,0.0357,0.3375,0.5393,0.3587,none
2b_reference,degraded_instruct,damaged_q3,cyber_structural_25_75,spatial,560,0.6964,0.5232,0.8122,0.8411,0.1411,0.0375,0.2804,0.4625,0.4278,none
2b_reference,degraded_instruct,damaged_q3,q2_structural_amplifier,adversarial,560,0.8607,0.4571,0.9052,0.9893,0.1054,0.2911,0.3554,0.0429,0.3367,none
2b_reference,degraded_instruct,damaged_q3,q2_structural_amplifier,boundary,560,0.8464,0.375,0.8928,0.9946,0.125,0.3357,0.4125,0.0375,0.2355,none
2b_reference,degraded_instruct,damaged_q3,q2_structural_amplifier,coding,560,0.8625,0.4429,0.9056,0.9732,0.1036,0.3018,0.3,0.0393,0.3255,none
2b_reference,degraded_instruct,damaged_q3,q2_structural_amplifier,epistemic,560,0.8661,0.4589,0.9105,0.9964,0.1071,0.2714,0.3375,0.0393,0.3435,none
2b_reference,degraded_instruct,damaged_q3,q2_structural_amplifier,forensic,560,0.8696,0.5,0.9131,0.9964,0.1071,0.2679,0.2982,0.0518,0.3878,none
2b_reference,degraded_instruct,damaged_q3,q2_structural_amplifier,generalist,560,0.8357,0.4214,0.8924,0.9518,0.0982,0.3179,0.35,0.0554,0.2976,none
2b_reference,degraded_instruct,damaged_q3,q2_structural_amplifier,math,560,0.8446,0.4536,0.8985,0.9518,0.1071,0.2393,0.375,0.0679,0.3402,none
2b_reference,degraded_instruct,damaged_q3,q2_structural_amplifier,planning,560,0.875,0.5196,0.9129,0.9679,0.0929,0.2554,0.2411,0.0518,0.4188,none
2b_reference,degraded_instruct,damaged_q3,q2_structural_amplifier,rhetoric,560,0.8321,0.4375,0.8939,0.9536,0.1196,0.2839,0.3518,0.0536,0.314,none
2b_reference,degraded_instruct,damaged_q3,q2_structural_amplifier,spatial,560,0.8589,0.4375,0.9049,0.9768,0.1107,0.2786,0.3304,0.0518,0.3196,none
2b_reference,degraded_instruct,damaged_q3,routed_tri_structural_60,adversarial,560,0.8643,0.5518,0.925,0.9911,0.1196,0.0411,0.3589,0.0554,0.4762,none
2b_reference,degraded_instruct,damaged_q3,routed_tri_structural_60,boundary,560,0.8589,0.5714,0.922,0.9857,0.125,0.0679,0.3357,0.0625,0.4904,none
2b_reference,degraded_instruct,damaged_q3,routed_tri_structural_60,coding,560,0.8036,0.5982,0.8959,0.8964,0.1054,0.0339,0.2732,0.15,0.5305,none
2b_reference,degraded_instruct,damaged_q3,routed_tri_structural_60,epistemic,560,0.8214,0.5554,0.8995,0.9536,0.1107,0.0411,0.3446,0.1464,0.479,none
2b_reference,degraded_instruct,damaged_q3,routed_tri_structural_60,forensic,560,0.8375,0.5929,0.9077,0.9946,0.125,0.0411,0.3018,0.1696,0.5145,none
2b_reference,degraded_instruct,damaged_q3,routed_tri_structural_60,generalist,560,0.7732,0.5607,0.8855,0.9179,0.1196,0.0571,0.3054,0.1768,0.4801,none
2b_reference,degraded_instruct,damaged_q3,routed_tri_structural_60,math,560,0.7661,0.5286,0.8595,0.8768,0.1179,0.0482,0.3375,0.3107,0.441,none
2b_reference,degraded_instruct,damaged_q3,routed_tri_structural_60,planning,560,0.8321,0.6196,0.9071,0.9268,0.0929,0.05,0.2607,0.1429,0.5538,none
2b_reference,degraded_instruct,damaged_q3,routed_tri_structural_60,rhetoric,560,0.8036,0.5696,0.8878,0.9232,0.1161,0.0411,0.3214,0.1929,0.4913,none
2b_reference,degraded_instruct,damaged_q3,routed_tri_structural_60,spatial,560,0.8161,0.5732,0.8953,0.9268,0.1107,0.0679,0.2696,0.1821,0.4957,none
2b_reference,degraded_instruct,damaged_q3,routed_tri_structural_65,adversarial,560,0.8482,0.5911,0.9209,0.9946,0.1357,0.0518,0.3179,0.0714,0.511,none
2b_reference,degraded_instruct,damaged_q3,routed_tri_structural_65,boundary,560,0.8589,0.6143,0.9295,0.9946,0.1304,0.0768,0.2821,0.0429,0.5351,none
2b_reference,degraded_instruct,damaged_q3,routed_tri_structural_65,coding,560,0.8214,0.6036,0.907,0.9232,0.1196,0.0554,0.2536,0.1071,0.531,none
2b_reference,degraded_instruct,damaged_q3,routed_tri_structural_65,epistemic,560,0.8214,0.5786,0.9044,0.9429,0.1071,0.025,0.3321,0.1268,0.5085,none
2b_reference,degraded_instruct,damaged_q3,routed_tri_structural_65,forensic,560,0.8661,0.5946,0.9181,0.9893,0.1161,0.0518,0.3071,0.1125,0.5193,none
2b_reference,degraded_instruct,damaged_q3,routed_tri_structural_65,generalist,560,0.7929,0.55,0.895,0.9411,0.1411,0.0714,0.3036,0.1232,0.4629,none
2b_reference,degraded_instruct,damaged_q3,routed_tri_structural_65,math,560,0.8018,0.575,0.882,0.9036,0.1286,0.0446,0.2911,0.2179,0.4933,none
2b_reference,degraded_instruct,damaged_q3,routed_tri_structural_65,planning,560,0.8196,0.6179,0.903,0.9339,0.1214,0.0464,0.2429,0.1339,0.546,none
2b_reference,degraded_instruct,damaged_q3,routed_tri_structural_65,rhetoric,560,0.7929,0.5607,0.8868,0.9232,0.1304,0.0464,0.325,0.1786,0.4774,none
2b_reference,degraded_instruct,damaged_q3,routed_tri_structural_65,spatial,560,0.8321,0.6161,0.9074,0.9143,0.0893,0.0429,0.2714,0.1411,0.5519,none
2b_reference,degraded_instruct,damaged_q3,stability_first_tri_70,adversarial,560,0.8607,0.5982,0.9271,0.9857,0.1179,0.0464,0.3143,0.0589,0.5255,none
2b_reference,degraded_instruct,damaged_q3,stability_first_tri_70,boundary,560,0.8714,0.55,0.9267,0.9857,0.1196,0.0571,0.3554,0.0429,0.4721,none
2b_reference,degraded_instruct,damaged_q3,stability_first_tri_70,coding,560,0.8375,0.6018,0.9136,0.9321,0.1,0.0518,0.2821,0.1018,0.5338,none
2b_reference,degraded_instruct,damaged_q3,stability_first_tri_70,epistemic,560,0.8464,0.575,0.9135,0.9571,0.1125,0.0429,0.3482,0.0786,0.5009,none
2b_reference,degraded_instruct,damaged_q3,stability_first_tri_70,forensic,560,0.8804,0.6375,0.931,0.9946,0.0893,0.0589,0.3036,0.0946,0.5699,none
2b_reference,degraded_instruct,damaged_q3,stability_first_tri_70,generalist,560,0.8161,0.5804,0.9002,0.9232,0.1071,0.0554,0.3196,0.1232,0.5054,none
2b_reference,degraded_instruct,damaged_q3,stability_first_tri_70,math,560,0.8429,0.6054,0.8972,0.9054,0.0946,0.0286,0.3214,0.1714,0.537,none
2b_reference,degraded_instruct,damaged_q3,stability_first_tri_70,planning,560,0.8321,0.5964,0.9157,0.9607,0.1304,0.0375,0.2911,0.0714,0.523,none
2b_reference,degraded_instruct,damaged_q3,stability_first_tri_70,rhetoric,560,0.8411,0.6018,0.9172,0.9464,0.1125,0.0464,0.3143,0.0714,0.53,none
2b_reference,degraded_instruct,damaged_q3,stability_first_tri_70,spatial,560,0.8446,0.6304,0.9167,0.9375,0.1054,0.0286,0.2536,0.1,0.5678,none
2b_reference,degraded_instruct,damaged_q4,cognitive_structural_25_75,adversarial,560,0.8786,0.6625,0.9347,0.9893,0.1018,0.0214,0.2821,0.0607,0.6021,none
2b_reference,degraded_instruct,damaged_q4,cognitive_structural_25_75,boundary,560,0.8768,0.6357,0.9327,0.9857,0.0946,0.0214,0.3036,0.0661,0.5754,none
2b_reference,degraded_instruct,damaged_q4,cognitive_structural_25_75,coding,560,0.8732,0.7107,0.9361,0.9714,0.0946,0.0232,0.2071,0.0661,0.6578,none
2b_reference,degraded_instruct,damaged_q4,cognitive_structural_25_75,epistemic,560,0.8625,0.6554,0.9332,0.9839,0.0982,0.0143,0.2625,0.0571,0.5992,none
2b_reference,degraded_instruct,damaged_q4,cognitive_structural_25_75,forensic,560,0.9214,0.7036,0.9497,0.9929,0.0714,0.0196,0.2482,0.05,0.6559,none
2b_reference,degraded_instruct,damaged_q4,cognitive_structural_25_75,generalist,560,0.8589,0.6446,0.9284,0.9679,0.1036,0.0446,0.2518,0.0661,0.5812,none
2b_reference,degraded_instruct,damaged_q4,cognitive_structural_25_75,math,560,0.8964,0.6589,0.936,0.9732,0.0786,0.0107,0.2946,0.0768,0.6058,none
2b_reference,degraded_instruct,damaged_q4,cognitive_structural_25_75,planning,560,0.8857,0.6821,0.9405,0.9893,0.1036,0.0196,0.2143,0.0446,0.6278,none
2b_reference,degraded_instruct,damaged_q4,cognitive_structural_25_75,rhetoric,560,0.8786,0.6482,0.933,0.9732,0.0839,0.0304,0.2643,0.0857,0.5915,none
2b_reference,degraded_instruct,damaged_q4,cognitive_structural_25_75,spatial,560,0.8875,0.7125,0.942,0.9679,0.0786,0.0375,0.1875,0.0661,0.6631,none
2b_reference,degraded_instruct,damaged_q4,cyber_structural_25_75,adversarial,560,0.9018,0.6821,0.9441,0.9875,0.0839,0.0482,0.2321,0.0536,0.6261,none
2b_reference,degraded_instruct,damaged_q4,cyber_structural_25_75,boundary,560,0.875,0.625,0.9335,0.9893,0.1071,0.0482,0.2982,0.0482,0.5569,none
2b_reference,degraded_instruct,damaged_q4,cyber_structural_25_75,coding,560,0.8804,0.7089,0.936,0.9536,0.0821,0.0375,0.1911,0.0714,0.6579,none
2b_reference,degraded_instruct,damaged_q4,cyber_structural_25_75,epistemic,560,0.8696,0.65,0.929,0.9464,0.0839,0.0339,0.2482,0.0696,0.5947,none
2b_reference,degraded_instruct,damaged_q4,cyber_structural_25_75,forensic,560,0.9089,0.6911,0.9445,0.9875,0.075,0.0286,0.2643,0.0518,0.6391,none
2b_reference,degraded_instruct,damaged_q4,cyber_structural_25_75,generalist,560,0.8679,0.6464,0.9262,0.925,0.0696,0.0518,0.2643,0.0732,0.5904,none
2b_reference,degraded_instruct,damaged_q4,cyber_structural_25_75,math,560,0.8625,0.6286,0.9195,0.9304,0.075,0.0339,0.2732,0.1304,0.5709,none
2b_reference,degraded_instruct,damaged_q4,cyber_structural_25_75,planning,560,0.8875,0.725,0.9368,0.9268,0.0643,0.025,0.1732,0.075,0.6831,none
2b_reference,degraded_instruct,damaged_q4,cyber_structural_25_75,rhetoric,560,0.8732,0.6446,0.9204,0.9036,0.0625,0.0304,0.2768,0.1018,0.5926,none
2b_reference,degraded_instruct,damaged_q4,cyber_structural_25_75,spatial,560,0.8857,0.6786,0.9332,0.9464,0.0732,0.0339,0.2268,0.0786,0.6278,none
2b_reference,degraded_instruct,damaged_q4,q2_structural_amplifier,adversarial,560,0.875,0.4393,0.908,0.9929,0.0946,0.3125,0.3054,0.0571,0.3211,none
2b_reference,degraded_instruct,damaged_q4,q2_structural_amplifier,boundary,560,0.8804,0.4607,0.912,0.9911,0.1,0.2732,0.3304,0.0339,0.3479,none
2b_reference,degraded_instruct,damaged_q4,q2_structural_amplifier,coding,560,0.8857,0.475,0.9182,0.9893,0.0857,0.2946,0.2625,0.0357,0.3676,none
2b_reference,degraded_instruct,damaged_q4,q2_structural_amplifier,epistemic,560,0.8732,0.4929,0.9153,0.9875,0.0768,0.2732,0.3,0.0625,0.3881,none
2b_reference,degraded_instruct,damaged_q4,q2_structural_amplifier,forensic,560,0.8643,0.4964,0.9125,0.9821,0.1018,0.2804,0.2661,0.0554,0.3858,none
2b_reference,degraded_instruct,damaged_q4,q2_structural_amplifier,generalist,560,0.8714,0.4661,0.9146,0.9893,0.0911,0.2875,0.2982,0.0321,0.3558,none
2b_reference,degraded_instruct,damaged_q4,q2_structural_amplifier,math,560,0.8964,0.5054,0.9216,0.9911,0.0786,0.2571,0.3089,0.0518,0.4031,none
2b_reference,degraded_instruct,damaged_q4,q2_structural_amplifier,planning,560,0.8732,0.5411,0.9186,0.9929,0.1054,0.2482,0.2179,0.0464,0.4401,none
2b_reference,degraded_instruct,damaged_q4,q2_structural_amplifier,rhetoric,560,0.9107,0.5107,0.9273,0.9911,0.0732,0.275,0.2714,0.0357,0.4103,none
2b_reference,degraded_instruct,damaged_q4,q2_structural_amplifier,spatial,560,0.9107,0.4982,0.9288,0.9929,0.0732,0.2946,0.2429,0.0339,0.3962,none
2b_reference,degraded_instruct,damaged_q4,routed_tri_structural_60,adversarial,560,0.8929,0.6411,0.9418,0.9929,0.0911,0.0679,0.2714,0.0429,0.5763,none
2b_reference,degraded_instruct,damaged_q4,routed_tri_structural_60,boundary,560,0.8839,0.6089,0.9359,0.9839,0.1036,0.0607,0.2911,0.0375,0.5406,none
2b_reference,degraded_instruct,damaged_q4,routed_tri_structural_60,coding,560,0.8821,0.6911,0.9404,0.9893,0.0964,0.0446,0.1982,0.0625,0.6342,none
2b_reference,degraded_instruct,damaged_q4,routed_tri_structural_60,epistemic,560,0.9018,0.6875,0.9489,0.9893,0.0714,0.0375,0.2339,0.0446,0.6376,none
2b_reference,degraded_instruct,damaged_q4,routed_tri_structural_60,forensic,560,0.9089,0.675,0.9484,0.9893,0.0839,0.0536,0.2196,0.0375,0.6197,none
2b_reference,degraded_instruct,damaged_q4,routed_tri_structural_60,generalist,560,0.8964,0.6571,0.9436,0.9732,0.0661,0.0589,0.2536,0.0518,0.6027,none
2b_reference,degraded_instruct,damaged_q4,routed_tri_structural_60,math,560,0.8982,0.6339,0.9395,0.9768,0.0625,0.0482,0.3018,0.0821,0.5773,none
2b_reference,degraded_instruct,damaged_q4,routed_tri_structural_60,planning,560,0.9,0.7,0.9474,0.9911,0.0839,0.0482,0.2071,0.0446,0.6464,none
2b_reference,degraded_instruct,damaged_q4,routed_tri_structural_60,rhetoric,560,0.9107,0.6732,0.9465,0.9857,0.0679,0.05,0.25,0.0607,0.6198,none
2b_reference,degraded_instruct,damaged_q4,routed_tri_structural_60,spatial,560,0.8982,0.7054,0.9441,0.9857,0.0857,0.0446,0.1893,0.0643,0.6524,none
2b_reference,degraded_instruct,damaged_q4,routed_tri_structural_65,adversarial,560,0.9054,0.6804,0.945,0.9857,0.0786,0.0536,0.2321,0.0554,0.6247,none
2b_reference,degraded_instruct,damaged_q4,routed_tri_structural_65,boundary,560,0.8857,0.6625,0.9362,0.9857,0.0964,0.0536,0.2714,0.0554,0.5984,none
2b_reference,degraded_instruct,damaged_q4,routed_tri_structural_65,coding,560,0.925,0.7143,0.9552,0.9804,0.0518,0.0571,0.2,0.0482,0.6689,none
2b_reference,degraded_instruct,damaged_q4,routed_tri_structural_65,epistemic,560,0.8821,0.65,0.9397,0.9893,0.1018,0.0446,0.2518,0.0375,0.5885,none
2b_reference,degraded_instruct,damaged_q4,routed_tri_structural_65,forensic,560,0.9196,0.7143,0.9504,0.9893,0.0643,0.0482,0.2321,0.0536,0.6641,none
2b_reference,degraded_instruct,damaged_q4,routed_tri_structural_65,generalist,560,0.8661,0.6339,0.9354,0.9911,0.0964,0.0589,0.2571,0.0607,0.5696,none
2b_reference,degraded_instruct,damaged_q4,routed_tri_structural_65,math,560,0.8964,0.6304,0.938,0.9839,0.0768,0.0554,0.2857,0.0786,0.5695,none
2b_reference,degraded_instruct,damaged_q4,routed_tri_structural_65,planning,560,0.9107,0.7054,0.9491,0.9929,0.0821,0.0339,0.2071,0.0429,0.6552,none
2b_reference,degraded_instruct,damaged_q4,routed_tri_structural_65,rhetoric,560,0.8857,0.675,0.9422,0.9911,0.1,0.0268,0.2321,0.0429,0.6189,none
2b_reference,degraded_instruct,damaged_q4,routed_tri_structural_65,spatial,560,0.9321,0.7268,0.9586,0.9875,0.0589,0.05,0.1857,0.0339,0.6826,none
2b_reference,degraded_instruct,damaged_q4,stability_first_tri_70,adversarial,560,0.9018,0.6536,0.9419,0.9839,0.0857,0.0518,0.2536,0.0554,0.5944,none
2b_reference,degraded_instruct,damaged_q4,stability_first_tri_70,boundary,560,0.9,0.6518,0.9423,0.9857,0.0857,0.0375,0.275,0.0446,0.5943,none
2b_reference,degraded_instruct,damaged_q4,stability_first_tri_70,coding,560,0.9179,0.6679,0.9506,0.9875,0.0714,0.0643,0.2214,0.0411,0.6138,none
2b_reference,degraded_instruct,damaged_q4,stability_first_tri_70,epistemic,560,0.8911,0.6964,0.9444,0.9893,0.0929,0.0286,0.2232,0.0393,0.643,none
2b_reference,degraded_instruct,damaged_q4,stability_first_tri_70,forensic,560,0.9018,0.6643,0.9459,0.9875,0.0839,0.0589,0.2411,0.0393,0.6061,none
2b_reference,degraded_instruct,damaged_q4,stability_first_tri_70,generalist,560,0.9071,0.6518,0.9503,0.9929,0.0589,0.0714,0.2339,0.0536,0.5984,none
2b_reference,degraded_instruct,damaged_q4,stability_first_tri_70,math,560,0.9071,0.6679,0.9469,0.9875,0.0679,0.0446,0.2857,0.0464,0.6134,none
2b_reference,degraded_instruct,damaged_q4,stability_first_tri_70,planning,560,0.8875,0.6857,0.9405,0.9893,0.0857,0.0357,0.2304,0.0661,0.6311,none
2b_reference,degraded_instruct,damaged_q4,stability_first_tri_70,rhetoric,560,0.9286,0.6946,0.9525,0.9875,0.0643,0.0375,0.2554,0.0357,0.6456,none
2b_reference,degraded_instruct,damaged_q4,stability_first_tri_70,spatial,560,0.9018,0.725,0.9512,0.9946,0.0839,0.0446,0.1643,0.0464,0.6754,none
2b_reference,degraded_instruct,healthy_q6,cognitive_structural_25_75,adversarial,560,0.9232,0.7393,0.955,0.9839,0.0536,0.0357,0.1893,0.0589,0.698,none
2b_reference,degraded_instruct,healthy_q6,cognitive_structural_25_75,boundary,560,0.9161,0.7339,0.9529,0.9893,0.0679,0.0179,0.1946,0.05,0.6919,none
2b_reference,degraded_instruct,healthy_q6,cognitive_structural_25_75,coding,560,0.9357,0.7518,0.9589,0.9946,0.0518,0.0375,0.1714,0.0571,0.7122,none
2b_reference,degraded_instruct,healthy_q6,cognitive_structural_25_75,epistemic,560,0.9232,0.7464,0.9538,0.9875,0.0554,0.0143,0.1893,0.0554,0.7091,none
2b_reference,degraded_instruct,healthy_q6,cognitive_structural_25_75,forensic,560,0.9357,0.7607,0.961,0.9982,0.05,0.025,0.1929,0.0464,0.723,none
2b_reference,degraded_instruct,healthy_q6,cognitive_structural_25_75,generalist,560,0.9036,0.7339,0.9507,0.9893,0.0696,0.0339,0.1821,0.0536,0.689,none
2b_reference,degraded_instruct,healthy_q6,cognitive_structural_25_75,math,560,0.9321,0.7196,0.9591,0.9982,0.05,0.0089,0.2393,0.0446,0.6815,none
2b_reference,degraded_instruct,healthy_q6,cognitive_structural_25_75,planning,560,0.9446,0.7875,0.9603,0.9857,0.0464,0.0268,0.15,0.0518,0.7536,none
2b_reference,degraded_instruct,healthy_q6,cognitive_structural_25_75,rhetoric,560,0.9393,0.7393,0.9602,0.9946,0.0446,0.0232,0.2071,0.05,0.7022,none
2b_reference,degraded_instruct,healthy_q6,cognitive_structural_25_75,spatial,560,0.9357,0.7714,0.9601,0.9857,0.0518,0.0214,0.1661,0.0429,0.7362,none
2b_reference,degraded_instruct,healthy_q6,cyber_structural_25_75,adversarial,560,0.9304,0.7482,0.9586,0.9929,0.0571,0.0429,0.1679,0.0554,0.7063,none
2b_reference,degraded_instruct,healthy_q6,cyber_structural_25_75,boundary,560,0.925,0.7107,0.9507,0.9875,0.0625,0.0446,0.2125,0.0607,0.663,none
2b_reference,degraded_instruct,healthy_q6,cyber_structural_25_75,coding,560,0.9393,0.7643,0.9595,0.9875,0.0482,0.0268,0.1786,0.0482,0.7278,none
2b_reference,degraded_instruct,healthy_q6,cyber_structural_25_75,epistemic,560,0.9089,0.7554,0.9534,0.9875,0.0696,0.0214,0.1679,0.0464,0.7144,none
2b_reference,degraded_instruct,healthy_q6,cyber_structural_25_75,forensic,560,0.9411,0.7768,0.9586,0.9911,0.0464,0.0411,0.1607,0.0679,0.7384,none
2b_reference,degraded_instruct,healthy_q6,cyber_structural_25_75,generalist,560,0.9089,0.7411,0.9554,0.9964,0.0732,0.0429,0.1839,0.0339,0.6941,none
2b_reference,degraded_instruct,healthy_q6,cyber_structural_25_75,math,560,0.9321,0.7607,0.9619,0.9929,0.0518,0.0304,0.175,0.0429,0.723,none
2b_reference,degraded_instruct,healthy_q6,cyber_structural_25_75,planning,560,0.9375,0.7839,0.9622,0.9893,0.0536,0.025,0.1536,0.0375,0.7487,none
2b_reference,degraded_instruct,healthy_q6,cyber_structural_25_75,rhetoric,560,0.9286,0.7393,0.9587,0.9911,0.0589,0.0339,0.1911,0.0375,0.6977,none
2b_reference,degraded_instruct,healthy_q6,cyber_structural_25_75,spatial,560,0.9393,0.7946,0.964,0.9875,0.0536,0.0196,0.1429,0.0357,0.7614,none
2b_reference,degraded_instruct,healthy_q6,q2_structural_amplifier,adversarial,560,0.9286,0.525,0.9298,0.9911,0.0482,0.3071,0.2179,0.0518,0.4291,none
2b_reference,degraded_instruct,healthy_q6,q2_structural_amplifier,boundary,560,0.8946,0.4786,0.9172,0.9911,0.075,0.3304,0.2589,0.0446,0.3671,none
2b_reference,degraded_instruct,healthy_q6,q2_structural_amplifier,coding,560,0.9268,0.5821,0.9377,0.9964,0.0589,0.2643,0.1768,0.0321,0.4959,none
2b_reference,degraded_instruct,healthy_q6,q2_structural_amplifier,epistemic,560,0.9107,0.5321,0.9337,0.9875,0.0571,0.2679,0.2143,0.0393,0.4423,none
2b_reference,degraded_instruct,healthy_q6,q2_structural_amplifier,forensic,560,0.9196,0.5411,0.9312,0.9839,0.0571,0.2893,0.2232,0.0429,0.4461,none
2b_reference,degraded_instruct,healthy_q6,q2_structural_amplifier,generalist,560,0.8911,0.4839,0.921,0.9982,0.0696,0.3161,0.2286,0.0518,0.3789,none
2b_reference,degraded_instruct,healthy_q6,q2_structural_amplifier,math,560,0.9143,0.5321,0.9314,0.9893,0.0607,0.2696,0.2268,0.0482,0.4394,none
2b_reference,degraded_instruct,healthy_q6,q2_structural_amplifier,planning,560,0.9179,0.5554,0.9315,0.9875,0.0589,0.275,0.1786,0.0375,0.4665,none
2b_reference,degraded_instruct,healthy_q6,q2_structural_amplifier,rhetoric,560,0.9071,0.4821,0.9262,0.9964,0.0679,0.3286,0.2321,0.0482,0.3751,none
2b_reference,degraded_instruct,healthy_q6,q2_structural_amplifier,spatial,560,0.9429,0.5571,0.9422,0.9964,0.0518,0.2946,0.1768,0.025,0.4673,none
2b_reference,degraded_instruct,healthy_q6,routed_tri_structural_60,adversarial,560,0.9143,0.7339,0.9556,0.9875,0.0714,0.0536,0.1714,0.0357,0.6863,none
2b_reference,degraded_instruct,healthy_q6,routed_tri_structural_60,boundary,560,0.9179,0.7196,0.9544,0.9911,0.0679,0.0625,0.1821,0.05,0.6697,none
2b_reference,degraded_instruct,healthy_q6,routed_tri_structural_60,coding,560,0.9321,0.7393,0.9603,0.9893,0.0518,0.0482,0.1786,0.0393,0.6979,none
2b_reference,degraded_instruct,healthy_q6,routed_tri_structural_60,epistemic,560,0.9393,0.7429,0.9635,0.9946,0.0429,0.0518,0.1929,0.0375,0.7023,none
2b_reference,degraded_instruct,healthy_q6,routed_tri_structural_60,forensic,560,0.9411,0.75,0.9611,0.9946,0.05,0.0607,0.1625,0.0518,0.7073,none
2b_reference,degraded_instruct,healthy_q6,routed_tri_structural_60,generalist,560,0.9054,0.7196,0.9566,0.9911,0.0536,0.0661,0.175,0.05,0.6739,none
2b_reference,degraded_instruct,healthy_q6,routed_tri_structural_60,math,560,0.9429,0.7214,0.9567,0.9893,0.0393,0.0446,0.2268,0.0661,0.6793,none
2b_reference,degraded_instruct,healthy_q6,routed_tri_structural_60,planning,560,0.9357,0.75,0.9597,0.9857,0.0446,0.0464,0.1732,0.05,0.711,none
2b_reference,degraded_instruct,healthy_q6,routed_tri_structural_60,rhetoric,560,0.9143,0.75,0.9516,0.9875,0.0625,0.0357,0.175,0.0696,0.7066,none
2b_reference,degraded_instruct,healthy_q6,routed_tri_structural_60,spatial,560,0.9179,0.7161,0.9544,0.9964,0.0714,0.0625,0.1857,0.0446,0.6651,none
2b_reference,degraded_instruct,healthy_q6,routed_tri_structural_65,adversarial,560,0.9304,0.7464,0.9539,0.9839,0.0554,0.0429,0.1714,0.0732,0.7039,none
2b_reference,degraded_instruct,healthy_q6,routed_tri_structural_65,boundary,560,0.9268,0.725,0.9553,0.9946,0.0571,0.05,0.2,0.0625,0.6787,none
2b_reference,degraded_instruct,healthy_q6,routed_tri_structural_65,coding,560,0.9321,0.7589,0.9595,0.9929,0.0536,0.0536,0.1589,0.0554,0.7167,none
2b_reference,degraded_instruct,healthy_q6,routed_tri_structural_65,epistemic,560,0.925,0.725,0.9561,0.9911,0.0464,0.0446,0.1946,0.0589,0.6836,none
2b_reference,degraded_instruct,healthy_q6,routed_tri_structural_65,forensic,560,0.9286,0.7393,0.9589,0.9946,0.0554,0.0411,0.1821,0.0482,0.6975,none
2b_reference,degraded_instruct,healthy_q6,routed_tri_structural_65,generalist,560,0.8964,0.7196,0.951,0.9893,0.0643,0.05,0.1839,0.0589,0.6727,none
2b_reference,degraded_instruct,healthy_q6,routed_tri_structural_65,math,560,0.925,0.7054,0.9536,0.9857,0.0571,0.0446,0.2214,0.05,0.6591,none
2b_reference,degraded_instruct,healthy_q6,routed_tri_structural_65,planning,560,0.9357,0.7625,0.9601,0.9929,0.0464,0.0357,0.1696,0.0571,0.725,none
2b_reference,degraded_instruct,healthy_q6,routed_tri_structural_65,rhetoric,560,0.9393,0.7661,0.9617,0.9911,0.05,0.0661,0.1464,0.0536,0.7235,none
2b_reference,degraded_instruct,healthy_q6,routed_tri_structural_65,spatial,560,0.9161,0.7357,0.9565,0.9929,0.0607,0.0554,0.1589,0.05,0.6912,none
2b_reference,degraded_instruct,healthy_q6,stability_first_tri_70,adversarial,560,0.9089,0.7429,0.953,0.9893,0.0714,0.0464,0.1482,0.0607,0.6973,none
2b_reference,degraded_instruct,healthy_q6,stability_first_tri_70,boundary,560,0.9304,0.7089,0.9539,0.9893,0.0536,0.05,0.2232,0.0589,0.6621,none
2b_reference,degraded_instruct,healthy_q6,stability_first_tri_70,coding,560,0.9268,0.7393,0.9583,0.9857,0.0518,0.0536,0.1643,0.0482,0.6975,none
2b_reference,degraded_instruct,healthy_q6,stability_first_tri_70,epistemic,560,0.9125,0.7107,0.9507,0.9857,0.0679,0.0304,0.2107,0.0429,0.6653,none
2b_reference,degraded_instruct,healthy_q6,stability_first_tri_70,forensic,560,0.9411,0.7696,0.9603,0.9982,0.0482,0.0393,0.1643,0.0607,0.7311,none
2b_reference,degraded_instruct,healthy_q6,stability_first_tri_70,generalist,560,0.9232,0.7286,0.9613,0.9929,0.0536,0.0625,0.1714,0.0321,0.6847,none
2b_reference,degraded_instruct,healthy_q6,stability_first_tri_70,math,560,0.9446,0.7268,0.9612,0.9893,0.0393,0.0429,0.2196,0.0464,0.6865,none
2b_reference,degraded_instruct,healthy_q6,stability_first_tri_70,planning,560,0.9339,0.7625,0.956,0.9839,0.0446,0.0393,0.1571,0.0696,0.7252,none
2b_reference,degraded_instruct,healthy_q6,stability_first_tri_70,rhetoric,560,0.9411,0.7286,0.9618,0.9893,0.0393,0.0536,0.1893,0.0518,0.6883,none
2b_reference,degraded_instruct,healthy_q6,stability_first_tri_70,spatial,560,0.9339,0.7625,0.9629,0.9893,0.0482,0.0375,0.1625,0.0339,0.7258,none
2b_reference,degraded_instruct,healthy_q8,cognitive_structural_25_75,adversarial,560,0.9554,0.7839,0.9684,0.9857,0.0286,0.0286,0.1643,0.0375,0.7546,none
2b_reference,degraded_instruct,healthy_q8,cognitive_structural_25_75,boundary,560,0.9589,0.7571,0.9649,0.9839,0.0321,0.0446,0.1875,0.0446,0.7213,none
2b_reference,degraded_instruct,healthy_q8,cognitive_structural_25_75,coding,560,0.9411,0.8089,0.9647,0.9911,0.0393,0.025,0.125,0.0589,0.7792,none
2b_reference,degraded_instruct,healthy_q8,cognitive_structural_25_75,epistemic,560,0.9339,0.7839,0.9633,0.9911,0.0429,0.0125,0.1714,0.0393,0.7529,none
2b_reference,degraded_instruct,healthy_q8,cognitive_structural_25_75,forensic,560,0.9536,0.8071,0.9674,0.9839,0.0375,0.0268,0.1375,0.0393,0.7776,none
2b_reference,degraded_instruct,healthy_q8,cognitive_structural_25_75,generalist,560,0.9518,0.7964,0.9709,0.9911,0.0339,0.0268,0.1625,0.0214,0.7668,none
2b_reference,degraded_instruct,healthy_q8,cognitive_structural_25_75,math,560,0.9321,0.7464,0.9585,0.9875,0.0464,0.0232,0.1929,0.0589,0.7095,none
2b_reference,degraded_instruct,healthy_q8,cognitive_structural_25_75,planning,560,0.9554,0.8411,0.9722,0.9911,0.0268,0.0268,0.1071,0.0429,0.817,none
2b_reference,degraded_instruct,healthy_q8,cognitive_structural_25_75,rhetoric,560,0.9554,0.7786,0.9656,0.9911,0.0268,0.0286,0.1786,0.0607,0.7475,none
2b_reference,degraded_instruct,healthy_q8,cognitive_structural_25_75,spatial,560,0.9589,0.8411,0.9705,0.9893,0.0268,0.0125,0.1214,0.0482,0.8184,none
2b_reference,degraded_instruct,healthy_q8,cyber_structural_25_75,adversarial,560,0.9339,0.7911,0.9595,0.9875,0.0571,0.0304,0.1446,0.0554,0.7535,none
2b_reference,degraded_instruct,healthy_q8,cyber_structural_25_75,boundary,560,0.9607,0.8036,0.9705,0.9893,0.0357,0.0464,0.1304,0.0339,0.7714,none
2b_reference,degraded_instruct,healthy_q8,cyber_structural_25_75,coding,560,0.9625,0.8054,0.9725,0.9911,0.0268,0.0357,0.1375,0.0357,0.7774,none
2b_reference,degraded_instruct,healthy_q8,cyber_structural_25_75,epistemic,560,0.9357,0.7911,0.9663,0.9946,0.0411,0.0232,0.1446,0.0411,0.7605,none
2b_reference,degraded_instruct,healthy_q8,cyber_structural_25_75,forensic,560,0.9714,0.8232,0.9746,0.9929,0.0232,0.0411,0.1179,0.0393,0.7966,none
2b_reference,degraded_instruct,healthy_q8,cyber_structural_25_75,generalist,560,0.9429,0.7714,0.9681,0.9911,0.0393,0.0464,0.1589,0.0268,0.7363,none
2b_reference,degraded_instruct,healthy_q8,cyber_structural_25_75,math,560,0.9518,0.7625,0.9674,0.9946,0.0268,0.0393,0.1786,0.0571,0.7295,none
2b_reference,degraded_instruct,healthy_q8,cyber_structural_25_75,planning,560,0.9482,0.8232,0.9658,0.9857,0.0393,0.025,0.1161,0.0482,0.7947,none
2b_reference,degraded_instruct,healthy_q8,cyber_structural_25_75,rhetoric,560,0.9536,0.7625,0.967,0.9964,0.0304,0.0339,0.1929,0.0464,0.7289,none
2b_reference,degraded_instruct,healthy_q8,cyber_structural_25_75,spatial,560,0.9464,0.7929,0.9622,0.9857,0.0429,0.0232,0.1571,0.05,0.7603,none
2b_reference,degraded_instruct,healthy_q8,q2_structural_amplifier,adversarial,560,0.8893,0.5107,0.9205,0.9911,0.0768,0.2964,0.2161,0.0571,0.4083,none
2b_reference,degraded_instruct,healthy_q8,q2_structural_amplifier,boundary,560,0.875,0.5,0.9146,0.9857,0.0821,0.3089,0.2268,0.0661,0.3921,none
2b_reference,degraded_instruct,healthy_q8,q2_structural_amplifier,coding,560,0.9089,0.5411,0.9301,0.9875,0.0518,0.2911,0.2107,0.0446,0.4482,none
2b_reference,degraded_instruct,healthy_q8,q2_structural_amplifier,epistemic,560,0.8964,0.5018,0.926,0.9929,0.075,0.2839,0.2518,0.0375,0.4005,none
2b_reference,degraded_instruct,healthy_q8,q2_structural_amplifier,forensic,560,0.8982,0.5589,0.9295,0.9929,0.0679,0.2696,0.1946,0.0589,0.4661,none
2b_reference,degraded_instruct,healthy_q8,q2_structural_amplifier,generalist,560,0.9071,0.5375,0.9255,0.9857,0.0429,0.3018,0.2089,0.0643,0.4444,none
2b_reference,degraded_instruct,healthy_q8,q2_structural_amplifier,math,560,0.9125,0.5321,0.9283,0.9804,0.0589,0.2964,0.2196,0.0482,0.4352,none
2b_reference,degraded_instruct,healthy_q8,q2_structural_amplifier,planning,560,0.9232,0.5661,0.9342,0.9946,0.0536,0.3054,0.1446,0.0446,0.4751,none
2b_reference,degraded_instruct,healthy_q8,q2_structural_amplifier,rhetoric,560,0.9107,0.5125,0.9285,0.9839,0.0589,0.3036,0.2321,0.0464,0.4132,none
2b_reference,degraded_instruct,healthy_q8,q2_structural_amplifier,spatial,560,0.9161,0.5304,0.9347,0.9946,0.0464,0.3036,0.1768,0.0607,0.4385,none
2b_reference,degraded_instruct,healthy_q8,routed_tri_structural_60,adversarial,560,0.9571,0.7946,0.9699,0.9929,0.0339,0.05,0.1268,0.0446,0.7621,none
2b_reference,degraded_instruct,healthy_q8,routed_tri_structural_60,boundary,560,0.9518,0.7839,0.9634,0.9821,0.0375,0.0661,0.1393,0.0536,0.7456,none
2b_reference,degraded_instruct,healthy_q8,routed_tri_structural_60,coding,560,0.9625,0.7982,0.9682,0.9768,0.0196,0.0446,0.1393,0.0518,0.7697,none
2b_reference,degraded_instruct,healthy_q8,routed_tri_structural_60,epistemic,560,0.9339,0.7357,0.9623,0.9911,0.0429,0.0357,0.1982,0.0339,0.6982,none
2b_reference,degraded_instruct,healthy_q8,routed_tri_structural_60,forensic,560,0.9393,0.7804,0.9636,0.9911,0.0482,0.0411,0.1393,0.0429,0.7444,none
2b_reference,degraded_instruct,healthy_q8,routed_tri_structural_60,generalist,560,0.9143,0.7375,0.9565,0.9821,0.05,0.0661,0.1607,0.0554,0.6937,none
2b_reference,degraded_instruct,healthy_q8,routed_tri_structural_60,math,560,0.9482,0.725,0.9639,0.9929,0.025,0.0554,0.2179,0.0589,0.6861,none
2b_reference,degraded_instruct,healthy_q8,routed_tri_structural_60,planning,560,0.9339,0.7804,0.9612,0.9893,0.0482,0.0446,0.1357,0.05,0.7436,none
2b_reference,degraded_instruct,healthy_q8,routed_tri_structural_60,rhetoric,560,0.95,0.7768,0.9644,0.9911,0.0393,0.0429,0.1571,0.0536,0.7412,none
2b_reference,degraded_instruct,healthy_q8,routed_tri_structural_60,spatial,560,0.9625,0.7982,0.9718,0.9839,0.0232,0.0518,0.1286,0.0393,0.7686,none
2b_reference,degraded_instruct,healthy_q8,routed_tri_structural_65,adversarial,560,0.9482,0.7768,0.9666,0.9875,0.0321,0.0536,0.1446,0.05,0.7424,none
2b_reference,degraded_instruct,healthy_q8,routed_tri_structural_65,boundary,560,0.9679,0.7625,0.9693,0.9893,0.0268,0.0982,0.1339,0.0518,0.7215,none
2b_reference,degraded_instruct,healthy_q8,routed_tri_structural_65,coding,560,0.9375,0.7875,0.9623,0.9875,0.0375,0.0446,0.1446,0.0607,0.7527,none
2b_reference,degraded_instruct,healthy_q8,routed_tri_structural_65,epistemic,560,0.95,0.7411,0.9657,0.9911,0.0375,0.0482,0.1821,0.0357,0.7038,none
2b_reference,degraded_instruct,healthy_q8,routed_tri_structural_65,forensic,560,0.9571,0.7946,0.9671,0.9857,0.0304,0.0571,0.1304,0.0536,0.761,none
2b_reference,degraded_instruct,healthy_q8,routed_tri_structural_65,generalist,560,0.9321,0.7679,0.964,0.9857,0.0304,0.0536,0.1518,0.0536,0.7332,none
2b_reference,degraded_instruct,healthy_q8,routed_tri_structural_65,math,560,0.9464,0.75,0.9642,0.9911,0.0411,0.05,0.1839,0.0446,0.7107,none
2b_reference,degraded_instruct,healthy_q8,routed_tri_structural_65,planning,560,0.9643,0.8018,0.9705,0.9857,0.025,0.0446,0.1375,0.0393,0.7724,none
2b_reference,degraded_instruct,healthy_q8,routed_tri_structural_65,rhetoric,560,0.9375,0.7321,0.9617,0.9929,0.0411,0.0536,0.175,0.0571,0.6922,none
2b_reference,degraded_instruct,healthy_q8,routed_tri_structural_65,spatial,560,0.9643,0.825,0.973,0.9982,0.0196,0.0357,0.1214,0.0536,0.7996,none
2b_reference,degraded_instruct,healthy_q8,stability_first_tri_70,adversarial,560,0.9482,0.7857,0.967,0.9946,0.0411,0.05,0.1321,0.05,0.7503,none
2b_reference,degraded_instruct,healthy_q8,stability_first_tri_70,boundary,560,0.95,0.7643,0.9635,0.9875,0.0393,0.0554,0.1643,0.0482,0.7259,none
2b_reference,degraded_instruct,healthy_q8,stability_first_tri_70,coding,560,0.9429,0.8036,0.9671,0.9911,0.0429,0.0464,0.1196,0.0429,0.7697,none
2b_reference,degraded_instruct,healthy_q8,stability_first_tri_70,epistemic,560,0.9411,0.75,0.9638,0.9857,0.0357,0.0375,0.1893,0.0357,0.7149,none
2b_reference,degraded_instruct,healthy_q8,stability_first_tri_70,forensic,560,0.9571,0.7804,0.9654,0.9804,0.0304,0.0429,0.1661,0.0411,0.7473,none
2b_reference,degraded_instruct,healthy_q8,stability_first_tri_70,generalist,560,0.9357,0.7625,0.9634,0.9857,0.0375,0.0357,0.1696,0.0429,0.7284,none
2b_reference,degraded_instruct,healthy_q8,stability_first_tri_70,math,560,0.9411,0.7464,0.9624,0.9946,0.0339,0.0357,0.2,0.0607,0.7101,none
2b_reference,degraded_instruct,healthy_q8,stability_first_tri_70,planning,560,0.9696,0.8232,0.9718,0.9893,0.025,0.0375,0.1304,0.0393,0.7958,none
2b_reference,degraded_instruct,healthy_q8,stability_first_tri_70,rhetoric,560,0.9393,0.7679,0.9639,0.9893,0.0446,0.0357,0.1786,0.0375,0.7312,none
2b_reference,degraded_instruct,healthy_q8,stability_first_tri_70,spatial,560,0.9571,0.7982,0.9688,0.9911,0.0304,0.0357,0.1482,0.0464,0.7678,none
2b_reference,instruct,collapsed_q2_edge,cognitive_structural_25_75,adversarial,560,0.0339,0.0286,0.2235,0.5607,0.5643,0.0179,0.6768,3.2464,-0.3608,cascade
2b_reference,instruct,collapsed_q2_edge,cognitive_structural_25_75,boundary,560,0.0429,0.0321,0.2117,0.5321,0.5768,0.0268,0.6696,3.1339,-0.3565,cascade
2b_reference,instruct,collapsed_q2_edge,cognitive_structural_25_75,coding,560,0.0232,0.0196,0.1843,0.4554,0.55,0.0268,0.5161,3.1214,-0.3481,cascade
2b_reference,instruct,collapsed_q2_edge,cognitive_structural_25_75,epistemic,560,0.0411,0.0357,0.1947,0.4714,0.5589,0.0107,0.6161,2.65,-0.3159,cascade
2b_reference,instruct,collapsed_q2_edge,cognitive_structural_25_75,forensic,560,0.0375,0.0321,0.1974,0.5554,0.5875,0.0232,0.6464,3.0357,-0.3523,cascade
2b_reference,instruct,collapsed_q2_edge,cognitive_structural_25_75,generalist,560,0.0286,0.0232,0.2093,0.4696,0.5464,0.0214,0.65,2.7571,-0.3349,cascade
2b_reference,instruct,collapsed_q2_edge,cognitive_structural_25_75,math,560,0.025,0.0196,0.2027,0.4982,0.5161,0.0232,0.5982,3.3179,-0.3536,cascade
2b_reference,instruct,collapsed_q2_edge,cognitive_structural_25_75,planning,560,0.0714,0.0536,0.2428,0.4643,0.5143,0.0107,0.4929,2.8125,-0.2829,cascade
2b_reference,instruct,collapsed_q2_edge,cognitive_structural_25_75,rhetoric,560,0.0304,0.0268,0.176,0.4411,0.5554,0.0161,0.6429,3.1696,-0.3529,cascade
2b_reference,instruct,collapsed_q2_edge,cognitive_structural_25_75,spatial,560,0.0429,0.0375,0.2001,0.4446,0.5179,0.0125,0.4911,3.0036,-0.3098,cascade
2b_reference,instruct,collapsed_q2_edge,cyber_structural_25_75,adversarial,560,0.05,0.0321,0.2761,0.6732,0.5286,0.0339,0.5946,2.9232,-0.3269,cascade
2b_reference,instruct,collapsed_q2_edge,cyber_structural_25_75,boundary,560,0.1089,0.0768,0.3331,0.6732,0.5107,0.0232,0.5964,2.4982,-0.2537,cascade
2b_reference,instruct,collapsed_q2_edge,cyber_structural_25_75,coding,560,0.0375,0.0286,0.2161,0.4589,0.5482,0.0375,0.4821,2.9679,-0.3304,cascade
2b_reference,instruct,collapsed_q2_edge,cyber_structural_25_75,epistemic,560,0.0607,0.0464,0.1959,0.4179,0.5607,0.0143,0.5696,2.6071,-0.3006,cascade
2b_reference,instruct,collapsed_q2_edge,cyber_structural_25_75,forensic,560,0.0643,0.0411,0.2576,0.6679,0.5411,0.0268,0.5607,2.725,-0.3077,cascade
2b_reference,instruct,collapsed_q2_edge,cyber_structural_25_75,generalist,560,0.0304,0.0232,0.1851,0.3875,0.5696,0.0286,0.5554,2.8214,-0.3389,cascade
2b_reference,instruct,collapsed_q2_edge,cyber_structural_25_75,math,560,0.0464,0.0321,0.2015,0.4214,0.4911,0.0214,0.5786,3.2661,-0.3291,cascade
2b_reference,instruct,collapsed_q2_edge,cyber_structural_25_75,planning,560,0.0536,0.0429,0.2036,0.3893,0.5286,0.0304,0.4839,2.9125,-0.3061,cascade
2b_reference,instruct,collapsed_q2_edge,cyber_structural_25_75,rhetoric,560,0.025,0.0214,0.1577,0.375,0.5768,0.0161,0.6018,3.3304,-0.3695,cascade
2b_reference,instruct,collapsed_q2_edge,cyber_structural_25_75,spatial,560,0.0357,0.0304,0.1785,0.4143,0.5375,0.025,0.4643,2.9982,-0.3229,cascade
2b_reference,instruct,collapsed_q2_edge,q2_structural_amplifier,adversarial,560,0.5196,0.2214,0.7249,0.9161,0.2643,0.2857,0.6339,0.6446,0.0021,distractor_capture
2b_reference,instruct,collapsed_q2_edge,q2_structural_amplifier,boundary,560,0.5036,0.2125,0.7198,0.9161,0.2786,0.3,0.675,0.6054,-0.0153,distractor_capture
2b_reference,instruct,collapsed_q2_edge,q2_structural_amplifier,coding,560,0.2446,0.15,0.5089,0.5786,0.2964,0.3071,0.475,1.3268,-0.1047,cascade
2b_reference,instruct,collapsed_q2_edge,q2_structural_amplifier,epistemic,560,0.2607,0.1375,0.5218,0.5714,0.2857,0.2357,0.6375,1.0982,-0.1013,cascade
2b_reference,instruct,collapsed_q2_edge,q2_structural_amplifier,forensic,560,0.3429,0.2036,0.6084,0.8839,0.2893,0.2429,0.5893,1.1429,-0.0361,cascade
2b_reference,instruct,collapsed_q2_edge,q2_structural_amplifier,generalist,560,0.2464,0.1286,0.501,0.5643,0.2786,0.2804,0.6214,1.2875,-0.1252,cascade
2b_reference,instruct,collapsed_q2_edge,q2_structural_amplifier,math,560,0.2232,0.1339,0.4729,0.5286,0.275,0.2446,0.5768,1.6857,-0.1279,classification_miss
2b_reference,instruct,collapsed_q2_edge,q2_structural_amplifier,planning,560,0.3089,0.1893,0.5335,0.55,0.3089,0.2661,0.5,1.1571,-0.0545,cascade
2b_reference,instruct,collapsed_q2_edge,q2_structural_amplifier,rhetoric,560,0.1875,0.1125,0.4654,0.5375,0.2982,0.2286,0.5946,1.5411,-0.1473,cascade
2b_reference,instruct,collapsed_q2_edge,q2_structural_amplifier,spatial,560,0.2446,0.1589,0.5124,0.5857,0.2839,0.2536,0.4464,1.3857,-0.082,cascade
2b_reference,instruct,collapsed_q2_edge,routed_tri_structural_60,adversarial,560,0.0964,0.0607,0.3446,0.725,0.4893,0.0464,0.6107,2.5482,-0.2716,cascade
2b_reference,instruct,collapsed_q2_edge,routed_tri_structural_60,boundary,560,0.0839,0.0589,0.3218,0.6839,0.5161,0.0429,0.6786,2.4929,-0.2834,cascade
2b_reference,instruct,collapsed_q2_edge,routed_tri_structural_60,coding,560,0.0482,0.0375,0.2388,0.4518,0.4839,0.0518,0.5161,2.7893,-0.2988,cascade
2b_reference,instruct,collapsed_q2_edge,routed_tri_structural_60,epistemic,560,0.0482,0.0375,0.2501,0.5321,0.4839,0.0179,0.5946,2.4,-0.2788,cascade
2b_reference,instruct,collapsed_q2_edge,routed_tri_structural_60,forensic,560,0.0964,0.0661,0.2749,0.6732,0.5214,0.0375,0.5982,2.6357,-0.2775,cascade
2b_reference,instruct,collapsed_q2_edge,routed_tri_structural_60,generalist,560,0.0679,0.0411,0.2632,0.4821,0.4893,0.0554,0.5929,2.4857,-0.2885,cascade
2b_reference,instruct,collapsed_q2_edge,routed_tri_structural_60,math,560,0.0411,0.0268,0.2401,0.4625,0.4571,0.0357,0.5839,3.0464,-0.3165,cascade
2b_reference,instruct,collapsed_q2_edge,routed_tri_structural_60,planning,560,0.0982,0.0786,0.2866,0.5089,0.4518,0.0357,0.4411,2.4786,-0.2233,cascade
2b_reference,instruct,collapsed_q2_edge,routed_tri_structural_60,rhetoric,560,0.025,0.0196,0.204,0.4536,0.4804,0.0375,0.6643,3.0054,-0.3354,cascade
2b_reference,instruct,collapsed_q2_edge,routed_tri_structural_60,spatial,560,0.0714,0.0536,0.2671,0.5036,0.4393,0.0482,0.5339,2.5929,-0.2602,cascade
2b_reference,instruct,collapsed_q2_edge,routed_tri_structural_65,adversarial,560,0.0929,0.0661,0.3487,0.6982,0.4893,0.0429,0.6161,2.4839,-0.2628,cascade
2b_reference,instruct,collapsed_q2_edge,routed_tri_structural_65,boundary,560,0.1161,0.0696,0.3669,0.6786,0.4768,0.0518,0.7143,2.2768,-0.2547,cascade
2b_reference,instruct,collapsed_q2_edge,routed_tri_structural_65,coding,560,0.0696,0.0589,0.2885,0.5161,0.425,0.0625,0.4982,2.6018,-0.251,cascade
2b_reference,instruct,collapsed_q2_edge,routed_tri_structural_65,epistemic,560,0.0875,0.0536,0.2885,0.5286,0.4589,0.0179,0.6179,2.2304,-0.2486,cascade
2b_reference,instruct,collapsed_q2_edge,routed_tri_structural_65,forensic,560,0.075,0.0482,0.2782,0.6375,0.5054,0.0464,0.6518,2.5929,-0.2945,cascade
2b_reference,instruct,collapsed_q2_edge,routed_tri_structural_65,generalist,560,0.0643,0.0393,0.2712,0.4571,0.5054,0.0625,0.5857,2.3161,-0.2875,cascade
2b_reference,instruct,collapsed_q2_edge,routed_tri_structural_65,math,560,0.0643,0.0464,0.2626,0.4786,0.4429,0.0357,0.5821,2.8482,-0.2826,cascade
2b_reference,instruct,collapsed_q2_edge,routed_tri_structural_65,planning,560,0.1018,0.0857,0.2913,0.4964,0.4411,0.0357,0.4536,2.4607,-0.2131,cascade
2b_reference,instruct,collapsed_q2_edge,routed_tri_structural_65,rhetoric,560,0.0536,0.0411,0.2515,0.4982,0.4857,0.0286,0.5857,2.7054,-0.2925,cascade
2b_reference,instruct,collapsed_q2_edge,routed_tri_structural_65,spatial,560,0.0696,0.0482,0.2598,0.4982,0.45,0.0196,0.4982,2.6196,-0.2616,cascade
2b_reference,instruct,collapsed_q2_edge,stability_first_tri_70,adversarial,560,0.1482,0.1054,0.389,0.6982,0.4339,0.0429,0.5679,2.3804,-0.1978,cascade
2b_reference,instruct,collapsed_q2_edge,stability_first_tri_70,boundary,560,0.1571,0.0982,0.4024,0.6946,0.425,0.0429,0.6696,2.1643,-0.1996,cascade
2b_reference,instruct,collapsed_q2_edge,stability_first_tri_70,coding,560,0.0821,0.0696,0.313,0.5482,0.4375,0.0411,0.5161,2.4232,-0.2323,cascade
2b_reference,instruct,collapsed_q2_edge,stability_first_tri_70,epistemic,560,0.0821,0.0589,0.2938,0.5161,0.4518,0.0179,0.5714,2.1982,-0.2358,cascade
2b_reference,instruct,collapsed_q2_edge,stability_first_tri_70,forensic,560,0.0857,0.0607,0.3204,0.6661,0.4536,0.0339,0.6036,2.3732,-0.2491,cascade
2b_reference,instruct,collapsed_q2_edge,stability_first_tri_70,generalist,560,0.0732,0.0536,0.3162,0.5339,0.4536,0.0357,0.5571,2.2554,-0.247,cascade
2b_reference,instruct,collapsed_q2_edge,stability_first_tri_70,math,560,0.0804,0.0625,0.3079,0.5411,0.4143,0.0321,0.525,2.6857,-0.2445,cascade
2b_reference,instruct,collapsed_q2_edge,stability_first_tri_70,planning,560,0.1429,0.1125,0.3367,0.5,0.4286,0.0446,0.4804,2.2607,-0.1765,cascade
2b_reference,instruct,collapsed_q2_edge,stability_first_tri_70,rhetoric,560,0.0661,0.0554,0.2658,0.4714,0.4625,0.0286,0.6196,2.5768,-0.2675,cascade
2b_reference,instruct,collapsed_q2_edge,stability_first_tri_70,spatial,560,0.0946,0.0786,0.2972,0.5143,0.4268,0.0357,0.4446,2.4107,-0.2127,cascade
2b_reference,instruct,damaged_q2,cognitive_structural_25_75,adversarial,560,0.1768,0.1179,0.4635,0.7625,0.3607,0.0107,0.5554,2.0054,-0.1372,cascade
2b_reference,instruct,damaged_q2,cognitive_structural_25_75,boundary,560,0.2036,0.1518,0.4571,0.7268,0.3357,0.0232,0.5911,1.9643,-0.0991,cascade
2b_reference,instruct,damaged_q2,cognitive_structural_25_75,coding,560,0.1518,0.1125,0.4128,0.5911,0.3375,0.0196,0.4357,2.0,-0.1275,cascade
2b_reference,instruct,damaged_q2,cognitive_structural_25_75,epistemic,560,0.1375,0.1036,0.4215,0.6411,0.3286,0.0071,0.55,1.7161,-0.1262,cascade
2b_reference,instruct,damaged_q2,cognitive_structural_25_75,forensic,560,0.1625,0.1286,0.417,0.7232,0.3482,0.0161,0.5214,2.0018,-0.1209,cascade
2b_reference,instruct,damaged_q2,cognitive_structural_25_75,generalist,560,0.1179,0.0821,0.3891,0.5893,0.325,0.0232,0.5446,1.9411,-0.1606,cascade
2b_reference,instruct,damaged_q2,cognitive_structural_25_75,math,560,0.15,0.1161,0.3965,0.6089,0.2946,0.0089,0.525,2.2268,-0.1274,cascade
2b_reference,instruct,damaged_q2,cognitive_structural_25_75,planning,560,0.2107,0.1625,0.4418,0.6018,0.3161,0.0143,0.4036,1.8482,-0.0599,cascade
2b_reference,instruct,damaged_q2,cognitive_structural_25_75,rhetoric,560,0.1036,0.0732,0.3761,0.5982,0.35,0.0143,0.5464,2.1839,-0.1876,cascade
2b_reference,instruct,damaged_q2,cognitive_structural_25_75,spatial,560,0.1714,0.1393,0.4267,0.6036,0.3,0.0214,0.4446,1.9554,-0.0883,cascade
2b_reference,instruct,damaged_q2,cyber_structural_25_75,adversarial,560,0.25,0.1661,0.5471,0.8375,0.3375,0.025,0.5196,1.65,-0.0643,cascade
2b_reference,instruct,damaged_q2,cyber_structural_25_75,boundary,560,0.2893,0.2054,0.5748,0.8732,0.3571,0.0429,0.5179,1.4286,-0.0232,cascade
2b_reference,instruct,damaged_q2,cyber_structural_25_75,coding,560,0.1857,0.1393,0.4254,0.5804,0.3196,0.0411,0.4054,1.9518,-0.0948,cascade
2b_reference,instruct,damaged_q2,cyber_structural_25_75,epistemic,560,0.1536,0.1232,0.401,0.5571,0.3125,0.0232,0.4946,1.7821,-0.1039,cascade
2b_reference,instruct,damaged_q2,cyber_structural_25_75,forensic,560,0.2054,0.1661,0.4935,0.8018,0.2929,0.025,0.4643,1.775,-0.0527,cascade
2b_reference,instruct,damaged_q2,cyber_structural_25_75,generalist,560,0.1518,0.1179,0.416,0.5732,0.3321,0.0304,0.4964,1.8107,-0.1181,cascade
2b_reference,instruct,damaged_q2,cyber_structural_25_75,math,560,0.1446,0.1071,0.4203,0.6,0.2696,0.0214,0.4929,2.2089,-0.1279,classification_miss
2b_reference,instruct,damaged_q2,cyber_structural_25_75,planning,560,0.1821,0.1446,0.4247,0.5643,0.3018,0.0214,0.4304,1.9,-0.0796,cascade
2b_reference,instruct,damaged_q2,cyber_structural_25_75,rhetoric,560,0.1286,0.0929,0.3704,0.5536,0.3554,0.0196,0.5089,2.1589,-0.1663,cascade
2b_reference,instruct,damaged_q2,cyber_structural_25_75,spatial,560,0.1554,0.1268,0.3921,0.5589,0.3196,0.0446,0.3661,2.0536,-0.11,cascade
2b_reference,instruct,damaged_q2,q2_structural_amplifier,adversarial,560,0.7554,0.3732,0.8628,0.9929,0.2054,0.2554,0.5054,0.0786,0.2162,none
2b_reference,instruct,damaged_q2,q2_structural_amplifier,boundary,560,0.7714,0.2786,0.858,0.9911,0.1839,0.3179,0.5714,0.0714,0.1105,distractor_capture
2b_reference,instruct,damaged_q2,q2_structural_amplifier,coding,560,0.5804,0.3125,0.7479,0.7268,0.1714,0.2786,0.4321,0.4393,0.1488,none
2b_reference,instruct,damaged_q2,q2_structural_amplifier,epistemic,560,0.575,0.2857,0.748,0.7179,0.1589,0.2482,0.5321,0.3893,0.1264,none
2b_reference,instruct,damaged_q2,q2_structural_amplifier,forensic,560,0.6911,0.3268,0.8183,0.9768,0.1429,0.3089,0.525,0.3804,0.1611,distractor_capture
2b_reference,instruct,damaged_q2,q2_structural_amplifier,generalist,560,0.4821,0.2732,0.6874,0.6625,0.2018,0.2661,0.5036,0.5679,0.0908,none
2b_reference,instruct,damaged_q2,q2_structural_amplifier,math,560,0.5,0.2929,0.7077,0.6946,0.1589,0.2589,0.4714,0.7089,0.1202,none
2b_reference,instruct,damaged_q2,q2_structural_amplifier,planning,560,0.6054,0.3304,0.7604,0.7339,0.1875,0.2714,0.4196,0.35,0.1688,none
2b_reference,instruct,damaged_q2,q2_structural_amplifier,rhetoric,560,0.5,0.25,0.7029,0.6875,0.1536,0.2875,0.5,0.6357,0.0746,none
2b_reference,instruct,damaged_q2,q2_structural_amplifier,spatial,560,0.5429,0.3214,0.7265,0.6839,0.1571,0.25,0.4143,0.5643,0.1629,none
2b_reference,instruct,damaged_q2,routed_tri_structural_60,adversarial,560,0.3125,0.1982,0.5855,0.8464,0.3071,0.0464,0.5125,1.4696,-0.0177,cascade
2b_reference,instruct,damaged_q2,routed_tri_structural_60,boundary,560,0.3429,0.1875,0.6047,0.8589,0.2804,0.0679,0.6196,1.3429,-0.0269,cascade
2b_reference,instruct,damaged_q2,routed_tri_structural_60,coding,560,0.1982,0.15,0.4858,0.6571,0.2768,0.0464,0.3929,1.75,-0.0613,cascade
2b_reference,instruct,damaged_q2,routed_tri_structural_60,epistemic,560,0.2321,0.1643,0.511,0.6679,0.2857,0.0375,0.5161,1.3804,-0.0392,cascade
2b_reference,instruct,damaged_q2,routed_tri_structural_60,forensic,560,0.2786,0.2107,0.5282,0.8393,0.3143,0.0429,0.4607,1.5964,-0.0088,cascade
2b_reference,instruct,damaged_q2,routed_tri_structural_60,generalist,560,0.1839,0.1321,0.4689,0.6446,0.3107,0.0482,0.4518,1.6161,-0.0877,cascade
2b_reference,instruct,damaged_q2,routed_tri_structural_60,math,560,0.2107,0.1536,0.4657,0.6304,0.2804,0.0446,0.5304,1.9607,-0.0799,cascade
2b_reference,instruct,damaged_q2,routed_tri_structural_60,planning,560,0.2625,0.2,0.5091,0.6214,0.2482,0.0375,0.4357,1.5946,0.0034,cascade
2b_reference,instruct,damaged_q2,routed_tri_structural_60,rhetoric,560,0.1875,0.1357,0.4656,0.6589,0.2946,0.0375,0.5089,1.7768,-0.0897,cascade
2b_reference,instruct,damaged_q2,routed_tri_structural_60,spatial,560,0.2161,0.1589,0.4643,0.6429,0.2946,0.0429,0.4214,1.7446,-0.059,cascade
2b_reference,instruct,damaged_q2,routed_tri_structural_65,adversarial,560,0.35,0.2268,0.6282,0.8464,0.2643,0.0464,0.4768,1.3,0.0351,cascade
2b_reference,instruct,damaged_q2,routed_tri_structural_65,boundary,560,0.4071,0.2661,0.6408,0.8536,0.2714,0.0446,0.525,1.1732,0.0751,cascade
2b_reference,instruct,damaged_q2,routed_tri_structural_65,coding,560,0.2411,0.1786,0.5092,0.6125,0.2625,0.0321,0.4161,1.5911,-0.0194,cascade
2b_reference,instruct,damaged_q2,routed_tri_structural_65,epistemic,560,0.2411,0.1714,0.5176,0.6714,0.2732,0.0214,0.4893,1.3571,-0.0218,cascade
2b_reference,instruct,damaged_q2,routed_tri_structural_65,forensic,560,0.2732,0.2,0.5594,0.8536,0.3036,0.0357,0.4714,1.4071,-0.0063,cascade
2b_reference,instruct,damaged_q2,routed_tri_structural_65,generalist,560,0.2339,0.1696,0.4962,0.6304,0.3054,0.0536,0.4911,1.4714,-0.0455,cascade
2b_reference,instruct,damaged_q2,routed_tri_structural_65,math,560,0.2339,0.1768,0.4828,0.6125,0.2893,0.0429,0.4857,1.8196,-0.0484,cascade
2b_reference,instruct,damaged_q2,routed_tri_structural_65,planning,560,0.3179,0.2375,0.5391,0.6732,0.2607,0.0357,0.4107,1.4696,0.0458,cascade
2b_reference,instruct,damaged_q2,routed_tri_structural_65,rhetoric,560,0.1982,0.1446,0.4748,0.6393,0.3,0.0357,0.4875,1.7321,-0.0781,cascade
2b_reference,instruct,damaged_q2,routed_tri_structural_65,spatial,560,0.2518,0.1964,0.4939,0.6321,0.3125,0.0464,0.3589,1.575,-0.0141,cascade
2b_reference,instruct,damaged_q2,stability_first_tri_70,adversarial,560,0.4214,0.2911,0.6642,0.8804,0.2286,0.0339,0.5339,1.1857,0.1137,none
2b_reference,instruct,damaged_q2,stability_first_tri_70,boundary,560,0.4536,0.2946,0.6644,0.8536,0.2589,0.0214,0.5232,1.0589,0.1179,none
2b_reference,instruct,damaged_q2,stability_first_tri_70,coding,560,0.2571,0.1732,0.538,0.6804,0.2857,0.0464,0.425,1.4571,-0.0286,cascade
2b_reference,instruct,damaged_q2,stability_first_tri_70,epistemic,560,0.3,0.2054,0.5774,0.7071,0.2536,0.025,0.5446,1.1357,0.0239,cascade
2b_reference,instruct,damaged_q2,stability_first_tri_70,forensic,560,0.3107,0.2018,0.5861,0.8482,0.2732,0.0268,0.5357,1.2964,0.0068,cascade
2b_reference,instruct,damaged_q2,stability_first_tri_70,generalist,560,0.2321,0.1893,0.5276,0.6161,0.2679,0.025,0.4661,1.3429,-0.0005,cascade
2b_reference,instruct,damaged_q2,stability_first_tri_70,math,560,0.2518,0.1768,0.5221,0.6839,0.2554,0.0286,0.5179,1.6804,-0.031,cascade
2b_reference,instruct,damaged_q2,stability_first_tri_70,planning,560,0.3732,0.2661,0.5949,0.6804,0.2411,0.0536,0.3893,1.2107,0.0914,none
2b_reference,instruct,damaged_q2,stability_first_tri_70,rhetoric,560,0.2768,0.2071,0.5296,0.6357,0.2661,0.0268,0.475,1.4929,0.0093,cascade
2b_reference,instruct,damaged_q2,stability_first_tri_70,spatial,560,0.3,0.225,0.5504,0.6857,0.225,0.0393,0.3839,1.4589,0.046,cascade
2b_reference,instruct,damaged_q3,cognitive_structural_25_75,adversarial,560,0.7036,0.4893,0.8368,0.9571,0.1643,0.0214,0.3536,0.4607,0.3844,none
2b_reference,instruct,damaged_q3,cognitive_structural_25_75,boundary,560,0.7071,0.5054,0.8309,0.9393,0.1696,0.025,0.3607,0.4536,0.3979,none
2b_reference,instruct,damaged_q3,cognitive_structural_25_75,coding,560,0.6446,0.5,0.7898,0.8196,0.1179,0.025,0.2661,0.6,0.4084,none
2b_reference,instruct,damaged_q3,cognitive_structural_25_75,epistemic,560,0.5857,0.4518,0.7812,0.8571,0.1429,0.0107,0.3143,0.5518,0.3541,none
2b_reference,instruct,damaged_q3,cognitive_structural_25_75,forensic,560,0.6393,0.4786,0.799,0.9393,0.1411,0.0232,0.3536,0.6125,0.3727,none
2b_reference,instruct,damaged_q3,cognitive_structural_25_75,generalist,560,0.5786,0.4625,0.7741,0.8464,0.1554,0.0161,0.3464,0.5625,0.3568,none
2b_reference,instruct,damaged_q3,cognitive_structural_25_75,math,560,0.5857,0.4589,0.7609,0.8482,0.1393,0.0161,0.35,0.7786,0.347,none
2b_reference,instruct,damaged_q3,cognitive_structural_25_75,planning,560,0.6554,0.5143,0.7883,0.8214,0.1696,0.0125,0.2786,0.5357,0.4118,none
2b_reference,instruct,damaged_q3,cognitive_structural_25_75,rhetoric,560,0.5911,0.4482,0.7495,0.8143,0.1464,0.0107,0.3625,0.7304,0.3366,none
2b_reference,instruct,damaged_q3,cognitive_structural_25_75,spatial,560,0.6411,0.5,0.782,0.8429,0.1286,0.0161,0.2732,0.65,0.4039,none
2b_reference,instruct,damaged_q3,cyber_structural_25_75,adversarial,560,0.8232,0.6,0.9077,0.9893,0.1232,0.0268,0.3125,0.1714,0.5241,none
2b_reference,instruct,damaged_q3,cyber_structural_25_75,boundary,560,0.8286,0.5571,0.9059,0.9964,0.1339,0.0411,0.3804,0.1375,0.4714,none
2b_reference,instruct,damaged_q3,cyber_structural_25_75,coding,560,0.6321,0.4964,0.7862,0.8054,0.1304,0.0286,0.2589,0.5875,0.4015,none
2b_reference,instruct,damaged_q3,cyber_structural_25_75,epistemic,560,0.5732,0.425,0.7694,0.825,0.1786,0.0143,0.3714,0.5125,0.3132,none
2b_reference,instruct,damaged_q3,cyber_structural_25_75,forensic,560,0.7304,0.55,0.837,0.9768,0.1429,0.0321,0.3214,0.4661,0.4517,none
2b_reference,instruct,damaged_q3,cyber_structural_25_75,generalist,560,0.5768,0.4357,0.7638,0.7732,0.1321,0.0357,0.3446,0.5768,0.3325,none
2b_reference,instruct,damaged_q3,cyber_structural_25_75,math,560,0.6107,0.4571,0.7678,0.8214,0.1036,0.0446,0.3393,0.7768,0.3512,none
2b_reference,instruct,damaged_q3,cyber_structural_25_75,planning,560,0.6804,0.5089,0.7911,0.7821,0.1375,0.0196,0.3036,0.5018,0.4144,none
2b_reference,instruct,damaged_q3,cyber_structural_25_75,rhetoric,560,0.5821,0.4429,0.7588,0.7857,0.1339,0.0196,0.3393,0.6625,0.3385,none
2b_reference,instruct,damaged_q3,cyber_structural_25_75,spatial,560,0.5964,0.4857,0.7524,0.7589,0.1482,0.0161,0.2804,0.6732,0.3819,none
2b_reference,instruct,damaged_q3,q2_structural_amplifier,adversarial,560,0.8482,0.4393,0.9003,0.9875,0.1179,0.2821,0.3429,0.0554,0.3173,none
2b_reference,instruct,damaged_q3,q2_structural_amplifier,boundary,560,0.8446,0.375,0.8922,0.9839,0.1232,0.3196,0.425,0.0375,0.2382,none
2b_reference,instruct,damaged_q3,q2_structural_amplifier,coding,560,0.8304,0.4589,0.8932,0.9214,0.1054,0.2857,0.275,0.0571,0.3453,none
2b_reference,instruct,damaged_q3,q2_structural_amplifier,epistemic,560,0.8214,0.4339,0.8932,0.9625,0.1339,0.2464,0.3696,0.0464,0.3126,none
2b_reference,instruct,damaged_q3,q2_structural_amplifier,forensic,560,0.8554,0.4714,0.9054,0.9929,0.1268,0.2286,0.35,0.0518,0.3571,none
2b_reference,instruct,damaged_q3,q2_structural_amplifier,generalist,560,0.7964,0.4071,0.8716,0.8911,0.1179,0.3018,0.3375,0.075,0.2807,none
2b_reference,instruct,damaged_q3,q2_structural_amplifier,math,560,0.8286,0.4143,0.8867,0.8875,0.0804,0.2643,0.4018,0.0839,0.301,none
2b_reference,instruct,damaged_q3,q2_structural_amplifier,planning,560,0.8321,0.4786,0.8898,0.9089,0.1036,0.2732,0.3232,0.0536,0.3643,none
2b_reference,instruct,damaged_q3,q2_structural_amplifier,rhetoric,560,0.7964,0.4482,0.8795,0.8893,0.125,0.25,0.3661,0.0625,0.3283,none
2b_reference,instruct,damaged_q3,q2_structural_amplifier,spatial,560,0.8411,0.475,0.8962,0.9304,0.1161,0.275,0.2768,0.0589,0.3601,none
2b_reference,instruct,damaged_q3,routed_tri_structural_60,adversarial,560,0.8196,0.5464,0.9081,0.9857,0.1482,0.0482,0.3571,0.0982,0.4588,none
2b_reference,instruct,damaged_q3,routed_tri_structural_60,boundary,560,0.8571,0.55,0.9183,0.9911,0.1214,0.0482,0.3911,0.075,0.4689,none
2b_reference,instruct,damaged_q3,routed_tri_structural_60,coding,560,0.7304,0.5518,0.8451,0.8821,0.1446,0.0357,0.2857,0.3321,0.4618,none
2b_reference,instruct,damaged_q3,routed_tri_structural_60,epistemic,560,0.7107,0.4911,0.8416,0.8964,0.1339,0.0339,0.3661,0.3214,0.3987,none
2b_reference,instruct,damaged_q3,routed_tri_structural_60,forensic,560,0.7661,0.5679,0.8657,0.9875,0.15,0.0482,0.2875,0.3393,0.4732,none
2b_reference,instruct,damaged_q3,routed_tri_structural_60,generalist,560,0.6571,0.4554,0.8223,0.8571,0.1536,0.0536,0.3768,0.3357,0.3516,none
2b_reference,instruct,damaged_q3,routed_tri_structural_60,math,560,0.7143,0.5143,0.8166,0.8357,0.1179,0.0357,0.3518,0.4929,0.419,none
2b_reference,instruct,damaged_q3,routed_tri_structural_60,planning,560,0.7661,0.575,0.8695,0.8911,0.1214,0.0429,0.2679,0.2518,0.496,none
2b_reference,instruct,damaged_q3,routed_tri_structural_60,rhetoric,560,0.6732,0.5071,0.8197,0.8786,0.1536,0.0357,0.3125,0.4357,0.4071,none
2b_reference,instruct,damaged_q3,routed_tri_structural_60,spatial,560,0.7196,0.5571,0.8365,0.8482,0.1393,0.0411,0.25,0.3643,0.4689,none
2b_reference,instruct,damaged_q3,routed_tri_structural_65,adversarial,560,0.8732,0.6125,0.9302,0.9857,0.1054,0.05,0.3161,0.0643,0.5424,none
2b_reference,instruct,damaged_q3,routed_tri_structural_65,boundary,560,0.8554,0.5982,0.926,1.0,0.1304,0.0518,0.3518,0.0429,0.5185,none
2b_reference,instruct,damaged_q3,routed_tri_structural_65,coding,560,0.8196,0.5946,0.8897,0.8946,0.0857,0.0446,0.2821,0.2107,0.5269,none
2b_reference,instruct,damaged_q3,routed_tri_structural_65,epistemic,560,0.7321,0.5054,0.8475,0.8589,0.1196,0.0339,0.35,0.2768,0.4208,none
2b_reference,instruct,damaged_q3,routed_tri_structural_65,forensic,560,0.7911,0.5482,0.8763,0.9911,0.1429,0.05,0.35,0.2768,0.4535,none
2b_reference,instruct,damaged_q3,routed_tri_structural_65,generalist,560,0.7429,0.525,0.855,0.8696,0.1268,0.0357,0.3339,0.2554,0.4403,none
2b_reference,instruct,damaged_q3,routed_tri_structural_65,math,560,0.7357,0.5018,0.8436,0.8661,0.1018,0.0411,0.375,0.3929,0.4134,none
2b_reference,instruct,damaged_q3,routed_tri_structural_65,planning,560,0.7679,0.5893,0.8663,0.8679,0.1339,0.0339,0.2679,0.2214,0.5098,none
2b_reference,instruct,damaged_q3,routed_tri_structural_65,rhetoric,560,0.7107,0.4946,0.8281,0.85,0.1393,0.0357,0.3696,0.3625,0.398,none
2b_reference,instruct,damaged_q3,routed_tri_structural_65,spatial,560,0.7571,0.5679,0.8507,0.8643,0.1304,0.0339,0.2875,0.3036,0.4838,none
2b_reference,instruct,damaged_q3,stability_first_tri_70,adversarial,560,0.875,0.5804,0.9288,0.9929,0.1089,0.0357,0.3732,0.0482,0.5083,none
2b_reference,instruct,damaged_q3,stability_first_tri_70,boundary,560,0.8375,0.5768,0.9182,0.9893,0.1446,0.0464,0.3375,0.0554,0.4943,none
2b_reference,instruct,damaged_q3,stability_first_tri_70,coding,560,0.7929,0.5768,0.8801,0.875,0.1232,0.025,0.3089,0.1696,0.5016,none
2b_reference,instruct,damaged_q3,stability_first_tri_70,epistemic,560,0.7875,0.5625,0.8823,0.9143,0.1143,0.0286,0.3321,0.1893,0.4865,none
2b_reference,instruct,damaged_q3,stability_first_tri_70,forensic,560,0.8554,0.6161,0.9154,0.9964,0.1125,0.0321,0.3089,0.1429,0.544,none
2b_reference,instruct,damaged_q3,stability_first_tri_70,generalist,560,0.7839,0.5607,0.8755,0.8679,0.1036,0.0286,0.3357,0.1875,0.4877,none
2b_reference,instruct,damaged_q3,stability_first_tri_70,math,560,0.7946,0.5268,0.8813,0.8982,0.1,0.0357,0.3589,0.2321,0.4493,none
2b_reference,instruct,damaged_q3,stability_first_tri_70,planning,560,0.7857,0.575,0.8843,0.8714,0.1179,0.0357,0.2804,0.1554,0.5023,none
2b_reference,instruct,damaged_q3,stability_first_tri_70,rhetoric,560,0.7696,0.5679,0.8654,0.8857,0.1232,0.025,0.3357,0.2464,0.4867,none
2b_reference,instruct,damaged_q3,stability_first_tri_70,spatial,560,0.7911,0.5964,0.8825,0.9071,0.1429,0.0304,0.2714,0.1786,0.5169,none
2b_reference,instruct,damaged_q4,cognitive_structural_25_75,adversarial,560,0.8643,0.6768,0.9343,0.9911,0.1161,0.0232,0.2286,0.0643,0.6158,none
2b_reference,instruct,damaged_q4,cognitive_structural_25_75,boundary,560,0.8857,0.6304,0.935,0.9857,0.0964,0.0232,0.3054,0.0536,0.5697,none
2b_reference,instruct,damaged_q4,cognitive_structural_25_75,coding,560,0.8786,0.6804,0.933,0.95,0.0732,0.0357,0.2268,0.0857,0.6288,none
2b_reference,instruct,damaged_q4,cognitive_structural_25_75,epistemic,560,0.8696,0.6179,0.9234,0.9536,0.0821,0.0071,0.325,0.0804,0.5618,none
2b_reference,instruct,damaged_q4,cognitive_structural_25_75,forensic,560,0.875,0.6589,0.9275,0.9839,0.0821,0.0196,0.2607,0.1214,0.6034,none
2b_reference,instruct,damaged_q4,cognitive_structural_25_75,generalist,560,0.8482,0.6554,0.9168,0.9429,0.0857,0.0286,0.2732,0.1143,0.5964,none
2b_reference,instruct,damaged_q4,cognitive_structural_25_75,math,560,0.8464,0.6214,0.9093,0.9411,0.0946,0.0179,0.3054,0.1571,0.5572,none
2b_reference,instruct,damaged_q4,cognitive_structural_25_75,planning,560,0.8518,0.6589,0.9167,0.9429,0.1036,0.025,0.2286,0.1125,0.5989,none
2b_reference,instruct,damaged_q4,cognitive_structural_25_75,rhetoric,560,0.8179,0.625,0.9051,0.925,0.1143,0.0179,0.2643,0.1286,0.5596,none
2b_reference,instruct,damaged_q4,cognitive_structural_25_75,spatial,560,0.8536,0.6786,0.9237,0.95,0.0982,0.0268,0.2054,0.1054,0.6221,none
2b_reference,instruct,damaged_q4,cyber_structural_25_75,adversarial,560,0.8643,0.6554,0.9305,0.9911,0.1196,0.0268,0.2679,0.0643,0.5895,none
2b_reference,instruct,damaged_q4,cyber_structural_25_75,boundary,560,0.8714,0.6732,0.935,0.9946,0.1161,0.0321,0.2429,0.0536,0.6099,none
2b_reference,instruct,damaged_q4,cyber_structural_25_75,coding,560,0.8482,0.6804,0.915,0.9143,0.0929,0.0179,0.2196,0.1125,0.6257,none
2b_reference,instruct,damaged_q4,cyber_structural_25_75,epistemic,560,0.8196,0.6589,0.8923,0.8786,0.0893,0.0071,0.2607,0.1589,0.6019,none
2b_reference,instruct,damaged_q4,cyber_structural_25_75,forensic,560,0.8929,0.7304,0.9416,0.9911,0.0911,0.0125,0.1964,0.075,0.6811,none
2b_reference,instruct,damaged_q4,cyber_structural_25_75,generalist,560,0.8179,0.6304,0.9005,0.875,0.0875,0.0304,0.2375,0.1321,0.5724,none
2b_reference,instruct,damaged_q4,cyber_structural_25_75,math,560,0.825,0.625,0.893,0.8893,0.0929,0.0375,0.2536,0.2036,0.5592,none
2b_reference,instruct,damaged_q4,cyber_structural_25_75,planning,560,0.85,0.6964,0.9053,0.8661,0.0857,0.0304,0.175,0.1339,0.6439,none
2b_reference,instruct,damaged_q4,cyber_structural_25_75,rhetoric,560,0.8411,0.6268,0.9015,0.8821,0.0786,0.025,0.2696,0.1571,0.5688,none
2b_reference,instruct,damaged_q4,cyber_structural_25_75,spatial,560,0.8554,0.6911,0.9119,0.9071,0.0821,0.0232,0.2089,0.1375,0.6382,none
2b_reference,instruct,damaged_q4,q2_structural_amplifier,adversarial,560,0.8643,0.4857,0.9124,0.9875,0.1089,0.2643,0.2821,0.0357,0.3758,none
2b_reference,instruct,damaged_q4,q2_structural_amplifier,boundary,560,0.8875,0.4429,0.911,0.9911,0.0839,0.3018,0.3321,0.05,0.3282,none
2b_reference,instruct,damaged_q4,q2_structural_amplifier,coding,560,0.8821,0.4946,0.9166,0.9929,0.0804,0.2786,0.2643,0.0607,0.3906,none
2b_reference,instruct,damaged_q4,q2_structural_amplifier,epistemic,560,0.8714,0.4625,0.9153,0.9946,0.1,0.2625,0.3232,0.0375,0.3523,none
2b_reference,instruct,damaged_q4,q2_structural_amplifier,forensic,560,0.8857,0.4464,0.9155,0.9929,0.0946,0.2857,0.3232,0.0393,0.3331,none
2b_reference,instruct,damaged_q4,q2_structural_amplifier,generalist,560,0.8732,0.4732,0.9132,0.9661,0.075,0.2839,0.3161,0.0357,0.3669,none
2b_reference,instruct,damaged_q4,q2_structural_amplifier,math,560,0.8768,0.4893,0.9152,0.9786,0.0857,0.2625,0.3,0.0607,0.384,none
2b_reference,instruct,damaged_q4,q2_structural_amplifier,planning,560,0.8839,0.5339,0.9184,0.9857,0.0982,0.2589,0.2393,0.0339,0.4318,none
2b_reference,instruct,damaged_q4,q2_structural_amplifier,rhetoric,560,0.8661,0.4625,0.9112,0.9821,0.0946,0.3089,0.2857,0.0518,0.3469,none
2b_reference,instruct,damaged_q4,q2_structural_amplifier,spatial,560,0.8696,0.5036,0.9163,0.9857,0.1107,0.2536,0.25,0.0411,0.3976,none
2b_reference,instruct,damaged_q4,routed_tri_structural_60,adversarial,560,0.8857,0.6554,0.936,0.9929,0.1018,0.0393,0.2714,0.0589,0.5923,none
2b_reference,instruct,damaged_q4,routed_tri_structural_60,boundary,560,0.9018,0.6375,0.9393,0.9929,0.0929,0.0607,0.2946,0.05,0.5714,none
2b_reference,instruct,damaged_q4,routed_tri_structural_60,coding,560,0.8821,0.6929,0.941,0.9768,0.0875,0.0304,0.2196,0.0536,0.6403,none
2b_reference,instruct,damaged_q4,routed_tri_structural_60,epistemic,560,0.9054,0.6964,0.946,0.9768,0.0679,0.0143,0.2446,0.0464,0.6513,none
2b_reference,instruct,damaged_q4,routed_tri_structural_60,forensic,560,0.8839,0.6696,0.9417,0.9875,0.1036,0.0446,0.2393,0.0339,0.6088,none
2b_reference,instruct,damaged_q4,routed_tri_structural_60,generalist,560,0.8821,0.6857,0.9388,0.9625,0.0786,0.0304,0.225,0.0571,0.6352,none
2b_reference,instruct,damaged_q4,routed_tri_structural_60,math,560,0.8696,0.6375,0.9234,0.9393,0.0804,0.0536,0.3071,0.0946,0.5734,none
2b_reference,instruct,damaged_q4,routed_tri_structural_60,planning,560,0.8839,0.6679,0.9326,0.9625,0.0893,0.0429,0.2304,0.075,0.6103,none
2b_reference,instruct,damaged_q4,routed_tri_structural_60,rhetoric,560,0.8643,0.6446,0.9275,0.9786,0.1018,0.0268,0.2857,0.0821,0.5818,none
2b_reference,instruct,damaged_q4,routed_tri_structural_60,spatial,560,0.8911,0.6964,0.9393,0.9607,0.0768,0.0429,0.2143,0.0679,0.6443,none
2b_reference,instruct,damaged_q4,routed_tri_structural_65,adversarial,560,0.8554,0.6268,0.9286,0.9875,0.125,0.0339,0.2607,0.0607,0.5586,none
2b_reference,instruct,damaged_q4,routed_tri_structural_65,boundary,560,0.9,0.6375,0.9416,0.9875,0.0839,0.0464,0.3054,0.0375,0.5767,none
2b_reference,instruct,damaged_q4,routed_tri_structural_65,coding,560,0.8857,0.6643,0.9402,0.9714,0.0839,0.0482,0.2286,0.0536,0.6085,none
2b_reference,instruct,damaged_q4,routed_tri_structural_65,epistemic,560,0.9107,0.6839,0.9488,0.9839,0.0661,0.025,0.2589,0.0375,0.6365,none
2b_reference,instruct,damaged_q4,routed_tri_structural_65,forensic,560,0.8982,0.6411,0.9416,0.9946,0.0857,0.0518,0.275,0.0536,0.5803,none
2b_reference,instruct,damaged_q4,routed_tri_structural_65,generalist,560,0.8661,0.6696,0.9294,0.9357,0.0804,0.0357,0.2321,0.0679,0.6164,none
2b_reference,instruct,damaged_q4,routed_tri_structural_65,math,560,0.8804,0.6304,0.9335,0.9571,0.075,0.0375,0.3018,0.0696,0.5727,none
2b_reference,instruct,damaged_q4,routed_tri_structural_65,planning,560,0.8946,0.7036,0.9435,0.9643,0.0821,0.0429,0.1929,0.0411,0.6529,none
2b_reference,instruct,damaged_q4,routed_tri_structural_65,rhetoric,560,0.8804,0.6679,0.9332,0.9661,0.0839,0.025,0.2768,0.0696,0.6121,none
2b_reference,instruct,damaged_q4,routed_tri_structural_65,spatial,560,0.9125,0.7161,0.9506,0.9589,0.0518,0.0446,0.1911,0.0518,0.6737,none
2b_reference,instruct,damaged_q4,stability_first_tri_70,adversarial,560,0.8982,0.6964,0.9437,0.9929,0.0911,0.0321,0.2393,0.0482,0.6411,none
2b_reference,instruct,damaged_q4,stability_first_tri_70,boundary,560,0.9054,0.6339,0.9446,0.9911,0.0714,0.0768,0.2786,0.0536,0.5722,none
2b_reference,instruct,damaged_q4,stability_first_tri_70,coding,560,0.8982,0.7196,0.9474,0.9804,0.0804,0.0375,0.1946,0.0446,0.6702,none
2b_reference,instruct,damaged_q4,stability_first_tri_70,epistemic,560,0.875,0.65,0.9352,0.9875,0.0964,0.0214,0.2786,0.0536,0.5918,none
2b_reference,instruct,damaged_q4,stability_first_tri_70,forensic,560,0.8982,0.6679,0.9417,0.9929,0.0857,0.0411,0.2875,0.0482,0.6085,none
2b_reference,instruct,damaged_q4,stability_first_tri_70,generalist,560,0.8536,0.6679,0.9314,0.9714,0.1107,0.0464,0.2286,0.0518,0.6045,none
2b_reference,instruct,damaged_q4,stability_first_tri_70,math,560,0.8696,0.6429,0.9304,0.9732,0.1,0.0375,0.2893,0.0679,0.5788,none
2b_reference,instruct,damaged_q4,stability_first_tri_70,planning,560,0.9018,0.6643,0.9416,0.9768,0.075,0.0411,0.2411,0.0571,0.6114,none
2b_reference,instruct,damaged_q4,stability_first_tri_70,rhetoric,560,0.8857,0.6875,0.939,0.9696,0.0768,0.0286,0.2393,0.0679,0.6362,none
2b_reference,instruct,damaged_q4,stability_first_tri_70,spatial,560,0.8857,0.6768,0.9409,0.9786,0.0821,0.0232,0.2429,0.0554,0.6253,none
2b_reference,instruct,healthy_q6,cognitive_structural_25_75,adversarial,560,0.9339,0.7607,0.9574,0.9875,0.05,0.0143,0.1929,0.0607,0.7244,none
2b_reference,instruct,healthy_q6,cognitive_structural_25_75,boundary,560,0.9071,0.6964,0.9466,0.9964,0.0786,0.0339,0.2304,0.0625,0.6445,none
2b_reference,instruct,healthy_q6,cognitive_structural_25_75,coding,560,0.9393,0.7732,0.9601,0.9946,0.0411,0.0179,0.1661,0.0714,0.7405,none
2b_reference,instruct,healthy_q6,cognitive_structural_25_75,epistemic,560,0.9036,0.7089,0.95,0.9875,0.0554,0.0071,0.2357,0.0571,0.6692,none
2b_reference,instruct,healthy_q6,cognitive_structural_25_75,forensic,560,0.9196,0.7536,0.9529,0.9804,0.0571,0.0143,0.1929,0.0554,0.7154,none
2b_reference,instruct,healthy_q6,cognitive_structural_25_75,generalist,560,0.9286,0.7536,0.9593,0.9893,0.05,0.0214,0.1714,0.0482,0.7182,none
2b_reference,instruct,healthy_q6,cognitive_structural_25_75,math,560,0.9196,0.7286,0.9548,0.9929,0.0607,0.0071,0.2321,0.0446,0.6881,none
2b_reference,instruct,healthy_q6,cognitive_structural_25_75,planning,560,0.9446,0.8,0.9638,0.9893,0.0429,0.0125,0.1571,0.0429,0.7699,none
2b_reference,instruct,healthy_q6,cognitive_structural_25_75,rhetoric,560,0.9286,0.7071,0.9498,0.9893,0.0589,0.0071,0.2696,0.0571,0.6636,none
2b_reference,instruct,healthy_q6,cognitive_structural_25_75,spatial,560,0.9393,0.7911,0.9616,0.9875,0.0464,0.025,0.1393,0.0536,0.7583,none
2b_reference,instruct,healthy_q6,cyber_structural_25_75,adversarial,560,0.9232,0.7429,0.9567,0.9946,0.0661,0.0268,0.1875,0.0446,0.7004,none
2b_reference,instruct,healthy_q6,cyber_structural_25_75,boundary,560,0.925,0.7464,0.9549,0.9929,0.0643,0.0232,0.1893,0.0536,0.7047,none
2b_reference,instruct,healthy_q6,cyber_structural_25_75,coding,560,0.925,0.7446,0.9563,0.9893,0.0607,0.0375,0.1786,0.0482,0.7022,none
2b_reference,instruct,healthy_q6,cyber_structural_25_75,epistemic,560,0.9214,0.7357,0.9572,0.9911,0.0589,0.0125,0.2071,0.0339,0.6973,none
2b_reference,instruct,healthy_q6,cyber_structural_25_75,forensic,560,0.9214,0.7375,0.9545,0.9911,0.0732,0.0268,0.1875,0.0393,0.6932,none
2b_reference,instruct,healthy_q6,cyber_structural_25_75,generalist,560,0.8964,0.7196,0.9491,0.9875,0.0679,0.0321,0.1821,0.0607,0.6753,none
2b_reference,instruct,healthy_q6,cyber_structural_25_75,math,560,0.9357,0.7393,0.9543,0.9804,0.0393,0.0161,0.2304,0.0714,0.7023,none
2b_reference,instruct,healthy_q6,cyber_structural_25_75,planning,560,0.925,0.7643,0.9576,0.9875,0.0607,0.0179,0.1732,0.0375,0.7268,none
2b_reference,instruct,healthy_q6,cyber_structural_25_75,rhetoric,560,0.9196,0.7143,0.9518,0.9911,0.0625,0.025,0.2196,0.0589,0.67,none
2b_reference,instruct,healthy_q6,cyber_structural_25_75,spatial,560,0.9268,0.7875,0.9613,0.9857,0.0625,0.025,0.1375,0.0304,0.7512,none
2b_reference,instruct,healthy_q6,q2_structural_amplifier,adversarial,560,0.8964,0.5054,0.9202,0.9946,0.0804,0.3089,0.2321,0.0446,0.3987,none
2b_reference,instruct,healthy_q6,q2_structural_amplifier,boundary,560,0.8714,0.4768,0.9131,0.9857,0.0857,0.3304,0.2339,0.0571,0.3634,none
2b_reference,instruct,healthy_q6,q2_structural_amplifier,coding,560,0.8964,0.5268,0.9227,0.9911,0.0768,0.2893,0.2339,0.0411,0.4251,none
2b_reference,instruct,healthy_q6,q2_structural_amplifier,epistemic,560,0.9036,0.4946,0.9258,0.9875,0.0625,0.2786,0.2804,0.0429,0.3956,none
2b_reference,instruct,healthy_q6,q2_structural_amplifier,forensic,560,0.9107,0.5464,0.9319,0.9964,0.0643,0.2571,0.2268,0.0536,0.4549,none
2b_reference,instruct,healthy_q6,q2_structural_amplifier,generalist,560,0.8893,0.5196,0.9219,0.9893,0.0643,0.2696,0.2536,0.0571,0.4233,none
2b_reference,instruct,healthy_q6,q2_structural_amplifier,math,560,0.9214,0.5357,0.9316,0.9911,0.0571,0.2518,0.2679,0.0536,0.4441,none
2b_reference,instruct,healthy_q6,q2_structural_amplifier,planning,560,0.9089,0.5661,0.9292,0.9929,0.0625,0.2732,0.1911,0.0554,0.4746,none
2b_reference,instruct,healthy_q6,q2_structural_amplifier,rhetoric,560,0.9161,0.5,0.9298,0.9982,0.0643,0.2571,0.2786,0.05,0.4045,none
2b_reference,instruct,healthy_q6,q2_structural_amplifier,spatial,560,0.9107,0.5714,0.9364,0.9893,0.0732,0.2464,0.1607,0.0357,0.4855,none
2b_reference,instruct,healthy_q6,routed_tri_structural_60,adversarial,560,0.9446,0.7518,0.9598,0.9875,0.0429,0.0429,0.1982,0.0536,0.7118,none
2b_reference,instruct,healthy_q6,routed_tri_structural_60,boundary,560,0.9268,0.7125,0.9523,0.9893,0.0661,0.0411,0.1982,0.0554,0.6658,none
2b_reference,instruct,healthy_q6,routed_tri_structural_60,coding,560,0.9357,0.7429,0.9604,0.9875,0.0571,0.0411,0.175,0.0321,0.7019,none
2b_reference,instruct,healthy_q6,routed_tri_structural_60,epistemic,560,0.9107,0.6964,0.9518,0.9911,0.0679,0.025,0.2214,0.0411,0.6513,none
2b_reference,instruct,healthy_q6,routed_tri_structural_60,forensic,560,0.9286,0.7321,0.9589,0.9946,0.0643,0.0393,0.2036,0.0286,0.6873,none
2b_reference,instruct,healthy_q6,routed_tri_structural_60,generalist,560,0.9304,0.7304,0.9606,0.9946,0.0446,0.05,0.1893,0.0464,0.6895,none
2b_reference,instruct,healthy_q6,routed_tri_structural_60,math,560,0.9214,0.7375,0.9574,0.9875,0.0661,0.0321,0.1821,0.0339,0.695,none
2b_reference,instruct,healthy_q6,routed_tri_structural_60,planning,560,0.9107,0.7393,0.9513,0.9875,0.0643,0.0232,0.1964,0.0554,0.6969,none
2b_reference,instruct,healthy_q6,routed_tri_structural_60,rhetoric,560,0.9232,0.7482,0.9557,0.9875,0.0661,0.0321,0.1768,0.0429,0.7057,none
2b_reference,instruct,healthy_q6,routed_tri_structural_60,spatial,560,0.9411,0.7661,0.9614,0.9911,0.0464,0.0446,0.1589,0.0518,0.7279,none
2b_reference,instruct,healthy_q6,routed_tri_structural_65,adversarial,560,0.9232,0.7304,0.9538,0.9893,0.0643,0.0393,0.2,0.0482,0.6848,none
2b_reference,instruct,healthy_q6,routed_tri_structural_65,boundary,560,0.9018,0.6875,0.9457,0.9893,0.0732,0.0429,0.2286,0.0643,0.6355,none
2b_reference,instruct,healthy_q6,routed_tri_structural_65,coding,560,0.9196,0.7393,0.9566,0.9946,0.0625,0.0464,0.1589,0.0536,0.6959,none
2b_reference,instruct,healthy_q6,routed_tri_structural_65,epistemic,560,0.9304,0.7375,0.9585,0.9911,0.0411,0.0179,0.225,0.0464,0.7013,none
2b_reference,instruct,healthy_q6,routed_tri_structural_65,forensic,560,0.9214,0.7304,0.9519,0.9839,0.0643,0.0357,0.1929,0.0482,0.6861,none
2b_reference,instruct,healthy_q6,routed_tri_structural_65,generalist,560,0.9232,0.7393,0.9603,0.9911,0.0429,0.0375,0.1857,0.0482,0.7017,none
2b_reference,instruct,healthy_q6,routed_tri_structural_65,math,560,0.9482,0.7321,0.9595,0.9911,0.0411,0.0411,0.2179,0.0589,0.6912,none
2b_reference,instruct,healthy_q6,routed_tri_structural_65,planning,560,0.9339,0.7839,0.9567,0.9857,0.0536,0.0321,0.1429,0.0643,0.7468,none
2b_reference,instruct,healthy_q6,routed_tri_structural_65,rhetoric,560,0.9107,0.7107,0.952,0.9875,0.0714,0.0375,0.2071,0.0429,0.6631,none
2b_reference,instruct,healthy_q6,routed_tri_structural_65,spatial,560,0.9232,0.7607,0.9576,0.9911,0.0625,0.0393,0.1536,0.0518,0.7192,none
2b_reference,instruct,healthy_q6,stability_first_tri_70,adversarial,560,0.9286,0.7768,0.9599,0.9946,0.0536,0.0375,0.1571,0.0571,0.7378,none
2b_reference,instruct,healthy_q6,stability_first_tri_70,boundary,560,0.8804,0.7054,0.939,0.9857,0.1,0.0429,0.2125,0.0571,0.6469,none
2b_reference,instruct,healthy_q6,stability_first_tri_70,coding,560,0.9179,0.7625,0.9546,0.9839,0.0625,0.0304,0.15,0.0571,0.7228,none
2b_reference,instruct,healthy_q6,stability_first_tri_70,epistemic,560,0.9054,0.7054,0.9484,0.9911,0.075,0.0196,0.2214,0.0464,0.6589,none
2b_reference,instruct,healthy_q6,stability_first_tri_70,forensic,560,0.9446,0.75,0.9619,0.9857,0.0536,0.0536,0.1714,0.0339,0.7078,none
2b_reference,instruct,healthy_q6,stability_first_tri_70,generalist,560,0.8982,0.7536,0.9564,0.9929,0.0643,0.0321,0.1518,0.0482,0.7133,none
2b_reference,instruct,healthy_q6,stability_first_tri_70,math,560,0.9411,0.7625,0.9616,0.9857,0.0411,0.0339,0.1875,0.0536,0.7257,none
2b_reference,instruct,healthy_q6,stability_first_tri_70,planning,560,0.9357,0.7804,0.9624,0.9946,0.0571,0.0429,0.1304,0.0429,0.7421,none
2b_reference,instruct,healthy_q6,stability_first_tri_70,rhetoric,560,0.9464,0.7661,0.9621,0.9946,0.0375,0.0357,0.175,0.0661,0.7304,none
2b_reference,instruct,healthy_q6,stability_first_tri_70,spatial,560,0.9321,0.775,0.9621,0.9929,0.0589,0.0393,0.1375,0.0393,0.7365,none
2b_reference,instruct,healthy_q8,cognitive_structural_25_75,adversarial,560,0.9375,0.7732,0.9605,0.9857,0.0482,0.025,0.1625,0.0536,0.7381,none
2b_reference,instruct,healthy_q8,cognitive_structural_25_75,boundary,560,0.9196,0.7518,0.9511,0.9839,0.0696,0.0214,0.1857,0.0571,0.7089,none
2b_reference,instruct,healthy_q8,cognitive_structural_25_75,coding,560,0.9339,0.7982,0.9625,0.9929,0.0429,0.0214,0.1411,0.0607,0.7668,none
2b_reference,instruct,healthy_q8,cognitive_structural_25_75,epistemic,560,0.9464,0.7786,0.967,0.9929,0.0321,0.0054,0.1821,0.0357,0.7515,none
2b_reference,instruct,healthy_q8,cognitive_structural_25_75,forensic,560,0.9536,0.7929,0.9666,0.9929,0.0411,0.0196,0.1625,0.0411,0.7616,none
2b_reference,instruct,healthy_q8,cognitive_structural_25_75,generalist,560,0.9304,0.7911,0.962,0.9875,0.0518,0.0214,0.1464,0.0393,0.7576,none
2b_reference,instruct,healthy_q8,cognitive_structural_25_75,math,560,0.9464,0.7786,0.9667,0.9911,0.0339,0.0214,0.1875,0.0411,0.7471,none
2b_reference,instruct,healthy_q8,cognitive_structural_25_75,planning,560,0.9429,0.8286,0.965,0.9946,0.0429,0.0161,0.1161,0.0554,0.8004,none
2b_reference,instruct,healthy_q8,cognitive_structural_25_75,rhetoric,560,0.9339,0.7768,0.9606,0.9875,0.0411,0.0089,0.1911,0.0518,0.7448,none
2b_reference,instruct,healthy_q8,cognitive_structural_25_75,spatial,560,0.9464,0.8196,0.9658,0.9857,0.0357,0.0196,0.1268,0.0536,0.7922,none
2b_reference,instruct,healthy_q8,cyber_structural_25_75,adversarial,560,0.9286,0.7786,0.9615,0.9911,0.0536,0.0375,0.15,0.0464,0.7407,none
2b_reference,instruct,healthy_q8,cyber_structural_25_75,boundary,560,0.9357,0.7625,0.9598,0.9911,0.0607,0.0393,0.1661,0.0393,0.7212,none
2b_reference,instruct,healthy_q8,cyber_structural_25_75,coding,560,0.9464,0.8036,0.9693,0.9946,0.0339,0.0268,0.1429,0.0411,0.7746,none
2b_reference,instruct,healthy_q8,cyber_structural_25_75,epistemic,560,0.9393,0.7875,0.9639,0.9893,0.0339,0.0143,0.1661,0.0518,0.7586,none
2b_reference,instruct,healthy_q8,cyber_structural_25_75,forensic,560,0.9536,0.7946,0.9656,0.9857,0.0357,0.0196,0.1589,0.0446,0.7651,none
2b_reference,instruct,healthy_q8,cyber_structural_25_75,generalist,560,0.9179,0.7893,0.9606,0.9875,0.0482,0.0196,0.1393,0.0518,0.7572,none
2b_reference,instruct,healthy_q8,cyber_structural_25_75,math,560,0.9536,0.7571,0.9593,0.9804,0.0339,0.0214,0.2179,0.0571,0.7224,none
2b_reference,instruct,healthy_q8,cyber_structural_25_75,planning,560,0.9589,0.8107,0.9691,0.9929,0.0321,0.0214,0.15,0.0411,0.7827,none
2b_reference,instruct,healthy_q8,cyber_structural_25_75,rhetoric,560,0.9196,0.7571,0.9509,0.9786,0.0714,0.0304,0.1714,0.0536,0.7132,none
2b_reference,instruct,healthy_q8,cyber_structural_25_75,spatial,560,0.9536,0.8286,0.9689,0.9911,0.0375,0.0232,0.1196,0.0411,0.8011,none
2b_reference,instruct,healthy_q8,q2_structural_amplifier,adversarial,560,0.9,0.5429,0.9218,0.9875,0.0661,0.2732,0.2339,0.0696,0.4462,none
2b_reference,instruct,healthy_q8,q2_structural_amplifier,boundary,560,0.9071,0.5286,0.9269,0.9911,0.0643,0.3161,0.2,0.0464,0.4278,none
2b_reference,instruct,healthy_q8,q2_structural_amplifier,coding,560,0.9,0.5679,0.9305,0.9964,0.0804,0.2464,0.1589,0.05,0.4792,none
2b_reference,instruct,healthy_q8,q2_structural_amplifier,epistemic,560,0.9,0.5464,0.9289,0.9857,0.0536,0.2696,0.225,0.0589,0.4555,none
2b_reference,instruct,healthy_q8,q2_structural_amplifier,forensic,560,0.9286,0.5625,0.9383,0.9911,0.0482,0.2786,0.1946,0.0411,0.4747,none
2b_reference,instruct,healthy_q8,q2_structural_amplifier,generalist,560,0.9071,0.5411,0.9296,0.9911,0.0589,0.2518,0.2321,0.0464,0.4521,none
2b_reference,instruct,healthy_q8,q2_structural_amplifier,math,560,0.9232,0.5554,0.9344,0.9893,0.0571,0.2464,0.2232,0.0518,0.4685,none
2b_reference,instruct,healthy_q8,q2_structural_amplifier,planning,560,0.9339,0.6,0.9369,0.9875,0.0411,0.2554,0.1929,0.05,0.5187,none
2b_reference,instruct,healthy_q8,q2_structural_amplifier,rhetoric,560,0.9304,0.5339,0.9361,0.9911,0.0429,0.2821,0.2357,0.0482,0.4434,none
2b_reference,instruct,healthy_q8,q2_structural_amplifier,spatial,560,0.9179,0.5982,0.9383,0.9911,0.0446,0.2464,0.1679,0.0643,0.5189,none
2b_reference,instruct,healthy_q8,routed_tri_structural_60,adversarial,560,0.9482,0.775,0.9628,0.9875,0.0429,0.0518,0.1571,0.0518,0.7366,none
2b_reference,instruct,healthy_q8,routed_tri_structural_60,boundary,560,0.9607,0.7839,0.9673,0.9893,0.0321,0.0446,0.1607,0.0446,0.7503,none
2b_reference,instruct,healthy_q8,routed_tri_structural_60,coding,560,0.9411,0.7946,0.9636,0.9875,0.0411,0.0464,0.1268,0.0554,0.7601,none
2b_reference,instruct,healthy_q8,routed_tri_structural_60,epistemic,560,0.925,0.7661,0.9605,0.9875,0.05,0.0321,0.1607,0.0393,0.7298,none
2b_reference,instruct,healthy_q8,routed_tri_structural_60,forensic,560,0.9411,0.7679,0.9632,0.9946,0.0393,0.0411,0.1696,0.0536,0.7316,none
2b_reference,instruct,healthy_q8,routed_tri_structural_60,generalist,560,0.9286,0.7589,0.9616,0.9929,0.0446,0.0375,0.1875,0.0411,0.721,none
2b_reference,instruct,healthy_q8,routed_tri_structural_60,math,560,0.9375,0.7268,0.9593,0.9911,0.0518,0.0339,0.2196,0.0411,0.6848,none
2b_reference,instruct,healthy_q8,routed_tri_structural_60,planning,560,0.9393,0.7839,0.9631,0.9839,0.0357,0.0304,0.15,0.05,0.7526,none
2b_reference,instruct,healthy_q8,routed_tri_structural_60,rhetoric,560,0.95,0.7696,0.9672,0.9875,0.0357,0.0393,0.1696,0.0357,0.7357,none
2b_reference,instruct,healthy_q8,routed_tri_structural_60,spatial,560,0.9464,0.775,0.9655,0.9929,0.0446,0.0393,0.1536,0.0393,0.7395,none
2b_reference,instruct,healthy_q8,routed_tri_structural_65,adversarial,560,0.9589,0.7946,0.9673,0.9893,0.0375,0.0446,0.1411,0.0464,0.7609,none
2b_reference,instruct,healthy_q8,routed_tri_structural_65,boundary,560,0.9357,0.7714,0.9585,0.9911,0.0482,0.0482,0.1482,0.0732,0.7318,none
2b_reference,instruct,healthy_q8,routed_tri_structural_65,coding,560,0.9518,0.7929,0.9672,0.9964,0.0339,0.0482,0.1286,0.0571,0.7599,none
2b_reference,instruct,healthy_q8,routed_tri_structural_65,epistemic,560,0.9536,0.775,0.9655,0.9857,0.0214,0.0214,0.1946,0.0464,0.7464,none
2b_reference,instruct,healthy_q8,routed_tri_structural_65,forensic,560,0.9661,0.8125,0.9738,0.9929,0.0304,0.0321,0.1339,0.0286,0.7848,none
2b_reference,instruct,healthy_q8,routed_tri_structural_65,generalist,560,0.9357,0.7429,0.9617,0.9839,0.0375,0.0625,0.1679,0.0482,0.7033,none
2b_reference,instruct,healthy_q8,routed_tri_structural_65,math,560,0.9429,0.7339,0.9602,0.9929,0.0339,0.0393,0.2125,0.0661,0.6956,none
2b_reference,instruct,healthy_q8,routed_tri_structural_65,planning,560,0.9411,0.7875,0.9616,0.9893,0.0482,0.0357,0.1429,0.0536,0.7518,none
2b_reference,instruct,healthy_q8,routed_tri_structural_65,rhetoric,560,0.9482,0.7821,0.9626,0.9804,0.0357,0.0339,0.1554,0.0554,0.7494,none
2b_reference,instruct,healthy_q8,routed_tri_structural_65,spatial,560,0.9446,0.7982,0.9655,0.9911,0.0464,0.0268,0.1339,0.0429,0.7661,none
2b_reference,instruct,healthy_q8,stability_first_tri_70,adversarial,560,0.9536,0.7929,0.9686,0.9982,0.0393,0.0357,0.1518,0.0429,0.7596,none
2b_reference,instruct,healthy_q8,stability_first_tri_70,boundary,560,0.95,0.7554,0.963,0.9893,0.0304,0.0411,0.1821,0.0625,0.7203,none
2b_reference,instruct,healthy_q8,stability_first_tri_70,coding,560,0.9411,0.8071,0.9643,0.9804,0.0321,0.0179,0.1429,0.0536,0.7798,none
2b_reference,instruct,healthy_q8,stability_first_tri_70,epistemic,560,0.9232,0.7643,0.9589,0.9911,0.0464,0.0214,0.175,0.0554,0.7293,none
2b_reference,instruct,healthy_q8,stability_first_tri_70,forensic,560,0.9375,0.75,0.9602,0.9964,0.0446,0.0464,0.1732,0.0607,0.7104,none
2b_reference,instruct,healthy_q8,stability_first_tri_70,generalist,560,0.9143,0.7393,0.9587,0.9964,0.0554,0.0411,0.1554,0.05,0.6995,none
2b_reference,instruct,healthy_q8,stability_first_tri_70,math,560,0.9625,0.7607,0.9684,0.9911,0.025,0.0304,0.2018,0.0429,0.7289,none
2b_reference,instruct,healthy_q8,stability_first_tri_70,planning,560,0.9464,0.8018,0.9654,0.9875,0.0393,0.0196,0.1446,0.0446,0.7723,none
2b_reference,instruct,healthy_q8,stability_first_tri_70,rhetoric,560,0.9464,0.7661,0.9637,0.9786,0.0339,0.0286,0.1786,0.0429,0.7338,none
2b_reference,instruct,healthy_q8,stability_first_tri_70,spatial,560,0.9339,0.7768,0.9603,0.9804,0.0429,0.0357,0.1357,0.0536,0.7432,none
35b_a3b_moe,base,collapsed_q2_edge,cognitive_structural_25_75,adversarial,560,0.3857,0.3036,0.6425,0.875,0.1911,0.0196,0.4054,1.4214,0.1388,none
35b_a3b_moe,base,collapsed_q2_edge,cognitive_structural_25_75,boundary,560,0.35,0.2411,0.6242,0.8411,0.1982,0.0321,0.4054,1.3786,0.0738,none
35b_a3b_moe,base,collapsed_q2_edge,cognitive_structural_25_75,coding,560,0.3,0.2161,0.5729,0.7339,0.2107,0.0214,0.3625,1.4571,0.0467,none
35b_a3b_moe,base,collapsed_q2_edge,cognitive_structural_25_75,epistemic,560,0.2893,0.2304,0.6043,0.8232,0.1839,0.0107,0.3821,1.2,0.0825,none
35b_a3b_moe,base,collapsed_q2_edge,cognitive_structural_25_75,forensic,560,0.3196,0.2625,0.5728,0.8589,0.1929,0.0125,0.35,1.5536,0.0965,none
35b_a3b_moe,base,collapsed_q2_edge,cognitive_structural_25_75,generalist,560,0.2661,0.2,0.5879,0.7536,0.1768,0.0321,0.3857,1.3089,0.0442,none
35b_a3b_moe,base,collapsed_q2_edge,cognitive_structural_25_75,math,560,0.2911,0.2286,0.5628,0.7625,0.1661,0.0161,0.4,1.6964,0.0587,primitive_gap
35b_a3b_moe,base,collapsed_q2_edge,cognitive_structural_25_75,planning,560,0.3696,0.2839,0.6136,0.7679,0.1768,0.0161,0.3607,1.2821,0.1347,none
35b_a3b_moe,base,collapsed_q2_edge,cognitive_structural_25_75,rhetoric,560,0.2536,0.1946,0.5359,0.7161,0.2036,0.0232,0.4464,1.5964,0.0134,classification_miss
35b_a3b_moe,base,collapsed_q2_edge,cognitive_structural_25_75,spatial,560,0.3179,0.2482,0.5826,0.7446,0.1893,0.0196,0.3196,1.4143,0.0912,none
35b_a3b_moe,base,collapsed_q2_edge,cyber_structural_25_75,adversarial,560,0.5357,0.3554,0.7511,0.9821,0.1768,0.0411,0.3893,0.9125,0.2173,none
35b_a3b_moe,base,collapsed_q2_edge,cyber_structural_25_75,boundary,560,0.5821,0.3893,0.7731,0.9821,0.1929,0.0357,0.4054,0.7464,0.2545,none
35b_a3b_moe,base,collapsed_q2_edge,cyber_structural_25_75,coding,560,0.3214,0.2411,0.5598,0.725,0.1857,0.0339,0.3518,1.5643,0.0722,none
35b_a3b_moe,base,collapsed_q2_edge,cyber_structural_25_75,epistemic,560,0.2625,0.1964,0.5559,0.7018,0.1929,0.0286,0.3839,1.3071,0.0368,classification_miss
35b_a3b_moe,base,collapsed_q2_edge,cyber_structural_25_75,forensic,560,0.3839,0.2893,0.6483,0.9661,0.2179,0.0411,0.3393,1.2286,0.1271,none
35b_a3b_moe,base,collapsed_q2_edge,cyber_structural_25_75,generalist,560,0.2607,0.1982,0.5525,0.6875,0.1911,0.0375,0.3625,1.3964,0.0346,classification_miss
35b_a3b_moe,base,collapsed_q2_edge,cyber_structural_25_75,math,560,0.2554,0.2,0.5166,0.6536,0.1821,0.0375,0.3571,1.8018,0.0192,classification_miss
35b_a3b_moe,base,collapsed_q2_edge,cyber_structural_25_75,planning,560,0.3804,0.2964,0.6095,0.7411,0.1714,0.0375,0.3143,1.2911,0.1478,none
35b_a3b_moe,base,collapsed_q2_edge,cyber_structural_25_75,rhetoric,560,0.2393,0.1732,0.5097,0.6929,0.2196,0.0339,0.3571,1.75,-0.0155,cascade
35b_a3b_moe,base,collapsed_q2_edge,cyber_structural_25_75,spatial,560,0.2911,0.2161,0.5459,0.6893,0.1911,0.0339,0.3286,1.5393,0.0487,classification_miss
35b_a3b_moe,base,collapsed_q2_edge,q2_structural_amplifier,adversarial,560,0.8571,0.4089,0.8988,0.9911,0.1125,0.3196,0.3768,0.0464,0.2788,none
35b_a3b_moe,base,collapsed_q2_edge,q2_structural_amplifier,boundary,560,0.8411,0.3875,0.8934,0.9911,0.1268,0.3232,0.3679,0.0482,0.253,none
35b_a3b_moe,base,collapsed_q2_edge,q2_structural_amplifier,coding,560,0.7911,0.4125,0.873,0.9036,0.1179,0.3018,0.3339,0.0946,0.2853,none
35b_a3b_moe,base,collapsed_q2_edge,q2_structural_amplifier,epistemic,560,0.8089,0.3964,0.8777,0.9214,0.1107,0.2482,0.4161,0.0964,0.2755,none
35b_a3b_moe,base,collapsed_q2_edge,q2_structural_amplifier,forensic,560,0.8411,0.3911,0.8919,0.9911,0.1143,0.3232,0.4,0.0929,0.2555,none
35b_a3b_moe,base,collapsed_q2_edge,q2_structural_amplifier,generalist,560,0.7321,0.3875,0.8384,0.8268,0.1018,0.2964,0.3714,0.1804,0.2589,none
35b_a3b_moe,base,collapsed_q2_edge,q2_structural_amplifier,math,560,0.7375,0.3857,0.8423,0.8714,0.1268,0.2589,0.4161,0.2321,0.251,none
35b_a3b_moe,base,collapsed_q2_edge,q2_structural_amplifier,planning,560,0.7732,0.4607,0.8665,0.8821,0.1179,0.2518,0.325,0.1232,0.3428,none
35b_a3b_moe,base,collapsed_q2_edge,q2_structural_amplifier,rhetoric,560,0.7304,0.3607,0.8396,0.8696,0.1286,0.3214,0.3821,0.2107,0.2167,none
35b_a3b_moe,base,collapsed_q2_edge,q2_structural_amplifier,spatial,560,0.7714,0.4232,0.8583,0.8696,0.1071,0.2625,0.3607,0.1768,0.3009,none
35b_a3b_moe,base,collapsed_q2_edge,routed_tri_structural_60,adversarial,560,0.6893,0.4518,0.8231,0.9929,0.1411,0.0661,0.4,0.5893,0.3348,none
35b_a3b_moe,base,collapsed_q2_edge,routed_tri_structural_60,boundary,560,0.7161,0.4554,0.8361,0.9964,0.1107,0.0643,0.4125,0.5536,0.3486,none
35b_a3b_moe,base,collapsed_q2_edge,routed_tri_structural_60,coding,560,0.4339,0.3143,0.6926,0.8232,0.1554,0.0607,0.3518,0.9893,0.1779,none
35b_a3b_moe,base,collapsed_q2_edge,routed_tri_structural_60,epistemic,560,0.4304,0.3375,0.6853,0.8304,0.1679,0.0321,0.3911,0.8821,0.2053,none
35b_a3b_moe,base,collapsed_q2_edge,routed_tri_structural_60,forensic,560,0.4839,0.3714,0.7165,0.9679,0.1839,0.05,0.3661,0.9554,0.2292,none
35b_a3b_moe,base,collapsed_q2_edge,routed_tri_structural_60,generalist,560,0.4375,0.3214,0.6916,0.8071,0.1661,0.0589,0.3982,0.8768,0.1841,none
35b_a3b_moe,base,collapsed_q2_edge,routed_tri_structural_60,math,560,0.3946,0.3196,0.6448,0.775,0.1554,0.0429,0.3571,1.3054,0.1706,none
35b_a3b_moe,base,collapsed_q2_edge,routed_tri_structural_60,planning,560,0.5375,0.425,0.7289,0.8446,0.1321,0.0411,0.2804,0.9,0.3097,none
35b_a3b_moe,base,collapsed_q2_edge,routed_tri_structural_60,rhetoric,560,0.3893,0.2929,0.6496,0.8054,0.1661,0.0357,0.3893,1.1911,0.1452,none
35b_a3b_moe,base,collapsed_q2_edge,routed_tri_structural_60,spatial,560,0.4304,0.3179,0.6548,0.8071,0.175,0.0375,0.3679,1.0929,0.1738,none
35b_a3b_moe,base,collapsed_q2_edge,routed_tri_structural_65,adversarial,560,0.7161,0.5018,0.844,0.9857,0.1214,0.0464,0.3786,0.4946,0.4011,none
35b_a3b_moe,base,collapsed_q2_edge,routed_tri_structural_65,boundary,560,0.7768,0.5143,0.8591,0.9911,0.1375,0.0625,0.3714,0.3929,0.4112,none
35b_a3b_moe,base,collapsed_q2_edge,routed_tri_structural_65,coding,560,0.4768,0.3482,0.7005,0.8321,0.1554,0.0679,0.3036,0.9768,0.2149,none
35b_a3b_moe,base,collapsed_q2_edge,routed_tri_structural_65,epistemic,560,0.4679,0.3607,0.715,0.8393,0.1607,0.025,0.3821,0.7875,0.2376,none
35b_a3b_moe,base,collapsed_q2_edge,routed_tri_structural_65,forensic,560,0.6,0.4429,0.7685,0.9893,0.1446,0.0518,0.3625,0.7911,0.3206,none
35b_a3b_moe,base,collapsed_q2_edge,routed_tri_structural_65,generalist,560,0.4679,0.3607,0.7053,0.8125,0.1589,0.0571,0.3607,0.8304,0.2312,none
35b_a3b_moe,base,collapsed_q2_edge,routed_tri_structural_65,math,560,0.4607,0.3286,0.6964,0.8214,0.1196,0.0554,0.3893,1.1071,0.1951,none
35b_a3b_moe,base,collapsed_q2_edge,routed_tri_structural_65,planning,560,0.5232,0.4071,0.7161,0.8125,0.1786,0.0429,0.2893,0.8357,0.2801,none
35b_a3b_moe,base,collapsed_q2_edge,routed_tri_structural_65,rhetoric,560,0.4893,0.3661,0.6846,0.8036,0.15,0.0411,0.3643,1.0429,0.2316,none
35b_a3b_moe,base,collapsed_q2_edge,routed_tri_structural_65,spatial,560,0.4768,0.3857,0.6795,0.8125,0.1625,0.0357,0.2732,1.0571,0.2551,none
35b_a3b_moe,base,collapsed_q2_edge,stability_first_tri_70,adversarial,560,0.725,0.4839,0.8556,0.9857,0.1464,0.0339,0.4,0.3946,0.3815,none
35b_a3b_moe,base,collapsed_q2_edge,stability_first_tri_70,boundary,560,0.7589,0.4732,0.8518,0.9857,0.1518,0.0679,0.4321,0.3857,0.3602,none
35b_a3b_moe,base,collapsed_q2_edge,stability_first_tri_70,coding,560,0.5196,0.3982,0.7311,0.8286,0.15,0.0429,0.3482,0.8125,0.2762,none
35b_a3b_moe,base,collapsed_q2_edge,stability_first_tri_70,epistemic,560,0.5214,0.3946,0.7537,0.8464,0.1625,0.0196,0.3554,0.6161,0.2827,none
35b_a3b_moe,base,collapsed_q2_edge,stability_first_tri_70,forensic,560,0.5893,0.4446,0.7613,0.9696,0.1696,0.0464,0.3214,0.7821,0.3196,none
35b_a3b_moe,base,collapsed_q2_edge,stability_first_tri_70,generalist,560,0.475,0.3786,0.7119,0.7857,0.1679,0.05,0.3554,0.7821,0.2507,none
35b_a3b_moe,base,collapsed_q2_edge,stability_first_tri_70,math,560,0.4679,0.3607,0.6867,0.7768,0.1357,0.0393,0.3411,1.0929,0.2302,none
35b_a3b_moe,base,collapsed_q2_edge,stability_first_tri_70,planning,560,0.5946,0.4571,0.753,0.8179,0.1304,0.0286,0.2946,0.7375,0.3519,none
35b_a3b_moe,base,collapsed_q2_edge,stability_first_tri_70,rhetoric,560,0.4875,0.3714,0.7095,0.8232,0.1589,0.0268,0.3929,0.9018,0.2419,none
35b_a3b_moe,base,collapsed_q2_edge,stability_first_tri_70,spatial,560,0.5339,0.4268,0.7116,0.8304,0.1589,0.0393,0.2911,0.9018,0.3029,none
35b_a3b_moe,base,damaged_q2,cognitive_structural_25_75,adversarial,560,0.7232,0.5232,0.8567,0.9911,0.1339,0.0161,0.3411,0.4357,0.4308,none
35b_a3b_moe,base,damaged_q2,cognitive_structural_25_75,boundary,560,0.7429,0.5357,0.8494,0.9643,0.1393,0.0339,0.3482,0.4214,0.4382,none
35b_a3b_moe,base,damaged_q2,cognitive_structural_25_75,coding,560,0.6446,0.4875,0.7982,0.8714,0.1161,0.025,0.2839,0.5911,0.3954,none
35b_a3b_moe,base,damaged_q2,cognitive_structural_25_75,epistemic,560,0.6464,0.4768,0.8188,0.9232,0.1036,0.0107,0.35,0.4911,0.391,none
35b_a3b_moe,base,damaged_q2,cognitive_structural_25_75,forensic,560,0.6321,0.4696,0.8048,0.9893,0.1286,0.0196,0.3214,0.6446,0.3692,none
35b_a3b_moe,base,damaged_q2,cognitive_structural_25_75,generalist,560,0.6232,0.4875,0.7971,0.8946,0.1446,0.0125,0.3018,0.5393,0.3905,none
35b_a3b_moe,base,damaged_q2,cognitive_structural_25_75,math,560,0.6125,0.4929,0.7837,0.875,0.0875,0.0125,0.3107,0.7839,0.4001,none
35b_a3b_moe,base,damaged_q2,cognitive_structural_25_75,planning,560,0.7214,0.5393,0.8258,0.9054,0.1143,0.0107,0.3161,0.5018,0.4525,none
35b_a3b_moe,base,damaged_q2,cognitive_structural_25_75,rhetoric,560,0.6357,0.4875,0.7827,0.8679,0.125,0.0125,0.2964,0.6643,0.3906,none
35b_a3b_moe,base,damaged_q2,cognitive_structural_25_75,spatial,560,0.6804,0.5304,0.8041,0.9018,0.1196,0.0196,0.2607,0.6089,0.4392,none
35b_a3b_moe,base,damaged_q2,cyber_structural_25_75,adversarial,560,0.8393,0.55,0.9112,0.9893,0.1107,0.0464,0.3607,0.1482,0.4712,none
35b_a3b_moe,base,damaged_q2,cyber_structural_25_75,boundary,560,0.8732,0.5821,0.9204,0.9839,0.1,0.0554,0.3786,0.1018,0.5057,none
35b_a3b_moe,base,damaged_q2,cyber_structural_25_75,coding,560,0.6732,0.5429,0.8131,0.875,0.1071,0.0196,0.2214,0.5589,0.4611,none
35b_a3b_moe,base,damaged_q2,cyber_structural_25_75,epistemic,560,0.5821,0.4411,0.7729,0.8321,0.1339,0.0125,0.3375,0.5625,0.3433,none
35b_a3b_moe,base,damaged_q2,cyber_structural_25_75,forensic,560,0.725,0.5554,0.8366,0.9946,0.1286,0.0143,0.2875,0.4982,0.466,none
35b_a3b_moe,base,damaged_q2,cyber_structural_25_75,generalist,560,0.5929,0.4518,0.778,0.8232,0.1161,0.0393,0.2982,0.5875,0.3559,none
35b_a3b_moe,base,damaged_q2,cyber_structural_25_75,math,560,0.5911,0.4571,0.7458,0.8107,0.1143,0.0357,0.3214,0.8714,0.3464,none
35b_a3b_moe,base,damaged_q2,cyber_structural_25_75,planning,560,0.6571,0.5286,0.7864,0.8268,0.1143,0.025,0.2768,0.6071,0.4368,none
35b_a3b_moe,base,damaged_q2,cyber_structural_25_75,rhetoric,560,0.5321,0.4089,0.736,0.8107,0.1446,0.0143,0.2875,0.7875,0.3003,none
35b_a3b_moe,base,damaged_q2,cyber_structural_25_75,spatial,560,0.6089,0.5018,0.7596,0.8054,0.1143,0.025,0.2589,0.7107,0.4062,none
35b_a3b_moe,base,damaged_q2,q2_structural_amplifier,adversarial,560,0.8571,0.4268,0.9012,0.9929,0.1071,0.3143,0.3089,0.0643,0.3039,none
35b_a3b_moe,base,damaged_q2,q2_structural_amplifier,boundary,560,0.8625,0.4339,0.9041,0.9946,0.1071,0.2839,0.3607,0.0554,0.3134,none
35b_a3b_moe,base,damaged_q2,q2_structural_amplifier,coding,560,0.8625,0.4536,0.9073,0.9911,0.0964,0.2982,0.3179,0.0518,0.337,none
35b_a3b_moe,base,damaged_q2,q2_structural_amplifier,epistemic,560,0.8714,0.4786,0.9135,0.9929,0.0911,0.2554,0.3429,0.0536,0.3701,none
35b_a3b_moe,base,damaged_q2,q2_structural_amplifier,forensic,560,0.8607,0.4375,0.9047,0.9857,0.1232,0.2786,0.3446,0.0339,0.3156,none
35b_a3b_moe,base,damaged_q2,q2_structural_amplifier,generalist,560,0.85,0.4339,0.9021,0.9714,0.0929,0.3018,0.3304,0.0518,0.3167,none
35b_a3b_moe,base,damaged_q2,q2_structural_amplifier,math,560,0.8893,0.4714,0.9155,0.9661,0.0571,0.2643,0.3768,0.0625,0.3682,none
35b_a3b_moe,base,damaged_q2,q2_structural_amplifier,planning,560,0.8929,0.525,0.9245,0.9839,0.0714,0.2411,0.2661,0.0393,0.4321,none
35b_a3b_moe,base,damaged_q2,q2_structural_amplifier,rhetoric,560,0.8786,0.4286,0.9095,0.9768,0.0982,0.2804,0.3804,0.0304,0.3111,none
35b_a3b_moe,base,damaged_q2,q2_structural_amplifier,spatial,560,0.875,0.4714,0.9116,0.9714,0.0929,0.2946,0.2589,0.0607,0.3609,none
35b_a3b_moe,base,damaged_q2,routed_tri_structural_60,adversarial,560,0.8679,0.6304,0.9322,0.9911,0.1143,0.05,0.2911,0.05,0.5603,none
35b_a3b_moe,base,damaged_q2,routed_tri_structural_60,boundary,560,0.8821,0.6268,0.9323,0.9893,0.1018,0.0446,0.3321,0.0536,0.5581,none
35b_a3b_moe,base,damaged_q2,routed_tri_structural_60,coding,560,0.8125,0.5839,0.8953,0.9554,0.1107,0.0554,0.2696,0.2107,0.5075,none
35b_a3b_moe,base,damaged_q2,routed_tri_structural_60,epistemic,560,0.8464,0.6071,0.9088,0.9804,0.0732,0.0518,0.3232,0.1964,0.5391,none
35b_a3b_moe,base,damaged_q2,routed_tri_structural_60,forensic,560,0.8304,0.6071,0.8954,0.9964,0.1143,0.0339,0.3089,0.2357,0.5296,none
35b_a3b_moe,base,damaged_q2,routed_tri_structural_60,generalist,560,0.7839,0.5679,0.8801,0.9536,0.1179,0.05,0.2964,0.2464,0.4865,none
35b_a3b_moe,base,damaged_q2,routed_tri_structural_60,math,560,0.7321,0.5304,0.8528,0.9179,0.1036,0.0518,0.3161,0.4232,0.4425,none
35b_a3b_moe,base,damaged_q2,routed_tri_structural_60,planning,560,0.8304,0.5839,0.9006,0.9464,0.1071,0.0393,0.2982,0.1661,0.5118,none
35b_a3b_moe,base,damaged_q2,routed_tri_structural_60,rhetoric,560,0.7732,0.5786,0.8729,0.9339,0.0839,0.0375,0.3393,0.3232,0.5026,none
35b_a3b_moe,base,damaged_q2,routed_tri_structural_60,spatial,560,0.8339,0.6286,0.8936,0.9482,0.0929,0.0375,0.2714,0.2482,0.5591,none
35b_a3b_moe,base,damaged_q2,routed_tri_structural_65,adversarial,560,0.8946,0.5946,0.9341,0.9929,0.0857,0.0464,0.3375,0.0732,0.529,none
35b_a3b_moe,base,damaged_q2,routed_tri_structural_65,boundary,560,0.8929,0.5982,0.9337,0.9875,0.0911,0.0554,0.3429,0.0571,0.5295,none
35b_a3b_moe,base,damaged_q2,routed_tri_structural_65,coding,560,0.8321,0.6071,0.9087,0.9536,0.1089,0.0518,0.2714,0.1429,0.5353,none
35b_a3b_moe,base,damaged_q2,routed_tri_structural_65,epistemic,560,0.8286,0.575,0.9103,0.9679,0.0839,0.0304,0.3482,0.15,0.5084,none
35b_a3b_moe,base,damaged_q2,routed_tri_structural_65,forensic,560,0.8643,0.6429,0.9116,0.9911,0.0893,0.0518,0.2607,0.2125,0.5742,none
35b_a3b_moe,base,damaged_q2,routed_tri_structural_65,generalist,560,0.7821,0.55,0.8873,0.9339,0.1125,0.0411,0.3464,0.1804,0.4713,none
35b_a3b_moe,base,damaged_q2,routed_tri_structural_65,math,560,0.8,0.5607,0.8744,0.9143,0.1,0.0536,0.3411,0.3036,0.4775,none
35b_a3b_moe,base,damaged_q2,routed_tri_structural_65,planning,560,0.8536,0.6446,0.9159,0.9518,0.0804,0.0286,0.2625,0.15,0.5863,none
35b_a3b_moe,base,damaged_q2,routed_tri_structural_65,rhetoric,560,0.8232,0.5929,0.89,0.9339,0.0982,0.0321,0.3089,0.2268,0.5209,none
35b_a3b_moe,base,damaged_q2,routed_tri_structural_65,spatial,560,0.8339,0.6446,0.9006,0.9321,0.0821,0.0357,0.2286,0.225,0.5833,none
35b_a3b_moe,base,damaged_q2,stability_first_tri_70,adversarial,560,0.8839,0.6446,0.9345,0.9946,0.0946,0.0393,0.2911,0.075,0.5814,none
35b_a3b_moe,base,damaged_q2,stability_first_tri_70,boundary,560,0.875,0.5964,0.9268,0.9929,0.1036,0.0429,0.3679,0.0696,0.5239,none
35b_a3b_moe,base,damaged_q2,stability_first_tri_70,coding,560,0.8536,0.6214,0.9212,0.9518,0.0857,0.0339,0.2768,0.1089,0.5613,none
35b_a3b_moe,base,damaged_q2,stability_first_tri_70,epistemic,560,0.8268,0.6089,0.9118,0.9661,0.1,0.0196,0.3268,0.1232,0.5427,none
35b_a3b_moe,base,damaged_q2,stability_first_tri_70,forensic,560,0.8875,0.6286,0.9208,0.9929,0.0768,0.0375,0.3375,0.1589,0.5631,none
35b_a3b_moe,base,damaged_q2,stability_first_tri_70,generalist,560,0.8304,0.5607,0.9066,0.9429,0.0946,0.0607,0.3161,0.1321,0.4883,none
35b_a3b_moe,base,damaged_q2,stability_first_tri_70,math,560,0.85,0.6179,0.9065,0.9411,0.0911,0.0375,0.3143,0.1821,0.5488,none
35b_a3b_moe,base,damaged_q2,stability_first_tri_70,planning,560,0.8571,0.6125,0.915,0.9411,0.0911,0.0554,0.2786,0.1196,0.5458,none
35b_a3b_moe,base,damaged_q2,stability_first_tri_70,rhetoric,560,0.8143,0.5893,0.8908,0.9411,0.1125,0.0304,0.3214,0.2036,0.5136,none
35b_a3b_moe,base,damaged_q2,stability_first_tri_70,spatial,560,0.8464,0.6268,0.9128,0.9464,0.0911,0.0375,0.2464,0.1589,0.5643,none
35b_a3b_moe,base,damaged_q3,cognitive_structural_25_75,adversarial,560,0.9286,0.7286,0.9541,0.9911,0.0607,0.0286,0.2089,0.0554,0.6852,none
35b_a3b_moe,base,damaged_q3,cognitive_structural_25_75,boundary,560,0.9357,0.7286,0.9567,0.9875,0.05,0.0375,0.225,0.05,0.6856,none
35b_a3b_moe,base,damaged_q3,cognitive_structural_25_75,coding,560,0.9232,0.7732,0.9581,0.9875,0.0554,0.0143,0.1661,0.0518,0.7379,none
35b_a3b_moe,base,damaged_q3,cognitive_structural_25_75,epistemic,560,0.8911,0.6964,0.9466,0.9911,0.0804,0.0089,0.2304,0.0446,0.6499,none
35b_a3b_moe,base,damaged_q3,cognitive_structural_25_75,forensic,560,0.9107,0.7393,0.9529,0.9929,0.0679,0.0214,0.1804,0.05,0.6977,none
35b_a3b_moe,base,damaged_q3,cognitive_structural_25_75,generalist,560,0.9089,0.7179,0.9538,0.9982,0.0625,0.0286,0.2071,0.0518,0.6742,none
35b_a3b_moe,base,damaged_q3,cognitive_structural_25_75,math,560,0.9232,0.6714,0.9471,0.9893,0.0607,0.0286,0.2696,0.0661,0.6226,none
35b_a3b_moe,base,damaged_q3,cognitive_structural_25_75,planning,560,0.9286,0.7625,0.9603,0.9964,0.05,0.0089,0.1875,0.0429,0.7286,none
35b_a3b_moe,base,damaged_q3,cognitive_structural_25_75,rhetoric,560,0.9214,0.7161,0.953,0.9911,0.0518,0.0125,0.25,0.0554,0.6753,none
35b_a3b_moe,base,damaged_q3,cognitive_structural_25_75,spatial,560,0.9143,0.7196,0.9508,0.9857,0.0714,0.0268,0.2089,0.0464,0.6738,none
35b_a3b_moe,base,damaged_q3,cyber_structural_25_75,adversarial,560,0.9018,0.7232,0.9487,0.9911,0.0804,0.0357,0.1857,0.0589,0.6742,none
35b_a3b_moe,base,damaged_q3,cyber_structural_25_75,boundary,560,0.925,0.7196,0.9545,0.9893,0.0643,0.0518,0.1982,0.0429,0.672,none
35b_a3b_moe,base,damaged_q3,cyber_structural_25_75,coding,560,0.9196,0.7429,0.9566,0.9911,0.0589,0.0357,0.1714,0.05,0.7018,none
35b_a3b_moe,base,damaged_q3,cyber_structural_25_75,epistemic,560,0.9,0.7054,0.9511,0.9964,0.0732,0.0339,0.2143,0.0429,0.6573,none
35b_a3b_moe,base,damaged_q3,cyber_structural_25_75,forensic,560,0.9357,0.7518,0.9607,0.9875,0.0554,0.0339,0.1875,0.0304,0.7119,none
35b_a3b_moe,base,damaged_q3,cyber_structural_25_75,generalist,560,0.8929,0.6732,0.9423,0.9696,0.0661,0.0411,0.2393,0.0589,0.6231,none
35b_a3b_moe,base,damaged_q3,cyber_structural_25_75,math,560,0.9214,0.7214,0.9497,0.9821,0.0571,0.0429,0.225,0.0714,0.6741,none
35b_a3b_moe,base,damaged_q3,cyber_structural_25_75,planning,560,0.8839,0.7268,0.9412,0.9875,0.0893,0.0339,0.1786,0.0696,0.6754,none
35b_a3b_moe,base,damaged_q3,cyber_structural_25_75,rhetoric,560,0.8982,0.6857,0.945,0.9768,0.0643,0.0339,0.2375,0.0661,0.6373,none
35b_a3b_moe,base,damaged_q3,cyber_structural_25_75,spatial,560,0.9214,0.7464,0.9554,0.9804,0.0661,0.025,0.175,0.0357,0.7058,none
35b_a3b_moe,base,damaged_q3,q2_structural_amplifier,adversarial,560,0.8964,0.5125,0.9211,0.9821,0.0732,0.2821,0.2518,0.0446,0.4117,none
35b_a3b_moe,base,damaged_q3,q2_structural_amplifier,boundary,560,0.8982,0.4946,0.9198,0.9875,0.0696,0.3107,0.2429,0.0554,0.3894,none
35b_a3b_moe,base,damaged_q3,q2_structural_amplifier,coding,560,0.9089,0.5554,0.9272,0.9804,0.0589,0.2518,0.2339,0.0536,0.4659,none
35b_a3b_moe,base,damaged_q3,q2_structural_amplifier,epistemic,560,0.8911,0.5304,0.927,0.9946,0.0821,0.2375,0.2571,0.0411,0.4356,none
35b_a3b_moe,base,damaged_q3,q2_structural_amplifier,forensic,560,0.9107,0.5179,0.9269,0.9875,0.0643,0.2964,0.2339,0.0482,0.4182,none
35b_a3b_moe,base,damaged_q3,q2_structural_amplifier,generalist,560,0.8893,0.4768,0.9202,0.9911,0.0679,0.3089,0.2821,0.0393,0.3701,none
35b_a3b_moe,base,damaged_q3,q2_structural_amplifier,math,560,0.8875,0.4821,0.9186,0.9964,0.0893,0.2821,0.2679,0.0607,0.3745,none
35b_a3b_moe,base,damaged_q3,q2_structural_amplifier,planning,560,0.9054,0.5179,0.9235,0.9929,0.0768,0.2982,0.1875,0.0518,0.4176,none
35b_a3b_moe,base,damaged_q3,q2_structural_amplifier,rhetoric,560,0.9089,0.4875,0.9248,0.9964,0.0714,0.2875,0.2768,0.05,0.3839,none
35b_a3b_moe,base,damaged_q3,q2_structural_amplifier,spatial,560,0.9071,0.5446,0.9278,0.9857,0.0714,0.2929,0.1821,0.05,0.4476,none
35b_a3b_moe,base,damaged_q3,routed_tri_structural_60,adversarial,560,0.9321,0.7036,0.9536,0.9821,0.0536,0.0643,0.2161,0.0536,0.6547,none
35b_a3b_moe,base,damaged_q3,routed_tri_structural_60,boundary,560,0.9036,0.6554,0.9437,0.9946,0.0839,0.0482,0.2464,0.0589,0.5979,none
35b_a3b_moe,base,damaged_q3,routed_tri_structural_60,coding,560,0.9179,0.7196,0.9521,0.9946,0.0643,0.0464,0.1911,0.0625,0.6727,none
35b_a3b_moe,base,damaged_q3,routed_tri_structural_60,epistemic,560,0.9054,0.7,0.9496,0.9875,0.0661,0.0321,0.2286,0.0464,0.6531,none
35b_a3b_moe,base,damaged_q3,routed_tri_structural_60,forensic,560,0.9125,0.6589,0.9486,0.9929,0.0714,0.0482,0.2607,0.0429,0.6049,none
35b_a3b_moe,base,damaged_q3,routed_tri_structural_60,generalist,560,0.9286,0.6982,0.9565,0.9875,0.0446,0.0464,0.2393,0.0429,0.6543,none
35b_a3b_moe,base,damaged_q3,routed_tri_structural_60,math,560,0.9232,0.7179,0.9548,0.9946,0.0571,0.0375,0.225,0.0536,0.6725,none
35b_a3b_moe,base,damaged_q3,routed_tri_structural_60,planning,560,0.9214,0.7464,0.955,0.9875,0.0661,0.0304,0.1786,0.0429,0.7041,none
35b_a3b_moe,base,damaged_q3,routed_tri_structural_60,rhetoric,560,0.9143,0.6732,0.95,0.9893,0.0589,0.0375,0.2536,0.0589,0.6248,none
35b_a3b_moe,base,damaged_q3,routed_tri_structural_60,spatial,560,0.9089,0.7375,0.9524,0.9946,0.0768,0.0429,0.1661,0.0536,0.6899,none
35b_a3b_moe,base,damaged_q3,routed_tri_structural_65,adversarial,560,0.9143,0.6875,0.9538,0.9964,0.0714,0.075,0.1839,0.0482,0.6339,none
35b_a3b_moe,base,damaged_q3,routed_tri_structural_65,boundary,560,0.9161,0.6786,0.9482,0.9929,0.0768,0.0696,0.2464,0.0446,0.6197,none
35b_a3b_moe,base,damaged_q3,routed_tri_structural_65,coding,560,0.9339,0.7393,0.9598,0.9964,0.0518,0.0554,0.1768,0.0518,0.6959,none
35b_a3b_moe,base,damaged_q3,routed_tri_structural_65,epistemic,560,0.9214,0.7411,0.9546,0.9875,0.0536,0.025,0.2196,0.05,0.6999,none
35b_a3b_moe,base,damaged_q3,routed_tri_structural_65,forensic,560,0.9321,0.7375,0.9559,0.9857,0.0571,0.0518,0.1839,0.05,0.6928,none
35b_a3b_moe,base,damaged_q3,routed_tri_structural_65,generalist,560,0.9304,0.7196,0.9596,0.9893,0.0375,0.0464,0.2089,0.05,0.6799,none
35b_a3b_moe,base,damaged_q3,routed_tri_structural_65,math,560,0.9286,0.6875,0.9529,0.9875,0.0554,0.0375,0.2518,0.05,0.6408,none
35b_a3b_moe,base,damaged_q3,routed_tri_structural_65,planning,560,0.925,0.7589,0.9545,0.9839,0.0571,0.0357,0.1732,0.0536,0.7181,none
35b_a3b_moe,base,damaged_q3,routed_tri_structural_65,rhetoric,560,0.9179,0.7018,0.9534,0.9893,0.0625,0.025,0.225,0.0446,0.6578,none
35b_a3b_moe,base,damaged_q3,routed_tri_structural_65,spatial,560,0.9286,0.725,0.9559,0.9875,0.0554,0.0429,0.1982,0.0482,0.6816,none
35b_a3b_moe,base,damaged_q3,stability_first_tri_70,adversarial,560,0.9107,0.7304,0.9497,0.9875,0.0679,0.0429,0.1821,0.0679,0.6835,none
35b_a3b_moe,base,damaged_q3,stability_first_tri_70,boundary,560,0.9,0.6786,0.9459,0.9982,0.0804,0.05,0.225,0.0643,0.6232,none
35b_a3b_moe,base,damaged_q3,stability_first_tri_70,coding,560,0.9286,0.7125,0.9575,0.9964,0.0518,0.0482,0.2,0.05,0.6688,none
35b_a3b_moe,base,damaged_q3,stability_first_tri_70,epistemic,560,0.9232,0.7321,0.959,0.9946,0.0536,0.0339,0.225,0.0321,0.6897,none
35b_a3b_moe,base,damaged_q3,stability_first_tri_70,forensic,560,0.9339,0.7357,0.9593,0.9964,0.0554,0.0446,0.1821,0.0464,0.6933,none
35b_a3b_moe,base,damaged_q3,stability_first_tri_70,generalist,560,0.9286,0.6821,0.9553,0.9893,0.05,0.0607,0.2232,0.0464,0.6348,none
35b_a3b_moe,base,damaged_q3,stability_first_tri_70,math,560,0.9214,0.7143,0.9498,0.9929,0.0625,0.0268,0.2304,0.0732,0.6681,none
35b_a3b_moe,base,damaged_q3,stability_first_tri_70,planning,560,0.9232,0.7268,0.9532,0.9893,0.0589,0.0482,0.1768,0.0554,0.6826,none
35b_a3b_moe,base,damaged_q3,stability_first_tri_70,rhetoric,560,0.9411,0.7393,0.9572,0.9964,0.0446,0.0143,0.2179,0.0625,0.7025,none
35b_a3b_moe,base,damaged_q3,stability_first_tri_70,spatial,560,0.9089,0.7268,0.9507,0.9911,0.0714,0.0536,0.1536,0.0679,0.679,none
35b_a3b_moe,base,damaged_q4,cognitive_structural_25_75,adversarial,560,0.9482,0.7768,0.9659,0.9982,0.0429,0.0214,0.1714,0.0429,0.7438,none
35b_a3b_moe,base,damaged_q4,cognitive_structural_25_75,boundary,560,0.9339,0.7304,0.9628,0.9929,0.0429,0.0464,0.1946,0.0357,0.6909,none
35b_a3b_moe,base,damaged_q4,cognitive_structural_25_75,coding,560,0.9482,0.7929,0.9614,0.9875,0.0429,0.0161,0.1518,0.0589,0.7617,none
35b_a3b_moe,base,damaged_q4,cognitive_structural_25_75,epistemic,560,0.9411,0.7607,0.9647,0.9982,0.0375,0.0089,0.1964,0.0411,0.7299,none
35b_a3b_moe,base,damaged_q4,cognitive_structural_25_75,forensic,560,0.9357,0.7714,0.9606,0.9893,0.0446,0.0214,0.1696,0.0518,0.7376,none
35b_a3b_moe,base,damaged_q4,cognitive_structural_25_75,generalist,560,0.9161,0.7536,0.9582,0.9857,0.0554,0.025,0.1732,0.0411,0.7161,none
35b_a3b_moe,base,damaged_q4,cognitive_structural_25_75,math,560,0.9375,0.7232,0.9579,0.9875,0.0464,0.0268,0.2321,0.0446,0.6831,none
35b_a3b_moe,base,damaged_q4,cognitive_structural_25_75,planning,560,0.9554,0.7929,0.9654,0.9875,0.0375,0.0179,0.1679,0.0375,0.7627,none
35b_a3b_moe,base,damaged_q4,cognitive_structural_25_75,rhetoric,560,0.9411,0.7786,0.9607,0.9929,0.0446,0.0143,0.1839,0.0571,0.7448,none
35b_a3b_moe,base,damaged_q4,cognitive_structural_25_75,spatial,560,0.9554,0.8018,0.9669,0.9946,0.0375,0.0196,0.1536,0.0464,0.772,none
35b_a3b_moe,base,damaged_q4,cyber_structural_25_75,adversarial,560,0.9268,0.7696,0.9602,0.9929,0.0554,0.0339,0.1393,0.0554,0.7323,none
35b_a3b_moe,base,damaged_q4,cyber_structural_25_75,boundary,560,0.9161,0.75,0.9557,0.9875,0.0571,0.0357,0.1625,0.0571,0.7099,none
35b_a3b_moe,base,damaged_q4,cyber_structural_25_75,coding,560,0.9518,0.7786,0.9684,0.9893,0.0268,0.0411,0.1589,0.0446,0.7474,none
35b_a3b_moe,base,damaged_q4,cyber_structural_25_75,epistemic,560,0.925,0.7875,0.9631,0.9929,0.0554,0.0143,0.1375,0.0357,0.7552,none
35b_a3b_moe,base,damaged_q4,cyber_structural_25_75,forensic,560,0.9554,0.7893,0.9653,0.9893,0.0339,0.0375,0.1696,0.0482,0.7556,none
35b_a3b_moe,base,damaged_q4,cyber_structural_25_75,generalist,560,0.9411,0.7786,0.9648,0.9875,0.0411,0.0393,0.1607,0.0357,0.7437,none
35b_a3b_moe,base,damaged_q4,cyber_structural_25_75,math,560,0.9518,0.7518,0.9669,0.9929,0.0321,0.0339,0.1964,0.0393,0.7177,none
35b_a3b_moe,base,damaged_q4,cyber_structural_25_75,planning,560,0.9536,0.8089,0.9702,0.9804,0.0304,0.0304,0.1357,0.0268,0.7816,none
35b_a3b_moe,base,damaged_q4,cyber_structural_25_75,rhetoric,560,0.9518,0.7839,0.9645,0.9911,0.0393,0.0268,0.1661,0.05,0.751,none
35b_a3b_moe,base,damaged_q4,cyber_structural_25_75,spatial,560,0.9357,0.8125,0.9647,0.9839,0.0464,0.0321,0.1143,0.0429,0.7809,none
35b_a3b_moe,base,damaged_q4,q2_structural_amplifier,adversarial,560,0.9143,0.5375,0.9279,0.9911,0.0643,0.2804,0.2232,0.0464,0.442,none
35b_a3b_moe,base,damaged_q4,q2_structural_amplifier,boundary,560,0.8804,0.4714,0.912,0.9911,0.0786,0.3304,0.2536,0.0696,0.358,none
35b_a3b_moe,base,damaged_q4,q2_structural_amplifier,coding,560,0.9,0.5321,0.9261,0.9929,0.0643,0.2911,0.2071,0.0554,0.4353,none
35b_a3b_moe,base,damaged_q4,q2_structural_amplifier,epistemic,560,0.9196,0.5625,0.9384,0.9875,0.0482,0.2554,0.1982,0.0411,0.4791,none
35b_a3b_moe,base,damaged_q4,q2_structural_amplifier,forensic,560,0.9286,0.5571,0.9345,0.9929,0.0589,0.2589,0.2268,0.0464,0.4672,none
35b_a3b_moe,base,damaged_q4,q2_structural_amplifier,generalist,560,0.9143,0.5339,0.9294,0.9911,0.0589,0.2821,0.2089,0.0429,0.441,none
35b_a3b_moe,base,damaged_q4,q2_structural_amplifier,math,560,0.9357,0.5571,0.9355,0.9839,0.0429,0.2589,0.2536,0.0482,0.4698,none
35b_a3b_moe,base,damaged_q4,q2_structural_amplifier,planning,560,0.9125,0.5446,0.9295,0.9875,0.0554,0.2839,0.1982,0.0464,0.4531,none
35b_a3b_moe,base,damaged_q4,q2_structural_amplifier,rhetoric,560,0.9232,0.5696,0.9364,0.9893,0.0446,0.25,0.2143,0.0607,0.4861,none
35b_a3b_moe,base,damaged_q4,q2_structural_amplifier,spatial,560,0.9196,0.5839,0.9383,0.9929,0.0518,0.2625,0.1964,0.0429,0.498,none
35b_a3b_moe,base,damaged_q4,routed_tri_structural_60,adversarial,560,0.9446,0.7393,0.9621,0.9911,0.0482,0.0679,0.1696,0.0429,0.6955,none
35b_a3b_moe,base,damaged_q4,routed_tri_structural_60,boundary,560,0.9375,0.7464,0.9589,0.9875,0.0571,0.0643,0.1732,0.0411,0.7005,none
35b_a3b_moe,base,damaged_q4,routed_tri_structural_60,coding,560,0.9446,0.7518,0.9636,0.9875,0.0429,0.0589,0.1589,0.0411,0.7124,none
35b_a3b_moe,base,damaged_q4,routed_tri_structural_60,epistemic,560,0.9321,0.7589,0.9625,0.9929,0.0464,0.0357,0.1714,0.0429,0.722,none
35b_a3b_moe,base,damaged_q4,routed_tri_structural_60,forensic,560,0.9339,0.7768,0.9586,0.9911,0.0554,0.0429,0.1554,0.0554,0.7364,none
35b_a3b_moe,base,damaged_q4,routed_tri_structural_60,generalist,560,0.9339,0.7196,0.962,0.9929,0.0482,0.0482,0.2071,0.0268,0.6776,none
35b_a3b_moe,base,damaged_q4,routed_tri_structural_60,math,560,0.9411,0.7643,0.9605,0.9893,0.0411,0.025,0.1964,0.0589,0.7283,none
35b_a3b_moe,base,damaged_q4,routed_tri_structural_60,planning,560,0.9536,0.7768,0.965,0.9893,0.0393,0.0429,0.1554,0.0464,0.7417,none
35b_a3b_moe,base,damaged_q4,routed_tri_structural_60,rhetoric,560,0.9232,0.7446,0.957,0.9893,0.0643,0.0446,0.1643,0.0446,0.7011,none
35b_a3b_moe,base,damaged_q4,routed_tri_structural_60,spatial,560,0.9321,0.7661,0.9584,0.9875,0.0554,0.0446,0.1464,0.0518,0.7262,none
35b_a3b_moe,base,damaged_q4,routed_tri_structural_65,adversarial,560,0.9357,0.7036,0.9559,0.9875,0.0464,0.0696,0.2054,0.0607,0.6563,none
35b_a3b_moe,base,damaged_q4,routed_tri_structural_65,boundary,560,0.9411,0.7321,0.9615,0.9964,0.0482,0.0607,0.1786,0.0536,0.6886,none
35b_a3b_moe,base,damaged_q4,routed_tri_structural_65,coding,560,0.9214,0.7643,0.9579,0.9929,0.0571,0.0536,0.1411,0.0589,0.7222,none
35b_a3b_moe,base,damaged_q4,routed_tri_structural_65,epistemic,560,0.9357,0.7679,0.9626,0.9857,0.0446,0.0304,0.175,0.0375,0.7325,none
35b_a3b_moe,base,damaged_q4,routed_tri_structural_65,forensic,560,0.9357,0.7464,0.9585,0.9946,0.0482,0.0375,0.1875,0.0589,0.7065,none
35b_a3b_moe,base,damaged_q4,routed_tri_structural_65,generalist,560,0.9411,0.7571,0.9659,0.9893,0.0375,0.0607,0.1571,0.0375,0.7193,none
35b_a3b_moe,base,damaged_q4,routed_tri_structural_65,math,560,0.9321,0.7214,0.9582,0.9911,0.05,0.0607,0.2125,0.05,0.6748,none
35b_a3b_moe,base,damaged_q4,routed_tri_structural_65,planning,560,0.9464,0.7893,0.9661,0.9875,0.0375,0.0411,0.1446,0.0357,0.7565,none
35b_a3b_moe,base,damaged_q4,routed_tri_structural_65,rhetoric,560,0.9179,0.7196,0.9539,0.9911,0.0554,0.0429,0.2089,0.0625,0.6746,none
35b_a3b_moe,base,damaged_q4,routed_tri_structural_65,spatial,560,0.9429,0.8107,0.9674,0.9857,0.0357,0.0357,0.1107,0.0446,0.7818,none
35b_a3b_moe,base,damaged_q4,stability_first_tri_70,adversarial,560,0.9429,0.7571,0.9581,0.9893,0.0464,0.0375,0.1732,0.0696,0.7184,none
35b_a3b_moe,base,damaged_q4,stability_first_tri_70,boundary,560,0.95,0.775,0.9649,0.9857,0.0411,0.0429,0.1607,0.0393,0.7393,none
35b_a3b_moe,base,damaged_q4,stability_first_tri_70,coding,560,0.9429,0.7518,0.9612,0.9929,0.0482,0.0464,0.1732,0.0482,0.7118,none
35b_a3b_moe,base,damaged_q4,stability_first_tri_70,epistemic,560,0.9268,0.75,0.9584,0.9875,0.0429,0.025,0.1839,0.0554,0.7147,none
35b_a3b_moe,base,damaged_q4,stability_first_tri_70,forensic,560,0.9446,0.7411,0.962,0.9911,0.0411,0.0571,0.1786,0.0482,0.7006,none
35b_a3b_moe,base,damaged_q4,stability_first_tri_70,generalist,560,0.9357,0.7661,0.9632,0.9929,0.0393,0.0446,0.1625,0.05,0.7299,none
35b_a3b_moe,base,damaged_q4,stability_first_tri_70,math,560,0.9554,0.7232,0.9607,0.9839,0.0268,0.0393,0.2357,0.0554,0.6857,none
35b_a3b_moe,base,damaged_q4,stability_first_tri_70,planning,560,0.9464,0.7875,0.9647,0.9964,0.0393,0.0321,0.1464,0.0554,0.7548,none
35b_a3b_moe,base,damaged_q4,stability_first_tri_70,rhetoric,560,0.9464,0.7893,0.9643,0.9875,0.0357,0.0214,0.1625,0.0518,0.7587,none
35b_a3b_moe,base,damaged_q4,stability_first_tri_70,spatial,560,0.9482,0.8,0.9641,0.9929,0.0375,0.0196,0.1429,0.0607,0.7704,none
35b_a3b_moe,base,healthy_q6,cognitive_structural_25_75,adversarial,560,0.9446,0.8321,0.9663,0.9839,0.0393,0.0268,0.1018,0.0554,0.8041,none
35b_a3b_moe,base,healthy_q6,cognitive_structural_25_75,boundary,560,0.9375,0.8089,0.9637,0.9946,0.0464,0.0357,0.1143,0.0643,0.7755,none
35b_a3b_moe,base,healthy_q6,cognitive_structural_25_75,coding,560,0.9679,0.8125,0.9746,0.9982,0.0286,0.0339,0.1304,0.0357,0.7849,none
35b_a3b_moe,base,healthy_q6,cognitive_structural_25_75,epistemic,560,0.925,0.8161,0.9598,0.9893,0.0411,0.0107,0.1375,0.0679,0.7872,none
35b_a3b_moe,base,healthy_q6,cognitive_structural_25_75,forensic,560,0.9554,0.8268,0.9687,0.9911,0.0393,0.025,0.1161,0.0446,0.7985,none
35b_a3b_moe,base,healthy_q6,cognitive_structural_25_75,generalist,560,0.9554,0.8268,0.972,0.9893,0.0232,0.0304,0.1179,0.0429,0.8022,none
35b_a3b_moe,base,healthy_q6,cognitive_structural_25_75,math,560,0.9571,0.7839,0.9638,0.9875,0.025,0.025,0.1768,0.0714,0.7537,none
35b_a3b_moe,base,healthy_q6,cognitive_structural_25_75,planning,560,0.95,0.8143,0.9665,0.9911,0.0357,0.0125,0.1429,0.0446,0.7874,none
35b_a3b_moe,base,healthy_q6,cognitive_structural_25_75,rhetoric,560,0.9411,0.7804,0.9634,0.9911,0.0446,0.0179,0.175,0.0393,0.7474,none
35b_a3b_moe,base,healthy_q6,cognitive_structural_25_75,spatial,560,0.9357,0.825,0.9611,0.9821,0.0482,0.0179,0.1143,0.0589,0.7949,none
35b_a3b_moe,base,healthy_q6,cyber_structural_25_75,adversarial,560,0.9446,0.8232,0.9688,0.9857,0.0429,0.0357,0.1036,0.0375,0.7931,none
35b_a3b_moe,base,healthy_q6,cyber_structural_25_75,boundary,560,0.9286,0.7821,0.9613,0.9946,0.0482,0.0464,0.1214,0.0714,0.7451,none
35b_a3b_moe,base,healthy_q6,cyber_structural_25_75,coding,560,0.9464,0.8036,0.9669,0.9857,0.0339,0.0375,0.1214,0.0518,0.7736,none
35b_a3b_moe,base,healthy_q6,cyber_structural_25_75,epistemic,560,0.9482,0.7946,0.9685,0.9911,0.0321,0.0214,0.1518,0.0375,0.7667,none
35b_a3b_moe,base,healthy_q6,cyber_structural_25_75,forensic,560,0.9679,0.8375,0.9774,0.9911,0.0286,0.0393,0.1071,0.0214,0.8114,none
35b_a3b_moe,base,healthy_q6,cyber_structural_25_75,generalist,560,0.9375,0.7911,0.9669,0.9946,0.0411,0.0393,0.1357,0.0411,0.758,none
35b_a3b_moe,base,healthy_q6,cyber_structural_25_75,math,560,0.9554,0.7929,0.9644,0.9929,0.0304,0.0268,0.1589,0.0679,0.7623,none
35b_a3b_moe,base,healthy_q6,cyber_structural_25_75,planning,560,0.9625,0.8232,0.9713,0.9893,0.0286,0.0375,0.1179,0.0446,0.7955,none
35b_a3b_moe,base,healthy_q6,cyber_structural_25_75,rhetoric,560,0.9696,0.8089,0.9729,0.9893,0.0125,0.0393,0.1357,0.0571,0.7836,none
35b_a3b_moe,base,healthy_q6,cyber_structural_25_75,spatial,560,0.9625,0.8571,0.973,0.9911,0.025,0.0268,0.1036,0.0482,0.8336,none
35b_a3b_moe,base,healthy_q6,q2_structural_amplifier,adversarial,560,0.9214,0.5696,0.932,0.9946,0.0554,0.2714,0.1839,0.0661,0.4807,none
35b_a3b_moe,base,healthy_q6,q2_structural_amplifier,boundary,560,0.9036,0.5232,0.9239,0.9911,0.0607,0.3018,0.2357,0.0554,0.423,none
35b_a3b_moe,base,healthy_q6,q2_structural_amplifier,coding,560,0.9232,0.5643,0.9331,0.9893,0.0554,0.2625,0.1821,0.0482,0.4782,none
35b_a3b_moe,base,healthy_q6,q2_structural_amplifier,epistemic,560,0.9304,0.5768,0.9404,0.9821,0.0429,0.2607,0.1821,0.0375,0.4953,none
35b_a3b_moe,base,healthy_q6,q2_structural_amplifier,forensic,560,0.9339,0.5482,0.9363,0.9946,0.0321,0.3179,0.1804,0.0679,0.4572,none
35b_a3b_moe,base,healthy_q6,q2_structural_amplifier,generalist,560,0.9036,0.5339,0.9311,0.9893,0.0482,0.2768,0.2125,0.0482,0.4447,none
35b_a3b_moe,base,healthy_q6,q2_structural_amplifier,math,560,0.9286,0.5446,0.9376,0.9929,0.0482,0.2643,0.2161,0.05,0.4575,none
35b_a3b_moe,base,healthy_q6,q2_structural_amplifier,planning,560,0.9107,0.5804,0.9305,0.9893,0.0554,0.2786,0.1464,0.0661,0.493,none
35b_a3b_moe,base,healthy_q6,q2_structural_amplifier,rhetoric,560,0.9036,0.5411,0.93,0.9911,0.0625,0.275,0.2018,0.0625,0.4481,none
35b_a3b_moe,base,healthy_q6,q2_structural_amplifier,spatial,560,0.9446,0.5964,0.9467,0.9911,0.0375,0.2804,0.1429,0.0339,0.516,none
35b_a3b_moe,base,healthy_q6,routed_tri_structural_60,adversarial,560,0.9446,0.8054,0.9636,0.9821,0.0375,0.0411,0.1179,0.0625,0.7733,none
35b_a3b_moe,base,healthy_q6,routed_tri_structural_60,boundary,560,0.95,0.8054,0.9658,0.9821,0.0411,0.0589,0.1036,0.05,0.7705,none
35b_a3b_moe,base,healthy_q6,routed_tri_structural_60,coding,560,0.9446,0.7821,0.9658,0.9911,0.0357,0.0536,0.1214,0.0571,0.7481,none
35b_a3b_moe,base,healthy_q6,routed_tri_structural_60,epistemic,560,0.9446,0.7946,0.9681,0.9964,0.0286,0.0214,0.1643,0.0464,0.7663,none
35b_a3b_moe,base,healthy_q6,routed_tri_structural_60,forensic,560,0.9571,0.8089,0.9661,0.9875,0.0304,0.0429,0.1179,0.0643,0.7786,none
35b_a3b_moe,base,healthy_q6,routed_tri_structural_60,generalist,560,0.9661,0.8071,0.9738,0.9964,0.0179,0.0446,0.1357,0.0446,0.7798,none
35b_a3b_moe,base,healthy_q6,routed_tri_structural_60,math,560,0.9589,0.7571,0.9697,0.9964,0.0232,0.0518,0.1768,0.05,0.7232,none
35b_a3b_moe,base,healthy_q6,routed_tri_structural_60,planning,560,0.9643,0.8304,0.9712,0.9839,0.0286,0.0411,0.1036,0.0411,0.8032,none
35b_a3b_moe,base,healthy_q6,routed_tri_structural_60,rhetoric,560,0.9625,0.7929,0.9703,0.9875,0.0196,0.0357,0.1607,0.0464,0.7646,none
35b_a3b_moe,base,healthy_q6,routed_tri_structural_60,spatial,560,0.9625,0.8304,0.9732,0.9893,0.0286,0.0339,0.1196,0.0375,0.8036,none
35b_a3b_moe,base,healthy_q6,routed_tri_structural_65,adversarial,560,0.925,0.7482,0.9565,0.9893,0.05,0.05,0.1589,0.0732,0.7068,none
35b_a3b_moe,base,healthy_q6,routed_tri_structural_65,boundary,560,0.9607,0.7964,0.9702,0.9839,0.0321,0.0518,0.1357,0.0321,0.764,none
35b_a3b_moe,base,healthy_q6,routed_tri_structural_65,coding,560,0.9536,0.8143,0.9675,0.9893,0.0304,0.0375,0.1161,0.0589,0.7854,none
35b_a3b_moe,base,healthy_q6,routed_tri_structural_65,epistemic,560,0.925,0.8036,0.9657,0.9946,0.0464,0.025,0.1214,0.0446,0.7727,none
35b_a3b_moe,base,healthy_q6,routed_tri_structural_65,forensic,560,0.9732,0.8446,0.9782,0.9929,0.0196,0.0375,0.1089,0.0321,0.8209,none
35b_a3b_moe,base,healthy_q6,routed_tri_structural_65,generalist,560,0.9357,0.7786,0.9654,0.9929,0.0393,0.0536,0.1268,0.0482,0.7435,none
35b_a3b_moe,base,healthy_q6,routed_tri_structural_65,math,560,0.9768,0.7786,0.972,0.9875,0.0125,0.0357,0.1982,0.0411,0.7498,none
35b_a3b_moe,base,healthy_q6,routed_tri_structural_65,planning,560,0.9607,0.8018,0.9706,0.9911,0.0268,0.0518,0.1196,0.05,0.7713,none
35b_a3b_moe,base,healthy_q6,routed_tri_structural_65,rhetoric,560,0.9589,0.8018,0.9718,0.9875,0.0232,0.05,0.1268,0.0464,0.7724,none
35b_a3b_moe,base,healthy_q6,routed_tri_structural_65,spatial,560,0.9518,0.7982,0.967,0.9929,0.0339,0.0393,0.1339,0.05,0.767,none
35b_a3b_moe,base,healthy_q6,stability_first_tri_70,adversarial,560,0.9554,0.8161,0.9697,0.9857,0.0393,0.0482,0.1054,0.0375,0.7843,none
35b_a3b_moe,base,healthy_q6,stability_first_tri_70,boundary,560,0.9464,0.7982,0.9658,0.9804,0.0339,0.0571,0.1161,0.0518,0.7647,none
35b_a3b_moe,base,healthy_q6,stability_first_tri_70,coding,560,0.9554,0.8196,0.9666,0.9911,0.0268,0.0321,0.1214,0.0714,0.7919,none
35b_a3b_moe,base,healthy_q6,stability_first_tri_70,epistemic,560,0.95,0.8214,0.9703,0.9875,0.0232,0.0143,0.1375,0.0429,0.7985,none
35b_a3b_moe,base,healthy_q6,stability_first_tri_70,forensic,560,0.9679,0.8268,0.973,0.9911,0.0232,0.0339,0.1125,0.0482,0.8016,none
35b_a3b_moe,base,healthy_q6,stability_first_tri_70,generalist,560,0.9589,0.8018,0.9686,0.9857,0.0214,0.0339,0.1429,0.0482,0.7747,none
35b_a3b_moe,base,healthy_q6,stability_first_tri_70,math,560,0.9571,0.7786,0.9686,0.9875,0.025,0.0464,0.1643,0.05,0.7461,none
35b_a3b_moe,base,healthy_q6,stability_first_tri_70,planning,560,0.9554,0.8089,0.9693,0.9875,0.0304,0.0429,0.1143,0.0429,0.78,none
35b_a3b_moe,base,healthy_q6,stability_first_tri_70,rhetoric,560,0.9464,0.8018,0.9671,0.9911,0.0411,0.0375,0.125,0.05,0.7695,none
35b_a3b_moe,base,healthy_q6,stability_first_tri_70,spatial,560,0.95,0.8464,0.9668,0.9804,0.0286,0.025,0.0946,0.0607,0.8223,none
35b_a3b_moe,base,healthy_q8,cognitive_structural_25_75,adversarial,560,0.9696,0.8643,0.9766,0.9964,0.0196,0.0214,0.1,0.05,0.8436,none
35b_a3b_moe,base,healthy_q8,cognitive_structural_25_75,boundary,560,0.9571,0.8304,0.9671,0.9857,0.0268,0.0286,0.1214,0.0679,0.8035,none
35b_a3b_moe,base,healthy_q8,cognitive_structural_25_75,coding,560,0.9696,0.8589,0.9732,0.9893,0.0214,0.0232,0.0929,0.0554,0.8377,none
35b_a3b_moe,base,healthy_q8,cognitive_structural_25_75,epistemic,560,0.9518,0.8411,0.9723,0.9911,0.0232,0.0125,0.1161,0.0429,0.8202,none
35b_a3b_moe,base,healthy_q8,cognitive_structural_25_75,forensic,560,0.9661,0.8536,0.9714,0.9929,0.0232,0.0179,0.0982,0.0607,0.8321,none
35b_a3b_moe,base,healthy_q8,cognitive_structural_25_75,generalist,560,0.9607,0.8589,0.9728,0.9839,0.025,0.0196,0.0964,0.0411,0.8377,none
35b_a3b_moe,base,healthy_q8,cognitive_structural_25_75,math,560,0.9589,0.7982,0.9697,0.9893,0.0196,0.0286,0.1589,0.0571,0.771,none
35b_a3b_moe,base,healthy_q8,cognitive_structural_25_75,planning,560,0.9679,0.8786,0.9744,0.9946,0.0268,0.0196,0.075,0.0518,0.858,none
35b_a3b_moe,base,healthy_q8,cognitive_structural_25_75,rhetoric,560,0.95,0.8304,0.9706,0.9929,0.0321,0.0214,0.1125,0.05,0.8049,none
35b_a3b_moe,base,healthy_q8,cognitive_structural_25_75,spatial,560,0.9714,0.8464,0.9758,0.9893,0.0214,0.0232,0.1125,0.0339,0.8247,none
35b_a3b_moe,base,healthy_q8,cyber_structural_25_75,adversarial,560,0.9589,0.8339,0.9698,0.9875,0.0304,0.0286,0.1125,0.0554,0.8073,none
35b_a3b_moe,base,healthy_q8,cyber_structural_25_75,boundary,560,0.9554,0.8482,0.973,0.9911,0.0321,0.0321,0.0857,0.0446,0.8231,none
35b_a3b_moe,base,healthy_q8,cyber_structural_25_75,coding,560,0.9732,0.8411,0.9753,0.9821,0.0107,0.0482,0.0946,0.05,0.8181,none
35b_a3b_moe,base,healthy_q8,cyber_structural_25_75,epistemic,560,0.9482,0.8161,0.9709,0.9893,0.0304,0.0232,0.1214,0.0339,0.7909,none
35b_a3b_moe,base,healthy_q8,cyber_structural_25_75,forensic,560,0.9696,0.8464,0.9734,0.9911,0.0161,0.0196,0.1161,0.05,0.8259,none
35b_a3b_moe,base,healthy_q8,cyber_structural_25_75,generalist,560,0.9589,0.8143,0.9743,0.9982,0.0196,0.0446,0.1339,0.0411,0.7867,none
35b_a3b_moe,base,healthy_q8,cyber_structural_25_75,math,560,0.9714,0.8232,0.9733,0.9821,0.0107,0.0286,0.1393,0.0536,0.8005,none
35b_a3b_moe,base,healthy_q8,cyber_structural_25_75,planning,560,0.9679,0.8375,0.9684,0.9839,0.0214,0.0286,0.1071,0.0643,0.8136,none
35b_a3b_moe,base,healthy_q8,cyber_structural_25_75,rhetoric,560,0.9446,0.7893,0.9654,0.9857,0.0375,0.0357,0.15,0.0464,0.7566,none
35b_a3b_moe,base,healthy_q8,cyber_structural_25_75,spatial,560,0.9786,0.8482,0.9761,0.9946,0.0161,0.0179,0.1196,0.0482,0.8278,none
35b_a3b_moe,base,healthy_q8,q2_structural_amplifier,adversarial,560,0.9179,0.5768,0.9341,0.9929,0.0464,0.2964,0.1679,0.0536,0.4875,none
35b_a3b_moe,base,healthy_q8,q2_structural_amplifier,boundary,560,0.9,0.5196,0.9236,0.9929,0.075,0.3232,0.1839,0.0482,0.4154,none
35b_a3b_moe,base,healthy_q8,q2_structural_amplifier,coding,560,0.9411,0.5643,0.9405,0.9893,0.0339,0.3161,0.1518,0.0357,0.477,none
35b_a3b_moe,base,healthy_q8,q2_structural_amplifier,epistemic,560,0.9304,0.5964,0.9438,0.9893,0.0446,0.2589,0.1554,0.0375,0.5169,none
35b_a3b_moe,base,healthy_q8,q2_structural_amplifier,forensic,560,0.925,0.5821,0.9416,0.9964,0.0464,0.2929,0.1268,0.0518,0.4969,none
35b_a3b_moe,base,healthy_q8,q2_structural_amplifier,generalist,560,0.9071,0.5768,0.9337,0.9911,0.0554,0.2839,0.1393,0.0482,0.4898,none
35b_a3b_moe,base,healthy_q8,q2_structural_amplifier,math,560,0.9214,0.5214,0.9325,0.9946,0.0429,0.3054,0.2054,0.0714,0.4275,none
35b_a3b_moe,base,healthy_q8,q2_structural_amplifier,planning,560,0.9429,0.5536,0.9362,0.9893,0.0429,0.3321,0.1446,0.0321,0.4611,none
35b_a3b_moe,base,healthy_q8,q2_structural_amplifier,rhetoric,560,0.9589,0.6268,0.9524,0.9893,0.0179,0.2536,0.1714,0.0393,0.555,none
35b_a3b_moe,base,healthy_q8,q2_structural_amplifier,spatial,560,0.95,0.6143,0.948,0.9929,0.0357,0.2625,0.1536,0.0357,0.537,none
35b_a3b_moe,base,healthy_q8,routed_tri_structural_60,adversarial,560,0.975,0.8304,0.9774,0.9893,0.0143,0.0518,0.1054,0.0393,0.8053,none
35b_a3b_moe,base,healthy_q8,routed_tri_structural_60,boundary,560,0.9554,0.8018,0.9697,0.9893,0.0286,0.0607,0.1089,0.0518,0.7698,none
35b_a3b_moe,base,healthy_q8,routed_tri_structural_60,coding,560,0.9589,0.8089,0.9708,0.9893,0.0286,0.0714,0.1,0.05,0.7756,none
35b_a3b_moe,base,healthy_q8,routed_tri_structural_60,epistemic,560,0.9518,0.8214,0.9704,0.9911,0.025,0.0357,0.1125,0.0518,0.7952,none
35b_a3b_moe,base,healthy_q8,routed_tri_structural_60,forensic,560,0.9679,0.8125,0.9715,0.9911,0.0232,0.0536,0.1143,0.0536,0.783,none
35b_a3b_moe,base,healthy_q8,routed_tri_structural_60,generalist,560,0.9661,0.8054,0.9718,0.9786,0.0125,0.0625,0.1232,0.0464,0.7769,none
35b_a3b_moe,base,healthy_q8,routed_tri_structural_60,math,560,0.9643,0.7857,0.9699,0.9893,0.025,0.0464,0.1589,0.0464,0.7539,none
35b_a3b_moe,base,healthy_q8,routed_tri_structural_60,planning,560,0.9679,0.8464,0.9743,0.9839,0.0196,0.0375,0.0982,0.0411,0.8231,none
35b_a3b_moe,base,healthy_q8,routed_tri_structural_60,rhetoric,560,0.9643,0.8196,0.9721,0.9875,0.0161,0.0321,0.1393,0.0518,0.7947,none
35b_a3b_moe,base,healthy_q8,routed_tri_structural_60,spatial,560,0.9732,0.8429,0.9796,0.9911,0.0232,0.0518,0.0857,0.0268,0.8173,none
35b_a3b_moe,base,healthy_q8,routed_tri_structural_65,adversarial,560,0.9607,0.8179,0.9699,0.9929,0.0214,0.0429,0.1054,0.075,0.7907,none
35b_a3b_moe,base,healthy_q8,routed_tri_structural_65,boundary,560,0.9607,0.8393,0.9741,0.9893,0.0304,0.0518,0.0821,0.0411,0.8112,none
35b_a3b_moe,base,healthy_q8,routed_tri_structural_65,coding,560,0.9482,0.8054,0.9651,0.9857,0.025,0.0536,0.1179,0.0732,0.7741,none
35b_a3b_moe,base,healthy_q8,routed_tri_structural_65,epistemic,560,0.9464,0.8125,0.9674,0.9821,0.0321,0.0304,0.1321,0.0393,0.7842,none
35b_a3b_moe,base,healthy_q8,routed_tri_structural_65,forensic,560,0.9679,0.8357,0.9704,0.9911,0.0161,0.0446,0.0982,0.0732,0.8104,none
35b_a3b_moe,base,healthy_q8,routed_tri_structural_65,generalist,560,0.9607,0.7964,0.9744,0.9911,0.0143,0.0571,0.1304,0.0411,0.7682,none
35b_a3b_moe,base,healthy_q8,routed_tri_structural_65,math,560,0.9661,0.7857,0.9735,0.9946,0.0179,0.05,0.1661,0.0411,0.755,none
35b_a3b_moe,base,healthy_q8,routed_tri_structural_65,planning,560,0.9768,0.8464,0.9755,0.9893,0.0089,0.0393,0.1036,0.0518,0.825,none
35b_a3b_moe,base,healthy_q8,routed_tri_structural_65,rhetoric,560,0.9571,0.7964,0.974,0.9929,0.0232,0.0429,0.1339,0.0375,0.7683,none
35b_a3b_moe,base,healthy_q8,routed_tri_structural_65,spatial,560,0.9696,0.8536,0.9768,0.9893,0.0196,0.0536,0.0821,0.0429,0.8283,none
35b_a3b_moe,base,healthy_q8,stability_first_tri_70,adversarial,560,0.9714,0.8286,0.9744,0.9893,0.0196,0.0482,0.1107,0.0464,0.8019,none
35b_a3b_moe,base,healthy_q8,stability_first_tri_70,boundary,560,0.9571,0.8161,0.9697,0.9911,0.0321,0.05,0.1036,0.0571,0.7853,none
35b_a3b_moe,base,healthy_q8,stability_first_tri_70,coding,560,0.9714,0.8339,0.9775,0.9929,0.0071,0.05,0.1036,0.05,0.811,none
35b_a3b_moe,base,healthy_q8,stability_first_tri_70,epistemic,560,0.9589,0.8232,0.9747,0.9929,0.0232,0.0339,0.125,0.0339,0.7978,none
35b_a3b_moe,base,healthy_q8,stability_first_tri_70,forensic,560,0.9393,0.8161,0.9618,0.9857,0.0411,0.0464,0.1036,0.0714,0.7826,none
35b_a3b_moe,base,healthy_q8,stability_first_tri_70,generalist,560,0.9536,0.825,0.9703,0.9893,0.0232,0.0411,0.1054,0.0554,0.7986,none
35b_a3b_moe,base,healthy_q8,stability_first_tri_70,math,560,0.9643,0.8161,0.9711,0.9875,0.0161,0.0339,0.1411,0.0571,0.7903,none
35b_a3b_moe,base,healthy_q8,stability_first_tri_70,planning,560,0.9589,0.8518,0.9725,0.9929,0.025,0.0286,0.0857,0.0518,0.8291,none
35b_a3b_moe,base,healthy_q8,stability_first_tri_70,rhetoric,560,0.9679,0.8214,0.9745,0.9857,0.0179,0.0482,0.1196,0.0429,0.7947,none
35b_a3b_moe,base,healthy_q8,stability_first_tri_70,spatial,560,0.9625,0.8804,0.9781,0.9946,0.0268,0.0321,0.0589,0.0375,0.8593,none
35b_a3b_moe,degraded_instruct,collapsed_q2_edge,cognitive_structural_25_75,adversarial,560,0.3482,0.2643,0.6407,0.875,0.1911,0.0393,0.35,1.4268,0.0998,none
35b_a3b_moe,degraded_instruct,collapsed_q2_edge,cognitive_structural_25_75,boundary,560,0.3232,0.2179,0.6028,0.8429,0.2143,0.0321,0.4321,1.4518,0.04,primitive_gap
35b_a3b_moe,degraded_instruct,collapsed_q2_edge,cognitive_structural_25_75,coding,560,0.275,0.2161,0.5591,0.7429,0.1964,0.025,0.3482,1.5518,0.0467,primitive_gap
35b_a3b_moe,degraded_instruct,collapsed_q2_edge,cognitive_structural_25_75,epistemic,560,0.3089,0.2357,0.5879,0.7625,0.1857,0.0107,0.3821,1.2429,0.0851,none
35b_a3b_moe,degraded_instruct,collapsed_q2_edge,cognitive_structural_25_75,forensic,560,0.3446,0.2714,0.5867,0.8321,0.1893,0.0304,0.4125,1.4518,0.103,none
35b_a3b_moe,degraded_instruct,collapsed_q2_edge,cognitive_structural_25_75,generalist,560,0.25,0.2036,0.5512,0.7089,0.2375,0.0321,0.3839,1.3554,0.0274,cascade
35b_a3b_moe,degraded_instruct,collapsed_q2_edge,cognitive_structural_25_75,math,560,0.275,0.2196,0.5615,0.7161,0.1679,0.0161,0.4018,1.6429,0.0518,classification_miss
35b_a3b_moe,degraded_instruct,collapsed_q2_edge,cognitive_structural_25_75,planning,560,0.3268,0.2714,0.5766,0.7089,0.1946,0.0143,0.3286,1.4018,0.1138,none
35b_a3b_moe,degraded_instruct,collapsed_q2_edge,cognitive_structural_25_75,rhetoric,560,0.2143,0.1661,0.5081,0.7179,0.2357,0.0179,0.3804,1.7393,-0.0256,primitive_gap
35b_a3b_moe,degraded_instruct,collapsed_q2_edge,cognitive_structural_25_75,spatial,560,0.2946,0.2393,0.5498,0.7071,0.2071,0.0232,0.3161,1.5304,0.0707,none
35b_a3b_moe,degraded_instruct,collapsed_q2_edge,cyber_structural_25_75,adversarial,560,0.4982,0.3375,0.7398,0.9696,0.1929,0.0464,0.3768,0.9589,0.1923,none
35b_a3b_moe,degraded_instruct,collapsed_q2_edge,cyber_structural_25_75,boundary,560,0.5304,0.3268,0.7475,0.975,0.2,0.0554,0.4679,0.8375,0.1764,none
35b_a3b_moe,degraded_instruct,collapsed_q2_edge,cyber_structural_25_75,coding,560,0.3036,0.2393,0.5717,0.6768,0.1857,0.0518,0.2929,1.4482,0.0774,none
35b_a3b_moe,degraded_instruct,collapsed_q2_edge,cyber_structural_25_75,epistemic,560,0.2661,0.2161,0.5592,0.7018,0.1786,0.0268,0.3821,1.3357,0.0598,none
35b_a3b_moe,degraded_instruct,collapsed_q2_edge,cyber_structural_25_75,forensic,560,0.3643,0.2696,0.6312,0.9482,0.1839,0.0411,0.3643,1.3429,0.11,primitive_gap
35b_a3b_moe,degraded_instruct,collapsed_q2_edge,cyber_structural_25_75,generalist,560,0.2661,0.2071,0.5404,0.6357,0.1804,0.0536,0.3679,1.4268,0.0416,classification_miss
35b_a3b_moe,degraded_instruct,collapsed_q2_edge,cyber_structural_25_75,math,560,0.2839,0.2214,0.5489,0.6786,0.1714,0.0518,0.3482,1.675,0.048,classification_miss
35b_a3b_moe,degraded_instruct,collapsed_q2_edge,cyber_structural_25_75,planning,560,0.3768,0.2875,0.5904,0.6839,0.1625,0.0268,0.3196,1.3554,0.1401,none
35b_a3b_moe,degraded_instruct,collapsed_q2_edge,cyber_structural_25_75,rhetoric,560,0.2411,0.1732,0.5018,0.6429,0.2054,0.0321,0.4018,1.7071,-0.0123,classification_miss
35b_a3b_moe,degraded_instruct,collapsed_q2_edge,cyber_structural_25_75,spatial,560,0.2732,0.225,0.5456,0.7,0.1982,0.0321,0.3161,1.5536,0.0561,none
35b_a3b_moe,degraded_instruct,collapsed_q2_edge,q2_structural_amplifier,adversarial,560,0.85,0.4125,0.8994,0.9982,0.1179,0.3036,0.4143,0.0375,0.2814,none
35b_a3b_moe,degraded_instruct,collapsed_q2_edge,q2_structural_amplifier,boundary,560,0.8036,0.3411,0.8745,0.9839,0.1536,0.325,0.4821,0.0554,0.1887,none
35b_a3b_moe,degraded_instruct,collapsed_q2_edge,q2_structural_amplifier,coding,560,0.7839,0.3964,0.867,0.8786,0.1143,0.3054,0.3464,0.0929,0.2687,none
35b_a3b_moe,degraded_instruct,collapsed_q2_edge,q2_structural_amplifier,epistemic,560,0.7964,0.4196,0.8761,0.9125,0.1036,0.2768,0.3929,0.1036,0.2966,none
35b_a3b_moe,degraded_instruct,collapsed_q2_edge,q2_structural_amplifier,forensic,560,0.8268,0.4161,0.8853,0.9893,0.1161,0.2857,0.4125,0.1286,0.2847,none
35b_a3b_moe,degraded_instruct,collapsed_q2_edge,q2_structural_amplifier,generalist,560,0.7125,0.3893,0.8356,0.8286,0.1071,0.2839,0.4018,0.1875,0.2588,none
35b_a3b_moe,degraded_instruct,collapsed_q2_edge,q2_structural_amplifier,math,560,0.6929,0.375,0.8182,0.825,0.125,0.2607,0.4125,0.3393,0.2354,none
35b_a3b_moe,degraded_instruct,collapsed_q2_edge,q2_structural_amplifier,planning,560,0.7768,0.4036,0.8596,0.8661,0.1268,0.2946,0.3482,0.1018,0.2737,none
35b_a3b_moe,degraded_instruct,collapsed_q2_edge,q2_structural_amplifier,rhetoric,560,0.7054,0.4,0.8213,0.8054,0.1089,0.2536,0.3946,0.2804,0.271,none
35b_a3b_moe,degraded_instruct,collapsed_q2_edge,q2_structural_amplifier,spatial,560,0.7464,0.425,0.8529,0.8375,0.1018,0.2821,0.3107,0.1875,0.3038,none
35b_a3b_moe,degraded_instruct,collapsed_q2_edge,routed_tri_structural_60,adversarial,560,0.6,0.4339,0.7897,0.975,0.1625,0.0393,0.3679,0.7411,0.3108,none
35b_a3b_moe,degraded_instruct,collapsed_q2_edge,routed_tri_structural_60,boundary,560,0.6643,0.45,0.8053,0.9786,0.1589,0.05,0.3821,0.6357,0.33,none
35b_a3b_moe,degraded_instruct,collapsed_q2_edge,routed_tri_structural_60,coding,560,0.4107,0.2929,0.6491,0.7964,0.1821,0.0661,0.3339,1.1696,0.1398,none
35b_a3b_moe,degraded_instruct,collapsed_q2_edge,routed_tri_structural_60,epistemic,560,0.4179,0.2893,0.6718,0.8286,0.1625,0.0429,0.4018,0.9393,0.1529,none
35b_a3b_moe,degraded_instruct,collapsed_q2_edge,routed_tri_structural_60,forensic,560,0.4429,0.3357,0.6807,0.9571,0.1911,0.0643,0.3839,1.1071,0.1795,none
35b_a3b_moe,degraded_instruct,collapsed_q2_edge,routed_tri_structural_60,generalist,560,0.3554,0.2768,0.6416,0.7964,0.2089,0.0679,0.3821,1.0429,0.1178,none
35b_a3b_moe,degraded_instruct,collapsed_q2_edge,routed_tri_structural_60,math,560,0.3661,0.2679,0.6219,0.7821,0.1679,0.0589,0.3804,1.4036,0.1051,none
35b_a3b_moe,degraded_instruct,collapsed_q2_edge,routed_tri_structural_60,planning,560,0.4679,0.3554,0.6804,0.775,0.1625,0.0339,0.3268,0.9821,0.2246,none
35b_a3b_moe,degraded_instruct,collapsed_q2_edge,routed_tri_structural_60,rhetoric,560,0.3714,0.2589,0.6159,0.7393,0.1768,0.0393,0.3714,1.2804,0.1043,none
35b_a3b_moe,degraded_instruct,collapsed_q2_edge,routed_tri_structural_60,spatial,560,0.4018,0.3125,0.638,0.775,0.1571,0.0536,0.325,1.1893,0.1692,none
35b_a3b_moe,degraded_instruct,collapsed_q2_edge,routed_tri_structural_65,adversarial,560,0.6875,0.4893,0.8303,0.9893,0.1375,0.0446,0.3571,0.5696,0.3821,none
35b_a3b_moe,degraded_instruct,collapsed_q2_edge,routed_tri_structural_65,boundary,560,0.6946,0.4554,0.8207,0.9732,0.1661,0.0643,0.4286,0.5161,0.3326,none
35b_a3b_moe,degraded_instruct,collapsed_q2_edge,routed_tri_structural_65,coding,560,0.4589,0.3464,0.686,0.7571,0.1536,0.0625,0.3143,0.9732,0.2141,none
35b_a3b_moe,degraded_instruct,collapsed_q2_edge,routed_tri_structural_65,epistemic,560,0.45,0.3125,0.6942,0.7929,0.1482,0.0411,0.3875,0.8268,0.1875,none
35b_a3b_moe,degraded_instruct,collapsed_q2_edge,routed_tri_structural_65,forensic,560,0.5,0.3732,0.7178,0.9768,0.1786,0.0464,0.375,0.9696,0.2319,none
35b_a3b_moe,degraded_instruct,collapsed_q2_edge,routed_tri_structural_65,generalist,560,0.4446,0.3393,0.6842,0.7804,0.1554,0.05,0.3589,0.9214,0.2079,none
35b_a3b_moe,degraded_instruct,collapsed_q2_edge,routed_tri_structural_65,math,560,0.3786,0.2839,0.6392,0.7821,0.1643,0.0536,0.4196,1.2929,0.1257,none
35b_a3b_moe,degraded_instruct,collapsed_q2_edge,routed_tri_structural_65,planning,560,0.5286,0.4214,0.7074,0.7714,0.1429,0.0536,0.3196,0.9071,0.2969,none
35b_a3b_moe,degraded_instruct,collapsed_q2_edge,routed_tri_structural_65,rhetoric,560,0.425,0.3018,0.6522,0.7536,0.15,0.0464,0.4143,1.1357,0.1576,none
35b_a3b_moe,degraded_instruct,collapsed_q2_edge,routed_tri_structural_65,spatial,560,0.4893,0.3446,0.6764,0.7732,0.1643,0.0446,0.3196,1.0214,0.2098,none
35b_a3b_moe,degraded_instruct,collapsed_q2_edge,stability_first_tri_70,adversarial,560,0.6929,0.4714,0.8361,0.9839,0.1446,0.0429,0.3661,0.5196,0.3642,none
35b_a3b_moe,degraded_instruct,collapsed_q2_edge,stability_first_tri_70,boundary,560,0.725,0.4964,0.8423,0.9804,0.1554,0.0536,0.3768,0.4446,0.3867,none
35b_a3b_moe,degraded_instruct,collapsed_q2_edge,stability_first_tri_70,coding,560,0.5321,0.3982,0.7307,0.8018,0.1286,0.0518,0.3375,0.8232,0.2811,none
35b_a3b_moe,degraded_instruct,collapsed_q2_edge,stability_first_tri_70,epistemic,560,0.4964,0.3714,0.7228,0.8214,0.1411,0.0375,0.3589,0.7554,0.2551,none
35b_a3b_moe,degraded_instruct,collapsed_q2_edge,stability_first_tri_70,forensic,560,0.6018,0.4411,0.7636,0.9839,0.1554,0.0268,0.425,0.7732,0.3164,none
35b_a3b_moe,degraded_instruct,collapsed_q2_edge,stability_first_tri_70,generalist,560,0.4321,0.3161,0.6794,0.775,0.1875,0.0429,0.3821,0.8821,0.1766,none
35b_a3b_moe,degraded_instruct,collapsed_q2_edge,stability_first_tri_70,math,560,0.4821,0.3911,0.7026,0.7946,0.1304,0.0411,0.3518,1.05,0.2631,none
35b_a3b_moe,degraded_instruct,collapsed_q2_edge,stability_first_tri_70,planning,560,0.5661,0.4571,0.734,0.7786,0.1446,0.0393,0.2768,0.7893,0.3443,none
35b_a3b_moe,degraded_instruct,collapsed_q2_edge,stability_first_tri_70,rhetoric,560,0.3911,0.2929,0.6489,0.7393,0.1554,0.0411,0.3804,1.1268,0.1513,none
35b_a3b_moe,degraded_instruct,collapsed_q2_edge,stability_first_tri_70,spatial,560,0.5161,0.3946,0.7114,0.8071,0.1375,0.0321,0.3232,0.8964,0.2763,none
35b_a3b_moe,degraded_instruct,damaged_q2,cognitive_structural_25_75,adversarial,560,0.7411,0.5339,0.8542,0.9768,0.1232,0.0375,0.3321,0.4696,0.4394,none
35b_a3b_moe,degraded_instruct,damaged_q2,cognitive_structural_25_75,boundary,560,0.7518,0.5232,0.851,0.9661,0.1339,0.025,0.3875,0.4107,0.4265,none
35b_a3b_moe,degraded_instruct,damaged_q2,cognitive_structural_25_75,coding,560,0.6179,0.4786,0.7886,0.8589,0.1125,0.0214,0.2964,0.6411,0.3848,none
35b_a3b_moe,degraded_instruct,damaged_q2,cognitive_structural_25_75,epistemic,560,0.6089,0.4875,0.7916,0.8821,0.1125,0.0071,0.3018,0.5625,0.4001,none
35b_a3b_moe,degraded_instruct,damaged_q2,cognitive_structural_25_75,forensic,560,0.675,0.5482,0.7971,0.9643,0.1143,0.0196,0.2768,0.7107,0.4523,none
35b_a3b_moe,degraded_instruct,damaged_q2,cognitive_structural_25_75,generalist,560,0.5714,0.425,0.7803,0.8554,0.1143,0.0304,0.3339,0.6089,0.3275,none
35b_a3b_moe,degraded_instruct,damaged_q2,cognitive_structural_25_75,math,560,0.575,0.4321,0.7636,0.8589,0.1125,0.0179,0.3536,0.7911,0.327,none
35b_a3b_moe,degraded_instruct,damaged_q2,cognitive_structural_25_75,planning,560,0.6839,0.525,0.8116,0.8625,0.1161,0.0179,0.2929,0.5321,0.4366,none
35b_a3b_moe,degraded_instruct,damaged_q2,cognitive_structural_25_75,rhetoric,560,0.575,0.4446,0.7687,0.8554,0.1054,0.0179,0.3661,0.7321,0.3436,none
35b_a3b_moe,degraded_instruct,damaged_q2,cognitive_structural_25_75,spatial,560,0.6304,0.4946,0.7758,0.85,0.1196,0.0161,0.2804,0.6786,0.3992,none
35b_a3b_moe,degraded_instruct,damaged_q2,cyber_structural_25_75,adversarial,560,0.825,0.6107,0.9079,0.9911,0.1304,0.0375,0.2768,0.1643,0.5338,none
35b_a3b_moe,degraded_instruct,damaged_q2,cyber_structural_25_75,boundary,560,0.8714,0.5857,0.9204,0.9911,0.0964,0.0536,0.3214,0.1393,0.5134,none
35b_a3b_moe,degraded_instruct,damaged_q2,cyber_structural_25_75,coding,560,0.6482,0.5143,0.7914,0.8393,0.1071,0.0375,0.2518,0.6286,0.4231,none
35b_a3b_moe,degraded_instruct,damaged_q2,cyber_structural_25_75,epistemic,560,0.6143,0.4714,0.7773,0.8161,0.1196,0.0179,0.3179,0.55,0.379,none
35b_a3b_moe,degraded_instruct,damaged_q2,cyber_structural_25_75,forensic,560,0.7304,0.5554,0.8395,0.9911,0.1304,0.0268,0.3161,0.4768,0.4618,none
35b_a3b_moe,degraded_instruct,damaged_q2,cyber_structural_25_75,generalist,560,0.5196,0.4107,0.7394,0.7679,0.1214,0.0321,0.2732,0.7161,0.3102,none
35b_a3b_moe,degraded_instruct,damaged_q2,cyber_structural_25_75,math,560,0.5464,0.4339,0.7505,0.8429,0.1054,0.025,0.2982,0.8875,0.3291,none
35b_a3b_moe,degraded_instruct,damaged_q2,cyber_structural_25_75,planning,560,0.6393,0.5107,0.7782,0.8018,0.1179,0.0375,0.2446,0.6179,0.4174,none
35b_a3b_moe,degraded_instruct,damaged_q2,cyber_structural_25_75,rhetoric,560,0.5107,0.3643,0.73,0.7893,0.1214,0.0464,0.3232,0.8214,0.2516,none
35b_a3b_moe,degraded_instruct,damaged_q2,cyber_structural_25_75,spatial,560,0.5946,0.4321,0.7464,0.8018,0.1232,0.0375,0.3089,0.7446,0.3257,none
35b_a3b_moe,degraded_instruct,damaged_q2,q2_structural_amplifier,adversarial,560,0.8875,0.4696,0.9092,0.9857,0.0786,0.2786,0.3518,0.0679,0.3588,none
35b_a3b_moe,degraded_instruct,damaged_q2,q2_structural_amplifier,boundary,560,0.8339,0.4,0.888,0.9857,0.125,0.3214,0.3946,0.0625,0.2635,none
35b_a3b_moe,degraded_instruct,damaged_q2,q2_structural_amplifier,coding,560,0.8643,0.4589,0.9056,0.9839,0.1018,0.2929,0.2929,0.0625,0.3433,none
35b_a3b_moe,degraded_instruct,damaged_q2,q2_structural_amplifier,epistemic,560,0.8696,0.4375,0.911,0.9875,0.1,0.275,0.3554,0.0357,0.3223,none
35b_a3b_moe,degraded_instruct,damaged_q2,q2_structural_amplifier,forensic,560,0.8911,0.4589,0.9187,0.9893,0.0893,0.2821,0.3304,0.0286,0.3479,none
35b_a3b_moe,degraded_instruct,damaged_q2,q2_structural_amplifier,generalist,560,0.8214,0.4304,0.8902,0.9482,0.1036,0.2857,0.3375,0.0732,0.3115,none
35b_a3b_moe,degraded_instruct,damaged_q2,q2_structural_amplifier,math,560,0.8929,0.4464,0.9138,0.9625,0.0714,0.2786,0.3571,0.0482,0.3383,none
35b_a3b_moe,degraded_instruct,damaged_q2,q2_structural_amplifier,planning,560,0.8732,0.5,0.9071,0.9571,0.0929,0.2571,0.2929,0.05,0.3948,none
35b_a3b_moe,degraded_instruct,damaged_q2,q2_structural_amplifier,rhetoric,560,0.8768,0.4982,0.9106,0.9393,0.0768,0.2768,0.2875,0.0482,0.3944,none
35b_a3b_moe,degraded_instruct,damaged_q2,q2_structural_amplifier,spatial,560,0.8696,0.4571,0.9115,0.975,0.0929,0.275,0.3107,0.0518,0.3468,none
35b_a3b_moe,degraded_instruct,damaged_q2,routed_tri_structural_60,adversarial,560,0.8768,0.5857,0.9283,0.9911,0.0982,0.0464,0.3304,0.0804,0.5165,none
35b_a3b_moe,degraded_instruct,damaged_q2,routed_tri_structural_60,boundary,560,0.8929,0.5804,0.9304,0.9911,0.0911,0.0607,0.3375,0.0821,0.5098,none
35b_a3b_moe,degraded_instruct,damaged_q2,routed_tri_structural_60,coding,560,0.7839,0.5679,0.8702,0.9036,0.0964,0.0661,0.2643,0.3036,0.4894,none
35b_a3b_moe,degraded_instruct,damaged_q2,routed_tri_structural_60,epistemic,560,0.7232,0.4982,0.8563,0.9107,0.1196,0.0321,0.3732,0.2804,0.412,none
35b_a3b_moe,degraded_instruct,damaged_q2,routed_tri_structural_60,forensic,560,0.7839,0.5982,0.8689,0.9857,0.1232,0.0571,0.2643,0.3625,0.5106,none
35b_a3b_moe,degraded_instruct,damaged_q2,routed_tri_structural_60,generalist,560,0.7071,0.5179,0.8405,0.8714,0.0946,0.0393,0.3411,0.3661,0.436,none
35b_a3b_moe,degraded_instruct,damaged_q2,routed_tri_structural_60,math,560,0.7214,0.5143,0.8394,0.9,0.1036,0.0357,0.3518,0.4607,0.4249,none
35b_a3b_moe,degraded_instruct,damaged_q2,routed_tri_structural_60,planning,560,0.7839,0.6018,0.8746,0.9161,0.1143,0.0518,0.2786,0.2607,0.5218,none
35b_a3b_moe,degraded_instruct,damaged_q2,routed_tri_structural_60,rhetoric,560,0.6875,0.5071,0.8229,0.8768,0.1143,0.0375,0.3321,0.4804,0.4148,none
35b_a3b_moe,degraded_instruct,damaged_q2,routed_tri_structural_60,spatial,560,0.7143,0.5339,0.8451,0.8946,0.1179,0.0536,0.2929,0.3786,0.4455,none
35b_a3b_moe,degraded_instruct,damaged_q2,routed_tri_structural_65,adversarial,560,0.8732,0.5946,0.9291,0.9875,0.1,0.0571,0.3536,0.0625,0.5218,none
35b_a3b_moe,degraded_instruct,damaged_q2,routed_tri_structural_65,boundary,560,0.8946,0.6286,0.9379,0.9875,0.0839,0.0464,0.3161,0.0536,0.5661,none
35b_a3b_moe,degraded_instruct,damaged_q2,routed_tri_structural_65,coding,560,0.8179,0.6071,0.8927,0.9018,0.0821,0.0571,0.2411,0.2143,0.5411,none
35b_a3b_moe,degraded_instruct,damaged_q2,routed_tri_structural_65,epistemic,560,0.7982,0.5804,0.8889,0.9464,0.1018,0.0268,0.3339,0.2071,0.5074,none
35b_a3b_moe,degraded_instruct,damaged_q2,routed_tri_structural_65,forensic,560,0.8321,0.6,0.8984,0.9946,0.1,0.0518,0.3286,0.2464,0.521,none
35b_a3b_moe,degraded_instruct,damaged_q2,routed_tri_structural_65,generalist,560,0.7732,0.5357,0.8736,0.9018,0.1,0.0554,0.3232,0.2429,0.4566,none
35b_a3b_moe,degraded_instruct,damaged_q2,routed_tri_structural_65,math,560,0.7821,0.5411,0.8596,0.9,0.0768,0.0304,0.35,0.4,0.464,none
35b_a3b_moe,degraded_instruct,damaged_q2,routed_tri_structural_65,planning,560,0.8125,0.6,0.8807,0.8857,0.1089,0.0643,0.2571,0.2161,0.5231,none
35b_a3b_moe,degraded_instruct,damaged_q2,routed_tri_structural_65,rhetoric,560,0.7554,0.5464,0.8581,0.8929,0.1054,0.0446,0.3268,0.325,0.4635,none
35b_a3b_moe,degraded_instruct,damaged_q2,routed_tri_structural_65,spatial,560,0.8161,0.6268,0.8846,0.9161,0.075,0.0375,0.2804,0.2821,0.5603,none
35b_a3b_moe,degraded_instruct,damaged_q2,stability_first_tri_70,adversarial,560,0.8804,0.6268,0.9344,0.9929,0.1036,0.0375,0.3036,0.0571,0.5611,none
35b_a3b_moe,degraded_instruct,damaged_q2,stability_first_tri_70,boundary,560,0.8821,0.5661,0.9311,0.9946,0.0982,0.05,0.3643,0.0589,0.4945,none
35b_a3b_moe,degraded_instruct,damaged_q2,stability_first_tri_70,coding,560,0.8554,0.6214,0.9122,0.9321,0.0857,0.0446,0.2679,0.1411,0.5583,none
35b_a3b_moe,degraded_instruct,damaged_q2,stability_first_tri_70,epistemic,560,0.8625,0.6304,0.9186,0.9589,0.0768,0.0375,0.3107,0.1232,0.5688,none
35b_a3b_moe,degraded_instruct,damaged_q2,stability_first_tri_70,forensic,560,0.8589,0.6571,0.9174,0.9946,0.0893,0.0411,0.2643,0.1839,0.5918,none
35b_a3b_moe,degraded_instruct,damaged_q2,stability_first_tri_70,generalist,560,0.7821,0.5679,0.884,0.8982,0.1107,0.0536,0.2946,0.1804,0.4913,none
35b_a3b_moe,degraded_instruct,damaged_q2,stability_first_tri_70,math,560,0.8018,0.5696,0.8777,0.9179,0.0875,0.0357,0.3429,0.3054,0.4936,none
35b_a3b_moe,degraded_instruct,damaged_q2,stability_first_tri_70,planning,560,0.8214,0.5821,0.9007,0.9304,0.1054,0.0446,0.2964,0.1464,0.5106,none
35b_a3b_moe,degraded_instruct,damaged_q2,stability_first_tri_70,rhetoric,560,0.8018,0.5804,0.8759,0.8929,0.0946,0.0357,0.3071,0.2607,0.5072,none
35b_a3b_moe,degraded_instruct,damaged_q2,stability_first_tri_70,spatial,560,0.8286,0.6214,0.8989,0.9161,0.1018,0.0286,0.2554,0.1696,0.5563,none
35b_a3b_moe,degraded_instruct,damaged_q3,cognitive_structural_25_75,adversarial,560,0.9107,0.7125,0.9473,0.9893,0.0661,0.0286,0.2393,0.0696,0.6643,none
35b_a3b_moe,degraded_instruct,damaged_q3,cognitive_structural_25_75,boundary,560,0.9018,0.7,0.9458,0.9893,0.0821,0.0268,0.2357,0.0518,0.6486,none
35b_a3b_moe,degraded_instruct,damaged_q3,cognitive_structural_25_75,coding,560,0.9321,0.7429,0.9557,0.9893,0.0571,0.0357,0.1911,0.0518,0.7007,none
35b_a3b_moe,degraded_instruct,damaged_q3,cognitive_structural_25_75,epistemic,560,0.9018,0.7143,0.9502,0.9929,0.0643,0.0214,0.2179,0.0554,0.6705,none
35b_a3b_moe,degraded_instruct,damaged_q3,cognitive_structural_25_75,forensic,560,0.9214,0.7089,0.9497,0.9875,0.0589,0.0357,0.2339,0.0625,0.6623,none
35b_a3b_moe,degraded_instruct,damaged_q3,cognitive_structural_25_75,generalist,560,0.9018,0.6982,0.9488,0.9875,0.0661,0.025,0.2375,0.05,0.6519,none
35b_a3b_moe,degraded_instruct,damaged_q3,cognitive_structural_25_75,math,560,0.9232,0.6714,0.9511,0.9893,0.0679,0.0286,0.2875,0.0268,0.621,none
35b_a3b_moe,degraded_instruct,damaged_q3,cognitive_structural_25_75,planning,560,0.9393,0.7821,0.961,0.9857,0.0429,0.0161,0.1732,0.0464,0.7499,none
35b_a3b_moe,degraded_instruct,damaged_q3,cognitive_structural_25_75,rhetoric,560,0.9143,0.6768,0.9483,0.9875,0.0679,0.0214,0.2607,0.0464,0.629,none
35b_a3b_moe,degraded_instruct,damaged_q3,cognitive_structural_25_75,spatial,560,0.9304,0.7589,0.9585,0.9893,0.0536,0.0214,0.1821,0.0446,0.7218,none
35b_a3b_moe,degraded_instruct,damaged_q3,cyber_structural_25_75,adversarial,560,0.9286,0.6982,0.95,0.9857,0.0589,0.0536,0.2357,0.0589,0.648,none
35b_a3b_moe,degraded_instruct,damaged_q3,cyber_structural_25_75,boundary,560,0.9339,0.7214,0.957,0.9929,0.0589,0.05,0.1946,0.0446,0.6759,none
35b_a3b_moe,degraded_instruct,damaged_q3,cyber_structural_25_75,coding,560,0.9393,0.7625,0.9611,0.9875,0.0446,0.0446,0.1839,0.0411,0.7234,none
35b_a3b_moe,degraded_instruct,damaged_q3,cyber_structural_25_75,epistemic,560,0.9232,0.7161,0.9555,0.9875,0.0679,0.0286,0.2196,0.0232,0.6713,none
35b_a3b_moe,degraded_instruct,damaged_q3,cyber_structural_25_75,forensic,560,0.9232,0.7339,0.9547,0.9946,0.0607,0.0446,0.1875,0.0536,0.6891,none
35b_a3b_moe,degraded_instruct,damaged_q3,cyber_structural_25_75,generalist,560,0.8732,0.6625,0.9359,0.975,0.0964,0.0393,0.2321,0.0536,0.6045,none
35b_a3b_moe,degraded_instruct,damaged_q3,cyber_structural_25_75,math,560,0.9232,0.7339,0.9536,0.9821,0.0464,0.0232,0.2125,0.0714,0.6948,none
35b_a3b_moe,degraded_instruct,damaged_q3,cyber_structural_25_75,planning,560,0.9107,0.7196,0.9482,0.9786,0.0643,0.0429,0.1929,0.0589,0.6734,none
35b_a3b_moe,degraded_instruct,damaged_q3,cyber_structural_25_75,rhetoric,560,0.9214,0.7143,0.9507,0.975,0.0625,0.0268,0.2107,0.05,0.6708,none
35b_a3b_moe,degraded_instruct,damaged_q3,cyber_structural_25_75,spatial,560,0.9286,0.7661,0.9533,0.9821,0.0518,0.0196,0.1732,0.0732,0.7291,none
35b_a3b_moe,degraded_instruct,damaged_q3,q2_structural_amplifier,adversarial,560,0.8821,0.4839,0.917,0.9929,0.0821,0.3143,0.2357,0.0607,0.3745,none
35b_a3b_moe,degraded_instruct,damaged_q3,q2_structural_amplifier,boundary,560,0.8875,0.4482,0.9142,0.9911,0.0857,0.3304,0.275,0.0339,0.3327,none
35b_a3b_moe,degraded_instruct,damaged_q3,q2_structural_amplifier,coding,560,0.9,0.5018,0.9231,0.9982,0.0732,0.2946,0.2321,0.0518,0.3997,none
35b_a3b_moe,degraded_instruct,damaged_q3,q2_structural_amplifier,epistemic,560,0.8946,0.4929,0.9271,0.9946,0.0732,0.2839,0.25,0.0339,0.3924,none
35b_a3b_moe,degraded_instruct,damaged_q3,q2_structural_amplifier,forensic,560,0.9179,0.5107,0.93,0.9839,0.0607,0.3,0.225,0.0357,0.4127,none
35b_a3b_moe,degraded_instruct,damaged_q3,q2_structural_amplifier,generalist,560,0.8679,0.4607,0.913,0.9929,0.0911,0.3125,0.2661,0.0429,0.3475,none
35b_a3b_moe,degraded_instruct,damaged_q3,q2_structural_amplifier,math,560,0.9143,0.4839,0.9238,0.9911,0.0643,0.3107,0.2929,0.0482,0.3767,none
35b_a3b_moe,degraded_instruct,damaged_q3,q2_structural_amplifier,planning,560,0.8946,0.5054,0.9195,0.9911,0.0804,0.2946,0.2232,0.0554,0.4017,none
35b_a3b_moe,degraded_instruct,damaged_q3,q2_structural_amplifier,rhetoric,560,0.9054,0.5036,0.9216,0.9929,0.0714,0.2768,0.2661,0.0696,0.402,none
35b_a3b_moe,degraded_instruct,damaged_q3,q2_structural_amplifier,spatial,560,0.9018,0.5268,0.9276,0.9929,0.0714,0.2625,0.2321,0.0536,0.4316,none
35b_a3b_moe,degraded_instruct,damaged_q3,routed_tri_structural_60,adversarial,560,0.9125,0.6679,0.9447,0.9857,0.0786,0.0625,0.2304,0.0571,0.6105,none
35b_a3b_moe,degraded_instruct,damaged_q3,routed_tri_structural_60,boundary,560,0.9089,0.6875,0.9469,0.9804,0.0714,0.0589,0.2196,0.0518,0.6341,none
35b_a3b_moe,degraded_instruct,damaged_q3,routed_tri_structural_60,coding,560,0.9196,0.7214,0.9548,0.9893,0.0643,0.0571,0.1929,0.0446,0.6731,none
35b_a3b_moe,degraded_instruct,damaged_q3,routed_tri_structural_60,epistemic,560,0.9,0.6911,0.9458,0.9839,0.0696,0.0268,0.2375,0.0554,0.6431,none
35b_a3b_moe,degraded_instruct,damaged_q3,routed_tri_structural_60,forensic,560,0.9268,0.7214,0.9538,0.9821,0.0625,0.0589,0.1982,0.0482,0.6726,none
35b_a3b_moe,degraded_instruct,damaged_q3,routed_tri_structural_60,generalist,560,0.9036,0.6839,0.9514,0.9929,0.0661,0.0607,0.2214,0.0446,0.632,none
35b_a3b_moe,degraded_instruct,damaged_q3,routed_tri_structural_60,math,560,0.9304,0.7036,0.9565,0.9946,0.0446,0.0357,0.2464,0.0571,0.6605,none
35b_a3b_moe,degraded_instruct,damaged_q3,routed_tri_structural_60,planning,560,0.9268,0.75,0.9575,0.9964,0.0679,0.05,0.1661,0.0429,0.7042,none
35b_a3b_moe,degraded_instruct,damaged_q3,routed_tri_structural_60,rhetoric,560,0.9357,0.7161,0.9569,0.9893,0.0554,0.0375,0.2179,0.0446,0.6723,none
35b_a3b_moe,degraded_instruct,damaged_q3,routed_tri_structural_60,spatial,560,0.9357,0.7464,0.9578,0.9839,0.0482,0.0339,0.1929,0.05,0.7073,none
35b_a3b_moe,degraded_instruct,damaged_q3,routed_tri_structural_65,adversarial,560,0.9411,0.7161,0.9589,0.9893,0.0482,0.05,0.2179,0.0446,0.6719,none
35b_a3b_moe,degraded_instruct,damaged_q3,routed_tri_structural_65,boundary,560,0.925,0.7018,0.9524,0.9946,0.0661,0.0554,0.2161,0.0518,0.651,none
35b_a3b_moe,degraded_instruct,damaged_q3,routed_tri_structural_65,coding,560,0.9232,0.6893,0.9526,0.9929,0.0607,0.0589,0.2143,0.0589,0.6392,none
35b_a3b_moe,degraded_instruct,damaged_q3,routed_tri_structural_65,epistemic,560,0.8929,0.6911,0.9484,0.9946,0.0857,0.0411,0.2268,0.0339,0.6373,none
35b_a3b_moe,degraded_instruct,damaged_q3,routed_tri_structural_65,forensic,560,0.9304,0.7143,0.9572,0.9929,0.0571,0.0482,0.2071,0.0411,0.6689,none
35b_a3b_moe,degraded_instruct,damaged_q3,routed_tri_structural_65,generalist,560,0.9304,0.7196,0.9576,0.9911,0.0518,0.0536,0.2214,0.0375,0.6738,none
35b_a3b_moe,degraded_instruct,damaged_q3,routed_tri_structural_65,math,560,0.9089,0.6929,0.9466,0.9964,0.0732,0.05,0.2411,0.0679,0.6382,none
35b_a3b_moe,degraded_instruct,damaged_q3,routed_tri_structural_65,planning,560,0.9143,0.7464,0.952,0.9893,0.0714,0.0429,0.1696,0.05,0.7004,none
35b_a3b_moe,degraded_instruct,damaged_q3,routed_tri_structural_65,rhetoric,560,0.9321,0.6929,0.9556,0.9946,0.0589,0.0446,0.2625,0.0339,0.6436,none
35b_a3b_moe,degraded_instruct,damaged_q3,routed_tri_structural_65,spatial,560,0.9143,0.7286,0.9508,0.9839,0.0732,0.0393,0.1839,0.0518,0.6814,none
35b_a3b_moe,degraded_instruct,damaged_q3,stability_first_tri_70,adversarial,560,0.9196,0.7143,0.9456,0.9911,0.0679,0.0446,0.2054,0.0875,0.6642,none
35b_a3b_moe,degraded_instruct,damaged_q3,stability_first_tri_70,boundary,560,0.9179,0.6982,0.9509,0.9911,0.0589,0.0607,0.2286,0.0589,0.6472,none
35b_a3b_moe,degraded_instruct,damaged_q3,stability_first_tri_70,coding,560,0.9304,0.75,0.9578,0.9839,0.0482,0.0321,0.1821,0.0518,0.7119,none
35b_a3b_moe,degraded_instruct,damaged_q3,stability_first_tri_70,epistemic,560,0.9,0.6768,0.9484,0.9929,0.075,0.0429,0.2536,0.0411,0.6234,none
35b_a3b_moe,degraded_instruct,damaged_q3,stability_first_tri_70,forensic,560,0.9321,0.7393,0.9565,0.9875,0.0536,0.0179,0.2071,0.0446,0.7008,none
35b_a3b_moe,degraded_instruct,damaged_q3,stability_first_tri_70,generalist,560,0.9054,0.6821,0.9502,0.9839,0.0554,0.0518,0.2268,0.0571,0.6342,none
35b_a3b_moe,degraded_instruct,damaged_q3,stability_first_tri_70,math,560,0.9268,0.7054,0.9553,0.9893,0.05,0.0411,0.25,0.0464,0.6598,none
35b_a3b_moe,degraded_instruct,damaged_q3,stability_first_tri_70,planning,560,0.9429,0.7482,0.96,0.9911,0.0446,0.0411,0.1875,0.0482,0.7092,none
35b_a3b_moe,degraded_instruct,damaged_q3,stability_first_tri_70,rhetoric,560,0.9161,0.6607,0.9493,0.9893,0.0643,0.0536,0.2679,0.0482,0.6069,none
35b_a3b_moe,degraded_instruct,damaged_q3,stability_first_tri_70,spatial,560,0.9214,0.7589,0.9551,0.9946,0.0607,0.0482,0.1393,0.0679,0.7165,none
35b_a3b_moe,degraded_instruct,damaged_q4,cognitive_structural_25_75,adversarial,560,0.9161,0.75,0.9542,0.9964,0.0714,0.025,0.1821,0.0518,0.7064,none
35b_a3b_moe,degraded_instruct,damaged_q4,cognitive_structural_25_75,boundary,560,0.9411,0.7893,0.9652,0.9911,0.0429,0.0196,0.1571,0.0393,0.758,none
35b_a3b_moe,degraded_instruct,damaged_q4,cognitive_structural_25_75,coding,560,0.9518,0.775,0.9623,0.9875,0.0339,0.0339,0.1732,0.0589,0.7412,none
35b_a3b_moe,degraded_instruct,damaged_q4,cognitive_structural_25_75,epistemic,560,0.9089,0.7179,0.9533,0.9929,0.0571,0.0089,0.2179,0.0464,0.6792,none
35b_a3b_moe,degraded_instruct,damaged_q4,cognitive_structural_25_75,forensic,560,0.9429,0.775,0.9648,0.9893,0.0411,0.0196,0.1696,0.0411,0.7431,none
35b_a3b_moe,degraded_instruct,damaged_q4,cognitive_structural_25_75,generalist,560,0.9161,0.7071,0.9525,0.9768,0.0482,0.0339,0.2268,0.05,0.6653,none
35b_a3b_moe,degraded_instruct,damaged_q4,cognitive_structural_25_75,math,560,0.9411,0.7571,0.9601,0.9929,0.0357,0.0214,0.1875,0.0714,0.7236,none
35b_a3b_moe,degraded_instruct,damaged_q4,cognitive_structural_25_75,planning,560,0.9357,0.7732,0.9598,0.9911,0.0536,0.0232,0.1679,0.0464,0.7367,none
35b_a3b_moe,degraded_instruct,damaged_q4,cognitive_structural_25_75,rhetoric,560,0.9446,0.7482,0.9641,0.9946,0.0446,0.0339,0.2089,0.0321,0.7097,none
35b_a3b_moe,degraded_instruct,damaged_q4,cognitive_structural_25_75,spatial,560,0.9446,0.7857,0.9623,0.9821,0.0446,0.0321,0.1482,0.0429,0.7519,none
35b_a3b_moe,degraded_instruct,damaged_q4,cyber_structural_25_75,adversarial,560,0.9321,0.7714,0.957,0.9875,0.0554,0.0339,0.1482,0.0661,0.7329,none
35b_a3b_moe,degraded_instruct,damaged_q4,cyber_structural_25_75,boundary,560,0.9464,0.7571,0.9631,0.9982,0.0411,0.0464,0.1857,0.0518,0.7181,none
35b_a3b_moe,degraded_instruct,damaged_q4,cyber_structural_25_75,coding,560,0.9446,0.7393,0.963,0.9929,0.0357,0.0554,0.1768,0.0554,0.7006,none
35b_a3b_moe,degraded_instruct,damaged_q4,cyber_structural_25_75,epistemic,560,0.9393,0.7875,0.9669,0.9893,0.0429,0.025,0.1607,0.0286,0.7554,none
35b_a3b_moe,degraded_instruct,damaged_q4,cyber_structural_25_75,forensic,560,0.9482,0.7946,0.9701,0.9929,0.0429,0.0375,0.1339,0.025,0.7623,none
35b_a3b_moe,degraded_instruct,damaged_q4,cyber_structural_25_75,generalist,560,0.925,0.6946,0.9586,0.9929,0.0554,0.0554,0.2143,0.0286,0.6484,none
35b_a3b_moe,degraded_instruct,damaged_q4,cyber_structural_25_75,math,560,0.9375,0.7339,0.9604,0.9893,0.0411,0.0304,0.2179,0.0464,0.6958,none
35b_a3b_moe,degraded_instruct,damaged_q4,cyber_structural_25_75,planning,560,0.9464,0.8018,0.9643,0.9857,0.0375,0.0393,0.1339,0.0536,0.7693,none
35b_a3b_moe,degraded_instruct,damaged_q4,cyber_structural_25_75,rhetoric,560,0.9232,0.7196,0.9538,0.9875,0.0571,0.0268,0.2071,0.0571,0.6777,none
35b_a3b_moe,degraded_instruct,damaged_q4,cyber_structural_25_75,spatial,560,0.9286,0.7857,0.9596,0.9857,0.0607,0.0339,0.1321,0.0464,0.7478,none
35b_a3b_moe,degraded_instruct,damaged_q4,q2_structural_amplifier,adversarial,560,0.8893,0.5143,0.92,0.9893,0.0554,0.3143,0.225,0.075,0.4131,none
35b_a3b_moe,degraded_instruct,damaged_q4,q2_structural_amplifier,boundary,560,0.8696,0.4679,0.9158,0.9875,0.075,0.3071,0.2518,0.0625,0.3607,none
35b_a3b_moe,degraded_instruct,damaged_q4,q2_structural_amplifier,coding,560,0.9161,0.5446,0.9297,0.9839,0.0589,0.2821,0.1964,0.0446,0.4526,none
35b_a3b_moe,degraded_instruct,damaged_q4,q2_structural_amplifier,epistemic,560,0.8857,0.4786,0.9234,0.9804,0.0786,0.2696,0.2536,0.0339,0.3791,none
35b_a3b_moe,degraded_instruct,damaged_q4,q2_structural_amplifier,forensic,560,0.9214,0.5393,0.9335,0.9946,0.0571,0.2804,0.2196,0.05,0.446,none
35b_a3b_moe,degraded_instruct,damaged_q4,q2_structural_amplifier,generalist,560,0.9018,0.5107,0.9245,0.9875,0.0571,0.2946,0.2357,0.0482,0.4134,none
35b_a3b_moe,degraded_instruct,damaged_q4,q2_structural_amplifier,math,560,0.9054,0.5161,0.9285,0.9929,0.0571,0.2607,0.2607,0.0661,0.4226,none
35b_a3b_moe,degraded_instruct,damaged_q4,q2_structural_amplifier,planning,560,0.9125,0.5036,0.9244,0.9893,0.0643,0.3321,0.1875,0.0393,0.4009,none
35b_a3b_moe,degraded_instruct,damaged_q4,q2_structural_amplifier,rhetoric,560,0.9429,0.5446,0.9414,0.9964,0.0429,0.2732,0.2429,0.0304,0.4562,none
35b_a3b_moe,degraded_instruct,damaged_q4,q2_structural_amplifier,spatial,560,0.9,0.5607,0.933,0.9929,0.0661,0.2768,0.1768,0.0482,0.469,none
35b_a3b_moe,degraded_instruct,damaged_q4,routed_tri_structural_60,adversarial,560,0.9411,0.7357,0.9603,0.9929,0.0482,0.0696,0.1714,0.0554,0.6908,none
35b_a3b_moe,degraded_instruct,damaged_q4,routed_tri_structural_60,boundary,560,0.9214,0.7321,0.9537,0.9946,0.0643,0.05,0.1768,0.0625,0.6856,none
35b_a3b_moe,degraded_instruct,damaged_q4,routed_tri_structural_60,coding,560,0.9429,0.7643,0.9644,0.9964,0.0393,0.0536,0.15,0.0589,0.7268,none
35b_a3b_moe,degraded_instruct,damaged_q4,routed_tri_structural_60,epistemic,560,0.9196,0.7107,0.9567,0.9875,0.0464,0.025,0.2214,0.0411,0.672,none
35b_a3b_moe,degraded_instruct,damaged_q4,routed_tri_structural_60,forensic,560,0.9232,0.7375,0.9594,0.9946,0.0625,0.0536,0.1821,0.0339,0.6918,none
35b_a3b_moe,degraded_instruct,damaged_q4,routed_tri_structural_60,generalist,560,0.9321,0.7357,0.9587,0.9857,0.0429,0.0554,0.1768,0.0536,0.695,none
35b_a3b_moe,degraded_instruct,damaged_q4,routed_tri_structural_60,math,560,0.9321,0.7179,0.9548,0.9964,0.0554,0.0536,0.2143,0.0643,0.6702,none
35b_a3b_moe,degraded_instruct,damaged_q4,routed_tri_structural_60,planning,560,0.9482,0.7804,0.9639,0.9929,0.0375,0.0429,0.1554,0.0571,0.7452,none
35b_a3b_moe,degraded_instruct,damaged_q4,routed_tri_structural_60,rhetoric,560,0.9304,0.7304,0.9581,0.9964,0.05,0.0607,0.1893,0.0607,0.685,none
35b_a3b_moe,degraded_instruct,damaged_q4,routed_tri_structural_60,spatial,560,0.9161,0.7571,0.9545,0.9875,0.0696,0.0482,0.1393,0.0554,0.7127,none
35b_a3b_moe,degraded_instruct,damaged_q4,routed_tri_structural_65,adversarial,560,0.9357,0.7464,0.9595,0.9929,0.0536,0.0393,0.1821,0.0482,0.7055,none
35b_a3b_moe,degraded_instruct,damaged_q4,routed_tri_structural_65,boundary,560,0.9429,0.7357,0.9604,0.9893,0.0429,0.0571,0.1929,0.05,0.6935,none
35b_a3b_moe,degraded_instruct,damaged_q4,routed_tri_structural_65,coding,560,0.9268,0.7446,0.9597,0.9875,0.0589,0.0589,0.1554,0.0393,0.7008,none
35b_a3b_moe,degraded_instruct,damaged_q4,routed_tri_structural_65,epistemic,560,0.9304,0.7482,0.9586,0.9857,0.05,0.0304,0.2054,0.0393,0.7087,none
35b_a3b_moe,degraded_instruct,damaged_q4,routed_tri_structural_65,forensic,560,0.95,0.7732,0.9627,0.9893,0.0411,0.0339,0.175,0.0482,0.7377,none
35b_a3b_moe,degraded_instruct,damaged_q4,routed_tri_structural_65,generalist,560,0.9375,0.7411,0.9608,0.9804,0.0464,0.0554,0.175,0.0321,0.7005,none
35b_a3b_moe,degraded_instruct,damaged_q4,routed_tri_structural_65,math,560,0.9554,0.75,0.9633,0.9929,0.0304,0.0375,0.2089,0.0607,0.7136,none
35b_a3b_moe,degraded_instruct,damaged_q4,routed_tri_structural_65,planning,560,0.9571,0.7768,0.9674,0.9893,0.0357,0.0518,0.1393,0.0411,0.7425,none
35b_a3b_moe,degraded_instruct,damaged_q4,routed_tri_structural_65,rhetoric,560,0.9214,0.7839,0.9591,0.9857,0.0554,0.0357,0.1482,0.05,0.7458,none
35b_a3b_moe,degraded_instruct,damaged_q4,routed_tri_structural_65,spatial,560,0.9661,0.8214,0.9731,0.9929,0.0196,0.0321,0.1214,0.0464,0.7971,none
35b_a3b_moe,degraded_instruct,damaged_q4,stability_first_tri_70,adversarial,560,0.9268,0.7518,0.9568,0.9946,0.0625,0.0393,0.1661,0.0589,0.7089,none
35b_a3b_moe,degraded_instruct,damaged_q4,stability_first_tri_70,boundary,560,0.9339,0.725,0.9564,0.9893,0.0518,0.0554,0.1839,0.0607,0.6806,none
35b_a3b_moe,degraded_instruct,damaged_q4,stability_first_tri_70,coding,560,0.9357,0.7482,0.9611,0.9839,0.0464,0.0554,0.1607,0.0411,0.7083,none
35b_a3b_moe,degraded_instruct,damaged_q4,stability_first_tri_70,epistemic,560,0.9375,0.75,0.9647,0.9893,0.0482,0.0411,0.1857,0.0232,0.7113,none
35b_a3b_moe,degraded_instruct,damaged_q4,stability_first_tri_70,forensic,560,0.9321,0.7625,0.9591,0.9893,0.0554,0.0571,0.1625,0.0464,0.7191,none
35b_a3b_moe,degraded_instruct,damaged_q4,stability_first_tri_70,generalist,560,0.9214,0.7232,0.9578,0.9839,0.0571,0.0696,0.1625,0.0375,0.6773,none
35b_a3b_moe,degraded_instruct,damaged_q4,stability_first_tri_70,math,560,0.9446,0.7304,0.9621,0.9929,0.0304,0.0375,0.2232,0.0589,0.6929,none
35b_a3b_moe,degraded_instruct,damaged_q4,stability_first_tri_70,planning,560,0.9375,0.7536,0.9603,0.9946,0.0518,0.0518,0.1625,0.0518,0.7121,none
35b_a3b_moe,degraded_instruct,damaged_q4,stability_first_tri_70,rhetoric,560,0.9214,0.7571,0.956,0.9857,0.0554,0.0268,0.175,0.0571,0.7183,none
35b_a3b_moe,degraded_instruct,damaged_q4,stability_first_tri_70,spatial,560,0.9482,0.7607,0.967,0.9929,0.0393,0.0536,0.1571,0.0375,0.7238,none
35b_a3b_moe,degraded_instruct,healthy_q6,cognitive_structural_25_75,adversarial,560,0.9482,0.8214,0.9674,0.9839,0.0393,0.0304,0.1214,0.0429,0.7917,none
35b_a3b_moe,degraded_instruct,healthy_q6,cognitive_structural_25_75,boundary,560,0.9589,0.7946,0.9697,0.9946,0.0339,0.0375,0.1464,0.0411,0.7632,none
35b_a3b_moe,degraded_instruct,healthy_q6,cognitive_structural_25_75,coding,560,0.9554,0.7804,0.9684,0.9964,0.0339,0.0393,0.1536,0.0446,0.7478,none
35b_a3b_moe,degraded_instruct,healthy_q6,cognitive_structural_25_75,epistemic,560,0.9339,0.8089,0.9636,0.9946,0.0446,0.0071,0.1464,0.0446,0.7802,none
35b_a3b_moe,degraded_instruct,healthy_q6,cognitive_structural_25_75,forensic,560,0.9482,0.8304,0.9698,0.9911,0.0375,0.0179,0.1143,0.0357,0.8046,none
35b_a3b_moe,degraded_instruct,healthy_q6,cognitive_structural_25_75,generalist,560,0.9482,0.8321,0.9715,0.9982,0.0286,0.0286,0.1071,0.05,0.8068,none
35b_a3b_moe,degraded_instruct,healthy_q6,cognitive_structural_25_75,math,560,0.9482,0.7786,0.9636,0.9911,0.0321,0.0214,0.1679,0.0661,0.7479,none
35b_a3b_moe,degraded_instruct,healthy_q6,cognitive_structural_25_75,planning,560,0.9607,0.8286,0.9698,0.9893,0.0339,0.0268,0.1125,0.0446,0.8018,none
35b_a3b_moe,degraded_instruct,healthy_q6,cognitive_structural_25_75,rhetoric,560,0.9482,0.8018,0.9662,0.9929,0.0304,0.0125,0.1518,0.0607,0.775,none
35b_a3b_moe,degraded_instruct,healthy_q6,cognitive_structural_25_75,spatial,560,0.9518,0.8268,0.9699,0.9946,0.0375,0.0125,0.1214,0.0357,0.8015,none
35b_a3b_moe,degraded_instruct,healthy_q6,cyber_structural_25_75,adversarial,560,0.9518,0.8393,0.9681,0.9875,0.0411,0.0339,0.1089,0.05,0.809,none
35b_a3b_moe,degraded_instruct,healthy_q6,cyber_structural_25_75,boundary,560,0.9375,0.7732,0.9644,0.9857,0.0482,0.0554,0.1393,0.0375,0.7347,none
35b_a3b_moe,degraded_instruct,healthy_q6,cyber_structural_25_75,coding,560,0.9482,0.8268,0.9692,0.9911,0.0357,0.0304,0.1071,0.05,0.7989,none
35b_a3b_moe,degraded_instruct,healthy_q6,cyber_structural_25_75,epistemic,560,0.9393,0.7857,0.9641,0.9911,0.0304,0.0196,0.1607,0.0554,0.7571,none
35b_a3b_moe,degraded_instruct,healthy_q6,cyber_structural_25_75,forensic,560,0.9554,0.8321,0.9676,0.9893,0.0357,0.0286,0.1179,0.05,0.8038,none
35b_a3b_moe,degraded_instruct,healthy_q6,cyber_structural_25_75,generalist,560,0.9464,0.8071,0.971,0.9946,0.0375,0.0321,0.1268,0.0304,0.7778,none
35b_a3b_moe,degraded_instruct,healthy_q6,cyber_structural_25_75,math,560,0.9625,0.7804,0.9682,0.9875,0.0232,0.0321,0.1696,0.0536,0.7507,none
35b_a3b_moe,degraded_instruct,healthy_q6,cyber_structural_25_75,planning,560,0.9607,0.8286,0.973,0.9964,0.0286,0.0339,0.1268,0.0375,0.8012,none
35b_a3b_moe,degraded_instruct,healthy_q6,cyber_structural_25_75,rhetoric,560,0.9446,0.7857,0.9643,0.9946,0.0357,0.0304,0.1643,0.0607,0.7528,none
35b_a3b_moe,degraded_instruct,healthy_q6,cyber_structural_25_75,spatial,560,0.9536,0.8286,0.97,0.9911,0.0375,0.0464,0.0911,0.0446,0.7985,none
35b_a3b_moe,degraded_instruct,healthy_q6,q2_structural_amplifier,adversarial,560,0.9089,0.5429,0.929,0.9875,0.0554,0.3071,0.1643,0.0554,0.4489,none
35b_a3b_moe,degraded_instruct,healthy_q6,q2_structural_amplifier,boundary,560,0.9143,0.5286,0.9282,0.9982,0.0554,0.2982,0.2161,0.0571,0.4322,none
35b_a3b_moe,degraded_instruct,healthy_q6,q2_structural_amplifier,coding,560,0.9196,0.5429,0.9309,0.9911,0.0554,0.2839,0.1929,0.05,0.4515,none
35b_a3b_moe,degraded_instruct,healthy_q6,q2_structural_amplifier,epistemic,560,0.9054,0.5286,0.9313,0.9929,0.0518,0.275,0.2143,0.0589,0.4379,none
35b_a3b_moe,degraded_instruct,healthy_q6,q2_structural_amplifier,forensic,560,0.9179,0.5446,0.9335,0.9911,0.0536,0.3107,0.1946,0.0482,0.4484,none
35b_a3b_moe,degraded_instruct,healthy_q6,q2_structural_amplifier,generalist,560,0.9214,0.5464,0.9334,0.9929,0.0411,0.2911,0.1821,0.0536,0.4586,none
35b_a3b_moe,degraded_instruct,healthy_q6,q2_structural_amplifier,math,560,0.9339,0.5536,0.9379,0.9893,0.0482,0.2804,0.2071,0.0411,0.4644,none
35b_a3b_moe,degraded_instruct,healthy_q6,q2_structural_amplifier,planning,560,0.9393,0.5607,0.9369,0.9857,0.0375,0.3161,0.1339,0.0482,0.4731,none
35b_a3b_moe,degraded_instruct,healthy_q6,q2_structural_amplifier,rhetoric,560,0.9,0.525,0.9234,0.9911,0.0661,0.3036,0.2054,0.0768,0.4242,none
35b_a3b_moe,degraded_instruct,healthy_q6,q2_structural_amplifier,spatial,560,0.9214,0.5768,0.9401,0.9893,0.0429,0.2679,0.1714,0.0518,0.4941,none
35b_a3b_moe,degraded_instruct,healthy_q6,routed_tri_structural_60,adversarial,560,0.9589,0.8089,0.9692,0.9929,0.0339,0.0464,0.1286,0.0536,0.7765,none
35b_a3b_moe,degraded_instruct,healthy_q6,routed_tri_structural_60,boundary,560,0.9536,0.7821,0.9662,0.9911,0.0286,0.0589,0.1375,0.0661,0.7475,none
35b_a3b_moe,degraded_instruct,healthy_q6,routed_tri_structural_60,coding,560,0.9464,0.7696,0.9672,0.9929,0.0304,0.0607,0.1339,0.0554,0.7349,none
35b_a3b_moe,degraded_instruct,healthy_q6,routed_tri_structural_60,epistemic,560,0.9393,0.775,0.9666,0.9929,0.0446,0.0446,0.15,0.0321,0.7391,none
35b_a3b_moe,degraded_instruct,healthy_q6,routed_tri_structural_60,forensic,560,0.9482,0.7982,0.9661,0.9929,0.0411,0.0482,0.1232,0.0518,0.7638,none
35b_a3b_moe,degraded_instruct,healthy_q6,routed_tri_structural_60,generalist,560,0.9518,0.7893,0.9711,0.9911,0.0268,0.0607,0.125,0.0411,0.7571,none
35b_a3b_moe,degraded_instruct,healthy_q6,routed_tri_structural_60,math,560,0.9393,0.7411,0.9612,0.9911,0.0357,0.0375,0.2,0.0589,0.7039,none
35b_a3b_moe,degraded_instruct,healthy_q6,routed_tri_structural_60,planning,560,0.9607,0.7929,0.9695,0.9929,0.0357,0.0554,0.1321,0.0393,0.7585,none
35b_a3b_moe,degraded_instruct,healthy_q6,routed_tri_structural_60,rhetoric,560,0.9714,0.8107,0.9767,0.9982,0.0196,0.0571,0.1179,0.0429,0.7818,none
35b_a3b_moe,degraded_instruct,healthy_q6,routed_tri_structural_60,spatial,560,0.9661,0.7911,0.9709,0.9875,0.0268,0.0643,0.125,0.0464,0.7579,none
35b_a3b_moe,degraded_instruct,healthy_q6,routed_tri_structural_65,adversarial,560,0.9446,0.8018,0.9673,0.9857,0.0393,0.0554,0.1089,0.0464,0.7679,none
35b_a3b_moe,degraded_instruct,healthy_q6,routed_tri_structural_65,boundary,560,0.9589,0.7696,0.9667,0.9964,0.0357,0.0607,0.1554,0.05,0.7319,none
35b_a3b_moe,degraded_instruct,healthy_q6,routed_tri_structural_65,coding,560,0.9482,0.7696,0.9664,0.9893,0.0321,0.0607,0.1411,0.0518,0.734,none
35b_a3b_moe,degraded_instruct,healthy_q6,routed_tri_structural_65,epistemic,560,0.9464,0.7893,0.9654,0.9804,0.0286,0.0571,0.1339,0.0536,0.7559,none
35b_a3b_moe,degraded_instruct,healthy_q6,routed_tri_structural_65,forensic,560,0.9554,0.8161,0.9734,0.9964,0.0357,0.0482,0.1125,0.0339,0.785,none
35b_a3b_moe,degraded_instruct,healthy_q6,routed_tri_structural_65,generalist,560,0.9482,0.7857,0.9698,0.9893,0.0232,0.0411,0.1375,0.0446,0.7573,none
35b_a3b_moe,degraded_instruct,healthy_q6,routed_tri_structural_65,math,560,0.9518,0.7536,0.9661,0.9893,0.0232,0.0536,0.1857,0.0554,0.7183,none
35b_a3b_moe,degraded_instruct,healthy_q6,routed_tri_structural_65,planning,560,0.9661,0.8018,0.9714,0.9929,0.0196,0.0554,0.1232,0.05,0.7725,none
35b_a3b_moe,degraded_instruct,healthy_q6,routed_tri_structural_65,rhetoric,560,0.9554,0.7625,0.9669,0.9946,0.0393,0.0357,0.1857,0.0375,0.7268,none
35b_a3b_moe,degraded_instruct,healthy_q6,routed_tri_structural_65,spatial,560,0.95,0.7964,0.9658,0.9911,0.0375,0.0482,0.125,0.0589,0.7626,none
35b_a3b_moe,degraded_instruct,healthy_q6,stability_first_tri_70,adversarial,560,0.9554,0.8071,0.9707,0.9929,0.0375,0.05,0.1125,0.0411,0.7748,none
35b_a3b_moe,degraded_instruct,healthy_q6,stability_first_tri_70,boundary,560,0.95,0.7786,0.9661,0.9875,0.0304,0.0554,0.1446,0.0589,0.7439,none
35b_a3b_moe,degraded_instruct,healthy_q6,stability_first_tri_70,coding,560,0.9339,0.7911,0.9611,0.9857,0.0446,0.05,0.1232,0.0607,0.7548,none
35b_a3b_moe,degraded_instruct,healthy_q6,stability_first_tri_70,epistemic,560,0.9411,0.8179,0.9692,0.9911,0.0232,0.0268,0.1161,0.0554,0.7935,none
35b_a3b_moe,degraded_instruct,healthy_q6,stability_first_tri_70,forensic,560,0.9607,0.8107,0.9698,0.9857,0.0214,0.0464,0.1268,0.0518,0.7823,none
35b_a3b_moe,degraded_instruct,healthy_q6,stability_first_tri_70,generalist,560,0.9589,0.7964,0.9758,1.0,0.0125,0.0625,0.1321,0.0482,0.7672,none
35b_a3b_moe,degraded_instruct,healthy_q6,stability_first_tri_70,math,560,0.9464,0.7375,0.9628,0.9929,0.0393,0.0625,0.1893,0.0554,0.6953,none
35b_a3b_moe,degraded_instruct,healthy_q6,stability_first_tri_70,planning,560,0.9679,0.8196,0.9699,0.9911,0.025,0.0411,0.1286,0.0554,0.7909,none
35b_a3b_moe,degraded_instruct,healthy_q6,stability_first_tri_70,rhetoric,560,0.9607,0.8107,0.9688,0.9786,0.0286,0.0321,0.1411,0.0411,0.7824,none
35b_a3b_moe,degraded_instruct,healthy_q6,stability_first_tri_70,spatial,560,0.9536,0.8018,0.9695,0.9911,0.0321,0.0446,0.1196,0.0482,0.7712,none
35b_a3b_moe,degraded_instruct,healthy_q8,cognitive_structural_25_75,adversarial,560,0.9661,0.8661,0.9768,0.9982,0.0214,0.0268,0.0911,0.0518,0.8444,none
35b_a3b_moe,degraded_instruct,healthy_q8,cognitive_structural_25_75,boundary,560,0.95,0.8107,0.9694,0.9946,0.0321,0.0375,0.1161,0.0536,0.7816,none
35b_a3b_moe,degraded_instruct,healthy_q8,cognitive_structural_25_75,coding,560,0.9714,0.8607,0.9766,0.9964,0.0179,0.0375,0.0804,0.0554,0.8387,none
35b_a3b_moe,degraded_instruct,healthy_q8,cognitive_structural_25_75,epistemic,560,0.9536,0.8161,0.9704,0.9964,0.0179,0.0125,0.1393,0.0554,0.7943,none
35b_a3b_moe,degraded_instruct,healthy_q8,cognitive_structural_25_75,forensic,560,0.9714,0.8607,0.979,0.9875,0.0214,0.025,0.0982,0.025,0.8402,none
35b_a3b_moe,degraded_instruct,healthy_q8,cognitive_structural_25_75,generalist,560,0.9518,0.8411,0.9725,0.9857,0.0214,0.0304,0.0964,0.0464,0.8185,none
35b_a3b_moe,degraded_instruct,healthy_q8,cognitive_structural_25_75,math,560,0.9804,0.8125,0.9742,0.9893,0.0089,0.0268,0.1589,0.0536,0.7891,none
35b_a3b_moe,degraded_instruct,healthy_q8,cognitive_structural_25_75,planning,560,0.9464,0.8339,0.965,0.9821,0.0286,0.0321,0.1036,0.0643,0.8074,none
35b_a3b_moe,degraded_instruct,healthy_q8,cognitive_structural_25_75,rhetoric,560,0.9607,0.8214,0.9717,0.9946,0.0214,0.0179,0.1393,0.0536,0.7976,none
35b_a3b_moe,degraded_instruct,healthy_q8,cognitive_structural_25_75,spatial,560,0.9679,0.8518,0.973,0.9911,0.0232,0.025,0.1018,0.0536,0.829,none
35b_a3b_moe,degraded_instruct,healthy_q8,cyber_structural_25_75,adversarial,560,0.9536,0.8268,0.9681,0.9839,0.0304,0.0429,0.1054,0.0589,0.7977,none
35b_a3b_moe,degraded_instruct,healthy_q8,cyber_structural_25_75,boundary,560,0.9536,0.8089,0.968,0.9893,0.0321,0.0429,0.1179,0.0571,0.7784,none
35b_a3b_moe,degraded_instruct,healthy_q8,cyber_structural_25_75,coding,560,0.975,0.8518,0.9769,0.9875,0.0107,0.025,0.1089,0.0446,0.8326,none
35b_a3b_moe,degraded_instruct,healthy_q8,cyber_structural_25_75,epistemic,560,0.95,0.8179,0.9703,0.9893,0.0214,0.0143,0.1357,0.0446,0.7955,none
35b_a3b_moe,degraded_instruct,healthy_q8,cyber_structural_25_75,forensic,560,0.9679,0.8464,0.973,0.9839,0.0232,0.0393,0.1018,0.0446,0.8212,none
35b_a3b_moe,degraded_instruct,healthy_q8,cyber_structural_25_75,generalist,560,0.9536,0.8232,0.9728,0.9875,0.0196,0.0339,0.1161,0.0429,0.7991,none
35b_a3b_moe,degraded_instruct,healthy_q8,cyber_structural_25_75,math,560,0.9768,0.8,0.9723,0.9875,0.0125,0.0429,0.1518,0.0554,0.7728,none
35b_a3b_moe,degraded_instruct,healthy_q8,cyber_structural_25_75,planning,560,0.9661,0.8393,0.9711,0.9982,0.025,0.0357,0.1018,0.0679,0.8131,none
35b_a3b_moe,degraded_instruct,healthy_q8,cyber_structural_25_75,rhetoric,560,0.9696,0.825,0.9745,0.9732,0.0107,0.0446,0.1214,0.0375,0.8013,none
35b_a3b_moe,degraded_instruct,healthy_q8,cyber_structural_25_75,spatial,560,0.9714,0.8661,0.9751,0.9893,0.0143,0.0268,0.0893,0.0518,0.8467,none
35b_a3b_moe,degraded_instruct,healthy_q8,q2_structural_amplifier,adversarial,560,0.9089,0.5589,0.9308,0.9982,0.0714,0.2893,0.1554,0.0482,0.4648,none
35b_a3b_moe,degraded_instruct,healthy_q8,q2_structural_amplifier,boundary,560,0.9125,0.5536,0.9312,0.9911,0.0607,0.3214,0.1554,0.0393,0.4567,none
35b_a3b_moe,degraded_instruct,healthy_q8,q2_structural_amplifier,coding,560,0.9161,0.5589,0.9339,0.9964,0.0464,0.2982,0.1536,0.0625,0.4699,none
35b_a3b_moe,degraded_instruct,healthy_q8,q2_structural_amplifier,epistemic,560,0.9089,0.5411,0.9342,0.9929,0.0607,0.275,0.2,0.0393,0.4499,none
35b_a3b_moe,degraded_instruct,healthy_q8,q2_structural_amplifier,forensic,560,0.9464,0.6071,0.9492,0.9929,0.0321,0.25,0.1607,0.0411,0.5326,none
35b_a3b_moe,degraded_instruct,healthy_q8,q2_structural_amplifier,generalist,560,0.9179,0.5643,0.935,0.9893,0.05,0.2893,0.1661,0.0393,0.4762,none
35b_a3b_moe,degraded_instruct,healthy_q8,q2_structural_amplifier,math,560,0.9321,0.5393,0.9358,0.9911,0.0357,0.2875,0.2125,0.0696,0.4506,none
35b_a3b_moe,degraded_instruct,healthy_q8,q2_structural_amplifier,planning,560,0.9375,0.6089,0.9428,0.9804,0.0357,0.2625,0.1429,0.0411,0.5322,none
35b_a3b_moe,degraded_instruct,healthy_q8,q2_structural_amplifier,rhetoric,560,0.9321,0.5429,0.9383,0.9929,0.0375,0.2964,0.1893,0.0554,0.4544,none
35b_a3b_moe,degraded_instruct,healthy_q8,q2_structural_amplifier,spatial,560,0.9107,0.5679,0.936,0.9946,0.05,0.2446,0.2107,0.0625,0.4839,none
35b_a3b_moe,degraded_instruct,healthy_q8,routed_tri_structural_60,adversarial,560,0.95,0.8107,0.9711,0.9911,0.0339,0.0589,0.1018,0.0411,0.7786,none
35b_a3b_moe,degraded_instruct,healthy_q8,routed_tri_structural_60,boundary,560,0.9679,0.7786,0.9703,0.9911,0.0268,0.0679,0.1375,0.0464,0.7436,none
35b_a3b_moe,degraded_instruct,healthy_q8,routed_tri_structural_60,coding,560,0.9536,0.8321,0.9686,0.9875,0.0304,0.0375,0.1107,0.0518,0.8041,none
35b_a3b_moe,degraded_instruct,healthy_q8,routed_tri_structural_60,epistemic,560,0.9554,0.8107,0.969,0.9804,0.0232,0.0268,0.1429,0.0429,0.7848,none
35b_a3b_moe,degraded_instruct,healthy_q8,routed_tri_structural_60,forensic,560,0.9786,0.8554,0.9772,0.9911,0.0161,0.0357,0.1,0.0429,0.8333,none
35b_a3b_moe,degraded_instruct,healthy_q8,routed_tri_structural_60,generalist,560,0.9625,0.7839,0.9739,0.9929,0.0214,0.0643,0.1357,0.0339,0.7521,none
35b_a3b_moe,degraded_instruct,healthy_q8,routed_tri_structural_60,math,560,0.9607,0.7804,0.97,0.9911,0.0214,0.0589,0.1571,0.0571,0.7467,none
35b_a3b_moe,degraded_instruct,healthy_q8,routed_tri_structural_60,planning,560,0.9518,0.8125,0.9685,0.9929,0.0304,0.0536,0.1161,0.0518,0.7808,none
35b_a3b_moe,degraded_instruct,healthy_q8,routed_tri_structural_60,rhetoric,560,0.9625,0.8161,0.9735,0.9893,0.0179,0.0554,0.1107,0.0536,0.7881,none
35b_a3b_moe,degraded_instruct,healthy_q8,routed_tri_structural_60,spatial,560,0.9679,0.8482,0.9751,0.9946,0.025,0.0321,0.1071,0.0429,0.8236,none
35b_a3b_moe,degraded_instruct,healthy_q8,routed_tri_structural_65,adversarial,560,0.95,0.8339,0.9705,0.9893,0.0321,0.0375,0.0964,0.0536,0.8064,none
35b_a3b_moe,degraded_instruct,healthy_q8,routed_tri_structural_65,boundary,560,0.9518,0.7911,0.9708,0.9964,0.0339,0.075,0.1054,0.0482,0.7551,none
35b_a3b_moe,degraded_instruct,healthy_q8,routed_tri_structural_65,coding,560,0.9571,0.8304,0.9712,0.9875,0.0321,0.0536,0.0964,0.0429,0.8001,none
35b_a3b_moe,degraded_instruct,healthy_q8,routed_tri_structural_65,epistemic,560,0.9625,0.8107,0.9749,0.9929,0.0196,0.025,0.1446,0.0321,0.7866,none
35b_a3b_moe,degraded_instruct,healthy_q8,routed_tri_structural_65,forensic,560,0.9643,0.8036,0.9714,0.9875,0.0268,0.0625,0.1089,0.0482,0.7719,none
35b_a3b_moe,degraded_instruct,healthy_q8,routed_tri_structural_65,generalist,560,0.9536,0.8071,0.9703,0.9857,0.025,0.0589,0.1161,0.0446,0.7763,none
35b_a3b_moe,degraded_instruct,healthy_q8,routed_tri_structural_65,math,560,0.9679,0.7964,0.9721,0.9857,0.0143,0.0536,0.1446,0.0571,0.767,none
35b_a3b_moe,degraded_instruct,healthy_q8,routed_tri_structural_65,planning,560,0.9696,0.8554,0.9731,0.9964,0.0196,0.0375,0.0893,0.0661,0.8315,none
35b_a3b_moe,degraded_instruct,healthy_q8,routed_tri_structural_65,rhetoric,560,0.9661,0.7821,0.9736,0.9875,0.0214,0.0554,0.1464,0.0321,0.7513,none
35b_a3b_moe,degraded_instruct,healthy_q8,routed_tri_structural_65,spatial,560,0.95,0.8054,0.9701,0.9946,0.0339,0.0482,0.1089,0.0482,0.7744,none
35b_a3b_moe,degraded_instruct,healthy_q8,stability_first_tri_70,adversarial,560,0.9571,0.8143,0.9695,0.9911,0.0357,0.0518,0.1071,0.0536,0.782,none
35b_a3b_moe,degraded_instruct,healthy_q8,stability_first_tri_70,boundary,560,0.9607,0.825,0.9733,0.9875,0.0232,0.0625,0.1071,0.0446,0.7947,none
35b_a3b_moe,degraded_instruct,healthy_q8,stability_first_tri_70,coding,560,0.9732,0.8339,0.9744,0.9929,0.0179,0.0536,0.0946,0.0554,0.8075,none
35b_a3b_moe,degraded_instruct,healthy_q8,stability_first_tri_70,epistemic,560,0.9464,0.8321,0.9711,0.9857,0.0268,0.025,0.1143,0.0393,0.808,none
35b_a3b_moe,degraded_instruct,healthy_q8,stability_first_tri_70,forensic,560,0.9679,0.8286,0.972,0.9893,0.025,0.0393,0.1339,0.0446,0.8003,none
35b_a3b_moe,degraded_instruct,healthy_q8,stability_first_tri_70,generalist,560,0.975,0.8411,0.9808,0.9964,0.0107,0.0482,0.0964,0.0357,0.8187,none
35b_a3b_moe,degraded_instruct,healthy_q8,stability_first_tri_70,math,560,0.9679,0.8143,0.9744,0.9929,0.0179,0.0446,0.1214,0.0536,0.7876,none
35b_a3b_moe,degraded_instruct,healthy_q8,stability_first_tri_70,planning,560,0.9661,0.8464,0.9725,0.9857,0.0232,0.0357,0.0946,0.0482,0.8223,none
35b_a3b_moe,degraded_instruct,healthy_q8,stability_first_tri_70,rhetoric,560,0.9625,0.8196,0.9711,0.9929,0.0286,0.0357,0.1214,0.0518,0.7916,none
35b_a3b_moe,degraded_instruct,healthy_q8,stability_first_tri_70,spatial,560,0.9661,0.8536,0.9727,0.9875,0.025,0.0393,0.0857,0.0536,0.8287,none
35b_a3b_moe,instruct,collapsed_q2_edge,cognitive_structural_25_75,adversarial,560,0.2804,0.2232,0.5554,0.7714,0.2268,0.0179,0.3982,1.7589,0.0318,primitive_gap
35b_a3b_moe,instruct,collapsed_q2_edge,cognitive_structural_25_75,boundary,560,0.3161,0.2214,0.5771,0.8089,0.1875,0.0286,0.4625,1.6446,0.0402,primitive_gap
35b_a3b_moe,instruct,collapsed_q2_edge,cognitive_structural_25_75,coding,560,0.2214,0.1804,0.5105,0.7071,0.2196,0.0179,0.3625,1.7446,-0.0053,primitive_gap
35b_a3b_moe,instruct,collapsed_q2_edge,cognitive_structural_25_75,epistemic,560,0.2,0.1661,0.4713,0.6607,0.2446,0.0071,0.3625,1.6321,-0.0194,cascade
35b_a3b_moe,instruct,collapsed_q2_edge,cognitive_structural_25_75,forensic,560,0.2589,0.1964,0.5168,0.7821,0.2143,0.0179,0.3768,1.7679,0.01,primitive_gap
35b_a3b_moe,instruct,collapsed_q2_edge,cognitive_structural_25_75,generalist,560,0.175,0.1375,0.4959,0.6804,0.2357,0.0089,0.4,1.6054,-0.0473,cascade
35b_a3b_moe,instruct,collapsed_q2_edge,cognitive_structural_25_75,math,560,0.2071,0.1607,0.4958,0.6875,0.175,0.0196,0.4196,1.9393,-0.0262,primitive_gap
35b_a3b_moe,instruct,collapsed_q2_edge,cognitive_structural_25_75,planning,560,0.3071,0.2536,0.5509,0.7,0.1929,0.0214,0.3125,1.5946,0.0867,none
35b_a3b_moe,instruct,collapsed_q2_edge,cognitive_structural_25_75,rhetoric,560,0.1839,0.1429,0.4697,0.6696,0.2268,0.0107,0.4054,1.9054,-0.055,primitive_gap
35b_a3b_moe,instruct,collapsed_q2_edge,cognitive_structural_25_75,spatial,560,0.2679,0.2089,0.5186,0.6929,0.1911,0.0196,0.3089,1.6857,0.0387,classification_miss
35b_a3b_moe,instruct,collapsed_q2_edge,cyber_structural_25_75,adversarial,560,0.3804,0.2929,0.6681,0.9179,0.1982,0.0304,0.3768,1.2875,0.1328,none
35b_a3b_moe,instruct,collapsed_q2_edge,cyber_structural_25_75,boundary,560,0.4589,0.3232,0.6866,0.9268,0.1857,0.0357,0.4268,1.1518,0.1686,none
35b_a3b_moe,instruct,collapsed_q2_edge,cyber_structural_25_75,coding,560,0.2304,0.1875,0.4985,0.6482,0.2107,0.0268,0.2929,1.7768,0.0067,classification_miss
35b_a3b_moe,instruct,collapsed_q2_edge,cyber_structural_25_75,epistemic,560,0.2321,0.1857,0.5028,0.6821,0.2161,0.0214,0.3982,1.5107,0.0092,classification_miss
35b_a3b_moe,instruct,collapsed_q2_edge,cyber_structural_25_75,forensic,560,0.3,0.2089,0.5725,0.8946,0.2268,0.0214,0.3893,1.5357,0.0287,primitive_gap
35b_a3b_moe,instruct,collapsed_q2_edge,cyber_structural_25_75,generalist,560,0.2089,0.1589,0.5113,0.6661,0.2,0.0339,0.375,1.5714,-0.0164,classification_miss
35b_a3b_moe,instruct,collapsed_q2_edge,cyber_structural_25_75,math,560,0.2089,0.1554,0.4737,0.6518,0.2286,0.0143,0.4018,2.0054,-0.0485,classification_miss
35b_a3b_moe,instruct,collapsed_q2_edge,cyber_structural_25_75,planning,560,0.2714,0.2125,0.5182,0.6464,0.1875,0.0161,0.3429,1.6321,0.044,classification_miss
35b_a3b_moe,instruct,collapsed_q2_edge,cyber_structural_25_75,rhetoric,560,0.2196,0.1732,0.4988,0.7,0.2161,0.025,0.3768,1.8161,-0.0176,primitive_gap
35b_a3b_moe,instruct,collapsed_q2_edge,cyber_structural_25_75,spatial,560,0.2321,0.2,0.478,0.6232,0.2071,0.025,0.3,1.8089,0.0184,classification_miss
35b_a3b_moe,instruct,collapsed_q2_edge,q2_structural_amplifier,adversarial,560,0.8393,0.3696,0.8928,0.9946,0.1125,0.3143,0.4393,0.0607,0.2349,none
35b_a3b_moe,instruct,collapsed_q2_edge,q2_structural_amplifier,boundary,560,0.7768,0.3393,0.8702,0.9875,0.175,0.2911,0.4821,0.0589,0.1871,none
35b_a3b_moe,instruct,collapsed_q2_edge,q2_structural_amplifier,coding,560,0.6607,0.3732,0.8,0.7768,0.1286,0.2696,0.3482,0.3179,0.237,none
35b_a3b_moe,instruct,collapsed_q2_edge,q2_structural_amplifier,epistemic,560,0.6768,0.3607,0.799,0.7982,0.1482,0.2643,0.425,0.2732,0.2157,none
35b_a3b_moe,instruct,collapsed_q2_edge,q2_structural_amplifier,forensic,560,0.7554,0.3946,0.8573,0.9929,0.1214,0.2554,0.4482,0.2643,0.2581,none
35b_a3b_moe,instruct,collapsed_q2_edge,q2_structural_amplifier,generalist,560,0.6214,0.3714,0.776,0.75,0.125,0.2554,0.4125,0.3768,0.231,none
35b_a3b_moe,instruct,collapsed_q2_edge,q2_structural_amplifier,math,560,0.5929,0.3393,0.7586,0.7589,0.1196,0.2464,0.4321,0.5732,0.1909,none
35b_a3b_moe,instruct,collapsed_q2_edge,q2_structural_amplifier,planning,560,0.6589,0.3732,0.7911,0.7357,0.1304,0.2571,0.3875,0.3036,0.2365,none
35b_a3b_moe,instruct,collapsed_q2_edge,q2_structural_amplifier,rhetoric,560,0.6089,0.3393,0.7602,0.7464,0.1304,0.2893,0.4125,0.4732,0.1857,none
35b_a3b_moe,instruct,collapsed_q2_edge,q2_structural_amplifier,spatial,560,0.6696,0.3911,0.7873,0.7625,0.1357,0.2429,0.3393,0.3929,0.255,none
35b_a3b_moe,instruct,collapsed_q2_edge,routed_tri_structural_60,adversarial,560,0.4518,0.3161,0.7075,0.9179,0.1768,0.0357,0.3536,1.1071,0.1722,none
35b_a3b_moe,instruct,collapsed_q2_edge,routed_tri_structural_60,boundary,560,0.4732,0.2643,0.6994,0.9214,0.175,0.0821,0.4714,1.0875,0.1033,none
35b_a3b_moe,instruct,collapsed_q2_edge,routed_tri_structural_60,coding,560,0.3232,0.2393,0.5775,0.7,0.1696,0.0464,0.3357,1.4625,0.0791,none
35b_a3b_moe,instruct,collapsed_q2_edge,routed_tri_structural_60,epistemic,560,0.2857,0.2143,0.5712,0.7125,0.2,0.0214,0.3786,1.2518,0.0571,none
35b_a3b_moe,instruct,collapsed_q2_edge,routed_tri_structural_60,forensic,560,0.3518,0.2714,0.6058,0.8786,0.2089,0.0518,0.4179,1.3786,0.096,none
35b_a3b_moe,instruct,collapsed_q2_edge,routed_tri_structural_60,generalist,560,0.2875,0.2179,0.5583,0.6929,0.2232,0.0571,0.3911,1.3482,0.0408,cascade
35b_a3b_moe,instruct,collapsed_q2_edge,routed_tri_structural_60,math,560,0.2589,0.1964,0.5468,0.6964,0.1732,0.0357,0.3964,1.6893,0.0211,primitive_gap
35b_a3b_moe,instruct,collapsed_q2_edge,routed_tri_structural_60,planning,560,0.3768,0.2929,0.5993,0.7179,0.1696,0.0286,0.3411,1.3429,0.1418,none
35b_a3b_moe,instruct,collapsed_q2_edge,routed_tri_structural_60,rhetoric,560,0.2607,0.2161,0.5332,0.7089,0.2018,0.0268,0.4018,1.6518,0.0354,primitive_gap
35b_a3b_moe,instruct,collapsed_q2_edge,routed_tri_structural_60,spatial,560,0.3393,0.2589,0.5728,0.7054,0.1964,0.05,0.3196,1.4357,0.0926,none
35b_a3b_moe,instruct,collapsed_q2_edge,routed_tri_structural_65,adversarial,560,0.5268,0.3696,0.7437,0.9607,0.1964,0.0589,0.4143,0.9179,0.2199,none
35b_a3b_moe,instruct,collapsed_q2_edge,routed_tri_structural_65,boundary,560,0.55,0.3446,0.7485,0.9571,0.1857,0.0429,0.4679,0.8393,0.201,none
35b_a3b_moe,instruct,collapsed_q2_edge,routed_tri_structural_65,coding,560,0.3286,0.2518,0.6036,0.725,0.1839,0.0446,0.3232,1.3179,0.0959,none
35b_a3b_moe,instruct,collapsed_q2_edge,routed_tri_structural_65,epistemic,560,0.3089,0.2482,0.5978,0.7268,0.2089,0.0339,0.3804,1.1232,0.0922,none
35b_a3b_moe,instruct,collapsed_q2_edge,routed_tri_structural_65,forensic,560,0.4304,0.3214,0.655,0.9125,0.1893,0.0304,0.3768,1.2179,0.1675,none
35b_a3b_moe,instruct,collapsed_q2_edge,routed_tri_structural_65,generalist,560,0.2768,0.2107,0.5793,0.7,0.1714,0.0554,0.3768,1.2946,0.0533,classification_miss
35b_a3b_moe,instruct,collapsed_q2_edge,routed_tri_structural_65,math,560,0.3339,0.25,0.5873,0.7232,0.1696,0.0518,0.3875,1.5161,0.0819,none
35b_a3b_moe,instruct,collapsed_q2_edge,routed_tri_structural_65,planning,560,0.3964,0.3268,0.6252,0.725,0.1589,0.0286,0.3036,1.225,0.1879,none
35b_a3b_moe,instruct,collapsed_q2_edge,routed_tri_structural_65,rhetoric,560,0.3107,0.2339,0.5696,0.7107,0.1786,0.0357,0.4089,1.4714,0.0669,none
35b_a3b_moe,instruct,collapsed_q2_edge,routed_tri_structural_65,spatial,560,0.3768,0.2857,0.5924,0.725,0.1571,0.0357,0.2982,1.3982,0.1377,none
35b_a3b_moe,instruct,collapsed_q2_edge,stability_first_tri_70,adversarial,560,0.4946,0.3268,0.7427,0.95,0.1982,0.0464,0.4054,0.8804,0.1816,none
35b_a3b_moe,instruct,collapsed_q2_edge,stability_first_tri_70,boundary,560,0.5768,0.3821,0.7565,0.9429,0.2,0.0286,0.45,0.7696,0.2419,none
35b_a3b_moe,instruct,collapsed_q2_edge,stability_first_tri_70,coding,560,0.4339,0.3375,0.6708,0.7946,0.1786,0.0482,0.3018,1.0643,0.1969,none
35b_a3b_moe,instruct,collapsed_q2_edge,stability_first_tri_70,epistemic,560,0.3821,0.2929,0.6399,0.7554,0.1875,0.0232,0.3911,1.0,0.1507,none
35b_a3b_moe,instruct,collapsed_q2_edge,stability_first_tri_70,forensic,560,0.4929,0.3607,0.6884,0.9089,0.1643,0.0446,0.3625,1.0929,0.2189,none
35b_a3b_moe,instruct,collapsed_q2_edge,stability_first_tri_70,generalist,560,0.2929,0.2143,0.6099,0.7179,0.1821,0.0429,0.4304,1.1232,0.0605,none
35b_a3b_moe,instruct,collapsed_q2_edge,stability_first_tri_70,math,560,0.3714,0.275,0.6291,0.7411,0.1661,0.0161,0.3946,1.3339,0.1237,none
35b_a3b_moe,instruct,collapsed_q2_edge,stability_first_tri_70,planning,560,0.4786,0.3857,0.679,0.75,0.1446,0.0411,0.3179,1.0304,0.2572,none
35b_a3b_moe,instruct,collapsed_q2_edge,stability_first_tri_70,rhetoric,560,0.3161,0.2429,0.5991,0.7232,0.1571,0.0232,0.3857,1.3625,0.0921,none
35b_a3b_moe,instruct,collapsed_q2_edge,stability_first_tri_70,spatial,560,0.4089,0.3429,0.6351,0.75,0.1625,0.0286,0.3429,1.1804,0.2019,none
35b_a3b_moe,instruct,damaged_q2,cognitive_structural_25_75,adversarial,560,0.625,0.4643,0.7907,0.9554,0.1554,0.0214,0.3321,0.7357,0.35,none
35b_a3b_moe,instruct,damaged_q2,cognitive_structural_25_75,boundary,560,0.6589,0.4589,0.7988,0.9536,0.1232,0.0304,0.3786,0.7,0.3506,none
35b_a3b_moe,instruct,damaged_q2,cognitive_structural_25_75,coding,560,0.5214,0.4071,0.7275,0.8214,0.1196,0.0286,0.2768,0.9232,0.2972,none
35b_a3b_moe,instruct,damaged_q2,cognitive_structural_25_75,epistemic,560,0.5089,0.3821,0.7333,0.8339,0.1554,0.0179,0.3786,0.7036,0.2665,none
35b_a3b_moe,instruct,damaged_q2,cognitive_structural_25_75,forensic,560,0.5643,0.4375,0.7407,0.9321,0.1357,0.0304,0.3589,0.8714,0.3184,none
35b_a3b_moe,instruct,damaged_q2,cognitive_structural_25_75,generalist,560,0.4804,0.3714,0.726,0.8232,0.1304,0.0286,0.3036,0.8089,0.2619,none
35b_a3b_moe,instruct,damaged_q2,cognitive_structural_25_75,math,560,0.4929,0.3857,0.7092,0.8125,0.1161,0.0179,0.3625,1.0304,0.2668,none
35b_a3b_moe,instruct,damaged_q2,cognitive_structural_25_75,planning,560,0.6071,0.4911,0.7598,0.8482,0.1357,0.0196,0.2661,0.7393,0.3882,none
35b_a3b_moe,instruct,damaged_q2,cognitive_structural_25_75,rhetoric,560,0.4679,0.35,0.7053,0.8125,0.1071,0.0161,0.3768,0.9839,0.2353,none
35b_a3b_moe,instruct,damaged_q2,cognitive_structural_25_75,spatial,560,0.5482,0.4143,0.722,0.8161,0.1304,0.0143,0.3018,0.8875,0.3038,none
35b_a3b_moe,instruct,damaged_q2,cyber_structural_25_75,adversarial,560,0.7661,0.5589,0.8819,0.9839,0.1036,0.0375,0.3107,0.3446,0.4783,none
35b_a3b_moe,instruct,damaged_q2,cyber_structural_25_75,boundary,560,0.8125,0.5411,0.885,0.9911,0.1411,0.0321,0.3625,0.2518,0.4507,none
35b_a3b_moe,instruct,damaged_q2,cyber_structural_25_75,coding,560,0.5125,0.3893,0.7239,0.7732,0.1179,0.0321,0.3089,0.8464,0.2805,none
35b_a3b_moe,instruct,damaged_q2,cyber_structural_25_75,epistemic,560,0.4732,0.3589,0.71,0.7839,0.1304,0.0107,0.3375,0.8,0.2507,none
35b_a3b_moe,instruct,damaged_q2,cyber_structural_25_75,forensic,560,0.6,0.4446,0.776,0.9839,0.1589,0.0143,0.325,0.7268,0.3318,none
35b_a3b_moe,instruct,damaged_q2,cyber_structural_25_75,generalist,560,0.4911,0.3786,0.7265,0.7929,0.1304,0.0446,0.2786,0.7946,0.2685,none
35b_a3b_moe,instruct,damaged_q2,cyber_structural_25_75,math,560,0.4161,0.325,0.677,0.775,0.1625,0.0179,0.35,1.1054,0.1894,none
35b_a3b_moe,instruct,damaged_q2,cyber_structural_25_75,planning,560,0.5554,0.45,0.7393,0.7732,0.1464,0.0232,0.25,0.75,0.3439,none
35b_a3b_moe,instruct,damaged_q2,cyber_structural_25_75,rhetoric,560,0.4411,0.3446,0.67,0.7589,0.1661,0.0286,0.3232,1.0375,0.2114,none
35b_a3b_moe,instruct,damaged_q2,cyber_structural_25_75,spatial,560,0.5036,0.3946,0.7036,0.7768,0.1321,0.0232,0.2607,0.9446,0.2823,none
35b_a3b_moe,instruct,damaged_q2,q2_structural_amplifier,adversarial,560,0.825,0.425,0.8894,0.9875,0.1446,0.3071,0.3696,0.0464,0.2883,none
35b_a3b_moe,instruct,damaged_q2,q2_structural_amplifier,boundary,560,0.8536,0.4,0.8948,0.9857,0.1143,0.2786,0.4339,0.0518,0.2727,none
35b_a3b_moe,instruct,damaged_q2,q2_structural_amplifier,coding,560,0.8804,0.4875,0.9083,0.9429,0.0714,0.2732,0.3179,0.0446,0.3838,none
35b_a3b_moe,instruct,damaged_q2,q2_structural_amplifier,epistemic,560,0.8429,0.45,0.8942,0.9375,0.1054,0.2446,0.3804,0.0607,0.336,none
35b_a3b_moe,instruct,damaged_q2,q2_structural_amplifier,forensic,560,0.8625,0.4554,0.9113,0.9946,0.0911,0.2786,0.3393,0.0571,0.3423,none
35b_a3b_moe,instruct,damaged_q2,q2_structural_amplifier,generalist,560,0.8143,0.4268,0.8819,0.875,0.0696,0.2786,0.3679,0.0804,0.3167,none
35b_a3b_moe,instruct,damaged_q2,q2_structural_amplifier,math,560,0.8071,0.4536,0.876,0.8696,0.1018,0.25,0.3554,0.1089,0.3392,none
35b_a3b_moe,instruct,damaged_q2,q2_structural_amplifier,planning,560,0.7964,0.4375,0.8769,0.8893,0.1268,0.2607,0.3196,0.0589,0.3188,none
35b_a3b_moe,instruct,damaged_q2,q2_structural_amplifier,rhetoric,560,0.8143,0.4589,0.883,0.8661,0.0804,0.2446,0.3661,0.0875,0.3522,none
35b_a3b_moe,instruct,damaged_q2,q2_structural_amplifier,spatial,560,0.8429,0.4518,0.8923,0.9089,0.0929,0.275,0.3375,0.0643,0.3387,none
35b_a3b_moe,instruct,damaged_q2,routed_tri_structural_60,adversarial,560,0.8054,0.5589,0.8917,0.9857,0.1125,0.0554,0.3518,0.2571,0.4731,none
35b_a3b_moe,instruct,damaged_q2,routed_tri_structural_60,boundary,560,0.7964,0.5179,0.8867,0.9821,0.15,0.0679,0.3875,0.1982,0.4184,none
35b_a3b_moe,instruct,damaged_q2,routed_tri_structural_60,coding,560,0.6875,0.5393,0.8141,0.8732,0.1179,0.0429,0.2571,0.5357,0.448,none
35b_a3b_moe,instruct,damaged_q2,routed_tri_structural_60,epistemic,560,0.5857,0.4446,0.7861,0.8518,0.1429,0.025,0.3804,0.4982,0.3414,none
35b_a3b_moe,instruct,damaged_q2,routed_tri_structural_60,forensic,560,0.6893,0.525,0.8188,0.9804,0.1375,0.0321,0.3089,0.5554,0.4248,none
35b_a3b_moe,instruct,damaged_q2,routed_tri_structural_60,generalist,560,0.6304,0.4893,0.8012,0.8554,0.1304,0.0429,0.3393,0.4875,0.3901,none
35b_a3b_moe,instruct,damaged_q2,routed_tri_structural_60,math,560,0.5875,0.4482,0.7617,0.8107,0.1018,0.0357,0.3214,0.7661,0.3465,none
35b_a3b_moe,instruct,damaged_q2,routed_tri_structural_60,planning,560,0.7036,0.525,0.8183,0.8518,0.1036,0.0554,0.2911,0.5,0.4346,none
35b_a3b_moe,instruct,damaged_q2,routed_tri_structural_60,rhetoric,560,0.6179,0.4375,0.7788,0.8571,0.1125,0.0232,0.3768,0.6625,0.3358,none
35b_a3b_moe,instruct,damaged_q2,routed_tri_structural_60,spatial,560,0.6232,0.4786,0.7725,0.8268,0.1393,0.0339,0.2786,0.6464,0.3754,none
35b_a3b_moe,instruct,damaged_q2,routed_tri_structural_65,adversarial,560,0.8304,0.5768,0.9106,0.9946,0.1196,0.0375,0.3179,0.1554,0.5002,none
35b_a3b_moe,instruct,damaged_q2,routed_tri_structural_65,boundary,560,0.8768,0.625,0.9275,0.9893,0.0964,0.0429,0.325,0.0964,0.5567,none
35b_a3b_moe,instruct,damaged_q2,routed_tri_structural_65,coding,560,0.6946,0.5304,0.82,0.8536,0.1071,0.05,0.2821,0.4821,0.4415,none
35b_a3b_moe,instruct,damaged_q2,routed_tri_structural_65,epistemic,560,0.6804,0.5107,0.8276,0.8839,0.1214,0.0232,0.3214,0.3893,0.4245,none
35b_a3b_moe,instruct,damaged_q2,routed_tri_structural_65,forensic,560,0.7554,0.5411,0.8588,0.9911,0.1232,0.0482,0.3339,0.3893,0.4483,none
35b_a3b_moe,instruct,damaged_q2,routed_tri_structural_65,generalist,560,0.6321,0.4732,0.7949,0.8232,0.1107,0.0375,0.325,0.5107,0.381,none
35b_a3b_moe,instruct,damaged_q2,routed_tri_structural_65,math,560,0.6036,0.4393,0.7731,0.8018,0.1268,0.0321,0.3571,0.6518,0.3337,none
35b_a3b_moe,instruct,damaged_q2,routed_tri_structural_65,planning,560,0.7554,0.5929,0.8488,0.8607,0.1036,0.025,0.2536,0.3625,0.5184,none
35b_a3b_moe,instruct,damaged_q2,routed_tri_structural_65,rhetoric,560,0.6554,0.4661,0.801,0.8429,0.1107,0.0321,0.3554,0.5393,0.371,none
35b_a3b_moe,instruct,damaged_q2,routed_tri_structural_65,spatial,560,0.7143,0.5482,0.8237,0.8661,0.0982,0.0446,0.275,0.4911,0.4633,none
35b_a3b_moe,instruct,damaged_q2,stability_first_tri_70,adversarial,560,0.8571,0.5625,0.9182,0.9911,0.1107,0.0286,0.3857,0.1,0.4877,none
35b_a3b_moe,instruct,damaged_q2,stability_first_tri_70,boundary,560,0.8625,0.5482,0.9235,0.9964,0.1232,0.0482,0.3768,0.0554,0.4687,none
35b_a3b_moe,instruct,damaged_q2,stability_first_tri_70,coding,560,0.7429,0.5464,0.8545,0.8839,0.1107,0.0536,0.2679,0.3357,0.4643,none
35b_a3b_moe,instruct,damaged_q2,stability_first_tri_70,epistemic,560,0.7446,0.5411,0.8539,0.8857,0.1,0.0393,0.3214,0.3018,0.4624,none
35b_a3b_moe,instruct,damaged_q2,stability_first_tri_70,forensic,560,0.7857,0.5643,0.871,0.9893,0.1339,0.0375,0.3357,0.3179,0.4739,none
35b_a3b_moe,instruct,damaged_q2,stability_first_tri_70,generalist,560,0.7196,0.5304,0.8453,0.8821,0.0929,0.0339,0.3214,0.3643,0.4518,none
35b_a3b_moe,instruct,damaged_q2,stability_first_tri_70,math,560,0.7196,0.5339,0.8193,0.8518,0.1036,0.0214,0.3107,0.525,0.4475,none
35b_a3b_moe,instruct,damaged_q2,stability_first_tri_70,planning,560,0.7786,0.6054,0.8704,0.8804,0.0875,0.0214,0.2821,0.2821,0.5381,none
35b_a3b_moe,instruct,damaged_q2,stability_first_tri_70,rhetoric,560,0.6821,0.5179,0.8142,0.825,0.0964,0.0286,0.3232,0.4982,0.4324,none
35b_a3b_moe,instruct,damaged_q2,stability_first_tri_70,spatial,560,0.7357,0.5768,0.8328,0.8571,0.1286,0.0411,0.25,0.4071,0.4896,none
35b_a3b_moe,instruct,damaged_q3,cognitive_structural_25_75,adversarial,560,0.9304,0.7339,0.954,0.9964,0.0589,0.0107,0.2393,0.0571,0.6921,none
35b_a3b_moe,instruct,damaged_q3,cognitive_structural_25_75,boundary,560,0.9,0.6607,0.9419,0.9946,0.0911,0.0321,0.2786,0.0464,0.6024,none
35b_a3b_moe,instruct,damaged_q3,cognitive_structural_25_75,coding,560,0.9071,0.7196,0.946,0.9839,0.075,0.0286,0.2054,0.0643,0.6718,none
35b_a3b_moe,instruct,damaged_q3,cognitive_structural_25_75,epistemic,560,0.9107,0.7036,0.9529,1.0,0.0696,0.0054,0.2536,0.0321,0.6597,none
35b_a3b_moe,instruct,damaged_q3,cognitive_structural_25_75,forensic,560,0.9,0.7,0.9412,0.9911,0.0821,0.0179,0.2304,0.0714,0.6498,none
35b_a3b_moe,instruct,damaged_q3,cognitive_structural_25_75,generalist,560,0.8875,0.6893,0.9458,0.9821,0.0625,0.0214,0.2464,0.0589,0.6436,none
35b_a3b_moe,instruct,damaged_q3,cognitive_structural_25_75,math,560,0.9125,0.6839,0.948,0.9929,0.0696,0.025,0.2661,0.0554,0.634,none
35b_a3b_moe,instruct,damaged_q3,cognitive_structural_25_75,planning,560,0.9054,0.7214,0.9489,0.9857,0.075,0.0161,0.1964,0.0482,0.6776,none
35b_a3b_moe,instruct,damaged_q3,cognitive_structural_25_75,rhetoric,560,0.9089,0.7214,0.9491,0.9929,0.0786,0.0161,0.2125,0.0536,0.675,none
35b_a3b_moe,instruct,damaged_q3,cognitive_structural_25_75,spatial,560,0.9036,0.7375,0.9491,0.9839,0.0696,0.0214,0.1768,0.0643,0.695,none
35b_a3b_moe,instruct,damaged_q3,cyber_structural_25_75,adversarial,560,0.9018,0.6911,0.944,0.9893,0.0821,0.0232,0.2446,0.0589,0.6393,none
35b_a3b_moe,instruct,damaged_q3,cyber_structural_25_75,boundary,560,0.8893,0.6357,0.9381,0.9946,0.0911,0.0411,0.2821,0.0625,0.5745,none
35b_a3b_moe,instruct,damaged_q3,cyber_structural_25_75,coding,560,0.8768,0.6768,0.9363,0.975,0.0768,0.0268,0.2375,0.0821,0.6253,none
35b_a3b_moe,instruct,damaged_q3,cyber_structural_25_75,epistemic,560,0.8768,0.6786,0.9373,0.9786,0.0839,0.0089,0.2554,0.0643,0.628,none
35b_a3b_moe,instruct,damaged_q3,cyber_structural_25_75,forensic,560,0.9179,0.7286,0.9505,0.9893,0.075,0.0214,0.2,0.0482,0.6834,none
35b_a3b_moe,instruct,damaged_q3,cyber_structural_25_75,generalist,560,0.8982,0.6679,0.9386,0.95,0.0625,0.0321,0.2411,0.0607,0.6204,none
35b_a3b_moe,instruct,damaged_q3,cyber_structural_25_75,math,560,0.9125,0.6804,0.9394,0.9589,0.0589,0.0321,0.2625,0.0857,0.631,none
35b_a3b_moe,instruct,damaged_q3,cyber_structural_25_75,planning,560,0.8804,0.7179,0.9374,0.9607,0.0804,0.0179,0.1982,0.0714,0.6707,none
35b_a3b_moe,instruct,damaged_q3,cyber_structural_25_75,rhetoric,560,0.8732,0.6982,0.927,0.9268,0.0714,0.0179,0.2232,0.1036,0.6502,none
35b_a3b_moe,instruct,damaged_q3,cyber_structural_25_75,spatial,560,0.875,0.725,0.9363,0.9625,0.0821,0.0286,0.1804,0.0839,0.676,none
35b_a3b_moe,instruct,damaged_q3,q2_structural_amplifier,adversarial,560,0.8929,0.4714,0.9195,0.9946,0.0768,0.3,0.2911,0.0411,0.3631,none
35b_a3b_moe,instruct,damaged_q3,q2_structural_amplifier,boundary,560,0.8607,0.4679,0.9079,0.9857,0.1,0.2982,0.2804,0.0571,0.3529,none
35b_a3b_moe,instruct,damaged_q3,q2_structural_amplifier,coding,560,0.8929,0.4982,0.9176,0.9893,0.0893,0.2875,0.2375,0.0482,0.3925,none
35b_a3b_moe,instruct,damaged_q3,q2_structural_amplifier,epistemic,560,0.9054,0.4911,0.9271,0.9893,0.0625,0.2964,0.2625,0.0357,0.3902,none
35b_a3b_moe,instruct,damaged_q3,q2_structural_amplifier,forensic,560,0.8857,0.5161,0.9234,0.9946,0.0786,0.2607,0.2554,0.0518,0.4173,none
35b_a3b_moe,instruct,damaged_q3,q2_structural_amplifier,generalist,560,0.8857,0.475,0.9167,0.9857,0.0768,0.3089,0.2786,0.0357,0.3661,none
35b_a3b_moe,instruct,damaged_q3,q2_structural_amplifier,math,560,0.9161,0.5161,0.9309,0.9929,0.0536,0.2571,0.2857,0.0554,0.4229,none
35b_a3b_moe,instruct,damaged_q3,q2_structural_amplifier,planning,560,0.9161,0.5357,0.927,0.9911,0.0518,0.2696,0.2375,0.0571,0.4444,none
35b_a3b_moe,instruct,damaged_q3,q2_structural_amplifier,rhetoric,560,0.9018,0.4893,0.9238,0.9839,0.0768,0.2732,0.2768,0.0411,0.3874,none
35b_a3b_moe,instruct,damaged_q3,q2_structural_amplifier,spatial,560,0.9018,0.5339,0.9313,0.9911,0.075,0.2643,0.2107,0.0393,0.4398,none
35b_a3b_moe,instruct,damaged_q3,routed_tri_structural_60,adversarial,560,0.9089,0.7143,0.9458,0.9911,0.0696,0.0393,0.2375,0.0732,0.6629,none
35b_a3b_moe,instruct,damaged_q3,routed_tri_structural_60,boundary,560,0.9054,0.7054,0.944,0.9804,0.0804,0.0446,0.225,0.0571,0.6515,none
35b_a3b_moe,instruct,damaged_q3,routed_tri_structural_60,coding,560,0.9071,0.7107,0.9448,0.9893,0.0714,0.0357,0.2179,0.0732,0.6611,none
35b_a3b_moe,instruct,damaged_q3,routed_tri_structural_60,epistemic,560,0.9143,0.7268,0.9505,0.9893,0.0661,0.0339,0.2036,0.0536,0.6812,none
35b_a3b_moe,instruct,damaged_q3,routed_tri_structural_60,forensic,560,0.8929,0.6839,0.9423,0.9839,0.0857,0.0482,0.2321,0.0518,0.6274,none
35b_a3b_moe,instruct,damaged_q3,routed_tri_structural_60,generalist,560,0.8857,0.6696,0.9433,0.9929,0.0804,0.05,0.2375,0.0571,0.6137,none
35b_a3b_moe,instruct,damaged_q3,routed_tri_structural_60,math,560,0.9268,0.6964,0.9544,0.9732,0.0429,0.05,0.2143,0.0589,0.6535,none
35b_a3b_moe,instruct,damaged_q3,routed_tri_structural_60,planning,560,0.9268,0.7036,0.9489,0.9875,0.0589,0.0339,0.225,0.0661,0.6578,none
35b_a3b_moe,instruct,damaged_q3,routed_tri_structural_60,rhetoric,560,0.9071,0.6768,0.9448,0.9839,0.0732,0.0321,0.2518,0.0589,0.6253,none
35b_a3b_moe,instruct,damaged_q3,routed_tri_structural_60,spatial,560,0.9089,0.6946,0.9519,0.9929,0.0786,0.0464,0.2107,0.0321,0.6433,none
35b_a3b_moe,instruct,damaged_q3,routed_tri_structural_65,adversarial,560,0.9089,0.6839,0.9469,0.9893,0.0768,0.05,0.2464,0.0464,0.6289,none
35b_a3b_moe,instruct,damaged_q3,routed_tri_structural_65,boundary,560,0.9268,0.6786,0.9511,0.9875,0.0607,0.0464,0.2482,0.05,0.6287,none
35b_a3b_moe,instruct,damaged_q3,routed_tri_structural_65,coding,560,0.9214,0.7393,0.9543,0.9929,0.0643,0.0339,0.1929,0.05,0.6953,none
35b_a3b_moe,instruct,damaged_q3,routed_tri_structural_65,epistemic,560,0.8982,0.6946,0.9479,0.9857,0.0768,0.0268,0.2268,0.0375,0.6462,none
35b_a3b_moe,instruct,damaged_q3,routed_tri_structural_65,forensic,560,0.9214,0.7089,0.9521,0.9875,0.0643,0.0321,0.2321,0.0446,0.6624,none
35b_a3b_moe,instruct,damaged_q3,routed_tri_structural_65,generalist,560,0.9107,0.6893,0.9532,0.9911,0.0714,0.0357,0.2143,0.0321,0.642,none
35b_a3b_moe,instruct,damaged_q3,routed_tri_structural_65,math,560,0.9143,0.7,0.9482,0.9911,0.0625,0.0357,0.2339,0.0714,0.6518,none
35b_a3b_moe,instruct,damaged_q3,routed_tri_structural_65,planning,560,0.9232,0.725,0.9527,0.9857,0.0643,0.0286,0.2,0.0464,0.6817,none
35b_a3b_moe,instruct,damaged_q3,routed_tri_structural_65,rhetoric,560,0.8839,0.6946,0.9427,0.9875,0.0786,0.0304,0.2286,0.0679,0.6433,none
35b_a3b_moe,instruct,damaged_q3,routed_tri_structural_65,spatial,560,0.9286,0.7232,0.9564,0.9929,0.0625,0.0429,0.2054,0.0429,0.6773,none
35b_a3b_moe,instruct,damaged_q3,stability_first_tri_70,adversarial,560,0.9125,0.7107,0.9492,0.9982,0.0714,0.0393,0.2161,0.0679,0.6607,none
35b_a3b_moe,instruct,damaged_q3,stability_first_tri_70,boundary,560,0.9179,0.6732,0.9489,0.9929,0.0643,0.0446,0.2643,0.0554,0.6211,none
35b_a3b_moe,instruct,damaged_q3,stability_first_tri_70,coding,560,0.9286,0.7214,0.9566,0.9911,0.0679,0.0339,0.2018,0.0304,0.6766,none
35b_a3b_moe,instruct,damaged_q3,stability_first_tri_70,epistemic,560,0.9232,0.7071,0.9566,0.9982,0.0518,0.0232,0.2429,0.0411,0.6655,none
35b_a3b_moe,instruct,damaged_q3,stability_first_tri_70,forensic,560,0.9179,0.7036,0.9495,0.9857,0.0661,0.0375,0.2196,0.0571,0.6558,none
35b_a3b_moe,instruct,damaged_q3,stability_first_tri_70,generalist,560,0.9214,0.725,0.9592,0.9964,0.0554,0.0304,0.1911,0.0411,0.685,none
35b_a3b_moe,instruct,damaged_q3,stability_first_tri_70,math,560,0.9161,0.7,0.9499,0.9857,0.0571,0.0143,0.2518,0.0607,0.6568,none
35b_a3b_moe,instruct,damaged_q3,stability_first_tri_70,planning,560,0.9143,0.7286,0.9513,0.9964,0.0661,0.0339,0.1893,0.0661,0.6835,none
35b_a3b_moe,instruct,damaged_q3,stability_first_tri_70,rhetoric,560,0.9161,0.7054,0.9484,0.9929,0.0643,0.0268,0.2339,0.0696,0.6585,none
35b_a3b_moe,instruct,damaged_q3,stability_first_tri_70,spatial,560,0.9179,0.7054,0.9501,0.9893,0.075,0.0286,0.2214,0.0464,0.6571,none
35b_a3b_moe,instruct,damaged_q4,cognitive_structural_25_75,adversarial,560,0.925,0.7536,0.9569,0.9946,0.0643,0.0179,0.1804,0.05,0.7138,none
35b_a3b_moe,instruct,damaged_q4,cognitive_structural_25_75,boundary,560,0.9179,0.7375,0.9514,0.9893,0.0607,0.0321,0.1982,0.0661,0.6937,none
35b_a3b_moe,instruct,damaged_q4,cognitive_structural_25_75,coding,560,0.9321,0.7643,0.9605,0.9875,0.0464,0.025,0.1696,0.0464,0.7295,none
35b_a3b_moe,instruct,damaged_q4,cognitive_structural_25_75,epistemic,560,0.9286,0.7536,0.9575,0.9875,0.0536,0.0107,0.1946,0.0429,0.7176,none
35b_a3b_moe,instruct,damaged_q4,cognitive_structural_25_75,forensic,560,0.9518,0.7875,0.9674,0.9911,0.0339,0.0071,0.1768,0.0339,0.7601,none
35b_a3b_moe,instruct,damaged_q4,cognitive_structural_25_75,generalist,560,0.9214,0.7554,0.9574,0.9929,0.0571,0.0161,0.1839,0.0464,0.718,none
35b_a3b_moe,instruct,damaged_q4,cognitive_structural_25_75,math,560,0.9375,0.7786,0.9607,0.9893,0.05,0.0268,0.1643,0.0554,0.7423,none
35b_a3b_moe,instruct,damaged_q4,cognitive_structural_25_75,planning,560,0.9464,0.8,0.9672,0.9964,0.0357,0.0214,0.15,0.0464,0.7707,none
35b_a3b_moe,instruct,damaged_q4,cognitive_structural_25_75,rhetoric,560,0.925,0.7768,0.9595,0.9964,0.0589,0.0018,0.1929,0.0411,0.7413,none
35b_a3b_moe,instruct,damaged_q4,cognitive_structural_25_75,spatial,560,0.9304,0.7821,0.961,0.9946,0.0518,0.0143,0.1625,0.0482,0.7483,none
35b_a3b_moe,instruct,damaged_q4,cyber_structural_25_75,adversarial,560,0.925,0.7589,0.9552,0.9839,0.0607,0.0214,0.1839,0.0482,0.7193,none
35b_a3b_moe,instruct,damaged_q4,cyber_structural_25_75,boundary,560,0.9393,0.7643,0.9607,0.9893,0.0446,0.0321,0.1839,0.0482,0.7273,none
35b_a3b_moe,instruct,damaged_q4,cyber_structural_25_75,coding,560,0.9179,0.7429,0.9558,0.9875,0.0518,0.0429,0.1679,0.0643,0.7021,none
35b_a3b_moe,instruct,damaged_q4,cyber_structural_25_75,epistemic,560,0.9304,0.75,0.9618,0.9893,0.0411,0.0179,0.1911,0.0393,0.7169,none
35b_a3b_moe,instruct,damaged_q4,cyber_structural_25_75,forensic,560,0.9339,0.7643,0.9598,0.9929,0.05,0.0179,0.1732,0.0482,0.7294,none
35b_a3b_moe,instruct,damaged_q4,cyber_structural_25_75,generalist,560,0.9179,0.7357,0.9556,0.9893,0.0607,0.0214,0.1929,0.0429,0.6956,none
35b_a3b_moe,instruct,damaged_q4,cyber_structural_25_75,math,560,0.9482,0.7821,0.9623,0.9946,0.0375,0.0268,0.1714,0.0679,0.7484,none
35b_a3b_moe,instruct,damaged_q4,cyber_structural_25_75,planning,560,0.9321,0.775,0.9594,0.9893,0.0518,0.0179,0.1607,0.0518,0.7404,none
35b_a3b_moe,instruct,damaged_q4,cyber_structural_25_75,rhetoric,560,0.9304,0.75,0.9551,0.9875,0.0518,0.0161,0.1946,0.0625,0.7126,none
35b_a3b_moe,instruct,damaged_q4,cyber_structural_25_75,spatial,560,0.9375,0.7857,0.9626,0.9946,0.0464,0.0179,0.1607,0.0536,0.7527,none
35b_a3b_moe,instruct,damaged_q4,q2_structural_amplifier,adversarial,560,0.8946,0.475,0.9147,0.9768,0.0786,0.3304,0.2536,0.0429,0.3629,none
35b_a3b_moe,instruct,damaged_q4,q2_structural_amplifier,boundary,560,0.8839,0.5196,0.9205,0.9893,0.0661,0.2982,0.2268,0.0643,0.4188,none
35b_a3b_moe,instruct,damaged_q4,q2_structural_amplifier,coding,560,0.8982,0.5018,0.9185,0.9839,0.0696,0.3018,0.2321,0.0571,0.3991,none
35b_a3b_moe,instruct,damaged_q4,q2_structural_amplifier,epistemic,560,0.9018,0.5214,0.9312,0.9929,0.0714,0.275,0.2286,0.0321,0.4251,none
35b_a3b_moe,instruct,damaged_q4,q2_structural_amplifier,forensic,560,0.8964,0.5286,0.9286,0.9893,0.0714,0.2929,0.2143,0.0393,0.4295,none
35b_a3b_moe,instruct,damaged_q4,q2_structural_amplifier,generalist,560,0.9089,0.5107,0.9287,0.9893,0.0518,0.2821,0.2286,0.0464,0.4181,none
35b_a3b_moe,instruct,damaged_q4,q2_structural_amplifier,math,560,0.9179,0.5232,0.928,0.9893,0.0607,0.2661,0.2804,0.0518,0.4268,none
35b_a3b_moe,instruct,damaged_q4,q2_structural_amplifier,planning,560,0.9054,0.5518,0.9266,0.9857,0.0696,0.3018,0.1732,0.0446,0.4544,none
35b_a3b_moe,instruct,damaged_q4,q2_structural_amplifier,rhetoric,560,0.8929,0.5411,0.9237,0.9732,0.0696,0.2643,0.2482,0.05,0.445,none
35b_a3b_moe,instruct,damaged_q4,q2_structural_amplifier,spatial,560,0.9125,0.5536,0.932,0.9893,0.0679,0.2643,0.1875,0.0518,0.4628,none
35b_a3b_moe,instruct,damaged_q4,routed_tri_structural_60,adversarial,560,0.9411,0.7554,0.9584,0.9821,0.0464,0.0464,0.1661,0.0589,0.7159,none
35b_a3b_moe,instruct,damaged_q4,routed_tri_structural_60,boundary,560,0.9232,0.725,0.9526,0.9857,0.0554,0.0464,0.1982,0.0607,0.6802,none
35b_a3b_moe,instruct,damaged_q4,routed_tri_structural_60,coding,560,0.9536,0.7732,0.9656,0.9875,0.0339,0.0482,0.1661,0.0446,0.7379,none
35b_a3b_moe,instruct,damaged_q4,routed_tri_structural_60,epistemic,560,0.9143,0.7161,0.9551,0.9857,0.0536,0.0196,0.2179,0.0429,0.6765,none
35b_a3b_moe,instruct,damaged_q4,routed_tri_structural_60,forensic,560,0.925,0.7357,0.9547,0.9839,0.0625,0.0321,0.2036,0.0393,0.6923,none
35b_a3b_moe,instruct,damaged_q4,routed_tri_structural_60,generalist,560,0.925,0.7339,0.9589,0.9875,0.0518,0.0518,0.1839,0.0393,0.6914,none
35b_a3b_moe,instruct,damaged_q4,routed_tri_structural_60,math,560,0.9429,0.7464,0.963,0.9964,0.0393,0.0339,0.2,0.0536,0.7092,none
35b_a3b_moe,instruct,damaged_q4,routed_tri_structural_60,planning,560,0.9464,0.775,0.9622,0.9804,0.0411,0.0393,0.1607,0.0411,0.7399,none
35b_a3b_moe,instruct,damaged_q4,routed_tri_structural_60,rhetoric,560,0.9304,0.7339,0.9529,0.9893,0.0554,0.0339,0.2143,0.0625,0.6903,none
35b_a3b_moe,instruct,damaged_q4,routed_tri_structural_60,spatial,560,0.9589,0.7839,0.9703,0.9964,0.0357,0.0536,0.1393,0.0393,0.7494,none
35b_a3b_moe,instruct,damaged_q4,routed_tri_structural_65,adversarial,560,0.9518,0.8089,0.967,0.9893,0.0357,0.0268,0.1554,0.0464,0.7781,none
35b_a3b_moe,instruct,damaged_q4,routed_tri_structural_65,boundary,560,0.9321,0.6982,0.9523,0.9875,0.0464,0.05,0.2339,0.0696,0.6521,none
35b_a3b_moe,instruct,damaged_q4,routed_tri_structural_65,coding,560,0.9179,0.7571,0.9566,0.9929,0.0446,0.0536,0.1518,0.0786,0.717,none
35b_a3b_moe,instruct,damaged_q4,routed_tri_structural_65,epistemic,560,0.9375,0.7714,0.9616,0.9804,0.0429,0.025,0.1661,0.0393,0.7383,none
35b_a3b_moe,instruct,damaged_q4,routed_tri_structural_65,forensic,560,0.9464,0.7875,0.963,0.9964,0.0393,0.0393,0.1536,0.0625,0.7524,none
35b_a3b_moe,instruct,damaged_q4,routed_tri_structural_65,generalist,560,0.9089,0.7571,0.9567,0.9964,0.0661,0.0446,0.1518,0.0482,0.7138,none
35b_a3b_moe,instruct,damaged_q4,routed_tri_structural_65,math,560,0.9625,0.7714,0.9679,0.9946,0.025,0.0375,0.2054,0.0482,0.7376,none
35b_a3b_moe,instruct,damaged_q4,routed_tri_structural_65,planning,560,0.95,0.7893,0.9646,0.9875,0.0304,0.0286,0.1482,0.0571,0.7597,none
35b_a3b_moe,instruct,damaged_q4,routed_tri_structural_65,rhetoric,560,0.925,0.7357,0.9563,0.9964,0.0571,0.0286,0.2071,0.0536,0.6936,none
35b_a3b_moe,instruct,damaged_q4,routed_tri_structural_65,spatial,560,0.9375,0.7821,0.9633,0.9893,0.0446,0.0357,0.15,0.05,0.7471,none
35b_a3b_moe,instruct,damaged_q4,stability_first_tri_70,adversarial,560,0.9357,0.7875,0.9616,0.9929,0.0536,0.025,0.1393,0.0554,0.7525,none
35b_a3b_moe,instruct,damaged_q4,stability_first_tri_70,boundary,560,0.9446,0.7625,0.9613,0.9964,0.0429,0.0321,0.1696,0.0643,0.7264,none
35b_a3b_moe,instruct,damaged_q4,stability_first_tri_70,coding,560,0.9357,0.775,0.9591,0.9893,0.0518,0.0357,0.1518,0.0571,0.7373,none
35b_a3b_moe,instruct,damaged_q4,stability_first_tri_70,epistemic,560,0.9375,0.7536,0.9604,0.9911,0.0393,0.0179,0.2089,0.0446,0.7193,none
35b_a3b_moe,instruct,damaged_q4,stability_first_tri_70,forensic,560,0.9393,0.7732,0.9597,0.9893,0.0464,0.0268,0.1732,0.0571,0.7372,none
35b_a3b_moe,instruct,damaged_q4,stability_first_tri_70,generalist,560,0.9339,0.7821,0.9648,0.9893,0.0393,0.0446,0.15,0.0429,0.7473,none
35b_a3b_moe,instruct,damaged_q4,stability_first_tri_70,math,560,0.9429,0.75,0.9595,0.9911,0.0446,0.025,0.1982,0.0571,0.7129,none
35b_a3b_moe,instruct,damaged_q4,stability_first_tri_70,planning,560,0.9393,0.8,0.9614,0.9839,0.0464,0.0375,0.1304,0.0518,0.7656,none
35b_a3b_moe,instruct,damaged_q4,stability_first_tri_70,rhetoric,560,0.9357,0.7786,0.9598,0.9875,0.0518,0.0268,0.1732,0.0464,0.7415,none
35b_a3b_moe,instruct,damaged_q4,stability_first_tri_70,spatial,560,0.9321,0.7893,0.9625,0.9893,0.0571,0.0304,0.1411,0.0357,0.753,none
35b_a3b_moe,instruct,healthy_q6,cognitive_structural_25_75,adversarial,560,0.95,0.8357,0.9701,0.9929,0.0446,0.0232,0.1054,0.0339,0.8076,none
35b_a3b_moe,instruct,healthy_q6,cognitive_structural_25_75,boundary,560,0.9589,0.8036,0.9674,0.9929,0.0286,0.0357,0.1357,0.0661,0.7737,none
35b_a3b_moe,instruct,healthy_q6,cognitive_structural_25_75,coding,560,0.9554,0.8286,0.9674,0.9875,0.0321,0.0304,0.1125,0.0589,0.8009,none
35b_a3b_moe,instruct,healthy_q6,cognitive_structural_25_75,epistemic,560,0.9482,0.8321,0.9701,0.9911,0.0268,0.0018,0.1446,0.0411,0.8101,none
35b_a3b_moe,instruct,healthy_q6,cognitive_structural_25_75,forensic,560,0.9482,0.8179,0.9682,0.9911,0.0339,0.0196,0.1393,0.0429,0.7905,none
35b_a3b_moe,instruct,healthy_q6,cognitive_structural_25_75,generalist,560,0.9375,0.8089,0.9669,0.9964,0.025,0.0179,0.1304,0.0679,0.784,none
35b_a3b_moe,instruct,healthy_q6,cognitive_structural_25_75,math,560,0.9411,0.7768,0.9616,0.9804,0.0304,0.0214,0.1714,0.0643,0.7465,none
35b_a3b_moe,instruct,healthy_q6,cognitive_structural_25_75,planning,560,0.9607,0.8429,0.9715,0.9929,0.0321,0.0179,0.1054,0.0411,0.8192,none
35b_a3b_moe,instruct,healthy_q6,cognitive_structural_25_75,rhetoric,560,0.9571,0.8125,0.9699,0.9875,0.0304,0.0161,0.1464,0.0393,0.7865,none
35b_a3b_moe,instruct,healthy_q6,cognitive_structural_25_75,spatial,560,0.9429,0.8179,0.9656,0.9946,0.0393,0.0161,0.125,0.0589,0.7899,none
35b_a3b_moe,instruct,healthy_q6,cyber_structural_25_75,adversarial,560,0.9518,0.825,0.9695,0.9911,0.0375,0.0321,0.1143,0.0446,0.7959,none
35b_a3b_moe,instruct,healthy_q6,cyber_structural_25_75,boundary,560,0.9339,0.7679,0.9587,0.9893,0.0554,0.0393,0.1571,0.0536,0.7281,none
35b_a3b_moe,instruct,healthy_q6,cyber_structural_25_75,coding,560,0.95,0.8179,0.9675,0.9946,0.0393,0.0321,0.1143,0.0554,0.7877,none
35b_a3b_moe,instruct,healthy_q6,cyber_structural_25_75,epistemic,560,0.9304,0.8054,0.9633,0.9857,0.0429,0.0161,0.1304,0.0482,0.7764,none
35b_a3b_moe,instruct,healthy_q6,cyber_structural_25_75,forensic,560,0.9607,0.8232,0.9698,0.9893,0.0232,0.0357,0.1179,0.0554,0.7969,none
35b_a3b_moe,instruct,healthy_q6,cyber_structural_25_75,generalist,560,0.9411,0.7839,0.9663,0.9875,0.0393,0.0304,0.1429,0.0375,0.7528,none
35b_a3b_moe,instruct,healthy_q6,cyber_structural_25_75,math,560,0.95,0.8089,0.9676,0.9946,0.0393,0.0125,0.1482,0.0446,0.7806,none
35b_a3b_moe,instruct,healthy_q6,cyber_structural_25_75,planning,560,0.9536,0.8321,0.968,0.9946,0.0339,0.0179,0.1107,0.0554,0.8068,none
35b_a3b_moe,instruct,healthy_q6,cyber_structural_25_75,rhetoric,560,0.9643,0.8179,0.9706,0.9875,0.0268,0.0161,0.15,0.0393,0.7926,none
35b_a3b_moe,instruct,healthy_q6,cyber_structural_25_75,spatial,560,0.9375,0.8179,0.9659,0.9946,0.05,0.0196,0.1161,0.0446,0.7874,none
35b_a3b_moe,instruct,healthy_q6,q2_structural_amplifier,adversarial,560,0.9214,0.5804,0.9337,0.9911,0.0482,0.2786,0.1625,0.0625,0.4941,none
35b_a3b_moe,instruct,healthy_q6,q2_structural_amplifier,boundary,560,0.9036,0.5446,0.9263,0.9857,0.0536,0.2679,0.2268,0.0714,0.4533,none
35b_a3b_moe,instruct,healthy_q6,q2_structural_amplifier,coding,560,0.9179,0.5786,0.9365,0.9964,0.0518,0.2661,0.1571,0.0536,0.4946,none
35b_a3b_moe,instruct,healthy_q6,q2_structural_amplifier,epistemic,560,0.9286,0.5554,0.9428,0.9893,0.0482,0.2696,0.1929,0.0214,0.4705,none
35b_a3b_moe,instruct,healthy_q6,q2_structural_amplifier,forensic,560,0.9125,0.5125,0.9313,0.9929,0.0554,0.3304,0.1589,0.0589,0.4142,none
35b_a3b_moe,instruct,healthy_q6,q2_structural_amplifier,generalist,560,0.9107,0.5696,0.9327,0.9786,0.0589,0.2589,0.1821,0.0339,0.4839,none
35b_a3b_moe,instruct,healthy_q6,q2_structural_amplifier,math,560,0.9357,0.5304,0.9346,0.9875,0.0411,0.2839,0.2304,0.0571,0.44,none
35b_a3b_moe,instruct,healthy_q6,q2_structural_amplifier,planning,560,0.9304,0.5929,0.9378,0.9964,0.0536,0.2571,0.1536,0.0464,0.5108,none
35b_a3b_moe,instruct,healthy_q6,q2_structural_amplifier,rhetoric,560,0.9089,0.5304,0.9305,0.9893,0.0571,0.3054,0.2018,0.0536,0.4333,none
35b_a3b_moe,instruct,healthy_q6,q2_structural_amplifier,spatial,560,0.9161,0.5768,0.9338,0.9875,0.0661,0.2679,0.1536,0.0536,0.4884,none
35b_a3b_moe,instruct,healthy_q6,routed_tri_structural_60,adversarial,560,0.9589,0.8143,0.9677,0.9893,0.0304,0.0393,0.1286,0.0607,0.784,none
35b_a3b_moe,instruct,healthy_q6,routed_tri_structural_60,boundary,560,0.9571,0.8054,0.97,0.9946,0.0304,0.0518,0.1179,0.0571,0.7736,none
35b_a3b_moe,instruct,healthy_q6,routed_tri_structural_60,coding,560,0.9554,0.7804,0.9683,0.9964,0.0321,0.0607,0.1411,0.0518,0.7447,none
35b_a3b_moe,instruct,healthy_q6,routed_tri_structural_60,epistemic,560,0.9339,0.7625,0.9597,0.9893,0.0393,0.0232,0.1911,0.0518,0.7282,none
35b_a3b_moe,instruct,healthy_q6,routed_tri_structural_60,forensic,560,0.9696,0.8125,0.9744,0.9893,0.0268,0.0429,0.1339,0.0304,0.7837,none
35b_a3b_moe,instruct,healthy_q6,routed_tri_structural_60,generalist,560,0.9464,0.8018,0.9696,0.9964,0.0304,0.0536,0.125,0.0482,0.7696,none
35b_a3b_moe,instruct,healthy_q6,routed_tri_structural_60,math,560,0.9482,0.7357,0.962,0.9786,0.0196,0.0268,0.2268,0.0554,0.7036,none
35b_a3b_moe,instruct,healthy_q6,routed_tri_structural_60,planning,560,0.9625,0.8304,0.9719,0.9911,0.025,0.0393,0.1089,0.05,0.8038,none
35b_a3b_moe,instruct,healthy_q6,routed_tri_structural_60,rhetoric,560,0.9625,0.8089,0.9694,0.9804,0.0268,0.0446,0.1304,0.0464,0.7792,none
35b_a3b_moe,instruct,healthy_q6,routed_tri_structural_60,spatial,560,0.9518,0.8268,0.9664,0.9857,0.0339,0.0196,0.1214,0.0536,0.8003,none
35b_a3b_moe,instruct,healthy_q6,routed_tri_structural_65,adversarial,560,0.9571,0.8357,0.9695,0.9946,0.0375,0.0411,0.1,0.0554,0.8055,none
35b_a3b_moe,instruct,healthy_q6,routed_tri_structural_65,boundary,560,0.9482,0.7768,0.9657,0.9911,0.0411,0.0518,0.1589,0.0411,0.7393,none
35b_a3b_moe,instruct,healthy_q6,routed_tri_structural_65,coding,560,0.9518,0.8089,0.9674,0.9875,0.0375,0.0375,0.1179,0.0464,0.7784,none
35b_a3b_moe,instruct,healthy_q6,routed_tri_structural_65,epistemic,560,0.9482,0.7911,0.9691,0.9786,0.025,0.0268,0.1518,0.0321,0.7645,none
35b_a3b_moe,instruct,healthy_q6,routed_tri_structural_65,forensic,560,0.9554,0.8161,0.9694,0.9893,0.025,0.0429,0.1339,0.0518,0.7867,none
35b_a3b_moe,instruct,healthy_q6,routed_tri_structural_65,generalist,560,0.9429,0.7946,0.9685,0.9911,0.0321,0.0446,0.1304,0.0429,0.7635,none
35b_a3b_moe,instruct,healthy_q6,routed_tri_structural_65,math,560,0.9518,0.7625,0.9664,0.9893,0.0357,0.0482,0.1679,0.0464,0.7264,none
35b_a3b_moe,instruct,healthy_q6,routed_tri_structural_65,planning,560,0.95,0.8125,0.962,0.9786,0.0286,0.0304,0.1232,0.0661,0.7847,none
35b_a3b_moe,instruct,healthy_q6,routed_tri_structural_65,rhetoric,560,0.9411,0.7786,0.9647,0.9893,0.0464,0.0411,0.1482,0.0411,0.7425,none
35b_a3b_moe,instruct,healthy_q6,routed_tri_structural_65,spatial,560,0.9429,0.8357,0.9669,0.9911,0.0411,0.0232,0.1,0.0536,0.8081,none
35b_a3b_moe,instruct,healthy_q6,stability_first_tri_70,adversarial,560,0.9518,0.8411,0.966,0.9911,0.0357,0.0268,0.1071,0.0714,0.8129,none
35b_a3b_moe,instruct,healthy_q6,stability_first_tri_70,boundary,560,0.9696,0.8089,0.9707,0.9946,0.0232,0.0429,0.1357,0.0571,0.7797,none
35b_a3b_moe,instruct,healthy_q6,stability_first_tri_70,coding,560,0.9554,0.8339,0.9687,0.9911,0.0321,0.0286,0.1036,0.0607,0.8073,none
35b_a3b_moe,instruct,healthy_q6,stability_first_tri_70,epistemic,560,0.9375,0.7696,0.9629,0.9875,0.0357,0.0196,0.175,0.0446,0.7388,none
35b_a3b_moe,instruct,healthy_q6,stability_first_tri_70,forensic,560,0.9446,0.8054,0.9615,0.9875,0.0339,0.0339,0.1232,0.0768,0.7747,none
35b_a3b_moe,instruct,healthy_q6,stability_first_tri_70,generalist,560,0.9429,0.7964,0.9649,0.9857,0.0286,0.0429,0.1286,0.0607,0.766,none
35b_a3b_moe,instruct,healthy_q6,stability_first_tri_70,math,560,0.9589,0.7911,0.9681,0.9893,0.0268,0.0339,0.1696,0.0482,0.7603,none
35b_a3b_moe,instruct,healthy_q6,stability_first_tri_70,planning,560,0.9589,0.8625,0.973,0.9839,0.0286,0.0214,0.0929,0.0393,0.8402,none
35b_a3b_moe,instruct,healthy_q6,stability_first_tri_70,rhetoric,560,0.9536,0.8018,0.9691,0.9964,0.0304,0.0268,0.1482,0.05,0.773,none
35b_a3b_moe,instruct,healthy_q6,stability_first_tri_70,spatial,560,0.95,0.8536,0.9692,0.9857,0.0411,0.0214,0.0911,0.0429,0.8275,none
35b_a3b_moe,instruct,healthy_q8,cognitive_structural_25_75,adversarial,560,0.9643,0.8214,0.9713,0.9982,0.025,0.0196,0.1321,0.0589,0.7965,none
35b_a3b_moe,instruct,healthy_q8,cognitive_structural_25_75,boundary,560,0.9607,0.8357,0.9709,0.9839,0.0196,0.025,0.1125,0.0571,0.813,none
35b_a3b_moe,instruct,healthy_q8,cognitive_structural_25_75,coding,560,0.9625,0.8232,0.9711,0.9911,0.025,0.0339,0.1179,0.0518,0.7969,none
35b_a3b_moe,instruct,healthy_q8,cognitive_structural_25_75,epistemic,560,0.9571,0.8304,0.9705,0.9875,0.025,0.0054,0.1357,0.0393,0.809,none
35b_a3b_moe,instruct,healthy_q8,cognitive_structural_25_75,forensic,560,0.975,0.8679,0.975,0.9821,0.0179,0.0161,0.0964,0.0429,0.8494,none
35b_a3b_moe,instruct,healthy_q8,cognitive_structural_25_75,generalist,560,0.9482,0.8143,0.9693,0.9893,0.0268,0.0321,0.1321,0.0464,0.7869,none
35b_a3b_moe,instruct,healthy_q8,cognitive_structural_25_75,math,560,0.9696,0.8018,0.968,0.9911,0.0196,0.0179,0.1696,0.0643,0.7755,none
35b_a3b_moe,instruct,healthy_q8,cognitive_structural_25_75,planning,560,0.9625,0.8304,0.9726,0.9964,0.0268,0.0107,0.1446,0.0411,0.8066,none
35b_a3b_moe,instruct,healthy_q8,cognitive_structural_25_75,rhetoric,560,0.9571,0.825,0.9694,0.9929,0.025,0.0107,0.1357,0.0571,0.8016,none
35b_a3b_moe,instruct,healthy_q8,cognitive_structural_25_75,spatial,560,0.9607,0.8357,0.9717,0.9929,0.0214,0.0161,0.1304,0.0536,0.813,none
35b_a3b_moe,instruct,healthy_q8,cyber_structural_25_75,adversarial,560,0.9446,0.8393,0.9708,0.9929,0.0357,0.0214,0.0893,0.0518,0.8146,none
35b_a3b_moe,instruct,healthy_q8,cyber_structural_25_75,boundary,560,0.9625,0.8446,0.9707,0.9839,0.0232,0.0286,0.1036,0.0571,0.8208,none
35b_a3b_moe,instruct,healthy_q8,cyber_structural_25_75,coding,560,0.9482,0.825,0.9661,0.9929,0.0339,0.0268,0.1161,0.0679,0.7968,none
35b_a3b_moe,instruct,healthy_q8,cyber_structural_25_75,epistemic,560,0.9554,0.7929,0.9687,0.9893,0.0286,0.0143,0.1768,0.0339,0.7656,none
35b_a3b_moe,instruct,healthy_q8,cyber_structural_25_75,forensic,560,0.9679,0.875,0.9746,0.9929,0.0286,0.0161,0.0839,0.0464,0.8542,none
35b_a3b_moe,instruct,healthy_q8,cyber_structural_25_75,generalist,560,0.9482,0.8107,0.9707,0.9911,0.0339,0.025,0.1304,0.0321,0.7835,none
35b_a3b_moe,instruct,healthy_q8,cyber_structural_25_75,math,560,0.9625,0.8232,0.9717,0.9911,0.0214,0.0107,0.1393,0.0536,0.8008,none
35b_a3b_moe,instruct,healthy_q8,cyber_structural_25_75,planning,560,0.9518,0.8321,0.9662,0.9893,0.0357,0.0161,0.1161,0.0571,0.8061,none
35b_a3b_moe,instruct,healthy_q8,cyber_structural_25_75,rhetoric,560,0.9679,0.8375,0.9727,0.9857,0.0196,0.0214,0.1286,0.0464,0.8147,none
35b_a3b_moe,instruct,healthy_q8,cyber_structural_25_75,spatial,560,0.9554,0.8482,0.9686,0.9821,0.0321,0.0196,0.0946,0.0518,0.8245,none
35b_a3b_moe,instruct,healthy_q8,q2_structural_amplifier,adversarial,560,0.8982,0.5589,0.929,0.9893,0.0643,0.2964,0.1554,0.0589,0.465,none
35b_a3b_moe,instruct,healthy_q8,q2_structural_amplifier,boundary,560,0.9321,0.5554,0.9347,0.9875,0.0286,0.3107,0.1804,0.0714,0.4666,none
35b_a3b_moe,instruct,healthy_q8,q2_structural_amplifier,coding,560,0.9214,0.5429,0.9346,0.9929,0.0446,0.2946,0.1804,0.0518,0.4535,none
35b_a3b_moe,instruct,healthy_q8,q2_structural_amplifier,epistemic,560,0.9214,0.5571,0.9379,0.9839,0.0464,0.275,0.1804,0.0393,0.4718,none
35b_a3b_moe,instruct,healthy_q8,q2_structural_amplifier,forensic,560,0.9179,0.5179,0.9292,0.9857,0.0536,0.3232,0.2,0.0518,0.4186,none
35b_a3b_moe,instruct,healthy_q8,q2_structural_amplifier,generalist,560,0.9339,0.5482,0.9342,0.9893,0.0393,0.3036,0.1714,0.05,0.4595,none
35b_a3b_moe,instruct,healthy_q8,q2_structural_amplifier,math,560,0.9375,0.5357,0.9366,0.9911,0.0375,0.2786,0.2375,0.0571,0.4469,none
35b_a3b_moe,instruct,healthy_q8,q2_structural_amplifier,planning,560,0.9143,0.5839,0.9354,0.9839,0.0589,0.2536,0.1571,0.0393,0.501,none
35b_a3b_moe,instruct,healthy_q8,q2_structural_amplifier,rhetoric,560,0.9304,0.6161,0.9432,0.9893,0.0393,0.2393,0.1929,0.05,0.5385,none
35b_a3b_moe,instruct,healthy_q8,q2_structural_amplifier,spatial,560,0.9286,0.6286,0.944,0.9821,0.0411,0.2446,0.1339,0.05,0.5541,none
35b_a3b_moe,instruct,healthy_q8,routed_tri_structural_60,adversarial,560,0.9732,0.8339,0.9739,0.9893,0.0143,0.0429,0.125,0.0536,0.8084,none
35b_a3b_moe,instruct,healthy_q8,routed_tri_structural_60,boundary,560,0.9661,0.8,0.971,0.9911,0.0304,0.0661,0.1161,0.0464,0.7661,none
35b_a3b_moe,instruct,healthy_q8,routed_tri_structural_60,coding,560,0.9679,0.8107,0.9704,0.9821,0.0232,0.0464,0.125,0.0464,0.7821,none
35b_a3b_moe,instruct,healthy_q8,routed_tri_structural_60,epistemic,560,0.9607,0.8054,0.972,0.9821,0.0161,0.0286,0.1554,0.0321,0.7808,none
35b_a3b_moe,instruct,healthy_q8,routed_tri_structural_60,forensic,560,0.9696,0.8268,0.975,0.9875,0.0232,0.0411,0.1143,0.0321,0.8009,none
35b_a3b_moe,instruct,healthy_q8,routed_tri_structural_60,generalist,560,0.9429,0.825,0.969,0.9893,0.025,0.0446,0.1071,0.0571,0.7971,none
35b_a3b_moe,instruct,healthy_q8,routed_tri_structural_60,math,560,0.9518,0.7893,0.965,0.9857,0.025,0.0232,0.1732,0.0643,0.7601,none
35b_a3b_moe,instruct,healthy_q8,routed_tri_structural_60,planning,560,0.9732,0.8304,0.9756,0.9911,0.0196,0.0446,0.1179,0.0375,0.8042,none
35b_a3b_moe,instruct,healthy_q8,routed_tri_structural_60,rhetoric,560,0.95,0.7982,0.9669,0.9911,0.0375,0.0482,0.1304,0.0536,0.7642,none
35b_a3b_moe,instruct,healthy_q8,routed_tri_structural_60,spatial,560,0.95,0.8268,0.9696,0.9964,0.0375,0.0393,0.1054,0.0518,0.7967,none
35b_a3b_moe,instruct,healthy_q8,routed_tri_structural_65,adversarial,560,0.9411,0.8196,0.9649,0.9929,0.0446,0.0464,0.1,0.0661,0.7857,none
35b_a3b_moe,instruct,healthy_q8,routed_tri_structural_65,boundary,560,0.9411,0.7982,0.9658,0.9839,0.0321,0.0464,0.1143,0.0607,0.7671,none
35b_a3b_moe,instruct,healthy_q8,routed_tri_structural_65,coding,560,0.9768,0.8393,0.9776,0.9893,0.0125,0.0482,0.1071,0.0411,0.8153,none
35b_a3b_moe,instruct,healthy_q8,routed_tri_structural_65,epistemic,560,0.9571,0.825,0.972,0.9911,0.0214,0.0304,0.1179,0.0518,0.8005,none
35b_a3b_moe,instruct,healthy_q8,routed_tri_structural_65,forensic,560,0.9518,0.8232,0.9711,0.9929,0.0321,0.0393,0.1054,0.0446,0.7951,none
35b_a3b_moe,instruct,healthy_q8,routed_tri_structural_65,generalist,560,0.9321,0.7786,0.9659,0.9893,0.0357,0.0554,0.1196,0.0518,0.7446,none
35b_a3b_moe,instruct,healthy_q8,routed_tri_structural_65,math,560,0.9679,0.7875,0.9699,0.9929,0.0143,0.0321,0.1786,0.0607,0.7595,none
35b_a3b_moe,instruct,healthy_q8,routed_tri_structural_65,planning,560,0.9464,0.8071,0.9667,0.9893,0.0304,0.0446,0.1179,0.0589,0.7767,none
35b_a3b_moe,instruct,healthy_q8,routed_tri_structural_65,rhetoric,560,0.9696,0.8125,0.9754,0.9964,0.0196,0.0339,0.1429,0.0393,0.7864,none
35b_a3b_moe,instruct,healthy_q8,routed_tri_structural_65,spatial,560,0.9661,0.825,0.9731,0.9857,0.0179,0.0304,0.1268,0.0446,0.8012,none
35b_a3b_moe,instruct,healthy_q8,stability_first_tri_70,adversarial,560,0.9518,0.8214,0.9695,0.9893,0.0286,0.0393,0.1071,0.0571,0.7936,none
35b_a3b_moe,instruct,healthy_q8,stability_first_tri_70,boundary,560,0.9643,0.8054,0.9706,0.9893,0.025,0.0482,0.1232,0.0536,0.7757,none
35b_a3b_moe,instruct,healthy_q8,stability_first_tri_70,coding,560,0.9696,0.8482,0.9776,0.9929,0.0179,0.0375,0.1036,0.0357,0.8253,none
35b_a3b_moe,instruct,healthy_q8,stability_first_tri_70,epistemic,560,0.9446,0.7893,0.9681,0.9911,0.0268,0.0286,0.1571,0.0411,0.7609,none
35b_a3b_moe,instruct,healthy_q8,stability_first_tri_70,forensic,560,0.9554,0.8268,0.9701,0.9911,0.0321,0.0321,0.1179,0.0482,0.7989,none
35b_a3b_moe,instruct,healthy_q8,stability_first_tri_70,generalist,560,0.9732,0.8089,0.9742,0.9857,0.0161,0.0464,0.1375,0.0357,0.782,none
35b_a3b_moe,instruct,healthy_q8,stability_first_tri_70,math,560,0.9571,0.7911,0.9691,0.9929,0.0304,0.0375,0.1643,0.0464,0.759,none
35b_a3b_moe,instruct,healthy_q8,stability_first_tri_70,planning,560,0.9571,0.8464,0.9731,0.9911,0.0304,0.0286,0.1036,0.0357,0.8215,none
35b_a3b_moe,instruct,healthy_q8,stability_first_tri_70,rhetoric,560,0.9571,0.8089,0.9644,0.9768,0.0214,0.0268,0.1375,0.0696,0.7827,none
35b_a3b_moe,instruct,healthy_q8,stability_first_tri_70,spatial,560,0.9571,0.8429,0.9708,0.9857,0.0339,0.0339,0.0964,0.0411,0.8161,none
4b,base,collapsed_q2_edge,cognitive_structural_25_75,adversarial,560,0.0929,0.0554,0.357,0.7357,0.4429,0.025,0.6,2.4982,-0.2554,cascade
4b,base,collapsed_q2_edge,cognitive_structural_25_75,boundary,560,0.1125,0.0768,0.3754,0.7089,0.4393,0.0304,0.6321,2.2911,-0.2262,cascade
4b,base,collapsed_q2_edge,cognitive_structural_25_75,coding,560,0.1036,0.0804,0.338,0.6125,0.4143,0.0357,0.5232,2.3286,-0.2094,cascade
4b,base,collapsed_q2_edge,cognitive_structural_25_75,epistemic,560,0.1321,0.0911,0.3612,0.6196,0.3893,0.0089,0.5911,2.0071,-0.1751,cascade
4b,base,collapsed_q2_edge,cognitive_structural_25_75,forensic,560,0.1018,0.0768,0.3415,0.7179,0.4286,0.0214,0.5643,2.35,-0.2187,cascade
4b,base,collapsed_q2_edge,cognitive_structural_25_75,generalist,560,0.0946,0.0643,0.3304,0.5607,0.4304,0.025,0.5768,2.1768,-0.2248,cascade
4b,base,collapsed_q2_edge,cognitive_structural_25_75,math,560,0.1107,0.0768,0.351,0.5786,0.3536,0.025,0.5268,2.5625,-0.2046,cascade
4b,base,collapsed_q2_edge,cognitive_structural_25_75,planning,560,0.1321,0.0982,0.3653,0.6036,0.3946,0.0179,0.4429,2.1679,-0.1676,cascade
4b,base,collapsed_q2_edge,cognitive_structural_25_75,rhetoric,560,0.0696,0.0571,0.3188,0.5982,0.4071,0.025,0.5286,2.425,-0.2335,cascade
4b,base,collapsed_q2_edge,cognitive_structural_25_75,spatial,560,0.1321,0.1143,0.3471,0.6179,0.3946,0.0214,0.4768,2.2893,-0.161,cascade
4b,base,collapsed_q2_edge,cyber_structural_25_75,adversarial,560,0.1964,0.1375,0.4894,0.8411,0.3857,0.0339,0.5536,1.9179,-0.1252,cascade
4b,base,collapsed_q2_edge,cyber_structural_25_75,boundary,560,0.2411,0.1589,0.5091,0.85,0.3929,0.0375,0.5964,1.725,-0.1004,cascade
4b,base,collapsed_q2_edge,cyber_structural_25_75,coding,560,0.0929,0.0643,0.3177,0.5411,0.4571,0.0411,0.4554,2.3661,-0.2358,cascade
4b,base,collapsed_q2_edge,cyber_structural_25_75,epistemic,560,0.1089,0.0679,0.3426,0.5482,0.3768,0.0321,0.5268,2.0304,-0.1953,cascade
4b,base,collapsed_q2_edge,cyber_structural_25_75,forensic,560,0.1536,0.1125,0.3983,0.7839,0.4107,0.0321,0.4964,2.1071,-0.1622,cascade
4b,base,collapsed_q2_edge,cyber_structural_25_75,generalist,560,0.075,0.0571,0.3027,0.4821,0.4482,0.0375,0.5268,2.2018,-0.2371,cascade
4b,base,collapsed_q2_edge,cyber_structural_25_75,math,560,0.0714,0.0625,0.3061,0.5125,0.375,0.0286,0.4964,2.7196,-0.2314,cascade
4b,base,collapsed_q2_edge,cyber_structural_25_75,planning,560,0.0946,0.0732,0.3269,0.5286,0.4196,0.0232,0.4589,2.2911,-0.2086,cascade
4b,base,collapsed_q2_edge,cyber_structural_25_75,rhetoric,560,0.0768,0.0571,0.2831,0.5214,0.4554,0.0357,0.5179,2.5286,-0.2545,cascade
4b,base,collapsed_q2_edge,cyber_structural_25_75,spatial,560,0.1179,0.0929,0.3288,0.5071,0.3929,0.0232,0.4232,2.3393,-0.1805,cascade
4b,base,collapsed_q2_edge,q2_structural_amplifier,adversarial,560,0.7161,0.325,0.8468,0.9893,0.2232,0.2732,0.5464,0.1036,0.1545,none
4b,base,collapsed_q2_edge,q2_structural_amplifier,boundary,560,0.7804,0.3393,0.864,0.9929,0.175,0.2911,0.5643,0.0732,0.1798,distractor_capture
4b,base,collapsed_q2_edge,q2_structural_amplifier,coding,560,0.5607,0.3071,0.7484,0.7929,0.2,0.2893,0.4232,0.4625,0.1323,none
4b,base,collapsed_q2_edge,q2_structural_amplifier,epistemic,560,0.5232,0.2857,0.7384,0.8,0.1964,0.2589,0.4804,0.4732,0.1129,none
4b,base,collapsed_q2_edge,q2_structural_amplifier,forensic,560,0.6232,0.2839,0.7937,0.9893,0.2036,0.3143,0.5125,0.4089,0.0986,distractor_capture
4b,base,collapsed_q2_edge,q2_structural_amplifier,generalist,560,0.5107,0.2375,0.7048,0.7375,0.1875,0.2982,0.5304,0.5571,0.0513,distractor_capture
4b,base,collapsed_q2_edge,q2_structural_amplifier,math,560,0.4196,0.2357,0.6489,0.6982,0.2054,0.2464,0.4875,0.9375,0.0389,none
4b,base,collapsed_q2_edge,q2_structural_amplifier,planning,560,0.5393,0.3143,0.7305,0.7375,0.2036,0.2732,0.4357,0.4946,0.139,none
4b,base,collapsed_q2_edge,q2_structural_amplifier,rhetoric,560,0.4571,0.225,0.6738,0.7286,0.1911,0.2821,0.5446,0.7571,0.0298,distractor_capture
4b,base,collapsed_q2_edge,q2_structural_amplifier,spatial,560,0.4804,0.2768,0.6806,0.7018,0.2232,0.2714,0.4214,0.6786,0.0879,none
4b,base,collapsed_q2_edge,routed_tri_structural_60,adversarial,560,0.2536,0.1536,0.5523,0.8768,0.3464,0.0625,0.5804,1.6071,-0.0896,cascade
4b,base,collapsed_q2_edge,routed_tri_structural_60,boundary,560,0.2964,0.1839,0.5672,0.8768,0.3357,0.0661,0.6393,1.4839,-0.0553,cascade
4b,base,collapsed_q2_edge,routed_tri_structural_60,coding,560,0.1946,0.1464,0.4559,0.6857,0.3304,0.0554,0.4482,1.8607,-0.0926,cascade
4b,base,collapsed_q2_edge,routed_tri_structural_60,epistemic,560,0.1732,0.1089,0.4581,0.6857,0.3304,0.0536,0.5125,1.5625,-0.12,cascade
4b,base,collapsed_q2_edge,routed_tri_structural_60,forensic,560,0.2232,0.1696,0.474,0.8393,0.3536,0.0464,0.4839,1.8304,-0.0759,cascade
4b,base,collapsed_q2_edge,routed_tri_structural_60,generalist,560,0.1589,0.1143,0.4502,0.6464,0.3179,0.0607,0.5411,1.6804,-0.1205,cascade
4b,base,collapsed_q2_edge,routed_tri_structural_60,math,560,0.1286,0.0946,0.3976,0.6071,0.3429,0.0446,0.5143,2.2107,-0.1688,cascade
4b,base,collapsed_q2_edge,routed_tri_structural_60,planning,560,0.2071,0.1661,0.4689,0.6589,0.3196,0.0429,0.425,1.7661,-0.0607,cascade
4b,base,collapsed_q2_edge,routed_tri_structural_60,rhetoric,560,0.1607,0.1125,0.4197,0.6429,0.3482,0.0339,0.5357,1.9839,-0.1408,cascade
4b,base,collapsed_q2_edge,routed_tri_structural_60,spatial,560,0.1911,0.1554,0.443,0.6571,0.3214,0.0429,0.3821,1.8875,-0.0746,cascade
4b,base,collapsed_q2_edge,routed_tri_structural_65,adversarial,560,0.2821,0.1875,0.5813,0.8839,0.3375,0.0375,0.5232,1.5071,-0.0385,cascade
4b,base,collapsed_q2_edge,routed_tri_structural_65,boundary,560,0.3607,0.2339,0.6058,0.8821,0.3464,0.05,0.5911,1.2679,0.0093,cascade
4b,base,collapsed_q2_edge,routed_tri_structural_65,coding,560,0.1786,0.1304,0.4413,0.6268,0.3179,0.0607,0.3839,1.8804,-0.1019,cascade
4b,base,collapsed_q2_edge,routed_tri_structural_65,epistemic,560,0.1821,0.1214,0.461,0.6536,0.3571,0.0339,0.5536,1.5214,-0.1129,cascade
4b,base,collapsed_q2_edge,routed_tri_structural_65,forensic,560,0.2786,0.2107,0.5111,0.8571,0.3554,0.0268,0.525,1.625,-0.0245,cascade
4b,base,collapsed_q2_edge,routed_tri_structural_65,generalist,560,0.1732,0.1232,0.4656,0.6518,0.3482,0.0607,0.5125,1.5982,-0.1143,cascade
4b,base,collapsed_q2_edge,routed_tri_structural_65,math,560,0.1339,0.0982,0.4287,0.6321,0.3089,0.0339,0.5482,2.1036,-0.1503,cascade
4b,base,collapsed_q2_edge,routed_tri_structural_65,planning,560,0.2232,0.1804,0.4787,0.6339,0.2982,0.0339,0.425,1.7232,-0.0361,cascade
4b,base,collapsed_q2_edge,routed_tri_structural_65,rhetoric,560,0.1661,0.1018,0.4367,0.6393,0.3482,0.025,0.5518,1.8482,-0.1442,cascade
4b,base,collapsed_q2_edge,routed_tri_structural_65,spatial,560,0.2286,0.1768,0.4728,0.6464,0.2839,0.0393,0.4464,1.7339,-0.0387,cascade
4b,base,collapsed_q2_edge,stability_first_tri_70,adversarial,560,0.3643,0.2464,0.6166,0.9107,0.3232,0.0464,0.5625,1.3464,0.0279,cascade
4b,base,collapsed_q2_edge,stability_first_tri_70,boundary,560,0.3518,0.2036,0.5959,0.8554,0.3161,0.0482,0.6143,1.3214,-0.0161,cascade
4b,base,collapsed_q2_edge,stability_first_tri_70,coding,560,0.2321,0.1625,0.5071,0.6982,0.2946,0.05,0.45,1.6143,-0.0526,cascade
4b,base,collapsed_q2_edge,stability_first_tri_70,epistemic,560,0.2036,0.1464,0.4895,0.7071,0.3161,0.0304,0.5089,1.4589,-0.0681,cascade
4b,base,collapsed_q2_edge,stability_first_tri_70,forensic,560,0.2375,0.1804,0.5155,0.8571,0.3125,0.0411,0.5054,1.6661,-0.0453,cascade
4b,base,collapsed_q2_edge,stability_first_tri_70,generalist,560,0.2125,0.1643,0.4953,0.6589,0.3036,0.0625,0.5071,1.4714,-0.0534,cascade
4b,base,collapsed_q2_edge,stability_first_tri_70,math,560,0.1946,0.1446,0.4728,0.6714,0.2857,0.0321,0.5018,1.9268,-0.084,cascade
4b,base,collapsed_q2_edge,stability_first_tri_70,planning,560,0.2732,0.2054,0.5062,0.6554,0.3268,0.0429,0.4589,1.4964,-0.0128,cascade
4b,base,collapsed_q2_edge,stability_first_tri_70,rhetoric,560,0.1661,0.1143,0.4394,0.6339,0.3339,0.0464,0.4875,1.8804,-0.1282,cascade
4b,base,collapsed_q2_edge,stability_first_tri_70,spatial,560,0.2339,0.1607,0.4791,0.6982,0.3304,0.0375,0.4464,1.7018,-0.0667,cascade
4b,base,damaged_q2,cognitive_structural_25_75,adversarial,560,0.3911,0.25,0.6536,0.8732,0.2268,0.025,0.5125,1.2321,0.0744,none
4b,base,damaged_q2,cognitive_structural_25_75,boundary,560,0.3964,0.2875,0.6271,0.8393,0.2571,0.0286,0.5429,1.2607,0.0982,none
4b,base,damaged_q2,cognitive_structural_25_75,coding,560,0.3054,0.2429,0.5712,0.7321,0.2589,0.0268,0.3696,1.4214,0.0592,cascade
4b,base,damaged_q2,cognitive_structural_25_75,epistemic,560,0.3179,0.2429,0.5858,0.7786,0.2321,0.0107,0.4911,1.2054,0.0715,none
4b,base,damaged_q2,cognitive_structural_25_75,forensic,560,0.3446,0.2464,0.5871,0.8482,0.25,0.0304,0.4679,1.4,0.0579,cascade
4b,base,damaged_q2,cognitive_structural_25_75,generalist,560,0.2821,0.2089,0.5598,0.7018,0.2714,0.0286,0.4804,1.2661,0.0201,cascade
4b,base,damaged_q2,cognitive_structural_25_75,math,560,0.3,0.2286,0.5717,0.7286,0.2125,0.0286,0.5018,1.5286,0.0425,none
4b,base,damaged_q2,cognitive_structural_25_75,planning,560,0.3946,0.3161,0.615,0.7589,0.2232,0.0143,0.3536,1.2607,0.1549,none
4b,base,damaged_q2,cognitive_structural_25_75,rhetoric,560,0.2464,0.1679,0.5328,0.7286,0.2661,0.0161,0.4821,1.5571,-0.0316,cascade
4b,base,damaged_q2,cognitive_structural_25_75,spatial,560,0.3339,0.2393,0.589,0.7321,0.2161,0.0304,0.3982,1.3018,0.0714,none
4b,base,damaged_q2,cyber_structural_25_75,adversarial,560,0.5661,0.4018,0.764,0.9625,0.2018,0.0286,0.4268,0.8,0.2614,none
4b,base,damaged_q2,cyber_structural_25_75,boundary,560,0.6268,0.3946,0.7789,0.9714,0.2161,0.0357,0.4768,0.6571,0.2517,none
4b,base,damaged_q2,cyber_structural_25_75,coding,560,0.2929,0.2107,0.5696,0.7107,0.2286,0.0482,0.4018,1.4036,0.0302,cascade
4b,base,damaged_q2,cyber_structural_25_75,epistemic,560,0.2857,0.2286,0.5781,0.7,0.2339,0.0143,0.4339,1.15,0.0633,cascade
4b,base,damaged_q2,cyber_structural_25_75,forensic,560,0.3857,0.3036,0.646,0.9375,0.2393,0.0268,0.4071,1.1964,0.134,none
4b,base,damaged_q2,cyber_structural_25_75,generalist,560,0.2536,0.1786,0.533,0.6554,0.2804,0.0518,0.4357,1.3018,-0.0158,cascade
4b,base,damaged_q2,cyber_structural_25_75,math,560,0.2375,0.1821,0.5063,0.6661,0.2643,0.0321,0.4571,1.7464,-0.0275,cascade
4b,base,damaged_q2,cyber_structural_25_75,planning,560,0.35,0.2464,0.5768,0.6875,0.2571,0.0411,0.3411,1.3,0.0688,cascade
4b,base,damaged_q2,cyber_structural_25_75,rhetoric,560,0.2446,0.1946,0.5054,0.625,0.2857,0.0232,0.4393,1.5875,-0.0102,cascade
4b,base,damaged_q2,cyber_structural_25_75,spatial,560,0.2893,0.2286,0.5459,0.6821,0.2429,0.0357,0.3554,1.45,0.0476,cascade
4b,base,damaged_q2,q2_structural_amplifier,adversarial,560,0.8339,0.3857,0.886,0.9839,0.1304,0.2768,0.4643,0.0661,0.2508,none
4b,base,damaged_q2,q2_structural_amplifier,boundary,560,0.7929,0.35,0.8722,0.9857,0.1661,0.2964,0.5107,0.0518,0.1974,none
4b,base,damaged_q2,q2_structural_amplifier,coding,560,0.7768,0.4,0.8735,0.8982,0.1321,0.2696,0.3536,0.0696,0.2747,none
4b,base,damaged_q2,q2_structural_amplifier,epistemic,560,0.7946,0.4232,0.8764,0.9196,0.1232,0.2554,0.4411,0.0732,0.2962,none
4b,base,damaged_q2,q2_structural_amplifier,forensic,560,0.825,0.3929,0.8869,0.9929,0.1393,0.3089,0.4214,0.0768,0.2517,none
4b,base,damaged_q2,q2_structural_amplifier,generalist,560,0.7268,0.3554,0.8383,0.8554,0.1375,0.2857,0.4625,0.1357,0.2132,none
4b,base,damaged_q2,q2_structural_amplifier,math,560,0.7464,0.3929,0.8475,0.8589,0.1321,0.2571,0.4411,0.1696,0.258,none
4b,base,damaged_q2,q2_structural_amplifier,planning,560,0.7714,0.3964,0.8636,0.8982,0.1375,0.2804,0.3946,0.0857,0.2632,none
4b,base,damaged_q2,q2_structural_amplifier,rhetoric,560,0.7554,0.3625,0.8475,0.875,0.1464,0.2804,0.4589,0.1339,0.2191,none
4b,base,damaged_q2,q2_structural_amplifier,spatial,560,0.7554,0.3786,0.8491,0.8554,0.1393,0.2661,0.3946,0.1357,0.2452,none
4b,base,damaged_q2,routed_tri_structural_60,adversarial,560,0.6571,0.4286,0.8095,0.9768,0.2036,0.0518,0.4946,0.5143,0.2919,none
4b,base,damaged_q2,routed_tri_structural_60,boundary,560,0.6982,0.4125,0.8217,0.9804,0.1679,0.0429,0.5554,0.4786,0.2852,none
4b,base,damaged_q2,routed_tri_structural_60,coding,560,0.4304,0.2911,0.6717,0.8036,0.2054,0.0375,0.4018,0.9982,0.1399,none
4b,base,damaged_q2,routed_tri_structural_60,epistemic,560,0.4518,0.2804,0.699,0.8196,0.2018,0.0429,0.4643,0.7589,0.1362,none
4b,base,damaged_q2,routed_tri_structural_60,forensic,560,0.55,0.3839,0.7303,0.9607,0.1911,0.05,0.4518,0.875,0.2367,none
4b,base,damaged_q2,routed_tri_structural_60,generalist,560,0.4571,0.3143,0.6903,0.8143,0.2357,0.0607,0.4571,0.7839,0.1557,none
4b,base,damaged_q2,routed_tri_structural_60,math,560,0.4161,0.2982,0.6522,0.7625,0.2018,0.0518,0.4589,1.1536,0.1329,none
4b,base,damaged_q2,routed_tri_structural_60,planning,560,0.5089,0.3643,0.6975,0.7786,0.2,0.0446,0.3786,0.8661,0.2218,none
4b,base,damaged_q2,routed_tri_structural_60,rhetoric,560,0.4482,0.2839,0.672,0.7964,0.2089,0.0429,0.4732,0.9607,0.1268,none
4b,base,damaged_q2,routed_tri_structural_60,spatial,560,0.5036,0.375,0.6858,0.8179,0.2,0.0357,0.375,0.9464,0.2305,none
4b,base,damaged_q2,routed_tri_structural_65,adversarial,560,0.6821,0.4107,0.8374,0.9893,0.2054,0.0607,0.4393,0.3857,0.2825,none
4b,base,damaged_q2,routed_tri_structural_65,boundary,560,0.75,0.4339,0.8465,0.9857,0.1571,0.0643,0.5071,0.3804,0.3143,none
4b,base,damaged_q2,routed_tri_structural_65,coding,560,0.5161,0.3625,0.7255,0.8071,0.1786,0.0393,0.3875,0.775,0.2313,none
4b,base,damaged_q2,routed_tri_structural_65,epistemic,560,0.5107,0.3411,0.7197,0.8196,0.2179,0.0464,0.4107,0.675,0.1998,none
4b,base,damaged_q2,routed_tri_structural_65,forensic,560,0.6,0.4571,0.768,0.975,0.1911,0.0339,0.3768,0.7321,0.3263,none
4b,base,damaged_q2,routed_tri_structural_65,generalist,560,0.5071,0.3679,0.7216,0.7964,0.1696,0.0554,0.425,0.7304,0.2354,none
4b,base,damaged_q2,routed_tri_structural_65,math,560,0.4268,0.3,0.6632,0.7839,0.2161,0.0393,0.4482,1.0893,0.137,none
4b,base,damaged_q2,routed_tri_structural_65,planning,560,0.5893,0.4089,0.7405,0.7964,0.1804,0.0518,0.3839,0.6964,0.2789,none
4b,base,damaged_q2,routed_tri_structural_65,rhetoric,560,0.4714,0.3179,0.6802,0.775,0.1982,0.0429,0.425,0.9304,0.1693,none
4b,base,damaged_q2,routed_tri_structural_65,spatial,560,0.5339,0.4125,0.7082,0.8107,0.1857,0.0446,0.3429,0.8679,0.277,none
4b,base,damaged_q2,stability_first_tri_70,adversarial,560,0.7089,0.4125,0.8506,0.9875,0.1821,0.0536,0.4786,0.3321,0.2922,none
4b,base,damaged_q2,stability_first_tri_70,boundary,560,0.7911,0.4536,0.8671,0.9804,0.1536,0.05,0.4929,0.2732,0.3444,none
4b,base,damaged_q2,stability_first_tri_70,coding,560,0.5696,0.4232,0.7521,0.8089,0.1571,0.0482,0.3321,0.7018,0.3048,none
4b,base,damaged_q2,stability_first_tri_70,epistemic,560,0.5054,0.375,0.7373,0.8339,0.2214,0.0429,0.4482,0.5768,0.2353,none
4b,base,damaged_q2,stability_first_tri_70,forensic,560,0.5804,0.3857,0.7636,0.9768,0.1982,0.0536,0.4768,0.7107,0.2419,none
4b,base,damaged_q2,stability_first_tri_70,generalist,560,0.5054,0.3482,0.7251,0.7786,0.1696,0.05,0.4375,0.6893,0.2179,none
4b,base,damaged_q2,stability_first_tri_70,math,560,0.5214,0.3714,0.7124,0.7982,0.1821,0.0446,0.4411,0.9036,0.2274,none
4b,base,damaged_q2,stability_first_tri_70,planning,560,0.6214,0.4357,0.7683,0.8339,0.1732,0.0446,0.3821,0.6071,0.3139,none
4b,base,damaged_q2,stability_first_tri_70,rhetoric,560,0.4893,0.3375,0.7021,0.775,0.1929,0.025,0.4911,0.8107,0.1948,none
4b,base,damaged_q2,stability_first_tri_70,spatial,560,0.5804,0.4268,0.7457,0.825,0.1786,0.0268,0.3107,0.7143,0.3073,none
4b,base,damaged_q3,cognitive_structural_25_75,adversarial,560,0.8696,0.6411,0.9325,0.9893,0.1071,0.0196,0.2875,0.0625,0.5789,none
4b,base,damaged_q3,cognitive_structural_25_75,boundary,560,0.8732,0.6196,0.9273,0.9893,0.1196,0.0304,0.3286,0.0554,0.5486,none
4b,base,damaged_q3,cognitive_structural_25_75,coding,560,0.8589,0.6321,0.9226,0.9732,0.0946,0.0393,0.2625,0.1179,0.569,none
4b,base,damaged_q3,cognitive_structural_25_75,epistemic,560,0.8625,0.6143,0.9207,0.9804,0.0857,0.0054,0.3339,0.1143,0.5551,none
4b,base,damaged_q3,cognitive_structural_25_75,forensic,560,0.8518,0.6214,0.9097,0.9875,0.0982,0.0268,0.3143,0.1875,0.5521,none
4b,base,damaged_q3,cognitive_structural_25_75,generalist,560,0.8411,0.6214,0.911,0.9536,0.0893,0.025,0.3089,0.1411,0.5579,none
4b,base,damaged_q3,cognitive_structural_25_75,math,560,0.825,0.6125,0.8995,0.9464,0.1107,0.0268,0.2839,0.2,0.5412,none
4b,base,damaged_q3,cognitive_structural_25_75,planning,560,0.8393,0.6321,0.914,0.9643,0.1214,0.0214,0.2571,0.1143,0.5651,none
4b,base,damaged_q3,cognitive_structural_25_75,rhetoric,560,0.7911,0.5589,0.8792,0.9357,0.1268,0.0196,0.3554,0.2286,0.4771,none
4b,base,damaged_q3,cognitive_structural_25_75,spatial,560,0.8518,0.6625,0.9141,0.9536,0.0911,0.0196,0.2429,0.1571,0.604,none
4b,base,damaged_q3,cyber_structural_25_75,adversarial,560,0.8411,0.6179,0.9203,0.9768,0.1339,0.0446,0.2893,0.0679,0.5422,none
4b,base,damaged_q3,cyber_structural_25_75,boundary,560,0.8536,0.6,0.9258,0.9911,0.1179,0.0357,0.3143,0.0661,0.5291,none
4b,base,damaged_q3,cyber_structural_25_75,coding,560,0.825,0.6375,0.9044,0.925,0.1107,0.0304,0.2446,0.1411,0.5716,none
4b,base,damaged_q3,cyber_structural_25_75,epistemic,560,0.775,0.5375,0.8749,0.9036,0.1143,0.0179,0.3536,0.2018,0.4613,none
4b,base,damaged_q3,cyber_structural_25_75,forensic,560,0.8536,0.6357,0.9166,0.9893,0.1196,0.0304,0.2696,0.1321,0.5656,none
4b,base,damaged_q3,cyber_structural_25_75,generalist,560,0.7375,0.5625,0.8625,0.8857,0.1411,0.0393,0.2911,0.2268,0.4777,none
4b,base,damaged_q3,cyber_structural_25_75,math,560,0.8071,0.5804,0.8777,0.8875,0.0875,0.0411,0.3321,0.2768,0.5055,none
4b,base,damaged_q3,cyber_structural_25_75,planning,560,0.7732,0.575,0.874,0.875,0.1268,0.0268,0.2518,0.2089,0.501,none
4b,base,damaged_q3,cyber_structural_25_75,rhetoric,560,0.8143,0.6232,0.885,0.9036,0.1018,0.0125,0.2911,0.2196,0.5559,none
4b,base,damaged_q3,cyber_structural_25_75,spatial,560,0.8018,0.6214,0.8819,0.8786,0.0911,0.0339,0.2393,0.2321,0.5566,none
4b,base,damaged_q3,q2_structural_amplifier,adversarial,560,0.9143,0.4661,0.9194,0.9839,0.0589,0.2857,0.3107,0.0571,0.3635,none
4b,base,damaged_q3,q2_structural_amplifier,boundary,560,0.8196,0.4446,0.8922,0.9875,0.1429,0.2821,0.3304,0.0607,0.3159,none
4b,base,damaged_q3,q2_structural_amplifier,coding,560,0.8768,0.4714,0.9139,0.9946,0.1,0.2839,0.2696,0.0482,0.3607,none
4b,base,damaged_q3,q2_structural_amplifier,epistemic,560,0.8607,0.4411,0.908,0.9893,0.1018,0.2804,0.3357,0.0536,0.3249,none
4b,base,damaged_q3,q2_structural_amplifier,forensic,560,0.8607,0.4946,0.9132,0.9893,0.1054,0.2679,0.2732,0.05,0.3851,none
4b,base,damaged_q3,q2_structural_amplifier,generalist,560,0.8518,0.4268,0.9034,0.9875,0.1036,0.3054,0.3286,0.0464,0.306,none
4b,base,damaged_q3,q2_structural_amplifier,math,560,0.8696,0.5232,0.9161,0.9768,0.0946,0.2536,0.2929,0.0446,0.4184,none
4b,base,damaged_q3,q2_structural_amplifier,planning,560,0.8964,0.525,0.924,0.9893,0.0804,0.2589,0.2304,0.0393,0.4287,none
4b,base,damaged_q3,q2_structural_amplifier,rhetoric,560,0.8625,0.4304,0.904,0.9929,0.1107,0.2768,0.3679,0.0589,0.3094,none
4b,base,damaged_q3,q2_structural_amplifier,spatial,560,0.8946,0.5232,0.9258,0.9875,0.0804,0.2643,0.2357,0.0411,0.4253,none
4b,base,damaged_q3,routed_tri_structural_60,adversarial,560,0.9018,0.6554,0.9453,0.9893,0.0893,0.0536,0.2554,0.0339,0.5957,none
4b,base,damaged_q3,routed_tri_structural_60,boundary,560,0.8482,0.5732,0.9213,0.9929,0.1321,0.0589,0.3625,0.05,0.4903,none
4b,base,damaged_q3,routed_tri_structural_60,coding,560,0.8911,0.6393,0.9423,0.9875,0.0839,0.0571,0.2482,0.0518,0.5802,none
4b,base,damaged_q3,routed_tri_structural_60,epistemic,560,0.8768,0.6304,0.9392,0.9964,0.0857,0.0357,0.3018,0.0536,0.5707,none
4b,base,damaged_q3,routed_tri_structural_60,forensic,560,0.8857,0.6179,0.937,0.9964,0.1054,0.0607,0.2821,0.0464,0.5492,none
4b,base,damaged_q3,routed_tri_structural_60,generalist,560,0.8786,0.6536,0.9375,0.9821,0.1018,0.0429,0.2554,0.0375,0.5922,none
4b,base,damaged_q3,routed_tri_structural_60,math,560,0.8679,0.625,0.9305,0.9804,0.1036,0.0482,0.2821,0.0732,0.5581,none
4b,base,damaged_q3,routed_tri_structural_60,planning,560,0.8982,0.6179,0.9379,0.9839,0.0911,0.0518,0.2839,0.0446,0.5552,none
4b,base,damaged_q3,routed_tri_structural_60,rhetoric,560,0.8804,0.6107,0.9313,0.9839,0.0964,0.0393,0.3161,0.0696,0.5452,none
4b,base,damaged_q3,routed_tri_structural_60,spatial,560,0.8857,0.6643,0.9394,0.9821,0.0964,0.0393,0.2464,0.0464,0.6055,none
4b,base,damaged_q3,routed_tri_structural_65,adversarial,560,0.8929,0.625,0.9372,0.9893,0.0911,0.0554,0.2857,0.0589,0.5608,none
4b,base,damaged_q3,routed_tri_structural_65,boundary,560,0.8768,0.6018,0.9301,0.9929,0.1071,0.0518,0.3,0.0696,0.5318,none
4b,base,damaged_q3,routed_tri_structural_65,coding,560,0.8929,0.6714,0.9408,0.9839,0.0857,0.0482,0.2304,0.0625,0.6145,none
4b,base,damaged_q3,routed_tri_structural_65,epistemic,560,0.8625,0.6554,0.9339,0.9857,0.0946,0.0179,0.2696,0.0643,0.5986,none
4b,base,damaged_q3,routed_tri_structural_65,forensic,560,0.8839,0.6286,0.9336,0.9821,0.0982,0.0446,0.2982,0.0536,0.5636,none
4b,base,damaged_q3,routed_tri_structural_65,generalist,560,0.8643,0.6393,0.9344,0.9821,0.1,0.0375,0.2643,0.0518,0.5781,none
4b,base,damaged_q3,routed_tri_structural_65,math,560,0.8857,0.6161,0.9333,0.9768,0.0875,0.05,0.3321,0.0571,0.5504,none
4b,base,damaged_q3,routed_tri_structural_65,planning,560,0.8929,0.6893,0.9415,0.9875,0.0875,0.05,0.2071,0.0607,0.6334,none
4b,base,damaged_q3,routed_tri_structural_65,rhetoric,560,0.8857,0.6196,0.935,0.9768,0.0893,0.0482,0.3089,0.0536,0.5558,none
4b,base,damaged_q3,routed_tri_structural_65,spatial,560,0.8929,0.6786,0.9415,0.9821,0.0946,0.0232,0.2411,0.0429,0.6241,none
4b,base,damaged_q3,stability_first_tri_70,adversarial,560,0.8732,0.6464,0.9341,0.9929,0.1179,0.0536,0.2786,0.0411,0.576,none
4b,base,damaged_q3,stability_first_tri_70,boundary,560,0.8911,0.6304,0.9365,0.9875,0.0929,0.0429,0.3054,0.0518,0.5669,none
4b,base,damaged_q3,stability_first_tri_70,coding,560,0.8839,0.6589,0.9383,0.9875,0.0982,0.0321,0.2446,0.0536,0.6008,none
4b,base,damaged_q3,stability_first_tri_70,epistemic,560,0.8768,0.6571,0.9369,0.9875,0.1,0.025,0.2911,0.0375,0.597,none
4b,base,damaged_q3,stability_first_tri_70,forensic,560,0.9,0.65,0.9453,0.9946,0.0875,0.0518,0.2732,0.0339,0.5898,none
4b,base,damaged_q3,stability_first_tri_70,generalist,560,0.8929,0.6643,0.9426,0.975,0.0786,0.0393,0.2536,0.0393,0.6106,none
4b,base,damaged_q3,stability_first_tri_70,math,560,0.8982,0.6482,0.9368,0.9821,0.0804,0.0321,0.2732,0.0875,0.5914,none
4b,base,damaged_q3,stability_first_tri_70,planning,560,0.8982,0.6518,0.9428,0.9964,0.0911,0.0411,0.2786,0.0393,0.592,none
4b,base,damaged_q3,stability_first_tri_70,rhetoric,560,0.9018,0.6375,0.9421,0.9804,0.0732,0.0518,0.2857,0.0554,0.5796,none
4b,base,damaged_q3,stability_first_tri_70,spatial,560,0.8875,0.65,0.9379,0.9839,0.0964,0.0321,0.2554,0.0536,0.5915,none
4b,base,damaged_q4,cognitive_structural_25_75,adversarial,560,0.9089,0.7125,0.9484,0.9946,0.0696,0.0107,0.2321,0.0679,0.6675,none
4b,base,damaged_q4,cognitive_structural_25_75,boundary,560,0.8875,0.6911,0.9399,0.9911,0.0946,0.0179,0.2446,0.0589,0.6366,none
4b,base,damaged_q4,cognitive_structural_25_75,coding,560,0.9089,0.7321,0.9525,0.9875,0.0768,0.025,0.1875,0.0375,0.6872,none
4b,base,damaged_q4,cognitive_structural_25_75,epistemic,560,0.9107,0.7286,0.9516,0.9893,0.0679,0.0089,0.2179,0.0411,0.6869,none
4b,base,damaged_q4,cognitive_structural_25_75,forensic,560,0.9161,0.7375,0.9499,0.9839,0.0768,0.0232,0.2143,0.0393,0.6907,none
4b,base,damaged_q4,cognitive_structural_25_75,generalist,560,0.9054,0.6929,0.951,0.9875,0.0643,0.0321,0.2339,0.0429,0.6463,none
4b,base,damaged_q4,cognitive_structural_25_75,math,560,0.9089,0.6875,0.9456,0.9911,0.0643,0.0214,0.2714,0.0714,0.6386,none
4b,base,damaged_q4,cognitive_structural_25_75,planning,560,0.9286,0.7393,0.9568,0.9964,0.0571,0.0125,0.2214,0.0429,0.6998,none
4b,base,damaged_q4,cognitive_structural_25_75,rhetoric,560,0.8929,0.6821,0.941,0.9911,0.0946,0.0125,0.2589,0.0482,0.6281,none
4b,base,damaged_q4,cognitive_structural_25_75,spatial,560,0.9143,0.7393,0.9501,0.9893,0.0661,0.0321,0.1714,0.0714,0.6958,none
4b,base,damaged_q4,cyber_structural_25_75,adversarial,560,0.8946,0.6946,0.9429,0.9946,0.0946,0.0321,0.2321,0.0536,0.6386,none
4b,base,damaged_q4,cyber_structural_25_75,boundary,560,0.8839,0.6768,0.9401,0.9893,0.1,0.0357,0.2429,0.05,0.6177,none
4b,base,damaged_q4,cyber_structural_25_75,coding,560,0.8821,0.7054,0.9394,0.9786,0.0964,0.0268,0.2018,0.0589,0.652,none
4b,base,damaged_q4,cyber_structural_25_75,epistemic,560,0.9125,0.7286,0.9532,0.9946,0.0714,0.0089,0.2143,0.0357,0.6864,none
4b,base,damaged_q4,cyber_structural_25_75,forensic,560,0.8768,0.6982,0.9404,0.9804,0.0911,0.0268,0.2089,0.0518,0.6462,none
4b,base,damaged_q4,cyber_structural_25_75,generalist,560,0.8982,0.6821,0.9485,0.9732,0.0607,0.0375,0.2321,0.0429,0.6357,none
4b,base,damaged_q4,cyber_structural_25_75,math,560,0.9054,0.7,0.9416,0.9661,0.0643,0.0304,0.2482,0.0768,0.6509,none
4b,base,damaged_q4,cyber_structural_25_75,planning,560,0.9,0.7143,0.9476,0.9786,0.0786,0.0304,0.2,0.0411,0.6666,none
4b,base,damaged_q4,cyber_structural_25_75,rhetoric,560,0.8839,0.6946,0.9395,0.975,0.0839,0.0268,0.2071,0.075,0.6438,none
4b,base,damaged_q4,cyber_structural_25_75,spatial,560,0.9089,0.7161,0.9465,0.975,0.0714,0.0214,0.2089,0.0554,0.6709,none
4b,base,damaged_q4,q2_structural_amplifier,adversarial,560,0.8839,0.5196,0.9213,0.9875,0.075,0.2679,0.2589,0.0518,0.4203,none
4b,base,damaged_q4,q2_structural_amplifier,boundary,560,0.8714,0.4518,0.9075,0.9911,0.1018,0.3196,0.3,0.0429,0.3312,none
4b,base,damaged_q4,q2_structural_amplifier,coding,560,0.9125,0.5339,0.9257,0.9893,0.075,0.2589,0.2482,0.0375,0.4379,none
4b,base,damaged_q4,q2_structural_amplifier,epistemic,560,0.8821,0.4929,0.9215,0.9893,0.0893,0.2536,0.2875,0.0321,0.3907,none
4b,base,damaged_q4,q2_structural_amplifier,forensic,560,0.9107,0.5339,0.9308,0.9875,0.0679,0.2536,0.2429,0.0393,0.4415,none
4b,base,damaged_q4,q2_structural_amplifier,generalist,560,0.8964,0.5161,0.924,0.9946,0.0607,0.2946,0.2268,0.0554,0.418,none
4b,base,damaged_q4,q2_structural_amplifier,math,560,0.9232,0.5071,0.9289,0.9929,0.0536,0.2732,0.2857,0.0571,0.4107,none
4b,base,damaged_q4,q2_structural_amplifier,planning,560,0.9,0.5232,0.9245,0.9893,0.0714,0.2536,0.25,0.0464,0.4287,none
4b,base,damaged_q4,q2_structural_amplifier,rhetoric,560,0.9018,0.5,0.9212,0.9875,0.0714,0.2982,0.275,0.0536,0.3942,none
4b,base,damaged_q4,q2_structural_amplifier,spatial,560,0.8804,0.5536,0.923,0.9893,0.0893,0.25,0.2089,0.0571,0.4572,none
4b,base,damaged_q4,routed_tri_structural_60,adversarial,560,0.8982,0.7018,0.9454,0.9929,0.0875,0.0393,0.2232,0.0536,0.6471,none
4b,base,damaged_q4,routed_tri_structural_60,boundary,560,0.8946,0.6607,0.9426,0.9946,0.1,0.05,0.275,0.0286,0.5973,none
4b,base,damaged_q4,routed_tri_structural_60,coding,560,0.9071,0.6875,0.9471,0.9911,0.0732,0.0661,0.2089,0.0643,0.6324,none
4b,base,damaged_q4,routed_tri_structural_60,epistemic,560,0.9054,0.6821,0.9505,0.9857,0.075,0.0375,0.2411,0.0286,0.6314,none
4b,base,damaged_q4,routed_tri_structural_60,forensic,560,0.8946,0.6857,0.9409,0.9911,0.0946,0.0464,0.2304,0.0589,0.6267,none
4b,base,damaged_q4,routed_tri_structural_60,generalist,560,0.9018,0.6679,0.9475,0.9875,0.0643,0.0714,0.2339,0.0571,0.6127,none
4b,base,damaged_q4,routed_tri_structural_60,math,560,0.9179,0.6679,0.9495,0.9893,0.0571,0.0393,0.2821,0.0589,0.6173,none
4b,base,damaged_q4,routed_tri_structural_60,planning,560,0.8929,0.7125,0.9439,0.9875,0.0929,0.0375,0.1893,0.0518,0.6594,none
4b,base,damaged_q4,routed_tri_structural_60,rhetoric,560,0.9179,0.6786,0.9508,0.9946,0.0714,0.0321,0.2643,0.0375,0.6277,none
4b,base,damaged_q4,routed_tri_structural_60,spatial,560,0.8929,0.7018,0.944,0.9893,0.0929,0.0464,0.1893,0.0536,0.6468,none
4b,base,damaged_q4,routed_tri_structural_65,adversarial,560,0.8875,0.6839,0.94,0.9839,0.0911,0.0607,0.2268,0.0625,0.6232,none
4b,base,damaged_q4,routed_tri_structural_65,boundary,560,0.8732,0.6679,0.9373,0.9786,0.1018,0.0554,0.2321,0.0446,0.6054,none
4b,base,damaged_q4,routed_tri_structural_65,coding,560,0.9196,0.7268,0.9561,0.9893,0.0714,0.0429,0.1893,0.0268,0.6803,none
4b,base,damaged_q4,routed_tri_structural_65,epistemic,560,0.9268,0.7054,0.9548,0.9893,0.0589,0.0161,0.25,0.0304,0.6629,none
4b,base,damaged_q4,routed_tri_structural_65,forensic,560,0.8929,0.6911,0.9382,0.9839,0.0946,0.0607,0.2125,0.0696,0.6301,none
4b,base,damaged_q4,routed_tri_structural_65,generalist,560,0.9161,0.7071,0.9551,0.9946,0.0589,0.0518,0.2161,0.0429,0.6597,none
4b,base,damaged_q4,routed_tri_structural_65,math,560,0.9089,0.6661,0.9465,0.9875,0.0625,0.0268,0.2786,0.0625,0.6166,none
4b,base,damaged_q4,routed_tri_structural_65,planning,560,0.8929,0.7054,0.9438,0.9911,0.0893,0.0482,0.1946,0.0607,0.6503,none
4b,base,damaged_q4,routed_tri_structural_65,rhetoric,560,0.9036,0.7,0.9472,0.9875,0.0732,0.05,0.2107,0.0625,0.6481,none
4b,base,damaged_q4,routed_tri_structural_65,spatial,560,0.9339,0.7214,0.9582,0.9893,0.0482,0.0482,0.1982,0.0446,0.6792,none
4b,base,damaged_q4,stability_first_tri_70,adversarial,560,0.9,0.6607,0.9431,0.9946,0.0893,0.0536,0.2286,0.0643,0.6017,none
4b,base,damaged_q4,stability_first_tri_70,boundary,560,0.9196,0.6946,0.9507,0.9929,0.0696,0.0411,0.2411,0.0464,0.6439,none
4b,base,damaged_q4,stability_first_tri_70,coding,560,0.9286,0.6821,0.9549,0.9929,0.0589,0.0518,0.2304,0.0411,0.6336,none
4b,base,damaged_q4,stability_first_tri_70,epistemic,560,0.9143,0.6821,0.952,0.9857,0.0589,0.0357,0.2429,0.0446,0.6357,none
4b,base,damaged_q4,stability_first_tri_70,forensic,560,0.9161,0.7304,0.9503,0.9875,0.0661,0.0536,0.2071,0.0571,0.6804,none
4b,base,damaged_q4,stability_first_tri_70,generalist,560,0.9107,0.725,0.9556,0.9946,0.0589,0.0411,0.1893,0.05,0.6815,none
4b,base,damaged_q4,stability_first_tri_70,math,560,0.9304,0.7036,0.9546,0.9911,0.05,0.0411,0.2571,0.0518,0.6572,none
4b,base,damaged_q4,stability_first_tri_70,planning,560,0.9071,0.7304,0.9479,0.9875,0.0714,0.0375,0.1911,0.0607,0.6831,none
4b,base,damaged_q4,stability_first_tri_70,rhetoric,560,0.9179,0.6804,0.9512,0.9929,0.0679,0.0375,0.2571,0.0411,0.6299,none
4b,base,damaged_q4,stability_first_tri_70,spatial,560,0.9214,0.7286,0.9517,0.9911,0.0661,0.0321,0.2018,0.0571,0.6833,none
4b,base,healthy_q6,cognitive_structural_25_75,adversarial,560,0.9304,0.7821,0.9605,0.9929,0.0536,0.0232,0.1607,0.0536,0.7459,none
4b,base,healthy_q6,cognitive_structural_25_75,boundary,560,0.9321,0.7536,0.9565,0.9964,0.0536,0.0268,0.1821,0.0696,0.7141,none
4b,base,healthy_q6,cognitive_structural_25_75,coding,560,0.925,0.7661,0.9569,0.9875,0.0554,0.025,0.1625,0.0571,0.7286,none
4b,base,healthy_q6,cognitive_structural_25_75,epistemic,560,0.9143,0.7607,0.9527,0.9839,0.0625,0.0143,0.1714,0.0554,0.7226,none
4b,base,healthy_q6,cognitive_structural_25_75,forensic,560,0.9482,0.7964,0.9642,0.9982,0.0464,0.0143,0.175,0.0446,0.7634,none
4b,base,healthy_q6,cognitive_structural_25_75,generalist,560,0.9054,0.7696,0.9565,0.9964,0.075,0.0161,0.1411,0.0429,0.7305,none
4b,base,healthy_q6,cognitive_structural_25_75,math,560,0.9339,0.7321,0.9576,0.9911,0.0429,0.025,0.2161,0.0625,0.6939,none
4b,base,healthy_q6,cognitive_structural_25_75,planning,560,0.9429,0.8018,0.9626,0.9929,0.0446,0.025,0.15,0.0536,0.7687,none
4b,base,healthy_q6,cognitive_structural_25_75,rhetoric,560,0.9589,0.775,0.967,0.9964,0.0357,0.0196,0.2,0.0357,0.7426,none
4b,base,healthy_q6,cognitive_structural_25_75,spatial,560,0.9571,0.8214,0.9709,0.9857,0.0321,0.0179,0.1268,0.0304,0.7966,none
4b,base,healthy_q6,cyber_structural_25_75,adversarial,560,0.9179,0.7857,0.9585,0.9911,0.0696,0.0286,0.1268,0.0446,0.7467,none
4b,base,healthy_q6,cyber_structural_25_75,boundary,560,0.9286,0.7339,0.9576,0.9893,0.0554,0.0464,0.1875,0.05,0.6905,none
4b,base,healthy_q6,cyber_structural_25_75,coding,560,0.9339,0.7875,0.9637,0.9893,0.0571,0.0304,0.1375,0.0304,0.7518,none
4b,base,healthy_q6,cyber_structural_25_75,epistemic,560,0.9321,0.7964,0.9642,0.9893,0.05,0.0196,0.1464,0.0321,0.7642,none
4b,base,healthy_q6,cyber_structural_25_75,forensic,560,0.9446,0.8,0.9642,0.9911,0.0446,0.0411,0.1321,0.0536,0.7651,none
4b,base,healthy_q6,cyber_structural_25_75,generalist,560,0.9321,0.7607,0.9637,0.9875,0.0446,0.0446,0.1607,0.0339,0.7238,none
4b,base,healthy_q6,cyber_structural_25_75,math,560,0.9304,0.7375,0.9568,0.9946,0.0536,0.0268,0.1982,0.0625,0.6971,none
4b,base,healthy_q6,cyber_structural_25_75,planning,560,0.9464,0.8304,0.9628,0.9857,0.0482,0.025,0.1125,0.0536,0.7992,none
4b,base,healthy_q6,cyber_structural_25_75,rhetoric,560,0.9286,0.7625,0.9607,0.9893,0.0518,0.0375,0.1643,0.0464,0.724,none
4b,base,healthy_q6,cyber_structural_25_75,spatial,560,0.9214,0.8,0.9592,0.9929,0.0643,0.0179,0.125,0.0518,0.7646,none
4b,base,healthy_q6,q2_structural_amplifier,adversarial,560,0.9,0.5179,0.9254,0.9911,0.0732,0.2946,0.2268,0.0357,0.417,none
4b,base,healthy_q6,q2_structural_amplifier,boundary,560,0.9054,0.4875,0.9178,0.9839,0.0625,0.3393,0.2286,0.0625,0.3795,none
4b,base,healthy_q6,q2_structural_amplifier,coding,560,0.925,0.5518,0.929,0.9857,0.0571,0.2768,0.2089,0.0482,0.4602,none
4b,base,healthy_q6,q2_structural_amplifier,epistemic,560,0.9214,0.5393,0.9353,0.9893,0.0429,0.2786,0.225,0.0464,0.4504,none
4b,base,healthy_q6,q2_structural_amplifier,forensic,560,0.9232,0.55,0.9372,0.9929,0.0643,0.2607,0.2089,0.0268,0.4605,none
4b,base,healthy_q6,q2_structural_amplifier,generalist,560,0.9018,0.4946,0.9272,0.9857,0.0571,0.3143,0.1929,0.0411,0.3972,none
4b,base,healthy_q6,q2_structural_amplifier,math,560,0.9143,0.5232,0.9279,0.9875,0.0625,0.2643,0.2732,0.05,0.4272,none
4b,base,healthy_q6,q2_structural_amplifier,planning,560,0.9107,0.5375,0.93,0.9946,0.0643,0.2732,0.2054,0.0411,0.4451,none
4b,base,healthy_q6,q2_structural_amplifier,rhetoric,560,0.9161,0.5607,0.9344,0.9857,0.0536,0.2643,0.2018,0.0536,0.473,none
4b,base,healthy_q6,q2_structural_amplifier,spatial,560,0.9125,0.5643,0.9342,0.9929,0.0589,0.2911,0.1482,0.0571,0.4737,none
4b,base,healthy_q6,routed_tri_structural_60,adversarial,560,0.9375,0.7911,0.9632,0.9911,0.0464,0.0411,0.1321,0.0554,0.7556,none
4b,base,healthy_q6,routed_tri_structural_60,boundary,560,0.9196,0.7464,0.9556,0.9929,0.0679,0.0429,0.1714,0.0482,0.7014,none
4b,base,healthy_q6,routed_tri_structural_60,coding,560,0.9393,0.7625,0.962,0.9857,0.0429,0.0643,0.1411,0.0554,0.7227,none
4b,base,healthy_q6,routed_tri_structural_60,epistemic,560,0.8964,0.7214,0.9527,0.9893,0.0714,0.0268,0.1982,0.0375,0.6769,none
4b,base,healthy_q6,routed_tri_structural_60,forensic,560,0.9357,0.7857,0.9623,0.9875,0.0464,0.05,0.1411,0.05,0.748,none
4b,base,healthy_q6,routed_tri_structural_60,generalist,560,0.9214,0.7643,0.9626,0.9964,0.0536,0.0411,0.1464,0.0411,0.7262,none
4b,base,healthy_q6,routed_tri_structural_60,math,560,0.9518,0.7125,0.9645,0.9857,0.0304,0.0589,0.2161,0.0393,0.6724,none
4b,base,healthy_q6,routed_tri_structural_60,planning,560,0.9286,0.7607,0.9571,0.9893,0.0625,0.0482,0.1411,0.0518,0.7184,none
4b,base,healthy_q6,routed_tri_structural_60,rhetoric,560,0.9286,0.7411,0.9577,0.9946,0.0536,0.0411,0.1804,0.0589,0.6994,none
4b,base,healthy_q6,routed_tri_structural_60,spatial,560,0.9321,0.7804,0.9614,0.9929,0.0518,0.0375,0.1411,0.0518,0.7434,none
4b,base,healthy_q6,routed_tri_structural_65,adversarial,560,0.9214,0.7536,0.9557,0.9946,0.0696,0.0357,0.1714,0.0518,0.7092,none
4b,base,healthy_q6,routed_tri_structural_65,boundary,560,0.9375,0.7429,0.9569,0.9893,0.0518,0.0643,0.1661,0.0643,0.698,none
4b,base,healthy_q6,routed_tri_structural_65,coding,560,0.9321,0.7607,0.9601,0.9875,0.05,0.05,0.15,0.0518,0.7211,none
4b,base,healthy_q6,routed_tri_structural_65,epistemic,560,0.9339,0.7857,0.9653,0.9893,0.0482,0.0286,0.1304,0.0339,0.7534,none
4b,base,healthy_q6,routed_tri_structural_65,forensic,560,0.9304,0.775,0.9609,0.9857,0.0518,0.0446,0.1429,0.0446,0.7369,none
4b,base,healthy_q6,routed_tri_structural_65,generalist,560,0.925,0.7607,0.9602,0.9857,0.0554,0.0393,0.1571,0.0339,0.722,none
4b,base,healthy_q6,routed_tri_structural_65,math,560,0.9464,0.7536,0.9627,0.9946,0.0464,0.0232,0.2054,0.0411,0.7165,none
4b,base,healthy_q6,routed_tri_structural_65,planning,560,0.9446,0.775,0.961,0.9857,0.0446,0.0339,0.1518,0.0518,0.7401,none
4b,base,healthy_q6,routed_tri_structural_65,rhetoric,560,0.9375,0.7589,0.9627,0.9893,0.0446,0.0393,0.1732,0.0464,0.7215,none
4b,base,healthy_q6,routed_tri_structural_65,spatial,560,0.9321,0.7982,0.9619,0.9911,0.05,0.0393,0.125,0.0518,0.7628,none
4b,base,healthy_q6,stability_first_tri_70,adversarial,560,0.9357,0.7232,0.9557,0.9929,0.0518,0.0518,0.2054,0.0625,0.6778,none
4b,base,healthy_q6,stability_first_tri_70,boundary,560,0.9482,0.7518,0.9631,0.9875,0.0482,0.0464,0.1732,0.0375,0.7123,none
4b,base,healthy_q6,stability_first_tri_70,coding,560,0.9446,0.8054,0.964,0.9911,0.0411,0.0357,0.1214,0.0625,0.7731,none
4b,base,healthy_q6,stability_first_tri_70,epistemic,560,0.9411,0.7857,0.9653,0.9929,0.0411,0.0161,0.1589,0.0393,0.7555,none
4b,base,healthy_q6,stability_first_tri_70,forensic,560,0.9375,0.7946,0.9642,0.9946,0.0554,0.0286,0.1357,0.0357,0.7597,none
4b,base,healthy_q6,stability_first_tri_70,generalist,560,0.9107,0.7482,0.9571,0.9875,0.0482,0.0357,0.1679,0.0571,0.7103,none
4b,base,healthy_q6,stability_first_tri_70,math,560,0.9339,0.7446,0.9536,0.9875,0.0536,0.0393,0.1893,0.0732,0.7019,none
4b,base,healthy_q6,stability_first_tri_70,planning,560,0.9339,0.7821,0.9618,0.9946,0.05,0.0321,0.1536,0.0429,0.7463,none
4b,base,healthy_q6,stability_first_tri_70,rhetoric,560,0.9304,0.7554,0.9587,0.9893,0.0482,0.0429,0.1732,0.0589,0.7155,none
4b,base,healthy_q6,stability_first_tri_70,spatial,560,0.9393,0.7839,0.9616,0.9821,0.0518,0.0482,0.125,0.05,0.7462,none
4b,base,healthy_q8,cognitive_structural_25_75,adversarial,560,0.9411,0.7893,0.9643,0.9875,0.0464,0.0232,0.1464,0.0429,0.7569,none
4b,base,healthy_q8,cognitive_structural_25_75,boundary,560,0.9393,0.8054,0.9651,0.9982,0.0411,0.0357,0.1304,0.0607,0.7724,none
4b,base,healthy_q8,cognitive_structural_25_75,coding,560,0.9625,0.8393,0.9743,0.9911,0.025,0.0179,0.1214,0.0357,0.8167,none
4b,base,healthy_q8,cognitive_structural_25_75,epistemic,560,0.9357,0.7964,0.9637,0.9875,0.0286,0.0054,0.1643,0.0536,0.771,none
4b,base,healthy_q8,cognitive_structural_25_75,forensic,560,0.9554,0.8214,0.9672,0.9804,0.0286,0.0286,0.1321,0.0482,0.7942,none
4b,base,healthy_q8,cognitive_structural_25_75,generalist,560,0.9268,0.7357,0.9602,0.9893,0.0375,0.0304,0.1982,0.05,0.7,none
4b,base,healthy_q8,cognitive_structural_25_75,math,560,0.9536,0.7964,0.9677,0.9929,0.0375,0.0214,0.1607,0.0411,0.766,none
4b,base,healthy_q8,cognitive_structural_25_75,planning,560,0.9411,0.8089,0.9626,0.9911,0.0411,0.0214,0.1286,0.0589,0.7791,none
4b,base,healthy_q8,cognitive_structural_25_75,rhetoric,560,0.9446,0.8054,0.9619,0.9893,0.0375,0.0125,0.1518,0.0679,0.7761,none
4b,base,healthy_q8,cognitive_structural_25_75,spatial,560,0.9571,0.8304,0.9702,0.9857,0.0232,0.0107,0.1375,0.0429,0.8081,none
4b,base,healthy_q8,cyber_structural_25_75,adversarial,560,0.9607,0.8161,0.9686,0.9893,0.0321,0.0304,0.1393,0.05,0.7867,none
4b,base,healthy_q8,cyber_structural_25_75,boundary,560,0.9589,0.825,0.9704,0.9875,0.0304,0.0375,0.1107,0.0446,0.7973,none
4b,base,healthy_q8,cyber_structural_25_75,coding,560,0.9589,0.8411,0.9721,0.9911,0.0304,0.0357,0.0982,0.0464,0.8146,none
4b,base,healthy_q8,cyber_structural_25_75,epistemic,560,0.9446,0.8143,0.9668,0.9893,0.0304,0.0161,0.1429,0.05,0.788,none
4b,base,healthy_q8,cyber_structural_25_75,forensic,560,0.9429,0.7911,0.9643,0.9839,0.05,0.0411,0.1268,0.0375,0.7558,none
4b,base,healthy_q8,cyber_structural_25_75,generalist,560,0.9464,0.8125,0.9694,0.9804,0.0304,0.0286,0.1232,0.0339,0.7861,none
4b,base,healthy_q8,cyber_structural_25_75,math,560,0.95,0.7732,0.9654,0.9929,0.0375,0.0304,0.1768,0.05,0.7393,none
4b,base,healthy_q8,cyber_structural_25_75,planning,560,0.9643,0.8018,0.9712,0.9946,0.0268,0.0446,0.1464,0.0375,0.7712,none
4b,base,healthy_q8,cyber_structural_25_75,rhetoric,560,0.9554,0.7839,0.9671,0.9946,0.0375,0.0179,0.1732,0.0393,0.7533,none
4b,base,healthy_q8,cyber_structural_25_75,spatial,560,0.9482,0.8089,0.9681,0.9946,0.0429,0.0232,0.1357,0.0393,0.7786,none
4b,base,healthy_q8,q2_structural_amplifier,adversarial,560,0.9089,0.5304,0.932,0.9946,0.05,0.3071,0.1714,0.0554,0.4374,none
4b,base,healthy_q8,q2_structural_amplifier,boundary,560,0.9089,0.5607,0.9316,0.9893,0.0607,0.2732,0.2036,0.0411,0.4695,none
4b,base,healthy_q8,q2_structural_amplifier,coding,560,0.9107,0.5429,0.9299,0.9893,0.0607,0.3089,0.1732,0.0393,0.447,none
4b,base,healthy_q8,q2_structural_amplifier,epistemic,560,0.9036,0.5554,0.9305,0.9875,0.0714,0.2571,0.2125,0.0411,0.4634,none
4b,base,healthy_q8,q2_structural_amplifier,forensic,560,0.9018,0.5411,0.9289,0.9804,0.0643,0.3071,0.1732,0.05,0.444,none
4b,base,healthy_q8,q2_structural_amplifier,generalist,560,0.9214,0.5589,0.9347,0.9893,0.0464,0.2804,0.2036,0.0393,0.4707,none
4b,base,healthy_q8,q2_structural_amplifier,math,560,0.9196,0.5625,0.9352,0.9893,0.0554,0.2446,0.2179,0.0518,0.4769,none
4b,base,healthy_q8,q2_structural_amplifier,planning,560,0.9161,0.5589,0.9345,0.9946,0.0464,0.2821,0.1839,0.0554,0.4711,none
4b,base,healthy_q8,q2_structural_amplifier,rhetoric,560,0.9143,0.5571,0.932,0.9946,0.0536,0.2429,0.2268,0.0768,0.4705,none
4b,base,healthy_q8,q2_structural_amplifier,spatial,560,0.9161,0.5357,0.9341,0.9911,0.0536,0.3071,0.1696,0.0518,0.4421,none
4b,base,healthy_q8,routed_tri_structural_60,adversarial,560,0.9482,0.8,0.9682,0.9911,0.0286,0.0625,0.1125,0.0589,0.767,none
4b,base,healthy_q8,routed_tri_structural_60,boundary,560,0.9661,0.7946,0.968,0.9839,0.0286,0.0571,0.1429,0.05,0.7607,none
4b,base,healthy_q8,routed_tri_structural_60,coding,560,0.9571,0.8143,0.9694,0.9857,0.0304,0.0411,0.1232,0.0446,0.7849,none
4b,base,healthy_q8,routed_tri_structural_60,epistemic,560,0.9375,0.7714,0.9638,0.9911,0.0393,0.0268,0.1607,0.0446,0.7392,none
4b,base,healthy_q8,routed_tri_structural_60,forensic,560,0.9571,0.8143,0.9702,0.9875,0.0286,0.0411,0.1161,0.0464,0.7859,none
4b,base,healthy_q8,routed_tri_structural_60,generalist,560,0.9536,0.8,0.9752,0.9929,0.0161,0.0643,0.1071,0.0429,0.7716,none
4b,base,healthy_q8,routed_tri_structural_60,math,560,0.9554,0.7696,0.9648,0.9875,0.025,0.0446,0.175,0.0643,0.736,none
4b,base,healthy_q8,routed_tri_structural_60,planning,560,0.9536,0.8,0.9715,0.9911,0.0321,0.0464,0.1232,0.0339,0.7695,none
4b,base,healthy_q8,routed_tri_structural_60,rhetoric,560,0.95,0.7839,0.9662,0.9946,0.0321,0.0357,0.1571,0.0589,0.7516,none
4b,base,healthy_q8,routed_tri_structural_60,spatial,560,0.9554,0.8143,0.9676,0.9839,0.0321,0.0393,0.1143,0.0536,0.785,none
4b,base,healthy_q8,routed_tri_structural_65,adversarial,560,0.9482,0.7875,0.9656,0.9911,0.0393,0.0429,0.1429,0.05,0.7532,none
4b,base,healthy_q8,routed_tri_structural_65,boundary,560,0.9536,0.7821,0.9639,0.9857,0.0357,0.0696,0.1339,0.0625,0.7437,none
4b,base,healthy_q8,routed_tri_structural_65,coding,560,0.9554,0.8054,0.9684,0.9946,0.0304,0.0554,0.1161,0.0589,0.7729,none
4b,base,healthy_q8,routed_tri_structural_65,epistemic,560,0.9536,0.7893,0.9676,0.9929,0.025,0.0179,0.175,0.0446,0.762,none
4b,base,healthy_q8,routed_tri_structural_65,forensic,560,0.95,0.7929,0.9666,0.9893,0.0393,0.0518,0.1304,0.0482,0.7579,none
4b,base,healthy_q8,routed_tri_structural_65,generalist,560,0.9464,0.7839,0.9693,0.9893,0.025,0.0464,0.1339,0.0464,0.7541,none
4b,base,healthy_q8,routed_tri_structural_65,math,560,0.9464,0.7607,0.964,0.9893,0.0357,0.0446,0.1714,0.0571,0.7245,none
4b,base,healthy_q8,routed_tri_structural_65,planning,560,0.9536,0.8018,0.968,0.9893,0.0268,0.0286,0.1464,0.0446,0.7741,none
4b,base,healthy_q8,routed_tri_structural_65,rhetoric,560,0.9464,0.7929,0.9654,0.9857,0.0304,0.025,0.1589,0.0536,0.7634,none
4b,base,healthy_q8,routed_tri_structural_65,spatial,560,0.9464,0.8179,0.9669,0.9821,0.0375,0.0339,0.1089,0.0464,0.7888,none
4b,base,healthy_q8,stability_first_tri_70,adversarial,560,0.9464,0.7786,0.9647,0.9929,0.0304,0.0625,0.1464,0.0696,0.7418,none
4b,base,healthy_q8,stability_first_tri_70,boundary,560,0.925,0.7554,0.9559,0.9929,0.0643,0.05,0.1554,0.0607,0.7106,none
4b,base,healthy_q8,stability_first_tri_70,coding,560,0.9643,0.8179,0.9703,0.9875,0.0304,0.0339,0.1268,0.0411,0.7898,none
4b,base,healthy_q8,stability_first_tri_70,epistemic,560,0.95,0.7929,0.9664,0.9839,0.0286,0.0339,0.1482,0.0464,0.7633,none
4b,base,healthy_q8,stability_first_tri_70,forensic,560,0.9518,0.8143,0.9654,0.9875,0.0357,0.0357,0.1232,0.0607,0.7835,none
4b,base,healthy_q8,stability_first_tri_70,generalist,560,0.9375,0.7839,0.9664,0.9839,0.0339,0.05,0.1321,0.0411,0.7511,none
4b,base,healthy_q8,stability_first_tri_70,math,560,0.9696,0.8,0.9724,0.9911,0.0161,0.0214,0.1679,0.0482,0.7751,none
4b,base,healthy_q8,stability_first_tri_70,planning,560,0.95,0.8107,0.9663,0.9893,0.0357,0.025,0.1304,0.0536,0.7819,none
4b,base,healthy_q8,stability_first_tri_70,rhetoric,560,0.9518,0.7911,0.9684,0.9875,0.0321,0.0429,0.1393,0.0446,0.7595,none
4b,base,healthy_q8,stability_first_tri_70,spatial,560,0.9464,0.8286,0.9675,0.9893,0.0304,0.0321,0.1054,0.0625,0.8015,none
4b,degraded_instruct,collapsed_q2_edge,cognitive_structural_25_75,adversarial,560,0.1054,0.075,0.3644,0.6804,0.4018,0.0214,0.625,2.5554,-0.2276,cascade
4b,degraded_instruct,collapsed_q2_edge,cognitive_structural_25_75,boundary,560,0.1143,0.0875,0.3624,0.6589,0.4214,0.0536,0.5964,2.3946,-0.2171,cascade
4b,degraded_instruct,collapsed_q2_edge,cognitive_structural_25_75,coding,560,0.0946,0.0661,0.3289,0.5554,0.3929,0.0321,0.5,2.3982,-0.2181,cascade
4b,degraded_instruct,collapsed_q2_edge,cognitive_structural_25_75,epistemic,560,0.1125,0.0857,0.333,0.5893,0.4107,0.0071,0.5643,2.1161,-0.1899,cascade
4b,degraded_instruct,collapsed_q2_edge,cognitive_structural_25_75,forensic,560,0.1018,0.0893,0.3297,0.7036,0.4304,0.0268,0.5482,2.4,-0.209,cascade
4b,degraded_instruct,collapsed_q2_edge,cognitive_structural_25_75,generalist,560,0.0893,0.0643,0.3306,0.5875,0.4179,0.0321,0.5554,2.1786,-0.2209,cascade
4b,degraded_instruct,collapsed_q2_edge,cognitive_structural_25_75,math,560,0.0875,0.0679,0.3124,0.5821,0.4107,0.0143,0.5625,2.6321,-0.2348,cascade
4b,degraded_instruct,collapsed_q2_edge,cognitive_structural_25_75,planning,560,0.1268,0.0929,0.3406,0.5554,0.4107,0.0304,0.4518,2.2411,-0.1846,cascade
4b,degraded_instruct,collapsed_q2_edge,cognitive_structural_25_75,rhetoric,560,0.0768,0.0643,0.2957,0.5768,0.4143,0.0179,0.5643,2.5821,-0.2378,cascade
4b,degraded_instruct,collapsed_q2_edge,cognitive_structural_25_75,spatial,560,0.1179,0.0964,0.3463,0.5661,0.3607,0.0304,0.4714,2.2607,-0.1686,cascade
4b,degraded_instruct,collapsed_q2_edge,cyber_structural_25_75,adversarial,560,0.2,0.1518,0.4792,0.8179,0.3893,0.0321,0.5679,1.9446,-0.1141,cascade
4b,degraded_instruct,collapsed_q2_edge,cyber_structural_25_75,boundary,560,0.2446,0.1411,0.513,0.8304,0.3607,0.0357,0.5857,1.7,-0.1061,cascade
4b,degraded_instruct,collapsed_q2_edge,cyber_structural_25_75,coding,560,0.1125,0.0929,0.337,0.5393,0.4232,0.0357,0.4179,2.3286,-0.1911,cascade
4b,degraded_instruct,collapsed_q2_edge,cyber_structural_25_75,epistemic,560,0.0893,0.0714,0.3301,0.5214,0.4054,0.0143,0.4839,2.0732,-0.1954,cascade
4b,degraded_instruct,collapsed_q2_edge,cyber_structural_25_75,forensic,560,0.1536,0.1179,0.4055,0.8304,0.4375,0.0286,0.4964,2.0839,-0.163,cascade
4b,degraded_instruct,collapsed_q2_edge,cyber_structural_25_75,generalist,560,0.0732,0.0482,0.3035,0.4982,0.4518,0.0429,0.5071,2.1893,-0.2459,cascade
4b,degraded_instruct,collapsed_q2_edge,cyber_structural_25_75,math,560,0.0821,0.0643,0.3054,0.5268,0.3875,0.0429,0.5232,2.7161,-0.2382,cascade
4b,degraded_instruct,collapsed_q2_edge,cyber_structural_25_75,planning,560,0.125,0.1089,0.3395,0.5482,0.3893,0.0411,0.3786,2.2661,-0.1597,cascade
4b,degraded_instruct,collapsed_q2_edge,cyber_structural_25_75,rhetoric,560,0.0946,0.0714,0.2781,0.4946,0.4107,0.0196,0.5411,2.6054,-0.2293,cascade
4b,degraded_instruct,collapsed_q2_edge,cyber_structural_25_75,spatial,560,0.0839,0.0661,0.3185,0.5339,0.3929,0.0339,0.4482,2.3875,-0.2138,cascade
4b,degraded_instruct,collapsed_q2_edge,q2_structural_amplifier,adversarial,560,0.7018,0.3429,0.8423,0.9946,0.2179,0.2946,0.525,0.1357,0.1698,none
4b,degraded_instruct,collapsed_q2_edge,q2_structural_amplifier,boundary,560,0.7661,0.3393,0.8575,0.9857,0.1804,0.3036,0.5625,0.0893,0.175,distractor_capture
4b,degraded_instruct,collapsed_q2_edge,q2_structural_amplifier,coding,560,0.5232,0.2536,0.7175,0.7232,0.1821,0.2982,0.4464,0.5643,0.0754,none
4b,degraded_instruct,collapsed_q2_edge,q2_structural_amplifier,epistemic,560,0.4982,0.2518,0.6977,0.7286,0.2179,0.2929,0.4964,0.5571,0.0603,none
4b,degraded_instruct,collapsed_q2_edge,q2_structural_amplifier,forensic,560,0.5768,0.2893,0.7669,0.9821,0.2107,0.2946,0.5071,0.5429,0.0994,distractor_capture
4b,degraded_instruct,collapsed_q2_edge,q2_structural_amplifier,generalist,560,0.4268,0.2268,0.6512,0.6786,0.2161,0.2893,0.5571,0.7089,0.0241,none
4b,degraded_instruct,collapsed_q2_edge,q2_structural_amplifier,math,560,0.4107,0.2589,0.6355,0.7107,0.2375,0.2643,0.4732,1.0089,0.0465,none
4b,degraded_instruct,collapsed_q2_edge,q2_structural_amplifier,planning,560,0.5625,0.2857,0.7198,0.7036,0.1857,0.3196,0.4804,0.4911,0.1031,none
4b,degraded_instruct,collapsed_q2_edge,q2_structural_amplifier,rhetoric,560,0.3714,0.1839,0.6287,0.6536,0.2196,0.2732,0.5304,0.8857,-0.0233,classification_miss
4b,degraded_instruct,collapsed_q2_edge,q2_structural_amplifier,spatial,560,0.4321,0.2571,0.671,0.7089,0.1982,0.2929,0.4214,0.7732,0.0667,none
4b,degraded_instruct,collapsed_q2_edge,routed_tri_structural_60,adversarial,560,0.2143,0.1393,0.5004,0.8232,0.3536,0.0536,0.5804,1.875,-0.1177,cascade
4b,degraded_instruct,collapsed_q2_edge,routed_tri_structural_60,boundary,560,0.2357,0.1464,0.5277,0.8107,0.3393,0.0696,0.5982,1.6089,-0.0976,cascade
4b,degraded_instruct,collapsed_q2_edge,routed_tri_structural_60,coding,560,0.1232,0.0911,0.4142,0.6464,0.3375,0.0518,0.4304,2.0732,-0.1586,cascade
4b,degraded_instruct,collapsed_q2_edge,routed_tri_structural_60,epistemic,560,0.1339,0.0911,0.41,0.6054,0.3321,0.0482,0.5054,1.7411,-0.1457,cascade
4b,degraded_instruct,collapsed_q2_edge,routed_tri_structural_60,forensic,560,0.1821,0.1232,0.4553,0.8429,0.3821,0.0518,0.5589,1.8393,-0.1385,cascade
4b,degraded_instruct,collapsed_q2_edge,routed_tri_structural_60,generalist,560,0.1679,0.1196,0.428,0.6179,0.3571,0.0679,0.5071,1.7714,-0.1302,cascade
4b,degraded_instruct,collapsed_q2_edge,routed_tri_structural_60,math,560,0.1286,0.0929,0.3886,0.5964,0.3357,0.0571,0.5732,2.2464,-0.1775,cascade
4b,degraded_instruct,collapsed_q2_edge,routed_tri_structural_60,planning,560,0.1857,0.1411,0.4283,0.6286,0.325,0.0304,0.4786,1.9107,-0.0963,cascade
4b,degraded_instruct,collapsed_q2_edge,routed_tri_structural_60,rhetoric,560,0.1214,0.0804,0.3675,0.5929,0.3875,0.0643,0.5911,2.2018,-0.2061,cascade
4b,degraded_instruct,collapsed_q2_edge,routed_tri_structural_60,spatial,560,0.1821,0.1268,0.4127,0.6179,0.3268,0.0482,0.4268,2.0107,-0.1156,cascade
4b,degraded_instruct,collapsed_q2_edge,routed_tri_structural_65,adversarial,560,0.2946,0.1964,0.5547,0.8571,0.3482,0.0589,0.5518,1.6036,-0.0441,cascade
4b,degraded_instruct,collapsed_q2_edge,routed_tri_structural_65,boundary,560,0.2857,0.1625,0.5565,0.8607,0.3518,0.0696,0.6268,1.4643,-0.0803,cascade
4b,degraded_instruct,collapsed_q2_edge,routed_tri_structural_65,coding,560,0.1946,0.15,0.4488,0.6554,0.3232,0.0536,0.4304,1.8857,-0.0864,cascade
4b,degraded_instruct,collapsed_q2_edge,routed_tri_structural_65,epistemic,560,0.1625,0.1268,0.4358,0.6357,0.3339,0.0446,0.5268,1.65,-0.107,cascade
4b,degraded_instruct,collapsed_q2_edge,routed_tri_structural_65,forensic,560,0.2,0.1321,0.4876,0.8375,0.3089,0.05,0.6054,1.7536,-0.1066,cascade
4b,degraded_instruct,collapsed_q2_edge,routed_tri_structural_65,generalist,560,0.1393,0.1125,0.4168,0.6036,0.3768,0.0446,0.5268,1.7429,-0.1387,cascade
4b,degraded_instruct,collapsed_q2_edge,routed_tri_structural_65,math,560,0.1661,0.1107,0.4172,0.6179,0.3125,0.0536,0.5375,2.1554,-0.1445,cascade
4b,degraded_instruct,collapsed_q2_edge,routed_tri_structural_65,planning,560,0.2232,0.1732,0.4696,0.6286,0.3375,0.0518,0.4339,1.6857,-0.0574,cascade
4b,degraded_instruct,collapsed_q2_edge,routed_tri_structural_65,rhetoric,560,0.1286,0.0982,0.39,0.5929,0.3518,0.0446,0.5196,2.1125,-0.1634,cascade
4b,degraded_instruct,collapsed_q2_edge,routed_tri_structural_65,spatial,560,0.1857,0.1375,0.4312,0.6214,0.325,0.0661,0.4732,1.8571,-0.1039,cascade
4b,degraded_instruct,collapsed_q2_edge,stability_first_tri_70,adversarial,560,0.3429,0.2161,0.5932,0.8625,0.3143,0.0696,0.5607,1.4214,-0.0081,cascade
4b,degraded_instruct,collapsed_q2_edge,stability_first_tri_70,boundary,560,0.2929,0.1911,0.5661,0.8304,0.3607,0.0625,0.6107,1.3964,-0.0483,cascade
4b,degraded_instruct,collapsed_q2_edge,stability_first_tri_70,coding,560,0.1768,0.1304,0.4456,0.6143,0.3589,0.0589,0.4482,1.7911,-0.1145,cascade
4b,degraded_instruct,collapsed_q2_edge,stability_first_tri_70,epistemic,560,0.2125,0.1482,0.4828,0.6571,0.3125,0.0375,0.5357,1.4768,-0.0697,cascade
4b,degraded_instruct,collapsed_q2_edge,stability_first_tri_70,forensic,560,0.25,0.1821,0.5216,0.8464,0.2964,0.05,0.5018,1.6411,-0.039,cascade
4b,degraded_instruct,collapsed_q2_edge,stability_first_tri_70,generalist,560,0.1839,0.1375,0.4647,0.6411,0.3321,0.0464,0.4982,1.5893,-0.0907,cascade
4b,degraded_instruct,collapsed_q2_edge,stability_first_tri_70,math,560,0.1893,0.1321,0.4536,0.6196,0.2893,0.0393,0.5196,2.0125,-0.1047,cascade
4b,degraded_instruct,collapsed_q2_edge,stability_first_tri_70,planning,560,0.2714,0.2018,0.4987,0.65,0.3071,0.0518,0.4571,1.5946,-0.017,cascade
4b,degraded_instruct,collapsed_q2_edge,stability_first_tri_70,rhetoric,560,0.1571,0.1054,0.4234,0.5911,0.2964,0.0286,0.6036,1.9768,-0.1364,cascade
4b,degraded_instruct,collapsed_q2_edge,stability_first_tri_70,spatial,560,0.2232,0.1804,0.4756,0.6375,0.3143,0.05,0.3911,1.6679,-0.0386,cascade
4b,degraded_instruct,damaged_q2,cognitive_structural_25_75,adversarial,560,0.375,0.2536,0.6348,0.8786,0.2696,0.0304,0.525,1.3339,0.0579,cascade
4b,degraded_instruct,damaged_q2,cognitive_structural_25_75,boundary,560,0.3786,0.2589,0.6301,0.8482,0.2464,0.0321,0.525,1.2446,0.0743,none
4b,degraded_instruct,damaged_q2,cognitive_structural_25_75,coding,560,0.3429,0.25,0.5806,0.7196,0.2554,0.025,0.4196,1.3375,0.0679,cascade
4b,degraded_instruct,damaged_q2,cognitive_structural_25_75,epistemic,560,0.2768,0.1893,0.5565,0.7214,0.2393,0.0054,0.4911,1.2768,0.0133,cascade
4b,degraded_instruct,damaged_q2,cognitive_structural_25_75,forensic,560,0.3429,0.2464,0.5809,0.8607,0.2482,0.025,0.4411,1.4232,0.0605,cascade
4b,degraded_instruct,damaged_q2,cognitive_structural_25_75,generalist,560,0.275,0.2018,0.5389,0.7071,0.2714,0.0393,0.4375,1.3839,0.0083,cascade
4b,degraded_instruct,damaged_q2,cognitive_structural_25_75,math,560,0.2732,0.2018,0.542,0.7232,0.25,0.0196,0.5071,1.6429,0.0001,cascade
4b,degraded_instruct,damaged_q2,cognitive_structural_25_75,planning,560,0.3589,0.2768,0.5896,0.7143,0.2429,0.0196,0.3804,1.3268,0.1032,none
4b,degraded_instruct,damaged_q2,cognitive_structural_25_75,rhetoric,560,0.2786,0.2,0.5375,0.7161,0.2661,0.0161,0.5214,1.5018,0.0002,cascade
4b,degraded_instruct,damaged_q2,cognitive_structural_25_75,spatial,560,0.3,0.2393,0.5377,0.7232,0.2661,0.025,0.3875,1.5179,0.0476,cascade
4b,degraded_instruct,damaged_q2,cyber_structural_25_75,adversarial,560,0.5089,0.35,0.7234,0.9482,0.2571,0.0411,0.4446,0.9036,0.1839,none
4b,degraded_instruct,damaged_q2,cyber_structural_25_75,boundary,560,0.6143,0.4,0.7733,0.9536,0.2036,0.0393,0.4964,0.6732,0.2577,none
4b,degraded_instruct,damaged_q2,cyber_structural_25_75,coding,560,0.3214,0.2268,0.5762,0.7179,0.25,0.0536,0.3625,1.3625,0.0439,cascade
4b,degraded_instruct,damaged_q2,cyber_structural_25_75,epistemic,560,0.2554,0.1875,0.5396,0.6554,0.2482,0.025,0.4661,1.2464,0.0084,cascade
4b,degraded_instruct,damaged_q2,cyber_structural_25_75,forensic,560,0.3875,0.2964,0.6305,0.9196,0.2696,0.0411,0.4357,1.2339,0.1108,none
4b,degraded_instruct,damaged_q2,cyber_structural_25_75,generalist,560,0.2482,0.1589,0.5289,0.6518,0.2768,0.0518,0.4732,1.3518,-0.0399,cascade
4b,degraded_instruct,damaged_q2,cyber_structural_25_75,math,560,0.2625,0.2143,0.5309,0.6643,0.2446,0.0268,0.3893,1.6589,0.0214,cascade
4b,degraded_instruct,damaged_q2,cyber_structural_25_75,planning,560,0.3518,0.2696,0.5731,0.6661,0.2232,0.0196,0.3518,1.3393,0.1036,none
4b,degraded_instruct,damaged_q2,cyber_structural_25_75,rhetoric,560,0.2339,0.1821,0.5002,0.6411,0.2893,0.0232,0.4589,1.6071,-0.0264,cascade
4b,degraded_instruct,damaged_q2,cyber_structural_25_75,spatial,560,0.325,0.2625,0.5671,0.7,0.2321,0.0214,0.3321,1.4,0.092,none
4b,degraded_instruct,damaged_q2,q2_structural_amplifier,adversarial,560,0.8161,0.3786,0.8899,0.9929,0.1482,0.2804,0.425,0.0375,0.2422,none
4b,degraded_instruct,damaged_q2,q2_structural_amplifier,boundary,560,0.8089,0.3464,0.8771,0.9857,0.1411,0.3339,0.4875,0.0571,0.1955,none
4b,degraded_instruct,damaged_q2,q2_structural_amplifier,coding,560,0.7679,0.3661,0.8586,0.8786,0.1304,0.2946,0.4071,0.0929,0.2308,none
4b,degraded_instruct,damaged_q2,q2_structural_amplifier,epistemic,560,0.7714,0.3714,0.8592,0.8714,0.1196,0.2821,0.4143,0.1089,0.2405,none
4b,degraded_instruct,damaged_q2,q2_structural_amplifier,forensic,560,0.8143,0.3768,0.8837,0.9911,0.1375,0.3036,0.4482,0.0821,0.2349,none
4b,degraded_instruct,damaged_q2,q2_structural_amplifier,generalist,560,0.7304,0.3411,0.8272,0.8321,0.1357,0.2857,0.4768,0.1643,0.1969,none
4b,degraded_instruct,damaged_q2,q2_structural_amplifier,math,560,0.7339,0.3661,0.8334,0.825,0.1321,0.2786,0.4429,0.2054,0.225,none
4b,degraded_instruct,damaged_q2,q2_structural_amplifier,planning,560,0.7357,0.3893,0.8451,0.8464,0.1482,0.2911,0.3679,0.1071,0.2518,none
4b,degraded_instruct,damaged_q2,q2_structural_amplifier,rhetoric,560,0.7411,0.3625,0.8433,0.8357,0.1196,0.2536,0.4607,0.1607,0.231,none
4b,degraded_instruct,damaged_q2,q2_structural_amplifier,spatial,560,0.7357,0.3982,0.8515,0.8554,0.1571,0.2589,0.35,0.1143,0.2656,none
4b,degraded_instruct,damaged_q2,routed_tri_structural_60,adversarial,560,0.5929,0.3714,0.7763,0.9643,0.2,0.0696,0.4839,0.7054,0.2235,none
4b,degraded_instruct,damaged_q2,routed_tri_structural_60,boundary,560,0.6375,0.3714,0.7897,0.9625,0.1857,0.0679,0.5071,0.6179,0.2307,none
4b,degraded_instruct,damaged_q2,routed_tri_structural_60,coding,560,0.4268,0.3018,0.6695,0.7661,0.1875,0.0536,0.3946,1.0232,0.1521,none
4b,degraded_instruct,damaged_q2,routed_tri_structural_60,epistemic,560,0.425,0.2839,0.6742,0.8036,0.1929,0.0321,0.4607,0.8911,0.1382,none
4b,degraded_instruct,damaged_q2,routed_tri_structural_60,forensic,560,0.4821,0.3232,0.6984,0.9518,0.2054,0.05,0.4714,0.9893,0.1644,none
4b,degraded_instruct,damaged_q2,routed_tri_structural_60,generalist,560,0.4,0.2857,0.6491,0.7339,0.2161,0.0554,0.4625,0.9375,0.1259,none
4b,degraded_instruct,damaged_q2,routed_tri_structural_60,math,560,0.3893,0.2786,0.626,0.7679,0.2036,0.0482,0.4607,1.3036,0.1058,none
4b,degraded_instruct,damaged_q2,routed_tri_structural_60,planning,560,0.4875,0.3482,0.6858,0.7768,0.2107,0.0571,0.3786,0.8929,0.1986,none
4b,degraded_instruct,damaged_q2,routed_tri_structural_60,rhetoric,560,0.3893,0.2661,0.6311,0.7643,0.2018,0.0661,0.425,1.1839,0.0991,none
4b,degraded_instruct,damaged_q2,routed_tri_structural_60,spatial,560,0.4571,0.35,0.6748,0.7964,0.2036,0.0536,0.3321,0.9964,0.2018,none
4b,degraded_instruct,damaged_q2,routed_tri_structural_65,adversarial,560,0.6696,0.4339,0.8226,0.9661,0.1875,0.0304,0.4625,0.4679,0.3112,none
4b,degraded_instruct,damaged_q2,routed_tri_structural_65,boundary,560,0.6946,0.4232,0.828,0.9696,0.1857,0.0625,0.4946,0.4179,0.2945,none
4b,degraded_instruct,damaged_q2,routed_tri_structural_65,coding,560,0.4571,0.3179,0.6896,0.7893,0.2054,0.0518,0.3464,0.9107,0.1726,none
4b,degraded_instruct,damaged_q2,routed_tri_structural_65,epistemic,560,0.4411,0.3018,0.6941,0.8071,0.1929,0.0411,0.4411,0.7857,0.1611,none
4b,degraded_instruct,damaged_q2,routed_tri_structural_65,forensic,560,0.5357,0.3536,0.7257,0.95,0.2054,0.0518,0.4518,0.8482,0.2031,none
4b,degraded_instruct,damaged_q2,routed_tri_structural_65,generalist,560,0.4429,0.3268,0.6763,0.7607,0.2036,0.0393,0.4429,0.8554,0.1797,none
4b,degraded_instruct,damaged_q2,routed_tri_structural_65,math,560,0.3875,0.2839,0.6238,0.7196,0.2339,0.05,0.4536,1.2143,0.1067,none
4b,degraded_instruct,damaged_q2,routed_tri_structural_65,planning,560,0.575,0.4268,0.7328,0.7929,0.1839,0.0429,0.3696,0.7339,0.2968,none
4b,degraded_instruct,damaged_q2,routed_tri_structural_65,rhetoric,560,0.3661,0.2482,0.633,0.7446,0.225,0.05,0.5018,1.0679,0.0772,none
4b,degraded_instruct,damaged_q2,routed_tri_structural_65,spatial,560,0.4661,0.3161,0.6816,0.7982,0.2089,0.0679,0.3607,0.9482,0.1636,none
4b,degraded_instruct,damaged_q2,stability_first_tri_70,adversarial,560,0.6875,0.4304,0.8325,0.9696,0.1911,0.0482,0.4714,0.4089,0.3052,none
4b,degraded_instruct,damaged_q2,stability_first_tri_70,boundary,560,0.7071,0.4232,0.8318,0.9661,0.2036,0.0482,0.5143,0.3589,0.2934,none
4b,degraded_instruct,damaged_q2,stability_first_tri_70,coding,560,0.5339,0.3536,0.7315,0.7786,0.1732,0.0464,0.3964,0.7232,0.2244,none
4b,degraded_instruct,damaged_q2,stability_first_tri_70,epistemic,560,0.5393,0.3875,0.7404,0.8089,0.1571,0.0375,0.4446,0.6607,0.2642,none
4b,degraded_instruct,damaged_q2,stability_first_tri_70,forensic,560,0.575,0.4125,0.7574,0.9661,0.2125,0.0554,0.4125,0.7161,0.2689,none
4b,degraded_instruct,damaged_q2,stability_first_tri_70,generalist,560,0.4732,0.3411,0.6958,0.7679,0.1875,0.0536,0.4732,0.7821,0.1971,none
4b,degraded_instruct,damaged_q2,stability_first_tri_70,math,560,0.4786,0.3482,0.6832,0.7571,0.1982,0.0464,0.4304,0.9964,0.1952,none
4b,degraded_instruct,damaged_q2,stability_first_tri_70,planning,560,0.5821,0.4304,0.7408,0.7768,0.1804,0.0643,0.325,0.6804,0.3034,none
4b,degraded_instruct,damaged_q2,stability_first_tri_70,rhetoric,560,0.4071,0.2857,0.6533,0.7429,0.2107,0.0321,0.4232,1.0125,0.1316,none
4b,degraded_instruct,damaged_q2,stability_first_tri_70,spatial,560,0.5411,0.4018,0.7241,0.8089,0.1661,0.0446,0.3411,0.8196,0.2748,none
4b,degraded_instruct,damaged_q3,cognitive_structural_25_75,adversarial,560,0.8768,0.6161,0.9289,0.9893,0.1,0.0196,0.325,0.0786,0.5522,none
4b,degraded_instruct,damaged_q3,cognitive_structural_25_75,boundary,560,0.8607,0.575,0.9198,0.9946,0.125,0.0429,0.3411,0.0839,0.4974,none
4b,degraded_instruct,damaged_q3,cognitive_structural_25_75,coding,560,0.8411,0.6143,0.9069,0.9339,0.0946,0.0268,0.2804,0.1518,0.5505,none
4b,degraded_instruct,damaged_q3,cognitive_structural_25_75,epistemic,560,0.8143,0.5946,0.8977,0.95,0.1125,0.0161,0.3196,0.1607,0.5241,none
4b,degraded_instruct,damaged_q3,cognitive_structural_25_75,forensic,560,0.8107,0.5964,0.8916,0.9893,0.1357,0.0268,0.3232,0.2268,0.5132,none
4b,degraded_instruct,damaged_q3,cognitive_structural_25_75,generalist,560,0.7839,0.5893,0.8929,0.9179,0.0982,0.0357,0.2768,0.1839,0.5213,none
4b,degraded_instruct,damaged_q3,cognitive_structural_25_75,math,560,0.7964,0.5625,0.8802,0.9196,0.0964,0.0196,0.3304,0.2839,0.489,none
4b,degraded_instruct,damaged_q3,cognitive_structural_25_75,planning,560,0.8375,0.6571,0.9072,0.9446,0.1018,0.0196,0.2696,0.1554,0.5933,none
4b,degraded_instruct,damaged_q3,cognitive_structural_25_75,rhetoric,560,0.7911,0.5679,0.8808,0.9143,0.1161,0.0196,0.3393,0.2161,0.4912,none
4b,degraded_instruct,damaged_q3,cognitive_structural_25_75,spatial,560,0.8143,0.6,0.8972,0.9482,0.1232,0.0232,0.2911,0.1732,0.5264,none
4b,degraded_instruct,damaged_q3,cyber_structural_25_75,adversarial,560,0.8571,0.6018,0.9278,0.9946,0.1286,0.0429,0.3054,0.0518,0.5276,none
4b,degraded_instruct,damaged_q3,cyber_structural_25_75,boundary,560,0.8554,0.6036,0.9237,0.9946,0.125,0.0357,0.3179,0.0679,0.5301,none
4b,degraded_instruct,damaged_q3,cyber_structural_25_75,coding,560,0.8375,0.6179,0.9076,0.9143,0.0946,0.0429,0.2679,0.1268,0.5531,none
4b,degraded_instruct,damaged_q3,cyber_structural_25_75,epistemic,560,0.7982,0.5857,0.8913,0.9107,0.1089,0.0357,0.3089,0.1589,0.5132,none
4b,degraded_instruct,damaged_q3,cyber_structural_25_75,forensic,560,0.85,0.6411,0.9154,0.9875,0.1196,0.0375,0.275,0.1357,0.5689,none
4b,degraded_instruct,damaged_q3,cyber_structural_25_75,generalist,560,0.7536,0.5964,0.8621,0.8518,0.1232,0.0375,0.2643,0.2304,0.5193,none
4b,degraded_instruct,damaged_q3,cyber_structural_25_75,math,560,0.775,0.5661,0.8686,0.875,0.1125,0.0268,0.3143,0.2696,0.4883,none
4b,degraded_instruct,damaged_q3,cyber_structural_25_75,planning,560,0.7786,0.5946,0.8667,0.8464,0.1179,0.0304,0.2464,0.225,0.5222,none
4b,degraded_instruct,damaged_q3,cyber_structural_25_75,rhetoric,560,0.775,0.5982,0.8579,0.8518,0.1018,0.0321,0.2714,0.3161,0.5237,none
4b,degraded_instruct,damaged_q3,cyber_structural_25_75,spatial,560,0.7911,0.6268,0.8765,0.8875,0.1107,0.0357,0.2107,0.2643,0.5564,none
4b,degraded_instruct,damaged_q3,q2_structural_amplifier,adversarial,560,0.8661,0.4518,0.9065,0.9786,0.0964,0.3036,0.3232,0.0429,0.3341,none
4b,degraded_instruct,damaged_q3,q2_structural_amplifier,boundary,560,0.8661,0.4089,0.8986,0.9929,0.1,0.3232,0.4018,0.0571,0.2793,none
4b,degraded_instruct,damaged_q3,q2_structural_amplifier,coding,560,0.8839,0.5071,0.92,0.9929,0.0946,0.25,0.2804,0.0286,0.4049,none
4b,degraded_instruct,damaged_q3,q2_structural_amplifier,epistemic,560,0.8607,0.4357,0.9082,0.9875,0.1071,0.2714,0.375,0.0339,0.3176,none
4b,degraded_instruct,damaged_q3,q2_structural_amplifier,forensic,560,0.8571,0.4214,0.9031,0.9875,0.1161,0.3036,0.3464,0.0429,0.296,none
4b,degraded_instruct,damaged_q3,q2_structural_amplifier,generalist,560,0.8554,0.4214,0.9037,0.9821,0.0946,0.2821,0.3821,0.0464,0.3037,none
4b,degraded_instruct,damaged_q3,q2_structural_amplifier,math,560,0.8643,0.4839,0.9121,0.975,0.0946,0.2429,0.325,0.0571,0.3781,none
4b,degraded_instruct,damaged_q3,q2_structural_amplifier,planning,560,0.8661,0.4875,0.9082,0.9929,0.1161,0.2696,0.2554,0.0554,0.3756,none
4b,degraded_instruct,damaged_q3,q2_structural_amplifier,rhetoric,560,0.8732,0.4554,0.9119,0.9768,0.0946,0.2732,0.3304,0.0446,0.3437,none
4b,degraded_instruct,damaged_q3,q2_structural_amplifier,spatial,560,0.8679,0.4696,0.9107,0.9857,0.0964,0.2946,0.2643,0.0607,0.3576,none
4b,degraded_instruct,damaged_q3,routed_tri_structural_60,adversarial,560,0.8643,0.6107,0.9327,0.9911,0.1214,0.0661,0.2839,0.0357,0.5366,none
4b,degraded_instruct,damaged_q3,routed_tri_structural_60,boundary,560,0.8607,0.5964,0.9284,0.9929,0.125,0.0732,0.3089,0.0464,0.5172,none
4b,degraded_instruct,damaged_q3,routed_tri_structural_60,coding,560,0.8786,0.6393,0.9358,0.975,0.0982,0.0518,0.2411,0.05,0.5777,none
4b,degraded_instruct,damaged_q3,routed_tri_structural_60,epistemic,560,0.8732,0.6143,0.9344,0.9804,0.0839,0.0429,0.3054,0.0589,0.5532,none
4b,degraded_instruct,damaged_q3,routed_tri_structural_60,forensic,560,0.8589,0.5964,0.9226,0.9911,0.1125,0.0696,0.3232,0.0946,0.5182,none
4b,degraded_instruct,damaged_q3,routed_tri_structural_60,generalist,560,0.8446,0.5982,0.9186,0.9554,0.1071,0.0446,0.3161,0.0714,0.5283,none
4b,degraded_instruct,damaged_q3,routed_tri_structural_60,math,560,0.8607,0.6054,0.9152,0.9482,0.0964,0.0482,0.3143,0.1268,0.5353,none
4b,degraded_instruct,damaged_q3,routed_tri_structural_60,planning,560,0.8804,0.625,0.9344,0.9714,0.1,0.0589,0.2536,0.0482,0.5605,none
4b,degraded_instruct,damaged_q3,routed_tri_structural_60,rhetoric,560,0.8625,0.5857,0.9203,0.9518,0.0804,0.0571,0.3554,0.1036,0.5166,none
4b,degraded_instruct,damaged_q3,routed_tri_structural_60,spatial,560,0.8946,0.6429,0.9365,0.9643,0.0679,0.0482,0.2661,0.0804,0.5876,none
4b,degraded_instruct,damaged_q3,routed_tri_structural_65,adversarial,560,0.8714,0.6232,0.9277,0.9786,0.1143,0.0554,0.2875,0.0661,0.5516,none
4b,degraded_instruct,damaged_q3,routed_tri_structural_65,boundary,560,0.8625,0.6036,0.9283,0.9982,0.1304,0.0643,0.2929,0.0536,0.5255,none
4b,degraded_instruct,damaged_q3,routed_tri_structural_65,coding,560,0.8714,0.6268,0.9292,0.9607,0.0893,0.0714,0.2571,0.0786,0.5612,none
4b,degraded_instruct,damaged_q3,routed_tri_structural_65,epistemic,560,0.8607,0.6304,0.9335,0.9893,0.1125,0.0375,0.3018,0.0339,0.5633,none
4b,degraded_instruct,damaged_q3,routed_tri_structural_65,forensic,560,0.9036,0.625,0.9428,0.9946,0.0821,0.0625,0.3089,0.0411,0.5611,none
4b,degraded_instruct,damaged_q3,routed_tri_structural_65,generalist,560,0.8554,0.6411,0.9301,0.9536,0.0893,0.0357,0.2554,0.0607,0.5837,none
4b,degraded_instruct,damaged_q3,routed_tri_structural_65,math,560,0.8696,0.5911,0.9244,0.95,0.0857,0.0554,0.3268,0.0821,0.524,none
4b,degraded_instruct,damaged_q3,routed_tri_structural_65,planning,560,0.8821,0.6482,0.9303,0.9643,0.0929,0.0589,0.2393,0.0732,0.5858,none
4b,degraded_instruct,damaged_q3,routed_tri_structural_65,rhetoric,560,0.875,0.6339,0.9255,0.9446,0.0857,0.05,0.2875,0.0821,0.5711,none
4b,degraded_instruct,damaged_q3,routed_tri_structural_65,spatial,560,0.8768,0.6571,0.9335,0.9661,0.0821,0.0429,0.2429,0.0804,0.6005,none
4b,degraded_instruct,damaged_q3,stability_first_tri_70,adversarial,560,0.8786,0.6071,0.9348,0.9911,0.1107,0.0518,0.3,0.0411,0.5375,none
4b,degraded_instruct,damaged_q3,stability_first_tri_70,boundary,560,0.8554,0.575,0.9283,0.9964,0.1196,0.0661,0.3161,0.0536,0.4979,none
4b,degraded_instruct,damaged_q3,stability_first_tri_70,coding,560,0.8589,0.6071,0.928,0.9768,0.1107,0.0446,0.275,0.0625,0.5399,none
4b,degraded_instruct,damaged_q3,stability_first_tri_70,epistemic,560,0.8786,0.6339,0.9405,0.9982,0.0911,0.0393,0.2946,0.0429,0.573,none
4b,degraded_instruct,damaged_q3,stability_first_tri_70,forensic,560,0.8839,0.6446,0.9391,0.9893,0.0911,0.0446,0.275,0.0482,0.584,none
4b,degraded_instruct,damaged_q3,stability_first_tri_70,generalist,560,0.8964,0.6607,0.9413,0.9696,0.0732,0.05,0.2571,0.05,0.6057,none
4b,degraded_instruct,damaged_q3,stability_first_tri_70,math,560,0.8893,0.6161,0.935,0.9732,0.0768,0.0393,0.3268,0.0696,0.5556,none
4b,degraded_instruct,damaged_q3,stability_first_tri_70,planning,560,0.8929,0.6714,0.9433,0.9821,0.0875,0.05,0.2286,0.0393,0.6149,none
4b,degraded_instruct,damaged_q3,stability_first_tri_70,rhetoric,560,0.8464,0.6214,0.921,0.9536,0.1125,0.0464,0.2839,0.0714,0.5521,none
4b,degraded_instruct,damaged_q3,stability_first_tri_70,spatial,560,0.8911,0.6821,0.9411,0.9696,0.0839,0.0446,0.2232,0.0518,0.6276,none
4b,degraded_instruct,damaged_q4,cognitive_structural_25_75,adversarial,560,0.8804,0.6786,0.9387,0.9857,0.1018,0.0304,0.2357,0.0536,0.6204,none
4b,degraded_instruct,damaged_q4,cognitive_structural_25_75,boundary,560,0.9143,0.7179,0.9483,0.9911,0.075,0.0286,0.2214,0.0554,0.6692,none
4b,degraded_instruct,damaged_q4,cognitive_structural_25_75,coding,560,0.925,0.6929,0.9533,0.9929,0.0589,0.0321,0.25,0.0429,0.6466,none
4b,degraded_instruct,damaged_q4,cognitive_structural_25_75,epistemic,560,0.9,0.6839,0.9477,0.9911,0.0804,0.0214,0.2696,0.0304,0.6324,none
4b,degraded_instruct,damaged_q4,cognitive_structural_25_75,forensic,560,0.9089,0.6946,0.9427,0.9875,0.0804,0.0304,0.2429,0.0625,0.6419,none
4b,degraded_instruct,damaged_q4,cognitive_structural_25_75,generalist,560,0.9125,0.6911,0.9484,0.9821,0.0643,0.0232,0.2679,0.0411,0.6437,none
4b,degraded_instruct,damaged_q4,cognitive_structural_25_75,math,560,0.9304,0.6946,0.9497,0.9839,0.0554,0.0143,0.2804,0.0536,0.6501,none
4b,degraded_instruct,damaged_q4,cognitive_structural_25_75,planning,560,0.9107,0.7304,0.9507,0.9839,0.0696,0.0286,0.1839,0.0518,0.6864,none
4b,degraded_instruct,damaged_q4,cognitive_structural_25_75,rhetoric,560,0.9268,0.725,0.953,0.9911,0.0589,0.0196,0.2429,0.0482,0.6816,none
4b,degraded_instruct,damaged_q4,cognitive_structural_25_75,spatial,560,0.9214,0.7232,0.9536,0.9946,0.0661,0.0339,0.2214,0.0446,0.6767,none
4b,degraded_instruct,damaged_q4,cyber_structural_25_75,adversarial,560,0.8804,0.6964,0.9413,0.9929,0.1018,0.05,0.2,0.0589,0.6369,none
4b,degraded_instruct,damaged_q4,cyber_structural_25_75,boundary,560,0.9036,0.6946,0.9448,0.9821,0.0839,0.0643,0.2179,0.0464,0.6369,none
4b,degraded_instruct,damaged_q4,cyber_structural_25_75,coding,560,0.9179,0.7464,0.9533,0.9804,0.0607,0.0482,0.1661,0.0554,0.7025,none
4b,degraded_instruct,damaged_q4,cyber_structural_25_75,epistemic,560,0.8875,0.6714,0.9417,0.9875,0.0786,0.0179,0.2625,0.0554,0.6205,none
4b,degraded_instruct,damaged_q4,cyber_structural_25_75,forensic,560,0.9,0.7089,0.9462,0.9911,0.0857,0.0446,0.2107,0.05,0.6549,none
4b,degraded_instruct,damaged_q4,cyber_structural_25_75,generalist,560,0.8875,0.6893,0.9363,0.9607,0.0804,0.0304,0.2429,0.0607,0.6366,none
4b,degraded_instruct,damaged_q4,cyber_structural_25_75,math,560,0.9071,0.6893,0.9448,0.9571,0.0607,0.0446,0.2518,0.05,0.6395,none
4b,degraded_instruct,damaged_q4,cyber_structural_25_75,planning,560,0.9071,0.7518,0.9472,0.9661,0.0661,0.0268,0.1571,0.0625,0.7109,none
4b,degraded_instruct,damaged_q4,cyber_structural_25_75,rhetoric,560,0.875,0.6625,0.9321,0.9589,0.0875,0.0321,0.2464,0.0732,0.6064,none
4b,degraded_instruct,damaged_q4,cyber_structural_25_75,spatial,560,0.9268,0.6911,0.9539,0.9768,0.0554,0.0536,0.2107,0.0429,0.6448,none
4b,degraded_instruct,damaged_q4,q2_structural_amplifier,adversarial,560,0.8661,0.4661,0.9125,0.9857,0.0964,0.2946,0.2589,0.0518,0.3549,none
4b,degraded_instruct,damaged_q4,q2_structural_amplifier,boundary,560,0.8732,0.4339,0.9075,0.9964,0.1,0.3268,0.3125,0.0446,0.3113,none
4b,degraded_instruct,damaged_q4,q2_structural_amplifier,coding,560,0.8911,0.5,0.9186,0.9911,0.0714,0.3,0.2375,0.0643,0.3964,none
4b,degraded_instruct,damaged_q4,q2_structural_amplifier,epistemic,560,0.9,0.5071,0.9279,0.9929,0.075,0.2786,0.2482,0.0339,0.4074,none
4b,degraded_instruct,damaged_q4,q2_structural_amplifier,forensic,560,0.8821,0.4982,0.9194,0.9875,0.0804,0.2911,0.2571,0.05,0.3928,none
4b,degraded_instruct,damaged_q4,q2_structural_amplifier,generalist,560,0.8786,0.4786,0.9166,0.9857,0.0786,0.275,0.2982,0.0411,0.3741,none
4b,degraded_instruct,damaged_q4,q2_structural_amplifier,math,560,0.8982,0.4804,0.9218,0.9911,0.0714,0.2857,0.3036,0.05,0.375,none
4b,degraded_instruct,damaged_q4,q2_structural_amplifier,planning,560,0.8821,0.4929,0.9188,0.9911,0.0893,0.2821,0.2429,0.0411,0.3882,none
4b,degraded_instruct,damaged_q4,q2_structural_amplifier,rhetoric,560,0.8857,0.4732,0.9186,0.9893,0.0786,0.2946,0.2839,0.0554,0.3652,none
4b,degraded_instruct,damaged_q4,q2_structural_amplifier,spatial,560,0.8911,0.5,0.9237,0.9821,0.0679,0.3143,0.2286,0.05,0.396,none
4b,degraded_instruct,damaged_q4,routed_tri_structural_60,adversarial,560,0.9107,0.6518,0.9451,0.9857,0.075,0.075,0.2554,0.05,0.5914,none
4b,degraded_instruct,damaged_q4,routed_tri_structural_60,boundary,560,0.9071,0.6518,0.9452,0.9875,0.075,0.0643,0.2661,0.0464,0.5928,none
4b,degraded_instruct,damaged_q4,routed_tri_structural_60,coding,560,0.9268,0.7018,0.9514,0.9875,0.0589,0.0518,0.2232,0.0554,0.6531,none
4b,degraded_instruct,damaged_q4,routed_tri_structural_60,epistemic,560,0.9054,0.6536,0.9488,0.9946,0.0714,0.0393,0.2714,0.0393,0.6006,none
4b,degraded_instruct,damaged_q4,routed_tri_structural_60,forensic,560,0.9036,0.7,0.9485,0.9946,0.0821,0.0446,0.2161,0.0464,0.6468,none
4b,degraded_instruct,damaged_q4,routed_tri_structural_60,generalist,560,0.9036,0.6893,0.9499,0.9946,0.0714,0.0661,0.2196,0.0446,0.6348,none
4b,degraded_instruct,damaged_q4,routed_tri_structural_60,math,560,0.9143,0.6875,0.9488,0.9964,0.0714,0.0268,0.2661,0.0554,0.6367,none
4b,degraded_instruct,damaged_q4,routed_tri_structural_60,planning,560,0.9125,0.6804,0.9469,0.9839,0.075,0.0571,0.225,0.0482,0.626,none
4b,degraded_instruct,damaged_q4,routed_tri_structural_60,rhetoric,560,0.8821,0.6554,0.9407,0.9821,0.0875,0.0429,0.2804,0.0446,0.5959,none
4b,degraded_instruct,damaged_q4,routed_tri_structural_60,spatial,560,0.9196,0.7125,0.9543,0.9911,0.0643,0.0571,0.1875,0.0482,0.6644,none
4b,degraded_instruct,damaged_q4,routed_tri_structural_65,adversarial,560,0.9143,0.6679,0.947,0.9821,0.0643,0.0446,0.2411,0.0589,0.6174,none
4b,degraded_instruct,damaged_q4,routed_tri_structural_65,boundary,560,0.9143,0.6679,0.9475,0.9946,0.075,0.0554,0.2643,0.0482,0.6107,none
4b,degraded_instruct,damaged_q4,routed_tri_structural_65,coding,560,0.9179,0.7232,0.9542,0.9911,0.0518,0.0625,0.1732,0.0714,0.6777,none
4b,degraded_instruct,damaged_q4,routed_tri_structural_65,epistemic,560,0.8982,0.6571,0.9461,0.9875,0.0768,0.0393,0.2696,0.0357,0.6029,none
4b,degraded_instruct,damaged_q4,routed_tri_structural_65,forensic,560,0.9196,0.6625,0.9469,0.9857,0.0643,0.0446,0.2679,0.0536,0.6102,none
4b,degraded_instruct,damaged_q4,routed_tri_structural_65,generalist,560,0.9036,0.6839,0.9509,0.9911,0.0625,0.0464,0.2411,0.0446,0.6344,none
4b,degraded_instruct,damaged_q4,routed_tri_structural_65,math,560,0.9,0.6518,0.9429,0.9929,0.0839,0.0357,0.2946,0.0464,0.5936,none
4b,degraded_instruct,damaged_q4,routed_tri_structural_65,planning,560,0.8929,0.7054,0.9453,0.9964,0.0893,0.0571,0.1875,0.0589,0.6492,none
4b,degraded_instruct,damaged_q4,routed_tri_structural_65,rhetoric,560,0.9196,0.6982,0.947,0.9821,0.0625,0.0321,0.2446,0.0643,0.6502,none
4b,degraded_instruct,damaged_q4,routed_tri_structural_65,spatial,560,0.9196,0.7286,0.9537,0.9857,0.0589,0.0446,0.1929,0.0518,0.6839,none
4b,degraded_instruct,damaged_q4,stability_first_tri_70,adversarial,560,0.9054,0.7161,0.9493,0.9839,0.0661,0.0375,0.2107,0.0589,0.6689,none
4b,degraded_instruct,damaged_q4,stability_first_tri_70,boundary,560,0.8821,0.6375,0.9383,0.9911,0.0929,0.0554,0.2357,0.0679,0.5763,none
4b,degraded_instruct,damaged_q4,stability_first_tri_70,coding,560,0.8857,0.6964,0.9432,0.9857,0.1018,0.0554,0.1839,0.0429,0.638,none
4b,degraded_instruct,damaged_q4,stability_first_tri_70,epistemic,560,0.9018,0.6607,0.9446,0.9857,0.0732,0.0339,0.2625,0.0482,0.6086,none
4b,degraded_instruct,damaged_q4,stability_first_tri_70,forensic,560,0.9107,0.7125,0.9526,0.9982,0.0768,0.0518,0.2071,0.0393,0.6606,none
4b,degraded_instruct,damaged_q4,stability_first_tri_70,generalist,560,0.9107,0.6929,0.952,0.9964,0.0679,0.0393,0.2464,0.0393,0.643,none
4b,degraded_instruct,damaged_q4,stability_first_tri_70,math,560,0.9268,0.6946,0.9524,0.9893,0.0482,0.0357,0.2607,0.0643,0.649,none
4b,degraded_instruct,damaged_q4,stability_first_tri_70,planning,560,0.9036,0.7268,0.9516,0.9911,0.075,0.0554,0.1857,0.0411,0.6763,none
4b,degraded_instruct,damaged_q4,stability_first_tri_70,rhetoric,560,0.9161,0.7196,0.953,0.9929,0.0661,0.0446,0.1982,0.0536,0.6724,none
4b,degraded_instruct,damaged_q4,stability_first_tri_70,spatial,560,0.925,0.7071,0.9556,0.9875,0.0607,0.05,0.2196,0.0357,0.6596,none
4b,degraded_instruct,healthy_q6,cognitive_structural_25_75,adversarial,560,0.9375,0.7714,0.957,0.9839,0.0536,0.0304,0.1643,0.0625,0.733,none
4b,degraded_instruct,healthy_q6,cognitive_structural_25_75,boundary,560,0.9071,0.7482,0.9533,0.9857,0.0679,0.0411,0.1589,0.0554,0.7042,none
4b,degraded_instruct,healthy_q6,cognitive_structural_25_75,coding,560,0.9214,0.7696,0.9586,0.9946,0.0536,0.0357,0.1536,0.0589,0.7312,none
4b,degraded_instruct,healthy_q6,cognitive_structural_25_75,epistemic,560,0.9036,0.7286,0.9526,0.9982,0.0696,0.0036,0.2125,0.0446,0.6877,none
4b,degraded_instruct,healthy_q6,cognitive_structural_25_75,forensic,560,0.9375,0.7857,0.9603,0.9946,0.0482,0.0286,0.1518,0.0643,0.7502,none
4b,degraded_instruct,healthy_q6,cognitive_structural_25_75,generalist,560,0.9161,0.7429,0.9552,0.9839,0.0571,0.0286,0.1857,0.0446,0.7029,none
4b,degraded_instruct,healthy_q6,cognitive_structural_25_75,math,560,0.9393,0.7518,0.9603,0.9875,0.0464,0.025,0.2071,0.0393,0.7143,none
4b,degraded_instruct,healthy_q6,cognitive_structural_25_75,planning,560,0.9464,0.7804,0.9644,0.9964,0.0411,0.025,0.1607,0.05,0.7477,none
4b,degraded_instruct,healthy_q6,cognitive_structural_25_75,rhetoric,560,0.9411,0.7554,0.9614,0.9875,0.0393,0.0232,0.1911,0.05,0.7211,none
4b,degraded_instruct,healthy_q6,cognitive_structural_25_75,spatial,560,0.9321,0.7821,0.9579,0.9821,0.0482,0.025,0.1643,0.0554,0.7468,none
4b,degraded_instruct,healthy_q6,cyber_structural_25_75,adversarial,560,0.9268,0.7732,0.9565,0.9911,0.0607,0.0375,0.1393,0.0643,0.7331,none
4b,degraded_instruct,healthy_q6,cyber_structural_25_75,boundary,560,0.9393,0.7679,0.9607,0.9929,0.0446,0.0339,0.1786,0.0589,0.7304,none
4b,degraded_instruct,healthy_q6,cyber_structural_25_75,coding,560,0.9464,0.7768,0.9663,0.9964,0.0304,0.0357,0.1607,0.0536,0.745,none
4b,degraded_instruct,healthy_q6,cyber_structural_25_75,epistemic,560,0.9339,0.7643,0.959,0.9893,0.0518,0.0179,0.1929,0.0375,0.7279,none
4b,degraded_instruct,healthy_q6,cyber_structural_25_75,forensic,560,0.9304,0.7732,0.9601,0.9929,0.0536,0.0357,0.15,0.0518,0.7354,none
4b,degraded_instruct,healthy_q6,cyber_structural_25_75,generalist,560,0.9125,0.7375,0.9571,0.9964,0.0732,0.0321,0.1732,0.0304,0.6937,none
4b,degraded_instruct,healthy_q6,cyber_structural_25_75,math,560,0.9357,0.7339,0.9586,0.9946,0.0375,0.0232,0.2268,0.0625,0.6968,none
4b,degraded_instruct,healthy_q6,cyber_structural_25_75,planning,560,0.9339,0.7714,0.9614,0.9893,0.0482,0.0321,0.1571,0.0482,0.7356,none
4b,degraded_instruct,healthy_q6,cyber_structural_25_75,rhetoric,560,0.9179,0.7304,0.9524,0.9929,0.0607,0.0286,0.1929,0.0679,0.6876,none
4b,degraded_instruct,healthy_q6,cyber_structural_25_75,spatial,560,0.9304,0.7964,0.9594,0.9946,0.0589,0.0339,0.1286,0.0589,0.7587,none
4b,degraded_instruct,healthy_q6,q2_structural_amplifier,adversarial,560,0.8946,0.5286,0.9241,0.9911,0.0732,0.3018,0.2125,0.0429,0.4271,none
4b,degraded_instruct,healthy_q6,q2_structural_amplifier,boundary,560,0.8946,0.4946,0.9182,0.9929,0.0661,0.3339,0.2661,0.0554,0.384,none
4b,degraded_instruct,healthy_q6,q2_structural_amplifier,coding,560,0.9071,0.5393,0.9276,0.9875,0.0554,0.2821,0.1839,0.0679,0.4481,none
4b,degraded_instruct,healthy_q6,q2_structural_amplifier,epistemic,560,0.9446,0.5071,0.9384,0.9911,0.0321,0.3214,0.2536,0.0268,0.4116,none
4b,degraded_instruct,healthy_q6,q2_structural_amplifier,forensic,560,0.9107,0.5768,0.9351,0.9911,0.0607,0.2625,0.1911,0.0464,0.4885,none
4b,degraded_instruct,healthy_q6,q2_structural_amplifier,generalist,560,0.9036,0.5143,0.9259,0.9839,0.0696,0.2946,0.2089,0.0321,0.4161,none
4b,degraded_instruct,healthy_q6,q2_structural_amplifier,math,560,0.9268,0.5357,0.9307,0.9821,0.0446,0.2768,0.2768,0.0518,0.4422,none
4b,degraded_instruct,healthy_q6,q2_structural_amplifier,planning,560,0.9089,0.5393,0.927,0.9893,0.0643,0.2768,0.1946,0.0446,0.4468,none
4b,degraded_instruct,healthy_q6,q2_structural_amplifier,rhetoric,560,0.9161,0.5179,0.9306,0.9893,0.0518,0.3071,0.2411,0.0464,0.4193,none
4b,degraded_instruct,healthy_q6,q2_structural_amplifier,spatial,560,0.8982,0.5429,0.9278,0.9946,0.0804,0.3089,0.1589,0.0464,0.4419,none
4b,degraded_instruct,healthy_q6,routed_tri_structural_60,adversarial,560,0.9304,0.7571,0.957,0.9911,0.0589,0.0554,0.1536,0.0625,0.713,none
4b,degraded_instruct,healthy_q6,routed_tri_structural_60,boundary,560,0.9286,0.7179,0.9523,0.9839,0.0589,0.0643,0.1929,0.0589,0.6689,none
4b,degraded_instruct,healthy_q6,routed_tri_structural_60,coding,560,0.9411,0.7429,0.9619,0.9911,0.0411,0.0536,0.1768,0.0518,0.7031,none
4b,degraded_instruct,healthy_q6,routed_tri_structural_60,epistemic,560,0.9214,0.7339,0.958,0.9946,0.0589,0.0321,0.1839,0.0393,0.6931,none
4b,degraded_instruct,healthy_q6,routed_tri_structural_60,forensic,560,0.9464,0.7732,0.966,0.9964,0.0464,0.0607,0.1482,0.0411,0.7332,none
4b,degraded_instruct,healthy_q6,routed_tri_structural_60,generalist,560,0.9161,0.7304,0.9598,0.9911,0.0464,0.0536,0.1786,0.0464,0.6891,none
4b,degraded_instruct,healthy_q6,routed_tri_structural_60,math,560,0.9554,0.7375,0.9642,0.9911,0.025,0.0446,0.2125,0.0589,0.7011,none
4b,degraded_instruct,healthy_q6,routed_tri_structural_60,planning,560,0.9411,0.7839,0.9646,0.9857,0.0411,0.0429,0.1411,0.0411,0.7497,none
4b,degraded_instruct,healthy_q6,routed_tri_structural_60,rhetoric,560,0.9411,0.725,0.9621,0.9929,0.0411,0.0464,0.2054,0.0446,0.6847,none
4b,degraded_instruct,healthy_q6,routed_tri_structural_60,spatial,560,0.9482,0.7714,0.9666,0.9946,0.0393,0.0536,0.1446,0.0482,0.7349,none
4b,degraded_instruct,healthy_q6,routed_tri_structural_65,adversarial,560,0.9393,0.775,0.9634,0.9911,0.0482,0.0625,0.1446,0.05,0.734,none
4b,degraded_instruct,healthy_q6,routed_tri_structural_65,boundary,560,0.9446,0.7857,0.9641,0.9839,0.0429,0.0464,0.1393,0.0464,0.7501,none
4b,degraded_instruct,healthy_q6,routed_tri_structural_65,coding,560,0.9518,0.75,0.9635,0.9875,0.0375,0.0446,0.1821,0.0446,0.713,none
4b,degraded_instruct,healthy_q6,routed_tri_structural_65,epistemic,560,0.9268,0.7286,0.9604,0.9946,0.05,0.0357,0.2036,0.0339,0.6884,none
4b,degraded_instruct,healthy_q6,routed_tri_structural_65,forensic,560,0.9321,0.7679,0.9571,0.9786,0.0554,0.0554,0.1304,0.0589,0.7268,none
4b,degraded_instruct,healthy_q6,routed_tri_structural_65,generalist,560,0.9339,0.7375,0.9635,0.9929,0.0464,0.05,0.1875,0.0286,0.6971,none
4b,degraded_instruct,healthy_q6,routed_tri_structural_65,math,560,0.9286,0.7036,0.9572,0.9911,0.05,0.0429,0.2339,0.0464,0.659,none
4b,degraded_instruct,healthy_q6,routed_tri_structural_65,planning,560,0.9357,0.7625,0.9596,0.9857,0.0411,0.0482,0.1571,0.0536,0.7253,none
4b,degraded_instruct,healthy_q6,routed_tri_structural_65,rhetoric,560,0.9393,0.7714,0.9638,0.9964,0.0411,0.0429,0.1625,0.0554,0.7348,none
4b,degraded_instruct,healthy_q6,routed_tri_structural_65,spatial,560,0.9339,0.7732,0.9611,0.9929,0.0536,0.0518,0.1357,0.0554,0.7332,none
4b,degraded_instruct,healthy_q6,stability_first_tri_70,adversarial,560,0.9161,0.7393,0.9542,0.9964,0.0643,0.0446,0.1554,0.0768,0.6948,none
4b,degraded_instruct,healthy_q6,stability_first_tri_70,boundary,560,0.9286,0.7196,0.9563,0.9946,0.0536,0.0536,0.2018,0.0607,0.6737,none
4b,degraded_instruct,healthy_q6,stability_first_tri_70,coding,560,0.9429,0.7482,0.9638,0.9911,0.0393,0.0571,0.1554,0.05,0.7101,none
4b,degraded_instruct,healthy_q6,stability_first_tri_70,epistemic,560,0.9214,0.7196,0.9557,0.9857,0.0571,0.0375,0.2107,0.0375,0.6763,none
4b,degraded_instruct,healthy_q6,stability_first_tri_70,forensic,560,0.9321,0.775,0.9605,0.9893,0.0482,0.0429,0.1429,0.0554,0.7378,none
4b,degraded_instruct,healthy_q6,stability_first_tri_70,generalist,560,0.9375,0.7786,0.9655,0.9964,0.0393,0.0357,0.1607,0.0429,0.7446,none
4b,degraded_instruct,healthy_q6,stability_first_tri_70,math,560,0.9375,0.7429,0.9643,0.9875,0.0464,0.0411,0.1786,0.0321,0.7048,none
4b,degraded_instruct,healthy_q6,stability_first_tri_70,planning,560,0.9411,0.7821,0.9599,0.9875,0.0464,0.0464,0.1429,0.0571,0.7446,none
4b,degraded_instruct,healthy_q6,stability_first_tri_70,rhetoric,560,0.9304,0.7643,0.9591,0.9946,0.0554,0.0429,0.1536,0.0589,0.7239,none
4b,degraded_instruct,healthy_q6,stability_first_tri_70,spatial,560,0.9375,0.7946,0.9644,0.9911,0.0446,0.0411,0.1304,0.05,0.7601,none
4b,degraded_instruct,healthy_q8,cognitive_structural_25_75,adversarial,560,0.9536,0.8089,0.9658,0.9857,0.0393,0.0268,0.1429,0.0464,0.778,none
4b,degraded_instruct,healthy_q8,cognitive_structural_25_75,boundary,560,0.95,0.7893,0.9652,0.9893,0.0304,0.0304,0.1625,0.0589,0.7582,none
4b,degraded_instruct,healthy_q8,cognitive_structural_25_75,coding,560,0.9768,0.8232,0.9719,0.9857,0.0214,0.0214,0.1375,0.0411,0.7994,none
4b,degraded_instruct,healthy_q8,cognitive_structural_25_75,epistemic,560,0.9411,0.7929,0.9658,0.9911,0.0393,0.0071,0.1661,0.0357,0.7646,none
4b,degraded_instruct,healthy_q8,cognitive_structural_25_75,forensic,560,0.9482,0.8054,0.9668,0.9911,0.0357,0.0143,0.15,0.0429,0.7776,none
4b,degraded_instruct,healthy_q8,cognitive_structural_25_75,generalist,560,0.9464,0.7857,0.9672,0.9929,0.0375,0.0375,0.1393,0.0429,0.7537,none
4b,degraded_instruct,healthy_q8,cognitive_structural_25_75,math,560,0.9482,0.7911,0.9613,0.9911,0.0375,0.0196,0.1679,0.0696,0.759,none
4b,degraded_instruct,healthy_q8,cognitive_structural_25_75,planning,560,0.9571,0.8179,0.9717,0.9946,0.0268,0.0429,0.1179,0.0429,0.7897,none
4b,degraded_instruct,healthy_q8,cognitive_structural_25_75,rhetoric,560,0.9571,0.7696,0.9662,0.9911,0.0375,0.0196,0.1821,0.0375,0.738,none
4b,degraded_instruct,healthy_q8,cognitive_structural_25_75,spatial,560,0.9536,0.8036,0.9658,0.9857,0.0357,0.0268,0.1375,0.05,0.774,none
4b,degraded_instruct,healthy_q8,cyber_structural_25_75,adversarial,560,0.9357,0.7643,0.962,0.9929,0.05,0.0536,0.1446,0.0536,0.7243,none
4b,degraded_instruct,healthy_q8,cyber_structural_25_75,boundary,560,0.9554,0.8054,0.9683,0.9893,0.0339,0.0571,0.1125,0.0536,0.7721,none
4b,degraded_instruct,healthy_q8,cyber_structural_25_75,coding,560,0.9571,0.8196,0.9715,0.9929,0.0304,0.0571,0.0982,0.0482,0.7888,none
4b,degraded_instruct,healthy_q8,cyber_structural_25_75,epistemic,560,0.9482,0.7857,0.9675,0.9839,0.0286,0.0232,0.1536,0.0411,0.7582,none
4b,degraded_instruct,healthy_q8,cyber_structural_25_75,forensic,560,0.9607,0.8018,0.9711,0.9911,0.0286,0.0464,0.1357,0.0429,0.7709,none
4b,degraded_instruct,healthy_q8,cyber_structural_25_75,generalist,560,0.9643,0.8232,0.9736,0.9929,0.0286,0.0321,0.1214,0.0321,0.7969,none
4b,degraded_instruct,healthy_q8,cyber_structural_25_75,math,560,0.95,0.75,0.9641,0.9875,0.0375,0.05,0.1911,0.0446,0.7112,none
4b,degraded_instruct,healthy_q8,cyber_structural_25_75,planning,560,0.9607,0.8232,0.9675,0.9786,0.0304,0.0375,0.1232,0.0446,0.7945,none
4b,degraded_instruct,healthy_q8,cyber_structural_25_75,rhetoric,560,0.9518,0.8089,0.9674,0.9839,0.0232,0.0196,0.1589,0.0518,0.7827,none
4b,degraded_instruct,healthy_q8,cyber_structural_25_75,spatial,560,0.9607,0.8554,0.9722,0.9893,0.0357,0.025,0.0893,0.0429,0.8304,none
4b,degraded_instruct,healthy_q8,q2_structural_amplifier,adversarial,560,0.9054,0.5643,0.9305,0.9964,0.0625,0.2696,0.1857,0.0607,0.4737,none
4b,degraded_instruct,healthy_q8,q2_structural_amplifier,boundary,560,0.9161,0.5321,0.9291,0.9893,0.0589,0.2964,0.2143,0.0429,0.4359,none
4b,degraded_instruct,healthy_q8,q2_structural_amplifier,coding,560,0.9321,0.5768,0.9379,0.9893,0.0411,0.2768,0.1589,0.05,0.4939,none
4b,degraded_instruct,healthy_q8,q2_structural_amplifier,epistemic,560,0.9125,0.5857,0.9362,0.9929,0.0607,0.2589,0.1625,0.0482,0.5003,none
4b,degraded_instruct,healthy_q8,q2_structural_amplifier,forensic,560,0.9179,0.5679,0.9334,0.9929,0.0518,0.2804,0.1929,0.0607,0.4778,none
4b,degraded_instruct,healthy_q8,q2_structural_amplifier,generalist,560,0.8982,0.55,0.9295,0.9839,0.0571,0.2571,0.1946,0.0536,0.4632,none
4b,degraded_instruct,healthy_q8,q2_structural_amplifier,math,560,0.9268,0.525,0.9307,0.9911,0.0589,0.2554,0.2732,0.05,0.4319,none
4b,degraded_instruct,healthy_q8,q2_structural_amplifier,planning,560,0.9179,0.5857,0.9321,0.9875,0.0554,0.2625,0.1661,0.0536,0.5006,none
4b,degraded_instruct,healthy_q8,q2_structural_amplifier,rhetoric,560,0.9393,0.5321,0.9393,0.9911,0.0411,0.2804,0.2286,0.0375,0.4436,none
4b,degraded_instruct,healthy_q8,q2_structural_amplifier,spatial,560,0.9161,0.5696,0.9361,0.9946,0.0482,0.2839,0.1839,0.0571,0.4808,none
4b,degraded_instruct,healthy_q8,routed_tri_structural_60,adversarial,560,0.9304,0.7589,0.9612,0.9875,0.0393,0.0768,0.1268,0.0714,0.7181,none
4b,degraded_instruct,healthy_q8,routed_tri_structural_60,boundary,560,0.9375,0.7571,0.9598,0.9804,0.0446,0.0732,0.1464,0.0536,0.7147,none
4b,degraded_instruct,healthy_q8,routed_tri_structural_60,coding,560,0.9589,0.7911,0.9676,0.9911,0.025,0.0607,0.1375,0.0589,0.7575,none
4b,degraded_instruct,healthy_q8,routed_tri_structural_60,epistemic,560,0.95,0.7661,0.9697,0.9929,0.0339,0.0518,0.1661,0.0286,0.7308,none
4b,degraded_instruct,healthy_q8,routed_tri_structural_60,forensic,560,0.9446,0.7875,0.9646,0.9875,0.0411,0.0518,0.1464,0.0446,0.7509,none
4b,degraded_instruct,healthy_q8,routed_tri_structural_60,generalist,560,0.9339,0.7679,0.9655,0.9964,0.0429,0.0643,0.1375,0.0429,0.729,none
4b,degraded_instruct,healthy_q8,routed_tri_structural_60,math,560,0.9536,0.7429,0.9595,0.9768,0.0339,0.0464,0.2071,0.0571,0.704,none
4b,degraded_instruct,healthy_q8,routed_tri_structural_60,planning,560,0.9554,0.8,0.9669,0.9911,0.0304,0.0536,0.1196,0.0589,0.7677,none
4b,degraded_instruct,healthy_q8,routed_tri_structural_60,rhetoric,560,0.9554,0.7875,0.9715,0.9911,0.0196,0.05,0.1393,0.05,0.758,none
4b,degraded_instruct,healthy_q8,routed_tri_structural_60,spatial,560,0.9518,0.7982,0.9712,0.9946,0.0268,0.05,0.1304,0.0464,0.7674,none
4b,degraded_instruct,healthy_q8,routed_tri_structural_65,adversarial,560,0.9518,0.7911,0.9649,0.9839,0.0429,0.0714,0.1179,0.0554,0.7517,none
4b,degraded_instruct,healthy_q8,routed_tri_structural_65,boundary,560,0.9643,0.7643,0.9676,0.9857,0.0268,0.0518,0.175,0.0429,0.7298,none
4b,degraded_instruct,healthy_q8,routed_tri_structural_65,coding,560,0.9607,0.775,0.9662,0.9768,0.0321,0.0536,0.1571,0.0375,0.7402,none
4b,degraded_instruct,healthy_q8,routed_tri_structural_65,epistemic,560,0.9357,0.7589,0.9652,0.9875,0.0321,0.0375,0.1732,0.0393,0.726,none
4b,degraded_instruct,healthy_q8,routed_tri_structural_65,forensic,560,0.9482,0.775,0.965,0.9911,0.0339,0.0696,0.1375,0.0607,0.7369,none
4b,degraded_instruct,healthy_q8,routed_tri_structural_65,generalist,560,0.9339,0.7732,0.9649,0.9911,0.0321,0.0571,0.1339,0.0571,0.7386,none
4b,degraded_instruct,healthy_q8,routed_tri_structural_65,math,560,0.9482,0.7643,0.9653,0.9946,0.0286,0.0464,0.1768,0.0643,0.7291,none
4b,degraded_instruct,healthy_q8,routed_tri_structural_65,planning,560,0.9714,0.8357,0.9729,0.9875,0.0214,0.0357,0.1161,0.0446,0.8106,none
4b,degraded_instruct,healthy_q8,routed_tri_structural_65,rhetoric,560,0.9518,0.7607,0.9641,0.9893,0.0411,0.0446,0.1768,0.0429,0.7232,none
4b,degraded_instruct,healthy_q8,routed_tri_structural_65,spatial,560,0.9661,0.7982,0.9715,0.9893,0.0268,0.0571,0.1286,0.0429,0.7663,none
4b,degraded_instruct,healthy_q8,stability_first_tri_70,adversarial,560,0.9554,0.7857,0.9661,0.9929,0.0357,0.0536,0.1321,0.0625,0.7506,none
4b,degraded_instruct,healthy_q8,stability_first_tri_70,boundary,560,0.9518,0.7821,0.9678,0.9911,0.0393,0.05,0.1554,0.0357,0.7461,none
4b,degraded_instruct,healthy_q8,stability_first_tri_70,coding,560,0.9625,0.7893,0.9707,0.9857,0.0321,0.0482,0.1518,0.0232,0.7567,none
4b,degraded_instruct,healthy_q8,stability_first_tri_70,epistemic,560,0.9446,0.7982,0.9647,0.9893,0.0375,0.025,0.1482,0.05,0.7676,none
4b,degraded_instruct,healthy_q8,stability_first_tri_70,forensic,560,0.9536,0.7839,0.9672,0.9929,0.0357,0.0446,0.1518,0.0446,0.7499,none
4b,degraded_instruct,healthy_q8,stability_first_tri_70,generalist,560,0.9411,0.7625,0.9678,1.0,0.0286,0.0625,0.1518,0.0518,0.7267,none
4b,degraded_instruct,healthy_q8,stability_first_tri_70,math,560,0.9554,0.7839,0.9657,0.9839,0.0232,0.0339,0.1643,0.0625,0.7539,none
4b,degraded_instruct,healthy_q8,stability_first_tri_70,planning,560,0.9464,0.8107,0.9634,0.9875,0.0411,0.0357,0.1214,0.0607,0.7785,none
4b,degraded_instruct,healthy_q8,stability_first_tri_70,rhetoric,560,0.9536,0.7857,0.9664,0.9857,0.0304,0.0429,0.1571,0.0518,0.7529,none
4b,degraded_instruct,healthy_q8,stability_first_tri_70,spatial,560,0.9518,0.7982,0.9716,0.9946,0.0357,0.0429,0.1357,0.0339,0.7664,none
4b,instruct,collapsed_q2_edge,cognitive_structural_25_75,adversarial,560,0.0786,0.0571,0.3054,0.6875,0.4661,0.025,0.5875,2.8054,-0.2749,cascade
4b,instruct,collapsed_q2_edge,cognitive_structural_25_75,boundary,560,0.0857,0.0571,0.3012,0.6179,0.4607,0.0304,0.6482,2.6482,-0.2714,cascade
4b,instruct,collapsed_q2_edge,cognitive_structural_25_75,coding,560,0.0571,0.0464,0.2818,0.5161,0.4054,0.0196,0.4911,2.6821,-0.2525,cascade
4b,instruct,collapsed_q2_edge,cognitive_structural_25_75,epistemic,560,0.075,0.0464,0.283,0.5286,0.4482,0.0071,0.5607,2.2554,-0.2471,cascade
4b,instruct,collapsed_q2_edge,cognitive_structural_25_75,forensic,560,0.0768,0.0589,0.2676,0.6232,0.4964,0.0143,0.5875,2.6429,-0.272,cascade
4b,instruct,collapsed_q2_edge,cognitive_structural_25_75,generalist,560,0.0589,0.0411,0.2563,0.5339,0.4393,0.0304,0.5625,2.5393,-0.2688,cascade
4b,instruct,collapsed_q2_edge,cognitive_structural_25_75,math,560,0.0429,0.0286,0.2684,0.5268,0.4054,0.0179,0.6304,2.8393,-0.289,cascade
4b,instruct,collapsed_q2_edge,cognitive_structural_25_75,planning,560,0.1018,0.0893,0.3096,0.5286,0.3946,0.0214,0.4411,2.4643,-0.1919,cascade
4b,instruct,collapsed_q2_edge,cognitive_structural_25_75,rhetoric,560,0.0643,0.0482,0.2473,0.4821,0.4518,0.0179,0.5929,2.7946,-0.2781,cascade
4b,instruct,collapsed_q2_edge,cognitive_structural_25_75,spatial,560,0.075,0.0536,0.2797,0.5179,0.4232,0.0179,0.4732,2.5304,-0.2413,cascade
4b,instruct,collapsed_q2_edge,cyber_structural_25_75,adversarial,560,0.1071,0.0786,0.3752,0.7589,0.4786,0.0357,0.5857,2.4232,-0.2402,cascade
4b,instruct,collapsed_q2_edge,cyber_structural_25_75,boundary,560,0.1429,0.0946,0.4171,0.7482,0.4375,0.0357,0.5875,2.0732,-0.1944,cascade
4b,instruct,collapsed_q2_edge,cyber_structural_25_75,coding,560,0.0589,0.0411,0.2631,0.4893,0.4571,0.0339,0.4143,2.6339,-0.2677,cascade
4b,instruct,collapsed_q2_edge,cyber_structural_25_75,epistemic,560,0.0714,0.0446,0.2749,0.4964,0.4107,0.0089,0.5625,2.2571,-0.2382,cascade
4b,instruct,collapsed_q2_edge,cyber_structural_25_75,forensic,560,0.0982,0.0732,0.3239,0.7089,0.425,0.0375,0.5643,2.4161,-0.2277,cascade
4b,instruct,collapsed_q2_edge,cyber_structural_25_75,generalist,560,0.0661,0.0482,0.2649,0.4607,0.4607,0.0339,0.5411,2.4304,-0.2616,cascade
4b,instruct,collapsed_q2_edge,cyber_structural_25_75,math,560,0.0625,0.0446,0.2538,0.4625,0.4339,0.025,0.5482,2.9196,-0.2804,cascade
4b,instruct,collapsed_q2_edge,cyber_structural_25_75,planning,560,0.0679,0.0589,0.2687,0.4875,0.4536,0.025,0.4661,2.5518,-0.247,cascade
4b,instruct,collapsed_q2_edge,cyber_structural_25_75,rhetoric,560,0.0446,0.0304,0.2405,0.5143,0.4714,0.0161,0.5875,2.8464,-0.3036,cascade
4b,instruct,collapsed_q2_edge,cyber_structural_25_75,spatial,560,0.0696,0.0554,0.2464,0.4411,0.4304,0.0286,0.4393,2.6929,-0.2493,cascade
4b,instruct,collapsed_q2_edge,q2_structural_amplifier,adversarial,560,0.6625,0.2964,0.8123,0.9696,0.2018,0.2857,0.5643,0.3196,0.1176,distractor_capture
4b,instruct,collapsed_q2_edge,q2_structural_amplifier,boundary,560,0.6607,0.2821,0.7949,0.95,0.2304,0.2982,0.6339,0.3054,0.0874,distractor_capture
4b,instruct,collapsed_q2_edge,q2_structural_amplifier,coding,560,0.3714,0.2036,0.61,0.6464,0.2179,0.2679,0.4607,1.0143,-0.0029,classification_miss
4b,instruct,collapsed_q2_edge,q2_structural_amplifier,epistemic,560,0.3429,0.1982,0.5918,0.6554,0.2714,0.2607,0.5375,0.8786,-0.0223,cascade
4b,instruct,collapsed_q2_edge,q2_structural_amplifier,forensic,560,0.4339,0.2286,0.6708,0.9411,0.2554,0.2571,0.5482,0.9357,0.0099,distractor_capture
4b,instruct,collapsed_q2_edge,q2_structural_amplifier,generalist,560,0.3125,0.1875,0.5658,0.5732,0.2446,0.2929,0.575,0.9875,-0.0398,classification_miss
4b,instruct,collapsed_q2_edge,q2_structural_amplifier,math,560,0.3143,0.1821,0.5724,0.6071,0.1875,0.2536,0.5536,1.3071,-0.0345,classification_miss
4b,instruct,collapsed_q2_edge,q2_structural_amplifier,planning,560,0.4286,0.2679,0.6417,0.6411,0.2232,0.2304,0.4411,0.8482,0.0771,none
4b,instruct,collapsed_q2_edge,q2_structural_amplifier,rhetoric,560,0.2839,0.1571,0.5333,0.5964,0.2661,0.2643,0.5625,1.2714,-0.0841,classification_miss
4b,instruct,collapsed_q2_edge,q2_structural_amplifier,spatial,560,0.3518,0.1893,0.5916,0.6464,0.2339,0.2804,0.4464,1.0554,-0.0254,classification_miss
4b,instruct,collapsed_q2_edge,routed_tri_structural_60,adversarial,560,0.1411,0.1018,0.4234,0.7571,0.425,0.0339,0.5643,2.2161,-0.1884,cascade
4b,instruct,collapsed_q2_edge,routed_tri_structural_60,boundary,560,0.1875,0.1089,0.4296,0.7732,0.3911,0.0375,0.6571,2.0196,-0.1694,cascade
4b,instruct,collapsed_q2_edge,routed_tri_structural_60,coding,560,0.0893,0.0571,0.3197,0.5589,0.4089,0.0536,0.475,2.4107,-0.2348,cascade
4b,instruct,collapsed_q2_edge,routed_tri_structural_60,epistemic,560,0.1018,0.0589,0.3364,0.5589,0.4054,0.0339,0.5696,2.0446,-0.2173,cascade
4b,instruct,collapsed_q2_edge,routed_tri_structural_60,forensic,560,0.1268,0.1018,0.3659,0.7268,0.4018,0.0375,0.5554,2.2625,-0.1838,cascade
4b,instruct,collapsed_q2_edge,routed_tri_structural_60,generalist,560,0.0964,0.0732,0.3469,0.5286,0.4286,0.0268,0.5661,2.0393,-0.208,cascade
4b,instruct,collapsed_q2_edge,routed_tri_structural_60,math,560,0.0857,0.0696,0.3358,0.5875,0.3679,0.0321,0.625,2.5357,-0.2239,cascade
4b,instruct,collapsed_q2_edge,routed_tri_structural_60,planning,560,0.1232,0.1,0.365,0.5482,0.3446,0.05,0.4464,2.1929,-0.1588,cascade
4b,instruct,collapsed_q2_edge,routed_tri_structural_60,rhetoric,560,0.0839,0.0696,0.3158,0.5554,0.4018,0.0339,0.5375,2.4625,-0.2238,cascade
4b,instruct,collapsed_q2_edge,routed_tri_structural_60,spatial,560,0.1268,0.0964,0.3468,0.5482,0.3554,0.0518,0.4679,2.2214,-0.169,cascade
4b,instruct,collapsed_q2_edge,routed_tri_structural_65,adversarial,560,0.1804,0.1321,0.4658,0.7786,0.375,0.0464,0.5946,2.0714,-0.1408,cascade
4b,instruct,collapsed_q2_edge,routed_tri_structural_65,boundary,560,0.2196,0.1321,0.4805,0.75,0.3643,0.0393,0.6429,1.8018,-0.1265,cascade
4b,instruct,collapsed_q2_edge,routed_tri_structural_65,coding,560,0.0982,0.0768,0.3584,0.5554,0.4089,0.0536,0.4518,2.1929,-0.2024,cascade
4b,instruct,collapsed_q2_edge,routed_tri_structural_65,epistemic,560,0.1232,0.0929,0.3543,0.5375,0.3982,0.0321,0.5679,1.9143,-0.1742,cascade
4b,instruct,collapsed_q2_edge,routed_tri_structural_65,forensic,560,0.1518,0.1107,0.4045,0.7357,0.3589,0.0393,0.5964,2.0804,-0.1566,cascade
4b,instruct,collapsed_q2_edge,routed_tri_structural_65,generalist,560,0.1196,0.0893,0.3718,0.5625,0.375,0.0393,0.5286,1.9643,-0.1716,cascade
4b,instruct,collapsed_q2_edge,routed_tri_structural_65,math,560,0.1107,0.0786,0.3577,0.5679,0.3286,0.0321,0.5446,2.4482,-0.1924,cascade
4b,instruct,collapsed_q2_edge,routed_tri_structural_65,planning,560,0.1571,0.1161,0.3928,0.5607,0.3571,0.0393,0.4446,2.0839,-0.1387,cascade
4b,instruct,collapsed_q2_edge,routed_tri_structural_65,rhetoric,560,0.0679,0.0446,0.3124,0.5268,0.4179,0.0214,0.5786,2.4018,-0.2514,cascade
4b,instruct,collapsed_q2_edge,routed_tri_structural_65,spatial,560,0.1571,0.1214,0.3571,0.5339,0.3804,0.0393,0.3911,2.1536,-0.1395,cascade
4b,instruct,collapsed_q2_edge,stability_first_tri_70,adversarial,560,0.2304,0.1768,0.4955,0.7732,0.3768,0.0518,0.5339,1.8375,-0.0812,cascade
4b,instruct,collapsed_q2_edge,stability_first_tri_70,boundary,560,0.225,0.1464,0.4918,0.7696,0.3768,0.0375,0.6232,1.7125,-0.1096,cascade
4b,instruct,collapsed_q2_edge,stability_first_tri_70,coding,560,0.1643,0.1196,0.4174,0.5911,0.325,0.0429,0.4768,1.9893,-0.124,cascade
4b,instruct,collapsed_q2_edge,stability_first_tri_70,epistemic,560,0.1518,0.1179,0.4127,0.5911,0.3411,0.0196,0.5429,1.7482,-0.1192,cascade
4b,instruct,collapsed_q2_edge,stability_first_tri_70,forensic,560,0.1786,0.1286,0.4373,0.7946,0.3393,0.0304,0.5554,2.0161,-0.1245,cascade
4b,instruct,collapsed_q2_edge,stability_first_tri_70,generalist,560,0.1286,0.0804,0.3988,0.5679,0.3607,0.0554,0.5696,1.8429,-0.1766,cascade
4b,instruct,collapsed_q2_edge,stability_first_tri_70,math,560,0.1304,0.1,0.3823,0.5964,0.3196,0.0357,0.5375,2.3589,-0.164,cascade
4b,instruct,collapsed_q2_edge,stability_first_tri_70,planning,560,0.2071,0.1625,0.4197,0.5411,0.3321,0.0214,0.4464,1.8929,-0.0718,cascade
4b,instruct,collapsed_q2_edge,stability_first_tri_70,rhetoric,560,0.1375,0.0964,0.3792,0.5929,0.3643,0.025,0.5786,2.1143,-0.1699,cascade
4b,instruct,collapsed_q2_edge,stability_first_tri_70,spatial,560,0.1696,0.1125,0.4055,0.6018,0.3482,0.0411,0.4786,1.9768,-0.1373,cascade
4b,instruct,damaged_q2,cognitive_structural_25_75,adversarial,560,0.275,0.1964,0.5677,0.7964,0.2893,0.0232,0.4714,1.5857,-0.012,cascade
4b,instruct,damaged_q2,cognitive_structural_25_75,boundary,560,0.2982,0.1964,0.5488,0.8018,0.3089,0.0196,0.5054,1.5696,-0.0191,cascade
4b,instruct,damaged_q2,cognitive_structural_25_75,coding,560,0.2357,0.1786,0.5097,0.6804,0.2964,0.0286,0.4161,1.5893,-0.0288,cascade
4b,instruct,damaged_q2,cognitive_structural_25_75,epistemic,560,0.2321,0.1696,0.5041,0.675,0.3054,0.0036,0.4911,1.3929,-0.0316,cascade
4b,instruct,damaged_q2,cognitive_structural_25_75,forensic,560,0.2625,0.1911,0.5107,0.7679,0.2946,0.0179,0.4732,1.6357,-0.0205,cascade
4b,instruct,damaged_q2,cognitive_structural_25_75,generalist,560,0.1911,0.1411,0.4947,0.6571,0.2625,0.0125,0.4393,1.5643,-0.0535,cascade
4b,instruct,damaged_q2,cognitive_structural_25_75,math,560,0.2321,0.175,0.5139,0.675,0.2268,0.0179,0.4571,1.7964,-0.023,classification_miss
4b,instruct,damaged_q2,cognitive_structural_25_75,planning,560,0.3036,0.2464,0.5436,0.6821,0.2446,0.0143,0.3804,1.4893,0.0653,none
4b,instruct,damaged_q2,cognitive_structural_25_75,rhetoric,560,0.2071,0.1518,0.4718,0.6321,0.2786,0.0143,0.5232,1.7518,-0.0641,cascade
4b,instruct,damaged_q2,cognitive_structural_25_75,spatial,560,0.2875,0.225,0.5184,0.6661,0.2679,0.0196,0.3679,1.575,0.0325,cascade
4b,instruct,damaged_q2,cyber_structural_25_75,adversarial,560,0.4518,0.3143,0.6662,0.9054,0.2679,0.0321,0.4196,1.2089,0.1335,none
4b,instruct,damaged_q2,cyber_structural_25_75,boundary,560,0.4786,0.3018,0.6907,0.8821,0.2304,0.0321,0.4946,1.0196,0.1357,none
4b,instruct,damaged_q2,cyber_structural_25_75,coding,560,0.2393,0.1732,0.509,0.6536,0.2714,0.0286,0.3946,1.5982,-0.0254,cascade
4b,instruct,damaged_q2,cyber_structural_25_75,epistemic,560,0.2179,0.1696,0.5119,0.6536,0.2321,0.0071,0.4232,1.4286,-0.0067,cascade
4b,instruct,damaged_q2,cyber_structural_25_75,forensic,560,0.2857,0.2107,0.5546,0.8554,0.2554,0.0125,0.4696,1.5268,0.0177,cascade
4b,instruct,damaged_q2,cyber_structural_25_75,generalist,560,0.2071,0.1482,0.4763,0.6054,0.3,0.0446,0.4107,1.5679,-0.062,cascade
4b,instruct,damaged_q2,cyber_structural_25_75,math,560,0.2107,0.1661,0.4795,0.6018,0.2589,0.0143,0.4679,1.8536,-0.0446,classification_miss
4b,instruct,damaged_q2,cyber_structural_25_75,planning,560,0.275,0.2107,0.5256,0.6554,0.2679,0.0232,0.3679,1.5214,0.0202,cascade
4b,instruct,damaged_q2,cyber_structural_25_75,rhetoric,560,0.1857,0.1339,0.4439,0.6054,0.3089,0.0161,0.4857,1.8714,-0.0944,cascade
4b,instruct,damaged_q2,cyber_structural_25_75,spatial,560,0.2429,0.1768,0.5044,0.6268,0.2732,0.0125,0.3786,1.5768,-0.0168,cascade
4b,instruct,damaged_q2,q2_structural_amplifier,adversarial,560,0.7857,0.3857,0.8715,0.9929,0.1804,0.275,0.4964,0.0589,0.2339,none
4b,instruct,damaged_q2,q2_structural_amplifier,boundary,560,0.7821,0.3321,0.8654,0.9964,0.1821,0.2964,0.5518,0.0625,0.1709,distractor_capture
4b,instruct,damaged_q2,q2_structural_amplifier,coding,560,0.7054,0.3304,0.8193,0.8071,0.1375,0.3143,0.4018,0.2054,0.1838,none
4b,instruct,damaged_q2,q2_structural_amplifier,epistemic,560,0.65,0.3375,0.7949,0.8071,0.1929,0.2518,0.4696,0.2375,0.1798,none
4b,instruct,damaged_q2,q2_structural_amplifier,forensic,560,0.7714,0.375,0.8578,0.9911,0.1679,0.3071,0.4232,0.1857,0.2201,none
4b,instruct,damaged_q2,q2_structural_amplifier,generalist,560,0.6446,0.3357,0.7716,0.7321,0.1518,0.2929,0.4732,0.2982,0.1788,none
4b,instruct,damaged_q2,q2_structural_amplifier,math,560,0.6232,0.3179,0.7777,0.7607,0.1464,0.2589,0.4821,0.4071,0.1632,none
4b,instruct,damaged_q2,q2_structural_amplifier,planning,560,0.6786,0.3554,0.8088,0.7714,0.1536,0.2839,0.4125,0.1929,0.2099,none
4b,instruct,damaged_q2,q2_structural_amplifier,rhetoric,560,0.575,0.2964,0.7554,0.7339,0.1857,0.2607,0.5071,0.3821,0.1289,none
4b,instruct,damaged_q2,q2_structural_amplifier,spatial,560,0.6375,0.3643,0.7965,0.7786,0.1821,0.2411,0.3964,0.275,0.216,none
4b,instruct,damaged_q2,routed_tri_structural_60,adversarial,560,0.4607,0.2964,0.6937,0.8946,0.2554,0.0429,0.4446,1.0214,0.1246,none
4b,instruct,damaged_q2,routed_tri_structural_60,boundary,560,0.5071,0.3018,0.7094,0.9268,0.2232,0.0429,0.5232,0.9411,0.1373,none
4b,instruct,damaged_q2,routed_tri_structural_60,coding,560,0.3089,0.2179,0.5747,0.7036,0.2339,0.0411,0.4393,1.35,0.0368,cascade
4b,instruct,damaged_q2,routed_tri_structural_60,epistemic,560,0.2946,0.2125,0.5883,0.7214,0.2536,0.0464,0.4375,1.0821,0.038,cascade
4b,instruct,damaged_q2,routed_tri_structural_60,forensic,560,0.3714,0.2607,0.6321,0.9,0.2446,0.0482,0.4125,1.2232,0.0835,none
4b,instruct,damaged_q2,routed_tri_structural_60,generalist,560,0.2625,0.1875,0.5543,0.7,0.225,0.0518,0.4839,1.3375,0.0041,cascade
4b,instruct,damaged_q2,routed_tri_structural_60,math,560,0.3018,0.2196,0.5601,0.7018,0.2286,0.0446,0.4768,1.5679,0.0256,cascade
4b,instruct,damaged_q2,routed_tri_structural_60,planning,560,0.3732,0.2643,0.5918,0.6946,0.2429,0.0411,0.3804,1.2429,0.0906,none
4b,instruct,damaged_q2,routed_tri_structural_60,rhetoric,560,0.2625,0.2054,0.5442,0.7036,0.2536,0.0393,0.4393,1.4768,0.0124,cascade
4b,instruct,damaged_q2,routed_tri_structural_60,spatial,560,0.3125,0.2214,0.5755,0.6857,0.2071,0.0571,0.4054,1.3375,0.0486,none
4b,instruct,damaged_q2,routed_tri_structural_65,adversarial,560,0.5107,0.325,0.7291,0.9286,0.2339,0.05,0.4821,0.8768,0.1624,none
4b,instruct,damaged_q2,routed_tri_structural_65,boundary,560,0.525,0.35,0.7249,0.9179,0.2321,0.0446,0.5375,0.8411,0.1864,none
4b,instruct,damaged_q2,routed_tri_structural_65,coding,560,0.3643,0.2643,0.6135,0.7304,0.2304,0.0536,0.3911,1.2161,0.0924,none
4b,instruct,damaged_q2,routed_tri_structural_65,epistemic,560,0.3607,0.2625,0.6299,0.7482,0.2232,0.0161,0.4768,0.9571,0.1063,none
4b,instruct,damaged_q2,routed_tri_structural_65,forensic,560,0.4339,0.3196,0.6577,0.8982,0.2286,0.0357,0.4607,1.1268,0.1507,none
4b,instruct,damaged_q2,routed_tri_structural_65,generalist,560,0.3357,0.2393,0.606,0.6946,0.2286,0.0429,0.4571,1.0875,0.0712,none
4b,instruct,damaged_q2,routed_tri_structural_65,math,560,0.3054,0.2179,0.5933,0.7089,0.1732,0.0339,0.4804,1.4375,0.0488,none
4b,instruct,damaged_q2,routed_tri_structural_65,planning,560,0.4214,0.3161,0.6342,0.7179,0.2268,0.025,0.3732,1.0786,0.1592,none
4b,instruct,damaged_q2,routed_tri_structural_65,rhetoric,560,0.2946,0.225,0.5696,0.6821,0.2411,0.0321,0.4232,1.3625,0.0443,cascade
4b,instruct,damaged_q2,routed_tri_structural_65,spatial,560,0.3679,0.2679,0.5991,0.6946,0.2393,0.0268,0.3446,1.2,0.1031,none
4b,instruct,damaged_q2,stability_first_tri_70,adversarial,560,0.5732,0.4036,0.771,0.9429,0.2125,0.0411,0.4607,0.7054,0.2595,none
4b,instruct,damaged_q2,stability_first_tri_70,boundary,560,0.6143,0.3982,0.7674,0.9232,0.2232,0.0411,0.5393,0.6304,0.2484,none
4b,instruct,damaged_q2,stability_first_tri_70,coding,560,0.4125,0.2893,0.6472,0.7554,0.2018,0.0375,0.4268,1.0929,0.1325,none
4b,instruct,damaged_q2,stability_first_tri_70,epistemic,560,0.4071,0.2946,0.6485,0.7339,0.2018,0.0232,0.4321,0.9,0.1499,none
4b,instruct,damaged_q2,stability_first_tri_70,forensic,560,0.425,0.3036,0.6626,0.8982,0.25,0.0339,0.4339,1.0554,0.1343,none
4b,instruct,damaged_q2,stability_first_tri_70,generalist,560,0.3679,0.2661,0.634,0.725,0.2196,0.0339,0.4446,1.0018,0.1077,none
4b,instruct,damaged_q2,stability_first_tri_70,math,560,0.3946,0.275,0.6352,0.7214,0.1857,0.0357,0.4268,1.2196,0.117,none
4b,instruct,damaged_q2,stability_first_tri_70,planning,560,0.4839,0.3625,0.6789,0.7357,0.1964,0.0339,0.3786,0.9,0.2215,none
4b,instruct,damaged_q2,stability_first_tri_70,rhetoric,560,0.3482,0.2607,0.6078,0.6964,0.2054,0.0339,0.4339,1.2375,0.0957,none
4b,instruct,damaged_q2,stability_first_tri_70,spatial,560,0.4232,0.3125,0.6367,0.6982,0.175,0.0357,0.3821,1.0946,0.1676,none
4b,instruct,damaged_q3,cognitive_structural_25_75,adversarial,560,0.8125,0.5982,0.9024,0.9786,0.1411,0.0179,0.3018,0.1732,0.5195,none
4b,instruct,damaged_q3,cognitive_structural_25_75,boundary,560,0.8071,0.5839,0.8918,0.9714,0.1375,0.0268,0.3268,0.2018,0.5011,none
4b,instruct,damaged_q3,cognitive_structural_25_75,coding,560,0.7464,0.5857,0.859,0.8964,0.1161,0.0268,0.2714,0.3321,0.5072,none
4b,instruct,damaged_q3,cognitive_structural_25_75,epistemic,560,0.7607,0.5946,0.8677,0.9232,0.1268,0.0054,0.2714,0.2679,0.5204,none
4b,instruct,damaged_q3,cognitive_structural_25_75,forensic,560,0.7571,0.5679,0.8595,0.9786,0.1464,0.0214,0.3071,0.3589,0.4771,none
4b,instruct,damaged_q3,cognitive_structural_25_75,generalist,560,0.7161,0.5464,0.8458,0.8893,0.1071,0.025,0.3161,0.3536,0.4663,none
4b,instruct,damaged_q3,cognitive_structural_25_75,math,560,0.7429,0.5268,0.8496,0.9018,0.1054,0.0179,0.3625,0.3982,0.4427,none
4b,instruct,damaged_q3,cognitive_structural_25_75,planning,560,0.7518,0.5589,0.857,0.8839,0.125,0.0125,0.2732,0.3036,0.4819,none
4b,instruct,damaged_q3,cognitive_structural_25_75,rhetoric,560,0.7143,0.5286,0.8318,0.8929,0.1268,0.0161,0.3036,0.4393,0.4411,none
4b,instruct,damaged_q3,cognitive_structural_25_75,spatial,560,0.775,0.575,0.8502,0.8714,0.1036,0.0179,0.2964,0.3607,0.4986,none
4b,instruct,damaged_q3,cyber_structural_25_75,adversarial,560,0.85,0.6125,0.9249,0.9911,0.1214,0.0161,0.2857,0.0911,0.5454,none
4b,instruct,damaged_q3,cyber_structural_25_75,boundary,560,0.8768,0.6071,0.9294,0.9946,0.1107,0.0304,0.3339,0.0625,0.538,none
4b,instruct,damaged_q3,cyber_structural_25_75,coding,560,0.7446,0.5554,0.8539,0.8607,0.1304,0.0464,0.275,0.2839,0.4708,none
4b,instruct,damaged_q3,cyber_structural_25_75,epistemic,560,0.725,0.5321,0.8479,0.8625,0.1196,0.0125,0.3321,0.2875,0.4528,none
4b,instruct,damaged_q3,cyber_structural_25_75,forensic,560,0.8196,0.6089,0.8935,0.9946,0.1214,0.0107,0.3161,0.2321,0.5335,none
4b,instruct,damaged_q3,cyber_structural_25_75,generalist,560,0.6696,0.5196,0.8203,0.8018,0.1357,0.0286,0.2804,0.3482,0.4334,none
4b,instruct,damaged_q3,cyber_structural_25_75,math,560,0.7143,0.5625,0.8305,0.85,0.1054,0.0268,0.3196,0.4714,0.4764,none
4b,instruct,damaged_q3,cyber_structural_25_75,planning,560,0.7679,0.6196,0.8529,0.8268,0.0964,0.0214,0.2375,0.3179,0.5515,none
4b,instruct,damaged_q3,cyber_structural_25_75,rhetoric,560,0.6929,0.4929,0.8144,0.8089,0.1089,0.0286,0.3357,0.4464,0.4053,none
4b,instruct,damaged_q3,cyber_structural_25_75,spatial,560,0.7161,0.5643,0.8317,0.8232,0.1143,0.0143,0.2661,0.3696,0.4874,none
4b,instruct,damaged_q3,q2_structural_amplifier,adversarial,560,0.8268,0.3911,0.8891,0.9929,0.1375,0.3357,0.3804,0.05,0.2498,none
4b,instruct,damaged_q3,q2_structural_amplifier,boundary,560,0.8375,0.4,0.8891,0.9857,0.1268,0.3036,0.4321,0.0518,0.2641,none
4b,instruct,damaged_q3,q2_structural_amplifier,coding,560,0.8482,0.4625,0.8974,0.9571,0.1196,0.2625,0.3179,0.0482,0.3463,none
4b,instruct,damaged_q3,q2_structural_amplifier,epistemic,560,0.8804,0.4607,0.9117,0.9839,0.0946,0.2679,0.3554,0.0375,0.3484,none
4b,instruct,damaged_q3,q2_structural_amplifier,forensic,560,0.8625,0.4607,0.9115,0.9893,0.1107,0.2893,0.3036,0.0321,0.3437,none
4b,instruct,damaged_q3,q2_structural_amplifier,generalist,560,0.8036,0.4518,0.885,0.9321,0.1304,0.2643,0.3232,0.0554,0.3312,none
4b,instruct,damaged_q3,q2_structural_amplifier,math,560,0.8268,0.4232,0.8955,0.9321,0.1018,0.2982,0.3518,0.05,0.3024,none
4b,instruct,damaged_q3,q2_structural_amplifier,planning,560,0.8732,0.4857,0.9115,0.9643,0.0875,0.2643,0.2821,0.0429,0.3819,none
4b,instruct,damaged_q3,q2_structural_amplifier,rhetoric,560,0.8429,0.4589,0.904,0.9625,0.1214,0.2339,0.3643,0.0286,0.3451,none
4b,instruct,damaged_q3,q2_structural_amplifier,spatial,560,0.8714,0.5161,0.9155,0.9625,0.0946,0.2339,0.2625,0.05,0.4174,none
4b,instruct,damaged_q3,routed_tri_structural_60,adversarial,560,0.875,0.6107,0.9323,0.9875,0.1143,0.0446,0.3179,0.0357,0.5403,none
4b,instruct,damaged_q3,routed_tri_structural_60,boundary,560,0.8714,0.6089,0.9303,0.9946,0.1232,0.0464,0.3125,0.0411,0.5356,none
4b,instruct,damaged_q3,routed_tri_structural_60,coding,560,0.8321,0.5982,0.9079,0.9125,0.1,0.0411,0.2768,0.1143,0.5321,none
4b,instruct,damaged_q3,routed_tri_structural_60,epistemic,560,0.8161,0.5804,0.9041,0.9375,0.1196,0.0393,0.3125,0.1089,0.5062,none
4b,instruct,damaged_q3,routed_tri_structural_60,forensic,560,0.85,0.6161,0.9144,0.9875,0.1143,0.0232,0.3304,0.1321,0.5441,none
4b,instruct,damaged_q3,routed_tri_structural_60,generalist,560,0.7946,0.5696,0.887,0.8911,0.1143,0.0375,0.3393,0.1393,0.4938,none
4b,instruct,damaged_q3,routed_tri_structural_60,math,560,0.8179,0.5589,0.8878,0.9107,0.0768,0.05,0.3589,0.2607,0.4841,none
4b,instruct,damaged_q3,routed_tri_structural_60,planning,560,0.8304,0.6321,0.9072,0.9125,0.0929,0.0393,0.2786,0.1268,0.5678,none
4b,instruct,damaged_q3,routed_tri_structural_60,rhetoric,560,0.7946,0.5804,0.8875,0.9143,0.1125,0.0196,0.3214,0.1875,0.5076,none
4b,instruct,damaged_q3,routed_tri_structural_60,spatial,560,0.8411,0.6089,0.9015,0.9161,0.0893,0.0482,0.2839,0.1679,0.5414,none
4b,instruct,damaged_q3,routed_tri_structural_65,adversarial,560,0.8661,0.6286,0.9305,0.9893,0.1036,0.0339,0.2964,0.0732,0.5633,none
4b,instruct,damaged_q3,routed_tri_structural_65,boundary,560,0.8821,0.5946,0.9307,0.9911,0.1036,0.0357,0.3554,0.0536,0.5253,none
4b,instruct,damaged_q3,routed_tri_structural_65,coding,560,0.8446,0.6304,0.9166,0.9304,0.0875,0.0375,0.2482,0.1196,0.5708,none
4b,instruct,damaged_q3,routed_tri_structural_65,epistemic,560,0.8143,0.5804,0.9052,0.9554,0.1321,0.0321,0.325,0.0946,0.5036,none
4b,instruct,damaged_q3,routed_tri_structural_65,forensic,560,0.8661,0.6268,0.9276,0.9946,0.1107,0.0357,0.2893,0.0875,0.5589,none
4b,instruct,damaged_q3,routed_tri_structural_65,generalist,560,0.7982,0.5768,0.8911,0.9125,0.0964,0.0482,0.3089,0.1768,0.5047,none
4b,instruct,damaged_q3,routed_tri_structural_65,math,560,0.8214,0.5893,0.8992,0.8929,0.0893,0.0518,0.3143,0.175,0.5182,none
4b,instruct,damaged_q3,routed_tri_structural_65,planning,560,0.8214,0.6125,0.9006,0.9125,0.1232,0.0339,0.2732,0.1125,0.5413,none
4b,instruct,damaged_q3,routed_tri_structural_65,rhetoric,560,0.8268,0.6089,0.9011,0.8964,0.0964,0.0321,0.2893,0.1375,0.5436,none
4b,instruct,damaged_q3,routed_tri_structural_65,spatial,560,0.8196,0.6429,0.904,0.9161,0.1071,0.0339,0.2304,0.1446,0.5783,none
4b,instruct,damaged_q3,stability_first_tri_70,adversarial,560,0.8661,0.6321,0.9298,0.9857,0.1125,0.0357,0.2911,0.0589,0.565,none
4b,instruct,damaged_q3,stability_first_tri_70,boundary,560,0.8679,0.5857,0.9239,0.9893,0.1107,0.0321,0.3732,0.0661,0.5129,none
4b,instruct,damaged_q3,stability_first_tri_70,coding,560,0.8304,0.5964,0.9131,0.9393,0.125,0.0554,0.2643,0.0804,0.5227,none
4b,instruct,damaged_q3,stability_first_tri_70,epistemic,560,0.8589,0.6607,0.9261,0.9429,0.0893,0.0179,0.275,0.0643,0.6051,none
4b,instruct,damaged_q3,stability_first_tri_70,forensic,560,0.8982,0.6125,0.9344,0.9821,0.0786,0.0464,0.3429,0.0607,0.5492,none
4b,instruct,damaged_q3,stability_first_tri_70,generalist,560,0.8161,0.5768,0.9053,0.925,0.1036,0.0429,0.3393,0.1,0.505,none
4b,instruct,damaged_q3,stability_first_tri_70,math,560,0.8268,0.6089,0.9034,0.9232,0.1018,0.0268,0.2911,0.1518,0.5422,none
4b,instruct,damaged_q3,stability_first_tri_70,planning,560,0.8375,0.6482,0.9164,0.925,0.1071,0.0214,0.25,0.0857,0.5875,none
4b,instruct,damaged_q3,stability_first_tri_70,rhetoric,560,0.8107,0.55,0.9005,0.9125,0.1125,0.0446,0.3375,0.1125,0.4747,none
4b,instruct,damaged_q3,stability_first_tri_70,spatial,560,0.8375,0.6679,0.9198,0.9554,0.1214,0.0375,0.2,0.0911,0.6034,none
4b,instruct,damaged_q4,cognitive_structural_25_75,adversarial,560,0.9018,0.6964,0.9428,0.9911,0.0857,0.0214,0.2482,0.0625,0.6434,none
4b,instruct,damaged_q4,cognitive_structural_25_75,boundary,560,0.9054,0.6696,0.9432,0.9911,0.0768,0.0268,0.2786,0.0589,0.616,none
4b,instruct,damaged_q4,cognitive_structural_25_75,coding,560,0.9018,0.7107,0.9448,0.9839,0.0714,0.0125,0.2214,0.0696,0.6656,none
4b,instruct,damaged_q4,cognitive_structural_25_75,epistemic,560,0.8696,0.6679,0.936,0.9821,0.0875,0.0054,0.2625,0.0607,0.6165,none
4b,instruct,damaged_q4,cognitive_structural_25_75,forensic,560,0.9018,0.6821,0.9432,0.9893,0.0679,0.0179,0.2661,0.0679,0.6335,none
4b,instruct,damaged_q4,cognitive_structural_25_75,generalist,560,0.8786,0.6893,0.9394,0.9679,0.0696,0.0268,0.2286,0.0679,0.6414,none
4b,instruct,damaged_q4,cognitive_structural_25_75,math,560,0.8964,0.6482,0.9406,0.9732,0.0643,0.0321,0.2964,0.0696,0.5953,none
4b,instruct,damaged_q4,cognitive_structural_25_75,planning,560,0.9018,0.7089,0.9465,0.9875,0.0804,0.0054,0.2196,0.0482,0.6638,none
4b,instruct,damaged_q4,cognitive_structural_25_75,rhetoric,560,0.8893,0.6589,0.9347,0.9714,0.0875,0.0214,0.2893,0.0607,0.6022,none
4b,instruct,damaged_q4,cognitive_structural_25_75,spatial,560,0.9089,0.7232,0.9484,0.9804,0.0732,0.0196,0.2143,0.0482,0.6778,none
4b,instruct,damaged_q4,cyber_structural_25_75,adversarial,560,0.8964,0.6821,0.9452,0.9929,0.0911,0.0268,0.2286,0.0464,0.6289,none
4b,instruct,damaged_q4,cyber_structural_25_75,boundary,560,0.8929,0.6518,0.9383,0.9821,0.0857,0.0268,0.3,0.0536,0.594,none
4b,instruct,damaged_q4,cyber_structural_25_75,coding,560,0.8875,0.6911,0.939,0.9625,0.0821,0.0339,0.2125,0.0589,0.6397,none
4b,instruct,damaged_q4,cyber_structural_25_75,epistemic,560,0.8857,0.6786,0.9386,0.9589,0.0696,0.0214,0.2589,0.0554,0.6299,none
4b,instruct,damaged_q4,cyber_structural_25_75,forensic,560,0.9071,0.7071,0.9497,0.9964,0.0786,0.0393,0.2018,0.0536,0.6569,none
4b,instruct,damaged_q4,cyber_structural_25_75,generalist,560,0.8821,0.6786,0.9336,0.9411,0.0714,0.0339,0.2286,0.0679,0.6287,none
4b,instruct,damaged_q4,cyber_structural_25_75,math,560,0.8571,0.6839,0.9222,0.9429,0.0911,0.0214,0.2375,0.1143,0.6276,none
4b,instruct,damaged_q4,cyber_structural_25_75,planning,560,0.8804,0.7018,0.9328,0.9393,0.0857,0.0286,0.1786,0.0679,0.6527,none
4b,instruct,damaged_q4,cyber_structural_25_75,rhetoric,560,0.8571,0.6643,0.9223,0.9375,0.0929,0.0304,0.2429,0.0911,0.6064,none
4b,instruct,damaged_q4,cyber_structural_25_75,spatial,560,0.8857,0.7339,0.9403,0.9589,0.0768,0.0232,0.1732,0.0661,0.6891,none
4b,instruct,damaged_q4,q2_structural_amplifier,adversarial,560,0.8589,0.5,0.9078,0.9875,0.1036,0.2696,0.3071,0.0643,0.3872,none
4b,instruct,damaged_q4,q2_structural_amplifier,boundary,560,0.8768,0.475,0.9124,0.9893,0.0804,0.2911,0.2804,0.0679,0.3669,none
4b,instruct,damaged_q4,q2_structural_amplifier,coding,560,0.8857,0.4804,0.9181,0.9964,0.0804,0.3054,0.25,0.0518,0.3726,none
4b,instruct,damaged_q4,q2_structural_amplifier,epistemic,560,0.9018,0.5089,0.9273,0.9982,0.0696,0.2411,0.3089,0.0393,0.4131,none
4b,instruct,damaged_q4,q2_structural_amplifier,forensic,560,0.8714,0.4946,0.9168,0.9893,0.1018,0.2643,0.2571,0.0482,0.3883,none
4b,instruct,damaged_q4,q2_structural_amplifier,generalist,560,0.875,0.5036,0.9194,0.9893,0.0821,0.2643,0.2696,0.0429,0.4024,none
4b,instruct,damaged_q4,q2_structural_amplifier,math,560,0.8768,0.5054,0.9179,0.9946,0.0911,0.2214,0.3179,0.0661,0.405,none
4b,instruct,damaged_q4,q2_structural_amplifier,planning,560,0.9036,0.5589,0.9273,0.9911,0.0696,0.2643,0.1821,0.0536,0.4679,none
4b,instruct,damaged_q4,q2_structural_amplifier,rhetoric,560,0.8768,0.5054,0.9172,0.9911,0.0929,0.2554,0.2982,0.0536,0.3999,none
4b,instruct,damaged_q4,q2_structural_amplifier,spatial,560,0.875,0.5393,0.9234,0.9946,0.0946,0.2321,0.2429,0.0482,0.4426,none
4b,instruct,damaged_q4,routed_tri_structural_60,adversarial,560,0.9161,0.7071,0.946,0.9875,0.0768,0.0268,0.2429,0.0589,0.6564,none
4b,instruct,damaged_q4,routed_tri_structural_60,boundary,560,0.9054,0.6536,0.9421,0.9875,0.075,0.0375,0.2946,0.0571,0.5971,none
4b,instruct,damaged_q4,routed_tri_structural_60,coding,560,0.9018,0.7036,0.9473,0.9893,0.0732,0.0411,0.2143,0.0589,0.6533,none
4b,instruct,damaged_q4,routed_tri_structural_60,epistemic,560,0.9036,0.675,0.9483,0.9964,0.0786,0.0411,0.2589,0.0339,0.6208,none
4b,instruct,damaged_q4,routed_tri_structural_60,forensic,560,0.8982,0.6625,0.9423,0.9857,0.0804,0.0625,0.2643,0.0536,0.6021,none
4b,instruct,damaged_q4,routed_tri_structural_60,generalist,560,0.9036,0.6464,0.9434,0.9857,0.0661,0.0536,0.2696,0.0607,0.5913,none
4b,instruct,damaged_q4,routed_tri_structural_60,math,560,0.8875,0.6304,0.9358,0.9804,0.0875,0.0554,0.2804,0.0732,0.5669,none
4b,instruct,damaged_q4,routed_tri_structural_60,planning,560,0.9071,0.7393,0.9474,0.9804,0.0786,0.0286,0.1768,0.0554,0.6931,none
4b,instruct,damaged_q4,routed_tri_structural_60,rhetoric,560,0.8821,0.6661,0.9389,0.9875,0.0929,0.0339,0.2661,0.0571,0.6073,none
4b,instruct,damaged_q4,routed_tri_structural_60,spatial,560,0.9018,0.6893,0.9482,0.9893,0.0839,0.0482,0.2161,0.0411,0.6351,none
4b,instruct,damaged_q4,routed_tri_structural_65,adversarial,560,0.9107,0.6839,0.9486,0.9946,0.0714,0.0464,0.2518,0.0536,0.6304,none
4b,instruct,damaged_q4,routed_tri_structural_65,boundary,560,0.9089,0.6411,0.9435,0.9875,0.075,0.0536,0.2607,0.0625,0.5839,none
4b,instruct,damaged_q4,routed_tri_structural_65,coding,560,0.9196,0.7089,0.9499,0.9821,0.0643,0.05,0.2214,0.0518,0.6593,none
4b,instruct,damaged_q4,routed_tri_structural_65,epistemic,560,0.9071,0.6893,0.9485,0.9857,0.0661,0.0268,0.2571,0.0446,0.6413,none
4b,instruct,damaged_q4,routed_tri_structural_65,forensic,560,0.9018,0.7,0.9477,0.9946,0.0786,0.0304,0.2429,0.0411,0.6489,none
4b,instruct,damaged_q4,routed_tri_structural_65,generalist,560,0.8821,0.6357,0.937,0.9857,0.0929,0.0518,0.2643,0.0536,0.5737,none
4b,instruct,damaged_q4,routed_tri_structural_65,math,560,0.925,0.6804,0.9494,0.9786,0.0536,0.0393,0.2625,0.0589,0.6325,none
4b,instruct,damaged_q4,routed_tri_structural_65,planning,560,0.8982,0.7054,0.9434,0.9893,0.0929,0.0357,0.2018,0.0536,0.6515,none
4b,instruct,damaged_q4,routed_tri_structural_65,rhetoric,560,0.8964,0.6643,0.9395,0.9857,0.0821,0.0304,0.2768,0.0643,0.6082,none
4b,instruct,damaged_q4,routed_tri_structural_65,spatial,560,0.9071,0.7107,0.9484,0.9946,0.0696,0.0429,0.2089,0.0643,0.6613,none
4b,instruct,damaged_q4,stability_first_tri_70,adversarial,560,0.9125,0.7,0.9498,0.9964,0.0732,0.0357,0.2446,0.0482,0.6489,none
4b,instruct,damaged_q4,stability_first_tri_70,boundary,560,0.8982,0.6714,0.9451,0.9929,0.0875,0.0393,0.2464,0.0446,0.6154,none
4b,instruct,damaged_q4,stability_first_tri_70,coding,560,0.9143,0.7143,0.9491,0.9857,0.0714,0.025,0.2179,0.0482,0.668,none
4b,instruct,damaged_q4,stability_first_tri_70,epistemic,560,0.9125,0.7,0.9521,0.9893,0.0607,0.0268,0.2411,0.0446,0.6549,none
4b,instruct,damaged_q4,stability_first_tri_70,forensic,560,0.9,0.7,0.9486,0.9946,0.0929,0.0411,0.2375,0.0232,0.6438,none
4b,instruct,damaged_q4,stability_first_tri_70,generalist,560,0.9018,0.6625,0.9462,0.9929,0.0804,0.0268,0.2821,0.0321,0.6089,none
4b,instruct,damaged_q4,stability_first_tri_70,math,560,0.9196,0.6732,0.9466,0.9893,0.0643,0.0214,0.2964,0.0571,0.6231,none
4b,instruct,damaged_q4,stability_first_tri_70,planning,560,0.9089,0.7125,0.9494,0.9929,0.075,0.0339,0.1946,0.0536,0.665,none
4b,instruct,damaged_q4,stability_first_tri_70,rhetoric,560,0.9161,0.6768,0.9509,0.9964,0.0714,0.0321,0.2714,0.0357,0.6254,none
4b,instruct,damaged_q4,stability_first_tri_70,spatial,560,0.8946,0.7054,0.9481,0.9982,0.0929,0.0339,0.1946,0.0482,0.6527,none
4b,instruct,healthy_q6,cognitive_structural_25_75,adversarial,560,0.9143,0.7554,0.9527,0.9911,0.0696,0.0196,0.1714,0.0625,0.7137,none
4b,instruct,healthy_q6,cognitive_structural_25_75,boundary,560,0.9232,0.7411,0.9549,0.9911,0.0643,0.0268,0.1875,0.0482,0.699,none
4b,instruct,healthy_q6,cognitive_structural_25_75,coding,560,0.9464,0.8,0.9635,0.9893,0.0393,0.0232,0.1571,0.0536,0.7683,none
4b,instruct,healthy_q6,cognitive_structural_25_75,epistemic,560,0.9054,0.7125,0.9468,0.9839,0.0625,0.0071,0.2304,0.0643,0.6707,none
4b,instruct,healthy_q6,cognitive_structural_25_75,forensic,560,0.9268,0.7786,0.959,0.9929,0.0607,0.0143,0.1554,0.0429,0.7429,none
4b,instruct,healthy_q6,cognitive_structural_25_75,generalist,560,0.9107,0.7232,0.9555,0.9857,0.0661,0.0321,0.2071,0.025,0.6791,none
4b,instruct,healthy_q6,cognitive_structural_25_75,math,560,0.9375,0.7464,0.9521,0.9821,0.05,0.0071,0.2179,0.0696,0.7091,none
4b,instruct,healthy_q6,cognitive_structural_25_75,planning,560,0.9411,0.7982,0.964,0.9875,0.0411,0.0161,0.1518,0.0446,0.7683,none
4b,instruct,healthy_q6,cognitive_structural_25_75,rhetoric,560,0.9393,0.7625,0.9595,0.9946,0.0482,0.0089,0.1893,0.0571,0.7282,none
4b,instruct,healthy_q6,cognitive_structural_25_75,spatial,560,0.9357,0.7946,0.963,0.9911,0.0446,0.0286,0.1393,0.0518,0.7618,none
4b,instruct,healthy_q6,cyber_structural_25_75,adversarial,560,0.9232,0.7571,0.9535,0.9804,0.0607,0.0357,0.1857,0.0518,0.7143,none
4b,instruct,healthy_q6,cyber_structural_25_75,boundary,560,0.9107,0.7268,0.9524,0.9964,0.0804,0.0339,0.1911,0.0393,0.6786,none
4b,instruct,healthy_q6,cyber_structural_25_75,coding,560,0.9357,0.75,0.9608,0.9929,0.0518,0.0286,0.175,0.0446,0.7125,none
4b,instruct,healthy_q6,cyber_structural_25_75,epistemic,560,0.9286,0.75,0.9601,0.9893,0.05,0.0214,0.1911,0.0375,0.7136,none
4b,instruct,healthy_q6,cyber_structural_25_75,forensic,560,0.9464,0.7946,0.9626,0.9857,0.0411,0.0286,0.1464,0.0554,0.7621,none
4b,instruct,healthy_q6,cyber_structural_25_75,generalist,560,0.9107,0.7518,0.9536,0.9839,0.0589,0.0268,0.1679,0.0554,0.7126,none
4b,instruct,healthy_q6,cyber_structural_25_75,math,560,0.8964,0.725,0.9454,0.9857,0.0768,0.0214,0.2089,0.0661,0.6777,none
4b,instruct,healthy_q6,cyber_structural_25_75,planning,560,0.9232,0.7786,0.9591,0.9964,0.0571,0.0232,0.1518,0.0464,0.7423,none
4b,instruct,healthy_q6,cyber_structural_25_75,rhetoric,560,0.9268,0.7643,0.9612,0.9946,0.0625,0.0196,0.1643,0.0339,0.7268,none
4b,instruct,healthy_q6,cyber_structural_25_75,spatial,560,0.9429,0.7821,0.9638,0.9911,0.0482,0.0286,0.1482,0.0429,0.748,none
4b,instruct,healthy_q6,q2_structural_amplifier,adversarial,560,0.9089,0.5464,0.9268,0.9893,0.0732,0.2911,0.1929,0.0429,0.4487,none
4b,instruct,healthy_q6,q2_structural_amplifier,boundary,560,0.9054,0.5268,0.9245,1.0,0.0714,0.3107,0.2179,0.0482,0.4234,none
4b,instruct,healthy_q6,q2_structural_amplifier,coding,560,0.9214,0.5214,0.9316,0.9946,0.0625,0.2946,0.2286,0.0232,0.4243,none
4b,instruct,healthy_q6,q2_structural_amplifier,epistemic,560,0.9107,0.5375,0.932,0.9982,0.0571,0.2607,0.2393,0.0518,0.4465,none
4b,instruct,healthy_q6,q2_structural_amplifier,forensic,560,0.9214,0.5429,0.9324,0.9929,0.0661,0.2786,0.2161,0.0393,0.4481,none
4b,instruct,healthy_q6,q2_structural_amplifier,generalist,560,0.8964,0.5179,0.9252,0.9911,0.0625,0.2661,0.2375,0.0554,0.4241,none
4b,instruct,healthy_q6,q2_structural_amplifier,math,560,0.8893,0.4929,0.9205,0.9875,0.0821,0.2643,0.2911,0.05,0.3896,none
4b,instruct,healthy_q6,q2_structural_amplifier,planning,560,0.8821,0.5696,0.9226,0.9911,0.0929,0.2214,0.1893,0.0554,0.4796,none
4b,instruct,healthy_q6,q2_structural_amplifier,rhetoric,560,0.9071,0.5482,0.9337,0.9946,0.0571,0.2464,0.2446,0.0554,0.4594,none
4b,instruct,healthy_q6,q2_structural_amplifier,spatial,560,0.9214,0.5625,0.9374,0.9857,0.05,0.2571,0.1964,0.0446,0.4781,none
4b,instruct,healthy_q6,routed_tri_structural_60,adversarial,560,0.925,0.7696,0.9555,0.9929,0.0589,0.0357,0.1482,0.0768,0.7291,none
4b,instruct,healthy_q6,routed_tri_structural_60,boundary,560,0.9304,0.7375,0.9588,0.9911,0.0518,0.0464,0.1857,0.0482,0.6954,none
4b,instruct,healthy_q6,routed_tri_structural_60,coding,560,0.95,0.7857,0.9652,0.9964,0.0375,0.0375,0.1661,0.05,0.7512,none
4b,instruct,healthy_q6,routed_tri_structural_60,epistemic,560,0.9143,0.7304,0.953,0.9839,0.0625,0.0196,0.2018,0.0411,0.6895,none
4b,instruct,healthy_q6,routed_tri_structural_60,forensic,560,0.9357,0.7357,0.9566,0.9893,0.0554,0.0518,0.1911,0.05,0.691,none
4b,instruct,healthy_q6,routed_tri_structural_60,generalist,560,0.9286,0.7268,0.9595,0.9875,0.0482,0.0625,0.1893,0.0375,0.6828,none
4b,instruct,healthy_q6,routed_tri_structural_60,math,560,0.9429,0.7304,0.9586,0.9929,0.0446,0.0429,0.2107,0.0607,0.6885,none
4b,instruct,healthy_q6,routed_tri_structural_60,planning,560,0.9464,0.7875,0.9652,0.9911,0.0464,0.025,0.1536,0.0357,0.7545,none
4b,instruct,healthy_q6,routed_tri_structural_60,rhetoric,560,0.9232,0.7482,0.9575,0.9857,0.0482,0.0357,0.1821,0.0589,0.7091,none
4b,instruct,healthy_q6,routed_tri_structural_60,spatial,560,0.9429,0.7786,0.963,0.9911,0.05,0.0339,0.1536,0.0429,0.7424,none
4b,instruct,healthy_q6,routed_tri_structural_65,adversarial,560,0.9339,0.7661,0.9599,0.9929,0.0536,0.0375,0.1536,0.0571,0.7274,none
4b,instruct,healthy_q6,routed_tri_structural_65,boundary,560,0.9375,0.7321,0.9582,0.9839,0.0482,0.0589,0.1857,0.05,0.6885,none
4b,instruct,healthy_q6,routed_tri_structural_65,coding,560,0.9196,0.7464,0.956,0.9893,0.0589,0.0482,0.1714,0.0518,0.7028,none
4b,instruct,healthy_q6,routed_tri_structural_65,epistemic,560,0.9411,0.7679,0.9658,0.9929,0.0446,0.0268,0.1679,0.0321,0.7341,none
4b,instruct,healthy_q6,routed_tri_structural_65,forensic,560,0.9393,0.7643,0.9614,0.9946,0.05,0.0446,0.15,0.0536,0.7257,none
4b,instruct,healthy_q6,routed_tri_structural_65,generalist,560,0.9125,0.7446,0.9539,0.9839,0.0643,0.0446,0.1679,0.0464,0.7007,none
4b,instruct,healthy_q6,routed_tri_structural_65,math,560,0.9411,0.7625,0.9594,0.9821,0.0411,0.0393,0.1911,0.0536,0.7244,none
4b,instruct,healthy_q6,routed_tri_structural_65,planning,560,0.9357,0.7482,0.9599,0.9929,0.0446,0.0482,0.1679,0.0536,0.7091,none
4b,instruct,healthy_q6,routed_tri_structural_65,rhetoric,560,0.9196,0.7286,0.9511,0.9857,0.0589,0.0357,0.1964,0.0696,0.6846,none
4b,instruct,healthy_q6,routed_tri_structural_65,spatial,560,0.9196,0.7625,0.9599,0.9929,0.0643,0.0357,0.1554,0.0357,0.7219,none
4b,instruct,healthy_q6,stability_first_tri_70,adversarial,560,0.9268,0.7839,0.9592,0.9946,0.0571,0.0304,0.1411,0.0679,0.746,none
4b,instruct,healthy_q6,stability_first_tri_70,boundary,560,0.9179,0.7089,0.9523,0.9911,0.0643,0.0625,0.1875,0.0625,0.659,none
4b,instruct,healthy_q6,stability_first_tri_70,coding,560,0.9393,0.7661,0.9633,0.9875,0.0393,0.0393,0.1768,0.0429,0.7301,none
4b,instruct,healthy_q6,stability_first_tri_70,epistemic,560,0.9125,0.7268,0.954,0.9857,0.05,0.0232,0.2,0.0554,0.6884,none
4b,instruct,healthy_q6,stability_first_tri_70,forensic,560,0.9429,0.7982,0.9629,0.9911,0.0446,0.0357,0.1429,0.0518,0.7637,none
4b,instruct,healthy_q6,stability_first_tri_70,generalist,560,0.9393,0.7536,0.9652,0.9911,0.0357,0.0464,0.1857,0.0339,0.717,none
4b,instruct,healthy_q6,stability_first_tri_70,math,560,0.9482,0.7625,0.9646,0.9929,0.0375,0.0196,0.2054,0.0411,0.7288,none
4b,instruct,healthy_q6,stability_first_tri_70,planning,560,0.9536,0.7839,0.9676,0.9929,0.0357,0.0375,0.15,0.0411,0.7517,none
4b,instruct,healthy_q6,stability_first_tri_70,rhetoric,560,0.9357,0.7607,0.9625,0.9893,0.0464,0.0286,0.1786,0.0429,0.7246,none
4b,instruct,healthy_q6,stability_first_tri_70,spatial,560,0.9304,0.8161,0.964,0.9911,0.0482,0.0214,0.1161,0.05,0.7855,none
4b,instruct,healthy_q8,cognitive_structural_25_75,adversarial,560,0.9393,0.7893,0.963,0.9929,0.0429,0.0161,0.1446,0.0643,0.7584,none
4b,instruct,healthy_q8,cognitive_structural_25_75,boundary,560,0.9339,0.7786,0.959,0.9893,0.0554,0.0321,0.1589,0.0536,0.7401,none
4b,instruct,healthy_q8,cognitive_structural_25_75,coding,560,0.9446,0.8321,0.9678,0.9857,0.0304,0.0107,0.125,0.0518,0.8083,none
4b,instruct,healthy_q8,cognitive_structural_25_75,epistemic,560,0.9321,0.7768,0.9592,0.9839,0.0446,0.0036,0.1732,0.0464,0.7465,none
4b,instruct,healthy_q8,cognitive_structural_25_75,forensic,560,0.9607,0.8286,0.9682,0.9857,0.0286,0.0089,0.1357,0.05,0.8049,none
4b,instruct,healthy_q8,cognitive_structural_25_75,generalist,560,0.9357,0.7625,0.9596,0.9821,0.0429,0.0304,0.1804,0.0446,0.7269,none
4b,instruct,healthy_q8,cognitive_structural_25_75,math,560,0.975,0.7911,0.9716,0.9893,0.0161,0.0232,0.1893,0.0429,0.7643,none
4b,instruct,healthy_q8,cognitive_structural_25_75,planning,560,0.9429,0.7875,0.965,0.9893,0.0411,0.0268,0.1571,0.0375,0.7554,none
4b,instruct,healthy_q8,cognitive_structural_25_75,rhetoric,560,0.9661,0.8107,0.973,0.9893,0.025,0.0125,0.1607,0.0268,0.7865,none
4b,instruct,healthy_q8,cognitive_structural_25_75,spatial,560,0.95,0.8446,0.9684,0.9875,0.0339,0.0196,0.1018,0.0482,0.82,none
4b,instruct,healthy_q8,cyber_structural_25_75,adversarial,560,0.9536,0.8214,0.9688,0.9911,0.0339,0.025,0.1321,0.0518,0.7931,none
4b,instruct,healthy_q8,cyber_structural_25_75,boundary,560,0.9446,0.7661,0.9627,0.9893,0.0321,0.0429,0.1625,0.0661,0.7316,none
4b,instruct,healthy_q8,cyber_structural_25_75,coding,560,0.9536,0.8125,0.9702,0.9946,0.0375,0.0321,0.125,0.0375,0.7829,none
4b,instruct,healthy_q8,cyber_structural_25_75,epistemic,560,0.9393,0.7786,0.9647,0.9875,0.0304,0.0214,0.1679,0.0482,0.7493,none
4b,instruct,healthy_q8,cyber_structural_25_75,forensic,560,0.9375,0.8232,0.9618,0.9875,0.0393,0.0179,0.1179,0.0679,0.795,none
4b,instruct,healthy_q8,cyber_structural_25_75,generalist,560,0.9375,0.7875,0.9659,0.9857,0.0286,0.0339,0.1464,0.05,0.7579,none
4b,instruct,healthy_q8,cyber_structural_25_75,math,560,0.9446,0.7518,0.9632,0.9893,0.0375,0.0286,0.1964,0.0464,0.7168,none
4b,instruct,healthy_q8,cyber_structural_25_75,planning,560,0.9482,0.8411,0.9685,0.9911,0.0411,0.0107,0.1089,0.0429,0.8158,none
4b,instruct,healthy_q8,cyber_structural_25_75,rhetoric,560,0.9304,0.7839,0.9604,0.9857,0.0464,0.0089,0.175,0.0464,0.7519,none
4b,instruct,healthy_q8,cyber_structural_25_75,spatial,560,0.9571,0.825,0.9702,0.9946,0.025,0.0214,0.1339,0.0571,0.7996,none
4b,instruct,healthy_q8,q2_structural_amplifier,adversarial,560,0.9179,0.5304,0.9324,0.9929,0.0607,0.3214,0.1571,0.0375,0.4334,none
4b,instruct,healthy_q8,q2_structural_amplifier,boundary,560,0.9161,0.5018,0.9237,0.9929,0.0714,0.3036,0.2375,0.0429,0.3985,none
4b,instruct,healthy_q8,q2_structural_amplifier,coding,560,0.9054,0.5768,0.9323,0.9893,0.0589,0.2482,0.1821,0.0571,0.492,none
4b,instruct,healthy_q8,q2_structural_amplifier,epistemic,560,0.925,0.5964,0.9416,0.9911,0.0464,0.2286,0.1857,0.05,0.5194,none
4b,instruct,healthy_q8,q2_structural_amplifier,forensic,560,0.9036,0.5268,0.9273,0.9911,0.0661,0.2768,0.2268,0.0625,0.4303,none
4b,instruct,healthy_q8,q2_structural_amplifier,generalist,560,0.9125,0.55,0.9306,0.9893,0.0536,0.2679,0.2286,0.0446,0.4598,none
4b,instruct,healthy_q8,q2_structural_amplifier,math,560,0.9268,0.5821,0.938,0.9893,0.05,0.2393,0.2179,0.05,0.4994,none
4b,instruct,healthy_q8,q2_structural_amplifier,planning,560,0.9214,0.5804,0.9363,0.9929,0.0589,0.2625,0.1589,0.0375,0.4956,none
4b,instruct,healthy_q8,q2_structural_amplifier,rhetoric,560,0.8857,0.5339,0.9237,0.9857,0.0696,0.2589,0.2196,0.075,0.4399,none
4b,instruct,healthy_q8,q2_structural_amplifier,spatial,560,0.9196,0.5821,0.9405,0.9946,0.0554,0.2536,0.1589,0.0446,0.4999,none
4b,instruct,healthy_q8,routed_tri_structural_60,adversarial,560,0.9446,0.7964,0.9609,0.9893,0.0357,0.0464,0.125,0.0839,0.7622,none
4b,instruct,healthy_q8,routed_tri_structural_60,boundary,560,0.9429,0.7607,0.9646,0.9875,0.0411,0.0482,0.1536,0.0429,0.7243,none
4b,instruct,healthy_q8,routed_tri_structural_60,coding,560,0.9446,0.7607,0.9651,0.9964,0.0429,0.0589,0.1518,0.05,0.7214,none
4b,instruct,healthy_q8,routed_tri_structural_60,epistemic,560,0.9357,0.7786,0.9621,0.9929,0.0393,0.0286,0.1554,0.0589,0.7457,none
4b,instruct,healthy_q8,routed_tri_structural_60,forensic,560,0.9482,0.8,0.9633,0.9929,0.0321,0.0482,0.1304,0.0768,0.7664,none
4b,instruct,healthy_q8,routed_tri_structural_60,generalist,560,0.9286,0.7946,0.9622,0.9875,0.0375,0.0464,0.1196,0.0643,0.7613,none
4b,instruct,healthy_q8,routed_tri_structural_60,math,560,0.9518,0.7643,0.964,0.9911,0.0357,0.0393,0.1875,0.0518,0.7281,none
4b,instruct,healthy_q8,routed_tri_structural_60,planning,560,0.9464,0.7857,0.9624,0.9875,0.0464,0.0339,0.1518,0.0446,0.7506,none
4b,instruct,healthy_q8,routed_tri_structural_60,rhetoric,560,0.9321,0.75,0.9594,0.9857,0.0482,0.0446,0.1732,0.0536,0.7101,none
4b,instruct,healthy_q8,routed_tri_structural_60,spatial,560,0.95,0.7875,0.966,0.9946,0.0304,0.0357,0.1393,0.0589,0.7572,none
4b,instruct,healthy_q8,routed_tri_structural_65,adversarial,560,0.9643,0.8036,0.9686,0.9821,0.0268,0.0375,0.1411,0.05,0.7743,none
4b,instruct,healthy_q8,routed_tri_structural_65,boundary,560,0.9571,0.7589,0.9671,0.9946,0.0375,0.0571,0.1679,0.0393,0.7209,none
4b,instruct,healthy_q8,routed_tri_structural_65,coding,560,0.9536,0.7929,0.9689,0.9929,0.0286,0.0429,0.1518,0.0482,0.7612,none
4b,instruct,healthy_q8,routed_tri_structural_65,epistemic,560,0.9321,0.7804,0.9647,0.9911,0.0286,0.0339,0.1536,0.0589,0.7498,none
4b,instruct,healthy_q8,routed_tri_structural_65,forensic,560,0.9536,0.7839,0.9645,0.9839,0.0321,0.0339,0.1714,0.0482,0.7514,none
4b,instruct,healthy_q8,routed_tri_structural_65,generalist,560,0.9357,0.7786,0.9655,0.9911,0.0339,0.0482,0.1339,0.0518,0.7454,none
4b,instruct,healthy_q8,routed_tri_structural_65,math,560,0.9393,0.7679,0.964,0.9946,0.0446,0.0429,0.1679,0.0482,0.7301,none
4b,instruct,healthy_q8,routed_tri_structural_65,planning,560,0.9554,0.8018,0.9683,0.9929,0.0357,0.0375,0.1304,0.0464,0.7708,none
4b,instruct,healthy_q8,routed_tri_structural_65,rhetoric,560,0.9482,0.8071,0.9689,1.0,0.0339,0.0286,0.1357,0.0536,0.7777,none
4b,instruct,healthy_q8,routed_tri_structural_65,spatial,560,0.9411,0.7821,0.9627,0.9821,0.0411,0.0375,0.1429,0.0518,0.7483,none
4b,instruct,healthy_q8,stability_first_tri_70,adversarial,560,0.9464,0.7786,0.966,0.9893,0.0357,0.0429,0.1464,0.0518,0.745,none
4b,instruct,healthy_q8,stability_first_tri_70,boundary,560,0.9286,0.7482,0.9595,0.9946,0.05,0.0518,0.1661,0.0571,0.7067,none
4b,instruct,healthy_q8,stability_first_tri_70,coding,560,0.9464,0.7982,0.9674,0.9875,0.0375,0.0304,0.1375,0.0393,0.7679,none
4b,instruct,healthy_q8,stability_first_tri_70,epistemic,560,0.9375,0.7839,0.9633,0.9821,0.0393,0.0268,0.1571,0.0429,0.7521,none
4b,instruct,healthy_q8,stability_first_tri_70,forensic,560,0.9482,0.7839,0.9672,0.9964,0.0464,0.0214,0.1661,0.0304,0.7509,none
4b,instruct,healthy_q8,stability_first_tri_70,generalist,560,0.9446,0.7929,0.9687,0.9893,0.0321,0.0375,0.1429,0.0375,0.7624,none
4b,instruct,healthy_q8,stability_first_tri_70,math,560,0.9696,0.7821,0.9671,0.9768,0.0196,0.0357,0.1804,0.0482,0.7523,none
4b,instruct,healthy_q8,stability_first_tri_70,planning,560,0.9589,0.8054,0.9675,0.9929,0.025,0.0304,0.1321,0.0625,0.7781,none
4b,instruct,healthy_q8,stability_first_tri_70,rhetoric,560,0.9536,0.8071,0.9673,0.9893,0.0357,0.0268,0.1482,0.0446,0.777,none
4b,instruct,healthy_q8,stability_first_tri_70,spatial,560,0.9679,0.8107,0.9722,0.9911,0.0268,0.0411,0.125,0.0429,0.7823,none
9b,base,collapsed_q2_edge,cognitive_structural_25_75,adversarial,560,0.2,0.1393,0.4728,0.775,0.3357,0.0179,0.525,2.0536,-0.1097,cascade
9b,base,collapsed_q2_edge,cognitive_structural_25_75,boundary,560,0.2089,0.1446,0.4882,0.7661,0.2982,0.0232,0.6286,1.8786,-0.0937,cascade
9b,base,collapsed_q2_edge,cognitive_structural_25_75,coding,560,0.1464,0.1161,0.4419,0.6661,0.3,0.025,0.4018,1.95,-0.1086,cascade
9b,base,collapsed_q2_edge,cognitive_structural_25_75,epistemic,560,0.1714,0.1232,0.4352,0.6786,0.3179,0.0071,0.5339,1.7357,-0.1031,cascade
9b,base,collapsed_q2_edge,cognitive_structural_25_75,forensic,560,0.1554,0.1196,0.4346,0.75,0.2946,0.0196,0.4982,2.0214,-0.1136,cascade
9b,base,collapsed_q2_edge,cognitive_structural_25_75,generalist,560,0.1625,0.1232,0.4229,0.6464,0.3411,0.0393,0.5321,1.8143,-0.1203,cascade
9b,base,collapsed_q2_edge,cognitive_structural_25_75,math,560,0.1464,0.1196,0.418,0.6661,0.3054,0.0196,0.5161,2.2036,-0.1274,cascade
9b,base,collapsed_q2_edge,cognitive_structural_25_75,planning,560,0.1929,0.1464,0.4508,0.6821,0.3179,0.0143,0.4214,1.8625,-0.0786,cascade
9b,base,collapsed_q2_edge,cognitive_structural_25_75,rhetoric,560,0.1339,0.1036,0.3992,0.6446,0.3554,0.0161,0.4875,2.1214,-0.1513,cascade
9b,base,collapsed_q2_edge,cognitive_structural_25_75,spatial,560,0.1857,0.1429,0.4518,0.7036,0.3054,0.0268,0.4232,1.9,-0.083,cascade
9b,base,collapsed_q2_edge,cyber_structural_25_75,adversarial,560,0.3232,0.2357,0.6074,0.9161,0.2821,0.0339,0.475,1.4714,0.0327,cascade
9b,base,collapsed_q2_edge,cyber_structural_25_75,boundary,560,0.3911,0.2679,0.6361,0.9321,0.275,0.0393,0.5071,1.2929,0.0723,cascade
9b,base,collapsed_q2_edge,cyber_structural_25_75,coding,560,0.1607,0.1268,0.4158,0.6036,0.3214,0.0339,0.4018,2.0089,-0.109,cascade
9b,base,collapsed_q2_edge,cyber_structural_25_75,epistemic,560,0.1339,0.1,0.4051,0.6018,0.3286,0.0179,0.4982,1.7821,-0.1311,cascade
9b,base,collapsed_q2_edge,cyber_structural_25_75,forensic,560,0.2339,0.1839,0.4912,0.8768,0.3268,0.0232,0.4411,1.8089,-0.0445,cascade
9b,base,collapsed_q2_edge,cyber_structural_25_75,generalist,560,0.1393,0.1143,0.4033,0.5625,0.3036,0.0286,0.4625,1.8857,-0.1138,cascade
9b,base,collapsed_q2_edge,cyber_structural_25_75,math,560,0.1518,0.1286,0.4077,0.6054,0.2839,0.0304,0.4982,2.2232,-0.1137,cascade
9b,base,collapsed_q2_edge,cyber_structural_25_75,planning,560,0.2054,0.1625,0.4402,0.6089,0.3375,0.0339,0.3839,1.8393,-0.0682,cascade
9b,base,collapsed_q2_edge,cyber_structural_25_75,rhetoric,560,0.1018,0.0679,0.3909,0.5536,0.2911,0.0286,0.4875,2.15,-0.1717,cascade
9b,base,collapsed_q2_edge,cyber_structural_25_75,spatial,560,0.1661,0.1268,0.4058,0.5982,0.3107,0.0214,0.4036,1.9982,-0.1029,cascade
9b,base,collapsed_q2_edge,q2_structural_amplifier,adversarial,560,0.8071,0.3643,0.8788,0.9911,0.1482,0.3071,0.4411,0.075,0.2194,none
9b,base,collapsed_q2_edge,q2_structural_amplifier,boundary,560,0.7839,0.3714,0.8704,0.9911,0.1875,0.2839,0.4911,0.0482,0.2167,none
9b,base,collapsed_q2_edge,q2_structural_amplifier,coding,560,0.6571,0.3589,0.8082,0.8429,0.1696,0.2768,0.3804,0.2732,0.2086,none
9b,base,collapsed_q2_edge,q2_structural_amplifier,epistemic,560,0.6607,0.3393,0.8053,0.8393,0.1554,0.2625,0.4554,0.2732,0.1901,none
9b,base,collapsed_q2_edge,q2_structural_amplifier,forensic,560,0.7268,0.3857,0.8447,0.9857,0.1607,0.2607,0.4518,0.2625,0.2361,none
9b,base,collapsed_q2_edge,q2_structural_amplifier,generalist,560,0.6143,0.3125,0.7688,0.7821,0.15,0.2857,0.4518,0.3804,0.1552,none
9b,base,collapsed_q2_edge,q2_structural_amplifier,math,560,0.6054,0.3018,0.7556,0.8107,0.1696,0.2893,0.5,0.5446,0.1258,none
9b,base,collapsed_q2_edge,q2_structural_amplifier,planning,560,0.6893,0.3554,0.8059,0.8036,0.1411,0.2679,0.4304,0.2643,0.2118,none
9b,base,collapsed_q2_edge,q2_structural_amplifier,rhetoric,560,0.55,0.2554,0.7402,0.8125,0.2018,0.3036,0.4714,0.5143,0.0707,distractor_capture
9b,base,collapsed_q2_edge,q2_structural_amplifier,spatial,560,0.6321,0.35,0.7823,0.7821,0.1536,0.2857,0.3625,0.3839,0.1986,none
9b,base,collapsed_q2_edge,routed_tri_structural_60,adversarial,560,0.4232,0.275,0.6736,0.9518,0.2411,0.0518,0.5143,1.1804,0.0922,none
9b,base,collapsed_q2_edge,routed_tri_structural_60,boundary,560,0.4518,0.2679,0.6849,0.95,0.2786,0.0536,0.6,0.9732,0.0769,cascade
9b,base,collapsed_q2_edge,routed_tri_structural_60,coding,560,0.2625,0.1821,0.5408,0.6982,0.25,0.0339,0.4089,1.5411,-0.0094,cascade
9b,base,collapsed_q2_edge,routed_tri_structural_60,epistemic,560,0.3036,0.2196,0.572,0.7714,0.2268,0.0411,0.4589,1.2554,0.0439,cascade
9b,base,collapsed_q2_edge,routed_tri_structural_60,forensic,560,0.3196,0.2339,0.5911,0.9357,0.2732,0.0411,0.4964,1.3768,0.0352,cascade
9b,base,collapsed_q2_edge,routed_tri_structural_60,generalist,560,0.2304,0.1625,0.5379,0.7143,0.2696,0.0554,0.4875,1.3696,-0.0369,cascade
9b,base,collapsed_q2_edge,routed_tri_structural_60,math,560,0.25,0.1964,0.5241,0.725,0.225,0.0268,0.4857,1.7821,-0.0044,primitive_gap
9b,base,collapsed_q2_edge,routed_tri_structural_60,planning,560,0.3357,0.2411,0.569,0.7143,0.2518,0.0554,0.3946,1.3714,0.0543,cascade
9b,base,collapsed_q2_edge,routed_tri_structural_60,rhetoric,560,0.2464,0.1732,0.5205,0.7125,0.2607,0.0429,0.5446,1.5768,-0.036,cascade
9b,base,collapsed_q2_edge,routed_tri_structural_60,spatial,560,0.3196,0.2286,0.5585,0.7375,0.2732,0.0482,0.4143,1.4125,0.0332,cascade
9b,base,collapsed_q2_edge,routed_tri_structural_65,adversarial,560,0.4429,0.3,0.694,0.9518,0.2357,0.0518,0.4839,1.0946,0.1255,none
9b,base,collapsed_q2_edge,routed_tri_structural_65,boundary,560,0.4875,0.3018,0.7038,0.9536,0.2661,0.0821,0.5571,0.9125,0.1153,none
9b,base,collapsed_q2_edge,routed_tri_structural_65,coding,560,0.2964,0.2054,0.5615,0.7286,0.2536,0.0446,0.3946,1.4268,0.0174,cascade
9b,base,collapsed_q2_edge,routed_tri_structural_65,epistemic,560,0.2911,0.2089,0.5653,0.7304,0.2696,0.0375,0.4964,1.1964,0.021,cascade
9b,base,collapsed_q2_edge,routed_tri_structural_65,forensic,560,0.3839,0.2857,0.6253,0.9411,0.2571,0.0464,0.4768,1.2768,0.0973,none
9b,base,collapsed_q2_edge,routed_tri_structural_65,generalist,560,0.2714,0.2089,0.5622,0.7143,0.2571,0.0464,0.4071,1.2875,0.0256,cascade
9b,base,collapsed_q2_edge,routed_tri_structural_65,math,560,0.2482,0.1768,0.5395,0.7429,0.2482,0.0393,0.4857,1.6661,-0.0277,cascade
9b,base,collapsed_q2_edge,routed_tri_structural_65,planning,560,0.3643,0.2571,0.5829,0.6893,0.2268,0.0321,0.4054,1.3232,0.0841,none
9b,base,collapsed_q2_edge,routed_tri_structural_65,rhetoric,560,0.2893,0.2143,0.5446,0.7018,0.2429,0.0393,0.4643,1.5054,0.0212,cascade
9b,base,collapsed_q2_edge,routed_tri_structural_65,spatial,560,0.2839,0.2232,0.545,0.7214,0.2661,0.0375,0.3607,1.4518,0.0344,cascade
9b,base,collapsed_q2_edge,stability_first_tri_70,adversarial,560,0.4839,0.3125,0.7095,0.9321,0.2464,0.0393,0.5071,0.9429,0.143,none
9b,base,collapsed_q2_edge,stability_first_tri_70,boundary,560,0.5518,0.3518,0.7313,0.9482,0.2143,0.075,0.5286,0.8661,0.1869,none
9b,base,collapsed_q2_edge,stability_first_tri_70,coding,560,0.3268,0.2196,0.5897,0.7339,0.2286,0.0464,0.4125,1.3054,0.0435,cascade
9b,base,collapsed_q2_edge,stability_first_tri_70,epistemic,560,0.3268,0.2464,0.5819,0.7125,0.2196,0.0196,0.4679,1.1589,0.0812,none
9b,base,collapsed_q2_edge,stability_first_tri_70,forensic,560,0.3714,0.2536,0.6259,0.9143,0.2554,0.0375,0.4857,1.2339,0.0689,cascade
9b,base,collapsed_q2_edge,stability_first_tri_70,generalist,560,0.2964,0.2089,0.5799,0.7232,0.2696,0.0518,0.5071,1.1625,0.019,cascade
9b,base,collapsed_q2_edge,stability_first_tri_70,math,560,0.3268,0.2286,0.5831,0.7321,0.2161,0.0375,0.5,1.4625,0.0431,none
9b,base,collapsed_q2_edge,stability_first_tri_70,planning,560,0.3571,0.2696,0.5921,0.6857,0.2393,0.0482,0.3768,1.2375,0.0962,none
9b,base,collapsed_q2_edge,stability_first_tri_70,rhetoric,560,0.3018,0.2054,0.5515,0.7107,0.2643,0.0429,0.4643,1.4518,0.0078,cascade
9b,base,collapsed_q2_edge,stability_first_tri_70,spatial,560,0.3268,0.2518,0.5949,0.7286,0.2393,0.0411,0.3607,1.2643,0.0797,none
9b,base,damaged_q2,cognitive_structural_25_75,adversarial,560,0.5179,0.3714,0.7293,0.9179,0.1786,0.0268,0.4393,0.9946,0.2276,none
9b,base,damaged_q2,cognitive_structural_25_75,boundary,560,0.5286,0.3839,0.7269,0.9161,0.2161,0.0321,0.4304,0.8839,0.2341,none
9b,base,damaged_q2,cognitive_structural_25_75,coding,560,0.4625,0.35,0.685,0.7768,0.1821,0.0232,0.3268,0.9679,0.2162,none
9b,base,damaged_q2,cognitive_structural_25_75,epistemic,560,0.4625,0.325,0.6925,0.8411,0.1732,0.0125,0.4589,0.8554,0.1911,none
9b,base,damaged_q2,cognitive_structural_25_75,forensic,560,0.4411,0.3339,0.6842,0.9161,0.1929,0.0179,0.3857,1.0643,0.1884,none
9b,base,damaged_q2,cognitive_structural_25_75,generalist,560,0.4018,0.2929,0.6731,0.8232,0.1982,0.0214,0.4196,0.9446,0.1483,none
9b,base,damaged_q2,cognitive_structural_25_75,math,560,0.4054,0.3107,0.6572,0.7964,0.1714,0.0143,0.4375,1.1964,0.1616,none
9b,base,damaged_q2,cognitive_structural_25_75,planning,560,0.5089,0.3982,0.7003,0.8054,0.1786,0.0161,0.3821,0.9089,0.2654,none
9b,base,damaged_q2,cognitive_structural_25_75,rhetoric,560,0.3589,0.2768,0.6091,0.7571,0.2393,0.0125,0.45,1.225,0.1053,none
9b,base,damaged_q2,cognitive_structural_25_75,spatial,560,0.4982,0.3786,0.6991,0.8286,0.1518,0.0232,0.3179,0.9768,0.2541,none
9b,base,damaged_q2,cyber_structural_25_75,adversarial,560,0.6679,0.4536,0.8302,0.9911,0.1875,0.0286,0.4143,0.4607,0.3354,none
9b,base,damaged_q2,cyber_structural_25_75,boundary,560,0.7714,0.4768,0.8682,0.9893,0.1679,0.0589,0.3857,0.2875,0.3694,none
9b,base,damaged_q2,cyber_structural_25_75,coding,560,0.4446,0.3643,0.6751,0.7518,0.1982,0.0321,0.2964,0.9768,0.2258,none
9b,base,damaged_q2,cyber_structural_25_75,epistemic,560,0.4268,0.3054,0.6677,0.75,0.1786,0.0143,0.4286,0.8625,0.1715,none
9b,base,damaged_q2,cyber_structural_25_75,forensic,560,0.5625,0.4107,0.7512,0.9804,0.1625,0.0339,0.3839,0.8268,0.2831,none
9b,base,damaged_q2,cyber_structural_25_75,generalist,560,0.3946,0.2696,0.6546,0.7571,0.2054,0.0268,0.4143,0.9554,0.1218,none
9b,base,damaged_q2,cyber_structural_25_75,math,560,0.3607,0.2643,0.6078,0.7214,0.2036,0.0268,0.4125,1.3464,0.0975,none
9b,base,damaged_q2,cyber_structural_25_75,planning,560,0.4661,0.3768,0.66,0.7518,0.2018,0.025,0.3071,1.0393,0.2347,none
9b,base,damaged_q2,cyber_structural_25_75,rhetoric,560,0.3393,0.2536,0.613,0.7393,0.1857,0.0179,0.4107,1.2536,0.0987,none
9b,base,damaged_q2,cyber_structural_25_75,spatial,560,0.4107,0.3054,0.6407,0.7482,0.2018,0.0357,0.3,1.1161,0.1579,none
9b,base,damaged_q2,q2_structural_amplifier,adversarial,560,0.8446,0.4268,0.8991,0.9911,0.1268,0.2482,0.4107,0.0446,0.304,none
9b,base,damaged_q2,q2_structural_amplifier,boundary,560,0.8339,0.4,0.8951,0.9911,0.1286,0.2821,0.4304,0.0339,0.2689,none
9b,base,damaged_q2,q2_structural_amplifier,coding,560,0.8339,0.4518,0.8915,0.9446,0.1054,0.2786,0.3554,0.0643,0.3328,none
9b,base,damaged_q2,q2_structural_amplifier,epistemic,560,0.8411,0.4375,0.8965,0.9804,0.1304,0.2375,0.4089,0.05,0.3157,none
9b,base,damaged_q2,q2_structural_amplifier,forensic,560,0.8679,0.4125,0.9052,0.9929,0.1179,0.3,0.3732,0.0321,0.2857,none
9b,base,damaged_q2,q2_structural_amplifier,generalist,560,0.8,0.4107,0.879,0.9286,0.1214,0.2821,0.3946,0.0625,0.2832,none
9b,base,damaged_q2,q2_structural_amplifier,math,560,0.8089,0.3929,0.875,0.9214,0.1232,0.2732,0.4679,0.0857,0.2595,none
9b,base,damaged_q2,q2_structural_amplifier,planning,560,0.8286,0.4554,0.8937,0.9429,0.1214,0.2643,0.3054,0.0536,0.339,none
9b,base,damaged_q2,q2_structural_amplifier,rhetoric,560,0.7804,0.3982,0.8741,0.9125,0.1411,0.25,0.3839,0.0839,0.271,none
9b,base,damaged_q2,q2_structural_amplifier,spatial,560,0.8143,0.4393,0.8882,0.9357,0.1268,0.2964,0.3054,0.0643,0.3143,none
9b,base,damaged_q2,routed_tri_structural_60,adversarial,560,0.7607,0.4804,0.8691,0.9839,0.1714,0.0357,0.4357,0.2625,0.3738,none
9b,base,damaged_q2,routed_tri_structural_60,boundary,560,0.825,0.5143,0.8919,0.9929,0.1339,0.0661,0.4232,0.1964,0.4172,none
9b,base,damaged_q2,routed_tri_structural_60,coding,560,0.6161,0.4464,0.7884,0.8804,0.1518,0.0429,0.3429,0.5893,0.3354,none
9b,base,damaged_q2,routed_tri_structural_60,epistemic,560,0.6446,0.4643,0.8087,0.8946,0.1411,0.0375,0.4071,0.4446,0.3597,none
9b,base,damaged_q2,routed_tri_structural_60,forensic,560,0.6643,0.4768,0.8107,0.9839,0.1571,0.0393,0.3839,0.5607,0.363,none
9b,base,damaged_q2,routed_tri_structural_60,generalist,560,0.6,0.4089,0.7806,0.8893,0.1714,0.0518,0.4071,0.5393,0.2876,none
9b,base,damaged_q2,routed_tri_structural_60,math,560,0.575,0.4089,0.7483,0.8536,0.1429,0.0411,0.4446,0.8161,0.2815,none
9b,base,damaged_q2,routed_tri_structural_60,planning,560,0.7286,0.5411,0.8273,0.8696,0.1286,0.0518,0.2946,0.4429,0.4464,none
9b,base,damaged_q2,routed_tri_structural_60,rhetoric,560,0.5875,0.4054,0.7593,0.8589,0.1696,0.0339,0.4268,0.675,0.2798,none
9b,base,damaged_q2,routed_tri_structural_60,spatial,560,0.5911,0.4339,0.751,0.8554,0.1732,0.0446,0.3411,0.7161,0.3099,none
9b,base,damaged_q2,routed_tri_structural_65,adversarial,560,0.8036,0.5268,0.8954,0.9893,0.1411,0.0482,0.4232,0.1643,0.4328,none
9b,base,damaged_q2,routed_tri_structural_65,boundary,560,0.8196,0.5107,0.8975,0.9893,0.1429,0.0661,0.4321,0.1357,0.4133,none
9b,base,damaged_q2,routed_tri_structural_65,coding,560,0.6732,0.4714,0.8054,0.8696,0.1536,0.0429,0.3339,0.4946,0.3653,none
9b,base,damaged_q2,routed_tri_structural_65,epistemic,560,0.6589,0.4554,0.8293,0.9161,0.1446,0.0304,0.3875,0.3714,0.3563,none
9b,base,damaged_q2,routed_tri_structural_65,forensic,560,0.7125,0.5196,0.8358,0.9875,0.1536,0.0357,0.3714,0.45,0.4142,none
9b,base,damaged_q2,routed_tri_structural_65,generalist,560,0.6018,0.4179,0.7869,0.8607,0.1732,0.0518,0.4214,0.4732,0.2982,none
9b,base,damaged_q2,routed_tri_structural_65,math,560,0.6089,0.4482,0.7736,0.8464,0.1304,0.0429,0.4125,0.7125,0.3319,none
9b,base,damaged_q2,routed_tri_structural_65,planning,560,0.6946,0.5018,0.8152,0.8589,0.1554,0.0464,0.3304,0.4286,0.398,none
9b,base,damaged_q2,routed_tri_structural_65,rhetoric,560,0.5875,0.4179,0.7691,0.8321,0.15,0.0446,0.4036,0.6232,0.3005,none
9b,base,damaged_q2,routed_tri_structural_65,spatial,560,0.6125,0.4679,0.7697,0.8536,0.1768,0.0375,0.3018,0.6161,0.3524,none
9b,base,damaged_q2,stability_first_tri_70,adversarial,560,0.8321,0.5375,0.9072,0.9911,0.1286,0.0446,0.4,0.1286,0.4516,none
9b,base,damaged_q2,stability_first_tri_70,boundary,560,0.8464,0.5429,0.9078,0.9929,0.1304,0.0339,0.4125,0.1161,0.4582,none
9b,base,damaged_q2,stability_first_tri_70,coding,560,0.7125,0.4839,0.8375,0.8786,0.1482,0.0518,0.3696,0.3304,0.383,none
9b,base,damaged_q2,stability_first_tri_70,epistemic,560,0.7071,0.5054,0.8465,0.8982,0.1393,0.0357,0.3661,0.2929,0.4125,none
9b,base,damaged_q2,stability_first_tri_70,forensic,560,0.7036,0.4857,0.8348,0.9821,0.1696,0.0554,0.3732,0.4196,0.3729,none
9b,base,damaged_q2,stability_first_tri_70,generalist,560,0.6786,0.4518,0.8221,0.8732,0.1286,0.0571,0.4143,0.3875,0.3493,none
9b,base,damaged_q2,stability_first_tri_70,math,560,0.6696,0.475,0.8003,0.8679,0.125,0.0286,0.4268,0.575,0.3689,none
9b,base,damaged_q2,stability_first_tri_70,planning,560,0.7429,0.5429,0.8482,0.8821,0.1143,0.0357,0.3232,0.3536,0.4579,none
9b,base,damaged_q2,stability_first_tri_70,rhetoric,560,0.6518,0.4661,0.7922,0.85,0.1411,0.0232,0.4107,0.5429,0.3591,none
9b,base,damaged_q2,stability_first_tri_70,spatial,560,0.6964,0.5143,0.8199,0.9,0.1554,0.0232,0.3179,0.4482,0.4152,none
9b,base,damaged_q3,cognitive_structural_25_75,adversarial,560,0.8875,0.6571,0.9372,0.9946,0.1018,0.0179,0.2964,0.0482,0.5969,none
9b,base,damaged_q3,cognitive_structural_25_75,boundary,560,0.8518,0.5875,0.9253,0.9946,0.1179,0.0375,0.3232,0.0732,0.5151,none
9b,base,damaged_q3,cognitive_structural_25_75,coding,560,0.8893,0.675,0.9362,0.9786,0.0821,0.0214,0.2696,0.075,0.6207,none
9b,base,damaged_q3,cognitive_structural_25_75,epistemic,560,0.8518,0.6268,0.9294,0.9857,0.1036,0.0089,0.2893,0.0625,0.5677,none
9b,base,damaged_q3,cognitive_structural_25_75,forensic,560,0.8964,0.6589,0.9368,0.9946,0.0821,0.0214,0.2839,0.0857,0.603,none
9b,base,damaged_q3,cognitive_structural_25_75,generalist,560,0.8679,0.6232,0.9315,0.9875,0.1,0.025,0.2929,0.0643,0.5616,none
9b,base,damaged_q3,cognitive_structural_25_75,math,560,0.8714,0.6232,0.9262,0.9714,0.1,0.0179,0.3143,0.0839,0.5603,none
9b,base,damaged_q3,cognitive_structural_25_75,planning,560,0.8768,0.6696,0.9355,0.9821,0.1036,0.025,0.2268,0.0589,0.6125,none
9b,base,damaged_q3,cognitive_structural_25_75,rhetoric,560,0.8339,0.5946,0.9147,0.9821,0.1196,0.0161,0.3179,0.1125,0.5245,none
9b,base,damaged_q3,cognitive_structural_25_75,spatial,560,0.8839,0.7071,0.9369,0.9786,0.0911,0.0161,0.2054,0.0768,0.6563,none
9b,base,damaged_q3,cyber_structural_25_75,adversarial,560,0.8661,0.6607,0.931,0.9857,0.1089,0.0393,0.2607,0.0732,0.5957,none
9b,base,damaged_q3,cyber_structural_25_75,boundary,560,0.8839,0.6429,0.9361,0.9929,0.0929,0.0357,0.2732,0.0696,0.5825,none
9b,base,damaged_q3,cyber_structural_25_75,coding,560,0.9054,0.7,0.9472,0.9768,0.0732,0.0482,0.2089,0.05,0.6492,none
9b,base,damaged_q3,cyber_structural_25_75,epistemic,560,0.8554,0.6696,0.9244,0.9357,0.0911,0.0179,0.2518,0.0696,0.6151,none
9b,base,damaged_q3,cyber_structural_25_75,forensic,560,0.9125,0.6679,0.9468,0.9946,0.0804,0.0268,0.2714,0.0429,0.6145,none
9b,base,damaged_q3,cyber_structural_25_75,generalist,560,0.8607,0.6429,0.9274,0.9554,0.0964,0.0411,0.2714,0.0607,0.581,none
9b,base,damaged_q3,cyber_structural_25_75,math,560,0.8411,0.6179,0.9107,0.9232,0.0929,0.0268,0.2768,0.1464,0.5552,none
9b,base,damaged_q3,cyber_structural_25_75,planning,560,0.8589,0.65,0.9202,0.9357,0.0839,0.0339,0.2554,0.1,0.5926,none
9b,base,damaged_q3,cyber_structural_25_75,rhetoric,560,0.8304,0.625,0.9092,0.9321,0.1018,0.0179,0.2786,0.1304,0.5621,none
9b,base,damaged_q3,cyber_structural_25_75,spatial,560,0.8625,0.6821,0.9241,0.9464,0.1036,0.0232,0.2196,0.0821,0.6248,none
9b,base,damaged_q3,q2_structural_amplifier,adversarial,560,0.8839,0.4732,0.9113,0.9929,0.0982,0.3161,0.2768,0.0429,0.3562,none
9b,base,damaged_q3,q2_structural_amplifier,boundary,560,0.875,0.4464,0.909,0.9946,0.0732,0.3018,0.3536,0.075,0.3321,none
9b,base,damaged_q3,q2_structural_amplifier,coding,560,0.9018,0.5179,0.9243,0.9839,0.0661,0.2625,0.25,0.0518,0.4229,none
9b,base,damaged_q3,q2_structural_amplifier,epistemic,560,0.8875,0.5071,0.9242,0.9982,0.0857,0.2196,0.3143,0.0411,0.4103,none
9b,base,damaged_q3,q2_structural_amplifier,forensic,560,0.8839,0.5214,0.9202,0.9875,0.0964,0.2464,0.275,0.0429,0.4191,none
9b,base,damaged_q3,q2_structural_amplifier,generalist,560,0.8536,0.4857,0.9071,0.9857,0.1054,0.2875,0.2821,0.0464,0.3717,none
9b,base,damaged_q3,q2_structural_amplifier,math,560,0.875,0.4464,0.9116,0.9875,0.0929,0.2911,0.3143,0.0607,0.3322,none
9b,base,damaged_q3,q2_structural_amplifier,planning,560,0.8946,0.5107,0.9239,0.9946,0.075,0.2804,0.2411,0.0411,0.4108,none
9b,base,damaged_q3,q2_structural_amplifier,rhetoric,560,0.8875,0.4554,0.9153,0.9929,0.0893,0.3071,0.3054,0.0482,0.3403,none
9b,base,damaged_q3,q2_structural_amplifier,spatial,560,0.875,0.4982,0.9195,0.9893,0.0946,0.275,0.2518,0.0464,0.3924,none
9b,base,damaged_q3,routed_tri_structural_60,adversarial,560,0.8839,0.6232,0.9386,0.9982,0.1036,0.0393,0.2821,0.0482,0.5593,none
9b,base,damaged_q3,routed_tri_structural_60,boundary,560,0.9,0.6464,0.9399,0.9875,0.0857,0.0571,0.2786,0.0571,0.5841,none
9b,base,damaged_q3,routed_tri_structural_60,coding,560,0.9018,0.6768,0.9461,0.9839,0.075,0.0429,0.2214,0.0536,0.6253,none
9b,base,damaged_q3,routed_tri_structural_60,epistemic,560,0.8839,0.6286,0.9427,0.9964,0.0804,0.0571,0.2786,0.0536,0.5681,none
9b,base,damaged_q3,routed_tri_structural_60,forensic,560,0.8643,0.6625,0.9353,0.9929,0.1089,0.0429,0.2464,0.0589,0.5986,none
9b,base,damaged_q3,routed_tri_structural_60,generalist,560,0.8929,0.6625,0.9385,0.9821,0.0893,0.05,0.2732,0.0464,0.6015,none
9b,base,damaged_q3,routed_tri_structural_60,math,560,0.9196,0.6589,0.9474,0.9964,0.0661,0.0375,0.3125,0.0518,0.604,none
9b,base,damaged_q3,routed_tri_structural_60,planning,560,0.9321,0.7357,0.9574,0.9911,0.0589,0.0357,0.2018,0.0393,0.6928,none
9b,base,damaged_q3,routed_tri_structural_60,rhetoric,560,0.9018,0.6732,0.9456,0.9911,0.0786,0.0357,0.2482,0.0536,0.62,none
9b,base,damaged_q3,routed_tri_structural_60,spatial,560,0.8982,0.6964,0.9461,0.9964,0.0857,0.0482,0.2036,0.0589,0.6418,none
9b,base,damaged_q3,routed_tri_structural_65,adversarial,560,0.8875,0.6464,0.9387,0.9946,0.1071,0.0446,0.2696,0.0393,0.5818,none
9b,base,damaged_q3,routed_tri_structural_65,boundary,560,0.8964,0.6214,0.9399,0.9893,0.0911,0.0643,0.2893,0.0446,0.5559,none
9b,base,damaged_q3,routed_tri_structural_65,coding,560,0.8857,0.6589,0.9393,0.9929,0.0946,0.0375,0.2536,0.0571,0.5999,none
9b,base,damaged_q3,routed_tri_structural_65,epistemic,560,0.8768,0.6643,0.9379,0.9839,0.0911,0.0268,0.2571,0.05,0.6085,none
9b,base,damaged_q3,routed_tri_structural_65,forensic,560,0.9018,0.6679,0.9477,0.9893,0.0821,0.0571,0.2357,0.0375,0.6111,none
9b,base,damaged_q3,routed_tri_structural_65,generalist,560,0.8875,0.6554,0.9434,0.9857,0.0857,0.0429,0.2446,0.0393,0.5995,none
9b,base,damaged_q3,routed_tri_structural_65,math,560,0.9089,0.6429,0.9447,0.9964,0.0696,0.0393,0.3196,0.0571,0.5857,none
9b,base,damaged_q3,routed_tri_structural_65,planning,560,0.9196,0.6982,0.9504,0.9946,0.0589,0.0393,0.2286,0.0679,0.651,none
9b,base,damaged_q3,routed_tri_structural_65,rhetoric,560,0.9071,0.6821,0.9474,0.9929,0.0768,0.0304,0.2643,0.0429,0.6298,none
9b,base,damaged_q3,routed_tri_structural_65,spatial,560,0.8911,0.6821,0.9438,0.9821,0.0839,0.0536,0.2018,0.0571,0.6273,none
9b,base,damaged_q3,stability_first_tri_70,adversarial,560,0.8857,0.6554,0.9384,0.9768,0.0911,0.0411,0.2571,0.0518,0.5967,none
9b,base,damaged_q3,stability_first_tri_70,boundary,560,0.8857,0.6286,0.936,0.9929,0.1,0.0607,0.2768,0.0589,0.5613,none
9b,base,damaged_q3,stability_first_tri_70,coding,560,0.8893,0.6804,0.9439,0.9857,0.0946,0.0429,0.2196,0.0375,0.6239,none
9b,base,damaged_q3,stability_first_tri_70,epistemic,560,0.9054,0.6571,0.9452,0.9857,0.0625,0.025,0.2946,0.0482,0.6074,none
9b,base,damaged_q3,stability_first_tri_70,forensic,560,0.9054,0.6786,0.9427,0.9857,0.0821,0.0411,0.2554,0.05,0.6228,none
9b,base,damaged_q3,stability_first_tri_70,generalist,560,0.9196,0.6696,0.9513,0.9929,0.0607,0.0429,0.2714,0.0375,0.6193,none
9b,base,damaged_q3,stability_first_tri_70,math,560,0.9161,0.6661,0.9455,0.9786,0.0679,0.0375,0.3054,0.0375,0.6119,none
9b,base,damaged_q3,stability_first_tri_70,planning,560,0.9018,0.7161,0.9413,0.9821,0.0732,0.0357,0.2036,0.0786,0.6668,none
9b,base,damaged_q3,stability_first_tri_70,rhetoric,560,0.9054,0.6643,0.9447,0.9946,0.0786,0.0411,0.2732,0.0518,0.6081,none
9b,base,damaged_q3,stability_first_tri_70,spatial,560,0.8821,0.6839,0.941,0.9875,0.0982,0.0589,0.1964,0.0589,0.624,none
9b,base,damaged_q4,cognitive_structural_25_75,adversarial,560,0.9125,0.7179,0.95,0.9875,0.0679,0.0125,0.2304,0.0518,0.674,none
9b,base,damaged_q4,cognitive_structural_25_75,boundary,560,0.9054,0.7018,0.9461,0.9911,0.0714,0.0232,0.2232,0.0696,0.6544,none
9b,base,damaged_q4,cognitive_structural_25_75,coding,560,0.9286,0.7589,0.9557,0.9857,0.0446,0.0286,0.1786,0.0732,0.7219,none
9b,base,damaged_q4,cognitive_structural_25_75,epistemic,560,0.9161,0.7232,0.9562,0.9893,0.0679,0.0125,0.2018,0.0286,0.6828,none
9b,base,damaged_q4,cognitive_structural_25_75,forensic,560,0.9179,0.7214,0.9498,0.9893,0.0661,0.0179,0.2161,0.0554,0.678,none
9b,base,damaged_q4,cognitive_structural_25_75,generalist,560,0.9161,0.7036,0.953,0.9911,0.0554,0.0232,0.2339,0.0482,0.6612,none
9b,base,damaged_q4,cognitive_structural_25_75,math,560,0.9107,0.7125,0.9493,0.9911,0.0661,0.0214,0.2143,0.0696,0.6678,none
9b,base,damaged_q4,cognitive_structural_25_75,planning,560,0.9321,0.7607,0.9551,0.9893,0.0625,0.0143,0.1911,0.0482,0.7214,none
9b,base,damaged_q4,cognitive_structural_25_75,rhetoric,560,0.9339,0.7357,0.9598,0.9929,0.0482,0.0125,0.2125,0.0446,0.6995,none
9b,base,damaged_q4,cognitive_structural_25_75,spatial,560,0.9161,0.7589,0.9538,0.9946,0.0714,0.0214,0.1786,0.05,0.7164,none
9b,base,damaged_q4,cyber_structural_25_75,adversarial,560,0.9375,0.7143,0.9576,0.9964,0.0536,0.0375,0.225,0.0464,0.6704,none
9b,base,damaged_q4,cyber_structural_25_75,boundary,560,0.9125,0.6875,0.944,0.9893,0.0786,0.0393,0.2393,0.0625,0.6338,none
9b,base,damaged_q4,cyber_structural_25_75,coding,560,0.9357,0.7518,0.9592,0.9893,0.0464,0.0446,0.175,0.0571,0.7121,none
9b,base,damaged_q4,cyber_structural_25_75,epistemic,560,0.9357,0.6982,0.959,0.9875,0.0464,0.0232,0.25,0.0286,0.6582,none
9b,base,damaged_q4,cyber_structural_25_75,forensic,560,0.9107,0.7214,0.9501,0.9893,0.0821,0.0304,0.2036,0.0357,0.6726,none
9b,base,damaged_q4,cyber_structural_25_75,generalist,560,0.9107,0.6893,0.9505,0.9911,0.0625,0.0411,0.2304,0.05,0.6414,none
9b,base,damaged_q4,cyber_structural_25_75,math,560,0.925,0.7071,0.9523,0.9839,0.0589,0.025,0.2482,0.0446,0.6624,none
9b,base,damaged_q4,cyber_structural_25_75,planning,560,0.9232,0.7375,0.9543,0.9857,0.0607,0.0232,0.1875,0.0482,0.6972,none
9b,base,damaged_q4,cyber_structural_25_75,rhetoric,560,0.9321,0.7375,0.9595,0.9893,0.0429,0.0179,0.2214,0.0446,0.7011,none
9b,base,damaged_q4,cyber_structural_25_75,spatial,560,0.9321,0.7643,0.9575,0.9875,0.0482,0.0196,0.1857,0.0554,0.7283,none
9b,base,damaged_q4,q2_structural_amplifier,adversarial,560,0.8786,0.4982,0.918,0.9929,0.0661,0.3179,0.2571,0.0679,0.3909,none
9b,base,damaged_q4,q2_structural_amplifier,boundary,560,0.8786,0.5054,0.917,0.9946,0.0839,0.2714,0.2518,0.0714,0.4022,none
9b,base,damaged_q4,q2_structural_amplifier,coding,560,0.9054,0.5125,0.9223,0.9875,0.0679,0.2875,0.2375,0.0536,0.413,none
9b,base,damaged_q4,q2_structural_amplifier,epistemic,560,0.9036,0.5339,0.9311,0.9929,0.0714,0.2339,0.2482,0.0357,0.4441,none
9b,base,damaged_q4,q2_structural_amplifier,forensic,560,0.8732,0.5321,0.9199,0.9839,0.0946,0.275,0.2089,0.0464,0.4297,none
9b,base,damaged_q4,q2_structural_amplifier,generalist,560,0.8643,0.4839,0.9157,0.9911,0.0893,0.2768,0.2446,0.0536,0.3795,none
9b,base,damaged_q4,q2_structural_amplifier,math,560,0.9018,0.5036,0.9259,0.9875,0.0696,0.2714,0.2839,0.0446,0.4034,none
9b,base,damaged_q4,q2_structural_amplifier,planning,560,0.8964,0.5036,0.9222,0.9893,0.075,0.3036,0.2161,0.0411,0.401,none
9b,base,damaged_q4,q2_structural_amplifier,rhetoric,560,0.9054,0.4982,0.9266,0.9875,0.0696,0.3018,0.2446,0.0393,0.3954,none
9b,base,damaged_q4,q2_structural_amplifier,spatial,560,0.8946,0.5321,0.9282,0.9929,0.0821,0.2732,0.1804,0.0464,0.4361,none
9b,base,damaged_q4,routed_tri_structural_60,adversarial,560,0.9089,0.6911,0.946,0.9875,0.0732,0.0464,0.2161,0.0732,0.6389,none
9b,base,damaged_q4,routed_tri_structural_60,boundary,560,0.9071,0.6857,0.9489,0.9964,0.0786,0.0411,0.2321,0.0482,0.6329,none
9b,base,damaged_q4,routed_tri_structural_60,coding,560,0.9286,0.7232,0.9577,0.9982,0.0571,0.0554,0.2089,0.0446,0.6761,none
9b,base,damaged_q4,routed_tri_structural_60,epistemic,560,0.925,0.6839,0.9534,0.9911,0.0536,0.0357,0.2446,0.0446,0.6389,none
9b,base,damaged_q4,routed_tri_structural_60,forensic,560,0.9357,0.7554,0.9615,0.9929,0.05,0.0357,0.1893,0.0375,0.7162,none
9b,base,damaged_q4,routed_tri_structural_60,generalist,560,0.9214,0.7161,0.9567,0.9911,0.0571,0.0554,0.1946,0.0393,0.6703,none
9b,base,damaged_q4,routed_tri_structural_60,math,560,0.9214,0.6875,0.9514,0.9911,0.0589,0.0375,0.2589,0.0571,0.6388,none
9b,base,damaged_q4,routed_tri_structural_60,planning,560,0.9357,0.7375,0.9555,0.9786,0.0482,0.0357,0.1893,0.0482,0.6983,none
9b,base,damaged_q4,routed_tri_structural_60,rhetoric,560,0.9054,0.675,0.9443,0.9911,0.075,0.0482,0.2393,0.0696,0.6202,none
9b,base,damaged_q4,routed_tri_structural_60,spatial,560,0.9321,0.7286,0.9566,0.9839,0.0482,0.0321,0.2,0.0482,0.6893,none
9b,base,damaged_q4,routed_tri_structural_65,adversarial,560,0.9036,0.7179,0.9487,0.9911,0.075,0.0375,0.2018,0.0625,0.6686,none
9b,base,damaged_q4,routed_tri_structural_65,boundary,560,0.8982,0.6946,0.9407,0.9768,0.0893,0.0482,0.2196,0.0571,0.6378,none
9b,base,damaged_q4,routed_tri_structural_65,coding,560,0.9161,0.7179,0.9525,0.9946,0.0714,0.0518,0.1929,0.05,0.6681,none
9b,base,damaged_q4,routed_tri_structural_65,epistemic,560,0.9161,0.6946,0.9533,0.9857,0.0714,0.0429,0.2268,0.0214,0.6454,none
9b,base,damaged_q4,routed_tri_structural_65,forensic,560,0.9321,0.7357,0.9594,0.9946,0.0536,0.0446,0.1911,0.0464,0.6931,none
9b,base,damaged_q4,routed_tri_structural_65,generalist,560,0.9179,0.7054,0.957,0.9964,0.0571,0.0607,0.2089,0.0393,0.6574,none
9b,base,damaged_q4,routed_tri_structural_65,math,560,0.9482,0.7268,0.9613,0.9946,0.0464,0.0375,0.2179,0.0446,0.6857,none
9b,base,damaged_q4,routed_tri_structural_65,planning,560,0.925,0.7321,0.9566,0.9946,0.0589,0.0357,0.1893,0.0446,0.6899,none
9b,base,damaged_q4,routed_tri_structural_65,rhetoric,560,0.9357,0.7286,0.9592,0.9893,0.0446,0.0339,0.2232,0.0446,0.6883,none
9b,base,damaged_q4,routed_tri_structural_65,spatial,560,0.9054,0.7429,0.9509,0.9911,0.0643,0.0321,0.1893,0.0643,0.6988,none
9b,base,damaged_q4,stability_first_tri_70,adversarial,560,0.9286,0.7411,0.9521,0.9893,0.0625,0.0339,0.2071,0.0661,0.6957,none
9b,base,damaged_q4,stability_first_tri_70,boundary,560,0.9125,0.6732,0.9446,0.9875,0.0821,0.0518,0.2411,0.0518,0.6163,none
9b,base,damaged_q4,stability_first_tri_70,coding,560,0.9375,0.75,0.9582,0.9821,0.0411,0.0411,0.1804,0.0607,0.712,none
9b,base,damaged_q4,stability_first_tri_70,epistemic,560,0.9107,0.7107,0.9525,0.9875,0.0679,0.0232,0.2071,0.0393,0.6672,none
9b,base,damaged_q4,stability_first_tri_70,forensic,560,0.9232,0.7,0.9537,0.9946,0.0679,0.0357,0.2464,0.0339,0.6511,none
9b,base,damaged_q4,stability_first_tri_70,generalist,560,0.9196,0.7232,0.9544,0.9839,0.0518,0.0589,0.1964,0.05,0.6777,none
9b,base,damaged_q4,stability_first_tri_70,math,560,0.9107,0.6875,0.9481,0.9893,0.0607,0.0375,0.2536,0.0661,0.6382,none
9b,base,damaged_q4,stability_first_tri_70,planning,560,0.925,0.725,0.9571,0.9946,0.0679,0.0518,0.1786,0.0357,0.6782,none
9b,base,damaged_q4,stability_first_tri_70,rhetoric,560,0.9482,0.7357,0.9632,0.9982,0.0464,0.0357,0.2161,0.0357,0.6956,none
9b,base,damaged_q4,stability_first_tri_70,spatial,560,0.9411,0.7714,0.9593,0.9893,0.0482,0.0304,0.1732,0.0571,0.7342,none
9b,base,healthy_q6,cognitive_structural_25_75,adversarial,560,0.9304,0.7857,0.9584,0.9857,0.0536,0.0143,0.1643,0.0571,0.7508,none
9b,base,healthy_q6,cognitive_structural_25_75,boundary,560,0.9268,0.7429,0.9596,0.9964,0.0518,0.0304,0.1768,0.0536,0.7044,none
9b,base,healthy_q6,cognitive_structural_25_75,coding,560,0.9429,0.7804,0.9654,0.9982,0.0304,0.0321,0.1536,0.0679,0.7491,none
9b,base,healthy_q6,cognitive_structural_25_75,epistemic,560,0.9286,0.7643,0.9591,0.9982,0.0446,0.0071,0.1982,0.0589,0.7307,none
9b,base,healthy_q6,cognitive_structural_25_75,forensic,560,0.95,0.7929,0.9656,0.9857,0.0429,0.0196,0.1464,0.0357,0.7626,none
9b,base,healthy_q6,cognitive_structural_25_75,generalist,560,0.9161,0.7607,0.9583,0.9857,0.0464,0.0321,0.1625,0.0536,0.7247,none
9b,base,healthy_q6,cognitive_structural_25_75,math,560,0.9464,0.7571,0.9615,0.9875,0.0393,0.0161,0.2125,0.0482,0.7227,none
9b,base,healthy_q6,cognitive_structural_25_75,planning,560,0.9554,0.8286,0.9698,0.9839,0.0304,0.0286,0.1232,0.0357,0.8021,none
9b,base,healthy_q6,cognitive_structural_25_75,rhetoric,560,0.9571,0.7893,0.9661,0.9893,0.0321,0.0071,0.1893,0.0429,0.7609,none
9b,base,healthy_q6,cognitive_structural_25_75,spatial,560,0.9429,0.8018,0.963,0.9893,0.0429,0.0125,0.1607,0.0464,0.7712,none
9b,base,healthy_q6,cyber_structural_25_75,adversarial,560,0.9375,0.7536,0.9616,0.9929,0.0554,0.0411,0.1768,0.0393,0.7126,none
9b,base,healthy_q6,cyber_structural_25_75,boundary,560,0.925,0.7411,0.9561,0.9875,0.0571,0.0393,0.1839,0.05,0.6989,none
9b,base,healthy_q6,cyber_structural_25_75,coding,560,0.95,0.8071,0.9686,0.9875,0.0357,0.0429,0.1268,0.0411,0.7757,none
9b,base,healthy_q6,cyber_structural_25_75,epistemic,560,0.9446,0.7911,0.967,0.9929,0.0339,0.0179,0.1643,0.0411,0.7621,none
9b,base,healthy_q6,cyber_structural_25_75,forensic,560,0.9446,0.7482,0.9629,0.9911,0.0429,0.0321,0.1929,0.0375,0.7116,none
9b,base,healthy_q6,cyber_structural_25_75,generalist,560,0.9339,0.7679,0.9638,0.9839,0.0446,0.0429,0.1536,0.0321,0.732,none
9b,base,healthy_q6,cyber_structural_25_75,math,560,0.9393,0.75,0.9618,0.9964,0.0482,0.0375,0.1839,0.0482,0.7109,none
9b,base,healthy_q6,cyber_structural_25_75,planning,560,0.9518,0.8089,0.97,0.9964,0.0464,0.0304,0.1286,0.025,0.7774,none
9b,base,healthy_q6,cyber_structural_25_75,rhetoric,560,0.9393,0.8,0.964,0.9911,0.0482,0.0232,0.1321,0.05,0.7678,none
9b,base,healthy_q6,cyber_structural_25_75,spatial,560,0.9482,0.8339,0.968,0.9964,0.0429,0.0196,0.1071,0.0518,0.806,none
9b,base,healthy_q6,q2_structural_amplifier,adversarial,560,0.925,0.5232,0.9313,0.9875,0.0375,0.3286,0.2161,0.0482,0.4266,none
9b,base,healthy_q6,q2_structural_amplifier,boundary,560,0.9214,0.5214,0.9279,0.9911,0.05,0.3214,0.2143,0.0571,0.4221,none
9b,base,healthy_q6,q2_structural_amplifier,coding,560,0.9232,0.5625,0.9346,0.9875,0.0518,0.2857,0.1661,0.0429,0.4744,none
9b,base,healthy_q6,q2_structural_amplifier,epistemic,560,0.9161,0.5607,0.9357,0.9875,0.0411,0.2554,0.2232,0.0536,0.4768,none
9b,base,healthy_q6,q2_structural_amplifier,forensic,560,0.8982,0.5464,0.9288,0.9893,0.0625,0.2946,0.1786,0.0554,0.4517,none
9b,base,healthy_q6,q2_structural_amplifier,generalist,560,0.9232,0.5321,0.9325,0.9893,0.0464,0.3018,0.2036,0.0357,0.4398,none
9b,base,healthy_q6,q2_structural_amplifier,math,560,0.9268,0.5518,0.9331,0.9804,0.0554,0.2732,0.2232,0.0429,0.4605,none
9b,base,healthy_q6,q2_structural_amplifier,planning,560,0.9304,0.5607,0.9344,0.9839,0.0482,0.2536,0.2036,0.0464,0.4769,none
9b,base,healthy_q6,q2_structural_amplifier,rhetoric,560,0.9214,0.5268,0.9344,0.9929,0.0554,0.2607,0.2536,0.0411,0.4357,none
9b,base,healthy_q6,q2_structural_amplifier,spatial,560,0.925,0.5589,0.9365,0.9929,0.0625,0.2679,0.1875,0.0393,0.4696,none
9b,base,healthy_q6,routed_tri_structural_60,adversarial,560,0.9411,0.7643,0.9607,0.9893,0.0375,0.0607,0.1482,0.0732,0.7254,none
9b,base,healthy_q6,routed_tri_structural_60,boundary,560,0.95,0.7429,0.962,0.9893,0.0321,0.0554,0.1964,0.0589,0.7035,none
9b,base,healthy_q6,routed_tri_structural_60,coding,560,0.9464,0.7911,0.9673,0.9964,0.0393,0.0482,0.1339,0.0464,0.7566,none
9b,base,healthy_q6,routed_tri_structural_60,epistemic,560,0.9196,0.7821,0.961,0.9875,0.0482,0.0357,0.1393,0.05,0.7469,none
9b,base,healthy_q6,routed_tri_structural_60,forensic,560,0.9571,0.7964,0.9705,0.9893,0.0375,0.0375,0.1411,0.0286,0.765,none
9b,base,healthy_q6,routed_tri_structural_60,generalist,560,0.9339,0.7589,0.9629,0.9893,0.0339,0.0268,0.175,0.0536,0.7267,none
9b,base,healthy_q6,routed_tri_structural_60,math,560,0.9464,0.7643,0.9639,0.9964,0.0375,0.0482,0.1875,0.0554,0.7256,none
9b,base,healthy_q6,routed_tri_structural_60,planning,560,0.9554,0.7732,0.9651,0.9893,0.0321,0.0464,0.1643,0.05,0.7386,none
9b,base,healthy_q6,routed_tri_structural_60,rhetoric,560,0.9482,0.7589,0.9651,0.9875,0.0321,0.0482,0.1696,0.05,0.7236,none
9b,base,healthy_q6,routed_tri_structural_60,spatial,560,0.9554,0.7982,0.9666,0.9946,0.0375,0.0518,0.1286,0.0589,0.7634,none
9b,base,healthy_q6,routed_tri_structural_65,adversarial,560,0.9357,0.7839,0.9582,0.9804,0.0518,0.05,0.1393,0.0607,0.7442,none
9b,base,healthy_q6,routed_tri_structural_65,boundary,560,0.9411,0.7464,0.9644,0.9946,0.0464,0.0875,0.1429,0.0482,0.7012,none
9b,base,healthy_q6,routed_tri_structural_65,coding,560,0.9429,0.775,0.9661,0.9929,0.0446,0.0518,0.1375,0.0411,0.7382,none
9b,base,healthy_q6,routed_tri_structural_65,epistemic,560,0.9214,0.7571,0.9608,0.9839,0.0446,0.0518,0.1554,0.0464,0.7186,none
9b,base,healthy_q6,routed_tri_structural_65,forensic,560,0.9411,0.7714,0.9624,0.9875,0.0482,0.0429,0.1554,0.0411,0.7339,none
9b,base,healthy_q6,routed_tri_structural_65,generalist,560,0.9393,0.7589,0.9647,0.9804,0.0357,0.0625,0.1554,0.0375,0.7214,none
9b,base,healthy_q6,routed_tri_structural_65,math,560,0.9536,0.7375,0.966,0.9929,0.0286,0.0393,0.2196,0.0429,0.7014,none
9b,base,healthy_q6,routed_tri_structural_65,planning,560,0.9482,0.7964,0.9646,0.9857,0.0446,0.0429,0.1232,0.0429,0.7625,none
9b,base,healthy_q6,routed_tri_structural_65,rhetoric,560,0.9339,0.7804,0.9626,0.9857,0.0518,0.0321,0.1536,0.0375,0.7442,none
9b,base,healthy_q6,routed_tri_structural_65,spatial,560,0.9482,0.7911,0.9657,0.9911,0.0411,0.05,0.1286,0.0518,0.7559,none
9b,base,healthy_q6,stability_first_tri_70,adversarial,560,0.9554,0.7946,0.967,0.9911,0.0357,0.0464,0.1446,0.0518,0.7605,none
9b,base,healthy_q6,stability_first_tri_70,boundary,560,0.9482,0.7643,0.9651,0.9929,0.0268,0.0464,0.1643,0.0661,0.7305,none
9b,base,healthy_q6,stability_first_tri_70,coding,560,0.9661,0.7929,0.9728,0.9911,0.0214,0.0679,0.1161,0.0464,0.7612,none
9b,base,healthy_q6,stability_first_tri_70,epistemic,560,0.9321,0.7875,0.9646,0.9946,0.0375,0.0179,0.1696,0.0464,0.7568,none
9b,base,healthy_q6,stability_first_tri_70,forensic,560,0.95,0.8054,0.968,0.9929,0.0375,0.0321,0.1393,0.0411,0.7745,none
9b,base,healthy_q6,stability_first_tri_70,generalist,560,0.95,0.7964,0.9693,0.9929,0.0268,0.0464,0.1268,0.0518,0.7664,none
9b,base,healthy_q6,stability_first_tri_70,math,560,0.9571,0.7357,0.9653,0.9893,0.0232,0.0429,0.2286,0.0482,0.6995,none
9b,base,healthy_q6,stability_first_tri_70,planning,560,0.9357,0.7804,0.9598,0.9946,0.0518,0.025,0.1518,0.0554,0.7449,none
9b,base,healthy_q6,stability_first_tri_70,rhetoric,560,0.9232,0.7768,0.9589,0.9893,0.0518,0.0304,0.15,0.0607,0.7401,none
9b,base,healthy_q6,stability_first_tri_70,spatial,560,0.9411,0.7857,0.9659,0.9946,0.0446,0.0393,0.1482,0.0446,0.7504,none
9b,base,healthy_q8,cognitive_structural_25_75,adversarial,560,0.9679,0.8518,0.9712,0.9964,0.0268,0.0054,0.125,0.0625,0.8296,none
9b,base,healthy_q8,cognitive_structural_25_75,boundary,560,0.9589,0.8089,0.9651,0.9857,0.0232,0.0357,0.1375,0.0768,0.78,none
9b,base,healthy_q8,cognitive_structural_25_75,coding,560,0.9625,0.8429,0.9709,0.9964,0.0232,0.025,0.1071,0.0661,0.819,none
9b,base,healthy_q8,cognitive_structural_25_75,epistemic,560,0.9518,0.8321,0.9734,0.9946,0.0214,0.0071,0.1321,0.0411,0.8117,none
9b,base,healthy_q8,cognitive_structural_25_75,forensic,560,0.9625,0.8411,0.9717,0.9982,0.0339,0.0179,0.1125,0.0482,0.8159,none
9b,base,healthy_q8,cognitive_structural_25_75,generalist,560,0.9714,0.825,0.9741,0.9839,0.0143,0.0143,0.1411,0.0357,0.8048,none
9b,base,healthy_q8,cognitive_structural_25_75,math,560,0.9589,0.7964,0.9681,0.9929,0.0321,0.0196,0.1571,0.05,0.7678,none
9b,base,healthy_q8,cognitive_structural_25_75,planning,560,0.9643,0.8304,0.9723,0.9964,0.0196,0.0125,0.1393,0.05,0.8083,none
9b,base,healthy_q8,cognitive_structural_25_75,rhetoric,560,0.9286,0.8054,0.963,0.9911,0.0429,0.0179,0.1304,0.0607,0.7755,none
9b,base,healthy_q8,cognitive_structural_25_75,spatial,560,0.9696,0.8464,0.9773,0.9911,0.0196,0.025,0.1161,0.0286,0.8248,none
9b,base,healthy_q8,cyber_structural_25_75,adversarial,560,0.9536,0.85,0.9698,0.9929,0.0286,0.0232,0.1071,0.0679,0.8248,none
9b,base,healthy_q8,cyber_structural_25_75,boundary,560,0.9429,0.7857,0.9624,0.9893,0.0304,0.0339,0.1464,0.0768,0.7543,none
9b,base,healthy_q8,cyber_structural_25_75,coding,560,0.9732,0.8393,0.9766,0.9946,0.0161,0.0482,0.1071,0.0482,0.8138,none
9b,base,healthy_q8,cyber_structural_25_75,epistemic,560,0.9464,0.7893,0.966,0.9857,0.0339,0.0214,0.1589,0.0375,0.7602,none
9b,base,healthy_q8,cyber_structural_25_75,forensic,560,0.9518,0.8286,0.9709,0.9929,0.0286,0.0339,0.1054,0.0464,0.8025,none
9b,base,healthy_q8,cyber_structural_25_75,generalist,560,0.9536,0.8054,0.9696,0.9804,0.0214,0.0393,0.1232,0.0446,0.779,none
9b,base,healthy_q8,cyber_structural_25_75,math,560,0.9518,0.7929,0.9669,0.9893,0.0286,0.0357,0.1607,0.0571,0.7614,none
9b,base,healthy_q8,cyber_structural_25_75,planning,560,0.9589,0.8518,0.9729,0.9929,0.0268,0.0161,0.1071,0.0429,0.8298,none
9b,base,healthy_q8,cyber_structural_25_75,rhetoric,560,0.9625,0.7964,0.9685,0.9929,0.0286,0.0357,0.1554,0.0518,0.7657,none
9b,base,healthy_q8,cyber_structural_25_75,spatial,560,0.9625,0.8143,0.9685,0.9893,0.0232,0.0411,0.1232,0.0607,0.7862,none
9b,base,healthy_q8,q2_structural_amplifier,adversarial,560,0.9089,0.5482,0.9277,0.9893,0.0518,0.3054,0.2089,0.0589,0.4519,none
9b,base,healthy_q8,q2_structural_amplifier,boundary,560,0.8982,0.5643,0.9256,0.9875,0.0732,0.2964,0.1571,0.0536,0.4678,none
9b,base,healthy_q8,q2_structural_amplifier,coding,560,0.9268,0.5607,0.9354,0.9875,0.0464,0.3125,0.1268,0.0536,0.4715,none
9b,base,healthy_q8,q2_structural_amplifier,epistemic,560,0.9161,0.5607,0.9363,0.9929,0.0518,0.2696,0.2054,0.0411,0.4728,none
9b,base,healthy_q8,q2_structural_amplifier,forensic,560,0.9304,0.5786,0.9399,0.9929,0.0518,0.2696,0.175,0.0375,0.4932,none
9b,base,healthy_q8,q2_structural_amplifier,generalist,560,0.9179,0.5161,0.9322,0.9893,0.0464,0.3143,0.1929,0.0393,0.4219,none
9b,base,healthy_q8,q2_structural_amplifier,math,560,0.9411,0.5446,0.9401,0.9929,0.0411,0.2625,0.2375,0.0429,0.4587,none
9b,base,healthy_q8,q2_structural_amplifier,planning,560,0.9214,0.5786,0.9352,0.9946,0.0589,0.275,0.1357,0.0464,0.4927,none
9b,base,healthy_q8,q2_structural_amplifier,rhetoric,560,0.9286,0.5643,0.9381,0.9857,0.0554,0.2589,0.2071,0.0321,0.4777,none
9b,base,healthy_q8,q2_structural_amplifier,spatial,560,0.9196,0.575,0.9399,0.9964,0.0571,0.2661,0.1518,0.0446,0.4903,none
9b,base,healthy_q8,routed_tri_structural_60,adversarial,560,0.9589,0.8107,0.9701,0.9893,0.0286,0.0536,0.1196,0.05,0.7794,none
9b,base,healthy_q8,routed_tri_structural_60,boundary,560,0.9518,0.7804,0.9675,0.9946,0.0375,0.0732,0.1304,0.0536,0.7414,none
9b,base,healthy_q8,routed_tri_structural_60,coding,560,0.9679,0.7804,0.972,0.9839,0.0179,0.0571,0.1446,0.0393,0.75,none
9b,base,healthy_q8,routed_tri_structural_60,epistemic,560,0.9536,0.7964,0.9696,0.9857,0.025,0.0357,0.1429,0.0393,0.7684,none
9b,base,healthy_q8,routed_tri_structural_60,forensic,560,0.9625,0.7982,0.9691,0.9893,0.0286,0.05,0.1232,0.0518,0.7672,none
9b,base,healthy_q8,routed_tri_structural_60,generalist,560,0.9446,0.7911,0.9694,0.9964,0.0304,0.0446,0.1357,0.0464,0.7599,none
9b,base,healthy_q8,routed_tri_structural_60,math,560,0.95,0.7714,0.9616,0.9786,0.0232,0.0286,0.2018,0.0643,0.7394,none
9b,base,healthy_q8,routed_tri_structural_60,planning,560,0.9571,0.8214,0.9707,0.9946,0.0339,0.0304,0.1214,0.0393,0.7935,none
9b,base,healthy_q8,routed_tri_structural_60,rhetoric,560,0.9554,0.775,0.9704,0.9964,0.0357,0.0357,0.1607,0.0321,0.7427,none
9b,base,healthy_q8,routed_tri_structural_60,spatial,560,0.9607,0.8232,0.9731,0.9875,0.0232,0.0375,0.1071,0.0411,0.7981,none
9b,base,healthy_q8,routed_tri_structural_65,adversarial,560,0.9589,0.8196,0.9697,0.9929,0.0286,0.0357,0.1232,0.0589,0.7911,none
9b,base,healthy_q8,routed_tri_structural_65,boundary,560,0.9518,0.7911,0.9678,0.9929,0.0357,0.0661,0.1196,0.0518,0.755,none
9b,base,healthy_q8,routed_tri_structural_65,coding,560,0.9643,0.8089,0.9729,0.9964,0.0268,0.0571,0.1143,0.0464,0.778,none
9b,base,healthy_q8,routed_tri_structural_65,epistemic,560,0.9554,0.7911,0.9689,0.9911,0.0286,0.025,0.1679,0.0375,0.7622,none
9b,base,healthy_q8,routed_tri_structural_65,forensic,560,0.9589,0.8143,0.9748,0.9929,0.0339,0.0464,0.1179,0.0232,0.7842,none
9b,base,healthy_q8,routed_tri_structural_65,generalist,560,0.9518,0.7768,0.9707,0.9964,0.0321,0.0554,0.1643,0.0286,0.7415,none
9b,base,healthy_q8,routed_tri_structural_65,math,560,0.9536,0.8,0.9646,0.9857,0.0304,0.0321,0.1571,0.0625,0.7688,none
9b,base,healthy_q8,routed_tri_structural_65,planning,560,0.9625,0.8268,0.9721,0.9929,0.0196,0.0464,0.1054,0.0536,0.8005,none
9b,base,healthy_q8,routed_tri_structural_65,rhetoric,560,0.9589,0.825,0.9712,0.9929,0.025,0.0214,0.1339,0.05,0.8,none
9b,base,healthy_q8,routed_tri_structural_65,spatial,560,0.9589,0.8,0.9674,0.9946,0.0268,0.0429,0.1268,0.0679,0.7699,none
9b,base,healthy_q8,stability_first_tri_70,adversarial,560,0.9393,0.8071,0.9661,0.9964,0.0446,0.0411,0.1071,0.0589,0.774,none
9b,base,healthy_q8,stability_first_tri_70,boundary,560,0.9589,0.825,0.9677,0.9786,0.0339,0.0536,0.0964,0.0518,0.7938,none
9b,base,healthy_q8,stability_first_tri_70,coding,560,0.9429,0.7982,0.9672,0.9875,0.0357,0.0446,0.1161,0.0482,0.7669,none
9b,base,healthy_q8,stability_first_tri_70,epistemic,560,0.9571,0.8,0.9696,0.9893,0.0232,0.0196,0.1589,0.0411,0.7743,none
9b,base,healthy_q8,stability_first_tri_70,forensic,560,0.9625,0.8411,0.9691,0.9839,0.0268,0.0321,0.1018,0.0554,0.8157,none
9b,base,healthy_q8,stability_first_tri_70,generalist,560,0.9554,0.775,0.9712,0.9946,0.0232,0.0518,0.1446,0.0411,0.7441,none
9b,base,healthy_q8,stability_first_tri_70,math,560,0.9643,0.7875,0.9702,0.9929,0.0196,0.0375,0.1696,0.0518,0.7579,none
9b,base,healthy_q8,stability_first_tri_70,planning,560,0.9661,0.8411,0.9689,0.9875,0.0232,0.0232,0.1107,0.0625,0.8175,none
9b,base,healthy_q8,stability_first_tri_70,rhetoric,560,0.9589,0.7839,0.9688,0.9911,0.0196,0.0554,0.1446,0.0643,0.7522,none
9b,base,healthy_q8,stability_first_tri_70,spatial,560,0.9661,0.8393,0.9744,0.9893,0.0214,0.0464,0.1,0.05,0.8131,none
9b,degraded_instruct,collapsed_q2_edge,cognitive_structural_25_75,adversarial,560,0.15,0.0929,0.4422,0.7464,0.3589,0.025,0.5661,2.1268,-0.1714,cascade
9b,degraded_instruct,collapsed_q2_edge,cognitive_structural_25_75,boundary,560,0.1661,0.1268,0.455,0.7232,0.3411,0.0232,0.5429,1.9696,-0.1221,cascade
9b,degraded_instruct,collapsed_q2_edge,cognitive_structural_25_75,coding,560,0.1357,0.1054,0.4214,0.6464,0.3143,0.0107,0.4036,2.0714,-0.1269,cascade
9b,degraded_instruct,collapsed_q2_edge,cognitive_structural_25_75,epistemic,560,0.1429,0.1125,0.4211,0.6679,0.3071,0.0125,0.5214,1.7732,-0.1125,cascade
9b,degraded_instruct,collapsed_q2_edge,cognitive_structural_25_75,forensic,560,0.1554,0.1214,0.4078,0.7,0.3339,0.0321,0.5268,2.0661,-0.1306,cascade
9b,degraded_instruct,collapsed_q2_edge,cognitive_structural_25_75,generalist,560,0.15,0.1071,0.4223,0.6589,0.3339,0.0411,0.4875,1.85,-0.1328,cascade
9b,degraded_instruct,collapsed_q2_edge,cognitive_structural_25_75,math,560,0.1446,0.1,0.3976,0.6125,0.3375,0.0089,0.4929,2.2446,-0.1547,cascade
9b,degraded_instruct,collapsed_q2_edge,cognitive_structural_25_75,planning,560,0.2071,0.1571,0.4552,0.6464,0.3125,0.025,0.4036,1.8375,-0.0658,cascade
9b,degraded_instruct,collapsed_q2_edge,cognitive_structural_25_75,rhetoric,560,0.1036,0.0732,0.3846,0.6214,0.3429,0.0143,0.4982,2.1786,-0.1813,cascade
9b,degraded_instruct,collapsed_q2_edge,cognitive_structural_25_75,spatial,560,0.1964,0.1411,0.4499,0.6732,0.3036,0.0339,0.425,1.8982,-0.0857,cascade
9b,degraded_instruct,collapsed_q2_edge,cyber_structural_25_75,adversarial,560,0.3179,0.2268,0.5914,0.9018,0.2875,0.0446,0.4875,1.5286,0.0162,cascade
9b,degraded_instruct,collapsed_q2_edge,cyber_structural_25_75,boundary,560,0.3339,0.2143,0.5997,0.9,0.3,0.0625,0.5786,1.3946,-0.0042,cascade
9b,degraded_instruct,collapsed_q2_edge,cyber_structural_25_75,coding,560,0.1661,0.1321,0.4196,0.5839,0.3268,0.0375,0.3893,1.9839,-0.1037,cascade
9b,degraded_instruct,collapsed_q2_edge,cyber_structural_25_75,epistemic,560,0.1464,0.1196,0.3955,0.6,0.3518,0.025,0.4643,1.7929,-0.1177,cascade
9b,degraded_instruct,collapsed_q2_edge,cyber_structural_25_75,forensic,560,0.1929,0.1446,0.4769,0.8768,0.3357,0.0196,0.45,1.8196,-0.087,cascade
9b,degraded_instruct,collapsed_q2_edge,cyber_structural_25_75,generalist,560,0.1268,0.0875,0.3846,0.5321,0.3161,0.0393,0.5482,1.9357,-0.1558,cascade
9b,degraded_instruct,collapsed_q2_edge,cyber_structural_25_75,math,560,0.1661,0.1304,0.4206,0.6018,0.2946,0.0268,0.4893,2.1661,-0.1108,cascade
9b,degraded_instruct,collapsed_q2_edge,cyber_structural_25_75,planning,560,0.2304,0.1857,0.4544,0.5911,0.3036,0.0286,0.3768,1.75,-0.0287,cascade
9b,degraded_instruct,collapsed_q2_edge,cyber_structural_25_75,rhetoric,560,0.1268,0.0946,0.3632,0.5429,0.3446,0.0446,0.4786,2.1946,-0.1657,cascade
9b,degraded_instruct,collapsed_q2_edge,cyber_structural_25_75,spatial,560,0.1446,0.1089,0.3973,0.6036,0.3036,0.0179,0.3982,2.0911,-0.1221,cascade
9b,degraded_instruct,collapsed_q2_edge,q2_structural_amplifier,adversarial,560,0.7482,0.3536,0.8625,0.9839,0.1893,0.2911,0.5107,0.0679,0.1943,none
9b,degraded_instruct,collapsed_q2_edge,q2_structural_amplifier,boundary,560,0.8107,0.3554,0.8736,0.9911,0.1607,0.3,0.5071,0.0625,0.2034,none
9b,degraded_instruct,collapsed_q2_edge,q2_structural_amplifier,coding,560,0.6357,0.3125,0.7727,0.7911,0.1607,0.3054,0.3946,0.3946,0.1519,none
9b,degraded_instruct,collapsed_q2_edge,q2_structural_amplifier,epistemic,560,0.6268,0.3214,0.7885,0.8107,0.1661,0.2982,0.4554,0.2929,0.1609,none
9b,degraded_instruct,collapsed_q2_edge,q2_structural_amplifier,forensic,560,0.6821,0.3321,0.827,0.9929,0.1804,0.2786,0.4821,0.3107,0.1682,none
9b,degraded_instruct,collapsed_q2_edge,q2_structural_amplifier,generalist,560,0.5607,0.2732,0.7409,0.7393,0.1839,0.3107,0.5196,0.3804,0.0953,none
9b,degraded_instruct,collapsed_q2_edge,q2_structural_amplifier,math,560,0.5554,0.2554,0.7308,0.7411,0.1411,0.2821,0.5321,0.6321,0.0824,none
9b,degraded_instruct,collapsed_q2_edge,q2_structural_amplifier,planning,560,0.6661,0.3571,0.7879,0.7893,0.1357,0.3125,0.3661,0.3518,0.2071,none
9b,degraded_instruct,collapsed_q2_edge,q2_structural_amplifier,rhetoric,560,0.5518,0.3143,0.7289,0.7536,0.175,0.2696,0.4946,0.5589,0.1403,none
9b,degraded_instruct,collapsed_q2_edge,q2_structural_amplifier,spatial,560,0.6071,0.3214,0.7643,0.7732,0.1518,0.3036,0.4286,0.45,0.1584,none
9b,degraded_instruct,collapsed_q2_edge,routed_tri_structural_60,adversarial,560,0.3768,0.2536,0.6325,0.9268,0.2643,0.05,0.5,1.3661,0.056,cascade
9b,degraded_instruct,collapsed_q2_edge,routed_tri_structural_60,boundary,560,0.4036,0.2232,0.6551,0.9179,0.2625,0.0786,0.5589,1.1607,0.026,cascade
9b,degraded_instruct,collapsed_q2_edge,routed_tri_structural_60,coding,560,0.2339,0.1696,0.5079,0.6911,0.2929,0.0643,0.4,1.6232,-0.0442,cascade
9b,degraded_instruct,collapsed_q2_edge,routed_tri_structural_60,epistemic,560,0.2268,0.1589,0.5245,0.7286,0.2339,0.0411,0.4982,1.425,-0.0306,cascade
9b,degraded_instruct,collapsed_q2_edge,routed_tri_structural_60,forensic,560,0.2804,0.2161,0.5543,0.8929,0.2982,0.0429,0.4589,1.5036,0.0061,cascade
9b,degraded_instruct,collapsed_q2_edge,routed_tri_structural_60,generalist,560,0.2411,0.1732,0.5201,0.6982,0.2679,0.0464,0.4589,1.4732,-0.0268,cascade
9b,degraded_instruct,collapsed_q2_edge,routed_tri_structural_60,math,560,0.1964,0.1411,0.4715,0.6643,0.2821,0.0536,0.5125,1.8929,-0.0899,cascade
9b,degraded_instruct,collapsed_q2_edge,routed_tri_structural_60,planning,560,0.3107,0.2321,0.5407,0.6839,0.2679,0.0393,0.4304,1.4607,0.0365,cascade
9b,degraded_instruct,collapsed_q2_edge,routed_tri_structural_60,rhetoric,560,0.1982,0.1393,0.4748,0.6839,0.3089,0.0393,0.5107,1.7429,-0.0892,cascade
9b,degraded_instruct,collapsed_q2_edge,routed_tri_structural_60,spatial,560,0.2571,0.1786,0.5041,0.6964,0.25,0.0429,0.3804,1.6768,-0.0193,cascade
9b,degraded_instruct,collapsed_q2_edge,routed_tri_structural_65,adversarial,560,0.4071,0.2607,0.6729,0.9446,0.2607,0.0446,0.5107,1.1536,0.075,none
9b,degraded_instruct,collapsed_q2_edge,routed_tri_structural_65,boundary,560,0.4357,0.2821,0.6716,0.9125,0.2714,0.0625,0.5464,1.0357,0.0927,none
9b,degraded_instruct,collapsed_q2_edge,routed_tri_structural_65,coding,560,0.2571,0.1839,0.5398,0.7321,0.2839,0.05,0.4054,1.5393,-0.0206,cascade
9b,degraded_instruct,collapsed_q2_edge,routed_tri_structural_65,epistemic,560,0.2482,0.1643,0.5292,0.6946,0.2571,0.0304,0.4893,1.3554,-0.0258,cascade
9b,degraded_instruct,collapsed_q2_edge,routed_tri_structural_65,forensic,560,0.3036,0.2214,0.5766,0.8696,0.2554,0.0607,0.4875,1.4429,0.0215,cascade
9b,degraded_instruct,collapsed_q2_edge,routed_tri_structural_65,generalist,560,0.2321,0.1714,0.5154,0.6554,0.2839,0.0518,0.4768,1.3911,-0.0318,cascade
9b,degraded_instruct,collapsed_q2_edge,routed_tri_structural_65,math,560,0.2321,0.1661,0.5039,0.6679,0.2732,0.0536,0.4964,1.7696,-0.0548,cascade
9b,degraded_instruct,collapsed_q2_edge,routed_tri_structural_65,planning,560,0.3214,0.2429,0.5675,0.6768,0.2464,0.0661,0.3982,1.3393,0.0569,cascade
9b,degraded_instruct,collapsed_q2_edge,routed_tri_structural_65,rhetoric,560,0.2089,0.1518,0.4782,0.6357,0.2893,0.0446,0.4768,1.7125,-0.0677,cascade
9b,degraded_instruct,collapsed_q2_edge,routed_tri_structural_65,spatial,560,0.2643,0.2054,0.5279,0.6857,0.2518,0.0464,0.4018,1.5268,0.0121,cascade
9b,degraded_instruct,collapsed_q2_edge,stability_first_tri_70,adversarial,560,0.4554,0.3036,0.6857,0.9054,0.2554,0.0429,0.5214,1.0375,0.1248,none
9b,degraded_instruct,collapsed_q2_edge,stability_first_tri_70,boundary,560,0.4768,0.325,0.6981,0.9286,0.2536,0.0536,0.55,0.9446,0.147,none
9b,degraded_instruct,collapsed_q2_edge,stability_first_tri_70,coding,560,0.3089,0.2143,0.5731,0.7036,0.2375,0.0536,0.4071,1.3821,0.0306,cascade
9b,degraded_instruct,collapsed_q2_edge,stability_first_tri_70,epistemic,560,0.3107,0.2143,0.5716,0.7268,0.2393,0.0339,0.4196,1.2179,0.0412,cascade
9b,degraded_instruct,collapsed_q2_edge,stability_first_tri_70,forensic,560,0.3607,0.2661,0.6103,0.9018,0.2536,0.0393,0.4625,1.3089,0.0797,none
9b,degraded_instruct,collapsed_q2_edge,stability_first_tri_70,generalist,560,0.2732,0.2,0.5643,0.6821,0.2768,0.0446,0.4607,1.2143,0.0105,cascade
9b,degraded_instruct,collapsed_q2_edge,stability_first_tri_70,math,560,0.2821,0.2,0.5306,0.675,0.2429,0.025,0.4232,1.6857,0.004,cascade
9b,degraded_instruct,collapsed_q2_edge,stability_first_tri_70,planning,560,0.375,0.2911,0.5996,0.7089,0.2196,0.0411,0.3946,1.2679,0.122,none
9b,degraded_instruct,collapsed_q2_edge,stability_first_tri_70,rhetoric,560,0.2554,0.1732,0.5088,0.65,0.2625,0.0607,0.5393,1.5929,-0.0405,cascade
9b,degraded_instruct,collapsed_q2_edge,stability_first_tri_70,spatial,560,0.3679,0.275,0.5727,0.7107,0.2411,0.0607,0.3482,1.3625,0.0946,none
9b,degraded_instruct,damaged_q2,cognitive_structural_25_75,adversarial,560,0.5125,0.3571,0.7312,0.9321,0.1821,0.0268,0.4339,0.9554,0.2147,none
9b,degraded_instruct,damaged_q2,cognitive_structural_25_75,boundary,560,0.4893,0.3196,0.6981,0.9,0.2393,0.0393,0.5214,0.9607,0.1502,none
9b,degraded_instruct,damaged_q2,cognitive_structural_25_75,coding,560,0.4054,0.2982,0.6637,0.7839,0.1911,0.0375,0.3893,1.0411,0.1502,none
9b,degraded_instruct,damaged_q2,cognitive_structural_25_75,epistemic,560,0.4054,0.2875,0.66,0.8196,0.2071,0.0089,0.4571,0.9304,0.1405,none
9b,degraded_instruct,damaged_q2,cognitive_structural_25_75,forensic,560,0.4571,0.3304,0.6769,0.8929,0.1893,0.0339,0.4268,1.0696,0.1792,none
9b,degraded_instruct,damaged_q2,cognitive_structural_25_75,generalist,560,0.3786,0.2804,0.657,0.7732,0.2,0.0321,0.4357,0.9589,0.1311,none
9b,degraded_instruct,damaged_q2,cognitive_structural_25_75,math,560,0.4232,0.3304,0.6674,0.7857,0.1821,0.0268,0.4393,1.1196,0.1792,none
9b,degraded_instruct,damaged_q2,cognitive_structural_25_75,planning,560,0.5107,0.375,0.6982,0.8286,0.1768,0.0268,0.3446,0.9429,0.2419,none
9b,degraded_instruct,damaged_q2,cognitive_structural_25_75,rhetoric,560,0.3625,0.2643,0.6216,0.7786,0.2375,0.0321,0.4143,1.2054,0.0932,none
9b,degraded_instruct,damaged_q2,cognitive_structural_25_75,spatial,560,0.4661,0.3589,0.6697,0.8018,0.175,0.0232,0.3464,1.0625,0.2209,none
9b,degraded_instruct,damaged_q2,cyber_structural_25_75,adversarial,560,0.6821,0.425,0.8278,0.9839,0.1696,0.0357,0.4464,0.4911,0.3067,none
9b,degraded_instruct,damaged_q2,cyber_structural_25_75,boundary,560,0.7268,0.475,0.8453,0.9839,0.1714,0.0429,0.4196,0.3893,0.362,none
9b,degraded_instruct,damaged_q2,cyber_structural_25_75,coding,560,0.4089,0.3161,0.6459,0.7661,0.2179,0.0214,0.3357,1.0982,0.1647,none
9b,degraded_instruct,damaged_q2,cyber_structural_25_75,epistemic,560,0.3804,0.2786,0.6453,0.75,0.2268,0.0196,0.4071,0.9143,0.1283,none
9b,degraded_instruct,damaged_q2,cyber_structural_25_75,forensic,560,0.5054,0.3786,0.717,0.9625,0.1964,0.05,0.3536,0.9482,0.2339,none
9b,degraded_instruct,damaged_q2,cyber_structural_25_75,generalist,560,0.3946,0.2804,0.648,0.725,0.1911,0.0464,0.4054,0.9732,0.1327,none
9b,degraded_instruct,damaged_q2,cyber_structural_25_75,math,560,0.3554,0.2911,0.6259,0.7214,0.1679,0.0393,0.3482,1.3321,0.1384,none
9b,degraded_instruct,damaged_q2,cyber_structural_25_75,planning,560,0.4786,0.3554,0.6727,0.7464,0.1786,0.0304,0.3357,0.9875,0.2195,none
9b,degraded_instruct,damaged_q2,cyber_structural_25_75,rhetoric,560,0.3446,0.2554,0.6046,0.7125,0.2054,0.0339,0.4536,1.2339,0.089,none
9b,degraded_instruct,damaged_q2,cyber_structural_25_75,spatial,560,0.4179,0.3036,0.6337,0.7179,0.1875,0.0411,0.2964,1.1464,0.1581,none
9b,degraded_instruct,damaged_q2,q2_structural_amplifier,adversarial,560,0.8286,0.4232,0.8924,0.9857,0.1196,0.2821,0.4268,0.0643,0.2935,none
9b,degraded_instruct,damaged_q2,q2_structural_amplifier,boundary,560,0.8411,0.3643,0.8879,0.9911,0.1179,0.3446,0.4286,0.0589,0.2228,none
9b,degraded_instruct,damaged_q2,q2_structural_amplifier,coding,560,0.7946,0.4054,0.8747,0.9143,0.1214,0.2786,0.3893,0.0786,0.2781,none
9b,degraded_instruct,damaged_q2,q2_structural_amplifier,epistemic,560,0.8232,0.3857,0.8861,0.9339,0.1036,0.2911,0.4018,0.0679,0.2609,none
9b,degraded_instruct,damaged_q2,q2_structural_amplifier,forensic,560,0.8589,0.3875,0.8973,0.9964,0.1143,0.3232,0.4143,0.0571,0.2526,none
9b,degraded_instruct,damaged_q2,q2_structural_amplifier,generalist,560,0.7804,0.4054,0.8609,0.8768,0.1268,0.2982,0.4089,0.075,0.2712,none
9b,degraded_instruct,damaged_q2,q2_structural_amplifier,math,560,0.8286,0.425,0.8797,0.8875,0.0857,0.25,0.4482,0.1,0.3084,none
9b,degraded_instruct,damaged_q2,q2_structural_amplifier,planning,560,0.8036,0.4089,0.8815,0.9321,0.1304,0.2661,0.3339,0.0714,0.2863,none
9b,degraded_instruct,damaged_q2,q2_structural_amplifier,rhetoric,560,0.7714,0.3821,0.8593,0.8679,0.125,0.2946,0.4161,0.1054,0.2472,none
9b,degraded_instruct,damaged_q2,q2_structural_amplifier,spatial,560,0.8179,0.4411,0.8817,0.9125,0.125,0.2714,0.3554,0.0696,0.3174,none
9b,degraded_instruct,damaged_q2,routed_tri_structural_60,adversarial,560,0.7625,0.4857,0.8658,0.9839,0.1411,0.0643,0.4143,0.3393,0.3804,none
9b,degraded_instruct,damaged_q2,routed_tri_structural_60,boundary,560,0.7821,0.4839,0.8706,0.9929,0.1482,0.05,0.4732,0.2804,0.3776,none
9b,degraded_instruct,damaged_q2,routed_tri_structural_60,coding,560,0.5768,0.4107,0.7562,0.8571,0.175,0.0393,0.3821,0.675,0.286,none
9b,degraded_instruct,damaged_q2,routed_tri_structural_60,epistemic,560,0.5946,0.4321,0.7827,0.8643,0.1464,0.0429,0.3893,0.5286,0.3221,none
9b,degraded_instruct,damaged_q2,routed_tri_structural_60,forensic,560,0.6089,0.4125,0.7849,0.9875,0.1768,0.0536,0.4054,0.6536,0.2836,none
9b,degraded_instruct,damaged_q2,routed_tri_structural_60,generalist,560,0.5268,0.3768,0.7405,0.8321,0.1875,0.075,0.3911,0.6571,0.2414,none
9b,degraded_instruct,damaged_q2,routed_tri_structural_60,math,560,0.5214,0.3786,0.7217,0.8429,0.1554,0.0464,0.3857,0.9643,0.2436,none
9b,degraded_instruct,damaged_q2,routed_tri_structural_60,planning,560,0.6286,0.4857,0.773,0.8429,0.1804,0.0482,0.3071,0.5946,0.3677,none
9b,degraded_instruct,damaged_q2,routed_tri_structural_60,rhetoric,560,0.4911,0.3446,0.7162,0.8268,0.1893,0.0411,0.4304,0.8071,0.2049,none
9b,degraded_instruct,damaged_q2,routed_tri_structural_60,spatial,560,0.575,0.4,0.7524,0.825,0.175,0.0625,0.3679,0.6607,0.2725,none
9b,degraded_instruct,damaged_q2,routed_tri_structural_65,adversarial,560,0.7679,0.4857,0.8775,0.9893,0.1696,0.0607,0.4071,0.2268,0.3788,none
9b,degraded_instruct,damaged_q2,routed_tri_structural_65,boundary,560,0.8232,0.5036,0.894,0.9857,0.125,0.0714,0.4161,0.1946,0.4088,none
9b,degraded_instruct,damaged_q2,routed_tri_structural_65,coding,560,0.6268,0.4375,0.7859,0.8321,0.1607,0.0589,0.3696,0.5286,0.3215,none
9b,degraded_instruct,damaged_q2,routed_tri_structural_65,epistemic,560,0.6036,0.4321,0.7845,0.8446,0.1607,0.0411,0.3946,0.4768,0.3203,none
9b,degraded_instruct,damaged_q2,routed_tri_structural_65,forensic,560,0.6607,0.4929,0.8185,0.9804,0.1446,0.0464,0.3339,0.5482,0.3861,none
9b,degraded_instruct,damaged_q2,routed_tri_structural_65,generalist,560,0.5893,0.4339,0.7687,0.825,0.1446,0.0536,0.3571,0.5857,0.322,none
9b,degraded_instruct,damaged_q2,routed_tri_structural_65,math,560,0.6054,0.4321,0.7662,0.8393,0.1589,0.0536,0.3804,0.7071,0.308,none
9b,degraded_instruct,damaged_q2,routed_tri_structural_65,planning,560,0.7,0.5089,0.8131,0.8571,0.1339,0.0607,0.3196,0.4804,0.407,none
9b,degraded_instruct,damaged_q2,routed_tri_structural_65,rhetoric,560,0.5232,0.3643,0.741,0.8196,0.2036,0.0357,0.3625,0.6768,0.2332,none
9b,degraded_instruct,damaged_q2,routed_tri_structural_65,spatial,560,0.6071,0.4625,0.7672,0.8286,0.1518,0.0446,0.3214,0.6429,0.3502,none
9b,degraded_instruct,damaged_q2,stability_first_tri_70,adversarial,560,0.7982,0.5411,0.8916,0.9893,0.1554,0.0464,0.3857,0.1768,0.4455,none
9b,degraded_instruct,damaged_q2,stability_first_tri_70,boundary,560,0.8357,0.4964,0.8997,0.9911,0.1304,0.0536,0.4625,0.1393,0.4026,none
9b,degraded_instruct,damaged_q2,stability_first_tri_70,coding,560,0.6768,0.4839,0.8202,0.875,0.1536,0.0518,0.3161,0.4268,0.3809,none
9b,degraded_instruct,damaged_q2,stability_first_tri_70,epistemic,560,0.6554,0.4786,0.8183,0.8679,0.1304,0.0375,0.3679,0.4018,0.3824,none
9b,degraded_instruct,damaged_q2,stability_first_tri_70,forensic,560,0.7321,0.5518,0.8475,0.9857,0.1357,0.0518,0.3268,0.4375,0.4527,none
9b,degraded_instruct,damaged_q2,stability_first_tri_70,generalist,560,0.6232,0.4821,0.8032,0.8464,0.1786,0.05,0.3375,0.3982,0.3717,none
9b,degraded_instruct,damaged_q2,stability_first_tri_70,math,560,0.6089,0.4643,0.7743,0.7929,0.1393,0.0482,0.3696,0.6482,0.3509,none
9b,degraded_instruct,damaged_q2,stability_first_tri_70,planning,560,0.7143,0.4982,0.8256,0.8393,0.1339,0.05,0.3429,0.3839,0.4014,none
9b,degraded_instruct,damaged_q2,stability_first_tri_70,rhetoric,560,0.6304,0.4339,0.7744,0.8214,0.1464,0.0357,0.4125,0.5857,0.3206,none
9b,degraded_instruct,damaged_q2,stability_first_tri_70,spatial,560,0.7089,0.5339,0.818,0.8661,0.125,0.0411,0.2821,0.4821,0.4415,none
9b,degraded_instruct,damaged_q3,cognitive_structural_25_75,adversarial,560,0.875,0.6804,0.9332,0.9875,0.1107,0.0179,0.2482,0.0696,0.6202,none
9b,degraded_instruct,damaged_q3,cognitive_structural_25_75,boundary,560,0.8768,0.6536,0.9324,0.9911,0.1036,0.0393,0.2839,0.0696,0.5884,none
9b,degraded_instruct,damaged_q3,cognitive_structural_25_75,coding,560,0.8857,0.6732,0.9378,0.9804,0.0982,0.0375,0.2375,0.05,0.6148,none
9b,degraded_instruct,damaged_q3,cognitive_structural_25_75,epistemic,560,0.875,0.6321,0.9356,0.9821,0.0821,0.0036,0.3179,0.0554,0.5786,none
9b,degraded_instruct,damaged_q3,cognitive_structural_25_75,forensic,560,0.875,0.6393,0.9325,0.9946,0.0982,0.0286,0.2714,0.0839,0.5782,none
9b,degraded_instruct,damaged_q3,cognitive_structural_25_75,generalist,560,0.8589,0.6464,0.9266,0.9696,0.1,0.0339,0.2804,0.0714,0.5836,none
9b,degraded_instruct,damaged_q3,cognitive_structural_25_75,math,560,0.8964,0.6571,0.9343,0.975,0.0732,0.0304,0.3143,0.0929,0.5993,none
9b,degraded_instruct,damaged_q3,cognitive_structural_25_75,planning,560,0.8839,0.6357,0.9353,0.9839,0.1,0.0232,0.2821,0.0464,0.5762,none
9b,degraded_instruct,damaged_q3,cognitive_structural_25_75,rhetoric,560,0.8643,0.6446,0.9208,0.9589,0.1018,0.0143,0.2839,0.1018,0.5834,none
9b,degraded_instruct,damaged_q3,cognitive_structural_25_75,spatial,560,0.8661,0.6679,0.9323,0.9804,0.0982,0.0286,0.2268,0.0875,0.6102,none
9b,degraded_instruct,damaged_q3,cyber_structural_25_75,adversarial,560,0.8946,0.6411,0.9413,0.9911,0.0857,0.0411,0.2714,0.0571,0.5826,none
9b,degraded_instruct,damaged_q3,cyber_structural_25_75,boundary,560,0.8589,0.6107,0.9265,0.9964,0.1321,0.0607,0.2839,0.0607,0.5332,none
9b,degraded_instruct,damaged_q3,cyber_structural_25_75,coding,560,0.8804,0.6679,0.9296,0.9536,0.0911,0.0339,0.2411,0.075,0.6107,none
9b,degraded_instruct,damaged_q3,cyber_structural_25_75,epistemic,560,0.825,0.6232,0.9154,0.95,0.1143,0.0179,0.3018,0.075,0.5575,none
9b,degraded_instruct,damaged_q3,cyber_structural_25_75,forensic,560,0.8804,0.675,0.9337,0.9929,0.1,0.0268,0.2643,0.0786,0.6146,none
9b,degraded_instruct,damaged_q3,cyber_structural_25_75,generalist,560,0.8196,0.6375,0.907,0.925,0.1161,0.0304,0.2411,0.1107,0.5718,none
9b,degraded_instruct,damaged_q3,cyber_structural_25_75,math,560,0.8375,0.6107,0.9065,0.9125,0.0911,0.0446,0.2893,0.1464,0.544,none
9b,degraded_instruct,damaged_q3,cyber_structural_25_75,planning,560,0.8429,0.6607,0.916,0.9304,0.1107,0.0304,0.225,0.0929,0.5988,none
9b,degraded_instruct,damaged_q3,cyber_structural_25_75,rhetoric,560,0.8196,0.6179,0.8992,0.9089,0.1071,0.0268,0.2679,0.1536,0.5513,none
9b,degraded_instruct,damaged_q3,cyber_structural_25_75,spatial,560,0.8804,0.6768,0.9278,0.9429,0.0786,0.0518,0.2196,0.1054,0.62,none
9b,degraded_instruct,damaged_q3,q2_structural_amplifier,adversarial,560,0.8357,0.4161,0.8992,0.9911,0.1179,0.3143,0.3196,0.0589,0.2893,none
9b,degraded_instruct,damaged_q3,q2_structural_amplifier,boundary,560,0.8554,0.4446,0.9008,0.9911,0.1054,0.3196,0.3446,0.0554,0.3188,none
9b,degraded_instruct,damaged_q3,q2_structural_amplifier,coding,560,0.8607,0.4661,0.9097,0.9946,0.1036,0.2982,0.2518,0.0571,0.3524,none
9b,degraded_instruct,damaged_q3,q2_structural_amplifier,epistemic,560,0.8518,0.4482,0.9091,0.9804,0.1,0.2696,0.3161,0.05,0.3365,none
9b,degraded_instruct,damaged_q3,q2_structural_amplifier,forensic,560,0.875,0.4571,0.9137,0.9875,0.0911,0.3018,0.3,0.05,0.343,none
9b,degraded_instruct,damaged_q3,q2_structural_amplifier,generalist,560,0.8821,0.4518,0.9137,0.9964,0.0893,0.3179,0.3089,0.0304,0.3352,none
9b,degraded_instruct,damaged_q3,q2_structural_amplifier,math,560,0.9071,0.4929,0.9226,0.9857,0.0661,0.2839,0.3125,0.05,0.3888,none
9b,degraded_instruct,damaged_q3,q2_structural_amplifier,planning,560,0.8911,0.4804,0.9156,0.9964,0.075,0.2982,0.2821,0.0589,0.3727,none
9b,degraded_instruct,damaged_q3,q2_structural_amplifier,rhetoric,560,0.9,0.4911,0.9226,0.9929,0.0696,0.2768,0.3196,0.0482,0.3868,none
9b,degraded_instruct,damaged_q3,q2_structural_amplifier,spatial,560,0.8946,0.4821,0.9213,0.9929,0.0821,0.3036,0.2357,0.05,0.3754,none
9b,degraded_instruct,damaged_q3,routed_tri_structural_60,adversarial,560,0.8982,0.675,0.9437,0.9929,0.0875,0.0446,0.25,0.05,0.6173,none
9b,degraded_instruct,damaged_q3,routed_tri_structural_60,boundary,560,0.8964,0.6357,0.943,0.9946,0.0893,0.0696,0.2911,0.0357,0.5699,none
9b,degraded_instruct,damaged_q3,routed_tri_structural_60,coding,560,0.9179,0.6768,0.9522,0.9911,0.0643,0.0607,0.2518,0.0375,0.6233,none
9b,degraded_instruct,damaged_q3,routed_tri_structural_60,epistemic,560,0.8893,0.6411,0.9412,0.9911,0.0768,0.0375,0.2821,0.0571,0.5851,none
9b,degraded_instruct,damaged_q3,routed_tri_structural_60,forensic,560,0.9125,0.6571,0.9447,0.9911,0.075,0.0679,0.2554,0.0607,0.5976,none
9b,degraded_instruct,damaged_q3,routed_tri_structural_60,generalist,560,0.8625,0.6143,0.9344,0.9875,0.1054,0.0429,0.2839,0.0429,0.5493,none
9b,degraded_instruct,damaged_q3,routed_tri_structural_60,math,560,0.8982,0.6375,0.9426,0.9946,0.0768,0.0518,0.2946,0.0643,0.5773,none
9b,degraded_instruct,damaged_q3,routed_tri_structural_60,planning,560,0.9125,0.6911,0.9508,0.9893,0.0714,0.0571,0.2161,0.0411,0.6389,none
9b,degraded_instruct,damaged_q3,routed_tri_structural_60,rhetoric,560,0.9,0.6518,0.9444,0.9929,0.0839,0.0446,0.2714,0.0446,0.5937,none
9b,degraded_instruct,damaged_q3,routed_tri_structural_60,spatial,560,0.8946,0.6821,0.9411,0.9839,0.0893,0.0482,0.225,0.0625,0.6246,none
9b,degraded_instruct,damaged_q3,routed_tri_structural_65,adversarial,560,0.8768,0.6339,0.9342,0.9875,0.1,0.0446,0.2804,0.0607,0.5695,none
9b,degraded_instruct,damaged_q3,routed_tri_structural_65,boundary,560,0.9143,0.65,0.9456,0.9911,0.075,0.0518,0.2964,0.0446,0.5912,none
9b,degraded_instruct,damaged_q3,routed_tri_structural_65,coding,560,0.9071,0.6946,0.9503,0.9875,0.0696,0.0357,0.2268,0.0429,0.6463,none
9b,degraded_instruct,damaged_q3,routed_tri_structural_65,epistemic,560,0.9036,0.6714,0.9481,0.9946,0.0714,0.0304,0.2857,0.0393,0.6191,none
9b,degraded_instruct,damaged_q3,routed_tri_structural_65,forensic,560,0.8982,0.6857,0.9426,0.9911,0.0875,0.0464,0.2411,0.0571,0.628,none
9b,degraded_instruct,damaged_q3,routed_tri_structural_65,generalist,560,0.9,0.6589,0.9412,0.9714,0.0679,0.0518,0.2679,0.0554,0.604,none
9b,degraded_instruct,damaged_q3,routed_tri_structural_65,math,560,0.8946,0.6607,0.9416,0.9875,0.075,0.0286,0.2839,0.0661,0.6065,none
9b,degraded_instruct,damaged_q3,routed_tri_structural_65,planning,560,0.8732,0.6732,0.9361,0.9893,0.1125,0.0411,0.2179,0.05,0.6113,none
9b,degraded_instruct,damaged_q3,routed_tri_structural_65,rhetoric,560,0.9036,0.6696,0.9422,0.9893,0.0786,0.0554,0.2714,0.0625,0.6102,none
9b,degraded_instruct,damaged_q3,routed_tri_structural_65,spatial,560,0.8893,0.6714,0.9434,0.9911,0.0875,0.0536,0.2179,0.0536,0.6144,none
9b,degraded_instruct,damaged_q3,stability_first_tri_70,adversarial,560,0.8857,0.6429,0.9388,0.9911,0.1054,0.0571,0.2607,0.0393,0.577,none
9b,degraded_instruct,damaged_q3,stability_first_tri_70,boundary,560,0.8875,0.6321,0.9327,0.9893,0.0964,0.0446,0.3089,0.0661,0.5663,none
9b,degraded_instruct,damaged_q3,stability_first_tri_70,coding,560,0.8929,0.7089,0.9439,0.9893,0.0786,0.0429,0.2071,0.0696,0.6567,none
9b,degraded_instruct,damaged_q3,stability_first_tri_70,epistemic,560,0.8696,0.6214,0.9368,0.9911,0.1,0.025,0.2839,0.0446,0.5615,none
9b,degraded_instruct,damaged_q3,stability_first_tri_70,forensic,560,0.9054,0.6679,0.9453,0.9893,0.0821,0.0518,0.25,0.0446,0.6106,none
9b,degraded_instruct,damaged_q3,stability_first_tri_70,generalist,560,0.8964,0.6393,0.9443,0.9893,0.0804,0.0571,0.2768,0.0357,0.5798,none
9b,degraded_instruct,damaged_q3,stability_first_tri_70,math,560,0.8946,0.6679,0.9415,0.9821,0.075,0.0339,0.2679,0.0661,0.6138,none
9b,degraded_instruct,damaged_q3,stability_first_tri_70,planning,560,0.8964,0.675,0.944,0.9946,0.0857,0.0429,0.2339,0.05,0.6195,none
9b,degraded_instruct,damaged_q3,stability_first_tri_70,rhetoric,560,0.8875,0.6643,0.9399,0.9929,0.1,0.025,0.2661,0.0446,0.6058,none
9b,degraded_instruct,damaged_q3,stability_first_tri_70,spatial,560,0.9071,0.7089,0.9487,0.9857,0.075,0.0375,0.2161,0.0482,0.6592,none
9b,degraded_instruct,damaged_q4,cognitive_structural_25_75,adversarial,560,0.925,0.7179,0.9563,0.9982,0.0607,0.0268,0.225,0.0429,0.6741,none
9b,degraded_instruct,damaged_q4,cognitive_structural_25_75,boundary,560,0.9107,0.7161,0.9526,0.9982,0.0679,0.0268,0.2179,0.0536,0.6703,none
9b,degraded_instruct,damaged_q4,cognitive_structural_25_75,coding,560,0.9143,0.75,0.9553,0.9839,0.0696,0.0196,0.175,0.0321,0.7096,none
9b,degraded_instruct,damaged_q4,cognitive_structural_25_75,epistemic,560,0.9018,0.6929,0.9482,0.9929,0.075,0.0107,0.2446,0.0411,0.6466,none
9b,degraded_instruct,damaged_q4,cognitive_structural_25_75,forensic,560,0.9054,0.7179,0.9459,0.9946,0.0857,0.0179,0.2143,0.0571,0.6686,none
9b,degraded_instruct,damaged_q4,cognitive_structural_25_75,generalist,560,0.9125,0.7107,0.9535,0.9911,0.0571,0.0286,0.2268,0.0464,0.6674,none
9b,degraded_instruct,damaged_q4,cognitive_structural_25_75,math,560,0.9339,0.6964,0.9548,0.9857,0.0554,0.0286,0.2571,0.0357,0.6518,none
9b,degraded_instruct,damaged_q4,cognitive_structural_25_75,planning,560,0.9107,0.7518,0.9522,0.9857,0.0679,0.025,0.1696,0.05,0.7104,none
9b,degraded_instruct,damaged_q4,cognitive_structural_25_75,rhetoric,560,0.9393,0.7393,0.9563,0.9893,0.0482,0.0214,0.2268,0.0536,0.6997,none
9b,degraded_instruct,damaged_q4,cognitive_structural_25_75,spatial,560,0.9393,0.7429,0.961,0.9929,0.0518,0.0339,0.2018,0.0375,0.7025,none
9b,degraded_instruct,damaged_q4,cyber_structural_25_75,adversarial,560,0.9321,0.7679,0.9559,0.9911,0.0607,0.025,0.1768,0.0625,0.7274,none
9b,degraded_instruct,damaged_q4,cyber_structural_25_75,boundary,560,0.9143,0.7018,0.9528,0.9946,0.0679,0.0518,0.2054,0.0482,0.6522,none
9b,degraded_instruct,damaged_q4,cyber_structural_25_75,coding,560,0.9161,0.7446,0.9564,0.9893,0.0607,0.0518,0.1625,0.05,0.7006,none
9b,degraded_instruct,damaged_q4,cyber_structural_25_75,epistemic,560,0.8982,0.7018,0.9476,0.9911,0.0714,0.0286,0.2357,0.0518,0.6532,none
9b,degraded_instruct,damaged_q4,cyber_structural_25_75,forensic,560,0.9071,0.7339,0.9493,0.9786,0.0661,0.0429,0.1732,0.0625,0.6886,none
9b,degraded_instruct,damaged_q4,cyber_structural_25_75,generalist,560,0.9,0.7036,0.9503,0.9857,0.0679,0.0304,0.2143,0.0429,0.6579,none
9b,degraded_instruct,damaged_q4,cyber_structural_25_75,math,560,0.9161,0.6893,0.949,0.9911,0.0732,0.0268,0.2536,0.0464,0.6394,none
9b,degraded_instruct,damaged_q4,cyber_structural_25_75,planning,560,0.9518,0.7839,0.9666,0.9964,0.0411,0.0304,0.15,0.0446,0.7513,none
9b,degraded_instruct,damaged_q4,cyber_structural_25_75,rhetoric,560,0.9214,0.7214,0.953,0.9929,0.0643,0.0286,0.2089,0.0571,0.6769,none
9b,degraded_instruct,damaged_q4,cyber_structural_25_75,spatial,560,0.9036,0.7125,0.9472,0.9839,0.075,0.0375,0.1929,0.0554,0.6643,none
9b,degraded_instruct,damaged_q4,q2_structural_amplifier,adversarial,560,0.8804,0.5143,0.9187,0.9964,0.0857,0.3,0.2089,0.0589,0.4089,none
9b,degraded_instruct,damaged_q4,q2_structural_amplifier,boundary,560,0.8982,0.4643,0.9175,0.9857,0.0696,0.3214,0.2732,0.0464,0.3549,none
9b,degraded_instruct,damaged_q4,q2_structural_amplifier,coding,560,0.9089,0.5339,0.9277,0.9857,0.0607,0.2875,0.2179,0.0429,0.4386,none
9b,degraded_instruct,damaged_q4,q2_structural_amplifier,epistemic,560,0.8857,0.4929,0.9198,0.9857,0.0714,0.3196,0.2554,0.0482,0.3847,none
9b,degraded_instruct,damaged_q4,q2_structural_amplifier,forensic,560,0.8982,0.4839,0.9217,0.9857,0.0714,0.3,0.2161,0.0625,0.3821,none
9b,degraded_instruct,damaged_q4,q2_structural_amplifier,generalist,560,0.8911,0.4964,0.9201,0.9964,0.0714,0.2964,0.25,0.0518,0.3931,none
9b,degraded_instruct,damaged_q4,q2_structural_amplifier,math,560,0.9071,0.4982,0.9214,0.9857,0.0589,0.2661,0.3036,0.0768,0.3992,none
9b,degraded_instruct,damaged_q4,q2_structural_amplifier,planning,560,0.9179,0.5339,0.9314,0.9929,0.0625,0.2607,0.2125,0.0357,0.4442,none
9b,degraded_instruct,damaged_q4,q2_structural_amplifier,rhetoric,560,0.8857,0.4964,0.9197,0.9929,0.1,0.2875,0.2571,0.0375,0.3865,none
9b,degraded_instruct,damaged_q4,q2_structural_amplifier,spatial,560,0.9018,0.5107,0.9262,0.9929,0.0679,0.3054,0.2125,0.0571,0.4094,none
9b,degraded_instruct,damaged_q4,routed_tri_structural_60,adversarial,560,0.9071,0.7125,0.9498,0.9911,0.0786,0.0554,0.1893,0.0554,0.6599,none
9b,degraded_instruct,damaged_q4,routed_tri_structural_60,boundary,560,0.9071,0.6821,0.9443,0.9893,0.0821,0.0607,0.2286,0.0607,0.624,none
9b,degraded_instruct,damaged_q4,routed_tri_structural_60,coding,560,0.9125,0.6857,0.9514,0.9929,0.0643,0.0589,0.2125,0.0554,0.6349,none
9b,degraded_instruct,damaged_q4,routed_tri_structural_60,epistemic,560,0.9071,0.6875,0.9489,0.9964,0.0768,0.0339,0.2589,0.0339,0.6353,none
9b,degraded_instruct,damaged_q4,routed_tri_structural_60,forensic,560,0.9268,0.7179,0.9536,0.9911,0.0607,0.0643,0.2125,0.0518,0.6672,none
9b,degraded_instruct,damaged_q4,routed_tri_structural_60,generalist,560,0.9107,0.7196,0.9538,0.9875,0.0679,0.0589,0.1929,0.0357,0.6703,none
9b,degraded_instruct,damaged_q4,routed_tri_structural_60,math,560,0.9143,0.6821,0.9498,0.9982,0.0607,0.0429,0.2518,0.0679,0.6318,none
9b,degraded_instruct,damaged_q4,routed_tri_structural_60,planning,560,0.9286,0.7357,0.9548,0.9911,0.0589,0.0607,0.1839,0.0518,0.6886,none
9b,degraded_instruct,damaged_q4,routed_tri_structural_60,rhetoric,560,0.9232,0.6911,0.9554,0.9929,0.0464,0.0446,0.2286,0.0625,0.6468,none
9b,degraded_instruct,damaged_q4,routed_tri_structural_60,spatial,560,0.9411,0.7375,0.9597,0.9804,0.0482,0.05,0.1946,0.0411,0.6954,none
9b,degraded_instruct,damaged_q4,routed_tri_structural_65,adversarial,560,0.9071,0.7107,0.9478,0.9982,0.0857,0.05,0.2,0.0589,0.6561,none
9b,degraded_instruct,damaged_q4,routed_tri_structural_65,boundary,560,0.9107,0.6643,0.9461,0.9893,0.075,0.0607,0.2429,0.0571,0.6074,none
9b,degraded_instruct,damaged_q4,routed_tri_structural_65,coding,560,0.9321,0.7143,0.9613,0.9929,0.0554,0.05,0.2161,0.0196,0.6694,none
9b,degraded_instruct,damaged_q4,routed_tri_structural_65,epistemic,560,0.9143,0.6821,0.9519,0.9911,0.0554,0.0411,0.25,0.0464,0.635,none
9b,degraded_instruct,damaged_q4,routed_tri_structural_65,forensic,560,0.9304,0.7089,0.9596,0.9946,0.0589,0.0571,0.1929,0.0339,0.6627,none
9b,degraded_instruct,damaged_q4,routed_tri_structural_65,generalist,560,0.8839,0.6821,0.9453,0.9893,0.0714,0.0679,0.2089,0.0643,0.6272,none
9b,degraded_instruct,damaged_q4,routed_tri_structural_65,math,560,0.9482,0.6839,0.9589,0.9857,0.0339,0.0464,0.2643,0.0464,0.641,none
9b,degraded_instruct,damaged_q4,routed_tri_structural_65,planning,560,0.9321,0.7446,0.9566,0.9857,0.0589,0.0411,0.1786,0.0446,0.7022,none
9b,degraded_instruct,damaged_q4,routed_tri_structural_65,rhetoric,560,0.9089,0.6839,0.9494,0.9929,0.0625,0.0429,0.2393,0.0643,0.6342,none
9b,degraded_instruct,damaged_q4,routed_tri_structural_65,spatial,560,0.9375,0.7571,0.9629,0.9893,0.0482,0.0464,0.1554,0.0429,0.7188,none
9b,degraded_instruct,damaged_q4,stability_first_tri_70,adversarial,560,0.9232,0.7232,0.9522,0.9929,0.0607,0.0429,0.1964,0.0732,0.6771,none
9b,degraded_instruct,damaged_q4,stability_first_tri_70,boundary,560,0.9268,0.6982,0.9532,0.9893,0.0589,0.0625,0.2196,0.0536,0.6478,none
9b,degraded_instruct,damaged_q4,stability_first_tri_70,coding,560,0.9214,0.7321,0.9547,0.9946,0.0625,0.0464,0.1875,0.0554,0.6863,none
9b,degraded_instruct,damaged_q4,stability_first_tri_70,epistemic,560,0.8982,0.6929,0.9499,0.9875,0.0696,0.0357,0.2232,0.0429,0.6448,none
9b,degraded_instruct,damaged_q4,stability_first_tri_70,forensic,560,0.9304,0.7411,0.9577,0.9911,0.0536,0.0321,0.2107,0.0393,0.6997,none
9b,degraded_instruct,damaged_q4,stability_first_tri_70,generalist,560,0.9125,0.7357,0.9569,0.9929,0.0536,0.0446,0.1839,0.05,0.6935,none
9b,degraded_instruct,damaged_q4,stability_first_tri_70,math,560,0.9304,0.6679,0.9529,0.9911,0.0429,0.0554,0.2893,0.0625,0.6177,none
9b,degraded_instruct,damaged_q4,stability_first_tri_70,planning,560,0.9446,0.7446,0.9606,0.9911,0.0429,0.0536,0.1714,0.0554,0.7046,none
9b,degraded_instruct,damaged_q4,stability_first_tri_70,rhetoric,560,0.925,0.7,0.9553,0.9911,0.0571,0.0464,0.2304,0.0446,0.6529,none
9b,degraded_instruct,damaged_q4,stability_first_tri_70,spatial,560,0.9446,0.7357,0.9629,0.9911,0.0429,0.05,0.1893,0.0411,0.6957,none
9b,degraded_instruct,healthy_q6,cognitive_structural_25_75,adversarial,560,0.9429,0.8018,0.9648,0.9911,0.0482,0.0286,0.1339,0.0482,0.7685,none
9b,degraded_instruct,healthy_q6,cognitive_structural_25_75,boundary,560,0.9446,0.7661,0.9626,0.9893,0.0429,0.0357,0.1768,0.0446,0.7297,none
9b,degraded_instruct,healthy_q6,cognitive_structural_25_75,coding,560,0.95,0.7929,0.9671,0.9857,0.0357,0.0357,0.1536,0.0357,0.7609,none
9b,degraded_instruct,healthy_q6,cognitive_structural_25_75,epistemic,560,0.9304,0.7804,0.9619,0.9875,0.0482,0.0125,0.1625,0.0357,0.7486,none
9b,degraded_instruct,healthy_q6,cognitive_structural_25_75,forensic,560,0.9411,0.7964,0.9654,0.9875,0.0482,0.025,0.1464,0.0304,0.7637,none
9b,degraded_instruct,healthy_q6,cognitive_structural_25_75,generalist,560,0.9179,0.7732,0.9588,0.9893,0.0446,0.0268,0.1536,0.0607,0.7391,none
9b,degraded_instruct,healthy_q6,cognitive_structural_25_75,math,560,0.9554,0.7839,0.9666,0.9911,0.0304,0.0196,0.1875,0.0482,0.7535,none
9b,degraded_instruct,healthy_q6,cognitive_structural_25_75,planning,560,0.9643,0.8179,0.9692,0.9929,0.0321,0.0268,0.1286,0.05,0.7901,none
9b,degraded_instruct,healthy_q6,cognitive_structural_25_75,rhetoric,560,0.9571,0.7768,0.965,0.9875,0.0321,0.025,0.1839,0.05,0.7449,none
9b,degraded_instruct,healthy_q6,cognitive_structural_25_75,spatial,560,0.9482,0.8054,0.9676,0.9929,0.0339,0.0161,0.1571,0.0429,0.7772,none
9b,degraded_instruct,healthy_q6,cyber_structural_25_75,adversarial,560,0.9232,0.7536,0.9555,0.9893,0.0661,0.0339,0.1589,0.0571,0.7114,none
9b,degraded_instruct,healthy_q6,cyber_structural_25_75,boundary,560,0.9464,0.7839,0.9631,0.9875,0.0411,0.0393,0.1714,0.0482,0.7476,none
9b,degraded_instruct,healthy_q6,cyber_structural_25_75,coding,560,0.9446,0.7857,0.9659,0.9893,0.0411,0.0393,0.1411,0.0429,0.7521,none
9b,degraded_instruct,healthy_q6,cyber_structural_25_75,epistemic,560,0.9304,0.7643,0.9598,0.9821,0.0482,0.0214,0.1768,0.0375,0.7295,none
9b,degraded_instruct,healthy_q6,cyber_structural_25_75,forensic,560,0.9321,0.8054,0.9613,0.9804,0.0536,0.0321,0.1304,0.0411,0.7704,none
9b,degraded_instruct,healthy_q6,cyber_structural_25_75,generalist,560,0.9321,0.7696,0.9594,0.9893,0.0482,0.0536,0.15,0.0554,0.7297,none
9b,degraded_instruct,healthy_q6,cyber_structural_25_75,math,560,0.95,0.7589,0.9616,0.9804,0.0357,0.0393,0.1982,0.0518,0.7219,none
9b,degraded_instruct,healthy_q6,cyber_structural_25_75,planning,560,0.9589,0.7911,0.9702,0.9929,0.0375,0.0393,0.1464,0.0286,0.7588,none
9b,degraded_instruct,healthy_q6,cyber_structural_25_75,rhetoric,560,0.9339,0.7732,0.96,0.9964,0.0536,0.0214,0.1643,0.0571,0.7369,none
9b,degraded_instruct,healthy_q6,cyber_structural_25_75,spatial,560,0.9393,0.8107,0.9649,0.9893,0.0411,0.0286,0.1196,0.0554,0.7803,none
9b,degraded_instruct,healthy_q6,q2_structural_amplifier,adversarial,560,0.8964,0.5429,0.9244,0.9911,0.0625,0.3054,0.1911,0.0679,0.4444,none
9b,degraded_instruct,healthy_q6,q2_structural_amplifier,boundary,560,0.9107,0.5357,0.9269,0.9857,0.0607,0.2875,0.2143,0.0518,0.4403,none
9b,degraded_instruct,healthy_q6,q2_structural_amplifier,coding,560,0.9286,0.5625,0.9334,0.9839,0.0518,0.2732,0.1946,0.0411,0.4747,none
9b,degraded_instruct,healthy_q6,q2_structural_amplifier,epistemic,560,0.8911,0.5411,0.9267,0.9839,0.0768,0.2607,0.2071,0.0446,0.4471,none
9b,degraded_instruct,healthy_q6,q2_structural_amplifier,forensic,560,0.925,0.5429,0.9359,0.9893,0.0464,0.2839,0.2161,0.0411,0.4528,none
9b,degraded_instruct,healthy_q6,q2_structural_amplifier,generalist,560,0.8911,0.5,0.9211,0.9893,0.0571,0.3232,0.2071,0.0661,0.3983,none
9b,degraded_instruct,healthy_q6,q2_structural_amplifier,math,560,0.9125,0.5536,0.9332,0.9964,0.0589,0.2446,0.2339,0.0643,0.465,none
9b,degraded_instruct,healthy_q6,q2_structural_amplifier,planning,560,0.925,0.5161,0.9273,0.9821,0.0571,0.3375,0.1679,0.0411,0.4159,none
9b,degraded_instruct,healthy_q6,q2_structural_amplifier,rhetoric,560,0.9268,0.5536,0.9349,0.9875,0.05,0.2554,0.2196,0.0554,0.4672,none
9b,degraded_instruct,healthy_q6,q2_structural_amplifier,spatial,560,0.9232,0.5821,0.9386,0.9964,0.0607,0.2554,0.1786,0.0429,0.4964,none
9b,degraded_instruct,healthy_q6,routed_tri_structural_60,adversarial,560,0.9232,0.75,0.9581,0.9982,0.0625,0.0625,0.1411,0.0607,0.7044,none
9b,degraded_instruct,healthy_q6,routed_tri_structural_60,boundary,560,0.9429,0.7321,0.9624,0.9946,0.0482,0.0786,0.1679,0.0464,0.6862,none
9b,degraded_instruct,healthy_q6,routed_tri_structural_60,coding,560,0.9393,0.75,0.9599,0.9875,0.0411,0.0696,0.1571,0.0625,0.7081,none
9b,degraded_instruct,healthy_q6,routed_tri_structural_60,epistemic,560,0.9304,0.7411,0.9602,0.9893,0.0411,0.0518,0.1839,0.05,0.7012,none
9b,degraded_instruct,healthy_q6,routed_tri_structural_60,forensic,560,0.9464,0.7589,0.9648,0.9875,0.0393,0.0446,0.1625,0.0429,0.7231,none
9b,degraded_instruct,healthy_q6,routed_tri_structural_60,generalist,560,0.9429,0.7429,0.968,0.9911,0.0304,0.0536,0.1661,0.0357,0.708,none
9b,degraded_instruct,healthy_q6,routed_tri_structural_60,math,560,0.9625,0.7411,0.9689,0.9946,0.025,0.0661,0.1875,0.0482,0.7029,none
9b,degraded_instruct,healthy_q6,routed_tri_structural_60,planning,560,0.9589,0.7964,0.9712,0.9911,0.0268,0.0446,0.1411,0.0375,0.7663,none
9b,degraded_instruct,healthy_q6,routed_tri_structural_60,rhetoric,560,0.9304,0.7714,0.9642,0.9893,0.0482,0.0357,0.1571,0.0357,0.7355,none
9b,degraded_instruct,healthy_q6,routed_tri_structural_60,spatial,560,0.9554,0.8125,0.9708,0.9946,0.0375,0.0411,0.1143,0.0393,0.7819,none
9b,degraded_instruct,healthy_q6,routed_tri_structural_65,adversarial,560,0.9446,0.7661,0.9636,0.9911,0.0446,0.0643,0.1464,0.0518,0.7255,none
9b,degraded_instruct,healthy_q6,routed_tri_structural_65,boundary,560,0.9411,0.7714,0.9603,0.9946,0.05,0.0464,0.1536,0.0643,0.7316,none
9b,degraded_instruct,healthy_q6,routed_tri_structural_65,coding,560,0.9375,0.7554,0.9617,0.9875,0.0482,0.0607,0.1571,0.0429,0.714,none
9b,degraded_instruct,healthy_q6,routed_tri_structural_65,epistemic,560,0.9482,0.7554,0.9677,0.9964,0.0339,0.0393,0.1732,0.0393,0.7215,none
9b,degraded_instruct,healthy_q6,routed_tri_structural_65,forensic,560,0.9446,0.7679,0.9632,0.9893,0.05,0.0464,0.1429,0.0411,0.7301,none
9b,degraded_instruct,healthy_q6,routed_tri_structural_65,generalist,560,0.9268,0.75,0.9621,0.9911,0.0446,0.0661,0.1464,0.0482,0.7093,none
9b,degraded_instruct,healthy_q6,routed_tri_structural_65,math,560,0.95,0.7161,0.9617,0.9893,0.0357,0.0411,0.2429,0.0429,0.6756,none
9b,degraded_instruct,healthy_q6,routed_tri_structural_65,planning,560,0.9429,0.7857,0.9641,1.0,0.0482,0.0464,0.1304,0.05,0.749,none
9b,degraded_instruct,healthy_q6,routed_tri_structural_65,rhetoric,560,0.9375,0.7625,0.9608,0.9893,0.0446,0.0429,0.1804,0.0536,0.7234,none
9b,degraded_instruct,healthy_q6,routed_tri_structural_65,spatial,560,0.9429,0.8054,0.9662,0.9946,0.0446,0.0411,0.1107,0.0536,0.7722,none
9b,degraded_instruct,healthy_q6,stability_first_tri_70,adversarial,560,0.9232,0.7679,0.9582,0.9929,0.0643,0.0464,0.125,0.0589,0.7263,none
9b,degraded_instruct,healthy_q6,stability_first_tri_70,boundary,560,0.9304,0.7732,0.9588,0.9875,0.05,0.0518,0.1393,0.0643,0.7335,none
9b,degraded_instruct,healthy_q6,stability_first_tri_70,coding,560,0.9696,0.7696,0.971,0.9821,0.0179,0.0571,0.1696,0.0339,0.7376,none
9b,degraded_instruct,healthy_q6,stability_first_tri_70,epistemic,560,0.9339,0.7607,0.9625,0.9893,0.0321,0.0411,0.1696,0.0536,0.7266,none
9b,degraded_instruct,healthy_q6,stability_first_tri_70,forensic,560,0.9554,0.8018,0.9678,0.9929,0.0375,0.0446,0.1232,0.0518,0.7692,none
9b,degraded_instruct,healthy_q6,stability_first_tri_70,generalist,560,0.9304,0.7589,0.9633,0.9804,0.0321,0.0607,0.1482,0.05,0.7228,none
9b,degraded_instruct,healthy_q6,stability_first_tri_70,math,560,0.9286,0.7357,0.9573,0.9893,0.0554,0.0429,0.1875,0.0518,0.6929,none
9b,degraded_instruct,healthy_q6,stability_first_tri_70,planning,560,0.9518,0.7929,0.9639,0.9875,0.0286,0.0571,0.1268,0.0643,0.7595,none
9b,degraded_instruct,healthy_q6,stability_first_tri_70,rhetoric,560,0.9589,0.7893,0.9685,0.9893,0.0286,0.0339,0.1625,0.0446,0.7587,none
9b,degraded_instruct,healthy_q6,stability_first_tri_70,spatial,560,0.9571,0.7946,0.9681,0.9839,0.0375,0.05,0.1286,0.0393,0.7611,none
9b,degraded_instruct,healthy_q8,cognitive_structural_25_75,adversarial,560,0.9571,0.8393,0.9714,0.9857,0.0286,0.0304,0.1054,0.0464,0.8139,none
9b,degraded_instruct,healthy_q8,cognitive_structural_25_75,boundary,560,0.9375,0.7946,0.9625,0.9893,0.0482,0.0375,0.1232,0.0571,0.76,none
9b,degraded_instruct,healthy_q8,cognitive_structural_25_75,coding,560,0.9554,0.7893,0.9665,0.9893,0.0339,0.0107,0.1786,0.0393,0.7607,none
9b,degraded_instruct,healthy_q8,cognitive_structural_25_75,epistemic,560,0.9339,0.8089,0.9652,0.9875,0.0393,0.0125,0.1464,0.0393,0.781,none
9b,degraded_instruct,healthy_q8,cognitive_structural_25_75,forensic,560,0.9589,0.8339,0.9704,0.9857,0.0286,0.0125,0.1304,0.0429,0.8103,none
9b,degraded_instruct,healthy_q8,cognitive_structural_25_75,generalist,560,0.9429,0.7929,0.9659,0.9857,0.0286,0.0357,0.1286,0.0554,0.7641,none
9b,degraded_instruct,healthy_q8,cognitive_structural_25_75,math,560,0.9607,0.7786,0.9672,0.9946,0.025,0.0214,0.1929,0.0554,0.7486,none
9b,degraded_instruct,healthy_q8,cognitive_structural_25_75,planning,560,0.9625,0.8196,0.9712,0.9893,0.0286,0.0268,0.1232,0.0375,0.794,none
9b,degraded_instruct,healthy_q8,cognitive_structural_25_75,rhetoric,560,0.9571,0.8125,0.9686,0.9911,0.0268,0.0304,0.1393,0.0571,0.7844,none
9b,degraded_instruct,healthy_q8,cognitive_structural_25_75,spatial,560,0.9625,0.8161,0.969,0.9946,0.0196,0.0339,0.1321,0.0625,0.7897,none
9b,degraded_instruct,healthy_q8,cyber_structural_25_75,adversarial,560,0.9411,0.8,0.9642,0.9911,0.0482,0.0357,0.1214,0.0536,0.766,none
9b,degraded_instruct,healthy_q8,cyber_structural_25_75,boundary,560,0.95,0.7929,0.9683,0.9893,0.0375,0.0482,0.1393,0.0375,0.7589,none
9b,degraded_instruct,healthy_q8,cyber_structural_25_75,coding,560,0.9589,0.8054,0.9693,0.9911,0.0286,0.0375,0.1375,0.0536,0.7756,none
9b,degraded_instruct,healthy_q8,cyber_structural_25_75,epistemic,560,0.9536,0.8161,0.9734,0.9929,0.0268,0.0196,0.1446,0.0286,0.7911,none
9b,degraded_instruct,healthy_q8,cyber_structural_25_75,forensic,560,0.9589,0.8,0.9743,0.9929,0.025,0.0518,0.125,0.0321,0.7705,none
9b,degraded_instruct,healthy_q8,cyber_structural_25_75,generalist,560,0.9411,0.7839,0.9656,0.9893,0.0339,0.0446,0.1286,0.0518,0.7519,none
9b,degraded_instruct,healthy_q8,cyber_structural_25_75,math,560,0.9661,0.8107,0.9712,0.9893,0.0214,0.0304,0.1518,0.0482,0.7837,none
9b,degraded_instruct,healthy_q8,cyber_structural_25_75,planning,560,0.95,0.825,0.9693,0.9839,0.0375,0.025,0.1179,0.0286,0.7979,none
9b,degraded_instruct,healthy_q8,cyber_structural_25_75,rhetoric,560,0.9554,0.8089,0.9682,0.9857,0.0321,0.0232,0.1482,0.0429,0.7806,none
9b,degraded_instruct,healthy_q8,cyber_structural_25_75,spatial,560,0.9607,0.8071,0.9678,0.9839,0.025,0.0429,0.1161,0.0589,0.7788,none
9b,degraded_instruct,healthy_q8,q2_structural_amplifier,adversarial,560,0.9339,0.5518,0.9352,0.9893,0.0375,0.2839,0.1982,0.0589,0.4649,none
9b,degraded_instruct,healthy_q8,q2_structural_amplifier,boundary,560,0.9107,0.5125,0.9251,0.9929,0.0589,0.3286,0.2089,0.0589,0.4094,none
9b,degraded_instruct,healthy_q8,q2_structural_amplifier,coding,560,0.9107,0.5286,0.9311,0.9964,0.0554,0.3179,0.1643,0.0518,0.4327,none
9b,degraded_instruct,healthy_q8,q2_structural_amplifier,epistemic,560,0.9161,0.5482,0.9342,0.9839,0.05,0.2911,0.1768,0.0464,0.4585,none
9b,degraded_instruct,healthy_q8,q2_structural_amplifier,forensic,560,0.9339,0.5304,0.9352,0.9911,0.0446,0.3232,0.1929,0.0446,0.4347,none
9b,degraded_instruct,healthy_q8,q2_structural_amplifier,generalist,560,0.925,0.5214,0.9334,0.9982,0.0518,0.3268,0.1911,0.0321,0.4236,none
9b,degraded_instruct,healthy_q8,q2_structural_amplifier,math,560,0.9232,0.5232,0.9338,0.9929,0.0339,0.2821,0.2429,0.075,0.4334,none
9b,degraded_instruct,healthy_q8,q2_structural_amplifier,planning,560,0.9321,0.5607,0.9391,0.9964,0.0393,0.2732,0.1643,0.05,0.4786,none
9b,degraded_instruct,healthy_q8,q2_structural_amplifier,rhetoric,560,0.9196,0.5643,0.9357,0.9893,0.0536,0.2679,0.2071,0.0464,0.4758,none
9b,degraded_instruct,healthy_q8,q2_structural_amplifier,spatial,560,0.9232,0.5375,0.9366,0.9821,0.0464,0.3036,0.1929,0.0375,0.4456,none
9b,degraded_instruct,healthy_q8,routed_tri_structural_60,adversarial,560,0.9482,0.7786,0.9629,0.9875,0.0429,0.0786,0.1232,0.0625,0.737,none
9b,degraded_instruct,healthy_q8,routed_tri_structural_60,boundary,560,0.9518,0.7571,0.9641,0.9893,0.0321,0.0679,0.1518,0.0643,0.7186,none
9b,degraded_instruct,healthy_q8,routed_tri_structural_60,coding,560,0.975,0.7804,0.9734,0.9929,0.0125,0.0661,0.1482,0.05,0.749,none
9b,degraded_instruct,healthy_q8,routed_tri_structural_60,epistemic,560,0.9357,0.7625,0.963,0.9911,0.0464,0.0411,0.1554,0.0429,0.7258,none
9b,degraded_instruct,healthy_q8,routed_tri_structural_60,forensic,560,0.9429,0.8196,0.965,0.9911,0.0446,0.0393,0.1036,0.0571,0.7872,none
9b,degraded_instruct,healthy_q8,routed_tri_structural_60,generalist,560,0.9196,0.7589,0.9609,0.9911,0.0464,0.0607,0.1321,0.0536,0.7196,none
9b,degraded_instruct,healthy_q8,routed_tri_structural_60,math,560,0.9464,0.7554,0.9651,0.9893,0.0304,0.0536,0.1643,0.0589,0.7194,none
9b,degraded_instruct,healthy_q8,routed_tri_structural_60,planning,560,0.9571,0.8054,0.9709,0.9857,0.0286,0.0482,0.1161,0.0375,0.776,none
9b,degraded_instruct,healthy_q8,routed_tri_structural_60,rhetoric,560,0.9554,0.7786,0.9671,0.9839,0.0286,0.0482,0.1482,0.05,0.746,none
9b,degraded_instruct,healthy_q8,routed_tri_structural_60,spatial,560,0.9304,0.7875,0.9634,0.9929,0.0536,0.0589,0.1018,0.0536,0.7488,none
9b,degraded_instruct,healthy_q8,routed_tri_structural_65,adversarial,560,0.9482,0.8018,0.9663,0.9893,0.0375,0.0571,0.1161,0.0607,0.7668,none
9b,degraded_instruct,healthy_q8,routed_tri_structural_65,boundary,560,0.9536,0.7571,0.9652,0.9911,0.0411,0.075,0.1482,0.0482,0.7156,none
9b,degraded_instruct,healthy_q8,routed_tri_structural_65,coding,560,0.9625,0.7964,0.9732,0.9929,0.0268,0.0589,0.1411,0.0321,0.7637,none
9b,degraded_instruct,healthy_q8,routed_tri_structural_65,epistemic,560,0.9411,0.7768,0.9669,0.9929,0.0339,0.0304,0.15,0.0446,0.7463,none
9b,degraded_instruct,healthy_q8,routed_tri_structural_65,forensic,560,0.9571,0.7804,0.9687,0.9875,0.0357,0.0589,0.1429,0.0411,0.7444,none
9b,degraded_instruct,healthy_q8,routed_tri_structural_65,generalist,560,0.9429,0.7857,0.9697,0.9982,0.0268,0.0571,0.1268,0.0536,0.7534,none
9b,degraded_instruct,healthy_q8,routed_tri_structural_65,math,560,0.9518,0.7357,0.9606,0.9893,0.025,0.0571,0.2071,0.0786,0.6963,none
9b,degraded_instruct,healthy_q8,routed_tri_structural_65,planning,560,0.9571,0.8107,0.9733,0.9929,0.0321,0.05,0.1161,0.0268,0.7804,none
9b,degraded_instruct,healthy_q8,routed_tri_structural_65,rhetoric,560,0.9643,0.7857,0.9724,0.9929,0.0232,0.0536,0.1554,0.0411,0.7536,none
9b,degraded_instruct,healthy_q8,routed_tri_structural_65,spatial,560,0.9589,0.8143,0.9713,0.9893,0.0286,0.0536,0.1107,0.0446,0.7839,none
9b,degraded_instruct,healthy_q8,stability_first_tri_70,adversarial,560,0.9429,0.7911,0.9641,0.9893,0.0411,0.05,0.125,0.0625,0.7556,none
9b,degraded_instruct,healthy_q8,stability_first_tri_70,boundary,560,0.9625,0.7857,0.9726,0.9911,0.0214,0.075,0.1214,0.0464,0.7522,none
9b,degraded_instruct,healthy_q8,stability_first_tri_70,coding,560,0.9536,0.8143,0.9699,0.9875,0.0214,0.0429,0.1161,0.0589,0.7871,none
9b,degraded_instruct,healthy_q8,stability_first_tri_70,epistemic,560,0.9518,0.7839,0.9693,0.9911,0.0357,0.0357,0.1679,0.0268,0.7513,none
9b,degraded_instruct,healthy_q8,stability_first_tri_70,forensic,560,0.9607,0.8321,0.973,0.9911,0.0232,0.0375,0.1089,0.0464,0.8066,none
9b,degraded_instruct,healthy_q8,stability_first_tri_70,generalist,560,0.9571,0.7875,0.9712,0.9911,0.0196,0.0536,0.1411,0.0429,0.7575,none
9b,degraded_instruct,healthy_q8,stability_first_tri_70,math,560,0.9571,0.7768,0.9684,0.9946,0.0304,0.0411,0.1536,0.0536,0.7445,none
9b,degraded_instruct,healthy_q8,stability_first_tri_70,planning,560,0.9482,0.8214,0.967,0.9929,0.0357,0.0357,0.1054,0.0589,0.7922,none
9b,degraded_instruct,healthy_q8,stability_first_tri_70,rhetoric,560,0.9429,0.7786,0.9649,0.9929,0.0357,0.0429,0.1446,0.0607,0.7447,none
9b,degraded_instruct,healthy_q8,stability_first_tri_70,spatial,560,0.9589,0.8179,0.9718,0.9893,0.0179,0.0464,0.1036,0.0571,0.7921,none
9b,instruct,collapsed_q2_edge,cognitive_structural_25_75,adversarial,560,0.1482,0.1196,0.3923,0.6893,0.3893,0.0214,0.5696,2.3732,-0.1657,cascade
9b,instruct,collapsed_q2_edge,cognitive_structural_25_75,boundary,560,0.1214,0.0786,0.404,0.7089,0.3625,0.0411,0.5875,2.2125,-0.196,cascade
9b,instruct,collapsed_q2_edge,cognitive_structural_25_75,coding,560,0.1107,0.0804,0.3691,0.6107,0.3357,0.0321,0.4393,2.2893,-0.1764,cascade
9b,instruct,collapsed_q2_edge,cognitive_structural_25_75,epistemic,560,0.1089,0.0804,0.35,0.5804,0.3839,0.0071,0.5268,1.9911,-0.1779,cascade
9b,instruct,collapsed_q2_edge,cognitive_structural_25_75,forensic,560,0.1018,0.0821,0.366,0.7,0.3589,0.0196,0.4893,2.2839,-0.1828,cascade
9b,instruct,collapsed_q2_edge,cognitive_structural_25_75,generalist,560,0.0804,0.0518,0.3499,0.5732,0.3661,0.0268,0.5339,2.1143,-0.2118,cascade
9b,instruct,collapsed_q2_edge,cognitive_structural_25_75,math,560,0.125,0.0964,0.3715,0.5929,0.3446,0.0214,0.4661,2.4321,-0.1701,cascade
9b,instruct,collapsed_q2_edge,cognitive_structural_25_75,planning,560,0.1268,0.0893,0.381,0.6179,0.3446,0.0107,0.4357,2.1232,-0.1573,cascade
9b,instruct,collapsed_q2_edge,cognitive_structural_25_75,rhetoric,560,0.1071,0.0857,0.3353,0.5571,0.35,0.0089,0.5571,2.4411,-0.1877,cascade
9b,instruct,collapsed_q2_edge,cognitive_structural_25_75,spatial,560,0.1321,0.1018,0.3762,0.6304,0.3321,0.0232,0.4196,2.225,-0.1473,cascade
9b,instruct,collapsed_q2_edge,cyber_structural_25_75,adversarial,560,0.2036,0.1482,0.4884,0.8161,0.3214,0.0304,0.5554,1.9786,-0.0976,cascade
9b,instruct,collapsed_q2_edge,cyber_structural_25_75,boundary,560,0.225,0.1482,0.5057,0.825,0.3357,0.0232,0.5875,1.7589,-0.0921,cascade
9b,instruct,collapsed_q2_edge,cyber_structural_25_75,coding,560,0.0982,0.0696,0.3513,0.5375,0.3554,0.0179,0.3929,2.2768,-0.1858,cascade
9b,instruct,collapsed_q2_edge,cyber_structural_25_75,epistemic,560,0.125,0.1018,0.3828,0.5768,0.3429,0.0125,0.4768,1.9161,-0.1375,cascade
9b,instruct,collapsed_q2_edge,cyber_structural_25_75,forensic,560,0.1625,0.1232,0.4104,0.775,0.3464,0.0268,0.4964,2.0839,-0.13,cascade
9b,instruct,collapsed_q2_edge,cyber_structural_25_75,generalist,560,0.0911,0.0696,0.3604,0.5571,0.3857,0.0268,0.4304,2.0357,-0.1876,cascade
9b,instruct,collapsed_q2_edge,cyber_structural_25_75,math,560,0.1107,0.0857,0.3432,0.5411,0.3125,0.0304,0.5286,2.5089,-0.1818,cascade
9b,instruct,collapsed_q2_edge,cyber_structural_25_75,planning,560,0.1536,0.1179,0.377,0.5839,0.3232,0.0232,0.4214,2.1679,-0.1259,cascade
9b,instruct,collapsed_q2_edge,cyber_structural_25_75,rhetoric,560,0.0893,0.0714,0.3217,0.5375,0.3482,0.0268,0.5018,2.4232,-0.1997,cascade
9b,instruct,collapsed_q2_edge,cyber_structural_25_75,spatial,560,0.1304,0.0964,0.3634,0.5661,0.3196,0.0304,0.3643,2.2429,-0.1468,cascade
9b,instruct,collapsed_q2_edge,q2_structural_amplifier,adversarial,560,0.7268,0.3161,0.8539,0.9929,0.1857,0.2768,0.55,0.1286,0.1546,distractor_capture
9b,instruct,collapsed_q2_edge,q2_structural_amplifier,boundary,560,0.7714,0.2821,0.855,0.9875,0.1732,0.3071,0.6518,0.0839,0.1124,distractor_capture
9b,instruct,collapsed_q2_edge,q2_structural_amplifier,coding,560,0.5071,0.2714,0.7022,0.7179,0.1839,0.2857,0.4643,0.625,0.0907,none
9b,instruct,collapsed_q2_edge,q2_structural_amplifier,epistemic,560,0.5,0.2661,0.6899,0.7089,0.2054,0.2571,0.5464,0.575,0.0806,none
9b,instruct,collapsed_q2_edge,q2_structural_amplifier,forensic,560,0.6071,0.3143,0.7819,0.9679,0.1857,0.2679,0.5036,0.5,0.1397,none
9b,instruct,collapsed_q2_edge,q2_structural_amplifier,generalist,560,0.4446,0.2429,0.653,0.6446,0.2036,0.275,0.4982,0.7107,0.0514,none
9b,instruct,collapsed_q2_edge,q2_structural_amplifier,math,560,0.4125,0.2375,0.6486,0.6768,0.175,0.2411,0.5429,0.9679,0.045,none
9b,instruct,collapsed_q2_edge,q2_structural_amplifier,planning,560,0.5268,0.2607,0.7136,0.6839,0.1821,0.2625,0.4679,0.5446,0.0889,none
9b,instruct,collapsed_q2_edge,q2_structural_amplifier,rhetoric,560,0.3768,0.2107,0.6286,0.6464,0.2089,0.2607,0.4964,0.9071,0.0108,classification_miss
9b,instruct,collapsed_q2_edge,q2_structural_amplifier,spatial,560,0.4768,0.2893,0.6712,0.7036,0.1964,0.2607,0.4089,0.7768,0.1067,none
9b,instruct,collapsed_q2_edge,routed_tri_structural_60,adversarial,560,0.2679,0.1839,0.547,0.85,0.3036,0.0286,0.5179,1.7429,-0.0414,cascade
9b,instruct,collapsed_q2_edge,routed_tri_structural_60,boundary,560,0.2482,0.1661,0.5277,0.8089,0.325,0.0696,0.5964,1.6018,-0.0732,cascade
9b,instruct,collapsed_q2_edge,routed_tri_structural_60,coding,560,0.1696,0.1214,0.4442,0.6518,0.2946,0.0393,0.4768,1.9268,-0.1093,cascade
9b,instruct,collapsed_q2_edge,routed_tri_structural_60,epistemic,560,0.1643,0.1089,0.4334,0.6232,0.2946,0.0232,0.5161,1.6732,-0.1091,cascade
9b,instruct,collapsed_q2_edge,routed_tri_structural_60,forensic,560,0.1696,0.1321,0.4522,0.7625,0.3429,0.0411,0.4518,1.8268,-0.1064,cascade
9b,instruct,collapsed_q2_edge,routed_tri_structural_60,generalist,560,0.1536,0.1018,0.4247,0.6018,0.3071,0.0482,0.5179,1.8071,-0.1318,cascade
9b,instruct,collapsed_q2_edge,routed_tri_structural_60,math,560,0.1804,0.1446,0.415,0.5982,0.2946,0.0482,0.4643,2.2232,-0.1017,cascade
9b,instruct,collapsed_q2_edge,routed_tri_structural_60,planning,560,0.1929,0.1679,0.4496,0.5982,0.3071,0.0304,0.3464,1.8196,-0.0491,cascade
9b,instruct,collapsed_q2_edge,routed_tri_structural_60,rhetoric,560,0.1339,0.1036,0.3963,0.6196,0.325,0.0464,0.5321,2.1554,-0.1536,cascade
9b,instruct,collapsed_q2_edge,routed_tri_structural_60,spatial,560,0.1857,0.1411,0.4481,0.6339,0.2964,0.0375,0.4268,1.8411,-0.0816,cascade
9b,instruct,collapsed_q2_edge,routed_tri_structural_65,adversarial,560,0.2768,0.2,0.5748,0.8643,0.3125,0.0429,0.5304,1.5446,-0.022,cascade
9b,instruct,collapsed_q2_edge,routed_tri_structural_65,boundary,560,0.3089,0.1893,0.5949,0.8571,0.2768,0.0589,0.6232,1.3911,-0.0249,cascade
9b,instruct,collapsed_q2_edge,routed_tri_structural_65,coding,560,0.1911,0.1446,0.4566,0.6232,0.3089,0.0268,0.4268,1.8232,-0.0787,cascade
9b,instruct,collapsed_q2_edge,routed_tri_structural_65,epistemic,560,0.1875,0.1429,0.4553,0.6232,0.2857,0.0304,0.5161,1.6286,-0.0716,cascade
9b,instruct,collapsed_q2_edge,routed_tri_structural_65,forensic,560,0.1982,0.1464,0.4821,0.8125,0.3179,0.0446,0.5304,1.8071,-0.0906,cascade
9b,instruct,collapsed_q2_edge,routed_tri_structural_65,generalist,560,0.1875,0.1429,0.4488,0.5929,0.3143,0.0411,0.4821,1.6571,-0.0811,cascade
9b,instruct,collapsed_q2_edge,routed_tri_structural_65,math,560,0.1857,0.1411,0.4623,0.6786,0.2732,0.0393,0.5518,1.9929,-0.0925,cascade
9b,instruct,collapsed_q2_edge,routed_tri_structural_65,planning,560,0.2554,0.2018,0.5028,0.6768,0.2571,0.0411,0.3839,1.6786,0.0018,cascade
9b,instruct,collapsed_q2_edge,routed_tri_structural_65,rhetoric,560,0.1607,0.1179,0.4292,0.6482,0.3,0.0357,0.5107,2.0054,-0.1204,cascade
9b,instruct,collapsed_q2_edge,routed_tri_structural_65,spatial,560,0.2321,0.1857,0.4818,0.6625,0.2929,0.0375,0.3714,1.7393,-0.0263,cascade
9b,instruct,collapsed_q2_edge,stability_first_tri_70,adversarial,560,0.3071,0.2018,0.5887,0.8357,0.3054,0.0214,0.5554,1.4179,-0.0094,cascade
9b,instruct,collapsed_q2_edge,stability_first_tri_70,boundary,560,0.3518,0.225,0.6163,0.8464,0.3054,0.0429,0.5375,1.2304,0.0203,cascade
9b,instruct,collapsed_q2_edge,stability_first_tri_70,coding,560,0.2286,0.1893,0.5171,0.6786,0.2893,0.025,0.3857,1.5607,-0.0114,cascade
9b,instruct,collapsed_q2_edge,stability_first_tri_70,epistemic,560,0.2196,0.1482,0.5062,0.6393,0.2679,0.0179,0.4911,1.3964,-0.0448,cascade
9b,instruct,collapsed_q2_edge,stability_first_tri_70,forensic,560,0.2518,0.1911,0.5208,0.8268,0.3232,0.0321,0.4393,1.5946,-0.0272,cascade
9b,instruct,collapsed_q2_edge,stability_first_tri_70,generalist,560,0.1893,0.1393,0.458,0.5857,0.3018,0.0411,0.5125,1.6089,-0.0809,cascade
9b,instruct,collapsed_q2_edge,stability_first_tri_70,math,560,0.2054,0.1464,0.4756,0.6857,0.2732,0.0339,0.5429,1.9125,-0.0814,cascade
9b,instruct,collapsed_q2_edge,stability_first_tri_70,planning,560,0.2821,0.225,0.5177,0.6339,0.275,0.0304,0.4286,1.5393,0.0252,cascade
9b,instruct,collapsed_q2_edge,stability_first_tri_70,rhetoric,560,0.1857,0.1482,0.4442,0.6161,0.3036,0.0268,0.5089,1.8696,-0.0824,cascade
9b,instruct,collapsed_q2_edge,stability_first_tri_70,spatial,560,0.2643,0.2,0.4987,0.6911,0.2911,0.0268,0.4161,1.6589,-0.0089,cascade
9b,instruct,damaged_q2,cognitive_structural_25_75,adversarial,560,0.3893,0.2768,0.6497,0.8536,0.2232,0.0268,0.4607,1.2554,0.1048,none
9b,instruct,damaged_q2,cognitive_structural_25_75,boundary,560,0.4107,0.275,0.6435,0.8643,0.2482,0.0232,0.5268,1.1964,0.0939,none
9b,instruct,damaged_q2,cognitive_structural_25_75,coding,560,0.3107,0.225,0.5765,0.7161,0.2339,0.0339,0.4232,1.3625,0.0461,cascade
9b,instruct,damaged_q2,cognitive_structural_25_75,epistemic,560,0.3268,0.2429,0.6055,0.7625,0.1911,0.0071,0.4321,1.1625,0.0914,none
9b,instruct,damaged_q2,cognitive_structural_25_75,forensic,560,0.3946,0.2786,0.617,0.8321,0.2,0.0179,0.475,1.2982,0.1121,none
9b,instruct,damaged_q2,cognitive_structural_25_75,generalist,560,0.3214,0.2357,0.5995,0.7429,0.1946,0.0214,0.4446,1.2107,0.0769,none
9b,instruct,damaged_q2,cognitive_structural_25_75,math,560,0.3411,0.2411,0.5877,0.7125,0.2018,0.0089,0.4714,1.4232,0.0699,none
9b,instruct,damaged_q2,cognitive_structural_25_75,planning,560,0.3875,0.2964,0.6182,0.7393,0.1964,0.0232,0.3679,1.2054,0.1432,none
9b,instruct,damaged_q2,cognitive_structural_25_75,rhetoric,560,0.3054,0.2214,0.5842,0.7429,0.2268,0.0089,0.4286,1.3696,0.0488,cascade
9b,instruct,damaged_q2,cognitive_structural_25_75,spatial,560,0.3839,0.2964,0.6107,0.7464,0.2036,0.0214,0.3268,1.2554,0.1422,none
9b,instruct,damaged_q2,cyber_structural_25_75,adversarial,560,0.5607,0.3946,0.7729,0.9625,0.1875,0.0304,0.3661,0.775,0.2643,none
9b,instruct,damaged_q2,cyber_structural_25_75,boundary,560,0.5964,0.4018,0.7703,0.9661,0.2179,0.0429,0.4625,0.6857,0.2566,none
9b,instruct,damaged_q2,cyber_structural_25_75,coding,560,0.3464,0.2464,0.5952,0.7196,0.2286,0.0286,0.3893,1.2893,0.0765,none
9b,instruct,damaged_q2,cyber_structural_25_75,epistemic,560,0.3411,0.25,0.6097,0.7179,0.2143,0.0161,0.4482,1.0357,0.0949,none
9b,instruct,damaged_q2,cyber_structural_25_75,forensic,560,0.4714,0.3696,0.692,0.9304,0.1696,0.0196,0.4054,1.0679,0.229,none
9b,instruct,damaged_q2,cyber_structural_25_75,generalist,560,0.2464,0.1964,0.5543,0.6554,0.2393,0.0232,0.4161,1.2911,0.0222,cascade
9b,instruct,damaged_q2,cyber_structural_25_75,math,560,0.2821,0.2125,0.5723,0.7036,0.1946,0.0196,0.4446,1.5071,0.0393,classification_miss
9b,instruct,damaged_q2,cyber_structural_25_75,planning,560,0.3786,0.2804,0.5971,0.6679,0.2143,0.0321,0.3429,1.2339,0.1205,none
9b,instruct,damaged_q2,cyber_structural_25_75,rhetoric,560,0.2893,0.2125,0.5522,0.6679,0.2321,0.0179,0.4232,1.4357,0.0336,cascade
9b,instruct,damaged_q2,cyber_structural_25_75,spatial,560,0.3607,0.2839,0.5827,0.6929,0.2321,0.025,0.3143,1.2786,0.1202,none
9b,instruct,damaged_q2,q2_structural_amplifier,adversarial,560,0.7982,0.3732,0.8813,0.9875,0.1411,0.2875,0.4768,0.0625,0.2321,none
9b,instruct,damaged_q2,q2_structural_amplifier,boundary,560,0.8196,0.4036,0.8819,0.9893,0.1375,0.2821,0.4929,0.0661,0.2632,none
9b,instruct,damaged_q2,q2_structural_amplifier,coding,560,0.7679,0.4036,0.8592,0.8661,0.1339,0.2732,0.3411,0.1054,0.2762,none
9b,instruct,damaged_q2,q2_structural_amplifier,epistemic,560,0.7429,0.3518,0.8476,0.8554,0.1429,0.2804,0.4143,0.1125,0.2141,none
9b,instruct,damaged_q2,q2_structural_amplifier,forensic,560,0.8089,0.4429,0.8854,0.9893,0.1518,0.2321,0.4,0.0964,0.3141,none
9b,instruct,damaged_q2,q2_structural_amplifier,generalist,560,0.6893,0.4161,0.8235,0.8,0.1375,0.2536,0.4339,0.1732,0.2807,none
9b,instruct,damaged_q2,q2_structural_amplifier,math,560,0.7036,0.3768,0.8198,0.7696,0.1143,0.2429,0.4339,0.25,0.2467,none
9b,instruct,damaged_q2,q2_structural_amplifier,planning,560,0.7554,0.4179,0.8549,0.8268,0.1196,0.2571,0.3679,0.1036,0.2959,none
9b,instruct,damaged_q2,q2_structural_amplifier,rhetoric,560,0.7089,0.3357,0.8252,0.7982,0.125,0.3036,0.4304,0.2018,0.193,none
9b,instruct,damaged_q2,q2_structural_amplifier,spatial,560,0.7446,0.4071,0.8366,0.8179,0.1214,0.2679,0.3536,0.2071,0.2785,none
9b,instruct,damaged_q2,routed_tri_structural_60,adversarial,560,0.5964,0.3946,0.7857,0.9589,0.1839,0.0518,0.4214,0.6946,0.2607,none
9b,instruct,damaged_q2,routed_tri_structural_60,boundary,560,0.6518,0.4232,0.7985,0.9571,0.1929,0.0446,0.4625,0.5732,0.2908,none
9b,instruct,damaged_q2,routed_tri_structural_60,coding,560,0.4393,0.3179,0.6621,0.7375,0.1821,0.0357,0.4,1.025,0.1728,none
9b,instruct,damaged_q2,routed_tri_structural_60,epistemic,560,0.4446,0.3161,0.6942,0.7857,0.1982,0.0125,0.4071,0.7696,0.1831,none
9b,instruct,damaged_q2,routed_tri_structural_60,forensic,560,0.5107,0.3589,0.7218,0.9357,0.1839,0.0446,0.4339,0.8893,0.2156,none
9b,instruct,damaged_q2,routed_tri_structural_60,generalist,560,0.3964,0.3,0.6537,0.7339,0.2,0.0536,0.4054,0.9446,0.1496,none
9b,instruct,damaged_q2,routed_tri_structural_60,math,560,0.4339,0.3089,0.6499,0.7625,0.1875,0.0339,0.4429,1.1821,0.1514,none
9b,instruct,damaged_q2,routed_tri_structural_60,planning,560,0.4982,0.3679,0.6916,0.7893,0.1857,0.0411,0.3536,0.9143,0.2299,none
9b,instruct,damaged_q2,routed_tri_structural_60,rhetoric,560,0.3625,0.2482,0.6247,0.7446,0.2,0.0357,0.4679,1.1714,0.0851,none
9b,instruct,damaged_q2,routed_tri_structural_60,spatial,560,0.4375,0.3321,0.6621,0.7714,0.1732,0.0589,0.3536,1.075,0.1864,none
9b,instruct,damaged_q2,routed_tri_structural_65,adversarial,560,0.6714,0.4464,0.8177,0.9696,0.1911,0.05,0.4179,0.5179,0.3198,none
9b,instruct,damaged_q2,routed_tri_structural_65,boundary,560,0.7339,0.4571,0.8468,0.9839,0.1607,0.0464,0.4696,0.3821,0.343,none
9b,instruct,damaged_q2,routed_tri_structural_65,coding,560,0.4857,0.375,0.6938,0.7518,0.175,0.0375,0.3375,0.8964,0.2432,none
9b,instruct,damaged_q2,routed_tri_structural_65,epistemic,560,0.4929,0.3661,0.711,0.8054,0.1804,0.0286,0.4,0.7321,0.2376,none
9b,instruct,damaged_q2,routed_tri_structural_65,forensic,560,0.5696,0.4143,0.7428,0.9536,0.1839,0.0393,0.3875,0.8232,0.2791,none
9b,instruct,damaged_q2,routed_tri_structural_65,generalist,560,0.4714,0.3286,0.6964,0.7607,0.1786,0.05,0.4107,0.8,0.1921,none
9b,instruct,damaged_q2,routed_tri_structural_65,math,560,0.4107,0.2821,0.6576,0.7625,0.1875,0.0375,0.4643,1.1107,0.1257,none
9b,instruct,damaged_q2,routed_tri_structural_65,planning,560,0.5679,0.4161,0.7295,0.7857,0.1607,0.0286,0.3643,0.7607,0.295,none
9b,instruct,damaged_q2,routed_tri_structural_65,rhetoric,560,0.4214,0.3,0.6635,0.7536,0.2179,0.0339,0.4089,0.9768,0.1463,none
9b,instruct,damaged_q2,routed_tri_structural_65,spatial,560,0.4625,0.3321,0.6805,0.7696,0.1875,0.0429,0.3643,0.9179,0.1923,none
9b,instruct,damaged_q2,stability_first_tri_70,adversarial,560,0.7161,0.4911,0.8474,0.9679,0.1732,0.0375,0.3982,0.3893,0.3803,none
9b,instruct,damaged_q2,stability_first_tri_70,boundary,560,0.7429,0.4911,0.8467,0.9625,0.175,0.0393,0.4125,0.3589,0.3798,none
9b,instruct,damaged_q2,stability_first_tri_70,coding,560,0.5875,0.4268,0.7621,0.8179,0.1375,0.0446,0.3393,0.6786,0.3155,none
9b,instruct,damaged_q2,stability_first_tri_70,epistemic,560,0.5161,0.3821,0.7269,0.7875,0.1821,0.0304,0.4107,0.6625,0.2554,none
9b,instruct,damaged_q2,stability_first_tri_70,forensic,560,0.6393,0.4571,0.7813,0.9518,0.1429,0.0286,0.4018,0.6893,0.342,none
9b,instruct,damaged_q2,stability_first_tri_70,generalist,560,0.4964,0.375,0.7307,0.7696,0.1804,0.0268,0.3911,0.6536,0.2516,none
9b,instruct,damaged_q2,stability_first_tri_70,math,560,0.4964,0.3482,0.6985,0.7714,0.1768,0.0196,0.4446,0.9286,0.2092,none
9b,instruct,damaged_q2,stability_first_tri_70,planning,560,0.6214,0.4661,0.7614,0.7857,0.1518,0.0232,0.3339,0.6429,0.357,none
9b,instruct,damaged_q2,stability_first_tri_70,rhetoric,560,0.5286,0.3875,0.7075,0.7839,0.1857,0.025,0.4214,0.8375,0.2512,none
9b,instruct,damaged_q2,stability_first_tri_70,spatial,560,0.5411,0.3946,0.7261,0.7982,0.1643,0.0357,0.3357,0.7964,0.2715,none
9b,instruct,damaged_q3,cognitive_structural_25_75,adversarial,560,0.8821,0.675,0.9356,0.9964,0.1018,0.0179,0.2625,0.0732,0.6162,none
9b,instruct,damaged_q3,cognitive_structural_25_75,boundary,560,0.8679,0.6107,0.9314,0.9893,0.1018,0.0411,0.3357,0.0536,0.5424,none
9b,instruct,damaged_q3,cognitive_structural_25_75,coding,560,0.8518,0.6643,0.9237,0.9571,0.1,0.0357,0.2411,0.0929,0.6032,none
9b,instruct,damaged_q3,cognitive_structural_25_75,epistemic,560,0.8536,0.65,0.9242,0.9696,0.0804,0.0071,0.2804,0.1143,0.5963,none
9b,instruct,damaged_q3,cognitive_structural_25_75,forensic,560,0.8571,0.6554,0.9209,0.9911,0.1036,0.0071,0.2536,0.1411,0.5955,none
9b,instruct,damaged_q3,cognitive_structural_25_75,generalist,560,0.8018,0.5964,0.8946,0.9286,0.1036,0.0286,0.3054,0.1661,0.5269,none
9b,instruct,damaged_q3,cognitive_structural_25_75,math,560,0.8571,0.6304,0.908,0.9393,0.0786,0.025,0.325,0.1875,0.5664,none
9b,instruct,damaged_q3,cognitive_structural_25_75,planning,560,0.8536,0.6625,0.9189,0.9411,0.0804,0.0107,0.2429,0.1268,0.6105,none
9b,instruct,damaged_q3,cognitive_structural_25_75,rhetoric,560,0.7821,0.6,0.8839,0.9304,0.1268,0.0054,0.325,0.2036,0.5247,none
9b,instruct,damaged_q3,cognitive_structural_25_75,spatial,560,0.8768,0.6607,0.9152,0.9518,0.075,0.0161,0.2714,0.1696,0.6048,none
9b,instruct,damaged_q3,cyber_structural_25_75,adversarial,560,0.8804,0.6411,0.9332,0.9857,0.1036,0.025,0.2821,0.0625,0.5793,none
9b,instruct,damaged_q3,cyber_structural_25_75,boundary,560,0.9018,0.6268,0.9381,0.9893,0.0875,0.0429,0.3196,0.05,0.5639,none
9b,instruct,damaged_q3,cyber_structural_25_75,coding,560,0.8714,0.65,0.9174,0.9125,0.0679,0.0411,0.2536,0.1232,0.595,none
9b,instruct,damaged_q3,cyber_structural_25_75,epistemic,560,0.7982,0.6107,0.8908,0.9036,0.0982,0.0125,0.2786,0.1768,0.5476,none
9b,instruct,damaged_q3,cyber_structural_25_75,forensic,560,0.8571,0.625,0.923,0.9964,0.1143,0.0286,0.2875,0.1036,0.5568,none
9b,instruct,damaged_q3,cyber_structural_25_75,generalist,560,0.7911,0.5964,0.8787,0.8589,0.1036,0.0446,0.2607,0.1929,0.5259,none
9b,instruct,damaged_q3,cyber_structural_25_75,math,560,0.8,0.5625,0.884,0.8946,0.0821,0.0304,0.3268,0.2643,0.4924,none
9b,instruct,damaged_q3,cyber_structural_25_75,planning,560,0.8321,0.6339,0.9035,0.8929,0.0982,0.0161,0.2536,0.1214,0.5749,none
9b,instruct,damaged_q3,cyber_structural_25_75,rhetoric,560,0.7804,0.5661,0.8697,0.8607,0.0946,0.0196,0.3107,0.2589,0.4959,none
9b,instruct,damaged_q3,cyber_structural_25_75,spatial,560,0.7946,0.6143,0.8847,0.8857,0.1089,0.0286,0.2321,0.1982,0.5474,none
9b,instruct,damaged_q3,q2_structural_amplifier,adversarial,560,0.8786,0.4857,0.9152,0.9929,0.0839,0.2625,0.325,0.0554,0.3793,none
9b,instruct,damaged_q3,q2_structural_amplifier,boundary,560,0.8607,0.4339,0.9051,0.9946,0.1071,0.2589,0.3661,0.0571,0.3179,none
9b,instruct,damaged_q3,q2_structural_amplifier,coding,560,0.8625,0.4339,0.9089,0.9911,0.1018,0.2768,0.3107,0.05,0.3207,none
9b,instruct,damaged_q3,q2_structural_amplifier,epistemic,560,0.8625,0.4571,0.914,0.9911,0.1125,0.2696,0.3,0.0286,0.344,none
9b,instruct,damaged_q3,q2_structural_amplifier,forensic,560,0.8804,0.5089,0.9191,0.9911,0.0893,0.2732,0.275,0.0464,0.4032,none
9b,instruct,damaged_q3,q2_structural_amplifier,generalist,560,0.8714,0.5036,0.9129,0.975,0.0964,0.25,0.2786,0.0429,0.4002,none
9b,instruct,damaged_q3,q2_structural_amplifier,math,560,0.8696,0.4875,0.9145,0.975,0.0964,0.2518,0.2964,0.0446,0.3823,none
9b,instruct,damaged_q3,q2_structural_amplifier,planning,560,0.8964,0.5411,0.9202,0.9893,0.0786,0.2696,0.2429,0.0571,0.4413,none
9b,instruct,damaged_q3,q2_structural_amplifier,rhetoric,560,0.8571,0.4643,0.9059,0.9714,0.0929,0.2393,0.3625,0.0732,0.3559,none
9b,instruct,damaged_q3,q2_structural_amplifier,spatial,560,0.8946,0.5214,0.9264,0.9839,0.0768,0.2393,0.2393,0.0518,0.4288,none
9b,instruct,damaged_q3,routed_tri_structural_60,adversarial,560,0.8536,0.6054,0.9266,0.9857,0.1286,0.0429,0.2893,0.0536,0.5324,none
9b,instruct,damaged_q3,routed_tri_structural_60,boundary,560,0.9054,0.6161,0.9392,0.9929,0.075,0.05,0.3393,0.0589,0.5535,none
9b,instruct,damaged_q3,routed_tri_structural_60,coding,560,0.8607,0.6214,0.9228,0.9536,0.1036,0.0232,0.2857,0.0768,0.559,none
9b,instruct,damaged_q3,routed_tri_structural_60,epistemic,560,0.8786,0.6482,0.9386,0.9839,0.1,0.0339,0.2732,0.0321,0.588,none
9b,instruct,damaged_q3,routed_tri_structural_60,forensic,560,0.9089,0.6554,0.943,0.9911,0.0768,0.0643,0.2643,0.0661,0.595,none
9b,instruct,damaged_q3,routed_tri_structural_60,generalist,560,0.8571,0.6089,0.9248,0.9643,0.1036,0.0518,0.2839,0.0679,0.5414,none
9b,instruct,damaged_q3,routed_tri_structural_60,math,560,0.875,0.6446,0.9276,0.9732,0.0964,0.0286,0.2607,0.1071,0.5838,none
9b,instruct,damaged_q3,routed_tri_structural_60,planning,560,0.8732,0.6625,0.9313,0.9661,0.1018,0.0375,0.2232,0.0679,0.6032,none
9b,instruct,damaged_q3,routed_tri_structural_60,rhetoric,560,0.8911,0.625,0.9349,0.9625,0.0768,0.0554,0.2982,0.0661,0.5637,none
9b,instruct,damaged_q3,routed_tri_structural_60,spatial,560,0.9018,0.7161,0.9446,0.9643,0.0696,0.0411,0.1982,0.0607,0.6681,none
9b,instruct,damaged_q3,routed_tri_structural_65,adversarial,560,0.8946,0.6214,0.939,0.9911,0.0911,0.0375,0.2929,0.0536,0.5605,none
9b,instruct,damaged_q3,routed_tri_structural_65,boundary,560,0.8661,0.6196,0.9268,0.9893,0.1196,0.0518,0.3,0.0643,0.5462,none
9b,instruct,damaged_q3,routed_tri_structural_65,coding,560,0.8821,0.6571,0.9364,0.975,0.0911,0.0482,0.2429,0.0607,0.5977,none
9b,instruct,damaged_q3,routed_tri_structural_65,epistemic,560,0.8857,0.6232,0.9396,0.9857,0.0839,0.0304,0.2964,0.0464,0.5659,none
9b,instruct,damaged_q3,routed_tri_structural_65,forensic,560,0.8893,0.6589,0.9402,0.9911,0.0893,0.0446,0.2696,0.0571,0.5988,none
9b,instruct,damaged_q3,routed_tri_structural_65,generalist,560,0.8393,0.6268,0.9151,0.9339,0.1018,0.05,0.2964,0.0804,0.5585,none
9b,instruct,damaged_q3,routed_tri_structural_65,math,560,0.8964,0.6625,0.9328,0.9589,0.0714,0.0232,0.2768,0.0929,0.6096,none
9b,instruct,damaged_q3,routed_tri_structural_65,planning,560,0.8661,0.6375,0.9288,0.9661,0.1018,0.0393,0.2393,0.075,0.5762,none
9b,instruct,damaged_q3,routed_tri_structural_65,rhetoric,560,0.8946,0.6357,0.9359,0.9589,0.0714,0.0411,0.3036,0.0625,0.5787,none
9b,instruct,damaged_q3,routed_tri_structural_65,spatial,560,0.8768,0.6482,0.9314,0.9607,0.0839,0.0393,0.2571,0.0786,0.5907,none
9b,instruct,damaged_q3,stability_first_tri_70,adversarial,560,0.8679,0.6554,0.9314,0.9857,0.1143,0.0321,0.2625,0.0643,0.5904,none
9b,instruct,damaged_q3,stability_first_tri_70,boundary,560,0.8946,0.6357,0.9371,0.9893,0.0911,0.0518,0.3071,0.0554,0.5707,none
9b,instruct,damaged_q3,stability_first_tri_70,coding,560,0.8804,0.6964,0.9401,0.9839,0.0982,0.0286,0.2143,0.0518,0.6415,none
9b,instruct,damaged_q3,stability_first_tri_70,epistemic,560,0.9071,0.6768,0.9491,0.9946,0.0696,0.0179,0.2696,0.0411,0.6287,none
9b,instruct,damaged_q3,stability_first_tri_70,forensic,560,0.8875,0.6732,0.9398,0.9839,0.0982,0.0304,0.2643,0.0339,0.6148,none
9b,instruct,damaged_q3,stability_first_tri_70,generalist,560,0.8964,0.6643,0.9424,0.9679,0.0732,0.0429,0.2571,0.0411,0.6111,none
9b,instruct,damaged_q3,stability_first_tri_70,math,560,0.8929,0.6482,0.933,0.9661,0.0821,0.025,0.3,0.0714,0.591,none
9b,instruct,damaged_q3,stability_first_tri_70,planning,560,0.8732,0.6589,0.9364,0.9857,0.1054,0.0339,0.2446,0.0482,0.5986,none
9b,instruct,damaged_q3,stability_first_tri_70,rhetoric,560,0.9054,0.6679,0.9423,0.9786,0.0714,0.0321,0.2804,0.0589,0.6146,none
9b,instruct,damaged_q3,stability_first_tri_70,spatial,560,0.8893,0.6625,0.9397,0.9839,0.0893,0.0286,0.2375,0.0571,0.6081,none
9b,instruct,damaged_q4,cognitive_structural_25_75,adversarial,560,0.9286,0.7464,0.9542,0.9929,0.0625,0.0179,0.2018,0.0589,0.705,none
9b,instruct,damaged_q4,cognitive_structural_25_75,boundary,560,0.9214,0.6839,0.9515,1.0,0.0696,0.0286,0.2607,0.0429,0.6343,none
9b,instruct,damaged_q4,cognitive_structural_25_75,coding,560,0.9107,0.7464,0.9533,0.9964,0.0821,0.0196,0.1732,0.0411,0.7019,none
9b,instruct,damaged_q4,cognitive_structural_25_75,epistemic,560,0.9143,0.7304,0.9492,0.9839,0.0625,0.0054,0.2232,0.0536,0.69,none
9b,instruct,damaged_q4,cognitive_structural_25_75,forensic,560,0.9268,0.7429,0.9564,0.9839,0.0536,0.0268,0.2071,0.0393,0.7029,none
9b,instruct,damaged_q4,cognitive_structural_25_75,generalist,560,0.9,0.6786,0.9464,0.9839,0.0714,0.0411,0.2321,0.0482,0.6279,none
9b,instruct,damaged_q4,cognitive_structural_25_75,math,560,0.9375,0.7304,0.9535,0.9893,0.05,0.0125,0.2411,0.0643,0.6904,none
9b,instruct,damaged_q4,cognitive_structural_25_75,planning,560,0.9321,0.75,0.9576,0.9911,0.0589,0.0196,0.2036,0.0375,0.7102,none
9b,instruct,damaged_q4,cognitive_structural_25_75,rhetoric,560,0.9214,0.7339,0.9539,0.9929,0.0607,0.0161,0.2143,0.0536,0.6927,none
9b,instruct,damaged_q4,cognitive_structural_25_75,spatial,560,0.9214,0.7589,0.9536,0.9911,0.0679,0.0161,0.1696,0.0571,0.7189,none
9b,instruct,damaged_q4,cyber_structural_25_75,adversarial,560,0.9071,0.7196,0.9507,0.9982,0.0714,0.025,0.2054,0.0661,0.6735,none
9b,instruct,damaged_q4,cyber_structural_25_75,boundary,560,0.9125,0.6929,0.9466,0.9946,0.0768,0.0339,0.2411,0.0589,0.6408,none
9b,instruct,damaged_q4,cyber_structural_25_75,coding,560,0.9286,0.7339,0.9556,0.9857,0.0571,0.0214,0.2,0.0446,0.6943,none
9b,instruct,damaged_q4,cyber_structural_25_75,epistemic,560,0.9018,0.7054,0.9501,0.9893,0.0643,0.025,0.2339,0.05,0.6599,none
9b,instruct,damaged_q4,cyber_structural_25_75,forensic,560,0.9018,0.7393,0.9476,0.9893,0.0786,0.0179,0.1804,0.0607,0.6947,none
9b,instruct,damaged_q4,cyber_structural_25_75,generalist,560,0.9036,0.7125,0.9461,0.9732,0.0554,0.0321,0.225,0.0661,0.6682,none
9b,instruct,damaged_q4,cyber_structural_25_75,math,560,0.8982,0.6857,0.9471,0.975,0.075,0.0339,0.2411,0.0375,0.6353,none
9b,instruct,damaged_q4,cyber_structural_25_75,planning,560,0.9196,0.7518,0.9536,0.9893,0.0625,0.0268,0.1696,0.0589,0.7112,none
9b,instruct,damaged_q4,cyber_structural_25_75,rhetoric,560,0.9143,0.7161,0.9496,0.9821,0.0607,0.0143,0.2161,0.0643,0.6745,none
9b,instruct,damaged_q4,cyber_structural_25_75,spatial,560,0.8964,0.7286,0.9468,0.9875,0.0804,0.0268,0.1839,0.0536,0.6817,none
9b,instruct,damaged_q4,q2_structural_amplifier,adversarial,560,0.8911,0.5411,0.9225,0.9857,0.0732,0.2821,0.2125,0.0554,0.4429,none
9b,instruct,damaged_q4,q2_structural_amplifier,boundary,560,0.8821,0.4946,0.9156,0.9857,0.0964,0.2768,0.2554,0.0393,0.388,none
9b,instruct,damaged_q4,q2_structural_amplifier,coding,560,0.9036,0.525,0.9264,0.9911,0.0732,0.2946,0.2036,0.0393,0.4259,none
9b,instruct,damaged_q4,q2_structural_amplifier,epistemic,560,0.8982,0.5321,0.9305,0.9929,0.0661,0.2143,0.2929,0.0393,0.4441,none
9b,instruct,damaged_q4,q2_structural_amplifier,forensic,560,0.8946,0.5214,0.9228,0.9875,0.0839,0.2714,0.2661,0.0393,0.4187,none
9b,instruct,damaged_q4,q2_structural_amplifier,generalist,560,0.8679,0.4696,0.9134,0.9857,0.0821,0.3071,0.2607,0.0464,0.3604,none
9b,instruct,damaged_q4,q2_structural_amplifier,math,560,0.8964,0.5125,0.9232,0.9893,0.0679,0.2536,0.3036,0.0571,0.4143,none
9b,instruct,damaged_q4,q2_structural_amplifier,planning,560,0.9,0.5464,0.9263,0.9946,0.0786,0.2714,0.2125,0.0375,0.4497,none
9b,instruct,damaged_q4,q2_structural_amplifier,rhetoric,560,0.8982,0.5143,0.9269,0.9911,0.0679,0.2464,0.2696,0.0571,0.4202,none
9b,instruct,damaged_q4,q2_structural_amplifier,spatial,560,0.8768,0.5429,0.9241,0.9911,0.0929,0.2607,0.1946,0.05,0.4448,none
9b,instruct,damaged_q4,routed_tri_structural_60,adversarial,560,0.8982,0.675,0.9418,0.9875,0.0857,0.0554,0.2321,0.0643,0.6164,none
9b,instruct,damaged_q4,routed_tri_structural_60,boundary,560,0.9196,0.6893,0.9533,0.9964,0.0643,0.0571,0.2446,0.0429,0.6369,none
9b,instruct,damaged_q4,routed_tri_structural_60,coding,560,0.8964,0.6643,0.9442,0.9911,0.0804,0.0429,0.2393,0.0571,0.6096,none
9b,instruct,damaged_q4,routed_tri_structural_60,epistemic,560,0.9196,0.7179,0.9548,0.9911,0.0518,0.0321,0.2321,0.0446,0.6751,none
9b,instruct,damaged_q4,routed_tri_structural_60,forensic,560,0.9143,0.6911,0.9454,0.9911,0.0714,0.0429,0.2518,0.0607,0.6379,none
9b,instruct,damaged_q4,routed_tri_structural_60,generalist,560,0.9071,0.6589,0.9478,0.9893,0.0625,0.0607,0.2696,0.0482,0.6041,none
9b,instruct,damaged_q4,routed_tri_structural_60,math,560,0.9214,0.6982,0.9523,0.9893,0.0571,0.0411,0.2429,0.0571,0.6506,none
9b,instruct,damaged_q4,routed_tri_structural_60,planning,560,0.8696,0.6875,0.9354,0.9875,0.1,0.0232,0.2232,0.0679,0.6316,none
9b,instruct,damaged_q4,routed_tri_structural_60,rhetoric,560,0.9143,0.6964,0.9488,0.9929,0.0661,0.0411,0.2464,0.0607,0.6456,none
9b,instruct,damaged_q4,routed_tri_structural_60,spatial,560,0.8929,0.7125,0.9455,0.9911,0.0982,0.0464,0.1857,0.0446,0.6567,none
9b,instruct,damaged_q4,routed_tri_structural_65,adversarial,560,0.9107,0.7,0.9493,0.9875,0.075,0.0339,0.2375,0.0429,0.6496,none
9b,instruct,damaged_q4,routed_tri_structural_65,boundary,560,0.8714,0.6464,0.937,0.9893,0.1054,0.0411,0.2411,0.0554,0.5846,none
9b,instruct,damaged_q4,routed_tri_structural_65,coding,560,0.9036,0.7107,0.9476,0.9911,0.0679,0.0429,0.1964,0.0714,0.6625,none
9b,instruct,damaged_q4,routed_tri_structural_65,epistemic,560,0.8893,0.7107,0.9463,0.9929,0.0839,0.0125,0.2179,0.0464,0.6633,none
9b,instruct,damaged_q4,routed_tri_structural_65,forensic,560,0.9321,0.7286,0.9561,0.9929,0.0571,0.0357,0.2089,0.05,0.6851,none
9b,instruct,damaged_q4,routed_tri_structural_65,generalist,560,0.8768,0.6875,0.9425,0.9875,0.0911,0.0357,0.2089,0.0518,0.6337,none
9b,instruct,damaged_q4,routed_tri_structural_65,math,560,0.9179,0.7018,0.9506,0.9929,0.0661,0.0464,0.225,0.0607,0.6516,none
9b,instruct,damaged_q4,routed_tri_structural_65,planning,560,0.9339,0.7696,0.9593,0.9821,0.0482,0.0357,0.1661,0.0429,0.7326,none
9b,instruct,damaged_q4,routed_tri_structural_65,rhetoric,560,0.9179,0.6929,0.9494,0.9875,0.0696,0.0375,0.2482,0.0464,0.6423,none
9b,instruct,damaged_q4,routed_tri_structural_65,spatial,560,0.9036,0.7304,0.9525,0.9946,0.0732,0.0482,0.1661,0.0554,0.6827,none
9b,instruct,damaged_q4,stability_first_tri_70,adversarial,560,0.9054,0.7339,0.9483,0.9821,0.0804,0.0286,0.1946,0.0482,0.6861,none
9b,instruct,damaged_q4,stability_first_tri_70,boundary,560,0.9107,0.6893,0.9489,0.9929,0.0679,0.0429,0.2429,0.0571,0.6381,none
9b,instruct,damaged_q4,stability_first_tri_70,coding,560,0.9286,0.7107,0.9545,0.9893,0.0625,0.0554,0.2089,0.0429,0.662,none
9b,instruct,damaged_q4,stability_first_tri_70,epistemic,560,0.9286,0.7268,0.9571,0.9929,0.0554,0.0214,0.2232,0.0393,0.6861,none
9b,instruct,damaged_q4,stability_first_tri_70,forensic,560,0.9339,0.7625,0.9601,0.9982,0.0625,0.0339,0.1679,0.0429,0.7214,none
9b,instruct,damaged_q4,stability_first_tri_70,generalist,560,0.9071,0.6929,0.9517,0.9929,0.0589,0.0536,0.2196,0.0554,0.6441,none
9b,instruct,damaged_q4,stability_first_tri_70,math,560,0.925,0.6786,0.9476,0.9911,0.0625,0.0304,0.2679,0.0643,0.6291,none
9b,instruct,damaged_q4,stability_first_tri_70,planning,560,0.9232,0.7536,0.9563,0.9964,0.0536,0.0339,0.1714,0.0607,0.714,none
9b,instruct,damaged_q4,stability_first_tri_70,rhetoric,560,0.9179,0.7107,0.9505,0.9839,0.0714,0.025,0.2232,0.0411,0.6644,none
9b,instruct,damaged_q4,stability_first_tri_70,spatial,560,0.9125,0.7304,0.9505,0.9857,0.0625,0.0286,0.1946,0.0661,0.687,none
9b,instruct,healthy_q6,cognitive_structural_25_75,adversarial,560,0.9286,0.7768,0.9589,0.9893,0.0536,0.0196,0.1554,0.0589,0.7414,none
9b,instruct,healthy_q6,cognitive_structural_25_75,boundary,560,0.9143,0.7375,0.9518,0.9893,0.0571,0.0357,0.175,0.0786,0.6953,none
9b,instruct,healthy_q6,cognitive_structural_25_75,coding,560,0.9429,0.8089,0.9665,0.9911,0.0339,0.0161,0.1482,0.05,0.7812,none
9b,instruct,healthy_q6,cognitive_structural_25_75,epistemic,560,0.9464,0.7661,0.9632,0.9911,0.0357,0.0089,0.1911,0.0446,0.7361,none
9b,instruct,healthy_q6,cognitive_structural_25_75,forensic,560,0.9536,0.7893,0.9672,0.9929,0.0411,0.0304,0.1607,0.0375,0.7562,none
9b,instruct,healthy_q6,cognitive_structural_25_75,generalist,560,0.925,0.7571,0.9586,0.9946,0.0375,0.0268,0.1857,0.0661,0.7224,none
9b,instruct,healthy_q6,cognitive_structural_25_75,math,560,0.9464,0.7607,0.9604,0.9875,0.0464,0.0071,0.2089,0.0446,0.7264,none
9b,instruct,healthy_q6,cognitive_structural_25_75,planning,560,0.9232,0.7946,0.9606,0.9946,0.0625,0.0179,0.1357,0.0411,0.7594,none
9b,instruct,healthy_q6,cognitive_structural_25_75,rhetoric,560,0.9554,0.7857,0.9662,0.9911,0.0375,0.0107,0.1786,0.0393,0.7561,none
9b,instruct,healthy_q6,cognitive_structural_25_75,spatial,560,0.9429,0.7839,0.9626,0.9857,0.0411,0.025,0.1518,0.05,0.752,none
9b,instruct,healthy_q6,cyber_structural_25_75,adversarial,560,0.9393,0.8,0.9619,0.9821,0.0446,0.0232,0.1429,0.0518,0.7679,none
9b,instruct,healthy_q6,cyber_structural_25_75,boundary,560,0.9429,0.7804,0.9616,0.9893,0.0464,0.0304,0.1679,0.0518,0.7443,none
9b,instruct,healthy_q6,cyber_structural_25_75,coding,560,0.9554,0.7857,0.9682,0.9929,0.0339,0.0429,0.1518,0.0411,0.7528,none
9b,instruct,healthy_q6,cyber_structural_25_75,epistemic,560,0.9339,0.7911,0.9637,0.9911,0.0446,0.0089,0.1589,0.0393,0.7612,none
9b,instruct,healthy_q6,cyber_structural_25_75,forensic,560,0.9321,0.7875,0.9599,0.9929,0.0464,0.0214,0.1589,0.0571,0.7537,none
9b,instruct,healthy_q6,cyber_structural_25_75,generalist,560,0.925,0.7571,0.9598,0.9946,0.05,0.0286,0.1804,0.0446,0.7198,none
9b,instruct,healthy_q6,cyber_structural_25_75,math,560,0.9554,0.7571,0.9646,0.9982,0.0339,0.0304,0.1964,0.0589,0.7222,none
9b,instruct,healthy_q6,cyber_structural_25_75,planning,560,0.9446,0.7714,0.9617,0.9857,0.0393,0.0411,0.15,0.05,0.7369,none
9b,instruct,healthy_q6,cyber_structural_25_75,rhetoric,560,0.9304,0.75,0.9596,0.9946,0.0482,0.0286,0.1929,0.0536,0.7117,none
9b,instruct,healthy_q6,cyber_structural_25_75,spatial,560,0.925,0.8089,0.9601,0.9929,0.0589,0.025,0.1125,0.0571,0.7744,none
9b,instruct,healthy_q6,q2_structural_amplifier,adversarial,560,0.9125,0.5518,0.9313,0.9875,0.0625,0.2661,0.1982,0.0464,0.4616,none
9b,instruct,healthy_q6,q2_structural_amplifier,boundary,560,0.8875,0.5018,0.9159,0.9839,0.0821,0.2982,0.2214,0.0625,0.3967,none
9b,instruct,healthy_q6,q2_structural_amplifier,coding,560,0.9089,0.5071,0.9259,0.9821,0.0536,0.3125,0.2054,0.0518,0.4096,none
9b,instruct,healthy_q6,q2_structural_amplifier,epistemic,560,0.8893,0.5286,0.9277,0.9911,0.0679,0.2589,0.2339,0.0518,0.4351,none
9b,instruct,healthy_q6,q2_structural_amplifier,forensic,560,0.9054,0.5518,0.9271,0.9893,0.075,0.2696,0.2125,0.0536,0.4557,none
9b,instruct,healthy_q6,q2_structural_amplifier,generalist,560,0.8893,0.5268,0.9241,0.9929,0.0732,0.2625,0.2375,0.0482,0.4309,none
9b,instruct,healthy_q6,q2_structural_amplifier,math,560,0.9357,0.5143,0.9344,0.9911,0.0429,0.2536,0.2946,0.05,0.4246,none
9b,instruct,healthy_q6,q2_structural_amplifier,planning,560,0.9054,0.5929,0.9311,0.9875,0.0607,0.2321,0.1643,0.0643,0.5119,none
9b,instruct,healthy_q6,q2_structural_amplifier,rhetoric,560,0.9125,0.5143,0.9287,0.9839,0.0661,0.2839,0.2571,0.0357,0.4153,none
9b,instruct,healthy_q6,q2_structural_amplifier,spatial,560,0.9,0.5768,0.9316,0.9893,0.0768,0.2589,0.1518,0.0536,0.4871,none
9b,instruct,healthy_q6,routed_tri_structural_60,adversarial,560,0.9321,0.7714,0.9602,0.9893,0.0482,0.0339,0.1696,0.0536,0.7339,none
9b,instruct,healthy_q6,routed_tri_structural_60,boundary,560,0.9464,0.7661,0.9651,0.9911,0.0411,0.0393,0.1768,0.0375,0.7299,none
9b,instruct,healthy_q6,routed_tri_structural_60,coding,560,0.9446,0.7857,0.9691,0.9964,0.0375,0.0375,0.1429,0.0411,0.7535,none
9b,instruct,healthy_q6,routed_tri_structural_60,epistemic,560,0.9268,0.7411,0.9578,0.9911,0.05,0.025,0.2018,0.0464,0.7026,none
9b,instruct,healthy_q6,routed_tri_structural_60,forensic,560,0.9375,0.775,0.9606,0.9946,0.0554,0.0429,0.1536,0.05,0.735,none
9b,instruct,healthy_q6,routed_tri_structural_60,generalist,560,0.9018,0.7054,0.9531,0.9911,0.0625,0.0482,0.1893,0.0518,0.6592,none
9b,instruct,healthy_q6,routed_tri_structural_60,math,560,0.9446,0.7429,0.9629,0.9929,0.0446,0.0357,0.1946,0.0429,0.7046,none
9b,instruct,healthy_q6,routed_tri_structural_60,planning,560,0.9446,0.8071,0.9666,0.9964,0.0464,0.0232,0.1411,0.0375,0.7754,none
9b,instruct,healthy_q6,routed_tri_structural_60,rhetoric,560,0.9375,0.7357,0.9618,0.9821,0.0411,0.0411,0.1821,0.0429,0.6985,none
9b,instruct,healthy_q6,routed_tri_structural_60,spatial,560,0.9589,0.8143,0.9671,0.9857,0.0375,0.025,0.1429,0.0429,0.7845,none
9b,instruct,healthy_q6,routed_tri_structural_65,adversarial,560,0.9286,0.7804,0.9591,0.9821,0.0571,0.0464,0.1393,0.05,0.7403,none
9b,instruct,healthy_q6,routed_tri_structural_65,boundary,560,0.9268,0.7554,0.9579,0.9893,0.0571,0.05,0.1571,0.0536,0.713,none
9b,instruct,healthy_q6,routed_tri_structural_65,coding,560,0.9375,0.8,0.9637,0.9857,0.0464,0.0393,0.1321,0.0464,0.7653,none
9b,instruct,healthy_q6,routed_tri_structural_65,epistemic,560,0.9143,0.7786,0.9596,0.9875,0.0554,0.0286,0.1339,0.0446,0.7433,none
9b,instruct,healthy_q6,routed_tri_structural_65,forensic,560,0.9357,0.7786,0.962,0.9857,0.0518,0.0321,0.1518,0.0375,0.7426,none
9b,instruct,healthy_q6,routed_tri_structural_65,generalist,560,0.9393,0.7625,0.9625,0.9929,0.0393,0.0393,0.1554,0.0554,0.7277,none
9b,instruct,healthy_q6,routed_tri_structural_65,math,560,0.9411,0.7679,0.9621,0.9982,0.0429,0.0393,0.1625,0.0679,0.7307,none
9b,instruct,healthy_q6,routed_tri_structural_65,planning,560,0.9375,0.7946,0.9606,0.9929,0.0518,0.025,0.1446,0.0554,0.7598,none
9b,instruct,healthy_q6,routed_tri_structural_65,rhetoric,560,0.925,0.7482,0.9564,0.9911,0.05,0.0429,0.1696,0.0714,0.7075,none
9b,instruct,healthy_q6,routed_tri_structural_65,spatial,560,0.9554,0.7982,0.9658,0.9839,0.0393,0.0446,0.1232,0.0482,0.7652,none
9b,instruct,healthy_q6,stability_first_tri_70,adversarial,560,0.925,0.7929,0.9587,0.9893,0.0661,0.0429,0.1125,0.0536,0.7528,none
9b,instruct,healthy_q6,stability_first_tri_70,boundary,560,0.9554,0.7929,0.964,0.9857,0.0375,0.0357,0.1518,0.0571,0.7595,none
9b,instruct,healthy_q6,stability_first_tri_70,coding,560,0.95,0.7893,0.966,0.9893,0.0411,0.0339,0.1589,0.0393,0.7555,none
9b,instruct,healthy_q6,stability_first_tri_70,epistemic,560,0.9446,0.7732,0.9651,0.9875,0.0304,0.0179,0.1821,0.0429,0.7438,none
9b,instruct,healthy_q6,stability_first_tri_70,forensic,560,0.9411,0.8,0.9641,0.9875,0.0375,0.0339,0.1304,0.0571,0.7687,none
9b,instruct,healthy_q6,stability_first_tri_70,generalist,560,0.95,0.7857,0.9656,0.9839,0.0286,0.0429,0.1518,0.05,0.7539,none
9b,instruct,healthy_q6,stability_first_tri_70,math,560,0.9482,0.7321,0.9618,0.9893,0.0375,0.0375,0.2232,0.0464,0.6932,none
9b,instruct,healthy_q6,stability_first_tri_70,planning,560,0.9375,0.7821,0.961,0.9893,0.0482,0.0304,0.1554,0.0518,0.7466,none
9b,instruct,healthy_q6,stability_first_tri_70,rhetoric,560,0.9429,0.75,0.9636,0.9929,0.0339,0.0321,0.1893,0.0536,0.7156,none
9b,instruct,healthy_q6,stability_first_tri_70,spatial,560,0.9429,0.7875,0.9624,0.9893,0.0464,0.0321,0.1429,0.0518,0.7531,none
9b,instruct,healthy_q8,cognitive_structural_25_75,adversarial,560,0.9643,0.8411,0.9743,0.9964,0.0196,0.0321,0.1161,0.0536,0.8168,none
9b,instruct,healthy_q8,cognitive_structural_25_75,boundary,560,0.9446,0.7946,0.9652,0.9911,0.0446,0.0232,0.1446,0.0446,0.7628,none
9b,instruct,healthy_q8,cognitive_structural_25_75,coding,560,0.95,0.8286,0.9689,0.9982,0.0393,0.0143,0.1179,0.05,0.802,none
9b,instruct,healthy_q8,cognitive_structural_25_75,epistemic,560,0.9393,0.7946,0.9655,0.9857,0.0393,0.0036,0.1643,0.0321,0.7674,none
9b,instruct,healthy_q8,cognitive_structural_25_75,forensic,560,0.9482,0.8393,0.9679,0.9911,0.0375,0.0071,0.1214,0.0464,0.8146,none
9b,instruct,healthy_q8,cognitive_structural_25_75,generalist,560,0.9446,0.8071,0.9695,0.9964,0.0268,0.0179,0.1464,0.0482,0.7814,none
9b,instruct,healthy_q8,cognitive_structural_25_75,math,560,0.9589,0.7982,0.968,0.9946,0.0286,0.0196,0.1821,0.0482,0.7687,none
9b,instruct,healthy_q8,cognitive_structural_25_75,planning,560,0.9571,0.85,0.9709,0.9911,0.0268,0.0107,0.1125,0.0518,0.8282,none
9b,instruct,healthy_q8,cognitive_structural_25_75,rhetoric,560,0.9536,0.8071,0.9692,0.9946,0.0304,0.0179,0.1411,0.0518,0.7806,none
9b,instruct,healthy_q8,cognitive_structural_25_75,spatial,560,0.9429,0.8304,0.9641,0.9875,0.0393,0.0161,0.1125,0.0643,0.8031,none
9b,instruct,healthy_q8,cyber_structural_25_75,adversarial,560,0.9304,0.8232,0.9618,0.9893,0.05,0.0214,0.1125,0.0643,0.7917,none
9b,instruct,healthy_q8,cyber_structural_25_75,boundary,560,0.9679,0.8071,0.9717,0.9911,0.0232,0.0393,0.1321,0.0482,0.7793,none
9b,instruct,healthy_q8,cyber_structural_25_75,coding,560,0.9589,0.8179,0.9685,0.9946,0.0304,0.025,0.1286,0.0571,0.7906,none
9b,instruct,healthy_q8,cyber_structural_25_75,epistemic,560,0.9375,0.7875,0.9643,0.9893,0.0411,0.0107,0.1607,0.0393,0.7582,none
9b,instruct,healthy_q8,cyber_structural_25_75,forensic,560,0.9589,0.8357,0.9704,0.9875,0.0321,0.0232,0.1107,0.0446,0.8103,none
9b,instruct,healthy_q8,cyber_structural_25_75,generalist,560,0.9464,0.7911,0.9671,0.9893,0.0321,0.0375,0.1429,0.0446,0.7603,none
9b,instruct,healthy_q8,cyber_structural_25_75,math,560,0.9536,0.7696,0.9683,0.9929,0.0304,0.025,0.1839,0.0393,0.7389,none
9b,instruct,healthy_q8,cyber_structural_25_75,planning,560,0.9357,0.8018,0.9648,0.9929,0.05,0.0196,0.1304,0.0375,0.7706,none
9b,instruct,healthy_q8,cyber_structural_25_75,rhetoric,560,0.9482,0.8036,0.9627,0.9786,0.0304,0.0214,0.1446,0.0661,0.7753,none
9b,instruct,healthy_q8,cyber_structural_25_75,spatial,560,0.9482,0.825,0.966,0.9804,0.0304,0.0304,0.1214,0.0536,0.7974,none
9b,instruct,healthy_q8,q2_structural_amplifier,adversarial,560,0.8929,0.5357,0.9249,0.9964,0.0768,0.2946,0.1893,0.0571,0.4358,none
9b,instruct,healthy_q8,q2_structural_amplifier,boundary,560,0.9143,0.5429,0.9298,0.9804,0.0554,0.2893,0.2054,0.0411,0.4499,none
9b,instruct,healthy_q8,q2_structural_amplifier,coding,560,0.9339,0.5571,0.937,0.9911,0.0446,0.2893,0.1786,0.0375,0.4697,none
9b,instruct,healthy_q8,q2_structural_amplifier,epistemic,560,0.9089,0.5518,0.9319,0.9875,0.0571,0.2679,0.2089,0.0482,0.4619,none
9b,instruct,healthy_q8,q2_structural_amplifier,forensic,560,0.9304,0.5804,0.9394,0.9875,0.05,0.2446,0.2161,0.0393,0.4972,none
9b,instruct,healthy_q8,q2_structural_amplifier,generalist,560,0.9268,0.5571,0.9358,0.9893,0.0429,0.2625,0.1964,0.0482,0.4737,none
9b,instruct,healthy_q8,q2_structural_amplifier,math,560,0.9321,0.5357,0.9386,0.9911,0.0464,0.2821,0.1982,0.0464,0.4472,none
9b,instruct,healthy_q8,q2_structural_amplifier,planning,560,0.9232,0.5786,0.9357,0.9929,0.0589,0.2625,0.1679,0.0429,0.4928,none
9b,instruct,healthy_q8,q2_structural_amplifier,rhetoric,560,0.9,0.5589,0.9253,0.9911,0.0714,0.2839,0.1982,0.0696,0.4614,none
9b,instruct,healthy_q8,q2_structural_amplifier,spatial,560,0.9446,0.5732,0.9446,0.9946,0.0357,0.2946,0.1696,0.0393,0.488,none
9b,instruct,healthy_q8,routed_tri_structural_60,adversarial,560,0.9589,0.7929,0.9686,0.9964,0.0321,0.0446,0.1518,0.0554,0.7594,none
9b,instruct,healthy_q8,routed_tri_structural_60,boundary,560,0.9429,0.7839,0.9622,0.9804,0.0339,0.0464,0.1464,0.0625,0.7496,none
9b,instruct,healthy_q8,routed_tri_structural_60,coding,560,0.9536,0.7696,0.9678,0.9857,0.0339,0.0589,0.1429,0.0393,0.7343,none
9b,instruct,healthy_q8,routed_tri_structural_60,epistemic,560,0.9393,0.7857,0.9655,0.9875,0.0321,0.025,0.1464,0.0482,0.7569,none
9b,instruct,healthy_q8,routed_tri_structural_60,forensic,560,0.9536,0.8036,0.968,0.9911,0.0339,0.0464,0.1393,0.0464,0.7706,none
9b,instruct,healthy_q8,routed_tri_structural_60,generalist,560,0.9375,0.7679,0.9671,0.9929,0.0339,0.05,0.1482,0.0429,0.7337,none
9b,instruct,healthy_q8,routed_tri_structural_60,math,560,0.9554,0.7482,0.9654,0.9893,0.0357,0.0304,0.1982,0.0411,0.7135,none
9b,instruct,healthy_q8,routed_tri_structural_60,planning,560,0.9482,0.8054,0.9647,0.9911,0.0304,0.0339,0.1357,0.0679,0.7752,none
9b,instruct,healthy_q8,routed_tri_structural_60,rhetoric,560,0.9518,0.7786,0.9666,0.9857,0.0286,0.0375,0.1661,0.0482,0.7468,none
9b,instruct,healthy_q8,routed_tri_structural_60,spatial,560,0.9643,0.8304,0.972,0.9893,0.0304,0.0339,0.1161,0.0411,0.8031,none
9b,instruct,healthy_q8,routed_tri_structural_65,adversarial,560,0.9214,0.7679,0.9564,0.9875,0.0464,0.0446,0.1482,0.0786,0.7292,none
9b,instruct,healthy_q8,routed_tri_structural_65,boundary,560,0.9554,0.7857,0.9645,0.9964,0.0321,0.0518,0.1482,0.0714,0.7503,none
9b,instruct,healthy_q8,routed_tri_structural_65,coding,560,0.9625,0.8482,0.972,0.9929,0.0232,0.0304,0.1089,0.0554,0.8237,none
9b,instruct,healthy_q8,routed_tri_structural_65,epistemic,560,0.9536,0.7804,0.9707,0.9946,0.0304,0.0304,0.1643,0.0321,0.7504,none
9b,instruct,healthy_q8,routed_tri_structural_65,forensic,560,0.9571,0.8357,0.9697,0.9929,0.0286,0.025,0.1179,0.0554,0.8099,none
9b,instruct,healthy_q8,routed_tri_structural_65,generalist,560,0.9393,0.7625,0.9649,0.9929,0.0357,0.0464,0.1571,0.0482,0.7275,none
9b,instruct,healthy_q8,routed_tri_structural_65,math,560,0.95,0.75,0.9639,0.9929,0.0339,0.0268,0.1946,0.0536,0.7162,none
9b,instruct,healthy_q8,routed_tri_structural_65,planning,560,0.9571,0.7875,0.9688,0.9911,0.0286,0.0393,0.1446,0.0464,0.7572,none
9b,instruct,healthy_q8,routed_tri_structural_65,rhetoric,560,0.9643,0.8196,0.9715,0.9929,0.025,0.0179,0.1482,0.0446,0.7945,none
9b,instruct,healthy_q8,routed_tri_structural_65,spatial,560,0.9625,0.8268,0.9724,0.9893,0.0268,0.0268,0.1268,0.0393,0.8013,none
9b,instruct,healthy_q8,stability_first_tri_70,adversarial,560,0.9446,0.7911,0.9668,0.9875,0.0268,0.0429,0.1464,0.0554,0.76,none
9b,instruct,healthy_q8,stability_first_tri_70,boundary,560,0.9554,0.7893,0.9694,0.9911,0.0357,0.0482,0.1357,0.0411,0.756,none
9b,instruct,healthy_q8,stability_first_tri_70,coding,560,0.9429,0.7893,0.9646,0.9839,0.0393,0.0411,0.1304,0.05,0.7564,none
9b,instruct,healthy_q8,stability_first_tri_70,epistemic,560,0.9429,0.8,0.9667,0.9946,0.0411,0.0161,0.1446,0.0411,0.7708,none
9b,instruct,healthy_q8,stability_first_tri_70,forensic,560,0.9554,0.825,0.9703,0.9875,0.0268,0.0321,0.1161,0.0482,0.7988,none
9b,instruct,healthy_q8,stability_first_tri_70,generalist,560,0.9464,0.7964,0.9652,0.9839,0.0286,0.0661,0.1232,0.0589,0.7618,none
9b,instruct,healthy_q8,stability_first_tri_70,math,560,0.9643,0.7768,0.9675,0.9929,0.025,0.0357,0.175,0.0607,0.7451,none
9b,instruct,healthy_q8,stability_first_tri_70,planning,560,0.9625,0.8179,0.971,0.9875,0.025,0.0446,0.125,0.0393,0.7895,none
9b,instruct,healthy_q8,stability_first_tri_70,rhetoric,560,0.95,0.7982,0.9678,0.9911,0.0375,0.0214,0.15,0.0411,0.7686,none
9b,instruct,healthy_q8,stability_first_tri_70,spatial,560,0.9446,0.8143,0.9666,0.9911,0.0446,0.0411,0.1125,0.0482,0.7813,none
