model,substrate,quant,stack,pressure_band,trials,pass_rate,clean_pass_rate,mean_score,classified_rate,cascade_rate,echo_rate,avg_distractors,avg_missing_required,stability_score,top_failure
27b,base,collapsed_q2_edge,cognitive_structural_25_75,extreme,1400,0.24,0.1336,0.4916,0.7507,0.3164,0.0514,0.6514,1.9379,-0.1207,cascade
27b,base,collapsed_q2_edge,cognitive_structural_25_75,high,1400,0.2843,0.2157,0.5489,0.7786,0.2579,0.0257,0.4607,1.5593,0.0184,cascade
27b,base,collapsed_q2_edge,cognitive_structural_25_75,low,1400,0.44,0.33,0.7227,0.8693,0.1271,0.0064,0.2443,0.7064,0.2357,none
27b,base,collapsed_q2_edge,cognitive_structural_25_75,medium,1400,0.3679,0.3014,0.6244,0.8107,0.1857,0.015,0.3293,1.24,0.1544,none
27b,base,collapsed_q2_edge,cyber_structural_25_75,extreme,1400,0.2629,0.1507,0.5104,0.7193,0.3014,0.0507,0.625,1.8121,-0.0905,cascade
27b,base,collapsed_q2_edge,cyber_structural_25_75,high,1400,0.3186,0.2379,0.5523,0.7636,0.2579,0.0271,0.4121,1.5164,0.0463,cascade
27b,base,collapsed_q2_edge,cyber_structural_25_75,low,1400,0.3993,0.3064,0.7037,0.8271,0.1279,0.0193,0.2493,0.7271,0.2079,none
27b,base,collapsed_q2_edge,cyber_structural_25_75,medium,1400,0.3971,0.3314,0.6369,0.7957,0.1857,0.0271,0.2707,1.1729,0.19,none
27b,base,collapsed_q2_edge,q2_structural_amplifier,extreme,1400,0.6986,0.2586,0.8085,0.8729,0.16,0.3679,0.6321,0.1993,0.0765,distractor_capture
27b,base,collapsed_q2_edge,q2_structural_amplifier,high,1400,0.7586,0.3614,0.8536,0.8936,0.1336,0.3057,0.4043,0.1464,0.2205,none
27b,base,collapsed_q2_edge,q2_structural_amplifier,low,1400,0.8786,0.5143,0.922,0.9736,0.0807,0.2057,0.2771,0.0421,0.4246,none
27b,base,collapsed_q2_edge,q2_structural_amplifier,medium,1400,0.82,0.4357,0.8879,0.9329,0.1221,0.2614,0.3279,0.0743,0.3168,none
27b,base,collapsed_q2_edge,routed_tri_structural_60,extreme,1400,0.3957,0.2264,0.6228,0.8264,0.2579,0.0764,0.6357,1.3086,0.0175,cascade
27b,base,collapsed_q2_edge,routed_tri_structural_60,high,1400,0.4471,0.3229,0.6703,0.8529,0.215,0.05,0.4029,1.045,0.1639,none
27b,base,collapsed_q2_edge,routed_tri_structural_60,low,1400,0.595,0.4521,0.8241,0.9293,0.0971,0.0307,0.2236,0.4114,0.3784,none
27b,base,collapsed_q2_edge,routed_tri_structural_60,medium,1400,0.5579,0.4436,0.7524,0.8779,0.1343,0.0386,0.2871,0.7657,0.3343,none
27b,base,collapsed_q2_edge,routed_tri_structural_65,extreme,1400,0.4386,0.2329,0.6567,0.8329,0.2321,0.0729,0.6164,1.1586,0.0414,distractor_capture
27b,base,collapsed_q2_edge,routed_tri_structural_65,high,1400,0.4907,0.3307,0.6803,0.85,0.2086,0.05,0.4064,1.0007,0.1756,none
27b,base,collapsed_q2_edge,routed_tri_structural_65,low,1400,0.6357,0.5029,0.8359,0.8979,0.0929,0.0236,0.2129,0.3586,0.4353,none
27b,base,collapsed_q2_edge,routed_tri_structural_65,medium,1400,0.5857,0.4664,0.7633,0.8529,0.1486,0.0386,0.285,0.6736,0.3577,none
27b,base,collapsed_q2_edge,stability_first_tri_70,extreme,1400,0.47,0.2436,0.6694,0.835,0.2379,0.0607,0.6,1.0843,0.0579,distractor_capture
27b,base,collapsed_q2_edge,stability_first_tri_70,high,1400,0.5493,0.4007,0.724,0.8736,0.1786,0.0343,0.3821,0.8564,0.2669,none
27b,base,collapsed_q2_edge,stability_first_tri_70,low,1400,0.6921,0.5407,0.8659,0.9307,0.085,0.0279,0.2086,0.2786,0.479,none
27b,base,collapsed_q2_edge,stability_first_tri_70,medium,1400,0.6393,0.4871,0.7946,0.8957,0.1407,0.035,0.305,0.5671,0.3852,none
27b,base,damaged_q2,cognitive_structural_25_75,extreme,1400,0.575,0.3164,0.7318,0.8714,0.1893,0.0557,0.5686,0.8479,0.1606,none
27b,base,damaged_q2,cognitive_structural_25_75,high,1400,0.6464,0.4643,0.7847,0.9064,0.1407,0.015,0.3671,0.6464,0.3574,none
27b,base,damaged_q2,cognitive_structural_25_75,low,1400,0.7857,0.6464,0.9107,0.96,0.0721,0.0064,0.1871,0.1621,0.6004,none
27b,base,damaged_q2,cognitive_structural_25_75,medium,1400,0.7557,0.5879,0.8507,0.9371,0.1021,0.0171,0.2736,0.4093,0.5114,none
27b,base,damaged_q2,cyber_structural_25_75,extreme,1400,0.6193,0.3643,0.7595,0.8379,0.1829,0.0536,0.4964,0.6807,0.225,none
27b,base,damaged_q2,cyber_structural_25_75,high,1400,0.6471,0.4757,0.7835,0.8779,0.1586,0.0243,0.3421,0.5929,0.3663,none
27b,base,damaged_q2,cyber_structural_25_75,low,1400,0.7736,0.6457,0.8962,0.9171,0.0736,0.0107,0.1671,0.1857,0.5988,none
27b,base,damaged_q2,cyber_structural_25_75,medium,1400,0.7086,0.5686,0.8344,0.8807,0.0971,0.0236,0.235,0.445,0.4937,none
27b,base,damaged_q2,q2_structural_amplifier,extreme,1400,0.7943,0.3064,0.8619,0.9621,0.15,0.3621,0.5207,0.0621,0.1442,distractor_capture
27b,base,damaged_q2,q2_structural_amplifier,high,1400,0.86,0.4143,0.9009,0.9771,0.1093,0.3093,0.3557,0.055,0.2884,none
27b,base,damaged_q2,q2_structural_amplifier,low,1400,0.91,0.5729,0.9405,0.9964,0.065,0.2057,0.2143,0.0257,0.4938,none
27b,base,damaged_q2,q2_structural_amplifier,medium,1400,0.8871,0.4893,0.9208,0.9886,0.0821,0.2707,0.2836,0.0464,0.3855,none
27b,base,damaged_q2,routed_tri_structural_60,extreme,1400,0.7607,0.405,0.8488,0.9121,0.135,0.0664,0.54,0.3071,0.2927,none
27b,base,damaged_q2,routed_tri_structural_60,high,1400,0.7471,0.5243,0.8598,0.9464,0.1543,0.0486,0.35,0.2843,0.4261,none
27b,base,damaged_q2,routed_tri_structural_60,low,1400,0.9036,0.7343,0.9567,0.9921,0.0521,0.0264,0.1721,0.0486,0.6972,none
27b,base,damaged_q2,routed_tri_structural_60,medium,1400,0.8336,0.6143,0.9115,0.9643,0.0943,0.0371,0.2736,0.1536,0.549,none
27b,base,damaged_q2,routed_tri_structural_65,extreme,1400,0.7686,0.4307,0.8633,0.9221,0.1464,0.0764,0.4879,0.2307,0.3209,none
27b,base,damaged_q2,routed_tri_structural_65,high,1400,0.78,0.5529,0.8793,0.955,0.1321,0.0393,0.345,0.2307,0.4662,none
27b,base,damaged_q2,routed_tri_structural_65,low,1400,0.9129,0.7214,0.9587,0.9929,0.0536,0.0264,0.1886,0.0357,0.6832,none
27b,base,damaged_q2,routed_tri_structural_65,medium,1400,0.8571,0.6407,0.9224,0.9643,0.095,0.0293,0.2643,0.105,0.58,none
27b,base,damaged_q2,stability_first_tri_70,extreme,1400,0.785,0.4493,0.8732,0.9307,0.15,0.0664,0.5007,0.1736,0.3423,none
27b,base,damaged_q2,stability_first_tri_70,high,1400,0.8179,0.5521,0.8972,0.9579,0.1229,0.04,0.355,0.155,0.4711,none
27b,base,damaged_q2,stability_first_tri_70,low,1400,0.8979,0.7214,0.9544,0.9914,0.0579,0.0243,0.19,0.0443,0.6818,none
27b,base,damaged_q2,stability_first_tri_70,medium,1400,0.8743,0.6514,0.9343,0.9693,0.0929,0.0371,0.24,0.0643,0.5937,none
27b,base,damaged_q3,cognitive_structural_25_75,extreme,1400,0.8857,0.5871,0.9295,0.9907,0.1043,0.0407,0.3571,0.0607,0.5161,none
27b,base,damaged_q3,cognitive_structural_25_75,high,1400,0.8943,0.6636,0.9396,0.9886,0.0907,0.0229,0.2729,0.0557,0.6072,none
27b,base,damaged_q3,cognitive_structural_25_75,low,1400,0.92,0.7814,0.9633,0.9871,0.0429,0.0121,0.14,0.0386,0.753,none
27b,base,damaged_q3,cognitive_structural_25_75,medium,1400,0.9186,0.7629,0.9538,0.9879,0.0614,0.0164,0.1714,0.06,0.7244,none
27b,base,damaged_q3,cyber_structural_25_75,extreme,1400,0.8579,0.5564,0.9179,0.9764,0.1229,0.0607,0.3421,0.0821,0.476,none
27b,base,damaged_q3,cyber_structural_25_75,high,1400,0.9,0.6886,0.9433,0.9864,0.0814,0.0257,0.2464,0.0586,0.6364,none
27b,base,damaged_q3,cyber_structural_25_75,low,1400,0.9186,0.7836,0.9629,0.99,0.0529,0.0164,0.1379,0.0314,0.7518,none
27b,base,damaged_q3,cyber_structural_25_75,medium,1400,0.9279,0.7743,0.9581,0.9914,0.0586,0.0229,0.1636,0.05,0.7366,none
27b,base,damaged_q3,q2_structural_amplifier,extreme,1400,0.8593,0.3679,0.8878,0.9893,0.1093,0.3771,0.3886,0.0643,0.2253,none
27b,base,damaged_q3,q2_structural_amplifier,high,1400,0.8857,0.4707,0.9144,0.9871,0.0914,0.2986,0.2936,0.0529,0.3574,none
27b,base,damaged_q3,q2_structural_amplifier,low,1400,0.9164,0.6121,0.9453,0.9936,0.0514,0.1957,0.1793,0.0329,0.5416,none
27b,base,damaged_q3,q2_structural_amplifier,medium,1400,0.8929,0.5407,0.9289,0.9929,0.0843,0.2586,0.2021,0.0414,0.4455,none
27b,base,damaged_q3,routed_tri_structural_60,extreme,1400,0.9036,0.6043,0.9378,0.9871,0.0857,0.07,0.3207,0.0514,0.5363,none
27b,base,damaged_q3,routed_tri_structural_60,high,1400,0.9157,0.6821,0.9489,0.9921,0.0721,0.0493,0.2507,0.0493,0.6281,none
27b,base,damaged_q3,routed_tri_structural_60,low,1400,0.9143,0.77,0.9622,0.9879,0.0443,0.0243,0.1421,0.0414,0.7384,none
27b,base,damaged_q3,routed_tri_structural_60,medium,1400,0.9143,0.7343,0.9526,0.9914,0.07,0.0329,0.1843,0.0521,0.6894,none
27b,base,damaged_q3,routed_tri_structural_65,extreme,1400,0.8971,0.6007,0.9337,0.99,0.0914,0.0693,0.3386,0.0636,0.5292,none
27b,base,damaged_q3,routed_tri_structural_65,high,1400,0.9186,0.7129,0.9524,0.9929,0.0707,0.0393,0.2114,0.0479,0.6645,none
27b,base,damaged_q3,routed_tri_structural_65,low,1400,0.9286,0.7807,0.967,0.9957,0.0443,0.0293,0.1386,0.0314,0.7489,none
27b,base,damaged_q3,routed_tri_structural_65,medium,1400,0.9236,0.7471,0.9583,0.9936,0.0607,0.0329,0.1779,0.0436,0.7059,none
27b,base,damaged_q3,stability_first_tri_70,extreme,1400,0.8893,0.5607,0.9306,0.985,0.095,0.0729,0.355,0.0614,0.4862,none
27b,base,damaged_q3,stability_first_tri_70,high,1400,0.9193,0.6957,0.9502,0.9907,0.0679,0.0343,0.2479,0.0493,0.6462,none
27b,base,damaged_q3,stability_first_tri_70,low,1400,0.9257,0.7993,0.9674,0.9921,0.0393,0.0229,0.1236,0.0364,0.7712,none
27b,base,damaged_q3,stability_first_tri_70,medium,1400,0.9243,0.7457,0.9571,0.9929,0.0621,0.0307,0.1814,0.0457,0.7041,none
27b,base,damaged_q4,cognitive_structural_25_75,extreme,1400,0.9179,0.6357,0.9421,0.9857,0.0764,0.0464,0.2993,0.0543,0.5768,none
27b,base,damaged_q4,cognitive_structural_25_75,high,1400,0.9257,0.7486,0.95,0.9886,0.0686,0.0114,0.195,0.0657,0.7068,none
27b,base,damaged_q4,cognitive_structural_25_75,low,1400,0.935,0.8386,0.9698,0.9857,0.0357,0.0043,0.1071,0.0307,0.8169,none
27b,base,damaged_q4,cognitive_structural_25_75,medium,1400,0.9286,0.78,0.9603,0.9936,0.0521,0.0129,0.1636,0.0514,0.7461,none
27b,base,damaged_q4,cyber_structural_25_75,extreme,1400,0.9186,0.6514,0.9427,0.9893,0.0721,0.0493,0.2943,0.0643,0.5932,none
27b,base,damaged_q4,cyber_structural_25_75,high,1400,0.9343,0.7471,0.9557,0.9907,0.0593,0.0286,0.1993,0.0507,0.7052,none
27b,base,damaged_q4,cyber_structural_25_75,low,1400,0.9436,0.8514,0.9749,0.9929,0.03,0.0143,0.0871,0.0286,0.8312,none
27b,base,damaged_q4,cyber_structural_25_75,medium,1400,0.9364,0.7979,0.9641,0.9914,0.0479,0.025,0.1371,0.0464,0.7652,none
27b,base,damaged_q4,q2_structural_amplifier,extreme,1400,0.8914,0.4207,0.9059,0.9929,0.0807,0.3486,0.3336,0.0536,0.2974,none
27b,base,damaged_q4,q2_structural_amplifier,high,1400,0.9007,0.4936,0.9222,0.9893,0.0729,0.305,0.2529,0.0564,0.3877,none
27b,base,damaged_q4,q2_structural_amplifier,low,1400,0.9179,0.6314,0.9481,0.9893,0.0529,0.2029,0.1336,0.0271,0.563,none
27b,base,damaged_q4,q2_structural_amplifier,medium,1400,0.91,0.5757,0.9368,0.9864,0.0614,0.2664,0.165,0.04,0.4888,none
27b,base,damaged_q4,routed_tri_structural_60,extreme,1400,0.9343,0.6521,0.9493,0.9864,0.0529,0.07,0.2886,0.0571,0.5963,none
27b,base,damaged_q4,routed_tri_structural_60,high,1400,0.9379,0.7257,0.956,0.9893,0.0507,0.0429,0.2064,0.0607,0.6824,none
27b,base,damaged_q4,routed_tri_structural_60,low,1400,0.93,0.7979,0.9682,0.9893,0.0336,0.0257,0.1221,0.0371,0.771,none
27b,base,damaged_q4,routed_tri_structural_60,medium,1400,0.9371,0.7779,0.9613,0.9864,0.05,0.0429,0.1386,0.0514,0.7406,none
27b,base,damaged_q4,routed_tri_structural_65,extreme,1400,0.9171,0.6421,0.9441,0.9886,0.0714,0.0864,0.2686,0.0629,0.5788,none
27b,base,damaged_q4,routed_tri_structural_65,high,1400,0.9229,0.7407,0.9542,0.9907,0.0679,0.0429,0.1821,0.0521,0.6946,none
27b,base,damaged_q4,routed_tri_structural_65,low,1400,0.9279,0.8043,0.9678,0.9907,0.0321,0.025,0.1121,0.0443,0.7785,none
27b,base,damaged_q4,routed_tri_structural_65,medium,1400,0.9414,0.7893,0.9642,0.9914,0.0393,0.0393,0.14,0.0579,0.7555,none
27b,base,damaged_q4,stability_first_tri_70,extreme,1400,0.8971,0.6429,0.9375,0.9914,0.095,0.0664,0.2614,0.0686,0.5767,none
27b,base,damaged_q4,stability_first_tri_70,high,1400,0.9371,0.7314,0.9582,0.995,0.0557,0.0486,0.1929,0.0521,0.687,none
27b,base,damaged_q4,stability_first_tri_70,low,1400,0.935,0.8379,0.9718,0.9857,0.0293,0.0207,0.0886,0.0357,0.8161,none
27b,base,damaged_q4,stability_first_tri_70,medium,1400,0.9371,0.7829,0.9638,0.99,0.0479,0.0436,0.1393,0.045,0.7464,none
27b,base,healthy_q6,cognitive_structural_25_75,extreme,1400,0.9393,0.7129,0.9533,0.9879,0.0507,0.045,0.2371,0.0643,0.6665,none
27b,base,healthy_q6,cognitive_structural_25_75,high,1400,0.9521,0.7886,0.9642,0.9871,0.0421,0.0179,0.1643,0.0443,0.757,none
27b,base,healthy_q6,cognitive_structural_25_75,low,1400,0.9457,0.8621,0.9745,0.9829,0.0257,0.0064,0.0807,0.0293,0.8452,none
27b,base,healthy_q6,cognitive_structural_25_75,medium,1400,0.95,0.8564,0.9706,0.99,0.0314,0.0107,0.0979,0.0507,0.8345,none
27b,base,healthy_q6,cyber_structural_25_75,extreme,1400,0.9371,0.7143,0.9549,0.9857,0.055,0.06,0.2043,0.0543,0.6667,none
27b,base,healthy_q6,cyber_structural_25_75,high,1400,0.9571,0.7893,0.9653,0.9871,0.0329,0.0357,0.16,0.0543,0.7568,none
27b,base,healthy_q6,cyber_structural_25_75,low,1400,0.9357,0.8557,0.9724,0.985,0.0264,0.0143,0.075,0.0393,0.837,none
27b,base,healthy_q6,cyber_structural_25_75,medium,1400,0.9614,0.8529,0.9731,0.995,0.025,0.025,0.1,0.0529,0.8297,none
27b,base,healthy_q6,q2_structural_amplifier,extreme,1400,0.9007,0.4479,0.9105,0.9921,0.0743,0.3664,0.2514,0.0636,0.329,none
27b,base,healthy_q6,q2_structural_amplifier,high,1400,0.9107,0.5357,0.9317,0.9929,0.0664,0.2829,0.2086,0.0464,0.4402,none
27b,base,healthy_q6,q2_structural_amplifier,low,1400,0.9214,0.6421,0.9498,0.9893,0.0421,0.1957,0.1343,0.0357,0.5778,none
27b,base,healthy_q6,q2_structural_amplifier,medium,1400,0.9307,0.6043,0.9435,0.9921,0.0421,0.2514,0.1571,0.05,0.5263,none
27b,base,healthy_q6,routed_tri_structural_60,extreme,1400,0.9443,0.7114,0.9565,0.9907,0.0486,0.0779,0.2029,0.0636,0.6619,none
27b,base,healthy_q6,routed_tri_structural_60,high,1400,0.9471,0.7936,0.9663,0.9921,0.0414,0.0464,0.1357,0.05,0.7585,none
27b,base,healthy_q6,routed_tri_structural_60,low,1400,0.9314,0.8379,0.9724,0.9921,0.025,0.0214,0.0907,0.0421,0.8167,none
27b,base,healthy_q6,routed_tri_structural_60,medium,1400,0.9543,0.8071,0.9683,0.9821,0.0286,0.045,0.1229,0.05,0.7772,none
27b,base,healthy_q6,routed_tri_structural_65,extreme,1400,0.9486,0.7293,0.9594,0.9886,0.045,0.0721,0.19,0.055,0.6834,none
27b,base,healthy_q6,routed_tri_structural_65,high,1400,0.9529,0.7893,0.9653,0.99,0.0386,0.0414,0.1493,0.0521,0.7549,none
27b,base,healthy_q6,routed_tri_structural_65,low,1400,0.9464,0.8521,0.976,0.99,0.0264,0.0264,0.0786,0.0286,0.8312,none
27b,base,healthy_q6,routed_tri_structural_65,medium,1400,0.9564,0.8421,0.9718,0.9893,0.0329,0.0314,0.1007,0.0414,0.8159,none
27b,base,healthy_q6,stability_first_tri_70,extreme,1400,0.9307,0.7171,0.9536,0.9864,0.0586,0.0664,0.1986,0.06,0.6674,none
27b,base,healthy_q6,stability_first_tri_70,high,1400,0.9614,0.81,0.9689,0.9907,0.0329,0.0257,0.145,0.0457,0.7811,none
27b,base,healthy_q6,stability_first_tri_70,low,1400,0.9386,0.8493,0.9744,0.9893,0.0179,0.0207,0.0793,0.045,0.8312,none
27b,base,healthy_q6,stability_first_tri_70,medium,1400,0.9636,0.8343,0.9742,0.99,0.0221,0.0379,0.1043,0.045,0.8095,none
27b,base,healthy_q8,cognitive_structural_25_75,extreme,1400,0.9693,0.7564,0.9645,0.9857,0.0264,0.0514,0.1893,0.0579,0.7202,none
27b,base,healthy_q8,cognitive_structural_25_75,high,1400,0.9643,0.8129,0.9678,0.9893,0.0264,0.0186,0.1521,0.0564,0.7862,none
27b,base,healthy_q8,cognitive_structural_25_75,low,1400,0.9464,0.8807,0.9775,0.9864,0.0136,0.005,0.07,0.0379,0.8681,none
27b,base,healthy_q8,cognitive_structural_25_75,medium,1400,0.9664,0.8786,0.9757,0.9879,0.0229,0.0114,0.0857,0.0414,0.8605,none
27b,base,healthy_q8,cyber_structural_25_75,extreme,1400,0.955,0.7643,0.9642,0.9957,0.0421,0.0571,0.165,0.0543,0.7243,none
27b,base,healthy_q8,cyber_structural_25_75,high,1400,0.9657,0.8279,0.9719,0.99,0.0271,0.025,0.13,0.0436,0.8021,none
27b,base,healthy_q8,cyber_structural_25_75,low,1400,0.9464,0.8629,0.9773,0.9921,0.0164,0.015,0.0786,0.0379,0.8468,none
27b,base,healthy_q8,cyber_structural_25_75,medium,1400,0.9707,0.8671,0.9776,0.9871,0.0193,0.025,0.0864,0.0357,0.8477,none
27b,base,healthy_q8,q2_structural_amplifier,extreme,1400,0.92,0.4836,0.9189,0.9893,0.0557,0.34,0.2407,0.0614,0.3765,none
27b,base,healthy_q8,q2_structural_amplifier,high,1400,0.9264,0.5529,0.9362,0.9857,0.0507,0.3007,0.1736,0.0457,0.4613,none
27b,base,healthy_q8,q2_structural_amplifier,low,1400,0.9157,0.6464,0.9481,0.9871,0.0507,0.1979,0.12,0.0321,0.5804,none
27b,base,healthy_q8,q2_structural_amplifier,medium,1400,0.94,0.6229,0.9488,0.9936,0.0329,0.2493,0.1286,0.0507,0.5503,none
27b,base,healthy_q8,routed_tri_structural_60,extreme,1400,0.9629,0.7407,0.9634,0.9893,0.0343,0.0807,0.1857,0.0521,0.6968,none
27b,base,healthy_q8,routed_tri_structural_60,high,1400,0.9707,0.8093,0.9692,0.9893,0.0243,0.0557,0.125,0.0629,0.7777,none
27b,base,healthy_q8,routed_tri_structural_60,low,1400,0.9521,0.8536,0.9785,0.9907,0.0164,0.0286,0.0779,0.0314,0.8351,none
27b,base,healthy_q8,routed_tri_structural_60,medium,1400,0.9614,0.84,0.9748,0.9914,0.0293,0.04,0.0907,0.0379,0.8141,none
27b,base,healthy_q8,routed_tri_structural_65,extreme,1400,0.9629,0.7414,0.9626,0.9864,0.0314,0.0893,0.1736,0.0621,0.6971,none
27b,base,healthy_q8,routed_tri_structural_65,high,1400,0.9721,0.8107,0.971,0.9879,0.02,0.0414,0.1421,0.0521,0.7825,none
27b,base,healthy_q8,routed_tri_structural_65,low,1400,0.9514,0.8586,0.9791,0.9943,0.0171,0.0243,0.0764,0.0321,0.8408,none
27b,base,healthy_q8,routed_tri_structural_65,medium,1400,0.9679,0.8514,0.9755,0.9893,0.0186,0.0329,0.0936,0.0464,0.8295,none
27b,base,healthy_q8,stability_first_tri_70,extreme,1400,0.9621,0.7507,0.9642,0.9893,0.0293,0.0743,0.1729,0.065,0.71,none
27b,base,healthy_q8,stability_first_tri_70,high,1400,0.9721,0.8379,0.9727,0.9864,0.02,0.0314,0.1221,0.05,0.8133,none
27b,base,healthy_q8,stability_first_tri_70,low,1400,0.9421,0.87,0.9768,0.9907,0.0164,0.0243,0.0543,0.0436,0.8537,none
27b,base,healthy_q8,stability_first_tri_70,medium,1400,0.9671,0.855,0.9768,0.9929,0.0179,0.0364,0.0843,0.0486,0.8332,none
27b,degraded_instruct,collapsed_q2_edge,cognitive_structural_25_75,extreme,1400,0.2029,0.1221,0.4568,0.7079,0.3379,0.0493,0.6436,2.065,-0.1438,cascade
27b,degraded_instruct,collapsed_q2_edge,cognitive_structural_25_75,high,1400,0.2636,0.2043,0.5194,0.7421,0.2664,0.0257,0.4429,1.6593,0.0008,cascade
27b,degraded_instruct,collapsed_q2_edge,cognitive_structural_25_75,low,1400,0.4129,0.3271,0.7114,0.8379,0.1279,0.01,0.2336,0.7271,0.2317,none
27b,degraded_instruct,collapsed_q2_edge,cognitive_structural_25_75,medium,1400,0.3507,0.2857,0.6123,0.79,0.2007,0.0157,0.3436,1.2486,0.1324,none
27b,degraded_instruct,collapsed_q2_edge,cyber_structural_25_75,extreme,1400,0.2264,0.1314,0.4842,0.6907,0.3171,0.0614,0.6036,1.9164,-0.1201,cascade
27b,degraded_instruct,collapsed_q2_edge,cyber_structural_25_75,high,1400,0.3071,0.2293,0.5522,0.7407,0.2464,0.03,0.4264,1.5143,0.0395,cascade
27b,degraded_instruct,collapsed_q2_edge,cyber_structural_25_75,low,1400,0.3964,0.3114,0.703,0.8171,0.1336,0.0229,0.2036,0.7343,0.2138,none
27b,degraded_instruct,collapsed_q2_edge,cyber_structural_25_75,medium,1400,0.3793,0.2964,0.6239,0.7821,0.1857,0.0264,0.3329,1.2114,0.1482,none
27b,degraded_instruct,collapsed_q2_edge,q2_structural_amplifier,extreme,1400,0.6671,0.2286,0.7998,0.8671,0.1686,0.37,0.6171,0.2314,0.0431,distractor_capture
27b,degraded_instruct,collapsed_q2_edge,q2_structural_amplifier,high,1400,0.745,0.335,0.8417,0.8821,0.1407,0.2929,0.4479,0.1721,0.1898,none
27b,degraded_instruct,collapsed_q2_edge,q2_structural_amplifier,low,1400,0.8743,0.5486,0.9206,0.9443,0.065,0.2243,0.2257,0.0486,0.4637,none
27b,degraded_instruct,collapsed_q2_edge,q2_structural_amplifier,medium,1400,0.8043,0.4279,0.8797,0.9114,0.1171,0.2729,0.3193,0.0986,0.3077,none
27b,degraded_instruct,collapsed_q2_edge,routed_tri_structural_60,extreme,1400,0.345,0.1779,0.5826,0.785,0.2821,0.0743,0.6707,1.4457,-0.0476,cascade
27b,degraded_instruct,collapsed_q2_edge,routed_tri_structural_60,high,1400,0.3971,0.2671,0.6232,0.8114,0.2171,0.0507,0.4414,1.2414,0.0945,none
27b,degraded_instruct,collapsed_q2_edge,routed_tri_structural_60,low,1400,0.555,0.4321,0.7946,0.8893,0.1057,0.02,0.23,0.4786,0.3541,none
27b,degraded_instruct,collapsed_q2_edge,routed_tri_structural_60,medium,1400,0.5129,0.3929,0.7183,0.8414,0.1614,0.0493,0.3129,0.8479,0.2671,none
27b,degraded_instruct,collapsed_q2_edge,routed_tri_structural_65,extreme,1400,0.3821,0.1836,0.6148,0.7764,0.2679,0.0836,0.6421,1.265,-0.0281,cascade
27b,degraded_instruct,collapsed_q2_edge,routed_tri_structural_65,high,1400,0.4493,0.33,0.6626,0.8486,0.2214,0.0407,0.42,1.0693,0.1684,none
27b,degraded_instruct,collapsed_q2_edge,routed_tri_structural_65,low,1400,0.6036,0.4643,0.8225,0.9014,0.0964,0.0379,0.2321,0.395,0.3895,none
27b,degraded_instruct,collapsed_q2_edge,routed_tri_structural_65,medium,1400,0.5521,0.4129,0.7569,0.8679,0.1421,0.0421,0.3093,0.7143,0.3013,none
27b,degraded_instruct,collapsed_q2_edge,stability_first_tri_70,extreme,1400,0.4386,0.2336,0.6525,0.8071,0.2436,0.0664,0.585,1.1471,0.0431,cascade
27b,degraded_instruct,collapsed_q2_edge,stability_first_tri_70,high,1400,0.4929,0.3443,0.6914,0.8307,0.2114,0.0321,0.4064,0.9214,0.1958,none
27b,degraded_instruct,collapsed_q2_edge,stability_first_tri_70,low,1400,0.6586,0.5121,0.8423,0.88,0.0943,0.0243,0.2271,0.3129,0.4452,none
27b,degraded_instruct,collapsed_q2_edge,stability_first_tri_70,medium,1400,0.5993,0.4514,0.7763,0.8729,0.14,0.0414,0.3286,0.6329,0.3432,none
27b,degraded_instruct,damaged_q2,cognitive_structural_25_75,extreme,1400,0.5657,0.3236,0.7331,0.8686,0.175,0.0507,0.5364,0.8779,0.1741,none
27b,degraded_instruct,damaged_q2,cognitive_structural_25_75,high,1400,0.62,0.4557,0.769,0.9021,0.1543,0.0186,0.3693,0.7014,0.3411,none
27b,degraded_instruct,damaged_q2,cognitive_structural_25_75,low,1400,0.7679,0.6093,0.898,0.9471,0.0771,0.0114,0.2079,0.1886,0.5578,none
27b,degraded_instruct,damaged_q2,cognitive_structural_25_75,medium,1400,0.7229,0.5779,0.8457,0.935,0.0986,0.0157,0.265,0.4371,0.5021,none
27b,degraded_instruct,damaged_q2,cyber_structural_25_75,extreme,1400,0.5864,0.3364,0.7433,0.8193,0.1979,0.0529,0.5364,0.715,0.1878,none
27b,degraded_instruct,damaged_q2,cyber_structural_25_75,high,1400,0.6129,0.4471,0.7618,0.8607,0.1629,0.0336,0.3379,0.6743,0.3308,none
27b,degraded_instruct,damaged_q2,cyber_structural_25_75,low,1400,0.7371,0.5957,0.8798,0.9064,0.0721,0.02,0.185,0.2321,0.5437,none
27b,degraded_instruct,damaged_q2,cyber_structural_25_75,medium,1400,0.7014,0.5421,0.8308,0.8893,0.125,0.0393,0.2536,0.425,0.4553,none
27b,degraded_instruct,damaged_q2,q2_structural_amplifier,extreme,1400,0.8043,0.3043,0.8658,0.9557,0.1343,0.3557,0.5321,0.0564,0.1475,distractor_capture
27b,degraded_instruct,damaged_q2,q2_structural_amplifier,high,1400,0.8179,0.3786,0.8871,0.98,0.1386,0.3093,0.3893,0.0693,0.2405,none
27b,degraded_instruct,damaged_q2,q2_structural_amplifier,low,1400,0.8993,0.5636,0.9344,0.9886,0.07,0.2271,0.2107,0.0307,0.4788,none
27b,degraded_instruct,damaged_q2,q2_structural_amplifier,medium,1400,0.865,0.4743,0.9132,0.9907,0.1071,0.2636,0.28,0.0521,0.3644,none
27b,degraded_instruct,damaged_q2,routed_tri_structural_60,extreme,1400,0.7321,0.385,0.8289,0.9129,0.1636,0.0771,0.5379,0.3786,0.2585,none
27b,degraded_instruct,damaged_q2,routed_tri_structural_60,high,1400,0.7393,0.5129,0.8465,0.9207,0.1207,0.0443,0.3664,0.3686,0.42,none
27b,degraded_instruct,damaged_q2,routed_tri_structural_60,low,1400,0.8743,0.7036,0.9421,0.975,0.0714,0.045,0.1821,0.0636,0.6554,none
27b,degraded_instruct,damaged_q2,routed_tri_structural_60,medium,1400,0.8229,0.6114,0.9037,0.9507,0.1064,0.0486,0.2614,0.1629,0.5407,none
27b,degraded_instruct,damaged_q2,routed_tri_structural_65,extreme,1400,0.7443,0.4057,0.8396,0.8886,0.1529,0.0771,0.5186,0.3071,0.2876,none
27b,degraded_instruct,damaged_q2,routed_tri_structural_65,high,1400,0.7629,0.5179,0.8577,0.9236,0.1436,0.0386,0.37,0.2793,0.4235,none
27b,degraded_instruct,damaged_q2,routed_tri_structural_65,low,1400,0.8914,0.7107,0.9471,0.9707,0.0721,0.0321,0.1857,0.0407,0.6657,none
27b,degraded_instruct,damaged_q2,routed_tri_structural_65,medium,1400,0.8321,0.6157,0.9068,0.9364,0.0971,0.0357,0.2571,0.1479,0.5515,none
27b,degraded_instruct,damaged_q2,stability_first_tri_70,extreme,1400,0.7786,0.4014,0.8633,0.9086,0.1314,0.0714,0.5471,0.2143,0.2932,none
27b,degraded_instruct,damaged_q2,stability_first_tri_70,high,1400,0.7936,0.5429,0.8849,0.9371,0.1229,0.0443,0.3514,0.1943,0.4593,none
27b,degraded_instruct,damaged_q2,stability_first_tri_70,low,1400,0.9,0.735,0.9551,0.9864,0.0564,0.0257,0.1743,0.0457,0.6967,none
27b,degraded_instruct,damaged_q2,stability_first_tri_70,medium,1400,0.8621,0.63,0.9246,0.9529,0.0936,0.0379,0.2786,0.0793,0.5681,none
27b,degraded_instruct,damaged_q3,cognitive_structural_25_75,extreme,1400,0.8864,0.5414,0.9255,0.9864,0.0971,0.0443,0.4179,0.0664,0.4667,none
27b,degraded_instruct,damaged_q3,cognitive_structural_25_75,high,1400,0.8957,0.6757,0.9431,0.9907,0.0871,0.0243,0.255,0.0514,0.6217,none
27b,degraded_instruct,damaged_q3,cognitive_structural_25_75,low,1400,0.9293,0.7843,0.9664,0.9921,0.0393,0.015,0.1507,0.0321,0.7558,none
27b,degraded_instruct,damaged_q3,cognitive_structural_25_75,medium,1400,0.9071,0.7357,0.9514,0.9907,0.0771,0.015,0.19,0.045,0.6921,none
27b,degraded_instruct,damaged_q3,cyber_structural_25_75,extreme,1400,0.8764,0.5836,0.9231,0.9686,0.1079,0.0543,0.3457,0.0679,0.5093,none
27b,degraded_instruct,damaged_q3,cyber_structural_25_75,high,1400,0.9021,0.6807,0.9448,0.9921,0.0857,0.03,0.25,0.0486,0.6266,none
27b,degraded_instruct,damaged_q3,cyber_structural_25_75,low,1400,0.9257,0.7886,0.9659,0.99,0.0393,0.0214,0.1329,0.0379,0.76,none
27b,degraded_instruct,damaged_q3,cyber_structural_25_75,medium,1400,0.9086,0.7286,0.9507,0.9943,0.0707,0.0279,0.1893,0.0614,0.6836,none
27b,degraded_instruct,damaged_q3,q2_structural_amplifier,extreme,1400,0.8757,0.375,0.8914,0.9907,0.0921,0.3736,0.4386,0.0614,0.2345,none
27b,degraded_instruct,damaged_q3,q2_structural_amplifier,high,1400,0.9014,0.4636,0.9217,0.9879,0.0771,0.3093,0.2879,0.0364,0.3537,none
27b,degraded_instruct,damaged_q3,q2_structural_amplifier,low,1400,0.9007,0.5986,0.9386,0.9879,0.055,0.2064,0.1721,0.0457,0.5247,none
27b,degraded_instruct,damaged_q3,q2_structural_amplifier,medium,1400,0.9114,0.5371,0.9299,0.9929,0.0643,0.2593,0.24,0.0529,0.4442,none
27b,degraded_instruct,damaged_q3,routed_tri_structural_60,extreme,1400,0.8914,0.5921,0.933,0.9914,0.0993,0.0821,0.3221,0.0621,0.5171,none
27b,degraded_instruct,damaged_q3,routed_tri_structural_60,high,1400,0.905,0.6579,0.9408,0.9943,0.0879,0.0436,0.2679,0.0629,0.5982,none
27b,degraded_instruct,damaged_q3,routed_tri_structural_60,low,1400,0.9243,0.785,0.9663,0.9907,0.0364,0.0357,0.1257,0.0407,0.7548,none
27b,degraded_instruct,damaged_q3,routed_tri_structural_60,medium,1400,0.9193,0.7529,0.9587,0.9921,0.0607,0.0443,0.1607,0.045,0.7107,none
27b,degraded_instruct,damaged_q3,routed_tri_structural_65,extreme,1400,0.9,0.5657,0.9331,0.9936,0.0929,0.0693,0.3736,0.0536,0.4914,none
27b,degraded_instruct,damaged_q3,routed_tri_structural_65,high,1400,0.9093,0.66,0.9451,0.995,0.0793,0.0479,0.2671,0.0557,0.6025,none
27b,degraded_instruct,damaged_q3,routed_tri_structural_65,low,1400,0.9121,0.78,0.9614,0.9893,0.0514,0.0221,0.1321,0.0393,0.7476,none
27b,degraded_instruct,damaged_q3,routed_tri_structural_65,medium,1400,0.9214,0.745,0.9561,0.99,0.065,0.045,0.165,0.0486,0.7009,none
27b,degraded_instruct,damaged_q3,stability_first_tri_70,extreme,1400,0.8986,0.5779,0.9324,0.99,0.09,0.0829,0.3443,0.0686,0.5033,none
27b,degraded_instruct,damaged_q3,stability_first_tri_70,high,1400,0.92,0.6829,0.9471,0.9871,0.0657,0.0386,0.2564,0.0607,0.6319,none
27b,degraded_instruct,damaged_q3,stability_first_tri_70,low,1400,0.9214,0.7764,0.9631,0.9843,0.0414,0.0307,0.1414,0.0379,0.7447,none
27b,degraded_instruct,damaged_q3,stability_first_tri_70,medium,1400,0.9293,0.7693,0.9593,0.9893,0.0579,0.0386,0.1514,0.0471,0.7297,none
27b,degraded_instruct,damaged_q4,cognitive_structural_25_75,extreme,1400,0.9093,0.6536,0.943,0.9886,0.0807,0.0479,0.2864,0.0507,0.5943,none
27b,degraded_instruct,damaged_q4,cognitive_structural_25_75,high,1400,0.9186,0.7293,0.9508,0.9864,0.0707,0.015,0.2093,0.0493,0.6859,none
27b,degraded_instruct,damaged_q4,cognitive_structural_25_75,low,1400,0.935,0.8207,0.9693,0.99,0.0321,0.0093,0.1214,0.035,0.7977,none
27b,degraded_instruct,damaged_q4,cognitive_structural_25_75,medium,1400,0.9371,0.7921,0.9612,0.9886,0.05,0.0207,0.1479,0.0507,0.7586,none
27b,degraded_instruct,damaged_q4,cyber_structural_25_75,extreme,1400,0.93,0.675,0.9471,0.9879,0.0607,0.0564,0.2643,0.0693,0.6209,none
27b,degraded_instruct,damaged_q4,cyber_structural_25_75,high,1400,0.9329,0.7336,0.9547,0.99,0.0529,0.0386,0.2029,0.065,0.6905,none
27b,degraded_instruct,damaged_q4,cyber_structural_25_75,low,1400,0.9336,0.825,0.971,0.9907,0.0321,0.02,0.1036,0.0357,0.8013,none
27b,degraded_instruct,damaged_q4,cyber_structural_25_75,medium,1400,0.9364,0.8114,0.9636,0.9893,0.0457,0.025,0.1257,0.0536,0.78,none
27b,degraded_instruct,damaged_q4,q2_structural_amplifier,extreme,1400,0.8907,0.375,0.8996,0.9893,0.0786,0.3843,0.3571,0.0607,0.243,none
27b,degraded_instruct,damaged_q4,q2_structural_amplifier,high,1400,0.8993,0.4893,0.9198,0.9864,0.075,0.3221,0.25,0.0564,0.3795,none
27b,degraded_instruct,damaged_q4,q2_structural_amplifier,low,1400,0.9164,0.6071,0.9446,0.9957,0.0493,0.2179,0.1579,0.0371,0.5343,none
27b,degraded_instruct,damaged_q4,q2_structural_amplifier,medium,1400,0.9186,0.5836,0.9384,0.9879,0.0579,0.2471,0.1879,0.0393,0.4998,none
27b,degraded_instruct,damaged_q4,routed_tri_structural_60,extreme,1400,0.9229,0.6286,0.9445,0.99,0.0679,0.09,0.285,0.0629,0.5643,none
27b,degraded_instruct,damaged_q4,routed_tri_structural_60,high,1400,0.9271,0.7207,0.9551,0.9893,0.0621,0.0414,0.2057,0.0457,0.675,none
27b,degraded_instruct,damaged_q4,routed_tri_structural_60,low,1400,0.9236,0.7993,0.9676,0.9964,0.0429,0.0314,0.1129,0.0379,0.7692,none
27b,degraded_instruct,damaged_q4,routed_tri_structural_60,medium,1400,0.9386,0.805,0.9644,0.9886,0.0457,0.0421,0.1293,0.0471,0.7702,none
27b,degraded_instruct,damaged_q4,routed_tri_structural_65,extreme,1400,0.9186,0.6414,0.9441,0.9886,0.0714,0.0686,0.2864,0.0571,0.5805,none
27b,degraded_instruct,damaged_q4,routed_tri_structural_65,high,1400,0.9157,0.73,0.9524,0.9871,0.065,0.0493,0.1886,0.0586,0.6826,none
27b,degraded_instruct,damaged_q4,routed_tri_structural_65,low,1400,0.9329,0.7986,0.9711,0.995,0.035,0.0371,0.11,0.0336,0.7702,none
27b,degraded_instruct,damaged_q4,routed_tri_structural_65,medium,1400,0.9457,0.7879,0.9641,0.9893,0.0421,0.0464,0.1357,0.0529,0.7524,none
27b,degraded_instruct,damaged_q4,stability_first_tri_70,extreme,1400,0.9171,0.6264,0.9442,0.9929,0.0757,0.075,0.2907,0.055,0.5627,none
27b,degraded_instruct,damaged_q4,stability_first_tri_70,high,1400,0.9286,0.7286,0.9559,0.9886,0.0593,0.0421,0.2021,0.0464,0.6839,none
27b,degraded_instruct,damaged_q4,stability_first_tri_70,low,1400,0.9314,0.815,0.9702,0.9886,0.0264,0.0321,0.1007,0.0429,0.7904,none
27b,degraded_instruct,damaged_q4,stability_first_tri_70,medium,1400,0.9379,0.79,0.9624,0.9907,0.0479,0.0336,0.1393,0.0529,0.7551,none
27b,degraded_instruct,healthy_q6,cognitive_structural_25_75,extreme,1400,0.9379,0.7064,0.9531,0.9864,0.0564,0.0457,0.2321,0.0543,0.6591,none
27b,degraded_instruct,healthy_q6,cognitive_structural_25_75,high,1400,0.95,0.8043,0.9637,0.9857,0.0393,0.0157,0.1557,0.0521,0.7743,none
27b,degraded_instruct,healthy_q6,cognitive_structural_25_75,low,1400,0.9486,0.8579,0.9772,0.9907,0.02,0.0114,0.0821,0.0314,0.8414,none
27b,degraded_instruct,healthy_q6,cognitive_structural_25_75,medium,1400,0.9543,0.8293,0.9673,0.9921,0.0321,0.0164,0.1307,0.0571,0.803,none
27b,degraded_instruct,healthy_q6,cyber_structural_25_75,extreme,1400,0.9379,0.6979,0.9519,0.9857,0.055,0.065,0.225,0.0643,0.6471,none
27b,degraded_instruct,healthy_q6,cyber_structural_25_75,high,1400,0.9529,0.7929,0.9614,0.985,0.0429,0.0271,0.155,0.0579,0.7593,none
27b,degraded_instruct,healthy_q6,cyber_structural_25_75,low,1400,0.9443,0.8507,0.9752,0.9864,0.0186,0.0193,0.0879,0.0357,0.8325,none
27b,degraded_instruct,healthy_q6,cyber_structural_25_75,medium,1400,0.9529,0.8321,0.9672,0.9893,0.0343,0.025,0.1107,0.0593,0.805,none
27b,degraded_instruct,healthy_q6,q2_structural_amplifier,extreme,1400,0.9021,0.4114,0.9066,0.9936,0.0729,0.3929,0.2879,0.0564,0.2851,none
27b,degraded_instruct,healthy_q6,q2_structural_amplifier,high,1400,0.9229,0.545,0.9353,0.9871,0.0507,0.2979,0.1914,0.0464,0.4526,none
27b,degraded_instruct,healthy_q6,q2_structural_amplifier,low,1400,0.9257,0.6443,0.9494,0.9879,0.0421,0.2229,0.1143,0.0307,0.5764,none
27b,degraded_instruct,healthy_q6,q2_structural_amplifier,medium,1400,0.94,0.6021,0.9455,0.9879,0.0357,0.2721,0.1336,0.0457,0.524,none
27b,degraded_instruct,healthy_q6,routed_tri_structural_60,extreme,1400,0.9486,0.7057,0.9581,0.9929,0.0436,0.0793,0.2129,0.06,0.6568,none
27b,degraded_instruct,healthy_q6,routed_tri_structural_60,high,1400,0.9521,0.77,0.964,0.9879,0.0386,0.0414,0.165,0.0514,0.7344,none
27b,degraded_instruct,healthy_q6,routed_tri_structural_60,low,1400,0.9443,0.83,0.9761,0.9943,0.0214,0.0357,0.0936,0.035,0.8072,none
27b,degraded_instruct,healthy_q6,routed_tri_structural_60,medium,1400,0.96,0.8321,0.9721,0.9907,0.0293,0.0421,0.1021,0.0464,0.8044,none
27b,degraded_instruct,healthy_q6,routed_tri_structural_65,extreme,1400,0.9443,0.7036,0.9569,0.9893,0.0486,0.0836,0.215,0.0543,0.6524,none
27b,degraded_instruct,healthy_q6,routed_tri_structural_65,high,1400,0.9493,0.7607,0.9641,0.9914,0.0429,0.0514,0.1636,0.0486,0.7221,none
27b,degraded_instruct,healthy_q6,routed_tri_structural_65,low,1400,0.9436,0.8421,0.9751,0.9886,0.0221,0.0293,0.0814,0.0357,0.8213,none
27b,degraded_instruct,healthy_q6,routed_tri_structural_65,medium,1400,0.9607,0.8214,0.9718,0.9893,0.0293,0.0486,0.1071,0.045,0.7921,none
27b,degraded_instruct,healthy_q6,stability_first_tri_70,extreme,1400,0.9429,0.7093,0.9545,0.99,0.0514,0.0721,0.2207,0.0629,0.6586,none
27b,degraded_instruct,healthy_q6,stability_first_tri_70,high,1400,0.9557,0.7957,0.9656,0.9929,0.0379,0.0364,0.1457,0.0571,0.7626,none
27b,degraded_instruct,healthy_q6,stability_first_tri_70,low,1400,0.94,0.8464,0.9738,0.9843,0.0243,0.0271,0.08,0.035,0.8256,none
27b,degraded_instruct,healthy_q6,stability_first_tri_70,medium,1400,0.9529,0.8179,0.9698,0.9886,0.0271,0.0393,0.1071,0.0557,0.7905,none
27b,degraded_instruct,healthy_q8,cognitive_structural_25_75,extreme,1400,0.9607,0.7521,0.9625,0.9864,0.0336,0.0543,0.1829,0.0593,0.7136,none
27b,degraded_instruct,healthy_q8,cognitive_structural_25_75,high,1400,0.9679,0.8486,0.9721,0.9943,0.0257,0.0129,0.1186,0.0536,0.8261,none
27b,degraded_instruct,healthy_q8,cognitive_structural_25_75,low,1400,0.9529,0.8814,0.979,0.9879,0.0186,0.0071,0.0721,0.0271,0.8673,none
27b,degraded_instruct,healthy_q8,cognitive_structural_25_75,medium,1400,0.9736,0.8743,0.9758,0.9843,0.0179,0.0207,0.09,0.0429,0.8554,none
27b,degraded_instruct,healthy_q8,cyber_structural_25_75,extreme,1400,0.9571,0.7536,0.9633,0.9857,0.0343,0.0786,0.1643,0.0586,0.7115,none
27b,degraded_instruct,healthy_q8,cyber_structural_25_75,high,1400,0.9664,0.8129,0.9696,0.99,0.0271,0.0371,0.135,0.0536,0.7838,none
27b,degraded_instruct,healthy_q8,cyber_structural_25_75,low,1400,0.9486,0.8707,0.9794,0.99,0.015,0.0214,0.06,0.0357,0.8553,none
27b,degraded_instruct,healthy_q8,cyber_structural_25_75,medium,1400,0.96,0.8693,0.9747,0.9886,0.0279,0.0257,0.0793,0.0414,0.8474,none
27b,degraded_instruct,healthy_q8,q2_structural_amplifier,extreme,1400,0.9136,0.465,0.9162,0.9857,0.0571,0.3557,0.2421,0.06,0.3543,none
27b,degraded_instruct,healthy_q8,q2_structural_amplifier,high,1400,0.9293,0.5329,0.9364,0.9929,0.0493,0.315,0.1821,0.0457,0.4382,none
27b,degraded_instruct,healthy_q8,q2_structural_amplifier,low,1400,0.9364,0.6479,0.9544,0.9936,0.0293,0.2171,0.1214,0.0336,0.5843,none
27b,degraded_instruct,healthy_q8,q2_structural_amplifier,medium,1400,0.9221,0.5914,0.9402,0.9886,0.0521,0.2707,0.1414,0.0457,0.508,none
27b,degraded_instruct,healthy_q8,routed_tri_structural_60,extreme,1400,0.9557,0.7379,0.9623,0.9907,0.0393,0.0786,0.1693,0.0593,0.6938,none
27b,degraded_instruct,healthy_q8,routed_tri_structural_60,high,1400,0.9571,0.785,0.9663,0.99,0.035,0.0486,0.1429,0.0557,0.7506,none
27b,degraded_instruct,healthy_q8,routed_tri_structural_60,low,1400,0.9393,0.8293,0.9745,0.9936,0.0214,0.0364,0.0864,0.0414,0.8066,none
27b,degraded_instruct,healthy_q8,routed_tri_structural_60,medium,1400,0.9657,0.8414,0.9765,0.9929,0.0243,0.0479,0.09,0.0393,0.8154,none
27b,degraded_instruct,healthy_q8,routed_tri_structural_65,extreme,1400,0.9629,0.7521,0.9648,0.9886,0.0314,0.0814,0.1693,0.0557,0.7101,none
27b,degraded_instruct,healthy_q8,routed_tri_structural_65,high,1400,0.9657,0.7879,0.9679,0.9907,0.0271,0.05,0.1514,0.0571,0.7547,none
27b,degraded_instruct,healthy_q8,routed_tri_structural_65,low,1400,0.9471,0.8407,0.9754,0.9879,0.0157,0.0257,0.0879,0.0393,0.8219,none
27b,degraded_instruct,healthy_q8,routed_tri_structural_65,medium,1400,0.9643,0.8436,0.9732,0.9907,0.0229,0.0357,0.0957,0.0529,0.8193,none
27b,degraded_instruct,healthy_q8,stability_first_tri_70,extreme,1400,0.9493,0.7243,0.9596,0.9907,0.0436,0.0907,0.18,0.0614,0.6756,none
27b,degraded_instruct,healthy_q8,stability_first_tri_70,high,1400,0.9464,0.7757,0.9651,0.9921,0.045,0.055,0.1436,0.0479,0.7373,none
27b,degraded_instruct,healthy_q8,stability_first_tri_70,low,1400,0.9507,0.8707,0.979,0.9886,0.0143,0.0214,0.0671,0.0343,0.8551,none
27b,degraded_instruct,healthy_q8,stability_first_tri_70,medium,1400,0.9621,0.83,0.9726,0.9886,0.0243,0.045,0.1014,0.0493,0.8031,none
27b,instruct,collapsed_q2_edge,cognitive_structural_25_75,extreme,1400,0.15,0.0786,0.4076,0.675,0.3486,0.0443,0.6829,2.3543,-0.2072,cascade
27b,instruct,collapsed_q2_edge,cognitive_structural_25_75,high,1400,0.2193,0.1764,0.4702,0.7029,0.265,0.0121,0.4621,1.8943,-0.0372,cascade
27b,instruct,collapsed_q2_edge,cognitive_structural_25_75,low,1400,0.3364,0.2814,0.654,0.8014,0.1414,0.0064,0.2043,0.895,0.1766,none
27b,instruct,collapsed_q2_edge,cognitive_structural_25_75,medium,1400,0.2921,0.2493,0.5613,0.7507,0.2107,0.0107,0.3229,1.4621,0.085,none
27b,instruct,collapsed_q2_edge,cyber_structural_25_75,extreme,1400,0.1879,0.1014,0.447,0.6629,0.3114,0.0579,0.6229,2.1371,-0.1603,cascade
27b,instruct,collapsed_q2_edge,cyber_structural_25_75,high,1400,0.2414,0.1771,0.4842,0.6893,0.2779,0.0171,0.4357,1.7743,-0.0332,cascade
27b,instruct,collapsed_q2_edge,cyber_structural_25_75,low,1400,0.3436,0.2686,0.6585,0.8079,0.1407,0.0107,0.2236,0.8836,0.1622,none
27b,instruct,collapsed_q2_edge,cyber_structural_25_75,medium,1400,0.33,0.2729,0.5779,0.7614,0.2093,0.0264,0.2979,1.3957,0.1112,none
27b,instruct,collapsed_q2_edge,q2_structural_amplifier,extreme,1400,0.5636,0.2129,0.734,0.7779,0.2043,0.3393,0.665,0.4457,0.0082,distractor_capture
27b,instruct,collapsed_q2_edge,q2_structural_amplifier,high,1400,0.6143,0.2914,0.7763,0.8214,0.1679,0.3,0.4721,0.38,0.1243,none
27b,instruct,collapsed_q2_edge,q2_structural_amplifier,low,1400,0.8207,0.51,0.8912,0.8914,0.095,0.2057,0.245,0.0779,0.4169,none
27b,instruct,collapsed_q2_edge,q2_structural_amplifier,medium,1400,0.715,0.3836,0.8352,0.8686,0.1364,0.2693,0.3621,0.2257,0.2485,none
27b,instruct,collapsed_q2_edge,routed_tri_structural_60,extreme,1400,0.2129,0.1164,0.4789,0.685,0.3029,0.0829,0.6707,1.9421,-0.1418,cascade
27b,instruct,collapsed_q2_edge,routed_tri_structural_60,high,1400,0.3357,0.2457,0.5585,0.7671,0.24,0.045,0.4364,1.5157,0.054,none
27b,instruct,collapsed_q2_edge,routed_tri_structural_60,low,1400,0.47,0.3657,0.7413,0.8457,0.1071,0.0271,0.2414,0.6386,0.2769,none
27b,instruct,collapsed_q2_edge,routed_tri_structural_60,medium,1400,0.4164,0.3386,0.6495,0.81,0.1771,0.0364,0.3143,1.1357,0.1962,none
27b,instruct,collapsed_q2_edge,routed_tri_structural_65,extreme,1400,0.2607,0.135,0.5266,0.7293,0.2714,0.0621,0.665,1.7436,-0.0992,cascade
27b,instruct,collapsed_q2_edge,routed_tri_structural_65,high,1400,0.3314,0.2286,0.5752,0.7579,0.2371,0.04,0.4286,1.4114,0.0446,cascade
27b,instruct,collapsed_q2_edge,routed_tri_structural_65,low,1400,0.485,0.3893,0.7574,0.8671,0.1321,0.0243,0.2114,0.5686,0.2994,none
27b,instruct,collapsed_q2_edge,routed_tri_structural_65,medium,1400,0.435,0.3464,0.6712,0.8107,0.1814,0.0364,0.3436,1.0021,0.2071,none
27b,instruct,collapsed_q2_edge,stability_first_tri_70,extreme,1400,0.3164,0.1736,0.57,0.7464,0.2586,0.0586,0.6143,1.5364,-0.0417,cascade
27b,instruct,collapsed_q2_edge,stability_first_tri_70,high,1400,0.3914,0.2929,0.6134,0.7707,0.2264,0.0314,0.4207,1.2343,0.1233,none
27b,instruct,collapsed_q2_edge,stability_first_tri_70,low,1400,0.5486,0.4486,0.7898,0.875,0.1071,0.0171,0.2136,0.4886,0.3715,none
27b,instruct,collapsed_q2_edge,stability_first_tri_70,medium,1400,0.4914,0.4086,0.7024,0.8143,0.1657,0.0243,0.2871,0.895,0.2863,none
27b,instruct,damaged_q2,cognitive_structural_25_75,extreme,1400,0.4414,0.2471,0.6561,0.8293,0.2043,0.0414,0.595,1.22,0.069,none
27b,instruct,damaged_q2,cognitive_structural_25_75,high,1400,0.5214,0.385,0.7053,0.8486,0.1764,0.0157,0.3886,0.9307,0.2513,none
27b,instruct,damaged_q2,cognitive_structural_25_75,low,1400,0.6629,0.5264,0.8511,0.9221,0.0779,0.0043,0.2093,0.34,0.4685,none
27b,instruct,damaged_q2,cognitive_structural_25_75,medium,1400,0.6236,0.515,0.7848,0.8679,0.125,0.0129,0.2671,0.625,0.4223,none
27b,instruct,damaged_q2,cyber_structural_25_75,extreme,1400,0.4843,0.2957,0.6786,0.7907,0.2086,0.0529,0.5564,1.0286,0.1266,none
27b,instruct,damaged_q2,cyber_structural_25_75,high,1400,0.5271,0.3921,0.7191,0.8336,0.1871,0.0229,0.3607,0.8271,0.2612,none
27b,instruct,damaged_q2,cyber_structural_25_75,low,1400,0.6857,0.5571,0.8479,0.8814,0.0864,0.0093,0.2079,0.3086,0.4973,none
27b,instruct,damaged_q2,cyber_structural_25_75,medium,1400,0.625,0.4871,0.7867,0.8607,0.1164,0.0214,0.2807,0.6071,0.3951,none
27b,instruct,damaged_q2,q2_structural_amplifier,extreme,1400,0.7421,0.285,0.8375,0.8857,0.1521,0.3429,0.5771,0.0921,0.12,distractor_capture
27b,instruct,damaged_q2,q2_structural_amplifier,high,1400,0.81,0.3821,0.8747,0.92,0.125,0.3229,0.385,0.0836,0.2451,none
27b,instruct,damaged_q2,q2_structural_amplifier,low,1400,0.8807,0.5393,0.9267,0.9793,0.0736,0.2143,0.235,0.0436,0.4534,none
27b,instruct,damaged_q2,q2_structural_amplifier,medium,1400,0.8414,0.4921,0.9032,0.94,0.1043,0.2407,0.2771,0.06,0.3875,none
27b,instruct,damaged_q2,routed_tri_structural_60,extreme,1400,0.5929,0.3071,0.7467,0.8429,0.1971,0.0743,0.545,0.7114,0.154,none
27b,instruct,damaged_q2,routed_tri_structural_60,high,1400,0.6407,0.4521,0.7843,0.8829,0.1643,0.0421,0.3821,0.5743,0.3351,none
27b,instruct,damaged_q2,routed_tri_structural_60,low,1400,0.7843,0.6121,0.9025,0.9421,0.0821,0.02,0.2157,0.1593,0.5583,none
27b,instruct,damaged_q2,routed_tri_structural_60,medium,1400,0.7157,0.5429,0.8417,0.905,0.1257,0.0421,0.2629,0.3829,0.4565,none
27b,instruct,damaged_q2,routed_tri_structural_65,extreme,1400,0.6729,0.3636,0.7913,0.8643,0.165,0.0693,0.5429,0.5293,0.2303,none
27b,instruct,damaged_q2,routed_tri_structural_65,high,1400,0.6843,0.4814,0.8169,0.9029,0.1529,0.035,0.3693,0.4536,0.3763,none
27b,instruct,damaged_q2,routed_tri_structural_65,low,1400,0.8164,0.64,0.9117,0.9379,0.0714,0.0207,0.2143,0.135,0.5905,none
27b,instruct,damaged_q2,routed_tri_structural_65,medium,1400,0.7643,0.5879,0.8675,0.9107,0.1121,0.0271,0.2564,0.2886,0.5138,none
27b,instruct,damaged_q2,stability_first_tri_70,extreme,1400,0.6986,0.3686,0.8083,0.8629,0.16,0.0621,0.5614,0.4286,0.2418,none
27b,instruct,damaged_q2,stability_first_tri_70,high,1400,0.73,0.51,0.8373,0.8936,0.1329,0.0343,0.355,0.3714,0.4163,none
27b,instruct,damaged_q2,stability_first_tri_70,low,1400,0.8721,0.6979,0.938,0.9579,0.07,0.0193,0.1979,0.0614,0.6541,none
27b,instruct,damaged_q2,stability_first_tri_70,medium,1400,0.8121,0.6271,0.895,0.9236,0.0979,0.0364,0.2271,0.2021,0.5622,none
27b,instruct,damaged_q3,cognitive_structural_25_75,extreme,1400,0.8821,0.5571,0.9241,0.9843,0.1,0.04,0.3979,0.0757,0.4835,none
27b,instruct,damaged_q3,cognitive_structural_25_75,high,1400,0.9086,0.6829,0.9448,0.9914,0.0779,0.0186,0.2736,0.0514,0.6313,none
27b,instruct,damaged_q3,cognitive_structural_25_75,low,1400,0.9221,0.7993,0.9644,0.9914,0.0364,0.0036,0.1314,0.0457,0.7748,none
27b,instruct,damaged_q3,cognitive_structural_25_75,medium,1400,0.91,0.745,0.9528,0.9864,0.0679,0.0143,0.1807,0.05,0.7048,none
27b,instruct,damaged_q3,cyber_structural_25_75,extreme,1400,0.86,0.565,0.9154,0.9479,0.1043,0.0514,0.3736,0.0814,0.4895,none
27b,instruct,damaged_q3,cyber_structural_25_75,high,1400,0.895,0.6864,0.9394,0.9743,0.0843,0.02,0.2436,0.0607,0.6346,none
27b,instruct,damaged_q3,cyber_structural_25_75,low,1400,0.9029,0.7536,0.9569,0.9893,0.0507,0.0121,0.1514,0.0514,0.7212,none
27b,instruct,damaged_q3,cyber_structural_25_75,medium,1400,0.9043,0.7364,0.9487,0.9893,0.0771,0.0221,0.1829,0.0586,0.6913,none
27b,instruct,damaged_q3,q2_structural_amplifier,extreme,1400,0.8457,0.3693,0.8898,0.99,0.1121,0.345,0.3829,0.0721,0.2324,none
27b,instruct,damaged_q3,q2_structural_amplifier,high,1400,0.8807,0.4871,0.9155,0.9907,0.0914,0.2793,0.2871,0.0607,0.3778,none
27b,instruct,damaged_q3,q2_structural_amplifier,low,1400,0.8964,0.5936,0.9385,0.9864,0.0586,0.2107,0.1729,0.0407,0.518,none
27b,instruct,damaged_q3,q2_structural_amplifier,medium,1400,0.8921,0.5429,0.9259,0.9836,0.0807,0.2636,0.205,0.0486,0.4471,none
27b,instruct,damaged_q3,routed_tri_structural_60,extreme,1400,0.8886,0.5814,0.9296,0.9857,0.1021,0.0614,0.3514,0.0579,0.5075,none
27b,instruct,damaged_q3,routed_tri_structural_60,high,1400,0.8943,0.6543,0.9404,0.9914,0.0929,0.0421,0.2743,0.0507,0.5935,none
27b,instruct,damaged_q3,routed_tri_structural_60,low,1400,0.9043,0.765,0.9578,0.9886,0.0664,0.0271,0.1379,0.0336,0.7269,none
27b,instruct,damaged_q3,routed_tri_structural_60,medium,1400,0.9179,0.7307,0.9531,0.9886,0.0671,0.0307,0.1964,0.0471,0.6864,none
27b,instruct,damaged_q3,routed_tri_structural_65,extreme,1400,0.8893,0.59,0.9298,0.9814,0.0986,0.06,0.3521,0.0593,0.5173,none
27b,instruct,damaged_q3,routed_tri_structural_65,high,1400,0.905,0.6771,0.9435,0.9914,0.0864,0.0436,0.2457,0.0557,0.6201,none
27b,instruct,damaged_q3,routed_tri_structural_65,low,1400,0.9236,0.7871,0.9661,0.9914,0.0429,0.0186,0.1314,0.035,0.7583,none
27b,instruct,damaged_q3,routed_tri_structural_65,medium,1400,0.9136,0.7271,0.9543,0.99,0.0636,0.03,0.1893,0.05,0.6844,none
27b,instruct,damaged_q3,stability_first_tri_70,extreme,1400,0.8879,0.585,0.9281,0.9843,0.0971,0.0593,0.3479,0.0743,0.5125,none
27b,instruct,damaged_q3,stability_first_tri_70,high,1400,0.9079,0.6664,0.9449,0.9886,0.0807,0.0314,0.2643,0.0471,0.6124,none
27b,instruct,damaged_q3,stability_first_tri_70,low,1400,0.92,0.7714,0.9652,0.9943,0.0443,0.0243,0.1421,0.0357,0.7401,none
27b,instruct,damaged_q3,stability_first_tri_70,medium,1400,0.93,0.7621,0.9588,0.9921,0.0586,0.0236,0.1779,0.0429,0.7235,none
27b,instruct,damaged_q4,cognitive_structural_25_75,extreme,1400,0.9136,0.6407,0.9413,0.99,0.0807,0.035,0.2943,0.06,0.583,none
27b,instruct,damaged_q4,cognitive_structural_25_75,high,1400,0.9236,0.7321,0.9513,0.9914,0.0664,0.0157,0.2136,0.0586,0.6891,none
27b,instruct,damaged_q4,cognitive_structural_25_75,low,1400,0.9371,0.845,0.972,0.9886,0.0336,0.0057,0.0971,0.0293,0.8246,none
27b,instruct,damaged_q4,cognitive_structural_25_75,medium,1400,0.9371,0.79,0.9619,0.9886,0.0514,0.0171,0.1543,0.0429,0.7567,none
27b,instruct,damaged_q4,cyber_structural_25_75,extreme,1400,0.9086,0.64,0.9405,0.9929,0.0836,0.0379,0.2971,0.0636,0.5804,none
27b,instruct,damaged_q4,cyber_structural_25_75,high,1400,0.9379,0.76,0.9581,0.9907,0.055,0.025,0.1807,0.0536,0.7214,none
27b,instruct,damaged_q4,cyber_structural_25_75,low,1400,0.9314,0.81,0.9679,0.9857,0.035,0.0121,0.1221,0.035,0.7856,none
27b,instruct,damaged_q4,cyber_structural_25_75,medium,1400,0.9286,0.7829,0.9599,0.9921,0.0521,0.0179,0.155,0.055,0.7485,none
27b,instruct,damaged_q4,q2_structural_amplifier,extreme,1400,0.8836,0.4243,0.9036,0.9907,0.0943,0.325,0.3464,0.0471,0.3009,none
27b,instruct,damaged_q4,q2_structural_amplifier,high,1400,0.9014,0.5257,0.9265,0.9943,0.0736,0.2736,0.2493,0.0521,0.4264,none
27b,instruct,damaged_q4,q2_structural_amplifier,low,1400,0.9093,0.6179,0.944,0.9921,0.055,0.19,0.1664,0.0371,0.5482,none
27b,instruct,damaged_q4,q2_structural_amplifier,medium,1400,0.9221,0.5821,0.9385,0.9857,0.0486,0.2414,0.1864,0.0521,0.5018,none
27b,instruct,damaged_q4,routed_tri_structural_60,extreme,1400,0.92,0.6243,0.9421,0.9843,0.0686,0.0671,0.3043,0.0614,0.5629,none
27b,instruct,damaged_q4,routed_tri_structural_60,high,1400,0.9186,0.7186,0.9493,0.9914,0.0721,0.0407,0.2093,0.0614,0.669,none
27b,instruct,damaged_q4,routed_tri_structural_60,low,1400,0.9379,0.8036,0.9693,0.9886,0.0314,0.0236,0.1329,0.0321,0.7772,none
27b,instruct,damaged_q4,routed_tri_structural_60,medium,1400,0.94,0.7757,0.9615,0.9907,0.05,0.04,0.15,0.0507,0.7382,none
27b,instruct,damaged_q4,routed_tri_structural_65,extreme,1400,0.9293,0.6529,0.9478,0.9886,0.0643,0.075,0.275,0.0507,0.594,none
27b,instruct,damaged_q4,routed_tri_structural_65,high,1400,0.935,0.7386,0.9579,0.9879,0.0564,0.0429,0.1914,0.045,0.6955,none
27b,instruct,damaged_q4,routed_tri_structural_65,low,1400,0.94,0.8121,0.9719,0.9907,0.0321,0.0221,0.1221,0.0271,0.7869,none
27b,instruct,damaged_q4,routed_tri_structural_65,medium,1400,0.945,0.7857,0.9629,0.9879,0.04,0.0257,0.155,0.0529,0.7535,none
27b,instruct,damaged_q4,stability_first_tri_70,extreme,1400,0.9336,0.66,0.9502,0.9936,0.0579,0.0664,0.2686,0.0614,0.6048,none
27b,instruct,damaged_q4,stability_first_tri_70,high,1400,0.9329,0.7336,0.9544,0.9914,0.06,0.0343,0.2029,0.0564,0.6897,none
27b,instruct,damaged_q4,stability_first_tri_70,low,1400,0.935,0.8243,0.9706,0.9893,0.0329,0.0164,0.1086,0.0336,0.8008,none
27b,instruct,damaged_q4,stability_first_tri_70,medium,1400,0.9314,0.785,0.9621,0.9943,0.0507,0.0236,0.1507,0.0486,0.7506,none
27b,instruct,healthy_q6,cognitive_structural_25_75,extreme,1400,0.955,0.7521,0.9602,0.9893,0.0393,0.0371,0.2079,0.0586,0.7134,none
27b,instruct,healthy_q6,cognitive_structural_25_75,high,1400,0.9386,0.7986,0.9601,0.9921,0.0507,0.0143,0.1514,0.0629,0.7652,none
27b,instruct,healthy_q6,cognitive_structural_25_75,low,1400,0.9457,0.8529,0.9758,0.9914,0.025,0.01,0.09,0.03,0.8347,none
27b,instruct,healthy_q6,cognitive_structural_25_75,medium,1400,0.9643,0.8464,0.9733,0.9864,0.0229,0.0121,0.1193,0.04,0.8256,none
27b,instruct,healthy_q6,cyber_structural_25_75,extreme,1400,0.945,0.745,0.9584,0.9914,0.0479,0.0464,0.1914,0.0614,0.703,none
27b,instruct,healthy_q6,cyber_structural_25_75,high,1400,0.9571,0.8021,0.9668,0.9836,0.0357,0.0221,0.1507,0.0407,0.7729,none
27b,instruct,healthy_q6,cyber_structural_25_75,low,1400,0.9464,0.8507,0.9748,0.9879,0.0229,0.0086,0.0929,0.0314,0.8331,none
27b,instruct,healthy_q6,cyber_structural_25_75,medium,1400,0.9564,0.8371,0.9698,0.9893,0.0329,0.0121,0.1229,0.0436,0.8128,none
27b,instruct,healthy_q6,q2_structural_amplifier,extreme,1400,0.9014,0.44,0.9099,0.9864,0.0757,0.3571,0.26,0.0564,0.3222,none
27b,instruct,healthy_q6,q2_structural_amplifier,high,1400,0.9143,0.525,0.9313,0.9886,0.0543,0.3093,0.1929,0.0579,0.4285,none
27b,instruct,healthy_q6,q2_structural_amplifier,low,1400,0.9107,0.625,0.9447,0.99,0.05,0.2,0.1486,0.0393,0.5561,none
27b,instruct,healthy_q6,q2_structural_amplifier,medium,1400,0.9236,0.5921,0.9415,0.985,0.0507,0.2621,0.15,0.0371,0.5106,none
27b,instruct,healthy_q6,routed_tri_structural_60,extreme,1400,0.9493,0.7064,0.9561,0.9871,0.04,0.0679,0.2221,0.0679,0.6597,none
27b,instruct,healthy_q6,routed_tri_structural_60,high,1400,0.9507,0.7614,0.9621,0.9871,0.04,0.0407,0.18,0.0521,0.7243,none
27b,instruct,healthy_q6,routed_tri_structural_60,low,1400,0.9379,0.8279,0.9721,0.9864,0.0279,0.025,0.0943,0.0357,0.8052,none
27b,instruct,healthy_q6,routed_tri_structural_60,medium,1400,0.9529,0.8336,0.9681,0.99,0.0364,0.0286,0.1086,0.0529,0.8056,none
27b,instruct,healthy_q6,routed_tri_structural_65,extreme,1400,0.9357,0.7186,0.9544,0.9871,0.0564,0.0579,0.2121,0.0543,0.6704,none
27b,instruct,healthy_q6,routed_tri_structural_65,high,1400,0.9407,0.7671,0.9606,0.9893,0.0507,0.0329,0.1686,0.0493,0.7294,none
27b,instruct,healthy_q6,routed_tri_structural_65,low,1400,0.9414,0.8407,0.9751,0.9929,0.02,0.0186,0.0914,0.0393,0.8217,none
27b,instruct,healthy_q6,routed_tri_structural_65,medium,1400,0.95,0.8129,0.9672,0.99,0.04,0.0321,0.1193,0.0479,0.7825,none
27b,instruct,healthy_q6,stability_first_tri_70,extreme,1400,0.9471,0.7071,0.9563,0.9857,0.0464,0.0593,0.2243,0.055,0.6607,none
27b,instruct,healthy_q6,stability_first_tri_70,high,1400,0.955,0.8114,0.9654,0.985,0.0379,0.0271,0.1386,0.0507,0.781,none
27b,instruct,healthy_q6,stability_first_tri_70,low,1400,0.9257,0.8271,0.9691,0.9843,0.0279,0.0221,0.0914,0.0443,0.8048,none
27b,instruct,healthy_q6,stability_first_tri_70,medium,1400,0.9464,0.8207,0.9672,0.9879,0.0393,0.0307,0.1107,0.0493,0.7915,none
27b,instruct,healthy_q8,cognitive_structural_25_75,extreme,1400,0.9464,0.7579,0.9603,0.9914,0.0457,0.0343,0.1857,0.0593,0.7195,none
27b,instruct,healthy_q8,cognitive_structural_25_75,high,1400,0.9664,0.8343,0.9695,0.9914,0.0271,0.0143,0.1371,0.055,0.8096,none
27b,instruct,healthy_q8,cognitive_structural_25_75,low,1400,0.9493,0.8693,0.9774,0.99,0.0143,0.005,0.0821,0.0371,0.8556,none
27b,instruct,healthy_q8,cognitive_structural_25_75,medium,1400,0.9607,0.8564,0.9718,0.9893,0.0257,0.0143,0.0993,0.0529,0.8353,none
27b,instruct,healthy_q8,cyber_structural_25_75,extreme,1400,0.95,0.745,0.9605,0.9914,0.0436,0.06,0.1821,0.0586,0.7024,none
27b,instruct,healthy_q8,cyber_structural_25_75,high,1400,0.9636,0.8279,0.9711,0.9936,0.0293,0.0164,0.1379,0.045,0.8025,none
27b,instruct,healthy_q8,cyber_structural_25_75,low,1400,0.9429,0.8621,0.9754,0.9921,0.0214,0.0136,0.0743,0.0393,0.8451,none
27b,instruct,healthy_q8,cyber_structural_25_75,medium,1400,0.96,0.8493,0.9727,0.995,0.0279,0.0243,0.0971,0.0514,0.8257,none
27b,instruct,healthy_q8,q2_structural_amplifier,extreme,1400,0.905,0.4629,0.9114,0.9921,0.0679,0.3436,0.3029,0.0614,0.3465,none
27b,instruct,healthy_q8,q2_structural_amplifier,high,1400,0.9143,0.5336,0.9303,0.9879,0.0579,0.2871,0.1993,0.0629,0.4397,none
27b,instruct,healthy_q8,q2_structural_amplifier,low,1400,0.9343,0.6679,0.9547,0.9879,0.0293,0.1979,0.1143,0.035,0.6086,none
27b,instruct,healthy_q8,q2_structural_amplifier,medium,1400,0.9279,0.61,0.9435,0.9871,0.0457,0.2579,0.1329,0.045,0.5318,none
27b,instruct,healthy_q8,routed_tri_structural_60,extreme,1400,0.96,0.7307,0.9607,0.9907,0.0364,0.0629,0.2021,0.0636,0.6879,none
27b,instruct,healthy_q8,routed_tri_structural_60,high,1400,0.9629,0.805,0.9691,0.9907,0.03,0.0421,0.1386,0.0514,0.7739,none
27b,instruct,healthy_q8,routed_tri_structural_60,low,1400,0.9557,0.8614,0.9778,0.9871,0.0143,0.0207,0.0836,0.0314,0.8447,none
27b,instruct,healthy_q8,routed_tri_structural_60,medium,1400,0.965,0.8557,0.9748,0.9914,0.0236,0.0286,0.095,0.045,0.8331,none
27b,instruct,healthy_q8,routed_tri_structural_65,extreme,1400,0.9521,0.7457,0.9599,0.9879,0.0436,0.0657,0.1864,0.0571,0.7017,none
27b,instruct,healthy_q8,routed_tri_structural_65,high,1400,0.9714,0.795,0.9689,0.9864,0.02,0.0421,0.1571,0.0564,0.7652,none
27b,instruct,healthy_q8,routed_tri_structural_65,low,1400,0.9521,0.86,0.9781,0.9871,0.0179,0.0279,0.0707,0.0314,0.8418,none
27b,instruct,healthy_q8,routed_tri_structural_65,medium,1400,0.9507,0.8264,0.9682,0.9907,0.0293,0.0336,0.1057,0.0629,0.7993,none
27b,instruct,healthy_q8,stability_first_tri_70,extreme,1400,0.945,0.7279,0.9568,0.9936,0.0507,0.065,0.1843,0.0714,0.6813,none
27b,instruct,healthy_q8,stability_first_tri_70,high,1400,0.9543,0.8121,0.9654,0.9829,0.0379,0.0293,0.135,0.05,0.7816,none
27b,instruct,healthy_q8,stability_first_tri_70,low,1400,0.9479,0.8607,0.9771,0.9907,0.0207,0.025,0.0714,0.0343,0.8421,none
27b,instruct,healthy_q8,stability_first_tri_70,medium,1400,0.9679,0.8621,0.9774,0.9943,0.0193,0.0236,0.0993,0.0407,0.8417,none
2b_reference,base,collapsed_q2_edge,cognitive_structural_25_75,extreme,1400,0.0114,0.0079,0.1102,0.4579,0.7286,0.0464,0.9264,3.9136,-0.4898,cascade
2b_reference,base,collapsed_q2_edge,cognitive_structural_25_75,high,1400,0.0314,0.0243,0.1809,0.5207,0.5907,0.0164,0.6371,3.1236,-0.3634,cascade
2b_reference,base,collapsed_q2_edge,cognitive_structural_25_75,low,1400,0.1343,0.1014,0.4451,0.6743,0.2557,0.0093,0.3121,1.4657,-0.0754,cascade
2b_reference,base,collapsed_q2_edge,cognitive_structural_25_75,medium,1400,0.0671,0.0521,0.2932,0.5886,0.4086,0.0157,0.4407,2.4943,-0.2335,cascade
2b_reference,base,collapsed_q2_edge,cyber_structural_25_75,extreme,1400,0.0193,0.0086,0.1393,0.4593,0.7057,0.0471,0.8514,3.6671,-0.464,cascade
2b_reference,base,collapsed_q2_edge,cyber_structural_25_75,high,1400,0.0486,0.03,0.2088,0.5207,0.565,0.0343,0.5543,2.9829,-0.3398,cascade
2b_reference,base,collapsed_q2_edge,cyber_structural_25_75,low,1400,0.1314,0.0993,0.4385,0.6679,0.2629,0.0186,0.2971,1.5014,-0.0821,cascade
2b_reference,base,collapsed_q2_edge,cyber_structural_25_75,medium,1400,0.095,0.075,0.3195,0.575,0.4043,0.02,0.4314,2.3329,-0.2014,cascade
2b_reference,base,collapsed_q2_edge,q2_structural_amplifier,extreme,1400,0.2921,0.0864,0.5599,0.7064,0.3086,0.3921,0.8321,1.1557,-0.2089,cascade
2b_reference,base,collapsed_q2_edge,q2_structural_amplifier,high,1400,0.3479,0.1807,0.5984,0.7357,0.285,0.3079,0.53,1.0086,-0.0592,cascade
2b_reference,base,collapsed_q2_edge,q2_structural_amplifier,low,1400,0.6479,0.3693,0.8141,0.855,0.1329,0.2107,0.3164,0.2657,0.2487,none
2b_reference,base,collapsed_q2_edge,q2_structural_amplifier,medium,1400,0.5007,0.2914,0.7159,0.795,0.2114,0.2457,0.4179,0.605,0.1152,none
2b_reference,base,collapsed_q2_edge,routed_tri_structural_60,extreme,1400,0.04,0.0179,0.2156,0.55,0.6093,0.0714,0.8786,3.1607,-0.4075,cascade
2b_reference,base,collapsed_q2_edge,routed_tri_structural_60,high,1400,0.09,0.0579,0.2906,0.6014,0.4829,0.0479,0.585,2.5629,-0.2715,cascade
2b_reference,base,collapsed_q2_edge,routed_tri_structural_60,low,1400,0.2379,0.1764,0.5577,0.7721,0.2186,0.0257,0.2957,1.1421,0.0249,cascade
2b_reference,base,collapsed_q2_edge,routed_tri_structural_60,medium,1400,0.1479,0.1107,0.4229,0.6964,0.3471,0.0443,0.4464,1.92,-0.134,cascade
2b_reference,base,collapsed_q2_edge,routed_tri_structural_65,extreme,1400,0.0586,0.0264,0.2444,0.5486,0.5843,0.0643,0.8579,2.9214,-0.3764,cascade
2b_reference,base,collapsed_q2_edge,routed_tri_structural_65,high,1400,0.0864,0.0629,0.309,0.6086,0.4586,0.035,0.6129,2.4721,-0.2543,cascade
2b_reference,base,collapsed_q2_edge,routed_tri_structural_65,low,1400,0.2486,0.1843,0.5693,0.7514,0.205,0.0279,0.3079,1.0957,0.0378,cascade
2b_reference,base,collapsed_q2_edge,routed_tri_structural_65,medium,1400,0.1636,0.1229,0.4384,0.6943,0.3421,0.0386,0.4321,1.8321,-0.1137,cascade
2b_reference,base,collapsed_q2_edge,stability_first_tri_70,extreme,1400,0.0593,0.0214,0.258,0.545,0.5843,0.0743,0.8879,2.825,-0.381,cascade
2b_reference,base,collapsed_q2_edge,stability_first_tri_70,high,1400,0.1071,0.075,0.3381,0.6407,0.4421,0.0393,0.5507,2.3279,-0.2259,cascade
2b_reference,base,collapsed_q2_edge,stability_first_tri_70,low,1400,0.2814,0.1957,0.604,0.7671,0.1957,0.0214,0.3,0.9736,0.06,cascade
2b_reference,base,collapsed_q2_edge,stability_first_tri_70,medium,1400,0.2029,0.1593,0.4707,0.6893,0.3064,0.0343,0.44,1.7136,-0.0604,cascade
2b_reference,base,damaged_q2,cognitive_structural_25_75,extreme,1400,0.0936,0.0493,0.3409,0.6157,0.4314,0.0379,0.7964,2.5279,-0.2778,cascade
2b_reference,base,damaged_q2,cognitive_structural_25_75,high,1400,0.1864,0.1293,0.4354,0.6736,0.3393,0.0164,0.5179,1.9657,-0.1155,cascade
2b_reference,base,damaged_q2,cognitive_structural_25_75,low,1400,0.3257,0.2457,0.6379,0.7771,0.1686,0.0079,0.2579,0.8979,0.128,none
2b_reference,base,damaged_q2,cognitive_structural_25_75,medium,1400,0.2821,0.2179,0.5447,0.7529,0.2521,0.0193,0.3671,1.4743,0.0353,cascade
2b_reference,base,damaged_q2,cyber_structural_25_75,extreme,1400,0.1386,0.0664,0.3857,0.6343,0.4543,0.06,0.7221,2.2421,-0.2517,cascade
2b_reference,base,damaged_q2,cyber_structural_25_75,high,1400,0.2064,0.1364,0.4399,0.6764,0.3679,0.03,0.4879,1.8629,-0.1121,cascade
2b_reference,base,damaged_q2,cyber_structural_25_75,low,1400,0.365,0.2879,0.6651,0.7793,0.1621,0.0136,0.2414,0.8071,0.1768,none
2b_reference,base,damaged_q2,cyber_structural_25_75,medium,1400,0.31,0.2443,0.5615,0.7343,0.2543,0.0286,0.3436,1.3707,0.0663,cascade
2b_reference,base,damaged_q2,q2_structural_amplifier,extreme,1400,0.5686,0.1964,0.7452,0.8036,0.2207,0.3586,0.7271,0.3407,-0.0167,distractor_capture
2b_reference,base,damaged_q2,q2_structural_amplifier,high,1400,0.665,0.2936,0.7993,0.8586,0.185,0.3057,0.4843,0.2757,0.1244,distractor_capture
2b_reference,base,damaged_q2,q2_structural_amplifier,low,1400,0.8271,0.5057,0.9018,0.9314,0.105,0.2057,0.2657,0.0571,0.409,none
2b_reference,base,damaged_q2,q2_structural_amplifier,medium,1400,0.7636,0.4043,0.8628,0.8929,0.1414,0.2436,0.3529,0.1229,0.2788,none
2b_reference,base,damaged_q2,routed_tri_structural_60,extreme,1400,0.2543,0.1214,0.4958,0.7271,0.3671,0.0786,0.7236,1.7436,-0.1495,cascade
2b_reference,base,damaged_q2,routed_tri_structural_60,high,1400,0.32,0.21,0.5586,0.7814,0.2993,0.0443,0.5121,1.41,-0.0001,cascade
2b_reference,base,damaged_q2,routed_tri_structural_60,low,1400,0.5214,0.3957,0.7753,0.8821,0.1293,0.0293,0.255,0.5164,0.3049,none
2b_reference,base,damaged_q2,routed_tri_structural_60,medium,1400,0.4457,0.3471,0.6773,0.84,0.2186,0.0357,0.3279,0.9643,0.2,none
2b_reference,base,damaged_q2,routed_tri_structural_65,extreme,1400,0.26,0.125,0.5195,0.7314,0.355,0.07,0.7143,1.6371,-0.1345,cascade
2b_reference,base,damaged_q2,routed_tri_structural_65,high,1400,0.3329,0.2414,0.5782,0.7636,0.2636,0.0429,0.4864,1.3421,0.0478,cascade
2b_reference,base,damaged_q2,routed_tri_structural_65,low,1400,0.5571,0.4236,0.7828,0.8543,0.1329,0.02,0.2529,0.4621,0.3364,none
2b_reference,base,damaged_q2,routed_tri_structural_65,medium,1400,0.44,0.3236,0.6772,0.8071,0.2071,0.0436,0.3636,0.9293,0.1772,none
2b_reference,base,damaged_q2,stability_first_tri_70,extreme,1400,0.2871,0.1414,0.5232,0.7257,0.3714,0.0736,0.7486,1.5507,-0.1221,cascade
2b_reference,base,damaged_q2,stability_first_tri_70,high,1400,0.3657,0.265,0.6008,0.79,0.2786,0.0329,0.4729,1.23,0.0755,cascade
2b_reference,base,damaged_q2,stability_first_tri_70,low,1400,0.6193,0.4586,0.8202,0.8964,0.1314,0.0257,0.2586,0.3557,0.3755,none
2b_reference,base,damaged_q2,stability_first_tri_70,medium,1400,0.5264,0.3907,0.726,0.8371,0.1857,0.0314,0.3421,0.7629,0.2632,none
2b_reference,base,damaged_q3,cognitive_structural_25_75,extreme,1400,0.625,0.3643,0.7729,0.885,0.1957,0.045,0.4921,0.6364,0.2254,none
2b_reference,base,damaged_q3,cognitive_structural_25_75,high,1400,0.7007,0.4957,0.8228,0.9207,0.1443,0.0171,0.3829,0.4514,0.3958,none
2b_reference,base,damaged_q3,cognitive_structural_25_75,low,1400,0.8557,0.7121,0.934,0.965,0.0771,0.0086,0.1721,0.0829,0.6694,none
2b_reference,base,damaged_q3,cognitive_structural_25_75,medium,1400,0.7907,0.6307,0.8849,0.9393,0.1221,0.0129,0.2379,0.2279,0.5611,none
2b_reference,base,damaged_q3,cyber_structural_25_75,extreme,1400,0.6479,0.3743,0.784,0.8479,0.1929,0.0586,0.4829,0.5279,0.2397,none
2b_reference,base,damaged_q3,cyber_structural_25_75,high,1400,0.6843,0.52,0.8154,0.8743,0.1479,0.0314,0.2964,0.4571,0.4228,none
2b_reference,base,damaged_q3,cyber_structural_25_75,low,1400,0.8143,0.6829,0.9129,0.9221,0.085,0.0207,0.1693,0.1179,0.6338,none
2b_reference,base,damaged_q3,cyber_structural_25_75,medium,1400,0.7507,0.5843,0.8585,0.8914,0.1114,0.0307,0.24,0.3164,0.5097,none
2b_reference,base,damaged_q3,q2_structural_amplifier,extreme,1400,0.8071,0.3129,0.8662,0.9679,0.1371,0.3557,0.5157,0.0743,0.1556,distractor_capture
2b_reference,base,damaged_q3,q2_structural_amplifier,high,1400,0.8571,0.4121,0.9008,0.9864,0.1157,0.2993,0.3579,0.0593,0.286,none
2b_reference,base,damaged_q3,q2_structural_amplifier,low,1400,0.8857,0.55,0.9327,0.9907,0.0757,0.2121,0.215,0.0357,0.4659,none
2b_reference,base,damaged_q3,q2_structural_amplifier,medium,1400,0.8929,0.5207,0.9253,0.9921,0.0864,0.2371,0.2614,0.0429,0.4243,none
2b_reference,base,damaged_q3,routed_tri_structural_60,extreme,1400,0.7793,0.4357,0.8639,0.9329,0.1607,0.0779,0.4779,0.2193,0.3227,none
2b_reference,base,damaged_q3,routed_tri_structural_60,high,1400,0.8029,0.5514,0.8975,0.9686,0.1443,0.035,0.3293,0.1407,0.4678,none
2b_reference,base,damaged_q3,routed_tri_structural_60,low,1400,0.8957,0.7364,0.9555,0.9943,0.0686,0.03,0.1571,0.0386,0.6954,none
2b_reference,base,damaged_q3,routed_tri_structural_60,medium,1400,0.8679,0.6629,0.9335,0.9807,0.1071,0.0414,0.23,0.0629,0.6009,none
2b_reference,base,damaged_q3,routed_tri_structural_65,extreme,1400,0.7971,0.44,0.8786,0.9379,0.1479,0.0857,0.4971,0.1536,0.3311,none
2b_reference,base,damaged_q3,routed_tri_structural_65,high,1400,0.8321,0.5893,0.9075,0.9586,0.1329,0.0364,0.3093,0.1057,0.5121,none
2b_reference,base,damaged_q3,routed_tri_structural_65,low,1400,0.9007,0.7336,0.9561,0.9907,0.0607,0.0314,0.1693,0.0414,0.6935,none
2b_reference,base,damaged_q3,routed_tri_structural_65,medium,1400,0.8729,0.6786,0.936,0.9736,0.1036,0.0343,0.2171,0.0514,0.6207,none
2b_reference,base,damaged_q3,stability_first_tri_70,extreme,1400,0.7964,0.44,0.8772,0.9407,0.1664,0.0514,0.4771,0.1436,0.3344,none
2b_reference,base,damaged_q3,stability_first_tri_70,high,1400,0.8421,0.5964,0.9146,0.9571,0.1264,0.0314,0.3114,0.0779,0.5234,none
2b_reference,base,damaged_q3,stability_first_tri_70,low,1400,0.9007,0.73,0.9553,0.995,0.0614,0.0257,0.175,0.0436,0.6902,none
2b_reference,base,damaged_q3,stability_first_tri_70,medium,1400,0.8836,0.6914,0.9394,0.9764,0.0893,0.03,0.2136,0.0614,0.6385,none
2b_reference,base,damaged_q4,cognitive_structural_25_75,extreme,1400,0.8621,0.5364,0.9147,0.9714,0.1114,0.0436,0.4079,0.0907,0.4571,none
2b_reference,base,damaged_q4,cognitive_structural_25_75,high,1400,0.895,0.6671,0.9418,0.9914,0.0907,0.0171,0.2686,0.0486,0.6126,none
2b_reference,base,damaged_q4,cognitive_structural_25_75,low,1400,0.9079,0.7736,0.9589,0.9843,0.0507,0.0064,0.1479,0.0421,0.7431,none
2b_reference,base,damaged_q4,cognitive_structural_25_75,medium,1400,0.9057,0.73,0.9488,0.9836,0.0714,0.0164,0.1943,0.0564,0.6869,none
2b_reference,base,damaged_q4,cyber_structural_25_75,extreme,1400,0.81,0.5321,0.8933,0.92,0.1336,0.0486,0.3764,0.1214,0.4462,none
2b_reference,base,damaged_q4,cyber_structural_25_75,high,1400,0.8643,0.6514,0.9252,0.9521,0.1043,0.0336,0.2529,0.0736,0.5895,none
2b_reference,base,damaged_q4,cyber_structural_25_75,low,1400,0.9136,0.7771,0.9594,0.9836,0.0514,0.0136,0.1421,0.0393,0.7457,none
2b_reference,base,damaged_q4,cyber_structural_25_75,medium,1400,0.8864,0.7207,0.9428,0.9686,0.0871,0.0293,0.1821,0.05,0.6716,none
2b_reference,base,damaged_q4,q2_structural_amplifier,extreme,1400,0.8657,0.3714,0.8922,0.9886,0.1036,0.3586,0.4029,0.0514,0.2338,none
2b_reference,base,damaged_q4,q2_structural_amplifier,high,1400,0.8836,0.4636,0.9154,0.9893,0.0879,0.2957,0.3014,0.0536,0.3513,none
2b_reference,base,damaged_q4,q2_structural_amplifier,low,1400,0.9086,0.6071,0.9426,0.9914,0.0564,0.2114,0.1679,0.0329,0.5329,none
2b_reference,base,damaged_q4,q2_structural_amplifier,medium,1400,0.9014,0.5443,0.9294,0.9921,0.08,0.2636,0.1971,0.0443,0.4496,none
2b_reference,base,damaged_q4,routed_tri_structural_60,extreme,1400,0.8786,0.5579,0.9256,0.9936,0.1143,0.0614,0.3786,0.0579,0.4781,none
2b_reference,base,damaged_q4,routed_tri_structural_60,high,1400,0.885,0.655,0.9357,0.9914,0.1043,0.045,0.2579,0.0614,0.591,none
2b_reference,base,damaged_q4,routed_tri_structural_60,low,1400,0.9079,0.7729,0.961,0.9893,0.0507,0.0286,0.13,0.0436,0.7394,none
2b_reference,base,damaged_q4,routed_tri_structural_60,medium,1400,0.91,0.715,0.9511,0.99,0.0729,0.04,0.1943,0.05,0.6671,none
2b_reference,base,damaged_q4,routed_tri_structural_65,extreme,1400,0.8886,0.5629,0.9313,0.9929,0.1057,0.075,0.3471,0.0507,0.4858,none
2b_reference,base,damaged_q4,routed_tri_structural_65,high,1400,0.8914,0.66,0.9389,0.99,0.0971,0.0436,0.2421,0.0621,0.5997,none
2b_reference,base,damaged_q4,routed_tri_structural_65,low,1400,0.9229,0.7821,0.9647,0.9857,0.0393,0.0257,0.1386,0.0371,0.7523,none
2b_reference,base,damaged_q4,routed_tri_structural_65,medium,1400,0.9021,0.7107,0.9491,0.995,0.0757,0.0357,0.1964,0.06,0.6621,none
2b_reference,base,damaged_q4,stability_first_tri_70,extreme,1400,0.8786,0.5436,0.926,0.99,0.1079,0.0686,0.3836,0.06,0.4638,none
2b_reference,base,damaged_q4,stability_first_tri_70,high,1400,0.8979,0.6307,0.9384,0.99,0.0914,0.0393,0.2907,0.055,0.5694,none
2b_reference,base,damaged_q4,stability_first_tri_70,low,1400,0.915,0.7686,0.9621,0.99,0.0429,0.02,0.1471,0.0436,0.7378,none
2b_reference,base,damaged_q4,stability_first_tri_70,medium,1400,0.925,0.7571,0.9583,0.9957,0.0621,0.0343,0.1679,0.0471,0.7159,none
2b_reference,base,healthy_q6,cognitive_structural_25_75,extreme,1400,0.9164,0.6621,0.9445,0.9879,0.0771,0.0443,0.265,0.0564,0.6061,none
2b_reference,base,healthy_q6,cognitive_structural_25_75,high,1400,0.9221,0.7157,0.953,0.9929,0.0664,0.015,0.2279,0.0457,0.6723,none
2b_reference,base,healthy_q6,cognitive_structural_25_75,low,1400,0.9221,0.8279,0.9682,0.9921,0.0357,0.01,0.1036,0.0421,0.8047,none
2b_reference,base,healthy_q6,cognitive_structural_25_75,medium,1400,0.935,0.7936,0.9598,0.9871,0.0529,0.0143,0.1464,0.0529,0.7605,none
2b_reference,base,healthy_q6,cyber_structural_25_75,extreme,1400,0.9207,0.6614,0.9467,0.9971,0.0714,0.0636,0.2707,0.0629,0.6025,none
2b_reference,base,healthy_q6,cyber_structural_25_75,high,1400,0.9314,0.7564,0.9554,0.9893,0.0607,0.0214,0.1836,0.055,0.7165,none
2b_reference,base,healthy_q6,cyber_structural_25_75,low,1400,0.9214,0.8121,0.9664,0.9879,0.0407,0.0157,0.1021,0.04,0.7866,none
2b_reference,base,healthy_q6,cyber_structural_25_75,medium,1400,0.9343,0.8114,0.9639,0.99,0.0493,0.0286,0.1179,0.05,0.779,none
2b_reference,base,healthy_q6,q2_structural_amplifier,extreme,1400,0.8779,0.4243,0.9048,0.9907,0.085,0.3486,0.3157,0.0579,0.3009,none
2b_reference,base,healthy_q6,q2_structural_amplifier,high,1400,0.8921,0.5,0.9225,0.9871,0.08,0.3114,0.2336,0.0443,0.3928,none
2b_reference,base,healthy_q6,q2_structural_amplifier,low,1400,0.9121,0.63,0.9449,0.9929,0.0543,0.2214,0.1336,0.0357,0.557,none
2b_reference,base,healthy_q6,q2_structural_amplifier,medium,1400,0.9236,0.5864,0.9381,0.9814,0.0486,0.2521,0.1829,0.0471,0.5044,none
2b_reference,base,healthy_q6,routed_tri_structural_60,extreme,1400,0.9129,0.6529,0.9437,0.9886,0.08,0.0686,0.2586,0.0564,0.5916,none
2b_reference,base,healthy_q6,routed_tri_structural_60,high,1400,0.9293,0.7379,0.956,0.9914,0.0571,0.0379,0.195,0.0557,0.6948,none
2b_reference,base,healthy_q6,routed_tri_structural_60,low,1400,0.9336,0.8136,0.9714,0.9936,0.0314,0.0314,0.1021,0.0371,0.7878,none
2b_reference,base,healthy_q6,routed_tri_structural_60,medium,1400,0.9386,0.7871,0.9615,0.9871,0.05,0.0407,0.1336,0.0529,0.7507,none
2b_reference,base,healthy_q6,routed_tri_structural_65,extreme,1400,0.9143,0.6443,0.9419,0.9907,0.0807,0.0693,0.2736,0.0621,0.5812,none
2b_reference,base,healthy_q6,routed_tri_structural_65,high,1400,0.9207,0.7336,0.9523,0.9886,0.0679,0.0343,0.1907,0.0557,0.6883,none
2b_reference,base,healthy_q6,routed_tri_structural_65,low,1400,0.9336,0.8114,0.9699,0.99,0.0329,0.0257,0.1086,0.0357,0.786,none
2b_reference,base,healthy_q6,routed_tri_structural_65,medium,1400,0.9486,0.8157,0.9667,0.9914,0.0414,0.0343,0.1143,0.0514,0.7847,none
2b_reference,base,healthy_q6,stability_first_tri_70,extreme,1400,0.92,0.6414,0.9428,0.9936,0.0736,0.0643,0.275,0.0736,0.5808,none
2b_reference,base,healthy_q6,stability_first_tri_70,high,1400,0.93,0.7364,0.9572,0.9914,0.06,0.0436,0.1879,0.0479,0.6923,none
2b_reference,base,healthy_q6,stability_first_tri_70,low,1400,0.9536,0.8486,0.9779,0.9921,0.0207,0.0214,0.0964,0.0264,0.829,none
2b_reference,base,healthy_q6,stability_first_tri_70,medium,1400,0.9336,0.7821,0.9646,0.9929,0.0514,0.0407,0.1386,0.0393,0.7455,none
2b_reference,base,healthy_q8,cognitive_structural_25_75,extreme,1400,0.9407,0.71,0.9548,0.9871,0.0529,0.0436,0.2257,0.0536,0.6647,none
2b_reference,base,healthy_q8,cognitive_structural_25_75,high,1400,0.9521,0.7793,0.9623,0.9893,0.0407,0.02,0.1764,0.0543,0.7462,none
2b_reference,base,healthy_q8,cognitive_structural_25_75,low,1400,0.9357,0.8443,0.973,0.9929,0.0221,0.0071,0.0964,0.0414,0.8264,none
2b_reference,base,healthy_q8,cognitive_structural_25_75,medium,1400,0.9557,0.8507,0.9714,0.9929,0.0293,0.015,0.1014,0.0514,0.8282,none
2b_reference,base,healthy_q8,cyber_structural_25_75,extreme,1400,0.945,0.6921,0.9552,0.995,0.05,0.0579,0.2421,0.0621,0.6431,none
2b_reference,base,healthy_q8,cyber_structural_25_75,high,1400,0.945,0.7921,0.9635,0.9907,0.0486,0.0329,0.1464,0.0471,0.7569,none
2b_reference,base,healthy_q8,cyber_structural_25_75,low,1400,0.9386,0.8457,0.9731,0.9879,0.0229,0.0143,0.0893,0.0393,0.8269,none
2b_reference,base,healthy_q8,cyber_structural_25_75,medium,1400,0.9571,0.8286,0.9707,0.9864,0.0307,0.0286,0.115,0.0414,0.8024,none
2b_reference,base,healthy_q8,q2_structural_amplifier,extreme,1400,0.885,0.4414,0.9058,0.9907,0.0871,0.3657,0.2679,0.0586,0.3178,none
2b_reference,base,healthy_q8,q2_structural_amplifier,high,1400,0.9086,0.5193,0.928,0.9929,0.0664,0.29,0.2279,0.0564,0.4203,none
2b_reference,base,healthy_q8,q2_structural_amplifier,low,1400,0.9286,0.6393,0.9505,0.9921,0.0357,0.2157,0.125,0.0379,0.5735,none
2b_reference,base,healthy_q8,q2_structural_amplifier,medium,1400,0.925,0.5929,0.9393,0.9864,0.0507,0.2593,0.1557,0.05,0.5108,none
2b_reference,base,healthy_q8,routed_tri_structural_60,extreme,1400,0.9393,0.6807,0.9523,0.9921,0.0529,0.0771,0.2307,0.07,0.6275,none
2b_reference,base,healthy_q8,routed_tri_structural_60,high,1400,0.9507,0.7714,0.9662,0.9907,0.04,0.0429,0.1721,0.0379,0.7352,none
2b_reference,base,healthy_q8,routed_tri_structural_60,low,1400,0.9407,0.8243,0.9732,0.9907,0.0243,0.0321,0.1,0.0371,0.8007,none
2b_reference,base,healthy_q8,routed_tri_structural_60,medium,1400,0.9479,0.82,0.9664,0.9879,0.0407,0.03,0.115,0.05,0.7901,none
2b_reference,base,healthy_q8,routed_tri_structural_65,extreme,1400,0.9286,0.6707,0.9488,0.9857,0.0614,0.0807,0.2307,0.065,0.6144,none
2b_reference,base,healthy_q8,routed_tri_structural_65,high,1400,0.9593,0.7814,0.9689,0.99,0.0336,0.0493,0.1543,0.04,0.7472,none
2b_reference,base,healthy_q8,routed_tri_structural_65,low,1400,0.9479,0.8486,0.9768,0.9907,0.0186,0.02,0.0864,0.0343,0.8304,none
2b_reference,base,healthy_q8,routed_tri_structural_65,medium,1400,0.9557,0.8321,0.9705,0.9929,0.03,0.0293,0.1079,0.0536,0.806,none
2b_reference,base,healthy_q8,stability_first_tri_70,extreme,1400,0.9493,0.7279,0.9588,0.9921,0.0457,0.0621,0.2014,0.0586,0.6827,none
2b_reference,base,healthy_q8,stability_first_tri_70,high,1400,0.945,0.7607,0.9631,0.9857,0.0464,0.0371,0.1721,0.0386,0.7237,none
2b_reference,base,healthy_q8,stability_first_tri_70,low,1400,0.9364,0.8393,0.9733,0.9886,0.0264,0.0221,0.085,0.0357,0.8183,none
2b_reference,base,healthy_q8,stability_first_tri_70,medium,1400,0.9514,0.8336,0.9693,0.9907,0.0329,0.0329,0.1007,0.055,0.8063,none
2b_reference,degraded_instruct,collapsed_q2_edge,cognitive_structural_25_75,extreme,1400,0.0114,0.0036,0.0988,0.4164,0.7357,0.0471,0.9293,3.9814,-0.5,cascade
2b_reference,degraded_instruct,collapsed_q2_edge,cognitive_structural_25_75,high,1400,0.0293,0.02,0.1756,0.4921,0.5979,0.0171,0.6614,3.1164,-0.3715,cascade
2b_reference,degraded_instruct,collapsed_q2_edge,cognitive_structural_25_75,low,1400,0.1129,0.085,0.4322,0.645,0.2586,0.0086,0.3214,1.4893,-0.0945,cascade
2b_reference,degraded_instruct,collapsed_q2_edge,cognitive_structural_25_75,medium,1400,0.0657,0.0521,0.2867,0.5793,0.4257,0.0214,0.4336,2.4957,-0.2393,cascade
2b_reference,degraded_instruct,collapsed_q2_edge,cyber_structural_25_75,extreme,1400,0.0129,0.0057,0.1165,0.3929,0.7364,0.0686,0.8929,3.7721,-0.489,cascade
2b_reference,degraded_instruct,collapsed_q2_edge,cyber_structural_25_75,high,1400,0.035,0.0229,0.1895,0.4993,0.5871,0.0343,0.5771,3.035,-0.3581,cascade
2b_reference,degraded_instruct,collapsed_q2_edge,cyber_structural_25_75,low,1400,0.125,0.095,0.4285,0.6264,0.2571,0.0171,0.3093,1.4843,-0.0845,classification_miss
2b_reference,degraded_instruct,collapsed_q2_edge,cyber_structural_25_75,medium,1400,0.0807,0.0671,0.299,0.5393,0.4193,0.0243,0.4271,2.39,-0.2172,cascade
2b_reference,degraded_instruct,collapsed_q2_edge,q2_structural_amplifier,extreme,1400,0.2736,0.0979,0.5198,0.6557,0.3364,0.36,0.8357,1.3171,-0.2078,cascade
2b_reference,degraded_instruct,collapsed_q2_edge,q2_structural_amplifier,high,1400,0.345,0.1593,0.584,0.7236,0.2936,0.3057,0.5736,1.0529,-0.0885,cascade
2b_reference,degraded_instruct,collapsed_q2_edge,q2_structural_amplifier,low,1400,0.6129,0.3536,0.7864,0.8221,0.145,0.2136,0.3264,0.3279,0.2249,none
2b_reference,degraded_instruct,collapsed_q2_edge,q2_structural_amplifier,medium,1400,0.4821,0.2686,0.6948,0.7679,0.1986,0.2793,0.4343,0.6929,0.0838,none
2b_reference,degraded_instruct,collapsed_q2_edge,routed_tri_structural_60,extreme,1400,0.0364,0.0171,0.1827,0.5229,0.6507,0.0643,0.8836,3.3193,-0.4276,cascade
2b_reference,degraded_instruct,collapsed_q2_edge,routed_tri_structural_60,high,1400,0.0714,0.0464,0.2595,0.565,0.5136,0.0521,0.5914,2.6664,-0.2987,cascade
2b_reference,degraded_instruct,collapsed_q2_edge,routed_tri_structural_60,low,1400,0.1957,0.1357,0.5143,0.7007,0.2279,0.0264,0.3029,1.2407,-0.0242,cascade
2b_reference,degraded_instruct,collapsed_q2_edge,routed_tri_structural_60,medium,1400,0.1307,0.1064,0.3688,0.6264,0.375,0.0457,0.4514,2.1207,-0.1574,cascade
2b_reference,degraded_instruct,collapsed_q2_edge,routed_tri_structural_65,extreme,1400,0.0393,0.0143,0.2186,0.5243,0.585,0.085,0.9021,3.125,-0.4066,cascade
2b_reference,degraded_instruct,collapsed_q2_edge,routed_tri_structural_65,high,1400,0.0886,0.0586,0.296,0.5829,0.4871,0.0393,0.6043,2.4871,-0.2681,cascade
2b_reference,degraded_instruct,collapsed_q2_edge,routed_tri_structural_65,low,1400,0.2407,0.1786,0.5521,0.7257,0.2064,0.0229,0.2957,1.1393,0.0315,cascade
2b_reference,degraded_instruct,collapsed_q2_edge,routed_tri_structural_65,medium,1400,0.1579,0.1193,0.4122,0.655,0.3614,0.0393,0.4186,1.9279,-0.1269,cascade
2b_reference,degraded_instruct,collapsed_q2_edge,stability_first_tri_70,extreme,1400,0.0564,0.0271,0.2377,0.5286,0.5921,0.0671,0.8721,2.9571,-0.3816,cascade
2b_reference,degraded_instruct,collapsed_q2_edge,stability_first_tri_70,high,1400,0.0857,0.0636,0.3082,0.5743,0.4793,0.045,0.5971,2.3886,-0.2564,cascade
2b_reference,degraded_instruct,collapsed_q2_edge,stability_first_tri_70,low,1400,0.2486,0.1864,0.5734,0.7407,0.2157,0.0271,0.2929,1.0529,0.0402,cascade
2b_reference,degraded_instruct,collapsed_q2_edge,stability_first_tri_70,medium,1400,0.1621,0.1271,0.4379,0.6707,0.3186,0.04,0.4379,1.8379,-0.1034,cascade
2b_reference,degraded_instruct,damaged_q2,cognitive_structural_25_75,extreme,1400,0.0821,0.04,0.3338,0.6079,0.4336,0.0336,0.7979,2.5843,-0.2898,cascade
2b_reference,degraded_instruct,damaged_q2,cognitive_structural_25_75,high,1400,0.175,0.1307,0.4181,0.66,0.3536,0.0229,0.5179,2.0007,-0.1214,cascade
2b_reference,degraded_instruct,damaged_q2,cognitive_structural_25_75,low,1400,0.2971,0.2257,0.6311,0.7757,0.1643,0.01,0.2686,0.9236,0.1068,none
2b_reference,degraded_instruct,damaged_q2,cognitive_structural_25_75,medium,1400,0.2579,0.2079,0.5279,0.7157,0.2486,0.0229,0.3643,1.5314,0.023,cascade
2b_reference,degraded_instruct,damaged_q2,cyber_structural_25_75,extreme,1400,0.1386,0.0764,0.3797,0.6114,0.4257,0.0643,0.7307,2.2936,-0.2373,cascade
2b_reference,degraded_instruct,damaged_q2,cyber_structural_25_75,high,1400,0.1986,0.1286,0.4398,0.6579,0.3379,0.0357,0.5114,1.9007,-0.1159,cascade
2b_reference,degraded_instruct,damaged_q2,cyber_structural_25_75,low,1400,0.3486,0.2564,0.6555,0.7864,0.1693,0.0207,0.2829,0.8279,0.1375,none
2b_reference,degraded_instruct,damaged_q2,cyber_structural_25_75,medium,1400,0.2914,0.2307,0.5411,0.6943,0.2629,0.0257,0.3614,1.4214,0.0467,cascade
2b_reference,degraded_instruct,damaged_q2,q2_structural_amplifier,extreme,1400,0.5479,0.1829,0.7334,0.7779,0.2207,0.385,0.7329,0.3607,-0.037,distractor_capture
2b_reference,degraded_instruct,damaged_q2,q2_structural_amplifier,high,1400,0.645,0.3157,0.7858,0.8257,0.1743,0.3007,0.46,0.3364,0.1497,none
2b_reference,degraded_instruct,damaged_q2,q2_structural_amplifier,low,1400,0.8336,0.4871,0.8966,0.9136,0.1036,0.2314,0.2707,0.0543,0.3854,none
2b_reference,degraded_instruct,damaged_q2,q2_structural_amplifier,medium,1400,0.7621,0.3929,0.856,0.875,0.1343,0.2486,0.3679,0.1414,0.2664,none
2b_reference,degraded_instruct,damaged_q2,routed_tri_structural_60,extreme,1400,0.185,0.0993,0.4584,0.7171,0.3921,0.0657,0.7493,1.9271,-0.1878,cascade
2b_reference,degraded_instruct,damaged_q2,routed_tri_structural_60,high,1400,0.2636,0.1779,0.5203,0.73,0.2971,0.0557,0.5236,1.5571,-0.0422,cascade
2b_reference,degraded_instruct,damaged_q2,routed_tri_structural_60,low,1400,0.4821,0.3579,0.7473,0.8543,0.1386,0.0329,0.2671,0.5721,0.2597,none
2b_reference,degraded_instruct,damaged_q2,routed_tri_structural_60,medium,1400,0.3693,0.2829,0.6269,0.7843,0.2121,0.045,0.3421,1.1636,0.1247,none
2b_reference,degraded_instruct,damaged_q2,routed_tri_structural_65,extreme,1400,0.2379,0.1036,0.4936,0.7029,0.3486,0.0771,0.7643,1.7571,-0.1654,cascade
2b_reference,degraded_instruct,damaged_q2,routed_tri_structural_65,high,1400,0.3079,0.2,0.5634,0.745,0.2786,0.0421,0.4707,1.3929,0.0007,cascade
2b_reference,degraded_instruct,damaged_q2,routed_tri_structural_65,low,1400,0.5393,0.4014,0.7706,0.855,0.1264,0.0321,0.2536,0.5114,0.3112,none
2b_reference,degraded_instruct,damaged_q2,routed_tri_structural_65,medium,1400,0.4079,0.3143,0.6579,0.7971,0.2193,0.0443,0.3621,1.0014,0.1606,none
2b_reference,degraded_instruct,damaged_q2,stability_first_tri_70,extreme,1400,0.2579,0.1057,0.5198,0.715,0.3421,0.0643,0.7621,1.6057,-0.151,cascade
2b_reference,degraded_instruct,damaged_q2,stability_first_tri_70,high,1400,0.335,0.2343,0.5834,0.7557,0.28,0.0421,0.4936,1.2829,0.0382,cascade
2b_reference,degraded_instruct,damaged_q2,stability_first_tri_70,low,1400,0.57,0.4307,0.7946,0.8679,0.13,0.0236,0.2507,0.4314,0.3454,none
2b_reference,degraded_instruct,damaged_q2,stability_first_tri_70,medium,1400,0.4729,0.3543,0.6991,0.8107,0.1879,0.0421,0.3493,0.8543,0.2188,none
2b_reference,degraded_instruct,damaged_q3,cognitive_structural_25_75,extreme,1400,0.6179,0.3336,0.7608,0.8664,0.1993,0.0464,0.5443,0.6614,0.1879,none
2b_reference,degraded_instruct,damaged_q3,cognitive_structural_25_75,high,1400,0.6857,0.5093,0.8073,0.8929,0.1457,0.0186,0.35,0.5093,0.4084,none
2b_reference,degraded_instruct,damaged_q3,cognitive_structural_25_75,low,1400,0.8314,0.6836,0.9251,0.9564,0.07,0.0079,0.1929,0.11,0.6401,none
2b_reference,degraded_instruct,damaged_q3,cognitive_structural_25_75,medium,1400,0.7786,0.6043,0.8851,0.9421,0.1186,0.02,0.2557,0.2293,0.5328,none
2b_reference,degraded_instruct,damaged_q3,cyber_structural_25_75,extreme,1400,0.6471,0.3757,0.7846,0.8386,0.19,0.0693,0.4714,0.5207,0.2411,none
2b_reference,degraded_instruct,damaged_q3,cyber_structural_25_75,high,1400,0.6421,0.4629,0.7929,0.8614,0.1621,0.0357,0.355,0.5129,0.353,none
2b_reference,degraded_instruct,damaged_q3,cyber_structural_25_75,low,1400,0.8257,0.6929,0.9168,0.9214,0.0714,0.0243,0.1707,0.1164,0.6471,none
2b_reference,degraded_instruct,damaged_q3,cyber_structural_25_75,medium,1400,0.7536,0.5886,0.8568,0.875,0.1186,0.0336,0.2364,0.3029,0.5122,none
2b_reference,degraded_instruct,damaged_q3,q2_structural_amplifier,extreme,1400,0.7986,0.3036,0.8581,0.9443,0.1414,0.375,0.5107,0.0707,0.1417,distractor_capture
2b_reference,degraded_instruct,damaged_q3,q2_structural_amplifier,high,1400,0.8493,0.4157,0.8987,0.9771,0.1214,0.2957,0.3686,0.0479,0.2883,none
2b_reference,degraded_instruct,damaged_q3,q2_structural_amplifier,low,1400,0.895,0.5793,0.9363,0.9907,0.0671,0.2064,0.2043,0.0364,0.4997,none
2b_reference,degraded_instruct,damaged_q3,q2_structural_amplifier,medium,1400,0.8779,0.5029,0.9187,0.9886,0.1007,0.26,0.2571,0.0414,0.398,none
2b_reference,degraded_instruct,damaged_q3,routed_tri_structural_60,extreme,1400,0.76,0.4129,0.8513,0.8993,0.15,0.0729,0.4979,0.2621,0.3004,none
2b_reference,degraded_instruct,damaged_q3,routed_tri_structural_60,high,1400,0.7743,0.5379,0.8766,0.9279,0.1379,0.0443,0.3279,0.2129,0.4508,none
2b_reference,degraded_instruct,damaged_q3,routed_tri_structural_60,low,1400,0.88,0.7057,0.9449,0.9764,0.075,0.0307,0.1764,0.0521,0.6604,none
2b_reference,degraded_instruct,damaged_q3,routed_tri_structural_60,medium,1400,0.8564,0.6321,0.9213,0.9536,0.0943,0.0479,0.2414,0.1086,0.5695,none
2b_reference,degraded_instruct,damaged_q3,routed_tri_structural_65,extreme,1400,0.7707,0.44,0.8641,0.9186,0.1586,0.0771,0.455,0.2121,0.33,none
2b_reference,degraded_instruct,damaged_q3,routed_tri_structural_65,high,1400,0.7836,0.5307,0.8826,0.9279,0.1479,0.0571,0.3207,0.17,0.4408,none
2b_reference,degraded_instruct,damaged_q3,routed_tri_structural_65,low,1400,0.9064,0.7371,0.9547,0.9821,0.0629,0.0307,0.1686,0.0357,0.6969,none
2b_reference,degraded_instruct,damaged_q3,routed_tri_structural_65,medium,1400,0.8414,0.6529,0.9203,0.9557,0.1186,0.04,0.2264,0.0843,0.587,none
2b_reference,degraded_instruct,damaged_q3,stability_first_tri_70,extreme,1400,0.7893,0.4536,0.8743,0.9214,0.1514,0.07,0.4757,0.1586,0.3482,none
2b_reference,degraded_instruct,damaged_q3,stability_first_tri_70,high,1400,0.8329,0.5679,0.9064,0.9421,0.125,0.045,0.3314,0.0971,0.49,none
2b_reference,degraded_instruct,damaged_q3,stability_first_tri_70,low,1400,0.9021,0.7257,0.9533,0.9843,0.0586,0.0279,0.1829,0.0443,0.6857,none
2b_reference,degraded_instruct,damaged_q3,stability_first_tri_70,medium,1400,0.865,0.6436,0.9295,0.9636,0.1007,0.0386,0.2514,0.0657,0.5822,none
2b_reference,degraded_instruct,damaged_q4,cognitive_structural_25_75,extreme,1400,0.8307,0.5229,0.9017,0.9571,0.1371,0.0457,0.4036,0.1014,0.4352,none
2b_reference,degraded_instruct,damaged_q4,cognitive_structural_25_75,high,1400,0.885,0.6679,0.9358,0.9821,0.1014,0.0207,0.2493,0.0586,0.6104,none
2b_reference,degraded_instruct,damaged_q4,cognitive_structural_25_75,low,1400,0.9057,0.76,0.9584,0.9879,0.0514,0.0107,0.1543,0.0443,0.7279,none
2b_reference,degraded_instruct,damaged_q4,cognitive_structural_25_75,medium,1400,0.9064,0.735,0.9507,0.9907,0.0736,0.02,0.1993,0.0514,0.6904,none
2b_reference,degraded_instruct,damaged_q4,cyber_structural_25_75,extreme,1400,0.8486,0.5414,0.9065,0.935,0.1093,0.0657,0.3729,0.1064,0.4604,none
2b_reference,degraded_instruct,damaged_q4,cyber_structural_25_75,high,1400,0.8736,0.6436,0.926,0.9407,0.0886,0.0343,0.2721,0.0743,0.5847,none
2b_reference,degraded_instruct,damaged_q4,cyber_structural_25_75,low,1400,0.9107,0.775,0.9589,0.9714,0.045,0.0214,0.1421,0.0393,0.7439,none
2b_reference,degraded_instruct,damaged_q4,cyber_structural_25_75,medium,1400,0.8921,0.7121,0.9379,0.9514,0.0679,0.0271,0.1921,0.0814,0.6669,none
2b_reference,degraded_instruct,damaged_q4,q2_structural_amplifier,extreme,1400,0.8493,0.3557,0.8868,0.9857,0.1164,0.3657,0.4086,0.0521,0.2123,none
2b_reference,degraded_instruct,damaged_q4,q2_structural_amplifier,high,1400,0.8964,0.4671,0.9179,0.9929,0.0814,0.3021,0.2929,0.055,0.3561,none
2b_reference,degraded_instruct,damaged_q4,q2_structural_amplifier,low,1400,0.905,0.6021,0.9406,0.9943,0.0686,0.2036,0.1857,0.0271,0.5246,none
2b_reference,degraded_instruct,damaged_q4,q2_structural_amplifier,medium,1400,0.8857,0.5293,0.9254,0.9871,0.0857,0.2471,0.2343,0.0436,0.4332,none
2b_reference,degraded_instruct,damaged_q4,routed_tri_structural_60,extreme,1400,0.8707,0.5286,0.9205,0.9757,0.1064,0.0886,0.3886,0.0736,0.4442,none
2b_reference,degraded_instruct,damaged_q4,routed_tri_structural_60,high,1400,0.9014,0.6593,0.9417,0.9871,0.0857,0.0371,0.2593,0.055,0.6026,none
2b_reference,degraded_instruct,damaged_q4,routed_tri_structural_60,low,1400,0.9236,0.7643,0.9642,0.99,0.0429,0.0343,0.1429,0.0379,0.7312,none
2b_reference,degraded_instruct,damaged_q4,routed_tri_structural_60,medium,1400,0.8936,0.7171,0.9482,0.99,0.09,0.0457,0.1757,0.045,0.6647,none
2b_reference,degraded_instruct,damaged_q4,routed_tri_structural_65,extreme,1400,0.8664,0.5421,0.9204,0.9821,0.1207,0.0771,0.3664,0.0657,0.4579,none
2b_reference,degraded_instruct,damaged_q4,routed_tri_structural_65,high,1400,0.9093,0.675,0.9454,0.9879,0.0829,0.0393,0.2486,0.0457,0.6201,none
2b_reference,degraded_instruct,damaged_q4,routed_tri_structural_65,low,1400,0.9221,0.7829,0.965,0.9914,0.0429,0.0293,0.1321,0.0386,0.7516,none
2b_reference,degraded_instruct,damaged_q4,routed_tri_structural_65,medium,1400,0.9057,0.7171,0.949,0.9893,0.0764,0.0471,0.195,0.0536,0.6665,none
2b_reference,degraded_instruct,damaged_q4,stability_first_tri_70,extreme,1400,0.8871,0.5679,0.9296,0.99,0.1043,0.0714,0.3586,0.0564,0.4908,none
2b_reference,degraded_instruct,damaged_q4,stability_first_tri_70,high,1400,0.8943,0.6543,0.9391,0.9864,0.0921,0.0429,0.2643,0.0564,0.5941,none
2b_reference,degraded_instruct,damaged_q4,stability_first_tri_70,low,1400,0.9329,0.7871,0.9673,0.9886,0.0364,0.0264,0.1357,0.0336,0.7584,none
2b_reference,degraded_instruct,damaged_q4,stability_first_tri_70,medium,1400,0.9036,0.6943,0.9506,0.9893,0.0793,0.0493,0.195,0.0407,0.643,none
2b_reference,degraded_instruct,healthy_q6,cognitive_structural_25_75,extreme,1400,0.9193,0.6471,0.9443,0.9936,0.0729,0.05,0.2843,0.0621,0.5894,none
2b_reference,degraded_instruct,healthy_q6,cognitive_structural_25_75,high,1400,0.9214,0.7264,0.9504,0.9907,0.0707,0.0186,0.21,0.0571,0.6818,none
2b_reference,degraded_instruct,healthy_q6,cognitive_structural_25_75,low,1400,0.9386,0.8271,0.9709,0.9871,0.025,0.0114,0.1107,0.0386,0.8066,none
2b_reference,degraded_instruct,healthy_q6,cognitive_structural_25_75,medium,1400,0.9364,0.7929,0.9632,0.9914,0.0479,0.0179,0.1479,0.0464,0.7608,none
2b_reference,degraded_instruct,healthy_q6,cyber_structural_25_75,extreme,1400,0.91,0.6729,0.9431,0.9921,0.0843,0.0529,0.25,0.0614,0.6139,none
2b_reference,degraded_instruct,healthy_q6,cyber_structural_25_75,high,1400,0.9336,0.7414,0.9569,0.9914,0.0571,0.0336,0.1964,0.0507,0.6993,none
2b_reference,degraded_instruct,healthy_q6,cyber_structural_25_75,low,1400,0.9386,0.8257,0.9709,0.9871,0.035,0.0186,0.1107,0.0286,0.8012,none
2b_reference,degraded_instruct,healthy_q6,cyber_structural_25_75,medium,1400,0.9343,0.79,0.9623,0.9907,0.0536,0.0264,0.1364,0.0457,0.7554,none
2b_reference,degraded_instruct,healthy_q6,q2_structural_amplifier,extreme,1400,0.8929,0.3986,0.9042,0.9886,0.0829,0.3707,0.3236,0.0443,0.2715,none
2b_reference,degraded_instruct,healthy_q6,q2_structural_amplifier,high,1400,0.9307,0.5071,0.9322,0.9964,0.0571,0.3179,0.2257,0.0421,0.4063,none
2b_reference,degraded_instruct,healthy_q6,q2_structural_amplifier,low,1400,0.9207,0.6329,0.9486,0.9914,0.0429,0.2164,0.1293,0.0357,0.5646,none
2b_reference,degraded_instruct,healthy_q6,q2_structural_amplifier,medium,1400,0.9171,0.5693,0.9358,0.9907,0.0593,0.2721,0.175,0.0464,0.4807,none
2b_reference,degraded_instruct,healthy_q6,routed_tri_structural_60,extreme,1400,0.9271,0.6421,0.9454,0.9893,0.0657,0.0814,0.2779,0.0636,0.5807,none
2b_reference,degraded_instruct,healthy_q6,routed_tri_structural_60,high,1400,0.9179,0.72,0.9536,0.9914,0.07,0.0514,0.1993,0.0457,0.6705,none
2b_reference,degraded_instruct,healthy_q6,routed_tri_structural_60,low,1400,0.9257,0.805,0.9679,0.9886,0.0379,0.0336,0.1043,0.0386,0.7767,none
2b_reference,degraded_instruct,healthy_q6,routed_tri_structural_60,medium,1400,0.9336,0.77,0.9627,0.9936,0.0486,0.0464,0.1479,0.05,0.7318,none
2b_reference,degraded_instruct,healthy_q6,routed_tri_structural_65,extreme,1400,0.9129,0.635,0.9428,0.9914,0.0736,0.0729,0.27,0.0729,0.5731,none
2b_reference,degraded_instruct,healthy_q6,routed_tri_structural_65,high,1400,0.925,0.7271,0.9527,0.9914,0.0636,0.05,0.1971,0.0629,0.6792,none
2b_reference,degraded_instruct,healthy_q6,routed_tri_structural_65,low,1400,0.93,0.8121,0.9695,0.99,0.0329,0.0286,0.1071,0.0371,0.7861,none
2b_reference,degraded_instruct,healthy_q6,routed_tri_structural_65,medium,1400,0.9343,0.7793,0.9617,0.9907,0.0486,0.0421,0.1407,0.0543,0.7423,none
2b_reference,degraded_instruct,healthy_q6,stability_first_tri_70,extreme,1400,0.9171,0.625,0.943,0.99,0.0757,0.08,0.2836,0.0593,0.5606,none
2b_reference,degraded_instruct,healthy_q6,stability_first_tri_70,high,1400,0.9436,0.7343,0.9599,0.99,0.0507,0.0464,0.1907,0.0464,0.6922,none
2b_reference,degraded_instruct,healthy_q6,stability_first_tri_70,low,1400,0.9229,0.805,0.967,0.9886,0.0293,0.0179,0.1136,0.0471,0.7812,none
2b_reference,degraded_instruct,healthy_q6,stability_first_tri_70,medium,1400,0.935,0.7879,0.9618,0.9886,0.0514,0.0379,0.1364,0.0493,0.7515,none
2b_reference,degraded_instruct,healthy_q8,cognitive_structural_25_75,extreme,1400,0.955,0.7329,0.9597,0.9907,0.0393,0.0414,0.2193,0.0586,0.6923,none
2b_reference,degraded_instruct,healthy_q8,cognitive_structural_25_75,high,1400,0.9521,0.7736,0.9648,0.9879,0.035,0.0236,0.1864,0.0443,0.7412,none
2b_reference,degraded_instruct,healthy_q8,cognitive_structural_25_75,low,1400,0.9429,0.8471,0.9748,0.9914,0.025,0.0121,0.09,0.0329,0.8284,none
2b_reference,degraded_instruct,healthy_q8,cognitive_structural_25_75,medium,1400,0.9486,0.8243,0.9672,0.9843,0.0371,0.025,0.1236,0.045,0.796,none
2b_reference,degraded_instruct,healthy_q8,cyber_structural_25_75,extreme,1400,0.9414,0.7279,0.9577,0.9936,0.0514,0.0471,0.2143,0.0543,0.6831,none
2b_reference,degraded_instruct,healthy_q8,cyber_structural_25_75,high,1400,0.9557,0.7714,0.9636,0.9929,0.0371,0.0357,0.1743,0.0579,0.7363,none
2b_reference,degraded_instruct,healthy_q8,cyber_structural_25_75,low,1400,0.9457,0.8507,0.9746,0.9843,0.0243,0.02,0.0829,0.0307,0.8313,none
2b_reference,degraded_instruct,healthy_q8,cyber_structural_25_75,medium,1400,0.96,0.8207,0.9736,0.9929,0.0321,0.035,0.12,0.0307,0.7929,none
2b_reference,degraded_instruct,healthy_q8,q2_structural_amplifier,extreme,1400,0.8729,0.3886,0.8989,0.9914,0.0857,0.3914,0.32,0.0643,0.2558,none
2b_reference,degraded_instruct,healthy_q8,q2_structural_amplifier,high,1400,0.9171,0.5307,0.9302,0.9907,0.0579,0.3071,0.2171,0.0521,0.4319,none
2b_reference,degraded_instruct,healthy_q8,q2_structural_amplifier,low,1400,0.8993,0.6071,0.9394,0.9843,0.0521,0.22,0.1386,0.0493,0.5339,none
2b_reference,degraded_instruct,healthy_q8,q2_structural_amplifier,medium,1400,0.9257,0.59,0.9403,0.9893,0.05,0.2657,0.1571,0.0457,0.507,none
2b_reference,degraded_instruct,healthy_q8,routed_tri_structural_60,extreme,1400,0.9414,0.6936,0.9546,0.9864,0.0514,0.0693,0.2314,0.0521,0.6432,none
2b_reference,degraded_instruct,healthy_q8,routed_tri_structural_60,high,1400,0.9543,0.7564,0.9642,0.9893,0.0393,0.0593,0.1721,0.0479,0.7166,none
2b_reference,degraded_instruct,healthy_q8,routed_tri_structural_60,low,1400,0.9336,0.8257,0.972,0.9871,0.0236,0.035,0.085,0.0429,0.8027,none
2b_reference,degraded_instruct,healthy_q8,routed_tri_structural_60,medium,1400,0.9521,0.8086,0.9673,0.9864,0.0329,0.0357,0.1286,0.0507,0.7788,none
2b_reference,degraded_instruct,healthy_q8,routed_tri_structural_65,extreme,1400,0.95,0.7071,0.9574,0.9914,0.0429,0.0807,0.2114,0.0636,0.6581,none
2b_reference,degraded_instruct,healthy_q8,routed_tri_structural_65,high,1400,0.955,0.765,0.9656,0.9921,0.0379,0.0529,0.1629,0.05,0.7275,none
2b_reference,degraded_instruct,healthy_q8,routed_tri_structural_65,low,1400,0.9379,0.8143,0.9721,0.9886,0.0193,0.0343,0.1071,0.0429,0.7909,none
2b_reference,degraded_instruct,healthy_q8,routed_tri_structural_65,medium,1400,0.9593,0.8093,0.9706,0.9857,0.0286,0.0479,0.1207,0.0436,0.7793,none
2b_reference,degraded_instruct,healthy_q8,stability_first_tri_70,extreme,1400,0.9414,0.675,0.9533,0.9864,0.0493,0.0736,0.2579,0.0529,0.6222,none
2b_reference,degraded_instruct,healthy_q8,stability_first_tri_70,high,1400,0.945,0.7721,0.9626,0.9886,0.0429,0.0393,0.1693,0.0507,0.7353,none
2b_reference,degraded_instruct,healthy_q8,stability_first_tri_70,low,1400,0.9471,0.8364,0.9758,0.99,0.0193,0.025,0.0943,0.0343,0.8164,none
2b_reference,degraded_instruct,healthy_q8,stability_first_tri_70,medium,1400,0.9593,0.8293,0.9712,0.9907,0.0329,0.0271,0.1179,0.04,0.8026,none
2b_reference,instruct,collapsed_q2_edge,cognitive_structural_25_75,extreme,1400,0.0036,0.0021,0.0714,0.3721,0.8,0.0471,0.9993,4.3193,-0.5432,cascade
2b_reference,instruct,collapsed_q2_edge,cognitive_structural_25_75,high,1400,0.0186,0.0143,0.1413,0.455,0.63,0.0114,0.6157,3.37,-0.3948,cascade
2b_reference,instruct,collapsed_q2_edge,cognitive_structural_25_75,low,1400,0.0864,0.0714,0.3692,0.6171,0.3086,0.0036,0.3179,1.6964,-0.1321,cascade
2b_reference,instruct,collapsed_q2_edge,cognitive_structural_25_75,medium,1400,0.0421,0.0357,0.235,0.5129,0.4564,0.0136,0.4671,2.7136,-0.277,cascade
2b_reference,instruct,collapsed_q2_edge,cyber_structural_25_75,extreme,1400,0.0107,0.0029,0.0869,0.37,0.7736,0.0486,0.8664,4.0771,-0.5121,cascade
2b_reference,instruct,collapsed_q2_edge,cyber_structural_25_75,high,1400,0.0257,0.0157,0.1522,0.44,0.6414,0.0293,0.5843,3.2964,-0.3941,cascade
2b_reference,instruct,collapsed_q2_edge,cyber_structural_25_75,low,1400,0.1086,0.0786,0.3812,0.59,0.29,0.0064,0.3157,1.6471,-0.1173,cascade
2b_reference,instruct,collapsed_q2_edge,cyber_structural_25_75,medium,1400,0.06,0.0529,0.2618,0.5514,0.4521,0.0186,0.4286,2.5993,-0.2508,cascade
2b_reference,instruct,collapsed_q2_edge,q2_structural_amplifier,extreme,1400,0.1207,0.0429,0.387,0.5314,0.4186,0.3443,0.9036,1.8871,-0.3182,cascade
2b_reference,instruct,collapsed_q2_edge,q2_structural_amplifier,high,1400,0.2464,0.1164,0.494,0.6357,0.3214,0.2693,0.6164,1.4179,-0.1541,cascade
2b_reference,instruct,collapsed_q2_edge,q2_structural_amplifier,low,1400,0.4936,0.2921,0.7314,0.7771,0.1536,0.1971,0.3357,0.4914,0.1552,none
2b_reference,instruct,collapsed_q2_edge,q2_structural_amplifier,medium,1400,0.3721,0.2079,0.6153,0.7086,0.25,0.2471,0.4443,0.9536,0.0002,cascade
2b_reference,instruct,collapsed_q2_edge,routed_tri_structural_60,extreme,1400,0.0157,0.0107,0.1264,0.4421,0.6971,0.0721,0.9229,3.7686,-0.4751,cascade
2b_reference,instruct,collapsed_q2_edge,routed_tri_structural_60,high,1400,0.0357,0.0221,0.1969,0.5086,0.5686,0.0407,0.6286,3.0036,-0.357,cascade
2b_reference,instruct,collapsed_q2_edge,routed_tri_structural_60,low,1400,0.1279,0.0886,0.4346,0.6743,0.2621,0.0143,0.3321,1.485,-0.0938,cascade
2b_reference,instruct,collapsed_q2_edge,routed_tri_structural_60,medium,1400,0.0914,0.0707,0.3186,0.5657,0.3971,0.0364,0.4421,2.3329,-0.2077,cascade
2b_reference,instruct,collapsed_q2_edge,routed_tri_structural_65,extreme,1400,0.0186,0.0093,0.131,0.445,0.6964,0.0686,0.9436,3.6364,-0.4707,cascade
2b_reference,instruct,collapsed_q2_edge,routed_tri_structural_65,high,1400,0.0457,0.0314,0.2206,0.5157,0.5479,0.04,0.6029,2.8293,-0.3306,cascade
2b_reference,instruct,collapsed_q2_edge,routed_tri_structural_65,low,1400,0.1671,0.1179,0.4839,0.6629,0.23,0.0236,0.3236,1.3293,-0.0482,classification_miss
2b_reference,instruct,collapsed_q2_edge,routed_tri_structural_65,medium,1400,0.0864,0.0643,0.3275,0.5714,0.3979,0.0293,0.4514,2.2593,-0.21,cascade
2b_reference,instruct,collapsed_q2_edge,stability_first_tri_70,extreme,1400,0.0264,0.01,0.1657,0.4671,0.6686,0.0636,0.8836,3.4336,-0.4456,cascade
2b_reference,instruct,collapsed_q2_edge,stability_first_tri_70,high,1400,0.0707,0.0543,0.2516,0.5414,0.5121,0.0321,0.5771,2.7279,-0.2883,cascade
2b_reference,instruct,collapsed_q2_edge,stability_first_tri_70,low,1400,0.1886,0.1429,0.5052,0.6671,0.2207,0.0193,0.3143,1.2621,-0.0155,classification_miss
2b_reference,instruct,collapsed_q2_edge,stability_first_tri_70,medium,1400,0.1193,0.095,0.3744,0.5979,0.3536,0.0271,0.4471,2.0679,-0.1557,cascade
2b_reference,instruct,damaged_q2,cognitive_structural_25_75,extreme,1400,0.0671,0.0264,0.2777,0.5664,0.4771,0.035,0.8286,2.8521,-0.3326,cascade
2b_reference,instruct,damaged_q2,cognitive_structural_25_75,high,1400,0.1214,0.09,0.3534,0.6107,0.375,0.0114,0.5436,2.2929,-0.1829,cascade
2b_reference,instruct,damaged_q2,cognitive_structural_25_75,low,1400,0.2457,0.1936,0.5707,0.72,0.1857,0.005,0.285,1.095,0.0593,classification_miss
2b_reference,instruct,damaged_q2,cognitive_structural_25_75,medium,1400,0.2,0.165,0.4792,0.6814,0.2807,0.0121,0.39,1.6971,-0.0377,cascade
2b_reference,instruct,damaged_q2,cyber_structural_25_75,extreme,1400,0.0864,0.0464,0.3061,0.555,0.4807,0.055,0.7664,2.6471,-0.3025,cascade
2b_reference,instruct,damaged_q2,cyber_structural_25_75,high,1400,0.1457,0.1036,0.3857,0.6264,0.3629,0.0286,0.4779,2.1836,-0.1584,cascade
2b_reference,instruct,damaged_q2,cyber_structural_25_75,low,1400,0.3021,0.2421,0.6096,0.7364,0.1536,0.0129,0.2557,0.9986,0.1231,none
2b_reference,instruct,damaged_q2,cyber_structural_25_75,medium,1400,0.2043,0.1636,0.4847,0.6821,0.2821,0.0214,0.3786,1.6586,-0.0386,cascade
2b_reference,instruct,damaged_q2,q2_structural_amplifier,extreme,1400,0.4571,0.1621,0.6711,0.7186,0.2314,0.3393,0.7486,0.6643,-0.0682,distractor_capture
2b_reference,instruct,damaged_q2,q2_structural_amplifier,high,1400,0.5129,0.235,0.7123,0.7721,0.2136,0.3079,0.5336,0.5579,0.0388,distractor_capture
2b_reference,instruct,damaged_q2,q2_structural_amplifier,low,1400,0.7814,0.4721,0.865,0.8364,0.0957,0.1986,0.2871,0.1221,0.3746,none
2b_reference,instruct,damaged_q2,q2_structural_amplifier,medium,1400,0.65,0.3486,0.7996,0.82,0.1479,0.2514,0.3807,0.33,0.207,none
2b_reference,instruct,damaged_q2,routed_tri_structural_60,extreme,1400,0.13,0.0536,0.3565,0.6307,0.4486,0.0779,0.7786,2.4107,-0.2794,cascade
2b_reference,instruct,damaged_q2,routed_tri_structural_60,high,1400,0.19,0.1321,0.4439,0.6636,0.33,0.0393,0.5186,1.8929,-0.1108,cascade
2b_reference,instruct,damaged_q2,routed_tri_structural_60,low,1400,0.3529,0.2579,0.6711,0.8014,0.155,0.0243,0.2671,0.8007,0.1451,none
2b_reference,instruct,damaged_q2,routed_tri_structural_60,medium,1400,0.2971,0.2329,0.564,0.7314,0.2236,0.0393,0.3757,1.3886,0.0584,none
2b_reference,instruct,damaged_q2,routed_tri_structural_65,extreme,1400,0.1679,0.0836,0.4035,0.6243,0.3943,0.0671,0.745,2.1757,-0.2165,cascade
2b_reference,instruct,damaged_q2,routed_tri_structural_65,high,1400,0.2014,0.1421,0.4568,0.6514,0.3443,0.0379,0.495,1.7814,-0.0974,cascade
2b_reference,instruct,damaged_q2,routed_tri_structural_65,low,1400,0.4057,0.3107,0.6942,0.7936,0.1471,0.0229,0.26,0.7157,0.2054,none
2b_reference,instruct,damaged_q2,routed_tri_structural_65,medium,1400,0.3243,0.2507,0.5822,0.7407,0.2514,0.03,0.345,1.2857,0.0774,cascade
2b_reference,instruct,damaged_q2,stability_first_tri_70,extreme,1400,0.1886,0.0893,0.4399,0.6336,0.36,0.0579,0.7657,1.995,-0.1913,cascade
2b_reference,instruct,damaged_q2,stability_first_tri_70,high,1400,0.2436,0.1679,0.4999,0.7007,0.31,0.0286,0.5179,1.6243,-0.0535,cascade
2b_reference,instruct,damaged_q2,stability_first_tri_70,low,1400,0.4536,0.3436,0.7279,0.8136,0.13,0.0171,0.2636,0.6307,0.2485,none
2b_reference,instruct,damaged_q2,stability_first_tri_70,medium,1400,0.385,0.2914,0.6342,0.7607,0.2221,0.0271,0.3707,1.0779,0.1358,none
2b_reference,instruct,damaged_q3,cognitive_structural_25_75,extreme,1400,0.4814,0.2936,0.6911,0.8207,0.2264,0.035,0.52,0.9864,0.1277,none
2b_reference,instruct,damaged_q3,cognitive_structural_25_75,high,1400,0.59,0.4371,0.7456,0.8407,0.17,0.015,0.3507,0.7379,0.3182,none
2b_reference,instruct,damaged_q3,cognitive_structural_25_75,low,1400,0.7536,0.625,0.8893,0.9279,0.0857,0.0071,0.1821,0.2029,0.5731,none
2b_reference,instruct,damaged_q3,cognitive_structural_25_75,medium,1400,0.7079,0.5679,0.831,0.885,0.1079,0.0136,0.2507,0.4471,0.4904,none
2b_reference,instruct,damaged_q3,cyber_structural_25_75,extreme,1400,0.5671,0.3379,0.7329,0.8014,0.2,0.055,0.4986,0.7579,0.1891,none
2b_reference,instruct,damaged_q3,cyber_structural_25_75,high,1400,0.6,0.4364,0.7588,0.8329,0.16,0.0279,0.3671,0.6571,0.3206,none
2b_reference,instruct,damaged_q3,cyber_structural_25_75,low,1400,0.7843,0.6471,0.8983,0.915,0.0793,0.0079,0.1814,0.1664,0.5989,none
2b_reference,instruct,damaged_q3,cyber_structural_25_75,medium,1400,0.7021,0.5621,0.826,0.8564,0.1064,0.0207,0.2536,0.445,0.4835,none
2b_reference,instruct,damaged_q3,q2_structural_amplifier,extreme,1400,0.7571,0.3136,0.8441,0.8857,0.1464,0.3286,0.5364,0.0864,0.1567,distractor_capture
2b_reference,instruct,damaged_q3,q2_structural_amplifier,high,1400,0.8236,0.4064,0.8845,0.9307,0.125,0.2971,0.3643,0.0636,0.2772,none
2b_reference,instruct,damaged_q3,q2_structural_amplifier,low,1400,0.8907,0.57,0.9311,0.9771,0.0814,0.1929,0.2214,0.0279,0.4879,none
2b_reference,instruct,damaged_q3,q2_structural_amplifier,medium,1400,0.8464,0.4707,0.9036,0.9486,0.1071,0.2721,0.265,0.055,0.3602,none
2b_reference,instruct,damaged_q3,routed_tri_structural_60,extreme,1400,0.675,0.3693,0.8024,0.88,0.1843,0.0707,0.5079,0.4643,0.236,none
2b_reference,instruct,damaged_q3,routed_tri_structural_60,high,1400,0.6764,0.4779,0.8153,0.8821,0.1671,0.0436,0.3564,0.415,0.3697,none
2b_reference,instruct,damaged_q3,routed_tri_structural_60,low,1400,0.8557,0.6886,0.9304,0.945,0.0729,0.0264,0.1893,0.0793,0.6423,none
2b_reference,instruct,damaged_q3,routed_tri_structural_60,medium,1400,0.7586,0.5907,0.8693,0.9143,0.1293,0.0286,0.245,0.26,0.5136,none
2b_reference,instruct,damaged_q3,routed_tri_structural_65,extreme,1400,0.7179,0.3986,0.824,0.8693,0.1614,0.0643,0.5179,0.3593,0.2779,none
2b_reference,instruct,damaged_q3,routed_tri_structural_65,high,1400,0.7314,0.52,0.8404,0.8929,0.14,0.0386,0.3521,0.3421,0.425,none
2b_reference,instruct,damaged_q3,routed_tri_structural_65,low,1400,0.8693,0.6957,0.9314,0.9393,0.0721,0.0279,0.19,0.0707,0.6498,none
2b_reference,instruct,damaged_q3,routed_tri_structural_65,medium,1400,0.7957,0.6007,0.8895,0.9179,0.1129,0.0336,0.2536,0.1907,0.5303,none
2b_reference,instruct,damaged_q3,stability_first_tri_70,extreme,1400,0.7564,0.4293,0.8538,0.9029,0.1536,0.0521,0.5086,0.2414,0.32,none
2b_reference,instruct,damaged_q3,stability_first_tri_70,high,1400,0.7614,0.5379,0.8633,0.9014,0.1436,0.0393,0.3357,0.2386,0.4481,none
2b_reference,instruct,damaged_q3,stability_first_tri_70,low,1400,0.8879,0.7264,0.9448,0.9593,0.0707,0.0157,0.1793,0.0436,0.6855,none
2b_reference,instruct,damaged_q3,stability_first_tri_70,medium,1400,0.8236,0.6021,0.9035,0.9157,0.1086,0.0221,0.2736,0.1186,0.5373,none
2b_reference,instruct,damaged_q4,cognitive_structural_25_75,extreme,1400,0.8,0.48,0.8834,0.93,0.1379,0.0479,0.435,0.1629,0.3861,none
2b_reference,instruct,damaged_q4,cognitive_structural_25_75,high,1400,0.8507,0.6357,0.9109,0.9436,0.1007,0.0171,0.2764,0.1336,0.5733,none
2b_reference,instruct,damaged_q4,cognitive_structural_25_75,low,1400,0.8971,0.7593,0.9547,0.985,0.0593,0.0086,0.1507,0.0464,0.7254,none
2b_reference,instruct,damaged_q4,cognitive_structural_25_75,medium,1400,0.8886,0.7264,0.9409,0.9679,0.0807,0.0164,0.1871,0.0664,0.6806,none
2b_reference,instruct,damaged_q4,cyber_structural_25_75,extreme,1400,0.7964,0.5214,0.875,0.8893,0.1279,0.0514,0.3707,0.2021,0.433,none
2b_reference,instruct,damaged_q4,cyber_structural_25_75,high,1400,0.8129,0.6293,0.8934,0.9043,0.12,0.0221,0.2464,0.1586,0.5612,none
2b_reference,instruct,damaged_q4,cyber_structural_25_75,low,1400,0.8936,0.7893,0.9478,0.9464,0.0536,0.01,0.12,0.0557,0.7588,none
2b_reference,instruct,damaged_q4,cyber_structural_25_75,medium,1400,0.8914,0.7271,0.9344,0.9357,0.0729,0.0136,0.1957,0.075,0.6832,none
2b_reference,instruct,damaged_q4,q2_structural_amplifier,extreme,1400,0.8436,0.3429,0.8822,0.9679,0.1171,0.3479,0.4507,0.0471,0.1997,none
2b_reference,instruct,damaged_q4,q2_structural_amplifier,high,1400,0.8707,0.4579,0.9101,0.9879,0.1086,0.2857,0.305,0.0479,0.3413,none
2b_reference,instruct,damaged_q4,q2_structural_amplifier,low,1400,0.9071,0.5807,0.9414,0.995,0.0564,0.2164,0.185,0.0364,0.5039,none
2b_reference,instruct,damaged_q4,q2_structural_amplifier,medium,1400,0.8829,0.5364,0.9243,0.9921,0.0907,0.2543,0.2257,0.0471,0.4379,none
2b_reference,instruct,damaged_q4,routed_tri_structural_60,extreme,1400,0.8543,0.5386,0.9075,0.94,0.1079,0.0621,0.4143,0.0929,0.456,none
2b_reference,instruct,damaged_q4,routed_tri_structural_60,high,1400,0.8636,0.6379,0.9253,0.9707,0.115,0.0336,0.2657,0.0729,0.5717,none
2b_reference,instruct,damaged_q4,routed_tri_structural_60,low,1400,0.9171,0.7643,0.9625,0.9936,0.0529,0.0293,0.1443,0.0357,0.7292,none
2b_reference,instruct,damaged_q4,routed_tri_structural_60,medium,1400,0.905,0.7329,0.9509,0.9879,0.0764,0.0293,0.1886,0.0464,0.6867,none
2b_reference,instruct,damaged_q4,routed_tri_structural_65,extreme,1400,0.8443,0.5157,0.9076,0.9421,0.1186,0.0614,0.4207,0.0714,0.4306,none
2b_reference,instruct,damaged_q4,routed_tri_structural_65,high,1400,0.8807,0.6364,0.9334,0.9664,0.0943,0.0407,0.2579,0.0614,0.5763,none
2b_reference,instruct,damaged_q4,routed_tri_structural_65,low,1400,0.9143,0.7764,0.9617,0.9893,0.0471,0.0221,0.145,0.04,0.7443,none
2b_reference,instruct,damaged_q4,routed_tri_structural_65,medium,1400,0.9143,0.7279,0.9537,0.985,0.0671,0.0321,0.1857,0.0443,0.6842,none
2b_reference,instruct,damaged_q4,stability_first_tri_70,extreme,1400,0.86,0.5436,0.918,0.9686,0.12,0.0671,0.3829,0.0571,0.4607,none
2b_reference,instruct,damaged_q4,stability_first_tri_70,high,1400,0.8693,0.6443,0.9297,0.9793,0.11,0.0371,0.2729,0.0643,0.5788,none
2b_reference,instruct,damaged_q4,stability_first_tri_70,low,1400,0.9121,0.7793,0.9615,0.9907,0.05,0.0157,0.14,0.0393,0.748,none
2b_reference,instruct,damaged_q4,stability_first_tri_70,medium,1400,0.9071,0.7157,0.9491,0.9871,0.0679,0.0343,0.2121,0.0586,0.6686,none
2b_reference,instruct,healthy_q6,cognitive_structural_25_75,extreme,1400,0.9129,0.6629,0.9395,0.9879,0.0793,0.0286,0.2871,0.075,0.6066,none
2b_reference,instruct,healthy_q6,cognitive_structural_25_75,high,1400,0.9229,0.7243,0.9512,0.9879,0.0636,0.0186,0.2221,0.0564,0.6809,none
2b_reference,instruct,healthy_q6,cognitive_structural_25_75,low,1400,0.9386,0.8186,0.9719,0.9914,0.025,0.0043,0.125,0.0343,0.7985,none
2b_reference,instruct,healthy_q6,cognitive_structural_25_75,medium,1400,0.9314,0.7836,0.9599,0.9907,0.0486,0.0129,0.1607,0.0557,0.7508,none
2b_reference,instruct,healthy_q6,cyber_structural_25_75,extreme,1400,0.915,0.6371,0.9386,0.9836,0.0743,0.0514,0.3014,0.0743,0.5767,none
2b_reference,instruct,healthy_q6,cyber_structural_25_75,high,1400,0.92,0.7257,0.9531,0.9893,0.0721,0.0229,0.2057,0.04,0.681,none
2b_reference,instruct,healthy_q6,cyber_structural_25_75,low,1400,0.9257,0.8271,0.9695,0.9914,0.0407,0.0093,0.1007,0.0329,0.8034,none
2b_reference,instruct,healthy_q6,cyber_structural_25_75,medium,1400,0.9271,0.7829,0.9602,0.9921,0.0593,0.0136,0.1493,0.0443,0.7482,none
2b_reference,instruct,healthy_q6,q2_structural_amplifier,extreme,1400,0.8814,0.4029,0.9008,0.9914,0.0871,0.3471,0.3486,0.0629,0.2763,none
2b_reference,instruct,healthy_q6,q2_structural_amplifier,high,1400,0.8957,0.5114,0.9235,0.9914,0.0857,0.28,0.24,0.0464,0.4082,none
2b_reference,instruct,healthy_q6,q2_structural_amplifier,low,1400,0.92,0.6186,0.9471,0.9936,0.0436,0.2114,0.1629,0.035,0.5484,none
2b_reference,instruct,healthy_q6,q2_structural_amplifier,medium,1400,0.9129,0.5643,0.9336,0.99,0.06,0.2664,0.1921,0.0521,0.475,none
2b_reference,instruct,healthy_q6,routed_tri_structural_60,extreme,1400,0.9121,0.6343,0.9422,0.9936,0.0829,0.065,0.2771,0.0593,0.5713,none
2b_reference,instruct,healthy_q6,routed_tri_structural_60,high,1400,0.9321,0.7343,0.9556,0.99,0.06,0.0307,0.2029,0.0493,0.6915,none
2b_reference,instruct,healthy_q6,routed_tri_structural_60,low,1400,0.9307,0.8036,0.9671,0.9857,0.0393,0.0186,0.1257,0.0307,0.7765,none
2b_reference,instruct,healthy_q6,routed_tri_structural_60,medium,1400,0.9343,0.7707,0.9629,0.99,0.0521,0.0343,0.1543,0.0371,0.734,none
2b_reference,instruct,healthy_q6,routed_tri_structural_65,extreme,1400,0.9064,0.6186,0.9384,0.9929,0.0821,0.0686,0.3071,0.0693,0.5522,none
2b_reference,instruct,healthy_q6,routed_tri_structural_65,high,1400,0.9364,0.7443,0.9554,0.9843,0.055,0.035,0.195,0.0536,0.7025,none
2b_reference,instruct,healthy_q6,routed_tri_structural_65,low,1400,0.9271,0.8071,0.9675,0.9893,0.0379,0.0179,0.1143,0.0371,0.7812,none
2b_reference,instruct,healthy_q6,routed_tri_structural_65,medium,1400,0.9243,0.7707,0.9598,0.9914,0.0557,0.0264,0.1486,0.0507,0.7343,none
2b_reference,instruct,healthy_q6,stability_first_tri_70,extreme,1400,0.8936,0.6336,0.9371,0.9907,0.095,0.0707,0.2671,0.0671,0.5662,none
2b_reference,instruct,healthy_q6,stability_first_tri_70,high,1400,0.9457,0.7714,0.9607,0.9929,0.0471,0.0271,0.1757,0.0564,0.735,none
2b_reference,instruct,healthy_q6,stability_first_tri_70,low,1400,0.9214,0.82,0.9672,0.9886,0.045,0.0157,0.1043,0.0336,0.7933,none
2b_reference,instruct,healthy_q6,stability_first_tri_70,medium,1400,0.9314,0.79,0.9624,0.9886,0.0543,0.0336,0.1307,0.0436,0.7544,none
2b_reference,instruct,healthy_q8,cognitive_structural_25_75,extreme,1400,0.9279,0.6993,0.9505,0.9864,0.0607,0.0393,0.2436,0.0586,0.6508,none
2b_reference,instruct,healthy_q8,cognitive_structural_25_75,high,1400,0.9443,0.7686,0.9589,0.9871,0.045,0.0136,0.1893,0.0579,0.7343,none
2b_reference,instruct,healthy_q8,cognitive_structural_25_75,low,1400,0.9379,0.8586,0.9737,0.9914,0.035,0.005,0.0821,0.0279,0.8391,none
2b_reference,instruct,healthy_q8,cognitive_structural_25_75,medium,1400,0.9464,0.8293,0.9682,0.9929,0.035,0.0143,0.1257,0.0514,0.8033,none
2b_reference,instruct,healthy_q8,cyber_structural_25_75,extreme,1400,0.9321,0.6886,0.9511,0.9886,0.0614,0.0514,0.2414,0.055,0.6378,none
2b_reference,instruct,healthy_q8,cyber_structural_25_75,high,1400,0.9421,0.7921,0.9607,0.99,0.0471,0.02,0.1686,0.055,0.7578,none
2b_reference,instruct,healthy_q8,cyber_structural_25_75,low,1400,0.945,0.8443,0.9731,0.985,0.0279,0.0114,0.1036,0.0279,0.824,none
2b_reference,instruct,healthy_q8,cyber_structural_25_75,medium,1400,0.9436,0.8229,0.9666,0.9893,0.04,0.0186,0.1193,0.0493,0.7951,none
2b_reference,instruct,healthy_q8,q2_structural_amplifier,extreme,1400,0.89,0.435,0.9065,0.9893,0.075,0.3364,0.3257,0.0664,0.3158,none
2b_reference,instruct,healthy_q8,q2_structural_amplifier,high,1400,0.9164,0.5371,0.9305,0.9893,0.06,0.2886,0.2064,0.0579,0.442,none
2b_reference,instruct,healthy_q8,q2_structural_amplifier,low,1400,0.9136,0.6414,0.9468,0.9921,0.045,0.1929,0.1371,0.0443,0.5762,none
2b_reference,instruct,healthy_q8,q2_structural_amplifier,medium,1400,0.9393,0.6171,0.9449,0.99,0.0429,0.2486,0.1564,0.0421,0.5399,none
2b_reference,instruct,healthy_q8,routed_tri_structural_60,extreme,1400,0.9286,0.6886,0.9496,0.9864,0.0607,0.0693,0.2436,0.06,0.634,none
2b_reference,instruct,healthy_q8,routed_tri_structural_60,high,1400,0.9521,0.7586,0.9652,0.995,0.0421,0.0357,0.1829,0.0407,0.7221,none
2b_reference,instruct,healthy_q8,routed_tri_structural_60,low,1400,0.9443,0.8286,0.9739,0.9921,0.0214,0.0271,0.1021,0.0364,0.8067,none
2b_reference,instruct,healthy_q8,routed_tri_structural_60,medium,1400,0.9421,0.805,0.9649,0.9843,0.0429,0.0264,0.1336,0.0436,0.774,none
2b_reference,instruct,healthy_q8,routed_tri_structural_65,extreme,1400,0.9407,0.6871,0.9532,0.9914,0.0521,0.0586,0.2443,0.0614,0.6372,none
2b_reference,instruct,healthy_q8,routed_tri_structural_65,high,1400,0.9464,0.7679,0.9584,0.9871,0.0471,0.0429,0.1636,0.0664,0.7287,none
2b_reference,instruct,healthy_q8,routed_tri_structural_65,low,1400,0.9443,0.8393,0.9747,0.99,0.0236,0.0214,0.0921,0.0343,0.8188,none
2b_reference,instruct,healthy_q8,routed_tri_structural_65,medium,1400,0.96,0.8221,0.9713,0.9886,0.0264,0.0343,0.1236,0.045,0.7952,none
2b_reference,instruct,healthy_q8,stability_first_tri_70,extreme,1400,0.9357,0.7014,0.9516,0.9836,0.0557,0.0521,0.2279,0.0636,0.6529,none
2b_reference,instruct,healthy_q8,stability_first_tri_70,high,1400,0.9564,0.7714,0.9657,0.9921,0.0343,0.0264,0.1807,0.0479,0.739,none
2b_reference,instruct,healthy_q8,stability_first_tri_70,low,1400,0.9243,0.8171,0.9678,0.9879,0.03,0.0143,0.1086,0.045,0.7944,none
2b_reference,instruct,healthy_q8,stability_first_tri_70,medium,1400,0.9471,0.7957,0.9676,0.9921,0.0357,0.0343,0.1393,0.0471,0.7646,none
35b_a3b_moe,base,collapsed_q2_edge,cognitive_structural_25_75,extreme,1400,0.2164,0.1221,0.4848,0.7157,0.2764,0.0407,0.6164,2.0071,-0.1186,cascade
35b_a3b_moe,base,collapsed_q2_edge,cognitive_structural_25_75,high,1400,0.275,0.2214,0.5378,0.7586,0.2207,0.0179,0.395,1.6607,0.037,primitive_gap
35b_a3b_moe,base,collapsed_q2_edge,cognitive_structural_25_75,low,1400,0.3821,0.3064,0.708,0.855,0.1029,0.0129,0.2036,0.7814,0.2176,none
35b_a3b_moe,base,collapsed_q2_edge,cognitive_structural_25_75,medium,1400,0.3836,0.3136,0.6291,0.8214,0.1557,0.01,0.3121,1.2743,0.1762,none
35b_a3b_moe,base,collapsed_q2_edge,cyber_structural_25_75,extreme,1400,0.2886,0.1571,0.5335,0.7521,0.265,0.0514,0.5464,1.8029,-0.0665,cascade
35b_a3b_moe,base,collapsed_q2_edge,cyber_structural_25_75,high,1400,0.335,0.25,0.5536,0.7614,0.2157,0.0436,0.385,1.5871,0.0664,none
35b_a3b_moe,base,collapsed_q2_edge,cyber_structural_25_75,low,1400,0.3779,0.2936,0.6916,0.825,0.1286,0.0164,0.21,0.7857,0.1956,none
35b_a3b_moe,base,collapsed_q2_edge,cyber_structural_25_75,medium,1400,0.4036,0.3214,0.6304,0.79,0.1593,0.0329,0.2943,1.2393,0.1816,none
35b_a3b_moe,base,collapsed_q2_edge,q2_structural_amplifier,extreme,1400,0.7086,0.2564,0.8111,0.8614,0.1486,0.3714,0.5571,0.2186,0.0821,distractor_capture
35b_a3b_moe,base,collapsed_q2_edge,q2_structural_amplifier,high,1400,0.755,0.37,0.8514,0.8957,0.1271,0.3093,0.39,0.1729,0.2302,none
35b_a3b_moe,base,collapsed_q2_edge,q2_structural_amplifier,low,1400,0.8686,0.5293,0.9222,0.9679,0.0721,0.215,0.2514,0.05,0.442,none
35b_a3b_moe,base,collapsed_q2_edge,q2_structural_amplifier,medium,1400,0.8214,0.45,0.8873,0.9221,0.1179,0.2671,0.3014,0.0793,0.3331,none
35b_a3b_moe,base,collapsed_q2_edge,routed_tri_structural_60,extreme,1400,0.405,0.2171,0.6307,0.82,0.2243,0.0857,0.6071,1.325,0.0179,cascade
35b_a3b_moe,base,collapsed_q2_edge,routed_tri_structural_60,high,1400,0.4536,0.3293,0.6667,0.8593,0.1721,0.0436,0.3957,1.1421,0.1802,none
35b_a3b_moe,base,collapsed_q2_edge,routed_tri_structural_60,low,1400,0.5579,0.4457,0.8049,0.9107,0.0871,0.0293,0.195,0.4871,0.3738,none
35b_a3b_moe,base,collapsed_q2_edge,routed_tri_structural_60,medium,1400,0.5607,0.4507,0.7469,0.87,0.1379,0.0371,0.2879,0.78,0.3399,none
35b_a3b_moe,base,collapsed_q2_edge,routed_tri_structural_65,extreme,1400,0.4714,0.2821,0.6631,0.8307,0.2143,0.0771,0.5336,1.1793,0.1008,none
35b_a3b_moe,base,collapsed_q2_edge,routed_tri_structural_65,high,1400,0.5021,0.3686,0.6911,0.8607,0.1679,0.0436,0.3914,1.025,0.2269,none
35b_a3b_moe,base,collapsed_q2_edge,routed_tri_structural_65,low,1400,0.6,0.475,0.8219,0.9071,0.0886,0.0307,0.1943,0.4229,0.4056,none
35b_a3b_moe,base,collapsed_q2_edge,routed_tri_structural_65,medium,1400,0.6086,0.4807,0.7715,0.8814,0.125,0.0429,0.2707,0.6993,0.378,none
35b_a3b_moe,base,collapsed_q2_edge,stability_first_tri_70,extreme,1400,0.485,0.2743,0.6797,0.82,0.2179,0.06,0.5529,1.0521,0.1001,none
35b_a3b_moe,base,collapsed_q2_edge,stability_first_tri_70,high,1400,0.515,0.3807,0.7025,0.8529,0.175,0.0414,0.3886,0.9479,0.2415,none
35b_a3b_moe,base,collapsed_q2_edge,stability_first_tri_70,low,1400,0.6493,0.5307,0.8414,0.8993,0.0986,0.0186,0.1971,0.3279,0.4653,none
35b_a3b_moe,base,collapsed_q2_edge,stability_first_tri_70,medium,1400,0.62,0.49,0.7869,0.8879,0.1214,0.0379,0.2743,0.635,0.3923,none
35b_a3b_moe,base,damaged_q2,cognitive_structural_25_75,extreme,1400,0.5993,0.35,0.7491,0.8829,0.1657,0.0357,0.4971,0.8393,0.2114,none
35b_a3b_moe,base,damaged_q2,cognitive_structural_25_75,high,1400,0.6021,0.4464,0.7655,0.8979,0.1536,0.0136,0.35,0.7236,0.3335,none
35b_a3b_moe,base,damaged_q2,cognitive_structural_25_75,low,1400,0.7393,0.6157,0.8908,0.9564,0.0757,0.0064,0.1821,0.2321,0.5655,none
35b_a3b_moe,base,damaged_q2,cognitive_structural_25_75,medium,1400,0.7243,0.6,0.8431,0.9364,0.09,0.0136,0.2229,0.4779,0.5286,none
35b_a3b_moe,base,damaged_q2,cyber_structural_25_75,extreme,1400,0.6386,0.3721,0.7644,0.8536,0.1636,0.0479,0.5071,0.7007,0.2379,none
35b_a3b_moe,base,damaged_q2,cyber_structural_25_75,high,1400,0.6193,0.4764,0.7657,0.8621,0.1393,0.025,0.3136,0.7014,0.3695,none
35b_a3b_moe,base,damaged_q2,cyber_structural_25_75,low,1400,0.7279,0.61,0.8767,0.9093,0.07,0.0114,0.1621,0.2529,0.5611,none
35b_a3b_moe,base,damaged_q2,cyber_structural_25_75,medium,1400,0.6843,0.5493,0.8172,0.8757,0.1007,0.0307,0.2286,0.5186,0.4687,none
35b_a3b_moe,base,damaged_q2,q2_structural_amplifier,extreme,1400,0.82,0.3057,0.8662,0.9564,0.1321,0.37,0.5043,0.0636,0.1485,distractor_capture
35b_a3b_moe,base,damaged_q2,q2_structural_amplifier,high,1400,0.8607,0.4364,0.9067,0.9914,0.11,0.2907,0.3329,0.0557,0.3159,none
35b_a3b_moe,base,damaged_q2,q2_structural_amplifier,low,1400,0.91,0.6014,0.9414,0.9921,0.0529,0.1943,0.2043,0.0393,0.5284,none
35b_a3b_moe,base,damaged_q2,q2_structural_amplifier,medium,1400,0.8893,0.4807,0.9232,0.9907,0.08,0.27,0.2736,0.0429,0.3787,none
35b_a3b_moe,base,damaged_q2,routed_tri_structural_60,extreme,1400,0.765,0.4343,0.8495,0.9271,0.1443,0.0814,0.4893,0.3229,0.3194,none
35b_a3b_moe,base,damaged_q2,routed_tri_structural_60,high,1400,0.7871,0.555,0.8725,0.9593,0.1121,0.0393,0.3364,0.3029,0.4714,none
35b_a3b_moe,base,damaged_q2,routed_tri_structural_60,low,1400,0.88,0.7157,0.9477,0.9871,0.0636,0.0229,0.1793,0.0636,0.6746,none
35b_a3b_moe,base,damaged_q2,routed_tri_structural_60,medium,1400,0.845,0.6729,0.9159,0.9714,0.0879,0.0371,0.2136,0.1721,0.6134,none
35b_a3b_moe,base,damaged_q2,routed_tri_structural_65,extreme,1400,0.7857,0.4379,0.8644,0.9243,0.1286,0.0671,0.5,0.2579,0.333,none
35b_a3b_moe,base,damaged_q2,routed_tri_structural_65,high,1400,0.8036,0.5736,0.8839,0.9471,0.11,0.0421,0.3186,0.2436,0.4945,none
35b_a3b_moe,base,damaged_q2,routed_tri_structural_65,low,1400,0.9079,0.7407,0.9575,0.9886,0.0571,0.0264,0.1671,0.0386,0.703,none
35b_a3b_moe,base,damaged_q2,routed_tri_structural_65,medium,1400,0.865,0.6521,0.9208,0.9636,0.0771,0.035,0.2336,0.1486,0.5959,none
35b_a3b_moe,base,damaged_q2,stability_first_tri_70,extreme,1400,0.79,0.4443,0.869,0.935,0.1393,0.0643,0.5093,0.2186,0.338,none
35b_a3b_moe,base,damaged_q2,stability_first_tri_70,high,1400,0.8307,0.5864,0.8997,0.9564,0.1157,0.04,0.3157,0.1657,0.5102,none
35b_a3b_moe,base,damaged_q2,stability_first_tri_70,low,1400,0.905,0.7421,0.9578,0.9893,0.0514,0.0221,0.1714,0.0443,0.7064,none
35b_a3b_moe,base,damaged_q2,stability_first_tri_70,medium,1400,0.8843,0.67,0.9321,0.9636,0.07,0.0314,0.2343,0.1043,0.6188,none
35b_a3b_moe,base,damaged_q3,cognitive_structural_25_75,extreme,1400,0.9071,0.6371,0.9393,0.9914,0.0821,0.035,0.31,0.0664,0.5774,none
35b_a3b_moe,base,damaged_q3,cognitive_structural_25_75,high,1400,0.9229,0.7071,0.9511,0.9936,0.0657,0.0179,0.2457,0.0514,0.6616,none
35b_a3b_moe,base,damaged_q3,cognitive_structural_25_75,low,1400,0.9171,0.7914,0.9637,0.9907,0.0414,0.0079,0.1321,0.0429,0.7647,none
35b_a3b_moe,base,damaged_q3,cognitive_structural_25_75,medium,1400,0.9271,0.7657,0.9592,0.9886,0.055,0.0257,0.1657,0.045,0.7286,none
35b_a3b_moe,base,damaged_q3,cyber_structural_25_75,extreme,1400,0.8829,0.5971,0.9297,0.97,0.0957,0.0743,0.3157,0.0621,0.5252,none
35b_a3b_moe,base,damaged_q3,cyber_structural_25_75,high,1400,0.91,0.7136,0.948,0.99,0.0764,0.0329,0.2093,0.0593,0.6644,none
35b_a3b_moe,base,damaged_q3,cyber_structural_25_75,low,1400,0.9164,0.8086,0.9651,0.9893,0.0457,0.015,0.1093,0.0386,0.7812,none
35b_a3b_moe,base,damaged_q3,cyber_structural_25_75,medium,1400,0.9307,0.7593,0.9594,0.9914,0.0521,0.025,0.1707,0.0507,0.7224,none
35b_a3b_moe,base,damaged_q3,q2_structural_amplifier,extreme,1400,0.87,0.3821,0.8944,0.9857,0.1021,0.3564,0.3664,0.0579,0.248,none
35b_a3b_moe,base,damaged_q3,q2_structural_amplifier,high,1400,0.9071,0.5021,0.9256,0.995,0.0686,0.2979,0.2457,0.0571,0.3995,none
35b_a3b_moe,base,damaged_q3,q2_structural_amplifier,low,1400,0.915,0.6036,0.9433,0.9886,0.0529,0.2193,0.1593,0.0329,0.5295,none
35b_a3b_moe,base,damaged_q3,q2_structural_amplifier,medium,1400,0.9093,0.56,0.9315,0.9886,0.0664,0.2657,0.195,0.05,0.4688,none
35b_a3b_moe,base,damaged_q3,routed_tri_structural_60,extreme,1400,0.9021,0.5893,0.9353,0.9907,0.0879,0.0636,0.3343,0.0614,0.5204,none
35b_a3b_moe,base,damaged_q3,routed_tri_structural_60,high,1400,0.9157,0.6821,0.9473,0.9921,0.0707,0.04,0.2486,0.0607,0.63,none
35b_a3b_moe,base,damaged_q3,routed_tri_structural_60,low,1400,0.9179,0.7829,0.9646,0.9886,0.0436,0.0264,0.1314,0.0364,0.7522,none
35b_a3b_moe,base,damaged_q3,routed_tri_structural_60,medium,1400,0.9314,0.75,0.9594,0.9907,0.055,0.0436,0.1679,0.0479,0.709,none
35b_a3b_moe,base,damaged_q3,routed_tri_structural_65,extreme,1400,0.9093,0.6014,0.9384,0.9914,0.0843,0.0793,0.32,0.055,0.5319,none
35b_a3b_moe,base,damaged_q3,routed_tri_structural_65,high,1400,0.9214,0.6857,0.9506,0.9914,0.0643,0.0421,0.2479,0.0529,0.6355,none
35b_a3b_moe,base,damaged_q3,routed_tri_structural_65,low,1400,0.9393,0.8186,0.9722,0.9886,0.0329,0.0243,0.1064,0.0271,0.794,none
35b_a3b_moe,base,damaged_q3,routed_tri_structural_65,medium,1400,0.9293,0.765,0.9582,0.9871,0.05,0.04,0.1529,0.0614,0.7267,none
35b_a3b_moe,base,damaged_q3,stability_first_tri_70,extreme,1400,0.9171,0.6029,0.9406,0.9929,0.0771,0.07,0.3193,0.06,0.5372,none
35b_a3b_moe,base,damaged_q3,stability_first_tri_70,high,1400,0.9193,0.7093,0.9492,0.9921,0.0721,0.0379,0.2086,0.0629,0.6602,none
35b_a3b_moe,base,damaged_q3,stability_first_tri_70,low,1400,0.9136,0.7857,0.9631,0.9929,0.0407,0.0214,0.1264,0.0493,0.7566,none
35b_a3b_moe,base,damaged_q3,stability_first_tri_70,medium,1400,0.9379,0.7736,0.962,0.995,0.0486,0.04,0.1521,0.0543,0.7361,none
35b_a3b_moe,base,damaged_q4,cognitive_structural_25_75,extreme,1400,0.9307,0.6557,0.9495,0.9936,0.0607,0.0486,0.28,0.0564,0.6026,none
35b_a3b_moe,base,damaged_q4,cognitive_structural_25_75,high,1400,0.9386,0.7593,0.959,0.9893,0.0543,0.0171,0.1871,0.0443,0.7224,none
35b_a3b_moe,base,damaged_q4,cognitive_structural_25_75,low,1400,0.9393,0.8357,0.9725,0.99,0.0264,0.0064,0.1114,0.0336,0.8159,none
35b_a3b_moe,base,damaged_q4,cognitive_structural_25_75,medium,1400,0.9564,0.8221,0.9689,0.9929,0.0314,0.015,0.1393,0.0486,0.7961,none
35b_a3b_moe,base,damaged_q4,cyber_structural_25_75,extreme,1400,0.9357,0.7021,0.9538,0.9864,0.06,0.0564,0.2264,0.0457,0.6525,none
35b_a3b_moe,base,damaged_q4,cyber_structural_25_75,high,1400,0.9479,0.7657,0.9635,0.9886,0.0436,0.0286,0.1857,0.0386,0.7301,none
35b_a3b_moe,base,damaged_q4,cyber_structural_25_75,low,1400,0.9321,0.8386,0.9731,0.9929,0.0271,0.0179,0.0821,0.0414,0.8182,none
35b_a3b_moe,base,damaged_q4,cyber_structural_25_75,medium,1400,0.9479,0.8179,0.9671,0.9871,0.0364,0.0271,0.1221,0.0486,0.7893,none
35b_a3b_moe,base,damaged_q4,q2_structural_amplifier,extreme,1400,0.8986,0.4193,0.9055,0.9929,0.0714,0.3707,0.33,0.0607,0.2943,none
35b_a3b_moe,base,damaged_q4,q2_structural_amplifier,high,1400,0.9121,0.5379,0.9301,0.9921,0.065,0.2714,0.2207,0.0564,0.4436,none
35b_a3b_moe,base,damaged_q4,q2_structural_amplifier,low,1400,0.9193,0.6121,0.9453,0.9879,0.0457,0.2186,0.1579,0.0336,0.5404,none
35b_a3b_moe,base,damaged_q4,q2_structural_amplifier,medium,1400,0.9293,0.6107,0.9422,0.9871,0.045,0.2407,0.1636,0.0493,0.5335,none
35b_a3b_moe,base,damaged_q4,routed_tri_structural_60,extreme,1400,0.92,0.6507,0.9451,0.9914,0.0721,0.075,0.2679,0.0614,0.5896,none
35b_a3b_moe,base,damaged_q4,routed_tri_structural_60,high,1400,0.935,0.7429,0.9591,0.9936,0.0593,0.05,0.1693,0.0479,0.6991,none
35b_a3b_moe,base,damaged_q4,routed_tri_structural_60,low,1400,0.9457,0.8207,0.9723,0.9879,0.0257,0.0279,0.1164,0.0321,0.7965,none
35b_a3b_moe,base,damaged_q4,routed_tri_structural_60,medium,1400,0.95,0.8036,0.967,0.9864,0.0421,0.0371,0.1257,0.0393,0.7715,none
35b_a3b_moe,base,damaged_q4,routed_tri_structural_65,extreme,1400,0.9279,0.6564,0.9493,0.9929,0.0629,0.0879,0.2586,0.0579,0.5964,none
35b_a3b_moe,base,damaged_q4,routed_tri_structural_65,high,1400,0.935,0.7343,0.9571,0.9857,0.05,0.0479,0.1936,0.0557,0.6914,none
35b_a3b_moe,base,damaged_q4,routed_tri_structural_65,low,1400,0.9386,0.8321,0.9733,0.9921,0.0257,0.0186,0.0964,0.0364,0.8112,none
35b_a3b_moe,base,damaged_q4,routed_tri_structural_65,medium,1400,0.9386,0.7821,0.9635,0.99,0.0457,0.0429,0.14,0.05,0.7462,none
35b_a3b_moe,base,damaged_q4,stability_first_tri_70,extreme,1400,0.9329,0.65,0.9481,0.9886,0.06,0.0607,0.2807,0.0571,0.5945,none
35b_a3b_moe,base,damaged_q4,stability_first_tri_70,high,1400,0.9421,0.765,0.9584,0.9886,0.0443,0.0293,0.18,0.0664,0.7281,none
35b_a3b_moe,base,damaged_q4,stability_first_tri_70,low,1400,0.9493,0.8307,0.9749,0.9907,0.0214,0.0221,0.1071,0.0314,0.8097,none
35b_a3b_moe,base,damaged_q4,stability_first_tri_70,medium,1400,0.9514,0.8107,0.9672,0.9921,0.0336,0.0343,0.12,0.0586,0.7813,none
35b_a3b_moe,base,healthy_q6,cognitive_structural_25_75,extreme,1400,0.9386,0.7357,0.9553,0.9907,0.0529,0.0471,0.195,0.0679,0.6914,none
35b_a3b_moe,base,healthy_q6,cognitive_structural_25_75,high,1400,0.9471,0.8057,0.9633,0.9871,0.0436,0.02,0.1486,0.0514,0.7742,none
35b_a3b_moe,base,healthy_q6,cognitive_structural_25_75,low,1400,0.945,0.8607,0.9753,0.9921,0.0257,0.0107,0.0786,0.0336,0.8429,none
35b_a3b_moe,base,healthy_q6,cognitive_structural_25_75,medium,1400,0.9571,0.8486,0.97,0.9893,0.0264,0.0164,0.1086,0.0571,0.8258,none
35b_a3b_moe,base,healthy_q6,cyber_structural_25_75,extreme,1400,0.9429,0.7329,0.9585,0.9914,0.0521,0.0521,0.1914,0.0529,0.6888,none
35b_a3b_moe,base,healthy_q6,cyber_structural_25_75,high,1400,0.955,0.8014,0.9662,0.9907,0.0379,0.0371,0.135,0.055,0.7691,none
35b_a3b_moe,base,healthy_q6,cyber_structural_25_75,low,1400,0.9479,0.8579,0.977,0.9893,0.0186,0.0193,0.0807,0.035,0.8402,none
35b_a3b_moe,base,healthy_q6,cyber_structural_25_75,medium,1400,0.9636,0.8536,0.9748,0.9907,0.0207,0.0314,0.0957,0.0486,0.831,none
35b_a3b_moe,base,healthy_q6,q2_structural_amplifier,extreme,1400,0.9093,0.4543,0.9135,0.9893,0.0607,0.3729,0.2636,0.0579,0.3375,none
35b_a3b_moe,base,healthy_q6,q2_structural_amplifier,high,1400,0.9236,0.5429,0.935,0.9921,0.0464,0.2979,0.1929,0.0607,0.4509,none
35b_a3b_moe,base,healthy_q6,q2_structural_amplifier,low,1400,0.9193,0.6336,0.9482,0.99,0.0429,0.2064,0.13,0.0393,0.5671,none
35b_a3b_moe,base,healthy_q6,q2_structural_amplifier,medium,1400,0.9293,0.6007,0.9401,0.9907,0.0493,0.2386,0.1671,0.0564,0.522,none
35b_a3b_moe,base,healthy_q6,routed_tri_structural_60,extreme,1400,0.9557,0.7193,0.9599,0.9929,0.0393,0.0786,0.1929,0.0643,0.6731,none
35b_a3b_moe,base,healthy_q6,routed_tri_structural_60,high,1400,0.9564,0.7936,0.9653,0.9893,0.0336,0.0357,0.1514,0.0579,0.7613,none
35b_a3b_moe,base,healthy_q6,routed_tri_structural_60,low,1400,0.9493,0.8471,0.9766,0.9857,0.0179,0.0271,0.0857,0.0321,0.8279,none
35b_a3b_moe,base,healthy_q6,routed_tri_structural_60,medium,1400,0.9607,0.8457,0.9732,0.9893,0.0257,0.0286,0.0986,0.0457,0.8221,none
35b_a3b_moe,base,healthy_q6,routed_tri_structural_65,extreme,1400,0.9457,0.6943,0.9553,0.9871,0.045,0.075,0.2207,0.0643,0.6449,none
35b_a3b_moe,base,healthy_q6,routed_tri_structural_65,high,1400,0.9593,0.8043,0.9689,0.9929,0.0357,0.0407,0.1371,0.0457,0.7722,none
35b_a3b_moe,base,healthy_q6,routed_tri_structural_65,low,1400,0.9486,0.8429,0.9761,0.9886,0.0171,0.0271,0.0871,0.0357,0.8235,none
35b_a3b_moe,base,healthy_q6,routed_tri_structural_65,medium,1400,0.955,0.845,0.9736,0.9921,0.0279,0.03,0.0936,0.045,0.8209,none
35b_a3b_moe,base,healthy_q6,stability_first_tri_70,extreme,1400,0.95,0.7179,0.9568,0.9843,0.0436,0.0693,0.1971,0.0636,0.672,none
35b_a3b_moe,base,healthy_q6,stability_first_tri_70,high,1400,0.9664,0.82,0.971,0.9879,0.0271,0.0357,0.1243,0.0479,0.7924,none
35b_a3b_moe,base,healthy_q6,stability_first_tri_70,low,1400,0.945,0.8643,0.975,0.9857,0.0207,0.0143,0.0757,0.0357,0.8474,none
35b_a3b_moe,base,healthy_q6,stability_first_tri_70,medium,1400,0.9557,0.8457,0.9715,0.9893,0.0257,0.0293,0.0964,0.0543,0.8217,none
35b_a3b_moe,base,healthy_q8,cognitive_structural_25_75,extreme,1400,0.9543,0.7686,0.9615,0.9936,0.04,0.0414,0.1807,0.0664,0.7305,none
35b_a3b_moe,base,healthy_q8,cognitive_structural_25_75,high,1400,0.9693,0.8564,0.9713,0.985,0.0264,0.0207,0.1021,0.0529,0.8335,none
35b_a3b_moe,base,healthy_q8,cognitive_structural_25_75,low,1400,0.9529,0.875,0.9795,0.9914,0.0143,0.0086,0.0721,0.0329,0.8616,none
35b_a3b_moe,base,healthy_q8,cognitive_structural_25_75,medium,1400,0.9729,0.8843,0.9773,0.9921,0.015,0.0157,0.0786,0.0521,0.8678,none
35b_a3b_moe,base,healthy_q8,cyber_structural_25_75,extreme,1400,0.9636,0.765,0.9625,0.9864,0.0314,0.0564,0.17,0.07,0.7272,none
35b_a3b_moe,base,healthy_q8,cyber_structural_25_75,high,1400,0.9629,0.815,0.9707,0.9907,0.0307,0.0314,0.1357,0.0429,0.7865,none
35b_a3b_moe,base,healthy_q8,cyber_structural_25_75,low,1400,0.9507,0.8643,0.9774,0.9893,0.0114,0.0143,0.085,0.0379,0.8493,none
35b_a3b_moe,base,healthy_q8,cyber_structural_25_75,medium,1400,0.9736,0.875,0.9773,0.9879,0.0164,0.0207,0.0814,0.0443,0.8572,none
35b_a3b_moe,base,healthy_q8,q2_structural_amplifier,extreme,1400,0.9121,0.4493,0.915,0.9929,0.0579,0.3979,0.2279,0.0571,0.3313,none
35b_a3b_moe,base,healthy_q8,q2_structural_amplifier,high,1400,0.9364,0.5543,0.939,0.99,0.045,0.305,0.1807,0.0407,0.4633,none
35b_a3b_moe,base,healthy_q8,q2_structural_amplifier,low,1400,0.9329,0.6607,0.9548,0.9914,0.0307,0.2136,0.1029,0.035,0.5988,none
35b_a3b_moe,base,healthy_q8,q2_structural_amplifier,medium,1400,0.9364,0.6286,0.9458,0.9929,0.0429,0.2536,0.1286,0.0486,0.5523,none
35b_a3b_moe,base,healthy_q8,routed_tri_structural_60,extreme,1400,0.9693,0.7529,0.9675,0.9921,0.0271,0.0857,0.1621,0.0521,0.712,none
35b_a3b_moe,base,healthy_q8,routed_tri_structural_60,high,1400,0.9693,0.8043,0.9708,0.9921,0.0221,0.0471,0.1371,0.0564,0.7744,none
35b_a3b_moe,base,healthy_q8,routed_tri_structural_60,low,1400,0.9529,0.8593,0.9782,0.985,0.0164,0.0257,0.0764,0.03,0.8416,none
35b_a3b_moe,base,healthy_q8,routed_tri_structural_60,medium,1400,0.9664,0.8536,0.9745,0.9829,0.0207,0.0429,0.0829,0.045,0.8299,none
35b_a3b_moe,base,healthy_q8,routed_tri_structural_65,extreme,1400,0.965,0.7564,0.9659,0.9886,0.0293,0.0693,0.1671,0.0564,0.7176,none
35b_a3b_moe,base,healthy_q8,routed_tri_structural_65,high,1400,0.9614,0.8157,0.9704,0.9914,0.0279,0.0486,0.1207,0.0557,0.7852,none
35b_a3b_moe,base,healthy_q8,routed_tri_structural_65,low,1400,0.9429,0.8543,0.9758,0.9886,0.0107,0.0243,0.0743,0.0471,0.8379,none
35b_a3b_moe,base,healthy_q8,routed_tri_structural_65,medium,1400,0.9764,0.8493,0.9763,0.9907,0.0157,0.0443,0.0986,0.0471,0.8255,none
35b_a3b_moe,base,healthy_q8,stability_first_tri_70,extreme,1400,0.9657,0.7714,0.9656,0.9921,0.0329,0.0671,0.1614,0.0586,0.7323,none
35b_a3b_moe,base,healthy_q8,stability_first_tri_70,high,1400,0.9614,0.825,0.9686,0.9893,0.0314,0.0429,0.1121,0.0593,0.7951,none
35b_a3b_moe,base,healthy_q8,stability_first_tri_70,low,1400,0.9486,0.8729,0.9787,0.9921,0.0114,0.0193,0.0629,0.0414,0.8585,none
35b_a3b_moe,base,healthy_q8,stability_first_tri_70,medium,1400,0.9664,0.8557,0.9768,0.9871,0.0171,0.0357,0.0864,0.0421,0.8344,none
35b_a3b_moe,degraded_instruct,collapsed_q2_edge,cognitive_structural_25_75,extreme,1400,0.2164,0.12,0.4779,0.6979,0.2679,0.0414,0.6014,2.07,-0.1203,primitive_gap
35b_a3b_moe,degraded_instruct,collapsed_q2_edge,cognitive_structural_25_75,high,1400,0.2621,0.2171,0.5174,0.7507,0.255,0.025,0.3879,1.7193,0.0186,cascade
35b_a3b_moe,degraded_instruct,collapsed_q2_edge,cognitive_structural_25_75,low,1400,0.3536,0.2864,0.6889,0.8364,0.1114,0.0136,0.215,0.825,0.1918,none
35b_a3b_moe,degraded_instruct,collapsed_q2_edge,cognitive_structural_25_75,medium,1400,0.3521,0.2986,0.6056,0.7607,0.1736,0.0164,0.29,1.3036,0.1548,none
35b_a3b_moe,degraded_instruct,collapsed_q2_edge,cyber_structural_25_75,extreme,1400,0.2514,0.1271,0.5151,0.7014,0.2564,0.065,0.5764,1.8529,-0.1015,cascade
35b_a3b_moe,degraded_instruct,collapsed_q2_edge,cyber_structural_25_75,high,1400,0.3293,0.2486,0.5533,0.7429,0.205,0.0407,0.3914,1.5821,0.0685,none
35b_a3b_moe,degraded_instruct,collapsed_q2_edge,cyber_structural_25_75,low,1400,0.3829,0.3029,0.6948,0.8157,0.1179,0.0286,0.2057,0.7814,0.2063,none
35b_a3b_moe,degraded_instruct,collapsed_q2_edge,cyber_structural_25_75,medium,1400,0.3979,0.3229,0.6275,0.785,0.1643,0.0329,0.2814,1.24,0.1825,none
35b_a3b_moe,degraded_instruct,collapsed_q2_edge,q2_structural_amplifier,extreme,1400,0.665,0.2607,0.796,0.8336,0.1457,0.3536,0.61,0.2693,0.084,distractor_capture
35b_a3b_moe,degraded_instruct,collapsed_q2_edge,q2_structural_amplifier,high,1400,0.7343,0.3486,0.8435,0.8957,0.14,0.3157,0.3929,0.1893,0.2025,none
35b_a3b_moe,degraded_instruct,collapsed_q2_edge,q2_structural_amplifier,low,1400,0.8457,0.5264,0.9095,0.9307,0.0907,0.2164,0.2421,0.0479,0.4342,none
35b_a3b_moe,degraded_instruct,collapsed_q2_edge,q2_structural_amplifier,medium,1400,0.8329,0.4557,0.887,0.91,0.0936,0.2629,0.3214,0.0993,0.3444,none
35b_a3b_moe,degraded_instruct,collapsed_q2_edge,routed_tri_structural_60,extreme,1400,0.3821,0.2029,0.6003,0.7864,0.2314,0.0771,0.5707,1.4707,-0.0012,cascade
35b_a3b_moe,degraded_instruct,collapsed_q2_edge,routed_tri_structural_60,high,1400,0.4057,0.2964,0.6321,0.8264,0.2029,0.0521,0.3771,1.2514,0.1324,none
35b_a3b_moe,degraded_instruct,collapsed_q2_edge,routed_tri_structural_60,low,1400,0.5129,0.4007,0.7755,0.8807,0.0986,0.035,0.2171,0.5464,0.3194,none
35b_a3b_moe,degraded_instruct,collapsed_q2_edge,routed_tri_structural_60,medium,1400,0.4986,0.4093,0.71,0.8679,0.1593,0.0421,0.2971,0.9279,0.2829,none
35b_a3b_moe,degraded_instruct,collapsed_q2_edge,routed_tri_structural_65,extreme,1400,0.3986,0.2193,0.6213,0.7857,0.2229,0.08,0.5993,1.3464,0.0212,cascade
35b_a3b_moe,degraded_instruct,collapsed_q2_edge,routed_tri_structural_65,high,1400,0.4657,0.3421,0.6699,0.8257,0.18,0.0507,0.385,1.0829,0.1931,none
35b_a3b_moe,degraded_instruct,collapsed_q2_edge,routed_tri_structural_65,low,1400,0.5871,0.4564,0.8061,0.8743,0.0807,0.0236,0.2207,0.455,0.3871,none
35b_a3b_moe,degraded_instruct,collapsed_q2_edge,routed_tri_structural_65,medium,1400,0.5714,0.4493,0.7461,0.8543,0.1407,0.0486,0.2729,0.7693,0.3371,none
35b_a3b_moe,degraded_instruct,collapsed_q2_edge,stability_first_tri_70,extreme,1400,0.4443,0.2564,0.657,0.7943,0.2014,0.0629,0.5643,1.1807,0.0793,none
35b_a3b_moe,degraded_instruct,collapsed_q2_edge,stability_first_tri_70,high,1400,0.5014,0.3664,0.692,0.8493,0.1771,0.0479,0.3971,0.9871,0.2226,none
35b_a3b_moe,degraded_instruct,collapsed_q2_edge,stability_first_tri_70,low,1400,0.6321,0.5143,0.833,0.89,0.0843,0.0171,0.2014,0.3714,0.4509,none
35b_a3b_moe,degraded_instruct,collapsed_q2_edge,stability_first_tri_70,medium,1400,0.5964,0.475,0.7666,0.8529,0.1293,0.0357,0.2686,0.685,0.3733,none
35b_a3b_moe,degraded_instruct,damaged_q2,cognitive_structural_25_75,extreme,1400,0.5564,0.3357,0.7234,0.8436,0.1743,0.0443,0.5079,0.9193,0.188,none
35b_a3b_moe,degraded_instruct,damaged_q2,cognitive_structural_25_75,high,1400,0.61,0.4593,0.7591,0.885,0.145,0.0164,0.3543,0.7564,0.3463,none
35b_a3b_moe,degraded_instruct,damaged_q2,cognitive_structural_25_75,low,1400,0.7221,0.6014,0.8844,0.9336,0.0586,0.0114,0.1757,0.255,0.5548,none
35b_a3b_moe,degraded_instruct,damaged_q2,cognitive_structural_25_75,medium,1400,0.6836,0.5607,0.8261,0.91,0.0879,0.0121,0.2507,0.5243,0.4857,none
35b_a3b_moe,degraded_instruct,damaged_q2,cyber_structural_25_75,extreme,1400,0.6257,0.3843,0.7607,0.8343,0.1443,0.0607,0.4443,0.7536,0.2556,none
35b_a3b_moe,degraded_instruct,damaged_q2,cyber_structural_25_75,high,1400,0.6293,0.4707,0.7668,0.8679,0.1357,0.0393,0.3179,0.7136,0.361,none
35b_a3b_moe,degraded_instruct,damaged_q2,cyber_structural_25_75,low,1400,0.7057,0.585,0.8656,0.8871,0.0657,0.0164,0.1679,0.2786,0.5346,none
35b_a3b_moe,degraded_instruct,damaged_q2,cyber_structural_25_75,medium,1400,0.6393,0.5157,0.7993,0.8636,0.1236,0.0243,0.2429,0.5529,0.4267,none
35b_a3b_moe,degraded_instruct,damaged_q2,q2_structural_amplifier,extreme,1400,0.8279,0.3207,0.869,0.9471,0.115,0.3636,0.5029,0.0693,0.1698,distractor_capture
35b_a3b_moe,degraded_instruct,damaged_q2,q2_structural_amplifier,high,1400,0.8536,0.4279,0.8984,0.9693,0.11,0.3021,0.3529,0.0621,0.3031,none
35b_a3b_moe,degraded_instruct,damaged_q2,q2_structural_amplifier,low,1400,0.9029,0.5721,0.9391,0.9886,0.0614,0.205,0.2043,0.0321,0.4948,none
35b_a3b_moe,degraded_instruct,damaged_q2,q2_structural_amplifier,medium,1400,0.8879,0.5021,0.9198,0.9807,0.0864,0.2586,0.2643,0.0479,0.401,none
35b_a3b_moe,degraded_instruct,damaged_q2,routed_tri_structural_60,extreme,1400,0.7264,0.4036,0.8222,0.885,0.1471,0.0679,0.5,0.4257,0.2846,none
35b_a3b_moe,degraded_instruct,damaged_q2,routed_tri_structural_60,high,1400,0.6979,0.5057,0.8283,0.9014,0.1314,0.0464,0.3486,0.4286,0.4077,none
35b_a3b_moe,degraded_instruct,damaged_q2,routed_tri_structural_60,low,1400,0.8521,0.6843,0.9337,0.9693,0.055,0.0257,0.1807,0.1079,0.6428,none
35b_a3b_moe,degraded_instruct,damaged_q2,routed_tri_structural_60,medium,1400,0.7936,0.6086,0.8865,0.9407,0.0957,0.0521,0.2371,0.26,0.5375,none
35b_a3b_moe,degraded_instruct,damaged_q2,routed_tri_structural_65,extreme,1400,0.7664,0.4357,0.8474,0.905,0.1364,0.0757,0.495,0.3193,0.3241,none
35b_a3b_moe,degraded_instruct,damaged_q2,routed_tri_structural_65,high,1400,0.7771,0.5471,0.8617,0.9157,0.095,0.0471,0.3386,0.335,0.4654,none
35b_a3b_moe,degraded_instruct,damaged_q2,routed_tri_structural_65,low,1400,0.8936,0.7243,0.9488,0.9707,0.0557,0.0243,0.18,0.0564,0.6855,none
35b_a3b_moe,degraded_instruct,damaged_q2,routed_tri_structural_65,medium,1400,0.825,0.6371,0.9036,0.9343,0.0864,0.0414,0.2307,0.1893,0.575,none
35b_a3b_moe,degraded_instruct,damaged_q2,stability_first_tri_70,extreme,1400,0.7814,0.4443,0.8625,0.905,0.1314,0.0629,0.4807,0.2471,0.3415,none
35b_a3b_moe,degraded_instruct,damaged_q2,stability_first_tri_70,high,1400,0.8,0.5614,0.8814,0.9314,0.1107,0.0457,0.33,0.2329,0.481,none
35b_a3b_moe,degraded_instruct,damaged_q2,stability_first_tri_70,low,1400,0.905,0.7443,0.9532,0.9764,0.055,0.0264,0.16,0.0479,0.7073,none
35b_a3b_moe,degraded_instruct,damaged_q2,stability_first_tri_70,medium,1400,0.8636,0.6593,0.9232,0.9586,0.0843,0.0286,0.2321,0.1229,0.6036,none
35b_a3b_moe,degraded_instruct,damaged_q3,cognitive_structural_25_75,extreme,1400,0.8979,0.5864,0.9327,0.9886,0.0907,0.0479,0.365,0.0614,0.5174,none
35b_a3b_moe,degraded_instruct,damaged_q3,cognitive_structural_25_75,high,1400,0.9086,0.7214,0.9471,0.9857,0.08,0.02,0.2086,0.0536,0.6741,none
35b_a3b_moe,degraded_instruct,damaged_q3,cognitive_structural_25_75,low,1400,0.9264,0.7943,0.9656,0.9907,0.0343,0.0093,0.1479,0.0407,0.7683,none
35b_a3b_moe,degraded_instruct,damaged_q3,cognitive_structural_25_75,medium,1400,0.9379,0.7643,0.9612,0.99,0.0457,0.0271,0.1821,0.0464,0.7282,none
35b_a3b_moe,degraded_instruct,damaged_q3,cyber_structural_25_75,extreme,1400,0.8993,0.6071,0.9325,0.9714,0.0879,0.0714,0.3093,0.0629,0.5386,none
35b_a3b_moe,degraded_instruct,damaged_q3,cyber_structural_25_75,high,1400,0.9136,0.7007,0.9473,0.9843,0.0729,0.035,0.2264,0.0557,0.651,none
35b_a3b_moe,degraded_instruct,damaged_q3,cyber_structural_25_75,low,1400,0.9364,0.8043,0.9704,0.9921,0.0286,0.0136,0.1314,0.035,0.7807,none
35b_a3b_moe,degraded_instruct,damaged_q3,cyber_structural_25_75,medium,1400,0.9329,0.7793,0.9579,0.9886,0.0557,0.0293,0.15,0.0579,0.7418,none
35b_a3b_moe,degraded_instruct,damaged_q3,q2_structural_amplifier,extreme,1400,0.8714,0.365,0.8942,0.9929,0.1,0.3829,0.3671,0.055,0.2263,none
35b_a3b_moe,degraded_instruct,damaged_q3,q2_structural_amplifier,high,1400,0.895,0.485,0.9211,0.9907,0.0836,0.3136,0.2379,0.0479,0.3758,none
35b_a3b_moe,degraded_instruct,damaged_q3,q2_structural_amplifier,low,1400,0.9107,0.59,0.9416,0.9936,0.0543,0.2264,0.1736,0.0357,0.5128,none
35b_a3b_moe,degraded_instruct,damaged_q3,q2_structural_amplifier,medium,1400,0.9093,0.5271,0.9298,0.9914,0.0636,0.2693,0.2207,0.0557,0.4338,none
35b_a3b_moe,degraded_instruct,damaged_q3,routed_tri_structural_60,extreme,1400,0.8914,0.5886,0.9304,0.9871,0.0943,0.075,0.3257,0.0757,0.5154,none
35b_a3b_moe,degraded_instruct,damaged_q3,routed_tri_structural_60,high,1400,0.9171,0.6943,0.9503,0.9879,0.0707,0.0571,0.2229,0.05,0.6413,none
35b_a3b_moe,degraded_instruct,damaged_q3,routed_tri_structural_60,low,1400,0.9257,0.7914,0.9669,0.9871,0.0414,0.0321,0.12,0.0336,0.7613,none
35b_a3b_moe,degraded_instruct,damaged_q3,routed_tri_structural_60,medium,1400,0.9457,0.7614,0.9629,0.9893,0.045,0.0286,0.1807,0.0393,0.7258,none
35b_a3b_moe,degraded_instruct,damaged_q3,routed_tri_structural_65,extreme,1400,0.9057,0.5986,0.9357,0.9921,0.0871,0.0714,0.3379,0.0621,0.528,none
35b_a3b_moe,degraded_instruct,damaged_q3,routed_tri_structural_65,high,1400,0.9157,0.6829,0.9485,0.9936,0.075,0.0493,0.2393,0.0521,0.6288,none
35b_a3b_moe,degraded_instruct,damaged_q3,routed_tri_structural_65,low,1400,0.94,0.8064,0.9714,0.9921,0.035,0.0307,0.1193,0.0271,0.7789,none
35b_a3b_moe,degraded_instruct,damaged_q3,routed_tri_structural_65,medium,1400,0.9236,0.7493,0.9572,0.99,0.0614,0.0421,0.1679,0.0471,0.7066,none
35b_a3b_moe,degraded_instruct,damaged_q3,stability_first_tri_70,extreme,1400,0.905,0.6007,0.9373,0.9907,0.0793,0.0743,0.3307,0.065,0.5324,none
35b_a3b_moe,degraded_instruct,damaged_q3,stability_first_tri_70,high,1400,0.9279,0.6793,0.9496,0.985,0.0607,0.045,0.2543,0.055,0.629,none
35b_a3b_moe,degraded_instruct,damaged_q3,stability_first_tri_70,low,1400,0.9314,0.8,0.9684,0.99,0.03,0.02,0.1293,0.0393,0.7747,none
35b_a3b_moe,degraded_instruct,damaged_q3,stability_first_tri_70,medium,1400,0.9207,0.7736,0.9564,0.9921,0.0614,0.0343,0.145,0.0614,0.7336,none
35b_a3b_moe,degraded_instruct,damaged_q4,cognitive_structural_25_75,extreme,1400,0.9314,0.655,0.9497,0.9893,0.0579,0.0514,0.285,0.0529,0.6019,none
35b_a3b_moe,degraded_instruct,damaged_q4,cognitive_structural_25_75,high,1400,0.9357,0.755,0.9574,0.9893,0.0536,0.0157,0.1979,0.0514,0.7174,none
35b_a3b_moe,degraded_instruct,damaged_q4,cognitive_structural_25_75,low,1400,0.9329,0.8343,0.97,0.99,0.0286,0.0121,0.1014,0.0429,0.813,none
35b_a3b_moe,degraded_instruct,damaged_q4,cognitive_structural_25_75,medium,1400,0.9371,0.7871,0.9624,0.9893,0.0493,0.0214,0.1514,0.045,0.7537,none
35b_a3b_moe,degraded_instruct,damaged_q4,cyber_structural_25_75,extreme,1400,0.93,0.6621,0.9507,0.9929,0.0643,0.0586,0.2636,0.0471,0.6077,none
35b_a3b_moe,degraded_instruct,damaged_q4,cyber_structural_25_75,high,1400,0.9414,0.7586,0.9603,0.9893,0.0471,0.0421,0.1764,0.0543,0.7192,none
35b_a3b_moe,degraded_instruct,damaged_q4,cyber_structural_25_75,low,1400,0.9364,0.815,0.9713,0.9907,0.0329,0.0229,0.1107,0.0329,0.7901,none
35b_a3b_moe,degraded_instruct,damaged_q4,cyber_structural_25_75,medium,1400,0.9407,0.7986,0.9643,0.9879,0.0436,0.03,0.1336,0.0493,0.7663,none
35b_a3b_moe,degraded_instruct,damaged_q4,q2_structural_amplifier,extreme,1400,0.8843,0.3936,0.9011,0.9857,0.0857,0.3729,0.3336,0.0471,0.2642,none
35b_a3b_moe,degraded_instruct,damaged_q4,q2_structural_amplifier,high,1400,0.9014,0.5014,0.9261,0.9921,0.0636,0.2943,0.2371,0.065,0.4013,none
35b_a3b_moe,degraded_instruct,damaged_q4,q2_structural_amplifier,low,1400,0.9057,0.625,0.9439,0.9886,0.0464,0.2071,0.145,0.045,0.5558,none
35b_a3b_moe,degraded_instruct,damaged_q4,q2_structural_amplifier,medium,1400,0.9264,0.5521,0.9385,0.9914,0.0493,0.2821,0.1843,0.0421,0.4641,none
35b_a3b_moe,degraded_instruct,damaged_q4,routed_tri_structural_60,extreme,1400,0.9214,0.645,0.9448,0.9929,0.0679,0.0743,0.2757,0.0693,0.5843,none
35b_a3b_moe,degraded_instruct,damaged_q4,routed_tri_structural_60,high,1400,0.9293,0.7229,0.9557,0.9943,0.0643,0.0514,0.1914,0.0507,0.6754,none
35b_a3b_moe,degraded_instruct,damaged_q4,routed_tri_structural_60,low,1400,0.9343,0.8164,0.9719,0.9943,0.0293,0.03,0.1014,0.0386,0.7916,none
35b_a3b_moe,degraded_instruct,damaged_q4,routed_tri_structural_60,medium,1400,0.9379,0.7764,0.9614,0.9886,0.045,0.0493,0.1421,0.0586,0.7388,none
35b_a3b_moe,degraded_instruct,damaged_q4,routed_tri_structural_65,extreme,1400,0.9343,0.6664,0.9502,0.99,0.0579,0.0729,0.2643,0.0564,0.6105,none
35b_a3b_moe,degraded_instruct,damaged_q4,routed_tri_structural_65,high,1400,0.9414,0.745,0.9583,0.9857,0.0507,0.0407,0.1857,0.0507,0.7042,none
35b_a3b_moe,degraded_instruct,damaged_q4,routed_tri_structural_65,low,1400,0.9429,0.8379,0.9737,0.9886,0.0257,0.02,0.0986,0.0321,0.8167,none
35b_a3b_moe,degraded_instruct,damaged_q4,routed_tri_structural_65,medium,1400,0.9507,0.7993,0.9676,0.99,0.0393,0.0393,0.1329,0.0429,0.7669,none
35b_a3b_moe,degraded_instruct,damaged_q4,stability_first_tri_70,extreme,1400,0.9243,0.6414,0.9468,0.9907,0.0679,0.085,0.2643,0.0593,0.58,none
35b_a3b_moe,degraded_instruct,damaged_q4,stability_first_tri_70,high,1400,0.9279,0.7236,0.9557,0.9879,0.06,0.0421,0.2007,0.0471,0.6787,none
35b_a3b_moe,degraded_instruct,damaged_q4,stability_first_tri_70,low,1400,0.9314,0.8243,0.9717,0.9929,0.035,0.0307,0.0929,0.035,0.7985,none
35b_a3b_moe,degraded_instruct,damaged_q4,stability_first_tri_70,medium,1400,0.9521,0.7957,0.9664,0.9871,0.0364,0.0371,0.1379,0.0479,0.7639,none
35b_a3b_moe,degraded_instruct,healthy_q6,cognitive_structural_25_75,extreme,1400,0.9464,0.7293,0.9571,0.9936,0.0471,0.0436,0.2157,0.0629,0.686,none
35b_a3b_moe,degraded_instruct,healthy_q6,cognitive_structural_25_75,high,1400,0.9621,0.81,0.9711,0.995,0.035,0.0257,0.1379,0.0379,0.7814,none
35b_a3b_moe,degraded_instruct,healthy_q6,cognitive_structural_25_75,low,1400,0.9329,0.8443,0.9711,0.9921,0.0271,0.0086,0.0886,0.0443,0.8251,none
35b_a3b_moe,degraded_instruct,healthy_q6,cognitive_structural_25_75,medium,1400,0.9593,0.8579,0.9728,0.99,0.0314,0.0157,0.095,0.0414,0.8356,none
35b_a3b_moe,degraded_instruct,healthy_q6,cyber_structural_25_75,extreme,1400,0.9421,0.7429,0.9581,0.9893,0.0514,0.0536,0.1921,0.055,0.6986,none
35b_a3b_moe,degraded_instruct,healthy_q6,cyber_structural_25_75,high,1400,0.955,0.805,0.966,0.99,0.0393,0.0307,0.1407,0.0507,0.7733,none
35b_a3b_moe,degraded_instruct,healthy_q6,cyber_structural_25_75,low,1400,0.9493,0.8393,0.9764,0.9943,0.0243,0.0236,0.0971,0.0271,0.8182,none
35b_a3b_moe,degraded_instruct,healthy_q6,cyber_structural_25_75,medium,1400,0.9536,0.8479,0.9714,0.99,0.0264,0.0293,0.095,0.055,0.8237,none
35b_a3b_moe,degraded_instruct,healthy_q6,q2_structural_amplifier,extreme,1400,0.9107,0.44,0.9117,0.9921,0.0614,0.3779,0.2743,0.06,0.3211,none
35b_a3b_moe,degraded_instruct,healthy_q6,q2_structural_amplifier,high,1400,0.9243,0.5193,0.931,0.9886,0.0536,0.3136,0.2093,0.0529,0.4211,none
35b_a3b_moe,degraded_instruct,healthy_q6,q2_structural_amplifier,low,1400,0.9143,0.6321,0.947,0.9914,0.0429,0.2121,0.1271,0.0436,0.5645,none
35b_a3b_moe,degraded_instruct,healthy_q6,q2_structural_amplifier,medium,1400,0.9236,0.5886,0.9401,0.9914,0.045,0.27,0.1421,0.06,0.5067,none
35b_a3b_moe,degraded_instruct,healthy_q6,routed_tri_structural_60,extreme,1400,0.9507,0.6921,0.9573,0.995,0.0464,0.0779,0.2171,0.0629,0.6421,none
35b_a3b_moe,degraded_instruct,healthy_q6,routed_tri_structural_60,high,1400,0.9571,0.7879,0.9682,0.9943,0.0357,0.0614,0.1371,0.0514,0.7513,none
35b_a3b_moe,degraded_instruct,healthy_q6,routed_tri_structural_60,low,1400,0.9443,0.835,0.9759,0.9879,0.0164,0.0371,0.085,0.0386,0.8139,none
35b_a3b_moe,degraded_instruct,healthy_q6,routed_tri_structural_60,medium,1400,0.9621,0.8286,0.9723,0.9921,0.0307,0.0371,0.11,0.0421,0.801,none
35b_a3b_moe,degraded_instruct,healthy_q6,routed_tri_structural_65,extreme,1400,0.9507,0.7036,0.9557,0.99,0.0443,0.0829,0.2064,0.07,0.6537,none
35b_a3b_moe,degraded_instruct,healthy_q6,routed_tri_structural_65,high,1400,0.96,0.7743,0.969,0.99,0.0336,0.0543,0.1571,0.0379,0.7389,none
35b_a3b_moe,degraded_instruct,healthy_q6,routed_tri_structural_65,low,1400,0.9486,0.8471,0.9765,0.9886,0.0157,0.025,0.0886,0.0357,0.8286,none
35b_a3b_moe,degraded_instruct,healthy_q6,routed_tri_structural_65,medium,1400,0.9507,0.8136,0.9705,0.9936,0.0321,0.0443,0.1114,0.0493,0.7837,none
35b_a3b_moe,degraded_instruct,healthy_q6,stability_first_tri_70,extreme,1400,0.9493,0.7186,0.9578,0.9864,0.0371,0.0714,0.2064,0.07,0.6731,none
35b_a3b_moe,degraded_instruct,healthy_q6,stability_first_tri_70,high,1400,0.9514,0.7843,0.9663,0.9929,0.04,0.0543,0.1386,0.0521,0.7477,none
35b_a3b_moe,degraded_instruct,healthy_q6,stability_first_tri_70,low,1400,0.9486,0.8571,0.9765,0.9893,0.0193,0.0229,0.0779,0.0343,0.8388,none
35b_a3b_moe,degraded_instruct,healthy_q6,stability_first_tri_70,medium,1400,0.9621,0.8286,0.9729,0.99,0.0214,0.04,0.1107,0.05,0.8028,none
35b_a3b_moe,degraded_instruct,healthy_q8,cognitive_structural_25_75,extreme,1400,0.9579,0.7743,0.9644,0.9921,0.0357,0.0464,0.1671,0.0607,0.7379,none
35b_a3b_moe,degraded_instruct,healthy_q8,cognitive_structural_25_75,high,1400,0.97,0.8314,0.9719,0.9936,0.0243,0.0236,0.1257,0.0536,0.8067,none
35b_a3b_moe,degraded_instruct,healthy_q8,cognitive_structural_25_75,low,1400,0.9493,0.8736,0.9796,0.9929,0.0114,0.0171,0.0643,0.0386,0.8596,none
35b_a3b_moe,degraded_instruct,healthy_q8,cognitive_structural_25_75,medium,1400,0.9707,0.8707,0.9756,0.9879,0.0143,0.0214,0.0929,0.0521,0.8521,none
35b_a3b_moe,degraded_instruct,healthy_q8,cyber_structural_25_75,extreme,1400,0.9564,0.7629,0.9627,0.9843,0.035,0.06,0.1629,0.0621,0.7242,none
35b_a3b_moe,degraded_instruct,healthy_q8,cyber_structural_25_75,high,1400,0.9693,0.8193,0.9705,0.9871,0.0221,0.0293,0.1386,0.0529,0.7931,none
35b_a3b_moe,degraded_instruct,healthy_q8,cyber_structural_25_75,low,1400,0.9507,0.8686,0.9782,0.9879,0.0114,0.0221,0.0693,0.0379,0.8533,none
35b_a3b_moe,degraded_instruct,healthy_q8,cyber_structural_25_75,medium,1400,0.9786,0.8714,0.9775,0.9886,0.0114,0.0279,0.0893,0.0493,0.8528,none
35b_a3b_moe,degraded_instruct,healthy_q8,q2_structural_amplifier,extreme,1400,0.8993,0.4743,0.9152,0.9929,0.0714,0.3457,0.2379,0.0579,0.3618,none
35b_a3b_moe,degraded_instruct,healthy_q8,q2_structural_amplifier,high,1400,0.9321,0.5629,0.938,0.9914,0.0457,0.2936,0.1829,0.05,0.4733,none
35b_a3b_moe,degraded_instruct,healthy_q8,q2_structural_amplifier,low,1400,0.9236,0.6279,0.9503,0.9907,0.04,0.22,0.1264,0.0329,0.5601,none
35b_a3b_moe,degraded_instruct,healthy_q8,q2_structural_amplifier,medium,1400,0.9343,0.5921,0.9433,0.9929,0.035,0.2664,0.1514,0.0586,0.5133,none
35b_a3b_moe,degraded_instruct,healthy_q8,routed_tri_structural_60,extreme,1400,0.96,0.7329,0.9614,0.9936,0.0364,0.0743,0.195,0.0607,0.6884,none
35b_a3b_moe,degraded_instruct,healthy_q8,routed_tri_structural_60,high,1400,0.9614,0.8186,0.9709,0.9879,0.03,0.0471,0.1243,0.0436,0.788,none
35b_a3b_moe,degraded_instruct,healthy_q8,routed_tri_structural_60,low,1400,0.9521,0.8493,0.9786,0.9871,0.0129,0.0407,0.0686,0.0357,0.83,none
35b_a3b_moe,degraded_instruct,healthy_q8,routed_tri_structural_60,medium,1400,0.9707,0.8507,0.976,0.9921,0.0193,0.0343,0.1,0.0457,0.8278,none
35b_a3b_moe,degraded_instruct,healthy_q8,routed_tri_structural_65,extreme,1400,0.965,0.7521,0.9648,0.99,0.03,0.0779,0.1707,0.0607,0.7109,none
35b_a3b_moe,degraded_instruct,healthy_q8,routed_tri_structural_65,high,1400,0.9621,0.8157,0.9701,0.99,0.0329,0.0421,0.1193,0.0479,0.7855,none
35b_a3b_moe,degraded_instruct,healthy_q8,routed_tri_structural_65,low,1400,0.95,0.8536,0.9786,0.99,0.015,0.0236,0.0843,0.0314,0.836,none
35b_a3b_moe,degraded_instruct,healthy_q8,routed_tri_structural_65,medium,1400,0.96,0.825,0.9738,0.9914,0.0257,0.0593,0.0886,0.0493,0.7959,none
35b_a3b_moe,degraded_instruct,healthy_q8,stability_first_tri_70,extreme,1400,0.9571,0.7607,0.9627,0.9914,0.035,0.0657,0.1679,0.0679,0.7202,none
35b_a3b_moe,degraded_instruct,healthy_q8,stability_first_tri_70,high,1400,0.96,0.8179,0.9684,0.99,0.0343,0.0479,0.1136,0.0564,0.7861,none
35b_a3b_moe,degraded_instruct,healthy_q8,stability_first_tri_70,low,1400,0.9679,0.8779,0.9832,0.9886,0.0086,0.0236,0.07,0.0243,0.8638,none
35b_a3b_moe,degraded_instruct,healthy_q8,stability_first_tri_70,medium,1400,0.9721,0.8671,0.9784,0.9907,0.0157,0.0371,0.0793,0.0436,0.8465,none
35b_a3b_moe,instruct,collapsed_q2_edge,cognitive_structural_25_75,extreme,1400,0.1536,0.0943,0.4048,0.6443,0.3121,0.0371,0.6021,2.415,-0.1757,cascade
35b_a3b_moe,instruct,collapsed_q2_edge,cognitive_structural_25_75,high,1400,0.1914,0.1514,0.4617,0.6957,0.2314,0.0121,0.4271,2.0029,-0.0547,primitive_gap
35b_a3b_moe,instruct,collapsed_q2_edge,cognitive_structural_25_75,low,1400,0.3371,0.2636,0.6503,0.7871,0.11,0.005,0.2114,0.9393,0.1657,none
35b_a3b_moe,instruct,collapsed_q2_edge,cognitive_structural_25_75,medium,1400,0.285,0.2471,0.5481,0.7371,0.1921,0.0136,0.2829,1.5543,0.0864,none
35b_a3b_moe,instruct,collapsed_q2_edge,cyber_structural_25_75,extreme,1400,0.1907,0.1086,0.4514,0.6671,0.2907,0.045,0.5914,2.1771,-0.1438,cascade
35b_a3b_moe,instruct,collapsed_q2_edge,cyber_structural_25_75,high,1400,0.2407,0.1893,0.4869,0.725,0.2514,0.0207,0.3843,1.8629,-0.0142,primitive_gap
35b_a3b_moe,instruct,collapsed_q2_edge,cyber_structural_25_75,low,1400,0.335,0.2693,0.6556,0.815,0.11,0.0121,0.2129,0.9329,0.1702,none
35b_a3b_moe,instruct,collapsed_q2_edge,cyber_structural_25_75,medium,1400,0.3307,0.2721,0.5695,0.7357,0.1786,0.0221,0.2836,1.4657,0.1182,none
35b_a3b_moe,instruct,collapsed_q2_edge,q2_structural_amplifier,extreme,1400,0.5957,0.2207,0.7432,0.7771,0.1736,0.3471,0.6421,0.4457,0.0256,distractor_capture
35b_a3b_moe,instruct,collapsed_q2_edge,q2_structural_amplifier,high,1400,0.6364,0.3407,0.7772,0.8121,0.1486,0.2907,0.4057,0.4236,0.1844,none
35b_a3b_moe,instruct,collapsed_q2_edge,q2_structural_amplifier,low,1400,0.8186,0.4929,0.8915,0.8993,0.0821,0.2029,0.2636,0.0964,0.4017,none
35b_a3b_moe,instruct,collapsed_q2_edge,q2_structural_amplifier,medium,1400,0.6936,0.4064,0.8251,0.8329,0.1264,0.2336,0.3393,0.2721,0.281,none
35b_a3b_moe,instruct,collapsed_q2_edge,routed_tri_structural_60,extreme,1400,0.24,0.1279,0.5047,0.7036,0.2521,0.0693,0.595,1.9243,-0.1055,primitive_gap
35b_a3b_moe,instruct,collapsed_q2_edge,routed_tri_structural_60,high,1400,0.3243,0.2386,0.5529,0.7457,0.2229,0.0393,0.4143,1.5757,0.0519,none
35b_a3b_moe,instruct,collapsed_q2_edge,routed_tri_structural_60,low,1400,0.4114,0.32,0.7059,0.8221,0.1057,0.0257,0.2271,0.7564,0.2272,none
35b_a3b_moe,instruct,collapsed_q2_edge,routed_tri_structural_60,medium,1400,0.3879,0.3086,0.6252,0.7893,0.1771,0.04,0.2864,1.2457,0.1622,none
35b_a3b_moe,instruct,collapsed_q2_edge,routed_tri_structural_65,extreme,1400,0.285,0.1614,0.5306,0.7321,0.2686,0.0714,0.5893,1.7507,-0.0681,cascade
35b_a3b_moe,instruct,collapsed_q2_edge,routed_tri_structural_65,high,1400,0.3571,0.2636,0.5837,0.7629,0.2043,0.0379,0.3879,1.4386,0.0918,none
35b_a3b_moe,instruct,collapsed_q2_edge,routed_tri_structural_65,low,1400,0.4571,0.3671,0.742,0.8443,0.0979,0.025,0.2257,0.6379,0.2828,none
35b_a3b_moe,instruct,collapsed_q2_edge,routed_tri_structural_65,medium,1400,0.4364,0.345,0.6646,0.8071,0.1493,0.0329,0.2921,1.1014,0.2152,none
35b_a3b_moe,instruct,collapsed_q2_edge,stability_first_tri_70,extreme,1400,0.3136,0.1764,0.567,0.7357,0.2443,0.0593,0.5986,1.5679,-0.035,cascade
35b_a3b_moe,instruct,collapsed_q2_edge,stability_first_tri_70,high,1400,0.3693,0.2807,0.6134,0.7857,0.2129,0.0343,0.4,1.2907,0.1135,none
35b_a3b_moe,instruct,collapsed_q2_edge,stability_first_tri_70,low,1400,0.5114,0.4057,0.772,0.8664,0.0986,0.0171,0.2079,0.56,0.3281,none
35b_a3b_moe,instruct,collapsed_q2_edge,stability_first_tri_70,medium,1400,0.505,0.4014,0.7078,0.8257,0.1407,0.0264,0.3064,0.9164,0.2836,none
35b_a3b_moe,instruct,damaged_q2,cognitive_structural_25_75,extreme,1400,0.465,0.2729,0.6623,0.8107,0.1814,0.0507,0.5286,1.2307,0.1045,none
35b_a3b_moe,instruct,damaged_q2,cognitive_structural_25_75,high,1400,0.5193,0.39,0.7027,0.8343,0.1514,0.0207,0.3664,0.9779,0.2622,none
35b_a3b_moe,instruct,damaged_q2,cognitive_structural_25_75,low,1400,0.6021,0.4971,0.8291,0.9143,0.0779,0.0086,0.1829,0.4214,0.4364,none
35b_a3b_moe,instruct,damaged_q2,cognitive_structural_25_75,medium,1400,0.6036,0.505,0.7713,0.8843,0.1129,0.01,0.2564,0.7236,0.4124,none
35b_a3b_moe,instruct,damaged_q2,cyber_structural_25_75,extreme,1400,0.4886,0.2843,0.6844,0.8,0.1914,0.0514,0.4836,1.0729,0.1242,none
35b_a3b_moe,instruct,damaged_q2,cyber_structural_25_75,high,1400,0.5179,0.39,0.7073,0.8279,0.16,0.025,0.3264,0.9357,0.2641,none
35b_a3b_moe,instruct,damaged_q2,cyber_structural_25_75,low,1400,0.6136,0.5107,0.824,0.8729,0.0743,0.0107,0.1771,0.4093,0.4516,none
35b_a3b_moe,instruct,damaged_q2,cyber_structural_25_75,medium,1400,0.6086,0.4893,0.7815,0.8564,0.13,0.0186,0.2557,0.6229,0.395,none
35b_a3b_moe,instruct,damaged_q2,q2_structural_amplifier,extreme,1400,0.765,0.2843,0.8421,0.88,0.1379,0.3543,0.5457,0.0886,0.124,distractor_capture
35b_a3b_moe,instruct,damaged_q2,q2_structural_amplifier,high,1400,0.8243,0.3843,0.8818,0.9164,0.1043,0.2893,0.4171,0.0771,0.2579,none
35b_a3b_moe,instruct,damaged_q2,q2_structural_amplifier,low,1400,0.89,0.6,0.9309,0.9664,0.0643,0.1929,0.2121,0.0407,0.5231,none
35b_a3b_moe,instruct,damaged_q2,q2_structural_amplifier,medium,1400,0.8564,0.51,0.9085,0.94,0.0929,0.24,0.26,0.0579,0.4105,none
35b_a3b_moe,instruct,damaged_q2,routed_tri_structural_60,extreme,1400,0.5914,0.3593,0.7457,0.8571,0.1914,0.0636,0.5164,0.7543,0.2101,none
35b_a3b_moe,instruct,damaged_q2,routed_tri_structural_60,high,1400,0.6386,0.4614,0.7756,0.8771,0.1464,0.0479,0.3479,0.6536,0.3474,none
35b_a3b_moe,instruct,damaged_q2,routed_tri_structural_60,low,1400,0.745,0.6079,0.8899,0.9193,0.0629,0.025,0.185,0.2164,0.5584,none
35b_a3b_moe,instruct,damaged_q2,routed_tri_structural_60,medium,1400,0.7157,0.5571,0.8408,0.8964,0.0986,0.0293,0.2679,0.4186,0.4794,none
35b_a3b_moe,instruct,damaged_q2,routed_tri_structural_65,extreme,1400,0.6721,0.3964,0.792,0.8671,0.1557,0.0579,0.4857,0.5714,0.2707,none
35b_a3b_moe,instruct,damaged_q2,routed_tri_structural_65,high,1400,0.6771,0.4957,0.8045,0.875,0.1271,0.0371,0.3364,0.53,0.3967,none
35b_a3b_moe,instruct,damaged_q2,routed_tri_structural_65,low,1400,0.7893,0.6614,0.9031,0.9186,0.0586,0.0179,0.175,0.1764,0.6175,none
35b_a3b_moe,instruct,damaged_q2,routed_tri_structural_65,medium,1400,0.7407,0.5679,0.8547,0.9021,0.1057,0.0364,0.2614,0.3493,0.4905,none
35b_a3b_moe,instruct,damaged_q2,stability_first_tri_70,extreme,1400,0.705,0.3993,0.8088,0.8729,0.1564,0.0643,0.5,0.4693,0.276,none
35b_a3b_moe,instruct,damaged_q2,stability_first_tri_70,high,1400,0.735,0.5371,0.8337,0.8929,0.1129,0.0286,0.3379,0.4257,0.4493,none
35b_a3b_moe,instruct,damaged_q2,stability_first_tri_70,low,1400,0.825,0.6679,0.9201,0.9357,0.0679,0.02,0.1836,0.1143,0.6231,none
35b_a3b_moe,instruct,damaged_q2,stability_first_tri_70,medium,1400,0.7864,0.6064,0.8787,0.9157,0.0979,0.0286,0.2486,0.2657,0.5382,none
35b_a3b_moe,instruct,damaged_q3,cognitive_structural_25_75,extreme,1400,0.8807,0.5864,0.9259,0.9864,0.1029,0.045,0.3586,0.08,0.5139,none
35b_a3b_moe,instruct,damaged_q3,cognitive_structural_25_75,high,1400,0.9071,0.7029,0.9464,0.9907,0.08,0.015,0.23,0.0557,0.6547,none
35b_a3b_moe,instruct,damaged_q3,cognitive_structural_25_75,low,1400,0.9221,0.7836,0.9642,0.9921,0.0421,0.0093,0.1471,0.0379,0.7554,none
35b_a3b_moe,instruct,damaged_q3,cognitive_structural_25_75,medium,1400,0.9164,0.7557,0.9543,0.9921,0.0679,0.0086,0.1864,0.0471,0.7164,none
35b_a3b_moe,instruct,damaged_q3,cyber_structural_25_75,extreme,1400,0.8657,0.5707,0.9147,0.9479,0.1,0.0543,0.345,0.105,0.497,none
35b_a3b_moe,instruct,damaged_q3,cyber_structural_25_75,high,1400,0.8743,0.6486,0.9289,0.965,0.0921,0.0214,0.28,0.0779,0.5903,none
35b_a3b_moe,instruct,damaged_q3,cyber_structural_25_75,low,1400,0.9121,0.7829,0.9616,0.9886,0.0471,0.0086,0.1371,0.0429,0.7539,none
35b_a3b_moe,instruct,damaged_q3,cyber_structural_25_75,medium,1400,0.9086,0.7579,0.9487,0.9729,0.0664,0.0157,0.1679,0.0629,0.7182,none
35b_a3b_moe,instruct,damaged_q3,q2_structural_amplifier,extreme,1400,0.86,0.3814,0.8919,0.99,0.1043,0.3514,0.3871,0.065,0.2456,none
35b_a3b_moe,instruct,damaged_q3,q2_structural_amplifier,high,1400,0.8971,0.4821,0.9227,0.99,0.0786,0.2957,0.2643,0.045,0.376,none
35b_a3b_moe,instruct,damaged_q3,q2_structural_amplifier,low,1400,0.9029,0.575,0.9371,0.9921,0.0579,0.2286,0.1886,0.0414,0.4948,none
35b_a3b_moe,instruct,damaged_q3,q2_structural_amplifier,medium,1400,0.9236,0.5593,0.9384,0.9871,0.0557,0.2507,0.2064,0.0336,0.4742,none
35b_a3b_moe,instruct,damaged_q3,routed_tri_structural_60,extreme,1400,0.8871,0.5964,0.9301,0.9843,0.0964,0.0607,0.3371,0.0693,0.5249,none
35b_a3b_moe,instruct,damaged_q3,routed_tri_structural_60,high,1400,0.8993,0.675,0.9408,0.9879,0.0871,0.0393,0.245,0.0643,0.6182,none
35b_a3b_moe,instruct,damaged_q3,routed_tri_structural_60,low,1400,0.9114,0.775,0.9609,0.9857,0.0486,0.0314,0.13,0.0421,0.7416,none
35b_a3b_moe,instruct,damaged_q3,routed_tri_structural_60,medium,1400,0.9357,0.7464,0.9566,0.9879,0.0507,0.0343,0.19,0.0571,0.7063,none
35b_a3b_moe,instruct,damaged_q3,routed_tri_structural_65,extreme,1400,0.8964,0.5707,0.9342,0.9893,0.0921,0.065,0.355,0.0521,0.4991,none
35b_a3b_moe,instruct,damaged_q3,routed_tri_structural_65,high,1400,0.9071,0.7136,0.9457,0.9886,0.0829,0.0264,0.2093,0.0593,0.6637,none
35b_a3b_moe,instruct,damaged_q3,routed_tri_structural_65,low,1400,0.9193,0.7821,0.9643,0.99,0.0436,0.0171,0.1457,0.0364,0.7522,none
35b_a3b_moe,instruct,damaged_q3,routed_tri_structural_65,medium,1400,0.9321,0.7486,0.958,0.9886,0.0543,0.0364,0.1814,0.0479,0.7081,none
35b_a3b_moe,instruct,damaged_q3,stability_first_tri_70,extreme,1400,0.9007,0.5993,0.9337,0.9921,0.0886,0.055,0.3357,0.075,0.5311,none
35b_a3b_moe,instruct,damaged_q3,stability_first_tri_70,high,1400,0.9114,0.6814,0.9462,0.9921,0.0743,0.0271,0.2543,0.0586,0.6304,none
35b_a3b_moe,instruct,damaged_q3,stability_first_tri_70,low,1400,0.9321,0.8043,0.969,0.9921,0.0357,0.0121,0.13,0.0329,0.7791,none
35b_a3b_moe,instruct,damaged_q3,stability_first_tri_70,medium,1400,0.93,0.7471,0.959,0.9943,0.0571,0.0307,0.1729,0.0479,0.7076,none
35b_a3b_moe,instruct,damaged_q4,cognitive_structural_25_75,extreme,1400,0.9257,0.6729,0.9467,0.9914,0.0657,0.04,0.2757,0.0629,0.6199,none
35b_a3b_moe,instruct,damaged_q4,cognitive_structural_25_75,high,1400,0.9264,0.7436,0.9555,0.9921,0.0629,0.0136,0.2036,0.0471,0.7034,none
35b_a3b_moe,instruct,damaged_q4,cognitive_structural_25_75,low,1400,0.9343,0.8321,0.9711,0.9929,0.0329,0.0036,0.1093,0.0343,0.8111,none
35b_a3b_moe,instruct,damaged_q4,cognitive_structural_25_75,medium,1400,0.94,0.8271,0.9665,0.9914,0.0436,0.0121,0.1207,0.0464,0.7997,none
35b_a3b_moe,instruct,damaged_q4,cyber_structural_25_75,extreme,1400,0.9264,0.6779,0.9479,0.9836,0.0621,0.0414,0.2636,0.0579,0.6269,none
35b_a3b_moe,instruct,damaged_q4,cyber_structural_25_75,high,1400,0.9264,0.7371,0.9543,0.9921,0.0607,0.0257,0.2,0.0579,0.6949,none
35b_a3b_moe,instruct,damaged_q4,cyber_structural_25_75,low,1400,0.9364,0.83,0.972,0.9914,0.0264,0.0057,0.1064,0.0379,0.8105,none
35b_a3b_moe,instruct,damaged_q4,cyber_structural_25_75,medium,1400,0.9357,0.7986,0.9611,0.9921,0.0493,0.02,0.1421,0.0571,0.7656,none
35b_a3b_moe,instruct,damaged_q4,q2_structural_amplifier,extreme,1400,0.8757,0.4021,0.8985,0.985,0.0907,0.375,0.3371,0.0507,0.2704,none
35b_a3b_moe,instruct,damaged_q4,q2_structural_amplifier,high,1400,0.8979,0.5079,0.9227,0.9907,0.0757,0.3086,0.2257,0.0586,0.4024,none
35b_a3b_moe,instruct,damaged_q4,q2_structural_amplifier,low,1400,0.9186,0.6114,0.946,0.985,0.0443,0.2143,0.1529,0.0343,0.5413,none
35b_a3b_moe,instruct,damaged_q4,q2_structural_amplifier,medium,1400,0.9129,0.5693,0.9339,0.9829,0.06,0.2529,0.1936,0.0486,0.4828,none
35b_a3b_moe,instruct,damaged_q4,routed_tri_structural_60,extreme,1400,0.9364,0.6636,0.9506,0.9886,0.0543,0.0714,0.2757,0.0543,0.6082,none
35b_a3b_moe,instruct,damaged_q4,routed_tri_structural_60,high,1400,0.9329,0.7264,0.9544,0.9893,0.0593,0.0379,0.2029,0.0557,0.6821,none
35b_a3b_moe,instruct,damaged_q4,routed_tri_structural_60,low,1400,0.93,0.8071,0.9683,0.9879,0.0364,0.0229,0.1186,0.035,0.7804,none
35b_a3b_moe,instruct,damaged_q4,routed_tri_structural_60,medium,1400,0.945,0.7943,0.9642,0.9843,0.04,0.03,0.1429,0.0479,0.7625,none
35b_a3b_moe,instruct,damaged_q4,routed_tri_structural_65,extreme,1400,0.93,0.6714,0.9469,0.9879,0.0607,0.0621,0.2621,0.0707,0.6163,none
35b_a3b_moe,instruct,damaged_q4,routed_tri_structural_65,high,1400,0.9407,0.7607,0.9605,0.995,0.0443,0.04,0.1871,0.06,0.7215,none
35b_a3b_moe,instruct,damaged_q4,routed_tri_structural_65,low,1400,0.9314,0.8264,0.9716,0.9914,0.0236,0.02,0.0986,0.0443,0.8053,none
35b_a3b_moe,instruct,damaged_q4,routed_tri_structural_65,medium,1400,0.9457,0.805,0.9646,0.99,0.0443,0.0257,0.1414,0.0464,0.7729,none
35b_a3b_moe,instruct,damaged_q4,stability_first_tri_70,extreme,1400,0.9279,0.665,0.9479,0.99,0.0679,0.0507,0.2657,0.055,0.6105,none
35b_a3b_moe,instruct,damaged_q4,stability_first_tri_70,high,1400,0.9279,0.7693,0.955,0.9864,0.0593,0.03,0.17,0.0607,0.7289,none
35b_a3b_moe,instruct,damaged_q4,stability_first_tri_70,low,1400,0.9471,0.8379,0.9755,0.9929,0.0236,0.0164,0.1014,0.03,0.8179,none
35b_a3b_moe,instruct,damaged_q4,stability_first_tri_70,medium,1400,0.9479,0.8286,0.9656,0.9907,0.0386,0.0236,0.1171,0.0593,0.8,none
35b_a3b_moe,instruct,healthy_q6,cognitive_structural_25_75,extreme,1400,0.9464,0.7514,0.9589,0.9921,0.0421,0.0429,0.1929,0.0686,0.7114,none
35b_a3b_moe,instruct,healthy_q6,cognitive_structural_25_75,high,1400,0.96,0.8164,0.9682,0.9907,0.0336,0.0164,0.1457,0.0479,0.789,none
35b_a3b_moe,instruct,healthy_q6,cognitive_structural_25_75,low,1400,0.9371,0.8543,0.9736,0.9936,0.0264,0.0043,0.085,0.0386,0.8368,none
35b_a3b_moe,instruct,healthy_q6,cognitive_structural_25_75,medium,1400,0.9564,0.8486,0.9708,0.9864,0.0271,0.0164,0.1029,0.0507,0.8264,none
35b_a3b_moe,instruct,healthy_q6,cyber_structural_25_75,extreme,1400,0.9443,0.7393,0.9591,0.9936,0.0514,0.0436,0.1957,0.0529,0.6968,none
35b_a3b_moe,instruct,healthy_q6,cyber_structural_25_75,high,1400,0.9579,0.8043,0.9655,0.9914,0.035,0.0207,0.15,0.0586,0.7747,none
35b_a3b_moe,instruct,healthy_q6,cyber_structural_25_75,low,1400,0.94,0.8614,0.9747,0.99,0.025,0.0114,0.0743,0.035,0.8439,none
35b_a3b_moe,instruct,healthy_q6,cyber_structural_25_75,medium,1400,0.9471,0.835,0.9677,0.9886,0.0436,0.025,0.1007,0.045,0.8066,none
35b_a3b_moe,instruct,healthy_q6,q2_structural_amplifier,extreme,1400,0.905,0.4407,0.913,0.9914,0.0693,0.3464,0.2721,0.0607,0.3258,none
35b_a3b_moe,instruct,healthy_q6,q2_structural_amplifier,high,1400,0.9157,0.5393,0.9307,0.985,0.0579,0.295,0.2029,0.0536,0.444,none
35b_a3b_moe,instruct,healthy_q6,q2_structural_amplifier,low,1400,0.9186,0.6307,0.9483,0.9921,0.0436,0.22,0.1179,0.0393,0.5622,none
35b_a3b_moe,instruct,healthy_q6,q2_structural_amplifier,medium,1400,0.935,0.6179,0.944,0.9893,0.0429,0.2529,0.135,0.0514,0.5411,none
35b_a3b_moe,instruct,healthy_q6,routed_tri_structural_60,extreme,1400,0.9486,0.7029,0.9554,0.9893,0.0429,0.0757,0.2186,0.0714,0.6538,none
35b_a3b_moe,instruct,healthy_q6,routed_tri_structural_60,high,1400,0.9571,0.7929,0.9658,0.9864,0.0314,0.0393,0.1514,0.0564,0.7606,none
35b_a3b_moe,instruct,healthy_q6,routed_tri_structural_60,low,1400,0.9464,0.8493,0.9752,0.9864,0.0221,0.0186,0.0893,0.0321,0.8302,none
35b_a3b_moe,instruct,healthy_q6,routed_tri_structural_60,medium,1400,0.9664,0.8464,0.9754,0.9943,0.0214,0.0271,0.1107,0.0421,0.8236,none
35b_a3b_moe,instruct,healthy_q6,routed_tri_structural_65,extreme,1400,0.9457,0.7329,0.9589,0.9886,0.0471,0.0636,0.1929,0.055,0.6878,none
35b_a3b_moe,instruct,healthy_q6,routed_tri_structural_65,high,1400,0.9521,0.7879,0.964,0.9864,0.0421,0.04,0.1479,0.05,0.7529,none
35b_a3b_moe,instruct,healthy_q6,routed_tri_structural_65,low,1400,0.9464,0.8543,0.9755,0.9907,0.02,0.0221,0.0829,0.0357,0.8354,none
35b_a3b_moe,instruct,healthy_q6,routed_tri_structural_65,medium,1400,0.9514,0.83,0.9694,0.9864,0.0307,0.0293,0.1093,0.05,0.8037,none
35b_a3b_moe,instruct,healthy_q6,stability_first_tri_70,extreme,1400,0.9521,0.7386,0.9575,0.9857,0.0414,0.0479,0.2064,0.0664,0.6967,none
35b_a3b_moe,instruct,healthy_q6,stability_first_tri_70,high,1400,0.9564,0.8193,0.9659,0.99,0.0379,0.0229,0.1329,0.0564,0.7899,none
35b_a3b_moe,instruct,healthy_q6,stability_first_tri_70,low,1400,0.9436,0.865,0.9765,0.9929,0.02,0.0164,0.0721,0.0379,0.848,none
35b_a3b_moe,instruct,healthy_q6,stability_first_tri_70,medium,1400,0.9571,0.8429,0.9697,0.9886,0.0271,0.0321,0.0986,0.06,0.8174,none
35b_a3b_moe,instruct,healthy_q8,cognitive_structural_25_75,extreme,1400,0.965,0.7557,0.9632,0.9907,0.0293,0.0393,0.2043,0.0629,0.7196,none
35b_a3b_moe,instruct,healthy_q8,cognitive_structural_25_75,high,1400,0.9686,0.8179,0.9688,0.9907,0.025,0.0179,0.15,0.0564,0.792,none
35b_a3b_moe,instruct,healthy_q8,cognitive_structural_25_75,low,1400,0.945,0.8721,0.9774,0.9921,0.0164,0.0029,0.0736,0.0393,0.8588,none
35b_a3b_moe,instruct,healthy_q8,cognitive_structural_25_75,medium,1400,0.9686,0.8686,0.9745,0.9886,0.0221,0.015,0.095,0.0464,0.849,none
35b_a3b_moe,instruct,healthy_q8,cyber_structural_25_75,extreme,1400,0.9586,0.7736,0.9607,0.9871,0.0364,0.0357,0.1729,0.0736,0.738,none
35b_a3b_moe,instruct,healthy_q8,cyber_structural_25_75,high,1400,0.9607,0.8236,0.9691,0.9886,0.035,0.0207,0.1314,0.0429,0.7963,none
35b_a3b_moe,instruct,healthy_q8,cyber_structural_25_75,low,1400,0.9407,0.8693,0.976,0.99,0.0236,0.0043,0.0736,0.0343,0.8538,none
35b_a3b_moe,instruct,healthy_q8,cyber_structural_25_75,medium,1400,0.9657,0.865,0.9745,0.9907,0.0221,0.0193,0.0936,0.0486,0.8446,none
35b_a3b_moe,instruct,healthy_q8,q2_structural_amplifier,extreme,1400,0.9121,0.4657,0.915,0.9879,0.0586,0.3579,0.2557,0.065,0.3529,none
35b_a3b_moe,instruct,healthy_q8,q2_structural_amplifier,high,1400,0.9243,0.5421,0.9343,0.9879,0.0464,0.2957,0.195,0.0593,0.4505,none
35b_a3b_moe,instruct,healthy_q8,q2_structural_amplifier,low,1400,0.9229,0.6364,0.9492,0.985,0.0371,0.2279,0.1164,0.0343,0.5687,none
35b_a3b_moe,instruct,healthy_q8,q2_structural_amplifier,medium,1400,0.935,0.6136,0.945,0.9893,0.0393,0.2464,0.1486,0.0493,0.5382,none
35b_a3b_moe,instruct,healthy_q8,routed_tri_structural_60,extreme,1400,0.9621,0.7486,0.964,0.9921,0.0307,0.0686,0.1843,0.0614,0.7078,none
35b_a3b_moe,instruct,healthy_q8,routed_tri_structural_60,high,1400,0.9586,0.8171,0.9682,0.985,0.0336,0.0357,0.13,0.0471,0.7872,none
35b_a3b_moe,instruct,healthy_q8,routed_tri_structural_60,low,1400,0.955,0.8529,0.9781,0.9871,0.015,0.0293,0.0857,0.03,0.8341,none
35b_a3b_moe,instruct,healthy_q8,routed_tri_structural_60,medium,1400,0.9664,0.84,0.973,0.99,0.0214,0.0364,0.1079,0.0514,0.8151,none
35b_a3b_moe,instruct,healthy_q8,routed_tri_structural_65,extreme,1400,0.9471,0.7314,0.9589,0.9936,0.045,0.065,0.1907,0.065,0.6864,none
35b_a3b_moe,instruct,healthy_q8,routed_tri_structural_65,high,1400,0.96,0.8179,0.9694,0.9886,0.0271,0.045,0.1186,0.0593,0.7883,none
35b_a3b_moe,instruct,healthy_q8,routed_tri_structural_65,low,1400,0.9429,0.8571,0.9768,0.99,0.0143,0.0171,0.075,0.0414,0.8414,none
35b_a3b_moe,instruct,healthy_q8,routed_tri_structural_65,medium,1400,0.97,0.84,0.9758,0.9893,0.0179,0.0357,0.1079,0.0421,0.8168,none
35b_a3b_moe,instruct,healthy_q8,stability_first_tri_70,extreme,1400,0.9614,0.75,0.9633,0.9857,0.0321,0.06,0.1929,0.0529,0.7103,none
35b_a3b_moe,instruct,healthy_q8,stability_first_tri_70,high,1400,0.9607,0.7979,0.9673,0.9879,0.0336,0.03,0.1536,0.0464,0.7672,none
35b_a3b_moe,instruct,healthy_q8,stability_first_tri_70,low,1400,0.9414,0.8657,0.9757,0.9879,0.0221,0.0221,0.0636,0.0371,0.8477,none
35b_a3b_moe,instruct,healthy_q8,stability_first_tri_70,medium,1400,0.9714,0.8621,0.9767,0.9929,0.0171,0.0314,0.0893,0.0493,0.8411,none
4b,base,collapsed_q2_edge,cognitive_structural_25_75,extreme,1400,0.0371,0.0171,0.2082,0.5486,0.5921,0.0486,0.8486,3.2714,-0.4017,cascade
4b,base,collapsed_q2_edge,cognitive_structural_25_75,high,1400,0.065,0.0464,0.2781,0.6157,0.4929,0.0214,0.6064,2.6264,-0.2855,cascade
4b,base,collapsed_q2_edge,cognitive_structural_25_75,low,1400,0.2014,0.1486,0.5249,0.7221,0.2086,0.0043,0.3086,1.2379,-0.0014,cascade
4b,base,collapsed_q2_edge,cognitive_structural_25_75,medium,1400,0.1293,0.1043,0.3832,0.655,0.3443,0.02,0.4214,2.1029,-0.1419,cascade
4b,base,collapsed_q2_edge,cyber_structural_25_75,extreme,1400,0.0443,0.02,0.2193,0.5071,0.5943,0.0507,0.8121,3.1179,-0.3893,cascade
4b,base,collapsed_q2_edge,cyber_structural_25_75,high,1400,0.0786,0.055,0.2785,0.58,0.4829,0.03,0.5464,2.6229,-0.2707,cascade
4b,base,collapsed_q2_edge,cyber_structural_25_75,low,1400,0.2107,0.15,0.54,0.7293,0.2293,0.0171,0.2793,1.1607,-0.0026,cascade
4b,base,collapsed_q2_edge,cyber_structural_25_75,medium,1400,0.1579,0.1286,0.4041,0.63,0.3393,0.0321,0.3829,1.9893,-0.1097,cascade
4b,base,collapsed_q2_edge,q2_structural_amplifier,extreme,1400,0.45,0.15,0.6585,0.7593,0.2614,0.355,0.7807,0.72,-0.0979,distractor_capture
4b,base,collapsed_q2_edge,q2_structural_amplifier,high,1400,0.48,0.24,0.6908,0.795,0.2286,0.2921,0.5336,0.6771,0.0365,distractor_capture
4b,base,collapsed_q2_edge,q2_structural_amplifier,low,1400,0.7179,0.4221,0.8458,0.8757,0.13,0.2043,0.2893,0.1807,0.3101,none
4b,base,collapsed_q2_edge,q2_structural_amplifier,medium,1400,0.5964,0.32,0.7769,0.8371,0.1836,0.2679,0.375,0.4007,0.1613,none
4b,base,collapsed_q2_edge,routed_tri_structural_60,extreme,1400,0.1021,0.0436,0.3275,0.6386,0.4907,0.0821,0.8007,2.5743,-0.3128,cascade
4b,base,collapsed_q2_edge,routed_tri_structural_60,high,1400,0.1414,0.0936,0.3906,0.6879,0.4014,0.0543,0.5564,2.0971,-0.1871,cascade
4b,base,collapsed_q2_edge,routed_tri_structural_60,low,1400,0.3171,0.2393,0.6448,0.8229,0.1779,0.0229,0.2786,0.89,0.1146,none
4b,base,collapsed_q2_edge,routed_tri_structural_60,medium,1400,0.2343,0.1857,0.5118,0.7214,0.2686,0.0443,0.3893,1.5879,-0.0142,cascade
4b,base,collapsed_q2_edge,routed_tri_structural_65,extreme,1400,0.1021,0.0421,0.3427,0.6207,0.4764,0.0693,0.7979,2.4586,-0.3014,cascade
4b,base,collapsed_q2_edge,routed_tri_structural_65,high,1400,0.155,0.1093,0.407,0.6743,0.4114,0.0286,0.5457,1.9786,-0.1624,cascade
4b,base,collapsed_q2_edge,routed_tri_structural_65,low,1400,0.3507,0.265,0.6589,0.8079,0.175,0.0193,0.2786,0.8386,0.1444,none
4b,base,collapsed_q2_edge,routed_tri_structural_65,medium,1400,0.275,0.2093,0.5445,0.74,0.2579,0.0436,0.4021,1.4479,0.0187,cascade
4b,base,collapsed_q2_edge,stability_first_tri_70,extreme,1400,0.1193,0.0579,0.3579,0.6471,0.4564,0.075,0.8257,2.3736,-0.2788,cascade
4b,base,collapsed_q2_edge,stability_first_tri_70,high,1400,0.1993,0.1321,0.4519,0.71,0.3679,0.0429,0.5236,1.8271,-0.12,cascade
4b,base,collapsed_q2_edge,stability_first_tri_70,low,1400,0.37,0.2657,0.6753,0.8343,0.1771,0.0257,0.2729,0.785,0.1464,none
4b,base,collapsed_q2_edge,stability_first_tri_70,medium,1400,0.2993,0.2357,0.562,0.7471,0.2557,0.0314,0.395,1.3679,0.0527,cascade
4b,base,damaged_q2,cognitive_structural_25_75,extreme,1400,0.1821,0.0929,0.4444,0.6964,0.3657,0.0543,0.7214,2.0493,-0.1879,cascade
4b,base,damaged_q2,cognitive_structural_25_75,high,1400,0.2779,0.2057,0.5282,0.7379,0.2986,0.0186,0.4929,1.5521,-0.0046,cascade
4b,base,damaged_q2,cognitive_structural_25_75,low,1400,0.4764,0.3693,0.7488,0.8629,0.1136,0.005,0.2636,0.6179,0.2822,none
4b,base,damaged_q2,cognitive_structural_25_75,medium,1400,0.3886,0.3043,0.6358,0.7914,0.1879,0.0179,0.3621,1.1543,0.1577,none
4b,base,damaged_q2,cyber_structural_25_75,extreme,1400,0.2371,0.1207,0.4827,0.695,0.3543,0.0607,0.6471,1.8593,-0.1424,cascade
4b,base,damaged_q2,cyber_structural_25_75,high,1400,0.3107,0.2229,0.5487,0.7464,0.2921,0.0307,0.4386,1.4643,0.0208,cascade
4b,base,damaged_q2,cyber_structural_25_75,low,1400,0.4593,0.3607,0.7243,0.8071,0.1264,0.0157,0.2507,0.6414,0.2675,none
4b,base,damaged_q2,cyber_structural_25_75,medium,1400,0.4057,0.3236,0.6459,0.7907,0.2071,0.0279,0.3336,1.0721,0.1756,none
4b,base,damaged_q2,q2_structural_amplifier,extreme,1400,0.675,0.2357,0.8014,0.8557,0.1757,0.3621,0.6757,0.1743,0.0478,distractor_capture
4b,base,damaged_q2,q2_structural_amplifier,high,1400,0.7621,0.3293,0.8509,0.8993,0.1507,0.3036,0.4686,0.1193,0.1799,none
4b,base,damaged_q2,q2_structural_amplifier,low,1400,0.865,0.5229,0.9184,0.9693,0.0921,0.1929,0.2721,0.0414,0.4328,none
4b,base,damaged_q2,q2_structural_amplifier,medium,1400,0.8093,0.4471,0.8857,0.925,0.135,0.2521,0.3207,0.0643,0.3273,none
4b,base,damaged_q2,routed_tri_structural_60,extreme,1400,0.3879,0.1886,0.604,0.7886,0.2836,0.0693,0.7079,1.2943,-0.0317,cascade
4b,base,damaged_q2,routed_tri_structural_60,high,1400,0.4271,0.2729,0.6483,0.8293,0.2414,0.05,0.485,1.0636,0.0984,none
4b,base,damaged_q2,routed_tri_structural_60,low,1400,0.6586,0.4943,0.8416,0.9129,0.11,0.0279,0.2521,0.3171,0.4197,none
4b,base,damaged_q2,routed_tri_structural_60,medium,1400,0.575,0.4171,0.7581,0.8736,0.1714,0.0371,0.3593,0.6593,0.2966,none
4b,base,damaged_q2,routed_tri_structural_65,extreme,1400,0.4271,0.215,0.6358,0.7964,0.265,0.0693,0.6436,1.1671,0.0118,cascade
4b,base,damaged_q2,routed_tri_structural_65,high,1400,0.4821,0.3293,0.6802,0.8336,0.2371,0.0471,0.4336,0.9271,0.1677,none
4b,base,damaged_q2,routed_tri_structural_65,low,1400,0.7207,0.5693,0.8708,0.9114,0.09,0.0221,0.2186,0.2421,0.5083,none
4b,base,damaged_q2,routed_tri_structural_65,medium,1400,0.605,0.4114,0.7773,0.8743,0.1679,0.0529,0.3629,0.5686,0.293,none
4b,base,damaged_q2,stability_first_tri_70,extreme,1400,0.4579,0.2243,0.6566,0.7964,0.2536,0.0693,0.6736,1.0521,0.0279,distractor_capture
4b,base,damaged_q2,stability_first_tri_70,high,1400,0.5479,0.3657,0.725,0.855,0.2029,0.0414,0.4521,0.765,0.2222,none
4b,base,damaged_q2,stability_first_tri_70,low,1400,0.7371,0.5671,0.8806,0.9221,0.1014,0.0257,0.23,0.1993,0.5032,none
4b,base,damaged_q2,stability_first_tri_70,medium,1400,0.6064,0.4307,0.7875,0.8657,0.1657,0.0393,0.3607,0.5114,0.3187,none
4b,base,damaged_q3,cognitive_structural_25_75,extreme,1400,0.7907,0.465,0.8703,0.94,0.1414,0.0486,0.4721,0.2307,0.3636,none
4b,base,damaged_q3,cognitive_structural_25_75,high,1400,0.81,0.5821,0.8915,0.9621,0.1229,0.0179,0.315,0.2036,0.5063,none
4b,base,damaged_q3,cognitive_structural_25_75,low,1400,0.8936,0.7314,0.952,0.9886,0.0707,0.0093,0.1836,0.0393,0.6917,none
4b,base,damaged_q3,cognitive_structural_25_75,medium,1400,0.8914,0.7079,0.9385,0.9786,0.0829,0.0179,0.2193,0.0779,0.658,none
4b,base,damaged_q3,cyber_structural_25_75,extreme,1400,0.7321,0.44,0.8393,0.885,0.1693,0.0557,0.4443,0.3007,0.3275,none
4b,base,damaged_q3,cyber_structural_25_75,high,1400,0.7843,0.5614,0.8771,0.915,0.1236,0.0257,0.3129,0.2236,0.483,none
4b,base,damaged_q3,cyber_structural_25_75,low,1400,0.8814,0.7236,0.941,0.9521,0.0664,0.0221,0.1757,0.0536,0.6825,none
4b,base,damaged_q3,cyber_structural_25_75,medium,1400,0.835,0.6714,0.9119,0.9343,0.0986,0.0214,0.2179,0.1314,0.6136,none
4b,base,damaged_q3,q2_structural_amplifier,extreme,1400,0.8307,0.3507,0.8822,0.9893,0.1307,0.3343,0.45,0.0586,0.2057,none
4b,base,damaged_q3,q2_structural_amplifier,high,1400,0.8729,0.4386,0.9081,0.9864,0.1107,0.29,0.3264,0.0443,0.319,none
4b,base,damaged_q3,q2_structural_amplifier,low,1400,0.8971,0.5871,0.9365,0.9864,0.0571,0.2271,0.185,0.0421,0.5077,none
4b,base,damaged_q3,q2_structural_amplifier,medium,1400,0.8821,0.5221,0.9212,0.9893,0.0929,0.2521,0.2286,0.055,0.4228,none
4b,base,damaged_q3,routed_tri_structural_60,extreme,1400,0.8357,0.4593,0.9039,0.975,0.1436,0.0879,0.4464,0.0779,0.359,none
4b,base,damaged_q3,routed_tri_structural_60,high,1400,0.8786,0.615,0.9337,0.995,0.1114,0.0379,0.3057,0.0479,0.5471,none
4b,base,damaged_q3,routed_tri_structural_60,low,1400,0.915,0.7593,0.9606,0.9907,0.0543,0.0229,0.1657,0.0314,0.7236,none
4b,base,damaged_q3,routed_tri_structural_60,medium,1400,0.8964,0.6814,0.9464,0.9893,0.085,0.0464,0.2157,0.0457,0.6271,none
4b,base,damaged_q3,routed_tri_structural_65,extreme,1400,0.8707,0.515,0.9159,0.9664,0.105,0.0686,0.4393,0.0693,0.4312,none
4b,base,damaged_q3,routed_tri_structural_65,high,1400,0.8657,0.6136,0.9279,0.985,0.1171,0.0414,0.285,0.065,0.5441,none
4b,base,damaged_q3,routed_tri_structural_65,low,1400,0.8979,0.7571,0.9554,0.9871,0.065,0.0207,0.1479,0.0407,0.7196,none
4b,base,damaged_q3,routed_tri_structural_65,medium,1400,0.8979,0.6843,0.9453,0.9971,0.0871,0.04,0.2229,0.055,0.6296,none
4b,base,damaged_q3,stability_first_tri_70,extreme,1400,0.8664,0.5193,0.9166,0.98,0.1207,0.0693,0.425,0.0636,0.432,none
4b,base,damaged_q3,stability_first_tri_70,high,1400,0.8821,0.6236,0.9334,0.99,0.1007,0.0364,0.2971,0.0636,0.5591,none
4b,base,damaged_q3,stability_first_tri_70,low,1400,0.9114,0.7714,0.9605,0.9907,0.0636,0.0214,0.1386,0.0293,0.7355,none
4b,base,damaged_q3,stability_first_tri_70,medium,1400,0.9014,0.6836,0.9468,0.9864,0.0814,0.0336,0.235,0.0407,0.6316,none
4b,base,damaged_q4,cognitive_structural_25_75,extreme,1400,0.8943,0.6057,0.9327,0.99,0.0943,0.03,0.3579,0.0621,0.5397,none
4b,base,damaged_q4,cognitive_structural_25_75,high,1400,0.8986,0.6986,0.9425,0.9886,0.0879,0.0179,0.235,0.0586,0.6469,none
4b,base,damaged_q4,cognitive_structural_25_75,low,1400,0.9164,0.7857,0.9645,0.9929,0.0436,0.0114,0.1414,0.0386,0.7571,none
4b,base,damaged_q4,cognitive_structural_25_75,medium,1400,0.9236,0.7671,0.9551,0.9893,0.0671,0.0193,0.1671,0.0493,0.7273,none
4b,base,damaged_q4,cyber_structural_25_75,extreme,1400,0.8614,0.5836,0.9211,0.9643,0.1143,0.0507,0.3357,0.0671,0.5089,none
4b,base,damaged_q4,cyber_structural_25_75,high,1400,0.8864,0.6764,0.9384,0.9836,0.0964,0.0264,0.2343,0.0607,0.6204,none
4b,base,damaged_q4,cyber_structural_25_75,low,1400,0.9164,0.7929,0.9626,0.9886,0.05,0.0079,0.1343,0.035,0.7638,none
4b,base,damaged_q4,cyber_structural_25_75,medium,1400,0.9143,0.7514,0.9537,0.9857,0.0643,0.0257,0.1743,0.0536,0.7104,none
4b,base,damaged_q4,q2_structural_amplifier,extreme,1400,0.8707,0.3886,0.8949,0.995,0.1,0.3493,0.4,0.0571,0.2539,none
4b,base,damaged_q4,q2_structural_amplifier,high,1400,0.9036,0.4871,0.9219,0.9893,0.0764,0.295,0.2786,0.0464,0.3806,none
4b,base,damaged_q4,q2_structural_amplifier,low,1400,0.905,0.6207,0.9426,0.9871,0.0564,0.1971,0.1543,0.0379,0.5501,none
4b,base,damaged_q4,q2_structural_amplifier,medium,1400,0.9057,0.5564,0.9319,0.9879,0.0693,0.2479,0.2007,0.0479,0.4676,none
4b,base,damaged_q4,routed_tri_structural_60,extreme,1400,0.8779,0.5721,0.9258,0.9907,0.1121,0.0629,0.3529,0.0679,0.4943,none
4b,base,damaged_q4,routed_tri_structural_60,high,1400,0.9021,0.6721,0.9417,0.9857,0.0864,0.0436,0.2507,0.0557,0.6147,none
4b,base,damaged_q4,routed_tri_structural_60,low,1400,0.9171,0.7786,0.9626,0.9907,0.0564,0.0243,0.1414,0.0286,0.744,none
4b,base,damaged_q4,routed_tri_structural_60,medium,1400,0.9121,0.7157,0.9548,0.9943,0.0686,0.0557,0.19,0.045,0.6666,none
4b,base,damaged_q4,routed_tri_structural_65,extreme,1400,0.8907,0.5886,0.9331,0.9929,0.1014,0.0729,0.3343,0.0543,0.5141,none
4b,base,damaged_q4,routed_tri_structural_65,high,1400,0.9064,0.6814,0.9436,0.9879,0.0829,0.0457,0.245,0.0564,0.625,none
4b,base,damaged_q4,routed_tri_structural_65,low,1400,0.915,0.7814,0.9634,0.9864,0.0443,0.0364,0.1229,0.0414,0.749,none
4b,base,damaged_q4,routed_tri_structural_65,medium,1400,0.91,0.7386,0.9509,0.9829,0.0714,0.0293,0.1814,0.0507,0.6942,none
4b,base,damaged_q4,stability_first_tri_70,extreme,1400,0.9021,0.585,0.9343,0.9914,0.0886,0.0607,0.3514,0.0629,0.515,none
4b,base,damaged_q4,stability_first_tri_70,high,1400,0.9143,0.6743,0.9463,0.99,0.0707,0.0493,0.2521,0.0621,0.6199,none
4b,base,damaged_q4,stability_first_tri_70,low,1400,0.9207,0.79,0.9652,0.9914,0.0464,0.0221,0.1279,0.0343,0.7597,none
4b,base,damaged_q4,stability_first_tri_70,medium,1400,0.9293,0.7579,0.9591,0.9914,0.0571,0.0379,0.1671,0.0464,0.7175,none
4b,base,healthy_q6,cognitive_structural_25_75,extreme,1400,0.9229,0.6893,0.9481,0.9929,0.0679,0.0386,0.2564,0.0614,0.6376,none
4b,base,healthy_q6,cognitive_structural_25_75,high,1400,0.9421,0.7707,0.9588,0.9929,0.0507,0.0157,0.19,0.0557,0.7344,none
4b,base,healthy_q6,cognitive_structural_25_75,low,1400,0.9393,0.83,0.9731,0.9907,0.0307,0.0114,0.1071,0.0286,0.8085,none
4b,base,healthy_q6,cognitive_structural_25_75,medium,1400,0.935,0.8136,0.9621,0.9921,0.0514,0.0171,0.1207,0.0564,0.7822,none
4b,base,healthy_q6,cyber_structural_25_75,extreme,1400,0.9179,0.6964,0.9479,0.9921,0.0786,0.0593,0.2071,0.0614,0.6414,none
4b,base,healthy_q6,cyber_structural_25_75,high,1400,0.9243,0.7571,0.9571,0.9879,0.0636,0.0257,0.1786,0.0414,0.7166,none
4b,base,healthy_q6,cyber_structural_25_75,low,1400,0.9464,0.845,0.9753,0.99,0.0264,0.0193,0.0957,0.0279,0.8242,none
4b,base,healthy_q6,cyber_structural_25_75,medium,1400,0.9379,0.8193,0.9643,0.99,0.0471,0.0229,0.115,0.0529,0.7887,none
4b,base,healthy_q6,q2_structural_amplifier,extreme,1400,0.8993,0.4157,0.907,0.9914,0.0714,0.3664,0.3179,0.0557,0.2928,none
4b,base,healthy_q6,q2_structural_amplifier,high,1400,0.9107,0.5036,0.9265,0.9864,0.065,0.3014,0.2221,0.0557,0.4032,none
4b,base,healthy_q6,q2_structural_amplifier,low,1400,0.9164,0.6271,0.9458,0.9921,0.0471,0.22,0.135,0.0386,0.5563,none
4b,base,healthy_q6,q2_structural_amplifier,medium,1400,0.9257,0.5843,0.9401,0.9857,0.055,0.255,0.1729,0.035,0.5012,none
4b,base,healthy_q6,routed_tri_structural_60,extreme,1400,0.9171,0.6636,0.9473,0.9943,0.0729,0.07,0.2379,0.0636,0.6055,none
4b,base,healthy_q6,routed_tri_structural_60,high,1400,0.9371,0.7664,0.961,0.9886,0.0536,0.04,0.1729,0.04,0.7265,none
4b,base,healthy_q6,routed_tri_structural_60,low,1400,0.9229,0.8164,0.969,0.9907,0.0364,0.0314,0.0921,0.0407,0.7898,none
4b,base,healthy_q6,routed_tri_structural_60,medium,1400,0.9393,0.78,0.9622,0.9886,0.0479,0.0393,0.1407,0.0514,0.744,none
4b,base,healthy_q6,routed_tri_structural_65,extreme,1400,0.9229,0.6679,0.9473,0.9907,0.07,0.0657,0.2479,0.0614,0.6108,none
4b,base,healthy_q6,routed_tri_structural_65,high,1400,0.9379,0.7671,0.9606,0.9886,0.0564,0.0371,0.1636,0.0414,0.7276,none
4b,base,healthy_q6,routed_tri_structural_65,low,1400,0.9307,0.8186,0.9689,0.9857,0.035,0.0229,0.1,0.035,0.7938,none
4b,base,healthy_q6,routed_tri_structural_65,medium,1400,0.945,0.8121,0.9661,0.9921,0.0436,0.0336,0.1179,0.0507,0.7804,none
4b,base,healthy_q6,stability_first_tri_70,extreme,1400,0.9257,0.69,0.9503,0.9936,0.0671,0.0593,0.2357,0.0593,0.6362,none
4b,base,healthy_q6,stability_first_tri_70,high,1400,0.9329,0.73,0.9558,0.9921,0.0579,0.0386,0.1957,0.0557,0.6865,none
4b,base,healthy_q6,stability_first_tri_70,low,1400,0.935,0.8371,0.9709,0.9857,0.0307,0.0229,0.0893,0.0364,0.8144,none
4b,base,healthy_q6,stability_first_tri_70,medium,1400,0.9486,0.8129,0.965,0.9886,0.04,0.03,0.1207,0.0564,0.7824,none
4b,base,healthy_q8,cognitive_structural_25_75,extreme,1400,0.9457,0.7257,0.9573,0.99,0.05,0.0407,0.2286,0.0471,0.6819,none
4b,base,healthy_q8,cognitive_structural_25_75,high,1400,0.9457,0.7871,0.9622,0.9886,0.0414,0.0179,0.1693,0.055,0.7548,none
4b,base,healthy_q8,cognitive_structural_25_75,low,1400,0.9393,0.8614,0.9748,0.9914,0.0193,0.0079,0.0764,0.0421,0.8458,none
4b,base,healthy_q8,cognitive_structural_25_75,medium,1400,0.9521,0.8371,0.9686,0.9871,0.0279,0.0164,0.1143,0.0564,0.8135,none
4b,base,healthy_q8,cyber_structural_25_75,extreme,1400,0.9564,0.7414,0.9609,0.99,0.0386,0.0621,0.1921,0.0593,0.6991,none
4b,base,healthy_q8,cyber_structural_25_75,high,1400,0.9471,0.7964,0.9648,0.9893,0.0443,0.025,0.1557,0.0429,0.7635,none
4b,base,healthy_q8,cyber_structural_25_75,low,1400,0.9479,0.8479,0.9755,0.9893,0.0236,0.01,0.0957,0.0293,0.8297,none
4b,base,healthy_q8,cyber_structural_25_75,medium,1400,0.9607,0.8414,0.9721,0.9907,0.0329,0.025,0.1057,0.04,0.8161,none
4b,base,healthy_q8,q2_structural_amplifier,extreme,1400,0.8893,0.4429,0.9093,0.9871,0.0714,0.3593,0.2686,0.0643,0.3249,none
4b,base,healthy_q8,q2_structural_amplifier,high,1400,0.9093,0.5436,0.93,0.9907,0.0621,0.2993,0.19,0.0586,0.4469,none
4b,base,healthy_q8,q2_structural_amplifier,low,1400,0.9279,0.6321,0.9504,0.9921,0.04,0.1907,0.1607,0.0329,0.5675,none
4b,base,healthy_q8,q2_structural_amplifier,medium,1400,0.9221,0.5829,0.9397,0.99,0.0514,0.275,0.155,0.045,0.4978,none
4b,base,healthy_q8,routed_tri_structural_60,extreme,1400,0.9514,0.72,0.9597,0.9879,0.0421,0.0671,0.1993,0.0536,0.6753,none
4b,base,healthy_q8,routed_tri_structural_60,high,1400,0.9564,0.7857,0.966,0.9886,0.0314,0.0464,0.15,0.0586,0.7521,none
4b,base,healthy_q8,routed_tri_structural_60,low,1400,0.9429,0.845,0.9761,0.9907,0.0171,0.0321,0.0779,0.04,0.8252,none
4b,base,healthy_q8,routed_tri_structural_60,medium,1400,0.9629,0.8343,0.9721,0.9886,0.0264,0.0379,0.1057,0.0471,0.808,none
4b,base,healthy_q8,routed_tri_structural_65,extreme,1400,0.9507,0.7314,0.9599,0.9929,0.0421,0.07,0.1943,0.0607,0.6862,none
4b,base,healthy_q8,routed_tri_structural_65,high,1400,0.9593,0.7836,0.9652,0.9857,0.0343,0.0464,0.1529,0.0543,0.7491,none
4b,base,healthy_q8,routed_tri_structural_65,low,1400,0.9343,0.8279,0.9715,0.9907,0.025,0.0221,0.0979,0.0421,0.806,none
4b,base,healthy_q8,routed_tri_structural_65,medium,1400,0.9557,0.8229,0.9697,0.9864,0.0286,0.0279,0.1221,0.0479,0.7965,none
4b,base,healthy_q8,stability_first_tri_70,extreme,1400,0.945,0.72,0.9575,0.9943,0.0493,0.0593,0.2093,0.06,0.6736,none
4b,base,healthy_q8,stability_first_tri_70,high,1400,0.95,0.7936,0.9628,0.9857,0.0393,0.0386,0.1464,0.0614,0.7593,none
4b,base,healthy_q8,stability_first_tri_70,low,1400,0.9436,0.8521,0.9752,0.9879,0.0207,0.0186,0.08,0.0364,0.834,none
4b,base,healthy_q8,stability_first_tri_70,medium,1400,0.9586,0.8236,0.9698,0.9864,0.0257,0.0386,0.1143,0.0536,0.7963,none
4b,degraded_instruct,collapsed_q2_edge,cognitive_structural_25_75,extreme,1400,0.0279,0.0157,0.189,0.5093,0.5814,0.0486,0.8943,3.4043,-0.4102,cascade
4b,degraded_instruct,collapsed_q2_edge,cognitive_structural_25_75,high,1400,0.0643,0.0457,0.2646,0.5736,0.4929,0.0243,0.5571,2.6643,-0.2848,cascade
4b,degraded_instruct,collapsed_q2_edge,cognitive_structural_25_75,low,1400,0.19,0.1479,0.5064,0.7029,0.2057,0.0121,0.305,1.3114,-0.0063,cascade
4b,degraded_instruct,collapsed_q2_edge,cognitive_structural_25_75,medium,1400,0.1286,0.1064,0.3776,0.6364,0.3486,0.0214,0.4193,2.1236,-0.1422,cascade
4b,degraded_instruct,collapsed_q2_edge,cyber_structural_25_75,extreme,1400,0.0421,0.0193,0.213,0.5121,0.6029,0.0564,0.83,3.155,-0.397,cascade
4b,degraded_instruct,collapsed_q2_edge,cyber_structural_25_75,high,1400,0.0907,0.0679,0.3018,0.6007,0.4629,0.0293,0.51,2.5429,-0.2448,cascade
4b,degraded_instruct,collapsed_q2_edge,cyber_structural_25_75,low,1400,0.205,0.1493,0.5217,0.7157,0.2164,0.0229,0.2693,1.2464,-0.0041,cascade
4b,degraded_instruct,collapsed_q2_edge,cyber_structural_25_75,medium,1400,0.1657,0.1371,0.4076,0.6279,0.3371,0.0221,0.3707,1.9736,-0.0968,cascade
4b,degraded_instruct,collapsed_q2_edge,q2_structural_amplifier,extreme,1400,0.3871,0.1279,0.6203,0.7236,0.2764,0.3643,0.76,0.875,-0.1325,distractor_capture
4b,degraded_instruct,collapsed_q2_edge,q2_structural_amplifier,high,1400,0.4371,0.2129,0.66,0.7721,0.2521,0.3171,0.5414,0.765,-0.0078,cascade
4b,degraded_instruct,collapsed_q2_edge,q2_structural_amplifier,low,1400,0.7136,0.42,0.8425,0.8543,0.1143,0.2343,0.2864,0.1864,0.3066,none
4b,degraded_instruct,collapsed_q2_edge,q2_structural_amplifier,medium,1400,0.57,0.315,0.7524,0.7979,0.1836,0.2536,0.4121,0.4764,0.1524,none
4b,degraded_instruct,collapsed_q2_edge,routed_tri_structural_60,extreme,1400,0.0693,0.0314,0.2793,0.5671,0.5171,0.08,0.8314,2.7907,-0.3458,cascade
4b,degraded_instruct,collapsed_q2_edge,routed_tri_structural_60,high,1400,0.1136,0.0764,0.3561,0.6493,0.4114,0.0557,0.5686,2.2621,-0.2167,cascade
4b,degraded_instruct,collapsed_q2_edge,routed_tri_structural_60,low,1400,0.2771,0.19,0.6051,0.7779,0.1786,0.0336,0.2914,1.0014,0.0563,low_score
4b,degraded_instruct,collapsed_q2_edge,routed_tri_structural_60,medium,1400,0.21,0.1629,0.4927,0.7186,0.2836,0.0479,0.4086,1.6571,-0.0473,cascade
4b,degraded_instruct,collapsed_q2_edge,routed_tri_structural_65,extreme,1400,0.0836,0.0471,0.3093,0.6036,0.4957,0.0929,0.8193,2.6164,-0.3165,cascade
4b,degraded_instruct,collapsed_q2_edge,routed_tri_structural_65,high,1400,0.1486,0.1029,0.3923,0.6586,0.4029,0.05,0.5529,2.0671,-0.1756,cascade
4b,degraded_instruct,collapsed_q2_edge,routed_tri_structural_65,low,1400,0.3214,0.2207,0.6344,0.7993,0.1814,0.0293,0.3157,0.9014,0.0901,none
4b,degraded_instruct,collapsed_q2_edge,routed_tri_structural_65,medium,1400,0.2386,0.1893,0.5072,0.7029,0.2679,0.0429,0.405,1.5793,-0.011,cascade
4b,degraded_instruct,collapsed_q2_edge,stability_first_tri_70,extreme,1400,0.1129,0.0536,0.3444,0.61,0.4693,0.0836,0.8414,2.4364,-0.2931,cascade
4b,degraded_instruct,collapsed_q2_edge,stability_first_tri_70,high,1400,0.1743,0.12,0.4261,0.6679,0.355,0.05,0.5236,1.9436,-0.1356,cascade
4b,degraded_instruct,collapsed_q2_edge,stability_first_tri_70,low,1400,0.3657,0.2664,0.6614,0.7936,0.1771,0.0257,0.2807,0.8107,0.1452,none
4b,degraded_instruct,collapsed_q2_edge,stability_first_tri_70,medium,1400,0.2671,0.21,0.5382,0.7086,0.2714,0.0386,0.405,1.4364,0.0166,cascade
4b,degraded_instruct,damaged_q2,cognitive_structural_25_75,extreme,1400,0.1829,0.0907,0.4338,0.6814,0.3629,0.0507,0.7629,2.1043,-0.1945,cascade
4b,degraded_instruct,damaged_q2,cognitive_structural_25_75,high,1400,0.2643,0.1971,0.5111,0.7329,0.3014,0.0229,0.485,1.65,-0.0192,cascade
4b,degraded_instruct,damaged_q2,cognitive_structural_25_75,low,1400,0.4529,0.34,0.7242,0.8371,0.1379,0.0079,0.2607,0.6629,0.2431,none
4b,degraded_instruct,damaged_q2,cognitive_structural_25_75,medium,1400,0.3807,0.2993,0.6223,0.7936,0.22,0.0136,0.3457,1.1786,0.144,none
4b,degraded_instruct,damaged_q2,cyber_structural_25_75,extreme,1400,0.2107,0.1129,0.4694,0.6743,0.3593,0.0593,0.6629,1.8993,-0.1548,cascade
4b,degraded_instruct,damaged_q2,cyber_structural_25_75,high,1400,0.3007,0.2114,0.5418,0.7357,0.2921,0.0314,0.4564,1.4829,0.0068,cascade
4b,degraded_instruct,damaged_q2,cyber_structural_25_75,low,1400,0.4557,0.3571,0.7185,0.8071,0.1393,0.02,0.2429,0.6571,0.2591,none
4b,degraded_instruct,damaged_q2,cyber_structural_25_75,medium,1400,0.4364,0.3379,0.6476,0.79,0.2071,0.0264,0.3221,1.0714,0.1911,none
4b,degraded_instruct,damaged_q2,q2_structural_amplifier,extreme,1400,0.6621,0.23,0.7934,0.8429,0.1857,0.3814,0.6307,0.1943,0.0378,distractor_capture
4b,degraded_instruct,damaged_q2,q2_structural_amplifier,high,1400,0.74,0.3214,0.8441,0.8814,0.1571,0.2957,0.46,0.1279,0.172,none
4b,degraded_instruct,damaged_q2,q2_structural_amplifier,low,1400,0.845,0.4893,0.9059,0.9393,0.0957,0.22,0.2779,0.0507,0.3918,none
4b,degraded_instruct,damaged_q2,q2_structural_amplifier,medium,1400,0.815,0.4379,0.8841,0.9021,0.1093,0.2479,0.3436,0.0793,0.324,none
4b,degraded_instruct,damaged_q2,routed_tri_structural_60,extreme,1400,0.3207,0.155,0.5663,0.755,0.2836,0.0786,0.7186,1.49,-0.0778,cascade
4b,degraded_instruct,damaged_q2,routed_tri_structural_60,high,1400,0.4214,0.2914,0.6363,0.8279,0.2429,0.0571,0.4486,1.1521,0.1137,none
4b,degraded_instruct,damaged_q2,routed_tri_structural_60,low,1400,0.5957,0.4307,0.8134,0.8879,0.1129,0.0321,0.2564,0.3993,0.3499,none
4b,degraded_instruct,damaged_q2,routed_tri_structural_60,medium,1400,0.5371,0.395,0.7339,0.8443,0.1636,0.0536,0.3271,0.775,0.2703,none
4b,degraded_instruct,damaged_q2,routed_tri_structural_65,extreme,1400,0.37,0.1786,0.6014,0.7621,0.2843,0.0786,0.6914,1.2757,-0.0415,cascade
4b,degraded_instruct,damaged_q2,routed_tri_structural_65,high,1400,0.4386,0.3,0.6623,0.8293,0.235,0.0379,0.4686,1.015,0.1337,none
4b,degraded_instruct,damaged_q2,routed_tri_structural_65,low,1400,0.6507,0.5043,0.8327,0.885,0.115,0.0243,0.2271,0.3293,0.4303,none
4b,degraded_instruct,damaged_q2,routed_tri_structural_65,medium,1400,0.555,0.39,0.7467,0.8429,0.1786,0.0543,0.3429,0.68,0.2641,none
4b,degraded_instruct,damaged_q2,stability_first_tri_70,extreme,1400,0.395,0.1986,0.6239,0.7707,0.2679,0.0843,0.6971,1.1743,-0.0131,cascade
4b,degraded_instruct,damaged_q2,stability_first_tri_70,high,1400,0.4857,0.3336,0.689,0.8207,0.2321,0.0364,0.4421,0.8743,0.1776,none
4b,degraded_instruct,damaged_q2,stability_first_tri_70,low,1400,0.715,0.5464,0.8638,0.9,0.0993,0.03,0.2279,0.2507,0.4799,none
4b,degraded_instruct,damaged_q2,stability_first_tri_70,medium,1400,0.6143,0.4471,0.7795,0.8457,0.1529,0.04,0.3257,0.5643,0.339,none
4b,degraded_instruct,damaged_q3,cognitive_structural_25_75,extreme,1400,0.7586,0.4271,0.8498,0.9143,0.1521,0.0521,0.4914,0.2914,0.3172,none
4b,degraded_instruct,damaged_q3,cognitive_structural_25_75,high,1400,0.7857,0.5679,0.8766,0.9329,0.125,0.0179,0.3307,0.2379,0.4884,none
4b,degraded_instruct,damaged_q3,cognitive_structural_25_75,low,1400,0.8936,0.7443,0.9533,0.9886,0.0693,0.0086,0.1736,0.0393,0.7059,none
4b,degraded_instruct,damaged_q3,cognitive_structural_25_75,medium,1400,0.8529,0.65,0.9216,0.965,0.095,0.0214,0.2429,0.1171,0.5919,none
4b,degraded_instruct,damaged_q3,cyber_structural_25_75,extreme,1400,0.7271,0.4564,0.8407,0.8757,0.1707,0.0636,0.4071,0.2936,0.3452,none
4b,degraded_instruct,damaged_q3,cyber_structural_25_75,high,1400,0.7764,0.5543,0.8692,0.9107,0.1286,0.0321,0.3229,0.2479,0.4711,none
4b,degraded_instruct,damaged_q3,cyber_structural_25_75,low,1400,0.8807,0.7436,0.9412,0.945,0.065,0.0136,0.1607,0.0557,0.7057,none
4b,degraded_instruct,damaged_q3,cyber_structural_25_75,medium,1400,0.8443,0.6586,0.908,0.9143,0.0929,0.0336,0.2221,0.1414,0.5992,none
4b,degraded_instruct,damaged_q3,q2_structural_amplifier,extreme,1400,0.8307,0.3114,0.8735,0.9714,0.1293,0.3564,0.5171,0.0493,0.1575,distractor_capture
4b,degraded_instruct,damaged_q3,q2_structural_amplifier,high,1400,0.8536,0.425,0.9018,0.9843,0.1136,0.2979,0.3493,0.0579,0.3005,none
4b,degraded_instruct,damaged_q3,q2_structural_amplifier,low,1400,0.8893,0.5721,0.9343,0.9907,0.0707,0.2064,0.2029,0.0386,0.4915,none
4b,degraded_instruct,damaged_q3,q2_structural_amplifier,medium,1400,0.8907,0.5086,0.9235,0.9943,0.0907,0.265,0.2443,0.0421,0.4067,none
4b,degraded_instruct,damaged_q3,routed_tri_structural_60,extreme,1400,0.8264,0.47,0.8929,0.9421,0.1279,0.0864,0.4586,0.1257,0.3714,none
4b,degraded_instruct,damaged_q3,routed_tri_structural_60,high,1400,0.8593,0.5821,0.9237,0.9693,0.1114,0.0607,0.3164,0.0657,0.508,none
4b,degraded_instruct,damaged_q3,routed_tri_structural_60,low,1400,0.9143,0.7271,0.9584,0.9936,0.0579,0.0321,0.1864,0.0329,0.6868,none
4b,degraded_instruct,damaged_q3,routed_tri_structural_60,medium,1400,0.8714,0.6664,0.9365,0.9836,0.1,0.045,0.2257,0.0621,0.6063,none
4b,degraded_instruct,damaged_q3,routed_tri_structural_65,extreme,1400,0.8221,0.4671,0.8972,0.945,0.1364,0.08,0.4479,0.0929,0.3697,none
4b,degraded_instruct,damaged_q3,routed_tri_structural_65,high,1400,0.865,0.6029,0.9223,0.9621,0.11,0.0571,0.295,0.0757,0.531,none
4b,degraded_instruct,damaged_q3,routed_tri_structural_65,low,1400,0.9071,0.7386,0.9574,0.9907,0.0629,0.0307,0.1714,0.0314,0.6983,none
4b,degraded_instruct,damaged_q3,routed_tri_structural_65,medium,1400,0.8971,0.7036,0.9453,0.9821,0.0764,0.0457,0.2057,0.0607,0.652,none
4b,degraded_instruct,damaged_q3,stability_first_tri_70,extreme,1400,0.8336,0.4921,0.9033,0.9557,0.1386,0.0714,0.4307,0.0736,0.3982,none
4b,degraded_instruct,damaged_q3,stability_first_tri_70,high,1400,0.8771,0.6114,0.9338,0.9829,0.1007,0.0507,0.2914,0.055,0.545,none
4b,degraded_instruct,damaged_q3,stability_first_tri_70,low,1400,0.9086,0.7436,0.9596,0.99,0.0536,0.0336,0.1564,0.0379,0.7064,none
4b,degraded_instruct,damaged_q3,stability_first_tri_70,medium,1400,0.8893,0.6807,0.9443,0.9914,0.09,0.035,0.2336,0.0457,0.6257,none
4b,degraded_instruct,damaged_q4,cognitive_structural_25_75,extreme,1400,0.8936,0.58,0.9301,0.9864,0.0943,0.0486,0.385,0.0586,0.5083,none
4b,degraded_instruct,damaged_q4,cognitive_structural_25_75,high,1400,0.9029,0.6929,0.943,0.99,0.0821,0.0214,0.2507,0.0614,0.6408,none
4b,degraded_instruct,damaged_q4,cognitive_structural_25_75,low,1400,0.9336,0.7886,0.9669,0.99,0.0436,0.0164,0.1479,0.0257,0.7591,none
4b,degraded_instruct,damaged_q4,cognitive_structural_25_75,medium,1400,0.9221,0.7514,0.9546,0.9871,0.0643,0.0186,0.1829,0.0479,0.7114,none
4b,degraded_instruct,damaged_q4,cyber_structural_25_75,extreme,1400,0.8693,0.5807,0.9207,0.9543,0.1036,0.07,0.3357,0.0729,0.5051,none
4b,degraded_instruct,damaged_q4,cyber_structural_25_75,high,1400,0.8943,0.6757,0.9372,0.9707,0.09,0.0371,0.2414,0.0593,0.619,none
4b,degraded_instruct,damaged_q4,cyber_structural_25_75,low,1400,0.9186,0.7964,0.9641,0.9871,0.0436,0.0164,0.1264,0.0379,0.7681,none
4b,degraded_instruct,damaged_q4,cyber_structural_25_75,medium,1400,0.915,0.7479,0.9547,0.9893,0.0671,0.0414,0.1629,0.0521,0.7038,none
4b,degraded_instruct,damaged_q4,q2_structural_amplifier,extreme,1400,0.8493,0.365,0.8898,0.9879,0.1114,0.36,0.3771,0.0607,0.2264,none
4b,degraded_instruct,damaged_q4,q2_structural_amplifier,high,1400,0.8936,0.4507,0.9189,0.9893,0.0793,0.3164,0.2943,0.0436,0.3379,none
4b,degraded_instruct,damaged_q4,q2_structural_amplifier,low,1400,0.8921,0.5914,0.9364,0.9879,0.0636,0.2243,0.1664,0.0421,0.5121,none
4b,degraded_instruct,damaged_q4,q2_structural_amplifier,medium,1400,0.9043,0.525,0.929,0.9921,0.0693,0.2764,0.2307,0.0464,0.4282,none
4b,degraded_instruct,damaged_q4,routed_tri_structural_60,extreme,1400,0.8871,0.5336,0.9279,0.9907,0.0979,0.0936,0.4014,0.0564,0.4506,none
4b,degraded_instruct,damaged_q4,routed_tri_structural_60,high,1400,0.9,0.65,0.9416,0.9864,0.0857,0.045,0.2586,0.0564,0.5918,none
4b,degraded_instruct,damaged_q4,routed_tri_structural_60,low,1400,0.9214,0.7793,0.9637,0.99,0.05,0.0336,0.1329,0.0336,0.7453,none
4b,degraded_instruct,damaged_q4,routed_tri_structural_60,medium,1400,0.9257,0.7507,0.9586,0.9921,0.0593,0.0379,0.1714,0.045,0.7094,none
4b,degraded_instruct,damaged_q4,routed_tri_structural_65,extreme,1400,0.8993,0.5664,0.9319,0.9907,0.09,0.0707,0.3721,0.0629,0.4924,none
4b,degraded_instruct,damaged_q4,routed_tri_structural_65,high,1400,0.8914,0.6557,0.9399,0.9843,0.0886,0.0421,0.2607,0.0564,0.597,none
4b,degraded_instruct,damaged_q4,routed_tri_structural_65,low,1400,0.92,0.7729,0.9631,0.9893,0.0386,0.0336,0.1393,0.0464,0.7411,none
4b,degraded_instruct,damaged_q4,routed_tri_structural_65,medium,1400,0.9293,0.7436,0.9576,0.9914,0.0586,0.0386,0.1786,0.0479,0.7016,none
4b,degraded_instruct,damaged_q4,stability_first_tri_70,extreme,1400,0.89,0.5936,0.9326,0.9893,0.1014,0.0686,0.3293,0.055,0.5203,none
4b,degraded_instruct,damaged_q4,stability_first_tri_70,high,1400,0.9129,0.6807,0.95,0.9929,0.0736,0.0443,0.2436,0.0443,0.6281,none
4b,degraded_instruct,damaged_q4,stability_first_tri_70,low,1400,0.9036,0.775,0.9587,0.9893,0.0564,0.0221,0.135,0.0436,0.7407,none
4b,degraded_instruct,damaged_q4,stability_first_tri_70,medium,1400,0.9207,0.7364,0.9556,0.9893,0.06,0.0486,0.1764,0.0536,0.6919,none
4b,degraded_instruct,healthy_q6,cognitive_structural_25_75,extreme,1400,0.9121,0.6629,0.9439,0.9886,0.0757,0.0586,0.26,0.0629,0.6045,none
4b,degraded_instruct,healthy_q6,cognitive_structural_25_75,high,1400,0.9293,0.7457,0.9562,0.9943,0.06,0.0214,0.1986,0.0521,0.7049,none
4b,degraded_instruct,healthy_q6,cognitive_structural_25_75,low,1400,0.9364,0.8293,0.9712,0.9886,0.0264,0.005,0.1129,0.0371,0.8095,none
4b,degraded_instruct,healthy_q6,cognitive_structural_25_75,medium,1400,0.935,0.8086,0.9611,0.9864,0.0479,0.0214,0.1286,0.0579,0.7768,none
4b,degraded_instruct,healthy_q6,cyber_structural_25_75,extreme,1400,0.9257,0.685,0.95,0.9936,0.0686,0.055,0.2393,0.0564,0.6315,none
4b,degraded_instruct,healthy_q6,cyber_structural_25_75,high,1400,0.935,0.7443,0.9567,0.9957,0.055,0.0314,0.2057,0.0564,0.7022,none
4b,degraded_instruct,healthy_q6,cyber_structural_25_75,low,1400,0.925,0.8243,0.9683,0.99,0.035,0.0157,0.0979,0.0429,0.8007,none
4b,degraded_instruct,healthy_q6,cyber_structural_25_75,medium,1400,0.9371,0.7964,0.9617,0.9929,0.0493,0.0221,0.1371,0.0579,0.7633,none
4b,degraded_instruct,healthy_q6,q2_structural_amplifier,extreme,1400,0.8807,0.3929,0.8995,0.9857,0.0829,0.3921,0.3264,0.0571,0.2606,none
4b,degraded_instruct,healthy_q6,q2_structural_amplifier,high,1400,0.9171,0.5164,0.9279,0.9914,0.0607,0.3121,0.245,0.0479,0.4138,none
4b,degraded_instruct,healthy_q6,q2_structural_amplifier,low,1400,0.9164,0.6329,0.9454,0.9871,0.0443,0.2157,0.1357,0.0407,0.5635,none
4b,degraded_instruct,healthy_q6,q2_structural_amplifier,medium,1400,0.9279,0.5764,0.9415,0.9929,0.0514,0.2664,0.1679,0.0386,0.4924,none
4b,degraded_instruct,healthy_q6,routed_tri_structural_60,extreme,1400,0.9271,0.67,0.9501,0.9886,0.0643,0.0729,0.2457,0.0529,0.6138,none
4b,degraded_instruct,healthy_q6,routed_tri_structural_60,high,1400,0.94,0.7264,0.9583,0.9943,0.0514,0.0471,0.2014,0.0543,0.6827,none
4b,degraded_instruct,healthy_q6,routed_tri_structural_60,low,1400,0.935,0.8079,0.9706,0.9914,0.03,0.0307,0.1157,0.0364,0.7816,none
4b,degraded_instruct,healthy_q6,routed_tri_structural_60,medium,1400,0.9457,0.785,0.9659,0.9907,0.0371,0.0521,0.1321,0.0536,0.7502,none
4b,degraded_instruct,healthy_q6,routed_tri_structural_65,extreme,1400,0.9336,0.6607,0.95,0.9914,0.0571,0.0757,0.2614,0.0636,0.6043,none
4b,degraded_instruct,healthy_q6,routed_tri_structural_65,high,1400,0.9293,0.7479,0.9591,0.9921,0.0607,0.05,0.1679,0.045,0.704,none
4b,degraded_instruct,healthy_q6,routed_tri_structural_65,low,1400,0.9293,0.8107,0.9681,0.9857,0.0321,0.0293,0.1107,0.0386,0.7844,none
4b,degraded_instruct,healthy_q6,routed_tri_structural_65,medium,1400,0.9543,0.8029,0.9684,0.9886,0.0364,0.0371,0.1307,0.0421,0.7719,none
4b,degraded_instruct,healthy_q6,stability_first_tri_70,extreme,1400,0.92,0.6707,0.9479,0.995,0.0693,0.065,0.2386,0.0693,0.6144,none
4b,degraded_instruct,healthy_q6,stability_first_tri_70,high,1400,0.93,0.7493,0.9566,0.99,0.0614,0.0436,0.1764,0.0514,0.7055,none
4b,degraded_instruct,healthy_q6,stability_first_tri_70,low,1400,0.9307,0.8186,0.9696,0.9886,0.0293,0.0264,0.1007,0.0421,0.7943,none
4b,degraded_instruct,healthy_q6,stability_first_tri_70,medium,1400,0.9493,0.7871,0.9674,0.9921,0.0379,0.0421,0.1371,0.0457,0.7541,none
4b,degraded_instruct,healthy_q8,cognitive_structural_25_75,extreme,1400,0.9407,0.6886,0.9532,0.99,0.055,0.0543,0.2386,0.0557,0.6393,none
4b,degraded_instruct,healthy_q8,cognitive_structural_25_75,high,1400,0.9557,0.8086,0.9661,0.9886,0.0371,0.0157,0.1514,0.0486,0.7797,none
4b,degraded_instruct,healthy_q8,cognitive_structural_25_75,low,1400,0.9529,0.8536,0.9767,0.9879,0.0164,0.0114,0.0971,0.0307,0.837,none
4b,degraded_instruct,healthy_q8,cognitive_structural_25_75,medium,1400,0.9636,0.8443,0.9711,0.9929,0.0279,0.0171,0.1143,0.0521,0.8208,none
4b,degraded_instruct,healthy_q8,cyber_structural_25_75,extreme,1400,0.9521,0.7071,0.9566,0.9871,0.0421,0.0779,0.21,0.0671,0.6588,none
4b,degraded_instruct,healthy_q8,cyber_structural_25_75,high,1400,0.9579,0.7936,0.9662,0.9886,0.035,0.0371,0.1471,0.0521,0.7613,none
4b,degraded_instruct,healthy_q8,cyber_structural_25_75,low,1400,0.9521,0.8729,0.9788,0.9886,0.0193,0.0193,0.0679,0.0293,0.8563,none
4b,degraded_instruct,healthy_q8,cyber_structural_25_75,medium,1400,0.9557,0.8414,0.9724,0.9886,0.0343,0.0264,0.1064,0.0336,0.8157,none
4b,degraded_instruct,healthy_q8,q2_structural_amplifier,extreme,1400,0.9064,0.4693,0.9129,0.995,0.0693,0.3414,0.2836,0.0614,0.3545,none
4b,degraded_instruct,healthy_q8,q2_structural_amplifier,high,1400,0.9243,0.535,0.9323,0.99,0.0486,0.3036,0.1971,0.0636,0.4408,none
4b,degraded_instruct,healthy_q8,q2_structural_amplifier,low,1400,0.9086,0.6443,0.9456,0.9879,0.05,0.1979,0.1293,0.04,0.5774,none
4b,degraded_instruct,healthy_q8,q2_structural_amplifier,medium,1400,0.9336,0.5871,0.9431,0.9907,0.0464,0.2457,0.1743,0.0407,0.5081,none
4b,degraded_instruct,healthy_q8,routed_tri_structural_60,extreme,1400,0.94,0.6929,0.9542,0.9836,0.0493,0.0971,0.2129,0.0579,0.6387,none
4b,degraded_instruct,healthy_q8,routed_tri_structural_60,high,1400,0.9571,0.7764,0.9663,0.9879,0.0336,0.0543,0.1614,0.0486,0.7402,none
4b,degraded_instruct,healthy_q8,routed_tri_structural_60,low,1400,0.94,0.8293,0.9745,0.9921,0.02,0.035,0.085,0.0421,0.8074,none
4b,degraded_instruct,healthy_q8,routed_tri_structural_60,medium,1400,0.9514,0.8043,0.968,0.9921,0.0321,0.045,0.1236,0.0564,0.7729,none
4b,degraded_instruct,healthy_q8,routed_tri_structural_65,extreme,1400,0.9486,0.7064,0.9548,0.9836,0.0436,0.0743,0.2186,0.0664,0.6577,none
4b,degraded_instruct,healthy_q8,routed_tri_structural_65,high,1400,0.9436,0.7414,0.9613,0.99,0.0464,0.0593,0.1764,0.0514,0.699,none
4b,degraded_instruct,healthy_q8,routed_tri_structural_65,low,1400,0.9521,0.8357,0.9758,0.9879,0.02,0.0293,0.0986,0.03,0.8145,none
4b,degraded_instruct,healthy_q8,routed_tri_structural_65,medium,1400,0.9686,0.835,0.9751,0.9893,0.0171,0.0471,0.1036,0.0471,0.8098,none
4b,degraded_instruct,healthy_q8,stability_first_tri_70,extreme,1400,0.9379,0.695,0.9544,0.9879,0.0564,0.0714,0.2164,0.0521,0.6439,none
4b,degraded_instruct,healthy_q8,stability_first_tri_70,high,1400,0.9586,0.7821,0.9641,0.9871,0.0279,0.0436,0.1707,0.065,0.7482,none
4b,degraded_instruct,healthy_q8,stability_first_tri_70,low,1400,0.95,0.8421,0.9785,0.9936,0.0221,0.0271,0.0879,0.0257,0.8218,none
4b,degraded_instruct,healthy_q8,stability_first_tri_70,medium,1400,0.96,0.8329,0.9715,0.9929,0.0293,0.0336,0.1129,0.0479,0.8059,none
4b,instruct,collapsed_q2_edge,cognitive_structural_25_75,extreme,1400,0.0171,0.0114,0.1431,0.4629,0.6236,0.0421,0.9021,3.6893,-0.4407,cascade
4b,instruct,collapsed_q2_edge,cognitive_structural_25_75,high,1400,0.0429,0.0307,0.2119,0.5286,0.5193,0.02,0.5657,2.9943,-0.324,cascade
4b,instruct,collapsed_q2_edge,cognitive_structural_25_75,low,1400,0.1407,0.0993,0.4441,0.6507,0.2393,0.0064,0.31,1.4714,-0.0722,cascade
4b,instruct,collapsed_q2_edge,cognitive_structural_25_75,medium,1400,0.0857,0.0693,0.3211,0.5829,0.3743,0.0121,0.4521,2.3257,-0.1979,cascade
4b,instruct,collapsed_q2_edge,cyber_structural_25_75,extreme,1400,0.02,0.0121,0.1549,0.4586,0.6629,0.055,0.8557,3.5207,-0.4422,cascade
4b,instruct,collapsed_q2_edge,cyber_structural_25_75,high,1400,0.0414,0.0293,0.2211,0.5271,0.51,0.0193,0.5329,2.9114,-0.3158,cascade
4b,instruct,collapsed_q2_edge,cyber_structural_25_75,low,1400,0.1364,0.0943,0.4406,0.6314,0.2464,0.0136,0.3086,1.46,-0.08,classification_miss
4b,instruct,collapsed_q2_edge,cyber_structural_25_75,medium,1400,0.1179,0.0921,0.3548,0.61,0.3643,0.0243,0.4214,2.2057,-0.166,cascade
4b,instruct,collapsed_q2_edge,q2_structural_amplifier,extreme,1400,0.2507,0.09,0.5047,0.6314,0.3357,0.3429,0.8236,1.3936,-0.2148,cascade
4b,instruct,collapsed_q2_edge,q2_structural_amplifier,high,1400,0.3471,0.1729,0.5853,0.7064,0.2521,0.2743,0.5607,1.1136,-0.0582,cascade
4b,instruct,collapsed_q2_edge,q2_structural_amplifier,low,1400,0.5829,0.345,0.7717,0.7921,0.1443,0.2029,0.3229,0.3629,0.2172,none
4b,instruct,collapsed_q2_edge,q2_structural_amplifier,medium,1400,0.4843,0.2693,0.6921,0.7607,0.2007,0.2564,0.4221,0.6993,0.089,none
4b,instruct,collapsed_q2_edge,routed_tri_structural_60,extreme,1400,0.0393,0.0193,0.2067,0.5093,0.5836,0.0657,0.8779,3.215,-0.3999,cascade
4b,instruct,collapsed_q2_edge,routed_tri_structural_60,high,1400,0.0671,0.0429,0.2848,0.59,0.4607,0.0379,0.5707,2.5829,-0.2777,cascade
4b,instruct,collapsed_q2_edge,routed_tri_structural_60,low,1400,0.2064,0.1457,0.5288,0.7079,0.2136,0.0243,0.3114,1.195,-0.0079,cascade
4b,instruct,collapsed_q2_edge,routed_tri_structural_60,medium,1400,0.1521,0.1271,0.4138,0.65,0.3143,0.0286,0.4257,1.9693,-0.1054,cascade
4b,instruct,collapsed_q2_edge,routed_tri_structural_65,extreme,1400,0.0607,0.0279,0.2409,0.5086,0.5436,0.0643,0.8714,3.025,-0.369,cascade
4b,instruct,collapsed_q2_edge,routed_tri_structural_65,high,1400,0.1007,0.0679,0.318,0.5657,0.4243,0.04,0.5393,2.4236,-0.2318,cascade
4b,instruct,collapsed_q2_edge,routed_tri_structural_65,low,1400,0.2393,0.1764,0.5644,0.7321,0.2129,0.0171,0.2979,1.085,0.0311,cascade
4b,instruct,collapsed_q2_edge,routed_tri_structural_65,medium,1400,0.1536,0.1257,0.4188,0.6371,0.325,0.0314,0.4279,1.9114,-0.1079,cascade
4b,instruct,collapsed_q2_edge,stability_first_tri_70,extreme,1400,0.0671,0.0286,0.2709,0.5414,0.5071,0.0607,0.8171,2.8636,-0.3443,cascade
4b,instruct,collapsed_q2_edge,stability_first_tri_70,high,1400,0.1243,0.0943,0.3449,0.5971,0.4186,0.03,0.5729,2.2736,-0.1968,cascade
4b,instruct,collapsed_q2_edge,stability_first_tri_70,low,1400,0.2814,0.2114,0.5885,0.7264,0.1864,0.0236,0.3093,1.0086,0.0756,none
4b,instruct,collapsed_q2_edge,stability_first_tri_70,medium,1400,0.2164,0.1621,0.4917,0.7029,0.2814,0.03,0.4379,1.65,-0.0458,cascade
4b,instruct,damaged_q2,cognitive_structural_25_75,extreme,1400,0.145,0.0779,0.3916,0.6314,0.3886,0.0436,0.7129,2.3114,-0.22,cascade
4b,instruct,damaged_q2,cognitive_structural_25_75,high,1400,0.2036,0.15,0.4525,0.6821,0.3357,0.0121,0.4879,1.8707,-0.0857,cascade
4b,instruct,damaged_q2,cognitive_structural_25_75,low,1400,0.3743,0.2864,0.6803,0.7893,0.1421,0.0036,0.2586,0.7779,0.1835,none
4b,instruct,damaged_q2,cognitive_structural_25_75,medium,1400,0.2871,0.2343,0.549,0.7107,0.2436,0.0093,0.3507,1.42,0.0603,cascade
4b,instruct,damaged_q2,cyber_structural_25_75,extreme,1400,0.1671,0.0779,0.4104,0.6221,0.3821,0.0443,0.6586,2.2064,-0.2086,cascade
4b,instruct,damaged_q2,cyber_structural_25_75,high,1400,0.2279,0.1557,0.4711,0.6829,0.3164,0.0193,0.4743,1.785,-0.0703,cascade
4b,instruct,damaged_q2,cyber_structural_25_75,low,1400,0.3893,0.3007,0.6793,0.7936,0.15,0.0079,0.255,0.7621,0.1956,none
4b,instruct,damaged_q2,cyber_structural_25_75,medium,1400,0.3336,0.2679,0.584,0.7193,0.2179,0.0179,0.3371,1.3157,0.1062,none
4b,instruct,damaged_q2,q2_structural_amplifier,extreme,1400,0.535,0.1829,0.7238,0.77,0.2393,0.355,0.7007,0.4,-0.036,distractor_capture
4b,instruct,damaged_q2,q2_structural_amplifier,high,1400,0.6393,0.2786,0.7834,0.8286,0.1807,0.295,0.52,0.3186,0.1078,distractor_capture
4b,instruct,damaged_q2,q2_structural_amplifier,low,1400,0.825,0.5086,0.8925,0.895,0.1086,0.22,0.2607,0.0557,0.4084,none
4b,instruct,damaged_q2,q2_structural_amplifier,medium,1400,0.7421,0.4021,0.8479,0.855,0.1436,0.2429,0.3643,0.1479,0.274,none
4b,instruct,damaged_q2,routed_tri_structural_60,extreme,1400,0.2071,0.0971,0.4752,0.6936,0.3571,0.0707,0.7014,1.8607,-0.1733,cascade
4b,instruct,damaged_q2,routed_tri_structural_60,high,1400,0.305,0.2107,0.5552,0.735,0.2543,0.0443,0.4657,1.4693,0.0149,cascade
4b,instruct,damaged_q2,routed_tri_structural_60,low,1400,0.4693,0.3464,0.7322,0.8343,0.1386,0.0307,0.2671,0.6207,0.2463,none
4b,instruct,damaged_q2,routed_tri_structural_60,medium,1400,0.4007,0.3007,0.6472,0.79,0.1971,0.0364,0.3429,1.0814,0.1528,none
4b,instruct,damaged_q2,routed_tri_structural_65,extreme,1400,0.2564,0.1236,0.5126,0.6993,0.3093,0.0636,0.7086,1.7071,-0.124,cascade
4b,instruct,damaged_q2,routed_tri_structural_65,high,1400,0.31,0.2164,0.565,0.7479,0.2771,0.0293,0.48,1.3779,0.0201,cascade
4b,instruct,damaged_q2,routed_tri_structural_65,low,1400,0.5536,0.4207,0.786,0.8529,0.1236,0.0221,0.2479,0.4564,0.3366,none
4b,instruct,damaged_q2,routed_tri_structural_65,medium,1400,0.4479,0.3543,0.6792,0.7886,0.1929,0.0293,0.3343,0.9321,0.2172,none
4b,instruct,damaged_q2,stability_first_tri_70,extreme,1400,0.305,0.1507,0.5458,0.7157,0.2971,0.0621,0.7093,1.5364,-0.0844,cascade
4b,instruct,damaged_q2,stability_first_tri_70,high,1400,0.3821,0.27,0.6136,0.7486,0.2314,0.0343,0.4529,1.2,0.0975,none
4b,instruct,damaged_q2,stability_first_tri_70,low,1400,0.5964,0.4707,0.8063,0.8607,0.1036,0.0179,0.2414,0.4079,0.3964,none
4b,instruct,damaged_q2,stability_first_tri_70,medium,1400,0.4964,0.375,0.71,0.8071,0.1964,0.0257,0.34,0.7907,0.2442,none
4b,instruct,damaged_q3,cognitive_structural_25_75,extreme,1400,0.665,0.3893,0.7927,0.88,0.1771,0.0407,0.4679,0.5536,0.2629,none
4b,instruct,damaged_q3,cognitive_structural_25_75,high,1400,0.73,0.5421,0.8376,0.9136,0.1379,0.0114,0.3321,0.3943,0.4522,none
4b,instruct,damaged_q3,cognitive_structural_25_75,low,1400,0.8529,0.7093,0.9327,0.9543,0.0693,0.0086,0.18,0.0836,0.6682,none
4b,instruct,damaged_q3,cognitive_structural_25_75,medium,1400,0.7857,0.6257,0.8829,0.9271,0.11,0.0143,0.2321,0.2443,0.5591,none
4b,instruct,damaged_q3,cyber_structural_25_75,extreme,1400,0.6779,0.3971,0.8018,0.8357,0.1671,0.045,0.4779,0.4557,0.277,none
4b,instruct,damaged_q3,cyber_structural_25_75,high,1400,0.7257,0.5414,0.8372,0.8721,0.1207,0.0229,0.3143,0.3807,0.4565,none
4b,instruct,damaged_q3,cyber_structural_25_75,low,1400,0.8293,0.7043,0.9145,0.9114,0.0764,0.0107,0.1621,0.1107,0.6607,none
4b,instruct,damaged_q3,cyber_structural_25_75,medium,1400,0.7979,0.6271,0.8863,0.9064,0.1014,0.0157,0.2386,0.2171,0.5636,none
4b,instruct,damaged_q3,q2_structural_amplifier,extreme,1400,0.8029,0.3243,0.8608,0.93,0.1343,0.3586,0.5136,0.0593,0.1682,distractor_capture
4b,instruct,damaged_q3,q2_structural_amplifier,high,1400,0.8343,0.4107,0.8954,0.9679,0.1286,0.2936,0.365,0.045,0.282,none
4b,instruct,damaged_q3,q2_structural_amplifier,low,1400,0.8814,0.5586,0.9298,0.9864,0.0821,0.2021,0.2207,0.0364,0.474,none
4b,instruct,damaged_q3,q2_structural_amplifier,medium,1400,0.8707,0.5107,0.9182,0.9807,0.105,0.2471,0.25,0.0379,0.4079,none
4b,instruct,damaged_q3,routed_tri_structural_60,extreme,1400,0.7729,0.4393,0.8587,0.8943,0.1371,0.0636,0.4971,0.2386,0.3337,none
4b,instruct,damaged_q3,routed_tri_structural_60,high,1400,0.8143,0.5686,0.8908,0.9264,0.1136,0.0336,0.3421,0.1721,0.4918,none
4b,instruct,damaged_q3,routed_tri_structural_60,low,1400,0.8864,0.7229,0.9468,0.9729,0.0764,0.0164,0.1921,0.0364,0.6794,none
4b,instruct,damaged_q3,routed_tri_structural_60,medium,1400,0.8557,0.655,0.9277,0.9521,0.0957,0.0421,0.2214,0.0786,0.5962,none
4b,instruct,damaged_q3,routed_tri_structural_65,extreme,1400,0.7664,0.44,0.8626,0.8971,0.1464,0.075,0.4671,0.2143,0.333,none
4b,instruct,damaged_q3,routed_tri_structural_65,high,1400,0.8143,0.5621,0.8981,0.9314,0.1214,0.0336,0.325,0.1343,0.4863,none
4b,instruct,damaged_q3,routed_tri_structural_65,low,1400,0.8936,0.7564,0.9529,0.98,0.0621,0.0157,0.1536,0.0457,0.7201,none
4b,instruct,damaged_q3,routed_tri_structural_65,medium,1400,0.87,0.6779,0.929,0.9479,0.09,0.0257,0.2264,0.0757,0.6238,none
4b,instruct,damaged_q3,stability_first_tri_70,extreme,1400,0.7943,0.4514,0.8815,0.9143,0.1357,0.0629,0.485,0.1329,0.3527,none
4b,instruct,damaged_q3,stability_first_tri_70,high,1400,0.8371,0.6064,0.9101,0.9386,0.1236,0.0329,0.295,0.09,0.5347,none
4b,instruct,damaged_q3,stability_first_tri_70,low,1400,0.885,0.7207,0.9483,0.9807,0.07,0.0193,0.1779,0.0486,0.6792,none
4b,instruct,damaged_q3,stability_first_tri_70,medium,1400,0.8636,0.6771,0.9293,0.9586,0.0957,0.0293,0.2279,0.0771,0.6205,none
4b,instruct,damaged_q4,cognitive_structural_25_75,extreme,1400,0.87,0.5493,0.9157,0.9629,0.1021,0.0436,0.4186,0.0871,0.4721,none
4b,instruct,damaged_q4,cognitive_structural_25_75,high,1400,0.9,0.6836,0.942,0.9836,0.0836,0.01,0.2543,0.055,0.6334,none
4b,instruct,damaged_q4,cognitive_structural_25_75,low,1400,0.9057,0.7693,0.959,0.9921,0.055,0.0043,0.1529,0.0407,0.7377,none
4b,instruct,damaged_q4,cognitive_structural_25_75,medium,1400,0.9064,0.74,0.9511,0.9886,0.065,0.0179,0.1843,0.0629,0.699,none
4b,instruct,damaged_q4,cyber_structural_25_75,extreme,1400,0.8457,0.5671,0.912,0.9371,0.1114,0.0514,0.3429,0.0886,0.4916,none
4b,instruct,damaged_q4,cyber_structural_25_75,high,1400,0.88,0.6736,0.9293,0.9543,0.0914,0.0236,0.2436,0.0779,0.618,none
4b,instruct,damaged_q4,cyber_structural_25_75,low,1400,0.9079,0.7779,0.9596,0.9836,0.05,0.0157,0.1364,0.0414,0.7467,none
4b,instruct,damaged_q4,cyber_structural_25_75,medium,1400,0.8993,0.7307,0.944,0.97,0.0771,0.0236,0.1821,0.0621,0.6852,none
4b,instruct,damaged_q4,q2_structural_amplifier,extreme,1400,0.85,0.3664,0.8881,0.9893,0.1079,0.3407,0.4307,0.0686,0.228,none
4b,instruct,damaged_q4,q2_structural_amplifier,high,1400,0.8671,0.485,0.913,0.9921,0.1064,0.27,0.2779,0.0586,0.3739,none
4b,instruct,damaged_q4,q2_structural_amplifier,low,1400,0.8943,0.6136,0.94,0.9921,0.0586,0.1893,0.1664,0.0479,0.5424,none
4b,instruct,damaged_q4,q2_structural_amplifier,medium,1400,0.9093,0.5636,0.9339,0.995,0.0736,0.2436,0.2107,0.0393,0.474,none
4b,instruct,damaged_q4,routed_tri_structural_60,extreme,1400,0.87,0.5614,0.9193,0.9771,0.1086,0.0636,0.3857,0.0836,0.4811,none
4b,instruct,damaged_q4,routed_tri_structural_60,high,1400,0.8993,0.6679,0.9429,0.9907,0.0864,0.0407,0.2564,0.0536,0.6106,none
4b,instruct,damaged_q4,routed_tri_structural_60,low,1400,0.9179,0.7679,0.9629,0.9921,0.055,0.0286,0.145,0.0286,0.7326,none
4b,instruct,damaged_q4,routed_tri_structural_60,medium,1400,0.9157,0.7121,0.9508,0.9879,0.0671,0.0386,0.2064,0.0543,0.6651,none
4b,instruct,damaged_q4,routed_tri_structural_65,extreme,1400,0.8993,0.5771,0.9311,0.9864,0.0871,0.0621,0.375,0.0679,0.5052,none
4b,instruct,damaged_q4,routed_tri_structural_65,high,1400,0.91,0.6443,0.94,0.99,0.08,0.0386,0.295,0.0643,0.5858,none
4b,instruct,damaged_q4,routed_tri_structural_65,low,1400,0.9171,0.7779,0.9627,0.9871,0.0464,0.0229,0.14,0.0364,0.7463,none
4b,instruct,damaged_q4,routed_tri_structural_65,medium,1400,0.8964,0.7286,0.9486,0.9879,0.085,0.0393,0.1693,0.0507,0.6791,none
4b,instruct,damaged_q4,stability_first_tri_70,extreme,1400,0.8829,0.555,0.9249,0.9893,0.1086,0.055,0.4,0.0593,0.4765,none
4b,instruct,damaged_q4,stability_first_tri_70,high,1400,0.905,0.6536,0.9443,0.9957,0.0836,0.0264,0.2821,0.0471,0.5983,none
4b,instruct,damaged_q4,stability_first_tri_70,low,1400,0.9207,0.8064,0.967,0.9921,0.0514,0.0171,0.1136,0.0271,0.7771,none
4b,instruct,damaged_q4,stability_first_tri_70,medium,1400,0.9229,0.7514,0.9582,0.9943,0.0643,0.0279,0.175,0.0407,0.7105,none
4b,instruct,healthy_q6,cognitive_structural_25_75,extreme,1400,0.9186,0.6729,0.9455,0.9929,0.0757,0.045,0.2607,0.0607,0.6172,none
4b,instruct,healthy_q6,cognitive_structural_25_75,high,1400,0.9286,0.7543,0.9539,0.9864,0.0543,0.0129,0.1979,0.0643,0.7164,none
4b,instruct,healthy_q6,cognitive_structural_25_75,low,1400,0.935,0.815,0.9683,0.9864,0.0336,0.0057,0.1236,0.0343,0.7922,none
4b,instruct,healthy_q6,cognitive_structural_25_75,medium,1400,0.93,0.8029,0.9607,0.99,0.055,0.01,0.1407,0.0486,0.7707,none
4b,instruct,healthy_q6,cyber_structural_25_75,extreme,1400,0.9164,0.6714,0.945,0.9921,0.0779,0.0521,0.2636,0.0564,0.6137,none
4b,instruct,healthy_q6,cyber_structural_25_75,high,1400,0.9364,0.7579,0.9587,0.9893,0.0557,0.0243,0.1764,0.0479,0.7198,none
4b,instruct,healthy_q6,cyber_structural_25_75,low,1400,0.915,0.8107,0.9635,0.9879,0.0471,0.01,0.1136,0.0407,0.7835,none
4b,instruct,healthy_q6,cyber_structural_25_75,medium,1400,0.93,0.7921,0.9618,0.9893,0.0543,0.0207,0.1386,0.0443,0.7584,none
4b,instruct,healthy_q6,q2_structural_amplifier,extreme,1400,0.8893,0.4314,0.9075,0.9914,0.0821,0.3357,0.3229,0.0514,0.3112,none
4b,instruct,healthy_q6,q2_structural_amplifier,high,1400,0.9036,0.5207,0.9245,0.9929,0.0779,0.285,0.245,0.0514,0.4182,none
4b,instruct,healthy_q6,q2_structural_amplifier,low,1400,0.915,0.6164,0.945,0.9929,0.0521,0.2014,0.165,0.0329,0.5457,none
4b,instruct,healthy_q6,q2_structural_amplifier,medium,1400,0.9179,0.5779,0.9376,0.9929,0.0579,0.2543,0.1686,0.0507,0.4936,none
4b,instruct,healthy_q6,routed_tri_structural_60,extreme,1400,0.9207,0.6636,0.9451,0.985,0.0686,0.0679,0.2657,0.0621,0.6051,none
4b,instruct,healthy_q6,routed_tri_structural_60,high,1400,0.9371,0.7457,0.9583,0.9907,0.055,0.0357,0.1843,0.0507,0.7048,none
4b,instruct,healthy_q6,routed_tri_structural_60,low,1400,0.9407,0.8129,0.9713,0.9893,0.0271,0.0207,0.1271,0.0329,0.7888,none
4b,instruct,healthy_q6,routed_tri_structural_60,medium,1400,0.9371,0.79,0.9624,0.9957,0.0507,0.0321,0.1357,0.055,0.7547,none
4b,instruct,healthy_q6,routed_tri_structural_65,extreme,1400,0.9329,0.6607,0.9484,0.9857,0.0593,0.0714,0.2586,0.06,0.605,none
4b,instruct,healthy_q6,routed_tri_structural_65,high,1400,0.9271,0.7343,0.9542,0.9893,0.0607,0.04,0.1914,0.0586,0.6898,none
4b,instruct,healthy_q6,routed_tri_structural_65,low,1400,0.925,0.8136,0.9679,0.9864,0.04,0.025,0.1014,0.0343,0.7867,none
4b,instruct,healthy_q6,routed_tri_structural_65,medium,1400,0.935,0.8007,0.9637,0.995,0.0514,0.0314,0.1314,0.0486,0.7661,none
4b,instruct,healthy_q6,stability_first_tri_70,extreme,1400,0.9293,0.6907,0.9503,0.9879,0.0636,0.0536,0.2429,0.055,0.6388,none
4b,instruct,healthy_q6,stability_first_tri_70,high,1400,0.9257,0.7364,0.9543,0.99,0.0586,0.0307,0.2014,0.0586,0.6937,none
4b,instruct,healthy_q6,stability_first_tri_70,low,1400,0.9414,0.8386,0.9739,0.9921,0.0236,0.0157,0.0979,0.0364,0.8187,none
4b,instruct,healthy_q6,stability_first_tri_70,medium,1400,0.9421,0.7986,0.9678,0.9929,0.0379,0.0379,0.1314,0.0457,0.7668,none
4b,instruct,healthy_q8,cognitive_structural_25_75,extreme,1400,0.9414,0.7207,0.9548,0.9914,0.0529,0.0357,0.2271,0.06,0.6765,none
4b,instruct,healthy_q8,cognitive_structural_25_75,high,1400,0.9479,0.785,0.9632,0.9879,0.0457,0.0121,0.1721,0.0414,0.753,none
4b,instruct,healthy_q8,cognitive_structural_25_75,low,1400,0.9443,0.8671,0.9753,0.9879,0.0164,0.0064,0.0821,0.0393,0.8524,none
4b,instruct,healthy_q8,cognitive_structural_25_75,medium,1400,0.9586,0.8279,0.9686,0.9829,0.0293,0.0193,0.1293,0.0457,0.8026,none
4b,instruct,healthy_q8,cyber_structural_25_75,extreme,1400,0.9486,0.7243,0.957,0.9886,0.0414,0.0436,0.2307,0.0621,0.6816,none
4b,instruct,healthy_q8,cyber_structural_25_75,high,1400,0.9457,0.7914,0.9642,0.99,0.0407,0.0193,0.1593,0.0507,0.7601,none
4b,instruct,healthy_q8,cyber_structural_25_75,low,1400,0.9364,0.8364,0.9721,0.9893,0.0221,0.0143,0.0971,0.0429,0.817,none
4b,instruct,healthy_q8,cyber_structural_25_75,medium,1400,0.9479,0.8443,0.9692,0.9907,0.0364,0.02,0.0993,0.05,0.8189,none
4b,instruct,healthy_q8,q2_structural_amplifier,extreme,1400,0.9021,0.4586,0.9117,0.9893,0.0686,0.3336,0.29,0.0629,0.3449,none
4b,instruct,healthy_q8,q2_structural_amplifier,high,1400,0.9093,0.5357,0.9313,0.9936,0.0657,0.2686,0.2071,0.0564,0.4429,none
4b,instruct,healthy_q8,q2_structural_amplifier,low,1400,0.915,0.6357,0.9471,0.9921,0.0514,0.2036,0.1393,0.0343,0.5667,none
4b,instruct,healthy_q8,q2_structural_amplifier,medium,1400,0.9271,0.5943,0.9406,0.9886,0.0507,0.2586,0.1529,0.0471,0.5128,none
4b,instruct,healthy_q8,routed_tri_structural_60,extreme,1400,0.9464,0.6986,0.9533,0.9886,0.0471,0.0664,0.2243,0.0729,0.6496,none
4b,instruct,healthy_q8,routed_tri_structural_60,high,1400,0.9486,0.7871,0.9626,0.9886,0.0421,0.0393,0.1529,0.0571,0.7516,none
4b,instruct,healthy_q8,routed_tri_structural_60,low,1400,0.9343,0.8193,0.9723,0.9929,0.0243,0.0321,0.0943,0.0429,0.7959,none
4b,instruct,healthy_q8,routed_tri_structural_60,medium,1400,0.9407,0.8064,0.9637,0.9921,0.0421,0.0343,0.1236,0.0614,0.774,none
4b,instruct,healthy_q8,routed_tri_structural_65,extreme,1400,0.9436,0.7079,0.9557,0.9914,0.0471,0.0643,0.2214,0.0643,0.6599,none
4b,instruct,healthy_q8,routed_tri_structural_65,high,1400,0.9529,0.7771,0.9656,0.9936,0.0407,0.0364,0.16,0.0471,0.7425,none
4b,instruct,healthy_q8,routed_tri_structural_65,low,1400,0.9443,0.8493,0.9753,0.9886,0.0236,0.025,0.0836,0.0321,0.8289,none
4b,instruct,healthy_q8,routed_tri_structural_65,medium,1400,0.9514,0.8086,0.9686,0.9886,0.0257,0.0343,0.1336,0.055,0.7806,none
4b,instruct,healthy_q8,stability_first_tri_70,extreme,1400,0.9471,0.7,0.9556,0.9871,0.045,0.0593,0.2307,0.0607,0.6532,none
4b,instruct,healthy_q8,stability_first_tri_70,high,1400,0.95,0.7886,0.9637,0.9886,0.0421,0.0329,0.1557,0.0507,0.7544,none
4b,instruct,healthy_q8,stability_first_tri_70,low,1400,0.9471,0.8321,0.9744,0.9886,0.02,0.0207,0.1014,0.0357,0.8121,none
4b,instruct,healthy_q8,stability_first_tri_70,medium,1400,0.9564,0.8357,0.9728,0.9914,0.0321,0.025,0.1129,0.0357,0.8103,none
9b,base,collapsed_q2_edge,cognitive_structural_25_75,extreme,1400,0.0821,0.0429,0.2998,0.605,0.4521,0.04,0.8114,2.8393,-0.3077,cascade
9b,base,collapsed_q2_edge,cognitive_structural_25_75,high,1400,0.12,0.0871,0.3756,0.6743,0.3786,0.0164,0.5357,2.2321,-0.1842,cascade
9b,base,collapsed_q2_edge,cognitive_structural_25_75,low,1400,0.2886,0.2236,0.6082,0.7857,0.1621,0.01,0.2693,1.0243,0.1002,none
9b,base,collapsed_q2_edge,cognitive_structural_25_75,medium,1400,0.1907,0.1579,0.4825,0.7264,0.2757,0.0171,0.3707,1.7207,-0.044,cascade
9b,base,collapsed_q2_edge,cyber_structural_25_75,extreme,1400,0.1071,0.0593,0.3361,0.6157,0.4464,0.0586,0.7236,2.5743,-0.273,cascade
9b,base,collapsed_q2_edge,cyber_structural_25_75,high,1400,0.1457,0.1107,0.3886,0.6486,0.375,0.0293,0.4771,2.1579,-0.1537,cascade
9b,base,collapsed_q2_edge,cyber_structural_25_75,low,1400,0.2871,0.2229,0.6065,0.7707,0.1571,0.0079,0.26,1.0236,0.1022,none
9b,base,collapsed_q2_edge,cyber_structural_25_75,medium,1400,0.2629,0.2129,0.5101,0.7086,0.2457,0.0207,0.3629,1.6286,0.0245,cascade
9b,base,collapsed_q2_edge,q2_structural_amplifier,extreme,1400,0.5507,0.1764,0.7197,0.7893,0.2221,0.3821,0.6836,0.4779,-0.0452,distractor_capture
9b,base,collapsed_q2_edge,q2_structural_amplifier,high,1400,0.6086,0.2957,0.7735,0.8543,0.1857,0.2914,0.4771,0.4121,0.1229,none
9b,base,collapsed_q2_edge,q2_structural_amplifier,low,1400,0.805,0.4993,0.89,0.9243,0.1164,0.2,0.2629,0.0821,0.3992,none
9b,base,collapsed_q2_edge,q2_structural_amplifier,medium,1400,0.7264,0.3864,0.8409,0.8886,0.1307,0.2557,0.3507,0.2357,0.2562,none
9b,base,collapsed_q2_edge,routed_tri_structural_60,extreme,1400,0.19,0.0879,0.4482,0.7236,0.3736,0.0607,0.7743,2.0221,-0.1994,cascade
9b,base,collapsed_q2_edge,routed_tri_structural_60,high,1400,0.2714,0.1786,0.511,0.7564,0.2929,0.0429,0.5207,1.6514,-0.0421,cascade
9b,base,collapsed_q2_edge,routed_tri_structural_60,low,1400,0.4286,0.3286,0.7235,0.8643,0.1329,0.0314,0.2671,0.6829,0.2269,none
9b,base,collapsed_q2_edge,routed_tri_structural_60,medium,1400,0.3671,0.2771,0.6263,0.82,0.2207,0.045,0.36,1.1793,0.1142,none
9b,base,collapsed_q2_edge,routed_tri_structural_65,extreme,1400,0.1979,0.1136,0.4664,0.7221,0.3586,0.075,0.7207,1.9493,-0.1641,cascade
9b,base,collapsed_q2_edge,routed_tri_structural_65,high,1400,0.2914,0.2043,0.5305,0.7557,0.2979,0.0479,0.4864,1.5436,-0.0107,cascade
9b,base,collapsed_q2_edge,routed_tri_structural_65,low,1400,0.4643,0.3429,0.7406,0.8621,0.1329,0.0271,0.2507,0.6214,0.2464,none
9b,base,collapsed_q2_edge,routed_tri_structural_65,medium,1400,0.39,0.2921,0.6322,0.81,0.22,0.0329,0.355,1.1421,0.1341,none
9b,base,collapsed_q2_edge,stability_first_tri_70,extreme,1400,0.2279,0.1164,0.4828,0.7143,0.3629,0.0793,0.7464,1.8086,-0.1584,cascade
9b,base,collapsed_q2_edge,stability_first_tri_70,high,1400,0.2971,0.2014,0.5482,0.7421,0.2757,0.04,0.4693,1.4564,0.0004,cascade
9b,base,collapsed_q2_edge,stability_first_tri_70,low,1400,0.5086,0.3729,0.7565,0.8479,0.1243,0.0171,0.2714,0.5543,0.2827,none
9b,base,collapsed_q2_edge,stability_first_tri_70,medium,1400,0.4343,0.3286,0.6685,0.8243,0.1943,0.0393,0.3571,1.015,0.1831,none
9b,base,damaged_q2,cognitive_structural_25_75,extreme,1400,0.3221,0.1693,0.5733,0.7957,0.2879,0.0379,0.6493,1.5307,-0.0531,cascade
9b,base,damaged_q2,cognitive_structural_25_75,high,1400,0.4093,0.3157,0.6307,0.8029,0.2143,0.0171,0.435,1.2021,0.1531,none
9b,base,damaged_q2,cognitive_structural_25_75,low,1400,0.5914,0.4843,0.8175,0.9114,0.1014,0.0064,0.2057,0.4257,0.4148,none
9b,base,damaged_q2,cognitive_structural_25_75,medium,1400,0.5114,0.3993,0.7212,0.8414,0.1493,0.0186,0.3293,0.8486,0.282,none
9b,base,damaged_q2,cyber_structural_25_75,extreme,1400,0.3871,0.21,0.6089,0.7693,0.2821,0.0564,0.5964,1.2964,0.0015,cascade
9b,base,damaged_q2,cyber_structural_25_75,high,1400,0.4464,0.3171,0.6522,0.8121,0.2121,0.0314,0.39,1.1107,0.1605,none
9b,base,damaged_q2,cyber_structural_25_75,low,1400,0.5721,0.4529,0.7965,0.865,0.1,0.0093,0.2171,0.4643,0.3804,none
9b,base,damaged_q2,cyber_structural_25_75,medium,1400,0.5321,0.4121,0.7298,0.8257,0.1629,0.0229,0.2979,0.7786,0.296,none
9b,base,damaged_q2,q2_structural_amplifier,extreme,1400,0.7364,0.2814,0.8363,0.9043,0.175,0.3329,0.5971,0.0814,0.1105,distractor_capture
9b,base,damaged_q2,q2_structural_amplifier,high,1400,0.8179,0.3814,0.8819,0.9471,0.1371,0.2943,0.3979,0.0643,0.2464,none
9b,base,damaged_q2,q2_structural_amplifier,low,1400,0.8836,0.5564,0.9296,0.9914,0.0907,0.2014,0.2264,0.0307,0.4693,none
9b,base,damaged_q2,q2_structural_amplifier,medium,1400,0.8636,0.4707,0.9111,0.9736,0.0943,0.2564,0.3129,0.0536,0.3634,none
9b,base,damaged_q2,routed_tri_structural_60,extreme,1400,0.5607,0.2929,0.7182,0.8514,0.2143,0.0714,0.6329,0.8329,0.122,distractor_capture
9b,base,damaged_q2,routed_tri_structural_60,high,1400,0.5914,0.4114,0.7525,0.8886,0.1857,0.0393,0.4121,0.7021,0.2798,none
9b,base,damaged_q2,routed_tri_structural_60,low,1400,0.7814,0.605,0.9042,0.9564,0.0857,0.0279,0.2079,0.1636,0.5489,none
9b,base,damaged_q2,routed_tri_structural_60,medium,1400,0.7036,0.5229,0.8393,0.9286,0.1307,0.0393,0.31,0.3986,0.4311,none
9b,base,damaged_q2,routed_tri_structural_65,extreme,1400,0.5671,0.2929,0.7374,0.8629,0.23,0.0729,0.615,0.7093,0.1246,distractor_capture
9b,base,damaged_q2,routed_tri_structural_65,high,1400,0.6114,0.4071,0.7748,0.8907,0.1836,0.045,0.4171,0.5843,0.2805,none
9b,base,damaged_q2,routed_tri_structural_65,low,1400,0.8157,0.6514,0.9143,0.945,0.07,0.0264,0.195,0.1371,0.6027,none
9b,base,damaged_q2,routed_tri_structural_65,medium,1400,0.715,0.5436,0.8447,0.9029,0.125,0.0343,0.3,0.3571,0.4574,none
9b,base,damaged_q2,stability_first_tri_70,extreme,1400,0.6443,0.3557,0.7763,0.865,0.185,0.0507,0.5957,0.5664,0.2141,none
9b,base,damaged_q2,stability_first_tri_70,high,1400,0.665,0.4443,0.8022,0.9,0.165,0.0457,0.4121,0.4864,0.3284,none
9b,base,damaged_q2,stability_first_tri_70,low,1400,0.835,0.6507,0.9236,0.9629,0.0793,0.0257,0.2179,0.1021,0.5992,none
9b,base,damaged_q2,stability_first_tri_70,medium,1400,0.7521,0.5514,0.8644,0.9186,0.1229,0.0336,0.3,0.2829,0.4697,none
9b,base,damaged_q3,cognitive_structural_25_75,extreme,1400,0.8357,0.5021,0.9,0.9707,0.1314,0.0436,0.4393,0.1257,0.4126,none
9b,base,damaged_q3,cognitive_structural_25_75,high,1400,0.8686,0.6186,0.9292,0.9886,0.115,0.0186,0.3079,0.0579,0.5528,none
9b,base,damaged_q3,cognitive_structural_25_75,low,1400,0.8943,0.7507,0.9533,0.9893,0.0664,0.0043,0.1593,0.0457,0.7149,none
9b,base,damaged_q3,cognitive_structural_25_75,medium,1400,0.8857,0.6979,0.9414,0.9914,0.0879,0.0164,0.2214,0.0671,0.6471,none
9b,base,damaged_q3,cyber_structural_25_75,extreme,1400,0.815,0.5136,0.893,0.9343,0.1364,0.0586,0.3986,0.1314,0.4225,none
9b,base,damaged_q3,cyber_structural_25_75,high,1400,0.8521,0.6129,0.917,0.9443,0.1036,0.0279,0.2943,0.0921,0.5481,none
9b,base,damaged_q3,cyber_structural_25_75,low,1400,0.9079,0.7636,0.958,0.9843,0.0514,0.0157,0.1493,0.0436,0.7309,none
9b,base,damaged_q3,cyber_structural_25_75,medium,1400,0.8957,0.7336,0.9429,0.9686,0.0786,0.0221,0.185,0.0629,0.6876,none
9b,base,damaged_q3,q2_structural_amplifier,extreme,1400,0.8543,0.3629,0.8887,0.9914,0.1079,0.34,0.4479,0.0614,0.2236,none
9b,base,damaged_q3,q2_structural_amplifier,high,1400,0.8786,0.4493,0.9126,0.9921,0.095,0.3129,0.3029,0.0521,0.3314,none
9b,base,damaged_q3,q2_structural_amplifier,low,1400,0.8971,0.5986,0.9379,0.9871,0.07,0.1986,0.1779,0.0343,0.5219,none
9b,base,damaged_q3,q2_structural_amplifier,medium,1400,0.8971,0.5343,0.9274,0.9921,0.0779,0.2636,0.2171,0.0507,0.4383,none
9b,base,damaged_q3,routed_tri_structural_60,extreme,1400,0.8707,0.5129,0.9208,0.9893,0.1114,0.0729,0.4286,0.065,0.4273,none
9b,base,damaged_q3,routed_tri_structural_60,high,1400,0.8843,0.6343,0.9363,0.9943,0.1036,0.0407,0.27,0.0593,0.5705,none
9b,base,damaged_q3,routed_tri_structural_60,low,1400,0.9264,0.7836,0.9657,0.9886,0.0486,0.0279,0.1379,0.0257,0.7511,none
9b,base,damaged_q3,routed_tri_structural_60,medium,1400,0.91,0.735,0.9522,0.9943,0.0693,0.0371,0.1821,0.0586,0.6893,none
9b,base,damaged_q3,routed_tri_structural_65,extreme,1400,0.8729,0.5086,0.9209,0.9893,0.1164,0.0786,0.4136,0.0614,0.4218,none
9b,base,damaged_q3,routed_tri_structural_65,high,1400,0.8814,0.6357,0.9366,0.9921,0.1021,0.0407,0.2757,0.055,0.5721,none
9b,base,damaged_q3,routed_tri_structural_65,low,1400,0.9186,0.7721,0.9626,0.9886,0.0464,0.0214,0.1479,0.0357,0.7403,none
9b,base,damaged_q3,routed_tri_structural_65,medium,1400,0.9121,0.7314,0.9531,0.9907,0.0714,0.0336,0.1886,0.045,0.686,none
9b,base,damaged_q3,stability_first_tri_70,extreme,1400,0.8757,0.5114,0.9206,0.9879,0.1164,0.0743,0.4257,0.0557,0.4248,none
9b,base,damaged_q3,stability_first_tri_70,high,1400,0.9,0.6536,0.9415,0.9871,0.0857,0.0343,0.2786,0.05,0.5962,none
9b,base,damaged_q3,stability_first_tri_70,low,1400,0.9136,0.7821,0.96,0.9814,0.0507,0.0286,0.125,0.04,0.7492,none
9b,base,damaged_q3,stability_first_tri_70,medium,1400,0.9093,0.7329,0.95,0.9886,0.0707,0.0336,0.1921,0.0586,0.6866,none
9b,base,damaged_q4,cognitive_structural_25_75,extreme,1400,0.9064,0.6129,0.9356,0.9879,0.0864,0.0364,0.325,0.0693,0.5502,none
9b,base,damaged_q4,cognitive_structural_25_75,high,1400,0.9114,0.7071,0.9473,0.9893,0.0757,0.0157,0.2293,0.055,0.6602,none
9b,base,damaged_q4,cognitive_structural_25_75,low,1400,0.9214,0.8043,0.9659,0.9886,0.04,0.0071,0.1271,0.0379,0.7788,none
9b,base,damaged_q4,cognitive_structural_25_75,medium,1400,0.9364,0.7936,0.9627,0.995,0.0464,0.0157,0.1507,0.0536,0.7618,none
9b,base,damaged_q4,cyber_structural_25_75,extreme,1400,0.9129,0.62,0.9404,0.99,0.08,0.055,0.32,0.0514,0.5568,none
9b,base,damaged_q4,cyber_structural_25_75,high,1400,0.9236,0.7129,0.9501,0.9886,0.0643,0.0207,0.2364,0.0571,0.6677,none
9b,base,damaged_q4,cyber_structural_25_75,low,1400,0.94,0.7993,0.9699,0.99,0.03,0.0171,0.1371,0.0329,0.7742,none
9b,base,damaged_q4,cyber_structural_25_75,medium,1400,0.9257,0.7514,0.9572,0.9871,0.0579,0.0279,0.1729,0.0479,0.7123,none
9b,base,damaged_q4,q2_structural_amplifier,extreme,1400,0.8614,0.3893,0.8941,0.9857,0.0964,0.365,0.3564,0.0679,0.2555,none
9b,base,damaged_q4,q2_structural_amplifier,high,1400,0.8993,0.4857,0.9234,0.9886,0.0764,0.3007,0.2507,0.0464,0.3803,none
9b,base,damaged_q4,q2_structural_amplifier,low,1400,0.91,0.625,0.9451,0.9936,0.0536,0.2043,0.1379,0.0386,0.5551,none
9b,base,damaged_q4,q2_structural_amplifier,medium,1400,0.89,0.5414,0.9283,0.9921,0.0814,0.255,0.2043,0.0471,0.4473,none
9b,base,damaged_q4,routed_tri_structural_60,extreme,1400,0.9186,0.5979,0.9385,0.9921,0.0757,0.0693,0.3371,0.0671,0.531,none
9b,base,damaged_q4,routed_tri_structural_60,high,1400,0.9164,0.6957,0.9501,0.9921,0.07,0.0386,0.2343,0.0529,0.6456,none
9b,base,damaged_q4,routed_tri_structural_60,low,1400,0.9229,0.7843,0.965,0.9921,0.0443,0.0243,0.1314,0.0357,0.7538,none
9b,base,damaged_q4,routed_tri_structural_60,medium,1400,0.9307,0.7557,0.9591,0.9843,0.05,0.0371,0.1664,0.0486,0.7175,none
9b,base,damaged_q4,routed_tri_structural_65,extreme,1400,0.9043,0.6157,0.9376,0.9907,0.085,0.0729,0.3107,0.0636,0.5476,none
9b,base,damaged_q4,routed_tri_structural_65,high,1400,0.9071,0.7043,0.948,0.9879,0.0807,0.0386,0.2129,0.0493,0.6529,none
9b,base,damaged_q4,routed_tri_structural_65,low,1400,0.9421,0.8071,0.9716,0.9914,0.03,0.0229,0.13,0.0279,0.7818,none
9b,base,damaged_q4,routed_tri_structural_65,medium,1400,0.9257,0.7514,0.9587,0.9936,0.0571,0.0357,0.1707,0.0493,0.711,none
9b,base,damaged_q4,stability_first_tri_70,extreme,1400,0.9036,0.6093,0.9336,0.9886,0.0871,0.0657,0.3257,0.0757,0.5402,none
9b,base,damaged_q4,stability_first_tri_70,high,1400,0.9221,0.6864,0.951,0.9921,0.0679,0.0357,0.245,0.0479,0.6369,none
9b,base,damaged_q4,stability_first_tri_70,low,1400,0.9364,0.8193,0.9702,0.9879,0.0329,0.0229,0.1121,0.0329,0.7942,none
9b,base,damaged_q4,stability_first_tri_70,medium,1400,0.9407,0.7721,0.9624,0.99,0.0507,0.0357,0.1571,0.0421,0.7351,none
9b,base,healthy_q6,cognitive_structural_25_75,extreme,1400,0.9293,0.7071,0.9494,0.9836,0.0579,0.0386,0.2429,0.065,0.6594,none
9b,base,healthy_q6,cognitive_structural_25_75,high,1400,0.94,0.76,0.9588,0.9936,0.0529,0.0164,0.1929,0.0521,0.7228,none
9b,base,healthy_q6,cognitive_structural_25_75,low,1400,0.9371,0.8357,0.9735,0.9936,0.0243,0.005,0.1043,0.0371,0.8172,none
9b,base,healthy_q6,cognitive_structural_25_75,medium,1400,0.9521,0.8186,0.9691,0.9893,0.0307,0.02,0.135,0.0457,0.7923,none
9b,base,healthy_q6,cyber_structural_25_75,extreme,1400,0.935,0.6921,0.9532,0.9893,0.0571,0.0571,0.2364,0.0529,0.642,none
9b,base,healthy_q6,cyber_structural_25_75,high,1400,0.945,0.7757,0.9638,0.9929,0.0493,0.0286,0.1693,0.0386,0.7397,none
9b,base,healthy_q6,cyber_structural_25_75,low,1400,0.9357,0.8364,0.9723,0.9943,0.035,0.0107,0.0971,0.0314,0.8144,none
9b,base,healthy_q6,cyber_structural_25_75,medium,1400,0.95,0.8164,0.9681,0.99,0.0407,0.0343,0.1171,0.0436,0.7858,none
9b,base,healthy_q6,q2_structural_amplifier,extreme,1400,0.9,0.4114,0.9075,0.9879,0.065,0.3714,0.3121,0.0621,0.2896,none
9b,base,healthy_q6,q2_structural_amplifier,high,1400,0.9214,0.51,0.9303,0.9893,0.055,0.3164,0.2229,0.0493,0.4099,none
9b,base,healthy_q6,q2_structural_amplifier,low,1400,0.93,0.6464,0.9506,0.9879,0.0336,0.2071,0.1336,0.0364,0.5824,none
9b,base,healthy_q6,q2_structural_amplifier,medium,1400,0.9329,0.61,0.9432,0.9879,0.0507,0.2421,0.1593,0.0371,0.5318,none
9b,base,healthy_q6,routed_tri_structural_60,extreme,1400,0.9314,0.6929,0.9512,0.9893,0.0579,0.0764,0.2243,0.0671,0.6389,none
9b,base,healthy_q6,routed_tri_structural_60,high,1400,0.9443,0.7536,0.9592,0.9886,0.0457,0.0429,0.18,0.0593,0.7139,none
9b,base,healthy_q6,routed_tri_structural_60,low,1400,0.9457,0.8329,0.9761,0.9929,0.0179,0.0293,0.0986,0.0371,0.8119,none
9b,base,healthy_q6,routed_tri_structural_60,medium,1400,0.96,0.8129,0.9715,0.9929,0.0257,0.035,0.1307,0.0464,0.7854,none
9b,base,healthy_q6,routed_tri_structural_65,extreme,1400,0.9271,0.67,0.9484,0.9793,0.0586,0.0843,0.2357,0.0621,0.6136,none
9b,base,healthy_q6,routed_tri_structural_65,high,1400,0.9414,0.7657,0.9617,0.9893,0.0507,0.0529,0.1543,0.0493,0.7251,none
9b,base,healthy_q6,routed_tri_structural_65,low,1400,0.9507,0.8343,0.9767,0.9907,0.0221,0.03,0.0971,0.0264,0.8125,none
9b,base,healthy_q6,routed_tri_structural_65,medium,1400,0.9429,0.8093,0.9673,0.9907,0.0436,0.0371,0.1171,0.0421,0.7773,none
9b,base,healthy_q6,stability_first_tri_70,extreme,1400,0.9343,0.6936,0.9534,0.9914,0.0557,0.065,0.2229,0.0614,0.643,none
9b,base,healthy_q6,stability_first_tri_70,high,1400,0.9514,0.775,0.9642,0.9929,0.0357,0.04,0.1679,0.0593,0.7399,none
9b,base,healthy_q6,stability_first_tri_70,low,1400,0.9421,0.8386,0.975,0.9943,0.0229,0.0207,0.0971,0.0357,0.818,none
9b,base,healthy_q6,stability_first_tri_70,medium,1400,0.9557,0.8207,0.97,0.9907,0.0286,0.0321,0.1279,0.0486,0.7931,none
9b,base,healthy_q8,cognitive_structural_25_75,extreme,1400,0.9579,0.7457,0.9612,0.9936,0.0364,0.0371,0.2057,0.065,0.7077,none
9b,base,healthy_q8,cognitive_structural_25_75,high,1400,0.9621,0.825,0.9687,0.9943,0.03,0.015,0.1436,0.0564,0.7987,none
9b,base,healthy_q8,cognitive_structural_25_75,low,1400,0.95,0.8714,0.9783,0.99,0.0164,0.0071,0.0764,0.0329,0.8573,none
9b,base,healthy_q8,cognitive_structural_25_75,medium,1400,0.9686,0.87,0.9746,0.9929,0.02,0.0129,0.0936,0.0536,0.8513,none
9b,base,healthy_q8,cyber_structural_25_75,extreme,1400,0.9543,0.7521,0.9623,0.99,0.0343,0.06,0.1864,0.0664,0.7116,none
9b,base,healthy_q8,cyber_structural_25_75,high,1400,0.9636,0.8043,0.9678,0.9921,0.0321,0.0336,0.1443,0.0543,0.7737,none
9b,base,healthy_q8,cyber_structural_25_75,low,1400,0.9371,0.8607,0.973,0.9864,0.0186,0.0157,0.0707,0.0464,0.844,none
9b,base,healthy_q8,cyber_structural_25_75,medium,1400,0.9679,0.8443,0.9738,0.9914,0.0214,0.0221,0.1164,0.0464,0.8218,none
9b,base,healthy_q8,q2_structural_amplifier,extreme,1400,0.9143,0.4657,0.9165,0.9914,0.06,0.3521,0.2621,0.0543,0.3536,none
9b,base,healthy_q8,q2_structural_amplifier,high,1400,0.9257,0.5493,0.936,0.9914,0.055,0.2971,0.1779,0.0457,0.4568,none
9b,base,healthy_q8,q2_structural_amplifier,low,1400,0.915,0.6357,0.9471,0.9893,0.0479,0.2157,0.1179,0.0357,0.567,none
9b,base,healthy_q8,q2_structural_amplifier,medium,1400,0.9286,0.5857,0.9406,0.9914,0.0507,0.2671,0.1614,0.0443,0.5019,none
9b,base,healthy_q8,routed_tri_structural_60,extreme,1400,0.9557,0.7121,0.9614,0.9929,0.0379,0.0636,0.2271,0.0479,0.6675,none
9b,base,healthy_q8,routed_tri_structural_60,high,1400,0.9614,0.79,0.9675,0.9864,0.0329,0.0479,0.1407,0.05,0.7568,none
9b,base,healthy_q8,routed_tri_structural_60,low,1400,0.95,0.8464,0.9779,0.9907,0.0114,0.03,0.0864,0.0371,0.8282,none
9b,base,healthy_q8,routed_tri_structural_60,medium,1400,0.9579,0.8307,0.9708,0.9886,0.0314,0.0371,0.1007,0.0479,0.8034,none
9b,base,healthy_q8,routed_tri_structural_65,extreme,1400,0.9464,0.7036,0.9559,0.9921,0.0471,0.0736,0.2229,0.0614,0.6538,none
9b,base,healthy_q8,routed_tri_structural_65,high,1400,0.96,0.8014,0.9696,0.9957,0.0314,0.04,0.1407,0.0514,0.7702,none
9b,base,healthy_q8,routed_tri_structural_65,low,1400,0.9564,0.8543,0.9799,0.9936,0.0129,0.0286,0.0814,0.0321,0.8366,none
9b,base,healthy_q8,routed_tri_structural_65,medium,1400,0.9671,0.8621,0.9748,0.99,0.0236,0.0293,0.0871,0.0471,0.8399,none
9b,base,healthy_q8,stability_first_tri_70,extreme,1400,0.9543,0.7243,0.9606,0.9907,0.0414,0.065,0.1986,0.0536,0.6803,none
9b,base,healthy_q8,stability_first_tri_70,high,1400,0.9643,0.8171,0.968,0.9871,0.0271,0.0364,0.1264,0.0629,0.7885,none
9b,base,healthy_q8,stability_first_tri_70,low,1400,0.9464,0.8543,0.9768,0.9879,0.0143,0.0207,0.0814,0.0379,0.8375,none
9b,base,healthy_q8,stability_first_tri_70,medium,1400,0.9636,0.8436,0.9719,0.9907,0.0257,0.04,0.0936,0.0557,0.8176,none
9b,degraded_instruct,collapsed_q2_edge,cognitive_structural_25_75,extreme,1400,0.0664,0.0343,0.2826,0.56,0.4693,0.0393,0.7586,2.8786,-0.319,cascade
9b,degraded_instruct,collapsed_q2_edge,cognitive_structural_25_75,high,1400,0.1129,0.0786,0.3579,0.6229,0.3821,0.0207,0.5243,2.2864,-0.1965,cascade
9b,degraded_instruct,collapsed_q2_edge,cognitive_structural_25_75,low,1400,0.2507,0.1857,0.5952,0.7829,0.1829,0.0114,0.2893,1.045,0.0532,low_score
9b,degraded_instruct,collapsed_q2_edge,cognitive_structural_25_75,medium,1400,0.1907,0.1564,0.4671,0.7129,0.28,0.0193,0.375,1.7964,-0.0513,cascade
9b,degraded_instruct,collapsed_q2_edge,cyber_structural_25_75,extreme,1400,0.0929,0.0464,0.3219,0.5779,0.4543,0.0621,0.7393,2.5943,-0.2911,cascade
9b,degraded_instruct,collapsed_q2_edge,cyber_structural_25_75,high,1400,0.1621,0.1157,0.3852,0.6464,0.3764,0.0243,0.505,2.1557,-0.1503,cascade
9b,degraded_instruct,collapsed_q2_edge,cyber_structural_25_75,low,1400,0.2929,0.2214,0.5886,0.7486,0.1814,0.0236,0.2614,1.0564,0.0885,none
9b,degraded_instruct,collapsed_q2_edge,cyber_structural_25_75,medium,1400,0.2329,0.1943,0.5056,0.7207,0.2536,0.0286,0.3586,1.6564,0.001,cascade
9b,degraded_instruct,collapsed_q2_edge,q2_structural_amplifier,extreme,1400,0.5143,0.1757,0.7041,0.7757,0.2271,0.3879,0.7293,0.5293,-0.0548,distractor_capture
9b,degraded_instruct,collapsed_q2_edge,q2_structural_amplifier,high,1400,0.5729,0.2393,0.7461,0.8257,0.1857,0.3293,0.5029,0.4893,0.053,distractor_capture
9b,degraded_instruct,collapsed_q2_edge,q2_structural_amplifier,low,1400,0.805,0.4771,0.8837,0.8986,0.1,0.2221,0.28,0.0943,0.3756,none
9b,degraded_instruct,collapsed_q2_edge,q2_structural_amplifier,medium,1400,0.6857,0.3864,0.8171,0.8464,0.145,0.2414,0.3643,0.2879,0.2511,none
9b,degraded_instruct,collapsed_q2_edge,routed_tri_structural_60,extreme,1400,0.1529,0.0671,0.408,0.6786,0.4029,0.0707,0.7543,2.1986,-0.2381,cascade
9b,degraded_instruct,collapsed_q2_edge,routed_tri_structural_60,high,1400,0.2264,0.1557,0.4818,0.7364,0.3079,0.0521,0.4929,1.79,-0.076,cascade
9b,degraded_instruct,collapsed_q2_edge,routed_tri_structural_60,low,1400,0.3929,0.2886,0.6832,0.8429,0.1564,0.0271,0.2764,0.7807,0.1751,none
9b,degraded_instruct,collapsed_q2_edge,routed_tri_structural_60,medium,1400,0.3179,0.2429,0.5812,0.7757,0.2243,0.0493,0.36,1.3607,0.0689,none
9b,degraded_instruct,collapsed_q2_edge,routed_tri_structural_65,extreme,1400,0.1771,0.0786,0.4285,0.6707,0.3821,0.085,0.7614,2.0943,-0.2187,cascade
9b,degraded_instruct,collapsed_q2_edge,routed_tri_structural_65,high,1400,0.2293,0.165,0.4889,0.715,0.3229,0.0414,0.4971,1.6879,-0.0643,cascade
9b,degraded_instruct,collapsed_q2_edge,routed_tri_structural_65,low,1400,0.4243,0.3107,0.7144,0.8414,0.1393,0.0379,0.26,0.6929,0.2059,none
9b,degraded_instruct,collapsed_q2_edge,routed_tri_structural_65,medium,1400,0.3336,0.2657,0.6014,0.7629,0.225,0.04,0.3571,1.2314,0.1001,none
9b,degraded_instruct,collapsed_q2_edge,stability_first_tri_70,extreme,1400,0.2229,0.1171,0.4631,0.6793,0.3536,0.0757,0.6929,1.95,-0.157,cascade
9b,degraded_instruct,collapsed_q2_edge,stability_first_tri_70,high,1400,0.285,0.2,0.5297,0.7336,0.2936,0.0471,0.5136,1.5214,-0.0147,cascade
9b,degraded_instruct,collapsed_q2_edge,stability_first_tri_70,low,1400,0.4721,0.3643,0.7429,0.8507,0.1364,0.0293,0.2471,0.5971,0.2679,none
9b,degraded_instruct,collapsed_q2_edge,stability_first_tri_70,medium,1400,0.4064,0.3036,0.6301,0.7736,0.2093,0.03,0.3571,1.1371,0.1494,none
9b,degraded_instruct,damaged_q2,cognitive_structural_25_75,extreme,1400,0.2964,0.1514,0.5532,0.7607,0.2986,0.06,0.6821,1.5593,-0.0827,cascade
9b,degraded_instruct,damaged_q2,cognitive_structural_25_75,high,1400,0.3871,0.28,0.6225,0.8057,0.2293,0.0264,0.4507,1.225,0.1086,none
9b,degraded_instruct,damaged_q2,cognitive_structural_25_75,low,1400,0.5529,0.4271,0.799,0.8936,0.1086,0.0107,0.2443,0.4607,0.3498,none
9b,degraded_instruct,damaged_q2,cognitive_structural_25_75,medium,1400,0.5279,0.4221,0.7228,0.8586,0.1557,0.0179,0.3064,0.8536,0.3047,none
9b,degraded_instruct,damaged_q2,cyber_structural_25_75,extreme,1400,0.3643,0.1943,0.5958,0.7621,0.2707,0.0629,0.6036,1.3757,-0.0166,cascade
9b,degraded_instruct,damaged_q2,cyber_structural_25_75,high,1400,0.435,0.3064,0.6384,0.7936,0.23,0.0343,0.3964,1.1414,0.1418,none
9b,degraded_instruct,damaged_q2,cyber_structural_25_75,low,1400,0.5571,0.435,0.7885,0.8564,0.1064,0.0193,0.2279,0.4743,0.3573,none
9b,degraded_instruct,damaged_q2,cyber_structural_25_75,medium,1400,0.5214,0.4079,0.7237,0.8157,0.1579,0.0279,0.2929,0.8143,0.2908,none
9b,degraded_instruct,damaged_q2,q2_structural_amplifier,extreme,1400,0.7514,0.2571,0.8334,0.8986,0.1529,0.3771,0.6064,0.1007,0.0823,distractor_capture
9b,degraded_instruct,damaged_q2,q2_structural_amplifier,high,1400,0.7879,0.3779,0.8679,0.9129,0.14,0.2907,0.42,0.0864,0.2398,none
9b,degraded_instruct,damaged_q2,q2_structural_amplifier,low,1400,0.8771,0.5214,0.9211,0.9664,0.0793,0.2314,0.2564,0.0371,0.429,none
9b,degraded_instruct,damaged_q2,q2_structural_amplifier,medium,1400,0.8429,0.455,0.8982,0.9414,0.0957,0.2607,0.3264,0.075,0.3443,none
9b,degraded_instruct,damaged_q2,routed_tri_structural_60,extreme,1400,0.4929,0.2571,0.6908,0.8443,0.2264,0.085,0.64,0.96,0.073,distractor_capture
9b,degraded_instruct,damaged_q2,routed_tri_structural_60,high,1400,0.5507,0.3621,0.726,0.8643,0.1979,0.0529,0.4364,0.7886,0.2179,none
9b,degraded_instruct,damaged_q2,routed_tri_structural_60,low,1400,0.7264,0.5707,0.8794,0.9314,0.095,0.0336,0.2057,0.2229,0.5079,none
9b,degraded_instruct,damaged_q2,routed_tri_structural_60,medium,1400,0.6571,0.4943,0.8094,0.9021,0.1507,0.0379,0.2964,0.4929,0.3931,none
9b,degraded_instruct,damaged_q2,routed_tri_structural_65,extreme,1400,0.5543,0.2829,0.7189,0.845,0.2293,0.09,0.6043,0.8014,0.1077,distractor_capture
9b,degraded_instruct,damaged_q2,routed_tri_structural_65,high,1400,0.6043,0.4186,0.766,0.8586,0.1657,0.05,0.3786,0.6414,0.2965,none
9b,degraded_instruct,damaged_q2,routed_tri_structural_65,low,1400,0.7579,0.605,0.8908,0.93,0.0907,0.0307,0.2014,0.1857,0.5462,none
9b,degraded_instruct,damaged_q2,routed_tri_structural_65,medium,1400,0.6864,0.515,0.8308,0.8871,0.1357,0.04,0.2807,0.3986,0.4239,none
9b,degraded_instruct,damaged_q2,stability_first_tri_70,extreme,1400,0.5914,0.3171,0.7469,0.8314,0.1921,0.085,0.5936,0.6864,0.1607,none
9b,degraded_instruct,damaged_q2,stability_first_tri_70,high,1400,0.655,0.47,0.7908,0.8771,0.1721,0.0464,0.3664,0.5229,0.3536,none
9b,degraded_instruct,damaged_q2,stability_first_tri_70,low,1400,0.8114,0.6479,0.9136,0.94,0.0871,0.0243,0.1971,0.1186,0.5952,none
9b,degraded_instruct,damaged_q2,stability_first_tri_70,medium,1400,0.7357,0.5507,0.8577,0.9014,0.12,0.0307,0.2843,0.3043,0.4706,none
9b,degraded_instruct,damaged_q3,cognitive_structural_25_75,extreme,1400,0.8214,0.515,0.8935,0.9621,0.1436,0.0471,0.4243,0.1386,0.4216,none
9b,degraded_instruct,damaged_q3,cognitive_structural_25_75,high,1400,0.875,0.63,0.9315,0.9864,0.1036,0.0221,0.3,0.0643,0.5673,none
9b,degraded_instruct,damaged_q3,cognitive_structural_25_75,low,1400,0.9029,0.7621,0.9555,0.9871,0.0636,0.0093,0.1629,0.0371,0.7263,none
9b,degraded_instruct,damaged_q3,cognitive_structural_25_75,medium,1400,0.9036,0.705,0.9478,0.9857,0.0757,0.0243,0.2114,0.0514,0.6579,none
9b,degraded_instruct,damaged_q3,cyber_structural_25_75,extreme,1400,0.7993,0.4843,0.8831,0.9264,0.1407,0.0657,0.4143,0.1607,0.3877,none
9b,degraded_instruct,damaged_q3,cyber_structural_25_75,high,1400,0.8279,0.6186,0.9057,0.93,0.1207,0.0329,0.2707,0.1143,0.5484,none
9b,degraded_instruct,damaged_q3,cyber_structural_25_75,low,1400,0.9121,0.7707,0.9585,0.9807,0.0579,0.0214,0.1507,0.0321,0.7354,none
9b,degraded_instruct,damaged_q3,cyber_structural_25_75,medium,1400,0.8764,0.695,0.9339,0.9643,0.0914,0.0257,0.2064,0.075,0.6422,none
9b,degraded_instruct,damaged_q3,q2_structural_amplifier,extreme,1400,0.8464,0.3393,0.8809,0.9893,0.1179,0.3807,0.4543,0.0614,0.1884,none
9b,degraded_instruct,damaged_q3,q2_structural_amplifier,high,1400,0.8721,0.4407,0.911,0.9936,0.0971,0.3093,0.3143,0.0557,0.3218,none
9b,degraded_instruct,damaged_q3,q2_structural_amplifier,low,1400,0.8864,0.5614,0.9329,0.9886,0.0679,0.2321,0.1764,0.0457,0.4782,none
9b,degraded_instruct,damaged_q3,q2_structural_amplifier,medium,1400,0.8964,0.5107,0.9265,0.9921,0.0771,0.2714,0.2514,0.0407,0.4111,none
9b,degraded_instruct,damaged_q3,routed_tri_structural_60,extreme,1400,0.8779,0.5279,0.925,0.9864,0.1029,0.0786,0.4007,0.0629,0.4461,none
9b,degraded_instruct,damaged_q3,routed_tri_structural_60,high,1400,0.8807,0.6093,0.9333,0.9929,0.1064,0.0514,0.3114,0.0529,0.5395,none
9b,degraded_instruct,damaged_q3,routed_tri_structural_60,low,1400,0.9286,0.77,0.9662,0.9907,0.04,0.0307,0.1486,0.0329,0.7383,none
9b,degraded_instruct,damaged_q3,routed_tri_structural_60,medium,1400,0.9057,0.7179,0.9507,0.9936,0.0786,0.0493,0.1879,0.05,0.6669,none
9b,degraded_instruct,damaged_q3,routed_tri_structural_65,extreme,1400,0.8707,0.5357,0.9186,0.9786,0.1136,0.0693,0.4207,0.0629,0.451,none
9b,degraded_instruct,damaged_q3,routed_tri_structural_65,high,1400,0.88,0.6314,0.9335,0.9893,0.0964,0.0436,0.2864,0.0743,0.5672,none
9b,degraded_instruct,damaged_q3,routed_tri_structural_65,low,1400,0.9193,0.7721,0.964,0.9921,0.045,0.03,0.1371,0.0386,0.7397,none
9b,degraded_instruct,damaged_q3,routed_tri_structural_65,medium,1400,0.9143,0.7286,0.9541,0.9921,0.075,0.0329,0.1914,0.0371,0.6823,none
9b,degraded_instruct,damaged_q3,stability_first_tri_70,extreme,1400,0.8657,0.5314,0.9197,0.9879,0.1221,0.0729,0.3857,0.065,0.4461,none
9b,degraded_instruct,damaged_q3,stability_first_tri_70,high,1400,0.8879,0.6343,0.9368,0.99,0.1,0.0386,0.2836,0.0521,0.5713,none
9b,degraded_instruct,damaged_q3,stability_first_tri_70,low,1400,0.9193,0.7814,0.9619,0.9886,0.0479,0.0171,0.1579,0.035,0.7493,none
9b,degraded_instruct,damaged_q3,stability_first_tri_70,medium,1400,0.8964,0.7043,0.9479,0.9914,0.0814,0.0386,0.2014,0.0514,0.6535,none
9b,degraded_instruct,damaged_q4,cognitive_structural_25_75,extreme,1400,0.9014,0.615,0.9379,0.9907,0.09,0.0464,0.3243,0.0493,0.5503,none
9b,degraded_instruct,damaged_q4,cognitive_structural_25_75,high,1400,0.9143,0.7107,0.9489,0.99,0.0757,0.0193,0.2371,0.0457,0.6629,none
9b,degraded_instruct,damaged_q4,cognitive_structural_25_75,low,1400,0.9371,0.8064,0.9712,0.9943,0.03,0.0107,0.1321,0.0329,0.7831,none
9b,degraded_instruct,damaged_q4,cognitive_structural_25_75,medium,1400,0.9243,0.7621,0.9564,0.99,0.06,0.0193,0.17,0.0521,0.7241,none
9b,degraded_instruct,damaged_q4,cyber_structural_25_75,extreme,1400,0.9157,0.6371,0.9402,0.9857,0.0757,0.0521,0.2993,0.0671,0.5767,none
9b,degraded_instruct,damaged_q4,cyber_structural_25_75,high,1400,0.9093,0.7029,0.9488,0.9936,0.0779,0.0393,0.2171,0.0536,0.6516,none
9b,degraded_instruct,damaged_q4,cyber_structural_25_75,low,1400,0.9264,0.7929,0.9673,0.9907,0.0357,0.0264,0.1236,0.0393,0.765,none
9b,degraded_instruct,damaged_q4,cyber_structural_25_75,medium,1400,0.9129,0.7714,0.9549,0.9879,0.07,0.0236,0.1493,0.0486,0.7313,none
9b,degraded_instruct,damaged_q4,q2_structural_amplifier,extreme,1400,0.8671,0.3836,0.8928,0.9936,0.1014,0.3707,0.3686,0.065,0.2463,none
9b,degraded_instruct,damaged_q4,q2_structural_amplifier,high,1400,0.9114,0.48,0.9254,0.9914,0.0657,0.3086,0.2557,0.05,0.3756,none
9b,degraded_instruct,damaged_q4,q2_structural_amplifier,low,1400,0.9157,0.6086,0.9442,0.9843,0.0464,0.2221,0.1407,0.0364,0.5371,none
9b,degraded_instruct,damaged_q4,q2_structural_amplifier,medium,1400,0.8957,0.5379,0.9272,0.9907,0.0743,0.2764,0.1979,0.0557,0.4417,none
9b,degraded_instruct,damaged_q4,routed_tri_structural_60,extreme,1400,0.8957,0.5836,0.9314,0.9914,0.095,0.0893,0.3393,0.07,0.5066,none
9b,degraded_instruct,damaged_q4,routed_tri_structural_60,high,1400,0.925,0.6886,0.9527,0.9943,0.0664,0.0557,0.2314,0.0493,0.6365,none
9b,degraded_instruct,damaged_q4,routed_tri_structural_60,low,1400,0.9186,0.7879,0.9643,0.9879,0.0436,0.0264,0.1229,0.04,0.7577,none
9b,degraded_instruct,damaged_q4,routed_tri_structural_60,medium,1400,0.9321,0.7607,0.9602,0.9907,0.0529,0.0407,0.1679,0.0471,0.7209,none
9b,degraded_instruct,damaged_q4,routed_tri_structural_65,extreme,1400,0.9064,0.6029,0.9386,0.9893,0.0836,0.0657,0.3336,0.05,0.5355,none
9b,degraded_instruct,damaged_q4,routed_tri_structural_65,high,1400,0.9271,0.6814,0.9529,0.9907,0.0607,0.0571,0.2357,0.0507,0.6304,none
9b,degraded_instruct,damaged_q4,routed_tri_structural_65,low,1400,0.9279,0.7807,0.9677,0.9914,0.04,0.0357,0.1279,0.0329,0.7497,none
9b,degraded_instruct,damaged_q4,routed_tri_structural_65,medium,1400,0.9207,0.7479,0.9567,0.9921,0.0579,0.0429,0.1621,0.0579,0.7061,none
9b,degraded_instruct,damaged_q4,stability_first_tri_70,extreme,1400,0.9157,0.6264,0.9395,0.9886,0.0721,0.07,0.3079,0.0757,0.5624,none
9b,degraded_instruct,damaged_q4,stability_first_tri_70,high,1400,0.9257,0.6921,0.9529,0.9943,0.0643,0.0479,0.2379,0.0486,0.6418,none
9b,degraded_instruct,damaged_q4,stability_first_tri_70,low,1400,0.9307,0.8057,0.969,0.99,0.035,0.0264,0.1186,0.0343,0.7787,none
9b,degraded_instruct,damaged_q4,stability_first_tri_70,medium,1400,0.9307,0.7443,0.9611,0.9921,0.0464,0.0436,0.1764,0.0486,0.7051,none
9b,degraded_instruct,healthy_q6,cognitive_structural_25_75,extreme,1400,0.9379,0.7079,0.954,0.9907,0.0536,0.0564,0.2243,0.0614,0.6595,none
9b,degraded_instruct,healthy_q6,cognitive_structural_25_75,high,1400,0.9471,0.7657,0.9629,0.9886,0.0436,0.0171,0.1957,0.0386,0.7316,none
9b,degraded_instruct,healthy_q6,cognitive_structural_25_75,low,1400,0.9414,0.8421,0.9731,0.9879,0.0286,0.0136,0.0979,0.03,0.8215,none
9b,degraded_instruct,healthy_q6,cognitive_structural_25_75,medium,1400,0.9543,0.8421,0.9696,0.9907,0.0329,0.0136,0.1157,0.0486,0.8179,none
9b,degraded_instruct,healthy_q6,cyber_structural_25_75,extreme,1400,0.9193,0.6821,0.9445,0.9871,0.0736,0.0557,0.24,0.0707,0.6262,none
9b,degraded_instruct,healthy_q6,cyber_structural_25_75,high,1400,0.945,0.7764,0.9604,0.9871,0.0471,0.0314,0.1736,0.0514,0.7395,none
9b,degraded_instruct,healthy_q6,cyber_structural_25_75,low,1400,0.9457,0.8364,0.9739,0.985,0.0286,0.025,0.0936,0.0264,0.814,none
9b,degraded_instruct,healthy_q6,cyber_structural_25_75,medium,1400,0.9464,0.8236,0.9699,0.9914,0.0371,0.0271,0.1157,0.0414,0.7957,none
9b,degraded_instruct,healthy_q6,q2_structural_amplifier,extreme,1400,0.8886,0.4414,0.9043,0.9871,0.0793,0.3614,0.2936,0.0657,0.3186,none
9b,degraded_instruct,healthy_q6,q2_structural_amplifier,high,1400,0.9186,0.5121,0.9289,0.9893,0.0564,0.3014,0.2257,0.0586,0.4139,none
9b,degraded_instruct,healthy_q6,q2_structural_amplifier,low,1400,0.9286,0.6264,0.949,0.9914,0.0436,0.2136,0.1536,0.0279,0.557,none
9b,degraded_instruct,healthy_q6,q2_structural_amplifier,medium,1400,0.9164,0.5921,0.9387,0.9864,0.0536,0.2543,0.1393,0.0543,0.5114,none
9b,degraded_instruct,healthy_q6,routed_tri_structural_60,extreme,1400,0.9336,0.6571,0.9533,0.9921,0.0593,0.09,0.2329,0.0507,0.6002,none
9b,degraded_instruct,healthy_q6,routed_tri_structural_60,high,1400,0.9514,0.7493,0.9643,0.9936,0.0421,0.055,0.1779,0.0457,0.7091,none
9b,degraded_instruct,healthy_q6,routed_tri_structural_60,low,1400,0.9414,0.83,0.9747,0.9943,0.0229,0.0293,0.0957,0.0371,0.8078,none
9b,degraded_instruct,healthy_q6,routed_tri_structural_60,medium,1400,0.9464,0.8021,0.967,0.9871,0.0357,0.045,0.125,0.05,0.7699,none
9b,degraded_instruct,healthy_q6,routed_tri_structural_65,extreme,1400,0.9279,0.6629,0.9497,0.9936,0.0629,0.0786,0.245,0.0614,0.6056,none
9b,degraded_instruct,healthy_q6,routed_tri_structural_65,high,1400,0.9429,0.7671,0.9608,0.9929,0.0529,0.0486,0.1579,0.0536,0.7263,none
9b,degraded_instruct,healthy_q6,routed_tri_structural_65,low,1400,0.9493,0.8293,0.976,0.9943,0.0236,0.0286,0.1029,0.0293,0.8068,none
9b,degraded_instruct,healthy_q6,routed_tri_structural_65,medium,1400,0.9464,0.795,0.966,0.9886,0.0386,0.0421,0.1279,0.0507,0.7622,none
9b,degraded_instruct,healthy_q6,stability_first_tri_70,extreme,1400,0.9371,0.6893,0.9527,0.9879,0.055,0.0707,0.2236,0.0614,0.6377,none
9b,degraded_instruct,healthy_q6,stability_first_tri_70,high,1400,0.9514,0.7593,0.9631,0.9893,0.045,0.055,0.1664,0.0471,0.7191,none
9b,degraded_instruct,healthy_q6,stability_first_tri_70,low,1400,0.935,0.8279,0.9712,0.9843,0.0214,0.025,0.0964,0.0421,0.8066,none
9b,degraded_instruct,healthy_q6,stability_first_tri_70,medium,1400,0.9521,0.8214,0.9688,0.9886,0.0321,0.0436,0.1057,0.0543,0.7919,none
9b,degraded_instruct,healthy_q8,cognitive_structural_25_75,extreme,1400,0.9443,0.7314,0.957,0.9886,0.05,0.0443,0.2086,0.0557,0.6881,none
9b,degraded_instruct,healthy_q8,cognitive_structural_25_75,high,1400,0.9671,0.805,0.9687,0.9879,0.0257,0.0257,0.1579,0.05,0.777,none
9b,degraded_instruct,healthy_q8,cognitive_structural_25_75,low,1400,0.945,0.8529,0.9748,0.9907,0.0179,0.01,0.0907,0.04,0.8362,none
9b,degraded_instruct,healthy_q8,cognitive_structural_25_75,medium,1400,0.955,0.845,0.9706,0.99,0.0293,0.0207,0.1029,0.0514,0.8213,none
9b,degraded_instruct,healthy_q8,cyber_structural_25_75,extreme,1400,0.95,0.7321,0.9593,0.9886,0.0443,0.0614,0.1964,0.0564,0.688,none
9b,degraded_instruct,healthy_q8,cyber_structural_25_75,high,1400,0.9571,0.7971,0.9682,0.9871,0.0364,0.0343,0.1486,0.0379,0.7656,none
9b,degraded_instruct,healthy_q8,cyber_structural_25_75,low,1400,0.9514,0.855,0.977,0.9886,0.02,0.0207,0.0829,0.0293,0.8368,none
9b,degraded_instruct,healthy_q8,cyber_structural_25_75,medium,1400,0.9557,0.8357,0.9721,0.9914,0.0257,0.0271,0.1043,0.0507,0.8117,none
9b,degraded_instruct,healthy_q8,q2_structural_amplifier,extreme,1400,0.9193,0.4507,0.9164,0.9921,0.0521,0.3636,0.2621,0.0664,0.3381,none
9b,degraded_instruct,healthy_q8,q2_structural_amplifier,high,1400,0.9186,0.5057,0.9295,0.9871,0.0521,0.3307,0.2129,0.0536,0.4042,none
9b,degraded_instruct,healthy_q8,q2_structural_amplifier,low,1400,0.9229,0.625,0.9488,0.99,0.0371,0.2164,0.14,0.0371,0.5575,none
9b,degraded_instruct,healthy_q8,q2_structural_amplifier,medium,1400,0.9307,0.57,0.9411,0.9957,0.0471,0.2886,0.1607,0.0436,0.4831,none
9b,degraded_instruct,healthy_q8,routed_tri_structural_60,extreme,1400,0.9464,0.7014,0.9566,0.9921,0.0507,0.0907,0.1879,0.0657,0.6498,none
9b,degraded_instruct,healthy_q8,routed_tri_structural_60,high,1400,0.9493,0.7657,0.9634,0.9864,0.0393,0.055,0.1579,0.055,0.7275,none
9b,degraded_instruct,healthy_q8,routed_tri_structural_60,low,1400,0.9407,0.84,0.9739,0.9886,0.0207,0.0321,0.0793,0.0414,0.8189,none
9b,degraded_instruct,healthy_q8,routed_tri_structural_60,medium,1400,0.9486,0.8064,0.9684,0.9907,0.0357,0.0471,0.1129,0.05,0.7748,none
9b,degraded_instruct,healthy_q8,routed_tri_structural_65,extreme,1400,0.9543,0.7043,0.958,0.99,0.0393,0.0843,0.2271,0.0621,0.6544,none
9b,degraded_instruct,healthy_q8,routed_tri_structural_65,high,1400,0.9579,0.7857,0.9672,0.9929,0.0336,0.0493,0.145,0.0557,0.7514,none
9b,degraded_instruct,healthy_q8,routed_tri_structural_65,low,1400,0.945,0.8286,0.9765,0.995,0.0236,0.0329,0.0921,0.0314,0.806,none
9b,degraded_instruct,healthy_q8,routed_tri_structural_65,medium,1400,0.9579,0.8193,0.9734,0.9886,0.0279,0.0543,0.1014,0.0393,0.79,none
9b,degraded_instruct,healthy_q8,stability_first_tri_70,extreme,1400,0.9514,0.7243,0.9597,0.9907,0.0429,0.07,0.1986,0.0571,0.6787,none
9b,degraded_instruct,healthy_q8,stability_first_tri_70,high,1400,0.9586,0.7914,0.9672,0.9893,0.0336,0.0486,0.1379,0.0536,0.7579,none
9b,degraded_instruct,healthy_q8,stability_first_tri_70,low,1400,0.9414,0.8571,0.9775,0.9943,0.0136,0.0207,0.0671,0.0443,0.8413,none
9b,degraded_instruct,healthy_q8,stability_first_tri_70,medium,1400,0.9629,0.8229,0.9725,0.99,0.0229,0.045,0.1114,0.0507,0.7955,none
9b,instruct,collapsed_q2_edge,cognitive_structural_25_75,extreme,1400,0.0479,0.0264,0.237,0.5336,0.5207,0.0443,0.7857,3.1643,-0.3597,cascade
9b,instruct,collapsed_q2_edge,cognitive_structural_25_75,high,1400,0.0786,0.0636,0.2982,0.5936,0.4271,0.0179,0.5421,2.5829,-0.2407,cascade
9b,instruct,collapsed_q2_edge,cognitive_structural_25_75,low,1400,0.1893,0.1379,0.5226,0.7221,0.1871,0.01,0.2971,1.28,-0.0081,low_score
9b,instruct,collapsed_q2_edge,cognitive_structural_25_75,medium,1400,0.1493,0.1186,0.4204,0.655,0.2921,0.0129,0.385,1.9671,-0.1008,cascade
9b,instruct,collapsed_q2_edge,cyber_structural_25_75,extreme,1400,0.0614,0.0264,0.2613,0.5364,0.4843,0.0464,0.7686,2.9593,-0.3376,cascade
9b,instruct,collapsed_q2_edge,cyber_structural_25_75,high,1400,0.0957,0.0721,0.3251,0.5957,0.385,0.0171,0.4971,2.4614,-0.2096,cascade
9b,instruct,collapsed_q2_edge,cyber_structural_25_75,low,1400,0.2086,0.155,0.5369,0.7236,0.2036,0.0121,0.2793,1.2007,0.0091,cascade
9b,instruct,collapsed_q2_edge,cyber_structural_25_75,medium,1400,0.19,0.1593,0.4384,0.6707,0.2836,0.0236,0.3571,1.9357,-0.0559,cascade
9b,instruct,collapsed_q2_edge,q2_structural_amplifier,extreme,1400,0.3879,0.1307,0.6186,0.6957,0.2629,0.3357,0.7929,0.8807,-0.1227,distractor_capture
9b,instruct,collapsed_q2_edge,q2_structural_amplifier,high,1400,0.4507,0.2221,0.6639,0.7614,0.2407,0.2814,0.5343,0.7693,0.0124,distractor_capture
9b,instruct,collapsed_q2_edge,q2_structural_amplifier,low,1400,0.6914,0.4,0.8272,0.8336,0.1071,0.2114,0.3114,0.2343,0.2889,none
9b,instruct,collapsed_q2_edge,q2_structural_amplifier,medium,1400,0.61,0.3236,0.7694,0.8014,0.1493,0.2493,0.4136,0.4436,0.1737,none
9b,instruct,collapsed_q2_edge,routed_tri_structural_60,extreme,1400,0.0893,0.0507,0.3199,0.5893,0.4507,0.0714,0.7614,2.6329,-0.2913,cascade
9b,instruct,collapsed_q2_edge,routed_tri_structural_60,high,1400,0.1543,0.1036,0.3946,0.6407,0.3471,0.0343,0.5243,2.1543,-0.1571,cascade
9b,instruct,collapsed_q2_edge,routed_tri_structural_60,low,1400,0.2836,0.2114,0.6049,0.7664,0.1686,0.0207,0.2793,1.0071,0.084,none
9b,instruct,collapsed_q2_edge,routed_tri_structural_60,medium,1400,0.2193,0.1829,0.4958,0.7029,0.27,0.0386,0.3736,1.6529,-0.0184,cascade
9b,instruct,collapsed_q2_edge,routed_tri_structural_65,extreme,1400,0.0929,0.0507,0.3255,0.5971,0.4529,0.0607,0.8093,2.5829,-0.2912,cascade
9b,instruct,collapsed_q2_edge,routed_tri_structural_65,high,1400,0.19,0.1407,0.4435,0.6936,0.3193,0.0379,0.5114,1.9457,-0.1008,cascade
9b,instruct,collapsed_q2_edge,routed_tri_structural_65,low,1400,0.3343,0.2464,0.6547,0.8079,0.1586,0.0271,0.2657,0.8657,0.1289,none
9b,instruct,collapsed_q2_edge,routed_tri_structural_65,medium,1400,0.2564,0.2071,0.5317,0.7171,0.245,0.0336,0.3843,1.5129,0.0205,cascade
9b,instruct,collapsed_q2_edge,stability_first_tri_70,extreme,1400,0.1286,0.0614,0.383,0.6414,0.4279,0.0464,0.8021,2.275,-0.2541,cascade
9b,instruct,collapsed_q2_edge,stability_first_tri_70,high,1400,0.2029,0.1486,0.448,0.6543,0.3257,0.0343,0.485,1.8579,-0.0877,cascade
9b,instruct,collapsed_q2_edge,stability_first_tri_70,low,1400,0.3871,0.295,0.6735,0.7829,0.1614,0.0157,0.2707,0.7757,0.183,none
9b,instruct,collapsed_q2_edge,stability_first_tri_70,medium,1400,0.2757,0.2207,0.5528,0.7371,0.2593,0.0229,0.3693,1.4071,0.0385,cascade
9b,instruct,damaged_q2,cognitive_structural_25_75,extreme,1400,0.2436,0.1279,0.4949,0.7093,0.3007,0.04,0.6993,1.8743,-0.12,cascade
9b,instruct,damaged_q2,cognitive_structural_25_75,high,1400,0.3021,0.2114,0.5516,0.7464,0.2471,0.0143,0.4543,1.5086,0.0227,cascade
9b,instruct,damaged_q2,cognitive_structural_25_75,low,1400,0.4657,0.3521,0.7408,0.8543,0.1143,0.0086,0.2607,0.6329,0.2636,none
9b,instruct,damaged_q2,cognitive_structural_25_75,medium,1400,0.4171,0.3443,0.6497,0.775,0.1857,0.0143,0.3286,1.08,0.2054,none
9b,instruct,damaged_q2,cyber_structural_25_75,extreme,1400,0.2786,0.1471,0.5298,0.7021,0.2986,0.05,0.6207,1.6579,-0.085,cascade
9b,instruct,damaged_q2,cyber_structural_25_75,high,1400,0.3343,0.2443,0.5692,0.75,0.245,0.0164,0.4393,1.4179,0.0615,cascade
9b,instruct,damaged_q2,cyber_structural_25_75,low,1400,0.4757,0.3693,0.7443,0.8229,0.1114,0.0107,0.2357,0.5971,0.285,none
9b,instruct,damaged_q2,cyber_structural_25_75,medium,1400,0.4607,0.3786,0.6762,0.7986,0.1971,0.025,0.3093,0.9671,0.2413,none
9b,instruct,damaged_q2,q2_structural_amplifier,extreme,1400,0.6371,0.23,0.7847,0.8221,0.1843,0.3421,0.655,0.2336,0.0422,distractor_capture
9b,instruct,damaged_q2,q2_structural_amplifier,high,1400,0.7343,0.3414,0.8361,0.8514,0.1414,0.3036,0.4429,0.165,0.1946,none
9b,instruct,damaged_q2,q2_structural_amplifier,low,1400,0.845,0.5479,0.9095,0.9243,0.0864,0.19,0.2379,0.055,0.4621,none
9b,instruct,damaged_q2,q2_structural_amplifier,medium,1400,0.7993,0.4521,0.8759,0.8821,0.1179,0.2364,0.3221,0.0979,0.3388,none
9b,instruct,damaged_q2,routed_tri_structural_60,extreme,1400,0.3436,0.1771,0.5795,0.7493,0.28,0.0607,0.6586,1.425,-0.0429,cascade
9b,instruct,damaged_q2,routed_tri_structural_60,high,1400,0.4314,0.3114,0.6478,0.8043,0.2043,0.0321,0.4529,1.1136,0.1518,none
9b,instruct,damaged_q2,routed_tri_structural_60,low,1400,0.6057,0.46,0.814,0.8636,0.1029,0.0271,0.235,0.3914,0.3853,none
9b,instruct,damaged_q2,routed_tri_structural_60,medium,1400,0.5279,0.3986,0.7363,0.8536,0.1679,0.045,0.3129,0.7657,0.2759,none
9b,instruct,damaged_q2,routed_tri_structural_65,extreme,1400,0.4014,0.2071,0.6214,0.7529,0.2629,0.0693,0.63,1.2043,0.0038,cascade
9b,instruct,damaged_q2,routed_tri_structural_65,high,1400,0.4614,0.3264,0.6723,0.8186,0.2186,0.0343,0.4357,0.9821,0.17,none
9b,instruct,damaged_q2,routed_tri_structural_65,low,1400,0.6407,0.49,0.831,0.8879,0.105,0.0221,0.2343,0.3429,0.4182,none
9b,instruct,damaged_q2,routed_tri_structural_65,medium,1400,0.6114,0.4636,0.7711,0.8593,0.1429,0.0321,0.31,0.6379,0.3576,none
9b,instruct,damaged_q2,stability_first_tri_70,extreme,1400,0.4393,0.2229,0.6495,0.7593,0.2443,0.0579,0.6314,1.08,0.0335,distractor_capture
9b,instruct,damaged_q2,stability_first_tri_70,high,1400,0.5207,0.3664,0.7102,0.8321,0.1907,0.0286,0.4321,0.8457,0.2266,none
9b,instruct,damaged_q2,stability_first_tri_70,low,1400,0.7486,0.5964,0.878,0.9014,0.0957,0.0157,0.195,0.205,0.5387,none
9b,instruct,damaged_q2,stability_first_tri_70,medium,1400,0.6457,0.5021,0.7977,0.8657,0.1371,0.0221,0.2971,0.5243,0.4066,none
9b,instruct,damaged_q3,cognitive_structural_25_75,extreme,1400,0.8,0.4964,0.8774,0.9279,0.1257,0.0421,0.4443,0.2129,0.4041,none
9b,instruct,damaged_q3,cognitive_structural_25_75,high,1400,0.8107,0.5993,0.8914,0.95,0.1229,0.0136,0.3179,0.1886,0.5249,none
9b,instruct,damaged_q3,cognitive_structural_25_75,low,1400,0.9,0.7693,0.9564,0.9929,0.06,0.0057,0.1529,0.0464,0.7356,none
9b,instruct,damaged_q3,cognitive_structural_25_75,medium,1400,0.8829,0.6971,0.9373,0.9671,0.0721,0.0164,0.2221,0.0836,0.6503,none
9b,instruct,damaged_q3,cyber_structural_25_75,extreme,1400,0.7679,0.4671,0.8555,0.8707,0.1336,0.0514,0.4193,0.2657,0.37,none
9b,instruct,damaged_q3,cyber_structural_25_75,high,1400,0.7929,0.5521,0.8786,0.8964,0.11,0.0314,0.33,0.21,0.476,none
9b,instruct,damaged_q3,cyber_structural_25_75,low,1400,0.8921,0.755,0.9459,0.9607,0.0614,0.005,0.1586,0.0536,0.7202,none
9b,instruct,damaged_q3,cyber_structural_25_75,medium,1400,0.87,0.6764,0.9292,0.9443,0.0786,0.0279,0.2143,0.0914,0.6256,none
9b,instruct,damaged_q3,q2_structural_amplifier,extreme,1400,0.825,0.3529,0.8789,0.97,0.1293,0.3229,0.4536,0.0621,0.2101,none
9b,instruct,damaged_q3,q2_structural_amplifier,high,1400,0.8679,0.4493,0.9088,0.99,0.1029,0.2729,0.3264,0.0643,0.3345,none
9b,instruct,damaged_q3,q2_structural_amplifier,low,1400,0.8964,0.5971,0.939,0.9914,0.0686,0.1986,0.1707,0.0371,0.5213,none
9b,instruct,damaged_q3,q2_structural_amplifier,medium,1400,0.9043,0.5357,0.9302,0.9907,0.0736,0.2421,0.2479,0.0393,0.4434,none
9b,instruct,damaged_q3,routed_tri_structural_60,extreme,1400,0.8479,0.5043,0.9028,0.9529,0.1214,0.0671,0.4221,0.1121,0.4151,none
9b,instruct,damaged_q3,routed_tri_structural_60,high,1400,0.8679,0.6064,0.9278,0.9621,0.0986,0.05,0.2936,0.0657,0.5401,none
9b,instruct,damaged_q3,routed_tri_structural_60,low,1400,0.9114,0.7436,0.958,0.9929,0.0643,0.0171,0.1743,0.0307,0.7054,none
9b,instruct,damaged_q3,routed_tri_structural_60,medium,1400,0.895,0.7071,0.9449,0.9871,0.0886,0.0371,0.1964,0.0543,0.6547,none
9b,instruct,damaged_q3,routed_tri_structural_65,extreme,1400,0.8407,0.5,0.9021,0.9371,0.1143,0.0614,0.4421,0.0979,0.4132,none
9b,instruct,damaged_q3,routed_tri_structural_65,high,1400,0.875,0.61,0.9259,0.9693,0.0971,0.0379,0.2979,0.0843,0.5452,none
9b,instruct,damaged_q3,routed_tri_structural_65,low,1400,0.9093,0.7529,0.9592,0.9914,0.0607,0.0243,0.1686,0.03,0.7148,none
9b,instruct,damaged_q3,routed_tri_structural_65,medium,1400,0.8914,0.6936,0.9432,0.9864,0.09,0.0386,0.2014,0.0564,0.6399,none
9b,instruct,damaged_q3,stability_first_tri_70,extreme,1400,0.8586,0.5429,0.9136,0.9693,0.1179,0.0579,0.4114,0.0786,0.4591,none
9b,instruct,damaged_q3,stability_first_tri_70,high,1400,0.8814,0.6379,0.9345,0.9793,0.1014,0.0336,0.2793,0.0521,0.5758,none
9b,instruct,damaged_q3,stability_first_tri_70,low,1400,0.9157,0.7636,0.9592,0.985,0.0536,0.0121,0.1643,0.0329,0.7303,none
9b,instruct,damaged_q3,stability_first_tri_70,medium,1400,0.9021,0.7114,0.9492,0.9943,0.0843,0.0257,0.2,0.0457,0.6627,none
9b,instruct,damaged_q4,cognitive_structural_25_75,extreme,1400,0.9021,0.6036,0.935,0.9921,0.09,0.0429,0.3464,0.06,0.5373,none
9b,instruct,damaged_q4,cognitive_structural_25_75,high,1400,0.9221,0.7157,0.9498,0.99,0.0693,0.0171,0.23,0.0543,0.6704,none
9b,instruct,damaged_q4,cognitive_structural_25_75,low,1400,0.94,0.8336,0.972,0.9907,0.0357,0.0064,0.1093,0.0257,0.8115,none
9b,instruct,damaged_q4,cognitive_structural_25_75,medium,1400,0.9214,0.7679,0.955,0.9893,0.0607,0.015,0.165,0.0586,0.7305,none
9b,instruct,damaged_q4,cyber_structural_25_75,extreme,1400,0.8836,0.6114,0.9291,0.9771,0.0957,0.0479,0.3164,0.0764,0.544,none
9b,instruct,damaged_q4,cyber_structural_25_75,high,1400,0.9143,0.7136,0.9481,0.985,0.07,0.0214,0.225,0.0579,0.6674,none
9b,instruct,damaged_q4,cyber_structural_25_75,low,1400,0.9143,0.7864,0.9632,0.9929,0.045,0.0143,0.1321,0.0429,0.7574,none
9b,instruct,damaged_q4,cyber_structural_25_75,medium,1400,0.9214,0.7629,0.9571,0.9907,0.0621,0.0193,0.165,0.0471,0.7248,none
9b,instruct,damaged_q4,q2_structural_amplifier,extreme,1400,0.8693,0.3907,0.8963,0.99,0.0943,0.3686,0.3643,0.0564,0.2567,none
9b,instruct,damaged_q4,q2_structural_amplifier,high,1400,0.9,0.4921,0.9229,0.9943,0.0857,0.2786,0.2821,0.0371,0.3863,none
9b,instruct,damaged_q4,q2_structural_amplifier,low,1400,0.9036,0.6257,0.9445,0.99,0.0529,0.1886,0.1514,0.0407,0.558,none
9b,instruct,damaged_q4,q2_structural_amplifier,medium,1400,0.8907,0.5714,0.9289,0.9836,0.08,0.2357,0.1907,0.05,0.4825,none
9b,instruct,damaged_q4,routed_tri_structural_60,extreme,1400,0.8807,0.5614,0.924,0.9893,0.1086,0.0707,0.3786,0.0721,0.4808,none
9b,instruct,damaged_q4,routed_tri_structural_60,high,1400,0.895,0.68,0.9411,0.9857,0.0857,0.0364,0.2457,0.0614,0.6243,none
9b,instruct,damaged_q4,routed_tri_structural_60,low,1400,0.9257,0.775,0.9654,0.9936,0.0386,0.0271,0.1464,0.0386,0.7444,none
9b,instruct,damaged_q4,routed_tri_structural_60,medium,1400,0.92,0.74,0.9572,0.9943,0.0621,0.0429,0.1764,0.0471,0.6963,none
9b,instruct,damaged_q4,routed_tri_structural_65,extreme,1400,0.8764,0.5957,0.9291,0.99,0.11,0.0657,0.315,0.065,0.5211,none
9b,instruct,damaged_q4,routed_tri_structural_65,high,1400,0.8936,0.6693,0.9409,0.9893,0.09,0.0286,0.245,0.0607,0.6139,none
9b,instruct,damaged_q4,routed_tri_structural_65,low,1400,0.9229,0.8057,0.9673,0.9929,0.04,0.0229,0.12,0.0371,0.7777,none
9b,instruct,damaged_q4,routed_tri_structural_65,medium,1400,0.93,0.7607,0.959,0.9871,0.055,0.0307,0.1664,0.0464,0.7224,none
9b,instruct,damaged_q4,stability_first_tri_70,extreme,1400,0.9107,0.5936,0.9364,0.9929,0.0814,0.0579,0.3429,0.0679,0.5267,none
9b,instruct,damaged_q4,stability_first_tri_70,high,1400,0.9236,0.7214,0.9522,0.9921,0.065,0.0371,0.2086,0.0586,0.6749,none
9b,instruct,damaged_q4,stability_first_tri_70,low,1400,0.9207,0.8036,0.9654,0.9879,0.045,0.0129,0.1257,0.0329,0.7758,none
9b,instruct,damaged_q4,stability_first_tri_70,medium,1400,0.9221,0.7571,0.9562,0.9893,0.0636,0.0336,0.1686,0.0479,0.7155,none
9b,instruct,healthy_q6,cognitive_structural_25_75,extreme,1400,0.9286,0.6964,0.9497,0.9893,0.065,0.0443,0.2429,0.0593,0.6457,none
9b,instruct,healthy_q6,cognitive_structural_25_75,high,1400,0.945,0.7593,0.959,0.9907,0.0464,0.0093,0.2036,0.0536,0.7245,none
9b,instruct,healthy_q6,cognitive_structural_25_75,low,1400,0.9314,0.8307,0.9708,0.9914,0.0286,0.0057,0.1079,0.04,0.8104,none
9b,instruct,healthy_q6,cognitive_structural_25_75,medium,1400,0.9464,0.8179,0.9669,0.9914,0.0386,0.02,0.1221,0.0514,0.7899,none
9b,instruct,healthy_q6,cyber_structural_25_75,extreme,1400,0.9329,0.7014,0.9524,0.9907,0.0621,0.0593,0.2279,0.0529,0.6501,none
9b,instruct,healthy_q6,cyber_structural_25_75,high,1400,0.9407,0.7736,0.9607,0.9943,0.0521,0.0179,0.1764,0.05,0.7377,none
9b,instruct,healthy_q6,cyber_structural_25_75,low,1400,0.9371,0.8386,0.9718,0.9914,0.0257,0.0121,0.1,0.0393,0.8185,none
9b,instruct,healthy_q6,cyber_structural_25_75,medium,1400,0.9429,0.8021,0.9635,0.9893,0.0386,0.0229,0.1407,0.06,0.7717,none
9b,instruct,healthy_q6,q2_structural_amplifier,extreme,1400,0.8786,0.42,0.8996,0.9871,0.09,0.35,0.3207,0.0721,0.2937,none
9b,instruct,healthy_q6,q2_structural_amplifier,high,1400,0.9057,0.5064,0.9275,0.99,0.07,0.2957,0.2186,0.05,0.4063,none
9b,instruct,healthy_q6,q2_structural_amplifier,low,1400,0.9243,0.6243,0.9488,0.9886,0.0414,0.1993,0.1521,0.0329,0.5582,none
9b,instruct,healthy_q6,q2_structural_amplifier,medium,1400,0.91,0.5957,0.9352,0.9857,0.0629,0.2336,0.1793,0.0521,0.5132,none
9b,instruct,healthy_q6,routed_tri_structural_60,extreme,1400,0.9286,0.6657,0.9501,0.995,0.0657,0.0543,0.2571,0.055,0.6118,none
9b,instruct,healthy_q6,routed_tri_structural_60,high,1400,0.9264,0.7529,0.9566,0.9921,0.0636,0.0336,0.1807,0.0486,0.7102,none
9b,instruct,healthy_q6,routed_tri_structural_60,low,1400,0.9407,0.8321,0.9739,0.9914,0.0286,0.0229,0.0979,0.0314,0.8096,none
9b,instruct,healthy_q6,routed_tri_structural_60,medium,1400,0.9543,0.8071,0.9691,0.9857,0.0279,0.03,0.1421,0.0436,0.7792,none
9b,instruct,healthy_q6,routed_tri_structural_65,extreme,1400,0.9264,0.7014,0.9486,0.99,0.0679,0.0579,0.2186,0.0686,0.6486,none
9b,instruct,healthy_q6,routed_tri_structural_65,high,1400,0.9393,0.7693,0.9596,0.9893,0.0493,0.0379,0.1643,0.0586,0.7309,none
9b,instruct,healthy_q6,routed_tri_structural_65,low,1400,0.9321,0.8264,0.9703,0.9857,0.0321,0.0214,0.0979,0.035,0.8029,none
9b,instruct,healthy_q6,routed_tri_structural_65,medium,1400,0.9386,0.8086,0.9654,0.9907,0.0471,0.0379,0.1071,0.05,0.7758,none
9b,instruct,healthy_q6,stability_first_tri_70,extreme,1400,0.9407,0.6936,0.9538,0.9921,0.0536,0.0536,0.24,0.0593,0.6446,none
9b,instruct,healthy_q6,stability_first_tri_70,high,1400,0.9464,0.7807,0.9618,0.9871,0.0414,0.0329,0.1657,0.0571,0.7456,none
9b,instruct,healthy_q6,stability_first_tri_70,low,1400,0.945,0.8343,0.9743,0.9871,0.0257,0.02,0.1043,0.0271,0.8129,none
9b,instruct,healthy_q6,stability_first_tri_70,medium,1400,0.9429,0.8057,0.963,0.9871,0.0421,0.0293,0.1293,0.0579,0.774,none
9b,instruct,healthy_q8,cognitive_structural_25_75,extreme,1400,0.9421,0.7429,0.9583,0.9936,0.05,0.04,0.2,0.0586,0.7009,none
9b,instruct,healthy_q8,cognitive_structural_25_75,high,1400,0.9621,0.8186,0.969,0.9921,0.03,0.0071,0.1529,0.0479,0.7935,none
9b,instruct,healthy_q8,cognitive_structural_25_75,low,1400,0.9443,0.8629,0.9764,0.9943,0.0236,0.0071,0.0836,0.0329,0.846,none
9b,instruct,healthy_q8,cognitive_structural_25_75,medium,1400,0.9529,0.8521,0.9697,0.9907,0.0293,0.0107,0.1071,0.0571,0.8298,none
9b,instruct,healthy_q8,cyber_structural_25_75,extreme,1400,0.9493,0.7329,0.9595,0.9886,0.0443,0.0471,0.2043,0.0536,0.6911,none
9b,instruct,healthy_q8,cyber_structural_25_75,high,1400,0.9536,0.7979,0.9638,0.985,0.0386,0.0236,0.1529,0.0529,0.7667,none
9b,instruct,healthy_q8,cyber_structural_25_75,low,1400,0.9393,0.8536,0.9738,0.9914,0.0243,0.0107,0.085,0.0386,0.8354,none
9b,instruct,healthy_q8,cyber_structural_25_75,medium,1400,0.9521,0.8407,0.9692,0.9893,0.0329,0.02,0.105,0.0529,0.8158,none
9b,instruct,healthy_q8,q2_structural_amplifier,extreme,1400,0.8986,0.4571,0.9109,0.9893,0.0707,0.355,0.2614,0.065,0.3408,none
9b,instruct,healthy_q8,q2_structural_amplifier,high,1400,0.9214,0.5457,0.9326,0.99,0.0564,0.285,0.1979,0.0579,0.4531,none
9b,instruct,healthy_q8,q2_structural_amplifier,low,1400,0.9364,0.6471,0.9531,0.9886,0.0364,0.2064,0.1329,0.0271,0.5829,none
9b,instruct,healthy_q8,q2_structural_amplifier,medium,1400,0.9264,0.5786,0.9407,0.9929,0.0521,0.2621,0.1793,0.0379,0.4943,none
9b,instruct,healthy_q8,routed_tri_structural_60,extreme,1400,0.9493,0.7071,0.9572,0.9907,0.0421,0.0657,0.2214,0.0643,0.6604,none
9b,instruct,healthy_q8,routed_tri_structural_60,high,1400,0.9471,0.7771,0.9624,0.9871,0.0421,0.0414,0.1571,0.0564,0.7408,none
9b,instruct,healthy_q8,routed_tri_structural_60,low,1400,0.9436,0.8414,0.9747,0.9879,0.0221,0.02,0.0957,0.0321,0.8215,none
9b,instruct,healthy_q8,routed_tri_structural_60,medium,1400,0.9621,0.8207,0.9728,0.99,0.0236,0.0357,0.1221,0.0443,0.7945,none
9b,instruct,healthy_q8,routed_tri_structural_65,extreme,1400,0.9429,0.7214,0.9552,0.9907,0.0493,0.0579,0.2136,0.0664,0.6747,none
9b,instruct,healthy_q8,routed_tri_structural_65,high,1400,0.9593,0.7914,0.9674,0.9921,0.0336,0.03,0.1593,0.0486,0.7602,none
9b,instruct,healthy_q8,routed_tri_structural_65,low,1400,0.9429,0.8393,0.9754,0.9929,0.0179,0.0186,0.0979,0.0393,0.8204,none
9b,instruct,healthy_q8,routed_tri_structural_65,medium,1400,0.9643,0.8336,0.9719,0.9936,0.0236,0.0293,0.1129,0.0557,0.8088,none
9b,instruct,healthy_q8,stability_first_tri_70,extreme,1400,0.9457,0.7236,0.9579,0.9893,0.0457,0.0643,0.2021,0.0593,0.6779,none
9b,instruct,healthy_q8,stability_first_tri_70,high,1400,0.9593,0.7879,0.9671,0.9893,0.0336,0.0429,0.1507,0.0493,0.7547,none
9b,instruct,healthy_q8,stability_first_tri_70,low,1400,0.9436,0.8479,0.9742,0.9871,0.0229,0.0171,0.0914,0.0343,0.8285,none
9b,instruct,healthy_q8,stability_first_tri_70,medium,1400,0.955,0.84,0.9711,0.9907,0.03,0.0314,0.0993,0.0507,0.8142,none
