substrate,quant,stack,family,trials,pass_rate,clean_pass_rate,mean_score,classified_rate,cascade_rate,echo_rate,avg_distractors,avg_missing_required,stability_score,top_failure
base,collapsed_q2_edge,baseline,adversarial,640,0.0016,0.0016,0.0077,0.0938,0.8797,0.0094,0.7781,5.45,-0.599,cascade
base,collapsed_q2_edge,baseline,boundary,640,0.0,0.0,0.0025,0.0828,0.8922,0.0266,0.9281,5.2219,-0.6083,cascade
base,collapsed_q2_edge,baseline,coding,640,0.0,0.0,0.0055,0.1031,0.8484,0.0234,0.6312,4.9328,-0.5564,cascade
base,collapsed_q2_edge,baseline,epistemic,640,0.0,0.0,0.0097,0.1125,0.8266,0.0,0.7359,4.1797,-0.5158,cascade
base,collapsed_q2_edge,baseline,forensic,640,0.0,0.0,0.0062,0.1156,0.8594,0.0094,0.7609,4.7047,-0.5558,cascade
base,collapsed_q2_edge,baseline,generalist,640,0.0,0.0,0.0089,0.1047,0.8125,0.0156,0.7562,4.4078,-0.5278,cascade
base,collapsed_q2_edge,baseline,math,640,0.0,0.0,0.0114,0.1547,0.7984,0.0234,0.7562,5.1141,-0.5604,cascade
base,collapsed_q2_edge,baseline,planning,640,0.0,0.0,0.0118,0.1187,0.7906,0.0094,0.6047,4.6672,-0.5208,cascade
base,collapsed_q2_edge,baseline,rhetoric,640,0.0,0.0,0.0062,0.1141,0.8438,0.0094,0.7594,4.9297,-0.5622,cascade
base,collapsed_q2_edge,baseline,spatial,640,0.0,0.0,0.01,0.1281,0.8609,0.0063,0.6453,4.6719,-0.5447,cascade
base,collapsed_q2_edge,cog_25_cyb_75,adversarial,640,0.0328,0.0281,0.1887,0.7875,0.6687,0.0719,0.6297,3.6313,-0.4188,cascade
base,collapsed_q2_edge,cog_25_cyb_75,boundary,640,0.0406,0.0328,0.2268,0.8453,0.6547,0.1031,0.7188,3.1844,-0.4009,cascade
base,collapsed_q2_edge,cog_25_cyb_75,coding,640,0.0047,0.0047,0.0729,0.4297,0.6906,0.0797,0.5375,4.1844,-0.4707,cascade
base,collapsed_q2_edge,cog_25_cyb_75,epistemic,640,0.0063,0.0063,0.0894,0.4469,0.6844,0.0734,0.6406,3.4266,-0.4363,cascade
base,collapsed_q2_edge,cog_25_cyb_75,forensic,640,0.0172,0.0094,0.1278,0.7734,0.7047,0.0891,0.6406,3.6,-0.4511,cascade
base,collapsed_q2_edge,cog_25_cyb_75,generalist,640,0.0,0.0,0.0921,0.3953,0.6984,0.0797,0.6,3.7,-0.4585,cascade
base,collapsed_q2_edge,cog_25_cyb_75,math,640,0.0031,0.0031,0.0575,0.3156,0.6828,0.0844,0.6125,4.6516,-0.5002,cascade
base,collapsed_q2_edge,cog_25_cyb_75,planning,640,0.0125,0.0094,0.0885,0.3937,0.6672,0.0891,0.4844,3.9016,-0.4424,cascade
base,collapsed_q2_edge,cog_25_cyb_75,rhetoric,640,0.0063,0.0063,0.0673,0.3984,0.7297,0.0859,0.6125,4.1766,-0.4877,cascade
base,collapsed_q2_edge,cog_25_cyb_75,spatial,640,0.0078,0.0031,0.0611,0.3688,0.7063,0.0688,0.5719,4.1172,-0.4741,cascade
base,collapsed_q2_edge,cog_25_str_75,adversarial,640,0.0719,0.0516,0.2791,0.6609,0.5078,0.0328,0.6719,2.9719,-0.3097,cascade
base,collapsed_q2_edge,cog_25_str_75,boundary,640,0.0672,0.0437,0.2869,0.6609,0.5094,0.0312,0.6922,2.7188,-0.3066,cascade
base,collapsed_q2_edge,cog_25_str_75,coding,640,0.0703,0.0531,0.2509,0.5203,0.4906,0.0219,0.525,2.8,-0.2804,cascade
base,collapsed_q2_edge,cog_25_str_75,epistemic,640,0.0625,0.05,0.2673,0.5641,0.4859,0.0047,0.6109,2.3594,-0.2636,cascade
base,collapsed_q2_edge,cog_25_str_75,forensic,640,0.0609,0.0422,0.255,0.5969,0.5188,0.0281,0.5938,2.7391,-0.3035,cascade
base,collapsed_q2_edge,cog_25_str_75,generalist,640,0.0563,0.0484,0.2627,0.5375,0.5156,0.0281,0.6016,2.4578,-0.2829,cascade
base,collapsed_q2_edge,cog_25_str_75,math,640,0.0609,0.05,0.2597,0.5453,0.4578,0.0156,0.5828,2.9531,-0.2848,cascade
base,collapsed_q2_edge,cog_25_str_75,planning,640,0.1,0.0781,0.2931,0.5516,0.4578,0.0234,0.4594,2.4797,-0.2246,cascade
base,collapsed_q2_edge,cog_25_str_75,rhetoric,640,0.0406,0.0328,0.2172,0.4891,0.5094,0.0172,0.6328,2.9641,-0.3223,cascade
base,collapsed_q2_edge,cog_25_str_75,spatial,640,0.0625,0.05,0.2638,0.5437,0.4625,0.0203,0.4594,2.6437,-0.2617,cascade
base,collapsed_q2_edge,cog_40_cyb_60,adversarial,640,0.0172,0.0141,0.1611,0.725,0.7031,0.0891,0.7031,3.7453,-0.4582,cascade
base,collapsed_q2_edge,cog_40_cyb_60,boundary,640,0.0312,0.0203,0.1869,0.7656,0.675,0.0875,0.6984,3.4484,-0.428,cascade
base,collapsed_q2_edge,cog_40_cyb_60,coding,640,0.0016,0.0,0.0646,0.3984,0.7141,0.0922,0.5766,4.2359,-0.4906,cascade
base,collapsed_q2_edge,cog_40_cyb_60,epistemic,640,0.0125,0.0047,0.0937,0.4734,0.7109,0.0547,0.6781,3.4531,-0.4464,cascade
base,collapsed_q2_edge,cog_40_cyb_60,forensic,640,0.0125,0.0078,0.111,0.6891,0.7172,0.075,0.6141,3.7469,-0.4588,cascade
base,collapsed_q2_edge,cog_40_cyb_60,generalist,640,0.0031,0.0,0.0958,0.4437,0.7141,0.1125,0.6344,3.6125,-0.4681,cascade
base,collapsed_q2_edge,cog_40_cyb_60,math,640,0.0047,0.0031,0.0708,0.3734,0.6562,0.0875,0.6641,4.5234,-0.4905,cascade
base,collapsed_q2_edge,cog_40_cyb_60,planning,640,0.0172,0.0156,0.1012,0.4625,0.6609,0.0781,0.5203,3.8828,-0.434,cascade
base,collapsed_q2_edge,cog_40_cyb_60,rhetoric,640,0.0078,0.0078,0.0836,0.45,0.7219,0.0563,0.6219,4.1188,-0.4757,cascade
base,collapsed_q2_edge,cog_40_cyb_60,spatial,640,0.0063,0.0016,0.0786,0.4094,0.6687,0.075,0.5484,4.025,-0.4592,cascade
base,collapsed_q2_edge,cog_40_str_60,adversarial,640,0.0375,0.0219,0.2185,0.6297,0.5672,0.0391,0.6234,3.3172,-0.3718,cascade
base,collapsed_q2_edge,cog_40_str_60,boundary,640,0.0359,0.0234,0.2102,0.575,0.5609,0.0469,0.7438,3.1703,-0.3722,cascade
base,collapsed_q2_edge,cog_40_str_60,coding,640,0.0391,0.0297,0.2147,0.5469,0.5375,0.0422,0.5406,3.0375,-0.3351,cascade
base,collapsed_q2_edge,cog_40_str_60,epistemic,640,0.05,0.0344,0.2198,0.5312,0.5328,0.0094,0.6406,2.5969,-0.3084,cascade
base,collapsed_q2_edge,cog_40_str_60,forensic,640,0.0391,0.0328,0.1986,0.6062,0.55,0.0328,0.6234,3.0734,-0.3423,cascade
base,collapsed_q2_edge,cog_40_str_60,generalist,640,0.0344,0.0219,0.2158,0.5109,0.5578,0.0344,0.6047,2.7313,-0.3373,cascade
base,collapsed_q2_edge,cog_40_str_60,math,640,0.0469,0.0406,0.2092,0.5156,0.4938,0.0187,0.5984,3.2672,-0.3225,cascade
base,collapsed_q2_edge,cog_40_str_60,planning,640,0.0641,0.0484,0.236,0.5266,0.4969,0.0312,0.5141,2.8094,-0.2885,cascade
base,collapsed_q2_edge,cog_40_str_60,rhetoric,640,0.0281,0.025,0.1937,0.5125,0.5734,0.0172,0.6266,3.1469,-0.3579,cascade
base,collapsed_q2_edge,cog_40_str_60,spatial,640,0.0531,0.0391,0.2316,0.5516,0.4859,0.0234,0.4906,2.9344,-0.2974,cascade
base,collapsed_q2_edge,cog_50_cyb_50,adversarial,640,0.0125,0.0094,0.1382,0.6781,0.6875,0.0922,0.7359,4.0312,-0.4758,cascade
base,collapsed_q2_edge,cog_50_cyb_50,boundary,640,0.0109,0.0063,0.1464,0.7156,0.7031,0.0797,0.7406,3.7031,-0.465,cascade
base,collapsed_q2_edge,cog_50_cyb_50,coding,640,0.0016,0.0016,0.064,0.3891,0.7312,0.0781,0.5406,4.225,-0.4879,cascade
base,collapsed_q2_edge,cog_50_cyb_50,epistemic,640,0.0109,0.0047,0.0963,0.4953,0.7047,0.0484,0.6844,3.4547,-0.4439,cascade
base,collapsed_q2_edge,cog_50_cyb_50,forensic,640,0.0047,0.0031,0.1136,0.6719,0.6891,0.0859,0.6562,3.7453,-0.4605,cascade
base,collapsed_q2_edge,cog_50_cyb_50,generalist,640,0.0078,0.0078,0.093,0.4609,0.7234,0.0969,0.6641,3.6844,-0.4659,cascade
base,collapsed_q2_edge,cog_50_cyb_50,math,640,0.0016,0.0016,0.072,0.3875,0.6672,0.0813,0.6844,4.5656,-0.4979,cascade
base,collapsed_q2_edge,cog_50_cyb_50,planning,640,0.0109,0.0109,0.1007,0.4547,0.675,0.0828,0.5578,3.8328,-0.4444,cascade
base,collapsed_q2_edge,cog_50_cyb_50,rhetoric,640,0.0047,0.0047,0.0722,0.4562,0.7266,0.0625,0.6453,4.1875,-0.4868,cascade
base,collapsed_q2_edge,cog_50_cyb_50,spatial,640,0.0047,0.0016,0.0776,0.4422,0.6891,0.0875,0.5484,3.9953,-0.4663,cascade
base,collapsed_q2_edge,cog_50_str_50,adversarial,640,0.025,0.0141,0.1865,0.6141,0.6,0.0344,0.6937,3.5859,-0.4076,cascade
base,collapsed_q2_edge,cog_50_str_50,boundary,640,0.0344,0.0297,0.1861,0.5922,0.6172,0.0484,0.7281,3.3859,-0.3927,cascade
base,collapsed_q2_edge,cog_50_str_50,coding,640,0.0297,0.0172,0.1694,0.5188,0.5922,0.0391,0.5578,3.2734,-0.3766,cascade
base,collapsed_q2_edge,cog_50_str_50,epistemic,640,0.0547,0.0422,0.1999,0.5875,0.5797,0.0125,0.6656,2.7062,-0.3228,cascade
base,collapsed_q2_edge,cog_50_str_50,forensic,640,0.0266,0.025,0.1774,0.6125,0.5969,0.0359,0.6266,3.2703,-0.3749,cascade
base,collapsed_q2_edge,cog_50_str_50,generalist,640,0.0266,0.0156,0.1892,0.5125,0.5797,0.0266,0.6016,2.9031,-0.3569,cascade
base,collapsed_q2_edge,cog_50_str_50,math,640,0.0328,0.0219,0.2048,0.5531,0.4766,0.0312,0.6141,3.3469,-0.3438,cascade
base,collapsed_q2_edge,cog_50_str_50,planning,640,0.0625,0.0422,0.2094,0.525,0.5469,0.025,0.5406,3.0281,-0.3215,cascade
base,collapsed_q2_edge,cog_50_str_50,rhetoric,640,0.0219,0.0187,0.1642,0.5328,0.5875,0.025,0.6734,3.3203,-0.3824,cascade
base,collapsed_q2_edge,cog_50_str_50,spatial,640,0.0422,0.0406,0.1974,0.5578,0.55,0.0312,0.5297,3.0641,-0.3262,cascade
base,collapsed_q2_edge,cog_60_cyb_40,adversarial,640,0.0094,0.0047,0.1121,0.6234,0.7266,0.1,0.6297,4.2281,-0.4951,cascade
base,collapsed_q2_edge,cog_60_cyb_40,boundary,640,0.0141,0.0078,0.1165,0.6469,0.7484,0.0844,0.7875,3.9234,-0.4928,cascade
base,collapsed_q2_edge,cog_60_cyb_40,coding,640,0.0016,0.0,0.0697,0.4609,0.7359,0.0703,0.5609,4.1547,-0.4875,cascade
base,collapsed_q2_edge,cog_60_cyb_40,epistemic,640,0.0172,0.0109,0.1094,0.5172,0.7266,0.0578,0.6828,3.3844,-0.4424,cascade
base,collapsed_q2_edge,cog_60_cyb_40,forensic,640,0.0078,0.0047,0.0871,0.6359,0.7375,0.0781,0.6703,3.9203,-0.4818,cascade
base,collapsed_q2_edge,cog_60_cyb_40,generalist,640,0.0047,0.0031,0.091,0.4406,0.7328,0.0672,0.6547,3.6453,-0.4648,cascade
base,collapsed_q2_edge,cog_60_cyb_40,math,640,0.0047,0.0047,0.072,0.3953,0.6766,0.0641,0.6641,4.5219,-0.4903,cascade
base,collapsed_q2_edge,cog_60_cyb_40,planning,640,0.0172,0.0109,0.0969,0.4641,0.7172,0.0688,0.5453,3.8937,-0.4563,cascade
base,collapsed_q2_edge,cog_60_cyb_40,rhetoric,640,0.0016,0.0016,0.0781,0.4562,0.7328,0.0594,0.6813,4.1625,-0.4928,cascade
base,collapsed_q2_edge,cog_60_cyb_40,spatial,640,0.0063,0.0047,0.0941,0.4766,0.7125,0.0781,0.5172,3.9109,-0.4616,cascade
base,collapsed_q2_edge,cog_60_str_40,adversarial,640,0.0234,0.0172,0.151,0.5344,0.6469,0.0437,0.6719,3.8922,-0.434,cascade
base,collapsed_q2_edge,cog_60_str_40,boundary,640,0.0156,0.0141,0.1484,0.5219,0.6422,0.0656,0.7,3.6516,-0.4303,cascade
base,collapsed_q2_edge,cog_60_str_40,coding,640,0.0203,0.0187,0.1541,0.4875,0.5828,0.05,0.5719,3.4359,-0.3836,cascade
base,collapsed_q2_edge,cog_60_str_40,epistemic,640,0.0344,0.0219,0.1964,0.5984,0.5516,0.0266,0.6578,2.825,-0.3428,cascade
base,collapsed_q2_edge,cog_60_str_40,forensic,640,0.025,0.0203,0.1492,0.5281,0.625,0.0344,0.6547,3.4531,-0.3991,cascade
base,collapsed_q2_edge,cog_60_str_40,generalist,640,0.0312,0.025,0.1843,0.5437,0.6,0.0359,0.6859,2.9766,-0.3659,cascade
base,collapsed_q2_edge,cog_60_str_40,math,640,0.0281,0.0203,0.1629,0.5094,0.5312,0.0344,0.6453,3.6281,-0.379,cascade
base,collapsed_q2_edge,cog_60_str_40,planning,640,0.0547,0.0406,0.1961,0.5687,0.5594,0.0328,0.4938,3.1391,-0.3302,cascade
base,collapsed_q2_edge,cog_60_str_40,rhetoric,640,0.0141,0.0125,0.1593,0.5469,0.5859,0.0312,0.6578,3.4984,-0.3971,cascade
base,collapsed_q2_edge,cog_60_str_40,spatial,640,0.0344,0.0312,0.1857,0.5984,0.5625,0.0375,0.5594,3.1562,-0.3476,cascade
base,collapsed_q2_edge,cog_75_cyb_25,adversarial,640,0.0047,0.0047,0.0874,0.5703,0.75,0.0813,0.6984,4.4562,-0.5152,cascade
base,collapsed_q2_edge,cog_75_cyb_25,boundary,640,0.0078,0.0047,0.089,0.5625,0.7672,0.0859,0.7672,4.2266,-0.5154,cascade
base,collapsed_q2_edge,cog_75_cyb_25,coding,640,0.0063,0.0047,0.0625,0.4547,0.7516,0.0859,0.5797,4.2969,-0.4992,cascade
base,collapsed_q2_edge,cog_75_cyb_25,epistemic,640,0.0125,0.0031,0.1001,0.5359,0.7125,0.075,0.7344,3.3953,-0.4541,cascade
base,collapsed_q2_edge,cog_75_cyb_25,forensic,640,0.0047,0.0016,0.0717,0.5766,0.7594,0.075,0.7063,4.0422,-0.4999,cascade
base,collapsed_q2_edge,cog_75_cyb_25,generalist,640,0.0063,0.0031,0.097,0.5125,0.725,0.0828,0.6594,3.6281,-0.4651,cascade
base,collapsed_q2_edge,cog_75_cyb_25,math,640,0.0031,0.0031,0.0808,0.4375,0.6641,0.0719,0.6719,4.4406,-0.4863,cascade
base,collapsed_q2_edge,cog_75_cyb_25,planning,640,0.0219,0.0141,0.1048,0.4922,0.6703,0.0484,0.5531,3.8781,-0.4349,cascade
base,collapsed_q2_edge,cog_75_cyb_25,rhetoric,640,0.0047,0.0016,0.078,0.4875,0.7219,0.0563,0.6813,4.1281,-0.4872,cascade
base,collapsed_q2_edge,cog_75_cyb_25,spatial,640,0.0047,0.0047,0.0918,0.4844,0.7,0.0594,0.5172,3.9188,-0.4545,cascade
base,collapsed_q2_edge,cog_75_str_25,adversarial,640,0.0047,0.0016,0.1147,0.5531,0.6703,0.0672,0.7812,4.1922,-0.4851,cascade
base,collapsed_q2_edge,cog_75_str_25,boundary,640,0.0125,0.0078,0.1036,0.4984,0.7109,0.0484,0.7375,4.0703,-0.4777,cascade
base,collapsed_q2_edge,cog_75_str_25,coding,640,0.0063,0.0047,0.1065,0.4766,0.6844,0.0547,0.5687,3.7906,-0.4466,cascade
base,collapsed_q2_edge,cog_75_str_25,epistemic,640,0.0375,0.0187,0.1737,0.6359,0.6188,0.0375,0.6969,2.9828,-0.3793,cascade
base,collapsed_q2_edge,cog_75_str_25,forensic,640,0.0187,0.0078,0.1081,0.5094,0.6844,0.0578,0.6937,3.7938,-0.4542,cascade
base,collapsed_q2_edge,cog_75_str_25,generalist,640,0.0187,0.0156,0.1544,0.5484,0.6547,0.0469,0.7016,3.2047,-0.4065,cascade
base,collapsed_q2_edge,cog_75_str_25,math,640,0.0125,0.0094,0.1432,0.5375,0.5938,0.0312,0.6625,3.8859,-0.4223,cascade
base,collapsed_q2_edge,cog_75_str_25,planning,640,0.0375,0.0281,0.1746,0.5641,0.6,0.0406,0.5281,3.3109,-0.3678,cascade
base,collapsed_q2_edge,cog_75_str_25,rhetoric,640,0.0063,0.0031,0.1292,0.5969,0.6734,0.0406,0.6641,3.6875,-0.4445,cascade
base,collapsed_q2_edge,cog_75_str_25,spatial,640,0.0172,0.0125,0.1299,0.5641,0.6375,0.0516,0.5609,3.4703,-0.4075,cascade
base,collapsed_q2_edge,cognitive_only,adversarial,640,0.0,0.0,0.0309,0.3422,0.8078,0.0469,0.8156,5.1016,-0.572,cascade
base,collapsed_q2_edge,cognitive_only,boundary,640,0.0016,0.0016,0.0342,0.3359,0.8469,0.0547,0.8656,4.8828,-0.5768,cascade
base,collapsed_q2_edge,cognitive_only,coding,640,0.0047,0.0047,0.0461,0.3812,0.7797,0.0703,0.6516,4.4828,-0.5195,cascade
base,collapsed_q2_edge,cognitive_only,epistemic,640,0.0063,0.0031,0.0709,0.4578,0.7594,0.0422,0.6984,3.7047,-0.4742,cascade
base,collapsed_q2_edge,cognitive_only,forensic,640,0.0031,0.0,0.0427,0.3672,0.7906,0.0547,0.7125,4.3797,-0.5241,cascade
base,collapsed_q2_edge,cognitive_only,generalist,640,0.0047,0.0031,0.0739,0.4547,0.7312,0.0625,0.7094,3.8453,-0.4778,cascade
base,collapsed_q2_edge,cognitive_only,math,640,0.0016,0.0016,0.0589,0.4031,0.7172,0.0344,0.6969,4.6422,-0.5083,cascade
base,collapsed_q2_edge,cognitive_only,planning,640,0.0047,0.0031,0.0721,0.4688,0.75,0.05,0.5766,4.1219,-0.4841,cascade
base,collapsed_q2_edge,cognitive_only,rhetoric,640,0.0,0.0,0.0579,0.475,0.7937,0.0484,0.7297,4.3219,-0.5223,cascade
base,collapsed_q2_edge,cognitive_only,spatial,640,0.0094,0.0078,0.0703,0.4828,0.7312,0.0437,0.5687,4.1141,-0.4715,cascade
base,collapsed_q2_edge,cyb_25_str_75,adversarial,640,0.1266,0.0953,0.3849,0.7828,0.4797,0.0344,0.5391,2.3578,-0.2165,cascade
base,collapsed_q2_edge,cyb_25_str_75,boundary,640,0.1062,0.0656,0.3798,0.8141,0.5266,0.0406,0.6875,2.1906,-0.265,cascade
base,collapsed_q2_edge,cyb_25_str_75,coding,640,0.0406,0.0297,0.2448,0.5172,0.5078,0.0406,0.4781,2.8125,-0.3097,cascade
base,collapsed_q2_edge,cyb_25_str_75,epistemic,640,0.0484,0.0375,0.2375,0.4609,0.4766,0.0141,0.5703,2.4469,-0.2762,cascade
base,collapsed_q2_edge,cyb_25_str_75,forensic,640,0.0656,0.05,0.2748,0.7219,0.5422,0.0453,0.5453,2.6125,-0.296,cascade
base,collapsed_q2_edge,cyb_25_str_75,generalist,640,0.0609,0.0375,0.2498,0.475,0.5281,0.05,0.5344,2.5156,-0.2995,cascade
base,collapsed_q2_edge,cyb_25_str_75,math,640,0.0563,0.0453,0.2367,0.4922,0.4641,0.0203,0.5641,3.0812,-0.2972,cascade
base,collapsed_q2_edge,cyb_25_str_75,planning,640,0.0891,0.0734,0.2683,0.4656,0.4734,0.0359,0.4547,2.5781,-0.2411,cascade
base,collapsed_q2_edge,cyb_25_str_75,rhetoric,640,0.0297,0.0266,0.2009,0.4188,0.5156,0.0219,0.5687,2.9922,-0.3276,cascade
base,collapsed_q2_edge,cyb_25_str_75,spatial,640,0.0688,0.0547,0.2434,0.4688,0.4859,0.0219,0.4359,2.7281,-0.2668,cascade
base,collapsed_q2_edge,cyb_40_str_60,adversarial,640,0.0953,0.0672,0.3486,0.7922,0.5031,0.0453,0.5781,2.5859,-0.2684,cascade
base,collapsed_q2_edge,cyb_40_str_60,boundary,640,0.1375,0.0859,0.3987,0.8141,0.5,0.0563,0.6516,2.1766,-0.2363,cascade
base,collapsed_q2_edge,cyb_40_str_60,coding,640,0.0437,0.0359,0.2146,0.4703,0.5219,0.0453,0.4531,2.9703,-0.3145,cascade
base,collapsed_q2_edge,cyb_40_str_60,epistemic,640,0.0312,0.0219,0.1912,0.45,0.5172,0.0391,0.55,2.6594,-0.3181,cascade
base,collapsed_q2_edge,cyb_40_str_60,forensic,640,0.0547,0.0406,0.2522,0.7719,0.5266,0.0531,0.5906,2.7437,-0.3124,cascade
base,collapsed_q2_edge,cyb_40_str_60,generalist,640,0.05,0.025,0.2077,0.425,0.5266,0.0453,0.5344,2.7656,-0.3231,cascade
base,collapsed_q2_edge,cyb_40_str_60,math,640,0.0266,0.0203,0.1805,0.4297,0.5172,0.0422,0.5844,3.4266,-0.3614,cascade
base,collapsed_q2_edge,cyb_40_str_60,planning,640,0.0594,0.0469,0.2108,0.4266,0.5344,0.0547,0.4938,2.8984,-0.3088,cascade
base,collapsed_q2_edge,cyb_40_str_60,rhetoric,640,0.025,0.0203,0.168,0.4406,0.5859,0.0312,0.5844,3.2625,-0.3716,cascade
base,collapsed_q2_edge,cyb_40_str_60,spatial,640,0.0375,0.0281,0.1834,0.4188,0.5516,0.0531,0.4719,3.0641,-0.3389,cascade
base,collapsed_q2_edge,cyb_50_str_50,adversarial,640,0.0984,0.0703,0.3469,0.8172,0.5359,0.0703,0.5656,2.5797,-0.2788,cascade
base,collapsed_q2_edge,cyb_50_str_50,boundary,640,0.1281,0.0859,0.3796,0.8719,0.5156,0.0578,0.625,2.2703,-0.2438,cascade
base,collapsed_q2_edge,cyb_50_str_50,coding,640,0.0234,0.0172,0.183,0.4688,0.55,0.0797,0.5094,3.1781,-0.3634,cascade
base,collapsed_q2_edge,cyb_50_str_50,epistemic,640,0.0359,0.025,0.1773,0.4328,0.55,0.0312,0.5422,2.7625,-0.3278,cascade
base,collapsed_q2_edge,cyb_50_str_50,forensic,640,0.075,0.0625,0.2701,0.7688,0.5469,0.0672,0.5781,2.7281,-0.2977,cascade
base,collapsed_q2_edge,cyb_50_str_50,generalist,640,0.0172,0.0109,0.1687,0.4094,0.5938,0.0625,0.5531,2.9672,-0.3723,cascade
base,collapsed_q2_edge,cyb_50_str_50,math,640,0.0141,0.0109,0.1402,0.4156,0.5484,0.05,0.5734,3.6719,-0.3931,cascade
base,collapsed_q2_edge,cyb_50_str_50,planning,640,0.0437,0.0312,0.1867,0.4391,0.5469,0.0563,0.4672,3.0547,-0.3342,cascade
base,collapsed_q2_edge,cyb_50_str_50,rhetoric,640,0.0156,0.0094,0.1545,0.425,0.5797,0.0594,0.5797,3.3844,-0.392,cascade
base,collapsed_q2_edge,cyb_50_str_50,spatial,640,0.0344,0.0266,0.1677,0.4156,0.5625,0.05,0.4281,3.2328,-0.3481,cascade
base,collapsed_q2_edge,cyb_60_str_40,adversarial,640,0.0781,0.05,0.3362,0.8703,0.5516,0.0797,0.6062,2.6875,-0.3143,cascade
base,collapsed_q2_edge,cyb_60_str_40,boundary,640,0.0938,0.0563,0.3679,0.8906,0.5422,0.0781,0.6672,2.35,-0.2929,cascade
base,collapsed_q2_edge,cyb_60_str_40,coding,640,0.0187,0.0172,0.1452,0.4469,0.5844,0.0719,0.5047,3.4281,-0.3843,cascade
base,collapsed_q2_edge,cyb_60_str_40,epistemic,640,0.0344,0.0203,0.1751,0.4547,0.5703,0.0484,0.5656,2.8719,-0.3493,cascade
base,collapsed_q2_edge,cyb_60_str_40,forensic,640,0.0516,0.0375,0.241,0.8031,0.5734,0.0828,0.5516,2.8641,-0.3384,cascade
base,collapsed_q2_edge,cyb_60_str_40,generalist,640,0.0172,0.0156,0.1503,0.3984,0.5953,0.0578,0.5516,3.1141,-0.3744,cascade
base,collapsed_q2_edge,cyb_60_str_40,math,640,0.0078,0.0047,0.1328,0.3906,0.5531,0.0563,0.5703,3.8531,-0.4108,cascade
base,collapsed_q2_edge,cyb_60_str_40,planning,640,0.025,0.0219,0.1456,0.3609,0.5813,0.0563,0.4266,3.3391,-0.3648,cascade
base,collapsed_q2_edge,cyb_60_str_40,rhetoric,640,0.0047,0.0016,0.111,0.3734,0.6359,0.0516,0.5687,3.6219,-0.4261,cascade
base,collapsed_q2_edge,cyb_60_str_40,spatial,640,0.025,0.0203,0.1356,0.4172,0.5781,0.0609,0.4437,3.4594,-0.3738,cascade
base,collapsed_q2_edge,cyb_75_str_25,adversarial,640,0.0781,0.0656,0.3155,0.8891,0.5797,0.0672,0.6531,2.7641,-0.3122,cascade
base,collapsed_q2_edge,cyb_75_str_25,boundary,640,0.1094,0.0766,0.3545,0.9078,0.5437,0.0781,0.6797,2.4641,-0.2798,cascade
base,collapsed_q2_edge,cyb_75_str_25,coding,640,0.0094,0.0078,0.1289,0.4547,0.6219,0.0797,0.4859,3.5672,-0.4119,cascade
base,collapsed_q2_edge,cyb_75_str_25,epistemic,640,0.0187,0.0156,0.1261,0.3937,0.6203,0.075,0.5766,3.1344,-0.3883,cascade
base,collapsed_q2_edge,cyb_75_str_25,forensic,640,0.0422,0.0281,0.2019,0.8422,0.6094,0.0766,0.5391,3.1047,-0.3684,cascade
base,collapsed_q2_edge,cyb_75_str_25,generalist,640,0.0172,0.0125,0.1179,0.3734,0.6297,0.0797,0.5828,3.3656,-0.4073,cascade
base,collapsed_q2_edge,cyb_75_str_25,math,640,0.0078,0.0063,0.0916,0.3438,0.625,0.075,0.5875,4.2203,-0.4543,cascade
base,collapsed_q2_edge,cyb_75_str_25,planning,640,0.0156,0.0156,0.1127,0.3828,0.6391,0.0719,0.5375,3.5656,-0.4118,cascade
base,collapsed_q2_edge,cyb_75_str_25,rhetoric,640,0.0094,0.0078,0.0985,0.3922,0.6656,0.0641,0.5875,3.8156,-0.4425,cascade
base,collapsed_q2_edge,cyb_75_str_25,spatial,640,0.0125,0.0109,0.0908,0.3406,0.6219,0.0688,0.5219,3.7344,-0.4178,cascade
base,collapsed_q2_edge,cyber_only,adversarial,640,0.0234,0.0187,0.1603,0.7422,0.6844,0.075,0.5969,3.8188,-0.4403,cascade
base,collapsed_q2_edge,cyber_only,boundary,640,0.0312,0.0219,0.1963,0.8,0.6813,0.0906,0.7234,3.3781,-0.4274,cascade
base,collapsed_q2_edge,cyber_only,coding,640,0.0031,0.0,0.0535,0.3109,0.7406,0.0609,0.5609,4.3922,-0.4989,cascade
base,collapsed_q2_edge,cyber_only,epistemic,640,0.0031,0.0031,0.0441,0.2766,0.7484,0.0781,0.6656,3.7953,-0.48,cascade
base,collapsed_q2_edge,cyber_only,forensic,640,0.0078,0.0063,0.1065,0.6656,0.7,0.0734,0.675,3.8125,-0.4631,cascade
base,collapsed_q2_edge,cyber_only,generalist,640,0.0047,0.0031,0.0593,0.2797,0.7438,0.1031,0.6703,3.9469,-0.4916,cascade
base,collapsed_q2_edge,cyber_only,math,640,0.0031,0.0031,0.0355,0.2344,0.7328,0.0719,0.6188,4.8328,-0.5222,cascade
base,collapsed_q2_edge,cyber_only,planning,640,0.0047,0.0047,0.0565,0.2859,0.7031,0.0734,0.5281,4.2484,-0.4756,cascade
base,collapsed_q2_edge,cyber_only,rhetoric,640,0.0,0.0,0.0449,0.3063,0.7484,0.0891,0.6547,4.4844,-0.5189,cascade
base,collapsed_q2_edge,cyber_only,spatial,640,0.0031,0.0,0.0441,0.2562,0.7297,0.0656,0.5312,4.3703,-0.493,cascade
base,collapsed_q2_edge,structural_only,adversarial,640,0.0484,0.0344,0.2309,0.5437,0.5625,0.0156,0.6625,3.2156,-0.3513,cascade
base,collapsed_q2_edge,structural_only,boundary,640,0.0391,0.025,0.2122,0.4969,0.5813,0.0328,0.7156,3.1437,-0.3704,cascade
base,collapsed_q2_edge,structural_only,coding,640,0.0234,0.0203,0.1911,0.4156,0.5219,0.0156,0.5875,3.0172,-0.3372,cascade
base,collapsed_q2_edge,structural_only,epistemic,640,0.0531,0.0406,0.1893,0.4031,0.5531,0.0047,0.5953,2.6766,-0.3077,cascade
base,collapsed_q2_edge,structural_only,forensic,640,0.0453,0.0375,0.1966,0.5469,0.5797,0.0187,0.5766,3.025,-0.3375,cascade
base,collapsed_q2_edge,structural_only,generalist,640,0.0453,0.0359,0.1942,0.3969,0.5594,0.0219,0.5984,2.825,-0.3254,cascade
base,collapsed_q2_edge,structural_only,math,640,0.0422,0.0359,0.1904,0.4156,0.5172,0.0031,0.5656,3.2938,-0.3298,cascade
base,collapsed_q2_edge,structural_only,planning,640,0.0547,0.0453,0.2062,0.4156,0.5203,0.0141,0.525,2.9609,-0.3036,cascade
base,collapsed_q2_edge,structural_only,rhetoric,640,0.0266,0.025,0.158,0.3406,0.5906,0.0,0.5547,3.2828,-0.3607,cascade
base,collapsed_q2_edge,structural_only,spatial,640,0.0406,0.0312,0.2061,0.4406,0.5328,0.0125,0.5141,2.9109,-0.3178,cascade
base,collapsed_q2_edge,tri_boundary_heavy,adversarial,640,0.1844,0.125,0.4649,0.9016,0.4375,0.0859,0.5969,2.0484,-0.1736,cascade
base,collapsed_q2_edge,tri_boundary_heavy,boundary,640,0.2141,0.1344,0.4873,0.8938,0.4484,0.0766,0.6781,1.7797,-0.1587,cascade
base,collapsed_q2_edge,tri_boundary_heavy,coding,640,0.0656,0.0469,0.2807,0.5766,0.45,0.0859,0.4813,2.6812,-0.2779,cascade
base,collapsed_q2_edge,tri_boundary_heavy,epistemic,640,0.0875,0.0578,0.2726,0.5453,0.4922,0.0688,0.5797,2.2625,-0.2631,cascade
base,collapsed_q2_edge,tri_boundary_heavy,forensic,640,0.1109,0.0844,0.3527,0.8547,0.4875,0.075,0.5437,2.2766,-0.2342,cascade
base,collapsed_q2_edge,tri_boundary_heavy,generalist,640,0.0781,0.0609,0.3042,0.5328,0.4391,0.0813,0.5797,2.3047,-0.2486,cascade
base,collapsed_q2_edge,tri_boundary_heavy,math,640,0.0641,0.0516,0.2609,0.5219,0.4391,0.0828,0.5625,3.0328,-0.2934,cascade
base,collapsed_q2_edge,tri_boundary_heavy,planning,640,0.0984,0.0734,0.2921,0.5125,0.4484,0.0656,0.4641,2.5031,-0.2365,cascade
base,collapsed_q2_edge,tri_boundary_heavy,rhetoric,640,0.05,0.0391,0.2528,0.5391,0.4859,0.0859,0.5984,2.7406,-0.3088,cascade
base,collapsed_q2_edge,tri_boundary_heavy,spatial,640,0.0594,0.0469,0.2414,0.4766,0.4797,0.0625,0.4562,2.6875,-0.2804,cascade
base,collapsed_q2_edge,tri_cognitive_bridge,adversarial,640,0.0891,0.0609,0.3477,0.7609,0.4734,0.0766,0.6094,2.6531,-0.2778,cascade
base,collapsed_q2_edge,tri_cognitive_bridge,boundary,640,0.0938,0.0625,0.3492,0.7516,0.4781,0.0859,0.7266,2.4578,-0.2791,cascade
base,collapsed_q2_edge,tri_cognitive_bridge,coding,640,0.0672,0.0516,0.2817,0.5797,0.5031,0.0531,0.4813,2.6094,-0.279,cascade
base,collapsed_q2_edge,tri_cognitive_bridge,epistemic,640,0.0672,0.0437,0.2826,0.6031,0.5062,0.0422,0.6484,2.2078,-0.2788,cascade
base,collapsed_q2_edge,tri_cognitive_bridge,forensic,640,0.0922,0.0719,0.2935,0.7703,0.5125,0.0594,0.5781,2.5844,-0.2692,cascade
base,collapsed_q2_edge,tri_cognitive_bridge,generalist,640,0.0625,0.0406,0.2881,0.6062,0.5078,0.0781,0.6031,2.3578,-0.2935,cascade
base,collapsed_q2_edge,tri_cognitive_bridge,math,640,0.0469,0.0391,0.2409,0.5578,0.4813,0.0547,0.6391,3.0297,-0.3189,cascade
base,collapsed_q2_edge,tri_cognitive_bridge,planning,640,0.1109,0.0734,0.308,0.5766,0.4625,0.0547,0.4766,2.4375,-0.2363,cascade
base,collapsed_q2_edge,tri_cognitive_bridge,rhetoric,640,0.0469,0.0297,0.2452,0.5859,0.5234,0.0469,0.6094,2.7922,-0.3251,cascade
base,collapsed_q2_edge,tri_cognitive_bridge,spatial,640,0.0813,0.0625,0.2914,0.6219,0.45,0.0594,0.4828,2.6047,-0.2532,cascade
base,collapsed_q2_edge,tri_cognitive_heavy,adversarial,640,0.0594,0.0437,0.2566,0.7094,0.5813,0.0656,0.6125,3.05,-0.3452,cascade
base,collapsed_q2_edge,tri_cognitive_heavy,boundary,640,0.0516,0.0344,0.2669,0.6875,0.5281,0.0734,0.6891,2.9359,-0.3407,cascade
base,collapsed_q2_edge,tri_cognitive_heavy,coding,640,0.0406,0.0312,0.2256,0.5766,0.5469,0.0563,0.5312,2.9547,-0.3343,cascade
base,collapsed_q2_edge,tri_cognitive_heavy,epistemic,640,0.0531,0.0328,0.2558,0.65,0.5203,0.0359,0.6594,2.4203,-0.3042,cascade
base,collapsed_q2_edge,tri_cognitive_heavy,forensic,640,0.0594,0.0406,0.2244,0.7,0.5813,0.05,0.6531,2.9031,-0.3412,cascade
base,collapsed_q2_edge,tri_cognitive_heavy,generalist,640,0.0672,0.0484,0.2873,0.6703,0.5172,0.0719,0.6062,2.4266,-0.2909,cascade
base,collapsed_q2_edge,tri_cognitive_heavy,math,640,0.0328,0.025,0.2139,0.5687,0.4953,0.0563,0.5953,3.2406,-0.3445,cascade
base,collapsed_q2_edge,tri_cognitive_heavy,planning,640,0.0672,0.0531,0.2796,0.6172,0.4953,0.0563,0.4828,2.6063,-0.2757,cascade
base,collapsed_q2_edge,tri_cognitive_heavy,rhetoric,640,0.0406,0.025,0.2208,0.6125,0.5047,0.0422,0.6328,3.0234,-0.3366,cascade
base,collapsed_q2_edge,tri_cognitive_heavy,spatial,640,0.0625,0.0469,0.2497,0.5953,0.4781,0.0375,0.4953,2.7844,-0.2829,cascade
base,collapsed_q2_edge,tri_cyber_heavy,adversarial,640,0.1625,0.1,0.4467,0.9375,0.4828,0.0859,0.6172,2.0875,-0.2158,cascade
base,collapsed_q2_edge,tri_cyber_heavy,boundary,640,0.2141,0.1359,0.5028,0.9578,0.4203,0.1047,0.6391,1.7844,-0.1514,cascade
base,collapsed_q2_edge,tri_cyber_heavy,coding,640,0.0328,0.0266,0.217,0.5297,0.5062,0.0719,0.5109,2.9219,-0.3267,cascade
base,collapsed_q2_edge,tri_cyber_heavy,epistemic,640,0.0531,0.0359,0.239,0.5359,0.5078,0.0609,0.5641,2.4359,-0.2955,cascade
base,collapsed_q2_edge,tri_cyber_heavy,forensic,640,0.1062,0.0797,0.3556,0.9047,0.4734,0.0734,0.5453,2.3266,-0.237,cascade
base,collapsed_q2_edge,tri_cyber_heavy,generalist,640,0.0391,0.0266,0.2361,0.5,0.5188,0.0766,0.5547,2.6156,-0.3195,cascade
base,collapsed_q2_edge,tri_cyber_heavy,math,640,0.0281,0.0266,0.1734,0.4234,0.5156,0.0719,0.6172,3.5031,-0.367,cascade
base,collapsed_q2_edge,tri_cyber_heavy,planning,640,0.0625,0.0469,0.2368,0.4984,0.4672,0.0875,0.475,2.8469,-0.2911,cascade
base,collapsed_q2_edge,tri_cyber_heavy,rhetoric,640,0.0344,0.0281,0.2018,0.5203,0.5563,0.0828,0.5844,3.0328,-0.3537,cascade
base,collapsed_q2_edge,tri_cyber_heavy,spatial,640,0.0516,0.0328,0.2022,0.4766,0.5031,0.0859,0.4141,3.0453,-0.3207,cascade
base,collapsed_q2_edge,tri_equal_routed,adversarial,640,0.0813,0.0594,0.3354,0.8516,0.5344,0.0766,0.6297,2.6219,-0.2977,cascade
base,collapsed_q2_edge,tri_equal_routed,boundary,640,0.1203,0.0719,0.3728,0.8469,0.4844,0.0859,0.6953,2.4031,-0.2664,cascade
base,collapsed_q2_edge,tri_equal_routed,coding,640,0.0391,0.025,0.2304,0.5516,0.5312,0.0656,0.5078,2.9688,-0.3366,cascade
base,collapsed_q2_edge,tri_equal_routed,epistemic,640,0.0469,0.0297,0.2612,0.6156,0.5094,0.0656,0.5875,2.4141,-0.304,cascade
base,collapsed_q2_edge,tri_equal_routed,forensic,640,0.0609,0.0516,0.2612,0.7922,0.5203,0.0609,0.5891,2.7812,-0.3029,cascade
base,collapsed_q2_edge,tri_equal_routed,generalist,640,0.0375,0.0266,0.2248,0.5234,0.5437,0.0578,0.5938,2.6437,-0.3278,cascade
base,collapsed_q2_edge,tri_equal_routed,math,640,0.0422,0.0328,0.2012,0.4859,0.5234,0.0609,0.5891,3.2891,-0.348,cascade
base,collapsed_q2_edge,tri_equal_routed,planning,640,0.0609,0.0469,0.2332,0.5453,0.5375,0.0609,0.5,2.8125,-0.3072,cascade
base,collapsed_q2_edge,tri_equal_routed,rhetoric,640,0.0391,0.0312,0.2245,0.5484,0.4984,0.0656,0.6,2.9891,-0.3289,cascade
base,collapsed_q2_edge,tri_equal_routed,spatial,640,0.0406,0.0297,0.2199,0.5344,0.5125,0.0453,0.4219,2.9219,-0.313,cascade
base,collapsed_q2_edge,tri_naive_equal_all_fire,adversarial,640,0.2313,0.0938,0.5411,0.9453,0.3531,0.3484,0.6453,1.5422,-0.2106,cascade
base,collapsed_q2_edge,tri_naive_equal_all_fire,boundary,640,0.2797,0.1406,0.5712,0.9781,0.3766,0.3063,0.7406,1.3047,-0.1581,cascade
base,collapsed_q2_edge,tri_naive_equal_all_fire,coding,640,0.0688,0.0437,0.2956,0.5984,0.4406,0.3156,0.5266,2.3953,-0.3135,cascade
base,collapsed_q2_edge,tri_naive_equal_all_fire,epistemic,640,0.1,0.05,0.3689,0.6422,0.3734,0.3125,0.6125,1.8031,-0.2637,cascade
base,collapsed_q2_edge,tri_naive_equal_all_fire,forensic,640,0.1219,0.0781,0.3969,0.9531,0.4391,0.3094,0.6406,2.0344,-0.2684,cascade
base,collapsed_q2_edge,tri_naive_equal_all_fire,generalist,640,0.0844,0.0406,0.3194,0.5719,0.4156,0.3422,0.6781,2.1,-0.3118,cascade
base,collapsed_q2_edge,tri_naive_equal_all_fire,math,640,0.0578,0.0375,0.2892,0.5656,0.4031,0.2766,0.5891,2.7281,-0.3223,cascade
base,collapsed_q2_edge,tri_naive_equal_all_fire,planning,640,0.1156,0.0719,0.3577,0.6016,0.3891,0.2953,0.5141,2.1047,-0.2503,cascade
base,collapsed_q2_edge,tri_naive_equal_all_fire,rhetoric,640,0.0609,0.0344,0.2997,0.6078,0.4453,0.3297,0.6062,2.4203,-0.3347,cascade
base,collapsed_q2_edge,tri_naive_equal_all_fire,spatial,640,0.0813,0.0484,0.3054,0.5609,0.3734,0.3125,0.5547,2.4047,-0.2907,cascade
base,collapsed_q2_edge,tri_naive_structural_heavy_all_fire,adversarial,640,0.5656,0.2687,0.7615,0.9734,0.2562,0.3063,0.5719,0.5141,0.0592,distractor_capture
base,collapsed_q2_edge,tri_naive_structural_heavy_all_fire,boundary,640,0.5938,0.2297,0.7576,0.9656,0.2656,0.3219,0.6891,0.4437,0.0083,distractor_capture
base,collapsed_q2_edge,tri_naive_structural_heavy_all_fire,coding,640,0.2812,0.1516,0.5491,0.6344,0.2531,0.3016,0.4891,1.2281,-0.0852,cascade
base,collapsed_q2_edge,tri_naive_structural_heavy_all_fire,epistemic,640,0.2938,0.1547,0.5585,0.6562,0.3156,0.2594,0.5422,1.0078,-0.0856,cascade
base,collapsed_q2_edge,tri_naive_structural_heavy_all_fire,forensic,640,0.3734,0.1922,0.6306,0.9469,0.2672,0.3094,0.5641,1.0953,-0.0497,cascade
base,collapsed_q2_edge,tri_naive_structural_heavy_all_fire,generalist,640,0.3078,0.1703,0.5471,0.6266,0.2828,0.2859,0.5656,1.0953,-0.0717,cascade
base,collapsed_q2_edge,tri_naive_structural_heavy_all_fire,math,640,0.1984,0.1078,0.4843,0.6281,0.2859,0.3031,0.5547,1.6625,-0.1661,cascade
base,collapsed_q2_edge,tri_naive_structural_heavy_all_fire,planning,640,0.3844,0.2156,0.5981,0.6672,0.2406,0.3063,0.4609,1.0281,-0.0061,cascade
base,collapsed_q2_edge,tri_naive_structural_heavy_all_fire,rhetoric,640,0.2109,0.1219,0.4761,0.5969,0.3,0.3063,0.5844,1.5031,-0.1513,cascade
base,collapsed_q2_edge,tri_naive_structural_heavy_all_fire,spatial,640,0.2625,0.1594,0.5199,0.65,0.2875,0.2859,0.4766,1.3781,-0.0911,cascade
base,collapsed_q2_edge,tri_structural_heavy_55,adversarial,640,0.1578,0.0984,0.4326,0.8125,0.425,0.0531,0.6,2.2109,-0.1982,cascade
base,collapsed_q2_edge,tri_structural_heavy_55,boundary,640,0.1703,0.1062,0.4303,0.7937,0.4578,0.0594,0.7125,1.9906,-0.1995,cascade
base,collapsed_q2_edge,tri_structural_heavy_55,coding,640,0.0594,0.0469,0.2934,0.5609,0.4578,0.0453,0.5156,2.5187,-0.2667,cascade
base,collapsed_q2_edge,tri_structural_heavy_55,epistemic,640,0.1047,0.075,0.3323,0.6328,0.45,0.0359,0.5453,2.0625,-0.2139,cascade
base,collapsed_q2_edge,tri_structural_heavy_55,forensic,640,0.0969,0.0609,0.3328,0.7516,0.5109,0.0578,0.5734,2.3344,-0.2665,cascade
base,collapsed_q2_edge,tri_structural_heavy_55,generalist,640,0.0953,0.0563,0.3349,0.6078,0.4578,0.0656,0.5969,2.125,-0.2482,cascade
base,collapsed_q2_edge,tri_structural_heavy_55,math,640,0.0938,0.075,0.3156,0.5734,0.4109,0.0359,0.5734,2.6641,-0.2345,cascade
base,collapsed_q2_edge,tri_structural_heavy_55,planning,640,0.1156,0.0719,0.3389,0.5891,0.4062,0.0469,0.4969,2.2484,-0.2115,cascade
base,collapsed_q2_edge,tri_structural_heavy_55,rhetoric,640,0.0844,0.0656,0.3231,0.6078,0.4531,0.0453,0.5875,2.3969,-0.2462,cascade
base,collapsed_q2_edge,tri_structural_heavy_55,spatial,640,0.1047,0.0781,0.3156,0.5844,0.4359,0.0422,0.4922,2.3984,-0.2204,cascade
base,collapsed_q2_edge,tri_structural_heavy_60,adversarial,640,0.1719,0.1172,0.4599,0.8438,0.4391,0.0625,0.5734,2.0406,-0.1749,cascade
base,collapsed_q2_edge,tri_structural_heavy_60,boundary,640,0.1766,0.1234,0.4463,0.8,0.4313,0.0406,0.6203,1.9359,-0.1605,cascade
base,collapsed_q2_edge,tri_structural_heavy_60,coding,640,0.1016,0.0703,0.3484,0.6328,0.4313,0.0672,0.4469,2.2641,-0.2215,cascade
base,collapsed_q2_edge,tri_structural_heavy_60,epistemic,640,0.1125,0.0719,0.349,0.5938,0.4234,0.0391,0.5875,1.9625,-0.2081,cascade
base,collapsed_q2_edge,tri_structural_heavy_60,forensic,640,0.125,0.0891,0.3837,0.8047,0.4234,0.0297,0.5625,2.1672,-0.1973,cascade
base,collapsed_q2_edge,tri_structural_heavy_60,generalist,640,0.0969,0.0719,0.3518,0.6031,0.425,0.0516,0.5594,2.0328,-0.2123,cascade
base,collapsed_q2_edge,tri_structural_heavy_60,math,640,0.0875,0.0703,0.3287,0.5781,0.3859,0.0359,0.5844,2.5562,-0.2272,cascade
base,collapsed_q2_edge,tri_structural_heavy_60,planning,640,0.1484,0.1094,0.3728,0.6,0.4219,0.0375,0.4875,2.1,-0.1687,cascade
base,collapsed_q2_edge,tri_structural_heavy_60,rhetoric,640,0.0672,0.0422,0.2927,0.5578,0.45,0.0437,0.5641,2.5562,-0.2745,cascade
base,collapsed_q2_edge,tri_structural_heavy_60,spatial,640,0.1031,0.0766,0.3306,0.6062,0.4234,0.0422,0.4406,2.3344,-0.2109,cascade
base,collapsed_q2_edge,tri_structural_heavy_65,adversarial,640,0.2125,0.1313,0.4878,0.8484,0.4188,0.0656,0.5813,1.8609,-0.147,cascade
base,collapsed_q2_edge,tri_structural_heavy_65,boundary,640,0.2391,0.1531,0.5065,0.8313,0.3812,0.0609,0.6391,1.7172,-0.1104,cascade
base,collapsed_q2_edge,tri_structural_heavy_65,coding,640,0.1156,0.0844,0.3688,0.6109,0.3984,0.0563,0.5062,2.1734,-0.1956,cascade
base,collapsed_q2_edge,tri_structural_heavy_65,epistemic,640,0.1281,0.0875,0.3752,0.6484,0.4062,0.0344,0.5953,1.8406,-0.1809,cascade
base,collapsed_q2_edge,tri_structural_heavy_65,forensic,640,0.1547,0.1109,0.3965,0.7953,0.4344,0.0437,0.6219,2.0672,-0.1812,cascade
base,collapsed_q2_edge,tri_structural_heavy_65,generalist,640,0.0875,0.0688,0.351,0.5578,0.4359,0.0422,0.5344,1.9875,-0.2126,cascade
base,collapsed_q2_edge,tri_structural_heavy_65,math,640,0.1187,0.0859,0.3538,0.5734,0.3531,0.0437,0.5344,2.4625,-0.1946,cascade
base,collapsed_q2_edge,tri_structural_heavy_65,planning,640,0.1562,0.1266,0.3936,0.6156,0.3984,0.0437,0.4562,2.0125,-0.1388,cascade
base,collapsed_q2_edge,tri_structural_heavy_65,rhetoric,640,0.1078,0.0766,0.347,0.5844,0.4078,0.0484,0.5625,2.2594,-0.2134,cascade
base,collapsed_q2_edge,tri_structural_heavy_65,spatial,640,0.125,0.0906,0.3558,0.5672,0.3937,0.0547,0.4859,2.1734,-0.186,cascade
base,damaged_q2,baseline,adversarial,640,0.0,0.0,0.0357,0.2422,0.7125,0.0078,0.6609,5.0141,-0.5189,cascade
base,damaged_q2,baseline,boundary,640,0.0031,0.0031,0.0385,0.2281,0.6984,0.0234,0.6719,4.8094,-0.5053,cascade
base,damaged_q2,baseline,coding,640,0.0031,0.0031,0.0527,0.2906,0.6625,0.0219,0.5328,4.4156,-0.4634,cascade
base,damaged_q2,baseline,epistemic,640,0.0016,0.0,0.0515,0.2719,0.6406,0.0,0.6484,3.8172,-0.4349,cascade
base,damaged_q2,baseline,forensic,640,0.0047,0.0031,0.0488,0.2828,0.6781,0.0078,0.6625,4.2562,-0.4677,cascade
base,damaged_q2,baseline,generalist,640,0.0063,0.0063,0.0596,0.2797,0.6438,0.0281,0.6094,3.9703,-0.4398,cascade
base,damaged_q2,baseline,math,640,0.0047,0.0047,0.0672,0.3078,0.6,0.0047,0.6312,4.5312,-0.4533,cascade
base,damaged_q2,baseline,planning,640,0.0078,0.0047,0.0658,0.2953,0.6156,0.0125,0.5391,4.2031,-0.4358,cascade
base,damaged_q2,baseline,rhetoric,640,0.0031,0.0031,0.0585,0.2891,0.6641,0.0078,0.6469,4.4141,-0.4701,cascade
base,damaged_q2,baseline,spatial,640,0.0078,0.0063,0.0658,0.3219,0.6375,0.0109,0.4984,4.175,-0.4358,cascade
base,damaged_q2,cog_25_cyb_75,adversarial,640,0.1187,0.0891,0.4243,0.9406,0.4047,0.0844,0.5734,2.3891,-0.2145,cascade
base,damaged_q2,cog_25_cyb_75,boundary,640,0.1391,0.0875,0.4529,0.9641,0.45,0.0953,0.6078,2.0312,-0.2167,cascade
base,damaged_q2,cog_25_cyb_75,coding,640,0.0359,0.0203,0.2216,0.5984,0.4766,0.1078,0.4734,3.0469,-0.3344,cascade
base,damaged_q2,cog_25_cyb_75,epistemic,640,0.0516,0.0297,0.2363,0.5859,0.4594,0.0766,0.5328,2.5766,-0.2949,cascade
base,damaged_q2,cog_25_cyb_75,forensic,640,0.0891,0.0625,0.3363,0.9203,0.4297,0.1016,0.5312,2.5141,-0.2549,cascade
base,damaged_q2,cog_25_cyb_75,generalist,640,0.0375,0.0234,0.2274,0.5719,0.4391,0.0844,0.5203,2.7984,-0.3067,cascade
base,damaged_q2,cog_25_cyb_75,math,640,0.0266,0.0172,0.1902,0.5109,0.4266,0.0719,0.5609,3.5828,-0.3492,cascade
base,damaged_q2,cog_25_cyb_75,planning,640,0.0469,0.0344,0.2372,0.5469,0.4094,0.0703,0.3984,2.9234,-0.2805,cascade
base,damaged_q2,cog_25_cyb_75,rhetoric,640,0.0375,0.025,0.2202,0.5891,0.4547,0.0906,0.5312,3.0781,-0.3259,cascade
base,damaged_q2,cog_25_cyb_75,spatial,640,0.0531,0.0422,0.2233,0.5359,0.4,0.0969,0.4156,3.05,-0.2829,cascade
base,damaged_q2,cog_25_str_75,adversarial,640,0.2547,0.1625,0.5387,0.7953,0.3109,0.0219,0.5547,1.7219,-0.0656,cascade
base,damaged_q2,cog_25_str_75,boundary,640,0.2766,0.1781,0.5352,0.7875,0.3047,0.0281,0.5469,1.6562,-0.0455,cascade
base,damaged_q2,cog_25_str_75,coding,640,0.2375,0.1656,0.504,0.7234,0.2641,0.0312,0.4406,1.7156,-0.0409,cascade
base,damaged_q2,cog_25_str_75,epistemic,640,0.2109,0.15,0.5062,0.6953,0.2734,0.0063,0.5125,1.4391,-0.0462,cascade
base,damaged_q2,cog_25_str_75,forensic,640,0.2188,0.1703,0.4665,0.7531,0.3203,0.0234,0.5203,1.8078,-0.0625,cascade
base,damaged_q2,cog_25_str_75,generalist,640,0.1766,0.1281,0.4798,0.7141,0.3375,0.025,0.4469,1.5656,-0.0922,cascade
base,damaged_q2,cog_25_str_75,math,640,0.175,0.1328,0.4569,0.6531,0.2859,0.0187,0.4562,2.0016,-0.0933,cascade
base,damaged_q2,cog_25_str_75,planning,640,0.3063,0.2344,0.5275,0.7,0.2406,0.0187,0.4156,1.5969,0.0453,cascade
base,damaged_q2,cog_25_str_75,rhetoric,640,0.1891,0.1344,0.4627,0.6969,0.3187,0.0141,0.5016,1.8344,-0.0959,cascade
base,damaged_q2,cog_25_str_75,spatial,640,0.2656,0.1984,0.5132,0.6953,0.2719,0.0281,0.3984,1.6141,-0.0013,cascade
base,damaged_q2,cog_40_cyb_60,adversarial,640,0.1031,0.0719,0.3871,0.8938,0.4109,0.0859,0.5375,2.5906,-0.2411,cascade
base,damaged_q2,cog_40_cyb_60,boundary,640,0.1094,0.0766,0.4074,0.9203,0.4141,0.0859,0.6312,2.3219,-0.2314,cascade
base,damaged_q2,cog_40_cyb_60,coding,640,0.0531,0.0375,0.2408,0.6141,0.4328,0.0609,0.4625,3.0203,-0.2925,cascade
base,damaged_q2,cog_40_cyb_60,epistemic,640,0.0406,0.025,0.2418,0.5953,0.4594,0.0688,0.5516,2.5234,-0.2969,cascade
base,damaged_q2,cog_40_cyb_60,forensic,640,0.0656,0.0484,0.3061,0.8781,0.4484,0.0766,0.4938,2.6578,-0.2738,cascade
base,damaged_q2,cog_40_cyb_60,generalist,640,0.0359,0.0281,0.2448,0.6141,0.4766,0.0844,0.5375,2.6859,-0.309,cascade
base,damaged_q2,cog_40_cyb_60,math,640,0.0266,0.0219,0.1814,0.5203,0.4313,0.0766,0.4938,3.5938,-0.342,cascade
base,damaged_q2,cog_40_cyb_60,planning,640,0.0656,0.0578,0.2588,0.6016,0.4328,0.0547,0.4562,2.8203,-0.2605,cascade
base,damaged_q2,cog_40_cyb_60,rhetoric,640,0.0297,0.0234,0.2275,0.6234,0.4516,0.0844,0.5687,3.0641,-0.3276,cascade
base,damaged_q2,cog_40_cyb_60,spatial,640,0.0281,0.0156,0.1956,0.5437,0.4453,0.0891,0.4688,3.1047,-0.3285,cascade
base,damaged_q2,cog_40_str_60,adversarial,640,0.1641,0.1187,0.4467,0.7766,0.3312,0.0266,0.5453,2.2,-0.1396,cascade
base,damaged_q2,cog_40_str_60,boundary,640,0.1719,0.1219,0.4409,0.7766,0.3719,0.0406,0.5828,2.1016,-0.1495,cascade
base,damaged_q2,cog_40_str_60,coding,640,0.1531,0.1172,0.4325,0.7063,0.3141,0.0453,0.4188,2.0187,-0.1205,cascade
base,damaged_q2,cog_40_str_60,epistemic,640,0.1797,0.1313,0.4505,0.7188,0.3219,0.0219,0.5406,1.6391,-0.0949,cascade
base,damaged_q2,cog_40_str_60,forensic,640,0.1437,0.1062,0.3916,0.7156,0.3547,0.0328,0.5219,2.1594,-0.1564,cascade
base,damaged_q2,cog_40_str_60,generalist,640,0.15,0.1078,0.4309,0.6953,0.3391,0.0328,0.5016,1.8094,-0.1311,cascade
base,damaged_q2,cog_40_str_60,math,640,0.1766,0.1344,0.4376,0.6922,0.3,0.0312,0.5375,2.1172,-0.1107,cascade
base,damaged_q2,cog_40_str_60,planning,640,0.1984,0.1578,0.4614,0.7109,0.3187,0.0281,0.4516,1.8172,-0.0704,cascade
base,damaged_q2,cog_40_str_60,rhetoric,640,0.1516,0.125,0.4213,0.6719,0.3281,0.0187,0.5188,2.0125,-0.1193,cascade
base,damaged_q2,cog_40_str_60,spatial,640,0.1766,0.1344,0.444,0.7094,0.3078,0.0297,0.4219,1.9297,-0.0941,cascade
base,damaged_q2,cog_50_cyb_50,adversarial,640,0.0859,0.0625,0.3443,0.8484,0.4641,0.0922,0.5781,2.7016,-0.2765,cascade
base,damaged_q2,cog_50_cyb_50,boundary,640,0.0953,0.0672,0.3647,0.8844,0.4547,0.0781,0.6172,2.4937,-0.2589,cascade
base,damaged_q2,cog_50_cyb_50,coding,640,0.0469,0.0359,0.2313,0.5984,0.4703,0.0672,0.4906,3.0578,-0.3107,cascade
base,damaged_q2,cog_50_cyb_50,epistemic,640,0.0688,0.0547,0.2642,0.6438,0.4172,0.0625,0.5625,2.5156,-0.2538,cascade
base,damaged_q2,cog_50_cyb_50,forensic,640,0.0656,0.0578,0.2904,0.8344,0.4578,0.0797,0.5484,2.7125,-0.275,cascade
base,damaged_q2,cog_50_cyb_50,generalist,640,0.0344,0.0219,0.2435,0.6125,0.4453,0.0891,0.5828,2.7094,-0.3116,cascade
base,damaged_q2,cog_50_cyb_50,math,640,0.0344,0.0281,0.2037,0.5578,0.4297,0.0656,0.5469,3.3859,-0.327,cascade
base,damaged_q2,cog_50_cyb_50,planning,640,0.0469,0.0375,0.2538,0.6406,0.4219,0.0688,0.4719,2.8703,-0.2841,cascade
base,damaged_q2,cog_50_cyb_50,rhetoric,640,0.0375,0.0297,0.2362,0.6375,0.4625,0.0781,0.5828,2.9969,-0.3212,cascade
base,damaged_q2,cog_50_cyb_50,spatial,640,0.0437,0.0297,0.2287,0.575,0.4188,0.0703,0.4453,2.9922,-0.2952,cascade
base,damaged_q2,cog_50_str_50,adversarial,640,0.1297,0.0781,0.3964,0.7453,0.3812,0.0328,0.5375,2.3969,-0.2057,cascade
base,damaged_q2,cog_50_str_50,boundary,640,0.1328,0.0969,0.3999,0.7562,0.3766,0.0391,0.6172,2.2687,-0.1867,cascade
base,damaged_q2,cog_50_str_50,coding,640,0.1078,0.0938,0.3783,0.6687,0.3656,0.0344,0.4156,2.2516,-0.1686,cascade
base,damaged_q2,cog_50_str_50,epistemic,640,0.125,0.0906,0.4207,0.7422,0.3563,0.0203,0.5578,1.7734,-0.1536,cascade
base,damaged_q2,cog_50_str_50,forensic,640,0.1328,0.0938,0.3665,0.7234,0.3969,0.0328,0.5547,2.2484,-0.1887,cascade
base,damaged_q2,cog_50_str_50,generalist,640,0.1406,0.1047,0.4301,0.7188,0.3469,0.0516,0.5281,1.8531,-0.1446,cascade
base,damaged_q2,cog_50_str_50,math,640,0.1328,0.0984,0.4054,0.6906,0.3203,0.0328,0.5406,2.2875,-0.1618,cascade
base,damaged_q2,cog_50_str_50,planning,640,0.2,0.1531,0.4397,0.7219,0.35,0.0328,0.4453,1.9719,-0.0927,cascade
base,damaged_q2,cog_50_str_50,rhetoric,640,0.1313,0.0938,0.3868,0.7188,0.3609,0.0297,0.5719,2.2406,-0.1783,cascade
base,damaged_q2,cog_50_str_50,spatial,640,0.1484,0.1203,0.3958,0.6875,0.3438,0.0266,0.4375,2.1391,-0.1301,cascade
base,damaged_q2,cog_60_cyb_40,adversarial,640,0.0484,0.0297,0.3012,0.8141,0.4656,0.0953,0.5797,3.0203,-0.3265,cascade
base,damaged_q2,cog_60_cyb_40,boundary,640,0.0672,0.0422,0.3224,0.8297,0.4938,0.0938,0.6453,2.6875,-0.3107,cascade
base,damaged_q2,cog_60_cyb_40,coding,640,0.0422,0.0359,0.2241,0.5891,0.4938,0.0516,0.4734,3.1047,-0.3156,cascade
base,damaged_q2,cog_60_cyb_40,epistemic,640,0.0516,0.0328,0.2738,0.675,0.4219,0.0641,0.5516,2.4484,-0.2731,cascade
base,damaged_q2,cog_60_cyb_40,forensic,640,0.0656,0.0531,0.2678,0.8156,0.4734,0.0781,0.5563,2.8391,-0.291,cascade
base,damaged_q2,cog_60_cyb_40,generalist,640,0.0531,0.0391,0.2656,0.6375,0.4672,0.0875,0.5078,2.6125,-0.2898,cascade
base,damaged_q2,cog_60_cyb_40,math,640,0.025,0.0156,0.2292,0.6062,0.4266,0.0781,0.5547,3.3563,-0.3402,cascade
base,damaged_q2,cog_60_cyb_40,planning,640,0.0516,0.0359,0.2427,0.6406,0.4234,0.0688,0.475,2.9125,-0.2885,cascade
base,damaged_q2,cog_60_cyb_40,rhetoric,640,0.0234,0.0094,0.2307,0.6828,0.4641,0.0906,0.5547,3.0547,-0.3451,cascade
base,damaged_q2,cog_60_cyb_40,spatial,640,0.0656,0.0516,0.2635,0.6406,0.4219,0.0766,0.4406,2.8641,-0.2688,cascade
base,damaged_q2,cog_60_str_40,adversarial,640,0.1156,0.0875,0.3586,0.7078,0.3969,0.0563,0.5484,2.6516,-0.2193,cascade
base,damaged_q2,cog_60_str_40,boundary,640,0.0844,0.0453,0.336,0.7031,0.4062,0.0469,0.6281,2.5594,-0.2642,cascade
base,damaged_q2,cog_60_str_40,coding,640,0.0766,0.0469,0.3497,0.6672,0.3781,0.0422,0.4984,2.3828,-0.234,cascade
base,damaged_q2,cog_60_str_40,epistemic,640,0.1453,0.1,0.4089,0.7469,0.3828,0.025,0.5625,1.8594,-0.1578,cascade
base,damaged_q2,cog_60_str_40,forensic,640,0.1062,0.0781,0.3465,0.7328,0.3781,0.0344,0.5141,2.3969,-0.2032,cascade
base,damaged_q2,cog_60_str_40,generalist,640,0.1172,0.0875,0.4003,0.7547,0.3688,0.0469,0.5219,2.0125,-0.1749,cascade
base,damaged_q2,cog_60_str_40,math,640,0.1219,0.0859,0.3733,0.7063,0.3625,0.0406,0.5109,2.4562,-0.1946,cascade
base,damaged_q2,cog_60_str_40,planning,640,0.1672,0.1234,0.4071,0.7188,0.3891,0.0297,0.4281,2.05,-0.136,cascade
base,damaged_q2,cog_60_str_40,rhetoric,640,0.0953,0.0734,0.3732,0.7359,0.3844,0.0422,0.5469,2.3109,-0.2096,cascade
base,damaged_q2,cog_60_str_40,spatial,640,0.1297,0.1,0.3786,0.6953,0.3484,0.0297,0.4484,2.2547,-0.1591,cascade
base,damaged_q2,cog_75_cyb_25,adversarial,640,0.0516,0.0359,0.2734,0.7406,0.4437,0.0578,0.6359,3.175,-0.3184,cascade
base,damaged_q2,cog_75_cyb_25,boundary,640,0.0516,0.0328,0.2519,0.7188,0.5078,0.0688,0.6687,3.0453,-0.339,cascade
base,damaged_q2,cog_75_cyb_25,coding,640,0.0344,0.0234,0.2127,0.5828,0.4406,0.0734,0.4984,3.1656,-0.3216,cascade
base,damaged_q2,cog_75_cyb_25,epistemic,640,0.05,0.025,0.252,0.6625,0.4875,0.0625,0.5391,2.5031,-0.302,cascade
base,damaged_q2,cog_75_cyb_25,forensic,640,0.0469,0.0297,0.2224,0.7125,0.4984,0.0672,0.6266,3.05,-0.3359,cascade
base,damaged_q2,cog_75_cyb_25,generalist,640,0.0563,0.0312,0.2621,0.6766,0.4766,0.0609,0.6109,2.6656,-0.3061,cascade
base,damaged_q2,cog_75_cyb_25,math,640,0.0422,0.0375,0.2121,0.6281,0.4516,0.0578,0.6,3.3875,-0.3269,cascade
base,damaged_q2,cog_75_cyb_25,planning,640,0.0797,0.0625,0.2709,0.6844,0.4313,0.0641,0.4734,2.8312,-0.2591,cascade
base,damaged_q2,cog_75_cyb_25,rhetoric,640,0.0516,0.0375,0.2533,0.7234,0.5094,0.0406,0.5734,2.9,-0.3143,cascade
base,damaged_q2,cog_75_cyb_25,spatial,640,0.0484,0.0406,0.229,0.6281,0.4859,0.0672,0.4594,2.9734,-0.304,cascade
base,damaged_q2,cog_75_str_25,adversarial,640,0.0594,0.0391,0.2952,0.6672,0.4437,0.0469,0.5625,3.0047,-0.2987,cascade
base,damaged_q2,cog_75_str_25,boundary,640,0.0563,0.0484,0.2746,0.6453,0.475,0.0469,0.6234,2.8703,-0.2968,cascade
base,damaged_q2,cog_75_str_25,coding,640,0.0625,0.0453,0.3036,0.6734,0.4,0.0484,0.5078,2.6797,-0.259,cascade
base,damaged_q2,cog_75_str_25,epistemic,640,0.1047,0.0734,0.3509,0.7531,0.3906,0.0437,0.5375,2.1562,-0.2033,cascade
base,damaged_q2,cog_75_str_25,forensic,640,0.0766,0.05,0.2814,0.6562,0.4297,0.0547,0.5703,2.7156,-0.2712,cascade
base,damaged_q2,cog_75_str_25,generalist,640,0.0734,0.05,0.357,0.7484,0.4,0.0437,0.5578,2.2094,-0.2338,cascade
base,damaged_q2,cog_75_str_25,math,640,0.0844,0.0641,0.307,0.6734,0.3844,0.0422,0.5844,2.8984,-0.2514,cascade
base,damaged_q2,cog_75_str_25,planning,640,0.1234,0.1016,0.3667,0.725,0.3953,0.0312,0.4672,2.3563,-0.1785,cascade
base,damaged_q2,cog_75_str_25,rhetoric,640,0.0828,0.0688,0.3309,0.6969,0.3984,0.0328,0.5469,2.5578,-0.229,cascade
base,damaged_q2,cog_75_str_25,spatial,640,0.0953,0.0672,0.3303,0.6937,0.3734,0.0484,0.4859,2.4469,-0.2157,cascade
base,damaged_q2,cognitive_only,adversarial,640,0.0172,0.0141,0.1321,0.525,0.5781,0.0641,0.6703,4.0531,-0.4285,cascade
base,damaged_q2,cognitive_only,boundary,640,0.0,0.0,0.1251,0.4875,0.5938,0.0484,0.7156,3.9188,-0.441,cascade
base,damaged_q2,cognitive_only,coding,640,0.0156,0.0125,0.1662,0.5578,0.5109,0.0719,0.5141,3.5109,-0.3718,cascade
base,damaged_q2,cognitive_only,epistemic,640,0.0375,0.025,0.208,0.6547,0.5078,0.0266,0.6141,2.7375,-0.3187,cascade
base,damaged_q2,cognitive_only,forensic,640,0.0141,0.0094,0.1321,0.5266,0.5781,0.0437,0.5844,3.5312,-0.3961,cascade
base,damaged_q2,cognitive_only,generalist,640,0.0266,0.0172,0.2125,0.6234,0.4953,0.0437,0.6031,2.9719,-0.337,cascade
base,damaged_q2,cognitive_only,math,640,0.0281,0.025,0.1855,0.5969,0.4938,0.0406,0.6125,3.5734,-0.3589,cascade
base,damaged_q2,cognitive_only,planning,640,0.0469,0.0344,0.2178,0.6156,0.4906,0.0531,0.5141,3.0984,-0.3195,cascade
base,damaged_q2,cognitive_only,rhetoric,640,0.0266,0.0219,0.172,0.5656,0.5188,0.0359,0.6016,3.4531,-0.3617,cascade
base,damaged_q2,cognitive_only,spatial,640,0.0453,0.0312,0.207,0.6141,0.4922,0.0563,0.4578,3.1547,-0.322,cascade
base,damaged_q2,cyb_25_str_75,adversarial,640,0.3859,0.2812,0.6475,0.9047,0.2812,0.0359,0.4656,1.2141,0.0917,none
base,damaged_q2,cyb_25_str_75,boundary,640,0.4922,0.3047,0.6908,0.9203,0.2453,0.0531,0.5422,1.0031,0.1269,none
base,damaged_q2,cyb_25_str_75,coding,640,0.2031,0.1609,0.4703,0.6266,0.2906,0.0312,0.4047,1.7875,-0.0543,cascade
base,damaged_q2,cyb_25_str_75,epistemic,640,0.2,0.1547,0.4802,0.6266,0.2875,0.0203,0.4406,1.4844,-0.0451,cascade
base,damaged_q2,cyb_25_str_75,forensic,640,0.2594,0.1891,0.5494,0.8953,0.3234,0.0234,0.5,1.4859,-0.027,cascade
base,damaged_q2,cyb_25_str_75,generalist,640,0.2016,0.1437,0.4604,0.575,0.3141,0.0297,0.4422,1.6062,-0.0721,cascade
base,damaged_q2,cyb_25_str_75,math,640,0.1547,0.1203,0.4102,0.5594,0.2953,0.0328,0.4859,2.1422,-0.1208,cascade
base,damaged_q2,cyb_25_str_75,planning,640,0.2406,0.1875,0.4876,0.6125,0.2828,0.0359,0.4172,1.6359,-0.0197,cascade
base,damaged_q2,cyb_25_str_75,rhetoric,640,0.1531,0.1172,0.4157,0.5938,0.3563,0.0312,0.4719,1.9172,-0.1295,cascade
base,damaged_q2,cyb_25_str_75,spatial,640,0.2344,0.1969,0.459,0.5938,0.3,0.0281,0.3609,1.7406,-0.0147,cascade
base,damaged_q2,cyb_40_str_60,adversarial,640,0.3563,0.2422,0.6356,0.9484,0.3109,0.0531,0.4797,1.3234,0.0337,cascade
base,damaged_q2,cyb_40_str_60,boundary,640,0.4172,0.2703,0.6745,0.9563,0.2906,0.0484,0.5547,1.0453,0.0768,cascade
base,damaged_q2,cyb_40_str_60,coding,640,0.1797,0.1391,0.4297,0.6344,0.3359,0.0437,0.4062,1.9531,-0.1006,cascade
base,damaged_q2,cyb_40_str_60,epistemic,640,0.1641,0.1281,0.4248,0.5859,0.3125,0.0312,0.4969,1.7031,-0.0968,cascade
base,damaged_q2,cyb_40_str_60,forensic,640,0.2156,0.1641,0.5122,0.9078,0.3297,0.0281,0.4797,1.7047,-0.0641,cascade
base,damaged_q2,cyb_40_str_60,generalist,640,0.1203,0.0875,0.382,0.5672,0.375,0.05,0.4875,1.9094,-0.1695,cascade
base,damaged_q2,cyb_40_str_60,math,640,0.1328,0.1047,0.3838,0.575,0.3219,0.0469,0.4422,2.3578,-0.1545,cascade
base,damaged_q2,cyb_40_str_60,planning,640,0.1797,0.1484,0.4129,0.5953,0.3359,0.0422,0.3625,1.9891,-0.0892,cascade
base,damaged_q2,cyb_40_str_60,rhetoric,640,0.1094,0.075,0.3662,0.55,0.375,0.0516,0.5219,2.1234,-0.1957,cascade
base,damaged_q2,cyb_40_str_60,spatial,640,0.1422,0.1125,0.3946,0.5828,0.3156,0.0453,0.4078,2.0812,-0.1279,cascade
base,damaged_q2,cyb_50_str_50,adversarial,640,0.3656,0.2547,0.6321,0.975,0.2938,0.0594,0.4875,1.3734,0.047,cascade
base,damaged_q2,cyb_50_str_50,boundary,640,0.3797,0.2156,0.6461,0.9766,0.3281,0.0781,0.5875,1.1516,-0.003,cascade
base,damaged_q2,cyb_50_str_50,coding,640,0.15,0.1125,0.4099,0.6156,0.3187,0.0391,0.3656,2.0672,-0.1235,cascade
base,damaged_q2,cyb_50_str_50,epistemic,640,0.125,0.0953,0.4016,0.6234,0.3266,0.0406,0.4469,1.7953,-0.1363,cascade
base,damaged_q2,cyb_50_str_50,forensic,640,0.2062,0.1422,0.5094,0.9484,0.3391,0.0609,0.4516,1.7344,-0.0946,cascade
base,damaged_q2,cyb_50_str_50,generalist,640,0.1109,0.0906,0.3685,0.5766,0.3766,0.0625,0.4453,2.0281,-0.1719,cascade
base,damaged_q2,cyb_50_str_50,math,640,0.0922,0.0688,0.3362,0.5359,0.3484,0.0641,0.5078,2.5234,-0.2154,cascade
base,damaged_q2,cyb_50_str_50,planning,640,0.1172,0.0844,0.3634,0.5328,0.3547,0.0516,0.3797,2.1562,-0.1705,cascade
base,damaged_q2,cyb_50_str_50,rhetoric,640,0.1109,0.0938,0.351,0.5703,0.3547,0.0469,0.4688,2.3188,-0.1755,cascade
base,damaged_q2,cyb_50_str_50,spatial,640,0.1266,0.0844,0.3562,0.5828,0.3422,0.0594,0.3797,2.2906,-0.1751,cascade
base,damaged_q2,cyb_60_str_40,adversarial,640,0.3031,0.2047,0.603,0.9812,0.3266,0.0594,0.4891,1.4719,-0.0179,cascade
base,damaged_q2,cyb_60_str_40,boundary,640,0.3703,0.2359,0.6502,0.9719,0.325,0.0656,0.5234,1.1422,0.0263,cascade
base,damaged_q2,cyb_60_str_40,coding,640,0.1,0.0797,0.3524,0.6188,0.3984,0.0625,0.4141,2.3312,-0.202,cascade
base,damaged_q2,cyb_60_str_40,epistemic,640,0.1047,0.0813,0.375,0.6031,0.3656,0.0531,0.4391,1.9156,-0.17,cascade
base,damaged_q2,cyb_60_str_40,forensic,640,0.1797,0.1437,0.483,0.9594,0.3453,0.0688,0.4313,1.8547,-0.1008,cascade
base,damaged_q2,cyb_60_str_40,generalist,640,0.0859,0.0672,0.3302,0.575,0.3953,0.0719,0.4984,2.1906,-0.2152,cascade
base,damaged_q2,cyb_60_str_40,math,640,0.0609,0.0453,0.2954,0.5641,0.3563,0.0719,0.4891,2.8563,-0.2579,cascade
base,damaged_q2,cyb_60_str_40,planning,640,0.1234,0.0969,0.3348,0.5391,0.3547,0.0672,0.3875,2.3156,-0.1698,cascade
base,damaged_q2,cyb_60_str_40,rhetoric,640,0.0813,0.0563,0.3213,0.5531,0.3734,0.0547,0.5062,2.4234,-0.2284,cascade
base,damaged_q2,cyb_60_str_40,spatial,640,0.0875,0.0625,0.3114,0.5422,0.3734,0.0688,0.4203,2.4094,-0.2174,cascade
base,damaged_q2,cyb_75_str_25,adversarial,640,0.2781,0.1922,0.5876,0.9797,0.3063,0.0766,0.4859,1.6109,-0.0344,cascade
base,damaged_q2,cyb_75_str_25,boundary,640,0.3531,0.2297,0.6337,0.9922,0.2891,0.0859,0.5625,1.2953,0.016,cascade
base,damaged_q2,cyb_75_str_25,coding,640,0.0875,0.0672,0.3198,0.6078,0.3797,0.1031,0.3937,2.5406,-0.2259,cascade
base,damaged_q2,cyb_75_str_25,epistemic,640,0.0813,0.0578,0.3066,0.5766,0.3859,0.0656,0.4828,2.1828,-0.2189,cascade
base,damaged_q2,cyb_75_str_25,forensic,640,0.1469,0.1078,0.4533,0.9688,0.3609,0.0672,0.4797,1.9937,-0.152,cascade
base,damaged_q2,cyb_75_str_25,generalist,640,0.0641,0.0531,0.2865,0.5266,0.3891,0.0828,0.4797,2.3953,-0.2383,cascade
base,damaged_q2,cyb_75_str_25,math,640,0.0453,0.0359,0.2646,0.5203,0.375,0.0719,0.4734,3.05,-0.2813,cascade
base,damaged_q2,cyb_75_str_25,planning,640,0.0828,0.0641,0.3132,0.5578,0.3563,0.0719,0.3875,2.4797,-0.2122,cascade
base,damaged_q2,cyb_75_str_25,rhetoric,640,0.0422,0.0266,0.2734,0.5516,0.4062,0.0688,0.4938,2.7141,-0.2843,cascade
base,damaged_q2,cyb_75_str_25,spatial,640,0.0672,0.0578,0.2601,0.5234,0.4016,0.0906,0.4156,2.7625,-0.2522,cascade
base,damaged_q2,cyber_only,adversarial,640,0.1094,0.075,0.3672,0.8812,0.4422,0.0766,0.4906,2.65,-0.2447,cascade
base,damaged_q2,cyber_only,boundary,640,0.1328,0.0906,0.4209,0.9297,0.4344,0.0953,0.6297,2.2,-0.2191,cascade
base,damaged_q2,cyber_only,coding,640,0.025,0.0141,0.172,0.5078,0.5047,0.0844,0.4406,3.3547,-0.3572,cascade
base,damaged_q2,cyber_only,epistemic,640,0.0219,0.0141,0.185,0.4797,0.4875,0.0734,0.5938,2.7828,-0.3335,cascade
base,damaged_q2,cyber_only,forensic,640,0.0547,0.0453,0.2751,0.8672,0.4703,0.0563,0.5281,2.8141,-0.29,cascade
base,damaged_q2,cyber_only,generalist,640,0.0187,0.0156,0.1622,0.4359,0.5016,0.0938,0.5109,3.0969,-0.3493,cascade
base,damaged_q2,cyber_only,math,640,0.0187,0.0156,0.1538,0.4359,0.4562,0.0656,0.5219,3.8359,-0.3679,cascade
base,damaged_q2,cyber_only,planning,640,0.0328,0.0234,0.1918,0.4813,0.4516,0.0672,0.425,3.2281,-0.3209,cascade
base,damaged_q2,cyber_only,rhetoric,640,0.0063,0.0047,0.1513,0.4531,0.4984,0.0594,0.5609,3.4484,-0.374,cascade
base,damaged_q2,cyber_only,spatial,640,0.0141,0.0109,0.1353,0.425,0.5,0.0703,0.4219,3.4828,-0.361,cascade
base,damaged_q2,structural_only,adversarial,640,0.1875,0.1406,0.4579,0.7031,0.3547,0.0187,0.4891,2.0578,-0.1115,cascade
base,damaged_q2,structural_only,boundary,640,0.2125,0.1437,0.4555,0.6813,0.3453,0.0234,0.5922,1.9109,-0.1075,cascade
base,damaged_q2,structural_only,coding,640,0.1625,0.1234,0.4281,0.6141,0.3234,0.0156,0.4547,1.9609,-0.1111,cascade
base,damaged_q2,structural_only,epistemic,640,0.1703,0.1437,0.4199,0.6109,0.3172,0.0047,0.5312,1.725,-0.0811,cascade
base,damaged_q2,structural_only,forensic,640,0.1812,0.1172,0.407,0.6828,0.3641,0.0281,0.4719,2.0453,-0.1377,cascade
base,damaged_q2,structural_only,generalist,640,0.1375,0.1141,0.3837,0.5359,0.35,0.0234,0.4844,1.8984,-0.1293,cascade
base,damaged_q2,structural_only,math,640,0.15,0.1203,0.4138,0.6078,0.3031,0.0109,0.5109,2.1531,-0.1213,cascade
base,damaged_q2,structural_only,planning,640,0.1922,0.1547,0.4224,0.5687,0.3328,0.0125,0.4125,1.8813,-0.0747,cascade
base,damaged_q2,structural_only,rhetoric,640,0.1281,0.1047,0.3803,0.5609,0.3609,0.0078,0.5375,2.0953,-0.1529,cascade
base,damaged_q2,structural_only,spatial,640,0.1844,0.1391,0.415,0.5703,0.3281,0.0125,0.4281,1.9422,-0.0932,cascade
base,damaged_q2,tri_boundary_heavy,adversarial,640,0.4797,0.2984,0.7157,0.9844,0.2609,0.0688,0.4672,0.9734,0.1204,none
base,damaged_q2,tri_boundary_heavy,boundary,640,0.5719,0.3375,0.7519,0.9953,0.2484,0.0688,0.5953,0.7234,0.1654,none
base,damaged_q2,tri_boundary_heavy,coding,640,0.2734,0.2078,0.5237,0.6828,0.2609,0.0813,0.3906,1.5797,0.003,cascade
base,damaged_q2,tri_boundary_heavy,epistemic,640,0.225,0.1719,0.5281,0.7375,0.2875,0.0453,0.4672,1.3359,-0.0276,cascade
base,damaged_q2,tri_boundary_heavy,forensic,640,0.3312,0.2281,0.6145,0.9672,0.2594,0.0797,0.4594,1.3406,0.0306,cascade
base,damaged_q2,tri_boundary_heavy,generalist,640,0.2188,0.1531,0.5188,0.6937,0.2906,0.05,0.4484,1.4438,-0.0521,cascade
base,damaged_q2,tri_boundary_heavy,math,640,0.1984,0.1531,0.4661,0.6734,0.2969,0.05,0.425,1.9734,-0.0786,cascade
base,damaged_q2,tri_boundary_heavy,planning,640,0.2891,0.2188,0.5431,0.7063,0.2437,0.0656,0.35,1.4922,0.0299,cascade
base,damaged_q2,tri_boundary_heavy,rhetoric,640,0.2078,0.1484,0.488,0.6844,0.2969,0.0781,0.4813,1.6922,-0.0794,cascade
base,damaged_q2,tri_boundary_heavy,spatial,640,0.2562,0.1766,0.5027,0.6984,0.2922,0.0609,0.3984,1.6406,-0.0372,cascade
base,damaged_q2,tri_cognitive_bridge,adversarial,640,0.3531,0.2375,0.6203,0.9344,0.3141,0.0672,0.5125,1.3703,0.0203,cascade
base,damaged_q2,tri_cognitive_bridge,boundary,640,0.3375,0.2281,0.6159,0.9219,0.3016,0.0469,0.5594,1.3234,0.0174,cascade
base,damaged_q2,tri_cognitive_bridge,coding,640,0.2062,0.1562,0.5146,0.7375,0.2906,0.0672,0.425,1.6078,-0.0588,cascade
base,damaged_q2,tri_cognitive_bridge,epistemic,640,0.2547,0.175,0.5606,0.7875,0.2484,0.0406,0.5281,1.2859,-0.0142,cascade
base,damaged_q2,tri_cognitive_bridge,forensic,640,0.2734,0.2219,0.5414,0.9,0.3203,0.0469,0.4469,1.5859,0.0014,cascade
base,damaged_q2,tri_cognitive_bridge,generalist,640,0.2484,0.1703,0.5449,0.7672,0.2859,0.0531,0.4969,1.3875,-0.0352,cascade
base,damaged_q2,tri_cognitive_bridge,math,640,0.2,0.1328,0.4863,0.7234,0.2703,0.0563,0.5375,1.9141,-0.0982,cascade
base,damaged_q2,tri_cognitive_bridge,planning,640,0.2969,0.2078,0.5554,0.7281,0.2469,0.0422,0.4203,1.4438,0.0195,cascade
base,damaged_q2,tri_cognitive_bridge,rhetoric,640,0.2125,0.1531,0.4834,0.75,0.3312,0.0547,0.4922,1.7422,-0.0837,cascade
base,damaged_q2,tri_cognitive_bridge,spatial,640,0.2781,0.2,0.5226,0.7469,0.2734,0.0641,0.4156,1.6062,-0.0084,cascade
base,damaged_q2,tri_cognitive_heavy,adversarial,640,0.2094,0.1266,0.5018,0.85,0.3453,0.0547,0.5563,1.9266,-0.1288,cascade
base,damaged_q2,tri_cognitive_heavy,boundary,640,0.2453,0.1359,0.5109,0.8453,0.3156,0.0703,0.5437,1.8125,-0.1069,cascade
base,damaged_q2,tri_cognitive_heavy,coding,640,0.1562,0.1094,0.4494,0.7266,0.2953,0.0531,0.4594,1.9812,-0.1257,cascade
base,damaged_q2,tri_cognitive_heavy,epistemic,640,0.1984,0.1313,0.4867,0.7891,0.3109,0.0578,0.5297,1.5562,-0.0938,cascade
base,damaged_q2,tri_cognitive_heavy,forensic,640,0.2125,0.1609,0.4641,0.8438,0.3328,0.0437,0.55,1.9016,-0.0867,cascade
base,damaged_q2,tri_cognitive_heavy,generalist,640,0.1734,0.1359,0.4625,0.7516,0.3344,0.0797,0.4938,1.7047,-0.105,cascade
base,damaged_q2,tri_cognitive_heavy,math,640,0.1547,0.1078,0.4394,0.7078,0.2953,0.0641,0.5172,2.1406,-0.142,cascade
base,damaged_q2,tri_cognitive_heavy,planning,640,0.25,0.1781,0.5164,0.7906,0.2938,0.0516,0.4516,1.6734,-0.0401,cascade
base,damaged_q2,tri_cognitive_heavy,rhetoric,640,0.175,0.1328,0.4589,0.7609,0.3172,0.0547,0.5156,1.9125,-0.1102,cascade
base,damaged_q2,tri_cognitive_heavy,spatial,640,0.2141,0.1531,0.4717,0.7328,0.3187,0.0453,0.4203,1.7969,-0.075,cascade
base,damaged_q2,tri_cyber_heavy,adversarial,640,0.4484,0.2687,0.6978,0.9859,0.2859,0.1094,0.5141,0.9984,0.07,cascade
base,damaged_q2,tri_cyber_heavy,boundary,640,0.5594,0.3359,0.7498,0.9922,0.2641,0.0922,0.5031,0.7406,0.161,none
base,damaged_q2,tri_cyber_heavy,coding,640,0.2031,0.1531,0.4716,0.6797,0.3063,0.1062,0.4,1.7937,-0.0817,cascade
base,damaged_q2,tri_cyber_heavy,epistemic,640,0.1922,0.1375,0.4573,0.6312,0.2953,0.0781,0.4844,1.5688,-0.0839,cascade
base,damaged_q2,tri_cyber_heavy,forensic,640,0.2703,0.1984,0.5659,0.9922,0.325,0.0797,0.4141,1.4937,-0.0228,cascade
base,damaged_q2,tri_cyber_heavy,generalist,640,0.175,0.1297,0.4588,0.6609,0.3094,0.0891,0.4641,1.7094,-0.1035,cascade
base,damaged_q2,tri_cyber_heavy,math,640,0.1234,0.1016,0.3945,0.6031,0.2875,0.0719,0.4922,2.3375,-0.1553,cascade
base,damaged_q2,tri_cyber_heavy,planning,640,0.2047,0.1453,0.4632,0.6438,0.2844,0.0781,0.4047,1.7922,-0.0776,cascade
base,damaged_q2,tri_cyber_heavy,rhetoric,640,0.1672,0.1234,0.4242,0.6516,0.3312,0.0656,0.475,1.9516,-0.1246,cascade
base,damaged_q2,tri_cyber_heavy,spatial,640,0.1734,0.1266,0.4297,0.6516,0.2797,0.0875,0.3812,2.0219,-0.1064,cascade
base,damaged_q2,tri_equal_routed,adversarial,640,0.325,0.2156,0.6108,0.9625,0.3094,0.0875,0.5141,1.4266,-0.0071,cascade
base,damaged_q2,tri_equal_routed,boundary,640,0.3797,0.2359,0.628,0.9656,0.3016,0.0719,0.5922,1.2656,0.0204,cascade
base,damaged_q2,tri_equal_routed,coding,640,0.1688,0.1094,0.4441,0.7078,0.3156,0.05,0.4484,1.9359,-0.128,cascade
base,damaged_q2,tri_equal_routed,epistemic,640,0.2047,0.1234,0.4916,0.7641,0.3109,0.0625,0.5266,1.5063,-0.0998,cascade
base,damaged_q2,tri_equal_routed,forensic,640,0.2453,0.1859,0.5247,0.9391,0.3156,0.0797,0.4875,1.6531,-0.0463,cascade
base,damaged_q2,tri_equal_routed,generalist,640,0.1672,0.1156,0.4592,0.7031,0.3172,0.0844,0.5219,1.6953,-0.1229,cascade
base,damaged_q2,tri_equal_routed,math,640,0.1516,0.1156,0.4092,0.6687,0.2812,0.0531,0.5,2.3,-0.1344,cascade
base,damaged_q2,tri_equal_routed,planning,640,0.2172,0.1578,0.478,0.7234,0.3078,0.075,0.3844,1.7812,-0.0693,cascade
base,damaged_q2,tri_equal_routed,rhetoric,640,0.1766,0.1328,0.4473,0.6875,0.3156,0.0734,0.4766,1.8906,-0.1092,cascade
base,damaged_q2,tri_equal_routed,spatial,640,0.1797,0.1406,0.4368,0.6797,0.3172,0.0641,0.3969,1.9,-0.0941,cascade
base,damaged_q2,tri_naive_equal_all_fire,adversarial,640,0.5437,0.2453,0.7564,0.9875,0.2344,0.3297,0.5891,0.5625,0.0338,distractor_capture
base,damaged_q2,tri_naive_equal_all_fire,boundary,640,0.6078,0.2641,0.7841,0.9906,0.2234,0.3078,0.6344,0.4109,0.0642,distractor_capture
base,damaged_q2,tri_naive_equal_all_fire,coding,640,0.2156,0.1141,0.5408,0.7094,0.2531,0.3187,0.4813,1.3375,-0.131,cascade
base,damaged_q2,tri_naive_equal_all_fire,epistemic,640,0.3531,0.1812,0.6224,0.8094,0.2359,0.325,0.5484,0.9109,-0.044,cascade
base,damaged_q2,tri_naive_equal_all_fire,forensic,640,0.3375,0.1984,0.6273,0.9859,0.2703,0.3328,0.525,1.0969,-0.0461,cascade
base,damaged_q2,tri_naive_equal_all_fire,generalist,640,0.2422,0.1266,0.5433,0.7469,0.2703,0.3406,0.5719,1.2156,-0.1292,cascade
base,damaged_q2,tri_naive_equal_all_fire,math,640,0.2109,0.1156,0.4824,0.6859,0.2609,0.2719,0.5531,1.8031,-0.1514,cascade
base,damaged_q2,tri_naive_equal_all_fire,planning,640,0.3563,0.2109,0.5806,0.7484,0.2016,0.3016,0.4766,1.2453,-0.0102,none
base,damaged_q2,tri_naive_equal_all_fire,rhetoric,640,0.2531,0.1516,0.5305,0.7469,0.2562,0.3312,0.5406,1.45,-0.1073,cascade
base,damaged_q2,tri_naive_equal_all_fire,spatial,640,0.2453,0.1516,0.5387,0.7453,0.2359,0.3109,0.4313,1.425,-0.0872,cascade
base,damaged_q2,tri_naive_structural_heavy_all_fire,adversarial,640,0.7937,0.3703,0.8749,0.9891,0.1672,0.3047,0.4531,0.0625,0.2198,none
base,damaged_q2,tri_naive_structural_heavy_all_fire,boundary,640,0.7719,0.3406,0.8665,0.9906,0.1719,0.3219,0.55,0.05,0.1782,distractor_capture
base,damaged_q2,tri_naive_structural_heavy_all_fire,coding,640,0.6,0.275,0.7686,0.7906,0.1953,0.2906,0.4562,0.3531,0.1041,none
base,damaged_q2,tri_naive_structural_heavy_all_fire,epistemic,640,0.6406,0.3187,0.795,0.8531,0.1766,0.2687,0.4813,0.2953,0.1588,none
base,damaged_q2,tri_naive_structural_heavy_all_fire,forensic,640,0.7141,0.3375,0.8298,0.9922,0.1641,0.2938,0.5141,0.3094,0.1729,none
base,damaged_q2,tri_naive_structural_heavy_all_fire,generalist,640,0.55,0.2891,0.7445,0.7562,0.1938,0.3047,0.5016,0.3844,0.1107,none
base,damaged_q2,tri_naive_structural_heavy_all_fire,math,640,0.5312,0.3063,0.7181,0.7266,0.1734,0.2891,0.4672,0.6531,0.1264,none
base,damaged_q2,tri_naive_structural_heavy_all_fire,planning,640,0.6094,0.3328,0.7641,0.7562,0.1766,0.2766,0.4047,0.3828,0.173,none
base,damaged_q2,tri_naive_structural_heavy_all_fire,rhetoric,640,0.5484,0.3016,0.7312,0.7484,0.1984,0.2953,0.4641,0.5047,0.1206,none
base,damaged_q2,tri_naive_structural_heavy_all_fire,spatial,640,0.5906,0.3187,0.7618,0.7859,0.1797,0.2703,0.4078,0.4437,0.156,none
base,damaged_q2,tri_structural_heavy_55,adversarial,640,0.45,0.2859,0.6898,0.9437,0.2578,0.0469,0.5141,1.0734,0.1044,none
base,damaged_q2,tri_structural_heavy_55,boundary,640,0.4734,0.3078,0.6935,0.9437,0.275,0.075,0.5234,0.9625,0.1203,none
base,damaged_q2,tri_structural_heavy_55,coding,640,0.3031,0.2188,0.5586,0.7469,0.2672,0.0547,0.4062,1.4625,0.022,cascade
base,damaged_q2,tri_structural_heavy_55,epistemic,640,0.3094,0.2266,0.5816,0.7703,0.2891,0.0406,0.475,1.1422,0.0366,cascade
base,damaged_q2,tri_structural_heavy_55,forensic,640,0.375,0.2859,0.6198,0.9328,0.2734,0.0406,0.4547,1.2625,0.0963,none
base,damaged_q2,tri_structural_heavy_55,generalist,640,0.2906,0.1969,0.5719,0.7359,0.2469,0.0484,0.5016,1.2625,0.0099,cascade
base,damaged_q2,tri_structural_heavy_55,math,640,0.2672,0.1875,0.5488,0.7547,0.2719,0.0234,0.5094,1.5938,-0.0192,cascade
base,damaged_q2,tri_structural_heavy_55,planning,640,0.3906,0.2938,0.6115,0.7812,0.2281,0.0516,0.4062,1.2422,0.1204,none
base,damaged_q2,tri_structural_heavy_55,rhetoric,640,0.2625,0.1719,0.5375,0.7391,0.2766,0.0359,0.5062,1.5047,-0.034,cascade
base,damaged_q2,tri_structural_heavy_55,spatial,640,0.3094,0.2297,0.5583,0.7422,0.2703,0.0531,0.3891,1.4031,0.0367,cascade
base,damaged_q2,tri_structural_heavy_60,adversarial,640,0.5031,0.3328,0.7267,0.95,0.2422,0.0469,0.4953,0.9016,0.1661,none
base,damaged_q2,tri_structural_heavy_60,boundary,640,0.5203,0.3156,0.7221,0.9406,0.25,0.0563,0.5375,0.8609,0.1433,none
base,damaged_q2,tri_structural_heavy_60,coding,640,0.3359,0.25,0.5909,0.7219,0.2531,0.0516,0.4188,1.2625,0.0671,cascade
base,damaged_q2,tri_structural_heavy_60,epistemic,640,0.3156,0.2437,0.5971,0.7812,0.2578,0.0297,0.5,1.1047,0.0652,cascade
base,damaged_q2,tri_structural_heavy_60,forensic,640,0.3875,0.2812,0.6352,0.9375,0.2828,0.0516,0.4828,1.1781,0.0886,cascade
base,damaged_q2,tri_structural_heavy_60,generalist,640,0.3219,0.2328,0.6112,0.7438,0.2422,0.0578,0.4719,1.0641,0.0576,cascade
base,damaged_q2,tri_structural_heavy_60,math,640,0.2578,0.1906,0.5372,0.7125,0.2562,0.0484,0.4609,1.6453,-0.0151,cascade
base,damaged_q2,tri_structural_heavy_60,planning,640,0.3969,0.2922,0.6063,0.7344,0.2672,0.0344,0.3656,1.2156,0.1151,none
base,damaged_q2,tri_structural_heavy_60,rhetoric,640,0.3312,0.2359,0.5949,0.7484,0.2656,0.0375,0.5047,1.2297,0.0469,cascade
base,damaged_q2,tri_structural_heavy_60,spatial,640,0.3281,0.2422,0.5796,0.7453,0.2437,0.0437,0.4109,1.325,0.0612,cascade
base,damaged_q2,tri_structural_heavy_65,adversarial,640,0.5437,0.3312,0.7508,0.9641,0.2359,0.0453,0.5,0.775,0.1727,none
base,damaged_q2,tri_structural_heavy_65,boundary,640,0.5875,0.3703,0.7567,0.9625,0.2531,0.0531,0.4906,0.7016,0.2094,none
base,damaged_q2,tri_structural_heavy_65,coding,640,0.3641,0.2516,0.6277,0.7438,0.2391,0.0406,0.4172,1.1062,0.083,none
base,damaged_q2,tri_structural_heavy_65,epistemic,640,0.3297,0.2313,0.606,0.7484,0.2656,0.0406,0.4859,1.0188,0.0536,cascade
base,damaged_q2,tri_structural_heavy_65,forensic,640,0.4437,0.3219,0.6616,0.9437,0.2672,0.0469,0.4391,1.075,0.1435,none
base,damaged_q2,tri_structural_heavy_65,generalist,640,0.3609,0.2578,0.6195,0.7391,0.2281,0.0484,0.4453,1.0625,0.0909,none
base,damaged_q2,tri_structural_heavy_65,math,640,0.3469,0.2516,0.6072,0.7656,0.2172,0.0437,0.5047,1.3562,0.0695,none
base,damaged_q2,tri_structural_heavy_65,planning,640,0.4641,0.3344,0.6617,0.7547,0.2031,0.0406,0.3828,1.0094,0.1842,none
base,damaged_q2,tri_structural_heavy_65,rhetoric,640,0.3594,0.2437,0.588,0.7391,0.2266,0.0391,0.4797,1.3328,0.063,none
base,damaged_q2,tri_structural_heavy_65,spatial,640,0.3391,0.2562,0.5936,0.7594,0.2469,0.0406,0.3594,1.2516,0.0827,none
base,damaged_q3,baseline,adversarial,640,0.0391,0.0359,0.244,0.4828,0.3234,0.0141,0.4219,3.3344,-0.2644,classification_miss
base,damaged_q3,baseline,boundary,640,0.0484,0.0344,0.2539,0.525,0.3344,0.0281,0.4141,3.1187,-0.2606,cascade
base,damaged_q3,baseline,coding,640,0.0469,0.0375,0.2701,0.5297,0.3281,0.0187,0.3344,2.8781,-0.2353,cascade
base,damaged_q3,baseline,epistemic,640,0.0531,0.0437,0.2815,0.5375,0.2969,0.0,0.3563,2.4688,-0.1973,cascade
base,damaged_q3,baseline,forensic,640,0.0656,0.0531,0.2686,0.5234,0.3047,0.0125,0.3703,2.8109,-0.211,classification_miss
base,damaged_q3,baseline,generalist,640,0.0469,0.0391,0.2571,0.5188,0.3484,0.0125,0.4062,2.6625,-0.2336,cascade
base,damaged_q3,baseline,math,640,0.0359,0.0312,0.2737,0.5375,0.2594,0.0094,0.4188,3.0406,-0.234,primitive_gap
base,damaged_q3,baseline,planning,640,0.0813,0.0688,0.2841,0.5094,0.3016,0.0094,0.3391,2.7437,-0.1879,classification_miss
base,damaged_q3,baseline,rhetoric,640,0.0453,0.0375,0.261,0.5297,0.3406,0.0047,0.3937,2.9078,-0.2425,cascade
base,damaged_q3,baseline,spatial,640,0.075,0.0641,0.2873,0.5375,0.2875,0.0047,0.3156,2.7109,-0.1839,classification_miss
base,damaged_q3,cog_25_cyb_75,adversarial,640,0.5516,0.3781,0.7683,0.9875,0.1859,0.1047,0.3094,0.85,0.2342,none
base,damaged_q3,cog_25_cyb_75,boundary,640,0.6719,0.4297,0.8189,0.9938,0.1766,0.1062,0.375,0.5437,0.2983,none
base,damaged_q3,cog_25_cyb_75,coding,640,0.2984,0.2266,0.5916,0.8562,0.1875,0.0797,0.2719,1.5391,0.0557,primitive_gap
base,damaged_q3,cog_25_cyb_75,epistemic,640,0.2844,0.2094,0.6074,0.8547,0.2125,0.0672,0.325,1.2234,0.045,cascade
base,damaged_q3,cog_25_cyb_75,forensic,640,0.3625,0.2484,0.6471,0.9859,0.2172,0.0781,0.3281,1.2516,0.0788,primitive_gap
base,damaged_q3,cog_25_cyb_75,generalist,640,0.2703,0.2,0.5796,0.7984,0.2172,0.0984,0.3297,1.3484,0.0214,cascade
base,damaged_q3,cog_25_cyb_75,math,640,0.1969,0.1484,0.4908,0.7391,0.2141,0.0797,0.3844,1.9953,-0.0622,primitive_gap
base,damaged_q3,cog_25_cyb_75,planning,640,0.3016,0.2344,0.5616,0.7719,0.2016,0.0719,0.2734,1.5562,0.0598,none
base,damaged_q3,cog_25_cyb_75,rhetoric,640,0.2687,0.2109,0.5569,0.7984,0.2141,0.075,0.3641,1.5859,0.0233,primitive_gap
base,damaged_q3,cog_25_cyb_75,spatial,640,0.2891,0.2375,0.536,0.7672,0.1922,0.0703,0.2859,1.6922,0.0583,primitive_gap
base,damaged_q3,cog_25_str_75,adversarial,640,0.7844,0.5641,0.8886,0.9875,0.1547,0.0344,0.3531,0.2203,0.4715,none
base,damaged_q3,cog_25_str_75,boundary,640,0.7906,0.5,0.8835,0.9828,0.1531,0.0375,0.4203,0.1969,0.4031,none
base,damaged_q3,cog_25_str_75,coding,640,0.7531,0.5719,0.8574,0.9172,0.1219,0.025,0.2469,0.3609,0.4925,none
base,damaged_q3,cog_25_str_75,epistemic,640,0.6984,0.525,0.8442,0.9187,0.1266,0.0063,0.3516,0.3453,0.4404,none
base,damaged_q3,cog_25_str_75,forensic,640,0.7375,0.5391,0.8421,0.9766,0.1406,0.0281,0.3469,0.4422,0.4414,none
base,damaged_q3,cog_25_str_75,generalist,640,0.7141,0.5172,0.8411,0.9016,0.1141,0.025,0.3609,0.3625,0.431,none
base,damaged_q3,cog_25_str_75,math,640,0.7141,0.5297,0.8235,0.8812,0.1313,0.0219,0.3469,0.4938,0.4335,none
base,damaged_q3,cog_25_str_75,planning,640,0.7656,0.5953,0.862,0.8906,0.1203,0.0266,0.2516,0.3047,0.5185,none
base,damaged_q3,cog_25_str_75,rhetoric,640,0.725,0.5312,0.826,0.9,0.1297,0.0109,0.3469,0.4594,0.4394,none
base,damaged_q3,cog_25_str_75,spatial,640,0.7375,0.5516,0.8395,0.925,0.1406,0.0203,0.2969,0.4078,0.4612,none
base,damaged_q3,cog_40_cyb_60,adversarial,640,0.4906,0.3422,0.7311,0.9938,0.2125,0.1,0.3656,0.9969,0.1793,none
base,damaged_q3,cog_40_cyb_60,boundary,640,0.6141,0.4047,0.7791,0.9953,0.1891,0.0813,0.3984,0.7375,0.263,none
base,damaged_q3,cog_40_cyb_60,coding,640,0.2891,0.2234,0.5791,0.8375,0.2047,0.0906,0.325,1.5469,0.0406,primitive_gap
base,damaged_q3,cog_40_cyb_60,epistemic,640,0.3063,0.2359,0.6061,0.875,0.2141,0.0766,0.3484,1.2344,0.0668,none
base,damaged_q3,cog_40_cyb_60,forensic,640,0.4359,0.3328,0.6598,0.9906,0.1969,0.0734,0.3187,1.2516,0.171,none
base,damaged_q3,cog_40_cyb_60,generalist,640,0.2891,0.2078,0.5899,0.8297,0.2234,0.0938,0.3266,1.3219,0.0298,cascade
base,damaged_q3,cog_40_cyb_60,math,640,0.2422,0.1922,0.5028,0.7297,0.2094,0.0891,0.3453,1.9797,-0.015,primitive_gap
base,damaged_q3,cog_40_cyb_60,planning,640,0.3078,0.2375,0.5734,0.8063,0.2078,0.0844,0.2828,1.4812,0.0616,none
base,damaged_q3,cog_40_cyb_60,rhetoric,640,0.2906,0.2156,0.5824,0.8594,0.1953,0.0578,0.4094,1.5672,0.0344,primitive_gap
base,damaged_q3,cog_40_cyb_60,spatial,640,0.2469,0.2062,0.5449,0.8141,0.2109,0.075,0.2797,1.6406,0.0236,primitive_gap
base,damaged_q3,cog_40_str_60,adversarial,640,0.7156,0.5219,0.846,0.9812,0.1391,0.0297,0.3484,0.4969,0.4215,none
base,damaged_q3,cog_40_str_60,boundary,640,0.6937,0.4953,0.8219,0.9578,0.1531,0.0328,0.4,0.5266,0.3845,none
base,damaged_q3,cog_40_str_60,coding,640,0.6438,0.4922,0.7986,0.8922,0.1313,0.0375,0.2812,0.6109,0.3923,none
base,damaged_q3,cog_40_str_60,epistemic,640,0.6531,0.475,0.8194,0.9391,0.1562,0.0266,0.3391,0.4375,0.3738,none
base,damaged_q3,cog_40_str_60,forensic,640,0.6391,0.4828,0.7889,0.9703,0.1359,0.0187,0.3594,0.6891,0.3751,none
base,damaged_q3,cog_40_str_60,generalist,640,0.6344,0.4828,0.8075,0.8969,0.1453,0.0203,0.3234,0.4813,0.3852,none
base,damaged_q3,cog_40_str_60,math,640,0.5953,0.4297,0.7742,0.9062,0.1688,0.025,0.3906,0.7141,0.3071,none
base,damaged_q3,cog_40_str_60,planning,640,0.7312,0.5625,0.8361,0.9281,0.1266,0.0219,0.2578,0.4797,0.4755,none
base,damaged_q3,cog_40_str_60,rhetoric,640,0.6188,0.4641,0.7763,0.9187,0.1547,0.0344,0.3672,0.6922,0.3468,none
base,damaged_q3,cog_40_str_60,spatial,640,0.6766,0.5141,0.8063,0.9219,0.1578,0.0344,0.2844,0.5594,0.4091,none
base,damaged_q3,cog_50_cyb_50,adversarial,640,0.4406,0.3156,0.7071,0.9875,0.2094,0.1,0.3359,1.1406,0.1489,none
base,damaged_q3,cog_50_cyb_50,boundary,640,0.4922,0.3344,0.722,0.9938,0.2203,0.0891,0.375,0.9891,0.171,none
base,damaged_q3,cog_50_cyb_50,coding,640,0.2719,0.2047,0.5756,0.8516,0.2156,0.0688,0.2875,1.5813,0.0242,primitive_gap
base,damaged_q3,cog_50_cyb_50,epistemic,640,0.3063,0.2203,0.6199,0.8797,0.2094,0.0656,0.3672,1.1797,0.056,none
base,damaged_q3,cog_50_cyb_50,forensic,640,0.3563,0.2594,0.6298,0.9891,0.2234,0.0766,0.3734,1.3297,0.0807,primitive_gap
base,damaged_q3,cog_50_cyb_50,generalist,640,0.2844,0.2125,0.6096,0.8875,0.2047,0.0719,0.3734,1.275,0.0431,primitive_gap
base,damaged_q3,cog_50_cyb_50,math,640,0.2313,0.1891,0.5381,0.7891,0.2125,0.0578,0.3531,1.8234,-0.0057,primitive_gap
base,damaged_q3,cog_50_cyb_50,planning,640,0.3359,0.2594,0.5934,0.85,0.1938,0.0875,0.2766,1.4688,0.0882,none
base,damaged_q3,cog_50_cyb_50,rhetoric,640,0.3078,0.2266,0.5977,0.875,0.2031,0.0734,0.3906,1.4875,0.0453,primitive_gap
base,damaged_q3,cog_50_cyb_50,spatial,640,0.2844,0.2109,0.5674,0.8234,0.2047,0.075,0.3109,1.5625,0.0315,primitive_gap
base,damaged_q3,cog_50_str_50,adversarial,640,0.6266,0.4719,0.7985,0.9844,0.1766,0.0328,0.3219,0.7016,0.3515,none
base,damaged_q3,cog_50_str_50,boundary,640,0.6141,0.4375,0.7801,0.9531,0.1766,0.0391,0.3797,0.7234,0.3102,none
base,damaged_q3,cog_50_str_50,coding,640,0.5484,0.4313,0.7477,0.8906,0.1734,0.0312,0.2656,0.8125,0.3111,none
base,damaged_q3,cog_50_str_50,epistemic,640,0.6234,0.4469,0.8073,0.9453,0.1484,0.0219,0.3781,0.5047,0.3425,none
base,damaged_q3,cog_50_str_50,forensic,640,0.5844,0.4375,0.7607,0.9656,0.1562,0.0422,0.3547,0.8016,0.3137,none
base,damaged_q3,cog_50_str_50,generalist,640,0.5578,0.4391,0.7801,0.9219,0.1547,0.0281,0.3391,0.6297,0.3284,none
base,damaged_q3,cog_50_str_50,math,640,0.5641,0.4375,0.7542,0.9187,0.1469,0.0281,0.3484,0.8781,0.316,none
base,damaged_q3,cog_50_str_50,planning,640,0.6766,0.5281,0.8156,0.9313,0.1172,0.0297,0.2781,0.5859,0.4355,none
base,damaged_q3,cog_50_str_50,rhetoric,640,0.5594,0.4078,0.7541,0.9328,0.1688,0.0375,0.3344,0.8047,0.2827,none
base,damaged_q3,cog_50_str_50,spatial,640,0.5953,0.4625,0.7742,0.9453,0.1531,0.0266,0.2766,0.7391,0.3522,none
base,damaged_q3,cog_60_cyb_40,adversarial,640,0.4125,0.2891,0.6694,0.9797,0.2313,0.0781,0.35,1.3172,0.1102,none
base,damaged_q3,cog_60_cyb_40,boundary,640,0.4297,0.2984,0.6949,0.9938,0.2141,0.075,0.3906,1.1313,0.1314,none
base,damaged_q3,cog_60_cyb_40,coding,640,0.2891,0.2172,0.5853,0.8422,0.1688,0.0688,0.3406,1.5844,0.0463,primitive_gap
base,damaged_q3,cog_60_cyb_40,epistemic,640,0.3312,0.2406,0.6284,0.9047,0.1922,0.0547,0.3547,1.1859,0.0844,none
base,damaged_q3,cog_60_cyb_40,forensic,640,0.3438,0.2531,0.6105,0.9781,0.2484,0.0656,0.3563,1.4031,0.0668,primitive_gap
base,damaged_q3,cog_60_cyb_40,generalist,640,0.2719,0.2,0.6063,0.8891,0.225,0.0813,0.325,1.2875,0.0259,cascade
base,damaged_q3,cog_60_cyb_40,math,640,0.1984,0.1484,0.539,0.8281,0.2,0.0719,0.3969,1.8641,-0.0509,primitive_gap
base,damaged_q3,cog_60_cyb_40,planning,640,0.3688,0.2875,0.616,0.8719,0.1891,0.075,0.3187,1.3562,0.1225,none
base,damaged_q3,cog_60_cyb_40,rhetoric,640,0.3375,0.2562,0.609,0.8859,0.2094,0.0641,0.3453,1.4391,0.081,none
base,damaged_q3,cog_60_cyb_40,spatial,640,0.2922,0.2328,0.5779,0.8484,0.1625,0.0703,0.2906,1.5813,0.0677,primitive_gap
base,damaged_q3,cog_60_str_40,adversarial,640,0.5375,0.3797,0.7385,0.9516,0.175,0.0359,0.3469,0.9891,0.2428,none
base,damaged_q3,cog_60_str_40,boundary,640,0.5234,0.3656,0.726,0.9391,0.1828,0.0578,0.3969,0.9703,0.219,none
base,damaged_q3,cog_60_str_40,coding,640,0.5031,0.3781,0.7299,0.8984,0.1812,0.0422,0.3234,0.8672,0.2461,none
base,damaged_q3,cog_60_str_40,epistemic,640,0.5219,0.3766,0.7571,0.9594,0.1609,0.0266,0.3797,0.7047,0.2574,none
base,damaged_q3,cog_60_str_40,forensic,640,0.5219,0.4062,0.7088,0.9578,0.1938,0.0281,0.3266,1.0,0.2664,none
base,damaged_q3,cog_60_str_40,generalist,640,0.5203,0.4047,0.7556,0.9344,0.1469,0.0375,0.3187,0.7656,0.2893,none
base,damaged_q3,cog_60_str_40,math,640,0.5297,0.3969,0.7436,0.925,0.1313,0.0312,0.4094,0.9469,0.2712,none
base,damaged_q3,cog_60_str_40,planning,640,0.6359,0.4859,0.7827,0.9359,0.1484,0.025,0.3063,0.6984,0.377,none
base,damaged_q3,cog_60_str_40,rhetoric,640,0.5328,0.4,0.7347,0.9359,0.1547,0.0281,0.3469,0.9219,0.2741,none
base,damaged_q3,cog_60_str_40,spatial,640,0.5781,0.4547,0.76,0.9313,0.1484,0.0391,0.2828,0.8047,0.3395,none
base,damaged_q3,cog_75_cyb_25,adversarial,640,0.3141,0.2219,0.6163,0.9656,0.2406,0.0844,0.3641,1.5531,0.026,primitive_gap
base,damaged_q3,cog_75_cyb_25,boundary,640,0.3359,0.2313,0.623,0.9688,0.2406,0.0734,0.4391,1.4531,0.0366,primitive_gap
base,damaged_q3,cog_75_cyb_25,coding,640,0.2812,0.225,0.5705,0.8609,0.2078,0.0719,0.3094,1.6078,0.0431,primitive_gap
base,damaged_q3,cog_75_cyb_25,epistemic,640,0.2938,0.2188,0.6145,0.9266,0.2078,0.0406,0.4156,1.2203,0.054,none
base,damaged_q3,cog_75_cyb_25,forensic,640,0.2906,0.2344,0.5772,0.9563,0.2219,0.0547,0.3516,1.5953,0.049,primitive_gap
base,damaged_q3,cog_75_cyb_25,generalist,640,0.3078,0.2234,0.6248,0.925,0.2234,0.0922,0.3969,1.2359,0.0444,none
base,damaged_q3,cog_75_cyb_25,math,640,0.2594,0.2047,0.563,0.8547,0.2016,0.0641,0.4016,1.725,0.013,primitive_gap
base,damaged_q3,cog_75_cyb_25,planning,640,0.3281,0.2469,0.6106,0.9031,0.2,0.0797,0.3187,1.4156,0.0747,primitive_gap
base,damaged_q3,cog_75_cyb_25,rhetoric,640,0.3078,0.2281,0.6021,0.9281,0.2406,0.0547,0.3984,1.4531,0.0405,primitive_gap
base,damaged_q3,cog_75_cyb_25,spatial,640,0.3594,0.2781,0.6054,0.8891,0.1984,0.0563,0.3,1.4375,0.1115,none
base,damaged_q3,cog_75_str_25,adversarial,640,0.3688,0.2625,0.6526,0.9234,0.2344,0.0453,0.3625,1.3516,0.0865,none
base,damaged_q3,cog_75_str_25,boundary,640,0.3937,0.275,0.6461,0.9172,0.2266,0.0609,0.4125,1.3,0.0968,none
base,damaged_q3,cog_75_str_25,coding,640,0.4328,0.3406,0.6651,0.8812,0.1703,0.0422,0.3406,1.2141,0.1931,none
base,damaged_q3,cog_75_str_25,epistemic,640,0.4688,0.3469,0.7143,0.9656,0.1812,0.0203,0.3766,0.8734,0.2146,none
base,damaged_q3,cog_75_str_25,forensic,640,0.3906,0.2984,0.6569,0.9375,0.1906,0.0484,0.3797,1.2234,0.14,none
base,damaged_q3,cog_75_str_25,generalist,640,0.4281,0.3422,0.7062,0.9594,0.1938,0.0406,0.3063,0.9563,0.2036,none
base,damaged_q3,cog_75_str_25,math,640,0.4016,0.325,0.6711,0.9016,0.1688,0.0437,0.3516,1.2797,0.1735,none
base,damaged_q3,cog_75_str_25,planning,640,0.5297,0.4141,0.7308,0.9547,0.1578,0.0328,0.3,0.9516,0.2886,none
base,damaged_q3,cog_75_str_25,rhetoric,640,0.4313,0.3156,0.6874,0.9219,0.1953,0.0328,0.3969,1.0797,0.1647,none
base,damaged_q3,cog_75_str_25,spatial,640,0.4484,0.3469,0.6822,0.925,0.1703,0.0297,0.3016,1.1234,0.2095,none
base,damaged_q3,cognitive_only,adversarial,640,0.1344,0.0906,0.4411,0.7719,0.2984,0.0516,0.4188,2.3312,-0.1593,primitive_gap
base,damaged_q3,cognitive_only,boundary,640,0.1406,0.0938,0.4373,0.7562,0.2797,0.0516,0.4031,2.2563,-0.1455,primitive_gap
base,damaged_q3,cognitive_only,coding,640,0.1562,0.125,0.468,0.7656,0.2375,0.0469,0.3344,2.0359,-0.0842,primitive_gap
base,damaged_q3,cognitive_only,epistemic,640,0.2453,0.1797,0.556,0.9078,0.2406,0.0453,0.4016,1.4594,-0.0067,primitive_gap
base,damaged_q3,cognitive_only,forensic,640,0.1953,0.1516,0.4587,0.7984,0.275,0.0453,0.4125,1.9672,-0.0714,primitive_gap
base,damaged_q3,cognitive_only,generalist,640,0.2094,0.1547,0.5373,0.8812,0.2578,0.0578,0.3969,1.5359,-0.0428,cascade
base,damaged_q3,cognitive_only,math,640,0.2062,0.1609,0.5094,0.8125,0.2141,0.0406,0.4062,2.0016,-0.044,primitive_gap
base,damaged_q3,cognitive_only,planning,640,0.2578,0.2172,0.536,0.8562,0.2547,0.0453,0.2812,1.7281,0.0228,primitive_gap
base,damaged_q3,cognitive_only,rhetoric,640,0.2391,0.1953,0.5374,0.8844,0.2453,0.0437,0.3906,1.7547,-0.006,primitive_gap
base,damaged_q3,cognitive_only,spatial,640,0.2703,0.2062,0.5207,0.8328,0.2266,0.0484,0.3234,1.7781,0.0138,primitive_gap
base,damaged_q3,cyb_25_str_75,adversarial,640,0.8375,0.6125,0.9194,0.9906,0.1391,0.0484,0.3031,0.075,0.5331,none
base,damaged_q3,cyb_25_str_75,boundary,640,0.85,0.5859,0.9225,0.9969,0.1281,0.05,0.3297,0.0719,0.5075,none
base,damaged_q3,cyb_25_str_75,coding,640,0.7484,0.5719,0.8574,0.8672,0.1266,0.0266,0.2328,0.2969,0.4951,none
base,damaged_q3,cyb_25_str_75,epistemic,640,0.6797,0.55,0.8256,0.85,0.1437,0.0109,0.2516,0.3656,0.4663,none
base,damaged_q3,cyb_25_str_75,forensic,640,0.7906,0.575,0.8747,0.9906,0.1391,0.0453,0.3172,0.3016,0.4838,none
base,damaged_q3,cyb_25_str_75,generalist,640,0.6141,0.4797,0.7837,0.7797,0.1297,0.0359,0.3,0.5031,0.3844,none
base,damaged_q3,cyb_25_str_75,math,640,0.6469,0.4906,0.7887,0.8078,0.1328,0.0234,0.3172,0.6,0.3907,none
base,damaged_q3,cyb_25_str_75,planning,640,0.7156,0.5281,0.8328,0.8453,0.15,0.0328,0.2891,0.3375,0.4366,none
base,damaged_q3,cyb_25_str_75,rhetoric,640,0.6078,0.4406,0.7755,0.7828,0.1547,0.0375,0.3547,0.5484,0.3309,none
base,damaged_q3,cyb_25_str_75,spatial,640,0.6672,0.5234,0.8016,0.8219,0.1469,0.025,0.2641,0.4922,0.4286,none
base,damaged_q3,cyb_40_str_60,adversarial,640,0.8266,0.6156,0.9145,0.9969,0.1391,0.0328,0.2703,0.1266,0.5394,none
base,damaged_q3,cyb_40_str_60,boundary,640,0.8453,0.5656,0.915,0.9891,0.1328,0.0453,0.3578,0.0875,0.4837,none
base,damaged_q3,cyb_40_str_60,coding,640,0.6578,0.4984,0.808,0.8609,0.125,0.0578,0.2359,0.5484,0.4031,none
base,damaged_q3,cyb_40_str_60,epistemic,640,0.6062,0.4688,0.7834,0.8344,0.1297,0.025,0.3266,0.5312,0.3722,none
base,damaged_q3,cyb_40_str_60,forensic,640,0.75,0.5719,0.8538,0.9906,0.1328,0.0531,0.2609,0.4141,0.4798,none
base,damaged_q3,cyb_40_str_60,generalist,640,0.5547,0.4531,0.7605,0.8109,0.1672,0.0641,0.2703,0.5938,0.3388,none
base,damaged_q3,cyb_40_str_60,math,640,0.5078,0.3891,0.715,0.8016,0.1437,0.0406,0.3375,0.9656,0.2625,none
base,damaged_q3,cyb_40_str_60,planning,640,0.6328,0.5188,0.772,0.7812,0.1594,0.0281,0.2422,0.5922,0.4163,none
base,damaged_q3,cyb_40_str_60,rhetoric,640,0.5531,0.4062,0.7471,0.8109,0.1672,0.0266,0.3219,0.7031,0.2899,none
base,damaged_q3,cyb_40_str_60,spatial,640,0.625,0.5,0.7594,0.8172,0.1281,0.0453,0.2281,0.7344,0.3975,none
base,damaged_q3,cyb_50_str_50,adversarial,640,0.7984,0.5484,0.9016,0.9906,0.1484,0.0469,0.3094,0.1562,0.462,none
base,damaged_q3,cyb_50_str_50,boundary,640,0.8266,0.5422,0.9092,0.9859,0.1359,0.0813,0.3453,0.1125,0.4519,none
base,damaged_q3,cyb_50_str_50,coding,640,0.5781,0.4703,0.7714,0.8531,0.1437,0.0531,0.25,0.6813,0.3625,none
base,damaged_q3,cyb_50_str_50,epistemic,640,0.5891,0.4266,0.7774,0.8156,0.1484,0.0531,0.3234,0.5109,0.32,none
base,damaged_q3,cyb_50_str_50,forensic,640,0.6875,0.5109,0.8246,0.9891,0.1578,0.0688,0.3063,0.5109,0.3998,none
base,damaged_q3,cyb_50_str_50,generalist,640,0.4906,0.3922,0.7346,0.8187,0.1766,0.0641,0.2891,0.6984,0.2684,none
base,damaged_q3,cyb_50_str_50,math,640,0.4984,0.3719,0.6931,0.7734,0.15,0.0297,0.3438,1.0344,0.2417,none
base,damaged_q3,cyb_50_str_50,planning,640,0.5891,0.4562,0.7536,0.7969,0.1328,0.0578,0.2562,0.7234,0.3482,none
base,damaged_q3,cyb_50_str_50,rhetoric,640,0.4828,0.3609,0.7022,0.7859,0.175,0.0563,0.3156,0.8891,0.2275,none
base,damaged_q3,cyb_50_str_50,spatial,640,0.5656,0.4391,0.7325,0.7953,0.1391,0.0578,0.2437,0.8187,0.3253,none
base,damaged_q3,cyb_60_str_40,adversarial,640,0.7781,0.5297,0.8882,0.9938,0.1484,0.075,0.3109,0.2281,0.4339,none
base,damaged_q3,cyb_60_str_40,boundary,640,0.8531,0.5547,0.9097,0.9938,0.1203,0.0672,0.3484,0.1469,0.4699,none
base,damaged_q3,cyb_60_str_40,coding,640,0.5422,0.4141,0.7355,0.8422,0.1844,0.0656,0.2344,0.7844,0.2877,none
base,damaged_q3,cyb_60_str_40,epistemic,640,0.4641,0.3688,0.7152,0.8219,0.1656,0.0391,0.3016,0.7594,0.2492,none
base,damaged_q3,cyb_60_str_40,forensic,640,0.65,0.4938,0.8022,0.9938,0.1656,0.0609,0.2859,0.6078,0.3786,none
base,damaged_q3,cyb_60_str_40,generalist,640,0.4484,0.3516,0.7021,0.7891,0.1656,0.0672,0.3219,0.8344,0.221,none
base,damaged_q3,cyb_60_str_40,math,640,0.3563,0.2875,0.6187,0.7516,0.1703,0.0531,0.3516,1.3813,0.1286,none
base,damaged_q3,cyb_60_str_40,planning,640,0.5266,0.4266,0.7069,0.7656,0.1484,0.0578,0.2562,0.8766,0.3061,none
base,damaged_q3,cyb_60_str_40,rhetoric,640,0.4672,0.3594,0.6834,0.7828,0.1719,0.0453,0.3203,1.0016,0.223,none
base,damaged_q3,cyb_60_str_40,spatial,640,0.4594,0.3609,0.6602,0.7688,0.1812,0.0734,0.2391,1.0922,0.2181,none
base,damaged_q3,cyb_75_str_25,adversarial,640,0.7594,0.4906,0.8751,0.9844,0.1469,0.0813,0.2938,0.2922,0.3922,none
base,damaged_q3,cyb_75_str_25,boundary,640,0.8078,0.5281,0.8957,0.9891,0.1516,0.0906,0.3531,0.1609,0.4282,none
base,damaged_q3,cyb_75_str_25,coding,640,0.4469,0.3328,0.6774,0.8313,0.1719,0.0766,0.2812,1.0844,0.1892,none
base,damaged_q3,cyb_75_str_25,epistemic,640,0.3953,0.2938,0.6655,0.7953,0.1797,0.0703,0.3297,0.9281,0.153,none
base,damaged_q3,cyb_75_str_25,forensic,640,0.5875,0.425,0.7613,0.9781,0.1812,0.0813,0.2922,0.7688,0.2926,none
base,damaged_q3,cyb_75_str_25,generalist,640,0.3328,0.2391,0.6333,0.7562,0.1703,0.0813,0.3531,1.0969,0.0886,none
base,damaged_q3,cyb_75_str_25,math,640,0.2812,0.2188,0.5791,0.7484,0.1562,0.0484,0.3328,1.6109,0.055,primitive_gap
base,damaged_q3,cyb_75_str_25,planning,640,0.4188,0.3406,0.6523,0.7844,0.1734,0.0719,0.2734,1.1313,0.1958,none
base,damaged_q3,cyb_75_str_25,rhetoric,640,0.3875,0.2844,0.64,0.7984,0.1703,0.0703,0.3531,1.2078,0.1306,none
base,damaged_q3,cyb_75_str_25,spatial,640,0.3656,0.2828,0.6141,0.7844,0.2047,0.0641,0.2641,1.2844,0.1233,none
base,damaged_q3,cyber_only,adversarial,640,0.4797,0.35,0.7273,0.9875,0.1641,0.0781,0.3594,1.0844,0.2022,none
base,damaged_q3,cyber_only,boundary,640,0.6062,0.4109,0.7827,0.9953,0.1891,0.1203,0.3922,0.7172,0.2629,none
base,damaged_q3,cyber_only,coding,640,0.1875,0.15,0.4931,0.7578,0.2453,0.0734,0.2797,1.8656,-0.0539,primitive_gap
base,damaged_q3,cyber_only,epistemic,640,0.1797,0.1234,0.472,0.7109,0.2594,0.0672,0.3922,1.6187,-0.0801,cascade
base,damaged_q3,cyber_only,forensic,640,0.3375,0.2469,0.6159,0.9906,0.2062,0.0828,0.3391,1.4344,0.0696,primitive_gap
base,damaged_q3,cyber_only,generalist,640,0.2016,0.1406,0.4879,0.6984,0.2328,0.0844,0.3859,1.6875,-0.0613,cascade
base,damaged_q3,cyber_only,math,640,0.1562,0.1266,0.439,0.6625,0.2141,0.0625,0.375,2.2469,-0.0925,primitive_gap
base,damaged_q3,cyber_only,planning,640,0.1922,0.1437,0.465,0.6813,0.2219,0.0734,0.2906,1.9234,-0.0569,primitive_gap
base,damaged_q3,cyber_only,rhetoric,640,0.1812,0.1391,0.4746,0.7188,0.2359,0.0734,0.3594,1.9406,-0.0722,primitive_gap
base,damaged_q3,cyber_only,spatial,640,0.1844,0.1422,0.4444,0.6766,0.2141,0.0844,0.3,2.0438,-0.0651,primitive_gap
base,damaged_q3,structural_only,adversarial,640,0.75,0.5453,0.8569,0.9406,0.1219,0.0172,0.3406,0.4172,0.4572,none
base,damaged_q3,structural_only,boundary,640,0.7453,0.5188,0.8446,0.9219,0.1516,0.025,0.3703,0.3703,0.4201,none
base,damaged_q3,structural_only,coding,640,0.6703,0.4984,0.7929,0.8094,0.125,0.0187,0.3,0.5531,0.4055,none
base,damaged_q3,structural_only,epistemic,640,0.5734,0.4578,0.7588,0.775,0.1484,0.0,0.3297,0.5703,0.3584,none
base,damaged_q3,structural_only,forensic,640,0.625,0.5031,0.7897,0.925,0.1734,0.0266,0.2875,0.6094,0.3923,none
base,damaged_q3,structural_only,generalist,640,0.5813,0.4688,0.754,0.7688,0.1594,0.0109,0.3063,0.5813,0.3652,none
base,damaged_q3,structural_only,math,640,0.5969,0.4437,0.7639,0.8016,0.1328,0.0141,0.3781,0.7,0.3358,none
base,damaged_q3,structural_only,planning,640,0.6703,0.5156,0.7974,0.8266,0.1453,0.0219,0.2984,0.5188,0.4178,none
base,damaged_q3,structural_only,rhetoric,640,0.5391,0.4234,0.7258,0.7688,0.1859,0.0109,0.3531,0.7344,0.3005,none
base,damaged_q3,structural_only,spatial,640,0.6016,0.4703,0.7624,0.7766,0.1609,0.0172,0.2828,0.6,0.366,none
base,damaged_q3,tri_boundary_heavy,adversarial,640,0.8187,0.5766,0.9146,0.9828,0.1578,0.0703,0.2969,0.0625,0.4883,none
base,damaged_q3,tri_boundary_heavy,boundary,640,0.8391,0.5312,0.9158,0.9922,0.1406,0.0828,0.3656,0.0641,0.44,none
base,damaged_q3,tri_boundary_heavy,coding,640,0.8016,0.6047,0.8841,0.9359,0.1109,0.0703,0.2391,0.2578,0.5253,none
base,damaged_q3,tri_boundary_heavy,epistemic,640,0.7828,0.5594,0.8837,0.9406,0.1016,0.0609,0.3297,0.2297,0.4789,none
base,damaged_q3,tri_boundary_heavy,forensic,640,0.8359,0.5906,0.8976,0.9938,0.1125,0.0484,0.3125,0.2344,0.5105,none
base,damaged_q3,tri_boundary_heavy,generalist,640,0.7141,0.5219,0.8442,0.8875,0.1375,0.0547,0.3328,0.3078,0.4277,none
base,damaged_q3,tri_boundary_heavy,math,640,0.6859,0.475,0.8145,0.8891,0.125,0.0609,0.3625,0.5516,0.3687,none
base,damaged_q3,tri_boundary_heavy,planning,640,0.8016,0.6328,0.8869,0.9406,0.1266,0.0391,0.2422,0.2219,0.5566,none
base,damaged_q3,tri_boundary_heavy,rhetoric,640,0.75,0.5422,0.8519,0.9281,0.1422,0.0531,0.3094,0.35,0.4467,none
base,damaged_q3,tri_boundary_heavy,spatial,640,0.75,0.5594,0.8471,0.8969,0.1203,0.0359,0.2781,0.3859,0.4745,none
base,damaged_q3,tri_cognitive_bridge,adversarial,640,0.8156,0.55,0.9112,0.9906,0.1516,0.0578,0.3328,0.0906,0.4618,none
base,damaged_q3,tri_cognitive_bridge,boundary,640,0.8313,0.5531,0.9119,0.9938,0.1531,0.0641,0.325,0.0828,0.4642,none
base,damaged_q3,tri_cognitive_bridge,coding,640,0.8047,0.5938,0.8935,0.9609,0.1156,0.0609,0.2687,0.2172,0.5145,none
base,damaged_q3,tri_cognitive_bridge,epistemic,640,0.7875,0.5547,0.8966,0.9828,0.1141,0.0391,0.3625,0.1844,0.4744,none
base,damaged_q3,tri_cognitive_bridge,forensic,640,0.7625,0.5406,0.8656,0.9922,0.1375,0.0469,0.3688,0.3344,0.4438,none
base,damaged_q3,tri_cognitive_bridge,generalist,640,0.7719,0.5563,0.8762,0.9547,0.1187,0.0672,0.3281,0.2547,0.4682,none
base,damaged_q3,tri_cognitive_bridge,math,640,0.7812,0.5453,0.8687,0.95,0.1156,0.0422,0.3312,0.3609,0.4576,none
base,damaged_q3,tri_cognitive_bridge,planning,640,0.8109,0.5906,0.8945,0.9578,0.1328,0.05,0.2781,0.1781,0.5096,none
base,damaged_q3,tri_cognitive_bridge,rhetoric,640,0.7891,0.5437,0.8688,0.9594,0.1219,0.0484,0.3484,0.3172,0.4538,none
base,damaged_q3,tri_cognitive_bridge,spatial,640,0.7953,0.5953,0.8832,0.9797,0.1234,0.0531,0.2656,0.2859,0.5121,none
base,damaged_q3,tri_cognitive_heavy,adversarial,640,0.7281,0.4984,0.8603,0.9828,0.1391,0.0547,0.3422,0.4,0.3984,none
base,damaged_q3,tri_cognitive_heavy,boundary,640,0.8,0.5203,0.8742,0.9891,0.1375,0.0797,0.3766,0.3094,0.4175,none
base,damaged_q3,tri_cognitive_heavy,coding,640,0.6687,0.4813,0.8205,0.9391,0.1422,0.0594,0.2781,0.5297,0.378,none
base,damaged_q3,tri_cognitive_heavy,epistemic,640,0.7109,0.5266,0.86,0.9922,0.1359,0.0344,0.3203,0.3359,0.4365,none
base,damaged_q3,tri_cognitive_heavy,forensic,640,0.6531,0.4734,0.8021,0.9812,0.1516,0.0734,0.3688,0.6109,0.3532,none
base,damaged_q3,tri_cognitive_heavy,generalist,640,0.7109,0.4984,0.8473,0.9641,0.1266,0.0688,0.3781,0.3734,0.3978,none
base,damaged_q3,tri_cognitive_heavy,math,640,0.6484,0.4594,0.7987,0.9344,0.1187,0.0406,0.3594,0.7172,0.351,none
base,damaged_q3,tri_cognitive_heavy,planning,640,0.7891,0.6219,0.873,0.9766,0.1266,0.0437,0.2641,0.3391,0.5371,none
base,damaged_q3,tri_cognitive_heavy,rhetoric,640,0.6859,0.4938,0.8277,0.9781,0.1484,0.0563,0.3438,0.5125,0.3848,none
base,damaged_q3,tri_cognitive_heavy,spatial,640,0.7219,0.5344,0.8393,0.9594,0.1234,0.0625,0.2687,0.4766,0.4395,none
base,damaged_q3,tri_cyber_heavy,adversarial,640,0.8344,0.5687,0.9186,0.9891,0.1453,0.0969,0.2969,0.0688,0.4786,none
base,damaged_q3,tri_cyber_heavy,boundary,640,0.8484,0.5156,0.9139,0.9828,0.1297,0.1109,0.375,0.075,0.4208,none
base,damaged_q3,tri_cyber_heavy,coding,640,0.6875,0.5188,0.8228,0.9125,0.1375,0.0922,0.2562,0.4844,0.4143,none
base,damaged_q3,tri_cyber_heavy,epistemic,640,0.6516,0.4813,0.8212,0.8922,0.1594,0.0563,0.2859,0.3859,0.38,none
base,damaged_q3,tri_cyber_heavy,forensic,640,0.7516,0.5062,0.8637,0.9938,0.1672,0.0797,0.3391,0.3031,0.3979,none
base,damaged_q3,tri_cyber_heavy,generalist,640,0.6234,0.4453,0.8001,0.8516,0.15,0.0828,0.3187,0.4578,0.3354,none
base,damaged_q3,tri_cyber_heavy,math,640,0.5734,0.4109,0.7585,0.8328,0.1281,0.0703,0.3297,0.8,0.2921,none
base,damaged_q3,tri_cyber_heavy,planning,640,0.6844,0.5109,0.8083,0.8391,0.1281,0.0859,0.2516,0.5078,0.4098,none
base,damaged_q3,tri_cyber_heavy,rhetoric,640,0.6078,0.4422,0.7838,0.8484,0.1359,0.0719,0.3312,0.6,0.3305,none
base,damaged_q3,tri_cyber_heavy,spatial,640,0.6234,0.4516,0.7768,0.8516,0.1453,0.0703,0.2641,0.6422,0.3407,none
base,damaged_q3,tri_equal_routed,adversarial,640,0.8234,0.5516,0.9046,0.9875,0.1391,0.0719,0.3422,0.1453,0.4608,none
base,damaged_q3,tri_equal_routed,boundary,640,0.8578,0.55,0.9174,0.9953,0.1219,0.0672,0.3859,0.0891,0.4647,none
base,damaged_q3,tri_equal_routed,coding,640,0.7031,0.5422,0.8368,0.9344,0.1281,0.0547,0.2703,0.4609,0.4481,none
base,damaged_q3,tri_equal_routed,epistemic,640,0.7234,0.525,0.8582,0.95,0.1156,0.0625,0.3219,0.3297,0.4356,none
base,damaged_q3,tri_equal_routed,forensic,640,0.7656,0.5766,0.8563,0.9922,0.1328,0.0625,0.2859,0.4141,0.4806,none
base,damaged_q3,tri_equal_routed,generalist,640,0.6719,0.4781,0.83,0.9219,0.1422,0.0719,0.3438,0.4,0.3736,none
base,damaged_q3,tri_equal_routed,math,640,0.6234,0.4359,0.7685,0.8812,0.1406,0.0734,0.3734,0.7703,0.3107,none
base,damaged_q3,tri_equal_routed,planning,640,0.7438,0.5484,0.8479,0.9453,0.1172,0.0609,0.2875,0.4344,0.4564,none
base,damaged_q3,tri_equal_routed,rhetoric,640,0.6703,0.4984,0.8149,0.9375,0.1406,0.0547,0.3297,0.5344,0.3922,none
base,damaged_q3,tri_equal_routed,spatial,640,0.6937,0.5203,0.8199,0.9234,0.125,0.0484,0.2578,0.5391,0.4255,none
base,damaged_q3,tri_naive_equal_all_fire,adversarial,640,0.8281,0.3969,0.8894,0.9938,0.125,0.3453,0.3828,0.0578,0.2568,none
base,damaged_q3,tri_naive_equal_all_fire,boundary,640,0.8391,0.3969,0.8866,0.9906,0.1297,0.3312,0.4203,0.0547,0.2554,none
base,damaged_q3,tri_naive_equal_all_fire,coding,640,0.7875,0.3844,0.8653,0.9422,0.1187,0.3187,0.3609,0.1578,0.2482,none
base,damaged_q3,tri_naive_equal_all_fire,epistemic,640,0.7922,0.4219,0.8736,0.9797,0.1453,0.2828,0.3797,0.1297,0.2849,none
base,damaged_q3,tri_naive_equal_all_fire,forensic,640,0.7859,0.3453,0.8678,0.9875,0.1219,0.3422,0.4234,0.1812,0.1974,none
base,damaged_q3,tri_naive_equal_all_fire,generalist,640,0.7328,0.3703,0.8442,0.9469,0.15,0.325,0.4,0.1859,0.219,none
base,damaged_q3,tri_naive_equal_all_fire,math,640,0.6969,0.3547,0.8156,0.9,0.1219,0.3047,0.4203,0.425,0.2023,none
base,damaged_q3,tri_naive_equal_all_fire,planning,640,0.7766,0.4094,0.8713,0.9531,0.1453,0.3031,0.2969,0.1203,0.2754,none
base,damaged_q3,tri_naive_equal_all_fire,rhetoric,640,0.7625,0.3828,0.8573,0.9563,0.1297,0.3219,0.4188,0.2047,0.2358,none
base,damaged_q3,tri_naive_equal_all_fire,spatial,640,0.7406,0.3859,0.8516,0.9344,0.1406,0.3187,0.3219,0.2234,0.2431,none
base,damaged_q3,tri_naive_structural_heavy_all_fire,adversarial,640,0.8484,0.4266,0.8995,0.9906,0.1141,0.3031,0.35,0.0563,0.3009,none
base,damaged_q3,tri_naive_structural_heavy_all_fire,boundary,640,0.8156,0.3703,0.8832,0.9812,0.1484,0.3453,0.3609,0.0516,0.2253,none
base,damaged_q3,tri_naive_structural_heavy_all_fire,coding,640,0.8656,0.4453,0.9022,0.9625,0.0984,0.3078,0.3156,0.0422,0.3269,none
base,damaged_q3,tri_naive_structural_heavy_all_fire,epistemic,640,0.8531,0.4281,0.9043,0.9906,0.1016,0.2984,0.3547,0.0563,0.3068,none
base,damaged_q3,tri_naive_structural_heavy_all_fire,forensic,640,0.8516,0.4656,0.9053,0.9938,0.1219,0.2875,0.3109,0.05,0.3442,none
base,damaged_q3,tri_naive_structural_heavy_all_fire,generalist,640,0.8047,0.4266,0.8875,0.95,0.1156,0.2891,0.35,0.0641,0.3029,none
base,damaged_q3,tri_naive_structural_heavy_all_fire,math,640,0.8422,0.4359,0.8935,0.9437,0.1156,0.3063,0.3594,0.0516,0.3087,none
base,damaged_q3,tri_naive_structural_heavy_all_fire,planning,640,0.8375,0.4375,0.8954,0.9703,0.1266,0.3187,0.2687,0.0484,0.3119,none
base,damaged_q3,tri_naive_structural_heavy_all_fire,rhetoric,640,0.8484,0.4703,0.9023,0.9594,0.1156,0.2578,0.3344,0.0469,0.355,none
base,damaged_q3,tri_naive_structural_heavy_all_fire,spatial,640,0.8469,0.4531,0.9041,0.9672,0.1172,0.2797,0.2844,0.05,0.3368,none
base,damaged_q3,tri_structural_heavy_55,adversarial,640,0.8469,0.6062,0.9234,0.9953,0.1328,0.0531,0.3281,0.0547,0.5268,none
base,damaged_q3,tri_structural_heavy_55,boundary,640,0.8469,0.55,0.9173,0.9922,0.1437,0.0641,0.3812,0.0484,0.4611,none
base,damaged_q3,tri_structural_heavy_55,coding,640,0.8328,0.5828,0.9085,0.9641,0.125,0.0719,0.2938,0.1203,0.5014,none
base,damaged_q3,tri_structural_heavy_55,epistemic,640,0.8438,0.5641,0.9149,0.9891,0.1125,0.0359,0.3656,0.1078,0.4885,none
base,damaged_q3,tri_structural_heavy_55,forensic,640,0.8422,0.5922,0.9072,0.9922,0.1125,0.0453,0.325,0.1719,0.5148,none
base,damaged_q3,tri_structural_heavy_55,generalist,640,0.8156,0.5844,0.9018,0.95,0.1141,0.0531,0.2969,0.1469,0.5084,none
base,damaged_q3,tri_structural_heavy_55,math,640,0.8156,0.5844,0.8852,0.9422,0.1094,0.0328,0.3578,0.2516,0.5038,none
base,damaged_q3,tri_structural_heavy_55,planning,640,0.8469,0.6328,0.9189,0.9609,0.1125,0.0641,0.2313,0.1062,0.5624,none
base,damaged_q3,tri_structural_heavy_55,rhetoric,640,0.8187,0.5813,0.8946,0.9516,0.1203,0.0391,0.3297,0.1828,0.5018,none
base,damaged_q3,tri_structural_heavy_55,spatial,640,0.8109,0.5891,0.8979,0.9609,0.1281,0.0484,0.2812,0.175,0.5097,none
base,damaged_q3,tri_structural_heavy_60,adversarial,640,0.8516,0.5984,0.9246,0.9938,0.1313,0.0563,0.3,0.0609,0.5208,none
base,damaged_q3,tri_structural_heavy_60,boundary,640,0.8438,0.5516,0.9202,0.9922,0.1437,0.0625,0.3484,0.0453,0.4658,none
base,damaged_q3,tri_structural_heavy_60,coding,640,0.8516,0.6484,0.9178,0.9422,0.0953,0.0375,0.2594,0.1094,0.5861,none
base,damaged_q3,tri_structural_heavy_60,epistemic,640,0.8266,0.5813,0.9122,0.9781,0.1391,0.0312,0.3203,0.0813,0.5036,none
base,damaged_q3,tri_structural_heavy_60,forensic,640,0.8328,0.5703,0.9087,0.9875,0.1344,0.0469,0.3172,0.1297,0.4888,none
base,damaged_q3,tri_structural_heavy_60,generalist,640,0.7969,0.55,0.8878,0.9422,0.1344,0.0437,0.3469,0.1562,0.4654,none
base,damaged_q3,tri_structural_heavy_60,math,640,0.8078,0.5563,0.8912,0.9297,0.1047,0.0234,0.3453,0.2141,0.4818,none
base,damaged_q3,tri_structural_heavy_60,planning,640,0.8375,0.6312,0.9176,0.9453,0.1094,0.0359,0.2484,0.0938,0.5667,none
base,damaged_q3,tri_structural_heavy_60,rhetoric,640,0.8297,0.5828,0.9027,0.9453,0.1172,0.0375,0.3266,0.1391,0.5071,none
base,damaged_q3,tri_structural_heavy_60,spatial,640,0.8422,0.6391,0.9108,0.9516,0.1094,0.0469,0.2281,0.1484,0.5712,none
base,damaged_q3,tri_structural_heavy_65,adversarial,640,0.8625,0.5891,0.9263,0.9844,0.1187,0.0625,0.3234,0.0563,0.5123,none
base,damaged_q3,tri_structural_heavy_65,boundary,640,0.8578,0.6,0.9281,0.9922,0.1203,0.0547,0.3297,0.0484,0.5242,none
base,damaged_q3,tri_structural_heavy_65,coding,640,0.8766,0.6125,0.9269,0.9594,0.0875,0.0594,0.2781,0.0844,0.5479,none
base,damaged_q3,tri_structural_heavy_65,epistemic,640,0.8812,0.6156,0.9289,0.9656,0.0828,0.025,0.3469,0.0641,0.5548,none
base,damaged_q3,tri_structural_heavy_65,forensic,640,0.8469,0.6062,0.9173,0.9891,0.1219,0.0594,0.3016,0.1094,0.5282,none
base,damaged_q3,tri_structural_heavy_65,generalist,640,0.8266,0.5859,0.9063,0.9313,0.1125,0.0531,0.3172,0.1016,0.5111,none
base,damaged_q3,tri_structural_heavy_65,math,640,0.8328,0.5766,0.9043,0.9453,0.1109,0.0422,0.3375,0.15,0.5003,none
base,damaged_q3,tri_structural_heavy_65,planning,640,0.8828,0.6312,0.9276,0.9563,0.0859,0.0437,0.2859,0.0734,0.5702,none
base,damaged_q3,tri_structural_heavy_65,rhetoric,640,0.8469,0.6078,0.9117,0.9484,0.1031,0.0437,0.3281,0.1187,0.5359,none
base,damaged_q3,tri_structural_heavy_65,spatial,640,0.8438,0.6266,0.917,0.9469,0.1078,0.0391,0.2453,0.1094,0.5613,none
base,damaged_q4,baseline,adversarial,640,0.1391,0.125,0.4228,0.6047,0.2078,0.0094,0.3312,2.4344,-0.0874,classification_miss
base,damaged_q4,baseline,boundary,640,0.1406,0.1016,0.4383,0.6828,0.1672,0.0219,0.3766,2.2891,-0.0975,primitive_gap
base,damaged_q4,baseline,coding,640,0.1594,0.1328,0.4635,0.6594,0.1781,0.0172,0.2578,2.0609,-0.0477,primitive_gap
base,damaged_q4,baseline,epistemic,640,0.1703,0.1375,0.4457,0.6484,0.2094,0.0,0.3312,1.8109,-0.0424,classification_miss
base,damaged_q4,baseline,forensic,640,0.1844,0.1656,0.4414,0.6484,0.1906,0.0187,0.2828,2.0562,-0.0208,primitive_gap
base,damaged_q4,baseline,generalist,640,0.1266,0.1109,0.4328,0.6484,0.2016,0.0141,0.3312,1.9547,-0.0766,primitive_gap
base,damaged_q4,baseline,math,640,0.2031,0.1703,0.4831,0.6609,0.1719,0.0063,0.3187,2.0453,-0.0103,primitive_gap
base,damaged_q4,baseline,planning,640,0.1609,0.1313,0.4249,0.6125,0.2141,0.0063,0.2812,2.075,-0.0605,classification_miss
base,damaged_q4,baseline,rhetoric,640,0.1469,0.1219,0.4382,0.6672,0.1938,0.0047,0.2953,2.1547,-0.0685,primitive_gap
base,damaged_q4,baseline,spatial,640,0.2078,0.1859,0.4719,0.6781,0.1672,0.0078,0.2375,1.9688,0.0168,primitive_gap
base,damaged_q4,cog_25_cyb_75,adversarial,640,0.7734,0.5469,0.8844,0.9828,0.1344,0.0938,0.2828,0.2531,0.4525,none
base,damaged_q4,cog_25_cyb_75,boundary,640,0.875,0.6,0.922,0.9812,0.0828,0.1031,0.275,0.1516,0.525,none
base,damaged_q4,cog_25_cyb_75,coding,640,0.6172,0.4859,0.7856,0.9469,0.1062,0.0875,0.2344,0.7734,0.3791,none
base,damaged_q4,cog_25_cyb_75,epistemic,640,0.5953,0.4375,0.7846,0.9391,0.1219,0.0703,0.3,0.6422,0.3308,none
base,damaged_q4,cog_25_cyb_75,forensic,640,0.6734,0.5016,0.8124,0.9906,0.1406,0.1,0.2406,0.6078,0.3897,none
base,damaged_q4,cog_25_cyb_75,generalist,640,0.5484,0.4,0.7788,0.9125,0.1219,0.1078,0.275,0.6641,0.2867,none
base,damaged_q4,cog_25_cyb_75,math,640,0.4125,0.3219,0.6778,0.8547,0.1313,0.0859,0.3094,1.2422,0.1785,none
base,damaged_q4,cog_25_cyb_75,planning,640,0.5953,0.4547,0.7612,0.8969,0.1422,0.0859,0.2687,0.7422,0.3362,none
base,damaged_q4,cog_25_cyb_75,rhetoric,640,0.5859,0.425,0.7623,0.9422,0.1281,0.0703,0.2938,0.8281,0.3076,none
base,damaged_q4,cog_25_cyb_75,spatial,640,0.5188,0.3984,0.7095,0.8703,0.1375,0.1,0.2203,1.0172,0.2687,none
base,damaged_q4,cog_25_str_75,adversarial,640,0.9187,0.7141,0.949,0.9859,0.0672,0.025,0.2313,0.0578,0.6675,none
base,damaged_q4,cog_25_str_75,boundary,640,0.8781,0.6844,0.939,0.9938,0.1062,0.0203,0.2344,0.05,0.6272,none
base,damaged_q4,cog_25_str_75,coding,640,0.9031,0.6797,0.9418,0.9859,0.075,0.0234,0.25,0.0719,0.6289,none
base,damaged_q4,cog_25_str_75,epistemic,640,0.8672,0.6656,0.9362,0.9922,0.1031,0.0047,0.2594,0.0531,0.6103,none
base,damaged_q4,cog_25_str_75,forensic,640,0.8875,0.6891,0.9388,0.9938,0.0984,0.0187,0.2281,0.0672,0.6342,none
base,damaged_q4,cog_25_str_75,generalist,640,0.9109,0.6766,0.9464,0.9797,0.0625,0.0203,0.2781,0.0453,0.6292,none
base,damaged_q4,cog_25_str_75,math,640,0.9031,0.6578,0.9438,0.9906,0.0656,0.0234,0.2781,0.0734,0.6075,none
base,damaged_q4,cog_25_str_75,planning,640,0.9141,0.7094,0.9533,0.9906,0.075,0.0156,0.2219,0.0266,0.6647,none
base,damaged_q4,cog_25_str_75,rhetoric,640,0.8906,0.6656,0.9411,0.9875,0.0922,0.0156,0.2828,0.0375,0.6103,none
base,damaged_q4,cog_25_str_75,spatial,640,0.8938,0.7031,0.9436,0.9938,0.0938,0.0281,0.2125,0.0547,0.6496,none
base,damaged_q4,cog_40_cyb_60,adversarial,640,0.7562,0.5094,0.8702,0.9781,0.1266,0.1062,0.3016,0.3453,0.4088,none
base,damaged_q4,cog_40_cyb_60,boundary,640,0.8438,0.5828,0.9099,0.9938,0.1016,0.0734,0.3078,0.1906,0.5035,none
base,damaged_q4,cog_40_cyb_60,coding,640,0.5625,0.4375,0.7645,0.9359,0.1109,0.0844,0.2125,0.8656,0.3271,none
base,damaged_q4,cog_40_cyb_60,epistemic,640,0.6047,0.4609,0.8027,0.9766,0.1047,0.0578,0.2875,0.6172,0.3641,none
base,damaged_q4,cog_40_cyb_60,forensic,640,0.6578,0.4828,0.8067,0.9922,0.1156,0.0875,0.2703,0.6625,0.3759,none
base,damaged_q4,cog_40_cyb_60,generalist,640,0.575,0.4359,0.7829,0.9391,0.1219,0.0781,0.2672,0.6828,0.3282,none
base,damaged_q4,cog_40_cyb_60,math,640,0.4813,0.3859,0.7077,0.8703,0.1125,0.0594,0.3016,1.1547,0.2585,none
base,damaged_q4,cog_40_cyb_60,planning,640,0.6297,0.4797,0.7731,0.9406,0.1406,0.0734,0.2578,0.75,0.3647,none
base,damaged_q4,cog_40_cyb_60,rhetoric,640,0.5844,0.4437,0.7784,0.9578,0.125,0.0828,0.2687,0.7859,0.3289,none
base,damaged_q4,cog_40_cyb_60,spatial,640,0.5813,0.4547,0.7515,0.9359,0.1219,0.0859,0.2281,0.8859,0.3384,none
base,damaged_q4,cog_40_str_60,adversarial,640,0.8969,0.6844,0.9397,0.9891,0.0875,0.0234,0.2625,0.0656,0.6292,none
base,damaged_q4,cog_40_str_60,boundary,640,0.8625,0.6578,0.9294,0.9953,0.1234,0.0234,0.2812,0.0563,0.5908,none
base,damaged_q4,cog_40_str_60,coding,640,0.8891,0.6687,0.9356,0.9859,0.0891,0.0312,0.2641,0.0734,0.611,none
base,damaged_q4,cog_40_str_60,epistemic,640,0.8859,0.6719,0.9426,0.9906,0.0828,0.0141,0.2734,0.0469,0.62,none
base,damaged_q4,cog_40_str_60,forensic,640,0.8922,0.6703,0.9338,0.9859,0.075,0.0344,0.2594,0.1094,0.6147,none
base,damaged_q4,cog_40_str_60,generalist,640,0.8859,0.6547,0.9388,0.9953,0.0844,0.0359,0.2734,0.0641,0.5971,none
base,damaged_q4,cog_40_str_60,math,640,0.8672,0.6312,0.9224,0.9906,0.1,0.0125,0.3031,0.1281,0.5681,none
base,damaged_q4,cog_40_str_60,planning,640,0.9078,0.7328,0.952,0.9922,0.0734,0.0281,0.1938,0.0453,0.6874,none
base,damaged_q4,cog_40_str_60,rhetoric,640,0.8844,0.6547,0.9319,0.9953,0.0906,0.0203,0.2922,0.0969,0.5952,none
base,damaged_q4,cog_40_str_60,spatial,640,0.8891,0.6734,0.9418,0.9906,0.0969,0.0437,0.2281,0.0516,0.6148,none
base,damaged_q4,cog_50_cyb_50,adversarial,640,0.7578,0.5609,0.8696,0.9906,0.1156,0.0672,0.2609,0.4188,0.471,none
base,damaged_q4,cog_50_cyb_50,boundary,640,0.8078,0.575,0.8893,0.9906,0.1281,0.0922,0.275,0.2734,0.4825,none
base,damaged_q4,cog_50_cyb_50,coding,640,0.5734,0.4469,0.7719,0.9406,0.1016,0.0891,0.2625,0.8391,0.3356,none
base,damaged_q4,cog_50_cyb_50,epistemic,640,0.6125,0.4875,0.8093,0.9859,0.0953,0.05,0.2812,0.6078,0.396,none
base,damaged_q4,cog_50_cyb_50,forensic,640,0.65,0.4922,0.7951,0.9906,0.1375,0.0797,0.2422,0.7172,0.3798,none
base,damaged_q4,cog_50_cyb_50,generalist,640,0.5906,0.4453,0.7996,0.9656,0.1187,0.0563,0.2922,0.6297,0.3436,none
base,damaged_q4,cog_50_cyb_50,math,640,0.4672,0.3563,0.7157,0.9187,0.1234,0.0656,0.3156,1.1281,0.2244,none
base,damaged_q4,cog_50_cyb_50,planning,640,0.6484,0.4906,0.7948,0.9563,0.1203,0.0719,0.2266,0.6984,0.3871,none
base,damaged_q4,cog_50_cyb_50,rhetoric,640,0.6016,0.4422,0.7849,0.9766,0.1156,0.0734,0.2859,0.7875,0.3306,none
base,damaged_q4,cog_50_cyb_50,spatial,640,0.5328,0.4156,0.7476,0.9437,0.1281,0.0875,0.2562,0.8953,0.2944,none
base,damaged_q4,cog_50_str_50,adversarial,640,0.8797,0.65,0.9274,0.9875,0.0938,0.0391,0.2953,0.1141,0.5847,none
base,damaged_q4,cog_50_str_50,boundary,640,0.8641,0.6172,0.9226,0.9812,0.1047,0.0406,0.3125,0.1016,0.5476,none
base,damaged_q4,cog_50_str_50,coding,640,0.8797,0.6703,0.9232,0.9875,0.0922,0.0437,0.2375,0.1453,0.6076,none
base,damaged_q4,cog_50_str_50,epistemic,640,0.8531,0.6344,0.9238,0.9875,0.1,0.0234,0.2687,0.1078,0.5728,none
base,damaged_q4,cog_50_str_50,forensic,640,0.8516,0.6562,0.9121,0.9906,0.0953,0.0328,0.2625,0.1984,0.5902,none
base,damaged_q4,cog_50_str_50,generalist,640,0.8719,0.6391,0.9289,0.9922,0.0906,0.0453,0.2891,0.0969,0.5748,none
base,damaged_q4,cog_50_str_50,math,640,0.8484,0.6125,0.9129,0.9828,0.075,0.0297,0.3156,0.2172,0.548,none
base,damaged_q4,cog_50_str_50,planning,640,0.8781,0.6594,0.9341,0.9922,0.1016,0.0359,0.2391,0.0734,0.5989,none
base,damaged_q4,cog_50_str_50,rhetoric,640,0.875,0.6375,0.9252,0.9953,0.0797,0.025,0.3047,0.1453,0.577,none
base,damaged_q4,cog_50_str_50,spatial,640,0.8703,0.6641,0.9284,0.9891,0.0938,0.0297,0.2297,0.1219,0.6055,none
base,damaged_q4,cog_60_cyb_40,adversarial,640,0.7,0.5141,0.8375,0.9953,0.1219,0.0734,0.2766,0.5891,0.4112,none
base,damaged_q4,cog_60_cyb_40,boundary,640,0.7375,0.5266,0.8585,0.9828,0.1313,0.0781,0.2859,0.425,0.4274,none
base,damaged_q4,cog_60_cyb_40,coding,640,0.5609,0.4203,0.7568,0.9484,0.1313,0.0875,0.2531,0.8828,0.299,none
base,damaged_q4,cog_60_cyb_40,epistemic,640,0.5828,0.4594,0.7951,0.9891,0.1172,0.0688,0.2703,0.6422,0.3567,none
base,damaged_q4,cog_60_cyb_40,forensic,640,0.5656,0.4234,0.7592,0.9844,0.1391,0.0641,0.3125,0.8406,0.3019,none
base,damaged_q4,cog_60_cyb_40,generalist,640,0.5984,0.4297,0.8038,0.9734,0.1094,0.0781,0.3016,0.6219,0.326,none
base,damaged_q4,cog_60_cyb_40,math,640,0.5359,0.4,0.7441,0.9344,0.1078,0.0688,0.3078,1.025,0.278,none
base,damaged_q4,cog_60_cyb_40,planning,640,0.6312,0.4813,0.786,0.9625,0.1156,0.0609,0.2437,0.7484,0.3775,none
base,damaged_q4,cog_60_cyb_40,rhetoric,640,0.6219,0.4656,0.7883,0.9859,0.1281,0.0547,0.2812,0.7562,0.3559,none
base,damaged_q4,cog_60_cyb_40,spatial,640,0.5953,0.4719,0.7746,0.9609,0.1109,0.0656,0.2359,0.8328,0.365,none
base,damaged_q4,cog_60_str_40,adversarial,640,0.8359,0.6109,0.9036,0.9922,0.0984,0.0484,0.2781,0.2641,0.5363,none
base,damaged_q4,cog_60_str_40,boundary,640,0.8562,0.6188,0.9074,0.9922,0.1016,0.0266,0.3031,0.2234,0.5475,none
base,damaged_q4,cog_60_str_40,coding,640,0.8187,0.6297,0.8945,0.9844,0.0844,0.0406,0.2562,0.2938,0.5611,none
base,damaged_q4,cog_60_str_40,epistemic,640,0.8688,0.6422,0.9231,0.9859,0.0688,0.0297,0.2922,0.15,0.5847,none
base,damaged_q4,cog_60_str_40,forensic,640,0.7859,0.6016,0.8731,0.9875,0.1047,0.0453,0.2453,0.3891,0.522,none
base,damaged_q4,cog_60_str_40,generalist,640,0.8328,0.6156,0.9113,0.9984,0.0813,0.0516,0.2812,0.2016,0.5484,none
base,damaged_q4,cog_60_str_40,math,640,0.8359,0.6297,0.8984,0.9797,0.0859,0.0359,0.2781,0.2922,0.5599,none
base,damaged_q4,cog_60_str_40,planning,640,0.8547,0.6484,0.917,0.9859,0.1031,0.0375,0.2391,0.1547,0.5831,none
base,damaged_q4,cog_60_str_40,rhetoric,640,0.85,0.6297,0.9047,0.9891,0.0906,0.0375,0.2969,0.2344,0.5595,none
base,damaged_q4,cog_60_str_40,spatial,640,0.8438,0.6656,0.9114,0.9891,0.0953,0.0312,0.2141,0.2156,0.6029,none
base,damaged_q4,cog_75_cyb_25,adversarial,640,0.6062,0.4422,0.801,0.9891,0.1344,0.0625,0.3016,0.7609,0.3272,none
base,damaged_q4,cog_75_cyb_25,boundary,640,0.6672,0.4609,0.8217,0.9953,0.1187,0.0891,0.3109,0.6406,0.3506,none
base,damaged_q4,cog_75_cyb_25,coding,640,0.5578,0.4219,0.7622,0.9781,0.1328,0.0734,0.2719,0.8859,0.3013,none
base,damaged_q4,cog_75_cyb_25,epistemic,640,0.5906,0.4641,0.7936,0.9844,0.1453,0.0469,0.2875,0.6078,0.3577,none
base,damaged_q4,cog_75_cyb_25,forensic,640,0.5578,0.4344,0.7566,0.9859,0.1234,0.0594,0.3047,0.8891,0.3166,none
base,damaged_q4,cog_75_cyb_25,generalist,640,0.6078,0.4547,0.8091,0.9922,0.1281,0.0766,0.2781,0.5969,0.3488,none
base,damaged_q4,cog_75_cyb_25,math,640,0.5078,0.3812,0.7452,0.9547,0.1141,0.0766,0.3172,1.0297,0.2549,none
base,damaged_q4,cog_75_cyb_25,planning,640,0.6453,0.5,0.8017,0.9828,0.1453,0.0641,0.2484,0.6594,0.3908,none
base,damaged_q4,cog_75_cyb_25,rhetoric,640,0.5922,0.4672,0.7737,0.9875,0.1328,0.0484,0.2828,0.8313,0.3535,none
base,damaged_q4,cog_75_cyb_25,spatial,640,0.6391,0.5109,0.7913,0.9797,0.1062,0.0641,0.2047,0.7734,0.4112,none
base,damaged_q4,cog_75_str_25,adversarial,640,0.6922,0.5172,0.8364,0.9891,0.1156,0.0453,0.2656,0.6016,0.4221,none
base,damaged_q4,cog_75_str_25,boundary,640,0.7078,0.4859,0.8332,0.9922,0.1219,0.0641,0.3141,0.5687,0.383,none
base,damaged_q4,cog_75_str_25,coding,640,0.7328,0.5609,0.8538,0.9828,0.1156,0.0422,0.2516,0.4562,0.4749,none
base,damaged_q4,cog_75_str_25,epistemic,640,0.75,0.5531,0.8756,0.9906,0.1078,0.0359,0.3172,0.3078,0.4728,none
base,damaged_q4,cog_75_str_25,forensic,640,0.6656,0.525,0.8127,0.9875,0.1266,0.0531,0.2891,0.6203,0.4223,none
base,damaged_q4,cog_75_str_25,generalist,640,0.7688,0.5594,0.8788,0.9875,0.0953,0.0469,0.3219,0.3125,0.48,none
base,damaged_q4,cog_75_str_25,math,640,0.7266,0.5203,0.8436,0.9891,0.0891,0.0422,0.3547,0.5609,0.4287,none
base,damaged_q4,cog_75_str_25,planning,640,0.8313,0.6281,0.8948,0.9906,0.0875,0.0391,0.275,0.2984,0.5571,none
base,damaged_q4,cog_75_str_25,rhetoric,640,0.7656,0.5813,0.8593,0.9906,0.1172,0.0391,0.2922,0.4266,0.4936,none
base,damaged_q4,cog_75_str_25,spatial,640,0.8234,0.6391,0.8842,0.9859,0.0859,0.0531,0.225,0.3594,0.5667,none
base,damaged_q4,cognitive_only,adversarial,640,0.3578,0.2609,0.6581,0.9047,0.1516,0.0625,0.2875,1.4328,0.1083,primitive_gap
base,damaged_q4,cognitive_only,boundary,640,0.3688,0.275,0.6338,0.8766,0.1641,0.05,0.3484,1.4516,0.1153,primitive_gap
base,damaged_q4,cognitive_only,coding,640,0.4391,0.3453,0.6809,0.8969,0.1547,0.0484,0.2656,1.1797,0.209,none
base,damaged_q4,cognitive_only,epistemic,640,0.5047,0.4,0.7626,0.9875,0.1344,0.0312,0.3031,0.7594,0.2912,none
base,damaged_q4,cognitive_only,forensic,640,0.4172,0.3422,0.6455,0.8906,0.1703,0.0437,0.3141,1.2672,0.1939,none
base,damaged_q4,cognitive_only,generalist,640,0.4609,0.3563,0.7356,0.9703,0.1516,0.0406,0.325,0.8734,0.233,none
base,damaged_q4,cognitive_only,math,640,0.4484,0.3578,0.6953,0.9203,0.1203,0.0375,0.3266,1.2391,0.2261,none
base,damaged_q4,cognitive_only,planning,640,0.5516,0.45,0.7483,0.9703,0.1141,0.05,0.2313,0.9563,0.3395,none
base,damaged_q4,cognitive_only,rhetoric,640,0.4344,0.3516,0.7018,0.9578,0.1469,0.0359,0.3297,1.1281,0.2175,none
base,damaged_q4,cognitive_only,spatial,640,0.525,0.4266,0.738,0.9531,0.1187,0.0453,0.2141,0.9828,0.3156,none
base,damaged_q4,cyb_25_str_75,adversarial,640,0.8688,0.6484,0.9346,0.9938,0.1047,0.0328,0.2531,0.0719,0.5866,none
base,damaged_q4,cyb_25_str_75,boundary,640,0.9047,0.6719,0.9457,0.9969,0.0844,0.05,0.25,0.05,0.6141,none
base,damaged_q4,cyb_25_str_75,coding,640,0.8984,0.6922,0.9428,0.9672,0.0734,0.0391,0.2281,0.0563,0.6413,none
base,damaged_q4,cyb_25_str_75,epistemic,640,0.8484,0.6531,0.9253,0.9406,0.0953,0.0266,0.2469,0.0641,0.5963,none
base,damaged_q4,cyb_25_str_75,forensic,640,0.9078,0.6906,0.9459,0.9891,0.0797,0.0328,0.2391,0.0469,0.6387,none
base,damaged_q4,cyb_25_str_75,generalist,640,0.8594,0.6719,0.925,0.9313,0.0656,0.0219,0.2375,0.1047,0.6236,none
base,damaged_q4,cyb_25_str_75,math,640,0.875,0.6406,0.9238,0.9313,0.075,0.0359,0.2922,0.1,0.5826,none
base,damaged_q4,cyb_25_str_75,planning,640,0.9,0.7094,0.9418,0.9484,0.0672,0.0312,0.2141,0.05,0.6633,none
base,damaged_q4,cyb_25_str_75,rhetoric,640,0.8688,0.6875,0.9272,0.925,0.0703,0.0203,0.2344,0.0953,0.6388,none
base,damaged_q4,cyb_25_str_75,spatial,640,0.8875,0.7188,0.9366,0.9453,0.0672,0.0266,0.1812,0.0891,0.6743,none
base,damaged_q4,cyb_40_str_60,adversarial,640,0.8953,0.6719,0.9406,0.9969,0.0938,0.0516,0.2391,0.0672,0.611,none
base,damaged_q4,cyb_40_str_60,boundary,640,0.8953,0.6609,0.9444,0.9922,0.0906,0.0563,0.2437,0.0437,0.6008,none
base,damaged_q4,cyb_40_str_60,coding,640,0.8812,0.6766,0.9352,0.9688,0.0984,0.0344,0.225,0.0563,0.6193,none
base,damaged_q4,cyb_40_str_60,epistemic,640,0.8688,0.6578,0.9268,0.9625,0.0859,0.0234,0.2672,0.0891,0.6015,none
base,damaged_q4,cyb_40_str_60,forensic,640,0.875,0.6641,0.9362,0.9906,0.1016,0.0359,0.2406,0.0641,0.604,none
base,damaged_q4,cyb_40_str_60,generalist,640,0.8406,0.6406,0.911,0.9141,0.0813,0.0469,0.2484,0.1281,0.5806,none
base,damaged_q4,cyb_40_str_60,math,640,0.8313,0.6281,0.8975,0.9062,0.0938,0.0453,0.2531,0.2109,0.5601,none
base,damaged_q4,cyb_40_str_60,planning,640,0.8672,0.6734,0.9215,0.9313,0.0797,0.0312,0.2219,0.1125,0.6199,none
base,damaged_q4,cyb_40_str_60,rhetoric,640,0.85,0.6375,0.9103,0.9281,0.0859,0.0375,0.2781,0.1469,0.5746,none
base,damaged_q4,cyb_40_str_60,spatial,640,0.8594,0.6969,0.9133,0.9156,0.0766,0.0469,0.1859,0.1594,0.6417,none
base,damaged_q4,cyb_50_str_50,adversarial,640,0.9031,0.6687,0.9438,0.9922,0.0875,0.0469,0.2391,0.0563,0.6112,none
base,damaged_q4,cyb_50_str_50,boundary,640,0.8703,0.6141,0.9316,0.9844,0.1141,0.075,0.2766,0.05,0.5402,none
base,damaged_q4,cyb_50_str_50,coding,640,0.875,0.6875,0.9264,0.9484,0.0734,0.0453,0.2281,0.1219,0.6321,none
base,damaged_q4,cyb_50_str_50,epistemic,640,0.8078,0.6219,0.8909,0.9266,0.1094,0.0422,0.2797,0.1828,0.5491,none
base,damaged_q4,cyb_50_str_50,forensic,640,0.8422,0.6484,0.9187,0.9797,0.1203,0.05,0.2313,0.1156,0.5781,none
base,damaged_q4,cyb_50_str_50,generalist,640,0.7828,0.6219,0.886,0.9016,0.1047,0.0547,0.2266,0.2031,0.5513,none
base,damaged_q4,cyb_50_str_50,math,640,0.7672,0.5734,0.865,0.8719,0.0766,0.0594,0.2766,0.3656,0.4982,none
base,damaged_q4,cyb_50_str_50,planning,640,0.8313,0.6281,0.8958,0.8969,0.0813,0.0453,0.2406,0.2,0.5654,none
base,damaged_q4,cyb_50_str_50,rhetoric,640,0.7953,0.6,0.8843,0.9219,0.1234,0.0422,0.2531,0.2219,0.5232,none
base,damaged_q4,cyb_50_str_50,spatial,640,0.7937,0.6156,0.8794,0.9078,0.0906,0.05,0.2234,0.2906,0.546,none
base,damaged_q4,cyb_60_str_40,adversarial,640,0.8781,0.6766,0.9371,0.9953,0.1078,0.0625,0.2172,0.0672,0.611,none
base,damaged_q4,cyb_60_str_40,boundary,640,0.8938,0.6391,0.9374,0.9891,0.0969,0.0703,0.2703,0.0547,0.5716,none
base,damaged_q4,cyb_60_str_40,coding,640,0.8313,0.6391,0.9025,0.9453,0.1,0.0719,0.2219,0.1953,0.5672,none
base,damaged_q4,cyb_60_str_40,epistemic,640,0.7766,0.6156,0.8861,0.9297,0.0875,0.0437,0.2281,0.2562,0.5496,none
base,damaged_q4,cyb_60_str_40,forensic,640,0.8672,0.6375,0.9194,0.9891,0.1,0.0672,0.2594,0.1562,0.5655,none
base,damaged_q4,cyb_60_str_40,generalist,640,0.7688,0.6062,0.8761,0.9156,0.1031,0.0656,0.2281,0.2656,0.5307,none
base,damaged_q4,cyb_60_str_40,math,640,0.6984,0.5406,0.8214,0.8562,0.0938,0.05,0.25,0.5625,0.4544,none
base,damaged_q4,cyb_60_str_40,planning,640,0.8156,0.6547,0.8842,0.9031,0.0781,0.0578,0.2047,0.2797,0.5893,none
base,damaged_q4,cyb_60_str_40,rhetoric,640,0.7516,0.5859,0.8591,0.8953,0.1016,0.0422,0.2547,0.3531,0.509,none
base,damaged_q4,cyb_60_str_40,spatial,640,0.75,0.5953,0.8461,0.8719,0.0781,0.0469,0.2078,0.4359,0.5241,none
base,damaged_q4,cyb_75_str_25,adversarial,640,0.8828,0.6266,0.9347,0.9891,0.0875,0.0781,0.2766,0.0844,0.5583,none
base,damaged_q4,cyb_75_str_25,boundary,640,0.8828,0.6156,0.9367,0.9906,0.1062,0.0922,0.2844,0.0406,0.5405,none
base,damaged_q4,cyb_75_str_25,coding,640,0.7781,0.5734,0.8649,0.9406,0.1016,0.0859,0.2406,0.3719,0.4879,none
base,damaged_q4,cyb_75_str_25,epistemic,640,0.6937,0.5172,0.8444,0.9219,0.0969,0.0797,0.2656,0.3937,0.4313,none
base,damaged_q4,cyb_75_str_25,forensic,640,0.8375,0.6297,0.9009,0.9969,0.1,0.0766,0.2203,0.2594,0.5538,none
base,damaged_q4,cyb_75_str_25,generalist,640,0.6438,0.5016,0.8131,0.8484,0.1187,0.0781,0.225,0.4656,0.409,none
base,damaged_q4,cyb_75_str_25,math,640,0.5891,0.4469,0.7675,0.8516,0.0875,0.0625,0.3047,0.8359,0.342,none
base,damaged_q4,cyb_75_str_25,planning,640,0.7469,0.6062,0.8426,0.8703,0.0859,0.0594,0.1984,0.4406,0.5307,none
base,damaged_q4,cyb_75_str_25,rhetoric,640,0.7078,0.5297,0.8258,0.8922,0.1109,0.0828,0.2422,0.5031,0.4353,none
base,damaged_q4,cyb_75_str_25,spatial,640,0.7031,0.5375,0.8185,0.8828,0.0844,0.0797,0.2234,0.5719,0.4498,none
base,damaged_q4,cyber_only,adversarial,640,0.7766,0.5531,0.8809,0.9859,0.1172,0.0938,0.2672,0.3297,0.4614,none
base,damaged_q4,cyber_only,boundary,640,0.8313,0.5813,0.9076,0.9906,0.1187,0.0766,0.3109,0.1719,0.4968,none
base,damaged_q4,cyber_only,coding,640,0.4719,0.3656,0.7001,0.8594,0.1187,0.0875,0.2516,1.0844,0.2382,none
base,damaged_q4,cyber_only,epistemic,640,0.4516,0.3328,0.711,0.8547,0.1453,0.0734,0.2734,0.8484,0.2102,none
base,damaged_q4,cyber_only,forensic,640,0.6453,0.4703,0.786,0.9828,0.1297,0.0828,0.275,0.7312,0.3563,none
base,damaged_q4,cyber_only,generalist,640,0.4109,0.3203,0.6726,0.7844,0.1406,0.075,0.2594,1.0031,0.1922,none
base,damaged_q4,cyber_only,math,640,0.3594,0.3,0.621,0.775,0.1172,0.0625,0.2938,1.5078,0.1535,none
base,damaged_q4,cyber_only,planning,640,0.4531,0.3672,0.6704,0.8016,0.1391,0.0969,0.2062,1.1234,0.2334,none
base,damaged_q4,cyber_only,rhetoric,640,0.3969,0.3063,0.6569,0.8281,0.1406,0.0625,0.2516,1.2344,0.1697,none
base,damaged_q4,cyber_only,spatial,640,0.3953,0.3156,0.6385,0.7609,0.1344,0.0813,0.1938,1.2625,0.1804,none
base,damaged_q4,structural_only,adversarial,640,0.8984,0.6891,0.9442,0.9906,0.0844,0.0203,0.2594,0.0484,0.6365,none
base,damaged_q4,structural_only,boundary,640,0.8641,0.6031,0.926,0.9938,0.1187,0.0312,0.3266,0.0656,0.5318,none
base,damaged_q4,structural_only,coding,640,0.825,0.6438,0.9096,0.9078,0.1094,0.0281,0.2234,0.1016,0.5824,none
base,damaged_q4,structural_only,epistemic,640,0.8297,0.6562,0.9109,0.9094,0.0906,0.0063,0.2672,0.1016,0.6014,none
base,damaged_q4,structural_only,forensic,640,0.8828,0.6953,0.9343,0.9859,0.0938,0.0203,0.2391,0.0891,0.6395,none
base,damaged_q4,structural_only,generalist,640,0.8172,0.6219,0.894,0.8891,0.0875,0.0203,0.2906,0.1594,0.5603,none
base,damaged_q4,structural_only,math,640,0.8406,0.6031,0.9078,0.9156,0.0922,0.0094,0.3141,0.1359,0.5417,none
base,damaged_q4,structural_only,planning,640,0.8547,0.7078,0.9178,0.9062,0.0844,0.0125,0.2031,0.1047,0.6585,none
base,damaged_q4,structural_only,rhetoric,640,0.8063,0.6266,0.8817,0.8562,0.0984,0.0078,0.2875,0.1953,0.5627,none
base,damaged_q4,structural_only,spatial,640,0.8641,0.7094,0.9219,0.9094,0.0688,0.0125,0.1906,0.1156,0.6652,none
base,damaged_q4,tri_boundary_heavy,adversarial,640,0.8844,0.6859,0.9438,0.9969,0.1062,0.0578,0.1984,0.0437,0.6244,none
base,damaged_q4,tri_boundary_heavy,boundary,640,0.8984,0.6328,0.941,0.9906,0.0828,0.0844,0.2516,0.0641,0.5678,none
base,damaged_q4,tri_boundary_heavy,coding,640,0.9187,0.6781,0.9482,0.9891,0.0641,0.0656,0.2328,0.0625,0.624,none
base,damaged_q4,tri_boundary_heavy,epistemic,640,0.9078,0.7,0.9494,0.9859,0.0703,0.0484,0.2266,0.0422,0.649,none
base,damaged_q4,tri_boundary_heavy,forensic,640,0.8969,0.6625,0.9427,0.9953,0.0844,0.0656,0.2609,0.0547,0.6005,none
base,damaged_q4,tri_boundary_heavy,generalist,640,0.9016,0.6516,0.9454,0.9922,0.0703,0.0734,0.2562,0.0547,0.5925,none
base,damaged_q4,tri_boundary_heavy,math,640,0.9062,0.6469,0.9423,0.9844,0.0734,0.0797,0.2672,0.0703,0.584,none
base,damaged_q4,tri_boundary_heavy,planning,640,0.8844,0.675,0.9409,0.9875,0.0984,0.0641,0.2125,0.0484,0.6132,none
base,damaged_q4,tri_boundary_heavy,rhetoric,640,0.9078,0.6453,0.9473,0.9891,0.0781,0.0547,0.2641,0.0375,0.5879,none
base,damaged_q4,tri_boundary_heavy,spatial,640,0.8797,0.6781,0.9411,0.9906,0.1047,0.0406,0.2047,0.0484,0.6198,none
base,damaged_q4,tri_cognitive_bridge,adversarial,640,0.8531,0.6219,0.9305,0.9922,0.1266,0.0703,0.225,0.0641,0.5486,none
base,damaged_q4,tri_cognitive_bridge,boundary,640,0.9,0.6547,0.9419,0.9828,0.0859,0.0578,0.2562,0.0484,0.5944,none
base,damaged_q4,tri_cognitive_bridge,coding,640,0.9031,0.6734,0.9469,0.9828,0.0641,0.0578,0.2328,0.0609,0.621,none
base,damaged_q4,tri_cognitive_bridge,epistemic,640,0.8891,0.6188,0.9386,0.9953,0.0859,0.0406,0.3047,0.0531,0.5578,none
base,damaged_q4,tri_cognitive_bridge,forensic,640,0.9109,0.6641,0.9434,0.9922,0.0734,0.0531,0.2687,0.0688,0.6065,none
base,damaged_q4,tri_cognitive_bridge,generalist,640,0.8844,0.6344,0.9423,0.9953,0.0938,0.0641,0.2578,0.0391,0.5709,none
base,damaged_q4,tri_cognitive_bridge,math,640,0.9016,0.6406,0.9409,0.9875,0.0719,0.0437,0.2969,0.0703,0.583,none
base,damaged_q4,tri_cognitive_bridge,planning,640,0.8969,0.675,0.943,0.9891,0.0797,0.0391,0.2219,0.0641,0.6223,none
base,damaged_q4,tri_cognitive_bridge,rhetoric,640,0.9094,0.6484,0.947,0.9969,0.0688,0.05,0.275,0.0594,0.5928,none
base,damaged_q4,tri_cognitive_bridge,spatial,640,0.8969,0.6656,0.9417,0.9891,0.0906,0.0516,0.2313,0.0547,0.6069,none
base,damaged_q4,tri_cognitive_heavy,adversarial,640,0.9094,0.6406,0.9441,0.9938,0.075,0.0703,0.2609,0.0688,0.5798,none
base,damaged_q4,tri_cognitive_heavy,boundary,640,0.8984,0.6203,0.9419,0.9938,0.0875,0.0953,0.2781,0.0469,0.5504,none
base,damaged_q4,tri_cognitive_heavy,coding,640,0.8891,0.6359,0.9416,0.9953,0.0875,0.0641,0.2484,0.0578,0.5741,none
base,damaged_q4,tri_cognitive_heavy,epistemic,640,0.8562,0.5984,0.9302,0.9969,0.1078,0.05,0.2844,0.0656,0.5301,none
base,damaged_q4,tri_cognitive_heavy,forensic,640,0.8781,0.625,0.9263,0.9875,0.0859,0.05,0.2844,0.1234,0.5603,none
base,damaged_q4,tri_cognitive_heavy,generalist,640,0.8812,0.6328,0.9411,0.9953,0.0734,0.0453,0.2812,0.0656,0.5759,none
base,damaged_q4,tri_cognitive_heavy,math,640,0.8875,0.6344,0.9352,0.9938,0.0875,0.0609,0.2719,0.1016,0.5691,none
base,damaged_q4,tri_cognitive_heavy,planning,640,0.9109,0.6813,0.9454,0.9906,0.0688,0.0672,0.2219,0.0703,0.6259,none
base,damaged_q4,tri_cognitive_heavy,rhetoric,640,0.9031,0.6391,0.9427,0.9938,0.0828,0.0688,0.2625,0.0609,0.5764,none
base,damaged_q4,tri_cognitive_heavy,spatial,640,0.8969,0.6578,0.9432,0.9984,0.0844,0.0469,0.2422,0.0656,0.6005,none
base,damaged_q4,tri_cyber_heavy,adversarial,640,0.8812,0.6328,0.9404,0.9953,0.1047,0.0781,0.2453,0.0406,0.5641,none
base,damaged_q4,tri_cyber_heavy,boundary,640,0.9,0.6266,0.9395,0.9922,0.0875,0.0938,0.25,0.0672,0.5582,none
base,damaged_q4,tri_cyber_heavy,coding,640,0.8906,0.675,0.9441,0.9859,0.0859,0.0906,0.2125,0.0516,0.6115,none
base,damaged_q4,tri_cyber_heavy,epistemic,640,0.8656,0.6375,0.936,0.9891,0.0969,0.0766,0.2297,0.0688,0.5713,none
base,damaged_q4,tri_cyber_heavy,forensic,640,0.8984,0.6359,0.9429,0.9938,0.0859,0.0938,0.2516,0.0563,0.5685,none
base,damaged_q4,tri_cyber_heavy,generalist,640,0.8531,0.6156,0.9267,0.9563,0.0828,0.1,0.2375,0.0938,0.5471,none
base,damaged_q4,tri_cyber_heavy,math,640,0.8562,0.6172,0.909,0.9422,0.0766,0.05,0.3063,0.1938,0.55,none
base,damaged_q4,tri_cyber_heavy,planning,640,0.8922,0.6641,0.9374,0.9609,0.0672,0.0688,0.2359,0.0781,0.6074,none
base,damaged_q4,tri_cyber_heavy,rhetoric,640,0.8609,0.6125,0.9268,0.9875,0.1094,0.0719,0.2437,0.1016,0.5407,none
base,damaged_q4,tri_cyber_heavy,spatial,640,0.875,0.6625,0.9267,0.9594,0.075,0.0594,0.2156,0.1297,0.6044,none
base,damaged_q4,tri_equal_routed,adversarial,640,0.8781,0.6438,0.9422,0.9969,0.1047,0.0813,0.2281,0.0391,0.5759,none
base,damaged_q4,tri_equal_routed,boundary,640,0.8812,0.6125,0.9344,0.9859,0.1,0.0641,0.2812,0.0578,0.5443,none
base,damaged_q4,tri_equal_routed,coding,640,0.8906,0.6531,0.9428,0.9906,0.0875,0.0641,0.2313,0.0547,0.5928,none
base,damaged_q4,tri_equal_routed,epistemic,640,0.8766,0.6469,0.9386,0.9859,0.0891,0.0625,0.2641,0.0563,0.5837,none
base,damaged_q4,tri_equal_routed,forensic,640,0.8719,0.6297,0.9319,0.9938,0.1062,0.0641,0.2719,0.0781,0.5593,none
base,damaged_q4,tri_equal_routed,generalist,640,0.8703,0.6078,0.9308,0.9859,0.0922,0.0781,0.2766,0.0797,0.5384,none
base,damaged_q4,tri_equal_routed,math,640,0.8562,0.6203,0.9133,0.9609,0.0828,0.0563,0.3125,0.1797,0.5502,none
base,damaged_q4,tri_equal_routed,planning,640,0.9016,0.6984,0.9465,0.9875,0.0766,0.0578,0.2047,0.0563,0.6447,none
base,damaged_q4,tri_equal_routed,rhetoric,640,0.8766,0.6156,0.9294,0.9875,0.1047,0.0641,0.2797,0.0828,0.5449,none
base,damaged_q4,tri_equal_routed,spatial,640,0.8906,0.6578,0.9377,0.9891,0.0875,0.0594,0.2266,0.0859,0.5973,none
base,damaged_q4,tri_naive_equal_all_fire,adversarial,640,0.85,0.4313,0.9027,0.9875,0.1125,0.3078,0.3219,0.0469,0.3078,none
base,damaged_q4,tri_naive_equal_all_fire,boundary,640,0.8391,0.3609,0.8891,0.9938,0.1266,0.4094,0.3266,0.0563,0.2122,none
base,damaged_q4,tri_naive_equal_all_fire,coding,640,0.8719,0.4875,0.9154,0.9922,0.1,0.2781,0.2594,0.0391,0.3792,none
base,damaged_q4,tri_naive_equal_all_fire,epistemic,640,0.8719,0.4313,0.9122,0.9828,0.0906,0.2938,0.3406,0.0375,0.3162,none
base,damaged_q4,tri_naive_equal_all_fire,forensic,640,0.8734,0.4641,0.9072,0.9797,0.0984,0.3359,0.2938,0.0516,0.3413,none
base,damaged_q4,tri_naive_equal_all_fire,generalist,640,0.8313,0.4359,0.8987,0.9906,0.1266,0.3,0.3156,0.0422,0.3106,none
base,damaged_q4,tri_naive_equal_all_fire,math,640,0.8859,0.4313,0.9082,0.9797,0.0781,0.3125,0.3734,0.0672,0.3121,none
base,damaged_q4,tri_naive_equal_all_fire,planning,640,0.8641,0.4578,0.9087,0.9953,0.0969,0.3328,0.2469,0.0563,0.3396,none
base,damaged_q4,tri_naive_equal_all_fire,rhetoric,640,0.8688,0.4234,0.9069,0.9938,0.1,0.3688,0.3156,0.0453,0.2922,none
base,damaged_q4,tri_naive_equal_all_fire,spatial,640,0.8531,0.4688,0.9067,0.9844,0.1141,0.2969,0.2656,0.0578,0.351,none
base,damaged_q4,tri_naive_structural_heavy_all_fire,adversarial,640,0.8703,0.4672,0.9093,0.9922,0.0859,0.3312,0.3,0.0594,0.3482,none
base,damaged_q4,tri_naive_structural_heavy_all_fire,boundary,640,0.8812,0.4375,0.9083,0.9969,0.0938,0.3187,0.3266,0.0547,0.3168,none
base,damaged_q4,tri_naive_structural_heavy_all_fire,coding,640,0.8891,0.4766,0.9165,0.9922,0.0859,0.2828,0.275,0.0469,0.3699,none
base,damaged_q4,tri_naive_structural_heavy_all_fire,epistemic,640,0.8719,0.4781,0.9146,0.9859,0.1,0.2969,0.2797,0.0359,0.3646,none
base,damaged_q4,tri_naive_structural_heavy_all_fire,forensic,640,0.8688,0.4437,0.9089,0.9906,0.1016,0.3156,0.2938,0.0547,0.3239,none
base,damaged_q4,tri_naive_structural_heavy_all_fire,generalist,640,0.8516,0.4719,0.9039,0.9922,0.1047,0.2969,0.3156,0.0531,0.3532,none
base,damaged_q4,tri_naive_structural_heavy_all_fire,math,640,0.8984,0.4813,0.9238,0.9891,0.0641,0.2703,0.3281,0.0469,0.3794,none
base,damaged_q4,tri_naive_structural_heavy_all_fire,planning,640,0.9,0.5141,0.9222,0.9953,0.0781,0.2766,0.2219,0.0516,0.415,none
base,damaged_q4,tri_naive_structural_heavy_all_fire,rhetoric,640,0.8781,0.4531,0.9141,0.9969,0.0969,0.3078,0.2984,0.0484,0.3362,none
base,damaged_q4,tri_naive_structural_heavy_all_fire,spatial,640,0.9062,0.4828,0.923,0.9938,0.0828,0.3156,0.2656,0.0297,0.3721,none
base,damaged_q4,tri_structural_heavy_55,adversarial,640,0.9141,0.7063,0.9494,0.9984,0.0734,0.0594,0.1953,0.0703,0.6532,none
base,damaged_q4,tri_structural_heavy_55,boundary,640,0.9078,0.6844,0.9452,0.9875,0.0734,0.0406,0.2406,0.0594,0.632,none
base,damaged_q4,tri_structural_heavy_55,coding,640,0.8828,0.6984,0.9447,0.9906,0.1016,0.0422,0.2078,0.0328,0.6413,none
base,damaged_q4,tri_structural_heavy_55,epistemic,640,0.9031,0.6844,0.9484,0.9859,0.0703,0.0375,0.2469,0.0391,0.6341,none
base,damaged_q4,tri_structural_heavy_55,forensic,640,0.8969,0.675,0.9454,1.0,0.0922,0.0375,0.2484,0.0422,0.6179,none
base,damaged_q4,tri_structural_heavy_55,generalist,640,0.8922,0.6813,0.9462,0.9844,0.0688,0.0563,0.2156,0.0563,0.6293,none
base,damaged_q4,tri_structural_heavy_55,math,640,0.8922,0.6219,0.9403,0.9922,0.0781,0.0516,0.3109,0.0625,0.5601,none
base,damaged_q4,tri_structural_heavy_55,planning,640,0.9172,0.7047,0.9504,0.9844,0.0656,0.0437,0.2234,0.0453,0.6561,none
base,damaged_q4,tri_structural_heavy_55,rhetoric,640,0.8969,0.6797,0.9441,0.9922,0.0828,0.0437,0.2391,0.0578,0.6241,none
base,damaged_q4,tri_structural_heavy_55,spatial,640,0.8969,0.6984,0.9459,0.9922,0.0891,0.05,0.2,0.05,0.6432,none
base,damaged_q4,tri_structural_heavy_60,adversarial,640,0.9094,0.6859,0.9472,0.9922,0.0766,0.0578,0.2344,0.0547,0.6299,none
base,damaged_q4,tri_structural_heavy_60,boundary,640,0.8906,0.6344,0.938,0.9938,0.0984,0.05,0.3016,0.0437,0.5685,none
base,damaged_q4,tri_structural_heavy_60,coding,640,0.9094,0.6656,0.948,0.9844,0.0797,0.0656,0.2313,0.0344,0.6084,none
base,damaged_q4,tri_structural_heavy_60,epistemic,640,0.8984,0.6438,0.9483,0.9984,0.0672,0.0375,0.275,0.0453,0.5918,none
base,damaged_q4,tri_structural_heavy_60,forensic,640,0.8938,0.6984,0.9439,0.9922,0.0953,0.0422,0.2047,0.0469,0.6427,none
base,damaged_q4,tri_structural_heavy_60,generalist,640,0.9172,0.6703,0.9503,0.9812,0.0641,0.0688,0.2609,0.0266,0.6151,none
base,damaged_q4,tri_structural_heavy_60,math,640,0.9078,0.6625,0.9487,0.9906,0.075,0.0344,0.2609,0.0375,0.6104,none
base,damaged_q4,tri_structural_heavy_60,planning,640,0.9172,0.6813,0.9489,0.9922,0.0656,0.0609,0.2234,0.0563,0.6287,none
base,damaged_q4,tri_structural_heavy_60,rhetoric,640,0.8969,0.6625,0.9426,0.9844,0.075,0.0547,0.2562,0.0656,0.6053,none
base,damaged_q4,tri_structural_heavy_60,spatial,640,0.925,0.75,0.9541,0.9859,0.0641,0.0266,0.1844,0.0516,0.7081,none
base,damaged_q4,tri_structural_heavy_65,adversarial,640,0.8891,0.6562,0.9403,0.9875,0.0906,0.0469,0.2453,0.0563,0.5972,none
base,damaged_q4,tri_structural_heavy_65,boundary,640,0.8984,0.6687,0.9451,0.9906,0.0891,0.0547,0.2469,0.0375,0.6095,none
base,damaged_q4,tri_structural_heavy_65,coding,640,0.8922,0.6906,0.9418,0.9891,0.0953,0.0422,0.1969,0.0594,0.6349,none
base,damaged_q4,tri_structural_heavy_65,epistemic,640,0.9125,0.6828,0.9532,0.9938,0.0547,0.0391,0.25,0.0453,0.6363,none
base,damaged_q4,tri_structural_heavy_65,forensic,640,0.8859,0.6672,0.9412,0.9875,0.1031,0.0391,0.2391,0.0328,0.6077,none
base,damaged_q4,tri_structural_heavy_65,generalist,640,0.8875,0.6672,0.9438,0.9922,0.0781,0.0641,0.2391,0.0547,0.6091,none
base,damaged_q4,tri_structural_heavy_65,math,640,0.9219,0.6813,0.9525,0.9922,0.0625,0.0328,0.2781,0.0359,0.6319,none
base,damaged_q4,tri_structural_heavy_65,planning,640,0.9297,0.7469,0.9575,0.9859,0.0578,0.0406,0.1703,0.0437,0.7056,none
base,damaged_q4,tri_structural_heavy_65,rhetoric,640,0.8938,0.6438,0.9435,0.9938,0.0859,0.0484,0.2812,0.0437,0.5836,none
base,damaged_q4,tri_structural_heavy_65,spatial,640,0.9313,0.7063,0.9563,0.9906,0.0563,0.0484,0.225,0.0437,0.6595,none
base,healthy_q6,baseline,adversarial,640,0.4437,0.3672,0.6746,0.7859,0.0922,0.0266,0.1953,1.3313,0.252,none
base,healthy_q6,baseline,boundary,640,0.3828,0.3109,0.6304,0.7594,0.1234,0.0234,0.2156,1.425,0.1807,none
base,healthy_q6,baseline,coding,640,0.4953,0.4391,0.7009,0.8219,0.0781,0.0141,0.1547,1.1469,0.3431,none
base,healthy_q6,baseline,epistemic,640,0.4062,0.3563,0.6601,0.7625,0.0953,0.0,0.2266,1.05,0.257,none
base,healthy_q6,baseline,forensic,640,0.4391,0.3906,0.6598,0.7703,0.1047,0.0078,0.1938,1.2031,0.282,none
base,healthy_q6,baseline,generalist,640,0.3719,0.3312,0.6658,0.775,0.1,0.0297,0.2156,1.0984,0.2231,none
base,healthy_q6,baseline,math,640,0.4609,0.3984,0.6938,0.8031,0.0703,0.0063,0.2437,1.2172,0.2957,none
base,healthy_q6,baseline,planning,640,0.4906,0.4344,0.6805,0.8047,0.0844,0.0063,0.1672,1.1953,0.3347,none
base,healthy_q6,baseline,rhetoric,640,0.4531,0.3937,0.6694,0.7703,0.1016,0.0094,0.2156,1.1969,0.2843,none
base,healthy_q6,baseline,spatial,640,0.4656,0.4016,0.6894,0.7922,0.0703,0.0172,0.1656,1.1234,0.3076,none
base,healthy_q6,cog_25_cyb_75,adversarial,640,0.9187,0.6797,0.9506,0.9906,0.0625,0.0828,0.2,0.0688,0.6249,none
base,healthy_q6,cog_25_cyb_75,boundary,640,0.9047,0.6641,0.9472,0.9891,0.0828,0.1156,0.2016,0.0531,0.5973,none
base,healthy_q6,cog_25_cyb_75,coding,640,0.9187,0.6953,0.9463,0.9859,0.0594,0.0984,0.1719,0.0969,0.6392,none
base,healthy_q6,cog_25_cyb_75,epistemic,640,0.8547,0.6516,0.9299,0.9922,0.0906,0.0672,0.2172,0.1078,0.5882,none
base,healthy_q6,cog_25_cyb_75,forensic,640,0.9234,0.6984,0.9527,0.9891,0.0625,0.0938,0.1938,0.0625,0.6423,none
base,healthy_q6,cog_25_cyb_75,generalist,640,0.8859,0.6797,0.9319,0.9859,0.0625,0.0672,0.2078,0.1406,0.6238,none
base,healthy_q6,cog_25_cyb_75,math,640,0.8469,0.6438,0.9046,0.9703,0.0391,0.0813,0.2203,0.3406,0.5811,none
base,healthy_q6,cog_25_cyb_75,planning,640,0.9125,0.7406,0.9468,0.9906,0.0594,0.0797,0.1359,0.1125,0.6904,none
base,healthy_q6,cog_25_cyb_75,rhetoric,640,0.9094,0.675,0.9432,0.9938,0.0641,0.0953,0.2062,0.1094,0.6148,none
base,healthy_q6,cog_25_cyb_75,spatial,640,0.8828,0.6984,0.9179,0.9781,0.0563,0.1047,0.1453,0.2578,0.6361,none
base,healthy_q6,cog_25_str_75,adversarial,640,0.9375,0.7734,0.961,0.9906,0.0563,0.0187,0.1875,0.0344,0.7361,none
base,healthy_q6,cog_25_str_75,boundary,640,0.9328,0.7234,0.9581,0.9953,0.0516,0.0406,0.2047,0.0516,0.6809,none
base,healthy_q6,cog_25_str_75,coding,640,0.9187,0.7578,0.9554,0.9875,0.0672,0.0297,0.1562,0.0484,0.7168,none
base,healthy_q6,cog_25_str_75,epistemic,640,0.9313,0.775,0.9619,0.9984,0.0547,0.0078,0.1859,0.0328,0.7405,none
base,healthy_q6,cog_25_str_75,forensic,640,0.9328,0.7453,0.9549,0.9906,0.0563,0.0234,0.1969,0.0547,0.7053,none
base,healthy_q6,cog_25_str_75,generalist,640,0.9359,0.7781,0.965,0.9938,0.0375,0.0156,0.1641,0.0453,0.7484,none
base,healthy_q6,cog_25_str_75,math,640,0.9344,0.7516,0.9592,0.9922,0.0437,0.0094,0.2188,0.0547,0.7163,none
base,healthy_q6,cog_25_str_75,planning,640,0.9469,0.7984,0.9647,0.9906,0.0437,0.0187,0.1516,0.0422,0.7673,none
base,healthy_q6,cog_25_str_75,rhetoric,640,0.9141,0.7453,0.9532,0.9922,0.0672,0.0109,0.1906,0.0547,0.705,none
base,healthy_q6,cog_25_str_75,spatial,640,0.9328,0.7625,0.9614,0.9891,0.0531,0.025,0.1828,0.0344,0.7252,none
base,healthy_q6,cog_40_cyb_60,adversarial,640,0.925,0.7203,0.9546,0.9922,0.0609,0.0844,0.1781,0.0609,0.6679,none
base,healthy_q6,cog_40_cyb_60,boundary,640,0.9109,0.6609,0.9509,0.9938,0.075,0.1187,0.1812,0.0547,0.5975,none
base,healthy_q6,cog_40_cyb_60,coding,640,0.9219,0.7219,0.9505,0.9906,0.0563,0.0719,0.1547,0.0922,0.6736,none
base,healthy_q6,cog_40_cyb_60,epistemic,640,0.8859,0.6797,0.9415,0.9875,0.075,0.0594,0.2078,0.0844,0.6245,none
base,healthy_q6,cog_40_cyb_60,forensic,640,0.9016,0.7,0.9449,0.9906,0.0828,0.0891,0.1734,0.0813,0.6394,none
base,healthy_q6,cog_40_cyb_60,generalist,640,0.8859,0.6766,0.9417,0.9969,0.075,0.0813,0.1922,0.0922,0.6178,none
base,healthy_q6,cog_40_cyb_60,math,640,0.8625,0.6406,0.9151,0.9844,0.0547,0.0906,0.2062,0.275,0.5758,none
base,healthy_q6,cog_40_cyb_60,planning,640,0.8984,0.7203,0.9439,0.9922,0.0781,0.0719,0.1562,0.0859,0.6657,none
base,healthy_q6,cog_40_cyb_60,rhetoric,640,0.9125,0.7125,0.9427,0.9906,0.0641,0.0672,0.1766,0.1187,0.6598,none
base,healthy_q6,cog_40_cyb_60,spatial,640,0.9047,0.7125,0.9321,0.9938,0.0594,0.0781,0.1625,0.1859,0.6568,none
base,healthy_q6,cog_40_str_60,adversarial,640,0.9313,0.7812,0.9593,0.9953,0.0516,0.0281,0.1578,0.0641,0.7443,none
base,healthy_q6,cog_40_str_60,boundary,640,0.9281,0.7281,0.9558,0.9953,0.0594,0.0484,0.2109,0.05,0.6813,none
base,healthy_q6,cog_40_str_60,coding,640,0.9156,0.7391,0.9545,0.9859,0.0641,0.025,0.1828,0.0453,0.698,none
base,healthy_q6,cog_40_str_60,epistemic,640,0.9328,0.7406,0.9595,0.9922,0.0484,0.0156,0.2219,0.0359,0.7034,none
base,healthy_q6,cog_40_str_60,forensic,640,0.9328,0.7453,0.9566,0.9906,0.0563,0.0234,0.2047,0.0484,0.705,none
base,healthy_q6,cog_40_str_60,generalist,640,0.9313,0.7406,0.9591,0.9844,0.05,0.0219,0.2,0.0344,0.7035,none
base,healthy_q6,cog_40_str_60,math,640,0.9344,0.7359,0.9558,0.9875,0.0578,0.0281,0.2062,0.0484,0.694,none
base,healthy_q6,cog_40_str_60,planning,640,0.9344,0.7937,0.9599,0.9906,0.0594,0.0156,0.1437,0.0469,0.759,none
base,healthy_q6,cog_40_str_60,rhetoric,640,0.9313,0.7703,0.9576,0.9891,0.0609,0.0266,0.1656,0.0484,0.731,none
base,healthy_q6,cog_40_str_60,spatial,640,0.9406,0.7859,0.9649,0.9891,0.05,0.0219,0.1531,0.0312,0.7527,none
base,healthy_q6,cog_50_cyb_50,adversarial,640,0.9219,0.7172,0.9501,0.9891,0.0609,0.0656,0.2016,0.0719,0.6661,none
base,healthy_q6,cog_50_cyb_50,boundary,640,0.8969,0.6875,0.9466,0.9922,0.0828,0.0844,0.1812,0.0641,0.6281,none
base,healthy_q6,cog_50_cyb_50,coding,640,0.8969,0.6781,0.9412,0.9828,0.0688,0.0969,0.1766,0.1047,0.6188,none
base,healthy_q6,cog_50_cyb_50,epistemic,640,0.9,0.6922,0.9428,0.9953,0.0781,0.0641,0.2094,0.0797,0.6352,none
base,healthy_q6,cog_50_cyb_50,forensic,640,0.9125,0.6859,0.9444,0.9938,0.0625,0.0875,0.1922,0.1094,0.6288,none
base,healthy_q6,cog_50_cyb_50,generalist,640,0.8922,0.6766,0.9475,0.9906,0.0703,0.0859,0.175,0.0719,0.6207,none
base,healthy_q6,cog_50_cyb_50,math,640,0.8656,0.6469,0.915,0.9938,0.0656,0.0984,0.2,0.2812,0.5774,none
base,healthy_q6,cog_50_cyb_50,planning,640,0.9,0.7203,0.9414,0.9922,0.0828,0.0719,0.1562,0.0984,0.6637,none
base,healthy_q6,cog_50_cyb_50,rhetoric,640,0.8938,0.6484,0.9355,0.9891,0.0734,0.0672,0.2562,0.1094,0.587,none
base,healthy_q6,cog_50_cyb_50,spatial,640,0.9031,0.6797,0.9334,0.9938,0.0688,0.0766,0.1906,0.1516,0.6209,none
base,healthy_q6,cog_50_str_50,adversarial,640,0.9219,0.7578,0.955,0.9906,0.0656,0.0312,0.1688,0.0563,0.7156,none
base,healthy_q6,cog_50_str_50,boundary,640,0.9125,0.7109,0.9486,0.9875,0.0688,0.0469,0.2203,0.0563,0.6605,none
base,healthy_q6,cog_50_str_50,coding,640,0.9328,0.7781,0.9594,0.9875,0.0547,0.0266,0.1547,0.05,0.7415,none
base,healthy_q6,cog_50_str_50,epistemic,640,0.9313,0.7156,0.9596,0.9953,0.0516,0.0141,0.2406,0.0297,0.6766,none
base,healthy_q6,cog_50_str_50,forensic,640,0.9359,0.7844,0.9587,0.9922,0.05,0.0219,0.1562,0.0625,0.7494,none
base,healthy_q6,cog_50_str_50,generalist,640,0.9203,0.7375,0.9555,0.9922,0.0547,0.0344,0.2016,0.0516,0.6955,none
base,healthy_q6,cog_50_str_50,math,640,0.9234,0.7297,0.9517,0.9891,0.0594,0.0219,0.2234,0.0594,0.6867,none
base,healthy_q6,cog_50_str_50,planning,640,0.9359,0.7484,0.9569,0.9922,0.0516,0.0344,0.1906,0.0563,0.708,none
base,healthy_q6,cog_50_str_50,rhetoric,640,0.9156,0.7234,0.9521,0.9859,0.0578,0.025,0.225,0.0563,0.6803,none
base,healthy_q6,cog_50_str_50,spatial,640,0.9406,0.7578,0.9589,0.9844,0.0469,0.0328,0.1812,0.0516,0.7201,none
base,healthy_q6,cog_60_cyb_40,adversarial,640,0.9156,0.6906,0.9505,0.9875,0.0688,0.0766,0.2031,0.0547,0.6357,none
base,healthy_q6,cog_60_cyb_40,boundary,640,0.8984,0.6766,0.9449,0.9891,0.0922,0.0969,0.1859,0.0531,0.612,none
base,healthy_q6,cog_60_cyb_40,coding,640,0.9219,0.7219,0.9443,0.9922,0.0453,0.0813,0.175,0.1375,0.6712,none
base,healthy_q6,cog_60_cyb_40,epistemic,640,0.8922,0.6687,0.9437,0.9891,0.0734,0.075,0.2219,0.0719,0.6104,none
base,healthy_q6,cog_60_cyb_40,forensic,640,0.9094,0.6828,0.9416,0.9844,0.0641,0.075,0.2016,0.1031,0.6273,none
base,healthy_q6,cog_60_cyb_40,generalist,640,0.8766,0.6734,0.9393,0.9906,0.075,0.0766,0.1969,0.0938,0.6152,none
base,healthy_q6,cog_60_cyb_40,math,640,0.8469,0.6516,0.9092,0.9906,0.0703,0.0656,0.225,0.2844,0.5851,none
base,healthy_q6,cog_60_cyb_40,planning,640,0.9031,0.7016,0.9457,0.9969,0.0766,0.0734,0.1844,0.075,0.6454,none
base,healthy_q6,cog_60_cyb_40,rhetoric,640,0.9156,0.6813,0.9479,0.9969,0.0578,0.0641,0.2219,0.0906,0.6288,none
base,healthy_q6,cog_60_cyb_40,spatial,640,0.9125,0.7344,0.9379,0.9922,0.0547,0.0469,0.1828,0.1578,0.6861,none
base,healthy_q6,cog_60_str_40,adversarial,640,0.9125,0.7063,0.9514,0.9922,0.0688,0.0547,0.2,0.0578,0.6558,none
base,healthy_q6,cog_60_str_40,boundary,640,0.9062,0.6891,0.945,0.9906,0.0813,0.0406,0.2344,0.0594,0.6348,none
base,healthy_q6,cog_60_str_40,coding,640,0.9187,0.7375,0.9555,0.9859,0.0563,0.0453,0.1766,0.0516,0.6949,none
base,healthy_q6,cog_60_str_40,epistemic,640,0.9234,0.7438,0.9606,0.9938,0.0563,0.0344,0.1875,0.0312,0.7034,none
base,healthy_q6,cog_60_str_40,forensic,640,0.9328,0.7609,0.9577,0.9906,0.0531,0.0406,0.1719,0.0578,0.7202,none
base,healthy_q6,cog_60_str_40,generalist,640,0.9219,0.7188,0.958,0.9891,0.05,0.0531,0.2031,0.0406,0.6748,none
base,healthy_q6,cog_60_str_40,math,640,0.9391,0.7203,0.9594,0.9906,0.0422,0.0469,0.2094,0.0563,0.6787,none
base,healthy_q6,cog_60_str_40,planning,640,0.9172,0.7516,0.9564,0.9906,0.0719,0.0422,0.1484,0.0375,0.7078,none
base,healthy_q6,cog_60_str_40,rhetoric,640,0.9344,0.7359,0.9571,0.9859,0.0563,0.0234,0.2078,0.0406,0.6957,none
base,healthy_q6,cog_60_str_40,spatial,640,0.9187,0.7391,0.9546,0.9891,0.0609,0.0375,0.1703,0.0563,0.6968,none
base,healthy_q6,cog_75_cyb_25,adversarial,640,0.9016,0.7094,0.9454,0.9938,0.0875,0.0641,0.1734,0.0734,0.6528,none
base,healthy_q6,cog_75_cyb_25,boundary,640,0.9094,0.6859,0.9482,0.9891,0.075,0.0797,0.1906,0.0625,0.6291,none
base,healthy_q6,cog_75_cyb_25,coding,640,0.8984,0.7,0.9341,0.9891,0.0688,0.0625,0.1844,0.1484,0.6447,none
base,healthy_q6,cog_75_cyb_25,epistemic,640,0.8875,0.6797,0.9424,0.9875,0.075,0.0531,0.2094,0.0734,0.6261,none
base,healthy_q6,cog_75_cyb_25,forensic,640,0.8891,0.6797,0.9271,0.9938,0.0859,0.0766,0.1953,0.1656,0.6147,none
base,healthy_q6,cog_75_cyb_25,generalist,640,0.9078,0.7016,0.9534,0.9922,0.0484,0.0734,0.1828,0.0719,0.6541,none
base,healthy_q6,cog_75_cyb_25,math,640,0.8719,0.6672,0.9146,0.9906,0.0688,0.0406,0.25,0.25,0.6059,none
base,healthy_q6,cog_75_cyb_25,planning,640,0.8969,0.7016,0.9451,0.9938,0.0781,0.0547,0.1875,0.0734,0.6485,none
base,healthy_q6,cog_75_cyb_25,rhetoric,640,0.9141,0.6687,0.9466,0.9844,0.0594,0.0734,0.2406,0.0781,0.6131,none
base,healthy_q6,cog_75_cyb_25,spatial,640,0.9141,0.7281,0.9439,0.9891,0.0563,0.05,0.1781,0.125,0.6808,none
base,healthy_q6,cog_75_str_25,adversarial,640,0.9047,0.7078,0.9471,0.9875,0.0797,0.0406,0.2031,0.0594,0.6566,none
base,healthy_q6,cog_75_str_25,boundary,640,0.9031,0.675,0.9415,0.9844,0.0797,0.0656,0.2234,0.0734,0.6164,none
base,healthy_q6,cog_75_str_25,coding,640,0.9234,0.7562,0.9514,0.9828,0.0547,0.0437,0.1672,0.0797,0.7137,none
base,healthy_q6,cog_75_str_25,epistemic,640,0.9031,0.6906,0.9493,0.9875,0.0688,0.0344,0.2313,0.0422,0.6425,none
base,healthy_q6,cog_75_str_25,forensic,640,0.9031,0.7109,0.9452,0.9922,0.0781,0.0437,0.1984,0.0766,0.659,none
base,healthy_q6,cog_75_str_25,generalist,640,0.9234,0.7203,0.9574,0.9906,0.0656,0.0578,0.1922,0.0266,0.6724,none
base,healthy_q6,cog_75_str_25,math,640,0.9141,0.6813,0.9467,0.9922,0.0625,0.0266,0.2547,0.0781,0.6329,none
base,healthy_q6,cog_75_str_25,planning,640,0.9281,0.7188,0.9562,0.9938,0.0578,0.0469,0.1938,0.0531,0.6739,none
base,healthy_q6,cog_75_str_25,rhetoric,640,0.9391,0.7109,0.9572,0.9969,0.0406,0.0437,0.2297,0.0672,0.6683,none
base,healthy_q6,cog_75_str_25,spatial,640,0.9359,0.7594,0.9626,0.9953,0.0594,0.0547,0.1484,0.0359,0.717,none
base,healthy_q6,cognitive_only,adversarial,640,0.7625,0.5766,0.8671,0.9859,0.0984,0.0406,0.2391,0.4688,0.4963,none
base,healthy_q6,cognitive_only,boundary,640,0.7766,0.6062,0.8624,0.9953,0.0797,0.0641,0.2047,0.5281,0.5267,none
base,healthy_q6,cognitive_only,coding,640,0.7953,0.6578,0.8814,0.9891,0.0781,0.05,0.1844,0.4047,0.5894,none
base,healthy_q6,cognitive_only,epistemic,640,0.8469,0.6781,0.9186,0.9906,0.0641,0.0312,0.2125,0.1984,0.6257,none
base,healthy_q6,cognitive_only,forensic,640,0.7672,0.6062,0.8548,0.9875,0.0766,0.0469,0.2125,0.5203,0.5309,none
base,healthy_q6,cognitive_only,generalist,640,0.8266,0.675,0.9129,0.9828,0.0688,0.0297,0.2047,0.225,0.6208,none
base,healthy_q6,cognitive_only,math,640,0.8187,0.625,0.8947,0.9844,0.0625,0.0391,0.2594,0.3578,0.5598,none
base,healthy_q6,cognitive_only,planning,640,0.8703,0.7219,0.919,0.9875,0.0844,0.0219,0.1734,0.2094,0.6678,none
base,healthy_q6,cognitive_only,rhetoric,640,0.8953,0.6844,0.9169,0.9844,0.0531,0.0484,0.2297,0.2516,0.6278,none
base,healthy_q6,cognitive_only,spatial,640,0.8516,0.6922,0.9088,0.9891,0.0719,0.0484,0.1688,0.2766,0.6336,none
base,healthy_q6,cyb_25_str_75,adversarial,640,0.9062,0.7297,0.9476,0.9875,0.0781,0.0469,0.1875,0.0625,0.6787,none
base,healthy_q6,cyb_25_str_75,boundary,640,0.9234,0.725,0.9544,0.9859,0.0578,0.0437,0.1891,0.0563,0.681,none
base,healthy_q6,cyb_25_str_75,coding,640,0.9328,0.7797,0.9582,0.9797,0.0594,0.0312,0.1484,0.0406,0.7417,none
base,healthy_q6,cyb_25_str_75,epistemic,640,0.8984,0.7141,0.9476,0.9906,0.0656,0.025,0.2062,0.0656,0.6696,none
base,healthy_q6,cyb_25_str_75,forensic,640,0.925,0.775,0.9606,0.9891,0.0641,0.0266,0.15,0.0312,0.7369,none
base,healthy_q6,cyb_25_str_75,generalist,640,0.925,0.7328,0.9599,0.9891,0.0453,0.0422,0.1828,0.0453,0.6939,none
base,healthy_q6,cyb_25_str_75,math,640,0.9281,0.7047,0.956,0.9922,0.0609,0.0422,0.2188,0.0422,0.6584,none
base,healthy_q6,cyb_25_str_75,planning,640,0.9391,0.7937,0.9621,0.9844,0.05,0.0312,0.1469,0.0391,0.7588,none
base,healthy_q6,cyb_25_str_75,rhetoric,640,0.9344,0.7281,0.9564,0.9875,0.05,0.0266,0.2188,0.0516,0.6877,none
base,healthy_q6,cyb_25_str_75,spatial,640,0.9297,0.7766,0.9574,0.9859,0.0578,0.0344,0.1562,0.0531,0.7372,none
base,healthy_q6,cyb_40_str_60,adversarial,640,0.9297,0.7406,0.9529,0.9906,0.0609,0.0469,0.1984,0.0609,0.694,none
base,healthy_q6,cyb_40_str_60,boundary,640,0.9266,0.725,0.9572,0.9891,0.0641,0.0641,0.1797,0.0375,0.6767,none
base,healthy_q6,cyb_40_str_60,coding,640,0.9234,0.7422,0.9565,0.9906,0.0531,0.0563,0.1516,0.0641,0.6997,none
base,healthy_q6,cyb_40_str_60,epistemic,640,0.9203,0.7359,0.96,0.9875,0.05,0.0406,0.1703,0.0422,0.6971,none
base,healthy_q6,cyb_40_str_60,forensic,640,0.9313,0.7625,0.9574,0.9844,0.0516,0.0469,0.1609,0.0563,0.722,none
base,healthy_q6,cyb_40_str_60,generalist,640,0.9266,0.7453,0.9614,0.9953,0.0531,0.0406,0.1781,0.0359,0.7052,none
base,healthy_q6,cyb_40_str_60,math,640,0.9234,0.7531,0.9539,0.9844,0.0563,0.0375,0.1844,0.0656,0.7107,none
base,healthy_q6,cyb_40_str_60,planning,640,0.9281,0.7703,0.9605,0.9922,0.0531,0.05,0.1422,0.05,0.7305,none
base,healthy_q6,cyb_40_str_60,rhetoric,640,0.9172,0.7234,0.9539,0.9953,0.0719,0.0437,0.1922,0.0484,0.6753,none
base,healthy_q6,cyb_40_str_60,spatial,640,0.9328,0.7812,0.9611,0.9906,0.0609,0.0484,0.1313,0.0453,0.7405,none
base,healthy_q6,cyb_50_str_50,adversarial,640,0.9281,0.7844,0.9577,0.9906,0.0672,0.05,0.15,0.0469,0.7399,none
base,healthy_q6,cyb_50_str_50,boundary,640,0.9375,0.7078,0.9564,0.9938,0.0484,0.0641,0.2141,0.0594,0.6604,none
base,healthy_q6,cyb_50_str_50,coding,640,0.9375,0.7391,0.96,0.9922,0.0484,0.0594,0.1656,0.0516,0.6968,none
base,healthy_q6,cyb_50_str_50,epistemic,640,0.9141,0.7078,0.9539,0.9938,0.0547,0.0406,0.2078,0.0547,0.6639,none
base,healthy_q6,cyb_50_str_50,forensic,640,0.9297,0.775,0.96,0.9938,0.0609,0.0375,0.1406,0.0453,0.7357,none
base,healthy_q6,cyb_50_str_50,generalist,640,0.9297,0.7328,0.9573,0.9859,0.0453,0.05,0.1922,0.0516,0.6913,none
base,healthy_q6,cyb_50_str_50,math,640,0.925,0.7141,0.957,0.9734,0.0344,0.0437,0.2172,0.0594,0.6747,none
base,healthy_q6,cyb_50_str_50,planning,640,0.9297,0.7703,0.9573,0.9906,0.0563,0.0516,0.1422,0.0578,0.7289,none
base,healthy_q6,cyb_50_str_50,rhetoric,640,0.9094,0.7219,0.9501,0.9812,0.0641,0.0328,0.1984,0.0609,0.6772,none
base,healthy_q6,cyb_50_str_50,spatial,640,0.95,0.7969,0.9709,0.9938,0.0391,0.0516,0.1219,0.0344,0.7634,none
base,healthy_q6,cyb_60_str_40,adversarial,640,0.9375,0.7625,0.9587,0.9812,0.05,0.0625,0.1609,0.0531,0.7195,none
base,healthy_q6,cyb_60_str_40,boundary,640,0.9187,0.7172,0.9551,0.9906,0.0641,0.0547,0.1953,0.0437,0.6692,none
base,healthy_q6,cyb_60_str_40,coding,640,0.9313,0.7328,0.958,0.9844,0.0547,0.0547,0.1797,0.0422,0.689,none
base,healthy_q6,cyb_60_str_40,epistemic,640,0.9094,0.7266,0.9552,0.9922,0.0719,0.0563,0.1828,0.0344,0.6774,none
base,healthy_q6,cyb_60_str_40,forensic,640,0.9359,0.7453,0.9591,0.9922,0.0531,0.0531,0.1672,0.0531,0.7027,none
base,healthy_q6,cyb_60_str_40,generalist,640,0.9031,0.7375,0.9522,0.9938,0.0719,0.0734,0.1562,0.0547,0.686,none
base,healthy_q6,cyb_60_str_40,math,640,0.9391,0.7312,0.9593,0.9781,0.0391,0.0625,0.1906,0.0578,0.6889,none
base,healthy_q6,cyb_60_str_40,planning,640,0.9219,0.7516,0.9551,0.9906,0.0594,0.0437,0.1453,0.0625,0.7102,none
base,healthy_q6,cyb_60_str_40,rhetoric,640,0.9281,0.7391,0.9567,0.9859,0.0547,0.0437,0.1859,0.0516,0.6965,none
base,healthy_q6,cyb_60_str_40,spatial,640,0.9156,0.7375,0.9526,0.9812,0.0672,0.0609,0.1562,0.0578,0.6898,none
base,healthy_q6,cyb_75_str_25,adversarial,640,0.9031,0.7078,0.9491,0.9859,0.0719,0.0672,0.1828,0.0609,0.6551,none
base,healthy_q6,cyb_75_str_25,boundary,640,0.9266,0.6562,0.9538,0.9859,0.0563,0.1062,0.2062,0.0516,0.599,none
base,healthy_q6,cyb_75_str_25,coding,640,0.9344,0.7562,0.9624,0.9969,0.0563,0.0531,0.1547,0.0406,0.7143,none
base,healthy_q6,cyb_75_str_25,epistemic,640,0.9391,0.7344,0.9631,0.9844,0.0422,0.0656,0.1766,0.0359,0.6927,none
base,healthy_q6,cyb_75_str_25,forensic,640,0.9266,0.7328,0.9608,0.9906,0.0594,0.0781,0.1562,0.0375,0.685,none
base,healthy_q6,cyb_75_str_25,generalist,640,0.8953,0.7109,0.949,0.9719,0.05,0.0813,0.1609,0.0734,0.6631,none
base,healthy_q6,cyb_75_str_25,math,640,0.8812,0.6531,0.9312,0.9578,0.0672,0.0656,0.2281,0.1266,0.5953,none
base,healthy_q6,cyb_75_str_25,planning,640,0.9375,0.75,0.9577,0.9781,0.0406,0.0828,0.1328,0.0672,0.7073,none
base,healthy_q6,cyb_75_str_25,rhetoric,640,0.9094,0.7016,0.9543,0.9953,0.0672,0.0844,0.1734,0.0563,0.6478,none
base,healthy_q6,cyb_75_str_25,spatial,640,0.9203,0.7328,0.9525,0.9719,0.0547,0.0563,0.1594,0.0656,0.6891,none
base,healthy_q6,cyber_only,adversarial,640,0.9187,0.7063,0.9542,0.9922,0.0609,0.0719,0.1891,0.0594,0.6555,none
base,healthy_q6,cyber_only,boundary,640,0.9141,0.6906,0.9517,0.9922,0.0656,0.0922,0.1938,0.0563,0.6342,none
base,healthy_q6,cyber_only,coding,640,0.8391,0.6438,0.9113,0.9719,0.0703,0.0906,0.1844,0.2328,0.5781,none
base,healthy_q6,cyber_only,epistemic,640,0.7781,0.6141,0.8898,0.9437,0.0641,0.0641,0.2094,0.2812,0.5512,none
base,healthy_q6,cyber_only,forensic,640,0.9047,0.6937,0.938,0.9938,0.0641,0.0891,0.1938,0.1391,0.6343,none
base,healthy_q6,cyber_only,generalist,640,0.7906,0.6359,0.8825,0.9266,0.0625,0.0734,0.1844,0.3203,0.5717,none
base,healthy_q6,cyber_only,math,640,0.6625,0.5016,0.8094,0.8703,0.0828,0.0719,0.2234,0.6531,0.4118,none
base,healthy_q6,cyber_only,planning,640,0.7875,0.6406,0.8691,0.9141,0.0734,0.0688,0.175,0.3734,0.5722,none
base,healthy_q6,cyber_only,rhetoric,640,0.8016,0.6094,0.8858,0.9563,0.0797,0.075,0.2266,0.3219,0.5363,none
base,healthy_q6,cyber_only,spatial,640,0.725,0.5672,0.8269,0.8844,0.0906,0.0984,0.1437,0.5391,0.4819,none
base,healthy_q6,structural_only,adversarial,640,0.9141,0.7672,0.9542,0.9891,0.0734,0.0125,0.1719,0.0437,0.7267,none
base,healthy_q6,structural_only,boundary,640,0.9109,0.7375,0.9515,0.9906,0.075,0.0234,0.1953,0.0469,0.6923,none
base,healthy_q6,structural_only,coding,640,0.925,0.7672,0.957,0.9891,0.0609,0.025,0.1609,0.05,0.7285,none
base,healthy_q6,structural_only,epistemic,640,0.9094,0.7484,0.9524,0.9859,0.0672,0.0,0.1922,0.0406,0.7109,none
base,healthy_q6,structural_only,forensic,640,0.9281,0.7578,0.9591,0.9969,0.0578,0.0109,0.2,0.0406,0.7202,none
base,healthy_q6,structural_only,generalist,640,0.9141,0.7484,0.9557,0.9844,0.0609,0.0281,0.1703,0.0422,0.7088,none
base,healthy_q6,structural_only,math,640,0.9375,0.7391,0.9581,0.9859,0.05,0.0125,0.2094,0.0469,0.7025,none
base,healthy_q6,structural_only,planning,640,0.9266,0.7734,0.9561,0.9812,0.0563,0.0203,0.1641,0.0453,0.7371,none
base,healthy_q6,structural_only,rhetoric,640,0.9141,0.7422,0.9535,0.9875,0.0656,0.0125,0.1984,0.0469,0.7018,none
base,healthy_q6,structural_only,spatial,640,0.9125,0.7672,0.9567,0.9953,0.0656,0.0109,0.1656,0.0453,0.7298,none
base,healthy_q6,tri_boundary_heavy,adversarial,640,0.9141,0.7266,0.9533,0.9906,0.0672,0.0469,0.1859,0.0531,0.6795,none
base,healthy_q6,tri_boundary_heavy,boundary,640,0.9141,0.725,0.9504,0.9906,0.0703,0.0594,0.1812,0.0625,0.6744,none
base,healthy_q6,tri_boundary_heavy,coding,640,0.9266,0.7297,0.9558,0.9922,0.0609,0.0688,0.1672,0.0578,0.6814,none
base,healthy_q6,tri_boundary_heavy,epistemic,640,0.9062,0.7219,0.9522,0.9922,0.0703,0.0531,0.175,0.0547,0.6734,none
base,healthy_q6,tri_boundary_heavy,forensic,640,0.9266,0.7188,0.9542,0.9938,0.0578,0.0484,0.1859,0.0641,0.6736,none
base,healthy_q6,tri_boundary_heavy,generalist,640,0.9344,0.7,0.9611,0.9891,0.0469,0.0938,0.1891,0.0312,0.6505,none
base,healthy_q6,tri_boundary_heavy,math,640,0.9516,0.7422,0.9641,0.9875,0.0344,0.0391,0.2016,0.0437,0.7058,none
base,healthy_q6,tri_boundary_heavy,planning,640,0.9203,0.7547,0.9545,0.9891,0.0563,0.0437,0.1641,0.0609,0.7129,none
base,healthy_q6,tri_boundary_heavy,rhetoric,640,0.9313,0.7234,0.9611,0.9984,0.0609,0.0563,0.1969,0.0312,0.6766,none
base,healthy_q6,tri_boundary_heavy,spatial,640,0.9328,0.7578,0.9627,0.9875,0.0484,0.0625,0.1547,0.0406,0.7164,none
base,healthy_q6,tri_cognitive_bridge,adversarial,640,0.925,0.7328,0.9553,0.9953,0.0625,0.0578,0.1797,0.0625,0.685,none
base,healthy_q6,tri_cognitive_bridge,boundary,640,0.9281,0.6906,0.9553,0.9875,0.0547,0.0844,0.2094,0.0484,0.6382,none
base,healthy_q6,tri_cognitive_bridge,coding,640,0.9453,0.7672,0.9637,0.9922,0.0422,0.0547,0.1516,0.0484,0.729,none
base,healthy_q6,tri_cognitive_bridge,epistemic,640,0.9234,0.7188,0.9572,0.9891,0.0469,0.0469,0.1906,0.0547,0.6773,none
base,healthy_q6,tri_cognitive_bridge,forensic,640,0.9375,0.7422,0.9573,0.9953,0.0437,0.0391,0.2031,0.0641,0.7018,none
base,healthy_q6,tri_cognitive_bridge,generalist,640,0.9125,0.7156,0.954,0.9812,0.0625,0.0688,0.1812,0.0391,0.6667,none
base,healthy_q6,tri_cognitive_bridge,math,640,0.9531,0.75,0.9639,0.9938,0.0406,0.0484,0.1797,0.0516,0.7112,none
base,healthy_q6,tri_cognitive_bridge,planning,640,0.9422,0.7641,0.9638,0.9906,0.0484,0.0563,0.1469,0.0391,0.7246,none
base,healthy_q6,tri_cognitive_bridge,rhetoric,640,0.9187,0.7375,0.9548,0.9938,0.0688,0.0656,0.1578,0.0578,0.6882,none
base,healthy_q6,tri_cognitive_bridge,spatial,640,0.9313,0.7703,0.96,0.9922,0.0563,0.0437,0.1453,0.0516,0.7305,none
base,healthy_q6,tri_cognitive_heavy,adversarial,640,0.9328,0.75,0.9598,0.9953,0.0594,0.0391,0.1844,0.0406,0.7076,none
base,healthy_q6,tri_cognitive_heavy,boundary,640,0.9203,0.7047,0.9542,0.9922,0.0641,0.0781,0.1844,0.0531,0.6524,none
base,healthy_q6,tri_cognitive_heavy,coding,640,0.9437,0.7312,0.9623,0.9938,0.0406,0.0672,0.1797,0.0516,0.6887,none
base,healthy_q6,tri_cognitive_heavy,epistemic,640,0.9297,0.725,0.9591,0.9922,0.0453,0.0437,0.2031,0.0453,0.6841,none
base,healthy_q6,tri_cognitive_heavy,forensic,640,0.9281,0.7359,0.957,0.9906,0.0609,0.05,0.1719,0.0484,0.6915,none
base,healthy_q6,tri_cognitive_heavy,generalist,640,0.9062,0.6578,0.9464,0.9828,0.0766,0.0734,0.2375,0.0391,0.5992,none
base,healthy_q6,tri_cognitive_heavy,math,640,0.9453,0.7016,0.9629,0.9844,0.0344,0.0688,0.2266,0.0344,0.6577,none
base,healthy_q6,tri_cognitive_heavy,planning,640,0.9281,0.7531,0.9586,0.9938,0.0594,0.0422,0.1547,0.0453,0.7122,none
base,healthy_q6,tri_cognitive_heavy,rhetoric,640,0.9531,0.7281,0.9642,0.9906,0.0375,0.0422,0.2141,0.0375,0.6894,none
base,healthy_q6,tri_cognitive_heavy,spatial,640,0.9391,0.7484,0.9641,0.9828,0.0469,0.075,0.15,0.0344,0.7057,none
base,healthy_q6,tri_cyber_heavy,adversarial,640,0.9203,0.7312,0.9555,0.9844,0.0703,0.0813,0.1516,0.0437,0.6796,none
base,healthy_q6,tri_cyber_heavy,boundary,640,0.9094,0.6781,0.9477,0.9891,0.0766,0.0953,0.1859,0.0625,0.6181,none
base,healthy_q6,tri_cyber_heavy,coding,640,0.9266,0.7047,0.9533,0.9906,0.0609,0.0922,0.175,0.0609,0.6509,none
base,healthy_q6,tri_cyber_heavy,epistemic,640,0.9109,0.6953,0.9531,0.9938,0.0656,0.0734,0.1906,0.05,0.6432,none
base,healthy_q6,tri_cyber_heavy,forensic,640,0.9156,0.7375,0.9555,0.9859,0.0672,0.0766,0.1531,0.0453,0.6875,none
base,healthy_q6,tri_cyber_heavy,generalist,640,0.9172,0.6922,0.9576,0.9859,0.05,0.0922,0.1812,0.0437,0.6421,none
base,healthy_q6,tri_cyber_heavy,math,640,0.9219,0.7094,0.9544,0.9938,0.0547,0.0656,0.2141,0.0641,0.6595,none
base,healthy_q6,tri_cyber_heavy,planning,640,0.9156,0.7406,0.9563,0.9891,0.0656,0.0953,0.1125,0.0516,0.6903,none
base,healthy_q6,tri_cyber_heavy,rhetoric,640,0.9313,0.7266,0.9566,0.9891,0.0594,0.0563,0.1891,0.0453,0.6801,none
base,healthy_q6,tri_cyber_heavy,spatial,640,0.9266,0.7375,0.9585,0.9938,0.0625,0.0734,0.1484,0.05,0.6897,none
base,healthy_q6,tri_equal_routed,adversarial,640,0.9187,0.6937,0.9522,0.9922,0.0594,0.0672,0.2203,0.0594,0.6419,none
base,healthy_q6,tri_equal_routed,boundary,640,0.9297,0.7141,0.9562,0.9891,0.0531,0.0953,0.1781,0.0578,0.6619,none
base,healthy_q6,tri_equal_routed,coding,640,0.9266,0.7156,0.9546,0.9859,0.0625,0.075,0.1672,0.0516,0.6659,none
base,healthy_q6,tri_equal_routed,epistemic,640,0.9203,0.6969,0.957,0.9953,0.05,0.0563,0.2094,0.0484,0.6515,none
base,healthy_q6,tri_equal_routed,forensic,640,0.9375,0.7344,0.9606,0.9922,0.0531,0.0781,0.1656,0.0484,0.6871,none
base,healthy_q6,tri_equal_routed,generalist,640,0.9094,0.6969,0.9507,0.9812,0.0578,0.0688,0.1938,0.0563,0.6475,none
base,healthy_q6,tri_equal_routed,math,640,0.9266,0.6844,0.9542,0.9875,0.0594,0.0656,0.2313,0.0453,0.6327,none
base,healthy_q6,tri_equal_routed,planning,640,0.9328,0.7266,0.9574,0.9891,0.0563,0.0797,0.1656,0.0469,0.6782,none
base,healthy_q6,tri_equal_routed,rhetoric,640,0.9125,0.6797,0.9524,0.9922,0.0719,0.0828,0.2156,0.0422,0.6222,none
base,healthy_q6,tri_equal_routed,spatial,640,0.9281,0.7297,0.9577,0.9906,0.0609,0.0656,0.1641,0.0469,0.6828,none
base,healthy_q6,tri_naive_equal_all_fire,adversarial,640,0.8828,0.5125,0.919,0.9906,0.0734,0.2969,0.2469,0.0609,0.4083,none
base,healthy_q6,tri_naive_equal_all_fire,boundary,640,0.9078,0.4672,0.9176,0.9938,0.0625,0.3234,0.3172,0.05,0.3559,none
base,healthy_q6,tri_naive_equal_all_fire,coding,640,0.9203,0.4906,0.9265,0.9938,0.0609,0.325,0.2234,0.0391,0.3875,none
base,healthy_q6,tri_naive_equal_all_fire,epistemic,640,0.8797,0.525,0.9234,0.9875,0.0969,0.2469,0.2516,0.025,0.4252,none
base,healthy_q6,tri_naive_equal_all_fire,forensic,640,0.8859,0.4984,0.9185,0.9781,0.0797,0.3344,0.2344,0.0422,0.3868,none
base,healthy_q6,tri_naive_equal_all_fire,generalist,640,0.9,0.4938,0.9234,0.9875,0.0703,0.3047,0.2391,0.0297,0.3911,none
base,healthy_q6,tri_naive_equal_all_fire,math,640,0.8906,0.4844,0.9209,0.9922,0.0906,0.2828,0.2797,0.0391,0.3763,none
base,healthy_q6,tri_naive_equal_all_fire,planning,640,0.9141,0.5656,0.9327,0.9938,0.0516,0.3141,0.1797,0.0453,0.4707,none
base,healthy_q6,tri_naive_equal_all_fire,rhetoric,640,0.9078,0.5047,0.9259,0.9891,0.0594,0.3328,0.2344,0.0516,0.399,none
base,healthy_q6,tri_naive_equal_all_fire,spatial,640,0.9094,0.5281,0.9292,0.9891,0.0609,0.3141,0.2141,0.0437,0.4277,none
base,healthy_q6,tri_naive_structural_heavy_all_fire,adversarial,640,0.875,0.4578,0.9102,0.9891,0.0906,0.3359,0.2359,0.0609,0.3415,none
base,healthy_q6,tri_naive_structural_heavy_all_fire,boundary,640,0.9047,0.5312,0.9231,0.9891,0.0781,0.275,0.2406,0.0375,0.4317,none
base,healthy_q6,tri_naive_structural_heavy_all_fire,coding,640,0.9172,0.5422,0.9315,0.9922,0.0516,0.2953,0.1969,0.0453,0.4496,none
base,healthy_q6,tri_naive_structural_heavy_all_fire,epistemic,640,0.9031,0.5141,0.9299,0.9938,0.0656,0.2891,0.2375,0.0391,0.4156,none
base,healthy_q6,tri_naive_structural_heavy_all_fire,forensic,640,0.8844,0.4969,0.9195,0.9906,0.0781,0.3141,0.2078,0.0672,0.3906,none
base,healthy_q6,tri_naive_structural_heavy_all_fire,generalist,640,0.8844,0.4672,0.9165,0.9922,0.0766,0.3344,0.2531,0.0422,0.355,none
base,healthy_q6,tri_naive_structural_heavy_all_fire,math,640,0.9156,0.5156,0.9318,0.9859,0.0531,0.2719,0.2578,0.0469,0.4223,none
base,healthy_q6,tri_naive_structural_heavy_all_fire,planning,640,0.9094,0.5062,0.9256,0.9875,0.0625,0.2922,0.2203,0.0453,0.4092,none
base,healthy_q6,tri_naive_structural_heavy_all_fire,rhetoric,640,0.9203,0.5219,0.9292,0.9938,0.0609,0.2984,0.2328,0.0516,0.4227,none
base,healthy_q6,tri_naive_structural_heavy_all_fire,spatial,640,0.9078,0.5328,0.9303,0.9938,0.075,0.2625,0.1953,0.0484,0.4398,none
base,healthy_q6,tri_structural_heavy_55,adversarial,640,0.9141,0.7312,0.9522,0.9875,0.0641,0.0594,0.1719,0.0672,0.683,none
base,healthy_q6,tri_structural_heavy_55,boundary,640,0.9203,0.7078,0.9517,0.9891,0.0594,0.0641,0.1922,0.0672,0.6585,none
base,healthy_q6,tri_structural_heavy_55,coding,640,0.9313,0.7328,0.959,0.9875,0.0578,0.0563,0.1641,0.0375,0.6892,none
base,healthy_q6,tri_structural_heavy_55,epistemic,640,0.925,0.7297,0.956,0.9906,0.0469,0.0344,0.2016,0.0563,0.6898,none
base,healthy_q6,tri_structural_heavy_55,forensic,640,0.9281,0.7312,0.9562,0.9797,0.0563,0.0516,0.1797,0.0437,0.6875,none
base,healthy_q6,tri_structural_heavy_55,generalist,640,0.9172,0.7156,0.9564,0.9938,0.0578,0.0531,0.1875,0.0469,0.6703,none
base,healthy_q6,tri_structural_heavy_55,math,640,0.9469,0.7703,0.9635,0.9859,0.0391,0.025,0.1953,0.0422,0.7359,none
base,healthy_q6,tri_structural_heavy_55,planning,640,0.9266,0.7531,0.9591,0.9906,0.05,0.0531,0.1641,0.0516,0.7118,none
base,healthy_q6,tri_structural_heavy_55,rhetoric,640,0.9141,0.7281,0.9532,0.9922,0.0719,0.0406,0.1828,0.05,0.6813,none
base,healthy_q6,tri_structural_heavy_55,spatial,640,0.9531,0.7766,0.9652,0.9938,0.0391,0.0578,0.1406,0.0531,0.7394,none
base,healthy_q6,tri_structural_heavy_60,adversarial,640,0.9453,0.7594,0.9622,0.9875,0.0344,0.0578,0.1656,0.0656,0.721,none
base,healthy_q6,tri_structural_heavy_60,boundary,640,0.9281,0.7422,0.9557,0.9953,0.0578,0.0578,0.1844,0.0594,0.6956,none
base,healthy_q6,tri_structural_heavy_60,coding,640,0.9234,0.7406,0.9578,0.9953,0.0609,0.0578,0.1703,0.0484,0.6947,none
base,healthy_q6,tri_structural_heavy_60,epistemic,640,0.9203,0.7328,0.9592,0.9938,0.0531,0.0297,0.1938,0.0391,0.6935,none
base,healthy_q6,tri_structural_heavy_60,forensic,640,0.9406,0.7656,0.9624,0.9922,0.0516,0.05,0.1516,0.0453,0.7258,none
base,healthy_q6,tri_structural_heavy_60,generalist,640,0.9328,0.7578,0.964,0.9875,0.0469,0.0641,0.1469,0.0344,0.7175,none
base,healthy_q6,tri_structural_heavy_60,math,640,0.9469,0.7266,0.9601,0.9906,0.0391,0.0453,0.2141,0.0563,0.6858,none
base,healthy_q6,tri_structural_heavy_60,planning,640,0.9469,0.7953,0.9659,0.9875,0.0422,0.0359,0.1422,0.0375,0.7622,none
base,healthy_q6,tri_structural_heavy_60,rhetoric,640,0.9484,0.7453,0.9656,0.9922,0.0453,0.0469,0.1859,0.0281,0.7061,none
base,healthy_q6,tri_structural_heavy_60,spatial,640,0.9422,0.7859,0.9658,0.9875,0.0484,0.0406,0.1375,0.0344,0.7506,none
base,healthy_q6,tri_structural_heavy_65,adversarial,640,0.9375,0.7391,0.9608,0.9906,0.0484,0.0516,0.1828,0.0453,0.6973,none
base,healthy_q6,tri_structural_heavy_65,boundary,640,0.9328,0.7359,0.957,0.9859,0.05,0.0516,0.1891,0.0547,0.6928,none
base,healthy_q6,tri_structural_heavy_65,coding,640,0.9281,0.75,0.9589,0.9891,0.0594,0.0453,0.1531,0.0437,0.7087,none
base,healthy_q6,tri_structural_heavy_65,epistemic,640,0.9172,0.7438,0.956,0.9875,0.0609,0.0281,0.1969,0.0359,0.7023,none
base,healthy_q6,tri_structural_heavy_65,forensic,640,0.9406,0.7766,0.9634,0.9875,0.0437,0.0391,0.1625,0.0406,0.7406,none
base,healthy_q6,tri_structural_heavy_65,generalist,640,0.9187,0.7391,0.9582,0.9938,0.0609,0.0422,0.1688,0.0391,0.6969,none
base,healthy_q6,tri_structural_heavy_65,math,640,0.9469,0.7203,0.9569,0.9828,0.0312,0.0469,0.225,0.0719,0.68,none
base,healthy_q6,tri_structural_heavy_65,planning,640,0.9297,0.7375,0.9565,0.9922,0.0578,0.0375,0.1766,0.0484,0.6961,none
base,healthy_q6,tri_structural_heavy_65,rhetoric,640,0.9359,0.7438,0.9605,0.9906,0.0469,0.0391,0.1891,0.0469,0.7044,none
base,healthy_q6,tri_structural_heavy_65,spatial,640,0.9375,0.7516,0.9595,0.9891,0.0469,0.0422,0.1688,0.0563,0.7128,none
base,healthy_q8,baseline,adversarial,640,0.5859,0.4906,0.7726,0.8453,0.0422,0.0156,0.1625,0.9422,0.4147,none
base,healthy_q8,baseline,boundary,640,0.5875,0.5125,0.7569,0.8453,0.0547,0.025,0.1578,0.9672,0.4301,none
base,healthy_q8,baseline,coding,640,0.6359,0.5578,0.7834,0.8547,0.0547,0.0219,0.1688,0.7828,0.4844,none
base,healthy_q8,baseline,epistemic,640,0.5797,0.5031,0.7687,0.8578,0.0563,0.0,0.1812,0.7344,0.435,none
base,healthy_q8,baseline,forensic,640,0.6094,0.5406,0.7668,0.8594,0.0516,0.0109,0.1578,0.8625,0.4672,none
base,healthy_q8,baseline,generalist,640,0.5406,0.4734,0.7676,0.8516,0.0516,0.0234,0.1562,0.7875,0.4014,none
base,healthy_q8,baseline,math,640,0.6047,0.4969,0.7823,0.8453,0.0453,0.0125,0.2031,0.8375,0.4227,none
base,healthy_q8,baseline,planning,640,0.6422,0.5719,0.7794,0.8438,0.0469,0.0078,0.1422,0.7891,0.5054,none
base,healthy_q8,baseline,rhetoric,640,0.5719,0.4953,0.7578,0.8484,0.0563,0.0063,0.1828,0.9141,0.4169,none
base,healthy_q8,baseline,spatial,640,0.6297,0.5687,0.7772,0.8578,0.0609,0.0094,0.1297,0.8078,0.4978,none
base,healthy_q8,cog_25_cyb_75,adversarial,640,0.9391,0.7297,0.9595,0.9922,0.0469,0.1,0.1578,0.0656,0.6797,none
base,healthy_q8,cog_25_cyb_75,boundary,640,0.9437,0.725,0.9619,0.9859,0.0437,0.1125,0.1516,0.0516,0.6747,none
base,healthy_q8,cog_25_cyb_75,coding,640,0.9422,0.7297,0.9652,0.9984,0.0422,0.0953,0.1688,0.0422,0.6824,none
base,healthy_q8,cog_25_cyb_75,epistemic,640,0.9422,0.7125,0.9636,0.9891,0.0406,0.0781,0.1922,0.0359,0.6675,none
base,healthy_q8,cog_25_cyb_75,forensic,640,0.9422,0.7641,0.9642,0.9922,0.05,0.0781,0.1484,0.0406,0.7195,none
base,healthy_q8,cog_25_cyb_75,generalist,640,0.9391,0.725,0.9635,0.9875,0.0281,0.0766,0.1875,0.0469,0.6839,none
base,healthy_q8,cog_25_cyb_75,math,640,0.9531,0.7562,0.9617,0.9922,0.0281,0.0563,0.1844,0.0828,0.7177,none
base,healthy_q8,cog_25_cyb_75,planning,640,0.9437,0.7531,0.9652,0.9906,0.0422,0.0875,0.125,0.0422,0.7109,none
base,healthy_q8,cog_25_cyb_75,rhetoric,640,0.9344,0.7203,0.9611,0.9906,0.0469,0.0703,0.1797,0.0469,0.6755,none
base,healthy_q8,cog_25_cyb_75,spatial,640,0.9437,0.7688,0.9624,0.9859,0.0406,0.0734,0.1313,0.0609,0.7283,none
base,healthy_q8,cog_25_str_75,adversarial,640,0.95,0.7969,0.9678,0.9891,0.0312,0.0312,0.1609,0.0453,0.7661,none
base,healthy_q8,cog_25_str_75,boundary,640,0.9453,0.7781,0.9652,0.9938,0.0469,0.0266,0.1578,0.0391,0.7442,none
base,healthy_q8,cog_25_str_75,coding,640,0.95,0.8,0.9698,0.9875,0.0375,0.0266,0.1469,0.0234,0.7705,none
base,healthy_q8,cog_25_str_75,epistemic,640,0.9391,0.7812,0.9671,0.9906,0.0344,0.0156,0.1656,0.0328,0.7529,none
base,healthy_q8,cog_25_str_75,forensic,640,0.9547,0.8125,0.9709,0.9922,0.0344,0.0359,0.1313,0.0359,0.7827,none
base,healthy_q8,cog_25_str_75,generalist,640,0.9219,0.7516,0.9627,0.9922,0.0406,0.0234,0.1781,0.0453,0.7182,none
base,healthy_q8,cog_25_str_75,math,640,0.9516,0.7703,0.9636,0.9859,0.0297,0.0141,0.1984,0.0547,0.74,none
base,healthy_q8,cog_25_str_75,planning,640,0.9531,0.85,0.9672,0.9859,0.0359,0.0156,0.1062,0.0531,0.8249,none
base,healthy_q8,cog_25_str_75,rhetoric,640,0.9375,0.7703,0.9611,0.9875,0.0469,0.0281,0.1719,0.0484,0.7345,none
base,healthy_q8,cog_25_str_75,spatial,640,0.9469,0.8234,0.9684,0.9906,0.0406,0.0219,0.1234,0.0391,0.795,none
base,healthy_q8,cog_40_cyb_60,adversarial,640,0.9406,0.7141,0.9607,0.9875,0.0484,0.0922,0.1766,0.0437,0.6648,none
base,healthy_q8,cog_40_cyb_60,boundary,640,0.9156,0.7,0.9527,0.9938,0.0641,0.0953,0.1734,0.0641,0.6446,none
base,healthy_q8,cog_40_cyb_60,coding,640,0.9234,0.7125,0.9573,0.9891,0.0484,0.0922,0.1469,0.0703,0.6643,none
base,healthy_q8,cog_40_cyb_60,epistemic,640,0.9266,0.7391,0.9599,0.9859,0.05,0.0625,0.1719,0.0422,0.6957,none
base,healthy_q8,cog_40_cyb_60,forensic,640,0.9469,0.7234,0.9628,0.9875,0.0359,0.0859,0.1812,0.05,0.6785,none
base,healthy_q8,cog_40_cyb_60,generalist,640,0.9359,0.7391,0.9622,0.9859,0.0312,0.0797,0.1578,0.0563,0.6983,none
base,healthy_q8,cog_40_cyb_60,math,640,0.9516,0.7063,0.9591,0.9938,0.0312,0.0875,0.2094,0.0875,0.6583,none
base,healthy_q8,cog_40_cyb_60,planning,640,0.9516,0.7516,0.9649,0.9844,0.0375,0.0844,0.1359,0.0453,0.7103,none
base,healthy_q8,cog_40_cyb_60,rhetoric,640,0.9437,0.7391,0.9641,0.9938,0.0422,0.0656,0.1812,0.0437,0.6966,none
base,healthy_q8,cog_40_cyb_60,spatial,640,0.9484,0.7719,0.966,0.9859,0.0359,0.0813,0.1125,0.0594,0.7329,none
base,healthy_q8,cog_40_str_60,adversarial,640,0.9469,0.7781,0.9644,0.9938,0.0391,0.025,0.1766,0.05,0.7448,none
base,healthy_q8,cog_40_str_60,boundary,640,0.9344,0.7438,0.96,0.9797,0.0453,0.0484,0.1781,0.0406,0.7042,none
base,healthy_q8,cog_40_str_60,coding,640,0.9359,0.7766,0.9648,0.9906,0.0422,0.0375,0.1516,0.0437,0.7421,none
base,healthy_q8,cog_40_str_60,epistemic,640,0.9375,0.7719,0.9656,0.9938,0.0344,0.025,0.1656,0.0437,0.7411,none
base,healthy_q8,cog_40_str_60,forensic,640,0.9609,0.8203,0.9711,0.9922,0.0328,0.0312,0.1375,0.0375,0.7913,none
base,healthy_q8,cog_40_str_60,generalist,640,0.9125,0.7672,0.9579,0.9875,0.0609,0.0297,0.1484,0.0437,0.7289,none
base,healthy_q8,cog_40_str_60,math,640,0.9547,0.7625,0.9636,0.9859,0.0234,0.0266,0.2172,0.0563,0.73,none
base,healthy_q8,cog_40_str_60,planning,640,0.9578,0.8281,0.9707,0.9953,0.0281,0.0172,0.1266,0.0469,0.8038,none
base,healthy_q8,cog_40_str_60,rhetoric,640,0.95,0.7875,0.9661,0.9922,0.0359,0.0234,0.1688,0.0484,0.7561,none
base,healthy_q8,cog_40_str_60,spatial,640,0.9453,0.8094,0.9667,0.9891,0.0375,0.0344,0.1266,0.0469,0.7788,none
base,healthy_q8,cog_50_cyb_50,adversarial,640,0.9375,0.7125,0.9621,0.9953,0.05,0.1094,0.1469,0.0516,0.6613,none
base,healthy_q8,cog_50_cyb_50,boundary,640,0.9328,0.7109,0.9614,0.9906,0.0422,0.1141,0.1484,0.0594,0.6606,none
base,healthy_q8,cog_50_cyb_50,coding,640,0.9344,0.7609,0.959,0.9859,0.0469,0.0781,0.1234,0.0688,0.7179,none
base,healthy_q8,cog_50_cyb_50,epistemic,640,0.9406,0.7484,0.9652,0.9891,0.0391,0.0594,0.175,0.0344,0.7091,none
base,healthy_q8,cog_50_cyb_50,forensic,640,0.9313,0.7484,0.9569,0.9938,0.0578,0.0703,0.1469,0.0641,0.7021,none
base,healthy_q8,cog_50_cyb_50,generalist,640,0.8969,0.7094,0.951,0.9891,0.0641,0.0781,0.1594,0.0641,0.6586,none
base,healthy_q8,cog_50_cyb_50,math,640,0.95,0.7188,0.9604,0.9953,0.025,0.0672,0.2047,0.0859,0.6771,none
base,healthy_q8,cog_50_cyb_50,planning,640,0.95,0.7625,0.9644,0.9906,0.0406,0.0734,0.1344,0.0516,0.7223,none
base,healthy_q8,cog_50_cyb_50,rhetoric,640,0.9422,0.7344,0.9616,0.9906,0.0391,0.0594,0.1766,0.0578,0.6938,none
base,healthy_q8,cog_50_cyb_50,spatial,640,0.9359,0.7375,0.96,0.9922,0.0453,0.0641,0.1734,0.0578,0.6943,none
base,healthy_q8,cog_50_str_50,adversarial,640,0.9359,0.7906,0.9622,0.9984,0.0437,0.0328,0.1391,0.0719,0.7562,none
base,healthy_q8,cog_50_str_50,boundary,640,0.9422,0.7672,0.9614,0.9891,0.05,0.0359,0.1734,0.0406,0.7291,none
base,healthy_q8,cog_50_str_50,coding,640,0.9547,0.7937,0.9686,0.9953,0.0391,0.0359,0.1437,0.0391,0.7614,none
base,healthy_q8,cog_50_str_50,epistemic,640,0.9344,0.7703,0.9607,0.9859,0.0344,0.0141,0.1734,0.0578,0.7404,none
base,healthy_q8,cog_50_str_50,forensic,640,0.95,0.7937,0.9678,0.9922,0.0391,0.0297,0.1531,0.0359,0.762,none
base,healthy_q8,cog_50_str_50,generalist,640,0.9172,0.7641,0.9571,0.9906,0.0547,0.0312,0.1609,0.0531,0.7259,none
base,healthy_q8,cog_50_str_50,math,640,0.9344,0.6797,0.9554,0.9906,0.0422,0.0437,0.2672,0.0563,0.6341,none
base,healthy_q8,cog_50_str_50,planning,640,0.9547,0.8141,0.9674,0.9891,0.0328,0.025,0.1359,0.0469,0.786,none
base,healthy_q8,cog_50_str_50,rhetoric,640,0.9531,0.7828,0.9648,0.9891,0.0344,0.0312,0.1578,0.0563,0.7508,none
base,healthy_q8,cog_50_str_50,spatial,640,0.9484,0.8,0.9628,0.9812,0.0375,0.0391,0.1344,0.0563,0.7674,none
base,healthy_q8,cog_60_cyb_40,adversarial,640,0.9484,0.7531,0.9649,0.9953,0.0375,0.0672,0.1609,0.0531,0.7129,none
base,healthy_q8,cog_60_cyb_40,boundary,640,0.9359,0.7172,0.9589,0.9906,0.0516,0.0875,0.1766,0.0484,0.6677,none
base,healthy_q8,cog_60_cyb_40,coding,640,0.9297,0.7188,0.9551,0.9859,0.0469,0.0719,0.1641,0.075,0.6734,none
base,healthy_q8,cog_60_cyb_40,epistemic,640,0.9172,0.7484,0.9568,0.9859,0.0484,0.0437,0.1625,0.0563,0.7093,none
base,healthy_q8,cog_60_cyb_40,forensic,640,0.9359,0.7422,0.9618,0.9938,0.05,0.0656,0.1656,0.0469,0.6985,none
base,healthy_q8,cog_60_cyb_40,generalist,640,0.9297,0.7312,0.961,0.9922,0.0391,0.0813,0.1516,0.0578,0.6883,none
base,healthy_q8,cog_60_cyb_40,math,640,0.9344,0.7,0.954,0.9906,0.0406,0.0594,0.2281,0.0844,0.6535,none
base,healthy_q8,cog_60_cyb_40,planning,640,0.9531,0.7266,0.9626,0.9922,0.0359,0.0906,0.1688,0.0547,0.6814,none
base,healthy_q8,cog_60_cyb_40,rhetoric,640,0.9406,0.7281,0.9616,0.9891,0.0391,0.0688,0.1797,0.0578,0.6854,none
base,healthy_q8,cog_60_cyb_40,spatial,640,0.9391,0.7531,0.9665,0.9922,0.0422,0.0766,0.1391,0.0391,0.7121,none
base,healthy_q8,cog_60_str_40,adversarial,640,0.9406,0.7625,0.9634,0.9922,0.0422,0.0406,0.1656,0.0484,0.726,none
base,healthy_q8,cog_60_str_40,boundary,640,0.9187,0.7219,0.9498,0.9922,0.0641,0.0437,0.1922,0.075,0.6748,none
base,healthy_q8,cog_60_str_40,coding,640,0.9516,0.7844,0.9623,0.9781,0.0375,0.0344,0.1547,0.05,0.7514,none
base,healthy_q8,cog_60_str_40,epistemic,640,0.9281,0.7625,0.9599,0.9938,0.0391,0.0234,0.1812,0.0594,0.7286,none
base,healthy_q8,cog_60_str_40,forensic,640,0.95,0.7781,0.9659,0.9922,0.0422,0.0437,0.1578,0.0406,0.7421,none
base,healthy_q8,cog_60_str_40,generalist,640,0.9266,0.7656,0.9627,0.9875,0.0437,0.0531,0.1437,0.0422,0.7283,none
base,healthy_q8,cog_60_str_40,math,640,0.9594,0.7453,0.965,0.9969,0.0344,0.0359,0.2078,0.05,0.7087,none
base,healthy_q8,cog_60_str_40,planning,640,0.9375,0.7984,0.9601,0.9844,0.0516,0.0328,0.1203,0.0578,0.7639,none
base,healthy_q8,cog_60_str_40,rhetoric,640,0.9359,0.7625,0.961,0.9891,0.0453,0.0234,0.1766,0.0516,0.7275,none
base,healthy_q8,cog_60_str_40,spatial,640,0.9563,0.7797,0.9654,0.9891,0.0312,0.0453,0.15,0.0578,0.7464,none
base,healthy_q8,cog_75_cyb_25,adversarial,640,0.9281,0.7516,0.96,0.9906,0.0484,0.0781,0.1516,0.0609,0.7062,none
base,healthy_q8,cog_75_cyb_25,boundary,640,0.9281,0.7031,0.9535,0.9938,0.0594,0.0734,0.1859,0.0672,0.6524,none
base,healthy_q8,cog_75_cyb_25,coding,640,0.9437,0.7312,0.9646,0.9906,0.0422,0.0766,0.1797,0.0328,0.6873,none
base,healthy_q8,cog_75_cyb_25,epistemic,640,0.9219,0.7219,0.9588,0.9875,0.0406,0.0484,0.1969,0.0516,0.6817,none
base,healthy_q8,cog_75_cyb_25,forensic,640,0.9406,0.7438,0.9602,0.9938,0.0453,0.0688,0.1734,0.0609,0.6995,none
base,healthy_q8,cog_75_cyb_25,generalist,640,0.9234,0.7203,0.9581,0.9844,0.0422,0.0703,0.1906,0.05,0.6758,none
base,healthy_q8,cog_75_cyb_25,math,640,0.9406,0.7406,0.9623,0.9938,0.0406,0.0469,0.2094,0.0484,0.6999,none
base,healthy_q8,cog_75_cyb_25,planning,640,0.9406,0.7359,0.9607,0.9938,0.0469,0.0641,0.1688,0.0547,0.6928,none
base,healthy_q8,cog_75_cyb_25,rhetoric,640,0.9344,0.7312,0.9605,0.9969,0.0437,0.0641,0.1828,0.0625,0.6876,none
base,healthy_q8,cog_75_cyb_25,spatial,640,0.9469,0.7797,0.9652,0.9906,0.0344,0.0563,0.1344,0.0609,0.7443,none
base,healthy_q8,cog_75_str_25,adversarial,640,0.9359,0.7828,0.9618,0.9891,0.0516,0.0406,0.1578,0.0469,0.7442,none
base,healthy_q8,cog_75_str_25,boundary,640,0.9406,0.7594,0.9634,0.9922,0.0391,0.05,0.1688,0.0531,0.7215,none
base,healthy_q8,cog_75_str_25,coding,640,0.9344,0.7531,0.9624,0.9906,0.0469,0.0578,0.1562,0.0453,0.7127,none
base,healthy_q8,cog_75_str_25,epistemic,640,0.9391,0.7203,0.9606,0.9812,0.0328,0.0484,0.2016,0.0469,0.6823,none
base,healthy_q8,cog_75_str_25,forensic,640,0.9578,0.7844,0.9719,0.9922,0.0281,0.0484,0.1531,0.0328,0.7524,none
base,healthy_q8,cog_75_str_25,generalist,640,0.95,0.7812,0.9709,0.9938,0.025,0.0563,0.1391,0.0453,0.7491,none
base,healthy_q8,cog_75_str_25,math,640,0.9375,0.7438,0.9612,0.9938,0.0344,0.0281,0.2172,0.0594,0.7075,none
base,healthy_q8,cog_75_str_25,planning,640,0.9375,0.7953,0.9618,0.9906,0.0484,0.0375,0.1219,0.0563,0.7607,none
base,healthy_q8,cog_75_str_25,rhetoric,640,0.9406,0.75,0.9605,0.9953,0.0437,0.0328,0.1922,0.0563,0.7121,none
base,healthy_q8,cog_75_str_25,spatial,640,0.9406,0.7812,0.9667,0.9891,0.0375,0.0625,0.1266,0.0469,0.745,none
base,healthy_q8,cognitive_only,adversarial,640,0.9016,0.7469,0.9397,0.9906,0.0688,0.05,0.1453,0.1609,0.6966,none
base,healthy_q8,cognitive_only,boundary,640,0.9047,0.7312,0.9276,0.9922,0.0594,0.0609,0.1703,0.2203,0.6766,none
base,healthy_q8,cognitive_only,coding,640,0.9187,0.7406,0.946,0.9891,0.0469,0.0484,0.1734,0.1219,0.6969,none
base,healthy_q8,cognitive_only,epistemic,640,0.9422,0.7828,0.9679,1.0,0.0437,0.025,0.1562,0.0328,0.7505,none
base,healthy_q8,cognitive_only,forensic,640,0.9187,0.7656,0.9389,0.9891,0.0359,0.0422,0.1609,0.1844,0.7243,none
base,healthy_q8,cognitive_only,generalist,640,0.9281,0.725,0.9594,0.9875,0.0453,0.0516,0.1844,0.0453,0.6841,none
base,healthy_q8,cognitive_only,math,640,0.9187,0.7125,0.9461,0.9906,0.0484,0.0391,0.2156,0.1203,0.6669,none
base,healthy_q8,cognitive_only,planning,640,0.9437,0.7469,0.9639,0.9969,0.0469,0.0531,0.1719,0.0375,0.7066,none
base,healthy_q8,cognitive_only,rhetoric,640,0.9125,0.7172,0.9551,0.9906,0.0531,0.0594,0.1969,0.0625,0.6705,none
base,healthy_q8,cognitive_only,spatial,640,0.9375,0.7812,0.9645,0.9922,0.0516,0.0516,0.1313,0.0469,0.7426,none
base,healthy_q8,cyb_25_str_75,adversarial,640,0.9469,0.7906,0.9657,0.9906,0.0328,0.0359,0.1422,0.0609,0.7592,none
base,healthy_q8,cyb_25_str_75,boundary,640,0.9531,0.8063,0.9682,0.9922,0.0266,0.0328,0.15,0.0594,0.7768,none
base,healthy_q8,cyb_25_str_75,coding,640,0.9484,0.7766,0.9651,0.9828,0.0344,0.0391,0.1562,0.0453,0.7437,none
base,healthy_q8,cyb_25_str_75,epistemic,640,0.9422,0.8016,0.9653,0.9922,0.0422,0.0156,0.1531,0.0406,0.7715,none
base,healthy_q8,cyb_25_str_75,forensic,640,0.95,0.8125,0.9672,0.9844,0.0391,0.0344,0.1297,0.0375,0.7817,none
base,healthy_q8,cyb_25_str_75,generalist,640,0.9453,0.7937,0.9702,0.9938,0.0297,0.0359,0.1344,0.0422,0.7648,none
base,healthy_q8,cyb_25_str_75,math,640,0.9609,0.7562,0.9667,0.9922,0.025,0.0328,0.1984,0.0516,0.7237,none
base,healthy_q8,cyb_25_str_75,planning,640,0.9484,0.8109,0.9662,0.9844,0.0375,0.0187,0.1422,0.0391,0.7826,none
base,healthy_q8,cyb_25_str_75,rhetoric,640,0.9375,0.7781,0.9638,0.9953,0.0437,0.0266,0.1719,0.0469,0.7436,none
base,healthy_q8,cyb_25_str_75,spatial,640,0.9531,0.8016,0.9694,0.9906,0.0359,0.0328,0.1391,0.0344,0.7714,none
base,healthy_q8,cyb_40_str_60,adversarial,640,0.9453,0.7812,0.9653,0.9906,0.0469,0.0453,0.1422,0.0437,0.7446,none
base,healthy_q8,cyb_40_str_60,boundary,640,0.9484,0.7766,0.9644,0.9828,0.0406,0.0516,0.1406,0.0469,0.7405,none
base,healthy_q8,cyb_40_str_60,coding,640,0.95,0.7922,0.9673,0.9953,0.0297,0.0453,0.1328,0.0625,0.7605,none
base,healthy_q8,cyb_40_str_60,epistemic,640,0.9437,0.7703,0.9656,0.9906,0.0359,0.0281,0.175,0.0391,0.738,none
base,healthy_q8,cyb_40_str_60,forensic,640,0.9484,0.7953,0.9651,0.9906,0.0328,0.0312,0.1547,0.0547,0.7641,none
base,healthy_q8,cyb_40_str_60,generalist,640,0.9328,0.7359,0.9612,0.9938,0.0422,0.0609,0.1797,0.0469,0.6944,none
base,healthy_q8,cyb_40_str_60,math,640,0.9672,0.7828,0.9687,0.9938,0.0234,0.0437,0.1766,0.0531,0.7502,none
base,healthy_q8,cyb_40_str_60,planning,640,0.9516,0.8156,0.9672,0.9953,0.0359,0.025,0.1281,0.0516,0.787,none
base,healthy_q8,cyb_40_str_60,rhetoric,640,0.9391,0.7562,0.9614,0.9922,0.0391,0.0422,0.1703,0.0625,0.7193,none
base,healthy_q8,cyb_40_str_60,spatial,640,0.9641,0.7922,0.9706,0.9891,0.0297,0.0453,0.1391,0.0406,0.7611,none
base,healthy_q8,cyb_50_str_50,adversarial,640,0.9469,0.7969,0.9666,0.9938,0.0437,0.0437,0.1297,0.0469,0.7623,none
base,healthy_q8,cyb_50_str_50,boundary,640,0.9406,0.7734,0.9616,0.9859,0.0437,0.0625,0.1391,0.0578,0.7338,none
base,healthy_q8,cyb_50_str_50,coding,640,0.9563,0.8047,0.9674,0.9844,0.0234,0.05,0.1203,0.0641,0.7748,none
base,healthy_q8,cyb_50_str_50,epistemic,640,0.9469,0.7859,0.9681,0.9969,0.0422,0.0281,0.1516,0.0328,0.7539,none
base,healthy_q8,cyb_50_str_50,forensic,640,0.9484,0.7641,0.9678,0.9953,0.0375,0.0688,0.1453,0.0453,0.7252,none
base,healthy_q8,cyb_50_str_50,generalist,640,0.9359,0.7703,0.9634,0.9875,0.0453,0.0531,0.1453,0.0406,0.7324,none
base,healthy_q8,cyb_50_str_50,math,640,0.9437,0.7562,0.9621,0.9922,0.0422,0.0609,0.1672,0.0609,0.715,none
base,healthy_q8,cyb_50_str_50,planning,640,0.9563,0.8234,0.9666,0.9875,0.0344,0.0453,0.1109,0.0547,0.7925,none
base,healthy_q8,cyb_50_str_50,rhetoric,640,0.9344,0.7656,0.9578,0.9859,0.0516,0.0422,0.1578,0.0609,0.726,none
base,healthy_q8,cyb_50_str_50,spatial,640,0.9625,0.7953,0.9698,0.9875,0.0297,0.0578,0.1406,0.0437,0.7614,none
base,healthy_q8,cyb_60_str_40,adversarial,640,0.9484,0.7688,0.965,0.9875,0.0328,0.0531,0.1625,0.0516,0.7327,none
base,healthy_q8,cyb_60_str_40,boundary,640,0.9172,0.7484,0.9554,0.9891,0.0547,0.0656,0.1437,0.0703,0.7039,none
base,healthy_q8,cyb_60_str_40,coding,640,0.9469,0.7484,0.9654,0.9938,0.0375,0.0734,0.1578,0.0453,0.7076,none
base,healthy_q8,cyb_60_str_40,epistemic,640,0.9359,0.7547,0.9637,0.9906,0.0406,0.0484,0.1734,0.0391,0.717,none
base,healthy_q8,cyb_60_str_40,forensic,640,0.9359,0.7781,0.9634,0.9875,0.05,0.0594,0.1219,0.0437,0.7393,none
base,healthy_q8,cyb_60_str_40,generalist,640,0.9203,0.7438,0.9596,0.9938,0.0516,0.0734,0.1422,0.0547,0.6995,none
base,healthy_q8,cyb_60_str_40,math,640,0.9359,0.7656,0.9584,0.9875,0.0406,0.0391,0.1625,0.0781,0.7287,none
base,healthy_q8,cyb_60_str_40,planning,640,0.9516,0.775,0.9649,0.9922,0.0297,0.0641,0.1437,0.0625,0.7387,none
base,healthy_q8,cyb_60_str_40,rhetoric,640,0.9516,0.7719,0.9669,0.9891,0.0391,0.0531,0.1641,0.0359,0.7346,none
base,healthy_q8,cyb_60_str_40,spatial,640,0.9375,0.7969,0.9667,0.9922,0.0453,0.0484,0.1187,0.0437,0.7619,none
base,healthy_q8,cyb_75_str_25,adversarial,640,0.9437,0.7656,0.9666,0.9938,0.0453,0.0734,0.1547,0.0328,0.7233,none
base,healthy_q8,cyb_75_str_25,boundary,640,0.9406,0.7328,0.9611,0.9875,0.0437,0.1,0.1625,0.0516,0.6841,none
base,healthy_q8,cyb_75_str_25,coding,640,0.9328,0.7547,0.9625,0.9875,0.0484,0.0891,0.1266,0.0469,0.7099,none
base,healthy_q8,cyb_75_str_25,epistemic,640,0.9266,0.7391,0.9587,0.9875,0.0375,0.0578,0.1797,0.0578,0.699,none
base,healthy_q8,cyb_75_str_25,forensic,640,0.9313,0.75,0.9599,0.9906,0.0578,0.0594,0.1531,0.0484,0.7061,none
base,healthy_q8,cyb_75_str_25,generalist,640,0.9406,0.7594,0.9632,0.9875,0.0406,0.0891,0.1359,0.0484,0.7161,none
base,healthy_q8,cyb_75_str_25,math,640,0.9437,0.7156,0.9597,0.9844,0.0391,0.0625,0.2047,0.0594,0.6721,none
base,healthy_q8,cyb_75_str_25,planning,640,0.9375,0.7594,0.9633,0.9938,0.0516,0.0672,0.1437,0.0406,0.7169,none
base,healthy_q8,cyb_75_str_25,rhetoric,640,0.9266,0.7312,0.9599,0.9891,0.0594,0.0828,0.1516,0.0437,0.6826,none
base,healthy_q8,cyb_75_str_25,spatial,640,0.9328,0.7703,0.9611,0.9828,0.0484,0.0734,0.1187,0.0563,0.7288,none
base,healthy_q8,cyber_only,adversarial,640,0.9359,0.7234,0.9583,0.9844,0.0547,0.0953,0.1547,0.0531,0.6729,none
base,healthy_q8,cyber_only,boundary,640,0.9234,0.7328,0.9574,0.9891,0.0594,0.1031,0.1437,0.0547,0.6801,none
base,healthy_q8,cyber_only,coding,640,0.9328,0.725,0.9585,0.9891,0.0406,0.1047,0.1531,0.0734,0.676,none
base,healthy_q8,cyber_only,epistemic,640,0.9156,0.7141,0.9499,0.9844,0.0437,0.0734,0.175,0.0953,0.6675,none
base,healthy_q8,cyber_only,forensic,640,0.9328,0.7172,0.9603,0.9891,0.0547,0.1,0.1531,0.05,0.666,none
base,healthy_q8,cyber_only,generalist,640,0.8859,0.7312,0.942,0.9812,0.0563,0.0719,0.1469,0.1156,0.6825,none
base,healthy_q8,cyber_only,math,640,0.8406,0.6641,0.904,0.9469,0.0406,0.0672,0.1641,0.3328,0.6087,none
base,healthy_q8,cyber_only,planning,640,0.9234,0.7375,0.9508,0.9672,0.0391,0.0828,0.1406,0.0938,0.6933,none
base,healthy_q8,cyber_only,rhetoric,640,0.9266,0.6937,0.9477,0.9891,0.0406,0.0797,0.2047,0.1172,0.6434,none
base,healthy_q8,cyber_only,spatial,640,0.8984,0.7328,0.9296,0.9672,0.0406,0.0594,0.1469,0.1922,0.6874,none
base,healthy_q8,structural_only,adversarial,640,0.9453,0.8078,0.9672,0.9906,0.0453,0.0172,0.1375,0.0391,0.7778,none
base,healthy_q8,structural_only,boundary,640,0.925,0.7688,0.9589,0.9859,0.0656,0.0344,0.15,0.0344,0.7285,none
base,healthy_q8,structural_only,coding,640,0.9484,0.8047,0.964,0.9891,0.0359,0.0094,0.15,0.0594,0.7771,none
base,healthy_q8,structural_only,epistemic,640,0.9297,0.7609,0.9592,0.9859,0.0406,0.0063,0.1891,0.05,0.7299,none
base,healthy_q8,structural_only,forensic,640,0.9406,0.7734,0.9611,0.9906,0.0422,0.0234,0.1656,0.0547,0.7401,none
base,healthy_q8,structural_only,generalist,640,0.9359,0.7812,0.9665,0.9969,0.0422,0.0203,0.1594,0.0359,0.75,none
base,healthy_q8,structural_only,math,640,0.95,0.7656,0.9618,0.9875,0.0391,0.0094,0.2,0.05,0.7335,none
base,healthy_q8,structural_only,planning,640,0.9516,0.8078,0.9681,0.9906,0.0391,0.0234,0.1391,0.0344,0.7786,none
base,healthy_q8,structural_only,rhetoric,640,0.9625,0.8078,0.9696,0.9875,0.0234,0.0109,0.1625,0.0453,0.7833,none
base,healthy_q8,structural_only,spatial,640,0.9437,0.8156,0.9662,0.9875,0.0437,0.0219,0.1156,0.0453,0.7866,none
base,healthy_q8,tri_boundary_heavy,adversarial,640,0.9406,0.7891,0.9655,0.9922,0.0375,0.0641,0.1141,0.0641,0.7527,none
base,healthy_q8,tri_boundary_heavy,boundary,640,0.9437,0.75,0.963,0.9875,0.0406,0.0766,0.1672,0.0469,0.7068,none
base,healthy_q8,tri_boundary_heavy,coding,640,0.9547,0.7922,0.9679,0.9875,0.0344,0.0656,0.125,0.0469,0.7564,none
base,healthy_q8,tri_boundary_heavy,epistemic,640,0.9156,0.7359,0.955,0.9875,0.0609,0.0531,0.1656,0.0516,0.6912,none
base,healthy_q8,tri_boundary_heavy,forensic,640,0.9344,0.7672,0.9594,0.9859,0.0531,0.0734,0.1313,0.0578,0.7232,none
base,healthy_q8,tri_boundary_heavy,generalist,640,0.9375,0.7406,0.9623,0.9938,0.0359,0.0797,0.1625,0.0563,0.6981,none
base,healthy_q8,tri_boundary_heavy,math,640,0.9391,0.7063,0.9587,0.9906,0.0359,0.0734,0.2047,0.0703,0.6609,none
base,healthy_q8,tri_boundary_heavy,planning,640,0.9594,0.8,0.97,0.9891,0.0344,0.0609,0.1187,0.0359,0.7662,none
base,healthy_q8,tri_boundary_heavy,rhetoric,640,0.9641,0.7719,0.9705,0.9844,0.0234,0.0469,0.1734,0.0328,0.74,none
base,healthy_q8,tri_boundary_heavy,spatial,640,0.9453,0.7734,0.964,0.9891,0.0344,0.0547,0.1422,0.0625,0.7377,none
base,healthy_q8,tri_cognitive_bridge,adversarial,640,0.9469,0.7781,0.9655,0.9828,0.0359,0.0688,0.1297,0.05,0.7407,none
base,healthy_q8,tri_cognitive_bridge,boundary,640,0.9375,0.7625,0.9575,0.9781,0.0516,0.0563,0.1625,0.05,0.7203,none
base,healthy_q8,tri_cognitive_bridge,coding,640,0.9281,0.7609,0.9591,0.9875,0.0578,0.0547,0.1359,0.0469,0.7194,none
base,healthy_q8,tri_cognitive_bridge,epistemic,640,0.9344,0.7547,0.9624,0.9938,0.0453,0.0484,0.175,0.0437,0.7152,none
base,healthy_q8,tri_cognitive_bridge,forensic,640,0.9609,0.7797,0.968,0.9891,0.0266,0.0563,0.1641,0.0484,0.7449,none
base,healthy_q8,tri_cognitive_bridge,generalist,640,0.9266,0.7641,0.9637,0.9906,0.0437,0.0437,0.1469,0.0422,0.7283,none
base,healthy_q8,tri_cognitive_bridge,math,640,0.95,0.7469,0.9661,0.9891,0.0391,0.0656,0.175,0.0391,0.7061,none
base,healthy_q8,tri_cognitive_bridge,planning,640,0.9422,0.7625,0.9585,0.9891,0.0469,0.0656,0.1437,0.0625,0.7207,none
base,healthy_q8,tri_cognitive_bridge,rhetoric,640,0.9578,0.7641,0.9655,0.9922,0.0297,0.0328,0.1844,0.0547,0.7311,none
base,healthy_q8,tri_cognitive_bridge,spatial,640,0.9547,0.8047,0.9662,0.9812,0.0359,0.0531,0.1156,0.0484,0.7716,none
base,healthy_q8,tri_cognitive_heavy,adversarial,640,0.9297,0.7562,0.9607,0.9953,0.0578,0.0516,0.1453,0.05,0.7145,none
base,healthy_q8,tri_cognitive_heavy,boundary,640,0.9422,0.7547,0.9616,0.9859,0.0406,0.0563,0.1734,0.0531,0.7147,none
base,healthy_q8,tri_cognitive_heavy,coding,640,0.9531,0.7594,0.9674,0.9891,0.0344,0.0625,0.1562,0.0391,0.7221,none
base,healthy_q8,tri_cognitive_heavy,epistemic,640,0.9391,0.7484,0.9658,0.9969,0.0391,0.0312,0.1859,0.0359,0.7138,none
base,healthy_q8,tri_cognitive_heavy,forensic,640,0.9375,0.7672,0.958,0.9859,0.0531,0.0672,0.1516,0.0578,0.7228,none
base,healthy_q8,tri_cognitive_heavy,generalist,640,0.9469,0.7609,0.9677,0.9906,0.0281,0.0797,0.1344,0.0484,0.7234,none
base,healthy_q8,tri_cognitive_heavy,math,640,0.9594,0.7578,0.9684,0.9922,0.0297,0.0578,0.1828,0.0422,0.7206,none
base,healthy_q8,tri_cognitive_heavy,planning,640,0.9453,0.7844,0.9626,0.9875,0.0484,0.0547,0.1234,0.0469,0.7467,none
base,healthy_q8,tri_cognitive_heavy,rhetoric,640,0.9359,0.7484,0.9628,0.9953,0.0437,0.0328,0.1828,0.0469,0.7118,none
base,healthy_q8,tri_cognitive_heavy,spatial,640,0.9391,0.7969,0.9656,0.9906,0.05,0.0547,0.1109,0.0437,0.7599,none
base,healthy_q8,tri_cyber_heavy,adversarial,640,0.9484,0.75,0.9632,0.9875,0.0344,0.0969,0.1422,0.0656,0.7057,none
base,healthy_q8,tri_cyber_heavy,boundary,640,0.9359,0.7266,0.9601,0.9906,0.0531,0.0984,0.1453,0.0516,0.6767,none
base,healthy_q8,tri_cyber_heavy,coding,640,0.9469,0.7578,0.9669,0.9922,0.0391,0.0906,0.1406,0.0406,0.7147,none
base,healthy_q8,tri_cyber_heavy,epistemic,640,0.9359,0.7188,0.9612,0.9859,0.0469,0.0766,0.1859,0.0359,0.6727,none
base,healthy_q8,tri_cyber_heavy,forensic,640,0.9484,0.7438,0.9633,0.9906,0.0359,0.0859,0.1469,0.0609,0.701,none
base,healthy_q8,tri_cyber_heavy,generalist,640,0.9391,0.7547,0.9634,0.9875,0.0359,0.0844,0.1406,0.0531,0.7131,none
base,healthy_q8,tri_cyber_heavy,math,640,0.9375,0.7172,0.9587,0.9922,0.0484,0.0641,0.2047,0.0547,0.6707,none
base,healthy_q8,tri_cyber_heavy,planning,640,0.9453,0.7547,0.9636,0.9844,0.0437,0.0859,0.1375,0.0391,0.7114,none
base,healthy_q8,tri_cyber_heavy,rhetoric,640,0.9531,0.7672,0.9674,0.9891,0.0312,0.0703,0.1375,0.0563,0.7299,none
base,healthy_q8,tri_cyber_heavy,spatial,640,0.9469,0.7766,0.9669,0.9859,0.0406,0.0719,0.1234,0.0406,0.7381,none
base,healthy_q8,tri_equal_routed,adversarial,640,0.9375,0.7641,0.9637,0.9875,0.0453,0.0688,0.1328,0.05,0.7236,none
base,healthy_q8,tri_equal_routed,boundary,640,0.9484,0.7516,0.9615,0.9906,0.0375,0.0656,0.1688,0.0656,0.7104,none
base,healthy_q8,tri_equal_routed,coding,640,0.9375,0.7578,0.9615,0.9812,0.0406,0.0781,0.1359,0.0563,0.7163,none
base,healthy_q8,tri_equal_routed,epistemic,640,0.9437,0.7547,0.968,0.9922,0.0344,0.0672,0.1469,0.0406,0.7172,none
base,healthy_q8,tri_equal_routed,forensic,640,0.9594,0.7922,0.9687,0.9906,0.0297,0.0609,0.1406,0.0516,0.7573,none
base,healthy_q8,tri_equal_routed,generalist,640,0.9437,0.7359,0.9657,0.9891,0.0281,0.0813,0.1594,0.0484,0.6961,none
base,healthy_q8,tri_equal_routed,math,640,0.9328,0.7063,0.9551,0.9812,0.0422,0.0609,0.2094,0.0672,0.6613,none
base,healthy_q8,tri_equal_routed,planning,640,0.9469,0.7859,0.9623,0.9875,0.0375,0.0484,0.1375,0.0625,0.7509,none
base,healthy_q8,tri_equal_routed,rhetoric,640,0.9203,0.7234,0.9557,0.9922,0.0531,0.0688,0.1688,0.0688,0.6768,none
base,healthy_q8,tri_equal_routed,spatial,640,0.9453,0.7516,0.965,0.9953,0.0437,0.0609,0.15,0.0469,0.7119,none
base,healthy_q8,tri_naive_equal_all_fire,adversarial,640,0.8875,0.5172,0.9194,0.9938,0.0781,0.3203,0.2391,0.0453,0.4083,none
base,healthy_q8,tri_naive_equal_all_fire,boundary,640,0.8938,0.4781,0.9169,0.9844,0.0688,0.3672,0.1844,0.0578,0.3664,none
base,healthy_q8,tri_naive_equal_all_fire,coding,640,0.9187,0.5141,0.9266,0.9906,0.0594,0.3359,0.175,0.0469,0.4127,none
base,healthy_q8,tri_naive_equal_all_fire,epistemic,640,0.8906,0.5328,0.9267,0.9906,0.0672,0.2984,0.2141,0.0484,0.4334,none
base,healthy_q8,tri_naive_equal_all_fire,forensic,640,0.9125,0.5266,0.9313,0.9938,0.0625,0.3,0.1875,0.05,0.4303,none
base,healthy_q8,tri_naive_equal_all_fire,generalist,640,0.9219,0.5,0.9273,0.9891,0.0437,0.3375,0.2078,0.0469,0.4004,none
base,healthy_q8,tri_naive_equal_all_fire,math,640,0.9125,0.5109,0.9259,0.9875,0.0578,0.2953,0.2672,0.0594,0.4102,none
base,healthy_q8,tri_naive_equal_all_fire,planning,640,0.9172,0.5406,0.9309,0.9891,0.0516,0.3078,0.1922,0.0391,0.4463,none
base,healthy_q8,tri_naive_equal_all_fire,rhetoric,640,0.9219,0.475,0.9292,0.9969,0.0516,0.3266,0.2469,0.05,0.372,none
base,healthy_q8,tri_naive_equal_all_fire,spatial,640,0.9125,0.5188,0.9286,0.9875,0.0516,0.3359,0.1859,0.0578,0.4183,none
base,healthy_q8,tri_naive_structural_heavy_all_fire,adversarial,640,0.9125,0.5672,0.9303,0.9859,0.0531,0.2953,0.1734,0.0578,0.4754,none
base,healthy_q8,tri_naive_structural_heavy_all_fire,boundary,640,0.9234,0.5031,0.9249,0.9859,0.0469,0.3328,0.225,0.0578,0.4016,none
base,healthy_q8,tri_naive_structural_heavy_all_fire,coding,640,0.9359,0.5281,0.9352,0.9938,0.0391,0.3312,0.1875,0.0375,0.4333,none
base,healthy_q8,tri_naive_structural_heavy_all_fire,epistemic,640,0.9016,0.4828,0.9253,0.9969,0.0578,0.3016,0.2594,0.0578,0.3815,none
base,healthy_q8,tri_naive_structural_heavy_all_fire,forensic,640,0.9078,0.5516,0.9325,0.9953,0.0625,0.2719,0.2,0.0531,0.4598,none
base,healthy_q8,tri_naive_structural_heavy_all_fire,generalist,640,0.9031,0.5234,0.9279,0.9844,0.0453,0.2906,0.2281,0.0531,0.4308,none
base,healthy_q8,tri_naive_structural_heavy_all_fire,math,640,0.9375,0.5422,0.94,0.9969,0.0437,0.2812,0.2188,0.0422,0.4532,none
base,healthy_q8,tri_naive_structural_heavy_all_fire,planning,640,0.9266,0.5641,0.9352,0.9906,0.0422,0.2922,0.1797,0.0469,0.4762,none
base,healthy_q8,tri_naive_structural_heavy_all_fire,rhetoric,640,0.9187,0.525,0.9323,0.9906,0.0609,0.2734,0.2375,0.0406,0.431,none
base,healthy_q8,tri_naive_structural_heavy_all_fire,spatial,640,0.9266,0.5516,0.9356,0.9859,0.0453,0.2984,0.1781,0.0484,0.4616,none
base,healthy_q8,tri_structural_heavy_55,adversarial,640,0.9547,0.7688,0.9665,0.9906,0.0359,0.0625,0.1547,0.0469,0.7308,none
base,healthy_q8,tri_structural_heavy_55,boundary,640,0.9563,0.7812,0.9665,0.9906,0.0281,0.05,0.1547,0.0609,0.7474,none
base,healthy_q8,tri_structural_heavy_55,coding,640,0.9391,0.7672,0.9621,0.9891,0.0437,0.0422,0.1625,0.05,0.7301,none
base,healthy_q8,tri_structural_heavy_55,epistemic,640,0.9391,0.7875,0.9661,0.9906,0.0422,0.0359,0.1484,0.0359,0.754,none
base,healthy_q8,tri_structural_heavy_55,forensic,640,0.9547,0.8094,0.969,0.9875,0.0312,0.0422,0.1187,0.0453,0.7798,none
base,healthy_q8,tri_structural_heavy_55,generalist,640,0.95,0.7422,0.968,0.9922,0.0219,0.0813,0.1609,0.0484,0.7041,none
base,healthy_q8,tri_structural_heavy_55,math,640,0.9547,0.7641,0.9659,0.9859,0.0234,0.0453,0.1734,0.0609,0.731,none
base,healthy_q8,tri_structural_heavy_55,planning,640,0.9469,0.7859,0.9645,0.9953,0.0391,0.0406,0.1391,0.0531,0.7523,none
base,healthy_q8,tri_structural_heavy_55,rhetoric,640,0.9391,0.7688,0.9632,0.9906,0.0422,0.0484,0.1672,0.0484,0.7306,none
base,healthy_q8,tri_structural_heavy_55,spatial,640,0.9641,0.8109,0.9709,0.9891,0.0281,0.0453,0.1219,0.0453,0.7814,none
base,healthy_q8,tri_structural_heavy_60,adversarial,640,0.9406,0.8063,0.9638,0.9906,0.0375,0.0453,0.1187,0.0734,0.7728,none
base,healthy_q8,tri_structural_heavy_60,boundary,640,0.9359,0.7594,0.9632,0.9859,0.0484,0.0547,0.1437,0.0406,0.7204,none
base,healthy_q8,tri_structural_heavy_60,coding,640,0.95,0.7625,0.9657,0.9891,0.0281,0.0641,0.1562,0.0547,0.726,none
base,healthy_q8,tri_structural_heavy_60,epistemic,640,0.925,0.7516,0.9604,0.9906,0.05,0.0375,0.1672,0.0422,0.7136,none
base,healthy_q8,tri_structural_heavy_60,forensic,640,0.95,0.8031,0.9696,0.9938,0.0406,0.0484,0.125,0.0391,0.7693,none
base,healthy_q8,tri_structural_heavy_60,generalist,640,0.9391,0.7688,0.966,0.9875,0.0359,0.0531,0.1516,0.0391,0.7333,none
base,healthy_q8,tri_structural_heavy_60,math,640,0.9531,0.7781,0.9669,0.9891,0.0312,0.0359,0.1719,0.0484,0.7454,none
base,healthy_q8,tri_structural_heavy_60,planning,640,0.9328,0.7812,0.9635,0.9891,0.05,0.0484,0.1266,0.0437,0.7442,none
base,healthy_q8,tri_structural_heavy_60,rhetoric,640,0.9563,0.7922,0.9677,0.9906,0.0234,0.0469,0.1484,0.0641,0.7607,none
base,healthy_q8,tri_structural_heavy_60,spatial,640,0.9563,0.8187,0.9693,0.9922,0.0312,0.0359,0.1219,0.0563,0.7896,none
base,healthy_q8,tri_structural_heavy_65,adversarial,640,0.9313,0.7578,0.9616,0.9797,0.0484,0.0625,0.1547,0.0359,0.7166,none
base,healthy_q8,tri_structural_heavy_65,boundary,640,0.9328,0.7672,0.9596,0.9938,0.0516,0.0484,0.1672,0.0563,0.7258,none
base,healthy_q8,tri_structural_heavy_65,coding,640,0.9609,0.8125,0.9707,0.9906,0.0281,0.0531,0.1094,0.0531,0.782,none
base,healthy_q8,tri_structural_heavy_65,epistemic,640,0.9453,0.7953,0.966,0.9875,0.0312,0.0187,0.1469,0.0453,0.7682,none
base,healthy_q8,tri_structural_heavy_65,forensic,640,0.9531,0.8078,0.9669,0.9906,0.0359,0.0406,0.1281,0.0516,0.7761,none
base,healthy_q8,tri_structural_heavy_65,generalist,640,0.9547,0.7875,0.9715,0.9922,0.0219,0.0609,0.1406,0.0406,0.7555,none
base,healthy_q8,tri_structural_heavy_65,math,640,0.9656,0.7875,0.9692,0.9953,0.0203,0.0359,0.1688,0.0625,0.7576,none
base,healthy_q8,tri_structural_heavy_65,planning,640,0.9281,0.8047,0.9622,0.9922,0.0422,0.0359,0.125,0.0625,0.7717,none
base,healthy_q8,tri_structural_heavy_65,rhetoric,640,0.9703,0.7859,0.9699,0.9891,0.0234,0.0344,0.1859,0.0375,0.7553,none
base,healthy_q8,tri_structural_heavy_65,spatial,640,0.9656,0.8234,0.9722,0.9922,0.0234,0.0391,0.1313,0.0484,0.7957,none
degraded_instruct,collapsed_q2_edge,baseline,adversarial,640,0.0,0.0,0.0046,0.0969,0.8625,0.0063,0.7672,5.4656,-0.5947,cascade
degraded_instruct,collapsed_q2_edge,baseline,boundary,640,0.0,0.0,0.0029,0.0703,0.9047,0.0266,0.8859,5.2219,-0.6087,cascade
degraded_instruct,collapsed_q2_edge,baseline,coding,640,0.0,0.0,0.0064,0.0984,0.8422,0.0234,0.6312,4.9297,-0.5543,cascade
degraded_instruct,collapsed_q2_edge,baseline,epistemic,640,0.0,0.0,0.0077,0.1219,0.8453,0.0,0.7828,4.1937,-0.5259,cascade
degraded_instruct,collapsed_q2_edge,baseline,forensic,640,0.0,0.0,0.0067,0.1047,0.8672,0.0078,0.775,4.7016,-0.5588,cascade
degraded_instruct,collapsed_q2_edge,baseline,generalist,640,0.0,0.0,0.0138,0.1109,0.8297,0.0156,0.7625,4.3766,-0.5319,cascade
degraded_instruct,collapsed_q2_edge,baseline,math,640,0.0,0.0,0.0115,0.1359,0.7984,0.0063,0.7484,5.1422,-0.5578,cascade
degraded_instruct,collapsed_q2_edge,baseline,planning,640,0.0,0.0,0.0093,0.1531,0.8313,0.0047,0.6438,4.6562,-0.5346,cascade
degraded_instruct,collapsed_q2_edge,baseline,rhetoric,640,0.0,0.0,0.0082,0.1109,0.8344,0.0109,0.7438,4.9359,-0.5588,cascade
degraded_instruct,collapsed_q2_edge,baseline,spatial,640,0.0031,0.0016,0.0143,0.1297,0.8234,0.0094,0.6078,4.6625,-0.5291,cascade
degraded_instruct,collapsed_q2_edge,cog_25_cyb_75,adversarial,640,0.0078,0.0031,0.1218,0.6406,0.7063,0.0969,0.7063,4.1688,-0.4931,cascade
degraded_instruct,collapsed_q2_edge,cog_25_cyb_75,boundary,640,0.0141,0.0109,0.1435,0.6734,0.7219,0.1062,0.8031,3.7797,-0.4801,cascade
degraded_instruct,collapsed_q2_edge,cog_25_cyb_75,coding,640,0.0,0.0,0.0473,0.3375,0.7438,0.1109,0.5844,4.4406,-0.5141,cascade
degraded_instruct,collapsed_q2_edge,cog_25_cyb_75,epistemic,640,0.0016,0.0016,0.0605,0.3609,0.7422,0.0766,0.6453,3.7062,-0.4733,cascade
degraded_instruct,collapsed_q2_edge,cog_25_cyb_75,forensic,640,0.0047,0.0031,0.0681,0.6031,0.7797,0.1047,0.6016,4.0375,-0.5017,cascade
degraded_instruct,collapsed_q2_edge,cog_25_cyb_75,generalist,640,0.0016,0.0016,0.0507,0.3109,0.7578,0.1047,0.6219,3.9453,-0.4937,cascade
degraded_instruct,collapsed_q2_edge,cog_25_cyb_75,math,640,0.0047,0.0047,0.0494,0.2562,0.7094,0.0875,0.7016,4.775,-0.5205,cascade
degraded_instruct,collapsed_q2_edge,cog_25_cyb_75,planning,640,0.0078,0.0063,0.056,0.3109,0.7125,0.1047,0.5875,4.2578,-0.4883,cascade
degraded_instruct,collapsed_q2_edge,cog_25_cyb_75,rhetoric,640,0.0,0.0,0.0441,0.3391,0.7672,0.0797,0.6422,4.4484,-0.5199,cascade
degraded_instruct,collapsed_q2_edge,cog_25_cyb_75,spatial,640,0.0047,0.0047,0.048,0.2922,0.7359,0.0922,0.5266,4.3234,-0.4928,cascade
degraded_instruct,collapsed_q2_edge,cog_25_str_75,adversarial,640,0.0547,0.0406,0.2723,0.6609,0.5453,0.025,0.5875,2.9203,-0.321,cascade
degraded_instruct,collapsed_q2_edge,cog_25_str_75,boundary,640,0.0609,0.0328,0.257,0.6016,0.5406,0.0391,0.7328,2.8719,-0.3394,cascade
degraded_instruct,collapsed_q2_edge,cog_25_str_75,coding,640,0.0453,0.0328,0.2225,0.4844,0.5328,0.0281,0.5359,2.8563,-0.3183,cascade
degraded_instruct,collapsed_q2_edge,cog_25_str_75,epistemic,640,0.0594,0.0422,0.2548,0.5172,0.5078,0.0156,0.5953,2.4062,-0.2812,cascade
degraded_instruct,collapsed_q2_edge,cog_25_str_75,forensic,640,0.0641,0.0422,0.2464,0.6094,0.5375,0.0297,0.5891,2.7703,-0.3106,cascade
degraded_instruct,collapsed_q2_edge,cog_25_str_75,generalist,640,0.0641,0.05,0.2467,0.4984,0.5016,0.0266,0.6156,2.5312,-0.2816,cascade
degraded_instruct,collapsed_q2_edge,cog_25_str_75,math,640,0.0359,0.0312,0.2322,0.525,0.4938,0.0203,0.5953,3.0766,-0.3224,cascade
degraded_instruct,collapsed_q2_edge,cog_25_str_75,planning,640,0.0891,0.0672,0.2799,0.5391,0.4625,0.0312,0.5266,2.6047,-0.2502,cascade
degraded_instruct,collapsed_q2_edge,cog_25_str_75,rhetoric,640,0.0344,0.025,0.2012,0.4922,0.5297,0.0141,0.65,3.0516,-0.3413,cascade
degraded_instruct,collapsed_q2_edge,cog_25_str_75,spatial,640,0.0578,0.0375,0.2504,0.5094,0.4562,0.0328,0.4797,2.7141,-0.28,cascade
degraded_instruct,collapsed_q2_edge,cog_40_cyb_60,adversarial,640,0.0063,0.0031,0.0928,0.6,0.7531,0.0734,0.7312,4.3984,-0.5159,cascade
degraded_instruct,collapsed_q2_edge,cog_40_cyb_60,boundary,640,0.0141,0.0078,0.1084,0.5953,0.75,0.0891,0.8531,4.0266,-0.5046,cascade
degraded_instruct,collapsed_q2_edge,cog_40_cyb_60,coding,640,0.0016,0.0016,0.0452,0.325,0.7641,0.1094,0.5547,4.4953,-0.5187,cascade
degraded_instruct,collapsed_q2_edge,cog_40_cyb_60,epistemic,640,0.0063,0.0063,0.0723,0.3828,0.7422,0.0734,0.7281,3.7109,-0.4749,cascade
degraded_instruct,collapsed_q2_edge,cog_40_cyb_60,forensic,640,0.0047,0.0031,0.0719,0.5437,0.7219,0.1016,0.6656,4.1,-0.492,cascade
degraded_instruct,collapsed_q2_edge,cog_40_cyb_60,generalist,640,0.0016,0.0016,0.063,0.325,0.7359,0.0969,0.7469,3.9141,-0.494,cascade
degraded_instruct,collapsed_q2_edge,cog_40_cyb_60,math,640,0.0016,0.0,0.0444,0.2984,0.7328,0.0734,0.6359,4.75,-0.5229,cascade
degraded_instruct,collapsed_q2_edge,cog_40_cyb_60,planning,640,0.0078,0.0063,0.0576,0.35,0.7281,0.0891,0.6031,4.2219,-0.4893,cascade
degraded_instruct,collapsed_q2_edge,cog_40_cyb_60,rhetoric,640,0.0016,0.0,0.0532,0.3688,0.7594,0.0703,0.6609,4.4375,-0.5166,cascade
degraded_instruct,collapsed_q2_edge,cog_40_cyb_60,spatial,640,0.0047,0.0031,0.0547,0.3438,0.7344,0.0703,0.5266,4.2812,-0.4874,cascade
degraded_instruct,collapsed_q2_edge,cog_40_str_60,adversarial,640,0.0484,0.0375,0.2186,0.6016,0.6016,0.0469,0.6719,3.3875,-0.3755,cascade
degraded_instruct,collapsed_q2_edge,cog_40_str_60,boundary,640,0.0391,0.0281,0.1978,0.5766,0.5984,0.0359,0.6875,3.2766,-0.3774,cascade
degraded_instruct,collapsed_q2_edge,cog_40_str_60,coding,640,0.025,0.0234,0.1797,0.4766,0.5469,0.0344,0.5203,3.2047,-0.3494,cascade
degraded_instruct,collapsed_q2_edge,cog_40_str_60,epistemic,640,0.05,0.0266,0.2172,0.5453,0.5453,0.0203,0.625,2.6281,-0.3225,cascade
degraded_instruct,collapsed_q2_edge,cog_40_str_60,forensic,640,0.0375,0.0328,0.2066,0.5891,0.5359,0.0344,0.6281,3.0859,-0.3394,cascade
degraded_instruct,collapsed_q2_edge,cog_40_str_60,generalist,640,0.0266,0.0219,0.2035,0.55,0.5531,0.0531,0.6219,2.8766,-0.3483,cascade
degraded_instruct,collapsed_q2_edge,cog_40_str_60,math,640,0.0344,0.0328,0.1993,0.4703,0.525,0.0281,0.6125,3.3188,-0.3453,cascade
degraded_instruct,collapsed_q2_edge,cog_40_str_60,planning,640,0.0531,0.0344,0.2215,0.5016,0.5328,0.0187,0.5062,2.8937,-0.3144,cascade
degraded_instruct,collapsed_q2_edge,cog_40_str_60,rhetoric,640,0.0312,0.0234,0.1837,0.5031,0.5547,0.0344,0.6422,3.2359,-0.363,cascade
degraded_instruct,collapsed_q2_edge,cog_40_str_60,spatial,640,0.0547,0.0422,0.2129,0.4609,0.5125,0.0266,0.4828,2.9375,-0.3024,cascade
degraded_instruct,collapsed_q2_edge,cog_50_cyb_50,adversarial,640,0.0047,0.0031,0.0869,0.5594,0.7531,0.0828,0.7172,4.575,-0.5255,cascade
degraded_instruct,collapsed_q2_edge,cog_50_cyb_50,boundary,640,0.0063,0.0047,0.0944,0.5437,0.7562,0.0969,0.7984,4.1844,-0.5147,cascade
degraded_instruct,collapsed_q2_edge,cog_50_cyb_50,coding,640,0.0,0.0,0.0446,0.3516,0.7266,0.0719,0.5813,4.5125,-0.5045,cascade
degraded_instruct,collapsed_q2_edge,cog_50_cyb_50,epistemic,640,0.0016,0.0,0.0596,0.3688,0.7312,0.0656,0.6844,3.7719,-0.4758,cascade
degraded_instruct,collapsed_q2_edge,cog_50_cyb_50,forensic,640,0.0094,0.0078,0.07,0.5188,0.7625,0.0813,0.6672,4.175,-0.4993,cascade
degraded_instruct,collapsed_q2_edge,cog_50_cyb_50,generalist,640,0.0063,0.0031,0.0674,0.3453,0.7312,0.0953,0.6312,3.95,-0.4833,cascade
degraded_instruct,collapsed_q2_edge,cog_50_cyb_50,math,640,0.0,0.0,0.0382,0.3281,0.7516,0.0859,0.7063,4.8094,-0.5396,cascade
degraded_instruct,collapsed_q2_edge,cog_50_cyb_50,planning,640,0.0016,0.0,0.0658,0.3719,0.7375,0.0719,0.5484,4.2328,-0.4911,cascade
degraded_instruct,collapsed_q2_edge,cog_50_cyb_50,rhetoric,640,0.0016,0.0,0.0411,0.3328,0.7766,0.0813,0.7344,4.5438,-0.5352,cascade
degraded_instruct,collapsed_q2_edge,cog_50_cyb_50,spatial,640,0.0,0.0,0.0438,0.3,0.7594,0.0719,0.5172,4.3297,-0.5,cascade
degraded_instruct,collapsed_q2_edge,cog_50_str_50,adversarial,640,0.0219,0.0125,0.1626,0.5703,0.6125,0.0344,0.6844,3.725,-0.4191,cascade
degraded_instruct,collapsed_q2_edge,cog_50_str_50,boundary,640,0.0156,0.0031,0.1346,0.5234,0.6375,0.0359,0.8016,3.6891,-0.4439,cascade
degraded_instruct,collapsed_q2_edge,cog_50_str_50,coding,640,0.0203,0.0172,0.147,0.4391,0.5891,0.0453,0.5656,3.4797,-0.3878,cascade
degraded_instruct,collapsed_q2_edge,cog_50_str_50,epistemic,640,0.025,0.0172,0.1638,0.5141,0.5828,0.0266,0.6281,2.8703,-0.3567,cascade
degraded_instruct,collapsed_q2_edge,cog_50_str_50,forensic,640,0.0312,0.025,0.1541,0.5516,0.6172,0.0312,0.6203,3.375,-0.3848,cascade
degraded_instruct,collapsed_q2_edge,cog_50_str_50,generalist,640,0.0203,0.0141,0.163,0.4938,0.6094,0.0625,0.6734,3.0172,-0.386,cascade
degraded_instruct,collapsed_q2_edge,cog_50_str_50,math,640,0.0219,0.0187,0.154,0.4641,0.5375,0.0375,0.6312,3.6578,-0.3834,cascade
degraded_instruct,collapsed_q2_edge,cog_50_str_50,planning,640,0.0406,0.0328,0.1923,0.4953,0.5578,0.0312,0.5594,3.1313,-0.3421,cascade
degraded_instruct,collapsed_q2_edge,cog_50_str_50,rhetoric,640,0.0156,0.0156,0.1477,0.4656,0.6016,0.025,0.6703,3.4578,-0.3964,cascade
degraded_instruct,collapsed_q2_edge,cog_50_str_50,spatial,640,0.0437,0.0344,0.1768,0.5047,0.5547,0.0437,0.5359,3.2172,-0.3445,cascade
degraded_instruct,collapsed_q2_edge,cog_60_cyb_40,adversarial,640,0.0047,0.0031,0.0646,0.4719,0.7719,0.1031,0.7297,4.7406,-0.5445,cascade
degraded_instruct,collapsed_q2_edge,cog_60_cyb_40,boundary,640,0.0063,0.0031,0.0843,0.4859,0.7719,0.0828,0.8391,4.3688,-0.5306,cascade
degraded_instruct,collapsed_q2_edge,cog_60_cyb_40,coding,640,0.0016,0.0016,0.0458,0.3266,0.7781,0.0938,0.6078,4.5,-0.5242,cascade
degraded_instruct,collapsed_q2_edge,cog_60_cyb_40,epistemic,640,0.0063,0.0031,0.0624,0.45,0.7547,0.0594,0.7312,3.7141,-0.4794,cascade
degraded_instruct,collapsed_q2_edge,cog_60_cyb_40,forensic,640,0.0078,0.0047,0.063,0.4875,0.7469,0.0828,0.6453,4.1891,-0.497,cascade
degraded_instruct,collapsed_q2_edge,cog_60_cyb_40,generalist,640,0.0,0.0,0.0582,0.3828,0.7578,0.0688,0.7094,3.9656,-0.4961,cascade
degraded_instruct,collapsed_q2_edge,cog_60_cyb_40,math,640,0.0031,0.0016,0.0455,0.3141,0.7141,0.0688,0.6984,4.7703,-0.5208,cascade
degraded_instruct,collapsed_q2_edge,cog_60_cyb_40,planning,640,0.0063,0.0063,0.0579,0.3344,0.7047,0.0734,0.6016,4.25,-0.4805,cascade
degraded_instruct,collapsed_q2_edge,cog_60_cyb_40,rhetoric,640,0.0016,0.0016,0.0453,0.3547,0.7984,0.0656,0.6953,4.4969,-0.5316,cascade
degraded_instruct,collapsed_q2_edge,cog_60_cyb_40,spatial,640,0.0047,0.0016,0.0608,0.3594,0.7562,0.0797,0.5344,4.2656,-0.4973,cascade
degraded_instruct,collapsed_q2_edge,cog_60_str_40,adversarial,640,0.0156,0.0125,0.1188,0.5016,0.6828,0.0344,0.7031,4.1,-0.4605,cascade
degraded_instruct,collapsed_q2_edge,cog_60_str_40,boundary,640,0.0109,0.0078,0.1146,0.4531,0.6828,0.0531,0.7359,3.9078,-0.4619,cascade
degraded_instruct,collapsed_q2_edge,cog_60_str_40,coding,640,0.0156,0.0078,0.1223,0.4375,0.6266,0.0437,0.6047,3.6641,-0.4205,cascade
degraded_instruct,collapsed_q2_edge,cog_60_str_40,epistemic,640,0.0281,0.0172,0.163,0.5188,0.6172,0.0281,0.6391,2.9641,-0.3729,cascade
degraded_instruct,collapsed_q2_edge,cog_60_str_40,forensic,640,0.0094,0.0063,0.1088,0.5,0.675,0.0422,0.6797,3.6625,-0.4422,cascade
degraded_instruct,collapsed_q2_edge,cog_60_str_40,generalist,640,0.025,0.0125,0.1646,0.5156,0.6188,0.0641,0.6813,3.1391,-0.3974,cascade
degraded_instruct,collapsed_q2_edge,cog_60_str_40,math,640,0.025,0.0219,0.1598,0.4781,0.5609,0.0359,0.6359,3.7422,-0.3916,cascade
degraded_instruct,collapsed_q2_edge,cog_60_str_40,planning,640,0.0375,0.0312,0.1754,0.4906,0.5828,0.0359,0.5672,3.2375,-0.358,cascade
degraded_instruct,collapsed_q2_edge,cog_60_str_40,rhetoric,640,0.0219,0.0187,0.1293,0.4813,0.6375,0.0344,0.6922,3.6406,-0.4168,cascade
degraded_instruct,collapsed_q2_edge,cog_60_str_40,spatial,640,0.0266,0.0234,0.1473,0.4531,0.5922,0.0531,0.5406,3.3891,-0.3775,cascade
degraded_instruct,collapsed_q2_edge,cog_75_cyb_25,adversarial,640,0.0078,0.0047,0.0538,0.4359,0.7766,0.075,0.7656,4.8625,-0.5477,cascade
degraded_instruct,collapsed_q2_edge,cog_75_cyb_25,boundary,640,0.0063,0.0047,0.057,0.4266,0.7953,0.075,0.8203,4.6109,-0.5451,cascade
degraded_instruct,collapsed_q2_edge,cog_75_cyb_25,coding,640,0.0016,0.0,0.0444,0.3688,0.7828,0.0734,0.5938,4.5156,-0.5228,cascade
degraded_instruct,collapsed_q2_edge,cog_75_cyb_25,epistemic,640,0.0047,0.0031,0.0572,0.4094,0.7609,0.0578,0.7391,3.775,-0.4846,cascade
degraded_instruct,collapsed_q2_edge,cog_75_cyb_25,forensic,640,0.0047,0.0031,0.0484,0.4484,0.7656,0.0641,0.7281,4.3016,-0.5127,cascade
degraded_instruct,collapsed_q2_edge,cog_75_cyb_25,generalist,640,0.0016,0.0,0.0639,0.4203,0.7469,0.075,0.7406,3.9312,-0.4949,cascade
degraded_instruct,collapsed_q2_edge,cog_75_cyb_25,math,640,0.0047,0.0047,0.0544,0.3891,0.7312,0.0531,0.7078,4.7438,-0.5191,cascade
degraded_instruct,collapsed_q2_edge,cog_75_cyb_25,planning,640,0.0094,0.0078,0.0759,0.3984,0.7312,0.0859,0.5938,4.1453,-0.4835,cascade
degraded_instruct,collapsed_q2_edge,cog_75_cyb_25,rhetoric,640,0.0031,0.0016,0.0528,0.4,0.7859,0.0594,0.7125,4.3906,-0.5226,cascade
degraded_instruct,collapsed_q2_edge,cog_75_cyb_25,spatial,640,0.0047,0.0031,0.0566,0.4062,0.7328,0.0531,0.6172,4.25,-0.4892,cascade
degraded_instruct,collapsed_q2_edge,cog_75_str_25,adversarial,640,0.0016,0.0016,0.081,0.4688,0.7406,0.0484,0.7125,4.5219,-0.5134,cascade
degraded_instruct,collapsed_q2_edge,cog_75_str_25,boundary,640,0.0047,0.0031,0.0657,0.4313,0.7812,0.0641,0.8453,4.3703,-0.5302,cascade
degraded_instruct,collapsed_q2_edge,cog_75_str_25,coding,640,0.0078,0.0047,0.0791,0.4203,0.6984,0.05,0.5953,4.0438,-0.4647,cascade
degraded_instruct,collapsed_q2_edge,cog_75_str_25,epistemic,640,0.0156,0.0094,0.1338,0.5109,0.6516,0.0406,0.6953,3.2141,-0.4105,cascade
degraded_instruct,collapsed_q2_edge,cog_75_str_25,forensic,640,0.0078,0.0016,0.0776,0.4375,0.7047,0.0516,0.7375,4.0375,-0.481,cascade
degraded_instruct,collapsed_q2_edge,cog_75_str_25,generalist,640,0.0187,0.0109,0.1084,0.4609,0.7141,0.0563,0.6703,3.5203,-0.4442,cascade
degraded_instruct,collapsed_q2_edge,cog_75_str_25,math,640,0.0078,0.0063,0.1142,0.4375,0.6156,0.0375,0.6469,4.1328,-0.4443,cascade
degraded_instruct,collapsed_q2_edge,cog_75_str_25,planning,640,0.0187,0.0109,0.1084,0.4453,0.6766,0.0312,0.5813,3.7359,-0.4316,cascade
degraded_instruct,collapsed_q2_edge,cog_75_str_25,rhetoric,640,0.0094,0.0063,0.0905,0.4562,0.7125,0.0469,0.7203,3.9797,-0.4735,cascade
degraded_instruct,collapsed_q2_edge,cog_75_str_25,spatial,640,0.025,0.0203,0.1151,0.4688,0.6375,0.0547,0.5578,3.7313,-0.4131,cascade
degraded_instruct,collapsed_q2_edge,cognitive_only,adversarial,640,0.0016,0.0016,0.0206,0.2562,0.8438,0.0563,0.8094,5.2422,-0.5897,cascade
degraded_instruct,collapsed_q2_edge,cognitive_only,boundary,640,0.0,0.0,0.0186,0.225,0.8547,0.0547,0.8672,5.0469,-0.5891,cascade
degraded_instruct,collapsed_q2_edge,cognitive_only,coding,640,0.0016,0.0016,0.0221,0.2859,0.8344,0.0563,0.6,4.7328,-0.5446,cascade
degraded_instruct,collapsed_q2_edge,cognitive_only,epistemic,640,0.0047,0.0031,0.0492,0.3812,0.7781,0.0297,0.7578,3.8937,-0.4916,cascade
degraded_instruct,collapsed_q2_edge,cognitive_only,forensic,640,0.0016,0.0,0.0219,0.2531,0.8203,0.0469,0.7469,4.5734,-0.5439,cascade
degraded_instruct,collapsed_q2_edge,cognitive_only,generalist,640,0.0,0.0,0.0523,0.3297,0.7609,0.0391,0.7562,4.0594,-0.4996,cascade
degraded_instruct,collapsed_q2_edge,cognitive_only,math,640,0.0,0.0,0.0416,0.3328,0.7312,0.0406,0.7609,4.8344,-0.5301,cascade
degraded_instruct,collapsed_q2_edge,cognitive_only,planning,640,0.0078,0.0031,0.0518,0.3609,0.7609,0.0594,0.5563,4.3109,-0.4971,cascade
degraded_instruct,collapsed_q2_edge,cognitive_only,rhetoric,640,0.0016,0.0016,0.0434,0.3609,0.7781,0.05,0.7516,4.5891,-0.5315,cascade
degraded_instruct,collapsed_q2_edge,cognitive_only,spatial,640,0.0031,0.0,0.0382,0.3516,0.7859,0.0578,0.6297,4.3797,-0.5167,cascade
degraded_instruct,collapsed_q2_edge,cyb_25_str_75,adversarial,640,0.1078,0.0734,0.3546,0.7469,0.5031,0.0391,0.6031,2.5469,-0.2609,cascade
degraded_instruct,collapsed_q2_edge,cyb_25_str_75,boundary,640,0.1313,0.0781,0.3793,0.7328,0.4984,0.05,0.6562,2.2078,-0.2443,cascade
degraded_instruct,collapsed_q2_edge,cyb_25_str_75,coding,640,0.0563,0.0422,0.262,0.4844,0.4531,0.0437,0.4734,2.7266,-0.2767,cascade
degraded_instruct,collapsed_q2_edge,cyb_25_str_75,epistemic,640,0.0391,0.0234,0.2283,0.4562,0.5141,0.0234,0.6219,2.4234,-0.3064,cascade
degraded_instruct,collapsed_q2_edge,cyb_25_str_75,forensic,640,0.1,0.0766,0.3232,0.7219,0.4688,0.0359,0.5687,2.4266,-0.2381,cascade
degraded_instruct,collapsed_q2_edge,cyb_25_str_75,generalist,640,0.0531,0.0453,0.2305,0.4219,0.5203,0.0328,0.525,2.5969,-0.2892,cascade
degraded_instruct,collapsed_q2_edge,cyb_25_str_75,math,640,0.0531,0.0406,0.25,0.4766,0.4469,0.0328,0.5469,2.9937,-0.2934,cascade
degraded_instruct,collapsed_q2_edge,cyb_25_str_75,planning,640,0.0922,0.075,0.2567,0.4375,0.5062,0.025,0.4453,2.5422,-0.2446,cascade
degraded_instruct,collapsed_q2_edge,cyb_25_str_75,rhetoric,640,0.0328,0.0281,0.1961,0.3937,0.4969,0.025,0.5578,3.0266,-0.3219,cascade
degraded_instruct,collapsed_q2_edge,cyb_25_str_75,spatial,640,0.0719,0.0516,0.2445,0.4562,0.4641,0.0437,0.5,2.7656,-0.2747,cascade
degraded_instruct,collapsed_q2_edge,cyb_40_str_60,adversarial,640,0.1094,0.0703,0.3507,0.7688,0.5031,0.05,0.6141,2.5906,-0.2693,cascade
degraded_instruct,collapsed_q2_edge,cyb_40_str_60,boundary,640,0.1,0.0609,0.3528,0.7594,0.5109,0.0594,0.6672,2.3969,-0.2774,cascade
degraded_instruct,collapsed_q2_edge,cyb_40_str_60,coding,640,0.0359,0.0297,0.1873,0.4219,0.5672,0.0422,0.4625,3.0969,-0.3407,cascade
degraded_instruct,collapsed_q2_edge,cyb_40_str_60,epistemic,640,0.0359,0.0297,0.1842,0.4391,0.5578,0.0469,0.5969,2.7328,-0.3314,cascade
degraded_instruct,collapsed_q2_edge,cyb_40_str_60,forensic,640,0.0531,0.0375,0.2504,0.7125,0.5328,0.0578,0.5422,2.8141,-0.318,cascade
degraded_instruct,collapsed_q2_edge,cyb_40_str_60,generalist,640,0.0281,0.0172,0.1826,0.3875,0.5672,0.0563,0.5859,2.9328,-0.3577,cascade
degraded_instruct,collapsed_q2_edge,cyb_40_str_60,math,640,0.0203,0.0156,0.1802,0.4125,0.5094,0.0406,0.5969,3.4766,-0.3669,cascade
degraded_instruct,collapsed_q2_edge,cyb_40_str_60,planning,640,0.0672,0.0437,0.2093,0.425,0.5578,0.0297,0.4562,2.9094,-0.3115,cascade
degraded_instruct,collapsed_q2_edge,cyb_40_str_60,rhetoric,640,0.0109,0.0109,0.1572,0.3906,0.5875,0.0391,0.5734,3.2938,-0.3837,cascade
degraded_instruct,collapsed_q2_edge,cyb_40_str_60,spatial,640,0.0203,0.0141,0.1761,0.4219,0.5437,0.0469,0.4719,3.0812,-0.3502,cascade
degraded_instruct,collapsed_q2_edge,cyb_50_str_50,adversarial,640,0.0641,0.05,0.2962,0.7484,0.5344,0.0563,0.6047,2.8281,-0.3113,cascade
degraded_instruct,collapsed_q2_edge,cyb_50_str_50,boundary,640,0.0891,0.0563,0.3393,0.8047,0.5234,0.0719,0.675,2.4875,-0.2935,cascade
degraded_instruct,collapsed_q2_edge,cyb_50_str_50,coding,640,0.0281,0.0234,0.1635,0.4141,0.5859,0.0609,0.4781,3.3141,-0.3685,cascade
degraded_instruct,collapsed_q2_edge,cyb_50_str_50,epistemic,640,0.0203,0.0156,0.154,0.3969,0.5953,0.0328,0.6031,2.8469,-0.3601,cascade
degraded_instruct,collapsed_q2_edge,cyb_50_str_50,forensic,640,0.0469,0.0328,0.2244,0.6984,0.5781,0.0719,0.5375,2.925,-0.3443,cascade
degraded_instruct,collapsed_q2_edge,cyb_50_str_50,generalist,640,0.0187,0.0109,0.1455,0.375,0.6203,0.0688,0.5984,3.0953,-0.3915,cascade
degraded_instruct,collapsed_q2_edge,cyb_50_str_50,math,640,0.0156,0.0156,0.1365,0.3703,0.5687,0.0734,0.5797,3.7703,-0.4046,cascade
degraded_instruct,collapsed_q2_edge,cyb_50_str_50,planning,640,0.0422,0.0344,0.1673,0.3859,0.5625,0.0563,0.4766,3.2281,-0.3452,cascade
degraded_instruct,collapsed_q2_edge,cyb_50_str_50,rhetoric,640,0.0125,0.0109,0.1305,0.3812,0.6156,0.0531,0.5875,3.4641,-0.4046,cascade
degraded_instruct,collapsed_q2_edge,cyb_50_str_50,spatial,640,0.0172,0.0094,0.1557,0.375,0.5453,0.0609,0.4578,3.3016,-0.3681,cascade
degraded_instruct,collapsed_q2_edge,cyb_60_str_40,adversarial,640,0.0672,0.0469,0.2978,0.7937,0.5641,0.0922,0.6188,2.95,-0.3378,cascade
degraded_instruct,collapsed_q2_edge,cyb_60_str_40,boundary,640,0.0781,0.0469,0.2952,0.7828,0.5953,0.1,0.6797,2.7328,-0.3427,cascade
degraded_instruct,collapsed_q2_edge,cyb_60_str_40,coding,640,0.0172,0.0109,0.1304,0.3828,0.5875,0.0766,0.5172,3.5797,-0.401,cascade
degraded_instruct,collapsed_q2_edge,cyb_60_str_40,epistemic,640,0.0219,0.0172,0.1427,0.3984,0.6297,0.0656,0.5969,3.0109,-0.3831,cascade
degraded_instruct,collapsed_q2_edge,cyb_60_str_40,forensic,640,0.0234,0.0172,0.186,0.7312,0.6109,0.075,0.5531,3.1266,-0.3817,cascade
degraded_instruct,collapsed_q2_edge,cyb_60_str_40,generalist,640,0.0078,0.0063,0.1233,0.35,0.6297,0.0844,0.5672,3.2875,-0.4093,cascade
degraded_instruct,collapsed_q2_edge,cyb_60_str_40,math,640,0.0109,0.0063,0.1165,0.3453,0.5797,0.0641,0.6266,4.0078,-0.431,cascade
degraded_instruct,collapsed_q2_edge,cyb_60_str_40,planning,640,0.0266,0.0187,0.1299,0.3453,0.6094,0.0641,0.4984,3.425,-0.388,cascade
degraded_instruct,collapsed_q2_edge,cyb_60_str_40,rhetoric,640,0.0125,0.0094,0.1059,0.3688,0.6281,0.0578,0.5984,3.7516,-0.4261,cascade
degraded_instruct,collapsed_q2_edge,cyb_60_str_40,spatial,640,0.0219,0.0156,0.1158,0.3516,0.6172,0.0563,0.4516,3.5719,-0.3955,cascade
degraded_instruct,collapsed_q2_edge,cyb_75_str_25,adversarial,640,0.0547,0.0344,0.2408,0.7828,0.6109,0.0969,0.6719,3.2281,-0.3834,cascade
degraded_instruct,collapsed_q2_edge,cyb_75_str_25,boundary,640,0.0641,0.0391,0.2868,0.8094,0.5984,0.1047,0.6953,2.7703,-0.3555,cascade
degraded_instruct,collapsed_q2_edge,cyb_75_str_25,coding,640,0.0156,0.0078,0.1038,0.4078,0.6578,0.1016,0.5391,3.8906,-0.4475,cascade
degraded_instruct,collapsed_q2_edge,cyb_75_str_25,epistemic,640,0.0094,0.0094,0.0904,0.3328,0.6906,0.0703,0.5969,3.4016,-0.4297,cascade
degraded_instruct,collapsed_q2_edge,cyb_75_str_25,forensic,640,0.0219,0.0156,0.1594,0.7344,0.6484,0.0875,0.5922,3.3031,-0.4089,cascade
degraded_instruct,collapsed_q2_edge,cyb_75_str_25,generalist,640,0.0078,0.0063,0.088,0.3031,0.6953,0.0938,0.5906,3.5703,-0.4469,cascade
degraded_instruct,collapsed_q2_edge,cyb_75_str_25,math,640,0.0016,0.0016,0.0811,0.3359,0.6141,0.0797,0.5719,4.4047,-0.4646,cascade
degraded_instruct,collapsed_q2_edge,cyb_75_str_25,planning,640,0.0203,0.0172,0.0944,0.3203,0.6813,0.0734,0.4984,3.8125,-0.4324,cascade
degraded_instruct,collapsed_q2_edge,cyb_75_str_25,rhetoric,640,0.0078,0.0063,0.0776,0.3484,0.7078,0.0734,0.6562,4.0187,-0.4742,cascade
degraded_instruct,collapsed_q2_edge,cyb_75_str_25,spatial,640,0.0063,0.0063,0.0775,0.2859,0.6547,0.0828,0.5094,3.9656,-0.4457,cascade
degraded_instruct,collapsed_q2_edge,cyber_only,adversarial,640,0.0109,0.0063,0.0954,0.6016,0.7484,0.0969,0.6859,4.3734,-0.5112,cascade
degraded_instruct,collapsed_q2_edge,cyber_only,boundary,640,0.0172,0.0141,0.1267,0.6375,0.7484,0.1094,0.7922,3.9,-0.4907,cascade
degraded_instruct,collapsed_q2_edge,cyber_only,coding,640,0.0,0.0,0.0276,0.2828,0.7625,0.0734,0.6,4.6516,-0.524,cascade
degraded_instruct,collapsed_q2_edge,cyber_only,epistemic,640,0.0031,0.0031,0.0329,0.2156,0.75,0.0609,0.6312,3.9937,-0.4843,cascade
degraded_instruct,collapsed_q2_edge,cyber_only,forensic,640,0.0063,0.0063,0.0602,0.55,0.7859,0.0953,0.6594,4.1813,-0.5104,cascade
degraded_instruct,collapsed_q2_edge,cyber_only,generalist,640,0.0016,0.0,0.0334,0.2156,0.7672,0.0891,0.6531,4.1578,-0.5081,cascade
degraded_instruct,collapsed_q2_edge,cyber_only,math,640,0.0,0.0,0.0262,0.2,0.7391,0.0844,0.6516,4.9781,-0.5396,cascade
degraded_instruct,collapsed_q2_edge,cyber_only,planning,640,0.0094,0.0063,0.046,0.2313,0.7359,0.075,0.5687,4.4203,-0.496,cascade
degraded_instruct,collapsed_q2_edge,cyber_only,rhetoric,640,0.0,0.0,0.0255,0.2109,0.7781,0.0906,0.6922,4.6922,-0.5415,cascade
degraded_instruct,collapsed_q2_edge,cyber_only,spatial,640,0.0,0.0,0.0222,0.1922,0.7609,0.0734,0.5469,4.5281,-0.5131,cascade
degraded_instruct,collapsed_q2_edge,structural_only,adversarial,640,0.0578,0.0375,0.2381,0.5344,0.5719,0.0203,0.6203,3.1422,-0.3449,cascade
degraded_instruct,collapsed_q2_edge,structural_only,boundary,640,0.0578,0.0406,0.2437,0.5406,0.5641,0.0406,0.6984,2.9781,-0.3415,cascade
degraded_instruct,collapsed_q2_edge,structural_only,coding,640,0.0375,0.0328,0.2088,0.4359,0.5625,0.0328,0.5078,2.9438,-0.3303,cascade
degraded_instruct,collapsed_q2_edge,structural_only,epistemic,640,0.0406,0.0266,0.2048,0.4281,0.5406,0.0078,0.6391,2.5891,-0.3178,cascade
degraded_instruct,collapsed_q2_edge,structural_only,forensic,640,0.0531,0.0437,0.2158,0.5391,0.5719,0.0141,0.5953,2.9344,-0.325,cascade
degraded_instruct,collapsed_q2_edge,structural_only,generalist,640,0.0391,0.0266,0.2058,0.4109,0.5453,0.0141,0.5641,2.7484,-0.3224,cascade
degraded_instruct,collapsed_q2_edge,structural_only,math,640,0.0422,0.0344,0.2119,0.4188,0.4844,0.0234,0.5813,3.1672,-0.3205,cascade
degraded_instruct,collapsed_q2_edge,structural_only,planning,640,0.075,0.0609,0.217,0.375,0.4969,0.0187,0.4516,2.8719,-0.2716,cascade
degraded_instruct,collapsed_q2_edge,structural_only,rhetoric,640,0.0453,0.0375,0.1867,0.4,0.5859,0.0109,0.5781,3.1141,-0.3424,cascade
degraded_instruct,collapsed_q2_edge,structural_only,spatial,640,0.0391,0.0297,0.1908,0.4109,0.5297,0.0203,0.4953,2.9734,-0.3216,cascade
degraded_instruct,collapsed_q2_edge,tri_boundary_heavy,adversarial,640,0.1078,0.0719,0.3782,0.8063,0.4984,0.0641,0.6172,2.4109,-0.2604,cascade
degraded_instruct,collapsed_q2_edge,tri_boundary_heavy,boundary,640,0.1578,0.1047,0.4132,0.825,0.4391,0.0859,0.6406,2.1703,-0.204,cascade
degraded_instruct,collapsed_q2_edge,tri_boundary_heavy,coding,640,0.05,0.0375,0.2438,0.5203,0.4969,0.0719,0.4922,2.8141,-0.306,cascade
degraded_instruct,collapsed_q2_edge,tri_boundary_heavy,epistemic,640,0.0609,0.0437,0.2432,0.525,0.5031,0.0453,0.575,2.4391,-0.2842,cascade
degraded_instruct,collapsed_q2_edge,tri_boundary_heavy,forensic,640,0.0828,0.0641,0.2889,0.7797,0.5125,0.0703,0.5797,2.5953,-0.2799,cascade
degraded_instruct,collapsed_q2_edge,tri_boundary_heavy,generalist,640,0.05,0.0375,0.2398,0.4734,0.4813,0.0641,0.5813,2.5703,-0.2947,cascade
degraded_instruct,collapsed_q2_edge,tri_boundary_heavy,math,640,0.0516,0.0391,0.2278,0.4641,0.4859,0.0594,0.5719,3.2156,-0.3251,cascade
degraded_instruct,collapsed_q2_edge,tri_boundary_heavy,planning,640,0.0688,0.0516,0.2373,0.5078,0.5062,0.0813,0.4844,2.7437,-0.2925,cascade
degraded_instruct,collapsed_q2_edge,tri_boundary_heavy,rhetoric,640,0.0312,0.0219,0.2087,0.4484,0.5062,0.0734,0.6141,2.9547,-0.3415,cascade
degraded_instruct,collapsed_q2_edge,tri_boundary_heavy,spatial,640,0.0547,0.0375,0.2112,0.4922,0.5031,0.0641,0.4813,2.8859,-0.309,cascade
degraded_instruct,collapsed_q2_edge,tri_cognitive_bridge,adversarial,640,0.1,0.0625,0.306,0.7188,0.5344,0.0734,0.6312,2.8203,-0.304,cascade
degraded_instruct,collapsed_q2_edge,tri_cognitive_bridge,boundary,640,0.0828,0.0484,0.2933,0.6797,0.5125,0.0734,0.725,2.7281,-0.3144,cascade
degraded_instruct,collapsed_q2_edge,tri_cognitive_bridge,coding,640,0.0453,0.0328,0.2218,0.5281,0.5188,0.0578,0.5141,2.925,-0.3217,cascade
degraded_instruct,collapsed_q2_edge,tri_cognitive_bridge,epistemic,640,0.0531,0.0391,0.2444,0.5469,0.5,0.0375,0.6125,2.4469,-0.2898,cascade
degraded_instruct,collapsed_q2_edge,tri_cognitive_bridge,forensic,640,0.0828,0.0703,0.2651,0.6703,0.5203,0.0672,0.6094,2.7125,-0.2836,cascade
degraded_instruct,collapsed_q2_edge,tri_cognitive_bridge,generalist,640,0.0578,0.0344,0.2672,0.5484,0.4875,0.0609,0.6469,2.4922,-0.3004,cascade
degraded_instruct,collapsed_q2_edge,tri_cognitive_bridge,math,640,0.0484,0.0312,0.2521,0.5312,0.45,0.0422,0.6047,3.1031,-0.3157,cascade
degraded_instruct,collapsed_q2_edge,tri_cognitive_bridge,planning,640,0.0906,0.0625,0.2751,0.5672,0.4703,0.0469,0.5656,2.6484,-0.2656,cascade
degraded_instruct,collapsed_q2_edge,tri_cognitive_bridge,rhetoric,640,0.0406,0.0328,0.2099,0.5031,0.5047,0.0437,0.65,2.9656,-0.3276,cascade
degraded_instruct,collapsed_q2_edge,tri_cognitive_bridge,spatial,640,0.075,0.05,0.2418,0.5375,0.4781,0.0688,0.4797,2.7641,-0.2838,cascade
degraded_instruct,collapsed_q2_edge,tri_cognitive_heavy,adversarial,640,0.0312,0.0219,0.1998,0.6219,0.5969,0.0672,0.6844,3.4359,-0.3972,cascade
degraded_instruct,collapsed_q2_edge,tri_cognitive_heavy,boundary,640,0.0297,0.0203,0.1955,0.5797,0.5859,0.0625,0.7203,3.2875,-0.39,cascade
degraded_instruct,collapsed_q2_edge,tri_cognitive_heavy,coding,640,0.0234,0.0156,0.1711,0.4953,0.5625,0.0719,0.5844,3.2328,-0.3759,cascade
degraded_instruct,collapsed_q2_edge,tri_cognitive_heavy,epistemic,640,0.0391,0.0297,0.2152,0.5703,0.5531,0.0578,0.6406,2.6313,-0.3306,cascade
degraded_instruct,collapsed_q2_edge,tri_cognitive_heavy,forensic,640,0.0422,0.0312,0.1759,0.5469,0.5938,0.0531,0.6469,3.2188,-0.3702,cascade
degraded_instruct,collapsed_q2_edge,tri_cognitive_heavy,generalist,640,0.0266,0.0187,0.1973,0.525,0.5641,0.0703,0.6687,2.8563,-0.3608,cascade
degraded_instruct,collapsed_q2_edge,tri_cognitive_heavy,math,640,0.0312,0.0297,0.181,0.4813,0.5328,0.0688,0.6406,3.425,-0.3664,cascade
degraded_instruct,collapsed_q2_edge,tri_cognitive_heavy,planning,640,0.0469,0.0344,0.2213,0.5453,0.5469,0.0641,0.5406,2.9516,-0.3333,cascade
degraded_instruct,collapsed_q2_edge,tri_cognitive_heavy,rhetoric,640,0.0141,0.0094,0.1566,0.4969,0.5844,0.0406,0.6719,3.3578,-0.3957,cascade
degraded_instruct,collapsed_q2_edge,tri_cognitive_heavy,spatial,640,0.0375,0.0281,0.1872,0.4969,0.5734,0.0547,0.5484,3.1047,-0.354,cascade
degraded_instruct,collapsed_q2_edge,tri_cyber_heavy,adversarial,640,0.1219,0.0875,0.3827,0.8578,0.4984,0.1047,0.6,2.4672,-0.2543,cascade
degraded_instruct,collapsed_q2_edge,tri_cyber_heavy,boundary,640,0.1562,0.0984,0.4277,0.8688,0.4625,0.1016,0.6359,2.1063,-0.2168,cascade
degraded_instruct,collapsed_q2_edge,tri_cyber_heavy,coding,640,0.0359,0.0266,0.1779,0.4594,0.5563,0.0594,0.5234,3.1234,-0.3502,cascade
degraded_instruct,collapsed_q2_edge,tri_cyber_heavy,epistemic,640,0.0391,0.0312,0.1934,0.4406,0.5422,0.0781,0.5469,2.7031,-0.3259,cascade
degraded_instruct,collapsed_q2_edge,tri_cyber_heavy,forensic,640,0.0781,0.0578,0.277,0.8203,0.5359,0.0891,0.5703,2.7281,-0.3028,cascade
degraded_instruct,collapsed_q2_edge,tri_cyber_heavy,generalist,640,0.0297,0.0234,0.185,0.4047,0.5578,0.0984,0.6188,2.85,-0.3556,cascade
degraded_instruct,collapsed_q2_edge,tri_cyber_heavy,math,640,0.0172,0.0156,0.1493,0.4172,0.5094,0.0859,0.6031,3.6406,-0.3847,cascade
degraded_instruct,collapsed_q2_edge,tri_cyber_heavy,planning,640,0.0531,0.0453,0.1905,0.4219,0.5547,0.0891,0.4609,2.9656,-0.3241,cascade
degraded_instruct,collapsed_q2_edge,tri_cyber_heavy,rhetoric,640,0.0234,0.0141,0.1811,0.4391,0.5422,0.0734,0.5625,3.1844,-0.3675,cascade
degraded_instruct,collapsed_q2_edge,tri_cyber_heavy,spatial,640,0.0297,0.0203,0.1649,0.4078,0.5453,0.0859,0.4859,3.1719,-0.3579,cascade
degraded_instruct,collapsed_q2_edge,tri_equal_routed,adversarial,640,0.0578,0.0375,0.2793,0.7547,0.5453,0.0594,0.6484,2.9656,-0.3381,cascade
degraded_instruct,collapsed_q2_edge,tri_equal_routed,boundary,640,0.0734,0.05,0.2951,0.7438,0.5641,0.0969,0.6813,2.7125,-0.3287,cascade
degraded_instruct,collapsed_q2_edge,tri_equal_routed,coding,640,0.025,0.0187,0.1773,0.4547,0.5641,0.0797,0.4922,3.2563,-0.3686,cascade
degraded_instruct,collapsed_q2_edge,tri_equal_routed,epistemic,640,0.05,0.0375,0.2029,0.4781,0.5094,0.0641,0.6375,2.6922,-0.3137,cascade
degraded_instruct,collapsed_q2_edge,tri_equal_routed,forensic,640,0.0437,0.0281,0.2148,0.7312,0.5609,0.0797,0.6141,3.0281,-0.3566,cascade
degraded_instruct,collapsed_q2_edge,tri_equal_routed,generalist,640,0.0312,0.0203,0.1894,0.45,0.5437,0.0672,0.5969,2.9516,-0.3516,cascade
degraded_instruct,collapsed_q2_edge,tri_equal_routed,math,640,0.0219,0.0141,0.1662,0.4594,0.5625,0.0656,0.6188,3.5562,-0.3951,cascade
degraded_instruct,collapsed_q2_edge,tri_equal_routed,planning,640,0.0453,0.0281,0.1939,0.4594,0.5625,0.0734,0.5266,3.0141,-0.3481,cascade
degraded_instruct,collapsed_q2_edge,tri_equal_routed,rhetoric,640,0.0297,0.0266,0.1888,0.5094,0.5312,0.0688,0.6047,3.2453,-0.3572,cascade
degraded_instruct,collapsed_q2_edge,tri_equal_routed,spatial,640,0.0328,0.0187,0.1778,0.4719,0.5109,0.0859,0.5219,3.1453,-0.3507,cascade
degraded_instruct,collapsed_q2_edge,tri_naive_equal_all_fire,adversarial,640,0.15,0.0781,0.4411,0.9109,0.4172,0.3422,0.6547,2.0469,-0.2702,cascade
degraded_instruct,collapsed_q2_edge,tri_naive_equal_all_fire,boundary,640,0.1922,0.1031,0.4584,0.8953,0.4188,0.3719,0.7578,1.7906,-0.247,cascade
degraded_instruct,collapsed_q2_edge,tri_naive_equal_all_fire,coding,640,0.0531,0.0391,0.2386,0.4906,0.4406,0.3234,0.5781,2.7609,-0.3421,cascade
degraded_instruct,collapsed_q2_edge,tri_naive_equal_all_fire,epistemic,640,0.0547,0.0281,0.2701,0.5703,0.4703,0.2875,0.6641,2.1766,-0.3324,cascade
degraded_instruct,collapsed_q2_edge,tri_naive_equal_all_fire,forensic,640,0.0813,0.0453,0.3227,0.8375,0.4719,0.3203,0.6469,2.3781,-0.331,cascade
degraded_instruct,collapsed_q2_edge,tri_naive_equal_all_fire,generalist,640,0.05,0.0234,0.2499,0.4875,0.4813,0.325,0.6813,2.4422,-0.3625,cascade
degraded_instruct,collapsed_q2_edge,tri_naive_equal_all_fire,math,640,0.0391,0.0234,0.228,0.475,0.425,0.2984,0.6359,3.1656,-0.3729,cascade
degraded_instruct,collapsed_q2_edge,tri_naive_equal_all_fire,planning,640,0.0859,0.0531,0.2649,0.4984,0.4516,0.3094,0.5437,2.4797,-0.3117,cascade
degraded_instruct,collapsed_q2_edge,tri_naive_equal_all_fire,rhetoric,640,0.05,0.0281,0.224,0.475,0.4953,0.3344,0.6859,2.7922,-0.3818,cascade
degraded_instruct,collapsed_q2_edge,tri_naive_equal_all_fire,spatial,640,0.0516,0.0359,0.2332,0.4734,0.4297,0.3547,0.4984,2.7234,-0.34,cascade
degraded_instruct,collapsed_q2_edge,tri_naive_structural_heavy_all_fire,adversarial,640,0.5203,0.2469,0.7312,0.9422,0.2375,0.3187,0.6188,0.6578,0.0295,distractor_capture
degraded_instruct,collapsed_q2_edge,tri_naive_structural_heavy_all_fire,boundary,640,0.5297,0.2188,0.7242,0.9344,0.2469,0.3422,0.6797,0.6281,-0.0095,distractor_capture
degraded_instruct,collapsed_q2_edge,tri_naive_structural_heavy_all_fire,coding,640,0.2344,0.1313,0.5059,0.6234,0.2906,0.3078,0.5437,1.3594,-0.129,cascade
degraded_instruct,collapsed_q2_edge,tri_naive_structural_heavy_all_fire,epistemic,640,0.2844,0.1609,0.5311,0.6312,0.3187,0.2656,0.6016,1.1156,-0.0917,cascade
degraded_instruct,collapsed_q2_edge,tri_naive_structural_heavy_all_fire,forensic,640,0.3328,0.1641,0.608,0.9109,0.3125,0.3125,0.5906,1.1141,-0.0951,cascade
degraded_instruct,collapsed_q2_edge,tri_naive_structural_heavy_all_fire,generalist,640,0.2328,0.1281,0.4819,0.5609,0.3172,0.3219,0.6031,1.3047,-0.1449,cascade
degraded_instruct,collapsed_q2_edge,tri_naive_structural_heavy_all_fire,math,640,0.2281,0.125,0.4748,0.5641,0.3125,0.2922,0.6125,1.6062,-0.1565,cascade
degraded_instruct,collapsed_q2_edge,tri_naive_structural_heavy_all_fire,planning,640,0.325,0.1859,0.5549,0.6328,0.2938,0.3,0.4562,1.1391,-0.0556,cascade
degraded_instruct,collapsed_q2_edge,tri_naive_structural_heavy_all_fire,rhetoric,640,0.2109,0.1281,0.4735,0.5953,0.3016,0.2766,0.5859,1.5203,-0.1405,cascade
degraded_instruct,collapsed_q2_edge,tri_naive_structural_heavy_all_fire,spatial,640,0.2328,0.1359,0.4994,0.5859,0.2875,0.2766,0.4844,1.3891,-0.1138,cascade
degraded_instruct,collapsed_q2_edge,tri_structural_heavy_55,adversarial,640,0.1234,0.0922,0.3879,0.7625,0.4375,0.0578,0.6578,2.4141,-0.224,cascade
degraded_instruct,collapsed_q2_edge,tri_structural_heavy_55,boundary,640,0.1437,0.0906,0.3842,0.725,0.4516,0.075,0.6641,2.275,-0.2267,cascade
degraded_instruct,collapsed_q2_edge,tri_structural_heavy_55,coding,640,0.0688,0.0547,0.2941,0.5375,0.4516,0.0625,0.4672,2.5031,-0.2558,cascade
degraded_instruct,collapsed_q2_edge,tri_structural_heavy_55,epistemic,640,0.0734,0.0484,0.3016,0.6,0.4891,0.0625,0.6062,2.1656,-0.2676,cascade
degraded_instruct,collapsed_q2_edge,tri_structural_heavy_55,forensic,640,0.0938,0.0766,0.3089,0.7031,0.4813,0.0625,0.5891,2.5063,-0.2528,cascade
degraded_instruct,collapsed_q2_edge,tri_structural_heavy_55,generalist,640,0.0656,0.0469,0.2955,0.5109,0.4609,0.0547,0.5687,2.3062,-0.2632,cascade
degraded_instruct,collapsed_q2_edge,tri_structural_heavy_55,math,640,0.075,0.0594,0.283,0.5563,0.4266,0.0531,0.5906,2.8219,-0.2676,cascade
degraded_instruct,collapsed_q2_edge,tri_structural_heavy_55,planning,640,0.1156,0.0906,0.3171,0.5375,0.4375,0.0641,0.4547,2.3625,-0.2079,cascade
degraded_instruct,collapsed_q2_edge,tri_structural_heavy_55,rhetoric,640,0.0578,0.0437,0.2769,0.5484,0.4766,0.0578,0.5875,2.6031,-0.2879,cascade
degraded_instruct,collapsed_q2_edge,tri_structural_heavy_55,spatial,640,0.1047,0.0844,0.2983,0.5453,0.4594,0.0406,0.4594,2.4828,-0.2225,cascade
degraded_instruct,collapsed_q2_edge,tri_structural_heavy_60,adversarial,640,0.1344,0.0828,0.4105,0.7609,0.4344,0.0594,0.5703,2.2563,-0.2178,cascade
degraded_instruct,collapsed_q2_edge,tri_structural_heavy_60,boundary,640,0.1719,0.1109,0.4311,0.7484,0.4109,0.0688,0.6562,2.0297,-0.1801,cascade
degraded_instruct,collapsed_q2_edge,tri_structural_heavy_60,coding,640,0.0938,0.0672,0.3308,0.5563,0.4094,0.0547,0.5203,2.3969,-0.228,cascade
degraded_instruct,collapsed_q2_edge,tri_structural_heavy_60,epistemic,640,0.1156,0.0703,0.3411,0.5703,0.4203,0.0437,0.6141,1.9859,-0.213,cascade
degraded_instruct,collapsed_q2_edge,tri_structural_heavy_60,forensic,640,0.0938,0.0641,0.3428,0.7375,0.4484,0.0484,0.5953,2.325,-0.244,cascade
degraded_instruct,collapsed_q2_edge,tri_structural_heavy_60,generalist,640,0.0672,0.0516,0.3122,0.5594,0.4562,0.0703,0.5344,2.2125,-0.2528,cascade
degraded_instruct,collapsed_q2_edge,tri_structural_heavy_60,math,640,0.0813,0.0625,0.2948,0.5484,0.4078,0.0375,0.6031,2.7391,-0.2525,cascade
degraded_instruct,collapsed_q2_edge,tri_structural_heavy_60,planning,640,0.1422,0.1047,0.3444,0.5609,0.4453,0.0469,0.5062,2.2391,-0.1907,cascade
degraded_instruct,collapsed_q2_edge,tri_structural_heavy_60,rhetoric,640,0.075,0.0594,0.2999,0.5609,0.4625,0.0594,0.5703,2.4969,-0.2617,cascade
degraded_instruct,collapsed_q2_edge,tri_structural_heavy_60,spatial,640,0.1016,0.0766,0.3264,0.5312,0.3984,0.0375,0.4406,2.3359,-0.2025,cascade
degraded_instruct,collapsed_q2_edge,tri_structural_heavy_65,adversarial,640,0.2031,0.1437,0.4582,0.7984,0.4125,0.0344,0.5781,1.9984,-0.133,cascade
degraded_instruct,collapsed_q2_edge,tri_structural_heavy_65,boundary,640,0.1781,0.125,0.4548,0.7688,0.4031,0.0688,0.6578,1.9031,-0.1575,cascade
degraded_instruct,collapsed_q2_edge,tri_structural_heavy_65,coding,640,0.1187,0.0875,0.3429,0.5813,0.425,0.0484,0.4344,2.3062,-0.1998,cascade
degraded_instruct,collapsed_q2_edge,tri_structural_heavy_65,epistemic,640,0.1156,0.0906,0.3642,0.5766,0.3906,0.0406,0.575,1.9547,-0.1784,cascade
degraded_instruct,collapsed_q2_edge,tri_structural_heavy_65,forensic,640,0.1219,0.0891,0.3822,0.7719,0.4344,0.0578,0.6,2.125,-0.2071,cascade
degraded_instruct,collapsed_q2_edge,tri_structural_heavy_65,generalist,640,0.0891,0.0547,0.3563,0.5406,0.4219,0.0641,0.5594,1.9891,-0.2289,cascade
degraded_instruct,collapsed_q2_edge,tri_structural_heavy_65,math,640,0.1078,0.0781,0.344,0.5531,0.3594,0.0453,0.5594,2.5328,-0.2101,cascade
degraded_instruct,collapsed_q2_edge,tri_structural_heavy_65,planning,640,0.1375,0.1047,0.3659,0.5781,0.4125,0.0391,0.4531,2.1484,-0.1705,cascade
degraded_instruct,collapsed_q2_edge,tri_structural_heavy_65,rhetoric,640,0.0813,0.0469,0.326,0.5391,0.3922,0.0391,0.5906,2.3625,-0.244,cascade
degraded_instruct,collapsed_q2_edge,tri_structural_heavy_65,spatial,640,0.1422,0.1094,0.3454,0.5578,0.4266,0.0281,0.4141,2.1938,-0.167,cascade
degraded_instruct,damaged_q2,baseline,adversarial,640,0.0,0.0,0.0449,0.2594,0.7,0.0219,0.6594,4.9594,-0.5151,cascade
degraded_instruct,damaged_q2,baseline,boundary,640,0.0016,0.0,0.0419,0.2766,0.7312,0.0156,0.7141,4.7875,-0.519,cascade
degraded_instruct,damaged_q2,baseline,coding,640,0.0,0.0,0.0482,0.2906,0.6562,0.0156,0.5469,4.4531,-0.4664,cascade
degraded_instruct,damaged_q2,baseline,epistemic,640,0.0016,0.0,0.0611,0.2891,0.6312,0.0,0.6188,3.7641,-0.4271,cascade
degraded_instruct,damaged_q2,baseline,forensic,640,0.0031,0.0031,0.0521,0.2687,0.6844,0.0125,0.575,4.3078,-0.4661,cascade
degraded_instruct,damaged_q2,baseline,generalist,640,0.0047,0.0031,0.0618,0.2938,0.6813,0.0187,0.5672,3.9656,-0.4487,cascade
degraded_instruct,damaged_q2,baseline,math,640,0.0016,0.0016,0.0662,0.3078,0.5953,0.0063,0.6391,4.5734,-0.4581,cascade
degraded_instruct,damaged_q2,baseline,planning,640,0.0078,0.0047,0.0605,0.2766,0.6125,0.0047,0.5406,4.2172,-0.4341,cascade
degraded_instruct,damaged_q2,baseline,rhetoric,640,0.0,0.0,0.0492,0.2781,0.6828,0.0016,0.6687,4.4313,-0.4802,cascade
degraded_instruct,damaged_q2,baseline,spatial,640,0.0047,0.0047,0.0669,0.3,0.6266,0.0094,0.5156,4.1641,-0.4346,cascade
degraded_instruct,damaged_q2,cog_25_cyb_75,adversarial,640,0.0797,0.0547,0.3194,0.8234,0.4859,0.0922,0.5297,2.9109,-0.2975,cascade
degraded_instruct,damaged_q2,cog_25_cyb_75,boundary,640,0.1,0.0625,0.3717,0.8609,0.4516,0.0969,0.6969,2.5031,-0.2732,cascade
degraded_instruct,damaged_q2,cog_25_cyb_75,coding,640,0.0312,0.0203,0.1701,0.5062,0.5047,0.0969,0.5094,3.3766,-0.36,cascade
degraded_instruct,damaged_q2,cog_25_cyb_75,epistemic,640,0.0375,0.0281,0.1938,0.5203,0.4719,0.0891,0.5359,2.8,-0.3141,cascade
degraded_instruct,damaged_q2,cog_25_cyb_75,forensic,640,0.0453,0.0406,0.237,0.7875,0.4844,0.0828,0.5422,2.9703,-0.3131,cascade
degraded_instruct,damaged_q2,cog_25_cyb_75,generalist,640,0.0281,0.0219,0.1865,0.4922,0.4875,0.0984,0.6,2.9937,-0.3417,cascade
degraded_instruct,damaged_q2,cog_25_cyb_75,math,640,0.0156,0.0109,0.1453,0.4344,0.4734,0.0797,0.5203,3.8594,-0.3816,cascade
degraded_instruct,damaged_q2,cog_25_cyb_75,planning,640,0.0437,0.0281,0.1796,0.4953,0.475,0.0813,0.4813,3.2609,-0.3322,cascade
degraded_instruct,damaged_q2,cog_25_cyb_75,rhetoric,640,0.0125,0.0109,0.1497,0.4625,0.4844,0.0719,0.5375,3.45,-0.3642,cascade
degraded_instruct,damaged_q2,cog_25_cyb_75,spatial,640,0.025,0.0156,0.153,0.4266,0.4922,0.0953,0.4281,3.4469,-0.3577,cascade
degraded_instruct,damaged_q2,cog_25_str_75,adversarial,640,0.25,0.1812,0.5224,0.7906,0.3141,0.0312,0.5375,1.7953,-0.052,cascade
degraded_instruct,damaged_q2,cog_25_str_75,boundary,640,0.2422,0.1734,0.5183,0.7688,0.3063,0.0359,0.5672,1.7031,-0.0562,cascade
degraded_instruct,damaged_q2,cog_25_str_75,coding,640,0.1969,0.1516,0.4683,0.6656,0.3031,0.0266,0.4828,1.7891,-0.0728,cascade
degraded_instruct,damaged_q2,cog_25_str_75,epistemic,640,0.2078,0.1672,0.472,0.6687,0.3063,0.0156,0.5094,1.5562,-0.0464,cascade
degraded_instruct,damaged_q2,cog_25_str_75,forensic,640,0.2156,0.1625,0.4591,0.7344,0.3469,0.0234,0.5078,1.7922,-0.0765,cascade
degraded_instruct,damaged_q2,cog_25_str_75,generalist,640,0.1922,0.1313,0.461,0.6453,0.3031,0.0281,0.5234,1.6578,-0.0901,cascade
degraded_instruct,damaged_q2,cog_25_str_75,math,640,0.1938,0.1469,0.4681,0.6703,0.2703,0.0156,0.5266,1.9625,-0.0776,cascade
degraded_instruct,damaged_q2,cog_25_str_75,planning,640,0.2469,0.1781,0.49,0.6797,0.3016,0.0187,0.4656,1.6422,-0.0355,cascade
degraded_instruct,damaged_q2,cog_25_str_75,rhetoric,640,0.1953,0.1484,0.4542,0.6531,0.3063,0.0109,0.4734,1.8625,-0.0766,cascade
degraded_instruct,damaged_q2,cog_25_str_75,spatial,640,0.2234,0.1719,0.4802,0.7016,0.2969,0.0187,0.3937,1.7453,-0.0397,cascade
degraded_instruct,damaged_q2,cog_40_cyb_60,adversarial,640,0.0641,0.0453,0.2773,0.7781,0.525,0.0891,0.6094,3.0531,-0.3314,cascade
degraded_instruct,damaged_q2,cog_40_cyb_60,boundary,640,0.0813,0.0531,0.3086,0.7859,0.4688,0.075,0.6453,2.8016,-0.2942,cascade
degraded_instruct,damaged_q2,cog_40_cyb_60,coding,640,0.0156,0.0109,0.1386,0.4531,0.5656,0.0828,0.4344,3.5187,-0.386,cascade
degraded_instruct,damaged_q2,cog_40_cyb_60,epistemic,640,0.0234,0.0156,0.1847,0.5516,0.4891,0.0641,0.6172,2.8641,-0.3365,cascade
degraded_instruct,damaged_q2,cog_40_cyb_60,forensic,640,0.0266,0.0219,0.2081,0.7297,0.5203,0.0719,0.5672,3.0672,-0.3473,cascade
degraded_instruct,damaged_q2,cog_40_cyb_60,generalist,640,0.0156,0.0109,0.1718,0.5188,0.5,0.0953,0.5906,3.0375,-0.3573,cascade
degraded_instruct,damaged_q2,cog_40_cyb_60,math,640,0.0172,0.0125,0.1505,0.4422,0.4688,0.0734,0.5594,3.8375,-0.3794,cascade
degraded_instruct,damaged_q2,cog_40_cyb_60,planning,640,0.0406,0.0297,0.1796,0.4844,0.4875,0.0672,0.4516,3.1875,-0.3255,cascade
degraded_instruct,damaged_q2,cog_40_cyb_60,rhetoric,640,0.0125,0.0109,0.1605,0.5094,0.525,0.0906,0.5844,3.4125,-0.3821,cascade
degraded_instruct,damaged_q2,cog_40_cyb_60,spatial,640,0.0297,0.0203,0.164,0.4953,0.4984,0.0969,0.4906,3.3453,-0.3551,cascade
degraded_instruct,damaged_q2,cog_40_str_60,adversarial,640,0.1484,0.1078,0.4267,0.7547,0.3672,0.0203,0.5531,2.2328,-0.1623,cascade
degraded_instruct,damaged_q2,cog_40_str_60,boundary,640,0.1578,0.1125,0.4262,0.7359,0.3766,0.0406,0.5922,2.0891,-0.1604,cascade
degraded_instruct,damaged_q2,cog_40_str_60,coding,640,0.15,0.1141,0.4095,0.6547,0.3406,0.0391,0.4656,2.0703,-0.1367,cascade
degraded_instruct,damaged_q2,cog_40_str_60,epistemic,640,0.1375,0.1031,0.4044,0.6641,0.3484,0.0141,0.5375,1.8125,-0.1378,cascade
degraded_instruct,damaged_q2,cog_40_str_60,forensic,640,0.1422,0.1062,0.3995,0.7312,0.3484,0.0281,0.5437,2.1391,-0.1544,cascade
degraded_instruct,damaged_q2,cog_40_str_60,generalist,640,0.1437,0.1109,0.4159,0.675,0.3703,0.0406,0.5391,1.8484,-0.1438,cascade
degraded_instruct,damaged_q2,cog_40_str_60,math,640,0.1313,0.1016,0.3932,0.6391,0.3156,0.0297,0.5234,2.3188,-0.1569,cascade
degraded_instruct,damaged_q2,cog_40_str_60,planning,640,0.1953,0.1531,0.4293,0.6422,0.3406,0.0219,0.4328,1.9328,-0.0847,cascade
degraded_instruct,damaged_q2,cog_40_str_60,rhetoric,640,0.1328,0.0969,0.3889,0.6359,0.3547,0.0391,0.5375,2.1828,-0.1695,cascade
degraded_instruct,damaged_q2,cog_40_str_60,spatial,640,0.1406,0.1125,0.4104,0.6641,0.3297,0.0297,0.4109,2.025,-0.1265,cascade
degraded_instruct,damaged_q2,cog_50_cyb_50,adversarial,640,0.0437,0.0344,0.2444,0.7203,0.5266,0.0703,0.6375,3.2797,-0.3526,cascade
degraded_instruct,damaged_q2,cog_50_cyb_50,boundary,640,0.0531,0.0406,0.2652,0.7469,0.4906,0.1016,0.6406,3.0125,-0.3288,cascade
degraded_instruct,damaged_q2,cog_50_cyb_50,coding,640,0.0234,0.0203,0.1741,0.525,0.4984,0.0797,0.4922,3.4344,-0.3562,cascade
degraded_instruct,damaged_q2,cog_50_cyb_50,epistemic,640,0.0266,0.0141,0.1797,0.5422,0.5109,0.0734,0.5984,2.85,-0.3443,cascade
degraded_instruct,damaged_q2,cog_50_cyb_50,forensic,640,0.0437,0.0281,0.2158,0.6891,0.5125,0.1047,0.5938,3.1359,-0.3509,cascade
degraded_instruct,damaged_q2,cog_50_cyb_50,generalist,640,0.0172,0.0125,0.1665,0.4922,0.5203,0.0938,0.5891,3.0875,-0.3638,cascade
degraded_instruct,damaged_q2,cog_50_cyb_50,math,640,0.0266,0.0203,0.1635,0.4797,0.4625,0.0828,0.55,3.7125,-0.3646,cascade
degraded_instruct,damaged_q2,cog_50_cyb_50,planning,640,0.0344,0.0281,0.1889,0.5078,0.4781,0.0719,0.4297,3.2109,-0.3246,cascade
degraded_instruct,damaged_q2,cog_50_cyb_50,rhetoric,640,0.0219,0.0187,0.1707,0.5234,0.4797,0.0813,0.5719,3.4203,-0.3582,cascade
degraded_instruct,damaged_q2,cog_50_cyb_50,spatial,640,0.0375,0.0297,0.162,0.4938,0.4891,0.0828,0.4328,3.3516,-0.3358,cascade
degraded_instruct,damaged_q2,cog_50_str_50,adversarial,640,0.1172,0.0844,0.3708,0.7125,0.3766,0.0312,0.5719,2.5297,-0.2071,cascade
degraded_instruct,damaged_q2,cog_50_str_50,boundary,640,0.1016,0.0719,0.3535,0.675,0.3969,0.0516,0.5906,2.4531,-0.2274,cascade
degraded_instruct,damaged_q2,cog_50_str_50,coding,640,0.1141,0.0891,0.3621,0.6422,0.3516,0.0391,0.4422,2.3578,-0.1775,cascade
degraded_instruct,damaged_q2,cog_50_str_50,epistemic,640,0.1047,0.0719,0.3713,0.6953,0.3812,0.0312,0.5734,1.9594,-0.1926,cascade
degraded_instruct,damaged_q2,cog_50_str_50,forensic,640,0.0969,0.0813,0.3471,0.7125,0.3891,0.0391,0.5297,2.3125,-0.2013,cascade
degraded_instruct,damaged_q2,cog_50_str_50,generalist,640,0.1125,0.0797,0.3717,0.6531,0.3609,0.0391,0.4969,2.1281,-0.1826,cascade
degraded_instruct,damaged_q2,cog_50_str_50,math,640,0.1141,0.0891,0.3462,0.6203,0.3578,0.025,0.5156,2.5219,-0.1906,cascade
degraded_instruct,damaged_q2,cog_50_str_50,planning,640,0.1531,0.1219,0.3933,0.6609,0.3594,0.0422,0.4297,2.1,-0.1338,cascade
degraded_instruct,damaged_q2,cog_50_str_50,rhetoric,640,0.1016,0.0844,0.3511,0.6547,0.3859,0.0359,0.5359,2.3578,-0.1994,cascade
degraded_instruct,damaged_q2,cog_50_str_50,spatial,640,0.1375,0.1125,0.3785,0.6562,0.3234,0.0187,0.4453,2.2172,-0.1348,cascade
degraded_instruct,damaged_q2,cog_60_cyb_40,adversarial,640,0.0297,0.0203,0.2339,0.6937,0.4844,0.0938,0.6469,3.4,-0.3655,cascade
degraded_instruct,damaged_q2,cog_60_cyb_40,boundary,640,0.0328,0.0219,0.2262,0.7219,0.5125,0.1109,0.7156,3.2844,-0.3755,cascade
degraded_instruct,damaged_q2,cog_60_cyb_40,coding,640,0.025,0.0203,0.1672,0.5516,0.5219,0.0844,0.5188,3.4391,-0.3666,cascade
degraded_instruct,damaged_q2,cog_60_cyb_40,epistemic,640,0.0219,0.0141,0.1796,0.5563,0.4922,0.0672,0.6078,2.8453,-0.3379,cascade
degraded_instruct,damaged_q2,cog_60_cyb_40,forensic,640,0.0469,0.0328,0.1991,0.6797,0.5156,0.0797,0.5625,3.25,-0.3453,cascade
degraded_instruct,damaged_q2,cog_60_cyb_40,generalist,640,0.025,0.0109,0.1911,0.5844,0.5219,0.0688,0.5531,3.0234,-0.3548,cascade
degraded_instruct,damaged_q2,cog_60_cyb_40,math,640,0.0312,0.0281,0.1741,0.4859,0.4578,0.0969,0.5062,3.6922,-0.3537,cascade
degraded_instruct,damaged_q2,cog_60_cyb_40,planning,640,0.0469,0.0359,0.1959,0.5563,0.4766,0.0734,0.4469,3.2125,-0.3181,cascade
degraded_instruct,damaged_q2,cog_60_cyb_40,rhetoric,640,0.0187,0.0125,0.1741,0.5234,0.4813,0.0469,0.6078,3.4047,-0.3601,cascade
degraded_instruct,damaged_q2,cog_60_cyb_40,spatial,640,0.0328,0.0219,0.1756,0.5594,0.4891,0.0547,0.5,3.2953,-0.3405,cascade
degraded_instruct,damaged_q2,cog_60_str_40,adversarial,640,0.0781,0.0547,0.2936,0.6328,0.4375,0.05,0.5687,2.9547,-0.2798,cascade
degraded_instruct,damaged_q2,cog_60_str_40,boundary,640,0.0531,0.0359,0.2955,0.6453,0.4562,0.0547,0.5969,2.7437,-0.2968,cascade
degraded_instruct,damaged_q2,cog_60_str_40,coding,640,0.0719,0.0531,0.3177,0.6359,0.3672,0.0516,0.4641,2.5922,-0.2341,cascade
degraded_instruct,damaged_q2,cog_60_str_40,epistemic,640,0.0828,0.0656,0.3437,0.6734,0.3922,0.0391,0.5828,2.1172,-0.2123,cascade
degraded_instruct,damaged_q2,cog_60_str_40,forensic,640,0.1047,0.0844,0.3036,0.6609,0.4109,0.0391,0.5062,2.6063,-0.2175,cascade
degraded_instruct,damaged_q2,cog_60_str_40,generalist,640,0.0688,0.0437,0.3328,0.6562,0.3984,0.0484,0.6,2.2437,-0.2457,cascade
degraded_instruct,damaged_q2,cog_60_str_40,math,640,0.0953,0.0719,0.3521,0.6687,0.3109,0.0516,0.5641,2.6281,-0.2083,primitive_gap
degraded_instruct,damaged_q2,cog_60_str_40,planning,640,0.1469,0.1156,0.3733,0.6719,0.3609,0.0469,0.4547,2.2406,-0.1504,cascade
degraded_instruct,damaged_q2,cog_60_str_40,rhetoric,640,0.0719,0.0516,0.3115,0.6438,0.3922,0.0469,0.5047,2.6156,-0.2466,cascade
degraded_instruct,damaged_q2,cog_60_str_40,spatial,640,0.1109,0.0828,0.3449,0.65,0.3656,0.0563,0.4172,2.4203,-0.1925,cascade
degraded_instruct,damaged_q2,cog_75_cyb_25,adversarial,640,0.025,0.0187,0.1899,0.6234,0.5656,0.0922,0.6328,3.6719,-0.4036,cascade
degraded_instruct,damaged_q2,cog_75_cyb_25,boundary,640,0.0312,0.0219,0.191,0.6109,0.5656,0.0891,0.7344,3.4453,-0.3966,cascade
degraded_instruct,damaged_q2,cog_75_cyb_25,coding,640,0.0203,0.0109,0.1688,0.5484,0.5109,0.0719,0.5109,3.5016,-0.3727,cascade
degraded_instruct,damaged_q2,cog_75_cyb_25,epistemic,640,0.0328,0.025,0.1855,0.5547,0.5266,0.0609,0.6109,2.8641,-0.3372,cascade
degraded_instruct,damaged_q2,cog_75_cyb_25,forensic,640,0.0312,0.0219,0.1668,0.6188,0.5406,0.0797,0.6156,3.3391,-0.3725,cascade
degraded_instruct,damaged_q2,cog_75_cyb_25,generalist,640,0.0234,0.0141,0.2112,0.5797,0.475,0.0875,0.6016,2.9672,-0.3424,cascade
degraded_instruct,damaged_q2,cog_75_cyb_25,math,640,0.0266,0.0219,0.1773,0.5281,0.4578,0.0594,0.6219,3.7281,-0.3635,cascade
degraded_instruct,damaged_q2,cog_75_cyb_25,planning,640,0.0375,0.0266,0.2005,0.5719,0.5047,0.075,0.4828,3.1297,-0.335,cascade
degraded_instruct,damaged_q2,cog_75_cyb_25,rhetoric,640,0.0172,0.0109,0.1756,0.5719,0.5219,0.0719,0.5969,3.4344,-0.3795,cascade
degraded_instruct,damaged_q2,cog_75_cyb_25,spatial,640,0.0422,0.0312,0.1819,0.5422,0.4719,0.0719,0.4562,3.2578,-0.3241,cascade
degraded_instruct,damaged_q2,cog_75_str_25,adversarial,640,0.0344,0.025,0.2307,0.5953,0.475,0.0594,0.6125,3.3828,-0.3475,cascade
degraded_instruct,damaged_q2,cog_75_str_25,boundary,640,0.0453,0.0281,0.2328,0.6094,0.4781,0.0563,0.6656,3.1078,-0.3352,cascade
degraded_instruct,damaged_q2,cog_75_str_25,coding,640,0.0547,0.0406,0.2347,0.6016,0.4688,0.0422,0.4766,3.0031,-0.2967,cascade
degraded_instruct,damaged_q2,cog_75_str_25,epistemic,640,0.0578,0.0484,0.2789,0.6625,0.4516,0.0266,0.5344,2.375,-0.2538,cascade
degraded_instruct,damaged_q2,cog_75_str_25,forensic,640,0.05,0.0391,0.2297,0.6,0.4813,0.0391,0.5953,2.975,-0.3095,cascade
degraded_instruct,damaged_q2,cog_75_str_25,generalist,640,0.0672,0.0437,0.2948,0.6375,0.4297,0.0484,0.5703,2.4984,-0.2654,cascade
degraded_instruct,damaged_q2,cog_75_str_25,math,640,0.0578,0.0484,0.2767,0.6625,0.4078,0.0422,0.5938,2.9719,-0.2784,cascade
degraded_instruct,damaged_q2,cog_75_str_25,planning,640,0.0688,0.0516,0.2894,0.6328,0.425,0.0453,0.4719,2.6719,-0.2563,cascade
degraded_instruct,damaged_q2,cog_75_str_25,rhetoric,640,0.0266,0.0219,0.2427,0.6203,0.4531,0.0406,0.5375,2.9875,-0.3146,cascade
degraded_instruct,damaged_q2,cog_75_str_25,spatial,640,0.0547,0.0359,0.2527,0.6125,0.4516,0.0484,0.4672,2.7844,-0.2858,cascade
degraded_instruct,damaged_q2,cognitive_only,adversarial,640,0.0078,0.0047,0.0932,0.4531,0.6484,0.0609,0.6672,4.3844,-0.4746,cascade
degraded_instruct,damaged_q2,cognitive_only,boundary,640,0.0078,0.0063,0.0926,0.4031,0.6312,0.0594,0.7234,4.2719,-0.4665,cascade
degraded_instruct,damaged_q2,cognitive_only,coding,640,0.0094,0.0078,0.1219,0.5031,0.5813,0.0656,0.5484,3.7672,-0.4119,cascade
degraded_instruct,damaged_q2,cognitive_only,epistemic,640,0.025,0.0203,0.1622,0.5437,0.5484,0.0391,0.6516,3.0156,-0.3549,cascade
degraded_instruct,damaged_q2,cognitive_only,forensic,640,0.0141,0.0109,0.11,0.4672,0.6125,0.0469,0.5891,3.7609,-0.4174,cascade
degraded_instruct,damaged_q2,cognitive_only,generalist,640,0.0141,0.0109,0.1506,0.5156,0.5781,0.0578,0.6297,3.2453,-0.3867,cascade
degraded_instruct,damaged_q2,cognitive_only,math,640,0.0094,0.0094,0.1253,0.4688,0.5234,0.0406,0.5844,3.9422,-0.3996,cascade
degraded_instruct,damaged_q2,cognitive_only,planning,640,0.0297,0.0281,0.1515,0.5094,0.5172,0.05,0.4969,3.5328,-0.3534,cascade
degraded_instruct,damaged_q2,cognitive_only,rhetoric,640,0.0203,0.0125,0.1414,0.5266,0.5734,0.0391,0.6312,3.6078,-0.3982,cascade
degraded_instruct,damaged_q2,cognitive_only,spatial,640,0.0234,0.0203,0.1549,0.5281,0.5172,0.0516,0.4922,3.4906,-0.3591,cascade
degraded_instruct,damaged_q2,cyb_25_str_75,adversarial,640,0.3641,0.2609,0.6342,0.9016,0.2703,0.0375,0.4609,1.3375,0.0686,cascade
degraded_instruct,damaged_q2,cyb_25_str_75,boundary,640,0.3859,0.2547,0.6444,0.9062,0.2953,0.0437,0.5188,1.1656,0.0576,cascade
degraded_instruct,damaged_q2,cyb_25_str_75,coding,640,0.2141,0.1437,0.4815,0.6484,0.2703,0.0422,0.4281,1.7406,-0.0671,cascade
degraded_instruct,damaged_q2,cyb_25_str_75,epistemic,640,0.1875,0.1422,0.4557,0.6125,0.3047,0.0266,0.4969,1.5766,-0.0731,cascade
degraded_instruct,damaged_q2,cyb_25_str_75,forensic,640,0.2781,0.2156,0.5476,0.8703,0.2922,0.0391,0.4734,1.5531,0.0046,cascade
degraded_instruct,damaged_q2,cyb_25_str_75,generalist,640,0.1812,0.1391,0.4439,0.6109,0.3438,0.0469,0.4562,1.65,-0.0924,cascade
degraded_instruct,damaged_q2,cyb_25_str_75,math,640,0.1672,0.1094,0.4488,0.6047,0.2984,0.0359,0.4703,1.9438,-0.1222,cascade
degraded_instruct,damaged_q2,cyb_25_str_75,planning,640,0.2422,0.1922,0.4892,0.625,0.2891,0.0375,0.375,1.6625,-0.0152,cascade
degraded_instruct,damaged_q2,cyb_25_str_75,rhetoric,640,0.1516,0.1094,0.4153,0.575,0.3141,0.0344,0.4844,1.9766,-0.1293,cascade
degraded_instruct,damaged_q2,cyb_25_str_75,spatial,640,0.1641,0.1375,0.4215,0.6031,0.3109,0.0297,0.3781,1.9469,-0.0893,cascade
degraded_instruct,damaged_q2,cyb_40_str_60,adversarial,640,0.325,0.2156,0.5978,0.9266,0.3391,0.0594,0.4813,1.4531,-0.0091,cascade
degraded_instruct,damaged_q2,cyb_40_str_60,boundary,640,0.3953,0.2516,0.6336,0.925,0.3141,0.0813,0.55,1.2312,0.0355,cascade
degraded_instruct,damaged_q2,cyb_40_str_60,coding,640,0.1422,0.1031,0.3981,0.5953,0.3312,0.0672,0.3953,2.1203,-0.1473,cascade
degraded_instruct,damaged_q2,cyb_40_str_60,epistemic,640,0.1484,0.0953,0.387,0.5734,0.3719,0.0406,0.5203,1.775,-0.1547,cascade
degraded_instruct,damaged_q2,cyb_40_str_60,forensic,640,0.2266,0.1594,0.5081,0.9,0.3156,0.0453,0.4797,1.7453,-0.07,cascade
degraded_instruct,damaged_q2,cyb_40_str_60,generalist,640,0.1031,0.0766,0.3774,0.5563,0.3328,0.0609,0.4875,1.9406,-0.1715,cascade
degraded_instruct,damaged_q2,cyb_40_str_60,math,640,0.1094,0.0859,0.3634,0.5406,0.3125,0.0484,0.4953,2.3813,-0.1762,cascade
degraded_instruct,damaged_q2,cyb_40_str_60,planning,640,0.1703,0.1266,0.3958,0.5781,0.3312,0.0453,0.4109,2.0453,-0.117,cascade
degraded_instruct,damaged_q2,cyb_40_str_60,rhetoric,640,0.1094,0.0891,0.3565,0.5703,0.3609,0.0406,0.5266,2.2531,-0.1821,cascade
degraded_instruct,damaged_q2,cyb_40_str_60,spatial,640,0.1609,0.1266,0.4005,0.5906,0.2734,0.0484,0.4078,2.1219,-0.1039,classification_miss
degraded_instruct,damaged_q2,cyb_50_str_50,adversarial,640,0.2687,0.1734,0.5676,0.9234,0.3203,0.0719,0.5422,1.6172,-0.0613,cascade
degraded_instruct,damaged_q2,cyb_50_str_50,boundary,640,0.3391,0.2375,0.6051,0.9422,0.3172,0.0703,0.5359,1.3953,0.0156,cascade
degraded_instruct,damaged_q2,cyb_50_str_50,coding,640,0.1234,0.1,0.3687,0.6062,0.3563,0.0844,0.3891,2.2828,-0.169,cascade
degraded_instruct,damaged_q2,cyb_50_str_50,epistemic,640,0.1109,0.0734,0.3489,0.5922,0.4062,0.0453,0.5016,1.975,-0.1964,cascade
degraded_instruct,damaged_q2,cyb_50_str_50,forensic,640,0.1953,0.1359,0.4779,0.9,0.3078,0.0625,0.4953,1.8578,-0.1014,primitive_gap
degraded_instruct,damaged_q2,cyb_50_str_50,generalist,640,0.1156,0.0938,0.3627,0.5484,0.375,0.0656,0.4484,2.0344,-0.1695,cascade
degraded_instruct,damaged_q2,cyb_50_str_50,math,640,0.0688,0.05,0.3186,0.525,0.3375,0.0547,0.4906,2.6734,-0.2351,cascade
degraded_instruct,damaged_q2,cyb_50_str_50,planning,640,0.1313,0.1078,0.3475,0.5172,0.3219,0.0484,0.4016,2.2844,-0.1448,cascade
degraded_instruct,damaged_q2,cyb_50_str_50,rhetoric,640,0.0859,0.0672,0.3129,0.5219,0.3953,0.0469,0.4797,2.4359,-0.221,cascade
degraded_instruct,damaged_q2,cyb_50_str_50,spatial,640,0.1094,0.0844,0.3391,0.5641,0.3375,0.0672,0.4109,2.3094,-0.1787,cascade
degraded_instruct,damaged_q2,cyb_60_str_40,adversarial,640,0.2375,0.1469,0.5292,0.9266,0.3516,0.075,0.5188,1.8406,-0.1071,cascade
degraded_instruct,damaged_q2,cyb_60_str_40,boundary,640,0.3172,0.1875,0.593,0.9469,0.3125,0.0922,0.5828,1.4359,-0.0431,cascade
degraded_instruct,damaged_q2,cyb_60_str_40,coding,640,0.0984,0.0766,0.3251,0.5641,0.3937,0.0703,0.4172,2.4359,-0.2108,cascade
degraded_instruct,damaged_q2,cyb_60_str_40,epistemic,640,0.0734,0.0453,0.3098,0.5312,0.3859,0.0656,0.4719,2.1344,-0.2281,cascade
degraded_instruct,damaged_q2,cyb_60_str_40,forensic,640,0.1703,0.1313,0.4389,0.8906,0.3391,0.0703,0.4984,2.0375,-0.1263,cascade
degraded_instruct,damaged_q2,cyb_60_str_40,generalist,640,0.0859,0.0578,0.3148,0.5172,0.4047,0.075,0.4828,2.25,-0.2297,cascade
degraded_instruct,damaged_q2,cyb_60_str_40,math,640,0.0672,0.0547,0.2915,0.5484,0.3266,0.0656,0.5359,2.8953,-0.244,cascade
degraded_instruct,damaged_q2,cyb_60_str_40,planning,640,0.0906,0.0719,0.2894,0.5219,0.4047,0.0703,0.3859,2.5063,-0.2198,cascade
degraded_instruct,damaged_q2,cyb_60_str_40,rhetoric,640,0.0594,0.0516,0.2671,0.5078,0.4188,0.0578,0.5219,2.6875,-0.2617,cascade
degraded_instruct,damaged_q2,cyb_60_str_40,spatial,640,0.0859,0.0594,0.2877,0.5328,0.375,0.0844,0.4562,2.5953,-0.2363,cascade
degraded_instruct,damaged_q2,cyb_75_str_25,adversarial,640,0.1875,0.1313,0.4797,0.9313,0.3906,0.0891,0.5188,2.0547,-0.148,cascade
degraded_instruct,damaged_q2,cyb_75_str_25,boundary,640,0.2125,0.1562,0.5192,0.9531,0.3953,0.1,0.5656,1.7141,-0.1133,cascade
degraded_instruct,damaged_q2,cyb_75_str_25,coding,640,0.0547,0.0359,0.266,0.5344,0.4328,0.0703,0.4172,2.7891,-0.2808,cascade
degraded_instruct,damaged_q2,cyb_75_str_25,epistemic,640,0.0437,0.0344,0.2324,0.5203,0.4547,0.0719,0.5609,2.5156,-0.2871,cascade
degraded_instruct,damaged_q2,cyb_75_str_25,forensic,640,0.1062,0.0813,0.3708,0.8953,0.4156,0.0875,0.4984,2.3328,-0.2175,cascade
degraded_instruct,damaged_q2,cyb_75_str_25,generalist,640,0.0453,0.0297,0.248,0.4828,0.4281,0.0828,0.5141,2.5844,-0.2857,cascade
degraded_instruct,damaged_q2,cyb_75_str_25,math,640,0.0375,0.0344,0.2053,0.4562,0.3844,0.075,0.5078,3.3344,-0.3033,cascade
degraded_instruct,damaged_q2,cyb_75_str_25,planning,640,0.075,0.0563,0.2621,0.4953,0.4047,0.0641,0.3844,2.7703,-0.2472,cascade
degraded_instruct,damaged_q2,cyb_75_str_25,rhetoric,640,0.0437,0.0312,0.2151,0.4531,0.4453,0.0828,0.525,2.9906,-0.3104,cascade
degraded_instruct,damaged_q2,cyb_75_str_25,spatial,640,0.0563,0.0437,0.2238,0.4781,0.4141,0.0891,0.3953,2.9359,-0.2767,cascade
degraded_instruct,damaged_q2,cyber_only,adversarial,640,0.0531,0.0391,0.2761,0.7703,0.5078,0.0906,0.5266,3.1359,-0.3303,cascade
degraded_instruct,damaged_q2,cyber_only,boundary,640,0.0766,0.0453,0.3117,0.8172,0.5125,0.1,0.6516,2.7141,-0.3163,cascade
degraded_instruct,damaged_q2,cyber_only,coding,640,0.0156,0.0078,0.1366,0.4359,0.4813,0.0984,0.5078,3.6406,-0.3789,cascade
degraded_instruct,damaged_q2,cyber_only,epistemic,640,0.0187,0.0125,0.1178,0.3875,0.5406,0.0656,0.5703,3.1453,-0.3657,cascade
degraded_instruct,damaged_q2,cyber_only,forensic,640,0.0453,0.0328,0.2032,0.7359,0.5109,0.0813,0.5953,3.1547,-0.3421,cascade
degraded_instruct,damaged_q2,cyber_only,generalist,640,0.0047,0.0016,0.1276,0.3688,0.5609,0.1016,0.5391,3.3578,-0.398,cascade
degraded_instruct,damaged_q2,cyber_only,math,640,0.0047,0.0047,0.1057,0.3609,0.5281,0.0656,0.5297,4.125,-0.4155,cascade
degraded_instruct,damaged_q2,cyber_only,planning,640,0.0172,0.0172,0.1181,0.3734,0.5453,0.0844,0.4437,3.55,-0.3763,cascade
degraded_instruct,damaged_q2,cyber_only,rhetoric,640,0.0109,0.0109,0.1172,0.3906,0.5359,0.0766,0.5047,3.7109,-0.3911,cascade
degraded_instruct,damaged_q2,cyber_only,spatial,640,0.0234,0.0187,0.108,0.3609,0.4766,0.0875,0.4719,3.7125,-0.3651,cascade
degraded_instruct,damaged_q2,structural_only,adversarial,640,0.2047,0.1547,0.4793,0.7188,0.3531,0.0172,0.5016,1.8953,-0.0896,cascade
degraded_instruct,damaged_q2,structural_only,boundary,640,0.1953,0.1328,0.4704,0.6969,0.3609,0.0234,0.5266,1.8188,-0.1132,cascade
degraded_instruct,damaged_q2,structural_only,coding,640,0.1656,0.1266,0.4309,0.5984,0.3266,0.0172,0.4188,1.9406,-0.1054,cascade
degraded_instruct,damaged_q2,structural_only,epistemic,640,0.1578,0.1203,0.4154,0.5797,0.3422,0.0031,0.5031,1.6687,-0.1067,cascade
degraded_instruct,damaged_q2,structural_only,forensic,640,0.1781,0.1297,0.432,0.7078,0.3453,0.0141,0.4766,1.9359,-0.1116,cascade
degraded_instruct,damaged_q2,structural_only,generalist,640,0.1031,0.0703,0.3807,0.55,0.3719,0.0281,0.5188,1.8859,-0.1827,cascade
degraded_instruct,damaged_q2,structural_only,math,640,0.1391,0.1016,0.4002,0.5797,0.3047,0.0078,0.5312,2.2453,-0.1462,cascade
degraded_instruct,damaged_q2,structural_only,planning,640,0.1875,0.1484,0.4197,0.5547,0.3328,0.0172,0.4109,1.9141,-0.0834,cascade
degraded_instruct,damaged_q2,structural_only,rhetoric,640,0.1141,0.0781,0.3794,0.5375,0.3234,0.0156,0.5453,2.1703,-0.1742,cascade
degraded_instruct,damaged_q2,structural_only,spatial,640,0.1766,0.1469,0.4185,0.6109,0.3156,0.0203,0.4,1.9719,-0.0825,cascade
degraded_instruct,damaged_q2,tri_boundary_heavy,adversarial,640,0.3641,0.2328,0.6386,0.9469,0.3063,0.0734,0.4906,1.2734,0.0233,cascade
degraded_instruct,damaged_q2,tri_boundary_heavy,boundary,640,0.4484,0.2844,0.6885,0.9641,0.2656,0.0891,0.5156,1.0297,0.0941,none
degraded_instruct,damaged_q2,tri_boundary_heavy,coding,640,0.1938,0.1422,0.4678,0.6609,0.2953,0.0844,0.4266,1.7969,-0.0872,cascade
degraded_instruct,damaged_q2,tri_boundary_heavy,epistemic,640,0.1953,0.1422,0.4808,0.6891,0.3063,0.0734,0.5234,1.4969,-0.0811,cascade
degraded_instruct,damaged_q2,tri_boundary_heavy,forensic,640,0.3,0.2156,0.567,0.9219,0.2875,0.0734,0.4969,1.5016,-0.0001,cascade
degraded_instruct,damaged_q2,tri_boundary_heavy,generalist,640,0.1672,0.1219,0.4575,0.6344,0.3219,0.0703,0.4484,1.6344,-0.1063,cascade
degraded_instruct,damaged_q2,tri_boundary_heavy,math,640,0.15,0.1125,0.4133,0.6016,0.3078,0.075,0.4766,2.1812,-0.142,cascade
degraded_instruct,damaged_q2,tri_boundary_heavy,planning,640,0.2516,0.1875,0.4995,0.6453,0.3281,0.0766,0.3828,1.5609,-0.0349,cascade
degraded_instruct,damaged_q2,tri_boundary_heavy,rhetoric,640,0.1828,0.1344,0.4434,0.6469,0.2797,0.0594,0.5031,1.9281,-0.0981,cascade
degraded_instruct,damaged_q2,tri_boundary_heavy,spatial,640,0.1766,0.1375,0.4386,0.625,0.3312,0.0609,0.3875,1.825,-0.0963,cascade
degraded_instruct,damaged_q2,tri_cognitive_bridge,adversarial,640,0.2578,0.1812,0.5322,0.8688,0.3469,0.0703,0.5203,1.7594,-0.0665,cascade
degraded_instruct,damaged_q2,tri_cognitive_bridge,boundary,640,0.275,0.1781,0.5443,0.8375,0.3531,0.075,0.5578,1.5688,-0.0659,cascade
degraded_instruct,damaged_q2,tri_cognitive_bridge,coding,640,0.1891,0.1156,0.4592,0.6703,0.2766,0.0734,0.4906,1.8953,-0.116,cascade
degraded_instruct,damaged_q2,tri_cognitive_bridge,epistemic,640,0.2328,0.1672,0.4993,0.7344,0.2938,0.0547,0.5203,1.4734,-0.0472,cascade
degraded_instruct,damaged_q2,tri_cognitive_bridge,forensic,640,0.2219,0.1516,0.5037,0.8391,0.3031,0.0625,0.5203,1.7359,-0.0803,cascade
degraded_instruct,damaged_q2,tri_cognitive_bridge,generalist,640,0.175,0.1344,0.4913,0.6969,0.3063,0.0688,0.4813,1.5641,-0.088,cascade
degraded_instruct,damaged_q2,tri_cognitive_bridge,math,640,0.1812,0.1172,0.4485,0.6625,0.2719,0.0563,0.5563,2.0766,-0.124,cascade
degraded_instruct,damaged_q2,tri_cognitive_bridge,planning,640,0.2406,0.1875,0.4858,0.6969,0.3125,0.0578,0.3812,1.7094,-0.0338,cascade
degraded_instruct,damaged_q2,tri_cognitive_bridge,rhetoric,640,0.1797,0.1203,0.4426,0.6766,0.3156,0.0516,0.5375,1.9406,-0.1247,cascade
degraded_instruct,damaged_q2,tri_cognitive_bridge,spatial,640,0.2172,0.1609,0.4608,0.6594,0.3047,0.0625,0.4109,1.7703,-0.0644,cascade
degraded_instruct,damaged_q2,tri_cognitive_heavy,adversarial,640,0.1453,0.1016,0.4397,0.8078,0.3844,0.0781,0.5094,2.2453,-0.1824,cascade
degraded_instruct,damaged_q2,tri_cognitive_heavy,boundary,640,0.1594,0.1094,0.4281,0.7453,0.3922,0.0625,0.6172,2.075,-0.1739,cascade
degraded_instruct,damaged_q2,tri_cognitive_heavy,coding,640,0.0844,0.0594,0.369,0.6391,0.3375,0.0844,0.4766,2.2547,-0.2096,cascade
degraded_instruct,damaged_q2,tri_cognitive_heavy,epistemic,640,0.1328,0.1031,0.4271,0.7219,0.3516,0.0547,0.5359,1.7281,-0.1426,cascade
degraded_instruct,damaged_q2,tri_cognitive_heavy,forensic,640,0.1328,0.1031,0.3773,0.7625,0.3766,0.0703,0.55,2.2172,-0.1788,cascade
degraded_instruct,damaged_q2,tri_cognitive_heavy,generalist,640,0.1406,0.1016,0.4178,0.6797,0.3516,0.0828,0.4875,1.8953,-0.1542,cascade
degraded_instruct,damaged_q2,tri_cognitive_heavy,math,640,0.1234,0.1031,0.402,0.6687,0.3063,0.0578,0.5328,2.2938,-0.1576,cascade
degraded_instruct,damaged_q2,tri_cognitive_heavy,planning,640,0.1938,0.1484,0.4653,0.7469,0.3094,0.0594,0.4437,1.8578,-0.0846,cascade
degraded_instruct,damaged_q2,tri_cognitive_heavy,rhetoric,640,0.1406,0.0984,0.4065,0.6797,0.3328,0.0625,0.5266,2.1328,-0.1627,cascade
degraded_instruct,damaged_q2,tri_cognitive_heavy,spatial,640,0.1359,0.1047,0.4008,0.6922,0.3375,0.0578,0.4156,2.1,-0.1464,cascade
degraded_instruct,damaged_q2,tri_cyber_heavy,adversarial,640,0.3516,0.2375,0.6404,0.9797,0.2922,0.0859,0.5281,1.3203,0.0244,cascade
degraded_instruct,damaged_q2,tri_cyber_heavy,boundary,640,0.4734,0.2844,0.6954,0.9781,0.2672,0.1094,0.5437,0.9859,0.0895,none
degraded_instruct,damaged_q2,tri_cyber_heavy,coding,640,0.1031,0.0797,0.3959,0.5984,0.3344,0.0953,0.4344,2.1141,-0.1801,cascade
degraded_instruct,damaged_q2,tri_cyber_heavy,epistemic,640,0.1344,0.0844,0.4242,0.6656,0.3125,0.0813,0.4875,1.7516,-0.1522,cascade
degraded_instruct,damaged_q2,tri_cyber_heavy,forensic,640,0.2188,0.1578,0.5149,0.9531,0.3141,0.0953,0.4797,1.7047,-0.0791,cascade
degraded_instruct,damaged_q2,tri_cyber_heavy,generalist,640,0.1437,0.1062,0.4112,0.5875,0.3328,0.1219,0.4766,1.8516,-0.1487,cascade
degraded_instruct,damaged_q2,tri_cyber_heavy,math,640,0.0703,0.0563,0.3446,0.5703,0.3187,0.075,0.4922,2.5719,-0.2223,cascade
degraded_instruct,damaged_q2,tri_cyber_heavy,planning,640,0.1672,0.1234,0.4157,0.5938,0.3109,0.0844,0.3812,1.9656,-0.1155,cascade
degraded_instruct,damaged_q2,tri_cyber_heavy,rhetoric,640,0.1062,0.0719,0.3664,0.6,0.3406,0.0859,0.5109,2.2687,-0.2018,cascade
degraded_instruct,damaged_q2,tri_cyber_heavy,spatial,640,0.1266,0.0938,0.3728,0.5766,0.3094,0.0922,0.4156,2.1906,-0.1603,cascade
degraded_instruct,damaged_q2,tri_equal_routed,adversarial,640,0.2469,0.1641,0.5442,0.9187,0.3187,0.0781,0.5687,1.7688,-0.0811,cascade
degraded_instruct,damaged_q2,tri_equal_routed,boundary,640,0.2797,0.1703,0.562,0.9,0.3172,0.0938,0.6031,1.5516,-0.0694,cascade
degraded_instruct,damaged_q2,tri_equal_routed,coding,640,0.1313,0.0844,0.387,0.6328,0.3359,0.0906,0.4641,2.1531,-0.1793,cascade
degraded_instruct,damaged_q2,tri_equal_routed,epistemic,640,0.1297,0.0813,0.3915,0.6516,0.35,0.0516,0.5359,1.8531,-0.1696,cascade
degraded_instruct,damaged_q2,tri_equal_routed,forensic,640,0.1672,0.1297,0.4535,0.8828,0.3453,0.0672,0.5016,1.9469,-0.1248,cascade
degraded_instruct,damaged_q2,tri_equal_routed,generalist,640,0.1109,0.0813,0.3884,0.6266,0.3484,0.0828,0.4891,1.9703,-0.1775,cascade
degraded_instruct,damaged_q2,tri_equal_routed,math,640,0.1266,0.1,0.3799,0.6188,0.3063,0.0609,0.5188,2.4484,-0.168,cascade
degraded_instruct,damaged_q2,tri_equal_routed,planning,640,0.1797,0.1391,0.4227,0.6516,0.3328,0.0672,0.4062,2.0156,-0.1075,cascade
degraded_instruct,damaged_q2,tri_equal_routed,rhetoric,640,0.1203,0.0891,0.3802,0.6484,0.3563,0.0547,0.5312,2.2141,-0.182,cascade
degraded_instruct,damaged_q2,tri_equal_routed,spatial,640,0.1578,0.1297,0.3839,0.6266,0.3375,0.0516,0.4141,2.1187,-0.1209,cascade
degraded_instruct,damaged_q2,tri_naive_equal_all_fire,adversarial,640,0.4031,0.1938,0.6606,0.9781,0.3094,0.3516,0.5578,0.9703,-0.0625,cascade
degraded_instruct,damaged_q2,tri_naive_equal_all_fire,boundary,640,0.4734,0.2078,0.705,0.9812,0.2641,0.3391,0.6297,0.7625,-0.0277,distractor_capture
degraded_instruct,damaged_q2,tri_naive_equal_all_fire,coding,640,0.1641,0.0875,0.4505,0.6344,0.2812,0.3312,0.5109,1.7312,-0.1906,cascade
degraded_instruct,damaged_q2,tri_naive_equal_all_fire,epistemic,640,0.2188,0.1109,0.4947,0.6781,0.2734,0.3125,0.5594,1.3266,-0.1447,cascade
degraded_instruct,damaged_q2,tri_naive_equal_all_fire,forensic,640,0.2562,0.1406,0.5411,0.9609,0.3187,0.3312,0.5625,1.4578,-0.1391,cascade
degraded_instruct,damaged_q2,tri_naive_equal_all_fire,generalist,640,0.1719,0.1,0.4581,0.6469,0.3438,0.3172,0.5703,1.4563,-0.185,cascade
degraded_instruct,damaged_q2,tri_naive_equal_all_fire,math,640,0.1531,0.0859,0.4196,0.5922,0.2656,0.3344,0.5266,2.1031,-0.2079,classification_miss
degraded_instruct,damaged_q2,tri_naive_equal_all_fire,planning,640,0.225,0.1422,0.4781,0.6375,0.2719,0.2828,0.4437,1.5813,-0.1105,cascade
degraded_instruct,damaged_q2,tri_naive_equal_all_fire,rhetoric,640,0.1453,0.0859,0.4257,0.6562,0.2938,0.3453,0.5406,1.8781,-0.2084,cascade
degraded_instruct,damaged_q2,tri_naive_equal_all_fire,spatial,640,0.175,0.1109,0.4334,0.6297,0.2969,0.3063,0.4797,1.8234,-0.1689,cascade
degraded_instruct,damaged_q2,tri_naive_structural_heavy_all_fire,adversarial,640,0.7469,0.3375,0.8532,0.9922,0.1984,0.3312,0.5281,0.0922,0.1649,none
degraded_instruct,damaged_q2,tri_naive_structural_heavy_all_fire,boundary,640,0.7859,0.2594,0.8532,0.9891,0.1797,0.3547,0.5969,0.075,0.083,distractor_capture
degraded_instruct,damaged_q2,tri_naive_structural_heavy_all_fire,coding,640,0.55,0.2828,0.7336,0.7359,0.2234,0.3031,0.4484,0.425,0.098,none
degraded_instruct,damaged_q2,tri_naive_structural_heavy_all_fire,epistemic,640,0.5406,0.2781,0.7375,0.7453,0.1812,0.2844,0.5094,0.4344,0.1044,none
degraded_instruct,damaged_q2,tri_naive_structural_heavy_all_fire,forensic,640,0.6344,0.2953,0.7926,0.9688,0.1844,0.3312,0.5359,0.4172,0.11,distractor_capture
degraded_instruct,damaged_q2,tri_naive_structural_heavy_all_fire,generalist,640,0.5172,0.2859,0.7153,0.7094,0.1938,0.2875,0.4828,0.4891,0.1072,none
degraded_instruct,damaged_q2,tri_naive_structural_heavy_all_fire,math,640,0.5031,0.2797,0.71,0.725,0.1578,0.2891,0.4609,0.7266,0.1013,none
degraded_instruct,damaged_q2,tri_naive_structural_heavy_all_fire,planning,640,0.5703,0.3203,0.7494,0.7359,0.1938,0.3016,0.3844,0.4031,0.151,none
degraded_instruct,damaged_q2,tri_naive_structural_heavy_all_fire,rhetoric,640,0.4891,0.2313,0.6859,0.6891,0.2031,0.2969,0.5531,0.6422,0.0346,none
degraded_instruct,damaged_q2,tri_naive_structural_heavy_all_fire,spatial,640,0.55,0.3078,0.7243,0.7203,0.1922,0.2875,0.3922,0.5406,0.1342,none
degraded_instruct,damaged_q2,tri_structural_heavy_55,adversarial,640,0.3578,0.2391,0.6398,0.9141,0.2844,0.0406,0.5297,1.2547,0.0405,cascade
degraded_instruct,damaged_q2,tri_structural_heavy_55,boundary,640,0.4109,0.2469,0.6555,0.9172,0.2938,0.0906,0.5391,1.1094,0.042,cascade
degraded_instruct,damaged_q2,tri_structural_heavy_55,coding,640,0.2703,0.1891,0.5321,0.6953,0.2781,0.0563,0.4078,1.5406,-0.0153,cascade
degraded_instruct,damaged_q2,tri_structural_heavy_55,epistemic,640,0.2656,0.1969,0.5495,0.7219,0.2781,0.0469,0.475,1.2672,0.0027,cascade
degraded_instruct,damaged_q2,tri_structural_heavy_55,forensic,640,0.2922,0.1922,0.568,0.8969,0.2953,0.0516,0.5094,1.4344,-0.0192,cascade
degraded_instruct,damaged_q2,tri_structural_heavy_55,generalist,640,0.2094,0.1313,0.5034,0.6672,0.2844,0.0688,0.5078,1.4656,-0.0817,cascade
degraded_instruct,damaged_q2,tri_structural_heavy_55,math,640,0.2531,0.175,0.5185,0.675,0.2437,0.0547,0.5312,1.7172,-0.0374,cascade
degraded_instruct,damaged_q2,tri_structural_heavy_55,planning,640,0.3375,0.2578,0.5784,0.7203,0.2531,0.0547,0.4219,1.3031,0.072,none
degraded_instruct,damaged_q2,tri_structural_heavy_55,rhetoric,640,0.2391,0.1812,0.4967,0.7063,0.2797,0.0359,0.5563,1.7094,-0.0398,cascade
degraded_instruct,damaged_q2,tri_structural_heavy_55,spatial,640,0.2781,0.2203,0.5375,0.6953,0.25,0.05,0.3625,1.5109,0.0308,cascade
degraded_instruct,damaged_q2,tri_structural_heavy_60,adversarial,640,0.4594,0.2922,0.6988,0.9375,0.2484,0.0609,0.4813,1.0219,0.1159,none
degraded_instruct,damaged_q2,tri_structural_heavy_60,boundary,640,0.4875,0.3078,0.6999,0.9062,0.2609,0.0672,0.5344,0.9141,0.1276,none
degraded_instruct,damaged_q2,tri_structural_heavy_60,coding,640,0.3281,0.2719,0.5712,0.6828,0.2594,0.0547,0.3359,1.3562,0.0884,none
degraded_instruct,damaged_q2,tri_structural_heavy_60,epistemic,640,0.3109,0.2125,0.5822,0.7438,0.2656,0.0469,0.5,1.1391,0.0265,cascade
degraded_instruct,damaged_q2,tri_structural_heavy_60,forensic,640,0.3625,0.2594,0.607,0.9016,0.2641,0.0563,0.4703,1.3172,0.0654,cascade
degraded_instruct,damaged_q2,tri_structural_heavy_60,generalist,640,0.2844,0.225,0.5711,0.6953,0.2828,0.0422,0.4297,1.1906,0.0378,cascade
degraded_instruct,damaged_q2,tri_structural_heavy_60,math,640,0.2719,0.2031,0.5389,0.7,0.2422,0.0453,0.4703,1.6359,0.002,cascade
degraded_instruct,damaged_q2,tri_structural_heavy_60,planning,640,0.3656,0.2672,0.5886,0.7078,0.2625,0.0469,0.4,1.2484,0.0846,none
degraded_instruct,damaged_q2,tri_structural_heavy_60,rhetoric,640,0.2844,0.1953,0.5416,0.7188,0.2609,0.0453,0.4906,1.5219,-0.0074,cascade
degraded_instruct,damaged_q2,tri_structural_heavy_60,spatial,640,0.3266,0.2266,0.5573,0.7234,0.2812,0.05,0.4188,1.4125,0.0281,cascade
degraded_instruct,damaged_q2,tri_structural_heavy_65,adversarial,640,0.5219,0.3297,0.7331,0.9391,0.2281,0.0563,0.5047,0.8797,0.1656,none
degraded_instruct,damaged_q2,tri_structural_heavy_65,boundary,640,0.5437,0.3328,0.7284,0.9203,0.2562,0.0563,0.5469,0.7734,0.1623,none
degraded_instruct,damaged_q2,tri_structural_heavy_65,coding,640,0.3422,0.2375,0.5952,0.7031,0.2297,0.0437,0.4203,1.2781,0.0623,none
degraded_instruct,damaged_q2,tri_structural_heavy_65,epistemic,640,0.3297,0.2391,0.6089,0.7266,0.225,0.0437,0.5,1.0281,0.0714,none
degraded_instruct,damaged_q2,tri_structural_heavy_65,forensic,640,0.3984,0.275,0.641,0.9234,0.2547,0.05,0.4734,1.1922,0.0911,none
degraded_instruct,damaged_q2,tri_structural_heavy_65,generalist,640,0.3219,0.2344,0.5895,0.6906,0.2625,0.0531,0.4719,1.1203,0.0512,cascade
degraded_instruct,damaged_q2,tri_structural_heavy_65,math,640,0.2828,0.1953,0.5639,0.6734,0.2313,0.0453,0.5312,1.4531,0.0017,cascade
degraded_instruct,damaged_q2,tri_structural_heavy_65,planning,640,0.3953,0.2875,0.6128,0.7031,0.2391,0.0531,0.3969,1.15,0.1159,none
degraded_instruct,damaged_q2,tri_structural_heavy_65,rhetoric,640,0.2984,0.2219,0.5619,0.6859,0.2578,0.0391,0.4656,1.3641,0.0313,cascade
degraded_instruct,damaged_q2,tri_structural_heavy_65,spatial,640,0.3234,0.2437,0.5728,0.6734,0.2437,0.0406,0.3844,1.2875,0.0674,none
degraded_instruct,damaged_q3,baseline,adversarial,640,0.0266,0.0234,0.2464,0.5141,0.3266,0.0016,0.4125,3.2812,-0.2719,cascade
degraded_instruct,damaged_q3,baseline,boundary,640,0.0469,0.0359,0.2594,0.5344,0.3641,0.0187,0.4672,3.0578,-0.2673,cascade
degraded_instruct,damaged_q3,baseline,coding,640,0.0609,0.0531,0.2722,0.5219,0.2859,0.0172,0.3484,2.9109,-0.2095,classification_miss
degraded_instruct,damaged_q3,baseline,epistemic,640,0.0656,0.0547,0.2806,0.5094,0.2812,0.0,0.4297,2.45,-0.1866,classification_miss
degraded_instruct,damaged_q3,baseline,forensic,640,0.0594,0.0531,0.2622,0.5328,0.3219,0.0141,0.3438,2.8141,-0.2145,cascade
degraded_instruct,damaged_q3,baseline,generalist,640,0.0422,0.0312,0.2761,0.5563,0.3047,0.0125,0.3609,2.6078,-0.2219,cascade
degraded_instruct,damaged_q3,baseline,math,640,0.0688,0.0563,0.3005,0.5437,0.3125,0.0031,0.4203,2.9156,-0.2175,cascade
degraded_instruct,damaged_q3,baseline,planning,640,0.0875,0.0781,0.2956,0.5875,0.3281,0.0156,0.35,2.6609,-0.1845,cascade
degraded_instruct,damaged_q3,baseline,rhetoric,640,0.0391,0.025,0.2557,0.5281,0.3141,0.0094,0.3969,2.9266,-0.2492,cascade
degraded_instruct,damaged_q3,baseline,spatial,640,0.0781,0.0594,0.2922,0.5406,0.2859,0.0109,0.3328,2.6641,-0.1884,classification_miss
degraded_instruct,damaged_q3,cog_25_cyb_75,adversarial,640,0.4375,0.3156,0.6951,0.9844,0.1953,0.1187,0.3563,1.2203,0.1438,none
degraded_instruct,damaged_q3,cog_25_cyb_75,boundary,640,0.5203,0.3281,0.7316,0.9875,0.1984,0.1281,0.3969,0.9641,0.163,none
degraded_instruct,damaged_q3,cog_25_cyb_75,coding,640,0.2203,0.1703,0.4899,0.7172,0.2094,0.1,0.3141,1.8953,-0.0324,primitive_gap
degraded_instruct,damaged_q3,cog_25_cyb_75,epistemic,640,0.2016,0.1422,0.5046,0.725,0.2391,0.0703,0.3641,1.5281,-0.0491,cascade
degraded_instruct,damaged_q3,cog_25_cyb_75,forensic,640,0.3031,0.225,0.5976,0.9828,0.225,0.0969,0.3344,1.4734,0.0377,primitive_gap
degraded_instruct,damaged_q3,cog_25_cyb_75,generalist,640,0.1766,0.1328,0.4798,0.7219,0.2625,0.1,0.3703,1.6844,-0.0798,cascade
degraded_instruct,damaged_q3,cog_25_cyb_75,math,640,0.1359,0.1031,0.4354,0.6828,0.2297,0.0828,0.3875,2.2594,-0.1263,primitive_gap
degraded_instruct,damaged_q3,cog_25_cyb_75,planning,640,0.2562,0.1828,0.4946,0.7141,0.225,0.0922,0.3547,1.7625,-0.0196,primitive_gap
degraded_instruct,damaged_q3,cog_25_cyb_75,rhetoric,640,0.1922,0.1453,0.4826,0.725,0.2234,0.0813,0.3984,1.9047,-0.0651,primitive_gap
degraded_instruct,damaged_q3,cog_25_cyb_75,spatial,640,0.1797,0.1437,0.4526,0.6734,0.2313,0.0969,0.2719,1.9937,-0.0664,primitive_gap
degraded_instruct,damaged_q3,cog_25_str_75,adversarial,640,0.8094,0.5672,0.8969,0.9844,0.1313,0.0266,0.3312,0.2141,0.4853,none
degraded_instruct,damaged_q3,cog_25_str_75,boundary,640,0.8109,0.5469,0.8905,0.9734,0.1406,0.0375,0.3641,0.1953,0.4583,none
degraded_instruct,damaged_q3,cog_25_str_75,coding,640,0.7172,0.525,0.8367,0.875,0.1234,0.0297,0.2844,0.4062,0.439,none
degraded_instruct,damaged_q3,cog_25_str_75,epistemic,640,0.7156,0.5531,0.8416,0.8859,0.1359,0.0063,0.3141,0.3328,0.4693,none
degraded_instruct,damaged_q3,cog_25_str_75,forensic,640,0.725,0.5484,0.8394,0.9641,0.1562,0.0125,0.3109,0.4391,0.4522,none
degraded_instruct,damaged_q3,cog_25_str_75,generalist,640,0.6844,0.4938,0.824,0.8844,0.1313,0.0375,0.3516,0.4016,0.3987,none
degraded_instruct,damaged_q3,cog_25_str_75,math,640,0.6891,0.5,0.8175,0.8828,0.1406,0.0172,0.3844,0.4844,0.3994,none
degraded_instruct,damaged_q3,cog_25_str_75,planning,640,0.7391,0.5578,0.8499,0.8891,0.1406,0.0297,0.2766,0.3297,0.4711,none
degraded_instruct,damaged_q3,cog_25_str_75,rhetoric,640,0.6656,0.4828,0.8037,0.8609,0.1234,0.0187,0.3641,0.5312,0.3863,none
degraded_instruct,damaged_q3,cog_25_str_75,spatial,640,0.7188,0.5375,0.8282,0.8953,0.1578,0.0234,0.2859,0.4125,0.442,none
degraded_instruct,damaged_q3,cog_40_cyb_60,adversarial,640,0.3625,0.2656,0.6487,0.9641,0.2172,0.0969,0.3781,1.4312,0.0793,none
degraded_instruct,damaged_q3,cog_40_cyb_60,boundary,640,0.4234,0.2984,0.6802,0.9875,0.2203,0.0797,0.3922,1.2016,0.125,none
degraded_instruct,damaged_q3,cog_40_cyb_60,coding,640,0.1969,0.1484,0.4806,0.7453,0.2547,0.1016,0.35,1.8984,-0.0712,primitive_gap
degraded_instruct,damaged_q3,cog_40_cyb_60,epistemic,640,0.2125,0.15,0.5097,0.7953,0.2359,0.0672,0.4062,1.5609,-0.0448,primitive_gap
degraded_instruct,damaged_q3,cog_40_cyb_60,forensic,640,0.2625,0.2078,0.5598,0.9547,0.2219,0.0719,0.3672,1.6641,0.0143,primitive_gap
degraded_instruct,damaged_q3,cog_40_cyb_60,generalist,640,0.1453,0.1125,0.4747,0.7063,0.2203,0.0984,0.3812,1.7578,-0.0917,primitive_gap
degraded_instruct,damaged_q3,cog_40_cyb_60,math,640,0.1625,0.1281,0.4463,0.7,0.2203,0.0844,0.3844,2.2391,-0.0975,primitive_gap
degraded_instruct,damaged_q3,cog_40_cyb_60,planning,640,0.2437,0.1969,0.5068,0.7234,0.2156,0.0969,0.3141,1.7484,0.0003,primitive_gap
degraded_instruct,damaged_q3,cog_40_cyb_60,rhetoric,640,0.1906,0.1594,0.4804,0.7516,0.2375,0.0969,0.3734,1.9625,-0.0593,primitive_gap
degraded_instruct,damaged_q3,cog_40_cyb_60,spatial,640,0.225,0.175,0.47,0.7422,0.2594,0.0719,0.3281,1.8875,-0.0378,cascade
degraded_instruct,damaged_q3,cog_40_str_60,adversarial,640,0.6219,0.4547,0.8013,0.9547,0.1672,0.0406,0.3969,0.6359,0.3329,none
degraded_instruct,damaged_q3,cog_40_str_60,boundary,640,0.6828,0.4719,0.8049,0.9437,0.1422,0.0422,0.3625,0.6422,0.3597,none
degraded_instruct,damaged_q3,cog_40_str_60,coding,640,0.6016,0.4484,0.7697,0.8516,0.1375,0.0375,0.2922,0.6953,0.3415,none
degraded_instruct,damaged_q3,cog_40_str_60,epistemic,640,0.5969,0.4688,0.7846,0.9016,0.1531,0.0172,0.3422,0.5625,0.3639,none
degraded_instruct,damaged_q3,cog_40_str_60,forensic,640,0.5938,0.4469,0.7673,0.9531,0.1531,0.0328,0.3297,0.7703,0.3295,none
degraded_instruct,damaged_q3,cog_40_str_60,generalist,640,0.5453,0.3969,0.7551,0.8656,0.1766,0.0469,0.3688,0.6438,0.2728,none
degraded_instruct,damaged_q3,cog_40_str_60,math,640,0.575,0.425,0.7585,0.8656,0.1328,0.0234,0.3438,0.8578,0.3101,none
degraded_instruct,damaged_q3,cog_40_str_60,planning,640,0.7,0.525,0.8124,0.9109,0.1344,0.0297,0.3016,0.5516,0.427,none
degraded_instruct,damaged_q3,cog_40_str_60,rhetoric,640,0.5578,0.4125,0.7482,0.8812,0.1719,0.0219,0.3547,0.775,0.2894,none
degraded_instruct,damaged_q3,cog_40_str_60,spatial,640,0.6297,0.475,0.7788,0.8891,0.1562,0.0172,0.2891,0.6594,0.3686,none
degraded_instruct,damaged_q3,cog_50_cyb_50,adversarial,640,0.3344,0.2453,0.6197,0.9547,0.2406,0.0891,0.4078,1.5234,0.0465,primitive_gap
degraded_instruct,damaged_q3,cog_50_cyb_50,boundary,640,0.3875,0.2687,0.6523,0.9734,0.2484,0.1125,0.4297,1.2812,0.0733,none
degraded_instruct,damaged_q3,cog_50_cyb_50,coding,640,0.1766,0.1406,0.4868,0.7344,0.2422,0.0938,0.3344,1.875,-0.0713,primitive_gap
degraded_instruct,damaged_q3,cog_50_cyb_50,epistemic,640,0.2188,0.1578,0.5271,0.8,0.2094,0.0594,0.3766,1.5219,-0.0231,primitive_gap
degraded_instruct,damaged_q3,cog_50_cyb_50,forensic,640,0.2734,0.1906,0.564,0.9469,0.2484,0.0922,0.3547,1.6109,-0.0113,primitive_gap
degraded_instruct,damaged_q3,cog_50_cyb_50,generalist,640,0.1766,0.1219,0.5122,0.7766,0.2656,0.0984,0.3391,1.5844,-0.0838,cascade
degraded_instruct,damaged_q3,cog_50_cyb_50,math,640,0.1688,0.1234,0.4518,0.7312,0.25,0.0844,0.3844,2.1844,-0.1084,primitive_gap
degraded_instruct,damaged_q3,cog_50_cyb_50,planning,640,0.2406,0.2031,0.5031,0.7672,0.2437,0.075,0.3016,1.7406,0.0038,primitive_gap
degraded_instruct,damaged_q3,cog_50_cyb_50,rhetoric,640,0.2109,0.1562,0.4859,0.7469,0.2234,0.0734,0.3812,1.9187,-0.0519,primitive_gap
degraded_instruct,damaged_q3,cog_50_cyb_50,spatial,640,0.2078,0.1516,0.4771,0.7547,0.2406,0.0875,0.2828,1.9031,-0.0559,primitive_gap
degraded_instruct,damaged_q3,cog_50_str_50,adversarial,640,0.5266,0.3719,0.7337,0.9266,0.1906,0.0391,0.3781,0.9391,0.2297,none
degraded_instruct,damaged_q3,cog_50_str_50,boundary,640,0.6016,0.4234,0.7613,0.9125,0.1469,0.05,0.3719,0.8203,0.2986,none
degraded_instruct,damaged_q3,cog_50_str_50,coding,640,0.5156,0.3828,0.7326,0.8859,0.1609,0.0563,0.3094,0.8844,0.2543,none
degraded_instruct,damaged_q3,cog_50_str_50,epistemic,640,0.5547,0.4219,0.7645,0.9219,0.1516,0.0219,0.3516,0.6625,0.3108,none
degraded_instruct,damaged_q3,cog_50_str_50,forensic,640,0.5203,0.3969,0.7221,0.9266,0.1594,0.0359,0.35,0.9563,0.2661,none
degraded_instruct,damaged_q3,cog_50_str_50,generalist,640,0.4891,0.3719,0.7307,0.8703,0.1734,0.0422,0.3609,0.7766,0.2437,none
degraded_instruct,damaged_q3,cog_50_str_50,math,640,0.5109,0.3734,0.7222,0.8703,0.1344,0.0422,0.3672,1.0078,0.2449,none
degraded_instruct,damaged_q3,cog_50_str_50,planning,640,0.5938,0.4219,0.7643,0.8734,0.1375,0.0437,0.3359,0.7297,0.3085,none
degraded_instruct,damaged_q3,cog_50_str_50,rhetoric,640,0.4938,0.3797,0.7128,0.8812,0.1953,0.0328,0.3391,0.9203,0.2414,none
degraded_instruct,damaged_q3,cog_50_str_50,spatial,640,0.5359,0.3906,0.7361,0.8922,0.1391,0.0469,0.3281,0.8797,0.2693,none
degraded_instruct,damaged_q3,cog_60_cyb_40,adversarial,640,0.2953,0.2047,0.5942,0.9313,0.2297,0.1016,0.3688,1.6922,0.0014,primitive_gap
degraded_instruct,damaged_q3,cog_60_cyb_40,boundary,640,0.325,0.2375,0.6077,0.9422,0.2281,0.0859,0.3891,1.5484,0.0433,primitive_gap
degraded_instruct,damaged_q3,cog_60_cyb_40,coding,640,0.2062,0.1625,0.4806,0.7156,0.2219,0.0719,0.3078,1.9297,-0.0395,primitive_gap
degraded_instruct,damaged_q3,cog_60_cyb_40,epistemic,640,0.2094,0.1578,0.5159,0.7984,0.2422,0.0719,0.4109,1.5219,-0.0382,cascade
degraded_instruct,damaged_q3,cog_60_cyb_40,forensic,640,0.2594,0.1906,0.5263,0.9141,0.2656,0.0938,0.4141,1.7437,-0.0281,primitive_gap
degraded_instruct,damaged_q3,cog_60_cyb_40,generalist,640,0.1672,0.1344,0.4947,0.7781,0.2672,0.0703,0.3219,1.6594,-0.0686,cascade
degraded_instruct,damaged_q3,cog_60_cyb_40,math,640,0.1594,0.1266,0.4661,0.7406,0.25,0.0719,0.3563,2.1234,-0.0975,primitive_gap
degraded_instruct,damaged_q3,cog_60_cyb_40,planning,640,0.2562,0.2062,0.5194,0.7719,0.2313,0.05,0.3406,1.7016,0.0145,primitive_gap
degraded_instruct,damaged_q3,cog_60_cyb_40,rhetoric,640,0.2297,0.1719,0.5029,0.7812,0.2297,0.0656,0.4047,1.8516,-0.0351,primitive_gap
degraded_instruct,damaged_q3,cog_60_cyb_40,spatial,640,0.2062,0.1719,0.4798,0.7531,0.2547,0.0563,0.3047,1.8797,-0.0341,primitive_gap
degraded_instruct,damaged_q3,cog_60_str_40,adversarial,640,0.4594,0.3391,0.6942,0.9125,0.1969,0.0391,0.3906,1.1375,0.1841,none
degraded_instruct,damaged_q3,cog_60_str_40,boundary,640,0.4422,0.3109,0.6739,0.8812,0.2,0.0672,0.3953,1.1625,0.1477,none
degraded_instruct,damaged_q3,cog_60_str_40,coding,640,0.4109,0.3,0.6677,0.8547,0.1781,0.0359,0.3219,1.1594,0.1557,none
degraded_instruct,damaged_q3,cog_60_str_40,epistemic,640,0.4219,0.3016,0.6941,0.9,0.1922,0.0203,0.4031,0.8797,0.1636,none
degraded_instruct,damaged_q3,cog_60_str_40,forensic,640,0.4219,0.3266,0.6628,0.9078,0.1734,0.05,0.3344,1.2016,0.1777,none
degraded_instruct,damaged_q3,cog_60_str_40,generalist,640,0.4,0.2938,0.6828,0.8688,0.1625,0.0391,0.375,0.9844,0.158,none
degraded_instruct,damaged_q3,cog_60_str_40,math,640,0.4344,0.3438,0.6805,0.8531,0.1531,0.0297,0.3688,1.1891,0.2029,none
degraded_instruct,damaged_q3,cog_60_str_40,planning,640,0.5359,0.4328,0.7251,0.9094,0.1609,0.0297,0.2859,0.9437,0.3085,none
degraded_instruct,damaged_q3,cog_60_str_40,rhetoric,640,0.4188,0.3031,0.6661,0.8719,0.1766,0.0359,0.3984,1.1594,0.1531,none
degraded_instruct,damaged_q3,cog_60_str_40,spatial,640,0.4828,0.3734,0.6889,0.8797,0.1484,0.0609,0.275,1.1109,0.2392,none
degraded_instruct,damaged_q3,cog_75_cyb_25,adversarial,640,0.2234,0.1688,0.5233,0.8672,0.2672,0.0672,0.3828,1.9641,-0.0537,primitive_gap
degraded_instruct,damaged_q3,cog_75_cyb_25,boundary,640,0.2344,0.1625,0.526,0.8781,0.2687,0.0766,0.4984,1.825,-0.0646,primitive_gap
degraded_instruct,damaged_q3,cog_75_cyb_25,coding,640,0.2047,0.1547,0.4831,0.7531,0.2406,0.0688,0.3344,1.9422,-0.0551,primitive_gap
degraded_instruct,damaged_q3,cog_75_cyb_25,epistemic,640,0.225,0.1562,0.5305,0.825,0.2203,0.0656,0.4344,1.5078,-0.0331,primitive_gap
degraded_instruct,damaged_q3,cog_75_cyb_25,forensic,640,0.2406,0.1828,0.4849,0.8406,0.275,0.0703,0.3656,1.9062,-0.0383,primitive_gap
degraded_instruct,damaged_q3,cog_75_cyb_25,generalist,640,0.2047,0.1375,0.5173,0.8219,0.2469,0.0875,0.4437,1.6078,-0.07,primitive_gap
degraded_instruct,damaged_q3,cog_75_cyb_25,math,640,0.1609,0.1266,0.459,0.7656,0.2328,0.0547,0.4,2.1844,-0.0954,primitive_gap
degraded_instruct,damaged_q3,cog_75_cyb_25,planning,640,0.2594,0.2141,0.5243,0.8125,0.2437,0.0578,0.3078,1.7297,0.0183,primitive_gap
degraded_instruct,damaged_q3,cog_75_cyb_25,rhetoric,640,0.1984,0.1484,0.5072,0.8219,0.2422,0.0734,0.3937,1.8469,-0.0628,primitive_gap
degraded_instruct,damaged_q3,cog_75_cyb_25,spatial,640,0.2297,0.1875,0.5071,0.8063,0.2422,0.0656,0.2859,1.8188,-0.0121,primitive_gap
degraded_instruct,damaged_q3,cog_75_str_25,adversarial,640,0.3359,0.2375,0.5941,0.8422,0.2172,0.0516,0.3422,1.6547,0.0519,primitive_gap
degraded_instruct,damaged_q3,cog_75_str_25,boundary,640,0.3078,0.2078,0.5713,0.85,0.2406,0.0813,0.4203,1.5984,0.0058,primitive_gap
degraded_instruct,damaged_q3,cog_75_str_25,coding,640,0.3047,0.2469,0.6007,0.8078,0.1953,0.0672,0.2984,1.4203,0.08,none
degraded_instruct,damaged_q3,cog_75_str_25,epistemic,640,0.3453,0.2391,0.6528,0.8891,0.1797,0.0516,0.4094,1.0844,0.0879,none
degraded_instruct,damaged_q3,cog_75_str_25,forensic,640,0.2969,0.225,0.55,0.8328,0.2266,0.0469,0.3859,1.6109,0.0362,primitive_gap
degraded_instruct,damaged_q3,cog_75_str_25,generalist,640,0.3281,0.2562,0.6393,0.8984,0.2156,0.0594,0.3594,1.1766,0.0921,none
degraded_instruct,damaged_q3,cog_75_str_25,math,640,0.3078,0.2219,0.5976,0.8469,0.2,0.0453,0.4031,1.5406,0.0435,primitive_gap
degraded_instruct,damaged_q3,cog_75_str_25,planning,640,0.4109,0.3172,0.6525,0.8766,0.2031,0.0563,0.3266,1.1938,0.1592,none
degraded_instruct,damaged_q3,cog_75_str_25,rhetoric,640,0.3328,0.2422,0.6199,0.8656,0.2125,0.0312,0.3766,1.3625,0.0739,none
degraded_instruct,damaged_q3,cog_75_str_25,spatial,640,0.375,0.2938,0.6237,0.85,0.1938,0.0516,0.2781,1.3297,0.1366,none
degraded_instruct,damaged_q3,cognitive_only,adversarial,640,0.1141,0.0766,0.3684,0.6734,0.3016,0.0531,0.3844,2.6547,-0.188,cascade
degraded_instruct,damaged_q3,cognitive_only,boundary,640,0.1078,0.0859,0.3743,0.6859,0.2922,0.05,0.45,2.5688,-0.1762,primitive_gap
degraded_instruct,damaged_q3,cognitive_only,coding,640,0.1266,0.0969,0.4098,0.7141,0.2562,0.0484,0.3344,2.2609,-0.1295,primitive_gap
degraded_instruct,damaged_q3,cognitive_only,epistemic,640,0.15,0.1125,0.4589,0.8078,0.2625,0.0422,0.4672,1.7828,-0.1012,cascade
degraded_instruct,damaged_q3,cognitive_only,forensic,640,0.1469,0.1141,0.3997,0.6906,0.25,0.0594,0.4406,2.2547,-0.1208,primitive_gap
degraded_instruct,damaged_q3,cognitive_only,generalist,640,0.1531,0.1141,0.4563,0.7656,0.2641,0.0672,0.4234,1.8609,-0.1055,primitive_gap
degraded_instruct,damaged_q3,cognitive_only,math,640,0.1344,0.0969,0.4276,0.7625,0.25,0.0484,0.4375,2.3391,-0.1398,primitive_gap
degraded_instruct,damaged_q3,cognitive_only,planning,640,0.1812,0.1422,0.4514,0.7547,0.2734,0.05,0.3531,2.0203,-0.0791,cascade
degraded_instruct,damaged_q3,cognitive_only,rhetoric,640,0.1547,0.1281,0.4529,0.7719,0.25,0.0609,0.4297,2.1094,-0.0989,primitive_gap
degraded_instruct,damaged_q3,cognitive_only,spatial,640,0.1688,0.1281,0.4323,0.7422,0.2812,0.0422,0.3219,2.0719,-0.094,cascade
degraded_instruct,damaged_q3,cyb_25_str_75,adversarial,640,0.8406,0.5781,0.9179,0.9844,0.1203,0.0422,0.3266,0.1016,0.5024,none
degraded_instruct,damaged_q3,cyb_25_str_75,boundary,640,0.8578,0.5875,0.924,0.9922,0.1297,0.05,0.3391,0.0516,0.5089,none
degraded_instruct,damaged_q3,cyb_25_str_75,coding,640,0.6844,0.5047,0.8205,0.8391,0.15,0.0453,0.2781,0.4062,0.4081,none
degraded_instruct,damaged_q3,cyb_25_str_75,epistemic,640,0.6859,0.5406,0.8325,0.8594,0.1141,0.0187,0.3125,0.3688,0.4592,none
degraded_instruct,damaged_q3,cyb_25_str_75,forensic,640,0.825,0.5859,0.8823,0.9906,0.1094,0.05,0.2969,0.3156,0.5036,none
degraded_instruct,damaged_q3,cyb_25_str_75,generalist,640,0.6406,0.4828,0.7989,0.8,0.1422,0.0516,0.3016,0.4281,0.3843,none
degraded_instruct,damaged_q3,cyb_25_str_75,math,640,0.6266,0.4656,0.7805,0.8391,0.1344,0.0422,0.3344,0.6813,0.3561,none
degraded_instruct,damaged_q3,cyb_25_str_75,planning,640,0.7328,0.5859,0.8375,0.8344,0.1359,0.0328,0.2359,0.3469,0.5024,none
degraded_instruct,damaged_q3,cyb_25_str_75,rhetoric,640,0.6375,0.4672,0.7845,0.8016,0.1531,0.0281,0.3203,0.5281,0.3636,none
degraded_instruct,damaged_q3,cyb_25_str_75,spatial,640,0.6781,0.5406,0.8047,0.8313,0.1453,0.0375,0.2375,0.4938,0.4458,none
degraded_instruct,damaged_q3,cyb_40_str_60,adversarial,640,0.7984,0.5844,0.9017,0.9891,0.1437,0.0703,0.275,0.175,0.4964,none
degraded_instruct,damaged_q3,cyb_40_str_60,boundary,640,0.8328,0.55,0.9079,0.9859,0.1344,0.0734,0.3484,0.1219,0.461,none
degraded_instruct,damaged_q3,cyb_40_str_60,coding,640,0.5844,0.4516,0.7618,0.8234,0.1641,0.0437,0.2594,0.6703,0.3393,none
degraded_instruct,damaged_q3,cyb_40_str_60,epistemic,640,0.5844,0.4281,0.7689,0.8375,0.1797,0.0328,0.3359,0.525,0.3145,none
degraded_instruct,damaged_q3,cyb_40_str_60,forensic,640,0.7078,0.4969,0.8302,0.9891,0.1469,0.0578,0.3328,0.4906,0.3901,none
degraded_instruct,damaged_q3,cyb_40_str_60,generalist,640,0.5281,0.3953,0.7494,0.7797,0.1406,0.0578,0.3312,0.6391,0.2831,none
degraded_instruct,damaged_q3,cyb_40_str_60,math,640,0.5,0.3688,0.7139,0.7766,0.1359,0.0453,0.3281,0.9516,0.2451,none
degraded_instruct,damaged_q3,cyb_40_str_60,planning,640,0.6172,0.4641,0.7559,0.7828,0.1516,0.0625,0.2984,0.6562,0.3494,none
degraded_instruct,damaged_q3,cyb_40_str_60,rhetoric,640,0.4938,0.3578,0.7138,0.7969,0.1859,0.0375,0.3422,0.8094,0.2267,none
degraded_instruct,damaged_q3,cyb_40_str_60,spatial,640,0.5578,0.4328,0.726,0.7859,0.1719,0.0516,0.25,0.8031,0.3108,none
degraded_instruct,damaged_q3,cyb_50_str_50,adversarial,640,0.7578,0.5109,0.879,0.9859,0.15,0.0625,0.3328,0.2625,0.4137,none
degraded_instruct,damaged_q3,cyb_50_str_50,boundary,640,0.8125,0.5328,0.8981,0.9891,0.1516,0.0641,0.3531,0.1516,0.4387,none
degraded_instruct,damaged_q3,cyb_50_str_50,coding,640,0.5609,0.4172,0.7427,0.825,0.1516,0.0578,0.2938,0.7812,0.2976,none
degraded_instruct,damaged_q3,cyb_50_str_50,epistemic,640,0.5188,0.4062,0.7312,0.8016,0.1484,0.0406,0.3063,0.7141,0.2934,none
degraded_instruct,damaged_q3,cyb_50_str_50,forensic,640,0.6875,0.4859,0.8156,0.9906,0.1359,0.0781,0.3328,0.5734,0.3742,none
degraded_instruct,damaged_q3,cyb_50_str_50,generalist,640,0.4422,0.3578,0.6924,0.7578,0.1562,0.05,0.2906,0.8719,0.2341,none
degraded_instruct,damaged_q3,cyb_50_str_50,math,640,0.4094,0.2969,0.6558,0.7344,0.1453,0.0656,0.3438,1.1984,0.1527,none
degraded_instruct,damaged_q3,cyb_50_str_50,planning,640,0.5078,0.4078,0.7104,0.7453,0.1547,0.0422,0.2562,0.8422,0.2904,none
degraded_instruct,damaged_q3,cyb_50_str_50,rhetoric,640,0.4797,0.3547,0.6913,0.775,0.1672,0.0594,0.325,0.9531,0.219,none
degraded_instruct,damaged_q3,cyb_50_str_50,spatial,640,0.4609,0.3781,0.6645,0.7391,0.1656,0.0516,0.2391,1.0656,0.2457,none
degraded_instruct,damaged_q3,cyb_60_str_40,adversarial,640,0.7469,0.5031,0.8733,0.9906,0.1516,0.075,0.3391,0.2969,0.4007,none
degraded_instruct,damaged_q3,cyb_60_str_40,boundary,640,0.8109,0.5344,0.8917,0.9891,0.1484,0.0703,0.3375,0.2016,0.4387,none
degraded_instruct,damaged_q3,cyb_60_str_40,coding,640,0.4266,0.3266,0.666,0.7844,0.1766,0.0516,0.2703,1.1,0.1867,none
degraded_instruct,damaged_q3,cyb_60_str_40,epistemic,640,0.4219,0.3,0.6802,0.7859,0.1547,0.0484,0.3453,0.8953,0.1715,none
degraded_instruct,damaged_q3,cyb_60_str_40,forensic,640,0.6,0.4313,0.7731,0.9906,0.1641,0.0672,0.3281,0.7391,0.3054,none
degraded_instruct,damaged_q3,cyb_60_str_40,generalist,640,0.3625,0.2781,0.6431,0.7078,0.1734,0.0797,0.3375,1.0156,0.1324,none
degraded_instruct,damaged_q3,cyb_60_str_40,math,640,0.3406,0.2578,0.6153,0.7312,0.1547,0.0609,0.3297,1.4234,0.1017,none
degraded_instruct,damaged_q3,cyb_60_str_40,planning,640,0.4562,0.3641,0.6802,0.7719,0.1641,0.0656,0.2609,1.0109,0.2303,none
degraded_instruct,damaged_q3,cyb_60_str_40,rhetoric,640,0.3969,0.2969,0.6424,0.7578,0.1812,0.0484,0.3609,1.1609,0.1459,none
degraded_instruct,damaged_q3,cyb_60_str_40,spatial,640,0.4297,0.3203,0.653,0.7656,0.1859,0.0703,0.2812,1.1,0.173,none
degraded_instruct,damaged_q3,cyb_75_str_25,adversarial,640,0.6547,0.4313,0.8327,0.9891,0.1578,0.0875,0.3406,0.5109,0.3136,none
degraded_instruct,damaged_q3,cyb_75_str_25,boundary,640,0.7578,0.4969,0.8633,0.9938,0.1672,0.1078,0.3625,0.325,0.3799,none
degraded_instruct,damaged_q3,cyb_75_str_25,coding,640,0.3344,0.2641,0.5929,0.7406,0.1953,0.1125,0.2781,1.4031,0.0906,none
degraded_instruct,damaged_q3,cyb_75_str_25,epistemic,640,0.3266,0.2344,0.6205,0.7578,0.1656,0.0703,0.3422,1.1094,0.0878,none
degraded_instruct,damaged_q3,cyb_75_str_25,forensic,640,0.5078,0.3609,0.7198,0.9844,0.1781,0.1062,0.3234,0.9688,0.2119,none
degraded_instruct,damaged_q3,cyb_75_str_25,generalist,640,0.2844,0.2047,0.5752,0.7172,0.2297,0.0938,0.3469,1.2484,0.0269,cascade
degraded_instruct,damaged_q3,cyb_75_str_25,math,640,0.25,0.1969,0.5159,0.6766,0.2,0.0859,0.3375,1.8219,0.0016,classification_miss
degraded_instruct,damaged_q3,cyb_75_str_25,planning,640,0.3578,0.2875,0.5866,0.7312,0.1938,0.0688,0.2719,1.3984,0.124,none
degraded_instruct,damaged_q3,cyb_75_str_25,rhetoric,640,0.2766,0.1984,0.5536,0.7234,0.2062,0.0844,0.3578,1.5625,0.0129,primitive_gap
degraded_instruct,damaged_q3,cyb_75_str_25,spatial,640,0.2938,0.2453,0.5436,0.6719,0.2156,0.0547,0.2297,1.5078,0.0759,none
degraded_instruct,damaged_q3,cyber_only,adversarial,640,0.3391,0.2391,0.6339,0.9672,0.2578,0.1062,0.3531,1.4422,0.0401,primitive_gap
degraded_instruct,damaged_q3,cyber_only,boundary,640,0.4703,0.3219,0.6982,0.9891,0.2094,0.1031,0.4219,1.1125,0.1491,none
degraded_instruct,damaged_q3,cyber_only,coding,640,0.1437,0.1078,0.4259,0.6609,0.2234,0.1047,0.3375,2.1672,-0.1155,primitive_gap
degraded_instruct,damaged_q3,cyber_only,epistemic,640,0.1328,0.1047,0.417,0.6406,0.2797,0.075,0.3922,1.8094,-0.1161,cascade
degraded_instruct,damaged_q3,cyber_only,forensic,640,0.2938,0.2266,0.5728,0.9656,0.25,0.0828,0.3266,1.5969,0.029,primitive_gap
degraded_instruct,damaged_q3,cyber_only,generalist,640,0.1219,0.0906,0.4103,0.6172,0.2609,0.1078,0.3781,1.9578,-0.1374,classification_miss
degraded_instruct,damaged_q3,cyber_only,math,640,0.1016,0.0922,0.3501,0.5813,0.2859,0.0828,0.3969,2.6016,-0.172,cascade
degraded_instruct,damaged_q3,cyber_only,planning,640,0.1469,0.1141,0.4085,0.6078,0.2313,0.0859,0.3375,2.1219,-0.1056,classification_miss
degraded_instruct,damaged_q3,cyber_only,rhetoric,640,0.1234,0.0922,0.4047,0.6656,0.2687,0.0813,0.3922,2.2281,-0.1475,primitive_gap
degraded_instruct,damaged_q3,cyber_only,spatial,640,0.1391,0.0984,0.3723,0.5719,0.2391,0.0922,0.2891,2.2531,-0.1275,classification_miss
degraded_instruct,damaged_q3,structural_only,adversarial,640,0.7297,0.5344,0.8499,0.9234,0.1484,0.0141,0.3438,0.3875,0.4402,none
degraded_instruct,damaged_q3,structural_only,boundary,640,0.7734,0.5453,0.8586,0.9281,0.1344,0.025,0.3828,0.3344,0.4527,none
degraded_instruct,damaged_q3,structural_only,coding,640,0.6359,0.5047,0.7854,0.7984,0.1531,0.0219,0.2859,0.5391,0.4045,none
degraded_instruct,damaged_q3,structural_only,epistemic,640,0.5797,0.4437,0.7623,0.7734,0.1516,0.0016,0.3516,0.5312,0.3433,none
degraded_instruct,damaged_q3,structural_only,forensic,640,0.6484,0.4844,0.8052,0.9328,0.15,0.0172,0.3547,0.5563,0.3798,none
degraded_instruct,damaged_q3,structural_only,generalist,640,0.5469,0.4266,0.7506,0.7609,0.1609,0.025,0.3547,0.5984,0.315,none
degraded_instruct,damaged_q3,structural_only,math,640,0.5766,0.4297,0.76,0.7766,0.1328,0.0141,0.3859,0.7078,0.3208,none
degraded_instruct,damaged_q3,structural_only,planning,640,0.6703,0.5453,0.7951,0.7922,0.1313,0.0156,0.2719,0.5203,0.455,none
degraded_instruct,damaged_q3,structural_only,rhetoric,640,0.5563,0.4437,0.7359,0.7531,0.1453,0.0047,0.3281,0.7297,0.3365,none
degraded_instruct,damaged_q3,structural_only,spatial,640,0.6484,0.4859,0.7797,0.7969,0.1422,0.0203,0.2766,0.5797,0.3881,none
degraded_instruct,damaged_q3,tri_boundary_heavy,adversarial,640,0.8484,0.5797,0.9198,0.9922,0.1203,0.0766,0.3297,0.0969,0.4971,none
degraded_instruct,damaged_q3,tri_boundary_heavy,boundary,640,0.8641,0.5594,0.9225,0.9891,0.1141,0.0875,0.3547,0.0734,0.4756,none
degraded_instruct,damaged_q3,tri_boundary_heavy,coding,640,0.7391,0.5281,0.8471,0.8844,0.125,0.0766,0.3141,0.3438,0.433,none
degraded_instruct,damaged_q3,tri_boundary_heavy,epistemic,640,0.7266,0.5078,0.8485,0.9,0.1219,0.0609,0.3359,0.3141,0.4165,none
degraded_instruct,damaged_q3,tri_boundary_heavy,forensic,640,0.7797,0.5609,0.8695,0.9906,0.1391,0.0734,0.3094,0.3312,0.4632,none
degraded_instruct,damaged_q3,tri_boundary_heavy,generalist,640,0.6469,0.4437,0.8063,0.8406,0.1609,0.0859,0.3312,0.3969,0.3319,none
degraded_instruct,damaged_q3,tri_boundary_heavy,math,640,0.6609,0.4859,0.8019,0.8672,0.1141,0.0719,0.3234,0.6375,0.3796,none
degraded_instruct,damaged_q3,tri_boundary_heavy,planning,640,0.7109,0.5078,0.836,0.8781,0.1562,0.0578,0.3172,0.3438,0.4068,none
degraded_instruct,damaged_q3,tri_boundary_heavy,rhetoric,640,0.6484,0.4969,0.7913,0.8438,0.1531,0.05,0.3125,0.5469,0.3886,none
degraded_instruct,damaged_q3,tri_boundary_heavy,spatial,640,0.6797,0.5,0.8029,0.8562,0.1359,0.05,0.2734,0.5375,0.4005,none
degraded_instruct,damaged_q3,tri_cognitive_bridge,adversarial,640,0.8016,0.5172,0.8952,0.9891,0.1281,0.0625,0.3703,0.2094,0.4262,none
degraded_instruct,damaged_q3,tri_cognitive_bridge,boundary,640,0.8187,0.5406,0.8965,0.9875,0.1391,0.0422,0.3937,0.1656,0.4507,none
degraded_instruct,damaged_q3,tri_cognitive_bridge,coding,640,0.7141,0.5125,0.8313,0.8875,0.1297,0.0656,0.2828,0.4359,0.416,none
degraded_instruct,damaged_q3,tri_cognitive_bridge,epistemic,640,0.7484,0.5141,0.8637,0.9375,0.0953,0.05,0.3812,0.3063,0.4297,none
degraded_instruct,damaged_q3,tri_cognitive_bridge,forensic,640,0.7125,0.4922,0.8337,0.9844,0.1609,0.0422,0.3797,0.4469,0.3828,none
degraded_instruct,damaged_q3,tri_cognitive_bridge,generalist,640,0.6859,0.4969,0.826,0.9,0.1406,0.0906,0.3281,0.4078,0.3899,none
degraded_instruct,damaged_q3,tri_cognitive_bridge,math,640,0.65,0.4516,0.8047,0.8828,0.1156,0.0547,0.3719,0.6078,0.3458,none
degraded_instruct,damaged_q3,tri_cognitive_bridge,planning,640,0.7969,0.5734,0.8727,0.9375,0.1094,0.0484,0.2891,0.3078,0.4924,none
degraded_instruct,damaged_q3,tri_cognitive_bridge,rhetoric,640,0.6797,0.4719,0.8223,0.9281,0.1234,0.0594,0.3609,0.5109,0.3685,none
degraded_instruct,damaged_q3,tri_cognitive_bridge,spatial,640,0.7312,0.5359,0.8415,0.9031,0.1219,0.0734,0.2766,0.4094,0.4421,none
degraded_instruct,damaged_q3,tri_cognitive_heavy,adversarial,640,0.6797,0.4516,0.8115,0.9766,0.1594,0.0672,0.3781,0.6281,0.3287,none
degraded_instruct,damaged_q3,tri_cognitive_heavy,boundary,640,0.7031,0.4703,0.8241,0.9703,0.1562,0.0859,0.3812,0.5281,0.3493,none
degraded_instruct,damaged_q3,tri_cognitive_heavy,coding,640,0.5594,0.4078,0.7486,0.8547,0.1594,0.0578,0.3359,0.7625,0.2834,none
degraded_instruct,damaged_q3,tri_cognitive_heavy,epistemic,640,0.6172,0.4547,0.7946,0.925,0.1562,0.0391,0.3625,0.5297,0.3445,none
degraded_instruct,damaged_q3,tri_cognitive_heavy,forensic,640,0.5734,0.4031,0.7634,0.9766,0.1703,0.0797,0.3547,0.7734,0.269,none
degraded_instruct,damaged_q3,tri_cognitive_heavy,generalist,640,0.6031,0.4156,0.7878,0.9031,0.1437,0.0703,0.3812,0.5687,0.2995,none
degraded_instruct,damaged_q3,tri_cognitive_heavy,math,640,0.5141,0.3688,0.7244,0.8828,0.1812,0.0516,0.3922,0.9469,0.2253,none
degraded_instruct,damaged_q3,tri_cognitive_heavy,planning,640,0.6359,0.4719,0.7938,0.9156,0.1797,0.0672,0.2953,0.5797,0.3519,none
degraded_instruct,damaged_q3,tri_cognitive_heavy,rhetoric,640,0.5781,0.4266,0.7715,0.9313,0.1672,0.0641,0.3531,0.7172,0.2995,none
degraded_instruct,damaged_q3,tri_cognitive_heavy,spatial,640,0.6297,0.4406,0.7707,0.9031,0.1562,0.0734,0.3156,0.7094,0.3183,none
degraded_instruct,damaged_q3,tri_cyber_heavy,adversarial,640,0.7875,0.5312,0.8921,0.9906,0.1547,0.0922,0.3156,0.1906,0.4316,none
degraded_instruct,damaged_q3,tri_cyber_heavy,boundary,640,0.8391,0.5344,0.9114,0.9891,0.1375,0.0766,0.3719,0.0891,0.4436,none
degraded_instruct,damaged_q3,tri_cyber_heavy,coding,640,0.6125,0.4234,0.7723,0.8422,0.15,0.0844,0.3125,0.6328,0.3049,none
degraded_instruct,damaged_q3,tri_cyber_heavy,epistemic,640,0.5938,0.4328,0.7671,0.8313,0.1531,0.0875,0.3406,0.5734,0.3135,none
degraded_instruct,damaged_q3,tri_cyber_heavy,forensic,640,0.7328,0.5203,0.8346,0.9844,0.1594,0.1031,0.3047,0.4469,0.4052,none
degraded_instruct,damaged_q3,tri_cyber_heavy,generalist,640,0.5484,0.3922,0.7508,0.8016,0.1516,0.1172,0.3125,0.6438,0.2661,none
degraded_instruct,damaged_q3,tri_cyber_heavy,math,640,0.4453,0.3094,0.6942,0.7953,0.1625,0.0859,0.3422,1.0469,0.1637,none
degraded_instruct,damaged_q3,tri_cyber_heavy,planning,640,0.6375,0.4688,0.7665,0.8266,0.1375,0.1031,0.2703,0.6672,0.3519,none
degraded_instruct,damaged_q3,tri_cyber_heavy,rhetoric,640,0.5516,0.3891,0.7449,0.8438,0.1422,0.0953,0.3016,0.7859,0.2639,none
degraded_instruct,damaged_q3,tri_cyber_heavy,spatial,640,0.5547,0.3937,0.7289,0.7844,0.1266,0.1,0.2578,0.8313,0.2736,none
degraded_instruct,damaged_q3,tri_equal_routed,adversarial,640,0.8016,0.5094,0.8855,0.9906,0.1359,0.0797,0.3594,0.2672,0.4105,none
degraded_instruct,damaged_q3,tri_equal_routed,boundary,640,0.8234,0.5547,0.8943,0.9844,0.1375,0.0813,0.3359,0.2016,0.4602,none
degraded_instruct,damaged_q3,tri_equal_routed,coding,640,0.5281,0.4016,0.7342,0.8547,0.1891,0.075,0.2719,0.7891,0.2686,none
degraded_instruct,damaged_q3,tri_equal_routed,epistemic,640,0.5859,0.4266,0.7807,0.8984,0.1641,0.0594,0.3656,0.55,0.3087,none
degraded_instruct,damaged_q3,tri_equal_routed,forensic,640,0.6266,0.4422,0.8009,0.9875,0.1688,0.0844,0.3266,0.5922,0.319,none
degraded_instruct,damaged_q3,tri_equal_routed,generalist,640,0.5328,0.3828,0.7517,0.8391,0.175,0.0719,0.3469,0.6297,0.2567,none
degraded_instruct,damaged_q3,tri_equal_routed,math,640,0.4688,0.35,0.7079,0.8375,0.1562,0.0891,0.3625,1.0234,0.2051,none
degraded_instruct,damaged_q3,tri_equal_routed,planning,640,0.6438,0.4656,0.7929,0.8641,0.125,0.0828,0.2812,0.6,0.3591,none
degraded_instruct,damaged_q3,tri_equal_routed,rhetoric,640,0.5516,0.3937,0.7432,0.8578,0.1609,0.0813,0.3531,0.7875,0.2616,none
degraded_instruct,damaged_q3,tri_equal_routed,spatial,640,0.6172,0.4672,0.7589,0.8516,0.1344,0.0844,0.25,0.7656,0.3517,none
degraded_instruct,damaged_q3,tri_naive_equal_all_fire,adversarial,640,0.8094,0.3922,0.8818,0.9906,0.1406,0.3297,0.3937,0.0844,0.2483,none
degraded_instruct,damaged_q3,tri_naive_equal_all_fire,boundary,640,0.8203,0.3391,0.8774,0.9828,0.1375,0.3469,0.4859,0.0516,0.187,distractor_capture
degraded_instruct,damaged_q3,tri_naive_equal_all_fire,coding,640,0.6594,0.3766,0.8016,0.8812,0.1422,0.3422,0.3141,0.3906,0.2208,none
degraded_instruct,damaged_q3,tri_naive_equal_all_fire,epistemic,640,0.7016,0.3297,0.835,0.9484,0.1547,0.3578,0.3797,0.2391,0.1694,none
degraded_instruct,damaged_q3,tri_naive_equal_all_fire,forensic,640,0.7125,0.3547,0.8322,0.9859,0.1688,0.3266,0.3859,0.3094,0.1924,none
degraded_instruct,damaged_q3,tri_naive_equal_all_fire,generalist,640,0.6141,0.3234,0.7848,0.8547,0.1297,0.3328,0.4047,0.4016,0.1655,none
degraded_instruct,damaged_q3,tri_naive_equal_all_fire,math,640,0.55,0.3203,0.731,0.7922,0.15,0.2906,0.4313,0.7188,0.1467,none
degraded_instruct,damaged_q3,tri_naive_equal_all_fire,planning,640,0.6719,0.3766,0.8022,0.8703,0.1734,0.2938,0.3453,0.3375,0.2213,none
degraded_instruct,damaged_q3,tri_naive_equal_all_fire,rhetoric,640,0.6578,0.3344,0.7973,0.8672,0.1344,0.3047,0.4125,0.4141,0.1794,none
degraded_instruct,damaged_q3,tri_naive_equal_all_fire,spatial,640,0.6219,0.4016,0.7887,0.8547,0.1469,0.2656,0.2969,0.4734,0.257,none
degraded_instruct,damaged_q3,tri_naive_structural_heavy_all_fire,adversarial,640,0.8109,0.3766,0.8855,0.9984,0.1453,0.3344,0.3672,0.0672,0.2334,none
degraded_instruct,damaged_q3,tri_naive_structural_heavy_all_fire,boundary,640,0.8281,0.3891,0.886,0.9875,0.1359,0.3422,0.3969,0.0547,0.2454,none
degraded_instruct,damaged_q3,tri_naive_structural_heavy_all_fire,coding,640,0.8094,0.4719,0.883,0.9328,0.1313,0.2891,0.2984,0.0688,0.3474,none
degraded_instruct,damaged_q3,tri_naive_structural_heavy_all_fire,epistemic,640,0.8531,0.4297,0.9046,0.9734,0.1109,0.3047,0.3297,0.0344,0.3074,none
degraded_instruct,damaged_q3,tri_naive_structural_heavy_all_fire,forensic,640,0.8453,0.4234,0.8977,0.9938,0.1328,0.3109,0.3359,0.0547,0.2918,none
degraded_instruct,damaged_q3,tri_naive_structural_heavy_all_fire,generalist,640,0.7969,0.4062,0.8775,0.9156,0.1187,0.3109,0.3609,0.0578,0.2767,none
degraded_instruct,damaged_q3,tri_naive_structural_heavy_all_fire,math,640,0.8234,0.45,0.8893,0.9219,0.1016,0.2969,0.3297,0.0844,0.3296,none
degraded_instruct,damaged_q3,tri_naive_structural_heavy_all_fire,planning,640,0.8203,0.4313,0.8892,0.9406,0.1234,0.2969,0.3141,0.0516,0.3071,none
degraded_instruct,damaged_q3,tri_naive_structural_heavy_all_fire,rhetoric,640,0.8156,0.4281,0.8819,0.9219,0.1141,0.2953,0.3797,0.0766,0.3006,none
degraded_instruct,damaged_q3,tri_naive_structural_heavy_all_fire,spatial,640,0.8375,0.4453,0.8963,0.9328,0.1047,0.3203,0.2766,0.0547,0.325,none
degraded_instruct,damaged_q3,tri_structural_heavy_55,adversarial,640,0.8641,0.6031,0.9298,0.9953,0.1219,0.0625,0.3109,0.0469,0.5268,none
degraded_instruct,damaged_q3,tri_structural_heavy_55,boundary,640,0.8344,0.5484,0.9165,0.9922,0.1437,0.0656,0.3766,0.0516,0.4595,none
degraded_instruct,damaged_q3,tri_structural_heavy_55,coding,640,0.7656,0.5266,0.8757,0.9172,0.1406,0.0734,0.2891,0.2141,0.4359,none
degraded_instruct,damaged_q3,tri_structural_heavy_55,epistemic,640,0.7797,0.5375,0.8838,0.9391,0.125,0.0578,0.3281,0.1891,0.4527,none
degraded_instruct,damaged_q3,tri_structural_heavy_55,forensic,640,0.7969,0.5563,0.8847,0.9891,0.1422,0.0766,0.3234,0.2406,0.4604,none
degraded_instruct,damaged_q3,tri_structural_heavy_55,generalist,640,0.775,0.5453,0.8781,0.9203,0.1203,0.0609,0.3203,0.2047,0.4612,none
degraded_instruct,damaged_q3,tri_structural_heavy_55,math,640,0.7672,0.5469,0.8637,0.9125,0.1187,0.0406,0.3328,0.3391,0.4595,none
degraded_instruct,damaged_q3,tri_structural_heavy_55,planning,640,0.8234,0.5906,0.8944,0.9375,0.1047,0.0594,0.275,0.2062,0.515,none
degraded_instruct,damaged_q3,tri_structural_heavy_55,rhetoric,640,0.7391,0.5406,0.8576,0.8938,0.1313,0.0609,0.3312,0.2906,0.448,none
degraded_instruct,damaged_q3,tri_structural_heavy_55,spatial,640,0.7844,0.5969,0.8833,0.9219,0.1266,0.0469,0.2562,0.2203,0.518,none
degraded_instruct,damaged_q3,tri_structural_heavy_60,adversarial,640,0.8609,0.5953,0.9282,0.9906,0.1219,0.0625,0.3078,0.0563,0.5188,none
degraded_instruct,damaged_q3,tri_structural_heavy_60,boundary,640,0.8562,0.5609,0.9227,0.9906,0.1234,0.0672,0.3719,0.0531,0.4781,none
degraded_instruct,damaged_q3,tri_structural_heavy_60,coding,640,0.8375,0.5859,0.9086,0.9406,0.1172,0.0422,0.3172,0.1031,0.5118,none
degraded_instruct,damaged_q3,tri_structural_heavy_60,epistemic,640,0.8297,0.6062,0.9076,0.9625,0.1094,0.0359,0.3281,0.125,0.5337,none
degraded_instruct,damaged_q3,tri_structural_heavy_60,forensic,640,0.825,0.5859,0.9041,0.9828,0.125,0.0563,0.2969,0.1672,0.5051,none
degraded_instruct,damaged_q3,tri_structural_heavy_60,generalist,640,0.7797,0.5609,0.8814,0.9156,0.1266,0.05,0.3125,0.1844,0.4787,none
degraded_instruct,damaged_q3,tri_structural_heavy_60,math,640,0.7844,0.5578,0.8742,0.9031,0.1078,0.0437,0.3328,0.275,0.4763,none
degraded_instruct,damaged_q3,tri_structural_heavy_60,planning,640,0.8313,0.6047,0.9044,0.925,0.1141,0.0422,0.2875,0.1187,0.5331,none
degraded_instruct,damaged_q3,tri_structural_heavy_60,rhetoric,640,0.8141,0.5781,0.8869,0.9172,0.0969,0.05,0.3281,0.225,0.5016,none
degraded_instruct,damaged_q3,tri_structural_heavy_60,spatial,640,0.8094,0.6031,0.8923,0.9109,0.1109,0.0469,0.2562,0.1828,0.5308,none
degraded_instruct,damaged_q3,tri_structural_heavy_65,adversarial,640,0.8797,0.6078,0.9326,0.9891,0.0969,0.0484,0.3156,0.0656,0.5405,none
degraded_instruct,damaged_q3,tri_structural_heavy_65,boundary,640,0.8469,0.55,0.9191,0.9938,0.1484,0.0516,0.3609,0.0406,0.4643,none
degraded_instruct,damaged_q3,tri_structural_heavy_65,coding,640,0.8453,0.6203,0.9158,0.925,0.1031,0.0531,0.2703,0.0875,0.5528,none
degraded_instruct,damaged_q3,tri_structural_heavy_65,epistemic,640,0.8359,0.6,0.9098,0.9203,0.0844,0.0234,0.3172,0.1156,0.5388,none
degraded_instruct,damaged_q3,tri_structural_heavy_65,forensic,640,0.8703,0.6031,0.9244,0.9828,0.1,0.0547,0.3,0.1016,0.5331,none
degraded_instruct,damaged_q3,tri_structural_heavy_65,generalist,640,0.8125,0.6172,0.8938,0.9062,0.1156,0.0469,0.2703,0.1453,0.5442,none
degraded_instruct,damaged_q3,tri_structural_heavy_65,math,640,0.7969,0.5594,0.8819,0.9047,0.1328,0.0469,0.3125,0.2016,0.4751,none
degraded_instruct,damaged_q3,tri_structural_heavy_65,planning,640,0.8453,0.6156,0.9154,0.9328,0.0984,0.05,0.2641,0.1016,0.5499,none
degraded_instruct,damaged_q3,tri_structural_heavy_65,rhetoric,640,0.8156,0.5938,0.8968,0.9203,0.1094,0.0516,0.2969,0.1609,0.5188,none
degraded_instruct,damaged_q3,tri_structural_heavy_65,spatial,640,0.825,0.6203,0.9031,0.9203,0.1156,0.0484,0.2562,0.1313,0.5489,none
degraded_instruct,damaged_q4,baseline,adversarial,640,0.1641,0.1469,0.4432,0.65,0.1984,0.0141,0.2828,2.3797,-0.0571,primitive_gap
degraded_instruct,damaged_q4,baseline,boundary,640,0.1391,0.1109,0.4361,0.6469,0.1891,0.0156,0.3359,2.2672,-0.0891,primitive_gap
degraded_instruct,damaged_q4,baseline,coding,640,0.1531,0.1313,0.4334,0.6438,0.2062,0.0172,0.2641,2.1547,-0.0629,primitive_gap
degraded_instruct,damaged_q4,baseline,epistemic,640,0.1609,0.1344,0.4523,0.6672,0.1672,0.0,0.3047,1.8031,-0.0303,primitive_gap
degraded_instruct,damaged_q4,baseline,forensic,640,0.1797,0.1531,0.4486,0.6594,0.2094,0.0141,0.3063,2.0063,-0.0373,primitive_gap
degraded_instruct,damaged_q4,baseline,generalist,640,0.1328,0.1062,0.4423,0.6672,0.1938,0.0219,0.2844,1.9328,-0.0756,primitive_gap
degraded_instruct,damaged_q4,baseline,math,640,0.1781,0.1391,0.4694,0.6562,0.1766,0.0078,0.3438,2.1094,-0.0484,primitive_gap
degraded_instruct,damaged_q4,baseline,planning,640,0.1938,0.1734,0.4637,0.6469,0.2,0.0172,0.2375,1.9375,-0.0059,classification_miss
degraded_instruct,damaged_q4,baseline,rhetoric,640,0.1578,0.1328,0.4621,0.6703,0.1719,0.0078,0.3203,2.0391,-0.0479,primitive_gap
degraded_instruct,damaged_q4,baseline,spatial,640,0.2031,0.1812,0.479,0.6703,0.1812,0.0109,0.2516,1.8766,0.0107,primitive_gap
degraded_instruct,damaged_q4,cog_25_cyb_75,adversarial,640,0.7172,0.4719,0.8517,0.9828,0.1156,0.1297,0.3094,0.4828,0.3624,none
degraded_instruct,damaged_q4,cog_25_cyb_75,boundary,640,0.7906,0.5234,0.8789,0.9891,0.1187,0.0906,0.3359,0.3203,0.4268,none
degraded_instruct,damaged_q4,cog_25_cyb_75,coding,640,0.4437,0.3438,0.6857,0.8562,0.1203,0.0922,0.2422,1.1578,0.212,none
degraded_instruct,damaged_q4,cog_25_cyb_75,epistemic,640,0.4609,0.3391,0.7058,0.8656,0.1516,0.0891,0.3094,0.8797,0.207,none
degraded_instruct,damaged_q4,cog_25_cyb_75,forensic,640,0.5859,0.4406,0.7592,0.9938,0.1422,0.0969,0.2406,0.8625,0.3162,none
degraded_instruct,damaged_q4,cog_25_cyb_75,generalist,640,0.3375,0.2391,0.6507,0.8391,0.1656,0.0922,0.3125,1.1203,0.0899,none
degraded_instruct,damaged_q4,cog_25_cyb_75,math,640,0.3516,0.2687,0.6158,0.8016,0.1406,0.0953,0.3016,1.5188,0.1074,none
degraded_instruct,damaged_q4,cog_25_cyb_75,planning,640,0.4891,0.3922,0.6926,0.8422,0.1219,0.0859,0.2234,1.0828,0.2664,none
degraded_instruct,damaged_q4,cog_25_cyb_75,rhetoric,640,0.4406,0.3094,0.6784,0.8438,0.1469,0.1031,0.2953,1.1203,0.165,none
degraded_instruct,damaged_q4,cog_25_cyb_75,spatial,640,0.4359,0.3453,0.6527,0.8063,0.1297,0.0703,0.2391,1.2234,0.212,none
degraded_instruct,damaged_q4,cog_25_str_75,adversarial,640,0.8938,0.6797,0.9407,0.9922,0.0828,0.0219,0.2609,0.0734,0.6259,none
degraded_instruct,damaged_q4,cog_25_str_75,boundary,640,0.8891,0.6297,0.9365,0.9875,0.0891,0.0312,0.2938,0.0625,0.5701,none
degraded_instruct,damaged_q4,cog_25_str_75,coding,640,0.8922,0.6719,0.9377,0.9703,0.0828,0.0281,0.2594,0.0594,0.6177,none
degraded_instruct,damaged_q4,cog_25_str_75,epistemic,640,0.9,0.6469,0.9435,0.9859,0.0719,0.0094,0.3094,0.0406,0.5967,none
degraded_instruct,damaged_q4,cog_25_str_75,forensic,640,0.9125,0.6625,0.9428,0.9906,0.0688,0.0328,0.2797,0.0688,0.6095,none
degraded_instruct,damaged_q4,cog_25_str_75,generalist,640,0.8719,0.6594,0.937,0.975,0.0922,0.0281,0.2641,0.0453,0.6027,none
degraded_instruct,damaged_q4,cog_25_str_75,math,640,0.8766,0.6609,0.9305,0.9641,0.0859,0.0234,0.2906,0.0781,0.6033,none
degraded_instruct,damaged_q4,cog_25_str_75,planning,640,0.9047,0.7125,0.9469,0.9906,0.0844,0.0172,0.2188,0.0453,0.664,none
degraded_instruct,damaged_q4,cog_25_str_75,rhetoric,640,0.8703,0.65,0.9274,0.9578,0.0906,0.0187,0.2797,0.0844,0.5925,none
degraded_instruct,damaged_q4,cog_25_str_75,spatial,640,0.8844,0.6969,0.9372,0.975,0.0875,0.025,0.2062,0.0766,0.6453,none
degraded_instruct,damaged_q4,cog_40_cyb_60,adversarial,640,0.6672,0.4781,0.8211,0.9891,0.1391,0.1,0.2844,0.6359,0.3619,none
degraded_instruct,damaged_q4,cog_40_cyb_60,boundary,640,0.7547,0.5141,0.8537,0.9875,0.1187,0.0875,0.3422,0.4594,0.4106,none
degraded_instruct,damaged_q4,cog_40_cyb_60,coding,640,0.4469,0.3453,0.6874,0.8781,0.1562,0.075,0.2109,1.15,0.2091,none
degraded_instruct,damaged_q4,cog_40_cyb_60,epistemic,640,0.4688,0.3484,0.7193,0.8906,0.1234,0.0828,0.2922,0.8812,0.2274,none
degraded_instruct,damaged_q4,cog_40_cyb_60,forensic,640,0.5703,0.4313,0.7561,0.9906,0.1047,0.0891,0.2453,0.9391,0.3155,none
degraded_instruct,damaged_q4,cog_40_cyb_60,generalist,640,0.4375,0.325,0.7095,0.8672,0.1266,0.1078,0.3031,0.9266,0.1949,none
degraded_instruct,damaged_q4,cog_40_cyb_60,math,640,0.3703,0.2953,0.639,0.8297,0.1266,0.0891,0.3109,1.4344,0.1429,none
degraded_instruct,damaged_q4,cog_40_cyb_60,planning,640,0.4672,0.3812,0.683,0.8594,0.1437,0.0781,0.2375,1.1125,0.2479,none
degraded_instruct,damaged_q4,cog_40_cyb_60,rhetoric,640,0.4328,0.3203,0.6928,0.8719,0.1172,0.1047,0.2781,1.1328,0.1853,none
degraded_instruct,damaged_q4,cog_40_cyb_60,spatial,640,0.4422,0.3375,0.6572,0.8313,0.1375,0.0828,0.2391,1.2234,0.1994,none
degraded_instruct,damaged_q4,cog_40_str_60,adversarial,640,0.8797,0.6438,0.935,0.9891,0.1062,0.0375,0.275,0.0531,0.5797,none
degraded_instruct,damaged_q4,cog_40_str_60,boundary,640,0.8953,0.6703,0.9425,0.9891,0.0938,0.0453,0.2594,0.0375,0.6105,none
degraded_instruct,damaged_q4,cog_40_str_60,coding,640,0.9047,0.7078,0.9389,0.9688,0.0641,0.0266,0.2203,0.0984,0.6607,none
degraded_instruct,damaged_q4,cog_40_str_60,epistemic,640,0.8703,0.6594,0.9296,0.9844,0.0844,0.0203,0.2656,0.1016,0.6037,none
degraded_instruct,damaged_q4,cog_40_str_60,forensic,640,0.8875,0.6875,0.9208,0.9828,0.0734,0.0266,0.2578,0.1781,0.6306,none
degraded_instruct,damaged_q4,cog_40_str_60,generalist,640,0.8562,0.6531,0.9281,0.9812,0.0859,0.0375,0.2406,0.1109,0.595,none
degraded_instruct,damaged_q4,cog_40_str_60,math,640,0.8875,0.6641,0.9273,0.9672,0.075,0.025,0.2609,0.1453,0.6084,none
degraded_instruct,damaged_q4,cog_40_str_60,planning,640,0.9062,0.6844,0.9405,0.9812,0.075,0.0203,0.2469,0.0719,0.6345,none
degraded_instruct,damaged_q4,cog_40_str_60,rhetoric,640,0.8844,0.6578,0.9329,0.9766,0.0672,0.025,0.2828,0.1109,0.6045,none
degraded_instruct,damaged_q4,cog_40_str_60,spatial,640,0.8797,0.7094,0.9316,0.9781,0.0953,0.0328,0.1891,0.1156,0.6533,none
degraded_instruct,damaged_q4,cog_50_cyb_50,adversarial,640,0.5844,0.4031,0.7864,0.9906,0.1375,0.0828,0.2891,0.8297,0.2807,none
degraded_instruct,damaged_q4,cog_50_cyb_50,boundary,640,0.6453,0.4547,0.8076,0.9891,0.15,0.0922,0.3234,0.6547,0.3326,none
degraded_instruct,damaged_q4,cog_50_cyb_50,coding,640,0.4469,0.3406,0.6785,0.8578,0.1422,0.0844,0.2516,1.1766,0.2021,none
degraded_instruct,damaged_q4,cog_50_cyb_50,epistemic,640,0.4656,0.3312,0.7251,0.9203,0.1297,0.0734,0.3281,0.8609,0.2084,none
degraded_instruct,damaged_q4,cog_50_cyb_50,forensic,640,0.55,0.4219,0.7387,0.9938,0.1484,0.0875,0.2484,0.9594,0.292,none
degraded_instruct,damaged_q4,cog_50_cyb_50,generalist,640,0.4422,0.3547,0.7159,0.9109,0.1172,0.0813,0.2781,0.9766,0.2322,none
degraded_instruct,damaged_q4,cog_50_cyb_50,math,640,0.3875,0.3031,0.6437,0.8172,0.1328,0.05,0.2797,1.4047,0.1607,none
degraded_instruct,damaged_q4,cog_50_cyb_50,planning,640,0.5125,0.4031,0.7052,0.8438,0.1234,0.0984,0.2484,1.0266,0.2752,none
degraded_instruct,damaged_q4,cog_50_cyb_50,rhetoric,640,0.4359,0.3141,0.6897,0.9047,0.1656,0.0797,0.3141,1.0969,0.1685,none
degraded_instruct,damaged_q4,cog_50_cyb_50,spatial,640,0.4313,0.3469,0.6654,0.8688,0.15,0.0781,0.2344,1.1828,0.2084,none
degraded_instruct,damaged_q4,cog_50_str_50,adversarial,640,0.8688,0.6109,0.9191,0.9891,0.0953,0.0422,0.2953,0.1734,0.5416,none
degraded_instruct,damaged_q4,cog_50_str_50,boundary,640,0.8609,0.5938,0.9133,0.9859,0.1031,0.0422,0.3125,0.1672,0.521,none
degraded_instruct,damaged_q4,cog_50_str_50,coding,640,0.8187,0.6156,0.8942,0.9609,0.0984,0.0453,0.2781,0.2469,0.5424,none
degraded_instruct,damaged_q4,cog_50_str_50,epistemic,640,0.8187,0.5953,0.9066,0.9906,0.1,0.0187,0.3141,0.1766,0.5276,none
degraded_instruct,damaged_q4,cog_50_str_50,forensic,640,0.8063,0.6125,0.8822,0.9922,0.1141,0.0359,0.2672,0.3219,0.5336,none
degraded_instruct,damaged_q4,cog_50_str_50,generalist,640,0.8141,0.6281,0.9052,0.9859,0.1125,0.0563,0.2281,0.1906,0.5553,none
degraded_instruct,damaged_q4,cog_50_str_50,math,640,0.8391,0.6344,0.899,0.9625,0.0766,0.0359,0.2984,0.2844,0.5661,none
degraded_instruct,damaged_q4,cog_50_str_50,planning,640,0.8531,0.675,0.9155,0.9797,0.1016,0.0359,0.225,0.1688,0.6109,none
degraded_instruct,damaged_q4,cog_50_str_50,rhetoric,640,0.8391,0.6234,0.9036,0.9844,0.0906,0.0328,0.2891,0.2344,0.5548,none
degraded_instruct,damaged_q4,cog_50_str_50,spatial,640,0.8656,0.6828,0.917,0.9859,0.0703,0.0391,0.2234,0.2156,0.6253,none
degraded_instruct,damaged_q4,cog_60_cyb_40,adversarial,640,0.5797,0.4328,0.7748,0.9906,0.1531,0.0859,0.2875,0.8812,0.3026,none
degraded_instruct,damaged_q4,cog_60_cyb_40,boundary,640,0.6203,0.4297,0.7904,0.9875,0.1547,0.0875,0.3328,0.7281,0.3027,none
degraded_instruct,damaged_q4,cog_60_cyb_40,coding,640,0.4062,0.3016,0.6585,0.8703,0.1484,0.0953,0.2547,1.2766,0.1538,none
degraded_instruct,damaged_q4,cog_60_cyb_40,epistemic,640,0.4234,0.3344,0.7055,0.9219,0.1484,0.0625,0.3187,0.9187,0.2059,none
degraded_instruct,damaged_q4,cog_60_cyb_40,forensic,640,0.4844,0.3703,0.7153,0.9891,0.1422,0.0781,0.3047,1.0547,0.2349,none
degraded_instruct,damaged_q4,cog_60_cyb_40,generalist,640,0.4297,0.3125,0.7019,0.9187,0.1437,0.0828,0.3203,0.9906,0.1777,none
degraded_instruct,damaged_q4,cog_60_cyb_40,math,640,0.4188,0.3187,0.6624,0.8313,0.1172,0.0625,0.3031,1.3297,0.1804,none
degraded_instruct,damaged_q4,cog_60_cyb_40,planning,640,0.5047,0.4109,0.7094,0.8953,0.1109,0.0703,0.2344,1.0641,0.2916,none
degraded_instruct,damaged_q4,cog_60_cyb_40,rhetoric,640,0.4391,0.3266,0.6941,0.9266,0.1656,0.0828,0.325,1.1062,0.179,none
degraded_instruct,damaged_q4,cog_60_cyb_40,spatial,640,0.4422,0.3563,0.6738,0.8734,0.1344,0.0969,0.2313,1.1922,0.2185,none
degraded_instruct,damaged_q4,cog_60_str_40,adversarial,640,0.7891,0.5984,0.8803,0.9828,0.0922,0.0391,0.2437,0.4172,0.5226,none
degraded_instruct,damaged_q4,cog_60_str_40,boundary,640,0.8094,0.5703,0.8729,0.9859,0.1094,0.0469,0.3094,0.3828,0.4842,none
degraded_instruct,damaged_q4,cog_60_str_40,coding,640,0.7766,0.6203,0.8729,0.9563,0.1,0.05,0.2188,0.3719,0.5442,none
degraded_instruct,damaged_q4,cog_60_str_40,epistemic,640,0.7875,0.5969,0.8893,0.9875,0.0875,0.0219,0.2906,0.2734,0.5293,none
degraded_instruct,damaged_q4,cog_60_str_40,forensic,640,0.7438,0.5844,0.846,0.9781,0.0969,0.0375,0.2797,0.5109,0.4999,none
degraded_instruct,damaged_q4,cog_60_str_40,generalist,640,0.7672,0.5828,0.8859,0.9859,0.1109,0.05,0.2516,0.2766,0.5056,none
degraded_instruct,damaged_q4,cog_60_str_40,math,640,0.7297,0.5234,0.8521,0.9547,0.0984,0.0406,0.3094,0.4875,0.4367,none
degraded_instruct,damaged_q4,cog_60_str_40,planning,640,0.8672,0.6828,0.902,0.9688,0.075,0.0391,0.2078,0.2781,0.622,none
degraded_instruct,damaged_q4,cog_60_str_40,rhetoric,640,0.7641,0.5844,0.867,0.9766,0.0969,0.0375,0.2906,0.4047,0.5043,none
degraded_instruct,damaged_q4,cog_60_str_40,spatial,640,0.8016,0.5859,0.8793,0.975,0.1016,0.0406,0.2594,0.3375,0.5097,none
degraded_instruct,damaged_q4,cog_75_cyb_25,adversarial,640,0.425,0.3016,0.6993,0.9688,0.2,0.0891,0.3094,1.1812,0.1399,none
degraded_instruct,damaged_q4,cog_75_cyb_25,boundary,640,0.4906,0.3453,0.7279,0.9688,0.1688,0.0844,0.3219,1.0219,0.201,none
degraded_instruct,damaged_q4,cog_75_cyb_25,coding,640,0.3984,0.2984,0.662,0.8875,0.1562,0.0859,0.2766,1.2547,0.1495,none
degraded_instruct,damaged_q4,cog_75_cyb_25,epistemic,640,0.4641,0.3234,0.7191,0.9359,0.1547,0.0813,0.3234,0.8734,0.1912,none
degraded_instruct,damaged_q4,cog_75_cyb_25,forensic,640,0.4844,0.3797,0.7014,0.9641,0.1359,0.0844,0.2609,1.125,0.2449,none
degraded_instruct,damaged_q4,cog_75_cyb_25,generalist,640,0.4078,0.2906,0.7072,0.9297,0.1516,0.0906,0.3156,0.9578,0.1539,none
degraded_instruct,damaged_q4,cog_75_cyb_25,math,640,0.4125,0.325,0.6683,0.8938,0.1516,0.0703,0.2797,1.3359,0.1763,none
degraded_instruct,damaged_q4,cog_75_cyb_25,planning,640,0.4984,0.3719,0.7044,0.9031,0.1375,0.0766,0.2734,1.0531,0.2408,none
degraded_instruct,damaged_q4,cog_75_cyb_25,rhetoric,640,0.4313,0.3312,0.6878,0.9047,0.1469,0.0625,0.325,1.1531,0.191,none
degraded_instruct,damaged_q4,cog_75_cyb_25,spatial,640,0.4406,0.3281,0.6863,0.9047,0.1516,0.0828,0.2875,1.1297,0.1866,none
degraded_instruct,damaged_q4,cog_75_str_25,adversarial,640,0.6391,0.4609,0.8043,0.9797,0.1219,0.0406,0.3156,0.75,0.3535,none
degraded_instruct,damaged_q4,cog_75_str_25,boundary,640,0.6297,0.4437,0.7847,0.9641,0.1187,0.0688,0.3469,0.8,0.3266,none
degraded_instruct,damaged_q4,cog_75_str_25,coding,640,0.6453,0.4938,0.7977,0.9437,0.0969,0.0531,0.2656,0.725,0.3966,none
degraded_instruct,damaged_q4,cog_75_str_25,epistemic,640,0.6672,0.525,0.8434,0.9859,0.1016,0.0266,0.2781,0.4625,0.4438,none
degraded_instruct,damaged_q4,cog_75_str_25,forensic,640,0.6031,0.4688,0.7704,0.9625,0.1141,0.0406,0.2984,0.8297,0.361,none
degraded_instruct,damaged_q4,cog_75_str_25,generalist,640,0.6828,0.55,0.8496,0.9828,0.1141,0.0672,0.2547,0.4359,0.4602,none
degraded_instruct,damaged_q4,cog_75_str_25,math,640,0.6,0.4625,0.7828,0.9344,0.1156,0.0453,0.3078,0.8141,0.3534,none
degraded_instruct,damaged_q4,cog_75_str_25,planning,640,0.7562,0.5813,0.8504,0.9703,0.1016,0.0437,0.2562,0.475,0.4978,none
degraded_instruct,damaged_q4,cog_75_str_25,rhetoric,640,0.6641,0.4906,0.8135,0.9797,0.1219,0.0484,0.3063,0.6344,0.3882,none
degraded_instruct,damaged_q4,cog_75_str_25,spatial,640,0.7063,0.5406,0.8232,0.9656,0.1,0.0563,0.2531,0.6094,0.4487,none
degraded_instruct,damaged_q4,cognitive_only,adversarial,640,0.2687,0.2062,0.5618,0.8141,0.1875,0.05,0.3187,1.8391,0.0225,primitive_gap
degraded_instruct,damaged_q4,cognitive_only,boundary,640,0.2406,0.1703,0.5546,0.8109,0.1922,0.0781,0.3656,1.7656,-0.0205,primitive_gap
degraded_instruct,damaged_q4,cognitive_only,coding,640,0.3297,0.2547,0.6073,0.8234,0.1531,0.0531,0.2781,1.4875,0.1015,none
degraded_instruct,damaged_q4,cognitive_only,epistemic,640,0.3781,0.2969,0.6724,0.9031,0.1359,0.0516,0.3141,1.0766,0.1668,none
degraded_instruct,damaged_q4,cognitive_only,forensic,640,0.3,0.2266,0.5726,0.7984,0.1547,0.0516,0.3172,1.55,0.067,primitive_gap
degraded_instruct,damaged_q4,cognitive_only,generalist,640,0.3156,0.2641,0.6535,0.8875,0.1516,0.0563,0.2719,1.1844,0.1264,none
degraded_instruct,damaged_q4,cognitive_only,math,640,0.3312,0.2578,0.6109,0.8641,0.1547,0.0578,0.3344,1.5766,0.0943,primitive_gap
degraded_instruct,damaged_q4,cognitive_only,planning,640,0.4219,0.3281,0.6599,0.8734,0.1453,0.0688,0.2719,1.2547,0.1863,none
degraded_instruct,damaged_q4,cognitive_only,rhetoric,640,0.3438,0.2531,0.6309,0.8844,0.1734,0.0469,0.3531,1.3844,0.0943,primitive_gap
degraded_instruct,damaged_q4,cognitive_only,spatial,640,0.4141,0.3406,0.6507,0.8766,0.1656,0.0453,0.2437,1.2625,0.1993,none
degraded_instruct,damaged_q4,cyb_25_str_75,adversarial,640,0.8812,0.6703,0.9406,0.9953,0.0938,0.0297,0.2375,0.0641,0.614,none
degraded_instruct,damaged_q4,cyb_25_str_75,boundary,640,0.8953,0.6547,0.9415,0.9891,0.1,0.0484,0.2609,0.0344,0.5924,none
degraded_instruct,damaged_q4,cyb_25_str_75,coding,640,0.9109,0.6844,0.9447,0.9609,0.0641,0.0437,0.2266,0.0563,0.6355,none
degraded_instruct,damaged_q4,cyb_25_str_75,epistemic,640,0.8844,0.6703,0.9342,0.9547,0.075,0.0297,0.2391,0.0719,0.6192,none
degraded_instruct,damaged_q4,cyb_25_str_75,forensic,640,0.8984,0.7125,0.9472,0.9938,0.0828,0.0297,0.2141,0.0531,0.6619,none
degraded_instruct,damaged_q4,cyb_25_str_75,generalist,640,0.8531,0.6672,0.9215,0.9187,0.0844,0.0437,0.2203,0.0844,0.6113,none
degraded_instruct,damaged_q4,cyb_25_str_75,math,640,0.8594,0.6438,0.9187,0.9219,0.0688,0.0359,0.2687,0.1375,0.5876,none
degraded_instruct,damaged_q4,cyb_25_str_75,planning,640,0.8906,0.7063,0.9299,0.9109,0.0703,0.0375,0.1969,0.0703,0.6584,none
degraded_instruct,damaged_q4,cyb_25_str_75,rhetoric,640,0.8203,0.6438,0.9061,0.9297,0.125,0.0281,0.2422,0.1141,0.5755,none
degraded_instruct,damaged_q4,cyb_25_str_75,spatial,640,0.8547,0.6703,0.923,0.9359,0.0969,0.0281,0.2234,0.0828,0.6136,none
degraded_instruct,damaged_q4,cyb_40_str_60,adversarial,640,0.9,0.6672,0.9433,0.9938,0.0844,0.0469,0.2391,0.0656,0.6101,none
degraded_instruct,damaged_q4,cyb_40_str_60,boundary,640,0.8734,0.6594,0.9359,0.9859,0.1078,0.0453,0.2687,0.0406,0.5944,none
degraded_instruct,damaged_q4,cyb_40_str_60,coding,640,0.8734,0.6641,0.9287,0.9484,0.0797,0.0625,0.2031,0.1,0.6064,none
degraded_instruct,damaged_q4,cyb_40_str_60,epistemic,640,0.8406,0.6469,0.9119,0.9266,0.0953,0.0453,0.2437,0.1172,0.5839,none
degraded_instruct,damaged_q4,cyb_40_str_60,forensic,640,0.9109,0.6875,0.9422,0.9906,0.0734,0.0406,0.2391,0.0859,0.6339,none
degraded_instruct,damaged_q4,cyb_40_str_60,generalist,640,0.7984,0.5953,0.8851,0.8828,0.0922,0.0578,0.2594,0.1938,0.5257,none
degraded_instruct,damaged_q4,cyb_40_str_60,math,640,0.8125,0.6219,0.8847,0.8906,0.0906,0.0328,0.2609,0.2625,0.5541,none
degraded_instruct,damaged_q4,cyb_40_str_60,planning,640,0.8313,0.6641,0.899,0.8875,0.0969,0.0609,0.1953,0.1594,0.5992,none
degraded_instruct,damaged_q4,cyb_40_str_60,rhetoric,640,0.8141,0.6297,0.896,0.9203,0.1219,0.0359,0.2469,0.1641,0.558,none
degraded_instruct,damaged_q4,cyb_40_str_60,spatial,640,0.8094,0.6703,0.8839,0.8766,0.0938,0.0359,0.1891,0.2344,0.6082,none
degraded_instruct,damaged_q4,cyb_50_str_50,adversarial,640,0.8938,0.6859,0.9429,0.9922,0.0859,0.0531,0.2422,0.0625,0.627,none
degraded_instruct,damaged_q4,cyb_50_str_50,boundary,640,0.8641,0.5922,0.9303,0.9922,0.1203,0.0859,0.2844,0.0484,0.5137,none
degraded_instruct,damaged_q4,cyb_50_str_50,coding,640,0.8422,0.6641,0.9091,0.9187,0.0859,0.0609,0.1922,0.1688,0.6023,none
degraded_instruct,damaged_q4,cyb_50_str_50,epistemic,640,0.7984,0.6047,0.8843,0.9266,0.0891,0.0375,0.2938,0.2375,0.5351,none
degraded_instruct,damaged_q4,cyb_50_str_50,forensic,640,0.8562,0.6219,0.9097,0.9906,0.1203,0.0672,0.2562,0.1734,0.5432,none
degraded_instruct,damaged_q4,cyb_50_str_50,generalist,640,0.7609,0.5781,0.8709,0.8844,0.1062,0.0688,0.2453,0.2484,0.5005,none
degraded_instruct,damaged_q4,cyb_50_str_50,math,640,0.7047,0.5406,0.8302,0.8625,0.1141,0.0375,0.2734,0.4719,0.4534,none
degraded_instruct,damaged_q4,cyb_50_str_50,planning,640,0.7937,0.6312,0.8808,0.8828,0.0969,0.0594,0.1984,0.2437,0.5623,none
degraded_instruct,damaged_q4,cyb_50_str_50,rhetoric,640,0.7516,0.5734,0.8517,0.8875,0.0984,0.0563,0.2875,0.3797,0.4907,none
degraded_instruct,damaged_q4,cyb_50_str_50,spatial,640,0.7906,0.6297,0.8714,0.8969,0.0953,0.0656,0.1891,0.3187,0.5569,none
degraded_instruct,damaged_q4,cyb_60_str_40,adversarial,640,0.875,0.6469,0.9368,0.9891,0.1016,0.0828,0.2328,0.0688,0.5778,none
degraded_instruct,damaged_q4,cyb_60_str_40,boundary,640,0.8688,0.5859,0.9297,0.9781,0.1031,0.0703,0.3016,0.0578,0.5139,none
degraded_instruct,damaged_q4,cyb_60_str_40,coding,640,0.7719,0.5734,0.8724,0.9172,0.1172,0.0813,0.2453,0.2844,0.4882,none
degraded_instruct,damaged_q4,cyb_60_str_40,epistemic,640,0.6562,0.4859,0.8341,0.8891,0.1328,0.0656,0.2656,0.3688,0.3933,none
degraded_instruct,damaged_q4,cyb_60_str_40,forensic,640,0.8359,0.6125,0.9019,0.9953,0.1031,0.0797,0.2609,0.2313,0.5332,none
degraded_instruct,damaged_q4,cyb_60_str_40,generalist,640,0.6734,0.5203,0.8273,0.8547,0.1094,0.0609,0.2406,0.4203,0.435,none
degraded_instruct,damaged_q4,cyb_60_str_40,math,640,0.6844,0.5203,0.8095,0.8406,0.075,0.0391,0.3109,0.625,0.4339,none
degraded_instruct,damaged_q4,cyb_60_str_40,planning,640,0.7656,0.6016,0.8558,0.8641,0.0891,0.0547,0.2219,0.3656,0.5279,none
degraded_instruct,damaged_q4,cyb_60_str_40,rhetoric,640,0.7125,0.5266,0.8246,0.875,0.1078,0.0641,0.3031,0.4734,0.4335,none
degraded_instruct,damaged_q4,cyb_60_str_40,spatial,640,0.7063,0.5687,0.8219,0.8609,0.1047,0.0531,0.1938,0.5172,0.4854,none
degraded_instruct,damaged_q4,cyb_75_str_25,adversarial,640,0.8391,0.6188,0.9146,0.9906,0.1328,0.0641,0.2844,0.1219,0.5373,none
degraded_instruct,damaged_q4,cyb_75_str_25,boundary,640,0.8719,0.5859,0.9268,0.9797,0.1016,0.1094,0.2812,0.0922,0.5065,none
degraded_instruct,damaged_q4,cyb_75_str_25,coding,640,0.6641,0.4984,0.8042,0.8859,0.1187,0.075,0.2281,0.5969,0.3997,none
degraded_instruct,damaged_q4,cyb_75_str_25,epistemic,640,0.6109,0.4859,0.7905,0.8562,0.1234,0.0688,0.2516,0.5531,0.3874,none
degraded_instruct,damaged_q4,cyb_75_str_25,forensic,640,0.7797,0.5875,0.8663,0.9922,0.1109,0.0734,0.2594,0.3953,0.499,none
degraded_instruct,damaged_q4,cyb_75_str_25,generalist,640,0.625,0.4797,0.7857,0.8281,0.0891,0.0844,0.2344,0.6141,0.3866,none
degraded_instruct,damaged_q4,cyb_75_str_25,math,640,0.4969,0.3844,0.7092,0.7969,0.1078,0.0672,0.3422,1.0578,0.2583,none
degraded_instruct,damaged_q4,cyb_75_str_25,planning,640,0.6562,0.5109,0.78,0.8469,0.1328,0.075,0.2109,0.6406,0.4072,none
degraded_instruct,damaged_q4,cyb_75_str_25,rhetoric,640,0.5984,0.4422,0.7684,0.8562,0.1234,0.0859,0.25,0.7312,0.3314,none
degraded_instruct,damaged_q4,cyb_75_str_25,spatial,640,0.6,0.4703,0.7464,0.7922,0.1219,0.0781,0.2016,0.7703,0.3635,none
degraded_instruct,damaged_q4,cyber_only,adversarial,640,0.6531,0.4422,0.8173,0.9938,0.1453,0.0938,0.2938,0.6453,0.3241,none
degraded_instruct,damaged_q4,cyber_only,boundary,640,0.7484,0.4813,0.8558,0.9922,0.1437,0.0922,0.3625,0.4,0.3707,none
degraded_instruct,damaged_q4,cyber_only,coding,640,0.3469,0.2719,0.6082,0.7937,0.1688,0.0828,0.2562,1.4266,0.1129,none
degraded_instruct,damaged_q4,cyber_only,epistemic,640,0.3234,0.2344,0.616,0.7672,0.1531,0.0891,0.3281,1.1672,0.086,none
degraded_instruct,damaged_q4,cyber_only,forensic,640,0.5484,0.4328,0.7416,0.9844,0.1234,0.0688,0.2531,0.9875,0.3124,none
degraded_instruct,damaged_q4,cyber_only,generalist,640,0.2953,0.2203,0.591,0.7109,0.15,0.1219,0.2922,1.2906,0.063,none
degraded_instruct,damaged_q4,cyber_only,math,640,0.2516,0.1984,0.5538,0.7281,0.1516,0.0875,0.3359,1.7672,0.0202,primitive_gap
degraded_instruct,damaged_q4,cyber_only,planning,640,0.3359,0.2656,0.5888,0.7,0.1422,0.0938,0.2609,1.4062,0.113,none
degraded_instruct,damaged_q4,cyber_only,rhetoric,640,0.3156,0.2484,0.5917,0.7703,0.1406,0.0703,0.2875,1.5125,0.0936,primitive_gap
degraded_instruct,damaged_q4,cyber_only,spatial,640,0.2953,0.2297,0.5731,0.7469,0.1531,0.075,0.2172,1.5484,0.074,primitive_gap
degraded_instruct,damaged_q4,structural_only,adversarial,640,0.8891,0.6734,0.9365,0.9859,0.0906,0.0172,0.2641,0.0766,0.6179,none
degraded_instruct,damaged_q4,structural_only,boundary,640,0.9,0.6875,0.9419,0.9844,0.0828,0.0328,0.25,0.0594,0.6331,none
degraded_instruct,damaged_q4,structural_only,coding,640,0.8656,0.7125,0.9272,0.9219,0.0766,0.0187,0.1891,0.0938,0.666,none
degraded_instruct,damaged_q4,structural_only,epistemic,640,0.8484,0.6484,0.9165,0.9266,0.0766,0.0031,0.2578,0.1109,0.5987,none
degraded_instruct,damaged_q4,structural_only,forensic,640,0.8828,0.6609,0.9322,0.9875,0.0969,0.0219,0.2625,0.0828,0.6024,none
degraded_instruct,damaged_q4,structural_only,generalist,640,0.8094,0.6125,0.8959,0.8828,0.1062,0.0312,0.25,0.1281,0.548,none
degraded_instruct,damaged_q4,structural_only,math,640,0.8297,0.6328,0.9066,0.9047,0.0922,0.0156,0.2734,0.1359,0.5734,none
degraded_instruct,damaged_q4,structural_only,planning,640,0.8391,0.6719,0.9137,0.9031,0.1,0.0156,0.2188,0.0938,0.6166,none
degraded_instruct,damaged_q4,structural_only,rhetoric,640,0.8141,0.6266,0.8935,0.8734,0.0859,0.0125,0.2859,0.1719,0.5668,none
degraded_instruct,damaged_q4,structural_only,spatial,640,0.8438,0.6937,0.9091,0.8797,0.075,0.0141,0.2,0.1375,0.6456,none
degraded_instruct,damaged_q4,tri_boundary_heavy,adversarial,640,0.8906,0.6609,0.9415,0.9953,0.0938,0.0641,0.2344,0.0594,0.5983,none
degraded_instruct,damaged_q4,tri_boundary_heavy,boundary,640,0.8594,0.625,0.9294,0.9906,0.1266,0.0672,0.2875,0.0437,0.5484,none
degraded_instruct,damaged_q4,tri_boundary_heavy,coding,640,0.8828,0.6438,0.9358,0.9812,0.0984,0.0813,0.2188,0.0688,0.577,none
degraded_instruct,damaged_q4,tri_boundary_heavy,epistemic,640,0.8828,0.625,0.94,0.9906,0.0859,0.075,0.2578,0.0563,0.5608,none
degraded_instruct,damaged_q4,tri_boundary_heavy,forensic,640,0.9062,0.6578,0.9435,0.9812,0.0734,0.075,0.2547,0.0594,0.5974,none
degraded_instruct,damaged_q4,tri_boundary_heavy,generalist,640,0.875,0.6297,0.9331,0.9656,0.0797,0.0656,0.2625,0.0703,0.5681,none
degraded_instruct,damaged_q4,tri_boundary_heavy,math,640,0.8469,0.625,0.9166,0.9406,0.0969,0.0437,0.2703,0.1203,0.5595,none
degraded_instruct,damaged_q4,tri_boundary_heavy,planning,640,0.8922,0.6906,0.94,0.9594,0.0734,0.0656,0.2109,0.0625,0.6355,none
degraded_instruct,damaged_q4,tri_boundary_heavy,rhetoric,640,0.8812,0.6125,0.932,0.9781,0.0906,0.075,0.2797,0.0813,0.5439,none
degraded_instruct,damaged_q4,tri_boundary_heavy,spatial,640,0.8828,0.6781,0.9346,0.9703,0.0953,0.0734,0.1859,0.0859,0.6157,none
degraded_instruct,damaged_q4,tri_cognitive_bridge,adversarial,640,0.8984,0.6609,0.9409,0.9922,0.0922,0.0672,0.2578,0.0547,0.5965,none
degraded_instruct,damaged_q4,tri_cognitive_bridge,boundary,640,0.8781,0.6141,0.9324,0.9844,0.1047,0.0703,0.2969,0.0516,0.5423,none
degraded_instruct,damaged_q4,tri_cognitive_bridge,coding,640,0.9094,0.6609,0.9454,0.9875,0.0703,0.0578,0.2469,0.0609,0.6055,none
degraded_instruct,damaged_q4,tri_cognitive_bridge,epistemic,640,0.8938,0.6625,0.9443,1.0,0.0828,0.0391,0.2828,0.0437,0.605,none
degraded_instruct,damaged_q4,tri_cognitive_bridge,forensic,640,0.8828,0.6438,0.9344,0.9906,0.0922,0.0594,0.2594,0.0828,0.5793,none
degraded_instruct,damaged_q4,tri_cognitive_bridge,generalist,640,0.8969,0.6766,0.9453,0.9906,0.075,0.0594,0.2375,0.0531,0.6205,none
degraded_instruct,damaged_q4,tri_cognitive_bridge,math,640,0.8875,0.6297,0.9352,0.9766,0.0844,0.05,0.275,0.0844,0.5682,none
degraded_instruct,damaged_q4,tri_cognitive_bridge,planning,640,0.9078,0.7031,0.9479,0.9938,0.0734,0.0469,0.2094,0.0578,0.6521,none
degraded_instruct,damaged_q4,tri_cognitive_bridge,rhetoric,640,0.8969,0.6484,0.9428,0.9891,0.0828,0.0453,0.2641,0.0547,0.5907,none
degraded_instruct,damaged_q4,tri_cognitive_bridge,spatial,640,0.8984,0.6453,0.9401,0.9922,0.0859,0.0578,0.2609,0.0641,0.5839,none
degraded_instruct,damaged_q4,tri_cognitive_heavy,adversarial,640,0.875,0.6344,0.9338,0.9969,0.1109,0.0672,0.2641,0.0688,0.5631,none
degraded_instruct,damaged_q4,tri_cognitive_heavy,boundary,640,0.8875,0.6031,0.9359,0.9953,0.0969,0.0781,0.3125,0.0547,0.5307,none
degraded_instruct,damaged_q4,tri_cognitive_heavy,coding,640,0.8797,0.6531,0.9323,0.9797,0.0766,0.0531,0.2594,0.1047,0.5935,none
degraded_instruct,damaged_q4,tri_cognitive_heavy,epistemic,640,0.8688,0.6266,0.9329,0.9938,0.0922,0.0437,0.2906,0.0766,0.5631,none
degraded_instruct,damaged_q4,tri_cognitive_heavy,forensic,640,0.8656,0.6406,0.9157,0.9812,0.0953,0.0516,0.2422,0.1734,0.5737,none
degraded_instruct,damaged_q4,tri_cognitive_heavy,generalist,640,0.8688,0.6156,0.9303,0.9922,0.0922,0.0719,0.2844,0.0891,0.5464,none
degraded_instruct,damaged_q4,tri_cognitive_heavy,math,640,0.825,0.5609,0.9009,0.9844,0.1156,0.0531,0.3578,0.2094,0.4765,none
degraded_instruct,damaged_q4,tri_cognitive_heavy,planning,640,0.8812,0.6438,0.936,0.9938,0.0938,0.0641,0.2422,0.0719,0.5798,none
degraded_instruct,damaged_q4,tri_cognitive_heavy,rhetoric,640,0.8797,0.6547,0.9282,0.9844,0.0875,0.0453,0.2609,0.1219,0.5924,none
degraded_instruct,damaged_q4,tri_cognitive_heavy,spatial,640,0.8609,0.6641,0.9219,0.9766,0.1016,0.0406,0.2281,0.1266,0.6009,none
degraded_instruct,damaged_q4,tri_cyber_heavy,adversarial,640,0.8703,0.6203,0.9312,0.9875,0.1109,0.1,0.2516,0.0688,0.5435,none
degraded_instruct,damaged_q4,tri_cyber_heavy,boundary,640,0.8781,0.5953,0.9349,0.9938,0.1094,0.1016,0.2687,0.0516,0.5181,none
degraded_instruct,damaged_q4,tri_cyber_heavy,coding,640,0.8875,0.6453,0.9348,0.9672,0.0859,0.0953,0.2125,0.0797,0.5795,none
degraded_instruct,damaged_q4,tri_cyber_heavy,epistemic,640,0.85,0.6125,0.9186,0.9625,0.0969,0.0813,0.2359,0.1203,0.5423,none
degraded_instruct,damaged_q4,tri_cyber_heavy,forensic,640,0.8859,0.6109,0.933,0.9953,0.1,0.0859,0.2547,0.0938,0.5387,none
degraded_instruct,damaged_q4,tri_cyber_heavy,generalist,640,0.8344,0.6156,0.9028,0.9203,0.0922,0.0844,0.2422,0.1547,0.544,none
degraded_instruct,damaged_q4,tri_cyber_heavy,math,640,0.7812,0.5672,0.8674,0.8875,0.0969,0.0781,0.2828,0.3281,0.4835,none
degraded_instruct,damaged_q4,tri_cyber_heavy,planning,640,0.8281,0.6344,0.8998,0.9109,0.1016,0.0953,0.2047,0.1703,0.56,none
degraded_instruct,damaged_q4,tri_cyber_heavy,rhetoric,640,0.8375,0.6125,0.9009,0.9141,0.0813,0.0875,0.2422,0.1984,0.5413,none
degraded_instruct,damaged_q4,tri_cyber_heavy,spatial,640,0.8172,0.6141,0.8865,0.8891,0.0906,0.0828,0.2078,0.2359,0.5419,none
degraded_instruct,damaged_q4,tri_equal_routed,adversarial,640,0.8734,0.6328,0.9352,0.9922,0.1031,0.0688,0.2484,0.0703,0.5647,none
degraded_instruct,damaged_q4,tri_equal_routed,boundary,640,0.8859,0.6094,0.9309,0.9891,0.0969,0.0719,0.3312,0.0672,0.5361,none
degraded_instruct,damaged_q4,tri_equal_routed,coding,640,0.8938,0.6391,0.934,0.9781,0.0766,0.075,0.2641,0.0891,0.5755,none
degraded_instruct,damaged_q4,tri_equal_routed,epistemic,640,0.8453,0.6062,0.9195,0.9906,0.1078,0.0578,0.2984,0.1094,0.533,none
degraded_instruct,damaged_q4,tri_equal_routed,forensic,640,0.8969,0.6156,0.9298,0.9922,0.0797,0.0953,0.2562,0.1344,0.5454,none
degraded_instruct,damaged_q4,tri_equal_routed,generalist,640,0.8375,0.6094,0.9154,0.9609,0.0891,0.0891,0.2641,0.1328,0.5371,none
degraded_instruct,damaged_q4,tri_equal_routed,math,640,0.8328,0.5875,0.8975,0.9469,0.0719,0.0703,0.3,0.2812,0.5138,none
degraded_instruct,damaged_q4,tri_equal_routed,planning,640,0.8719,0.6687,0.9283,0.9797,0.1031,0.0641,0.2047,0.1016,0.6035,none
degraded_instruct,damaged_q4,tri_equal_routed,rhetoric,640,0.8609,0.6109,0.9158,0.9734,0.0969,0.0891,0.2562,0.1578,0.5357,none
degraded_instruct,damaged_q4,tri_equal_routed,spatial,640,0.85,0.6438,0.9095,0.9609,0.1016,0.075,0.2281,0.1844,0.5708,none
degraded_instruct,damaged_q4,tri_naive_equal_all_fire,adversarial,640,0.8547,0.4422,0.8994,0.9938,0.1156,0.3234,0.3156,0.0625,0.3144,none
degraded_instruct,damaged_q4,tri_naive_equal_all_fire,boundary,640,0.8703,0.4234,0.9043,0.9922,0.1,0.3391,0.3578,0.0359,0.2952,none
degraded_instruct,damaged_q4,tri_naive_equal_all_fire,coding,640,0.8172,0.3984,0.8829,0.9594,0.1313,0.3438,0.2953,0.0766,0.2629,none
degraded_instruct,damaged_q4,tri_naive_equal_all_fire,epistemic,640,0.8594,0.4469,0.9078,0.9875,0.1016,0.3016,0.3328,0.0453,0.3272,none
degraded_instruct,damaged_q4,tri_naive_equal_all_fire,forensic,640,0.85,0.4625,0.9039,0.9953,0.1109,0.3125,0.3219,0.0672,0.3376,none
degraded_instruct,damaged_q4,tri_naive_equal_all_fire,generalist,640,0.8063,0.3875,0.8817,0.9453,0.1062,0.3266,0.3422,0.0875,0.2586,none
degraded_instruct,damaged_q4,tri_naive_equal_all_fire,math,640,0.7937,0.4094,0.8682,0.9109,0.0969,0.3125,0.3453,0.1969,0.2803,none
degraded_instruct,damaged_q4,tri_naive_equal_all_fire,planning,640,0.8422,0.4656,0.8951,0.9531,0.1031,0.3094,0.2531,0.0703,0.349,none
degraded_instruct,damaged_q4,tri_naive_equal_all_fire,rhetoric,640,0.8391,0.4375,0.893,0.9672,0.1094,0.2828,0.3688,0.0922,0.314,none
degraded_instruct,damaged_q4,tri_naive_equal_all_fire,spatial,640,0.8359,0.4344,0.8916,0.9484,0.1234,0.3203,0.2734,0.0734,0.3077,none
degraded_instruct,damaged_q4,tri_naive_structural_heavy_all_fire,adversarial,640,0.8438,0.4375,0.9016,0.9906,0.1234,0.2797,0.3156,0.0547,0.3165,none
degraded_instruct,damaged_q4,tri_naive_structural_heavy_all_fire,boundary,640,0.85,0.4016,0.8954,0.9922,0.1156,0.3484,0.3406,0.0594,0.267,none
degraded_instruct,damaged_q4,tri_naive_structural_heavy_all_fire,coding,640,0.8625,0.4391,0.9047,0.9953,0.1156,0.3563,0.2484,0.0391,0.3113,none
degraded_instruct,damaged_q4,tri_naive_structural_heavy_all_fire,epistemic,640,0.8781,0.4578,0.9156,0.9969,0.0906,0.3156,0.2922,0.0406,0.3421,none
degraded_instruct,damaged_q4,tri_naive_structural_heavy_all_fire,forensic,640,0.8656,0.4609,0.9102,0.9938,0.1109,0.3172,0.2922,0.0391,0.3389,none
degraded_instruct,damaged_q4,tri_naive_structural_heavy_all_fire,generalist,640,0.8594,0.475,0.9061,0.9688,0.0797,0.3141,0.2859,0.0594,0.3624,none
degraded_instruct,damaged_q4,tri_naive_structural_heavy_all_fire,math,640,0.8969,0.4531,0.9188,0.9891,0.0641,0.3125,0.3187,0.0594,0.3429,none
degraded_instruct,damaged_q4,tri_naive_structural_heavy_all_fire,planning,640,0.8578,0.4781,0.907,0.9969,0.1156,0.3109,0.2297,0.0531,0.3602,none
degraded_instruct,damaged_q4,tri_naive_structural_heavy_all_fire,rhetoric,640,0.8797,0.4547,0.9148,0.9891,0.0859,0.2859,0.3094,0.0563,0.3442,none
degraded_instruct,damaged_q4,tri_naive_structural_heavy_all_fire,spatial,640,0.8922,0.4859,0.9206,0.9938,0.0828,0.3187,0.2141,0.0531,0.3776,none
degraded_instruct,damaged_q4,tri_structural_heavy_55,adversarial,640,0.9031,0.6562,0.9443,0.9859,0.0766,0.0516,0.2531,0.0547,0.6,none
degraded_instruct,damaged_q4,tri_structural_heavy_55,boundary,640,0.8875,0.5984,0.9366,0.9938,0.0969,0.0766,0.2984,0.0531,0.5275,none
degraded_instruct,damaged_q4,tri_structural_heavy_55,coding,640,0.9047,0.6891,0.9493,0.9891,0.075,0.0578,0.2031,0.05,0.6363,none
degraded_instruct,damaged_q4,tri_structural_heavy_55,epistemic,640,0.8734,0.6547,0.9367,0.9891,0.1031,0.0312,0.2641,0.0437,0.5942,none
degraded_instruct,damaged_q4,tri_structural_heavy_55,forensic,640,0.8953,0.6937,0.9445,0.9891,0.0875,0.0531,0.2219,0.0516,0.6365,none
degraded_instruct,damaged_q4,tri_structural_heavy_55,generalist,640,0.8922,0.6391,0.9422,0.9875,0.0906,0.0672,0.2609,0.0344,0.5758,none
degraded_instruct,damaged_q4,tri_structural_heavy_55,math,640,0.8922,0.6234,0.9394,0.9891,0.0953,0.0484,0.3,0.0437,0.559,none
degraded_instruct,damaged_q4,tri_structural_heavy_55,planning,640,0.9141,0.6937,0.9483,0.9922,0.075,0.0484,0.225,0.0484,0.6411,none
degraded_instruct,damaged_q4,tri_structural_heavy_55,rhetoric,640,0.8953,0.6344,0.9437,0.9922,0.0797,0.0594,0.2687,0.0547,0.5744,none
degraded_instruct,damaged_q4,tri_structural_heavy_55,spatial,640,0.8891,0.6828,0.9427,0.9812,0.0844,0.0578,0.2109,0.0594,0.6261,none
degraded_instruct,damaged_q4,tri_structural_heavy_60,adversarial,640,0.8953,0.6422,0.9406,0.9953,0.0906,0.0734,0.2562,0.0609,0.5768,none
degraded_instruct,damaged_q4,tri_structural_heavy_60,boundary,640,0.9016,0.6516,0.9431,0.9906,0.0719,0.0734,0.2703,0.0656,0.5904,none
degraded_instruct,damaged_q4,tri_structural_heavy_60,coding,640,0.9031,0.6813,0.9428,0.9875,0.0859,0.05,0.2453,0.05,0.6233,none
degraded_instruct,damaged_q4,tri_structural_heavy_60,epistemic,640,0.9016,0.6344,0.9461,0.9906,0.0766,0.0578,0.2672,0.0406,0.5764,none
degraded_instruct,damaged_q4,tri_structural_heavy_60,forensic,640,0.9172,0.6969,0.9507,0.9938,0.0719,0.0484,0.2359,0.0453,0.6445,none
degraded_instruct,damaged_q4,tri_structural_heavy_60,generalist,640,0.8859,0.6281,0.9389,0.9891,0.0859,0.0703,0.2672,0.0547,0.5642,none
degraded_instruct,damaged_q4,tri_structural_heavy_60,math,640,0.8953,0.6484,0.9386,0.9766,0.0813,0.0437,0.3031,0.0547,0.5883,none
degraded_instruct,damaged_q4,tri_structural_heavy_60,planning,640,0.9031,0.6813,0.9422,0.9844,0.0844,0.0484,0.2266,0.0563,0.6253,none
degraded_instruct,damaged_q4,tri_structural_heavy_60,rhetoric,640,0.8938,0.6844,0.9461,0.9922,0.0859,0.0469,0.2234,0.05,0.6288,none
degraded_instruct,damaged_q4,tri_structural_heavy_60,spatial,640,0.9266,0.7016,0.9532,0.9875,0.0578,0.0422,0.2141,0.0531,0.656,none
degraded_instruct,damaged_q4,tri_structural_heavy_65,adversarial,640,0.8969,0.6875,0.9441,0.9922,0.0797,0.0484,0.2375,0.0641,0.6317,none
degraded_instruct,damaged_q4,tri_structural_heavy_65,boundary,640,0.8969,0.6609,0.9404,0.9906,0.0969,0.0578,0.2656,0.0437,0.5969,none
degraded_instruct,damaged_q4,tri_structural_heavy_65,coding,640,0.9031,0.6625,0.9471,0.9984,0.0828,0.0547,0.2437,0.0453,0.605,none
degraded_instruct,damaged_q4,tri_structural_heavy_65,epistemic,640,0.8891,0.6516,0.9427,0.9891,0.0781,0.0406,0.2719,0.0484,0.5958,none
degraded_instruct,damaged_q4,tri_structural_heavy_65,forensic,640,0.8984,0.6516,0.9462,0.9922,0.0844,0.0609,0.2469,0.0453,0.592,none
degraded_instruct,damaged_q4,tri_structural_heavy_65,generalist,640,0.9016,0.6937,0.9526,0.9875,0.075,0.0672,0.2156,0.0234,0.6394,none
degraded_instruct,damaged_q4,tri_structural_heavy_65,math,640,0.9016,0.6234,0.9413,0.9875,0.0703,0.05,0.3203,0.0641,0.5635,none
degraded_instruct,damaged_q4,tri_structural_heavy_65,planning,640,0.9078,0.7203,0.9498,0.9875,0.0719,0.0406,0.2016,0.0469,0.6722,none
degraded_instruct,damaged_q4,tri_structural_heavy_65,rhetoric,640,0.9141,0.6734,0.9465,0.9875,0.0672,0.0406,0.2719,0.0547,0.6207,none
degraded_instruct,damaged_q4,tri_structural_heavy_65,spatial,640,0.9172,0.7203,0.952,0.9906,0.0578,0.05,0.2047,0.0641,0.6734,none
degraded_instruct,healthy_q6,baseline,adversarial,640,0.4188,0.3563,0.6706,0.7797,0.0953,0.0187,0.1922,1.3484,0.2411,none
degraded_instruct,healthy_q6,baseline,boundary,640,0.4484,0.3781,0.6713,0.7969,0.1,0.0219,0.2297,1.2656,0.2621,none
degraded_instruct,healthy_q6,baseline,coding,640,0.4344,0.3766,0.676,0.7781,0.1,0.0203,0.1719,1.1844,0.2695,none
degraded_instruct,healthy_q6,baseline,epistemic,640,0.4406,0.3969,0.6742,0.7672,0.0766,0.0,0.2047,1.0344,0.3058,none
degraded_instruct,healthy_q6,baseline,forensic,640,0.4344,0.3859,0.6616,0.7656,0.1016,0.0172,0.1906,1.1828,0.2776,none
degraded_instruct,healthy_q6,baseline,generalist,640,0.3875,0.3328,0.6653,0.7797,0.1062,0.0187,0.1844,1.1062,0.2271,none
degraded_instruct,healthy_q6,baseline,math,640,0.3984,0.3469,0.6643,0.7719,0.0828,0.0031,0.2375,1.3062,0.2371,none
degraded_instruct,healthy_q6,baseline,planning,640,0.4797,0.4219,0.6856,0.7625,0.0719,0.0047,0.1719,1.1172,0.3298,none
degraded_instruct,healthy_q6,baseline,rhetoric,640,0.4172,0.3641,0.6566,0.7609,0.1094,0.0031,0.2359,1.2375,0.2499,none
degraded_instruct,healthy_q6,baseline,spatial,640,0.4688,0.4156,0.6933,0.8031,0.0766,0.0078,0.1953,1.0984,0.3205,none
degraded_instruct,healthy_q6,cog_25_cyb_75,adversarial,640,0.9,0.6562,0.943,0.9891,0.0844,0.0953,0.2125,0.0703,0.5914,none
degraded_instruct,healthy_q6,cog_25_cyb_75,boundary,640,0.9094,0.6578,0.9466,0.9891,0.0781,0.1047,0.2281,0.0531,0.5925,none
degraded_instruct,healthy_q6,cog_25_cyb_75,coding,640,0.8297,0.625,0.8984,0.9719,0.0656,0.1078,0.1906,0.3094,0.553,none
degraded_instruct,healthy_q6,cog_25_cyb_75,epistemic,640,0.8313,0.6141,0.9124,0.9797,0.0578,0.0828,0.2469,0.2219,0.5493,none
degraded_instruct,healthy_q6,cog_25_cyb_75,forensic,640,0.8703,0.6453,0.9171,0.9859,0.0844,0.0891,0.2047,0.2016,0.5757,none
degraded_instruct,healthy_q6,cog_25_cyb_75,generalist,640,0.8,0.5797,0.8858,0.95,0.075,0.1125,0.2203,0.3,0.5021,none
degraded_instruct,healthy_q6,cog_25_cyb_75,math,640,0.7063,0.5375,0.8237,0.9109,0.0719,0.0859,0.225,0.6484,0.4483,none
degraded_instruct,healthy_q6,cog_25_cyb_75,planning,640,0.8156,0.6281,0.8846,0.9375,0.0703,0.1031,0.1766,0.3359,0.5555,none
degraded_instruct,healthy_q6,cog_25_cyb_75,rhetoric,640,0.8219,0.5906,0.8879,0.9672,0.0766,0.0844,0.2703,0.3125,0.5135,none
degraded_instruct,healthy_q6,cog_25_cyb_75,spatial,640,0.7859,0.6297,0.862,0.9297,0.0734,0.0766,0.1641,0.4453,0.557,none
degraded_instruct,healthy_q6,cog_25_str_75,adversarial,640,0.9375,0.7453,0.9582,0.9891,0.0484,0.025,0.1922,0.0578,0.7075,none
degraded_instruct,healthy_q6,cog_25_str_75,boundary,640,0.9406,0.7234,0.9571,0.9828,0.0406,0.0422,0.2078,0.0609,0.6831,none
degraded_instruct,healthy_q6,cog_25_str_75,coding,640,0.9344,0.7797,0.9636,0.9969,0.0516,0.0312,0.1469,0.0469,0.7439,none
degraded_instruct,healthy_q6,cog_25_str_75,epistemic,640,0.9156,0.7469,0.9563,0.9844,0.0547,0.0219,0.1844,0.0437,0.7092,none
degraded_instruct,healthy_q6,cog_25_str_75,forensic,640,0.9234,0.7531,0.956,0.9922,0.0625,0.0281,0.1875,0.0422,0.7116,none
degraded_instruct,healthy_q6,cog_25_str_75,generalist,640,0.9125,0.7469,0.9567,0.9922,0.0594,0.0281,0.1828,0.0437,0.7066,none
degraded_instruct,healthy_q6,cog_25_str_75,math,640,0.9344,0.7469,0.9593,0.9969,0.0469,0.0156,0.2219,0.05,0.7094,none
degraded_instruct,healthy_q6,cog_25_str_75,planning,640,0.9297,0.7844,0.9565,0.9875,0.0594,0.0219,0.1406,0.0563,0.7481,none
degraded_instruct,healthy_q6,cog_25_str_75,rhetoric,640,0.9359,0.7562,0.9585,0.9906,0.0516,0.0281,0.1875,0.0531,0.7175,none
degraded_instruct,healthy_q6,cog_25_str_75,spatial,640,0.9422,0.7812,0.9642,0.9938,0.0453,0.0187,0.1672,0.0422,0.7484,none
degraded_instruct,healthy_q6,cog_40_cyb_60,adversarial,640,0.8828,0.6625,0.9396,0.9906,0.0828,0.0938,0.2125,0.0906,0.5974,none
degraded_instruct,healthy_q6,cog_40_cyb_60,boundary,640,0.9234,0.6531,0.9501,0.9984,0.0625,0.0891,0.2625,0.0625,0.5924,none
degraded_instruct,healthy_q6,cog_40_cyb_60,coding,640,0.8281,0.6203,0.8952,0.9734,0.0734,0.1141,0.1984,0.3109,0.544,none
degraded_instruct,healthy_q6,cog_40_cyb_60,epistemic,640,0.8344,0.6453,0.9173,0.9906,0.075,0.075,0.2062,0.1891,0.5819,none
degraded_instruct,healthy_q6,cog_40_cyb_60,forensic,640,0.8688,0.6578,0.9132,0.9922,0.0703,0.0781,0.2062,0.2469,0.5923,none
degraded_instruct,healthy_q6,cog_40_cyb_60,generalist,640,0.8172,0.6344,0.9055,0.9688,0.0797,0.0859,0.1719,0.2344,0.5678,none
degraded_instruct,healthy_q6,cog_40_cyb_60,math,640,0.7188,0.5469,0.837,0.9375,0.0859,0.0875,0.2469,0.5719,0.4553,none
degraded_instruct,healthy_q6,cog_40_cyb_60,planning,640,0.8781,0.6859,0.9106,0.9766,0.0578,0.0813,0.1844,0.2703,0.6241,none
degraded_instruct,healthy_q6,cog_40_cyb_60,rhetoric,640,0.8219,0.6078,0.8952,0.9781,0.0766,0.0781,0.2375,0.3047,0.535,none
degraded_instruct,healthy_q6,cog_40_cyb_60,spatial,640,0.8,0.6188,0.8723,0.9422,0.0672,0.0875,0.1766,0.4094,0.5465,none
degraded_instruct,healthy_q6,cog_40_str_60,adversarial,640,0.9203,0.7422,0.9523,0.9875,0.0641,0.0359,0.1781,0.0656,0.6983,none
degraded_instruct,healthy_q6,cog_40_str_60,boundary,640,0.9219,0.7016,0.9497,0.9922,0.0656,0.0422,0.2266,0.0641,0.6521,none
degraded_instruct,healthy_q6,cog_40_str_60,coding,640,0.9281,0.7469,0.9582,0.9891,0.05,0.0391,0.1734,0.0547,0.7075,none
degraded_instruct,healthy_q6,cog_40_str_60,epistemic,640,0.9219,0.7031,0.9548,0.9984,0.0594,0.025,0.2328,0.0422,0.6596,none
degraded_instruct,healthy_q6,cog_40_str_60,forensic,640,0.9172,0.7562,0.9548,0.9922,0.0672,0.0281,0.1688,0.0484,0.7145,none
degraded_instruct,healthy_q6,cog_40_str_60,generalist,640,0.9344,0.7516,0.9619,0.9906,0.0391,0.0359,0.1828,0.0469,0.7157,none
degraded_instruct,healthy_q6,cog_40_str_60,math,640,0.9297,0.7,0.9555,0.9922,0.0484,0.0344,0.2453,0.0547,0.6562,none
degraded_instruct,healthy_q6,cog_40_str_60,planning,640,0.9344,0.7906,0.9591,0.9828,0.05,0.0234,0.1516,0.0531,0.7562,none
degraded_instruct,healthy_q6,cog_40_str_60,rhetoric,640,0.9266,0.7094,0.953,0.9938,0.0563,0.0266,0.2328,0.0578,0.6657,none
degraded_instruct,healthy_q6,cog_40_str_60,spatial,640,0.9156,0.7609,0.9581,0.9938,0.0719,0.0344,0.1391,0.0391,0.7194,none
degraded_instruct,healthy_q6,cog_50_cyb_50,adversarial,640,0.8672,0.6516,0.9293,0.9844,0.0875,0.0828,0.2281,0.1281,0.5841,none
degraded_instruct,healthy_q6,cog_50_cyb_50,boundary,640,0.8906,0.6375,0.9392,0.9891,0.0844,0.1,0.2328,0.0781,0.5697,none
degraded_instruct,healthy_q6,cog_50_cyb_50,coding,640,0.8203,0.6516,0.8913,0.9797,0.0672,0.075,0.1812,0.3563,0.5841,none
degraded_instruct,healthy_q6,cog_50_cyb_50,epistemic,640,0.8375,0.6375,0.9169,0.9953,0.0781,0.0625,0.2188,0.1906,0.5745,none
degraded_instruct,healthy_q6,cog_50_cyb_50,forensic,640,0.8469,0.6578,0.905,0.9938,0.0813,0.0828,0.1969,0.2734,0.5875,none
degraded_instruct,healthy_q6,cog_50_cyb_50,generalist,640,0.8109,0.6344,0.9055,0.9797,0.0703,0.0813,0.1953,0.2469,0.5691,none
degraded_instruct,healthy_q6,cog_50_cyb_50,math,640,0.7344,0.5687,0.8491,0.9469,0.0563,0.0656,0.2469,0.5687,0.4906,none
degraded_instruct,healthy_q6,cog_50_cyb_50,planning,640,0.8469,0.65,0.9001,0.9672,0.0734,0.0875,0.1969,0.2781,0.5808,none
degraded_instruct,healthy_q6,cog_50_cyb_50,rhetoric,640,0.8281,0.6172,0.8942,0.9859,0.0859,0.0672,0.2359,0.3016,0.544,none
degraded_instruct,healthy_q6,cog_50_cyb_50,spatial,640,0.8219,0.6281,0.883,0.9672,0.0719,0.0906,0.1984,0.3734,0.5539,none
degraded_instruct,healthy_q6,cog_50_str_50,adversarial,640,0.9328,0.7422,0.9581,0.9875,0.0484,0.0359,0.2,0.05,0.702,none
degraded_instruct,healthy_q6,cog_50_str_50,boundary,640,0.925,0.7422,0.955,0.9922,0.0641,0.0344,0.1859,0.0531,0.6986,none
degraded_instruct,healthy_q6,cog_50_str_50,coding,640,0.9297,0.7328,0.9576,0.9938,0.0547,0.0312,0.1906,0.0516,0.6923,none
degraded_instruct,healthy_q6,cog_50_str_50,epistemic,640,0.9062,0.7156,0.9498,0.9875,0.0625,0.0234,0.2109,0.0578,0.6724,none
degraded_instruct,healthy_q6,cog_50_str_50,forensic,640,0.9187,0.7344,0.9518,0.9906,0.0578,0.0359,0.1891,0.0688,0.6913,none
degraded_instruct,healthy_q6,cog_50_str_50,generalist,640,0.9141,0.7234,0.9544,0.9875,0.0563,0.0531,0.1859,0.0516,0.6785,none
degraded_instruct,healthy_q6,cog_50_str_50,math,640,0.925,0.7188,0.9544,0.9844,0.05,0.0359,0.2156,0.0609,0.6763,none
degraded_instruct,healthy_q6,cog_50_str_50,planning,640,0.9281,0.7797,0.957,0.9891,0.0594,0.0281,0.1484,0.05,0.7419,none
degraded_instruct,healthy_q6,cog_50_str_50,rhetoric,640,0.9219,0.7234,0.9523,0.9906,0.0578,0.0391,0.2109,0.0656,0.6781,none
degraded_instruct,healthy_q6,cog_50_str_50,spatial,640,0.9375,0.7391,0.9612,0.9938,0.0484,0.0391,0.1797,0.0484,0.6999,none
degraded_instruct,healthy_q6,cog_60_cyb_40,adversarial,640,0.8969,0.6766,0.9387,0.9938,0.0719,0.0969,0.2031,0.1281,0.613,none
degraded_instruct,healthy_q6,cog_60_cyb_40,boundary,640,0.9109,0.6469,0.9441,0.9906,0.0719,0.0969,0.2422,0.0734,0.5829,none
degraded_instruct,healthy_q6,cog_60_cyb_40,coding,640,0.7812,0.6047,0.8839,0.9844,0.0688,0.0938,0.1844,0.3766,0.5317,none
degraded_instruct,healthy_q6,cog_60_cyb_40,epistemic,640,0.8078,0.6438,0.9065,0.9844,0.0828,0.0609,0.2062,0.2281,0.5788,none
degraded_instruct,healthy_q6,cog_60_cyb_40,forensic,640,0.8641,0.6828,0.9059,0.9922,0.0797,0.0828,0.1703,0.2812,0.6147,none
degraded_instruct,healthy_q6,cog_60_cyb_40,generalist,640,0.8406,0.6375,0.9106,0.9875,0.0688,0.0953,0.1984,0.2344,0.5702,none
degraded_instruct,healthy_q6,cog_60_cyb_40,math,640,0.7516,0.5828,0.8604,0.9656,0.0797,0.0672,0.2297,0.5094,0.5016,none
degraded_instruct,healthy_q6,cog_60_cyb_40,planning,640,0.8906,0.725,0.9246,0.9875,0.05,0.0641,0.1672,0.2234,0.6726,none
degraded_instruct,healthy_q6,cog_60_cyb_40,rhetoric,640,0.8703,0.6391,0.9148,0.9938,0.0625,0.0766,0.2328,0.2453,0.5741,none
degraded_instruct,healthy_q6,cog_60_cyb_40,spatial,640,0.8234,0.6516,0.892,0.9844,0.075,0.0891,0.1656,0.3438,0.5808,none
degraded_instruct,healthy_q6,cog_60_str_40,adversarial,640,0.9047,0.7078,0.9468,0.9938,0.075,0.0547,0.2094,0.0719,0.654,none
degraded_instruct,healthy_q6,cog_60_str_40,boundary,640,0.9109,0.6891,0.9483,0.9891,0.0672,0.0547,0.2172,0.0656,0.6373,none
degraded_instruct,healthy_q6,cog_60_str_40,coding,640,0.9297,0.7469,0.9578,0.9844,0.0516,0.05,0.1625,0.0531,0.7057,none
degraded_instruct,healthy_q6,cog_60_str_40,epistemic,640,0.925,0.6859,0.9542,0.9875,0.0469,0.0359,0.2594,0.0437,0.6417,none
degraded_instruct,healthy_q6,cog_60_str_40,forensic,640,0.9156,0.7156,0.9516,0.9891,0.0578,0.0281,0.2234,0.0563,0.672,none
degraded_instruct,healthy_q6,cog_60_str_40,generalist,640,0.9313,0.7063,0.9588,0.9859,0.0453,0.0625,0.2109,0.0375,0.6614,none
degraded_instruct,healthy_q6,cog_60_str_40,math,640,0.9422,0.6969,0.9587,0.9906,0.0469,0.05,0.2469,0.0422,0.651,none
degraded_instruct,healthy_q6,cog_60_str_40,planning,640,0.9219,0.7281,0.9539,0.9906,0.0625,0.0406,0.1812,0.0531,0.6841,none
degraded_instruct,healthy_q6,cog_60_str_40,rhetoric,640,0.925,0.6844,0.9545,0.9891,0.0531,0.0547,0.2281,0.0516,0.6367,none
degraded_instruct,healthy_q6,cog_60_str_40,spatial,640,0.9297,0.7656,0.9547,0.9844,0.0531,0.0453,0.1516,0.0703,0.725,none
degraded_instruct,healthy_q6,cog_75_cyb_25,adversarial,640,0.8453,0.6344,0.9118,0.9828,0.0828,0.0719,0.2172,0.2422,0.5657,none
degraded_instruct,healthy_q6,cog_75_cyb_25,boundary,640,0.8547,0.6125,0.9168,0.9922,0.1094,0.0906,0.2578,0.1562,0.5331,none
degraded_instruct,healthy_q6,cog_75_cyb_25,coding,640,0.8031,0.6422,0.8841,0.9797,0.0703,0.0891,0.1688,0.3969,0.5699,none
degraded_instruct,healthy_q6,cog_75_cyb_25,epistemic,640,0.8281,0.6172,0.9055,0.9891,0.0719,0.0563,0.2344,0.2375,0.5537,none
degraded_instruct,healthy_q6,cog_75_cyb_25,forensic,640,0.8234,0.6547,0.8829,0.9859,0.0656,0.0734,0.1875,0.4062,0.585,none
degraded_instruct,healthy_q6,cog_75_cyb_25,generalist,640,0.8141,0.6359,0.9049,0.9844,0.0891,0.0859,0.1953,0.2281,0.565,none
degraded_instruct,healthy_q6,cog_75_cyb_25,math,640,0.7844,0.6016,0.8709,0.975,0.0688,0.0688,0.2422,0.4734,0.5241,none
degraded_instruct,healthy_q6,cog_75_cyb_25,planning,640,0.8719,0.6953,0.9183,0.9875,0.0875,0.0688,0.1766,0.1984,0.6313,none
degraded_instruct,healthy_q6,cog_75_cyb_25,rhetoric,640,0.8375,0.6453,0.8991,0.9844,0.0734,0.0625,0.2281,0.2984,0.5776,none
degraded_instruct,healthy_q6,cog_75_cyb_25,spatial,640,0.8203,0.6781,0.894,0.9906,0.0828,0.0625,0.1531,0.3422,0.6114,none
degraded_instruct,healthy_q6,cog_75_str_25,adversarial,640,0.9125,0.6844,0.9503,0.9891,0.0703,0.0563,0.2156,0.0547,0.632,none
degraded_instruct,healthy_q6,cog_75_str_25,boundary,640,0.9156,0.6875,0.9505,0.9891,0.0672,0.0578,0.2328,0.0484,0.6347,none
degraded_instruct,healthy_q6,cog_75_str_25,coding,640,0.9281,0.7,0.9548,0.9891,0.0531,0.0531,0.2172,0.0516,0.6535,none
degraded_instruct,healthy_q6,cog_75_str_25,epistemic,640,0.9094,0.7016,0.9481,0.9844,0.0563,0.025,0.2281,0.0641,0.6582,none
degraded_instruct,healthy_q6,cog_75_str_25,forensic,640,0.9109,0.7266,0.9469,0.9891,0.0594,0.0625,0.1703,0.0969,0.6778,none
degraded_instruct,healthy_q6,cog_75_str_25,generalist,640,0.9172,0.7109,0.9518,0.9875,0.0609,0.0563,0.2094,0.05,0.6622,none
degraded_instruct,healthy_q6,cog_75_str_25,math,640,0.9203,0.6719,0.9487,0.9891,0.0531,0.0594,0.2344,0.0875,0.6209,none
degraded_instruct,healthy_q6,cog_75_str_25,planning,640,0.9313,0.7688,0.9583,0.9875,0.0641,0.0266,0.1641,0.0344,0.7294,none
degraded_instruct,healthy_q6,cog_75_str_25,rhetoric,640,0.9078,0.6828,0.9472,0.9797,0.0563,0.05,0.2281,0.0734,0.634,none
degraded_instruct,healthy_q6,cog_75_str_25,spatial,640,0.9219,0.7562,0.959,0.9953,0.0656,0.0359,0.1656,0.0391,0.7142,none
degraded_instruct,healthy_q6,cognitive_only,adversarial,640,0.6578,0.5078,0.8091,0.9437,0.0891,0.0656,0.2094,0.7703,0.4127,none
degraded_instruct,healthy_q6,cognitive_only,boundary,640,0.6656,0.4953,0.8062,0.9328,0.0844,0.0656,0.2547,0.7328,0.3999,none
degraded_instruct,healthy_q6,cognitive_only,coding,640,0.7031,0.5406,0.8208,0.9406,0.0891,0.0609,0.2281,0.6266,0.4521,none
degraded_instruct,healthy_q6,cognitive_only,epistemic,640,0.7297,0.6109,0.8637,0.9922,0.1016,0.0312,0.1922,0.4094,0.5384,none
degraded_instruct,healthy_q6,cognitive_only,forensic,640,0.6578,0.5234,0.8014,0.95,0.0766,0.0547,0.2234,0.7312,0.4351,none
degraded_instruct,healthy_q6,cognitive_only,generalist,640,0.75,0.5828,0.8763,0.9922,0.0703,0.0563,0.225,0.3906,0.5129,none
degraded_instruct,healthy_q6,cognitive_only,math,640,0.6969,0.5547,0.8345,0.9609,0.0703,0.0422,0.2359,0.6375,0.4744,none
degraded_instruct,healthy_q6,cognitive_only,planning,640,0.7953,0.6453,0.8754,0.9906,0.075,0.0422,0.1906,0.4375,0.5773,none
degraded_instruct,healthy_q6,cognitive_only,rhetoric,640,0.7203,0.5891,0.8538,0.9844,0.1,0.0437,0.2094,0.5047,0.5083,none
degraded_instruct,healthy_q6,cognitive_only,spatial,640,0.7312,0.5922,0.8501,0.9781,0.0828,0.0672,0.1703,0.5391,0.5133,none
degraded_instruct,healthy_q6,cyb_25_str_75,adversarial,640,0.9219,0.7672,0.9557,0.9891,0.0625,0.0219,0.1578,0.0625,0.7283,none
degraded_instruct,healthy_q6,cyb_25_str_75,boundary,640,0.9391,0.7484,0.9618,0.9953,0.0531,0.0422,0.1844,0.0391,0.7074,none
degraded_instruct,healthy_q6,cyb_25_str_75,coding,640,0.925,0.7312,0.9566,0.9875,0.0531,0.0422,0.1875,0.0516,0.6893,none
degraded_instruct,healthy_q6,cyb_25_str_75,epistemic,640,0.9094,0.7422,0.9532,0.9891,0.0609,0.0266,0.1875,0.0547,0.7009,none
degraded_instruct,healthy_q6,cyb_25_str_75,forensic,640,0.9141,0.7422,0.954,0.9859,0.0734,0.0422,0.1688,0.0391,0.6963,none
degraded_instruct,healthy_q6,cyb_25_str_75,generalist,640,0.9203,0.7438,0.9569,0.9875,0.0563,0.0437,0.1703,0.0469,0.7022,none
degraded_instruct,healthy_q6,cyb_25_str_75,math,640,0.9297,0.7453,0.9573,0.9891,0.0578,0.0344,0.1922,0.0453,0.7035,none
degraded_instruct,healthy_q6,cyb_25_str_75,planning,640,0.9453,0.7797,0.9634,0.9875,0.0469,0.0187,0.1625,0.0375,0.747,none
degraded_instruct,healthy_q6,cyb_25_str_75,rhetoric,640,0.9187,0.7172,0.9544,0.9891,0.0609,0.0391,0.2016,0.05,0.6725,none
degraded_instruct,healthy_q6,cyb_25_str_75,spatial,640,0.9313,0.7797,0.9568,0.9922,0.0531,0.0312,0.1516,0.0719,0.7418,none
degraded_instruct,healthy_q6,cyb_40_str_60,adversarial,640,0.9219,0.7312,0.9546,0.9859,0.0609,0.0766,0.1766,0.0578,0.6806,none
degraded_instruct,healthy_q6,cyb_40_str_60,boundary,640,0.9266,0.7422,0.9553,0.9938,0.0563,0.0531,0.1766,0.0672,0.6972,none
degraded_instruct,healthy_q6,cyb_40_str_60,coding,640,0.9313,0.7328,0.9558,0.9859,0.0547,0.0656,0.1672,0.0578,0.687,none
degraded_instruct,healthy_q6,cyb_40_str_60,epistemic,640,0.9125,0.7344,0.9555,0.9938,0.0672,0.0406,0.175,0.0437,0.6899,none
degraded_instruct,healthy_q6,cyb_40_str_60,forensic,640,0.9359,0.7703,0.9641,0.9953,0.0531,0.0531,0.1531,0.0344,0.7298,none
degraded_instruct,healthy_q6,cyb_40_str_60,generalist,640,0.9031,0.7109,0.953,0.9797,0.0625,0.0437,0.1906,0.0406,0.6662,none
degraded_instruct,healthy_q6,cyb_40_str_60,math,640,0.9156,0.6906,0.9444,0.975,0.0531,0.0406,0.2469,0.0875,0.6424,none
degraded_instruct,healthy_q6,cyb_40_str_60,planning,640,0.9234,0.7641,0.9587,0.9891,0.0641,0.05,0.1359,0.0437,0.7218,none
degraded_instruct,healthy_q6,cyb_40_str_60,rhetoric,640,0.9266,0.7203,0.9562,0.9875,0.0563,0.0453,0.1984,0.05,0.676,none
degraded_instruct,healthy_q6,cyb_40_str_60,spatial,640,0.9078,0.7438,0.9523,0.9859,0.0656,0.0484,0.1547,0.0594,0.699,none
degraded_instruct,healthy_q6,cyb_50_str_50,adversarial,640,0.9219,0.7234,0.9542,0.9891,0.0609,0.0578,0.1984,0.0531,0.6751,none
degraded_instruct,healthy_q6,cyb_50_str_50,boundary,640,0.9234,0.7188,0.9582,0.9938,0.0625,0.075,0.1844,0.0375,0.6684,none
degraded_instruct,healthy_q6,cyb_50_str_50,coding,640,0.925,0.7063,0.9561,0.9875,0.0563,0.0672,0.1812,0.05,0.6589,none
degraded_instruct,healthy_q6,cyb_50_str_50,epistemic,640,0.9203,0.7547,0.9581,0.9938,0.0563,0.0437,0.1656,0.0453,0.7135,none
degraded_instruct,healthy_q6,cyb_50_str_50,forensic,640,0.9109,0.7,0.9491,0.9922,0.0719,0.0578,0.1875,0.0641,0.6487,none
degraded_instruct,healthy_q6,cyb_50_str_50,generalist,640,0.9062,0.7078,0.9486,0.9844,0.0688,0.0531,0.1953,0.0547,0.6582,none
degraded_instruct,healthy_q6,cyb_50_str_50,math,640,0.925,0.6937,0.9501,0.9719,0.0469,0.0609,0.2281,0.0703,0.6457,none
degraded_instruct,healthy_q6,cyb_50_str_50,planning,640,0.9297,0.7703,0.9574,0.9844,0.05,0.0563,0.1453,0.0594,0.7295,none
degraded_instruct,healthy_q6,cyb_50_str_50,rhetoric,640,0.9266,0.7516,0.9591,0.9797,0.0516,0.0609,0.1516,0.0484,0.7094,none
degraded_instruct,healthy_q6,cyb_50_str_50,spatial,640,0.9109,0.7328,0.9498,0.9812,0.0641,0.0547,0.1641,0.0641,0.6863,none
degraded_instruct,healthy_q6,cyb_60_str_40,adversarial,640,0.9266,0.7156,0.9527,0.9844,0.0594,0.075,0.1766,0.0672,0.6653,none
degraded_instruct,healthy_q6,cyb_60_str_40,boundary,640,0.9297,0.7344,0.9526,0.9859,0.0484,0.0578,0.1812,0.0813,0.6897,none
degraded_instruct,healthy_q6,cyb_60_str_40,coding,640,0.8984,0.7188,0.9449,0.9844,0.0781,0.0688,0.15,0.0797,0.6656,none
degraded_instruct,healthy_q6,cyb_60_str_40,epistemic,640,0.9297,0.7656,0.9627,0.9891,0.0437,0.0453,0.1609,0.0437,0.7284,none
degraded_instruct,healthy_q6,cyb_60_str_40,forensic,640,0.9266,0.6906,0.9579,0.9922,0.0578,0.0953,0.1812,0.05,0.6372,none
degraded_instruct,healthy_q6,cyb_60_str_40,generalist,640,0.9062,0.7016,0.9528,0.9734,0.0531,0.0766,0.1844,0.0484,0.6531,none
degraded_instruct,healthy_q6,cyb_60_str_40,math,640,0.8891,0.6594,0.9327,0.9344,0.0656,0.0703,0.2234,0.0891,0.6033,none
degraded_instruct,healthy_q6,cyb_60_str_40,planning,640,0.9375,0.7484,0.9593,0.9688,0.0453,0.0688,0.15,0.0406,0.7071,none
degraded_instruct,healthy_q6,cyb_60_str_40,rhetoric,640,0.9219,0.7469,0.9542,0.975,0.0516,0.0578,0.1594,0.0656,0.7038,none
degraded_instruct,healthy_q6,cyb_60_str_40,spatial,640,0.9047,0.7297,0.9473,0.9672,0.0641,0.0578,0.1609,0.0719,0.6824,none
degraded_instruct,healthy_q6,cyb_75_str_25,adversarial,640,0.9203,0.6828,0.9521,0.9938,0.0656,0.0969,0.2047,0.0531,0.6247,none
degraded_instruct,healthy_q6,cyb_75_str_25,boundary,640,0.9125,0.6359,0.9491,0.9984,0.0719,0.1156,0.2234,0.0578,0.5705,none
degraded_instruct,healthy_q6,cyb_75_str_25,coding,640,0.9172,0.6766,0.9521,0.9859,0.0625,0.1078,0.1781,0.0578,0.6191,none
degraded_instruct,healthy_q6,cyb_75_str_25,epistemic,640,0.9078,0.6937,0.9487,0.9719,0.0594,0.0797,0.2062,0.0563,0.6407,none
degraded_instruct,healthy_q6,cyb_75_str_25,forensic,640,0.9047,0.6781,0.9473,0.9891,0.0719,0.0953,0.1969,0.0672,0.6184,none
degraded_instruct,healthy_q6,cyb_75_str_25,generalist,640,0.8906,0.7203,0.9357,0.9453,0.0547,0.0734,0.1688,0.1047,0.6705,none
degraded_instruct,healthy_q6,cyb_75_str_25,math,640,0.8453,0.6344,0.9087,0.9047,0.0625,0.0656,0.2266,0.1938,0.5747,none
degraded_instruct,healthy_q6,cyb_75_str_25,planning,640,0.9125,0.7344,0.9435,0.9516,0.05,0.0594,0.1594,0.0891,0.6903,none
degraded_instruct,healthy_q6,cyb_75_str_25,rhetoric,640,0.9047,0.6953,0.9482,0.975,0.0594,0.0828,0.1812,0.0766,0.6426,none
degraded_instruct,healthy_q6,cyb_75_str_25,spatial,640,0.8797,0.7172,0.9233,0.925,0.0563,0.0578,0.1641,0.15,0.6681,none
degraded_instruct,healthy_q6,cyber_only,adversarial,640,0.8922,0.6547,0.9387,0.9922,0.0781,0.1062,0.2094,0.1125,0.5876,none
degraded_instruct,healthy_q6,cyber_only,boundary,640,0.9031,0.6484,0.9432,0.9922,0.0828,0.1031,0.2219,0.0703,0.5817,none
degraded_instruct,healthy_q6,cyber_only,coding,640,0.7031,0.5328,0.8283,0.8984,0.0938,0.1031,0.1844,0.5344,0.4426,none
degraded_instruct,healthy_q6,cyber_only,epistemic,640,0.7109,0.5437,0.8438,0.8906,0.075,0.0609,0.2266,0.4078,0.4705,none
degraded_instruct,healthy_q6,cyber_only,forensic,640,0.8156,0.6047,0.8887,0.9922,0.0891,0.0766,0.2234,0.3281,0.5284,none
degraded_instruct,healthy_q6,cyber_only,generalist,640,0.6281,0.4844,0.8033,0.8516,0.0875,0.0984,0.2,0.5594,0.3945,none
degraded_instruct,healthy_q6,cyber_only,math,640,0.5781,0.4469,0.7567,0.8203,0.0797,0.0844,0.2469,0.8672,0.343,none
degraded_instruct,healthy_q6,cyber_only,planning,640,0.6484,0.5328,0.7986,0.8391,0.0891,0.0844,0.1437,0.6141,0.447,none
degraded_instruct,healthy_q6,cyber_only,rhetoric,640,0.7016,0.5484,0.8226,0.9109,0.0891,0.0781,0.225,0.5672,0.4597,none
degraded_instruct,healthy_q6,cyber_only,spatial,640,0.6859,0.5469,0.8028,0.8688,0.0813,0.0797,0.1766,0.6359,0.4606,none
degraded_instruct,healthy_q6,structural_only,adversarial,640,0.9094,0.7203,0.9483,0.9797,0.075,0.0219,0.1953,0.0531,0.6752,none
degraded_instruct,healthy_q6,structural_only,boundary,640,0.9203,0.7672,0.9507,0.9844,0.0641,0.0141,0.1797,0.0688,0.7273,none
degraded_instruct,healthy_q6,structural_only,coding,640,0.9531,0.7937,0.9679,0.9953,0.0375,0.0125,0.1641,0.0391,0.7649,none
degraded_instruct,healthy_q6,structural_only,epistemic,640,0.9344,0.7656,0.9614,0.9906,0.05,0.0063,0.1875,0.0312,0.7328,none
degraded_instruct,healthy_q6,structural_only,forensic,640,0.9219,0.775,0.9567,0.9906,0.0656,0.0172,0.1625,0.0437,0.7367,none
degraded_instruct,healthy_q6,structural_only,generalist,640,0.9078,0.7562,0.9527,0.9859,0.0641,0.0156,0.1734,0.0547,0.7173,none
degraded_instruct,healthy_q6,structural_only,math,640,0.9469,0.7688,0.9613,0.9906,0.0375,0.0141,0.2,0.0563,0.7359,none
degraded_instruct,healthy_q6,structural_only,planning,640,0.9359,0.7812,0.9611,0.9906,0.0578,0.0141,0.1562,0.0359,0.7468,none
degraded_instruct,healthy_q6,structural_only,rhetoric,640,0.9016,0.7234,0.9467,0.9781,0.0766,0.0078,0.2016,0.0516,0.6802,none
degraded_instruct,healthy_q6,structural_only,spatial,640,0.9094,0.7312,0.9503,0.9891,0.0734,0.0203,0.1844,0.0563,0.6876,none
degraded_instruct,healthy_q6,tri_boundary_heavy,adversarial,640,0.9078,0.7125,0.9515,0.9812,0.0844,0.0844,0.1656,0.0344,0.6553,none
degraded_instruct,healthy_q6,tri_boundary_heavy,boundary,640,0.9016,0.6766,0.9482,0.9906,0.0813,0.0719,0.2031,0.0484,0.6191,none
degraded_instruct,healthy_q6,tri_boundary_heavy,coding,640,0.9141,0.7312,0.9565,0.9875,0.0625,0.0672,0.1609,0.0453,0.6839,none
degraded_instruct,healthy_q6,tri_boundary_heavy,epistemic,640,0.9281,0.7094,0.9562,0.9922,0.0531,0.0437,0.2031,0.0516,0.6659,none
degraded_instruct,healthy_q6,tri_boundary_heavy,forensic,640,0.9266,0.7297,0.9586,0.9938,0.0594,0.0703,0.1875,0.0391,0.6809,none
degraded_instruct,healthy_q6,tri_boundary_heavy,generalist,640,0.9109,0.7047,0.9547,0.9875,0.0563,0.0875,0.1719,0.0531,0.6539,none
degraded_instruct,healthy_q6,tri_boundary_heavy,math,640,0.9234,0.7,0.9561,0.9906,0.0516,0.0609,0.2172,0.0531,0.6523,none
degraded_instruct,healthy_q6,tri_boundary_heavy,planning,640,0.9234,0.7484,0.9578,0.9969,0.0594,0.0563,0.15,0.05,0.7049,none
degraded_instruct,healthy_q6,tri_boundary_heavy,rhetoric,640,0.9203,0.6969,0.9541,0.9891,0.0656,0.0688,0.1922,0.0484,0.6456,none
degraded_instruct,healthy_q6,tri_boundary_heavy,spatial,640,0.9313,0.7297,0.9588,0.9891,0.0578,0.0531,0.1766,0.0422,0.6855,none
degraded_instruct,healthy_q6,tri_cognitive_bridge,adversarial,640,0.9,0.7281,0.9484,0.9891,0.0875,0.0531,0.1672,0.0516,0.6753,none
degraded_instruct,healthy_q6,tri_cognitive_bridge,boundary,640,0.9,0.7016,0.9482,0.9906,0.075,0.0578,0.1953,0.0609,0.6488,none
degraded_instruct,healthy_q6,tri_cognitive_bridge,coding,640,0.9313,0.7422,0.9586,0.9906,0.0594,0.0703,0.1562,0.0437,0.6956,none
degraded_instruct,healthy_q6,tri_cognitive_bridge,epistemic,640,0.925,0.7297,0.9595,0.9938,0.0547,0.0312,0.2016,0.0359,0.6891,none
degraded_instruct,healthy_q6,tri_cognitive_bridge,forensic,640,0.9266,0.7328,0.9564,0.9922,0.0625,0.05,0.1844,0.0453,0.687,none
degraded_instruct,healthy_q6,tri_cognitive_bridge,generalist,640,0.9219,0.7234,0.9589,0.9906,0.0547,0.0781,0.1734,0.0391,0.6756,none
degraded_instruct,healthy_q6,tri_cognitive_bridge,math,640,0.9375,0.6969,0.958,0.9953,0.0516,0.0656,0.2313,0.0484,0.6474,none
degraded_instruct,healthy_q6,tri_cognitive_bridge,planning,640,0.9172,0.7375,0.9538,0.9938,0.0547,0.0547,0.1844,0.0656,0.6921,none
degraded_instruct,healthy_q6,tri_cognitive_bridge,rhetoric,640,0.9281,0.7203,0.955,0.9969,0.0641,0.0437,0.2156,0.0469,0.6728,none
degraded_instruct,healthy_q6,tri_cognitive_bridge,spatial,640,0.9359,0.7734,0.9626,0.9859,0.0484,0.0563,0.1422,0.0422,0.7342,none
degraded_instruct,healthy_q6,tri_cognitive_heavy,adversarial,640,0.9281,0.7047,0.9543,0.9891,0.0594,0.0672,0.1938,0.0578,0.655,none
degraded_instruct,healthy_q6,tri_cognitive_heavy,boundary,640,0.9266,0.675,0.9533,0.9875,0.0516,0.0844,0.2313,0.0547,0.6214,none
degraded_instruct,healthy_q6,tri_cognitive_heavy,coding,640,0.95,0.7266,0.9635,0.9891,0.0312,0.0781,0.1812,0.0531,0.6844,none
degraded_instruct,healthy_q6,tri_cognitive_heavy,epistemic,640,0.9219,0.7234,0.9575,0.9844,0.0563,0.0531,0.1891,0.0375,0.6789,none
degraded_instruct,healthy_q6,tri_cognitive_heavy,forensic,640,0.9156,0.7328,0.9502,0.9859,0.0625,0.0375,0.2031,0.0625,0.6872,none
degraded_instruct,healthy_q6,tri_cognitive_heavy,generalist,640,0.9094,0.6984,0.9555,0.9891,0.0594,0.0656,0.2062,0.0359,0.6492,none
degraded_instruct,healthy_q6,tri_cognitive_heavy,math,640,0.9266,0.6984,0.9581,0.9938,0.0547,0.0656,0.2281,0.0406,0.6486,none
degraded_instruct,healthy_q6,tri_cognitive_heavy,planning,640,0.9219,0.7516,0.9572,0.9922,0.0563,0.0437,0.1594,0.0531,0.7105,none
degraded_instruct,healthy_q6,tri_cognitive_heavy,rhetoric,640,0.9078,0.6891,0.9509,0.9891,0.0672,0.0641,0.2125,0.0547,0.6364,none
degraded_instruct,healthy_q6,tri_cognitive_heavy,spatial,640,0.9094,0.7297,0.9537,0.9922,0.0734,0.0609,0.1594,0.0453,0.6805,none
degraded_instruct,healthy_q6,tri_cyber_heavy,adversarial,640,0.9156,0.7,0.9526,0.9906,0.0719,0.1016,0.1625,0.0547,0.6424,none
degraded_instruct,healthy_q6,tri_cyber_heavy,boundary,640,0.9156,0.6547,0.9488,0.9875,0.0609,0.0906,0.2172,0.0672,0.5975,none
degraded_instruct,healthy_q6,tri_cyber_heavy,coding,640,0.9234,0.7328,0.9574,0.9875,0.0594,0.0844,0.1359,0.0578,0.6844,none
degraded_instruct,healthy_q6,tri_cyber_heavy,epistemic,640,0.9047,0.6703,0.9528,0.9906,0.0703,0.0859,0.1938,0.0406,0.6145,none
degraded_instruct,healthy_q6,tri_cyber_heavy,forensic,640,0.9297,0.6891,0.9586,0.9984,0.0641,0.0969,0.1812,0.0437,0.6338,none
degraded_instruct,healthy_q6,tri_cyber_heavy,generalist,640,0.925,0.6891,0.9551,0.9844,0.05,0.1,0.1922,0.05,0.6362,none
degraded_instruct,healthy_q6,tri_cyber_heavy,math,640,0.9234,0.6656,0.9536,0.9891,0.0484,0.0953,0.2281,0.0656,0.6105,none
degraded_instruct,healthy_q6,tri_cyber_heavy,planning,640,0.9234,0.7219,0.9559,0.9891,0.0625,0.0844,0.1625,0.0406,0.6712,none
degraded_instruct,healthy_q6,tri_cyber_heavy,rhetoric,640,0.9266,0.7188,0.9573,0.9875,0.0484,0.0781,0.1859,0.0578,0.6708,none
degraded_instruct,healthy_q6,tri_cyber_heavy,spatial,640,0.9031,0.7047,0.952,0.9875,0.0641,0.0875,0.1516,0.0625,0.6527,none
degraded_instruct,healthy_q6,tri_equal_routed,adversarial,640,0.9,0.6797,0.9502,0.9906,0.0906,0.0844,0.1891,0.0312,0.6189,none
degraded_instruct,healthy_q6,tri_equal_routed,boundary,640,0.9141,0.6703,0.9522,0.9938,0.0719,0.1,0.2141,0.0406,0.6096,none
degraded_instruct,healthy_q6,tri_equal_routed,coding,640,0.9109,0.7375,0.9528,0.9922,0.0688,0.0672,0.1641,0.0578,0.6874,none
degraded_instruct,healthy_q6,tri_equal_routed,epistemic,640,0.9078,0.6719,0.9535,0.9938,0.0594,0.075,0.2281,0.0422,0.6187,none
degraded_instruct,healthy_q6,tri_equal_routed,forensic,640,0.9266,0.7188,0.9545,0.9875,0.0625,0.0734,0.1859,0.0516,0.6679,none
degraded_instruct,healthy_q6,tri_equal_routed,generalist,640,0.9141,0.6984,0.9518,0.9859,0.0516,0.0813,0.1875,0.0672,0.6484,none
degraded_instruct,healthy_q6,tri_equal_routed,math,640,0.9156,0.6781,0.9508,0.9906,0.0594,0.0672,0.2359,0.0594,0.625,none
degraded_instruct,healthy_q6,tri_equal_routed,planning,640,0.925,0.7203,0.9562,0.9844,0.0484,0.0625,0.1938,0.0516,0.6752,none
degraded_instruct,healthy_q6,tri_equal_routed,rhetoric,640,0.9078,0.7,0.9495,0.9875,0.0688,0.0594,0.2016,0.0594,0.6484,none
degraded_instruct,healthy_q6,tri_equal_routed,spatial,640,0.9328,0.7484,0.9614,0.9859,0.0547,0.0688,0.15,0.0406,0.7042,none
degraded_instruct,healthy_q6,tri_naive_equal_all_fire,adversarial,640,0.8734,0.4609,0.9104,0.9922,0.0844,0.3547,0.25,0.0609,0.3416,none
degraded_instruct,healthy_q6,tri_naive_equal_all_fire,boundary,640,0.8812,0.4375,0.9063,0.9953,0.1031,0.3547,0.2859,0.0437,0.3106,none
degraded_instruct,healthy_q6,tri_naive_equal_all_fire,coding,640,0.9031,0.5031,0.9218,0.9938,0.0797,0.3,0.2375,0.0391,0.3983,none
degraded_instruct,healthy_q6,tri_naive_equal_all_fire,epistemic,640,0.9031,0.5172,0.927,0.9891,0.0656,0.2812,0.2562,0.0422,0.4186,none
degraded_instruct,healthy_q6,tri_naive_equal_all_fire,forensic,640,0.9109,0.5422,0.9261,0.9891,0.0656,0.3109,0.2062,0.0563,0.441,none
degraded_instruct,healthy_q6,tri_naive_equal_all_fire,generalist,640,0.8688,0.4578,0.912,0.9969,0.0969,0.3531,0.2313,0.0391,0.3377,none
degraded_instruct,healthy_q6,tri_naive_equal_all_fire,math,640,0.8875,0.4469,0.9185,0.9906,0.0813,0.3094,0.2875,0.0484,0.3352,none
degraded_instruct,healthy_q6,tri_naive_equal_all_fire,planning,640,0.8953,0.5156,0.918,0.9859,0.0844,0.3109,0.2172,0.0437,0.4086,none
degraded_instruct,healthy_q6,tri_naive_equal_all_fire,rhetoric,640,0.8812,0.475,0.916,0.9922,0.0906,0.3328,0.2859,0.0391,0.3564,none
degraded_instruct,healthy_q6,tri_naive_equal_all_fire,spatial,640,0.8641,0.5188,0.9159,0.9828,0.1016,0.2891,0.2094,0.0547,0.411,none
degraded_instruct,healthy_q6,tri_naive_structural_heavy_all_fire,adversarial,640,0.9016,0.5109,0.9211,0.9922,0.0734,0.3063,0.2297,0.0516,0.4067,none
degraded_instruct,healthy_q6,tri_naive_structural_heavy_all_fire,boundary,640,0.875,0.475,0.9129,0.9812,0.0813,0.325,0.2578,0.0484,0.3626,none
degraded_instruct,healthy_q6,tri_naive_structural_heavy_all_fire,coding,640,0.9047,0.5078,0.9251,0.9953,0.0625,0.3172,0.2062,0.05,0.4066,none
degraded_instruct,healthy_q6,tri_naive_structural_heavy_all_fire,epistemic,640,0.8906,0.4938,0.922,0.9891,0.0734,0.3125,0.2391,0.0469,0.3878,none
degraded_instruct,healthy_q6,tri_naive_structural_heavy_all_fire,forensic,640,0.8922,0.4906,0.9212,0.9922,0.0844,0.3234,0.2266,0.0437,0.3803,none
degraded_instruct,healthy_q6,tri_naive_structural_heavy_all_fire,generalist,640,0.8812,0.4875,0.9184,0.9938,0.0734,0.3016,0.2609,0.0469,0.3819,none
degraded_instruct,healthy_q6,tri_naive_structural_heavy_all_fire,math,640,0.9031,0.4906,0.9203,0.9906,0.0766,0.2953,0.275,0.0578,0.3837,none
degraded_instruct,healthy_q6,tri_naive_structural_heavy_all_fire,planning,640,0.8984,0.4953,0.9229,0.9922,0.0703,0.2953,0.2094,0.0469,0.3961,none
degraded_instruct,healthy_q6,tri_naive_structural_heavy_all_fire,rhetoric,640,0.8953,0.4813,0.9227,0.9922,0.0813,0.3266,0.2328,0.0391,0.371,none
degraded_instruct,healthy_q6,tri_naive_structural_heavy_all_fire,spatial,640,0.8969,0.5078,0.925,0.9984,0.0781,0.3031,0.2266,0.0484,0.4032,none
degraded_instruct,healthy_q6,tri_structural_heavy_55,adversarial,640,0.9437,0.7609,0.9661,0.9953,0.0422,0.0641,0.1516,0.0406,0.7213,none
degraded_instruct,healthy_q6,tri_structural_heavy_55,boundary,640,0.9203,0.7109,0.9527,0.9953,0.0594,0.0688,0.1953,0.0688,0.6603,none
degraded_instruct,healthy_q6,tri_structural_heavy_55,coding,640,0.9203,0.7219,0.9533,0.9922,0.0641,0.0391,0.1844,0.0609,0.677,none
degraded_instruct,healthy_q6,tri_structural_heavy_55,epistemic,640,0.9172,0.6906,0.9516,0.9922,0.0547,0.05,0.2297,0.0578,0.643,none
degraded_instruct,healthy_q6,tri_structural_heavy_55,forensic,640,0.9281,0.7625,0.9616,0.9891,0.0531,0.0516,0.1656,0.0375,0.7211,none
degraded_instruct,healthy_q6,tri_structural_heavy_55,generalist,640,0.9141,0.7297,0.9557,0.9875,0.0469,0.0609,0.1672,0.0641,0.6869,none
degraded_instruct,healthy_q6,tri_structural_heavy_55,math,640,0.9344,0.7078,0.9566,0.9922,0.0469,0.0656,0.2281,0.0578,0.6595,none
degraded_instruct,healthy_q6,tri_structural_heavy_55,planning,640,0.9375,0.7891,0.9656,0.9922,0.0516,0.0391,0.1266,0.0328,0.754,none
degraded_instruct,healthy_q6,tri_structural_heavy_55,rhetoric,640,0.9187,0.7125,0.9494,0.9875,0.0625,0.0375,0.2156,0.0672,0.6656,none
degraded_instruct,healthy_q6,tri_structural_heavy_55,spatial,640,0.925,0.7516,0.9587,0.9938,0.0563,0.0516,0.15,0.0547,0.7096,none
degraded_instruct,healthy_q6,tri_structural_heavy_60,adversarial,640,0.9328,0.7375,0.9585,0.9938,0.0531,0.0594,0.1688,0.0609,0.6931,none
degraded_instruct,healthy_q6,tri_structural_heavy_60,boundary,640,0.9234,0.7141,0.9525,0.9828,0.0672,0.0656,0.1766,0.0516,0.6641,none
degraded_instruct,healthy_q6,tri_structural_heavy_60,coding,640,0.9359,0.7453,0.9588,0.9891,0.05,0.05,0.1719,0.0516,0.704,none
degraded_instruct,healthy_q6,tri_structural_heavy_60,epistemic,640,0.9156,0.725,0.957,0.9938,0.0547,0.0422,0.1969,0.0469,0.6821,none
degraded_instruct,healthy_q6,tri_structural_heavy_60,forensic,640,0.9453,0.75,0.9641,0.9953,0.0406,0.0547,0.1812,0.0437,0.7102,none
degraded_instruct,healthy_q6,tri_structural_heavy_60,generalist,640,0.9328,0.7297,0.9595,0.9844,0.05,0.0563,0.1953,0.0312,0.6863,none
degraded_instruct,healthy_q6,tri_structural_heavy_60,math,640,0.9422,0.7031,0.9565,0.9922,0.0453,0.0469,0.2359,0.0609,0.6582,none
degraded_instruct,healthy_q6,tri_structural_heavy_60,planning,640,0.9375,0.7531,0.9601,0.9906,0.0516,0.0531,0.1594,0.0484,0.7119,none
degraded_instruct,healthy_q6,tri_structural_heavy_60,rhetoric,640,0.9313,0.725,0.9579,0.9953,0.0547,0.0547,0.1844,0.0563,0.6801,none
degraded_instruct,healthy_q6,tri_structural_heavy_60,spatial,640,0.9313,0.7562,0.9622,0.9891,0.05,0.05,0.1453,0.0453,0.7174,none
degraded_instruct,healthy_q6,tri_structural_heavy_65,adversarial,640,0.9094,0.7234,0.9507,0.9953,0.0797,0.0547,0.1828,0.0547,0.6712,none
degraded_instruct,healthy_q6,tri_structural_heavy_65,boundary,640,0.9187,0.6953,0.9514,0.9906,0.0781,0.0516,0.2109,0.0359,0.6429,none
degraded_instruct,healthy_q6,tri_structural_heavy_65,coding,640,0.9344,0.7562,0.9595,0.9906,0.05,0.0391,0.1641,0.0531,0.7177,none
degraded_instruct,healthy_q6,tri_structural_heavy_65,epistemic,640,0.9281,0.7375,0.9591,0.9891,0.0531,0.0391,0.1922,0.0391,0.6964,none
degraded_instruct,healthy_q6,tri_structural_heavy_65,forensic,640,0.925,0.7375,0.9561,0.9875,0.0578,0.0469,0.1719,0.05,0.6945,none
degraded_instruct,healthy_q6,tri_structural_heavy_65,generalist,640,0.9156,0.7094,0.9532,0.9844,0.0672,0.0594,0.2062,0.0328,0.6592,none
degraded_instruct,healthy_q6,tri_structural_heavy_65,math,640,0.9281,0.7047,0.9551,0.9859,0.05,0.0453,0.2266,0.0531,0.6598,none
degraded_instruct,healthy_q6,tri_structural_heavy_65,planning,640,0.9516,0.7797,0.9661,0.9891,0.0344,0.0516,0.1484,0.0453,0.7449,none
degraded_instruct,healthy_q6,tri_structural_heavy_65,rhetoric,640,0.9313,0.7312,0.9613,0.9906,0.0516,0.0594,0.1766,0.0406,0.6877,none
degraded_instruct,healthy_q6,tri_structural_heavy_65,spatial,640,0.95,0.7734,0.9662,0.9891,0.0344,0.0469,0.1531,0.0469,0.7392,none
degraded_instruct,healthy_q8,baseline,adversarial,640,0.5813,0.4891,0.7615,0.8469,0.0844,0.0172,0.1781,0.9313,0.3995,none
degraded_instruct,healthy_q8,baseline,boundary,640,0.5969,0.5109,0.7715,0.8375,0.0594,0.0125,0.1688,0.8641,0.4339,none
degraded_instruct,healthy_q8,baseline,coding,640,0.6188,0.5406,0.7807,0.8547,0.0359,0.0172,0.1594,0.8484,0.4712,none
degraded_instruct,healthy_q8,baseline,epistemic,640,0.5922,0.5281,0.7802,0.8641,0.0516,0.0,0.1625,0.7172,0.4638,none
degraded_instruct,healthy_q8,baseline,forensic,640,0.6156,0.5531,0.7641,0.8516,0.0766,0.0063,0.1516,0.8219,0.4757,none
degraded_instruct,healthy_q8,baseline,generalist,640,0.5672,0.4891,0.7833,0.8531,0.0391,0.0344,0.1609,0.7328,0.421,none
degraded_instruct,healthy_q8,baseline,math,640,0.5875,0.5078,0.7716,0.8594,0.0453,0.0094,0.1766,0.9109,0.4327,none
degraded_instruct,healthy_q8,baseline,planning,640,0.6344,0.5656,0.7749,0.8406,0.0484,0.0078,0.1344,0.8141,0.4981,none
degraded_instruct,healthy_q8,baseline,rhetoric,640,0.6078,0.5359,0.7659,0.8516,0.0391,0.0063,0.1625,0.9094,0.4645,none
degraded_instruct,healthy_q8,baseline,spatial,640,0.6484,0.5906,0.791,0.8641,0.0484,0.0094,0.1266,0.7609,0.526,none
degraded_instruct,healthy_q8,cog_25_cyb_75,adversarial,640,0.9516,0.7172,0.9641,0.9969,0.0344,0.1047,0.175,0.0578,0.669,none
degraded_instruct,healthy_q8,cog_25_cyb_75,boundary,640,0.9313,0.7047,0.9608,0.9906,0.0563,0.1047,0.1656,0.0344,0.6519,none
degraded_instruct,healthy_q8,cog_25_cyb_75,coding,640,0.9406,0.7234,0.9575,0.9906,0.0422,0.1062,0.1625,0.0781,0.6726,none
degraded_instruct,healthy_q8,cog_25_cyb_75,epistemic,640,0.9031,0.6969,0.9447,0.9859,0.0406,0.0578,0.2328,0.0984,0.6496,none
degraded_instruct,healthy_q8,cog_25_cyb_75,forensic,640,0.9359,0.7078,0.9604,0.9891,0.0437,0.1094,0.1578,0.0641,0.657,none
degraded_instruct,healthy_q8,cog_25_cyb_75,generalist,640,0.9297,0.7375,0.9562,0.9938,0.0344,0.0906,0.1672,0.0906,0.6912,none
degraded_instruct,healthy_q8,cog_25_cyb_75,math,640,0.8438,0.6078,0.905,0.9703,0.0609,0.1078,0.2234,0.2969,0.5352,none
degraded_instruct,healthy_q8,cog_25_cyb_75,planning,640,0.9281,0.7234,0.9519,0.9859,0.0469,0.1062,0.1469,0.0938,0.6717,none
degraded_instruct,healthy_q8,cog_25_cyb_75,rhetoric,640,0.9062,0.6813,0.9438,0.9891,0.0641,0.0875,0.1953,0.1031,0.6238,none
degraded_instruct,healthy_q8,cog_25_cyb_75,spatial,640,0.9125,0.7281,0.9337,0.9844,0.0422,0.0859,0.15,0.1969,0.6764,none
degraded_instruct,healthy_q8,cog_25_str_75,adversarial,640,0.9359,0.7953,0.9602,0.9891,0.05,0.0187,0.1547,0.0578,0.7613,none
degraded_instruct,healthy_q8,cog_25_str_75,boundary,640,0.9422,0.7906,0.9599,0.9906,0.0516,0.0344,0.1453,0.0609,0.7536,none
degraded_instruct,healthy_q8,cog_25_str_75,coding,640,0.9578,0.8266,0.9689,0.9906,0.0234,0.0203,0.1313,0.0625,0.8018,none
degraded_instruct,healthy_q8,cog_25_str_75,epistemic,640,0.9406,0.8016,0.9656,0.9922,0.0328,0.0094,0.1656,0.0437,0.7744,none
degraded_instruct,healthy_q8,cog_25_str_75,forensic,640,0.9281,0.8016,0.9612,0.9953,0.05,0.0266,0.1281,0.0609,0.768,none
degraded_instruct,healthy_q8,cog_25_str_75,generalist,640,0.925,0.7828,0.9613,0.9922,0.0406,0.0266,0.1375,0.0641,0.7511,none
degraded_instruct,healthy_q8,cog_25_str_75,math,640,0.9641,0.7719,0.9679,0.9938,0.0234,0.0187,0.1984,0.0516,0.7426,none
degraded_instruct,healthy_q8,cog_25_str_75,planning,640,0.9469,0.7937,0.9623,0.9859,0.0406,0.0281,0.1531,0.0547,0.761,none
degraded_instruct,healthy_q8,cog_25_str_75,rhetoric,640,0.925,0.7734,0.9569,0.9906,0.0469,0.0203,0.1625,0.075,0.7386,none
degraded_instruct,healthy_q8,cog_25_str_75,spatial,640,0.9641,0.8219,0.9707,0.9922,0.0266,0.0234,0.1359,0.0516,0.7958,none
degraded_instruct,healthy_q8,cog_40_cyb_60,adversarial,640,0.9156,0.7172,0.9507,0.9875,0.0672,0.1,0.1609,0.0734,0.6605,none
degraded_instruct,healthy_q8,cog_40_cyb_60,boundary,640,0.9375,0.675,0.9581,0.9938,0.05,0.1094,0.2031,0.0469,0.6195,none
degraded_instruct,healthy_q8,cog_40_cyb_60,coding,640,0.9266,0.7266,0.9508,0.9891,0.0531,0.0719,0.1625,0.0922,0.6786,none
degraded_instruct,healthy_q8,cog_40_cyb_60,epistemic,640,0.9,0.6672,0.9417,0.9859,0.0484,0.0859,0.1953,0.1234,0.6137,none
degraded_instruct,healthy_q8,cog_40_cyb_60,forensic,640,0.9219,0.7172,0.9511,0.9891,0.0484,0.0984,0.1734,0.0953,0.6643,none
degraded_instruct,healthy_q8,cog_40_cyb_60,generalist,640,0.9125,0.6828,0.9456,0.9859,0.0516,0.0906,0.2047,0.0922,0.6282,none
degraded_instruct,healthy_q8,cog_40_cyb_60,math,640,0.8688,0.6547,0.9189,0.9797,0.0406,0.0672,0.2313,0.2625,0.5974,none
degraded_instruct,healthy_q8,cog_40_cyb_60,planning,640,0.9281,0.7094,0.9512,0.9938,0.0422,0.0969,0.1609,0.1062,0.6592,none
degraded_instruct,healthy_q8,cog_40_cyb_60,rhetoric,640,0.9187,0.7016,0.946,0.9875,0.0453,0.0938,0.1828,0.1266,0.6483,none
degraded_instruct,healthy_q8,cog_40_cyb_60,spatial,640,0.9141,0.7219,0.9453,0.9938,0.0406,0.0688,0.1766,0.1422,0.6747,none
degraded_instruct,healthy_q8,cog_40_str_60,adversarial,640,0.9516,0.8031,0.9686,0.9906,0.0359,0.0391,0.1359,0.0453,0.7714,none
degraded_instruct,healthy_q8,cog_40_str_60,boundary,640,0.9344,0.7797,0.9622,0.9875,0.0484,0.0391,0.1469,0.0484,0.7432,none
degraded_instruct,healthy_q8,cog_40_str_60,coding,640,0.95,0.8094,0.9667,0.9922,0.0406,0.0266,0.1453,0.0422,0.7781,none
degraded_instruct,healthy_q8,cog_40_str_60,epistemic,640,0.9422,0.7969,0.9651,0.9938,0.0328,0.0141,0.1531,0.0563,0.7692,none
degraded_instruct,healthy_q8,cog_40_str_60,forensic,640,0.9516,0.7875,0.9655,0.9922,0.0359,0.0281,0.1516,0.0516,0.7564,none
degraded_instruct,healthy_q8,cog_40_str_60,generalist,640,0.9391,0.7797,0.9649,0.9922,0.0406,0.0281,0.1641,0.0391,0.7468,none
degraded_instruct,healthy_q8,cog_40_str_60,math,640,0.9563,0.7781,0.9672,0.9891,0.0312,0.025,0.1781,0.0453,0.7472,none
degraded_instruct,healthy_q8,cog_40_str_60,planning,640,0.9375,0.8109,0.9648,0.9891,0.0453,0.0219,0.125,0.0437,0.7808,none
degraded_instruct,healthy_q8,cog_40_str_60,rhetoric,640,0.9453,0.75,0.963,0.9922,0.0375,0.0266,0.2031,0.0469,0.7148,none
degraded_instruct,healthy_q8,cog_40_str_60,spatial,640,0.9594,0.8031,0.9669,0.9922,0.0266,0.0281,0.1516,0.0594,0.7744,none
degraded_instruct,healthy_q8,cog_50_cyb_50,adversarial,640,0.9313,0.6953,0.9545,0.9906,0.05,0.0938,0.1938,0.0719,0.6425,none
degraded_instruct,healthy_q8,cog_50_cyb_50,boundary,640,0.925,0.6844,0.9565,0.9859,0.0422,0.1047,0.1953,0.0641,0.632,none
degraded_instruct,healthy_q8,cog_50_cyb_50,coding,640,0.925,0.6922,0.9494,0.9906,0.0406,0.1,0.1828,0.1094,0.6399,none
degraded_instruct,healthy_q8,cog_50_cyb_50,epistemic,640,0.9125,0.7375,0.9545,0.9938,0.0375,0.0516,0.1844,0.0844,0.697,none
degraded_instruct,healthy_q8,cog_50_cyb_50,forensic,640,0.9141,0.6922,0.9459,0.9906,0.0578,0.0828,0.1938,0.1047,0.6375,none
degraded_instruct,healthy_q8,cog_50_cyb_50,generalist,640,0.9109,0.7031,0.9524,0.9922,0.0484,0.0891,0.175,0.0781,0.6529,none
degraded_instruct,healthy_q8,cog_50_cyb_50,math,640,0.8891,0.6859,0.9222,0.9859,0.05,0.0672,0.2094,0.2547,0.628,none
degraded_instruct,healthy_q8,cog_50_cyb_50,planning,640,0.9469,0.7578,0.9595,0.9891,0.0406,0.0813,0.1359,0.075,0.7147,none
degraded_instruct,healthy_q8,cog_50_cyb_50,rhetoric,640,0.9234,0.7,0.9519,0.9922,0.0516,0.0844,0.1953,0.0859,0.6477,none
degraded_instruct,healthy_q8,cog_50_cyb_50,spatial,640,0.9062,0.7156,0.9372,0.9891,0.05,0.0781,0.1625,0.1641,0.6638,none
degraded_instruct,healthy_q8,cog_50_str_50,adversarial,640,0.9375,0.7766,0.9654,0.9922,0.0469,0.0578,0.1375,0.0406,0.7379,none
degraded_instruct,healthy_q8,cog_50_str_50,boundary,640,0.9313,0.7594,0.9614,0.9875,0.0531,0.0469,0.1656,0.0391,0.7189,none
degraded_instruct,healthy_q8,cog_50_str_50,coding,640,0.9531,0.8016,0.968,0.9906,0.0391,0.0328,0.1453,0.0375,0.7698,none
degraded_instruct,healthy_q8,cog_50_str_50,epistemic,640,0.9187,0.7547,0.9587,0.9906,0.0484,0.0187,0.1812,0.0484,0.7195,none
degraded_instruct,healthy_q8,cog_50_str_50,forensic,640,0.9516,0.7906,0.9693,0.9953,0.0391,0.0453,0.1562,0.0312,0.7558,none
degraded_instruct,healthy_q8,cog_50_str_50,generalist,640,0.9375,0.7438,0.9641,0.9922,0.0375,0.0453,0.175,0.0422,0.7073,none
degraded_instruct,healthy_q8,cog_50_str_50,math,640,0.9437,0.7531,0.9631,0.9906,0.0375,0.0375,0.1984,0.05,0.716,none
degraded_instruct,healthy_q8,cog_50_str_50,planning,640,0.9469,0.8047,0.9638,0.9781,0.0359,0.0359,0.125,0.0516,0.7741,none
degraded_instruct,healthy_q8,cog_50_str_50,rhetoric,640,0.9563,0.7672,0.9657,0.9906,0.0375,0.0328,0.1844,0.0406,0.7326,none
degraded_instruct,healthy_q8,cog_50_str_50,spatial,640,0.9437,0.7828,0.9616,0.9828,0.0344,0.0453,0.1391,0.0672,0.749,none
degraded_instruct,healthy_q8,cog_60_cyb_40,adversarial,640,0.9328,0.725,0.9599,0.9922,0.05,0.0984,0.1578,0.0547,0.675,none
degraded_instruct,healthy_q8,cog_60_cyb_40,boundary,640,0.8922,0.6766,0.9432,0.9844,0.0922,0.075,0.2062,0.05,0.6149,none
degraded_instruct,healthy_q8,cog_60_cyb_40,coding,640,0.9062,0.7063,0.9452,0.9938,0.0547,0.0828,0.1594,0.1234,0.6544,none
degraded_instruct,healthy_q8,cog_60_cyb_40,epistemic,640,0.9156,0.6828,0.9497,0.9875,0.0375,0.0625,0.2219,0.0906,0.6368,none
degraded_instruct,healthy_q8,cog_60_cyb_40,forensic,640,0.9078,0.7141,0.9406,0.9906,0.0609,0.0594,0.1906,0.125,0.6624,none
degraded_instruct,healthy_q8,cog_60_cyb_40,generalist,640,0.9234,0.7328,0.9527,0.9859,0.0453,0.0813,0.1578,0.0828,0.6862,none
degraded_instruct,healthy_q8,cog_60_cyb_40,math,640,0.8906,0.6547,0.9241,0.9891,0.0422,0.0859,0.2281,0.2516,0.594,none
degraded_instruct,healthy_q8,cog_60_cyb_40,planning,640,0.9281,0.7312,0.9565,0.9922,0.0516,0.0625,0.1578,0.0641,0.6875,none
degraded_instruct,healthy_q8,cog_60_cyb_40,rhetoric,640,0.9172,0.7203,0.9457,0.9922,0.0547,0.0609,0.1922,0.1156,0.6706,none
degraded_instruct,healthy_q8,cog_60_cyb_40,spatial,640,0.9281,0.7312,0.9472,0.9875,0.0437,0.0781,0.1688,0.1281,0.6826,none
degraded_instruct,healthy_q8,cog_60_str_40,adversarial,640,0.9484,0.7812,0.9629,0.9922,0.0375,0.0484,0.15,0.0672,0.745,none
degraded_instruct,healthy_q8,cog_60_str_40,boundary,640,0.9281,0.7672,0.9585,0.9906,0.0531,0.0469,0.1531,0.0609,0.7266,none
degraded_instruct,healthy_q8,cog_60_str_40,coding,640,0.9437,0.7672,0.9633,0.9875,0.0359,0.0484,0.1547,0.0531,0.7317,none
degraded_instruct,healthy_q8,cog_60_str_40,epistemic,640,0.9437,0.7734,0.9656,0.9938,0.0328,0.0281,0.1781,0.0453,0.7415,none
degraded_instruct,healthy_q8,cog_60_str_40,forensic,640,0.9437,0.7656,0.962,0.9969,0.0453,0.0344,0.175,0.05,0.7287,none
degraded_instruct,healthy_q8,cog_60_str_40,generalist,640,0.9359,0.7484,0.9635,0.9875,0.0422,0.0563,0.175,0.0328,0.7089,none
degraded_instruct,healthy_q8,cog_60_str_40,math,640,0.95,0.75,0.96,0.9859,0.0375,0.05,0.2062,0.0609,0.7092,none
degraded_instruct,healthy_q8,cog_60_str_40,planning,640,0.9391,0.7875,0.9605,0.9844,0.0422,0.0344,0.1484,0.0563,0.7533,none
degraded_instruct,healthy_q8,cog_60_str_40,rhetoric,640,0.9328,0.75,0.9584,0.9922,0.05,0.0328,0.175,0.0609,0.7114,none
degraded_instruct,healthy_q8,cog_60_str_40,spatial,640,0.9406,0.7922,0.9626,0.9891,0.0453,0.0344,0.1391,0.0516,0.758,none
degraded_instruct,healthy_q8,cog_75_cyb_25,adversarial,640,0.9172,0.7172,0.9529,0.9984,0.0656,0.0766,0.1672,0.0766,0.665,none
degraded_instruct,healthy_q8,cog_75_cyb_25,boundary,640,0.9203,0.6891,0.9521,0.9891,0.0594,0.0797,0.1969,0.0672,0.6362,none
degraded_instruct,healthy_q8,cog_75_cyb_25,coding,640,0.8859,0.6797,0.9357,0.9891,0.0609,0.0953,0.1719,0.1484,0.6212,none
degraded_instruct,healthy_q8,cog_75_cyb_25,epistemic,640,0.8953,0.6828,0.945,0.9859,0.0578,0.0688,0.2188,0.0797,0.6302,none
degraded_instruct,healthy_q8,cog_75_cyb_25,forensic,640,0.9156,0.7266,0.9428,0.9844,0.0437,0.075,0.1625,0.15,0.6779,none
degraded_instruct,healthy_q8,cog_75_cyb_25,generalist,640,0.9078,0.7031,0.9439,0.9766,0.0563,0.0797,0.2,0.0859,0.65,none
degraded_instruct,healthy_q8,cog_75_cyb_25,math,640,0.9156,0.6984,0.9375,0.9953,0.0359,0.0797,0.2234,0.1953,0.6441,none
degraded_instruct,healthy_q8,cog_75_cyb_25,planning,640,0.9313,0.7016,0.953,0.9922,0.0484,0.075,0.2016,0.0719,0.6523,none
degraded_instruct,healthy_q8,cog_75_cyb_25,rhetoric,640,0.9172,0.6813,0.9459,0.9891,0.0516,0.0688,0.2234,0.1062,0.6288,none
degraded_instruct,healthy_q8,cog_75_cyb_25,spatial,640,0.9359,0.7734,0.9527,0.9922,0.0437,0.0578,0.1297,0.1187,0.7324,none
degraded_instruct,healthy_q8,cog_75_str_25,adversarial,640,0.9328,0.7812,0.9637,0.9906,0.0484,0.0469,0.1422,0.0469,0.7436,none
degraded_instruct,healthy_q8,cog_75_str_25,boundary,640,0.925,0.725,0.9567,0.9922,0.0594,0.0625,0.1859,0.0516,0.6772,none
degraded_instruct,healthy_q8,cog_75_str_25,coding,640,0.9406,0.7672,0.9636,0.9859,0.0406,0.0609,0.1375,0.0516,0.7292,none
degraded_instruct,healthy_q8,cog_75_str_25,epistemic,640,0.925,0.7281,0.9573,0.9938,0.0531,0.0422,0.1953,0.0469,0.6858,none
degraded_instruct,healthy_q8,cog_75_str_25,forensic,640,0.9469,0.7672,0.9648,0.9891,0.0391,0.0391,0.1656,0.0469,0.7321,none
degraded_instruct,healthy_q8,cog_75_str_25,generalist,640,0.9156,0.7109,0.9529,0.9828,0.0547,0.0422,0.2016,0.0516,0.6674,none
degraded_instruct,healthy_q8,cog_75_str_25,math,640,0.9391,0.7,0.9567,0.9891,0.0359,0.0531,0.2234,0.0719,0.6571,none
degraded_instruct,healthy_q8,cog_75_str_25,planning,640,0.9359,0.775,0.9618,0.9938,0.0531,0.0469,0.1422,0.0516,0.7357,none
degraded_instruct,healthy_q8,cog_75_str_25,rhetoric,640,0.9437,0.7516,0.9622,0.9906,0.0437,0.0422,0.1797,0.05,0.7131,none
degraded_instruct,healthy_q8,cog_75_str_25,spatial,640,0.9453,0.7703,0.9645,0.9938,0.0375,0.0375,0.1609,0.0516,0.7361,none
degraded_instruct,healthy_q8,cognitive_only,adversarial,640,0.8187,0.6703,0.8941,0.9922,0.0563,0.0563,0.1594,0.4203,0.6084,none
degraded_instruct,healthy_q8,cognitive_only,boundary,640,0.7953,0.6188,0.8826,0.9875,0.075,0.0594,0.1984,0.4156,0.5477,none
degraded_instruct,healthy_q8,cognitive_only,coding,640,0.8547,0.6891,0.9048,0.9891,0.0422,0.0516,0.1844,0.3422,0.6342,none
degraded_instruct,healthy_q8,cognitive_only,epistemic,640,0.8688,0.6984,0.9289,0.9891,0.0594,0.0328,0.2219,0.1578,0.6484,none
degraded_instruct,healthy_q8,cognitive_only,forensic,640,0.8391,0.6672,0.8921,0.9906,0.0437,0.0594,0.2109,0.3859,0.606,none
degraded_instruct,healthy_q8,cognitive_only,generalist,640,0.8797,0.7141,0.9304,0.9828,0.0453,0.0531,0.1625,0.1859,0.6675,none
degraded_instruct,healthy_q8,cognitive_only,math,640,0.8375,0.6438,0.9009,0.9812,0.0516,0.0484,0.225,0.3547,0.5829,none
degraded_instruct,healthy_q8,cognitive_only,planning,640,0.9062,0.7312,0.9328,0.9828,0.0344,0.0391,0.1812,0.2,0.6886,none
degraded_instruct,healthy_q8,cognitive_only,rhetoric,640,0.8922,0.7219,0.9279,0.9906,0.05,0.0547,0.1688,0.2234,0.6713,none
degraded_instruct,healthy_q8,cognitive_only,spatial,640,0.875,0.7406,0.9194,0.9844,0.0609,0.0391,0.1578,0.2359,0.6901,none
degraded_instruct,healthy_q8,cyb_25_str_75,adversarial,640,0.9375,0.7719,0.9625,0.9938,0.0406,0.0312,0.1641,0.0594,0.7373,none
degraded_instruct,healthy_q8,cyb_25_str_75,boundary,640,0.9484,0.7812,0.9628,0.9844,0.0406,0.0469,0.15,0.0547,0.745,none
degraded_instruct,healthy_q8,cyb_25_str_75,coding,640,0.9484,0.8047,0.9653,0.9922,0.0297,0.0328,0.1313,0.0703,0.7752,none
degraded_instruct,healthy_q8,cyb_25_str_75,epistemic,640,0.9359,0.7922,0.9647,0.9906,0.0422,0.0141,0.1531,0.0406,0.7624,none
degraded_instruct,healthy_q8,cyb_25_str_75,forensic,640,0.9563,0.8031,0.9706,0.9891,0.0344,0.0422,0.1359,0.0328,0.7719,none
degraded_instruct,healthy_q8,cyb_25_str_75,generalist,640,0.9547,0.8125,0.9726,0.9922,0.0297,0.0547,0.1125,0.0344,0.7819,none
degraded_instruct,healthy_q8,cyb_25_str_75,math,640,0.9469,0.7438,0.9622,0.9859,0.0328,0.0359,0.2062,0.0531,0.7076,none
degraded_instruct,healthy_q8,cyb_25_str_75,planning,640,0.9297,0.7781,0.9587,0.9844,0.0469,0.05,0.1391,0.0563,0.7401,none
degraded_instruct,healthy_q8,cyb_25_str_75,rhetoric,640,0.9547,0.8234,0.9728,0.9953,0.025,0.025,0.1266,0.0469,0.7985,none
degraded_instruct,healthy_q8,cyb_25_str_75,spatial,640,0.9313,0.7797,0.9628,0.9891,0.0594,0.0484,0.1297,0.0359,0.74,none
degraded_instruct,healthy_q8,cyb_40_str_60,adversarial,640,0.9406,0.7672,0.9667,0.9953,0.0391,0.0578,0.1359,0.05,0.7305,none
degraded_instruct,healthy_q8,cyb_40_str_60,boundary,640,0.9375,0.7719,0.9625,0.9891,0.0469,0.05,0.1375,0.0516,0.7342,none
degraded_instruct,healthy_q8,cyb_40_str_60,coding,640,0.9266,0.7625,0.9576,0.9922,0.0516,0.0531,0.1484,0.0656,0.7212,none
degraded_instruct,healthy_q8,cyb_40_str_60,epistemic,640,0.9547,0.775,0.9691,0.9875,0.025,0.0406,0.1859,0.0328,0.7429,none
degraded_instruct,healthy_q8,cyb_40_str_60,forensic,640,0.9422,0.7547,0.9639,0.9938,0.0469,0.0641,0.1625,0.0437,0.7126,none
degraded_instruct,healthy_q8,cyb_40_str_60,generalist,640,0.9344,0.7359,0.9609,0.9844,0.0422,0.0453,0.1797,0.0406,0.6978,none
degraded_instruct,healthy_q8,cyb_40_str_60,math,640,0.9547,0.7531,0.9638,0.9859,0.0312,0.0469,0.1969,0.0531,0.716,none
degraded_instruct,healthy_q8,cyb_40_str_60,planning,640,0.95,0.7891,0.9655,0.9922,0.0312,0.0531,0.1297,0.0563,0.7559,none
degraded_instruct,healthy_q8,cyb_40_str_60,rhetoric,640,0.9437,0.7688,0.9679,0.9922,0.0344,0.0469,0.1578,0.0422,0.7343,none
degraded_instruct,healthy_q8,cyb_40_str_60,spatial,640,0.9484,0.7891,0.9642,0.9875,0.0312,0.0563,0.1437,0.0625,0.7538,none
degraded_instruct,healthy_q8,cyb_50_str_50,adversarial,640,0.9391,0.7531,0.9631,0.9969,0.0453,0.075,0.1453,0.0594,0.7099,none
degraded_instruct,healthy_q8,cyb_50_str_50,boundary,640,0.9453,0.75,0.9599,0.9844,0.0406,0.0703,0.1688,0.0547,0.7075,none
degraded_instruct,healthy_q8,cyb_50_str_50,coding,640,0.9453,0.7719,0.9685,0.9953,0.0375,0.0734,0.1266,0.0437,0.7336,none
degraded_instruct,healthy_q8,cyb_50_str_50,epistemic,640,0.9406,0.7703,0.9667,0.9938,0.0375,0.0391,0.1656,0.0375,0.7361,none
degraded_instruct,healthy_q8,cyb_50_str_50,forensic,640,0.9469,0.8156,0.9651,0.9859,0.0328,0.0484,0.1187,0.0609,0.7835,none
degraded_instruct,healthy_q8,cyb_50_str_50,generalist,640,0.9219,0.7453,0.96,0.9922,0.0453,0.0641,0.1422,0.0609,0.7045,none
degraded_instruct,healthy_q8,cyb_50_str_50,math,640,0.9234,0.7234,0.9576,0.9812,0.0516,0.0484,0.1875,0.0453,0.681,none
degraded_instruct,healthy_q8,cyb_50_str_50,planning,640,0.9375,0.7844,0.962,0.9812,0.0453,0.0578,0.1281,0.0453,0.7467,none
degraded_instruct,healthy_q8,cyb_50_str_50,rhetoric,640,0.925,0.7141,0.9567,0.9875,0.0531,0.0625,0.2094,0.0469,0.6665,none
degraded_instruct,healthy_q8,cyb_50_str_50,spatial,640,0.9547,0.7797,0.97,0.9938,0.0391,0.0547,0.1531,0.0281,0.7434,none
degraded_instruct,healthy_q8,cyb_60_str_40,adversarial,640,0.9437,0.7453,0.9628,0.9875,0.0328,0.075,0.1609,0.0641,0.7044,none
degraded_instruct,healthy_q8,cyb_60_str_40,boundary,640,0.9516,0.7672,0.9661,0.9844,0.0344,0.0766,0.1344,0.0484,0.7284,none
degraded_instruct,healthy_q8,cyb_60_str_40,coding,640,0.9391,0.7328,0.9654,0.9938,0.0422,0.0984,0.125,0.05,0.688,none
degraded_instruct,healthy_q8,cyb_60_str_40,epistemic,640,0.9219,0.7297,0.9567,0.9891,0.0484,0.0531,0.1812,0.0578,0.6871,none
degraded_instruct,healthy_q8,cyb_60_str_40,forensic,640,0.9328,0.75,0.9624,0.9922,0.0547,0.0641,0.1547,0.0375,0.7065,none
degraded_instruct,healthy_q8,cyb_60_str_40,generalist,640,0.9391,0.7359,0.9642,0.9906,0.0297,0.0859,0.1609,0.0547,0.6942,none
degraded_instruct,healthy_q8,cyb_60_str_40,math,640,0.9203,0.7016,0.9538,0.9922,0.0563,0.0594,0.1953,0.0703,0.6537,none
degraded_instruct,healthy_q8,cyb_60_str_40,planning,640,0.9391,0.7547,0.9624,0.9906,0.0516,0.0609,0.1437,0.0422,0.7134,none
degraded_instruct,healthy_q8,cyb_60_str_40,rhetoric,640,0.9391,0.7766,0.9653,0.9953,0.0469,0.0453,0.15,0.0422,0.7393,none
degraded_instruct,healthy_q8,cyb_60_str_40,spatial,640,0.9328,0.7547,0.962,0.9844,0.0484,0.0703,0.1422,0.0422,0.7126,none
degraded_instruct,healthy_q8,cyb_75_str_25,adversarial,640,0.9328,0.7484,0.9614,0.9922,0.0516,0.1016,0.125,0.0547,0.6999,none
degraded_instruct,healthy_q8,cyb_75_str_25,boundary,640,0.9141,0.6937,0.9528,0.9891,0.0656,0.0922,0.175,0.0547,0.6389,none
degraded_instruct,healthy_q8,cyb_75_str_25,coding,640,0.9328,0.7391,0.9583,0.9906,0.0594,0.0828,0.15,0.05,0.6902,none
degraded_instruct,healthy_q8,cyb_75_str_25,epistemic,640,0.9344,0.7219,0.9621,0.9844,0.0422,0.0672,0.1766,0.0391,0.6797,none
degraded_instruct,healthy_q8,cyb_75_str_25,forensic,640,0.925,0.7391,0.9611,0.9906,0.0516,0.0781,0.1484,0.0453,0.6938,none
degraded_instruct,healthy_q8,cyb_75_str_25,generalist,640,0.9266,0.7031,0.9572,0.9859,0.0406,0.0719,0.2125,0.0516,0.657,none
degraded_instruct,healthy_q8,cyb_75_str_25,math,640,0.9453,0.7031,0.9555,0.9797,0.0266,0.0781,0.2188,0.0891,0.6576,none
degraded_instruct,healthy_q8,cyb_75_str_25,planning,640,0.9328,0.7609,0.9587,0.9906,0.0563,0.0719,0.1391,0.0531,0.7159,none
degraded_instruct,healthy_q8,cyb_75_str_25,rhetoric,640,0.9422,0.7406,0.9652,0.9891,0.0437,0.075,0.1703,0.0359,0.6971,none
degraded_instruct,healthy_q8,cyb_75_str_25,spatial,640,0.9375,0.7562,0.961,0.9766,0.0375,0.0797,0.1328,0.0594,0.7155,none
degraded_instruct,healthy_q8,cyber_only,adversarial,640,0.9297,0.7375,0.9598,0.9891,0.05,0.0688,0.1516,0.0578,0.6937,none
degraded_instruct,healthy_q8,cyber_only,boundary,640,0.9313,0.7141,0.9578,0.9875,0.0547,0.0953,0.1703,0.0484,0.6625,none
degraded_instruct,healthy_q8,cyber_only,coding,640,0.8516,0.6547,0.9163,0.9656,0.0625,0.0922,0.1859,0.2188,0.5917,none
degraded_instruct,healthy_q8,cyber_only,epistemic,640,0.8187,0.6359,0.9076,0.9578,0.0594,0.0875,0.1922,0.2328,0.5736,none
degraded_instruct,healthy_q8,cyber_only,forensic,640,0.9109,0.7016,0.9395,0.9812,0.0531,0.1,0.1641,0.1422,0.6454,none
degraded_instruct,healthy_q8,cyber_only,generalist,640,0.7984,0.6062,0.894,0.925,0.0437,0.1016,0.1906,0.2812,0.5435,none
degraded_instruct,healthy_q8,cyber_only,math,640,0.7359,0.5484,0.8412,0.8969,0.0469,0.0844,0.2141,0.5844,0.4712,none
degraded_instruct,healthy_q8,cyber_only,planning,640,0.8438,0.6891,0.8839,0.8953,0.0422,0.0828,0.125,0.35,0.6323,none
degraded_instruct,healthy_q8,cyber_only,rhetoric,640,0.8641,0.6859,0.9117,0.9516,0.0375,0.0766,0.1781,0.2687,0.6317,none
degraded_instruct,healthy_q8,cyber_only,spatial,640,0.7906,0.6562,0.8699,0.8938,0.0453,0.0672,0.1594,0.3953,0.5967,none
degraded_instruct,healthy_q8,structural_only,adversarial,640,0.9344,0.8063,0.9608,0.9922,0.0422,0.025,0.1406,0.075,0.7736,none
degraded_instruct,healthy_q8,structural_only,boundary,640,0.9437,0.7969,0.9645,0.9922,0.0391,0.0359,0.1359,0.0594,0.7641,none
degraded_instruct,healthy_q8,structural_only,coding,640,0.9641,0.8266,0.9709,0.9859,0.0156,0.0219,0.1344,0.0563,0.8039,none
degraded_instruct,healthy_q8,structural_only,epistemic,640,0.9516,0.7906,0.9661,0.9828,0.0297,0.0094,0.175,0.0359,0.764,none
degraded_instruct,healthy_q8,structural_only,forensic,640,0.9547,0.8313,0.9614,0.9781,0.0297,0.0047,0.1328,0.0688,0.8073,none
degraded_instruct,healthy_q8,structural_only,generalist,640,0.9156,0.7516,0.957,0.9891,0.0469,0.0391,0.1656,0.0609,0.7134,none
degraded_instruct,healthy_q8,structural_only,math,640,0.9406,0.7594,0.9623,0.9891,0.0328,0.0187,0.1984,0.0578,0.727,none
degraded_instruct,healthy_q8,structural_only,planning,640,0.9594,0.8266,0.9713,0.9922,0.0281,0.0047,0.1453,0.0344,0.8038,none
degraded_instruct,healthy_q8,structural_only,rhetoric,640,0.9578,0.7891,0.9652,0.9844,0.0297,0.0063,0.175,0.0484,0.7625,none
degraded_instruct,healthy_q8,structural_only,spatial,640,0.95,0.825,0.969,0.9938,0.0406,0.0125,0.1375,0.0328,0.7977,none
degraded_instruct,healthy_q8,tri_boundary_heavy,adversarial,640,0.9266,0.7359,0.9554,0.9891,0.0547,0.0797,0.1531,0.0719,0.6878,none
degraded_instruct,healthy_q8,tri_boundary_heavy,boundary,640,0.9328,0.7281,0.9572,0.9922,0.0422,0.0859,0.1875,0.0688,0.6798,none
degraded_instruct,healthy_q8,tri_boundary_heavy,coding,640,0.9578,0.7734,0.9689,0.9906,0.0359,0.0641,0.1422,0.0375,0.7366,none
degraded_instruct,healthy_q8,tri_boundary_heavy,epistemic,640,0.9453,0.7625,0.967,0.9875,0.0375,0.0484,0.1594,0.0312,0.7272,none
degraded_instruct,healthy_q8,tri_boundary_heavy,forensic,640,0.9531,0.7734,0.9673,0.9938,0.0375,0.0625,0.1469,0.0453,0.7357,none
degraded_instruct,healthy_q8,tri_boundary_heavy,generalist,640,0.9406,0.7578,0.9655,0.9891,0.0391,0.0656,0.1359,0.0422,0.72,none
degraded_instruct,healthy_q8,tri_boundary_heavy,math,640,0.9531,0.7297,0.9674,0.9906,0.0328,0.0734,0.1875,0.0375,0.6883,none
degraded_instruct,healthy_q8,tri_boundary_heavy,planning,640,0.9391,0.7812,0.9621,0.9891,0.0391,0.0328,0.1547,0.0563,0.7478,none
degraded_instruct,healthy_q8,tri_boundary_heavy,rhetoric,640,0.9453,0.7375,0.9599,0.9875,0.0422,0.0703,0.1812,0.0594,0.6933,none
degraded_instruct,healthy_q8,tri_boundary_heavy,spatial,640,0.9328,0.7516,0.9609,0.9922,0.0547,0.0609,0.15,0.0437,0.7088,none
degraded_instruct,healthy_q8,tri_cognitive_bridge,adversarial,640,0.9391,0.7406,0.9584,0.9859,0.05,0.0641,0.1859,0.0484,0.6955,none
degraded_instruct,healthy_q8,tri_cognitive_bridge,boundary,640,0.9406,0.7516,0.9598,0.9906,0.0453,0.0734,0.1531,0.0656,0.7078,none
degraded_instruct,healthy_q8,tri_cognitive_bridge,coding,640,0.9359,0.7438,0.9589,0.9891,0.0453,0.0656,0.1578,0.0625,0.7013,none
degraded_instruct,healthy_q8,tri_cognitive_bridge,epistemic,640,0.9359,0.7766,0.9629,0.9922,0.0453,0.0375,0.1625,0.0422,0.7404,none
degraded_instruct,healthy_q8,tri_cognitive_bridge,forensic,640,0.9469,0.7547,0.9617,0.9969,0.0375,0.0609,0.1641,0.0688,0.7147,none
degraded_instruct,healthy_q8,tri_cognitive_bridge,generalist,640,0.9484,0.7516,0.9666,0.9859,0.0281,0.0781,0.1641,0.0406,0.7123,none
degraded_instruct,healthy_q8,tri_cognitive_bridge,math,640,0.9484,0.7375,0.9635,0.9797,0.0234,0.0469,0.2047,0.0516,0.7021,none
degraded_instruct,healthy_q8,tri_cognitive_bridge,planning,640,0.9484,0.7766,0.9665,0.9953,0.0344,0.0578,0.1375,0.0516,0.7411,none
degraded_instruct,healthy_q8,tri_cognitive_bridge,rhetoric,640,0.9437,0.7625,0.9633,0.9828,0.0375,0.0516,0.1625,0.05,0.7254,none
degraded_instruct,healthy_q8,tri_cognitive_bridge,spatial,640,0.9422,0.7734,0.9634,0.9906,0.0453,0.0563,0.1453,0.0484,0.7345,none
degraded_instruct,healthy_q8,tri_cognitive_heavy,adversarial,640,0.9344,0.7547,0.9611,0.9891,0.0437,0.0656,0.1453,0.0641,0.7136,none
degraded_instruct,healthy_q8,tri_cognitive_heavy,boundary,640,0.9297,0.6875,0.9582,0.9906,0.0531,0.0906,0.2078,0.0375,0.6349,none
degraded_instruct,healthy_q8,tri_cognitive_heavy,coding,640,0.9437,0.7469,0.9629,0.9906,0.0359,0.075,0.1484,0.0609,0.7062,none
degraded_instruct,healthy_q8,tri_cognitive_heavy,epistemic,640,0.9203,0.7125,0.9592,0.9891,0.0547,0.0672,0.1797,0.0359,0.6665,none
degraded_instruct,healthy_q8,tri_cognitive_heavy,forensic,640,0.9469,0.7375,0.9597,0.9844,0.0422,0.075,0.1797,0.0547,0.6927,none
degraded_instruct,healthy_q8,tri_cognitive_heavy,generalist,640,0.9344,0.7391,0.9633,0.9891,0.0391,0.0641,0.1672,0.0422,0.699,none
degraded_instruct,healthy_q8,tri_cognitive_heavy,math,640,0.9469,0.6969,0.9577,0.9875,0.0375,0.0594,0.2359,0.0594,0.6519,none
degraded_instruct,healthy_q8,tri_cognitive_heavy,planning,640,0.9437,0.7562,0.9601,0.9875,0.0437,0.0641,0.15,0.0578,0.7154,none
degraded_instruct,healthy_q8,tri_cognitive_heavy,rhetoric,640,0.9406,0.75,0.9646,0.9938,0.0359,0.0656,0.15,0.0594,0.7111,none
degraded_instruct,healthy_q8,tri_cognitive_heavy,spatial,640,0.9328,0.7578,0.9635,0.9891,0.0453,0.0625,0.1406,0.0469,0.7181,none
degraded_instruct,healthy_q8,tri_cyber_heavy,adversarial,640,0.9297,0.7156,0.958,0.9891,0.0531,0.1047,0.1625,0.0578,0.6629,none
degraded_instruct,healthy_q8,tri_cyber_heavy,boundary,640,0.9297,0.7094,0.9565,0.9891,0.0578,0.0984,0.1703,0.0516,0.6561,none
degraded_instruct,healthy_q8,tri_cyber_heavy,coding,640,0.9484,0.7547,0.9639,0.9891,0.0406,0.075,0.1516,0.0484,0.713,none
degraded_instruct,healthy_q8,tri_cyber_heavy,epistemic,640,0.9437,0.7156,0.9654,0.9906,0.0406,0.0859,0.1875,0.0297,0.6698,none
degraded_instruct,healthy_q8,tri_cyber_heavy,forensic,640,0.9359,0.7125,0.9603,0.9922,0.0547,0.0906,0.1719,0.0422,0.6621,none
degraded_instruct,healthy_q8,tri_cyber_heavy,generalist,640,0.9516,0.7703,0.9681,0.9938,0.0312,0.0703,0.1484,0.0422,0.7329,none
degraded_instruct,healthy_q8,tri_cyber_heavy,math,640,0.9484,0.7141,0.9615,0.9938,0.0344,0.0828,0.1953,0.0703,0.668,none
degraded_instruct,healthy_q8,tri_cyber_heavy,planning,640,0.9359,0.7547,0.9619,0.9812,0.0422,0.0719,0.1422,0.0453,0.714,none
degraded_instruct,healthy_q8,tri_cyber_heavy,rhetoric,640,0.9406,0.7203,0.9602,0.9922,0.0453,0.0781,0.1844,0.0563,0.6735,none
degraded_instruct,healthy_q8,tri_cyber_heavy,spatial,640,0.9547,0.7719,0.9684,0.9875,0.0312,0.0813,0.1234,0.0516,0.7338,none
degraded_instruct,healthy_q8,tri_equal_routed,adversarial,640,0.9641,0.7688,0.9674,0.9891,0.0266,0.0828,0.1516,0.0594,0.7291,none
degraded_instruct,healthy_q8,tri_equal_routed,boundary,640,0.9281,0.7438,0.9595,0.9953,0.0547,0.0797,0.1562,0.0516,0.6963,none
degraded_instruct,healthy_q8,tri_equal_routed,coding,640,0.9547,0.7531,0.9693,0.9922,0.0328,0.0844,0.1516,0.0344,0.7126,none
degraded_instruct,healthy_q8,tri_equal_routed,epistemic,640,0.925,0.7031,0.9577,0.9859,0.0406,0.0688,0.1906,0.0578,0.659,none
degraded_instruct,healthy_q8,tri_equal_routed,forensic,640,0.9609,0.7516,0.9667,0.9906,0.0312,0.0813,0.1656,0.05,0.7102,none
degraded_instruct,healthy_q8,tri_equal_routed,generalist,640,0.9406,0.7578,0.9663,0.9906,0.0328,0.075,0.1453,0.0437,0.7192,none
degraded_instruct,healthy_q8,tri_equal_routed,math,640,0.9531,0.7094,0.9659,0.9875,0.0297,0.0719,0.2125,0.0391,0.6671,none
degraded_instruct,healthy_q8,tri_equal_routed,planning,640,0.9422,0.7766,0.9638,0.9875,0.0469,0.0703,0.1266,0.0453,0.736,none
degraded_instruct,healthy_q8,tri_equal_routed,rhetoric,640,0.9203,0.725,0.9588,0.9938,0.0531,0.0594,0.175,0.0531,0.6805,none
degraded_instruct,healthy_q8,tri_equal_routed,spatial,640,0.9516,0.7703,0.9662,0.9859,0.0375,0.0734,0.1344,0.0484,0.7312,none
degraded_instruct,healthy_q8,tri_naive_equal_all_fire,adversarial,640,0.8969,0.5141,0.9193,0.9891,0.0734,0.3391,0.1938,0.0547,0.406,none
degraded_instruct,healthy_q8,tri_naive_equal_all_fire,boundary,640,0.8922,0.4437,0.9129,0.9938,0.0781,0.3484,0.2484,0.0641,0.3275,none
degraded_instruct,healthy_q8,tri_naive_equal_all_fire,coding,640,0.8922,0.4656,0.9173,0.9891,0.0672,0.3359,0.2266,0.0609,0.3571,none
degraded_instruct,healthy_q8,tri_naive_equal_all_fire,epistemic,640,0.9,0.5188,0.9274,0.9859,0.0609,0.2875,0.2344,0.0484,0.4218,none
degraded_instruct,healthy_q8,tri_naive_equal_all_fire,forensic,640,0.925,0.4938,0.9302,0.9969,0.0516,0.3391,0.2297,0.0484,0.3897,none
degraded_instruct,healthy_q8,tri_naive_equal_all_fire,generalist,640,0.8781,0.4922,0.9165,0.9875,0.0656,0.3297,0.2094,0.0688,0.3864,none
degraded_instruct,healthy_q8,tri_naive_equal_all_fire,math,640,0.9125,0.4969,0.9267,0.9938,0.0656,0.3031,0.2656,0.0437,0.3931,none
degraded_instruct,healthy_q8,tri_naive_equal_all_fire,planning,640,0.9031,0.5109,0.9228,0.9859,0.0516,0.3328,0.2109,0.0531,0.4094,none
degraded_instruct,healthy_q8,tri_naive_equal_all_fire,rhetoric,640,0.9016,0.4734,0.9232,0.9922,0.0594,0.3422,0.2484,0.0594,0.3643,none
degraded_instruct,healthy_q8,tri_naive_equal_all_fire,spatial,640,0.9062,0.5391,0.9313,0.9859,0.0625,0.3063,0.1781,0.0406,0.4428,none
degraded_instruct,healthy_q8,tri_naive_structural_heavy_all_fire,adversarial,640,0.9016,0.5203,0.9268,0.9875,0.0656,0.3,0.1906,0.0516,0.4228,none
degraded_instruct,healthy_q8,tri_naive_structural_heavy_all_fire,boundary,640,0.9141,0.5391,0.9296,0.9953,0.05,0.3063,0.2172,0.0547,0.4427,none
degraded_instruct,healthy_q8,tri_naive_structural_heavy_all_fire,coding,640,0.8969,0.5031,0.9198,0.9891,0.0656,0.3156,0.2375,0.0578,0.3984,none
degraded_instruct,healthy_q8,tri_naive_structural_heavy_all_fire,epistemic,640,0.9125,0.55,0.9357,0.9906,0.0563,0.275,0.2219,0.0328,0.4587,none
degraded_instruct,healthy_q8,tri_naive_structural_heavy_all_fire,forensic,640,0.9047,0.5219,0.925,0.9891,0.0781,0.3016,0.2141,0.0453,0.4187,none
degraded_instruct,healthy_q8,tri_naive_structural_heavy_all_fire,generalist,640,0.8844,0.5312,0.9246,0.9844,0.0641,0.2875,0.1938,0.0516,0.4365,none
degraded_instruct,healthy_q8,tri_naive_structural_heavy_all_fire,math,640,0.9219,0.5219,0.9292,0.9875,0.0484,0.2984,0.2406,0.0641,0.4252,none
degraded_instruct,healthy_q8,tri_naive_structural_heavy_all_fire,planning,640,0.9078,0.5328,0.9281,0.9906,0.0672,0.3156,0.1484,0.0375,0.4358,none
degraded_instruct,healthy_q8,tri_naive_structural_heavy_all_fire,rhetoric,640,0.9156,0.5422,0.9315,0.9906,0.0672,0.2828,0.2047,0.0453,0.4468,none
degraded_instruct,healthy_q8,tri_naive_structural_heavy_all_fire,spatial,640,0.9109,0.5422,0.9322,0.9922,0.0656,0.3078,0.1547,0.0469,0.4462,none
degraded_instruct,healthy_q8,tri_structural_heavy_55,adversarial,640,0.9484,0.7703,0.9667,0.9906,0.0422,0.0578,0.15,0.0375,0.7322,none
degraded_instruct,healthy_q8,tri_structural_heavy_55,boundary,640,0.9187,0.7453,0.9577,0.9875,0.0516,0.0516,0.1562,0.0609,0.704,none
degraded_instruct,healthy_q8,tri_structural_heavy_55,coding,640,0.9547,0.7922,0.9696,0.9891,0.0297,0.0594,0.1203,0.0469,0.7594,none
degraded_instruct,healthy_q8,tri_structural_heavy_55,epistemic,640,0.9469,0.7672,0.965,0.9938,0.0344,0.0484,0.175,0.0484,0.7308,none
degraded_instruct,healthy_q8,tri_structural_heavy_55,forensic,640,0.9594,0.775,0.9666,0.9859,0.0281,0.0656,0.1437,0.0563,0.7391,none
degraded_instruct,healthy_q8,tri_structural_heavy_55,generalist,640,0.925,0.7266,0.9613,0.9906,0.0328,0.0656,0.1812,0.0547,0.6864,none
degraded_instruct,healthy_q8,tri_structural_heavy_55,math,640,0.9422,0.7453,0.9617,0.9906,0.0406,0.0547,0.1891,0.0594,0.7041,none
degraded_instruct,healthy_q8,tri_structural_heavy_55,planning,640,0.9484,0.7937,0.9661,0.9891,0.0422,0.0563,0.125,0.0437,0.7577,none
degraded_instruct,healthy_q8,tri_structural_heavy_55,rhetoric,640,0.9469,0.7641,0.9652,0.9891,0.0344,0.0516,0.1594,0.0531,0.728,none
degraded_instruct,healthy_q8,tri_structural_heavy_55,spatial,640,0.95,0.8219,0.9726,0.9906,0.0391,0.0406,0.1062,0.0266,0.7922,none
degraded_instruct,healthy_q8,tri_structural_heavy_60,adversarial,640,0.9344,0.7594,0.9604,0.9969,0.0437,0.0547,0.1531,0.0719,0.7195,none
degraded_instruct,healthy_q8,tri_structural_heavy_60,boundary,640,0.925,0.7531,0.9579,0.9938,0.0578,0.0531,0.1531,0.0594,0.7099,none
degraded_instruct,healthy_q8,tri_structural_heavy_60,coding,640,0.9406,0.7953,0.9666,0.9938,0.0437,0.0391,0.1266,0.0437,0.7621,none
degraded_instruct,healthy_q8,tri_structural_heavy_60,epistemic,640,0.9453,0.7812,0.9678,0.9953,0.0406,0.0328,0.1594,0.0328,0.7481,none
degraded_instruct,healthy_q8,tri_structural_heavy_60,forensic,640,0.9547,0.7828,0.967,0.9859,0.0344,0.0516,0.1484,0.0406,0.7483,none
degraded_instruct,healthy_q8,tri_structural_heavy_60,generalist,640,0.9453,0.7734,0.9677,0.9953,0.025,0.05,0.1531,0.0531,0.741,none
degraded_instruct,healthy_q8,tri_structural_heavy_60,math,640,0.9547,0.7641,0.967,0.9922,0.0281,0.0453,0.1719,0.0547,0.7301,none
degraded_instruct,healthy_q8,tri_structural_heavy_60,planning,640,0.9641,0.8109,0.9725,0.9906,0.0266,0.0531,0.1172,0.0422,0.7809,none
degraded_instruct,healthy_q8,tri_structural_heavy_60,rhetoric,640,0.9328,0.7562,0.961,0.9906,0.0484,0.0437,0.1734,0.05,0.7166,none
degraded_instruct,healthy_q8,tri_structural_heavy_60,spatial,640,0.9406,0.8125,0.9654,0.9922,0.0469,0.0422,0.1125,0.0531,0.7783,none
degraded_instruct,healthy_q8,tri_structural_heavy_65,adversarial,640,0.9375,0.7969,0.9629,0.9906,0.0453,0.0453,0.1266,0.0625,0.761,none
degraded_instruct,healthy_q8,tri_structural_heavy_65,boundary,640,0.9563,0.775,0.9673,0.9938,0.0344,0.0563,0.1562,0.0469,0.7386,none
degraded_instruct,healthy_q8,tri_structural_heavy_65,coding,640,0.9547,0.7609,0.966,0.9891,0.0297,0.0656,0.1453,0.0563,0.7245,none
degraded_instruct,healthy_q8,tri_structural_heavy_65,epistemic,640,0.9453,0.7688,0.9651,0.9844,0.0391,0.0516,0.1594,0.0375,0.7321,none
degraded_instruct,healthy_q8,tri_structural_heavy_65,forensic,640,0.9406,0.7797,0.9586,0.9828,0.0391,0.0359,0.15,0.0672,0.7454,none
degraded_instruct,healthy_q8,tri_structural_heavy_65,generalist,640,0.9391,0.7875,0.9666,0.9984,0.0422,0.0516,0.1266,0.0453,0.7521,none
degraded_instruct,healthy_q8,tri_structural_heavy_65,math,640,0.9516,0.7516,0.9651,0.9859,0.0281,0.0359,0.1969,0.0484,0.7178,none
degraded_instruct,healthy_q8,tri_structural_heavy_65,planning,640,0.9531,0.8125,0.9696,0.9922,0.0391,0.0406,0.1125,0.0391,0.7817,none
degraded_instruct,healthy_q8,tri_structural_heavy_65,rhetoric,640,0.9406,0.7781,0.9636,0.9922,0.0406,0.0422,0.1625,0.0531,0.7418,none
degraded_instruct,healthy_q8,tri_structural_heavy_65,spatial,640,0.9516,0.7922,0.9692,0.9922,0.0328,0.0422,0.1375,0.0437,0.7607,none
instruct,collapsed_q2_edge,baseline,adversarial,640,0.0,0.0,0.0047,0.0719,0.875,0.0141,0.7672,5.4609,-0.5997,cascade
instruct,collapsed_q2_edge,baseline,boundary,640,0.0,0.0,0.0042,0.0828,0.9031,0.0203,0.9,5.2156,-0.6078,cascade
instruct,collapsed_q2_edge,baseline,coding,640,0.0,0.0,0.0062,0.0969,0.8469,0.0078,0.6594,4.9313,-0.5549,cascade
instruct,collapsed_q2_edge,baseline,epistemic,640,0.0,0.0,0.0108,0.1016,0.8313,0.0,0.6937,4.1844,-0.5141,cascade
instruct,collapsed_q2_edge,baseline,forensic,640,0.0,0.0,0.0098,0.0953,0.8578,0.0203,0.7281,4.7016,-0.5547,cascade
instruct,collapsed_q2_edge,baseline,generalist,640,0.0,0.0,0.0057,0.0781,0.8234,0.0203,0.7609,4.4266,-0.5333,cascade
instruct,collapsed_q2_edge,baseline,math,640,0.0,0.0,0.0183,0.1625,0.7875,0.0156,0.7047,5.0875,-0.5501,cascade
instruct,collapsed_q2_edge,baseline,planning,640,0.0,0.0,0.0169,0.1125,0.8172,0.0156,0.5984,4.65,-0.5287,cascade
instruct,collapsed_q2_edge,baseline,rhetoric,640,0.0,0.0,0.0055,0.1016,0.8375,0.0047,0.7594,4.9437,-0.5601,cascade
instruct,collapsed_q2_edge,baseline,spatial,640,0.0,0.0,0.0115,0.1125,0.8094,0.0063,0.6375,4.6688,-0.5285,cascade
instruct,collapsed_q2_edge,cog_25_cyb_75,adversarial,640,0.0016,0.0,0.0647,0.4906,0.7734,0.0875,0.6969,4.6797,-0.5393,cascade
instruct,collapsed_q2_edge,cog_25_cyb_75,boundary,640,0.0047,0.0031,0.0812,0.5109,0.7719,0.0766,0.7562,4.2859,-0.5185,cascade
instruct,collapsed_q2_edge,cog_25_cyb_75,coding,640,0.0,0.0,0.0219,0.2188,0.8109,0.0828,0.5594,4.7266,-0.5409,cascade
instruct,collapsed_q2_edge,cog_25_cyb_75,epistemic,640,0.0016,0.0,0.0304,0.2437,0.8063,0.0781,0.7078,3.9734,-0.5128,cascade
instruct,collapsed_q2_edge,cog_25_cyb_75,forensic,640,0.0016,0.0,0.0447,0.5141,0.7781,0.0781,0.7047,4.3344,-0.5222,cascade
instruct,collapsed_q2_edge,cog_25_cyb_75,generalist,640,0.0016,0.0016,0.0301,0.2234,0.7859,0.0797,0.7297,4.1875,-0.5179,cascade
instruct,collapsed_q2_edge,cog_25_cyb_75,math,640,0.0,0.0,0.0242,0.2031,0.75,0.0844,0.6766,5.0078,-0.5464,cascade
instruct,collapsed_q2_edge,cog_25_cyb_75,planning,640,0.0047,0.0031,0.0375,0.2203,0.7359,0.0781,0.5656,4.4562,-0.5013,cascade
instruct,collapsed_q2_edge,cog_25_cyb_75,rhetoric,640,0.0,0.0,0.0242,0.2313,0.8094,0.0813,0.7484,4.7203,-0.555,cascade
instruct,collapsed_q2_edge,cog_25_cyb_75,spatial,640,0.0031,0.0031,0.0249,0.2234,0.775,0.0859,0.6062,4.5453,-0.5223,cascade
instruct,collapsed_q2_edge,cog_25_str_75,adversarial,640,0.0422,0.0328,0.2063,0.5656,0.5891,0.0187,0.6719,3.3141,-0.3671,cascade
instruct,collapsed_q2_edge,cog_25_str_75,boundary,640,0.0359,0.0234,0.2258,0.5516,0.5391,0.0266,0.6859,3.0922,-0.3531,cascade
instruct,collapsed_q2_edge,cog_25_str_75,coding,640,0.0453,0.0344,0.2164,0.4578,0.4938,0.0219,0.4797,3.0344,-0.3082,cascade
instruct,collapsed_q2_edge,cog_25_str_75,epistemic,640,0.0609,0.0422,0.2144,0.4844,0.5281,0.0031,0.5922,2.6422,-0.2964,cascade
instruct,collapsed_q2_edge,cog_25_str_75,forensic,640,0.0578,0.0422,0.2185,0.5734,0.5469,0.0312,0.5828,2.9922,-0.3244,cascade
instruct,collapsed_q2_edge,cog_25_str_75,generalist,640,0.0266,0.0094,0.2003,0.4359,0.525,0.0219,0.65,2.8109,-0.345,cascade
instruct,collapsed_q2_edge,cog_25_str_75,math,640,0.0391,0.0312,0.2037,0.4813,0.5109,0.0234,0.6094,3.3141,-0.3412,cascade
instruct,collapsed_q2_edge,cog_25_str_75,planning,640,0.0656,0.0531,0.2225,0.4641,0.5156,0.0156,0.475,2.9188,-0.2886,cascade
instruct,collapsed_q2_edge,cog_25_str_75,rhetoric,640,0.0266,0.0203,0.17,0.4484,0.5719,0.0172,0.6937,3.2031,-0.3703,cascade
instruct,collapsed_q2_edge,cog_25_str_75,spatial,640,0.0531,0.0453,0.2056,0.475,0.5328,0.0109,0.4906,2.9969,-0.3058,cascade
instruct,collapsed_q2_edge,cog_40_cyb_60,adversarial,640,0.0031,0.0031,0.0578,0.4672,0.7906,0.1031,0.7141,4.7906,-0.5513,cascade
instruct,collapsed_q2_edge,cog_40_cyb_60,boundary,640,0.0016,0.0016,0.0602,0.4688,0.7859,0.0922,0.7828,4.5297,-0.5418,cascade
instruct,collapsed_q2_edge,cog_40_cyb_60,coding,640,0.0,0.0,0.0226,0.2172,0.7656,0.0938,0.5594,4.7453,-0.5305,cascade
instruct,collapsed_q2_edge,cog_40_cyb_60,epistemic,640,0.0,0.0,0.0302,0.2578,0.7844,0.0609,0.6719,3.9906,-0.5008,cascade
instruct,collapsed_q2_edge,cog_40_cyb_60,forensic,640,0.0031,0.0031,0.0431,0.4094,0.7875,0.0781,0.7266,4.4172,-0.5277,cascade
instruct,collapsed_q2_edge,cog_40_cyb_60,generalist,640,0.0031,0.0016,0.0351,0.2062,0.7625,0.0922,0.6719,4.1797,-0.5084,cascade
instruct,collapsed_q2_edge,cog_40_cyb_60,math,640,0.0,0.0,0.0278,0.2234,0.7359,0.075,0.6516,4.9313,-0.5345,cascade
instruct,collapsed_q2_edge,cog_40_cyb_60,planning,640,0.0047,0.0047,0.0442,0.2266,0.7297,0.0688,0.5406,4.4469,-0.4936,cascade
instruct,collapsed_q2_edge,cog_40_cyb_60,rhetoric,640,0.0,0.0,0.0282,0.2422,0.7797,0.0578,0.6797,4.7313,-0.5364,cascade
instruct,collapsed_q2_edge,cog_40_cyb_60,spatial,640,0.0016,0.0016,0.0226,0.2234,0.7781,0.0984,0.575,4.5297,-0.524,cascade
instruct,collapsed_q2_edge,cog_40_str_60,adversarial,640,0.0094,0.0063,0.1492,0.5,0.6141,0.0375,0.7297,3.8297,-0.4353,cascade
instruct,collapsed_q2_edge,cog_40_str_60,boundary,640,0.0219,0.0172,0.1501,0.4859,0.6266,0.0375,0.7281,3.5781,-0.4154,cascade
instruct,collapsed_q2_edge,cog_40_str_60,coding,640,0.0156,0.0125,0.1378,0.4375,0.6078,0.0172,0.5875,3.4781,-0.3942,cascade
instruct,collapsed_q2_edge,cog_40_str_60,epistemic,640,0.0219,0.0156,0.1513,0.4641,0.575,0.0156,0.6547,2.9562,-0.3602,cascade
instruct,collapsed_q2_edge,cog_40_str_60,forensic,640,0.0172,0.0125,0.1229,0.4594,0.6406,0.0234,0.6609,3.5672,-0.4156,cascade
instruct,collapsed_q2_edge,cog_40_str_60,generalist,640,0.0109,0.0078,0.1425,0.4188,0.6344,0.0375,0.6719,3.1047,-0.399,cascade
instruct,collapsed_q2_edge,cog_40_str_60,math,640,0.025,0.0172,0.1521,0.3906,0.5359,0.0281,0.6328,3.6953,-0.3846,cascade
instruct,collapsed_q2_edge,cog_40_str_60,planning,640,0.0391,0.025,0.1757,0.4672,0.5516,0.0234,0.5781,3.175,-0.3502,cascade
instruct,collapsed_q2_edge,cog_40_str_60,rhetoric,640,0.0172,0.0156,0.1277,0.3984,0.6469,0.0266,0.7063,3.5781,-0.4192,cascade
instruct,collapsed_q2_edge,cog_40_str_60,spatial,640,0.0391,0.0312,0.1605,0.4406,0.5687,0.0203,0.5484,3.2531,-0.35,cascade
instruct,collapsed_q2_edge,cog_50_cyb_50,adversarial,640,0.0016,0.0016,0.0564,0.4453,0.7906,0.0797,0.7375,4.8859,-0.5549,cascade
instruct,collapsed_q2_edge,cog_50_cyb_50,boundary,640,0.0031,0.0031,0.0453,0.3937,0.8359,0.0984,0.8156,4.65,-0.5651,cascade
instruct,collapsed_q2_edge,cog_50_cyb_50,coding,640,0.0,0.0,0.0301,0.2437,0.7891,0.0734,0.6031,4.7156,-0.5354,cascade
instruct,collapsed_q2_edge,cog_50_cyb_50,epistemic,640,0.0,0.0,0.0364,0.2719,0.7781,0.0578,0.7078,3.9547,-0.4994,cascade
instruct,collapsed_q2_edge,cog_50_cyb_50,forensic,640,0.0063,0.0063,0.0391,0.3703,0.8,0.075,0.6984,4.4297,-0.5261,cascade
instruct,collapsed_q2_edge,cog_50_cyb_50,generalist,640,0.0031,0.0031,0.0385,0.2766,0.7891,0.0813,0.7609,4.1359,-0.5175,cascade
instruct,collapsed_q2_edge,cog_50_cyb_50,math,640,0.0016,0.0,0.0265,0.2437,0.7406,0.0625,0.6969,4.9641,-0.5386,cascade
instruct,collapsed_q2_edge,cog_50_cyb_50,planning,640,0.0031,0.0016,0.0383,0.2844,0.7672,0.0688,0.6109,4.4297,-0.5127,cascade
instruct,collapsed_q2_edge,cog_50_cyb_50,rhetoric,640,0.0,0.0,0.0227,0.2391,0.8078,0.0625,0.7297,4.7078,-0.5486,cascade
instruct,collapsed_q2_edge,cog_50_cyb_50,spatial,640,0.0,0.0,0.04,0.25,0.7688,0.0797,0.6453,4.4516,-0.5208,cascade
instruct,collapsed_q2_edge,cog_50_str_50,adversarial,640,0.0125,0.0125,0.12,0.4672,0.6375,0.0359,0.7078,4.0891,-0.447,cascade
instruct,collapsed_q2_edge,cog_50_str_50,boundary,640,0.0109,0.0063,0.1003,0.4797,0.7531,0.0422,0.8391,3.9016,-0.4903,cascade
instruct,collapsed_q2_edge,cog_50_str_50,coding,640,0.0094,0.0047,0.1112,0.3984,0.6422,0.0281,0.6156,3.6969,-0.4277,cascade
instruct,collapsed_q2_edge,cog_50_str_50,epistemic,640,0.0141,0.0109,0.1294,0.4313,0.6234,0.0156,0.6609,3.1656,-0.3904,cascade
instruct,collapsed_q2_edge,cog_50_str_50,forensic,640,0.0203,0.0141,0.1186,0.4828,0.6578,0.0281,0.675,3.6344,-0.4246,cascade
instruct,collapsed_q2_edge,cog_50_str_50,generalist,640,0.0172,0.0125,0.1382,0.4234,0.6219,0.0391,0.6813,3.3062,-0.4017,cascade
instruct,collapsed_q2_edge,cog_50_str_50,math,640,0.0141,0.0109,0.1245,0.3922,0.5797,0.0297,0.6719,3.9266,-0.419,cascade
instruct,collapsed_q2_edge,cog_50_str_50,planning,640,0.025,0.0187,0.1413,0.4437,0.5813,0.0312,0.5656,3.4547,-0.3799,cascade
instruct,collapsed_q2_edge,cog_50_str_50,rhetoric,640,0.0094,0.0078,0.1023,0.4031,0.6547,0.0219,0.6844,3.7875,-0.4371,cascade
instruct,collapsed_q2_edge,cog_50_str_50,spatial,640,0.0297,0.0234,0.1457,0.4359,0.5922,0.0391,0.5094,3.4594,-0.3758,cascade
instruct,collapsed_q2_edge,cog_60_cyb_40,adversarial,640,0.0,0.0,0.0348,0.3781,0.7984,0.0828,0.7375,5.0484,-0.5675,cascade
instruct,collapsed_q2_edge,cog_60_cyb_40,boundary,640,0.0016,0.0016,0.046,0.4094,0.8313,0.0844,0.7844,4.6984,-0.5624,cascade
instruct,collapsed_q2_edge,cog_60_cyb_40,coding,640,0.0016,0.0016,0.0218,0.2547,0.7984,0.0781,0.6375,4.7422,-0.5417,cascade
instruct,collapsed_q2_edge,cog_60_cyb_40,epistemic,640,0.0031,0.0,0.0294,0.2844,0.8125,0.0625,0.7031,3.9813,-0.5116,cascade
instruct,collapsed_q2_edge,cog_60_cyb_40,forensic,640,0.0,0.0,0.0292,0.3625,0.8078,0.075,0.7391,4.4734,-0.5401,cascade
instruct,collapsed_q2_edge,cog_60_cyb_40,generalist,640,0.0,0.0,0.0344,0.2375,0.7656,0.0844,0.7641,4.1797,-0.5167,cascade
instruct,collapsed_q2_edge,cog_60_cyb_40,math,640,0.0,0.0,0.0268,0.2469,0.7422,0.0656,0.7328,4.9547,-0.5421,cascade
instruct,collapsed_q2_edge,cog_60_cyb_40,planning,640,0.0047,0.0047,0.0409,0.2641,0.7547,0.0719,0.5719,4.4484,-0.5043,cascade
instruct,collapsed_q2_edge,cog_60_cyb_40,rhetoric,640,0.0016,0.0,0.0292,0.2641,0.8109,0.0625,0.6859,4.6766,-0.5445,cascade
instruct,collapsed_q2_edge,cog_60_cyb_40,spatial,640,0.0031,0.0031,0.0311,0.2328,0.7547,0.0734,0.5922,4.5016,-0.5104,cascade
instruct,collapsed_q2_edge,cog_60_str_40,adversarial,640,0.0047,0.0031,0.0867,0.4062,0.7172,0.0484,0.7281,4.5141,-0.5057,cascade
instruct,collapsed_q2_edge,cog_60_str_40,boundary,640,0.0047,0.0016,0.0898,0.4328,0.7156,0.0531,0.8172,4.2047,-0.4994,cascade
instruct,collapsed_q2_edge,cog_60_str_40,coding,640,0.0016,0.0016,0.0846,0.3656,0.6859,0.0437,0.625,4.0141,-0.4637,cascade
instruct,collapsed_q2_edge,cog_60_str_40,epistemic,640,0.0141,0.0125,0.1183,0.4469,0.6875,0.0281,0.7063,3.3,-0.4209,cascade
instruct,collapsed_q2_edge,cog_60_str_40,forensic,640,0.0063,0.0047,0.0849,0.3797,0.7109,0.0375,0.7203,3.9266,-0.47,cascade
instruct,collapsed_q2_edge,cog_60_str_40,generalist,640,0.0078,0.0063,0.1113,0.4344,0.6937,0.0375,0.6891,3.475,-0.4382,cascade
instruct,collapsed_q2_edge,cog_60_str_40,math,640,0.0078,0.0078,0.1135,0.4094,0.5797,0.0281,0.6469,4.1297,-0.43,cascade
instruct,collapsed_q2_edge,cog_60_str_40,planning,640,0.0187,0.0141,0.1168,0.4094,0.6297,0.0359,0.5422,3.6656,-0.4087,cascade
instruct,collapsed_q2_edge,cog_60_str_40,rhetoric,640,0.0078,0.0078,0.0865,0.3906,0.6687,0.0266,0.6781,4.0406,-0.4544,cascade
instruct,collapsed_q2_edge,cog_60_str_40,spatial,640,0.0172,0.0125,0.1155,0.4234,0.6312,0.0375,0.5422,3.7391,-0.4147,cascade
instruct,collapsed_q2_edge,cog_75_cyb_25,adversarial,640,0.0,0.0,0.0269,0.3266,0.8344,0.0625,0.7844,5.1656,-0.5838,cascade
instruct,collapsed_q2_edge,cog_75_cyb_25,boundary,640,0.0,0.0,0.0278,0.3219,0.8297,0.0859,0.8609,4.9188,-0.5809,cascade
instruct,collapsed_q2_edge,cog_75_cyb_25,coding,640,0.0016,0.0016,0.0229,0.2594,0.7953,0.075,0.6391,4.7219,-0.5393,cascade
instruct,collapsed_q2_edge,cog_75_cyb_25,epistemic,640,0.0016,0.0,0.0367,0.3344,0.7812,0.0469,0.7234,3.9734,-0.5003,cascade
instruct,collapsed_q2_edge,cog_75_cyb_25,forensic,640,0.0016,0.0,0.0259,0.3156,0.7922,0.0625,0.7031,4.5375,-0.5333,cascade
instruct,collapsed_q2_edge,cog_75_cyb_25,generalist,640,0.0047,0.0031,0.0337,0.2562,0.7984,0.0766,0.7688,4.1641,-0.5214,cascade
instruct,collapsed_q2_edge,cog_75_cyb_25,math,640,0.0016,0.0016,0.0353,0.2578,0.7344,0.0641,0.6703,4.9562,-0.533,cascade
instruct,collapsed_q2_edge,cog_75_cyb_25,planning,640,0.0031,0.0016,0.0459,0.2844,0.7656,0.0469,0.5687,4.4156,-0.5038,cascade
instruct,collapsed_q2_edge,cog_75_cyb_25,rhetoric,640,0.0,0.0,0.03,0.2641,0.7875,0.0625,0.7281,4.7141,-0.5427,cascade
instruct,collapsed_q2_edge,cog_75_cyb_25,spatial,640,0.0,0.0,0.0336,0.2469,0.7797,0.05,0.6047,4.5,-0.5173,cascade
instruct,collapsed_q2_edge,cog_75_str_25,adversarial,640,0.0047,0.0047,0.0548,0.3391,0.7547,0.0516,0.7234,4.8609,-0.533,cascade
instruct,collapsed_q2_edge,cog_75_str_25,boundary,640,0.0,0.0,0.041,0.3141,0.7906,0.0563,0.8453,4.7375,-0.5529,cascade
instruct,collapsed_q2_edge,cog_75_str_25,coding,640,0.0031,0.0031,0.0497,0.3281,0.7422,0.0312,0.6016,4.3766,-0.4927,cascade
instruct,collapsed_q2_edge,cog_75_str_25,epistemic,640,0.0109,0.0094,0.0722,0.4,0.7406,0.0297,0.7812,3.6281,-0.4627,cascade
instruct,collapsed_q2_edge,cog_75_str_25,forensic,640,0.0047,0.0016,0.0497,0.3422,0.7734,0.0312,0.65,4.2516,-0.5013,cascade
instruct,collapsed_q2_edge,cog_75_str_25,generalist,640,0.0031,0.0016,0.0835,0.3906,0.7094,0.0547,0.7391,3.8016,-0.4714,cascade
instruct,collapsed_q2_edge,cog_75_str_25,math,640,0.0109,0.0109,0.0733,0.3766,0.6578,0.0328,0.6922,4.4922,-0.473,cascade
instruct,collapsed_q2_edge,cog_75_str_25,planning,640,0.0063,0.0031,0.0791,0.3844,0.7172,0.0453,0.5687,4.0406,-0.4686,cascade
instruct,collapsed_q2_edge,cog_75_str_25,rhetoric,640,0.0047,0.0047,0.0579,0.35,0.7453,0.05,0.7141,4.3422,-0.5031,cascade
instruct,collapsed_q2_edge,cog_75_str_25,spatial,640,0.0141,0.0094,0.0829,0.4078,0.7031,0.0484,0.5344,3.9984,-0.4539,cascade
instruct,collapsed_q2_edge,cognitive_only,adversarial,640,0.0,0.0,0.0074,0.15,0.8641,0.0328,0.8016,5.4078,-0.6003,cascade
instruct,collapsed_q2_edge,cognitive_only,boundary,640,0.0,0.0,0.0104,0.1625,0.8672,0.0531,0.8609,5.1391,-0.5966,cascade
instruct,collapsed_q2_edge,cognitive_only,coding,640,0.0,0.0,0.0103,0.1625,0.8109,0.0516,0.6859,4.8641,-0.5517,cascade
instruct,collapsed_q2_edge,cognitive_only,epistemic,640,0.0031,0.0031,0.0251,0.2703,0.8234,0.0359,0.7688,4.0563,-0.5154,cascade
instruct,collapsed_q2_edge,cognitive_only,forensic,640,0.0,0.0,0.0133,0.1578,0.8562,0.0469,0.8016,4.6547,-0.5631,cascade
instruct,collapsed_q2_edge,cognitive_only,generalist,640,0.0016,0.0016,0.0244,0.2547,0.8078,0.0641,0.7344,4.2594,-0.5253,cascade
instruct,collapsed_q2_edge,cognitive_only,math,640,0.0016,0.0016,0.018,0.2094,0.7797,0.0391,0.7406,5.0219,-0.5505,cascade
instruct,collapsed_q2_edge,cognitive_only,planning,640,0.0078,0.0031,0.0347,0.2422,0.7766,0.0516,0.6328,4.5234,-0.517,cascade
instruct,collapsed_q2_edge,cognitive_only,rhetoric,640,0.0,0.0,0.0229,0.2547,0.8156,0.0437,0.7984,4.7594,-0.5553,cascade
instruct,collapsed_q2_edge,cognitive_only,spatial,640,0.0031,0.0016,0.0266,0.2422,0.7953,0.0563,0.6094,4.5625,-0.5252,cascade
instruct,collapsed_q2_edge,cyb_25_str_75,adversarial,640,0.0703,0.0594,0.3036,0.6953,0.5312,0.0359,0.5844,2.7938,-0.2936,cascade
instruct,collapsed_q2_edge,cyb_25_str_75,boundary,640,0.0813,0.0578,0.298,0.6578,0.5594,0.05,0.6562,2.5906,-0.302,cascade
instruct,collapsed_q2_edge,cyb_25_str_75,coding,640,0.0406,0.0281,0.2103,0.4344,0.5203,0.025,0.5141,2.9609,-0.3221,cascade
instruct,collapsed_q2_edge,cyb_25_str_75,epistemic,640,0.0484,0.0375,0.2028,0.4172,0.5391,0.0187,0.5969,2.6016,-0.3058,cascade
instruct,collapsed_q2_edge,cyb_25_str_75,forensic,640,0.0625,0.0516,0.2585,0.675,0.5422,0.0172,0.5609,2.7547,-0.2971,cascade
instruct,collapsed_q2_edge,cyb_25_str_75,generalist,640,0.0344,0.0328,0.2002,0.4172,0.5453,0.0344,0.5844,2.8047,-0.3246,cascade
instruct,collapsed_q2_edge,cyb_25_str_75,math,640,0.0281,0.0203,0.1866,0.4141,0.5234,0.0266,0.5828,3.3406,-0.3557,cascade
instruct,collapsed_q2_edge,cyb_25_str_75,planning,640,0.0531,0.0422,0.2026,0.4141,0.5312,0.0234,0.4844,2.9109,-0.3062,cascade
instruct,collapsed_q2_edge,cyb_25_str_75,rhetoric,640,0.0219,0.0187,0.156,0.3453,0.5703,0.0172,0.5719,3.2516,-0.3641,cascade
instruct,collapsed_q2_edge,cyb_25_str_75,spatial,640,0.0406,0.0328,0.198,0.4094,0.5203,0.025,0.4391,2.9609,-0.3115,cascade
instruct,collapsed_q2_edge,cyb_40_str_60,adversarial,640,0.0578,0.0266,0.2423,0.6531,0.575,0.0484,0.6234,3.1547,-0.3632,cascade
instruct,collapsed_q2_edge,cyb_40_str_60,boundary,640,0.0484,0.0297,0.2597,0.6687,0.5844,0.0594,0.65,2.8359,-0.3513,cascade
instruct,collapsed_q2_edge,cyb_40_str_60,coding,640,0.0141,0.0094,0.1464,0.4047,0.5641,0.0531,0.5797,3.4438,-0.389,cascade
instruct,collapsed_q2_edge,cyb_40_str_60,epistemic,640,0.0297,0.0234,0.154,0.3828,0.5953,0.0266,0.6359,2.8906,-0.3559,cascade
instruct,collapsed_q2_edge,cyb_40_str_60,forensic,640,0.0516,0.0391,0.1954,0.6375,0.5797,0.0469,0.6281,3.1078,-0.3499,cascade
instruct,collapsed_q2_edge,cyb_40_str_60,generalist,640,0.0125,0.0047,0.1374,0.3328,0.6391,0.0484,0.5578,3.0719,-0.3949,cascade
instruct,collapsed_q2_edge,cyb_40_str_60,math,640,0.0203,0.0156,0.1354,0.3719,0.6109,0.0406,0.6219,3.7062,-0.4108,cascade
instruct,collapsed_q2_edge,cyb_40_str_60,planning,640,0.0359,0.0328,0.1527,0.3578,0.5734,0.0344,0.4844,3.2797,-0.3488,cascade
instruct,collapsed_q2_edge,cyb_40_str_60,rhetoric,640,0.0063,0.0063,0.126,0.4062,0.6172,0.0234,0.5828,3.4937,-0.4049,cascade
instruct,collapsed_q2_edge,cyb_40_str_60,spatial,640,0.0297,0.025,0.1421,0.3625,0.575,0.0359,0.4984,3.3438,-0.3618,cascade
instruct,collapsed_q2_edge,cyb_50_str_50,adversarial,640,0.0437,0.025,0.2381,0.6969,0.6203,0.0375,0.6672,3.2062,-0.3823,cascade
instruct,collapsed_q2_edge,cyb_50_str_50,boundary,640,0.0453,0.0328,0.2411,0.6641,0.575,0.0578,0.6937,3.0219,-0.3578,cascade
instruct,collapsed_q2_edge,cyb_50_str_50,coding,640,0.0078,0.0078,0.1286,0.3844,0.6094,0.0547,0.5078,3.5656,-0.4048,cascade
instruct,collapsed_q2_edge,cyb_50_str_50,epistemic,640,0.0203,0.0172,0.1277,0.3547,0.6281,0.0297,0.5547,3.0625,-0.3747,cascade
instruct,collapsed_q2_edge,cyb_50_str_50,forensic,640,0.0375,0.0328,0.1643,0.6375,0.6281,0.0391,0.6188,3.2812,-0.377,cascade
instruct,collapsed_q2_edge,cyb_50_str_50,generalist,640,0.0156,0.0125,0.1229,0.3797,0.6453,0.0594,0.5828,3.3203,-0.4056,cascade
instruct,collapsed_q2_edge,cyb_50_str_50,math,640,0.0078,0.0063,0.1164,0.3922,0.6047,0.0437,0.6062,3.9688,-0.4308,cascade
instruct,collapsed_q2_edge,cyb_50_str_50,planning,640,0.0203,0.0172,0.1396,0.3734,0.6031,0.0516,0.4625,3.4047,-0.3813,cascade
instruct,collapsed_q2_edge,cyb_50_str_50,rhetoric,640,0.0047,0.0047,0.0931,0.3172,0.65,0.0453,0.6422,3.7844,-0.44,cascade
instruct,collapsed_q2_edge,cyb_50_str_50,spatial,640,0.0172,0.0141,0.1137,0.3438,0.5922,0.05,0.4813,3.5516,-0.3897,cascade
instruct,collapsed_q2_edge,cyb_60_str_40,adversarial,640,0.0266,0.0234,0.1965,0.6359,0.6219,0.0547,0.6797,3.4609,-0.4015,cascade
instruct,collapsed_q2_edge,cyb_60_str_40,boundary,640,0.0453,0.0328,0.2216,0.7063,0.6297,0.0641,0.6937,3.1391,-0.3814,cascade
instruct,collapsed_q2_edge,cyb_60_str_40,coding,640,0.0047,0.0016,0.0869,0.3531,0.6484,0.0516,0.5344,3.9062,-0.4413,cascade
instruct,collapsed_q2_edge,cyb_60_str_40,epistemic,640,0.0109,0.0063,0.0983,0.3688,0.6875,0.05,0.6453,3.2922,-0.4262,cascade
instruct,collapsed_q2_edge,cyb_60_str_40,forensic,640,0.0266,0.0203,0.1522,0.6203,0.6562,0.05,0.625,3.4219,-0.4077,cascade
instruct,collapsed_q2_edge,cyb_60_str_40,generalist,640,0.0078,0.0031,0.0963,0.2797,0.6797,0.0625,0.6469,3.5172,-0.4409,cascade
instruct,collapsed_q2_edge,cyb_60_str_40,math,640,0.0078,0.0078,0.0918,0.3016,0.6172,0.05,0.6062,4.2906,-0.4504,cascade
instruct,collapsed_q2_edge,cyb_60_str_40,planning,640,0.0125,0.0125,0.0922,0.2875,0.6109,0.0516,0.5125,3.7609,-0.4101,cascade
instruct,collapsed_q2_edge,cyb_60_str_40,rhetoric,640,0.0063,0.0031,0.0782,0.2953,0.675,0.0531,0.6109,4.0281,-0.4603,cascade
instruct,collapsed_q2_edge,cyb_60_str_40,spatial,640,0.0141,0.0125,0.0987,0.3344,0.6375,0.05,0.4922,3.7234,-0.4143,cascade
instruct,collapsed_q2_edge,cyb_75_str_25,adversarial,640,0.0203,0.0141,0.1623,0.6344,0.6469,0.0859,0.6234,3.8391,-0.439,cascade
instruct,collapsed_q2_edge,cyb_75_str_25,boundary,640,0.0312,0.0187,0.1868,0.6594,0.6562,0.0703,0.725,3.3312,-0.4168,cascade
instruct,collapsed_q2_edge,cyb_75_str_25,coding,640,0.0016,0.0,0.0591,0.3234,0.6984,0.0719,0.5719,4.2016,-0.4797,cascade
instruct,collapsed_q2_edge,cyb_75_str_25,epistemic,640,0.0047,0.0031,0.0659,0.2828,0.7141,0.0672,0.6734,3.5969,-0.4583,cascade
instruct,collapsed_q2_edge,cyb_75_str_25,forensic,640,0.0078,0.0031,0.105,0.6109,0.7094,0.0797,0.6,3.7313,-0.4602,cascade
instruct,collapsed_q2_edge,cyb_75_str_25,generalist,640,0.0078,0.0031,0.0571,0.2625,0.7422,0.0813,0.6094,3.8391,-0.4765,cascade
instruct,collapsed_q2_edge,cyb_75_str_25,math,640,0.0,0.0,0.046,0.2562,0.6906,0.0797,0.6922,4.6234,-0.5097,cascade
instruct,collapsed_q2_edge,cyb_75_str_25,planning,640,0.0063,0.0047,0.0577,0.2687,0.7016,0.0609,0.5094,4.05,-0.4612,cascade
instruct,collapsed_q2_edge,cyb_75_str_25,rhetoric,640,0.0047,0.0031,0.0598,0.2781,0.7453,0.0766,0.6484,4.3031,-0.5028,cascade
instruct,collapsed_q2_edge,cyb_75_str_25,spatial,640,0.0031,0.0016,0.0566,0.2609,0.6984,0.0734,0.5625,4.1766,-0.4765,cascade
instruct,collapsed_q2_edge,cyber_only,adversarial,640,0.0047,0.0047,0.0545,0.4516,0.7859,0.0875,0.7438,4.8344,-0.5498,cascade
instruct,collapsed_q2_edge,cyber_only,boundary,640,0.0031,0.0031,0.079,0.5,0.7703,0.0922,0.7703,4.4203,-0.529,cascade
instruct,collapsed_q2_edge,cyber_only,coding,640,0.0,0.0,0.0175,0.1703,0.8125,0.0719,0.5984,4.7922,-0.5456,cascade
instruct,collapsed_q2_edge,cyber_only,epistemic,640,0.0016,0.0,0.0248,0.1922,0.8234,0.0703,0.7094,4.0656,-0.5211,cascade
instruct,collapsed_q2_edge,cyber_only,forensic,640,0.0,0.0,0.0389,0.4672,0.8125,0.0844,0.7109,4.3781,-0.5364,cascade
instruct,collapsed_q2_edge,cyber_only,generalist,640,0.0,0.0,0.0169,0.1281,0.8094,0.0859,0.7234,4.2953,-0.5326,cascade
instruct,collapsed_q2_edge,cyber_only,math,640,0.0,0.0,0.021,0.1547,0.7578,0.0844,0.6766,5.0563,-0.5512,cascade
instruct,collapsed_q2_edge,cyber_only,planning,640,0.0016,0.0,0.0239,0.1688,0.7859,0.075,0.5641,4.5656,-0.5242,cascade
instruct,collapsed_q2_edge,cyber_only,rhetoric,640,0.0,0.0,0.0149,0.1625,0.8031,0.0578,0.7516,4.8266,-0.554,cascade
instruct,collapsed_q2_edge,cyber_only,spatial,640,0.0047,0.0031,0.0169,0.1469,0.8,0.0688,0.5938,4.6203,-0.5291,cascade
instruct,collapsed_q2_edge,structural_only,adversarial,640,0.0453,0.0328,0.1966,0.5078,0.6109,0.0203,0.625,3.4156,-0.3753,cascade
instruct,collapsed_q2_edge,structural_only,boundary,640,0.0297,0.0203,0.206,0.5266,0.5781,0.0297,0.7578,3.1516,-0.3773,cascade
instruct,collapsed_q2_edge,structural_only,coding,640,0.0266,0.0203,0.1741,0.4031,0.5625,0.0187,0.5578,3.1672,-0.3552,cascade
instruct,collapsed_q2_edge,structural_only,epistemic,640,0.0437,0.0312,0.1782,0.3937,0.5734,0.0063,0.6422,2.7062,-0.3287,cascade
instruct,collapsed_q2_edge,structural_only,forensic,640,0.0375,0.0328,0.1758,0.5281,0.5984,0.025,0.6078,3.1063,-0.3557,cascade
instruct,collapsed_q2_edge,structural_only,generalist,640,0.0266,0.0203,0.1773,0.4031,0.5797,0.025,0.6266,2.8734,-0.3524,cascade
instruct,collapsed_q2_edge,structural_only,math,640,0.0422,0.0312,0.1964,0.4297,0.4906,0.0109,0.6375,3.3656,-0.3374,cascade
instruct,collapsed_q2_edge,structural_only,planning,640,0.05,0.0375,0.1977,0.4453,0.5578,0.0063,0.5188,3.0203,-0.3236,cascade
instruct,collapsed_q2_edge,structural_only,rhetoric,640,0.0328,0.0297,0.1648,0.3625,0.5547,0.0187,0.6031,3.3516,-0.3563,cascade
instruct,collapsed_q2_edge,structural_only,spatial,640,0.0297,0.0234,0.1734,0.4219,0.5766,0.0109,0.4953,3.125,-0.3476,cascade
instruct,collapsed_q2_edge,tri_boundary_heavy,adversarial,640,0.0578,0.0344,0.2845,0.7047,0.5031,0.0547,0.6594,2.9531,-0.3279,cascade
instruct,collapsed_q2_edge,tri_boundary_heavy,boundary,640,0.0875,0.0672,0.3115,0.7141,0.5266,0.0609,0.725,2.6141,-0.2917,cascade
instruct,collapsed_q2_edge,tri_boundary_heavy,coding,640,0.0203,0.0156,0.1741,0.4609,0.55,0.0578,0.5078,3.2078,-0.362,cascade
instruct,collapsed_q2_edge,tri_boundary_heavy,epistemic,640,0.0375,0.0172,0.1842,0.4516,0.5234,0.0594,0.6172,2.7078,-0.3365,cascade
instruct,collapsed_q2_edge,tri_boundary_heavy,forensic,640,0.0641,0.0484,0.2356,0.6844,0.5656,0.0594,0.5875,2.8844,-0.3243,cascade
instruct,collapsed_q2_edge,tri_boundary_heavy,generalist,640,0.0375,0.0281,0.1891,0.4,0.5703,0.0828,0.5766,2.8625,-0.3488,cascade
instruct,collapsed_q2_edge,tri_boundary_heavy,math,640,0.0219,0.0172,0.1677,0.3969,0.525,0.0406,0.6281,3.5078,-0.3741,cascade
instruct,collapsed_q2_edge,tri_boundary_heavy,planning,640,0.0641,0.0547,0.2012,0.4188,0.525,0.0656,0.4703,3.0422,-0.3057,cascade
instruct,collapsed_q2_edge,tri_boundary_heavy,rhetoric,640,0.0219,0.0187,0.1628,0.4047,0.5734,0.0641,0.6344,3.3359,-0.3836,cascade
instruct,collapsed_q2_edge,tri_boundary_heavy,spatial,640,0.0391,0.0344,0.1658,0.3969,0.5531,0.0656,0.4797,3.1578,-0.341,cascade
instruct,collapsed_q2_edge,tri_cognitive_bridge,adversarial,640,0.0406,0.0219,0.212,0.5875,0.5906,0.0656,0.6266,3.3438,-0.3857,cascade
instruct,collapsed_q2_edge,tri_cognitive_bridge,boundary,640,0.0484,0.0359,0.226,0.6078,0.5922,0.0625,0.7531,3.0953,-0.3692,cascade
instruct,collapsed_q2_edge,tri_cognitive_bridge,coding,640,0.0281,0.0187,0.18,0.4562,0.5422,0.0516,0.5656,3.1891,-0.3589,cascade
instruct,collapsed_q2_edge,tri_cognitive_bridge,epistemic,640,0.0594,0.0453,0.2014,0.4781,0.5375,0.0437,0.6375,2.6922,-0.3103,cascade
instruct,collapsed_q2_edge,tri_cognitive_bridge,forensic,640,0.0281,0.0187,0.1804,0.5781,0.5984,0.05,0.6062,3.1719,-0.3779,cascade
instruct,collapsed_q2_edge,tri_cognitive_bridge,generalist,640,0.025,0.0203,0.1847,0.4406,0.5609,0.0578,0.6078,2.9422,-0.3553,cascade
instruct,collapsed_q2_edge,tri_cognitive_bridge,math,640,0.0109,0.0047,0.1762,0.45,0.525,0.0531,0.6141,3.5,-0.3876,cascade
instruct,collapsed_q2_edge,tri_cognitive_bridge,planning,640,0.0594,0.0484,0.204,0.4484,0.5484,0.0469,0.5188,2.9891,-0.3164,cascade
instruct,collapsed_q2_edge,tri_cognitive_bridge,rhetoric,640,0.025,0.0187,0.1507,0.3969,0.5984,0.0312,0.5969,3.4625,-0.3879,cascade
instruct,collapsed_q2_edge,tri_cognitive_bridge,spatial,640,0.0453,0.0344,0.1812,0.4609,0.5578,0.0516,0.475,3.0688,-0.3347,cascade
instruct,collapsed_q2_edge,tri_cognitive_heavy,adversarial,640,0.0203,0.0063,0.133,0.525,0.6672,0.0516,0.7047,3.9094,-0.4561,cascade
instruct,collapsed_q2_edge,tri_cognitive_heavy,boundary,640,0.0125,0.0063,0.1322,0.5078,0.6578,0.0734,0.7891,3.7266,-0.4552,cascade
instruct,collapsed_q2_edge,tri_cognitive_heavy,coding,640,0.0109,0.0078,0.1117,0.4047,0.6406,0.0547,0.5797,3.675,-0.4254,cascade
instruct,collapsed_q2_edge,tri_cognitive_heavy,epistemic,640,0.0281,0.0156,0.1576,0.4984,0.6062,0.0422,0.6766,2.9859,-0.3781,cascade
instruct,collapsed_q2_edge,tri_cognitive_heavy,forensic,640,0.0234,0.0156,0.1227,0.5062,0.6625,0.0625,0.6687,3.5641,-0.4273,cascade
instruct,collapsed_q2_edge,tri_cognitive_heavy,generalist,640,0.0125,0.0094,0.1406,0.4266,0.6031,0.0547,0.6687,3.2281,-0.3974,cascade
instruct,collapsed_q2_edge,tri_cognitive_heavy,math,640,0.0141,0.0109,0.1213,0.4141,0.6094,0.0563,0.6391,3.8719,-0.4278,cascade
instruct,collapsed_q2_edge,tri_cognitive_heavy,planning,640,0.0359,0.0328,0.1721,0.4422,0.5766,0.0578,0.5031,3.2594,-0.3549,cascade
instruct,collapsed_q2_edge,tri_cognitive_heavy,rhetoric,640,0.0125,0.0094,0.1329,0.4016,0.6156,0.0578,0.6516,3.6219,-0.4201,cascade
instruct,collapsed_q2_edge,tri_cognitive_heavy,spatial,640,0.025,0.0172,0.1423,0.4437,0.5687,0.0469,0.5156,3.4328,-0.3757,cascade
instruct,collapsed_q2_edge,tri_cyber_heavy,adversarial,640,0.0484,0.0312,0.266,0.7438,0.5781,0.0797,0.6438,3.0516,-0.3622,cascade
instruct,collapsed_q2_edge,tri_cyber_heavy,boundary,640,0.0703,0.0437,0.2995,0.7484,0.5547,0.0922,0.6984,2.6875,-0.3313,cascade
instruct,collapsed_q2_edge,tri_cyber_heavy,coding,640,0.0172,0.0141,0.1381,0.3797,0.5641,0.0891,0.5109,3.4781,-0.3878,cascade
instruct,collapsed_q2_edge,tri_cyber_heavy,epistemic,640,0.0219,0.0094,0.1421,0.3953,0.6078,0.0484,0.6344,3.0219,-0.3845,cascade
instruct,collapsed_q2_edge,tri_cyber_heavy,forensic,640,0.0437,0.0328,0.182,0.6937,0.6219,0.0859,0.6062,3.1641,-0.3776,cascade
instruct,collapsed_q2_edge,tri_cyber_heavy,generalist,640,0.0172,0.0109,0.1396,0.3609,0.5766,0.0625,0.5906,3.2281,-0.3832,cascade
instruct,collapsed_q2_edge,tri_cyber_heavy,math,640,0.0156,0.0109,0.131,0.3438,0.5594,0.0703,0.5828,3.875,-0.4113,cascade
instruct,collapsed_q2_edge,tri_cyber_heavy,planning,640,0.0344,0.0234,0.1432,0.3297,0.5625,0.0719,0.5047,3.3687,-0.3685,cascade
instruct,collapsed_q2_edge,tri_cyber_heavy,rhetoric,640,0.0047,0.0031,0.1046,0.3484,0.6391,0.075,0.5969,3.6703,-0.4349,cascade
instruct,collapsed_q2_edge,tri_cyber_heavy,spatial,640,0.0141,0.0094,0.1144,0.3422,0.5953,0.0875,0.4797,3.5281,-0.4015,cascade
instruct,collapsed_q2_edge,tri_equal_routed,adversarial,640,0.0359,0.025,0.1885,0.6422,0.6359,0.0703,0.6891,3.5297,-0.4115,cascade
instruct,collapsed_q2_edge,tri_equal_routed,boundary,640,0.0359,0.0187,0.1942,0.6094,0.6094,0.0844,0.8016,3.2563,-0.4079,cascade
instruct,collapsed_q2_edge,tri_equal_routed,coding,640,0.0109,0.0078,0.1145,0.3672,0.6234,0.0781,0.55,3.6172,-0.4197,cascade
instruct,collapsed_q2_edge,tri_equal_routed,epistemic,640,0.0219,0.0172,0.1277,0.4016,0.6172,0.05,0.6266,3.0984,-0.383,cascade
instruct,collapsed_q2_edge,tri_equal_routed,forensic,640,0.0234,0.0172,0.1502,0.5719,0.6344,0.0625,0.6469,3.35,-0.4049,cascade
instruct,collapsed_q2_edge,tri_equal_routed,generalist,640,0.0109,0.0047,0.1306,0.3797,0.625,0.0859,0.6562,3.2281,-0.4139,cascade
instruct,collapsed_q2_edge,tri_equal_routed,math,640,0.0078,0.0078,0.1261,0.3797,0.575,0.0469,0.6266,3.9156,-0.42,cascade
instruct,collapsed_q2_edge,tri_equal_routed,planning,640,0.0375,0.0312,0.153,0.4,0.6031,0.0828,0.525,3.3078,-0.3736,cascade
instruct,collapsed_q2_edge,tri_equal_routed,rhetoric,640,0.0047,0.0031,0.1157,0.4062,0.65,0.0656,0.6891,3.6516,-0.4427,cascade
instruct,collapsed_q2_edge,tri_equal_routed,spatial,640,0.025,0.0172,0.1356,0.4047,0.5609,0.0578,0.5687,3.4422,-0.3803,cascade
instruct,collapsed_q2_edge,tri_naive_equal_all_fire,adversarial,640,0.0469,0.0312,0.2694,0.7063,0.5109,0.3281,0.7328,2.8578,-0.3892,cascade
instruct,collapsed_q2_edge,tri_naive_equal_all_fire,boundary,640,0.0781,0.0391,0.3068,0.7281,0.5312,0.3187,0.7875,2.5172,-0.3729,cascade
instruct,collapsed_q2_edge,tri_naive_equal_all_fire,coding,640,0.0187,0.0109,0.1467,0.3734,0.5469,0.3359,0.6,3.3078,-0.4337,cascade
instruct,collapsed_q2_edge,tri_naive_equal_all_fire,epistemic,640,0.0359,0.0187,0.1694,0.3937,0.5203,0.3,0.6469,2.7594,-0.3871,cascade
instruct,collapsed_q2_edge,tri_naive_equal_all_fire,forensic,640,0.0406,0.0266,0.2101,0.6797,0.5547,0.325,0.7031,2.9297,-0.4076,cascade
instruct,collapsed_q2_edge,tri_naive_equal_all_fire,generalist,640,0.0187,0.0125,0.1571,0.3781,0.5844,0.325,0.7063,2.9328,-0.431,cascade
instruct,collapsed_q2_edge,tri_naive_equal_all_fire,math,640,0.0234,0.0109,0.1255,0.3328,0.5531,0.3109,0.65,3.7547,-0.4569,cascade
instruct,collapsed_q2_edge,tri_naive_equal_all_fire,planning,640,0.0344,0.0141,0.1635,0.3656,0.5312,0.2953,0.5609,3.0797,-0.4032,cascade
instruct,collapsed_q2_edge,tri_naive_equal_all_fire,rhetoric,640,0.0141,0.0078,0.1293,0.3609,0.5563,0.2953,0.7016,3.3813,-0.4433,cascade
instruct,collapsed_q2_edge,tri_naive_equal_all_fire,spatial,640,0.0297,0.0219,0.1488,0.3719,0.5203,0.2906,0.5672,3.2234,-0.3989,cascade
instruct,collapsed_q2_edge,tri_naive_structural_heavy_all_fire,adversarial,640,0.3063,0.1594,0.5801,0.8297,0.3328,0.2906,0.6078,1.2719,-0.1108,cascade
instruct,collapsed_q2_edge,tri_naive_structural_heavy_all_fire,boundary,640,0.3625,0.1562,0.6101,0.8375,0.3203,0.2953,0.7281,1.05,-0.1097,cascade
instruct,collapsed_q2_edge,tri_naive_structural_heavy_all_fire,coding,640,0.1594,0.0922,0.4007,0.5,0.3469,0.2781,0.5,1.8281,-0.1989,cascade
instruct,collapsed_q2_edge,tri_naive_structural_heavy_all_fire,epistemic,640,0.1625,0.0953,0.4146,0.5422,0.3375,0.2656,0.625,1.5203,-0.1851,cascade
instruct,collapsed_q2_edge,tri_naive_structural_heavy_all_fire,forensic,640,0.1953,0.1078,0.466,0.7953,0.3703,0.3125,0.6094,1.6547,-0.1973,cascade
instruct,collapsed_q2_edge,tri_naive_structural_heavy_all_fire,generalist,640,0.1328,0.075,0.3712,0.4938,0.3859,0.2938,0.6172,1.7688,-0.2373,cascade
instruct,collapsed_q2_edge,tri_naive_structural_heavy_all_fire,math,640,0.1156,0.075,0.3676,0.4969,0.3438,0.2922,0.6078,2.1203,-0.2412,cascade
instruct,collapsed_q2_edge,tri_naive_structural_heavy_all_fire,planning,640,0.1953,0.1156,0.4289,0.5,0.3141,0.2734,0.4859,1.6859,-0.1565,cascade
instruct,collapsed_q2_edge,tri_naive_structural_heavy_all_fire,rhetoric,640,0.1172,0.0734,0.3583,0.4906,0.375,0.3078,0.6188,2.0125,-0.2508,cascade
instruct,collapsed_q2_edge,tri_naive_structural_heavy_all_fire,spatial,640,0.1531,0.1062,0.399,0.5328,0.3141,0.2812,0.5141,1.8516,-0.1779,cascade
instruct,collapsed_q2_edge,tri_structural_heavy_55,adversarial,640,0.0656,0.0437,0.2946,0.6766,0.5281,0.0469,0.625,2.8234,-0.3152,cascade
instruct,collapsed_q2_edge,tri_structural_heavy_55,boundary,640,0.0625,0.0375,0.2907,0.65,0.5031,0.0641,0.7094,2.7047,-0.3182,cascade
instruct,collapsed_q2_edge,tri_structural_heavy_55,coding,640,0.0547,0.0422,0.2148,0.4719,0.5188,0.0391,0.5031,2.9656,-0.3098,cascade
instruct,collapsed_q2_edge,tri_structural_heavy_55,epistemic,640,0.0641,0.0422,0.2477,0.4781,0.4797,0.0297,0.6312,2.4625,-0.2813,cascade
instruct,collapsed_q2_edge,tri_structural_heavy_55,forensic,640,0.0563,0.0469,0.2412,0.6266,0.5234,0.0391,0.6328,2.7859,-0.3079,cascade
instruct,collapsed_q2_edge,tri_structural_heavy_55,generalist,640,0.0609,0.0437,0.2408,0.4938,0.5172,0.0563,0.6031,2.6234,-0.3021,cascade
instruct,collapsed_q2_edge,tri_structural_heavy_55,math,640,0.0453,0.0375,0.2194,0.4484,0.4797,0.0422,0.5469,3.1719,-0.3172,cascade
instruct,collapsed_q2_edge,tri_structural_heavy_55,planning,640,0.0719,0.0594,0.2531,0.4594,0.4844,0.0469,0.4813,2.7266,-0.2701,cascade
instruct,collapsed_q2_edge,tri_structural_heavy_55,rhetoric,640,0.0422,0.0328,0.2153,0.4734,0.5094,0.05,0.6266,2.9688,-0.3286,cascade
instruct,collapsed_q2_edge,tri_structural_heavy_55,spatial,640,0.0531,0.05,0.2412,0.5062,0.4703,0.0375,0.5062,2.7391,-0.276,cascade
instruct,collapsed_q2_edge,tri_structural_heavy_60,adversarial,640,0.0922,0.0672,0.3328,0.6641,0.4844,0.0484,0.6312,2.6578,-0.2712,cascade
instruct,collapsed_q2_edge,tri_structural_heavy_60,boundary,640,0.1016,0.0766,0.3455,0.7047,0.4828,0.0609,0.6516,2.4625,-0.2557,cascade
instruct,collapsed_q2_edge,tri_structural_heavy_60,coding,640,0.0672,0.0531,0.2644,0.5031,0.4734,0.0359,0.5,2.6859,-0.2704,cascade
instruct,collapsed_q2_edge,tri_structural_heavy_60,epistemic,640,0.0703,0.0594,0.2617,0.5312,0.4781,0.0266,0.6078,2.3719,-0.2566,cascade
instruct,collapsed_q2_edge,tri_structural_heavy_60,forensic,640,0.0703,0.0453,0.2946,0.6937,0.4859,0.0578,0.625,2.5719,-0.2906,cascade
instruct,collapsed_q2_edge,tri_structural_heavy_60,generalist,640,0.0656,0.0531,0.2555,0.4625,0.4766,0.0516,0.5922,2.4984,-0.2725,cascade
instruct,collapsed_q2_edge,tri_structural_heavy_60,math,640,0.0719,0.0547,0.2559,0.4906,0.4469,0.0516,0.5734,2.9813,-0.2846,cascade
instruct,collapsed_q2_edge,tri_structural_heavy_60,planning,640,0.0766,0.0547,0.2685,0.4594,0.4531,0.0312,0.4828,2.5781,-0.255,cascade
instruct,collapsed_q2_edge,tri_structural_heavy_60,rhetoric,640,0.0484,0.0375,0.2283,0.4984,0.5016,0.0375,0.6078,2.9078,-0.3145,cascade
instruct,collapsed_q2_edge,tri_structural_heavy_60,spatial,640,0.0563,0.0422,0.2622,0.5047,0.475,0.0297,0.4969,2.6031,-0.2762,cascade
instruct,collapsed_q2_edge,tri_structural_heavy_65,adversarial,640,0.1156,0.0797,0.3646,0.7188,0.4469,0.0469,0.6391,2.4969,-0.2397,cascade
instruct,collapsed_q2_edge,tri_structural_heavy_65,boundary,640,0.1266,0.0844,0.3636,0.7266,0.4656,0.0344,0.6672,2.3391,-0.2325,cascade
instruct,collapsed_q2_edge,tri_structural_heavy_65,coding,640,0.0594,0.0453,0.2696,0.5062,0.4781,0.0391,0.4813,2.6266,-0.2758,cascade
instruct,collapsed_q2_edge,tri_structural_heavy_65,epistemic,640,0.0703,0.05,0.2808,0.5234,0.4609,0.0234,0.5719,2.2516,-0.2513,cascade
instruct,collapsed_q2_edge,tri_structural_heavy_65,forensic,640,0.0953,0.0641,0.3098,0.6516,0.4672,0.0406,0.5813,2.4531,-0.2534,cascade
instruct,collapsed_q2_edge,tri_structural_heavy_65,generalist,640,0.0719,0.0547,0.2844,0.475,0.4656,0.0281,0.5266,2.3516,-0.2503,cascade
instruct,collapsed_q2_edge,tri_structural_heavy_65,math,640,0.0813,0.0719,0.278,0.4797,0.4266,0.025,0.5578,2.825,-0.247,cascade
instruct,collapsed_q2_edge,tri_structural_heavy_65,planning,640,0.1062,0.0688,0.3114,0.4984,0.4703,0.0453,0.4938,2.3672,-0.2393,cascade
instruct,collapsed_q2_edge,tri_structural_heavy_65,rhetoric,640,0.0656,0.0469,0.2517,0.4953,0.4781,0.025,0.5984,2.7828,-0.2886,cascade
instruct,collapsed_q2_edge,tri_structural_heavy_65,spatial,640,0.0969,0.0813,0.2868,0.4969,0.4125,0.0422,0.4234,2.5609,-0.2129,cascade
instruct,damaged_q2,baseline,adversarial,640,0.0016,0.0016,0.0374,0.2453,0.6984,0.0203,0.6391,5.0266,-0.5145,cascade
instruct,damaged_q2,baseline,boundary,640,0.0016,0.0,0.0418,0.2469,0.6906,0.0266,0.6984,4.8203,-0.5094,cascade
instruct,damaged_q2,baseline,coding,640,0.0,0.0,0.055,0.2859,0.6469,0.0125,0.5297,4.4219,-0.46,cascade
instruct,damaged_q2,baseline,epistemic,640,0.0031,0.0031,0.0596,0.2469,0.6422,0.0,0.6516,3.8047,-0.4319,cascade
instruct,damaged_q2,baseline,forensic,640,0.0109,0.0094,0.0599,0.2578,0.6828,0.0156,0.6422,4.2922,-0.4646,cascade
instruct,damaged_q2,baseline,generalist,640,0.0031,0.0031,0.0581,0.2609,0.6438,0.0234,0.5813,3.9875,-0.4406,cascade
instruct,damaged_q2,baseline,math,640,0.0063,0.0047,0.0634,0.2828,0.5969,0.0125,0.6516,4.5359,-0.4558,cascade
instruct,damaged_q2,baseline,planning,640,0.0063,0.0031,0.0626,0.3094,0.6188,0.0094,0.5125,4.1828,-0.4345,cascade
instruct,damaged_q2,baseline,rhetoric,640,0.0016,0.0,0.0533,0.2906,0.6391,0.0094,0.6609,4.4437,-0.4687,cascade
instruct,damaged_q2,baseline,spatial,640,0.0078,0.0047,0.0644,0.2906,0.6062,0.0109,0.5312,4.2,-0.4319,cascade
instruct,damaged_q2,cog_25_cyb_75,adversarial,640,0.0469,0.0375,0.2291,0.7016,0.5172,0.0844,0.5703,3.4719,-0.3538,cascade
instruct,damaged_q2,cog_25_cyb_75,boundary,640,0.0406,0.025,0.2378,0.7312,0.5062,0.0953,0.6422,3.1906,-0.3568,cascade
instruct,damaged_q2,cog_25_cyb_75,coding,640,0.0125,0.0094,0.1143,0.4453,0.5531,0.0813,0.5203,3.7906,-0.404,cascade
instruct,damaged_q2,cog_25_cyb_75,epistemic,640,0.0125,0.0078,0.1131,0.4062,0.5406,0.0547,0.5922,3.2188,-0.3736,cascade
instruct,damaged_q2,cog_25_cyb_75,forensic,640,0.0125,0.0094,0.1604,0.6109,0.5406,0.0813,0.5797,3.4156,-0.3862,cascade
instruct,damaged_q2,cog_25_cyb_75,generalist,640,0.0094,0.0047,0.1283,0.4062,0.5828,0.0953,0.6,3.3109,-0.4028,cascade
instruct,damaged_q2,cog_25_cyb_75,math,640,0.0172,0.0156,0.1096,0.3375,0.5188,0.0828,0.5875,4.1906,-0.4131,cascade
instruct,damaged_q2,cog_25_cyb_75,planning,640,0.0203,0.0141,0.1386,0.4453,0.5172,0.0734,0.4641,3.5625,-0.371,cascade
instruct,damaged_q2,cog_25_cyb_75,rhetoric,640,0.0125,0.0094,0.1062,0.4203,0.5781,0.0781,0.5891,3.8391,-0.4188,cascade
instruct,damaged_q2,cog_25_cyb_75,spatial,640,0.0109,0.0094,0.1045,0.3812,0.5594,0.0719,0.5094,3.6938,-0.3982,cascade
instruct,damaged_q2,cog_25_str_75,adversarial,640,0.1625,0.1187,0.4418,0.6937,0.3469,0.0281,0.5141,2.1172,-0.1379,cascade
instruct,damaged_q2,cog_25_str_75,boundary,640,0.2031,0.1391,0.4587,0.7188,0.3453,0.0203,0.5531,1.9062,-0.1082,cascade
instruct,damaged_q2,cog_25_str_75,coding,640,0.1531,0.1172,0.4039,0.6234,0.3422,0.0234,0.45,2.0594,-0.1291,cascade
instruct,damaged_q2,cog_25_str_75,epistemic,640,0.1375,0.0938,0.4139,0.6266,0.3187,0.0078,0.5469,1.7812,-0.1362,cascade
instruct,damaged_q2,cog_25_str_75,forensic,640,0.1703,0.1391,0.4272,0.7125,0.3266,0.0187,0.4844,1.9609,-0.0995,cascade
instruct,damaged_q2,cog_25_str_75,generalist,640,0.1391,0.1078,0.39,0.6094,0.3766,0.025,0.5031,1.9016,-0.1455,cascade
instruct,damaged_q2,cog_25_str_75,math,640,0.1344,0.1141,0.4122,0.6109,0.3203,0.0203,0.5266,2.1469,-0.1356,cascade
instruct,damaged_q2,cog_25_str_75,planning,640,0.1922,0.1531,0.422,0.6031,0.3187,0.0281,0.4422,1.9594,-0.0815,cascade
instruct,damaged_q2,cog_25_str_75,rhetoric,640,0.1156,0.0953,0.3495,0.5531,0.3484,0.0187,0.5141,2.3188,-0.17,cascade
instruct,damaged_q2,cog_25_str_75,spatial,640,0.1344,0.1062,0.3946,0.6016,0.3328,0.0187,0.45,2.0641,-0.1365,cascade
instruct,damaged_q2,cog_40_cyb_60,adversarial,640,0.0359,0.0281,0.1979,0.6344,0.5219,0.0641,0.6172,3.6547,-0.3734,cascade
instruct,damaged_q2,cog_40_cyb_60,boundary,640,0.025,0.0172,0.1992,0.6219,0.5672,0.1,0.6922,3.3625,-0.3965,cascade
instruct,damaged_q2,cog_40_cyb_60,coding,640,0.0063,0.0031,0.1018,0.4078,0.575,0.0797,0.4922,3.8859,-0.419,cascade
instruct,damaged_q2,cog_40_cyb_60,epistemic,640,0.0203,0.0109,0.1285,0.4531,0.5453,0.0672,0.575,3.1984,-0.372,cascade
instruct,damaged_q2,cog_40_cyb_60,forensic,640,0.0359,0.0297,0.1615,0.625,0.5719,0.0781,0.6156,3.4219,-0.3778,cascade
instruct,damaged_q2,cog_40_cyb_60,generalist,640,0.0047,0.0016,0.1121,0.4313,0.5828,0.0844,0.625,3.4656,-0.4134,cascade
instruct,damaged_q2,cog_40_cyb_60,math,640,0.0125,0.0094,0.1112,0.4062,0.5078,0.0641,0.5922,4.1094,-0.4086,cascade
instruct,damaged_q2,cog_40_cyb_60,planning,640,0.025,0.0156,0.1352,0.4203,0.5188,0.0797,0.4437,3.5844,-0.3707,cascade
instruct,damaged_q2,cog_40_cyb_60,rhetoric,640,0.0047,0.0031,0.1023,0.3984,0.5875,0.0875,0.6359,3.8672,-0.4349,cascade
instruct,damaged_q2,cog_40_cyb_60,spatial,640,0.0187,0.0109,0.1145,0.4141,0.5594,0.0766,0.4656,3.7172,-0.3953,cascade
instruct,damaged_q2,cog_40_str_60,adversarial,640,0.1047,0.0797,0.3599,0.6797,0.4266,0.0297,0.5781,2.5562,-0.2283,cascade
instruct,damaged_q2,cog_40_str_60,boundary,640,0.1172,0.0797,0.3513,0.6453,0.3937,0.0312,0.6375,2.4719,-0.2193,cascade
instruct,damaged_q2,cog_40_str_60,coding,640,0.1125,0.0875,0.3623,0.6,0.3328,0.0266,0.4437,2.3328,-0.1698,cascade
instruct,damaged_q2,cog_40_str_60,epistemic,640,0.0984,0.0672,0.3393,0.6156,0.4,0.0156,0.5469,2.05,-0.2022,cascade
instruct,damaged_q2,cog_40_str_60,forensic,640,0.0984,0.0781,0.333,0.6453,0.3953,0.0219,0.5109,2.3687,-0.2042,cascade
instruct,damaged_q2,cog_40_str_60,generalist,640,0.0688,0.0516,0.3388,0.6031,0.3797,0.0266,0.5484,2.1984,-0.2215,cascade
instruct,damaged_q2,cog_40_str_60,math,640,0.0938,0.0656,0.346,0.6078,0.3187,0.0297,0.5563,2.5938,-0.2101,cascade
instruct,damaged_q2,cog_40_str_60,planning,640,0.1391,0.1062,0.3784,0.6156,0.3391,0.0219,0.4656,2.1938,-0.1468,cascade
instruct,damaged_q2,cog_40_str_60,rhetoric,640,0.0984,0.0797,0.3379,0.6266,0.375,0.0172,0.4813,2.4797,-0.1987,cascade
instruct,damaged_q2,cog_40_str_60,spatial,640,0.1078,0.0766,0.3572,0.6047,0.3219,0.025,0.4594,2.2844,-0.176,cascade
instruct,damaged_q2,cog_50_cyb_50,adversarial,640,0.0094,0.0094,0.167,0.5906,0.5906,0.0859,0.5813,3.8203,-0.4225,cascade
instruct,damaged_q2,cog_50_cyb_50,boundary,640,0.0281,0.0203,0.1764,0.6453,0.5922,0.0688,0.6766,3.5656,-0.4035,cascade
instruct,damaged_q2,cog_50_cyb_50,coding,640,0.0047,0.0047,0.1118,0.4406,0.5375,0.0672,0.4828,3.8281,-0.4,cascade
instruct,damaged_q2,cog_50_cyb_50,epistemic,640,0.0219,0.0109,0.1298,0.4375,0.5563,0.0578,0.5922,3.1703,-0.3734,cascade
instruct,damaged_q2,cog_50_cyb_50,forensic,640,0.0234,0.0141,0.1454,0.5563,0.5453,0.0781,0.5625,3.5797,-0.3891,cascade
instruct,damaged_q2,cog_50_cyb_50,generalist,640,0.0063,0.0063,0.122,0.4297,0.5547,0.0813,0.5625,3.4594,-0.3944,cascade
instruct,damaged_q2,cog_50_cyb_50,math,640,0.0141,0.0109,0.1061,0.4094,0.5078,0.0797,0.6109,4.1297,-0.4127,cascade
instruct,damaged_q2,cog_50_cyb_50,planning,640,0.0266,0.0172,0.126,0.4094,0.5547,0.0703,0.525,3.6359,-0.3871,cascade
instruct,damaged_q2,cog_50_cyb_50,rhetoric,640,0.0109,0.0094,0.1206,0.45,0.5578,0.0797,0.6031,3.7656,-0.4104,cascade
instruct,damaged_q2,cog_50_cyb_50,spatial,640,0.0141,0.0141,0.1157,0.4078,0.5312,0.0516,0.4656,3.6484,-0.3753,cascade
instruct,damaged_q2,cog_50_str_50,adversarial,640,0.0781,0.0531,0.2953,0.6125,0.4313,0.0312,0.6141,2.8906,-0.2762,cascade
instruct,damaged_q2,cog_50_str_50,boundary,640,0.0781,0.0531,0.2867,0.6281,0.4531,0.0578,0.6297,2.7391,-0.2817,cascade
instruct,damaged_q2,cog_50_str_50,coding,640,0.0516,0.0437,0.2821,0.5234,0.3906,0.0297,0.4969,2.6391,-0.2511,cascade
instruct,damaged_q2,cog_50_str_50,epistemic,640,0.0891,0.0609,0.3241,0.5875,0.3625,0.0172,0.5641,2.1906,-0.2059,cascade
instruct,damaged_q2,cog_50_str_50,forensic,640,0.0828,0.0625,0.2836,0.6438,0.4219,0.0359,0.5531,2.6469,-0.2478,cascade
instruct,damaged_q2,cog_50_str_50,generalist,640,0.0547,0.0437,0.3051,0.6109,0.3953,0.0375,0.5656,2.3656,-0.2459,cascade
instruct,damaged_q2,cog_50_str_50,math,640,0.0609,0.0453,0.2908,0.5906,0.3766,0.0391,0.5813,2.8031,-0.2621,cascade
instruct,damaged_q2,cog_50_str_50,planning,640,0.0969,0.0625,0.3237,0.6031,0.3937,0.0266,0.4688,2.4156,-0.2192,cascade
instruct,damaged_q2,cog_50_str_50,rhetoric,640,0.05,0.0359,0.2797,0.5516,0.4266,0.0234,0.5453,2.6766,-0.2742,cascade
instruct,damaged_q2,cog_50_str_50,spatial,640,0.0844,0.0734,0.2962,0.5766,0.3891,0.0172,0.4609,2.55,-0.2111,cascade
instruct,damaged_q2,cog_60_cyb_40,adversarial,640,0.0187,0.0156,0.147,0.5594,0.6078,0.075,0.6719,3.9344,-0.4322,cascade
instruct,damaged_q2,cog_60_cyb_40,boundary,640,0.0187,0.0172,0.1563,0.5844,0.5641,0.0938,0.6766,3.7,-0.4099,cascade
instruct,damaged_q2,cog_60_cyb_40,coding,640,0.0063,0.0063,0.0995,0.4359,0.5719,0.0906,0.5484,3.9141,-0.423,cascade
instruct,damaged_q2,cog_60_cyb_40,epistemic,640,0.0172,0.0141,0.1348,0.4766,0.55,0.0547,0.6078,3.1484,-0.3679,cascade
instruct,damaged_q2,cog_60_cyb_40,forensic,640,0.0172,0.0125,0.1274,0.5219,0.5609,0.0797,0.6125,3.6578,-0.4036,cascade
instruct,damaged_q2,cog_60_cyb_40,generalist,640,0.0078,0.0016,0.1263,0.4313,0.5641,0.0891,0.5656,3.4297,-0.4022,cascade
instruct,damaged_q2,cog_60_cyb_40,math,640,0.0078,0.0063,0.1172,0.4406,0.5359,0.0766,0.6156,4.0703,-0.4226,cascade
instruct,damaged_q2,cog_60_cyb_40,planning,640,0.0203,0.0187,0.1251,0.4703,0.5547,0.0469,0.4609,3.575,-0.3727,cascade
instruct,damaged_q2,cog_60_cyb_40,rhetoric,640,0.0109,0.0078,0.1165,0.4703,0.5687,0.0656,0.6016,3.7875,-0.4134,cascade
instruct,damaged_q2,cog_60_cyb_40,spatial,640,0.0141,0.0109,0.1202,0.4359,0.5344,0.0797,0.475,3.6266,-0.3846,cascade
instruct,damaged_q2,cog_60_str_40,adversarial,640,0.0453,0.0391,0.2493,0.5875,0.45,0.025,0.6078,3.2172,-0.3104,cascade
instruct,damaged_q2,cog_60_str_40,boundary,640,0.0391,0.0297,0.2359,0.5563,0.5062,0.0563,0.6594,3.0906,-0.3407,cascade
instruct,damaged_q2,cog_60_str_40,coding,640,0.0469,0.0422,0.2393,0.5156,0.425,0.0375,0.5359,2.9266,-0.282,cascade
instruct,damaged_q2,cog_60_str_40,epistemic,640,0.075,0.0469,0.2912,0.5828,0.3688,0.0266,0.5938,2.3797,-0.2355,cascade
instruct,damaged_q2,cog_60_str_40,forensic,640,0.0453,0.0344,0.2188,0.5969,0.4531,0.0406,0.6125,2.9734,-0.3074,cascade
instruct,damaged_q2,cog_60_str_40,generalist,640,0.0469,0.0297,0.2457,0.5344,0.45,0.0297,0.5953,2.6234,-0.29,cascade
instruct,damaged_q2,cog_60_str_40,math,640,0.0516,0.0391,0.2669,0.5828,0.3797,0.0359,0.5891,3.0234,-0.2803,cascade
instruct,damaged_q2,cog_60_str_40,planning,640,0.0984,0.0734,0.2974,0.5906,0.4188,0.0375,0.4813,2.5906,-0.2277,cascade
instruct,damaged_q2,cog_60_str_40,rhetoric,640,0.0703,0.0594,0.2552,0.5656,0.4281,0.0312,0.5719,2.8797,-0.265,cascade
instruct,damaged_q2,cog_60_str_40,spatial,640,0.0719,0.0594,0.2745,0.5734,0.3875,0.0375,0.4906,2.6922,-0.2382,cascade
instruct,damaged_q2,cog_75_cyb_25,adversarial,640,0.0047,0.0047,0.1261,0.5469,0.6172,0.075,0.6203,4.1656,-0.4534,cascade
instruct,damaged_q2,cog_75_cyb_25,boundary,640,0.0187,0.0125,0.1317,0.4969,0.5844,0.1031,0.7078,3.9125,-0.4357,cascade
instruct,damaged_q2,cog_75_cyb_25,coding,640,0.0063,0.0031,0.1079,0.4047,0.575,0.075,0.5391,3.9344,-0.4242,cascade
instruct,damaged_q2,cog_75_cyb_25,epistemic,640,0.0187,0.0125,0.1338,0.4797,0.5813,0.0563,0.5578,3.1766,-0.3766,cascade
instruct,damaged_q2,cog_75_cyb_25,forensic,640,0.0219,0.0141,0.1272,0.5141,0.5984,0.0625,0.6188,3.6656,-0.4108,cascade
instruct,damaged_q2,cog_75_cyb_25,generalist,640,0.0125,0.0047,0.1301,0.4266,0.5531,0.0844,0.6281,3.4641,-0.4016,cascade
instruct,damaged_q2,cog_75_cyb_25,math,640,0.0156,0.0094,0.1229,0.4391,0.5266,0.0625,0.6453,4.025,-0.414,cascade
instruct,damaged_q2,cog_75_cyb_25,planning,640,0.0203,0.0141,0.141,0.4781,0.5297,0.0594,0.5047,3.5453,-0.3744,cascade
instruct,damaged_q2,cog_75_cyb_25,rhetoric,640,0.0125,0.0078,0.1206,0.5109,0.575,0.0703,0.65,3.7984,-0.4207,cascade
instruct,damaged_q2,cog_75_cyb_25,spatial,640,0.0219,0.0203,0.1375,0.4406,0.5375,0.0672,0.4969,3.6328,-0.3758,cascade
instruct,damaged_q2,cog_75_str_25,adversarial,640,0.0266,0.0219,0.1779,0.5484,0.5297,0.0641,0.6438,3.7047,-0.3866,cascade
instruct,damaged_q2,cog_75_str_25,boundary,640,0.0328,0.0266,0.1729,0.4813,0.5484,0.0547,0.6656,3.5312,-0.3787,cascade
instruct,damaged_q2,cog_75_str_25,coding,640,0.0375,0.0266,0.1868,0.5094,0.4859,0.0688,0.4766,3.3375,-0.338,cascade
instruct,damaged_q2,cog_75_str_25,epistemic,640,0.0359,0.0219,0.2183,0.5766,0.4422,0.0375,0.5656,2.7,-0.2985,cascade
instruct,damaged_q2,cog_75_str_25,forensic,640,0.0297,0.0281,0.1707,0.525,0.5297,0.0359,0.6453,3.2859,-0.3539,cascade
instruct,damaged_q2,cog_75_str_25,generalist,640,0.0344,0.0234,0.2108,0.5453,0.4766,0.0563,0.5797,2.8813,-0.3212,cascade
instruct,damaged_q2,cog_75_str_25,math,640,0.0312,0.0234,0.2114,0.5281,0.4,0.0422,0.5734,3.4062,-0.3212,cascade
instruct,damaged_q2,cog_75_str_25,planning,640,0.0563,0.0437,0.2289,0.5547,0.4578,0.0422,0.5109,2.9766,-0.2917,cascade
instruct,damaged_q2,cog_75_str_25,rhetoric,640,0.0281,0.0234,0.1976,0.5437,0.4531,0.0344,0.6297,3.2516,-0.3323,cascade
instruct,damaged_q2,cog_75_str_25,spatial,640,0.0437,0.0312,0.2102,0.5437,0.4516,0.0344,0.4906,3.0187,-0.3013,cascade
instruct,damaged_q2,cognitive_only,adversarial,640,0.0031,0.0016,0.0566,0.325,0.6813,0.0641,0.6516,4.7938,-0.5074,cascade
instruct,damaged_q2,cognitive_only,boundary,640,0.0031,0.0031,0.0581,0.3125,0.6703,0.0641,0.7344,4.6078,-0.4999,cascade
instruct,damaged_q2,cognitive_only,coding,640,0.0031,0.0031,0.0754,0.3516,0.6234,0.0594,0.525,4.1828,-0.4469,cascade
instruct,damaged_q2,cognitive_only,epistemic,640,0.0172,0.0141,0.1088,0.4109,0.5609,0.0422,0.6312,3.4234,-0.3843,cascade
instruct,damaged_q2,cognitive_only,forensic,640,0.0063,0.0031,0.0715,0.3563,0.6438,0.0516,0.6578,4.1078,-0.4583,cascade
instruct,damaged_q2,cognitive_only,generalist,640,0.0047,0.0,0.0932,0.4234,0.6391,0.0641,0.6391,3.6531,-0.4383,cascade
instruct,damaged_q2,cognitive_only,math,640,0.0109,0.0094,0.093,0.3812,0.5672,0.0375,0.6781,4.3312,-0.4391,cascade
instruct,damaged_q2,cognitive_only,planning,640,0.0141,0.0094,0.0989,0.3984,0.5859,0.0469,0.5391,3.8359,-0.4107,cascade
instruct,damaged_q2,cognitive_only,rhetoric,640,0.0047,0.0047,0.0887,0.3953,0.6312,0.0453,0.6719,4.0125,-0.4481,cascade
instruct,damaged_q2,cognitive_only,spatial,640,0.0063,0.0063,0.0971,0.4047,0.5531,0.0453,0.5094,3.8078,-0.3999,cascade
instruct,damaged_q2,cyb_25_str_75,adversarial,640,0.2594,0.1797,0.5324,0.8047,0.3328,0.0281,0.5234,1.6969,-0.0525,cascade
instruct,damaged_q2,cyb_25_str_75,boundary,640,0.2875,0.1828,0.5628,0.8266,0.3156,0.0359,0.5625,1.4906,-0.0386,cascade
instruct,damaged_q2,cyb_25_str_75,coding,640,0.1562,0.1141,0.4188,0.6031,0.3375,0.0203,0.4531,1.9641,-0.1257,cascade
instruct,damaged_q2,cyb_25_str_75,epistemic,640,0.1594,0.1266,0.4147,0.6188,0.3484,0.0063,0.4859,1.7328,-0.1047,cascade
instruct,damaged_q2,cyb_25_str_75,forensic,640,0.1984,0.1672,0.4586,0.7984,0.3656,0.0344,0.4859,1.825,-0.0795,cascade
instruct,damaged_q2,cyb_25_str_75,generalist,640,0.1281,0.0969,0.3838,0.5344,0.3672,0.0391,0.4781,1.9031,-0.1545,cascade
instruct,damaged_q2,cyb_25_str_75,math,640,0.1359,0.1125,0.3944,0.5641,0.3156,0.0234,0.4797,2.2437,-0.1374,cascade
instruct,damaged_q2,cyb_25_str_75,planning,640,0.1984,0.15,0.4402,0.5594,0.2969,0.0344,0.3812,1.8562,-0.0693,cascade
instruct,damaged_q2,cyb_25_str_75,rhetoric,640,0.1219,0.0859,0.3743,0.5547,0.3312,0.0344,0.5078,2.1703,-0.1695,cascade
instruct,damaged_q2,cyb_25_str_75,spatial,640,0.1641,0.1297,0.3921,0.5703,0.35,0.0281,0.3703,2.0297,-0.112,cascade
instruct,damaged_q2,cyb_40_str_60,adversarial,640,0.2141,0.1641,0.5214,0.8562,0.3578,0.05,0.4859,1.7828,-0.0813,cascade
instruct,damaged_q2,cyb_40_str_60,boundary,640,0.2547,0.1875,0.526,0.8266,0.375,0.0484,0.5406,1.6406,-0.06,cascade
instruct,damaged_q2,cyb_40_str_60,coding,640,0.0922,0.0672,0.3338,0.5484,0.3844,0.0437,0.4359,2.3469,-0.2091,cascade
instruct,damaged_q2,cyb_40_str_60,epistemic,640,0.1031,0.0828,0.3394,0.5406,0.3734,0.0328,0.4984,1.9969,-0.1755,cascade
instruct,damaged_q2,cyb_40_str_60,forensic,640,0.1594,0.1156,0.4127,0.8109,0.3922,0.0266,0.4969,2.0391,-0.149,cascade
instruct,damaged_q2,cyb_40_str_60,generalist,640,0.0875,0.0625,0.3264,0.5188,0.3859,0.0328,0.5094,2.1797,-0.2096,cascade
instruct,damaged_q2,cyb_40_str_60,math,640,0.075,0.0594,0.3171,0.5391,0.3953,0.0437,0.5109,2.625,-0.2401,cascade
instruct,damaged_q2,cyb_40_str_60,planning,640,0.1266,0.1062,0.3672,0.5422,0.3516,0.0344,0.3875,2.1531,-0.1448,cascade
instruct,damaged_q2,cyb_40_str_60,rhetoric,640,0.0813,0.0641,0.312,0.5406,0.3969,0.0203,0.5234,2.475,-0.2247,cascade
instruct,damaged_q2,cyb_40_str_60,spatial,640,0.1062,0.0938,0.3254,0.5422,0.3609,0.0375,0.3875,2.3937,-0.1727,cascade
instruct,damaged_q2,cyb_50_str_50,adversarial,640,0.2,0.1516,0.4822,0.8484,0.3922,0.0563,0.4875,1.9312,-0.1129,cascade
instruct,damaged_q2,cyb_50_str_50,boundary,640,0.2234,0.1453,0.492,0.8469,0.3719,0.0578,0.5859,1.8234,-0.1159,cascade
instruct,damaged_q2,cyb_50_str_50,coding,640,0.0797,0.0578,0.313,0.5484,0.3859,0.0578,0.4297,2.5344,-0.2306,cascade
instruct,damaged_q2,cyb_50_str_50,epistemic,640,0.1109,0.0844,0.3108,0.5297,0.4125,0.0531,0.4875,2.1906,-0.1985,cascade
instruct,damaged_q2,cyb_50_str_50,forensic,640,0.1219,0.0984,0.388,0.8187,0.3766,0.0484,0.4656,2.2328,-0.1731,cascade
instruct,damaged_q2,cyb_50_str_50,generalist,640,0.0453,0.0312,0.2669,0.4969,0.4094,0.0656,0.5156,2.45,-0.2684,cascade
instruct,damaged_q2,cyb_50_str_50,math,640,0.0594,0.0453,0.2683,0.5125,0.3578,0.0437,0.5234,2.9203,-0.2587,cascade
instruct,damaged_q2,cyb_50_str_50,planning,640,0.0969,0.0813,0.3116,0.525,0.3859,0.0484,0.3937,2.4891,-0.2002,cascade
instruct,damaged_q2,cyb_50_str_50,rhetoric,640,0.0578,0.0437,0.259,0.5109,0.4484,0.0484,0.5203,2.7047,-0.2773,cascade
instruct,damaged_q2,cyb_50_str_50,spatial,640,0.0781,0.0656,0.2909,0.4953,0.3703,0.0563,0.4219,2.5438,-0.2177,cascade
instruct,damaged_q2,cyb_60_str_40,adversarial,640,0.1422,0.0984,0.4178,0.8078,0.4062,0.0719,0.4984,2.2938,-0.1924,cascade
instruct,damaged_q2,cyb_60_str_40,boundary,640,0.1828,0.125,0.4701,0.8469,0.4,0.0703,0.6141,1.9125,-0.1538,cascade
instruct,damaged_q2,cyb_60_str_40,coding,640,0.05,0.0375,0.2648,0.4969,0.4219,0.0625,0.4531,2.7391,-0.2748,cascade
instruct,damaged_q2,cyb_60_str_40,epistemic,640,0.0719,0.0656,0.2568,0.5141,0.45,0.0328,0.4984,2.4312,-0.2374,cascade
instruct,damaged_q2,cyb_60_str_40,forensic,640,0.1,0.0781,0.3457,0.7953,0.4109,0.0609,0.4938,2.4281,-0.2182,cascade
instruct,damaged_q2,cyb_60_str_40,generalist,640,0.0391,0.0328,0.2603,0.4813,0.4141,0.0688,0.5609,2.5453,-0.2773,cascade
instruct,damaged_q2,cyb_60_str_40,math,640,0.05,0.0375,0.2257,0.4406,0.4297,0.05,0.4984,3.1859,-0.3006,cascade
instruct,damaged_q2,cyb_60_str_40,planning,640,0.0734,0.0547,0.2544,0.4859,0.4078,0.0484,0.4453,2.6531,-0.2456,cascade
instruct,damaged_q2,cyb_60_str_40,rhetoric,640,0.0578,0.0422,0.2392,0.4906,0.4328,0.0453,0.5281,2.8703,-0.2825,cascade
instruct,damaged_q2,cyb_60_str_40,spatial,640,0.0469,0.0391,0.2334,0.4453,0.4078,0.0641,0.3969,2.8188,-0.2688,cascade
instruct,damaged_q2,cyb_75_str_25,adversarial,640,0.1094,0.0797,0.3769,0.8,0.4203,0.0828,0.5375,2.5234,-0.2321,cascade
instruct,damaged_q2,cyb_75_str_25,boundary,640,0.1406,0.0953,0.4232,0.8547,0.4047,0.0766,0.5875,2.1953,-0.1982,cascade
instruct,damaged_q2,cyb_75_str_25,coding,640,0.0234,0.0187,0.2115,0.5062,0.4547,0.0672,0.4922,3.0547,-0.3232,cascade
instruct,damaged_q2,cyb_75_str_25,epistemic,640,0.0453,0.0344,0.2174,0.4844,0.4406,0.05,0.5109,2.6266,-0.28,cascade
instruct,damaged_q2,cyb_75_str_25,forensic,640,0.0609,0.0422,0.2784,0.7688,0.5031,0.075,0.5016,2.65,-0.2964,cascade
instruct,damaged_q2,cyb_75_str_25,generalist,640,0.0312,0.025,0.1979,0.4391,0.4672,0.0703,0.5188,2.9,-0.3157,cascade
instruct,damaged_q2,cyb_75_str_25,math,640,0.0203,0.0187,0.1731,0.4219,0.4672,0.05,0.5375,3.5938,-0.3541,cascade
instruct,damaged_q2,cyb_75_str_25,planning,640,0.0406,0.0281,0.1984,0.4469,0.4531,0.0766,0.4844,3.0016,-0.312,cascade
instruct,damaged_q2,cyb_75_str_25,rhetoric,640,0.0281,0.0203,0.1713,0.4406,0.4969,0.0891,0.5234,3.2875,-0.3528,cascade
instruct,damaged_q2,cyb_75_str_25,spatial,640,0.0328,0.025,0.1824,0.4328,0.4656,0.0641,0.4484,3.1453,-0.3206,cascade
instruct,damaged_q2,cyber_only,adversarial,640,0.0375,0.0266,0.183,0.6359,0.5828,0.0875,0.5766,3.6641,-0.3951,cascade
instruct,damaged_q2,cyber_only,boundary,640,0.0266,0.0172,0.2085,0.6609,0.5344,0.1109,0.6609,3.3422,-0.3853,cascade
instruct,damaged_q2,cyber_only,coding,640,0.0094,0.0094,0.0965,0.3578,0.5766,0.0953,0.4844,3.8969,-0.4163,cascade
instruct,damaged_q2,cyber_only,epistemic,640,0.0094,0.0078,0.0944,0.3563,0.5703,0.0719,0.6094,3.3781,-0.3953,cascade
instruct,damaged_q2,cyber_only,forensic,640,0.0125,0.0094,0.1313,0.6203,0.6078,0.0859,0.5828,3.5531,-0.4144,cascade
instruct,damaged_q2,cyber_only,generalist,640,0.0063,0.0,0.0953,0.2953,0.5781,0.0922,0.5781,3.6063,-0.4184,cascade
instruct,damaged_q2,cyber_only,math,640,0.0063,0.0047,0.0813,0.3063,0.5422,0.075,0.5422,4.4344,-0.4381,cascade
instruct,damaged_q2,cyber_only,planning,640,0.0156,0.0125,0.1019,0.3312,0.575,0.0734,0.4594,3.8188,-0.4024,cascade
instruct,damaged_q2,cyber_only,rhetoric,640,0.0063,0.0047,0.0812,0.2984,0.5625,0.0688,0.5828,4.0625,-0.4276,cascade
instruct,damaged_q2,cyber_only,spatial,640,0.0078,0.0063,0.0837,0.3219,0.55,0.0688,0.5078,3.9281,-0.4095,cascade
instruct,damaged_q2,structural_only,adversarial,640,0.1547,0.1062,0.4226,0.6906,0.3703,0.0156,0.55,2.1906,-0.1615,cascade
instruct,damaged_q2,structural_only,boundary,640,0.1859,0.1281,0.4357,0.6656,0.3703,0.0281,0.5109,2.0281,-0.1309,cascade
instruct,damaged_q2,structural_only,coding,640,0.1156,0.0906,0.3807,0.5656,0.3391,0.0234,0.4781,2.1281,-0.1604,cascade
instruct,damaged_q2,structural_only,epistemic,640,0.1234,0.0938,0.3838,0.5734,0.3484,0.0031,0.5563,1.8516,-0.1485,cascade
instruct,damaged_q2,structural_only,forensic,640,0.1781,0.1375,0.4116,0.6813,0.3422,0.0125,0.5172,2.0203,-0.11,cascade
instruct,damaged_q2,structural_only,generalist,640,0.0969,0.0703,0.3507,0.5156,0.3781,0.0219,0.5547,2.025,-0.1931,cascade
instruct,damaged_q2,structural_only,math,640,0.1391,0.1016,0.3787,0.5437,0.3141,0.0203,0.5016,2.3375,-0.1537,cascade
instruct,damaged_q2,structural_only,planning,640,0.1484,0.1219,0.3794,0.5469,0.35,0.0187,0.4156,2.0969,-0.125,cascade
instruct,damaged_q2,structural_only,rhetoric,640,0.0984,0.0781,0.3515,0.5281,0.3625,0.0094,0.5172,2.2734,-0.1875,cascade
instruct,damaged_q2,structural_only,spatial,640,0.1594,0.1172,0.3937,0.5469,0.3344,0.0109,0.375,2.0203,-0.1163,cascade
instruct,damaged_q2,tri_boundary_heavy,adversarial,640,0.2781,0.1953,0.5621,0.8844,0.3156,0.0672,0.4703,1.6797,-0.0344,cascade
instruct,damaged_q2,tri_boundary_heavy,boundary,640,0.2969,0.1953,0.562,0.8703,0.3406,0.0781,0.5609,1.5047,-0.0426,cascade
instruct,damaged_q2,tri_boundary_heavy,coding,640,0.1359,0.1047,0.4021,0.5938,0.3328,0.0484,0.4234,2.0594,-0.1417,cascade
instruct,damaged_q2,tri_boundary_heavy,epistemic,640,0.1344,0.1016,0.4065,0.6234,0.3344,0.0563,0.5328,1.7844,-0.1418,cascade
instruct,damaged_q2,tri_boundary_heavy,forensic,640,0.2188,0.1609,0.4724,0.85,0.3297,0.0625,0.5375,1.8813,-0.0875,cascade
instruct,damaged_q2,tri_boundary_heavy,generalist,640,0.1172,0.0859,0.3864,0.5781,0.3609,0.0703,0.4797,1.9328,-0.1714,cascade
instruct,damaged_q2,tri_boundary_heavy,math,640,0.1219,0.0938,0.3632,0.5672,0.3469,0.0547,0.5078,2.4562,-0.1847,cascade
instruct,damaged_q2,tri_boundary_heavy,planning,640,0.1859,0.1469,0.4023,0.5687,0.3312,0.05,0.3656,2.0406,-0.0938,cascade
instruct,damaged_q2,tri_boundary_heavy,rhetoric,640,0.1,0.0766,0.3624,0.5391,0.3484,0.0547,0.5219,2.2656,-0.1939,cascade
instruct,damaged_q2,tri_boundary_heavy,spatial,640,0.125,0.0906,0.3646,0.5437,0.3578,0.0437,0.4359,2.1562,-0.1682,cascade
instruct,damaged_q2,tri_cognitive_bridge,adversarial,640,0.1812,0.1281,0.4582,0.7562,0.3312,0.0406,0.5312,2.075,-0.1256,cascade
instruct,damaged_q2,tri_cognitive_bridge,boundary,640,0.2109,0.1375,0.4765,0.7875,0.3438,0.0578,0.5656,1.9391,-0.1194,cascade
instruct,damaged_q2,tri_cognitive_bridge,coding,640,0.1172,0.0891,0.3948,0.65,0.3328,0.0578,0.4234,2.175,-0.165,cascade
instruct,damaged_q2,tri_cognitive_bridge,epistemic,640,0.1594,0.1047,0.4116,0.6672,0.3375,0.05,0.5375,1.8203,-0.1406,cascade
instruct,damaged_q2,tri_cognitive_bridge,forensic,640,0.1531,0.1125,0.4035,0.7609,0.3703,0.0531,0.5312,2.0891,-0.1562,cascade
instruct,damaged_q2,tri_cognitive_bridge,generalist,640,0.1328,0.0891,0.3979,0.6188,0.3406,0.0563,0.5188,1.9141,-0.1616,cascade
instruct,damaged_q2,tri_cognitive_bridge,math,640,0.1156,0.0797,0.3779,0.575,0.3047,0.0484,0.5406,2.3641,-0.1829,cascade
instruct,damaged_q2,tri_cognitive_bridge,planning,640,0.1922,0.1516,0.4117,0.6125,0.3156,0.0422,0.4219,2.0063,-0.0856,cascade
instruct,damaged_q2,tri_cognitive_bridge,rhetoric,640,0.1078,0.0688,0.344,0.5813,0.3672,0.0469,0.5813,2.3219,-0.2134,cascade
instruct,damaged_q2,tri_cognitive_bridge,spatial,640,0.1875,0.1422,0.3932,0.6031,0.325,0.0625,0.4203,2.15,-0.1089,cascade
instruct,damaged_q2,tri_cognitive_heavy,adversarial,640,0.0828,0.0563,0.3421,0.6766,0.3984,0.0547,0.5516,2.7234,-0.2545,cascade
instruct,damaged_q2,tri_cognitive_heavy,boundary,640,0.0938,0.0625,0.3401,0.6906,0.4094,0.0609,0.6141,2.5641,-0.2498,cascade
instruct,damaged_q2,tri_cognitive_heavy,coding,640,0.0734,0.0563,0.3087,0.5406,0.3547,0.05,0.4797,2.5766,-0.2274,cascade
instruct,damaged_q2,tri_cognitive_heavy,epistemic,640,0.0828,0.0578,0.3148,0.5906,0.3891,0.0359,0.5828,2.1859,-0.222,cascade
instruct,damaged_q2,tri_cognitive_heavy,forensic,640,0.0922,0.0609,0.323,0.6813,0.4016,0.0656,0.5484,2.5047,-0.2418,cascade
instruct,damaged_q2,tri_cognitive_heavy,generalist,640,0.0625,0.0391,0.3175,0.5656,0.3797,0.0578,0.5609,2.275,-0.245,cascade
instruct,damaged_q2,tri_cognitive_heavy,math,640,0.0719,0.0563,0.307,0.5594,0.3438,0.0563,0.5797,2.7516,-0.2421,cascade
instruct,damaged_q2,tri_cognitive_heavy,planning,640,0.1125,0.0859,0.3343,0.5859,0.3828,0.0422,0.4578,2.3422,-0.1911,cascade
instruct,damaged_q2,tri_cognitive_heavy,rhetoric,640,0.0625,0.0563,0.2962,0.5922,0.4062,0.05,0.5781,2.6016,-0.252,cascade
instruct,damaged_q2,tri_cognitive_heavy,spatial,640,0.1,0.0781,0.3258,0.5797,0.3578,0.05,0.4516,2.4531,-0.198,cascade
instruct,damaged_q2,tri_cyber_heavy,adversarial,640,0.2359,0.1641,0.5277,0.8953,0.3344,0.0859,0.5516,1.8125,-0.0882,cascade
instruct,damaged_q2,tri_cyber_heavy,boundary,640,0.2797,0.1672,0.5668,0.9203,0.3453,0.075,0.5922,1.4922,-0.0734,cascade
instruct,damaged_q2,tri_cyber_heavy,coding,640,0.0813,0.0609,0.3267,0.5344,0.3484,0.0828,0.4609,2.4516,-0.2196,cascade
instruct,damaged_q2,tri_cyber_heavy,epistemic,640,0.075,0.0531,0.3182,0.5578,0.3922,0.0563,0.5172,2.0859,-0.2215,cascade
instruct,damaged_q2,tri_cyber_heavy,forensic,640,0.1453,0.1094,0.4303,0.8812,0.3625,0.0828,0.5406,2.0688,-0.1626,cascade
instruct,damaged_q2,tri_cyber_heavy,generalist,640,0.0656,0.0484,0.3,0.5016,0.3844,0.0844,0.5156,2.3125,-0.2406,cascade
instruct,damaged_q2,tri_cyber_heavy,math,640,0.0813,0.0672,0.3169,0.5344,0.3469,0.0609,0.4516,2.7469,-0.2225,cascade
instruct,damaged_q2,tri_cyber_heavy,planning,640,0.1062,0.0813,0.316,0.5328,0.3672,0.0828,0.4328,2.4109,-0.2006,cascade
instruct,damaged_q2,tri_cyber_heavy,rhetoric,640,0.0734,0.0391,0.2975,0.5125,0.3609,0.0734,0.5172,2.5656,-0.2536,cascade
instruct,damaged_q2,tri_cyber_heavy,spatial,640,0.0766,0.0594,0.2761,0.4984,0.4031,0.0688,0.3594,2.5828,-0.2332,cascade
instruct,damaged_q2,tri_equal_routed,adversarial,640,0.1234,0.0828,0.4186,0.7969,0.4078,0.0625,0.5625,2.2656,-0.2103,cascade
instruct,damaged_q2,tri_equal_routed,boundary,640,0.1578,0.0984,0.4435,0.7953,0.3859,0.075,0.5984,2.0391,-0.1822,cascade
instruct,damaged_q2,tri_equal_routed,coding,640,0.0688,0.0578,0.324,0.6031,0.3641,0.0703,0.4453,2.5063,-0.2264,cascade
instruct,damaged_q2,tri_equal_routed,epistemic,640,0.0875,0.0656,0.3235,0.55,0.3906,0.0516,0.5266,2.0641,-0.2072,cascade
instruct,damaged_q2,tri_equal_routed,forensic,640,0.1234,0.0938,0.3656,0.7359,0.3781,0.0703,0.5344,2.2906,-0.191,cascade
instruct,damaged_q2,tri_equal_routed,generalist,640,0.0813,0.0578,0.3176,0.5563,0.3797,0.0703,0.5641,2.2703,-0.2288,cascade
instruct,damaged_q2,tri_equal_routed,math,640,0.0641,0.0516,0.2911,0.5344,0.3953,0.0641,0.5422,2.7891,-0.2627,cascade
instruct,damaged_q2,tri_equal_routed,planning,640,0.1297,0.0938,0.3437,0.5563,0.3781,0.0625,0.4375,2.3078,-0.1826,cascade
instruct,damaged_q2,tri_equal_routed,rhetoric,640,0.0641,0.05,0.297,0.5453,0.3906,0.0453,0.5469,2.6187,-0.2509,cascade
instruct,damaged_q2,tri_equal_routed,spatial,640,0.1125,0.0891,0.3334,0.5734,0.3563,0.0578,0.3906,2.4234,-0.1818,cascade
instruct,damaged_q2,tri_naive_equal_all_fire,adversarial,640,0.2578,0.1422,0.545,0.9,0.3125,0.3031,0.6031,1.5844,-0.1397,cascade
instruct,damaged_q2,tri_naive_equal_all_fire,boundary,640,0.2641,0.1203,0.5574,0.8938,0.3312,0.3438,0.6813,1.3813,-0.1714,cascade
instruct,damaged_q2,tri_naive_equal_all_fire,coding,640,0.0781,0.0484,0.3302,0.5391,0.3797,0.2984,0.5203,2.2641,-0.28,cascade
instruct,damaged_q2,tri_naive_equal_all_fire,epistemic,640,0.1328,0.0797,0.3706,0.5641,0.3156,0.3391,0.5984,1.8297,-0.2222,cascade
instruct,damaged_q2,tri_naive_equal_all_fire,forensic,640,0.1656,0.0984,0.4348,0.8359,0.325,0.3469,0.5891,1.9047,-0.2108,cascade
instruct,damaged_q2,tri_naive_equal_all_fire,generalist,640,0.1062,0.0672,0.3388,0.5234,0.3719,0.3016,0.5813,1.9922,-0.2508,cascade
instruct,damaged_q2,tri_naive_equal_all_fire,math,640,0.0859,0.0609,0.3127,0.5109,0.3422,0.2828,0.5844,2.5812,-0.2741,cascade
instruct,damaged_q2,tri_naive_equal_all_fire,planning,640,0.1437,0.0984,0.3718,0.5281,0.3109,0.2969,0.5141,2.0703,-0.1989,cascade
instruct,damaged_q2,tri_naive_equal_all_fire,rhetoric,640,0.075,0.05,0.3094,0.5484,0.3781,0.2828,0.6281,2.3484,-0.2877,cascade
instruct,damaged_q2,tri_naive_equal_all_fire,spatial,640,0.0891,0.0578,0.3107,0.4969,0.3516,0.2938,0.4469,2.3094,-0.2576,cascade
instruct,damaged_q2,tri_naive_structural_heavy_all_fire,adversarial,640,0.6531,0.3078,0.8071,0.9547,0.2047,0.3078,0.4984,0.3391,0.128,none
instruct,damaged_q2,tri_naive_structural_heavy_all_fire,boundary,640,0.6687,0.2812,0.7998,0.9484,0.2203,0.3109,0.6344,0.2797,0.0882,distractor_capture
instruct,damaged_q2,tri_naive_structural_heavy_all_fire,coding,640,0.4234,0.2328,0.6628,0.6797,0.1891,0.2969,0.5062,0.775,0.0375,none
instruct,damaged_q2,tri_naive_structural_heavy_all_fire,epistemic,640,0.4141,0.2156,0.6503,0.7109,0.2234,0.2719,0.5234,0.7375,0.0155,cascade
instruct,damaged_q2,tri_naive_structural_heavy_all_fire,forensic,640,0.4578,0.2641,0.6957,0.9203,0.2453,0.3156,0.5203,0.7922,0.0461,none
instruct,damaged_q2,tri_naive_structural_heavy_all_fire,generalist,640,0.3516,0.1984,0.6103,0.6219,0.2281,0.3125,0.4969,0.8609,-0.0153,classification_miss
instruct,damaged_q2,tri_naive_structural_heavy_all_fire,math,640,0.35,0.1922,0.5983,0.6422,0.2313,0.2516,0.5219,1.1359,-0.026,classification_miss
instruct,damaged_q2,tri_naive_structural_heavy_all_fire,planning,640,0.4547,0.2672,0.6631,0.6672,0.2094,0.2687,0.4578,0.7609,0.076,none
instruct,damaged_q2,tri_naive_structural_heavy_all_fire,rhetoric,640,0.3438,0.1906,0.5895,0.6266,0.2406,0.2797,0.5234,1.0469,-0.0317,cascade
instruct,damaged_q2,tri_naive_structural_heavy_all_fire,spatial,640,0.3859,0.2203,0.6101,0.6516,0.2344,0.2891,0.45,0.9891,0.0067,cascade
instruct,damaged_q2,tri_structural_heavy_55,adversarial,640,0.2672,0.1703,0.5446,0.8219,0.3094,0.0406,0.5391,1.6984,-0.0587,cascade
instruct,damaged_q2,tri_structural_heavy_55,boundary,640,0.2766,0.1719,0.522,0.7734,0.3187,0.0609,0.5984,1.6344,-0.0655,cascade
instruct,damaged_q2,tri_structural_heavy_55,coding,640,0.1969,0.1422,0.44,0.5922,0.2734,0.0563,0.4656,1.9094,-0.0838,cascade
instruct,damaged_q2,tri_structural_heavy_55,epistemic,640,0.1625,0.125,0.4554,0.6531,0.2984,0.0219,0.5062,1.5703,-0.0879,cascade
instruct,damaged_q2,tri_structural_heavy_55,forensic,640,0.2203,0.1641,0.4775,0.7719,0.3297,0.0469,0.4984,1.7437,-0.0713,cascade
instruct,damaged_q2,tri_structural_heavy_55,generalist,640,0.1547,0.1141,0.4214,0.5813,0.3547,0.0359,0.4938,1.7437,-0.1262,cascade
instruct,damaged_q2,tri_structural_heavy_55,math,640,0.1547,0.1078,0.4208,0.6062,0.2922,0.0453,0.5312,2.1328,-0.138,cascade
instruct,damaged_q2,tri_structural_heavy_55,planning,640,0.2328,0.1688,0.479,0.6266,0.2891,0.0266,0.4219,1.7031,-0.0422,cascade
instruct,damaged_q2,tri_structural_heavy_55,rhetoric,640,0.1469,0.1047,0.4255,0.6469,0.3031,0.0406,0.5391,2.0141,-0.1382,cascade
instruct,damaged_q2,tri_structural_heavy_55,spatial,640,0.1781,0.1359,0.4399,0.6266,0.2969,0.0391,0.4047,1.8781,-0.0872,cascade
instruct,damaged_q2,tri_structural_heavy_60,adversarial,640,0.3063,0.1969,0.5723,0.8281,0.3125,0.0625,0.5531,1.5188,-0.0296,cascade
instruct,damaged_q2,tri_structural_heavy_60,boundary,640,0.3297,0.2125,0.5857,0.8375,0.3094,0.0469,0.5828,1.3578,-0.0042,cascade
instruct,damaged_q2,tri_structural_heavy_60,coding,640,0.2359,0.1656,0.5048,0.6672,0.2844,0.0375,0.3844,1.6547,-0.0407,cascade
instruct,damaged_q2,tri_structural_heavy_60,epistemic,640,0.2266,0.1703,0.5006,0.6594,0.2953,0.0187,0.4813,1.4141,-0.0312,cascade
instruct,damaged_q2,tri_structural_heavy_60,forensic,640,0.2484,0.1719,0.5237,0.8391,0.3219,0.0656,0.5094,1.5781,-0.0575,cascade
instruct,damaged_q2,tri_structural_heavy_60,generalist,640,0.1984,0.1406,0.4785,0.6234,0.2812,0.0609,0.4828,1.5609,-0.0726,cascade
instruct,damaged_q2,tri_structural_heavy_60,math,640,0.1812,0.1453,0.4584,0.6312,0.2703,0.0281,0.4766,2.0031,-0.0797,cascade
instruct,damaged_q2,tri_structural_heavy_60,planning,640,0.2875,0.2125,0.5163,0.6469,0.2703,0.0453,0.4062,1.5766,0.011,cascade
instruct,damaged_q2,tri_structural_heavy_60,rhetoric,640,0.1703,0.1297,0.4376,0.6062,0.3047,0.0531,0.4766,1.8938,-0.1052,cascade
instruct,damaged_q2,tri_structural_heavy_60,spatial,640,0.2328,0.1766,0.489,0.6484,0.2703,0.0391,0.3953,1.6875,-0.0283,cascade
instruct,damaged_q2,tri_structural_heavy_65,adversarial,640,0.3828,0.2406,0.6454,0.8734,0.2719,0.0422,0.5312,1.2047,0.0479,cascade
instruct,damaged_q2,tri_structural_heavy_65,boundary,640,0.3953,0.2453,0.6362,0.8656,0.2953,0.0672,0.5813,1.1422,0.0397,cascade
instruct,damaged_q2,tri_structural_heavy_65,coding,640,0.2812,0.2125,0.5357,0.6687,0.2719,0.0406,0.4125,1.5,0.0148,cascade
instruct,damaged_q2,tri_structural_heavy_65,epistemic,640,0.2109,0.1453,0.4969,0.6672,0.2953,0.025,0.5484,1.3969,-0.062,cascade
instruct,damaged_q2,tri_structural_heavy_65,forensic,640,0.2875,0.2219,0.5563,0.8375,0.3016,0.0391,0.4594,1.4672,0.0135,cascade
instruct,damaged_q2,tri_structural_heavy_65,generalist,640,0.25,0.1578,0.5098,0.6359,0.2687,0.0469,0.5078,1.4594,-0.0458,cascade
instruct,damaged_q2,tri_structural_heavy_65,math,640,0.2547,0.1859,0.5051,0.6656,0.2953,0.0344,0.5219,1.725,-0.0375,cascade
instruct,damaged_q2,tri_structural_heavy_65,planning,640,0.3047,0.2219,0.5477,0.6719,0.2641,0.0312,0.4078,1.4172,0.0329,cascade
instruct,damaged_q2,tri_structural_heavy_65,rhetoric,640,0.2344,0.1781,0.4916,0.6328,0.2687,0.0359,0.4844,1.6641,-0.0316,cascade
instruct,damaged_q2,tri_structural_heavy_65,spatial,640,0.2641,0.1938,0.5006,0.6453,0.2906,0.0406,0.3812,1.6109,-0.0126,cascade
instruct,damaged_q3,baseline,adversarial,640,0.0422,0.0391,0.2501,0.5141,0.3187,0.0187,0.3891,3.3406,-0.2585,cascade
instruct,damaged_q3,baseline,boundary,640,0.0453,0.0328,0.2275,0.4953,0.3719,0.0266,0.4188,3.1938,-0.2772,cascade
instruct,damaged_q3,baseline,coding,640,0.0563,0.0469,0.2604,0.5141,0.3094,0.0125,0.3609,2.9609,-0.2254,classification_miss
instruct,damaged_q3,baseline,epistemic,640,0.0766,0.0719,0.2686,0.5266,0.3328,0.0,0.4078,2.4641,-0.1838,cascade
instruct,damaged_q3,baseline,forensic,640,0.0797,0.075,0.2846,0.5016,0.3,0.0109,0.3641,2.7031,-0.1815,classification_miss
instruct,damaged_q3,baseline,generalist,640,0.0469,0.0359,0.2745,0.5094,0.3344,0.0141,0.3937,2.5641,-0.2269,cascade
instruct,damaged_q3,baseline,math,640,0.0672,0.0578,0.3039,0.5781,0.2625,0.0094,0.4172,2.9656,-0.2045,primitive_gap
instruct,damaged_q3,baseline,planning,640,0.1,0.0875,0.2872,0.5109,0.2984,0.0172,0.3047,2.7563,-0.1677,classification_miss
instruct,damaged_q3,baseline,rhetoric,640,0.0516,0.0437,0.2746,0.5609,0.3078,0.0156,0.4266,2.8687,-0.2293,cascade
instruct,damaged_q3,baseline,spatial,640,0.0891,0.0766,0.2984,0.5531,0.3031,0.0078,0.3172,2.7281,-0.1777,cascade
instruct,damaged_q3,cog_25_cyb_75,adversarial,640,0.2766,0.2031,0.5781,0.9391,0.2859,0.0641,0.3922,1.6828,-0.011,primitive_gap
instruct,damaged_q3,cog_25_cyb_75,boundary,640,0.3125,0.2172,0.5925,0.9469,0.2687,0.1,0.4437,1.5453,0.0038,cascade
instruct,damaged_q3,cog_25_cyb_75,coding,640,0.1172,0.1,0.3999,0.6578,0.2547,0.0797,0.3375,2.2922,-0.134,primitive_gap
instruct,damaged_q3,cog_25_cyb_75,epistemic,640,0.1531,0.1172,0.4443,0.675,0.225,0.0672,0.3656,1.7937,-0.0827,primitive_gap
instruct,damaged_q3,cog_25_cyb_75,forensic,640,0.2047,0.1547,0.5144,0.9062,0.2391,0.0875,0.3766,1.8031,-0.0548,primitive_gap
instruct,damaged_q3,cog_25_cyb_75,generalist,640,0.0938,0.0734,0.3864,0.6281,0.2672,0.075,0.3781,2.0656,-0.1552,cascade
instruct,damaged_q3,cog_25_cyb_75,math,640,0.1047,0.0922,0.371,0.6141,0.2719,0.0641,0.3797,2.5656,-0.1608,primitive_gap
instruct,damaged_q3,cog_25_cyb_75,planning,640,0.1609,0.1281,0.3984,0.6188,0.2625,0.0891,0.3,2.1531,-0.1001,cascade
instruct,damaged_q3,cog_25_cyb_75,rhetoric,640,0.1203,0.0969,0.4002,0.6875,0.275,0.0766,0.4188,2.2391,-0.1464,primitive_gap
instruct,damaged_q3,cog_25_cyb_75,spatial,640,0.1203,0.0969,0.3834,0.625,0.25,0.0828,0.2812,2.275,-0.1309,primitive_gap
instruct,damaged_q3,cog_25_str_75,adversarial,640,0.7125,0.5031,0.841,0.9563,0.1406,0.0219,0.3578,0.4766,0.4041,none
instruct,damaged_q3,cog_25_str_75,boundary,640,0.725,0.5203,0.8315,0.9406,0.1688,0.0453,0.3266,0.4531,0.4118,none
instruct,damaged_q3,cog_25_str_75,coding,640,0.6516,0.5219,0.7918,0.8328,0.1281,0.0203,0.2797,0.5797,0.428,none
instruct,damaged_q3,cog_25_str_75,epistemic,640,0.5781,0.4344,0.7791,0.8672,0.1578,0.0047,0.3641,0.5516,0.3294,none
instruct,damaged_q3,cog_25_str_75,forensic,640,0.675,0.5125,0.803,0.9484,0.1344,0.0187,0.3125,0.6281,0.412,none
instruct,damaged_q3,cog_25_str_75,generalist,640,0.5922,0.4516,0.7798,0.85,0.1453,0.0312,0.3359,0.5656,0.3466,none
instruct,damaged_q3,cog_25_str_75,math,640,0.5766,0.4234,0.753,0.8141,0.15,0.0203,0.3875,0.7578,0.3055,none
instruct,damaged_q3,cog_25_str_75,planning,640,0.6672,0.5266,0.7955,0.8313,0.1375,0.0141,0.2844,0.5578,0.4319,none
instruct,damaged_q3,cog_25_str_75,rhetoric,640,0.5531,0.4203,0.7351,0.8016,0.1688,0.0156,0.3438,0.7562,0.3012,none
instruct,damaged_q3,cog_25_str_75,spatial,640,0.6047,0.4844,0.7691,0.8219,0.1594,0.0203,0.2609,0.6281,0.3802,none
instruct,damaged_q3,cog_40_cyb_60,adversarial,640,0.225,0.1641,0.529,0.8797,0.2594,0.0813,0.4094,1.9563,-0.0606,primitive_gap
instruct,damaged_q3,cog_40_cyb_60,boundary,640,0.2328,0.1578,0.5491,0.8859,0.2719,0.0828,0.4297,1.7219,-0.0608,primitive_gap
instruct,damaged_q3,cog_40_cyb_60,coding,640,0.1313,0.1062,0.3976,0.6484,0.2734,0.0625,0.3531,2.2547,-0.1293,primitive_gap
instruct,damaged_q3,cog_40_cyb_60,epistemic,640,0.15,0.1156,0.448,0.725,0.2547,0.0641,0.3766,1.7828,-0.0929,primitive_gap
instruct,damaged_q3,cog_40_cyb_60,forensic,640,0.1797,0.1437,0.4693,0.8422,0.2578,0.0797,0.3688,1.9859,-0.0783,primitive_gap
instruct,damaged_q3,cog_40_cyb_60,generalist,640,0.1156,0.0906,0.4048,0.6609,0.2984,0.1047,0.4188,1.9781,-0.1522,cascade
instruct,damaged_q3,cog_40_cyb_60,math,640,0.1141,0.0953,0.3906,0.6328,0.2719,0.0688,0.3953,2.4344,-0.1533,cascade
instruct,damaged_q3,cog_40_cyb_60,planning,640,0.1594,0.1187,0.43,0.6609,0.225,0.0641,0.3094,2.0766,-0.0901,primitive_gap
instruct,damaged_q3,cog_40_cyb_60,rhetoric,640,0.1187,0.0859,0.3849,0.6594,0.2672,0.0672,0.4297,2.3359,-0.1588,primitive_gap
instruct,damaged_q3,cog_40_cyb_60,spatial,640,0.1313,0.1062,0.3913,0.6266,0.2609,0.0625,0.3078,2.2578,-0.122,primitive_gap
instruct,damaged_q3,cog_40_str_60,adversarial,640,0.5563,0.4094,0.7441,0.9141,0.1641,0.0219,0.3406,0.9391,0.2816,none
instruct,damaged_q3,cog_40_str_60,boundary,640,0.5719,0.3922,0.7479,0.8906,0.175,0.0281,0.4078,0.8016,0.2614,none
instruct,damaged_q3,cog_40_str_60,coding,640,0.4891,0.3844,0.713,0.8187,0.1703,0.0281,0.2797,0.9031,0.2601,none
instruct,damaged_q3,cog_40_str_60,epistemic,640,0.475,0.3766,0.7136,0.8422,0.15,0.0141,0.3656,0.8141,0.2588,none
instruct,damaged_q3,cog_40_str_60,forensic,640,0.5203,0.4156,0.7154,0.9078,0.1672,0.0234,0.3109,0.9719,0.2873,none
instruct,damaged_q3,cog_40_str_60,generalist,640,0.4297,0.3172,0.6821,0.7609,0.1828,0.0359,0.3453,0.8688,0.1841,none
instruct,damaged_q3,cog_40_str_60,math,640,0.4875,0.3625,0.7079,0.8344,0.1344,0.0234,0.3594,1.05,0.2363,none
instruct,damaged_q3,cog_40_str_60,planning,640,0.5719,0.4328,0.7452,0.8359,0.1313,0.0234,0.3031,0.8109,0.324,none
instruct,damaged_q3,cog_40_str_60,rhetoric,640,0.475,0.3563,0.687,0.8172,0.15,0.0219,0.3422,1.0625,0.2264,none
instruct,damaged_q3,cog_40_str_60,spatial,640,0.5297,0.4375,0.7238,0.8172,0.1484,0.0203,0.2891,0.8609,0.3227,none
instruct,damaged_q3,cog_50_cyb_50,adversarial,640,0.1875,0.1297,0.478,0.8344,0.2906,0.0922,0.4281,2.1453,-0.1175,primitive_gap
instruct,damaged_q3,cog_50_cyb_50,boundary,640,0.2078,0.1406,0.509,0.8562,0.2891,0.0953,0.4578,1.9047,-0.097,primitive_gap
instruct,damaged_q3,cog_50_cyb_50,coding,640,0.0828,0.0656,0.3718,0.6719,0.2891,0.0875,0.3719,2.3797,-0.1873,primitive_gap
instruct,damaged_q3,cog_50_cyb_50,epistemic,640,0.1297,0.0813,0.4187,0.6828,0.2891,0.0656,0.3922,1.85,-0.1425,cascade
instruct,damaged_q3,cog_50_cyb_50,forensic,640,0.1766,0.1328,0.4619,0.8375,0.2484,0.0969,0.3734,2.0141,-0.0917,primitive_gap
instruct,damaged_q3,cog_50_cyb_50,generalist,640,0.1109,0.0828,0.3823,0.6547,0.2891,0.0859,0.4297,2.0906,-0.16,cascade
instruct,damaged_q3,cog_50_cyb_50,math,640,0.0938,0.0781,0.374,0.6312,0.2437,0.0516,0.4391,2.5375,-0.1673,primitive_gap
instruct,damaged_q3,cog_50_cyb_50,planning,640,0.1328,0.1109,0.4005,0.6297,0.2953,0.0828,0.2984,2.1109,-0.1236,cascade
instruct,damaged_q3,cog_50_cyb_50,rhetoric,640,0.1016,0.0734,0.3931,0.6859,0.2844,0.0781,0.4078,2.2922,-0.1747,primitive_gap
instruct,damaged_q3,cog_50_cyb_50,spatial,640,0.1391,0.1078,0.3927,0.6844,0.2719,0.0844,0.3563,2.2188,-0.1301,cascade
instruct,damaged_q3,cog_50_str_50,adversarial,640,0.4422,0.3406,0.6956,0.8812,0.1719,0.0312,0.3516,1.1594,0.1967,none
instruct,damaged_q3,cog_50_str_50,boundary,640,0.4453,0.3328,0.6709,0.8547,0.1812,0.0359,0.3891,1.1906,0.1806,none
instruct,damaged_q3,cog_50_str_50,coding,640,0.4,0.3078,0.6503,0.7844,0.1609,0.0297,0.3391,1.1906,0.1669,none
instruct,damaged_q3,cog_50_str_50,epistemic,640,0.4125,0.3297,0.6871,0.8453,0.1531,0.0141,0.3625,0.9125,0.2063,none
instruct,damaged_q3,cog_50_str_50,forensic,640,0.425,0.3328,0.6441,0.8812,0.2047,0.0297,0.3641,1.2234,0.1752,none
instruct,damaged_q3,cog_50_str_50,generalist,640,0.3672,0.2984,0.6438,0.7641,0.1656,0.0563,0.3312,1.0875,0.1566,none
instruct,damaged_q3,cog_50_str_50,math,640,0.3969,0.3063,0.6432,0.8187,0.1844,0.0234,0.3969,1.3094,0.149,none
instruct,damaged_q3,cog_50_str_50,planning,640,0.4828,0.3891,0.6898,0.8047,0.1703,0.025,0.2984,0.9922,0.2595,none
instruct,damaged_q3,cog_50_str_50,rhetoric,640,0.3953,0.3078,0.6415,0.8172,0.175,0.0219,0.3547,1.2391,0.1606,none
instruct,damaged_q3,cog_50_str_50,spatial,640,0.4453,0.35,0.6702,0.8141,0.1688,0.0281,0.2891,1.0828,0.2165,none
instruct,damaged_q3,cog_60_cyb_40,adversarial,640,0.1859,0.15,0.4816,0.8016,0.275,0.0813,0.4313,2.1109,-0.0888,primitive_gap
instruct,damaged_q3,cog_60_cyb_40,boundary,640,0.225,0.1578,0.4937,0.8,0.2641,0.0859,0.4484,1.9703,-0.073,primitive_gap
instruct,damaged_q3,cog_60_cyb_40,coding,640,0.1125,0.0875,0.3779,0.6719,0.2875,0.0875,0.3563,2.3813,-0.1638,primitive_gap
instruct,damaged_q3,cog_60_cyb_40,epistemic,640,0.1297,0.1031,0.4229,0.7141,0.2281,0.0531,0.4234,1.9281,-0.1062,primitive_gap
instruct,damaged_q3,cog_60_cyb_40,forensic,640,0.1625,0.1141,0.4314,0.7922,0.2969,0.0797,0.4375,2.0812,-0.13,primitive_gap
instruct,damaged_q3,cog_60_cyb_40,generalist,640,0.1109,0.0859,0.4166,0.6609,0.2437,0.075,0.3672,2.0078,-0.132,primitive_gap
instruct,damaged_q3,cog_60_cyb_40,math,640,0.1187,0.0906,0.3818,0.6438,0.25,0.0719,0.4141,2.5266,-0.1582,primitive_gap
instruct,damaged_q3,cog_60_cyb_40,planning,640,0.1688,0.1187,0.411,0.6547,0.2578,0.075,0.375,2.1219,-0.1097,cascade
instruct,damaged_q3,cog_60_cyb_40,rhetoric,640,0.1562,0.1172,0.4257,0.7312,0.2562,0.0531,0.3875,2.1875,-0.1107,primitive_gap
instruct,damaged_q3,cog_60_cyb_40,spatial,640,0.1375,0.1141,0.3922,0.675,0.275,0.0563,0.3406,2.2547,-0.1197,primitive_gap
instruct,damaged_q3,cog_60_str_40,adversarial,640,0.3531,0.2547,0.6237,0.8547,0.2016,0.0437,0.3391,1.4812,0.0843,none
instruct,damaged_q3,cog_60_str_40,boundary,640,0.3297,0.2422,0.5968,0.8109,0.2156,0.0391,0.4156,1.4906,0.0619,none
instruct,damaged_q3,cog_60_str_40,coding,640,0.3453,0.2687,0.6066,0.7766,0.2125,0.0391,0.3391,1.3313,0.1035,none
instruct,damaged_q3,cog_60_str_40,epistemic,640,0.3172,0.25,0.5985,0.8063,0.1875,0.0187,0.3969,1.2297,0.0968,none
instruct,damaged_q3,cog_60_str_40,forensic,640,0.3375,0.2687,0.5936,0.825,0.2188,0.0312,0.3453,1.4062,0.0989,none
instruct,damaged_q3,cog_60_str_40,generalist,640,0.3109,0.2297,0.5925,0.7906,0.2172,0.0516,0.3953,1.2578,0.0597,none
instruct,damaged_q3,cog_60_str_40,math,640,0.3312,0.2562,0.6048,0.7906,0.1703,0.0328,0.4281,1.4859,0.09,none
instruct,damaged_q3,cog_60_str_40,planning,640,0.4125,0.3172,0.6319,0.7953,0.1812,0.0406,0.3078,1.2531,0.1674,none
instruct,damaged_q3,cog_60_str_40,rhetoric,640,0.3063,0.2344,0.5921,0.7969,0.1906,0.025,0.4062,1.4391,0.0677,none
instruct,damaged_q3,cog_60_str_40,spatial,640,0.3344,0.2687,0.592,0.7891,0.1984,0.0266,0.3187,1.4141,0.1077,none
instruct,damaged_q3,cog_75_cyb_25,adversarial,640,0.1203,0.0938,0.4138,0.7391,0.2859,0.0766,0.4031,2.4469,-0.1619,primitive_gap
instruct,damaged_q3,cog_75_cyb_25,boundary,640,0.1344,0.1078,0.4245,0.7656,0.2828,0.0938,0.4625,2.3047,-0.148,primitive_gap
instruct,damaged_q3,cog_75_cyb_25,coding,640,0.1125,0.0891,0.3511,0.6,0.3094,0.0734,0.3578,2.4453,-0.1693,cascade
instruct,damaged_q3,cog_75_cyb_25,epistemic,640,0.1469,0.1094,0.4301,0.7156,0.2375,0.075,0.4281,1.875,-0.1049,primitive_gap
instruct,damaged_q3,cog_75_cyb_25,forensic,640,0.1469,0.1109,0.4034,0.7578,0.2891,0.0609,0.3875,2.2391,-0.1309,primitive_gap
instruct,damaged_q3,cog_75_cyb_25,generalist,640,0.1172,0.0859,0.405,0.6937,0.2859,0.0688,0.3828,2.0406,-0.1462,cascade
instruct,damaged_q3,cog_75_cyb_25,math,640,0.1359,0.1094,0.3948,0.6656,0.2359,0.0484,0.4437,2.4734,-0.1303,primitive_gap
instruct,damaged_q3,cog_75_cyb_25,planning,640,0.1437,0.1187,0.3943,0.6625,0.2812,0.0609,0.3563,2.1969,-0.1162,cascade
instruct,damaged_q3,cog_75_cyb_25,rhetoric,640,0.1,0.0766,0.3938,0.7063,0.2672,0.0656,0.4062,2.325,-0.1655,primitive_gap
instruct,damaged_q3,cog_75_cyb_25,spatial,640,0.1437,0.1109,0.4014,0.7,0.2625,0.0766,0.3484,2.1859,-0.1203,primitive_gap
instruct,damaged_q3,cog_75_str_25,adversarial,640,0.1859,0.1344,0.4979,0.7641,0.2656,0.0516,0.3937,2.0172,-0.088,primitive_gap
instruct,damaged_q3,cog_75_str_25,boundary,640,0.2094,0.1437,0.4983,0.7562,0.2594,0.0656,0.4594,1.8891,-0.0784,cascade
instruct,damaged_q3,cog_75_str_25,coding,640,0.225,0.1812,0.4964,0.7406,0.2313,0.0406,0.3438,1.8516,-0.0163,primitive_gap
instruct,damaged_q3,cog_75_str_25,epistemic,640,0.2703,0.2203,0.5575,0.7922,0.1938,0.0312,0.4234,1.4156,0.0513,none
instruct,damaged_q3,cog_75_str_25,forensic,640,0.2172,0.1734,0.486,0.7781,0.2578,0.0484,0.4047,1.8359,-0.0378,cascade
instruct,damaged_q3,cog_75_str_25,generalist,640,0.1906,0.1547,0.5225,0.7578,0.2578,0.0563,0.3609,1.525,-0.039,cascade
instruct,damaged_q3,cog_75_str_25,math,640,0.2172,0.1766,0.5089,0.7438,0.2172,0.0391,0.4344,1.9234,-0.0273,primitive_gap
instruct,damaged_q3,cog_75_str_25,planning,640,0.2875,0.2406,0.5566,0.775,0.2078,0.0406,0.3,1.575,0.0674,none
instruct,damaged_q3,cog_75_str_25,rhetoric,640,0.2219,0.1641,0.516,0.7703,0.2609,0.0359,0.4391,1.7,-0.0415,cascade
instruct,damaged_q3,cog_75_str_25,spatial,640,0.2844,0.2219,0.5513,0.7688,0.2016,0.0406,0.3094,1.5859,0.0492,primitive_gap
instruct,damaged_q3,cognitive_only,adversarial,640,0.0594,0.0391,0.303,0.6094,0.3516,0.0656,0.4406,2.9641,-0.263,cascade
instruct,damaged_q3,cognitive_only,boundary,640,0.0656,0.05,0.3006,0.5938,0.3484,0.0625,0.4641,2.8375,-0.246,cascade
instruct,damaged_q3,cognitive_only,coding,640,0.0797,0.0688,0.3205,0.6031,0.2891,0.0516,0.3438,2.6703,-0.1893,primitive_gap
instruct,damaged_q3,cognitive_only,epistemic,640,0.1062,0.0813,0.3708,0.6969,0.2922,0.0406,0.4188,2.1047,-0.1533,cascade
instruct,damaged_q3,cognitive_only,forensic,640,0.0859,0.0641,0.3113,0.5922,0.3172,0.0625,0.4188,2.5641,-0.2053,cascade
instruct,damaged_q3,cognitive_only,generalist,640,0.0938,0.075,0.3706,0.6687,0.3203,0.0609,0.4437,2.1359,-0.1756,cascade
instruct,damaged_q3,cognitive_only,math,640,0.1078,0.0875,0.358,0.6406,0.2562,0.0344,0.4188,2.6875,-0.1641,primitive_gap
instruct,damaged_q3,cognitive_only,planning,640,0.1047,0.0828,0.3411,0.6094,0.2891,0.0437,0.3375,2.4422,-0.1618,cascade
instruct,damaged_q3,cognitive_only,rhetoric,640,0.1125,0.0781,0.3741,0.675,0.3031,0.0531,0.4172,2.3828,-0.176,cascade
instruct,damaged_q3,cognitive_only,spatial,640,0.1062,0.0906,0.3553,0.6375,0.2859,0.0453,0.3438,2.3906,-0.1512,cascade
instruct,damaged_q3,cyb_25_str_75,adversarial,640,0.7937,0.5781,0.8973,0.9938,0.1547,0.0266,0.3266,0.1734,0.4916,none
instruct,damaged_q3,cyb_25_str_75,boundary,640,0.8219,0.5781,0.9011,0.9859,0.1422,0.0469,0.3312,0.1562,0.4918,none
instruct,damaged_q3,cyb_25_str_75,coding,640,0.6094,0.4703,0.7762,0.8047,0.1594,0.0281,0.2781,0.575,0.3659,none
instruct,damaged_q3,cyb_25_str_75,epistemic,640,0.5766,0.4344,0.7733,0.8156,0.1562,0.0109,0.3453,0.5172,0.3318,none
instruct,damaged_q3,cyb_25_str_75,forensic,640,0.7063,0.4922,0.8291,0.975,0.1422,0.0312,0.3578,0.4797,0.3907,none
instruct,damaged_q3,cyb_25_str_75,generalist,640,0.5531,0.4188,0.7547,0.7734,0.1609,0.0266,0.3453,0.575,0.3088,none
instruct,damaged_q3,cyb_25_str_75,math,640,0.5703,0.4391,0.7526,0.7937,0.1484,0.0203,0.3391,0.7625,0.3252,none
instruct,damaged_q3,cyb_25_str_75,planning,640,0.6922,0.5703,0.8022,0.7922,0.125,0.0172,0.2359,0.4953,0.4857,none
instruct,damaged_q3,cyb_25_str_75,rhetoric,640,0.5266,0.4281,0.7237,0.7672,0.1484,0.0203,0.3172,0.8187,0.3132,none
instruct,damaged_q3,cyb_25_str_75,spatial,640,0.6078,0.4656,0.7672,0.8094,0.1469,0.0328,0.2594,0.6375,0.3624,none
instruct,damaged_q3,cyb_40_str_60,adversarial,640,0.7531,0.5266,0.8737,0.9891,0.1391,0.0422,0.3203,0.325,0.4345,none
instruct,damaged_q3,cyb_40_str_60,boundary,640,0.7797,0.5109,0.8805,0.9875,0.15,0.0375,0.4016,0.2313,0.4148,none
instruct,damaged_q3,cyb_40_str_60,coding,640,0.4875,0.3766,0.6931,0.7719,0.1906,0.0453,0.2734,0.9141,0.2427,none
instruct,damaged_q3,cyb_40_str_60,epistemic,640,0.4859,0.3688,0.7007,0.7828,0.1688,0.0328,0.2969,0.8172,0.247,none
instruct,damaged_q3,cyb_40_str_60,forensic,640,0.6484,0.4891,0.7993,0.9844,0.15,0.0437,0.325,0.6391,0.3774,none
instruct,damaged_q3,cyb_40_str_60,generalist,640,0.4437,0.3375,0.6917,0.7438,0.1531,0.0359,0.3578,0.8375,0.2139,none
instruct,damaged_q3,cyb_40_str_60,math,640,0.4219,0.3312,0.6534,0.725,0.1562,0.0422,0.3187,1.1875,0.1911,none
instruct,damaged_q3,cyb_40_str_60,planning,640,0.5219,0.4313,0.704,0.7266,0.1609,0.0437,0.2344,0.8422,0.3134,none
instruct,damaged_q3,cyb_40_str_60,rhetoric,640,0.4141,0.3156,0.637,0.7297,0.2031,0.0344,0.3594,1.1172,0.1632,none
instruct,damaged_q3,cyb_40_str_60,spatial,640,0.4656,0.3891,0.6618,0.7359,0.1906,0.0359,0.2437,1.0484,0.2528,none
instruct,damaged_q3,cyb_50_str_50,adversarial,640,0.6984,0.4703,0.8411,0.9906,0.1578,0.0609,0.375,0.4688,0.3573,none
instruct,damaged_q3,cyb_50_str_50,boundary,640,0.7797,0.4969,0.8697,0.9875,0.1469,0.0688,0.3984,0.3063,0.3919,none
instruct,damaged_q3,cyb_50_str_50,coding,640,0.4266,0.3312,0.6621,0.75,0.1828,0.0641,0.2687,1.0625,0.189,none
instruct,damaged_q3,cyb_50_str_50,epistemic,640,0.4109,0.3172,0.6602,0.7328,0.1766,0.0375,0.3547,0.925,0.1821,none
instruct,damaged_q3,cyb_50_str_50,forensic,640,0.5984,0.4688,0.7623,0.9906,0.1594,0.0437,0.3078,0.8125,0.3469,none
instruct,damaged_q3,cyb_50_str_50,generalist,640,0.3406,0.2547,0.6236,0.7406,0.2125,0.0516,0.3391,1.0953,0.0987,none
instruct,damaged_q3,cyb_50_str_50,math,640,0.3594,0.2656,0.6108,0.7063,0.1734,0.0531,0.3531,1.3609,0.1067,none
instruct,damaged_q3,cyb_50_str_50,planning,640,0.4266,0.3453,0.6421,0.7156,0.1828,0.0547,0.2922,1.1047,0.2009,none
instruct,damaged_q3,cyb_50_str_50,rhetoric,640,0.3703,0.2797,0.62,0.7453,0.1984,0.0406,0.3719,1.2312,0.1207,none
instruct,damaged_q3,cyb_50_str_50,spatial,640,0.375,0.2969,0.6245,0.7219,0.1609,0.0469,0.275,1.2344,0.1555,none
instruct,damaged_q3,cyb_60_str_40,adversarial,640,0.6391,0.4469,0.8142,0.9797,0.1703,0.0625,0.3406,0.5969,0.3262,none
instruct,damaged_q3,cyb_60_str_40,boundary,640,0.7297,0.4734,0.8396,0.9984,0.1734,0.0766,0.3891,0.4484,0.3525,none
instruct,damaged_q3,cyb_60_str_40,coding,640,0.3406,0.2672,0.5981,0.7516,0.2109,0.0578,0.3094,1.3422,0.1005,none
instruct,damaged_q3,cyb_60_str_40,epistemic,640,0.3422,0.2781,0.61,0.7156,0.1766,0.0359,0.3391,1.1109,0.1353,none
instruct,damaged_q3,cyb_60_str_40,forensic,640,0.4922,0.3578,0.7043,0.9875,0.2125,0.05,0.3359,1.0047,0.207,none
instruct,damaged_q3,cyb_60_str_40,generalist,640,0.2891,0.2422,0.6015,0.7156,0.2219,0.075,0.3203,1.15,0.0775,none
instruct,damaged_q3,cyb_60_str_40,math,640,0.3109,0.2313,0.5519,0.6703,0.1922,0.0469,0.3469,1.6484,0.054,classification_miss
instruct,damaged_q3,cyb_60_str_40,planning,640,0.3766,0.3109,0.5965,0.6562,0.2047,0.0484,0.2734,1.2609,0.1549,none
instruct,damaged_q3,cyb_60_str_40,rhetoric,640,0.3172,0.2469,0.5806,0.7219,0.1891,0.0516,0.3609,1.4453,0.0787,none
instruct,damaged_q3,cyb_60_str_40,spatial,640,0.3234,0.2625,0.5755,0.7016,0.1812,0.0547,0.2734,1.4,0.1053,none
instruct,damaged_q3,cyb_75_str_25,adversarial,640,0.5469,0.3625,0.7579,0.9922,0.2078,0.0813,0.3797,0.8547,0.2108,none
instruct,damaged_q3,cyb_75_str_25,boundary,640,0.5984,0.3672,0.7795,0.9891,0.2094,0.0719,0.3953,0.6984,0.2235,none
instruct,damaged_q3,cyb_75_str_25,coding,640,0.2766,0.2281,0.5445,0.7063,0.2188,0.0734,0.3063,1.5781,0.0444,none
instruct,damaged_q3,cyb_75_str_25,epistemic,640,0.2609,0.2016,0.5252,0.6891,0.2203,0.0578,0.3438,1.4219,0.0253,cascade
instruct,damaged_q3,cyb_75_str_25,forensic,640,0.4125,0.2922,0.6633,0.9828,0.2062,0.0906,0.325,1.2188,0.1253,none
instruct,damaged_q3,cyb_75_str_25,generalist,640,0.1953,0.1531,0.4873,0.6312,0.2313,0.0844,0.3656,1.6141,-0.0431,classification_miss
instruct,damaged_q3,cyb_75_str_25,math,640,0.2156,0.1656,0.4797,0.6578,0.2109,0.0594,0.3891,2.0016,-0.0407,classification_miss
instruct,damaged_q3,cyb_75_str_25,planning,640,0.2516,0.2141,0.5254,0.6813,0.2109,0.0719,0.2938,1.6156,0.0321,classification_miss
instruct,damaged_q3,cyb_75_str_25,rhetoric,640,0.2437,0.1797,0.5138,0.6984,0.1984,0.0766,0.3406,1.7594,-0.0104,classification_miss
instruct,damaged_q3,cyb_75_str_25,spatial,640,0.2531,0.1922,0.5019,0.65,0.2031,0.0703,0.3,1.7156,0.0074,classification_miss
instruct,damaged_q3,cyber_only,adversarial,640,0.2531,0.1844,0.5454,0.8875,0.2453,0.0875,0.3797,1.8859,-0.0314,primitive_gap
instruct,damaged_q3,cyber_only,boundary,640,0.3141,0.2047,0.5929,0.9141,0.2391,0.0953,0.5,1.5594,-0.0041,primitive_gap
instruct,damaged_q3,cyber_only,coding,640,0.1094,0.0797,0.3626,0.6047,0.3109,0.0781,0.3281,2.3828,-0.1746,cascade
instruct,damaged_q3,cyber_only,epistemic,640,0.1109,0.0797,0.3587,0.5813,0.2953,0.0641,0.3688,2.0453,-0.1535,cascade
instruct,damaged_q3,cyber_only,forensic,640,0.1641,0.1141,0.4587,0.8594,0.2656,0.0578,0.4188,2.0109,-0.1112,primitive_gap
instruct,damaged_q3,cyber_only,generalist,640,0.0813,0.0641,0.332,0.55,0.2953,0.0984,0.3609,2.3016,-0.1882,cascade
instruct,damaged_q3,cyber_only,math,640,0.0766,0.0594,0.315,0.5469,0.2719,0.0953,0.3984,2.775,-0.2119,classification_miss
instruct,damaged_q3,cyber_only,planning,640,0.1125,0.0844,0.3497,0.5672,0.2859,0.075,0.3297,2.3344,-0.1595,classification_miss
instruct,damaged_q3,cyber_only,rhetoric,640,0.1,0.075,0.3509,0.5516,0.2797,0.0734,0.3797,2.4453,-0.1762,classification_miss
instruct,damaged_q3,cyber_only,spatial,640,0.0906,0.075,0.3156,0.5,0.2625,0.0719,0.3078,2.5141,-0.1685,classification_miss
instruct,damaged_q3,structural_only,adversarial,640,0.6766,0.5016,0.8225,0.925,0.1578,0.0125,0.3312,0.5312,0.3987,none
instruct,damaged_q3,structural_only,boundary,640,0.6875,0.4859,0.8069,0.9094,0.1922,0.0328,0.3453,0.5141,0.3684,none
instruct,damaged_q3,structural_only,coding,640,0.5813,0.4453,0.7505,0.775,0.1469,0.0203,0.2781,0.7063,0.3396,none
instruct,damaged_q3,structural_only,epistemic,640,0.5469,0.4281,0.7495,0.7688,0.1375,0.0063,0.3234,0.6078,0.3294,none
instruct,damaged_q3,structural_only,forensic,640,0.6094,0.4625,0.772,0.8953,0.1656,0.0234,0.3219,0.6609,0.3493,none
instruct,damaged_q3,structural_only,generalist,640,0.5453,0.4359,0.7333,0.7562,0.15,0.0125,0.3266,0.6922,0.3277,none
instruct,damaged_q3,structural_only,math,640,0.5578,0.4047,0.7398,0.8125,0.1469,0.0266,0.3469,0.825,0.2863,none
instruct,damaged_q3,structural_only,planning,640,0.5719,0.4641,0.7472,0.7688,0.1719,0.0125,0.2578,0.6859,0.3551,none
instruct,damaged_q3,structural_only,rhetoric,640,0.4875,0.3656,0.6996,0.7438,0.1672,0.0187,0.3516,0.8859,0.2393,none
instruct,damaged_q3,structural_only,spatial,640,0.575,0.4281,0.7395,0.7812,0.1578,0.0203,0.3016,0.7172,0.3167,none
instruct,damaged_q3,tri_boundary_heavy,adversarial,640,0.7906,0.5219,0.891,0.9875,0.1391,0.0734,0.3406,0.2203,0.4272,none
instruct,damaged_q3,tri_boundary_heavy,boundary,640,0.8422,0.5547,0.9029,0.9922,0.1234,0.0688,0.3844,0.1672,0.4648,none
instruct,damaged_q3,tri_boundary_heavy,coding,640,0.55,0.4094,0.7339,0.8031,0.1703,0.0625,0.2844,0.7781,0.2841,none
instruct,damaged_q3,tri_boundary_heavy,epistemic,640,0.5609,0.4313,0.7597,0.8359,0.1625,0.0359,0.3406,0.5781,0.3192,none
instruct,damaged_q3,tri_boundary_heavy,forensic,640,0.6766,0.4859,0.8121,0.9953,0.1609,0.0547,0.3266,0.5766,0.3718,none
instruct,damaged_q3,tri_boundary_heavy,generalist,640,0.5484,0.4266,0.746,0.7859,0.1531,0.0578,0.3234,0.6438,0.311,none
instruct,damaged_q3,tri_boundary_heavy,math,640,0.5172,0.3766,0.7072,0.7609,0.15,0.0594,0.3703,0.9437,0.2429,none
instruct,damaged_q3,tri_boundary_heavy,planning,640,0.6234,0.45,0.7725,0.825,0.1406,0.0703,0.3078,0.6391,0.3372,none
instruct,damaged_q3,tri_boundary_heavy,rhetoric,640,0.5266,0.3906,0.7177,0.7906,0.1656,0.0516,0.3453,0.8453,0.2607,none
instruct,damaged_q3,tri_boundary_heavy,spatial,640,0.5188,0.4078,0.7078,0.7844,0.1719,0.0609,0.2938,0.8531,0.2779,none
instruct,damaged_q3,tri_cognitive_bridge,adversarial,640,0.6937,0.4625,0.8322,0.9828,0.1812,0.0469,0.3891,0.4781,0.3437,none
instruct,damaged_q3,tri_cognitive_bridge,boundary,640,0.7344,0.4891,0.8425,0.9781,0.1422,0.0672,0.3781,0.4672,0.3794,none
instruct,damaged_q3,tri_cognitive_bridge,coding,640,0.5437,0.3984,0.73,0.8016,0.1656,0.0563,0.3266,0.7953,0.2716,none
instruct,damaged_q3,tri_cognitive_bridge,epistemic,640,0.5406,0.3891,0.7488,0.8547,0.1562,0.0406,0.4,0.6438,0.2699,none
instruct,damaged_q3,tri_cognitive_bridge,forensic,640,0.6203,0.4641,0.7875,0.9641,0.1531,0.0516,0.3219,0.6781,0.3482,none
instruct,damaged_q3,tri_cognitive_bridge,generalist,640,0.5391,0.4016,0.7573,0.8516,0.1531,0.0531,0.325,0.6609,0.286,none
instruct,damaged_q3,tri_cognitive_bridge,math,640,0.5266,0.3812,0.7214,0.8156,0.1484,0.0547,0.3391,0.9469,0.2513,none
instruct,damaged_q3,tri_cognitive_bridge,planning,640,0.6641,0.5109,0.7892,0.8594,0.1484,0.0547,0.2859,0.5859,0.4033,none
instruct,damaged_q3,tri_cognitive_bridge,rhetoric,640,0.5188,0.3969,0.7257,0.8219,0.1812,0.0328,0.3438,0.8,0.2684,none
instruct,damaged_q3,tri_cognitive_bridge,spatial,640,0.6094,0.4719,0.7625,0.8469,0.1531,0.05,0.2594,0.7047,0.36,none
instruct,damaged_q3,tri_cognitive_heavy,adversarial,640,0.4781,0.3438,0.7082,0.8953,0.2,0.0688,0.3781,1.0562,0.1869,none
instruct,damaged_q3,tri_cognitive_heavy,boundary,640,0.5281,0.3547,0.7271,0.9016,0.1969,0.0547,0.4125,0.8984,0.2068,none
instruct,damaged_q3,tri_cognitive_heavy,coding,640,0.4078,0.2953,0.6598,0.8,0.1906,0.0578,0.3359,1.1047,0.1445,none
instruct,damaged_q3,tri_cognitive_heavy,epistemic,640,0.4547,0.3328,0.687,0.8359,0.2078,0.0609,0.3766,0.8453,0.1859,none
instruct,damaged_q3,tri_cognitive_heavy,forensic,640,0.45,0.3422,0.6635,0.9031,0.1891,0.0469,0.3922,1.1609,0.1867,none
instruct,damaged_q3,tri_cognitive_heavy,generalist,640,0.4141,0.3203,0.6848,0.8063,0.1766,0.0656,0.3719,0.9062,0.1792,none
instruct,damaged_q3,tri_cognitive_heavy,math,640,0.45,0.35,0.6613,0.8109,0.1656,0.0516,0.3594,1.2234,0.2001,none
instruct,damaged_q3,tri_cognitive_heavy,planning,640,0.5281,0.4125,0.7108,0.8531,0.1641,0.0453,0.2891,0.9422,0.284,none
instruct,damaged_q3,tri_cognitive_heavy,rhetoric,640,0.4172,0.2844,0.6507,0.7969,0.1766,0.05,0.4016,1.1531,0.1316,none
instruct,damaged_q3,tri_cognitive_heavy,spatial,640,0.4781,0.3656,0.688,0.8109,0.1828,0.0703,0.2953,0.9812,0.224,none
instruct,damaged_q3,tri_cyber_heavy,adversarial,640,0.7531,0.4984,0.8685,0.9875,0.1391,0.0719,0.375,0.3266,0.396,none
instruct,damaged_q3,tri_cyber_heavy,boundary,640,0.7875,0.4906,0.8827,0.9859,0.1578,0.1062,0.3656,0.2141,0.3821,none
instruct,damaged_q3,tri_cyber_heavy,coding,640,0.4609,0.3219,0.6808,0.775,0.1688,0.0891,0.3203,1.0156,0.177,none
instruct,damaged_q3,tri_cyber_heavy,epistemic,640,0.475,0.3375,0.7004,0.7812,0.1656,0.0719,0.3656,0.7859,0.2049,none
instruct,damaged_q3,tri_cyber_heavy,forensic,640,0.5828,0.4219,0.7673,0.9875,0.1984,0.0688,0.3531,0.7156,0.2846,none
instruct,damaged_q3,tri_cyber_heavy,generalist,640,0.3984,0.2906,0.6578,0.7656,0.2047,0.0719,0.3375,0.9672,0.1395,none
instruct,damaged_q3,tri_cyber_heavy,math,640,0.3766,0.2844,0.6241,0.7234,0.1562,0.0703,0.3766,1.3531,0.1257,none
instruct,damaged_q3,tri_cyber_heavy,planning,640,0.4766,0.3516,0.6871,0.7375,0.1375,0.0797,0.3063,0.9594,0.2219,none
instruct,damaged_q3,tri_cyber_heavy,rhetoric,640,0.3734,0.2547,0.6134,0.6891,0.1906,0.0813,0.3422,1.2312,0.0923,none
instruct,damaged_q3,tri_cyber_heavy,spatial,640,0.4594,0.3609,0.6695,0.7562,0.1453,0.0688,0.2516,1.0797,0.2295,none
instruct,damaged_q3,tri_equal_routed,adversarial,640,0.6609,0.4453,0.8158,0.9797,0.1594,0.0734,0.3688,0.6031,0.3232,none
instruct,damaged_q3,tri_equal_routed,boundary,640,0.6781,0.4297,0.8171,0.9812,0.1828,0.0813,0.3984,0.5312,0.3002,none
instruct,damaged_q3,tri_equal_routed,coding,640,0.4156,0.3,0.6621,0.7781,0.1812,0.0844,0.3672,1.0641,0.1462,none
instruct,damaged_q3,tri_equal_routed,epistemic,640,0.4422,0.3266,0.679,0.8141,0.175,0.0484,0.4,0.8984,0.1875,none
instruct,damaged_q3,tri_equal_routed,forensic,640,0.5516,0.3828,0.7474,0.975,0.1734,0.0797,0.3734,0.8406,0.2429,none
instruct,damaged_q3,tri_equal_routed,generalist,640,0.4,0.2969,0.6636,0.7781,0.175,0.0719,0.3406,0.9875,0.1534,none
instruct,damaged_q3,tri_equal_routed,math,640,0.3859,0.2953,0.6327,0.7609,0.1719,0.0641,0.375,1.3234,0.1348,none
instruct,damaged_q3,tri_equal_routed,planning,640,0.4953,0.3812,0.6869,0.7703,0.1625,0.0609,0.2844,0.9812,0.2485,none
instruct,damaged_q3,tri_equal_routed,rhetoric,640,0.4016,0.2828,0.6481,0.7828,0.1891,0.0609,0.3484,1.1438,0.1288,none
instruct,damaged_q3,tri_equal_routed,spatial,640,0.425,0.3328,0.6541,0.7578,0.1609,0.0594,0.2984,1.1297,0.1923,none
instruct,damaged_q3,tri_naive_equal_all_fire,adversarial,640,0.6844,0.3266,0.8374,0.9891,0.175,0.3,0.4703,0.2594,0.1635,none
instruct,damaged_q3,tri_naive_equal_all_fire,boundary,640,0.7547,0.3203,0.8471,0.9891,0.175,0.3719,0.475,0.1656,0.1472,none
instruct,damaged_q3,tri_naive_equal_all_fire,coding,640,0.4437,0.2641,0.6677,0.7469,0.1859,0.2906,0.4031,0.8594,0.0749,none
instruct,damaged_q3,tri_naive_equal_all_fire,epistemic,640,0.4844,0.2641,0.7071,0.7641,0.1547,0.2656,0.4422,0.6391,0.0972,none
instruct,damaged_q3,tri_naive_equal_all_fire,forensic,640,0.5359,0.2922,0.7537,0.9828,0.1828,0.3078,0.425,0.6625,0.1087,none
instruct,damaged_q3,tri_naive_equal_all_fire,generalist,640,0.4625,0.2766,0.6852,0.7406,0.1812,0.2703,0.4016,0.7203,0.1,none
instruct,damaged_q3,tri_naive_equal_all_fire,math,640,0.3453,0.2172,0.6047,0.7016,0.2,0.2859,0.4172,1.2188,0.0057,classification_miss
instruct,damaged_q3,tri_naive_equal_all_fire,planning,640,0.4906,0.2953,0.6947,0.7484,0.1734,0.3172,0.3125,0.7438,0.1177,none
instruct,damaged_q3,tri_naive_equal_all_fire,rhetoric,640,0.4375,0.2594,0.6638,0.7484,0.1781,0.3063,0.4313,0.9047,0.065,none
instruct,damaged_q3,tri_naive_equal_all_fire,spatial,640,0.4203,0.2719,0.6544,0.7,0.1562,0.3109,0.3453,0.9219,0.0891,none
instruct,damaged_q3,tri_naive_structural_heavy_all_fire,adversarial,640,0.8391,0.4109,0.8953,0.9906,0.1328,0.2906,0.3797,0.0422,0.2805,none
instruct,damaged_q3,tri_naive_structural_heavy_all_fire,boundary,640,0.8328,0.375,0.8881,0.9953,0.1375,0.3281,0.4031,0.0516,0.2333,none
instruct,damaged_q3,tri_naive_structural_heavy_all_fire,coding,640,0.8094,0.3953,0.8714,0.8859,0.1141,0.3078,0.3594,0.0734,0.2671,none
instruct,damaged_q3,tri_naive_structural_heavy_all_fire,epistemic,640,0.7969,0.4328,0.8717,0.8766,0.1172,0.2391,0.3891,0.0828,0.3146,none
instruct,damaged_q3,tri_naive_structural_heavy_all_fire,forensic,640,0.8609,0.4453,0.9028,0.9969,0.1078,0.2812,0.3906,0.0672,0.3221,none
instruct,damaged_q3,tri_naive_structural_heavy_all_fire,generalist,640,0.7375,0.3984,0.8535,0.8484,0.1141,0.3031,0.3672,0.1156,0.2684,none
instruct,damaged_q3,tri_naive_structural_heavy_all_fire,math,640,0.7547,0.3984,0.8465,0.8484,0.1359,0.2578,0.425,0.1578,0.2642,none
instruct,damaged_q3,tri_naive_structural_heavy_all_fire,planning,640,0.7844,0.45,0.8719,0.8859,0.1313,0.2641,0.3109,0.0813,0.3289,none
instruct,damaged_q3,tri_naive_structural_heavy_all_fire,rhetoric,640,0.7281,0.3688,0.8396,0.8297,0.1406,0.2828,0.4,0.1484,0.2306,none
instruct,damaged_q3,tri_naive_structural_heavy_all_fire,spatial,640,0.7797,0.4453,0.8677,0.8453,0.1172,0.2828,0.2938,0.0922,0.3255,none
instruct,damaged_q3,tri_structural_heavy_55,adversarial,640,0.8125,0.5484,0.9022,0.9953,0.1422,0.0484,0.3641,0.1609,0.4589,none
instruct,damaged_q3,tri_structural_heavy_55,boundary,640,0.8359,0.5406,0.9034,0.9891,0.1281,0.0609,0.3781,0.1531,0.4521,none
instruct,damaged_q3,tri_structural_heavy_55,coding,640,0.6656,0.4984,0.8054,0.85,0.1562,0.05,0.2953,0.4813,0.3939,none
instruct,damaged_q3,tri_structural_heavy_55,epistemic,640,0.6969,0.5125,0.8359,0.8875,0.1297,0.0422,0.3359,0.3484,0.4209,none
instruct,damaged_q3,tri_structural_heavy_55,forensic,640,0.7297,0.5391,0.8394,0.9797,0.1562,0.0281,0.325,0.4313,0.439,none
instruct,damaged_q3,tri_structural_heavy_55,generalist,640,0.675,0.5,0.8176,0.8672,0.1359,0.0406,0.3281,0.4188,0.4039,none
instruct,damaged_q3,tri_structural_heavy_55,math,640,0.6297,0.4859,0.7825,0.8344,0.125,0.0437,0.3344,0.6781,0.379,none
instruct,damaged_q3,tri_structural_heavy_55,planning,640,0.7562,0.5672,0.8452,0.8688,0.1203,0.0469,0.2703,0.3641,0.4819,none
instruct,damaged_q3,tri_structural_heavy_55,rhetoric,640,0.5984,0.4469,0.7788,0.8297,0.1547,0.0422,0.3328,0.5828,0.3363,none
instruct,damaged_q3,tri_structural_heavy_55,spatial,640,0.6828,0.4906,0.809,0.8594,0.1469,0.0453,0.3016,0.4656,0.3901,none
instruct,damaged_q3,tri_structural_heavy_60,adversarial,640,0.8562,0.5984,0.9223,0.9891,0.125,0.0422,0.2906,0.0906,0.5247,none
instruct,damaged_q3,tri_structural_heavy_60,boundary,640,0.8562,0.5828,0.9185,0.9859,0.1219,0.0453,0.35,0.0844,0.505,none
instruct,damaged_q3,tri_structural_heavy_60,coding,640,0.7266,0.5203,0.844,0.8875,0.1516,0.0437,0.3109,0.3234,0.425,none
instruct,damaged_q3,tri_structural_heavy_60,epistemic,640,0.7359,0.525,0.8487,0.8844,0.1297,0.025,0.3453,0.2953,0.4387,none
instruct,damaged_q3,tri_structural_heavy_60,forensic,640,0.775,0.5578,0.8737,0.9922,0.1656,0.0469,0.3234,0.2687,0.4594,none
instruct,damaged_q3,tri_structural_heavy_60,generalist,640,0.675,0.5,0.8225,0.8375,0.1109,0.0359,0.3469,0.3937,0.4121,none
instruct,damaged_q3,tri_structural_heavy_60,math,640,0.6891,0.5094,0.8133,0.8453,0.1344,0.0312,0.3563,0.4984,0.4094,none
instruct,damaged_q3,tri_structural_heavy_60,planning,640,0.7516,0.5672,0.8583,0.8625,0.1234,0.0469,0.2812,0.2766,0.4845,none
instruct,damaged_q3,tri_structural_heavy_60,rhetoric,640,0.6922,0.5109,0.8146,0.8328,0.1234,0.0328,0.3297,0.4578,0.4181,none
instruct,damaged_q3,tri_structural_heavy_60,spatial,640,0.7156,0.5578,0.828,0.8391,0.1328,0.0328,0.2609,0.3906,0.471,none
instruct,damaged_q3,tri_structural_heavy_65,adversarial,640,0.8391,0.5703,0.9179,0.9922,0.1328,0.0469,0.3375,0.0797,0.4901,none
instruct,damaged_q3,tri_structural_heavy_65,boundary,640,0.8391,0.5656,0.9159,0.9859,0.1469,0.0391,0.3828,0.0469,0.4808,none
instruct,damaged_q3,tri_structural_heavy_65,coding,640,0.7766,0.5859,0.8767,0.8875,0.1344,0.0328,0.2594,0.2,0.5083,none
instruct,damaged_q3,tri_structural_heavy_65,epistemic,640,0.7469,0.525,0.8639,0.8938,0.1078,0.0266,0.3438,0.2578,0.447,none
instruct,damaged_q3,tri_structural_heavy_65,forensic,640,0.8281,0.6109,0.8924,0.9859,0.1281,0.0469,0.3063,0.2297,0.5271,none
instruct,damaged_q3,tri_structural_heavy_65,generalist,640,0.7156,0.5297,0.8512,0.8656,0.1187,0.05,0.2922,0.2875,0.4463,none
instruct,damaged_q3,tri_structural_heavy_65,math,640,0.7375,0.5437,0.8369,0.8422,0.1016,0.0406,0.3172,0.4406,0.4577,none
instruct,damaged_q3,tri_structural_heavy_65,planning,640,0.7781,0.575,0.8721,0.8766,0.1313,0.0266,0.2938,0.2031,0.4967,none
instruct,damaged_q3,tri_structural_heavy_65,rhetoric,640,0.7531,0.5641,0.8513,0.8656,0.1203,0.0391,0.3156,0.3187,0.479,none
instruct,damaged_q3,tri_structural_heavy_65,spatial,640,0.7719,0.6016,0.8629,0.8938,0.1391,0.0375,0.2641,0.2703,0.5177,none
instruct,damaged_q4,baseline,adversarial,640,0.1578,0.1266,0.4334,0.6297,0.1984,0.0063,0.3422,2.3781,-0.0805,primitive_gap
instruct,damaged_q4,baseline,boundary,640,0.1453,0.1203,0.4205,0.6375,0.2203,0.0094,0.3203,2.2891,-0.0877,primitive_gap
instruct,damaged_q4,baseline,coding,640,0.1547,0.1313,0.4393,0.6578,0.1938,0.0172,0.2578,2.1422,-0.058,primitive_gap
instruct,damaged_q4,baseline,epistemic,640,0.175,0.15,0.448,0.6453,0.2062,0.0,0.3156,1.7828,-0.0263,classification_miss
instruct,damaged_q4,baseline,forensic,640,0.1953,0.175,0.461,0.6891,0.1953,0.0172,0.2797,1.9922,-0.009,primitive_gap
instruct,damaged_q4,baseline,generalist,640,0.1422,0.1203,0.4437,0.6781,0.2281,0.0266,0.3203,1.9062,-0.0744,primitive_gap
instruct,damaged_q4,baseline,math,640,0.1938,0.1609,0.4888,0.7063,0.1422,0.0094,0.3422,2.1063,-0.0163,primitive_gap
instruct,damaged_q4,baseline,planning,640,0.2,0.1609,0.4716,0.65,0.1453,0.0172,0.2516,1.9797,-0.0052,classification_miss
instruct,damaged_q4,baseline,rhetoric,640,0.1609,0.1359,0.451,0.6672,0.2047,0.0078,0.3422,2.0672,-0.0578,primitive_gap
instruct,damaged_q4,baseline,spatial,640,0.2078,0.1828,0.4673,0.6359,0.1719,0.0125,0.2938,1.9609,0.0072,classification_miss
instruct,damaged_q4,cog_25_cyb_75,adversarial,640,0.5719,0.4109,0.7806,0.9906,0.1422,0.0781,0.3,0.8641,0.2855,none
instruct,damaged_q4,cog_25_cyb_75,boundary,640,0.6531,0.4641,0.8014,0.9938,0.1391,0.0984,0.3031,0.7359,0.3416,none
instruct,damaged_q4,cog_25_cyb_75,coding,640,0.3359,0.2453,0.6054,0.775,0.1328,0.0906,0.2672,1.4641,0.0928,none
instruct,damaged_q4,cog_25_cyb_75,epistemic,640,0.2969,0.2156,0.5891,0.7547,0.1859,0.0875,0.3187,1.25,0.0543,none
instruct,damaged_q4,cog_25_cyb_75,forensic,640,0.4109,0.3219,0.6735,0.9766,0.1641,0.0766,0.3016,1.2156,0.1724,none
instruct,damaged_q4,cog_25_cyb_75,generalist,640,0.2875,0.2219,0.5886,0.7547,0.1484,0.1094,0.3094,1.3484,0.0633,none
instruct,damaged_q4,cog_25_cyb_75,math,640,0.2422,0.175,0.5287,0.6828,0.1516,0.0563,0.3187,1.8562,-0.0,primitive_gap
instruct,damaged_q4,cog_25_cyb_75,planning,640,0.3359,0.2687,0.5813,0.7297,0.1641,0.0953,0.2234,1.4203,0.1116,none
instruct,damaged_q4,cog_25_cyb_75,rhetoric,640,0.3203,0.2484,0.5961,0.7609,0.1609,0.0859,0.3016,1.4359,0.087,none
instruct,damaged_q4,cog_25_cyb_75,spatial,640,0.3219,0.2484,0.5613,0.7172,0.15,0.0859,0.2437,1.5766,0.0879,none
instruct,damaged_q4,cog_25_str_75,adversarial,640,0.8672,0.6609,0.9312,0.9859,0.1047,0.0297,0.2391,0.0859,0.6002,none
instruct,damaged_q4,cog_25_str_75,boundary,640,0.8734,0.6562,0.9341,0.9906,0.1016,0.0219,0.2734,0.0688,0.5961,none
instruct,damaged_q4,cog_25_str_75,coding,640,0.8562,0.6453,0.9225,0.9547,0.1031,0.0297,0.25,0.0906,0.5839,none
instruct,damaged_q4,cog_25_str_75,epistemic,640,0.8719,0.6641,0.9307,0.9547,0.0891,0.0031,0.2641,0.0609,0.6125,none
instruct,damaged_q4,cog_25_str_75,forensic,640,0.8781,0.6781,0.9302,0.9938,0.1031,0.025,0.2594,0.1,0.6164,none
instruct,damaged_q4,cog_25_str_75,generalist,640,0.8469,0.6312,0.9113,0.9281,0.0984,0.0297,0.2625,0.1141,0.5691,none
instruct,damaged_q4,cog_25_str_75,math,640,0.8688,0.6516,0.923,0.9469,0.0969,0.0219,0.2719,0.0953,0.5916,none
instruct,damaged_q4,cog_25_str_75,planning,640,0.8625,0.6547,0.9258,0.9453,0.0906,0.0141,0.2562,0.0813,0.6001,none
instruct,damaged_q4,cog_25_str_75,rhetoric,640,0.8422,0.6375,0.9111,0.9328,0.1078,0.0063,0.2844,0.1109,0.5756,none
instruct,damaged_q4,cog_25_str_75,spatial,640,0.8953,0.7016,0.9376,0.9656,0.0656,0.0187,0.2281,0.0938,0.6552,none
instruct,damaged_q4,cog_40_cyb_60,adversarial,640,0.5312,0.3844,0.7532,0.9797,0.1484,0.0828,0.3078,0.9906,0.2491,none
instruct,damaged_q4,cog_40_cyb_60,boundary,640,0.5375,0.3703,0.7473,0.9781,0.1594,0.0906,0.3063,0.9625,0.2317,none
instruct,damaged_q4,cog_40_cyb_60,coding,640,0.3047,0.2437,0.5944,0.7625,0.1531,0.0828,0.2703,1.4766,0.0858,primitive_gap
instruct,damaged_q4,cog_40_cyb_60,epistemic,640,0.3375,0.2547,0.6119,0.7937,0.1562,0.0641,0.2984,1.2172,0.1103,none
instruct,damaged_q4,cog_40_cyb_60,forensic,640,0.4641,0.3406,0.6735,0.9672,0.1656,0.075,0.3297,1.1953,0.1898,none
instruct,damaged_q4,cog_40_cyb_60,generalist,640,0.2953,0.2234,0.5876,0.7547,0.1844,0.0828,0.3219,1.3125,0.0602,none
instruct,damaged_q4,cog_40_cyb_60,math,640,0.2687,0.2078,0.5689,0.7656,0.1437,0.0813,0.3531,1.7312,0.0336,primitive_gap
instruct,damaged_q4,cog_40_cyb_60,planning,640,0.3625,0.2766,0.6102,0.7531,0.1359,0.0938,0.2672,1.375,0.1269,none
instruct,damaged_q4,cog_40_cyb_60,rhetoric,640,0.3031,0.2328,0.5778,0.7812,0.1688,0.0797,0.3453,1.5594,0.0607,primitive_gap
instruct,damaged_q4,cog_40_cyb_60,spatial,640,0.3453,0.2734,0.5859,0.7547,0.1609,0.0766,0.2719,1.4766,0.1143,none
instruct,damaged_q4,cog_40_str_60,adversarial,640,0.8313,0.5984,0.9085,0.9734,0.1187,0.0375,0.2938,0.1656,0.5235,none
instruct,damaged_q4,cog_40_str_60,boundary,640,0.8422,0.6094,0.9044,0.9844,0.1328,0.025,0.2922,0.1719,0.5326,none
instruct,damaged_q4,cog_40_str_60,coding,640,0.7937,0.6062,0.884,0.9203,0.0984,0.0328,0.2547,0.2578,0.5369,none
instruct,damaged_q4,cog_40_str_60,epistemic,640,0.7969,0.5906,0.8961,0.9672,0.125,0.0094,0.2938,0.175,0.519,none
instruct,damaged_q4,cog_40_str_60,forensic,640,0.8219,0.6203,0.8851,0.9906,0.1016,0.0328,0.2906,0.3125,0.5444,none
instruct,damaged_q4,cog_40_str_60,generalist,640,0.7703,0.5859,0.8798,0.9234,0.0828,0.025,0.2719,0.2797,0.5204,none
instruct,damaged_q4,cog_40_str_60,math,640,0.8375,0.6391,0.8898,0.9281,0.0672,0.0359,0.2812,0.3172,0.5734,none
instruct,damaged_q4,cog_40_str_60,planning,640,0.8562,0.6781,0.9082,0.9453,0.0781,0.0234,0.2141,0.2125,0.6223,none
instruct,damaged_q4,cog_40_str_60,rhetoric,640,0.7766,0.5797,0.8659,0.9234,0.1047,0.0219,0.2969,0.3375,0.5033,none
instruct,damaged_q4,cog_40_str_60,spatial,640,0.7969,0.6125,0.8803,0.925,0.1078,0.025,0.2531,0.2703,0.5414,none
instruct,damaged_q4,cog_50_cyb_50,adversarial,640,0.4562,0.3219,0.7077,0.9594,0.1688,0.0859,0.3219,1.1812,0.1692,none
instruct,damaged_q4,cog_50_cyb_50,boundary,640,0.5031,0.3187,0.7272,0.9672,0.1516,0.0844,0.4219,1.0266,0.1713,none
instruct,damaged_q4,cog_50_cyb_50,coding,640,0.3187,0.2375,0.5855,0.7937,0.1922,0.0719,0.2922,1.5109,0.0665,none
instruct,damaged_q4,cog_50_cyb_50,epistemic,640,0.2984,0.2281,0.5983,0.8219,0.1984,0.0688,0.3406,1.2266,0.0663,none
instruct,damaged_q4,cog_50_cyb_50,forensic,640,0.3828,0.2922,0.6478,0.9344,0.1547,0.0875,0.3359,1.3188,0.1355,none
instruct,damaged_q4,cog_50_cyb_50,generalist,640,0.2953,0.2172,0.6025,0.7953,0.1672,0.1078,0.3203,1.2984,0.0549,none
instruct,damaged_q4,cog_50_cyb_50,math,640,0.2766,0.2078,0.5627,0.7562,0.1437,0.0906,0.3281,1.7328,0.0337,primitive_gap
instruct,damaged_q4,cog_50_cyb_50,planning,640,0.325,0.2687,0.5941,0.7844,0.1766,0.0672,0.2484,1.4312,0.1109,none
instruct,damaged_q4,cog_50_cyb_50,rhetoric,640,0.2906,0.2062,0.5703,0.8094,0.2094,0.0656,0.3516,1.5531,0.0245,primitive_gap
instruct,damaged_q4,cog_50_cyb_50,spatial,640,0.3219,0.25,0.5792,0.7719,0.1391,0.0844,0.2547,1.5406,0.094,none
instruct,damaged_q4,cog_50_str_50,adversarial,640,0.7781,0.5938,0.8723,0.975,0.1047,0.0328,0.2625,0.4141,0.5141,none
instruct,damaged_q4,cog_50_str_50,boundary,640,0.7766,0.5859,0.8628,0.9672,0.1281,0.0312,0.2938,0.3969,0.4979,none
instruct,damaged_q4,cog_50_str_50,coding,640,0.7609,0.6047,0.8461,0.9156,0.0984,0.0312,0.2281,0.4625,0.5275,none
instruct,damaged_q4,cog_50_str_50,epistemic,640,0.7328,0.5453,0.8654,0.9625,0.1094,0.0187,0.3016,0.325,0.4684,none
instruct,damaged_q4,cog_50_str_50,forensic,640,0.7422,0.5672,0.8407,0.9688,0.0969,0.0281,0.2703,0.525,0.4846,none
instruct,damaged_q4,cog_50_str_50,generalist,640,0.7094,0.5484,0.8483,0.9266,0.1187,0.0344,0.2812,0.375,0.4647,none
instruct,damaged_q4,cog_50_str_50,math,640,0.7141,0.5375,0.8373,0.9047,0.0797,0.0266,0.3203,0.5281,0.4562,none
instruct,damaged_q4,cog_50_str_50,planning,640,0.7641,0.6109,0.8591,0.9203,0.1031,0.0281,0.2578,0.3766,0.5349,none
instruct,damaged_q4,cog_50_str_50,rhetoric,640,0.6969,0.5359,0.8296,0.9125,0.1281,0.0406,0.2875,0.475,0.4426,none
instruct,damaged_q4,cog_50_str_50,spatial,640,0.7297,0.5656,0.8478,0.9219,0.1016,0.0281,0.2594,0.4406,0.4867,none
instruct,damaged_q4,cog_60_cyb_40,adversarial,640,0.425,0.3109,0.6751,0.9469,0.2,0.0766,0.3109,1.3141,0.145,none
instruct,damaged_q4,cog_60_cyb_40,boundary,640,0.4234,0.2922,0.6856,0.9375,0.175,0.0906,0.3344,1.2031,0.1347,none
instruct,damaged_q4,cog_60_cyb_40,coding,640,0.2891,0.2125,0.5759,0.7844,0.1625,0.0578,0.3094,1.5672,0.0491,primitive_gap
instruct,damaged_q4,cog_60_cyb_40,epistemic,640,0.3391,0.2578,0.6253,0.8094,0.1547,0.0766,0.3031,1.1672,0.1135,none
instruct,damaged_q4,cog_60_cyb_40,forensic,640,0.3703,0.2703,0.6208,0.9062,0.1844,0.0672,0.3531,1.3781,0.1044,none
instruct,damaged_q4,cog_60_cyb_40,generalist,640,0.25,0.1875,0.5937,0.8047,0.1672,0.0781,0.3125,1.3516,0.0291,primitive_gap
instruct,damaged_q4,cog_60_cyb_40,math,640,0.2578,0.2078,0.5587,0.7562,0.1719,0.0859,0.3312,1.7375,0.0257,primitive_gap
instruct,damaged_q4,cog_60_cyb_40,planning,640,0.3625,0.2859,0.619,0.8016,0.1234,0.0781,0.2422,1.3922,0.1443,none
instruct,damaged_q4,cog_60_cyb_40,rhetoric,640,0.3156,0.2391,0.583,0.8172,0.1688,0.0797,0.3484,1.55,0.0671,primitive_gap
instruct,damaged_q4,cog_60_cyb_40,spatial,640,0.3109,0.2531,0.5749,0.7547,0.1344,0.0719,0.2719,1.5453,0.0994,primitive_gap
instruct,damaged_q4,cog_60_str_40,adversarial,640,0.6547,0.4844,0.8156,0.95,0.1219,0.0531,0.2656,0.675,0.3822,none
instruct,damaged_q4,cog_60_str_40,boundary,640,0.6391,0.4609,0.7925,0.9328,0.1297,0.0547,0.3359,0.7188,0.3483,none
instruct,damaged_q4,cog_60_str_40,coding,640,0.6328,0.4656,0.7852,0.8766,0.1031,0.0516,0.2703,0.7031,0.3676,none
instruct,damaged_q4,cog_60_str_40,epistemic,640,0.6422,0.4719,0.808,0.9234,0.1109,0.0266,0.3406,0.5188,0.3801,none
instruct,damaged_q4,cog_60_str_40,forensic,640,0.6266,0.4984,0.7736,0.9344,0.1313,0.0375,0.2594,0.7641,0.3926,none
instruct,damaged_q4,cog_60_str_40,generalist,640,0.6359,0.4922,0.806,0.8984,0.1047,0.0469,0.3141,0.5563,0.3985,none
instruct,damaged_q4,cog_60_str_40,math,640,0.575,0.4172,0.7639,0.8891,0.1234,0.0312,0.3484,0.825,0.3048,none
instruct,damaged_q4,cog_60_str_40,planning,640,0.6969,0.5656,0.8261,0.925,0.1141,0.0375,0.2547,0.5375,0.4767,none
instruct,damaged_q4,cog_60_str_40,rhetoric,640,0.6266,0.4891,0.7842,0.9125,0.1313,0.0406,0.3078,0.6984,0.382,none
instruct,damaged_q4,cog_60_str_40,spatial,640,0.6813,0.5437,0.8051,0.9141,0.1078,0.0344,0.2359,0.6328,0.454,none
instruct,damaged_q4,cog_75_cyb_25,adversarial,640,0.3219,0.2547,0.6257,0.8672,0.1719,0.0516,0.3422,1.5484,0.088,primitive_gap
instruct,damaged_q4,cog_75_cyb_25,boundary,640,0.3422,0.2453,0.618,0.8625,0.1531,0.0844,0.3609,1.5547,0.0759,primitive_gap
instruct,damaged_q4,cog_75_cyb_25,coding,640,0.2953,0.2359,0.5736,0.7812,0.1516,0.0781,0.2953,1.6203,0.0702,primitive_gap
instruct,damaged_q4,cog_75_cyb_25,epistemic,640,0.3031,0.2391,0.6151,0.8266,0.1594,0.0828,0.3,1.2266,0.0894,none
instruct,damaged_q4,cog_75_cyb_25,forensic,640,0.3328,0.2578,0.6036,0.8516,0.1703,0.0641,0.3125,1.4406,0.0969,none
instruct,damaged_q4,cog_75_cyb_25,generalist,640,0.2703,0.2078,0.5971,0.8344,0.1734,0.0656,0.3391,1.3641,0.0473,primitive_gap
instruct,damaged_q4,cog_75_cyb_25,math,640,0.3125,0.2422,0.5715,0.7828,0.1547,0.0625,0.3344,1.6984,0.0716,primitive_gap
instruct,damaged_q4,cog_75_cyb_25,planning,640,0.3547,0.2859,0.6126,0.8375,0.175,0.0797,0.2641,1.3828,0.1272,none
instruct,damaged_q4,cog_75_cyb_25,rhetoric,640,0.2953,0.2219,0.596,0.825,0.1672,0.0766,0.3531,1.5,0.0532,primitive_gap
instruct,damaged_q4,cog_75_cyb_25,spatial,640,0.325,0.2625,0.5849,0.7953,0.1359,0.0578,0.2375,1.5422,0.114,primitive_gap
instruct,damaged_q4,cog_75_str_25,adversarial,640,0.4266,0.3203,0.701,0.8891,0.1437,0.0469,0.3063,1.1844,0.1841,none
instruct,damaged_q4,cog_75_str_25,boundary,640,0.4672,0.3406,0.6936,0.8719,0.1516,0.0484,0.3172,1.1297,0.2036,none
instruct,damaged_q4,cog_75_str_25,coding,640,0.4625,0.3703,0.7081,0.8797,0.125,0.05,0.2359,1.0734,0.2503,none
instruct,damaged_q4,cog_75_str_25,epistemic,640,0.4922,0.3875,0.7411,0.9,0.1453,0.025,0.3156,0.7516,0.2761,none
instruct,damaged_q4,cog_75_str_25,forensic,640,0.4625,0.3859,0.6976,0.8766,0.1281,0.0344,0.2641,1.0562,0.2667,none
instruct,damaged_q4,cog_75_str_25,generalist,640,0.5016,0.4109,0.7256,0.8812,0.1437,0.0437,0.2562,0.8688,0.2951,none
instruct,damaged_q4,cog_75_str_25,math,640,0.4516,0.3625,0.697,0.8547,0.1203,0.0375,0.3031,1.1547,0.2369,none
instruct,damaged_q4,cog_75_str_25,planning,640,0.5687,0.45,0.7419,0.8891,0.1109,0.0422,0.25,0.925,0.342,none
instruct,damaged_q4,cog_75_str_25,rhetoric,640,0.5094,0.3922,0.7206,0.8891,0.1203,0.0266,0.3328,1.0078,0.2738,none
instruct,damaged_q4,cog_75_str_25,spatial,640,0.5344,0.4422,0.7257,0.8781,0.1297,0.0375,0.2391,0.9437,0.3295,none
instruct,damaged_q4,cognitive_only,adversarial,640,0.1797,0.1453,0.4827,0.7484,0.2359,0.0469,0.3141,2.125,-0.0662,primitive_gap
instruct,damaged_q4,cognitive_only,boundary,640,0.1672,0.125,0.462,0.6797,0.1969,0.0594,0.3828,2.0922,-0.0812,primitive_gap
instruct,damaged_q4,cognitive_only,coding,640,0.2141,0.1734,0.5115,0.7625,0.1766,0.0531,0.2938,1.8813,-0.0077,primitive_gap
instruct,damaged_q4,cognitive_only,epistemic,640,0.2422,0.1844,0.5468,0.8063,0.1812,0.0328,0.3438,1.4734,0.0223,primitive_gap
instruct,damaged_q4,cognitive_only,forensic,640,0.2172,0.1766,0.4741,0.7266,0.2172,0.0578,0.2969,1.9312,-0.0205,primitive_gap
instruct,damaged_q4,cognitive_only,generalist,640,0.2344,0.1906,0.5508,0.7625,0.1734,0.0563,0.3297,1.5531,0.0233,primitive_gap
instruct,damaged_q4,cognitive_only,math,640,0.2453,0.1953,0.5368,0.7594,0.1594,0.0484,0.3328,1.8656,0.0179,primitive_gap
instruct,damaged_q4,cognitive_only,planning,640,0.3063,0.2375,0.5568,0.7859,0.175,0.0484,0.2719,1.6172,0.0727,primitive_gap
instruct,damaged_q4,cognitive_only,rhetoric,640,0.2453,0.1938,0.5359,0.7797,0.1859,0.0578,0.3141,1.75,0.0138,primitive_gap
instruct,damaged_q4,cognitive_only,spatial,640,0.2891,0.2359,0.5626,0.7844,0.1578,0.0531,0.2313,1.6203,0.0785,primitive_gap
instruct,damaged_q4,cyb_25_str_75,adversarial,640,0.8922,0.6781,0.9421,0.9984,0.0984,0.0266,0.2281,0.0609,0.622,none
instruct,damaged_q4,cyb_25_str_75,boundary,640,0.8688,0.6391,0.9343,0.9969,0.1094,0.0359,0.2766,0.0563,0.5741,none
instruct,damaged_q4,cyb_25_str_75,coding,640,0.8688,0.6578,0.9245,0.9406,0.0859,0.0234,0.2422,0.0969,0.6031,none
instruct,damaged_q4,cyb_25_str_75,epistemic,640,0.8063,0.6297,0.9018,0.9078,0.1141,0.0109,0.2672,0.1094,0.5664,none
instruct,damaged_q4,cyb_25_str_75,forensic,640,0.8828,0.6719,0.9352,0.9922,0.0953,0.0219,0.2594,0.0813,0.6141,none
instruct,damaged_q4,cyb_25_str_75,generalist,640,0.8078,0.6172,0.8957,0.8797,0.0797,0.0281,0.2719,0.1578,0.558,none
instruct,damaged_q4,cyb_25_str_75,math,640,0.8219,0.6156,0.8956,0.8859,0.0859,0.0219,0.2797,0.1953,0.5533,none
instruct,damaged_q4,cyb_25_str_75,planning,640,0.8641,0.6781,0.9168,0.9062,0.0797,0.025,0.2109,0.1141,0.6266,none
instruct,damaged_q4,cyb_25_str_75,rhetoric,640,0.7859,0.6156,0.8803,0.8688,0.1078,0.0203,0.2625,0.2047,0.548,none
instruct,damaged_q4,cyb_25_str_75,spatial,640,0.8438,0.7063,0.9138,0.8984,0.0844,0.0266,0.1828,0.125,0.6548,none
instruct,damaged_q4,cyb_40_str_60,adversarial,640,0.875,0.6578,0.9327,0.9828,0.1031,0.0391,0.2562,0.075,0.5948,none
instruct,damaged_q4,cyb_40_str_60,boundary,640,0.8703,0.5922,0.9304,0.9891,0.1141,0.0703,0.2891,0.0547,0.518,none
instruct,damaged_q4,cyb_40_str_60,coding,640,0.7953,0.5938,0.8786,0.8969,0.1203,0.0437,0.2578,0.2219,0.5172,none
instruct,damaged_q4,cyb_40_str_60,epistemic,640,0.7547,0.5844,0.8674,0.8938,0.1109,0.0344,0.2547,0.2625,0.5107,none
instruct,damaged_q4,cyb_40_str_60,forensic,640,0.8359,0.6516,0.9113,0.9938,0.1266,0.0359,0.2141,0.1703,0.5808,none
instruct,damaged_q4,cyb_40_str_60,generalist,640,0.7391,0.5672,0.8492,0.8484,0.1047,0.0437,0.2562,0.3109,0.491,none
instruct,damaged_q4,cyb_40_str_60,math,640,0.7219,0.5531,0.8364,0.8391,0.0813,0.0312,0.3031,0.4703,0.4747,none
instruct,damaged_q4,cyb_40_str_60,planning,640,0.7812,0.6,0.8741,0.8594,0.0984,0.0469,0.2484,0.2359,0.5294,none
instruct,damaged_q4,cyb_40_str_60,rhetoric,640,0.7406,0.5578,0.8477,0.8578,0.0984,0.0391,0.2875,0.3656,0.4792,none
instruct,damaged_q4,cyb_40_str_60,spatial,640,0.7734,0.625,0.8564,0.8484,0.0875,0.0297,0.2203,0.3406,0.5582,none
instruct,damaged_q4,cyb_50_str_50,adversarial,640,0.9,0.6625,0.9385,0.9891,0.0828,0.0469,0.2609,0.0828,0.6033,none
instruct,damaged_q4,cyb_50_str_50,boundary,640,0.8625,0.6,0.9282,0.9938,0.1172,0.0656,0.2938,0.0672,0.5249,none
instruct,damaged_q4,cyb_50_str_50,coding,640,0.7266,0.5594,0.8463,0.8781,0.0953,0.0563,0.2297,0.4078,0.4808,none
instruct,damaged_q4,cyb_50_str_50,epistemic,640,0.6719,0.5172,0.8273,0.8656,0.1187,0.0344,0.2719,0.4,0.4329,none
instruct,damaged_q4,cyb_50_str_50,forensic,640,0.8156,0.6188,0.8949,0.9859,0.1109,0.0563,0.2281,0.2687,0.5425,none
instruct,damaged_q4,cyb_50_str_50,generalist,640,0.6797,0.5156,0.8207,0.825,0.0984,0.0578,0.2547,0.4313,0.4326,none
instruct,damaged_q4,cyb_50_str_50,math,640,0.6094,0.4688,0.7839,0.8266,0.1047,0.0391,0.3078,0.6828,0.3708,none
instruct,damaged_q4,cyb_50_str_50,planning,640,0.7328,0.5922,0.8341,0.8469,0.1031,0.0437,0.2219,0.4359,0.513,none
instruct,damaged_q4,cyb_50_str_50,rhetoric,640,0.6937,0.5281,0.8089,0.8344,0.1156,0.05,0.2703,0.5141,0.4361,none
instruct,damaged_q4,cyb_50_str_50,spatial,640,0.7047,0.5703,0.8124,0.8578,0.1203,0.0391,0.2062,0.5266,0.4836,none
instruct,damaged_q4,cyb_60_str_40,adversarial,640,0.8594,0.5922,0.9225,0.9938,0.0969,0.0703,0.2969,0.1391,0.5184,none
instruct,damaged_q4,cyb_60_str_40,boundary,640,0.8578,0.5953,0.9204,0.9906,0.125,0.0828,0.2687,0.1047,0.5145,none
instruct,damaged_q4,cyb_60_str_40,coding,640,0.625,0.5,0.7932,0.8531,0.1141,0.0516,0.2297,0.6188,0.4062,none
instruct,damaged_q4,cyb_60_str_40,epistemic,640,0.6469,0.5156,0.8092,0.8578,0.0953,0.0281,0.2641,0.4984,0.4354,none
instruct,damaged_q4,cyb_60_str_40,forensic,640,0.7922,0.6062,0.8663,0.9953,0.1203,0.0547,0.2172,0.4,0.5218,none
instruct,damaged_q4,cyb_60_str_40,generalist,640,0.5844,0.4437,0.7742,0.8109,0.1266,0.0594,0.2625,0.5875,0.3435,none
instruct,damaged_q4,cyb_60_str_40,math,640,0.5594,0.4328,0.7595,0.8266,0.0953,0.0437,0.2656,0.8562,0.3314,none
instruct,damaged_q4,cyb_60_str_40,planning,640,0.6828,0.5266,0.7928,0.8078,0.1187,0.0531,0.2219,0.5672,0.4342,none
instruct,damaged_q4,cyb_60_str_40,rhetoric,640,0.5891,0.4625,0.7647,0.8125,0.1187,0.05,0.2609,0.7172,0.3601,none
instruct,damaged_q4,cyb_60_str_40,spatial,640,0.6156,0.4844,0.7666,0.8125,0.1031,0.05,0.2344,0.7156,0.3889,none
instruct,damaged_q4,cyb_75_str_25,adversarial,640,0.7859,0.5469,0.8899,0.9906,0.1234,0.0906,0.2922,0.2656,0.4551,none
instruct,damaged_q4,cyb_75_str_25,boundary,640,0.8609,0.5922,0.9192,0.9953,0.1172,0.0938,0.2891,0.1219,0.5091,none
instruct,damaged_q4,cyb_75_str_25,coding,640,0.5484,0.4391,0.7289,0.8266,0.1297,0.075,0.2344,0.8922,0.3218,none
instruct,damaged_q4,cyb_75_str_25,epistemic,640,0.4641,0.3438,0.7066,0.8125,0.1547,0.0578,0.2969,0.8094,0.2216,none
instruct,damaged_q4,cyb_75_str_25,forensic,640,0.6859,0.5078,0.8141,0.9891,0.1266,0.0734,0.2687,0.6109,0.4031,none
instruct,damaged_q4,cyb_75_str_25,generalist,640,0.4469,0.3359,0.6932,0.75,0.1313,0.0797,0.2938,0.8859,0.2128,none
instruct,damaged_q4,cyb_75_str_25,math,640,0.3953,0.2953,0.6528,0.7766,0.1344,0.0656,0.3141,1.2953,0.152,none
instruct,damaged_q4,cyb_75_str_25,planning,640,0.5453,0.4359,0.7092,0.7641,0.1266,0.0563,0.2266,0.9234,0.3224,none
instruct,damaged_q4,cyb_75_str_25,rhetoric,640,0.5109,0.375,0.7122,0.8141,0.1203,0.0625,0.3,0.9625,0.2543,none
instruct,damaged_q4,cyb_75_str_25,spatial,640,0.475,0.3625,0.6802,0.7875,0.1266,0.0609,0.2594,1.05,0.2391,none
instruct,damaged_q4,cyber_only,adversarial,640,0.5047,0.3703,0.7439,0.9797,0.1641,0.0594,0.3047,0.9969,0.235,none
instruct,damaged_q4,cyber_only,boundary,640,0.6047,0.4047,0.7822,0.9891,0.1641,0.0828,0.3563,0.7609,0.2724,none
instruct,damaged_q4,cyber_only,coding,640,0.2656,0.1953,0.534,0.6797,0.1641,0.0922,0.2828,1.6797,0.021,classification_miss
instruct,damaged_q4,cyber_only,epistemic,640,0.2656,0.2188,0.5623,0.725,0.1453,0.0734,0.3063,1.3766,0.0671,none
instruct,damaged_q4,cyber_only,forensic,640,0.4078,0.3266,0.6661,0.9688,0.1703,0.0781,0.2687,1.2359,0.1765,none
instruct,damaged_q4,cyber_only,generalist,640,0.1922,0.1531,0.5201,0.6906,0.1656,0.075,0.2938,1.5891,-0.0145,classification_miss
instruct,damaged_q4,cyber_only,math,640,0.2078,0.1797,0.5031,0.6594,0.1516,0.0781,0.3031,1.9781,-0.0046,classification_miss
instruct,damaged_q4,cyber_only,planning,640,0.2672,0.2328,0.5353,0.6922,0.1594,0.0594,0.2172,1.6516,0.0732,classification_miss
instruct,damaged_q4,cyber_only,rhetoric,640,0.2437,0.1938,0.5139,0.6922,0.1906,0.0656,0.3,1.7656,0.0112,primitive_gap
instruct,damaged_q4,cyber_only,spatial,640,0.2219,0.1766,0.49,0.6531,0.1656,0.0797,0.2656,1.8328,-0.002,classification_miss
instruct,damaged_q4,structural_only,adversarial,640,0.8906,0.6969,0.9432,0.9875,0.0953,0.0109,0.2484,0.0391,0.6443,none
instruct,damaged_q4,structural_only,boundary,640,0.8906,0.6609,0.9399,0.9938,0.1047,0.0344,0.2594,0.0422,0.5998,none
instruct,damaged_q4,structural_only,coding,640,0.8609,0.6844,0.9189,0.9109,0.0844,0.0187,0.2188,0.1016,0.6327,none
instruct,damaged_q4,structural_only,epistemic,640,0.8031,0.6094,0.8942,0.9,0.1156,0.0016,0.2922,0.125,0.5447,none
instruct,damaged_q4,structural_only,forensic,640,0.8766,0.6641,0.9259,0.9859,0.0938,0.0109,0.2734,0.1187,0.6059,none
instruct,damaged_q4,structural_only,generalist,640,0.7828,0.6297,0.8792,0.8781,0.1078,0.0219,0.2422,0.2016,0.5635,none
instruct,damaged_q4,structural_only,math,640,0.7906,0.6,0.8819,0.8891,0.1047,0.0109,0.3266,0.2219,0.5292,none
instruct,damaged_q4,structural_only,planning,640,0.8406,0.6859,0.9113,0.9109,0.0875,0.0141,0.2156,0.1297,0.6331,none
instruct,damaged_q4,structural_only,rhetoric,640,0.7906,0.5875,0.8751,0.8484,0.0875,0.0266,0.2703,0.2375,0.5224,none
instruct,damaged_q4,structural_only,spatial,640,0.8297,0.6813,0.9034,0.8703,0.0719,0.0172,0.2156,0.1594,0.631,none
instruct,damaged_q4,tri_boundary_heavy,adversarial,640,0.8969,0.6687,0.9398,0.9875,0.0813,0.0625,0.2453,0.0781,0.6083,none
instruct,damaged_q4,tri_boundary_heavy,boundary,640,0.8719,0.6141,0.9328,0.9969,0.1078,0.0641,0.3,0.0578,0.542,none
instruct,damaged_q4,tri_boundary_heavy,coding,640,0.8578,0.6188,0.9187,0.9406,0.0906,0.0625,0.2437,0.1141,0.5539,none
instruct,damaged_q4,tri_boundary_heavy,epistemic,640,0.8641,0.6656,0.9241,0.9531,0.0781,0.0453,0.2297,0.1203,0.6087,none
instruct,damaged_q4,tri_boundary_heavy,forensic,640,0.8672,0.5813,0.9228,0.9859,0.0938,0.0719,0.3031,0.1281,0.5081,none
instruct,damaged_q4,tri_boundary_heavy,generalist,640,0.7969,0.6297,0.8864,0.9094,0.1344,0.0437,0.2406,0.1656,0.5531,none
instruct,damaged_q4,tri_boundary_heavy,math,640,0.8141,0.5844,0.8905,0.9094,0.0781,0.0563,0.3063,0.2594,0.5122,none
instruct,damaged_q4,tri_boundary_heavy,planning,640,0.8484,0.6578,0.9096,0.9094,0.0922,0.0672,0.2062,0.1344,0.5935,none
instruct,damaged_q4,tri_boundary_heavy,rhetoric,640,0.8172,0.5938,0.8923,0.9062,0.0938,0.0688,0.2578,0.2172,0.5204,none
instruct,damaged_q4,tri_boundary_heavy,spatial,640,0.8234,0.6078,0.8968,0.9062,0.0969,0.0578,0.2422,0.1812,0.5387,none
instruct,damaged_q4,tri_cognitive_bridge,adversarial,640,0.8578,0.6531,0.9304,0.9906,0.1203,0.0453,0.2531,0.0656,0.5844,none
instruct,damaged_q4,tri_cognitive_bridge,boundary,640,0.8703,0.5672,0.9286,0.9906,0.1125,0.0719,0.3172,0.0578,0.4908,none
instruct,damaged_q4,tri_cognitive_bridge,coding,640,0.8406,0.6359,0.9152,0.9422,0.0953,0.075,0.2313,0.1297,0.5674,none
instruct,damaged_q4,tri_cognitive_bridge,epistemic,640,0.8422,0.5859,0.9186,0.9766,0.1062,0.0406,0.3063,0.0984,0.5165,none
instruct,damaged_q4,tri_cognitive_bridge,forensic,640,0.8484,0.6312,0.9103,0.9891,0.1172,0.0359,0.2781,0.1641,0.5585,none
instruct,damaged_q4,tri_cognitive_bridge,generalist,640,0.85,0.6281,0.9182,0.9484,0.0766,0.0594,0.2672,0.1297,0.5654,none
instruct,damaged_q4,tri_cognitive_bridge,math,640,0.8063,0.5828,0.8861,0.9125,0.0969,0.0516,0.2938,0.2531,0.5073,none
instruct,damaged_q4,tri_cognitive_bridge,planning,640,0.8609,0.6531,0.9233,0.9563,0.1,0.0422,0.2266,0.1047,0.5913,none
instruct,damaged_q4,tri_cognitive_bridge,rhetoric,640,0.8359,0.6422,0.9034,0.9437,0.1031,0.0344,0.2578,0.1797,0.5748,none
instruct,damaged_q4,tri_cognitive_bridge,spatial,640,0.8406,0.6516,0.9115,0.9453,0.1047,0.0406,0.2078,0.1516,0.5878,none
instruct,damaged_q4,tri_cognitive_heavy,adversarial,640,0.8453,0.6094,0.9096,0.9938,0.0953,0.0609,0.2703,0.2391,0.535,none
instruct,damaged_q4,tri_cognitive_heavy,boundary,640,0.8313,0.5875,0.9009,0.9891,0.1234,0.0719,0.2828,0.2172,0.5026,none
instruct,damaged_q4,tri_cognitive_heavy,coding,640,0.7406,0.5453,0.8526,0.9078,0.0984,0.0609,0.2562,0.4016,0.463,none
instruct,damaged_q4,tri_cognitive_heavy,epistemic,640,0.7812,0.5656,0.8862,0.9578,0.1031,0.0344,0.3234,0.2344,0.4902,none
instruct,damaged_q4,tri_cognitive_heavy,forensic,640,0.7734,0.5516,0.8557,0.9781,0.1094,0.0703,0.3031,0.4328,0.4588,none
instruct,damaged_q4,tri_cognitive_heavy,generalist,640,0.7672,0.5672,0.8738,0.9391,0.1125,0.0625,0.2844,0.2719,0.4846,none
instruct,damaged_q4,tri_cognitive_heavy,math,640,0.725,0.5344,0.8518,0.9187,0.0891,0.0531,0.3141,0.4547,0.4492,none
instruct,damaged_q4,tri_cognitive_heavy,planning,640,0.8047,0.5922,0.8861,0.9375,0.1109,0.0734,0.2406,0.2516,0.5124,none
instruct,damaged_q4,tri_cognitive_heavy,rhetoric,640,0.7562,0.5328,0.8536,0.9391,0.1328,0.0625,0.3187,0.3672,0.4366,none
instruct,damaged_q4,tri_cognitive_heavy,spatial,640,0.7797,0.5922,0.8674,0.9313,0.1,0.05,0.2547,0.3516,0.5142,none
instruct,damaged_q4,tri_cyber_heavy,adversarial,640,0.8766,0.6016,0.9271,0.9875,0.1109,0.0953,0.2922,0.0813,0.5218,none
instruct,damaged_q4,tri_cyber_heavy,boundary,640,0.8828,0.6031,0.9317,0.9844,0.1016,0.0859,0.2938,0.0641,0.5288,none
instruct,damaged_q4,tri_cyber_heavy,coding,640,0.7656,0.5859,0.8715,0.9094,0.1266,0.0609,0.2313,0.2734,0.5036,none
instruct,damaged_q4,tri_cyber_heavy,epistemic,640,0.7391,0.5719,0.8564,0.8656,0.1187,0.0484,0.2297,0.2828,0.494,none
instruct,damaged_q4,tri_cyber_heavy,forensic,640,0.8266,0.6016,0.8976,0.9891,0.1109,0.0734,0.2656,0.2453,0.5201,none
instruct,damaged_q4,tri_cyber_heavy,generalist,640,0.7109,0.5406,0.8385,0.8531,0.1203,0.0672,0.2734,0.3406,0.4522,none
instruct,damaged_q4,tri_cyber_heavy,math,640,0.6516,0.4781,0.7961,0.8266,0.1156,0.0859,0.3094,0.6109,0.371,none
instruct,damaged_q4,tri_cyber_heavy,planning,640,0.7672,0.5687,0.8632,0.8641,0.1125,0.0781,0.2391,0.2703,0.4867,none
instruct,damaged_q4,tri_cyber_heavy,rhetoric,640,0.7484,0.5312,0.8372,0.8578,0.0891,0.075,0.2734,0.4391,0.4457,none
instruct,damaged_q4,tri_cyber_heavy,spatial,640,0.7156,0.5609,0.8292,0.8469,0.1187,0.0719,0.2281,0.425,0.4714,none
instruct,damaged_q4,tri_equal_routed,adversarial,640,0.8641,0.5969,0.9308,0.9938,0.0938,0.0656,0.2891,0.0969,0.5277,none
instruct,damaged_q4,tri_equal_routed,boundary,640,0.8438,0.575,0.9201,0.9922,0.1187,0.075,0.2984,0.1094,0.495,none
instruct,damaged_q4,tri_equal_routed,coding,640,0.7391,0.5297,0.8547,0.8906,0.0984,0.0844,0.2516,0.375,0.4444,none
instruct,damaged_q4,tri_equal_routed,epistemic,640,0.7516,0.5172,0.864,0.9047,0.0953,0.0641,0.3187,0.2953,0.4355,none
instruct,damaged_q4,tri_equal_routed,forensic,640,0.8047,0.5687,0.8818,0.9922,0.1031,0.0766,0.3,0.325,0.4823,none
instruct,damaged_q4,tri_equal_routed,generalist,640,0.6969,0.5125,0.8466,0.8875,0.1047,0.0859,0.2922,0.3516,0.423,none
instruct,damaged_q4,tri_equal_routed,math,640,0.6719,0.4781,0.8136,0.8844,0.1109,0.075,0.3297,0.5781,0.3746,none
instruct,damaged_q4,tri_equal_routed,planning,640,0.7797,0.5859,0.8654,0.8984,0.1047,0.0734,0.2266,0.3281,0.5053,none
instruct,damaged_q4,tri_equal_routed,rhetoric,640,0.7578,0.5516,0.8534,0.9172,0.1016,0.0563,0.2953,0.4031,0.4661,none
instruct,damaged_q4,tri_equal_routed,spatial,640,0.7344,0.5578,0.8371,0.8844,0.1047,0.0578,0.2484,0.45,0.4725,none
instruct,damaged_q4,tri_naive_equal_all_fire,adversarial,640,0.8625,0.4406,0.8995,0.9906,0.1094,0.3375,0.2984,0.0672,0.3131,none
instruct,damaged_q4,tri_naive_equal_all_fire,boundary,640,0.8234,0.4016,0.8893,0.9875,0.1297,0.2844,0.4109,0.0656,0.2696,none
instruct,damaged_q4,tri_naive_equal_all_fire,coding,640,0.7391,0.4172,0.8463,0.8859,0.1297,0.3094,0.275,0.2125,0.2838,none
instruct,damaged_q4,tri_naive_equal_all_fire,epistemic,640,0.7625,0.4328,0.8531,0.9094,0.1313,0.2953,0.3078,0.1922,0.3001,none
instruct,damaged_q4,tri_naive_equal_all_fire,forensic,640,0.825,0.4531,0.8867,0.9938,0.1125,0.3156,0.3203,0.1516,0.323,none
instruct,damaged_q4,tri_naive_equal_all_fire,generalist,640,0.7297,0.4188,0.8402,0.8703,0.1156,0.3047,0.2969,0.2234,0.2882,none
instruct,damaged_q4,tri_naive_equal_all_fire,math,640,0.6937,0.3937,0.8134,0.8406,0.1094,0.275,0.3578,0.4141,0.2566,none
instruct,damaged_q4,tri_naive_equal_all_fire,planning,640,0.7547,0.4219,0.8491,0.8781,0.1187,0.3187,0.2625,0.2016,0.2914,none
instruct,damaged_q4,tri_naive_equal_all_fire,rhetoric,640,0.7453,0.3922,0.8453,0.8688,0.0984,0.2828,0.3578,0.2516,0.2649,none
instruct,damaged_q4,tri_naive_equal_all_fire,spatial,640,0.6953,0.3953,0.8277,0.8359,0.1297,0.3187,0.2812,0.2687,0.2567,none
instruct,damaged_q4,tri_naive_structural_heavy_all_fire,adversarial,640,0.8625,0.4781,0.9051,0.9953,0.1094,0.3094,0.2828,0.0641,0.3576,none
instruct,damaged_q4,tri_naive_structural_heavy_all_fire,boundary,640,0.8781,0.4469,0.9079,0.9906,0.0859,0.3094,0.3547,0.0531,0.3282,none
instruct,damaged_q4,tri_naive_structural_heavy_all_fire,coding,640,0.8703,0.4547,0.9091,0.9688,0.0953,0.2922,0.2766,0.0391,0.3436,none
instruct,damaged_q4,tri_naive_structural_heavy_all_fire,epistemic,640,0.8578,0.4656,0.908,0.9812,0.1078,0.2812,0.3094,0.0422,0.3502,none
instruct,damaged_q4,tri_naive_structural_heavy_all_fire,forensic,640,0.8703,0.4469,0.9074,0.9938,0.1062,0.3187,0.3141,0.0484,0.3237,none
instruct,damaged_q4,tri_naive_structural_heavy_all_fire,generalist,640,0.8406,0.4281,0.8989,0.9437,0.0797,0.3203,0.3359,0.0484,0.3109,none
instruct,damaged_q4,tri_naive_structural_heavy_all_fire,math,640,0.8609,0.4609,0.9058,0.9359,0.0734,0.2594,0.3734,0.0578,0.3543,none
instruct,damaged_q4,tri_naive_structural_heavy_all_fire,planning,640,0.8672,0.4703,0.9072,0.9563,0.0875,0.2984,0.2859,0.0406,0.3595,none
instruct,damaged_q4,tri_naive_structural_heavy_all_fire,rhetoric,640,0.8672,0.5125,0.9119,0.9469,0.0891,0.2609,0.2844,0.0406,0.4088,none
instruct,damaged_q4,tri_naive_structural_heavy_all_fire,spatial,640,0.8641,0.4484,0.9106,0.9609,0.1,0.3125,0.2672,0.0297,0.3331,none
instruct,damaged_q4,tri_structural_heavy_55,adversarial,640,0.8938,0.6703,0.9409,0.9828,0.0938,0.0672,0.2281,0.05,0.608,none
instruct,damaged_q4,tri_structural_heavy_55,boundary,640,0.8844,0.6328,0.9326,0.9859,0.1016,0.0625,0.2734,0.0719,0.5644,none
instruct,damaged_q4,tri_structural_heavy_55,coding,640,0.8734,0.6672,0.9319,0.9531,0.0922,0.0531,0.2141,0.0703,0.6083,none
instruct,damaged_q4,tri_structural_heavy_55,epistemic,640,0.8797,0.6781,0.9393,0.9844,0.0906,0.0266,0.2422,0.0516,0.6237,none
instruct,damaged_q4,tri_structural_heavy_55,forensic,640,0.9031,0.6781,0.9422,0.9922,0.0781,0.0453,0.2531,0.0688,0.6219,none
instruct,damaged_q4,tri_structural_heavy_55,generalist,640,0.8625,0.6234,0.9309,0.9609,0.0859,0.0656,0.2641,0.0656,0.5601,none
instruct,damaged_q4,tri_structural_heavy_55,math,640,0.8656,0.6562,0.9214,0.9453,0.0938,0.0312,0.275,0.1062,0.5946,none
instruct,damaged_q4,tri_structural_heavy_55,planning,640,0.8969,0.6781,0.9385,0.9609,0.075,0.0359,0.2359,0.0641,0.6264,none
instruct,damaged_q4,tri_structural_heavy_55,rhetoric,640,0.8609,0.6422,0.9182,0.9484,0.1016,0.0344,0.2969,0.1,0.5761,none
instruct,damaged_q4,tri_structural_heavy_55,spatial,640,0.8734,0.6781,0.9287,0.9437,0.0797,0.0328,0.2141,0.1,0.6255,none
instruct,damaged_q4,tri_structural_heavy_60,adversarial,640,0.8984,0.6625,0.9431,0.9969,0.0891,0.0344,0.2625,0.0563,0.6051,none
instruct,damaged_q4,tri_structural_heavy_60,boundary,640,0.8828,0.6312,0.9371,0.9922,0.0969,0.0406,0.2859,0.0531,0.5685,none
instruct,damaged_q4,tri_structural_heavy_60,coding,640,0.8688,0.6453,0.932,0.9641,0.0969,0.0516,0.25,0.0578,0.583,none
instruct,damaged_q4,tri_structural_heavy_60,epistemic,640,0.8688,0.6328,0.9319,0.975,0.1,0.0375,0.2844,0.0484,0.5701,none
instruct,damaged_q4,tri_structural_heavy_60,forensic,640,0.8812,0.6469,0.9378,0.9891,0.1016,0.05,0.2719,0.0453,0.5824,none
instruct,damaged_q4,tri_structural_heavy_60,generalist,640,0.8641,0.6297,0.9214,0.9422,0.0797,0.0453,0.2828,0.0984,0.5692,none
instruct,damaged_q4,tri_structural_heavy_60,math,640,0.8922,0.6469,0.9354,0.9625,0.0656,0.0484,0.2828,0.0875,0.5905,none
instruct,damaged_q4,tri_structural_heavy_60,planning,640,0.8953,0.6813,0.9395,0.9688,0.0797,0.0391,0.225,0.0594,0.6286,none
instruct,damaged_q4,tri_structural_heavy_60,rhetoric,640,0.8578,0.6375,0.9234,0.9437,0.1047,0.0406,0.2625,0.0703,0.5735,none
instruct,damaged_q4,tri_structural_heavy_60,spatial,640,0.8969,0.6953,0.9414,0.9688,0.0734,0.0281,0.2359,0.0641,0.6456,none
instruct,damaged_q4,tri_structural_heavy_65,adversarial,640,0.8984,0.6516,0.9376,0.9938,0.0922,0.0359,0.2797,0.0688,0.5909,none
instruct,damaged_q4,tri_structural_heavy_65,boundary,640,0.8766,0.6297,0.9318,0.9984,0.1187,0.05,0.2641,0.0656,0.5597,none
instruct,damaged_q4,tri_structural_heavy_65,coding,640,0.8953,0.6906,0.9438,0.9672,0.075,0.0375,0.2172,0.05,0.6408,none
instruct,damaged_q4,tri_structural_heavy_65,epistemic,640,0.8922,0.6625,0.9425,0.9891,0.0844,0.0219,0.2766,0.0422,0.6086,none
instruct,damaged_q4,tri_structural_heavy_65,forensic,640,0.8953,0.6844,0.9458,0.9906,0.0859,0.0344,0.2172,0.05,0.6318,none
instruct,damaged_q4,tri_structural_heavy_65,generalist,640,0.8703,0.6578,0.9323,0.9594,0.0938,0.0406,0.2516,0.0547,0.5987,none
instruct,damaged_q4,tri_structural_heavy_65,math,640,0.875,0.6641,0.9346,0.9563,0.0813,0.0328,0.2594,0.0703,0.6089,none
instruct,damaged_q4,tri_structural_heavy_65,planning,640,0.8938,0.7063,0.939,0.9578,0.075,0.05,0.1906,0.0688,0.6551,none
instruct,damaged_q4,tri_structural_heavy_65,rhetoric,640,0.8734,0.6578,0.9299,0.9609,0.0922,0.0187,0.2781,0.0688,0.6007,none
instruct,damaged_q4,tri_structural_heavy_65,spatial,640,0.8953,0.6937,0.9429,0.9563,0.075,0.0437,0.2016,0.0516,0.6438,none
instruct,healthy_q6,baseline,adversarial,640,0.4266,0.3563,0.6647,0.7594,0.0969,0.0094,0.1953,1.3547,0.242,none
instruct,healthy_q6,baseline,boundary,640,0.4188,0.3563,0.6629,0.7594,0.1094,0.0219,0.1734,1.2797,0.2412,none
instruct,healthy_q6,baseline,coding,640,0.4297,0.3688,0.6617,0.7469,0.1047,0.0141,0.1672,1.225,0.2599,none
instruct,healthy_q6,baseline,epistemic,640,0.3922,0.3469,0.658,0.775,0.1,0.0,0.2062,1.075,0.2466,none
instruct,healthy_q6,baseline,forensic,640,0.4703,0.3984,0.6751,0.7828,0.0953,0.0109,0.1766,1.1594,0.2956,none
instruct,healthy_q6,baseline,generalist,640,0.3484,0.2938,0.6461,0.7531,0.1047,0.0234,0.25,1.1516,0.1801,none
instruct,healthy_q6,baseline,math,640,0.4609,0.4016,0.689,0.7859,0.0938,0.0078,0.2281,1.2,0.2936,none
instruct,healthy_q6,baseline,planning,640,0.4656,0.425,0.6846,0.7703,0.0922,0.0109,0.1562,1.1172,0.3268,none
instruct,healthy_q6,baseline,rhetoric,640,0.4141,0.3453,0.6562,0.7625,0.1172,0.0063,0.2,1.2391,0.231,none
instruct,healthy_q6,baseline,spatial,640,0.4484,0.3922,0.6691,0.7719,0.0891,0.0125,0.1672,1.1969,0.2897,none
instruct,healthy_q6,cog_25_cyb_75,adversarial,640,0.8734,0.6625,0.9317,0.9891,0.0813,0.0766,0.2188,0.1328,0.5987,none
instruct,healthy_q6,cog_25_cyb_75,boundary,640,0.8797,0.6312,0.9325,0.9953,0.1,0.0984,0.2359,0.0984,0.5578,none
instruct,healthy_q6,cog_25_cyb_75,coding,640,0.675,0.5078,0.8026,0.8609,0.0781,0.0969,0.1875,0.65,0.4175,none
instruct,healthy_q6,cog_25_cyb_75,epistemic,640,0.6891,0.5484,0.8383,0.9156,0.0813,0.0672,0.2078,0.4516,0.4714,none
instruct,healthy_q6,cog_25_cyb_75,forensic,640,0.7734,0.5766,0.8692,0.9844,0.0906,0.0938,0.2219,0.4,0.4929,none
instruct,healthy_q6,cog_25_cyb_75,generalist,640,0.6156,0.4859,0.7951,0.8531,0.0922,0.0953,0.2437,0.5844,0.3905,none
instruct,healthy_q6,cog_25_cyb_75,math,640,0.5578,0.4156,0.7477,0.85,0.075,0.0922,0.2781,0.9656,0.3042,none
instruct,healthy_q6,cog_25_cyb_75,planning,640,0.6641,0.5156,0.8021,0.8609,0.0906,0.0828,0.2109,0.5969,0.4252,none
instruct,healthy_q6,cog_25_cyb_75,rhetoric,640,0.6719,0.5406,0.8129,0.8844,0.0875,0.0813,0.225,0.6047,0.4499,none
instruct,healthy_q6,cog_25_cyb_75,spatial,640,0.6031,0.5031,0.7646,0.8391,0.0984,0.0797,0.1828,0.7578,0.4051,none
instruct,healthy_q6,cog_25_str_75,adversarial,640,0.9062,0.7047,0.9483,0.9906,0.075,0.0187,0.2109,0.0594,0.6586,none
instruct,healthy_q6,cog_25_str_75,boundary,640,0.9031,0.7359,0.9511,0.9906,0.075,0.0312,0.2,0.0469,0.6888,none
instruct,healthy_q6,cog_25_str_75,coding,640,0.9156,0.7547,0.9551,0.9859,0.0609,0.0125,0.1781,0.0484,0.7172,none
instruct,healthy_q6,cog_25_str_75,epistemic,640,0.9047,0.7281,0.9513,0.9891,0.0703,0.0094,0.2078,0.0406,0.6865,none
instruct,healthy_q6,cog_25_str_75,forensic,640,0.9203,0.7594,0.9554,0.9938,0.0703,0.0141,0.1781,0.0422,0.7191,none
instruct,healthy_q6,cog_25_str_75,generalist,640,0.9125,0.75,0.9566,0.9906,0.0547,0.0359,0.1797,0.0484,0.7096,none
instruct,healthy_q6,cog_25_str_75,math,640,0.9187,0.7625,0.955,0.9844,0.0641,0.0141,0.1938,0.0437,0.7228,none
instruct,healthy_q6,cog_25_str_75,planning,640,0.9281,0.7891,0.9572,0.9844,0.0547,0.0141,0.1484,0.0563,0.7552,none
instruct,healthy_q6,cog_25_str_75,rhetoric,640,0.925,0.725,0.9556,0.9969,0.0578,0.0141,0.2313,0.0484,0.6839,none
instruct,healthy_q6,cog_25_str_75,spatial,640,0.9203,0.7766,0.9563,0.9891,0.0656,0.0125,0.1562,0.0469,0.7395,none
instruct,healthy_q6,cog_40_cyb_60,adversarial,640,0.8344,0.6438,0.9167,0.9922,0.0938,0.0953,0.1766,0.2172,0.5716,none
instruct,healthy_q6,cog_40_cyb_60,boundary,640,0.8828,0.6578,0.93,0.9953,0.0859,0.0828,0.2234,0.1422,0.5905,none
instruct,healthy_q6,cog_40_cyb_60,coding,640,0.6703,0.5062,0.8085,0.8922,0.0734,0.0922,0.2,0.6594,0.4168,none
instruct,healthy_q6,cog_40_cyb_60,epistemic,640,0.6828,0.5203,0.8371,0.9187,0.0875,0.0594,0.2641,0.4391,0.4391,none
instruct,healthy_q6,cog_40_cyb_60,forensic,640,0.7375,0.5625,0.8492,0.9891,0.1266,0.1062,0.2109,0.4625,0.4633,none
instruct,healthy_q6,cog_40_cyb_60,generalist,640,0.6203,0.4703,0.8098,0.9016,0.0906,0.0938,0.2359,0.575,0.3768,none
instruct,healthy_q6,cog_40_cyb_60,math,640,0.5906,0.4562,0.7561,0.8422,0.0969,0.0672,0.25,0.8891,0.3493,none
instruct,healthy_q6,cog_40_cyb_60,planning,640,0.725,0.5687,0.8278,0.9125,0.0906,0.0859,0.1922,0.5563,0.4812,none
instruct,healthy_q6,cog_40_cyb_60,rhetoric,640,0.6906,0.5312,0.8251,0.9125,0.0688,0.0781,0.2219,0.6016,0.4472,none
instruct,healthy_q6,cog_40_cyb_60,spatial,640,0.6516,0.525,0.7886,0.8812,0.0906,0.0625,0.1812,0.7063,0.4355,none
instruct,healthy_q6,cog_40_str_60,adversarial,640,0.9219,0.7266,0.9516,0.9797,0.0563,0.0281,0.2078,0.0609,0.6844,none
instruct,healthy_q6,cog_40_str_60,boundary,640,0.9094,0.7188,0.9502,0.9906,0.0688,0.025,0.2188,0.0563,0.6728,none
instruct,healthy_q6,cog_40_str_60,coding,640,0.9375,0.7422,0.9606,0.9875,0.0437,0.025,0.1984,0.0437,0.706,none
instruct,healthy_q6,cog_40_str_60,epistemic,640,0.9078,0.7344,0.9546,0.9906,0.0688,0.0125,0.2016,0.0328,0.6935,none
instruct,healthy_q6,cog_40_str_60,forensic,640,0.8969,0.725,0.9459,0.9906,0.0891,0.0187,0.1766,0.0594,0.6774,none
instruct,healthy_q6,cog_40_str_60,generalist,640,0.9266,0.7547,0.9593,0.9938,0.0453,0.0312,0.1844,0.0547,0.7174,none
instruct,healthy_q6,cog_40_str_60,math,640,0.9266,0.7469,0.9554,0.9875,0.0547,0.0156,0.2047,0.0563,0.7082,none
instruct,healthy_q6,cog_40_str_60,planning,640,0.9281,0.7656,0.9592,0.9969,0.0625,0.0172,0.1859,0.0359,0.7268,none
instruct,healthy_q6,cog_40_str_60,rhetoric,640,0.9313,0.7422,0.9552,0.9844,0.0531,0.0187,0.2047,0.0531,0.7035,none
instruct,healthy_q6,cog_40_str_60,spatial,640,0.9141,0.7328,0.9491,0.9859,0.0656,0.0312,0.1859,0.0656,0.6887,none
instruct,healthy_q6,cog_50_cyb_50,adversarial,640,0.8047,0.6156,0.8968,0.9875,0.0875,0.075,0.2266,0.3156,0.5405,none
instruct,healthy_q6,cog_50_cyb_50,boundary,640,0.8625,0.6297,0.9142,0.9938,0.0969,0.0953,0.2172,0.2188,0.5532,none
instruct,healthy_q6,cog_50_cyb_50,coding,640,0.6531,0.5219,0.8005,0.8781,0.0922,0.0734,0.2109,0.6547,0.4299,none
instruct,healthy_q6,cog_50_cyb_50,epistemic,640,0.6484,0.525,0.8255,0.9156,0.0859,0.0406,0.2219,0.5,0.4483,none
instruct,healthy_q6,cog_50_cyb_50,forensic,640,0.7859,0.5922,0.8628,0.9922,0.0719,0.0844,0.2313,0.4781,0.5113,none
instruct,healthy_q6,cog_50_cyb_50,generalist,640,0.6234,0.4813,0.8154,0.9141,0.0984,0.0906,0.2203,0.5469,0.3886,none
instruct,healthy_q6,cog_50_cyb_50,math,640,0.5859,0.4266,0.756,0.8516,0.1125,0.0828,0.2781,0.8562,0.3112,none
instruct,healthy_q6,cog_50_cyb_50,planning,640,0.7047,0.5547,0.8121,0.9047,0.0859,0.0703,0.2156,0.6156,0.4668,none
instruct,healthy_q6,cog_50_cyb_50,rhetoric,640,0.6625,0.4906,0.8097,0.9172,0.0719,0.0578,0.2797,0.6625,0.402,none
instruct,healthy_q6,cog_50_cyb_50,spatial,640,0.6844,0.5437,0.7956,0.8766,0.0688,0.0734,0.2,0.7125,0.4568,none
instruct,healthy_q6,cog_50_str_50,adversarial,640,0.9078,0.7172,0.95,0.9891,0.0813,0.0453,0.1875,0.0469,0.6664,none
instruct,healthy_q6,cog_50_str_50,boundary,640,0.9062,0.7125,0.9497,0.9875,0.0719,0.0281,0.2125,0.0484,0.6659,none
instruct,healthy_q6,cog_50_str_50,coding,640,0.9328,0.6969,0.9537,0.9906,0.0547,0.0406,0.2437,0.05,0.6503,none
instruct,healthy_q6,cog_50_str_50,epistemic,640,0.8844,0.6891,0.9449,0.9969,0.0875,0.0156,0.2109,0.0531,0.6402,none
instruct,healthy_q6,cog_50_str_50,forensic,640,0.9156,0.7312,0.9527,0.9906,0.0672,0.0297,0.2,0.0516,0.6866,none
instruct,healthy_q6,cog_50_str_50,generalist,640,0.9141,0.7234,0.9544,0.9844,0.0609,0.0375,0.1938,0.0406,0.6801,none
instruct,healthy_q6,cog_50_str_50,math,640,0.9313,0.7172,0.9544,0.9891,0.0437,0.0234,0.2484,0.0625,0.6764,none
instruct,healthy_q6,cog_50_str_50,planning,640,0.9422,0.7609,0.9607,0.9891,0.0422,0.0234,0.1812,0.0516,0.7265,none
instruct,healthy_q6,cog_50_str_50,rhetoric,640,0.9141,0.7156,0.9514,0.9922,0.0688,0.0219,0.2266,0.0484,0.6701,none
instruct,healthy_q6,cog_50_str_50,spatial,640,0.9219,0.7391,0.9571,0.9969,0.0641,0.0281,0.175,0.0484,0.6978,none
instruct,healthy_q6,cog_60_cyb_40,adversarial,640,0.7531,0.5547,0.8692,0.9953,0.1266,0.0984,0.2359,0.4141,0.4575,none
instruct,healthy_q6,cog_60_cyb_40,boundary,640,0.8281,0.6062,0.8906,0.9906,0.1031,0.0719,0.2531,0.3156,0.5249,none
instruct,healthy_q6,cog_60_cyb_40,coding,640,0.6719,0.5281,0.8111,0.9,0.0766,0.0734,0.1891,0.6547,0.4426,none
instruct,healthy_q6,cog_60_cyb_40,epistemic,640,0.6687,0.5047,0.8359,0.9469,0.0891,0.0594,0.2594,0.4781,0.4214,none
instruct,healthy_q6,cog_60_cyb_40,forensic,640,0.7328,0.575,0.8431,0.9938,0.1047,0.0641,0.2094,0.5328,0.4874,none
instruct,healthy_q6,cog_60_cyb_40,generalist,640,0.6266,0.4797,0.8137,0.9141,0.1016,0.0938,0.2078,0.5578,0.386,none
instruct,healthy_q6,cog_60_cyb_40,math,640,0.6188,0.4672,0.7766,0.8766,0.0797,0.0656,0.2953,0.8344,0.3648,none
instruct,healthy_q6,cog_60_cyb_40,planning,640,0.7031,0.5656,0.8189,0.9141,0.0781,0.05,0.2031,0.6078,0.4855,none
instruct,healthy_q6,cog_60_cyb_40,rhetoric,640,0.6687,0.5203,0.813,0.9281,0.0953,0.0563,0.2562,0.6266,0.4286,none
instruct,healthy_q6,cog_60_cyb_40,spatial,640,0.6687,0.5328,0.8037,0.8953,0.0656,0.0719,0.1875,0.6781,0.4498,none
instruct,healthy_q6,cog_60_str_40,adversarial,640,0.9172,0.7172,0.9505,0.9906,0.0578,0.0328,0.2203,0.0719,0.6721,none
instruct,healthy_q6,cog_60_str_40,boundary,640,0.9047,0.6906,0.9477,0.9891,0.0781,0.05,0.2328,0.0469,0.6362,none
instruct,healthy_q6,cog_60_str_40,coding,640,0.9047,0.7125,0.9466,0.9844,0.0641,0.0344,0.1969,0.0766,0.6668,none
instruct,healthy_q6,cog_60_str_40,epistemic,640,0.9375,0.7188,0.9626,0.9938,0.0344,0.0266,0.2297,0.0406,0.6827,none
instruct,healthy_q6,cog_60_str_40,forensic,640,0.9313,0.7328,0.9538,0.9891,0.0469,0.0266,0.2078,0.0734,0.6931,none
instruct,healthy_q6,cog_60_str_40,generalist,640,0.9,0.6672,0.9477,0.9938,0.0688,0.0359,0.2453,0.0531,0.6171,none
instruct,healthy_q6,cog_60_str_40,math,640,0.925,0.7,0.9504,0.9953,0.0531,0.0312,0.25,0.0781,0.6539,none
instruct,healthy_q6,cog_60_str_40,planning,640,0.9031,0.7234,0.946,0.9938,0.075,0.0406,0.1781,0.0766,0.6747,none
instruct,healthy_q6,cog_60_str_40,rhetoric,640,0.8984,0.7156,0.9465,0.9828,0.0672,0.0281,0.2094,0.0703,0.6696,none
instruct,healthy_q6,cog_60_str_40,spatial,640,0.9234,0.725,0.9538,0.9859,0.0609,0.0297,0.2,0.0484,0.6824,none
instruct,healthy_q6,cog_75_cyb_25,adversarial,640,0.7484,0.5828,0.8611,0.9828,0.0813,0.0688,0.2062,0.5406,0.5012,none
instruct,healthy_q6,cog_75_cyb_25,boundary,640,0.7844,0.5766,0.8644,0.9812,0.0828,0.0703,0.2391,0.4813,0.4945,none
instruct,healthy_q6,cog_75_cyb_25,coding,640,0.6375,0.5109,0.7918,0.8812,0.0875,0.0875,0.1906,0.7203,0.4159,none
instruct,healthy_q6,cog_75_cyb_25,epistemic,640,0.6531,0.5109,0.8246,0.9563,0.1,0.0516,0.2391,0.5172,0.4256,none
instruct,healthy_q6,cog_75_cyb_25,forensic,640,0.6984,0.5422,0.8211,0.9719,0.0781,0.0609,0.2219,0.6531,0.4562,none
instruct,healthy_q6,cog_75_cyb_25,generalist,640,0.6312,0.4938,0.8198,0.9453,0.0938,0.0766,0.2219,0.5641,0.4044,none
instruct,healthy_q6,cog_75_cyb_25,math,640,0.6375,0.5062,0.7965,0.8938,0.0813,0.0531,0.2531,0.7531,0.4133,none
instruct,healthy_q6,cog_75_cyb_25,planning,640,0.7141,0.5687,0.8257,0.9281,0.0969,0.0531,0.2016,0.5687,0.4845,none
instruct,healthy_q6,cog_75_cyb_25,rhetoric,640,0.6734,0.5125,0.8125,0.9516,0.0844,0.0578,0.2625,0.6766,0.4208,none
instruct,healthy_q6,cog_75_cyb_25,spatial,640,0.6797,0.5281,0.8092,0.9266,0.0844,0.0641,0.2188,0.6547,0.4398,none
instruct,healthy_q6,cog_75_str_25,adversarial,640,0.8641,0.6438,0.9193,0.9859,0.0781,0.05,0.2406,0.2172,0.5802,none
instruct,healthy_q6,cog_75_str_25,boundary,640,0.8516,0.6219,0.904,0.9703,0.0984,0.0437,0.275,0.225,0.5503,none
instruct,healthy_q6,cog_75_str_25,coding,640,0.8734,0.6891,0.9205,0.9609,0.0703,0.0563,0.1688,0.1891,0.6338,none
instruct,healthy_q6,cog_75_str_25,epistemic,640,0.8594,0.6625,0.9264,0.9859,0.0844,0.0312,0.2516,0.125,0.6046,none
instruct,healthy_q6,cog_75_str_25,forensic,640,0.8469,0.6672,0.906,0.9781,0.0719,0.0437,0.2203,0.2672,0.6059,none
instruct,healthy_q6,cog_75_str_25,generalist,640,0.8688,0.7063,0.9272,0.9812,0.0688,0.0375,0.1891,0.1562,0.6552,none
instruct,healthy_q6,cog_75_str_25,math,640,0.8625,0.65,0.9128,0.9734,0.0719,0.0344,0.2641,0.2359,0.5886,none
instruct,healthy_q6,cog_75_str_25,planning,640,0.9313,0.7328,0.9484,0.9828,0.0469,0.0453,0.1859,0.1,0.6898,none
instruct,healthy_q6,cog_75_str_25,rhetoric,640,0.8844,0.6766,0.9235,0.9906,0.0766,0.0312,0.25,0.1781,0.6184,none
instruct,healthy_q6,cog_75_str_25,spatial,640,0.8688,0.7188,0.9268,0.9734,0.0813,0.0344,0.1609,0.1594,0.6667,none
instruct,healthy_q6,cognitive_only,adversarial,640,0.5016,0.3984,0.7206,0.8453,0.0984,0.0563,0.2328,1.1328,0.2824,none
instruct,healthy_q6,cognitive_only,boundary,640,0.4719,0.35,0.6894,0.8328,0.15,0.0719,0.2906,1.1187,0.2114,none
instruct,healthy_q6,cognitive_only,coding,640,0.5266,0.4062,0.7275,0.8672,0.1078,0.0563,0.1953,1.0047,0.2968,none
instruct,healthy_q6,cognitive_only,epistemic,640,0.5875,0.475,0.7894,0.9234,0.1047,0.0312,0.2437,0.6328,0.3862,none
instruct,healthy_q6,cognitive_only,forensic,640,0.5062,0.4078,0.7052,0.8516,0.1234,0.0484,0.2344,1.0234,0.2912,none
instruct,healthy_q6,cognitive_only,generalist,640,0.5844,0.4656,0.7929,0.9313,0.0984,0.0609,0.2484,0.6641,0.3708,none
instruct,healthy_q6,cognitive_only,math,640,0.5359,0.4156,0.7486,0.8734,0.0875,0.0563,0.2344,0.9922,0.3098,none
instruct,healthy_q6,cognitive_only,planning,640,0.6281,0.5094,0.7794,0.8828,0.0828,0.05,0.1953,0.7703,0.4204,none
instruct,healthy_q6,cognitive_only,rhetoric,640,0.5766,0.4359,0.7601,0.8938,0.1109,0.0406,0.2969,0.825,0.3295,none
instruct,healthy_q6,cognitive_only,spatial,640,0.5953,0.4734,0.7605,0.9,0.0922,0.0344,0.2297,0.8359,0.3787,none
instruct,healthy_q6,cyb_25_str_75,adversarial,640,0.9031,0.7297,0.9506,0.9938,0.0859,0.0406,0.1719,0.0469,0.6797,none
instruct,healthy_q6,cyb_25_str_75,boundary,640,0.9187,0.7344,0.9523,0.9875,0.0688,0.0344,0.2016,0.0469,0.6884,none
instruct,healthy_q6,cyb_25_str_75,coding,640,0.9219,0.7797,0.9571,0.9828,0.0531,0.0281,0.1469,0.0578,0.7435,none
instruct,healthy_q6,cyb_25_str_75,epistemic,640,0.8938,0.7156,0.948,0.9938,0.0656,0.0156,0.1953,0.0688,0.6737,none
instruct,healthy_q6,cyb_25_str_75,forensic,640,0.9281,0.7453,0.9569,0.9906,0.0609,0.0328,0.1781,0.0484,0.7038,none
instruct,healthy_q6,cyb_25_str_75,generalist,640,0.9078,0.7188,0.9505,0.9828,0.0656,0.0281,0.1953,0.0516,0.6752,none
instruct,healthy_q6,cyb_25_str_75,math,640,0.9359,0.6859,0.9558,0.9891,0.0484,0.0234,0.2687,0.0422,0.6431,none
instruct,healthy_q6,cyb_25_str_75,planning,640,0.9328,0.7656,0.9566,0.9875,0.0563,0.0281,0.1578,0.0563,0.7277,none
instruct,healthy_q6,cyb_25_str_75,rhetoric,640,0.9219,0.7391,0.9529,0.9781,0.0516,0.025,0.1984,0.0625,0.6996,none
instruct,healthy_q6,cyb_25_str_75,spatial,640,0.9297,0.7859,0.9596,0.9844,0.0547,0.0203,0.1469,0.0453,0.7515,none
instruct,healthy_q6,cyb_40_str_60,adversarial,640,0.9313,0.7422,0.9535,0.9891,0.0609,0.0484,0.1828,0.0625,0.6965,none
instruct,healthy_q6,cyb_40_str_60,boundary,640,0.9219,0.7219,0.9523,0.9859,0.0594,0.0641,0.1734,0.0688,0.6739,none
instruct,healthy_q6,cyb_40_str_60,coding,640,0.9313,0.75,0.9576,0.9781,0.0563,0.0469,0.1641,0.0391,0.7087,none
instruct,healthy_q6,cyb_40_str_60,epistemic,640,0.9062,0.7188,0.949,0.9797,0.0609,0.0266,0.2141,0.0531,0.6754,none
instruct,healthy_q6,cyb_40_str_60,forensic,640,0.9016,0.7219,0.9499,0.9891,0.0859,0.0437,0.1781,0.0422,0.671,none
instruct,healthy_q6,cyb_40_str_60,generalist,640,0.9094,0.7188,0.952,0.9766,0.0609,0.0594,0.1828,0.0484,0.6715,none
instruct,healthy_q6,cyb_40_str_60,math,640,0.9203,0.7016,0.9491,0.9656,0.05,0.0422,0.2203,0.0672,0.6571,none
instruct,healthy_q6,cyb_40_str_60,planning,640,0.9266,0.7625,0.951,0.9609,0.0516,0.0297,0.1703,0.0578,0.7246,none
instruct,healthy_q6,cyb_40_str_60,rhetoric,640,0.9172,0.7297,0.9523,0.9703,0.0609,0.0344,0.2125,0.0391,0.6856,none
instruct,healthy_q6,cyb_40_str_60,spatial,640,0.9109,0.7594,0.9483,0.9734,0.0563,0.0328,0.1516,0.0828,0.7197,none
instruct,healthy_q6,cyb_50_str_50,adversarial,640,0.9203,0.7141,0.9531,0.9844,0.0656,0.0625,0.2016,0.0437,0.6636,none
instruct,healthy_q6,cyb_50_str_50,boundary,640,0.9141,0.7266,0.9518,0.9875,0.0734,0.0609,0.1797,0.0484,0.6755,none
instruct,healthy_q6,cyb_50_str_50,coding,640,0.9281,0.7453,0.9557,0.9828,0.0578,0.0547,0.1656,0.0531,0.7011,none
instruct,healthy_q6,cyb_50_str_50,epistemic,640,0.9,0.7391,0.9505,0.9859,0.0656,0.0312,0.175,0.0578,0.6962,none
instruct,healthy_q6,cyb_50_str_50,forensic,640,0.9078,0.7063,0.9481,0.9906,0.0703,0.0453,0.2031,0.0625,0.6567,none
instruct,healthy_q6,cyb_50_str_50,generalist,640,0.8844,0.7281,0.9376,0.9313,0.0688,0.05,0.1688,0.0609,0.681,none
instruct,healthy_q6,cyb_50_str_50,math,640,0.8812,0.6828,0.9318,0.9422,0.0609,0.05,0.2109,0.1203,0.6316,none
instruct,healthy_q6,cyb_50_str_50,planning,640,0.8859,0.7344,0.9398,0.9375,0.0719,0.0516,0.1437,0.0625,0.6879,none
instruct,healthy_q6,cyb_50_str_50,rhetoric,640,0.9,0.6984,0.9414,0.9672,0.0672,0.0391,0.2203,0.0766,0.649,none
instruct,healthy_q6,cyb_50_str_50,spatial,640,0.9047,0.7219,0.9456,0.9563,0.0672,0.0437,0.1719,0.0625,0.6761,none
instruct,healthy_q6,cyb_60_str_40,adversarial,640,0.9172,0.6953,0.9519,0.9875,0.0688,0.075,0.1984,0.0484,0.6414,none
instruct,healthy_q6,cyb_60_str_40,boundary,640,0.9109,0.6953,0.9492,0.9906,0.0703,0.0688,0.2156,0.0578,0.6403,none
instruct,healthy_q6,cyb_60_str_40,coding,640,0.9031,0.7,0.9431,0.9484,0.0578,0.0578,0.2031,0.0609,0.6518,none
instruct,healthy_q6,cyb_60_str_40,epistemic,640,0.8828,0.7172,0.9399,0.9547,0.0719,0.0453,0.1875,0.0656,0.6683,none
instruct,healthy_q6,cyb_60_str_40,forensic,640,0.9109,0.6969,0.9484,0.9875,0.0734,0.0531,0.2016,0.0547,0.6454,none
instruct,healthy_q6,cyb_60_str_40,generalist,640,0.8797,0.6797,0.9321,0.9344,0.0547,0.0656,0.2016,0.1,0.629,none
instruct,healthy_q6,cyb_60_str_40,math,640,0.8641,0.6266,0.9215,0.925,0.0656,0.0625,0.2594,0.1359,0.5668,none
instruct,healthy_q6,cyb_60_str_40,planning,640,0.8891,0.6969,0.9322,0.9328,0.0703,0.0641,0.1812,0.0844,0.6442,none
instruct,healthy_q6,cyb_60_str_40,rhetoric,640,0.8922,0.7063,0.9371,0.9469,0.0609,0.0516,0.1828,0.1,0.658,none
instruct,healthy_q6,cyb_60_str_40,spatial,640,0.8891,0.7406,0.9339,0.9109,0.0578,0.0531,0.1437,0.0922,0.6965,none
instruct,healthy_q6,cyb_75_str_25,adversarial,640,0.925,0.6969,0.9518,0.9922,0.0656,0.0688,0.2109,0.0594,0.6436,none
instruct,healthy_q6,cyb_75_str_25,boundary,640,0.8953,0.6344,0.9426,0.9875,0.0891,0.0766,0.2516,0.0437,0.57,none
instruct,healthy_q6,cyb_75_str_25,coding,640,0.8625,0.6734,0.9266,0.9328,0.0719,0.0641,0.1734,0.1187,0.6192,none
instruct,healthy_q6,cyb_75_str_25,epistemic,640,0.8359,0.6391,0.9134,0.9281,0.0734,0.0625,0.2234,0.1453,0.5794,none
instruct,healthy_q6,cyb_75_str_25,forensic,640,0.9234,0.7031,0.9458,0.9953,0.0641,0.0844,0.1891,0.1031,0.6468,none
instruct,healthy_q6,cyb_75_str_25,generalist,640,0.8078,0.6047,0.8901,0.8828,0.0734,0.0844,0.2391,0.2047,0.5364,none
instruct,healthy_q6,cyb_75_str_25,math,640,0.7906,0.6141,0.8643,0.8609,0.0563,0.0625,0.2531,0.3953,0.5447,none
instruct,healthy_q6,cyb_75_str_25,planning,640,0.8359,0.6719,0.9,0.8812,0.0641,0.0656,0.1688,0.2078,0.6156,none
instruct,healthy_q6,cyb_75_str_25,rhetoric,640,0.8422,0.6344,0.9042,0.9156,0.0672,0.0719,0.2188,0.2172,0.5715,none
instruct,healthy_q6,cyb_75_str_25,spatial,640,0.7969,0.6203,0.8815,0.8844,0.0688,0.0766,0.1938,0.2953,0.5541,none
instruct,healthy_q6,cyber_only,adversarial,640,0.8328,0.6359,0.9114,0.9969,0.1109,0.0859,0.2141,0.2047,0.5581,none
instruct,healthy_q6,cyber_only,boundary,640,0.8906,0.6562,0.9349,0.9953,0.0875,0.0828,0.2109,0.1172,0.5907,none
instruct,healthy_q6,cyber_only,coding,640,0.6219,0.5125,0.7808,0.8656,0.0625,0.0828,0.1734,0.7953,0.4235,none
instruct,healthy_q6,cyber_only,epistemic,640,0.5766,0.4328,0.7781,0.8547,0.1016,0.0563,0.2609,0.6047,0.34,none
instruct,healthy_q6,cyber_only,forensic,640,0.7781,0.5656,0.8638,0.9953,0.0906,0.0953,0.2047,0.4531,0.4803,none
instruct,healthy_q6,cyber_only,generalist,640,0.5031,0.3891,0.7266,0.7797,0.0969,0.0797,0.2562,0.8078,0.2832,none
instruct,healthy_q6,cyber_only,math,640,0.5,0.3625,0.719,0.8063,0.0797,0.0828,0.2844,1.0516,0.2467,none
instruct,healthy_q6,cyber_only,planning,640,0.6094,0.5109,0.7548,0.8063,0.0891,0.0781,0.1766,0.7891,0.415,none
instruct,healthy_q6,cyber_only,rhetoric,640,0.5484,0.4125,0.7345,0.8172,0.0984,0.0719,0.2391,0.9,0.3045,none
instruct,healthy_q6,cyber_only,spatial,640,0.55,0.4578,0.7278,0.7859,0.0953,0.0734,0.1984,0.8875,0.3543,none
instruct,healthy_q6,structural_only,adversarial,640,0.9234,0.7562,0.9546,0.9922,0.0594,0.0172,0.1828,0.0625,0.7172,none
instruct,healthy_q6,structural_only,boundary,640,0.9328,0.7547,0.9608,0.9891,0.0547,0.0328,0.1781,0.0359,0.7157,none
instruct,healthy_q6,structural_only,coding,640,0.9281,0.7766,0.959,0.9906,0.0578,0.0203,0.1547,0.05,0.7403,none
instruct,healthy_q6,structural_only,epistemic,640,0.9172,0.75,0.9542,0.9844,0.05,0.0016,0.2047,0.0531,0.7157,none
instruct,healthy_q6,structural_only,forensic,640,0.9047,0.7547,0.9511,0.9969,0.0813,0.0187,0.1719,0.05,0.7103,none
instruct,healthy_q6,structural_only,generalist,640,0.9234,0.7828,0.9595,0.9734,0.0547,0.0187,0.1422,0.0328,0.7496,none
instruct,healthy_q6,structural_only,math,640,0.925,0.7266,0.9521,0.9797,0.0578,0.0203,0.2297,0.0516,0.6842,none
instruct,healthy_q6,structural_only,planning,640,0.9266,0.7734,0.9596,0.9938,0.0641,0.0109,0.1719,0.0344,0.7366,none
instruct,healthy_q6,structural_only,rhetoric,640,0.9234,0.7625,0.9561,0.9734,0.0422,0.0047,0.2016,0.0547,0.73,none
instruct,healthy_q6,structural_only,spatial,640,0.9141,0.7891,0.9541,0.9844,0.0734,0.0078,0.1469,0.0453,0.7515,none
instruct,healthy_q6,tri_boundary_heavy,adversarial,640,0.9203,0.7109,0.95,0.9875,0.075,0.0547,0.2047,0.05,0.6586,none
instruct,healthy_q6,tri_boundary_heavy,boundary,640,0.9187,0.6922,0.9489,0.9938,0.0609,0.0656,0.2313,0.0703,0.6388,none
instruct,healthy_q6,tri_boundary_heavy,coding,640,0.9219,0.7375,0.9546,0.9891,0.0609,0.0531,0.1688,0.0578,0.6922,none
instruct,healthy_q6,tri_boundary_heavy,epistemic,640,0.9187,0.7109,0.9545,0.9859,0.0516,0.0406,0.225,0.0437,0.6672,none
instruct,healthy_q6,tri_boundary_heavy,forensic,640,0.9266,0.7172,0.9566,0.9891,0.0578,0.0656,0.1891,0.0453,0.6693,none
instruct,healthy_q6,tri_boundary_heavy,generalist,640,0.9141,0.7047,0.9529,0.9891,0.0484,0.0688,0.1891,0.0672,0.6579,none
instruct,healthy_q6,tri_boundary_heavy,math,640,0.9203,0.6734,0.9504,0.9859,0.0609,0.0719,0.2234,0.0625,0.6198,none
instruct,healthy_q6,tri_boundary_heavy,planning,640,0.9328,0.7531,0.9584,0.9891,0.0469,0.0406,0.1844,0.05,0.7137,none
instruct,healthy_q6,tri_boundary_heavy,rhetoric,640,0.9172,0.725,0.9524,0.9906,0.0656,0.0422,0.2125,0.0531,0.6772,none
instruct,healthy_q6,tri_boundary_heavy,spatial,640,0.9281,0.7672,0.9606,0.9922,0.0563,0.0469,0.1453,0.0484,0.7269,none
instruct,healthy_q6,tri_cognitive_bridge,adversarial,640,0.9141,0.6906,0.9485,0.9875,0.0703,0.0578,0.2156,0.0609,0.6377,none
instruct,healthy_q6,tri_cognitive_bridge,boundary,640,0.8906,0.6734,0.9432,0.9906,0.0875,0.0703,0.2062,0.0609,0.6136,none
instruct,healthy_q6,tri_cognitive_bridge,coding,640,0.925,0.7359,0.9581,0.9906,0.0578,0.0547,0.1844,0.0406,0.6909,none
instruct,healthy_q6,tri_cognitive_bridge,epistemic,640,0.9203,0.6984,0.9528,0.9859,0.0703,0.025,0.2391,0.025,0.652,none
instruct,healthy_q6,tri_cognitive_bridge,forensic,640,0.9375,0.7266,0.9567,0.9953,0.0547,0.0578,0.2016,0.0578,0.6796,none
instruct,healthy_q6,tri_cognitive_bridge,generalist,640,0.8969,0.7141,0.9509,0.9906,0.0672,0.0516,0.1781,0.0578,0.6665,none
instruct,healthy_q6,tri_cognitive_bridge,math,640,0.925,0.6937,0.9565,0.9922,0.0578,0.0469,0.2344,0.0375,0.6464,none
instruct,healthy_q6,tri_cognitive_bridge,planning,640,0.9313,0.7531,0.9589,0.9859,0.0516,0.0578,0.1578,0.0469,0.7111,none
instruct,healthy_q6,tri_cognitive_bridge,rhetoric,640,0.9156,0.7141,0.951,0.9859,0.0656,0.0563,0.2016,0.0594,0.664,none
instruct,healthy_q6,tri_cognitive_bridge,spatial,640,0.9172,0.7328,0.9525,0.9859,0.0703,0.0453,0.1672,0.0531,0.6866,none
instruct,healthy_q6,tri_cognitive_heavy,adversarial,640,0.9125,0.6953,0.9508,0.9953,0.0719,0.075,0.1906,0.0609,0.6405,none
instruct,healthy_q6,tri_cognitive_heavy,boundary,640,0.9203,0.6875,0.9505,0.9891,0.0656,0.0563,0.2156,0.0578,0.6364,none
instruct,healthy_q6,tri_cognitive_heavy,coding,640,0.9219,0.7063,0.9559,0.9906,0.0641,0.0578,0.1953,0.0391,0.6579,none
instruct,healthy_q6,tri_cognitive_heavy,epistemic,640,0.8938,0.6641,0.9455,0.9828,0.075,0.0453,0.2516,0.0391,0.6104,none
instruct,healthy_q6,tri_cognitive_heavy,forensic,640,0.9313,0.6984,0.9547,0.9859,0.05,0.0797,0.2078,0.0578,0.648,none
instruct,healthy_q6,tri_cognitive_heavy,generalist,640,0.9062,0.6984,0.9524,0.9844,0.0688,0.0547,0.2109,0.0328,0.6484,none
instruct,healthy_q6,tri_cognitive_heavy,math,640,0.9313,0.7234,0.9579,0.9922,0.0484,0.0563,0.2203,0.0516,0.6775,none
instruct,healthy_q6,tri_cognitive_heavy,planning,640,0.8859,0.6937,0.9413,0.9922,0.1047,0.05,0.1922,0.0469,0.6346,none
instruct,healthy_q6,tri_cognitive_heavy,rhetoric,640,0.9266,0.7125,0.9559,0.9953,0.0516,0.0578,0.2172,0.0594,0.6651,none
instruct,healthy_q6,tri_cognitive_heavy,spatial,640,0.925,0.7172,0.9554,0.9922,0.0609,0.0594,0.1938,0.0516,0.669,none
instruct,healthy_q6,tri_cyber_heavy,adversarial,640,0.9219,0.6969,0.9523,0.9891,0.0703,0.0859,0.1812,0.0531,0.6414,none
instruct,healthy_q6,tri_cyber_heavy,boundary,640,0.9203,0.7,0.9507,0.9891,0.0734,0.0844,0.2016,0.05,0.6425,none
instruct,healthy_q6,tri_cyber_heavy,coding,640,0.8969,0.6984,0.9462,0.9828,0.0781,0.0875,0.1609,0.0656,0.6413,none
instruct,healthy_q6,tri_cyber_heavy,epistemic,640,0.8969,0.6813,0.9469,0.9828,0.0797,0.0625,0.2297,0.0391,0.6245,none
instruct,healthy_q6,tri_cyber_heavy,forensic,640,0.9172,0.6797,0.9522,0.9891,0.0688,0.0969,0.1938,0.0516,0.6216,none
instruct,healthy_q6,tri_cyber_heavy,generalist,640,0.8953,0.6813,0.9445,0.9609,0.0656,0.0813,0.2094,0.0469,0.6262,none
instruct,healthy_q6,tri_cyber_heavy,math,640,0.9047,0.6344,0.9367,0.9313,0.0453,0.0859,0.2562,0.0891,0.5786,none
instruct,healthy_q6,tri_cyber_heavy,planning,640,0.9031,0.7016,0.949,0.9641,0.0609,0.0938,0.1781,0.0469,0.6479,none
instruct,healthy_q6,tri_cyber_heavy,rhetoric,640,0.9156,0.6719,0.9496,0.9812,0.0578,0.0672,0.2359,0.0594,0.6193,none
instruct,healthy_q6,tri_cyber_heavy,spatial,640,0.925,0.7375,0.9526,0.9703,0.0578,0.0703,0.1641,0.0547,0.6902,none
instruct,healthy_q6,tri_equal_routed,adversarial,640,0.8953,0.6922,0.9447,0.9828,0.0797,0.0688,0.2094,0.0594,0.6348,none
instruct,healthy_q6,tri_equal_routed,boundary,640,0.9328,0.6922,0.9553,0.9906,0.0594,0.0828,0.2125,0.0437,0.6386,none
instruct,healthy_q6,tri_equal_routed,coding,640,0.9141,0.7156,0.9511,0.9891,0.0719,0.0719,0.1656,0.0563,0.6636,none
instruct,healthy_q6,tri_equal_routed,epistemic,640,0.9109,0.7234,0.9514,0.9875,0.0563,0.0437,0.2,0.0641,0.6786,none
instruct,healthy_q6,tri_equal_routed,forensic,640,0.8922,0.6813,0.9444,0.9844,0.0875,0.0672,0.2031,0.05,0.6228,none
instruct,healthy_q6,tri_equal_routed,generalist,640,0.8969,0.6687,0.9482,0.9844,0.0734,0.0813,0.2172,0.0437,0.6109,none
instruct,healthy_q6,tri_equal_routed,math,640,0.8906,0.6266,0.9394,0.9703,0.0656,0.0766,0.2562,0.0813,0.567,none
instruct,healthy_q6,tri_equal_routed,planning,640,0.9172,0.7359,0.9534,0.9844,0.0672,0.0625,0.1531,0.0516,0.6885,none
instruct,healthy_q6,tri_equal_routed,rhetoric,640,0.9125,0.6922,0.9511,0.9844,0.0656,0.0578,0.2141,0.05,0.6413,none
instruct,healthy_q6,tri_equal_routed,spatial,640,0.9172,0.7344,0.9545,0.9906,0.0719,0.0484,0.175,0.0453,0.6869,none
instruct,healthy_q6,tri_naive_equal_all_fire,adversarial,640,0.8625,0.4781,0.9086,0.9828,0.1078,0.3266,0.2344,0.0422,0.3596,none
instruct,healthy_q6,tri_naive_equal_all_fire,boundary,640,0.8688,0.4094,0.9051,0.9953,0.1,0.3375,0.3359,0.0406,0.283,none
instruct,healthy_q6,tri_naive_equal_all_fire,coding,640,0.8672,0.5125,0.9111,0.9594,0.0938,0.2875,0.2078,0.05,0.4077,none
instruct,healthy_q6,tri_naive_equal_all_fire,epistemic,640,0.8656,0.475,0.9109,0.9812,0.0984,0.3125,0.2859,0.0422,0.358,none
instruct,healthy_q6,tri_naive_equal_all_fire,forensic,640,0.8703,0.4781,0.912,0.9922,0.1031,0.3078,0.2453,0.0594,0.363,none
instruct,healthy_q6,tri_naive_equal_all_fire,generalist,640,0.8422,0.4203,0.8977,0.9594,0.0875,0.3672,0.2672,0.0656,0.296,none
instruct,healthy_q6,tri_naive_equal_all_fire,math,640,0.8719,0.4578,0.9057,0.9313,0.0703,0.3109,0.2984,0.0688,0.3472,none
instruct,healthy_q6,tri_naive_equal_all_fire,planning,640,0.8672,0.5234,0.9148,0.9781,0.0844,0.275,0.2172,0.0641,0.4225,none
instruct,healthy_q6,tri_naive_equal_all_fire,rhetoric,640,0.8812,0.4969,0.9174,0.9672,0.0734,0.2922,0.2625,0.0563,0.3926,none
instruct,healthy_q6,tri_naive_equal_all_fire,spatial,640,0.8812,0.5016,0.917,0.9656,0.075,0.2906,0.2391,0.0578,0.3989,none
instruct,healthy_q6,tri_naive_structural_heavy_all_fire,adversarial,640,0.8891,0.5047,0.9163,0.9875,0.0891,0.2938,0.2469,0.05,0.397,none
instruct,healthy_q6,tri_naive_structural_heavy_all_fire,boundary,640,0.8734,0.4641,0.9122,0.9859,0.0891,0.3219,0.2781,0.0422,0.3486,none
instruct,healthy_q6,tri_naive_structural_heavy_all_fire,coding,640,0.9156,0.5141,0.9279,0.9938,0.0531,0.3047,0.2141,0.0516,0.4175,none
instruct,healthy_q6,tri_naive_structural_heavy_all_fire,epistemic,640,0.8922,0.5047,0.926,0.9891,0.0844,0.2578,0.2562,0.0297,0.4058,none
instruct,healthy_q6,tri_naive_structural_heavy_all_fire,forensic,640,0.9094,0.5437,0.9301,0.9875,0.0641,0.2672,0.2453,0.0391,0.4495,none
instruct,healthy_q6,tri_naive_structural_heavy_all_fire,generalist,640,0.8562,0.4453,0.9042,0.9844,0.0922,0.3391,0.2859,0.0547,0.3242,none
instruct,healthy_q6,tri_naive_structural_heavy_all_fire,math,640,0.9047,0.4969,0.9248,0.9922,0.0656,0.2859,0.2781,0.0578,0.3949,none
instruct,healthy_q6,tri_naive_structural_heavy_all_fire,planning,640,0.9109,0.5344,0.9272,0.9891,0.0547,0.3078,0.2094,0.05,0.4372,none
instruct,healthy_q6,tri_naive_structural_heavy_all_fire,rhetoric,640,0.8781,0.4969,0.9157,0.9875,0.0891,0.2766,0.2859,0.0594,0.389,none
instruct,healthy_q6,tri_naive_structural_heavy_all_fire,spatial,640,0.8828,0.5141,0.9218,0.9875,0.0844,0.2828,0.2109,0.0578,0.4124,none
instruct,healthy_q6,tri_structural_heavy_55,adversarial,640,0.9094,0.7016,0.9506,0.9938,0.0719,0.0375,0.2109,0.0563,0.6528,none
instruct,healthy_q6,tri_structural_heavy_55,boundary,640,0.9313,0.7047,0.9561,0.9953,0.0547,0.0578,0.2141,0.0516,0.657,none
instruct,healthy_q6,tri_structural_heavy_55,coding,640,0.925,0.7141,0.9546,0.9891,0.0609,0.0594,0.1953,0.0469,0.6659,none
instruct,healthy_q6,tri_structural_heavy_55,epistemic,640,0.9141,0.7125,0.9564,0.9938,0.0578,0.025,0.2125,0.0391,0.6712,none
instruct,healthy_q6,tri_structural_heavy_55,forensic,640,0.9406,0.7438,0.9604,0.9891,0.0531,0.0484,0.1906,0.0375,0.701,none
instruct,healthy_q6,tri_structural_heavy_55,generalist,640,0.9359,0.7547,0.9638,0.9906,0.0344,0.0375,0.1734,0.0469,0.7207,none
instruct,healthy_q6,tri_structural_heavy_55,math,640,0.9484,0.7188,0.9618,0.9938,0.0422,0.0391,0.2219,0.0453,0.6783,none
instruct,healthy_q6,tri_structural_heavy_55,planning,640,0.9406,0.7531,0.9594,0.9875,0.0469,0.0344,0.1875,0.0453,0.7149,none
instruct,healthy_q6,tri_structural_heavy_55,rhetoric,640,0.9094,0.7078,0.9495,0.9812,0.0719,0.0344,0.2172,0.0437,0.6598,none
instruct,healthy_q6,tri_structural_heavy_55,spatial,640,0.9469,0.7688,0.9657,0.9891,0.0406,0.0469,0.1578,0.0391,0.7326,none
instruct,healthy_q6,tri_structural_heavy_60,adversarial,640,0.9187,0.7547,0.9544,0.9922,0.0688,0.0328,0.175,0.0531,0.7108,none
instruct,healthy_q6,tri_structural_heavy_60,boundary,640,0.9297,0.7,0.9549,0.9906,0.0609,0.0484,0.2281,0.0406,0.6517,none
instruct,healthy_q6,tri_structural_heavy_60,coding,640,0.925,0.7266,0.9557,0.9875,0.0563,0.0656,0.1688,0.0563,0.6803,none
instruct,healthy_q6,tri_structural_heavy_60,epistemic,640,0.9187,0.7359,0.9553,0.9891,0.0609,0.0234,0.2062,0.0391,0.6945,none
instruct,healthy_q6,tri_structural_heavy_60,forensic,640,0.9359,0.7734,0.9608,0.9922,0.0516,0.0297,0.1625,0.05,0.7365,none
instruct,healthy_q6,tri_structural_heavy_60,generalist,640,0.9094,0.7172,0.9556,0.9922,0.0563,0.05,0.1938,0.0484,0.6724,none
instruct,healthy_q6,tri_structural_heavy_60,math,640,0.9437,0.7078,0.9585,0.9875,0.0359,0.0422,0.2344,0.0594,0.6669,none
instruct,healthy_q6,tri_structural_heavy_60,planning,640,0.9187,0.7578,0.9535,0.9953,0.0688,0.0359,0.1609,0.0578,0.7142,none
instruct,healthy_q6,tri_structural_heavy_60,rhetoric,640,0.9469,0.7359,0.9614,0.9922,0.0406,0.0266,0.2094,0.0484,0.6993,none
instruct,healthy_q6,tri_structural_heavy_60,spatial,640,0.9359,0.7641,0.956,0.9781,0.0469,0.0344,0.1672,0.0641,0.7265,none
instruct,healthy_q6,tri_structural_heavy_65,adversarial,640,0.9328,0.7531,0.9558,0.9922,0.0578,0.0375,0.175,0.0641,0.7111,none
instruct,healthy_q6,tri_structural_heavy_65,boundary,640,0.9062,0.6953,0.949,0.9891,0.0703,0.05,0.2203,0.0516,0.644,none
instruct,healthy_q6,tri_structural_heavy_65,coding,640,0.9266,0.7781,0.9571,0.9859,0.05,0.025,0.1516,0.0672,0.7426,none
instruct,healthy_q6,tri_structural_heavy_65,epistemic,640,0.9234,0.7281,0.9572,0.9922,0.0437,0.0344,0.2109,0.0547,0.6885,none
instruct,healthy_q6,tri_structural_heavy_65,forensic,640,0.9281,0.7719,0.9585,0.9922,0.0547,0.0281,0.1672,0.0516,0.7339,none
instruct,healthy_q6,tri_structural_heavy_65,generalist,640,0.925,0.7375,0.9571,0.9875,0.0578,0.05,0.1891,0.0391,0.6931,none
instruct,healthy_q6,tri_structural_heavy_65,math,640,0.9297,0.7375,0.9587,0.9938,0.0453,0.0312,0.1984,0.0609,0.6987,none
instruct,healthy_q6,tri_structural_heavy_65,planning,640,0.9219,0.7422,0.9542,0.9938,0.0625,0.0437,0.1719,0.0547,0.6982,none
instruct,healthy_q6,tri_structural_heavy_65,rhetoric,640,0.9328,0.7375,0.9558,0.9922,0.0594,0.0312,0.2094,0.0484,0.6943,none
instruct,healthy_q6,tri_structural_heavy_65,spatial,640,0.9328,0.7609,0.9563,0.9859,0.0516,0.0281,0.1781,0.0594,0.7226,none
instruct,healthy_q8,baseline,adversarial,640,0.5656,0.4922,0.7578,0.8266,0.0594,0.0125,0.1531,0.9797,0.4106,none
instruct,healthy_q8,baseline,boundary,640,0.5781,0.4781,0.7449,0.8375,0.0813,0.0203,0.1922,0.9625,0.3862,none
instruct,healthy_q8,baseline,coding,640,0.5969,0.5203,0.7721,0.8453,0.0484,0.0109,0.1609,0.8422,0.4486,none
instruct,healthy_q8,baseline,epistemic,640,0.575,0.5047,0.7832,0.8594,0.05,0.0,0.1984,0.6844,0.4396,none
instruct,healthy_q8,baseline,forensic,640,0.6422,0.5625,0.7705,0.8344,0.0594,0.025,0.1469,0.8156,0.4872,none
instruct,healthy_q8,baseline,generalist,640,0.5437,0.4719,0.7671,0.8328,0.0422,0.0266,0.1719,0.7797,0.4012,none
instruct,healthy_q8,baseline,math,640,0.5875,0.5047,0.7744,0.8469,0.0469,0.0078,0.1797,0.8859,0.4304,none
instruct,healthy_q8,baseline,planning,640,0.6219,0.5516,0.7635,0.825,0.0516,0.0125,0.1172,0.8391,0.4823,none
instruct,healthy_q8,baseline,rhetoric,640,0.5984,0.5203,0.7688,0.85,0.0484,0.0078,0.2062,0.8656,0.4444,none
instruct,healthy_q8,baseline,spatial,640,0.6266,0.5641,0.774,0.8516,0.0547,0.0109,0.1359,0.8172,0.4937,none
instruct,healthy_q8,cog_25_cyb_75,adversarial,640,0.9187,0.6969,0.9505,0.9875,0.0578,0.0719,0.2047,0.0766,0.645,none
instruct,healthy_q8,cog_25_cyb_75,boundary,640,0.9313,0.725,0.9581,0.9953,0.0609,0.0828,0.1703,0.0484,0.6741,none
instruct,healthy_q8,cog_25_cyb_75,coding,640,0.8469,0.6687,0.9038,0.9516,0.0469,0.0813,0.1672,0.3,0.6101,none
instruct,healthy_q8,cog_25_cyb_75,epistemic,640,0.8063,0.6234,0.9045,0.9688,0.0406,0.05,0.2328,0.2562,0.5698,none
instruct,healthy_q8,cog_25_cyb_75,forensic,640,0.8875,0.6656,0.9281,1.0,0.0609,0.1031,0.1719,0.2047,0.6027,none
instruct,healthy_q8,cog_25_cyb_75,generalist,640,0.8172,0.6141,0.8945,0.9313,0.0297,0.1078,0.2125,0.3031,0.5514,none
instruct,healthy_q8,cog_25_cyb_75,math,640,0.7156,0.5656,0.8363,0.8984,0.0578,0.0781,0.2125,0.5969,0.4858,none
instruct,healthy_q8,cog_25_cyb_75,planning,640,0.8422,0.6797,0.8945,0.9297,0.0563,0.0703,0.1469,0.3031,0.6218,none
instruct,healthy_q8,cog_25_cyb_75,rhetoric,640,0.8187,0.6297,0.8943,0.9625,0.0734,0.0672,0.2047,0.3078,0.5625,none
instruct,healthy_q8,cog_25_cyb_75,spatial,640,0.7781,0.6391,0.8605,0.9125,0.0625,0.0891,0.1453,0.4422,0.5688,none
instruct,healthy_q8,cog_25_str_75,adversarial,640,0.925,0.7812,0.9572,0.9875,0.0531,0.0234,0.1578,0.0641,0.7448,none
instruct,healthy_q8,cog_25_str_75,boundary,640,0.9578,0.8016,0.9662,0.9844,0.0281,0.025,0.1547,0.0547,0.773,none
instruct,healthy_q8,cog_25_str_75,coding,640,0.9266,0.7641,0.9572,0.9875,0.0547,0.0281,0.1688,0.0531,0.7259,none
instruct,healthy_q8,cog_25_str_75,epistemic,640,0.9234,0.7703,0.9583,0.9875,0.0516,0.0063,0.1734,0.0453,0.7375,none
instruct,healthy_q8,cog_25_str_75,forensic,640,0.9625,0.8078,0.9701,0.9922,0.0297,0.0203,0.1437,0.0422,0.7812,none
instruct,healthy_q8,cog_25_str_75,generalist,640,0.9187,0.7641,0.9568,0.9844,0.0625,0.025,0.1656,0.0375,0.7252,none
instruct,healthy_q8,cog_25_str_75,math,640,0.95,0.7594,0.9654,0.9812,0.0312,0.0203,0.2094,0.0328,0.7275,none
instruct,healthy_q8,cog_25_str_75,planning,640,0.9328,0.8047,0.9587,0.9797,0.0469,0.0094,0.1391,0.0594,0.7747,none
instruct,healthy_q8,cog_25_str_75,rhetoric,640,0.9328,0.7703,0.959,0.9906,0.0484,0.0063,0.1891,0.0516,0.7368,none
instruct,healthy_q8,cog_25_str_75,spatial,640,0.9594,0.8141,0.9647,0.9938,0.0344,0.0156,0.1406,0.0688,0.7859,none
instruct,healthy_q8,cog_40_cyb_60,adversarial,640,0.9031,0.6922,0.946,0.9828,0.0609,0.0906,0.1875,0.0953,0.636,none
instruct,healthy_q8,cog_40_cyb_60,boundary,640,0.925,0.675,0.9464,0.9938,0.0609,0.0766,0.2266,0.0891,0.6188,none
instruct,healthy_q8,cog_40_cyb_60,coding,640,0.8094,0.6328,0.8848,0.9688,0.0703,0.075,0.1891,0.3641,0.5634,none
instruct,healthy_q8,cog_40_cyb_60,epistemic,640,0.8219,0.6484,0.9161,0.975,0.0609,0.0469,0.1938,0.1984,0.5954,none
instruct,healthy_q8,cog_40_cyb_60,forensic,640,0.9062,0.7109,0.9256,0.9938,0.05,0.0891,0.175,0.2313,0.6526,none
instruct,healthy_q8,cog_40_cyb_60,generalist,640,0.8313,0.6375,0.9035,0.9609,0.0516,0.1,0.1891,0.2687,0.5735,none
instruct,healthy_q8,cog_40_cyb_60,math,640,0.7328,0.5516,0.8369,0.9109,0.0547,0.075,0.2547,0.5969,0.4699,none
instruct,healthy_q8,cog_40_cyb_60,planning,640,0.8531,0.7063,0.906,0.9609,0.0547,0.0703,0.1562,0.2812,0.6492,none
instruct,healthy_q8,cog_40_cyb_60,rhetoric,640,0.8125,0.6312,0.8889,0.9625,0.0656,0.0859,0.1984,0.35,0.561,none
instruct,healthy_q8,cog_40_cyb_60,spatial,640,0.8063,0.6375,0.8704,0.9375,0.0594,0.0875,0.1562,0.4281,0.5683,none
instruct,healthy_q8,cog_40_str_60,adversarial,640,0.9266,0.7562,0.9588,0.9906,0.0563,0.0344,0.1703,0.0484,0.7165,none
instruct,healthy_q8,cog_40_str_60,boundary,640,0.925,0.7469,0.9577,0.9844,0.0531,0.0266,0.1969,0.0406,0.7078,none
instruct,healthy_q8,cog_40_str_60,coding,640,0.9437,0.7969,0.9649,0.9875,0.0391,0.0281,0.1406,0.05,0.7658,none
instruct,healthy_q8,cog_40_str_60,epistemic,640,0.9344,0.75,0.9595,0.9859,0.0437,0.0094,0.2031,0.0422,0.7166,none
instruct,healthy_q8,cog_40_str_60,forensic,640,0.9547,0.8,0.9663,0.9938,0.0391,0.0281,0.1625,0.0453,0.7674,none
instruct,healthy_q8,cog_40_str_60,generalist,640,0.9453,0.7906,0.9695,0.9969,0.0391,0.0328,0.1375,0.0328,0.7597,none
instruct,healthy_q8,cog_40_str_60,math,640,0.9516,0.7562,0.9644,0.9891,0.0344,0.0172,0.2109,0.0437,0.7234,none
instruct,healthy_q8,cog_40_str_60,planning,640,0.9453,0.7875,0.9653,0.9859,0.0375,0.0328,0.1516,0.0375,0.7557,none
instruct,healthy_q8,cog_40_str_60,rhetoric,640,0.9297,0.75,0.9595,0.9953,0.0469,0.0203,0.1953,0.0563,0.7134,none
instruct,healthy_q8,cog_40_str_60,spatial,640,0.9531,0.8203,0.9696,0.9922,0.0359,0.0219,0.1266,0.0422,0.7929,none
instruct,healthy_q8,cog_50_cyb_50,adversarial,640,0.9016,0.6922,0.9443,0.9922,0.0672,0.1,0.1734,0.1062,0.6328,none
instruct,healthy_q8,cog_50_cyb_50,boundary,640,0.9141,0.6922,0.9453,0.9922,0.0672,0.0734,0.2078,0.0891,0.6363,none
instruct,healthy_q8,cog_50_cyb_50,coding,640,0.8656,0.6734,0.9037,0.9703,0.0406,0.0828,0.1812,0.3266,0.6139,none
instruct,healthy_q8,cog_50_cyb_50,epistemic,640,0.8141,0.6156,0.909,0.9828,0.0578,0.0688,0.225,0.2344,0.5548,none
instruct,healthy_q8,cog_50_cyb_50,forensic,640,0.8547,0.6594,0.9096,0.9906,0.05,0.0766,0.2,0.2844,0.5988,none
instruct,healthy_q8,cog_50_cyb_50,generalist,640,0.7953,0.6062,0.8973,0.9703,0.0594,0.0859,0.2125,0.2875,0.5399,none
instruct,healthy_q8,cog_50_cyb_50,math,640,0.7344,0.5734,0.8448,0.9219,0.0688,0.0578,0.2562,0.5375,0.4939,none
instruct,healthy_q8,cog_50_cyb_50,planning,640,0.8578,0.6656,0.9049,0.9672,0.0688,0.0734,0.1875,0.2641,0.6021,none
instruct,healthy_q8,cog_50_cyb_50,rhetoric,640,0.8328,0.6547,0.8967,0.9781,0.0563,0.0578,0.1953,0.3453,0.5934,none
instruct,healthy_q8,cog_50_cyb_50,spatial,640,0.8,0.6422,0.8714,0.9469,0.0609,0.1031,0.1547,0.4297,0.5694,none
instruct,healthy_q8,cog_50_str_50,adversarial,640,0.9313,0.7609,0.9586,0.9859,0.0563,0.0484,0.1594,0.0453,0.7194,none
instruct,healthy_q8,cog_50_str_50,boundary,640,0.9344,0.7438,0.9593,0.9891,0.0531,0.0375,0.1906,0.0437,0.7029,none
instruct,healthy_q8,cog_50_str_50,coding,640,0.95,0.7734,0.9656,0.9906,0.0328,0.0375,0.1625,0.0516,0.7405,none
instruct,healthy_q8,cog_50_str_50,epistemic,640,0.9281,0.7594,0.9605,0.9922,0.05,0.0219,0.1781,0.0437,0.7236,none
instruct,healthy_q8,cog_50_str_50,forensic,640,0.9141,0.7734,0.9537,0.9953,0.0656,0.0281,0.1609,0.0656,0.732,none
instruct,healthy_q8,cog_50_str_50,generalist,640,0.9281,0.7391,0.959,0.9906,0.0484,0.0437,0.1859,0.0469,0.6986,none
instruct,healthy_q8,cog_50_str_50,math,640,0.9391,0.7328,0.9593,0.9891,0.0437,0.0297,0.2234,0.05,0.6934,none
instruct,healthy_q8,cog_50_str_50,planning,640,0.9344,0.7906,0.9581,0.9906,0.0547,0.0266,0.1375,0.0641,0.7547,none
instruct,healthy_q8,cog_50_str_50,rhetoric,640,0.9469,0.7578,0.9617,0.9891,0.0422,0.025,0.2016,0.0453,0.7218,none
instruct,healthy_q8,cog_50_str_50,spatial,640,0.9453,0.7812,0.9655,0.9906,0.0359,0.0312,0.1578,0.0469,0.7493,none
instruct,healthy_q8,cog_60_cyb_40,adversarial,640,0.8797,0.6594,0.9315,0.9891,0.0719,0.0906,0.2047,0.1609,0.5953,none
instruct,healthy_q8,cog_60_cyb_40,boundary,640,0.9094,0.6828,0.9425,0.9891,0.0703,0.0828,0.1984,0.1016,0.6242,none
instruct,healthy_q8,cog_60_cyb_40,coding,640,0.8078,0.6516,0.883,0.9453,0.05,0.0594,0.175,0.3922,0.5911,none
instruct,healthy_q8,cog_60_cyb_40,epistemic,640,0.825,0.6406,0.9119,0.9797,0.0547,0.0656,0.2188,0.2281,0.5822,none
instruct,healthy_q8,cog_60_cyb_40,forensic,640,0.8594,0.6766,0.9087,0.9953,0.0563,0.0875,0.1859,0.2984,0.6124,none
instruct,healthy_q8,cog_60_cyb_40,generalist,640,0.7719,0.5875,0.8913,0.9688,0.0734,0.1031,0.2141,0.2891,0.5133,none
instruct,healthy_q8,cog_60_cyb_40,math,640,0.7547,0.5781,0.8557,0.9453,0.0563,0.0734,0.2344,0.5312,0.5012,none
instruct,healthy_q8,cog_60_cyb_40,planning,640,0.8516,0.6844,0.9004,0.9641,0.0516,0.0656,0.1703,0.3125,0.6265,none
instruct,healthy_q8,cog_60_cyb_40,rhetoric,640,0.8141,0.6422,0.8908,0.9812,0.0719,0.0641,0.2094,0.3516,0.5735,none
instruct,healthy_q8,cog_60_cyb_40,spatial,640,0.7953,0.6406,0.8776,0.9625,0.0734,0.0859,0.15,0.3922,0.5698,none
instruct,healthy_q8,cog_60_str_40,adversarial,640,0.9375,0.7641,0.9589,0.9875,0.0391,0.0312,0.1672,0.0766,0.7289,none
instruct,healthy_q8,cog_60_str_40,boundary,640,0.9219,0.7016,0.9514,0.9891,0.0656,0.0391,0.2203,0.0531,0.6538,none
instruct,healthy_q8,cog_60_str_40,coding,640,0.9469,0.7609,0.9616,0.9922,0.0391,0.0406,0.1688,0.0609,0.7245,none
instruct,healthy_q8,cog_60_str_40,epistemic,640,0.9234,0.7453,0.9565,0.9828,0.0547,0.0187,0.1891,0.0422,0.7079,none
instruct,healthy_q8,cog_60_str_40,forensic,640,0.9328,0.75,0.9579,0.9859,0.0516,0.0359,0.1797,0.05,0.7105,none
instruct,healthy_q8,cog_60_str_40,generalist,640,0.9203,0.7297,0.9596,0.9906,0.0453,0.0531,0.1844,0.0469,0.6884,none
instruct,healthy_q8,cog_60_str_40,math,640,0.9234,0.7328,0.954,0.9875,0.0531,0.0344,0.1969,0.0672,0.6909,none
instruct,healthy_q8,cog_60_str_40,planning,640,0.9453,0.7609,0.9652,0.9891,0.0391,0.0375,0.1641,0.0406,0.7266,none
instruct,healthy_q8,cog_60_str_40,rhetoric,640,0.9281,0.75,0.9599,0.9938,0.0563,0.0281,0.1891,0.0406,0.7103,none
instruct,healthy_q8,cog_60_str_40,spatial,640,0.9266,0.7453,0.9581,0.9828,0.0563,0.0328,0.175,0.0375,0.706,none
instruct,healthy_q8,cog_75_cyb_25,adversarial,640,0.8656,0.6797,0.921,0.9906,0.0547,0.0656,0.1703,0.2703,0.623,none
instruct,healthy_q8,cog_75_cyb_25,boundary,640,0.8859,0.6687,0.9222,0.9891,0.0609,0.0719,0.2078,0.2313,0.6079,none
instruct,healthy_q8,cog_75_cyb_25,coding,640,0.7969,0.6203,0.8724,0.9453,0.05,0.0719,0.1797,0.4453,0.5543,none
instruct,healthy_q8,cog_75_cyb_25,epistemic,640,0.8281,0.6609,0.9132,0.9844,0.0531,0.0469,0.1969,0.2344,0.6082,none
instruct,healthy_q8,cog_75_cyb_25,forensic,640,0.8313,0.6578,0.8892,0.9906,0.0625,0.0703,0.1969,0.3688,0.5908,none
instruct,healthy_q8,cog_75_cyb_25,generalist,640,0.8203,0.6172,0.9042,0.9859,0.0516,0.0938,0.2047,0.2859,0.5523,none
instruct,healthy_q8,cog_75_cyb_25,math,640,0.7656,0.5922,0.8603,0.9578,0.0359,0.0641,0.2234,0.5656,0.5224,none
instruct,healthy_q8,cog_75_cyb_25,planning,640,0.8609,0.6578,0.9054,0.9844,0.0672,0.0844,0.1797,0.2859,0.5921,none
instruct,healthy_q8,cog_75_cyb_25,rhetoric,640,0.8047,0.5938,0.8868,0.9734,0.0578,0.075,0.2406,0.3734,0.5235,none
instruct,healthy_q8,cog_75_cyb_25,spatial,640,0.8172,0.6531,0.8781,0.9797,0.0672,0.0766,0.1562,0.4234,0.584,none
instruct,healthy_q8,cog_75_str_25,adversarial,640,0.9187,0.7234,0.9528,0.9891,0.0609,0.0531,0.1828,0.0641,0.6767,none
instruct,healthy_q8,cog_75_str_25,boundary,640,0.9313,0.7266,0.957,0.9938,0.0547,0.0437,0.1938,0.0563,0.6831,none
instruct,healthy_q8,cog_75_str_25,coding,640,0.9484,0.7625,0.9671,0.9969,0.0391,0.0516,0.1625,0.0422,0.7254,none
instruct,healthy_q8,cog_75_str_25,epistemic,640,0.9031,0.7297,0.9506,0.9922,0.0641,0.0328,0.1859,0.0656,0.6858,none
instruct,healthy_q8,cog_75_str_25,forensic,640,0.9437,0.7516,0.9566,0.9922,0.0422,0.0484,0.1891,0.0813,0.71,none
instruct,healthy_q8,cog_75_str_25,generalist,640,0.9031,0.6797,0.949,0.9859,0.0594,0.05,0.2234,0.0594,0.631,none
instruct,healthy_q8,cog_75_str_25,math,640,0.9484,0.7125,0.9601,0.9891,0.0328,0.0422,0.2281,0.0625,0.6728,none
instruct,healthy_q8,cog_75_str_25,planning,640,0.9359,0.7766,0.96,0.9922,0.05,0.0375,0.1562,0.0547,0.7388,none
instruct,healthy_q8,cog_75_str_25,rhetoric,640,0.9344,0.7328,0.9569,0.9859,0.0437,0.0312,0.2047,0.0609,0.694,none
instruct,healthy_q8,cog_75_str_25,spatial,640,0.9453,0.7937,0.964,0.9906,0.0344,0.0359,0.1391,0.0672,0.7618,none
instruct,healthy_q8,cognitive_only,adversarial,640,0.6578,0.5406,0.8056,0.9078,0.0828,0.0563,0.1859,0.7625,0.4515,none
instruct,healthy_q8,cognitive_only,boundary,640,0.6578,0.5016,0.798,0.9,0.0828,0.0734,0.2172,0.7531,0.407,none
instruct,healthy_q8,cognitive_only,coding,640,0.7203,0.5891,0.8399,0.9281,0.0547,0.0516,0.1703,0.5781,0.5198,none
instruct,healthy_q8,cognitive_only,epistemic,640,0.7641,0.5984,0.8801,0.9812,0.0641,0.025,0.2516,0.3422,0.537,none
instruct,healthy_q8,cognitive_only,forensic,640,0.6969,0.5516,0.812,0.9031,0.0719,0.0641,0.2078,0.6453,0.4683,none
instruct,healthy_q8,cognitive_only,generalist,640,0.7063,0.5687,0.8564,0.9547,0.0422,0.0437,0.2109,0.4891,0.506,none
instruct,healthy_q8,cognitive_only,math,640,0.7016,0.5625,0.8386,0.9453,0.05,0.0391,0.2297,0.6391,0.4894,none
instruct,healthy_q8,cognitive_only,planning,640,0.8125,0.6766,0.8759,0.9625,0.05,0.0422,0.1656,0.45,0.6174,none
instruct,healthy_q8,cognitive_only,rhetoric,640,0.7375,0.5734,0.851,0.9578,0.0516,0.0422,0.2562,0.5484,0.5016,none
instruct,healthy_q8,cognitive_only,spatial,640,0.7547,0.6094,0.8415,0.9453,0.0641,0.0516,0.1969,0.5516,0.5365,none
instruct,healthy_q8,cyb_25_str_75,adversarial,640,0.9359,0.7984,0.9623,0.9969,0.0578,0.0344,0.1328,0.0531,0.7609,none
instruct,healthy_q8,cyb_25_str_75,boundary,640,0.9313,0.7656,0.9585,1.0,0.0609,0.0344,0.1609,0.0594,0.7246,none
instruct,healthy_q8,cyb_25_str_75,coding,640,0.95,0.8172,0.9657,0.9859,0.0359,0.025,0.1406,0.05,0.7877,none
instruct,healthy_q8,cyb_25_str_75,epistemic,640,0.9375,0.7891,0.9636,0.9938,0.0484,0.0125,0.1625,0.0391,0.7571,none
instruct,healthy_q8,cyb_25_str_75,forensic,640,0.9531,0.8078,0.9709,0.9938,0.0359,0.0297,0.1359,0.0328,0.7786,none
instruct,healthy_q8,cyb_25_str_75,generalist,640,0.9453,0.7984,0.9683,0.9922,0.0344,0.0297,0.1453,0.0375,0.7687,none
instruct,healthy_q8,cyb_25_str_75,math,640,0.9453,0.7688,0.9616,0.9891,0.0406,0.0156,0.1938,0.05,0.7354,none
instruct,healthy_q8,cyb_25_str_75,planning,640,0.9422,0.8031,0.962,0.9828,0.0391,0.0312,0.1437,0.0516,0.7711,none
instruct,healthy_q8,cyb_25_str_75,rhetoric,640,0.9516,0.7937,0.9669,0.9922,0.0328,0.0219,0.1609,0.0484,0.7642,none
instruct,healthy_q8,cyb_25_str_75,spatial,640,0.9453,0.7922,0.9638,0.9922,0.0422,0.0328,0.1344,0.0578,0.7593,none
instruct,healthy_q8,cyb_40_str_60,adversarial,640,0.9594,0.7891,0.9659,0.9938,0.0266,0.0437,0.1672,0.0672,0.7556,none
instruct,healthy_q8,cyb_40_str_60,boundary,640,0.9406,0.7453,0.9623,0.9953,0.0516,0.05,0.1859,0.0359,0.7032,none
instruct,healthy_q8,cyb_40_str_60,coding,640,0.9531,0.7641,0.9663,0.9875,0.0281,0.0547,0.1656,0.05,0.7289,none
instruct,healthy_q8,cyb_40_str_60,epistemic,640,0.9281,0.7672,0.9619,0.9906,0.0484,0.0266,0.1625,0.0406,0.7323,none
instruct,healthy_q8,cyb_40_str_60,forensic,640,0.9531,0.8047,0.969,0.9938,0.0344,0.0469,0.1344,0.0469,0.7719,none
instruct,healthy_q8,cyb_40_str_60,generalist,640,0.9313,0.7562,0.9637,0.9953,0.0344,0.0422,0.1734,0.0516,0.721,none
instruct,healthy_q8,cyb_40_str_60,math,640,0.9391,0.7531,0.9613,0.9875,0.0422,0.0344,0.1938,0.0484,0.7157,none
instruct,healthy_q8,cyb_40_str_60,planning,640,0.9391,0.7937,0.9597,0.9828,0.0391,0.0344,0.1297,0.0703,0.7613,none
instruct,healthy_q8,cyb_40_str_60,rhetoric,640,0.9328,0.7734,0.9621,0.9969,0.0484,0.0266,0.1547,0.0578,0.7383,none
instruct,healthy_q8,cyb_40_str_60,spatial,640,0.9516,0.7891,0.9652,0.9891,0.0375,0.0484,0.1328,0.0547,0.7548,none
instruct,healthy_q8,cyb_50_str_50,adversarial,640,0.9437,0.7531,0.9637,0.9922,0.0359,0.0719,0.1547,0.0594,0.7126,none
instruct,healthy_q8,cyb_50_str_50,boundary,640,0.9266,0.7453,0.9541,0.9906,0.0641,0.0594,0.1625,0.0625,0.6981,none
instruct,healthy_q8,cyb_50_str_50,coding,640,0.9422,0.775,0.9613,0.9875,0.05,0.0609,0.1359,0.05,0.7344,none
instruct,healthy_q8,cyb_50_str_50,epistemic,640,0.9359,0.7188,0.9599,0.9875,0.0406,0.0484,0.2141,0.0437,0.6776,none
instruct,healthy_q8,cyb_50_str_50,forensic,640,0.9359,0.7609,0.9535,0.9812,0.0484,0.0375,0.1641,0.0797,0.7218,none
instruct,healthy_q8,cyb_50_str_50,generalist,640,0.9281,0.75,0.9585,0.9859,0.0437,0.0391,0.1766,0.0531,0.7123,none
instruct,healthy_q8,cyb_50_str_50,math,640,0.9422,0.7391,0.9601,0.9844,0.0422,0.0594,0.1781,0.0594,0.6973,none
instruct,healthy_q8,cyb_50_str_50,planning,640,0.9484,0.8,0.9673,0.9922,0.0406,0.05,0.1234,0.0422,0.7658,none
instruct,healthy_q8,cyb_50_str_50,rhetoric,640,0.9375,0.7812,0.96,0.9844,0.0469,0.0375,0.1547,0.0578,0.7444,none
instruct,healthy_q8,cyb_50_str_50,spatial,640,0.9391,0.7625,0.963,0.9859,0.0469,0.0609,0.1484,0.0453,0.7221,none
instruct,healthy_q8,cyb_60_str_40,adversarial,640,0.95,0.7469,0.964,0.9891,0.0344,0.075,0.1641,0.0609,0.7054,none
instruct,healthy_q8,cyb_60_str_40,boundary,640,0.9156,0.7109,0.9524,0.9859,0.0641,0.0734,0.1797,0.0563,0.6598,none
instruct,healthy_q8,cyb_60_str_40,coding,640,0.9406,0.7641,0.9622,0.9938,0.0469,0.0688,0.1422,0.0563,0.7221,none
instruct,healthy_q8,cyb_60_str_40,epistemic,640,0.925,0.7344,0.9587,0.9953,0.0547,0.0359,0.2,0.0375,0.6929,none
instruct,healthy_q8,cyb_60_str_40,forensic,640,0.9328,0.7609,0.9621,0.9922,0.0531,0.0516,0.1562,0.0422,0.7201,none
instruct,healthy_q8,cyb_60_str_40,generalist,640,0.9328,0.7312,0.9597,0.975,0.0406,0.075,0.1672,0.0437,0.6885,none
instruct,healthy_q8,cyb_60_str_40,math,640,0.9187,0.7469,0.9521,0.9578,0.0437,0.0484,0.175,0.0781,0.7062,none
instruct,healthy_q8,cyb_60_str_40,planning,640,0.9359,0.7766,0.9571,0.9797,0.0422,0.0469,0.1406,0.0719,0.7397,none
instruct,healthy_q8,cyb_60_str_40,rhetoric,640,0.9406,0.7578,0.96,0.9781,0.0375,0.0391,0.1891,0.0547,0.7209,none
instruct,healthy_q8,cyb_60_str_40,spatial,640,0.925,0.7547,0.9544,0.9781,0.0453,0.0578,0.1437,0.0797,0.714,none
instruct,healthy_q8,cyb_75_str_25,adversarial,640,0.9469,0.7359,0.9614,0.9938,0.0437,0.0891,0.1625,0.0609,0.689,none
instruct,healthy_q8,cyb_75_str_25,boundary,640,0.9234,0.7312,0.9562,0.9938,0.0578,0.0813,0.1609,0.0672,0.6814,none
instruct,healthy_q8,cyb_75_str_25,coding,640,0.9344,0.7344,0.9606,0.9891,0.0437,0.0828,0.1609,0.0531,0.6892,none
instruct,healthy_q8,cyb_75_str_25,epistemic,640,0.9094,0.7016,0.9481,0.9734,0.0578,0.0578,0.2203,0.0547,0.6523,none
instruct,healthy_q8,cyb_75_str_25,forensic,640,0.9391,0.7625,0.9621,0.9906,0.0453,0.0656,0.1422,0.0594,0.7214,none
instruct,healthy_q8,cyb_75_str_25,generalist,640,0.9266,0.7203,0.9549,0.9672,0.0437,0.0922,0.1594,0.0547,0.6733,none
instruct,healthy_q8,cyb_75_str_25,math,640,0.8922,0.7016,0.9293,0.9156,0.0437,0.0625,0.1922,0.1375,0.6537,none
instruct,healthy_q8,cyb_75_str_25,planning,640,0.9016,0.7266,0.9374,0.9313,0.0516,0.0672,0.1437,0.1047,0.6809,none
instruct,healthy_q8,cyb_75_str_25,rhetoric,640,0.9047,0.7031,0.9455,0.9719,0.0672,0.0766,0.1812,0.075,0.6494,none
instruct,healthy_q8,cyb_75_str_25,spatial,640,0.9047,0.7219,0.9365,0.9219,0.0391,0.0672,0.1703,0.1141,0.6774,none
instruct,healthy_q8,cyber_only,adversarial,640,0.8953,0.6797,0.9407,0.9812,0.0703,0.0828,0.1906,0.1047,0.6215,none
instruct,healthy_q8,cyber_only,boundary,640,0.9281,0.6953,0.9495,0.9828,0.0484,0.0922,0.2094,0.0906,0.6411,none
instruct,healthy_q8,cyber_only,coding,640,0.7609,0.575,0.8538,0.9047,0.0641,0.1062,0.1891,0.4547,0.4967,none
instruct,healthy_q8,cyber_only,epistemic,640,0.7078,0.5312,0.8484,0.9016,0.0672,0.0609,0.2516,0.3969,0.4589,none
instruct,healthy_q8,cyber_only,forensic,640,0.8703,0.6734,0.9164,0.9969,0.0578,0.0891,0.1828,0.2547,0.6109,none
instruct,healthy_q8,cyber_only,generalist,640,0.6656,0.5484,0.8326,0.8516,0.0609,0.0594,0.1734,0.4656,0.4811,none
instruct,healthy_q8,cyber_only,math,640,0.6141,0.4641,0.7804,0.8313,0.0531,0.0797,0.2328,0.8094,0.3731,none
instruct,healthy_q8,cyber_only,planning,640,0.7266,0.5906,0.8276,0.8625,0.0578,0.0641,0.1734,0.5359,0.5198,none
instruct,healthy_q8,cyber_only,rhetoric,640,0.6953,0.5297,0.8328,0.8719,0.0578,0.075,0.2328,0.5203,0.4527,none
instruct,healthy_q8,cyber_only,spatial,640,0.7063,0.5875,0.8157,0.8313,0.05,0.0609,0.1531,0.5922,0.5185,none
instruct,healthy_q8,structural_only,adversarial,640,0.9437,0.8016,0.9642,0.9891,0.0516,0.0078,0.15,0.0391,0.7706,none
instruct,healthy_q8,structural_only,boundary,640,0.9453,0.7859,0.964,0.9906,0.0437,0.0266,0.1562,0.0469,0.7527,none
instruct,healthy_q8,structural_only,coding,640,0.9531,0.8078,0.9662,0.9875,0.0312,0.0187,0.1391,0.0594,0.7806,none
instruct,healthy_q8,structural_only,epistemic,640,0.9297,0.7812,0.9608,0.9828,0.0469,0.0094,0.1594,0.0406,0.7505,none
instruct,healthy_q8,structural_only,forensic,640,0.9547,0.775,0.9648,0.9844,0.0359,0.0203,0.1844,0.0375,0.7435,none
instruct,healthy_q8,structural_only,generalist,640,0.9266,0.7531,0.9583,0.9953,0.0437,0.0297,0.1906,0.0594,0.7158,none
instruct,healthy_q8,structural_only,math,640,0.9516,0.7719,0.9636,0.9953,0.0359,0.0078,0.1891,0.0609,0.7414,none
instruct,healthy_q8,structural_only,planning,640,0.9422,0.7891,0.9628,0.9797,0.0391,0.0125,0.1578,0.0406,0.7602,none
instruct,healthy_q8,structural_only,rhetoric,640,0.9422,0.8109,0.9645,0.9812,0.0391,0.0109,0.1344,0.0484,0.7839,none
instruct,healthy_q8,structural_only,spatial,640,0.9484,0.7937,0.9663,0.9891,0.0344,0.0172,0.1516,0.0437,0.7657,none
instruct,healthy_q8,tri_boundary_heavy,adversarial,640,0.9203,0.7328,0.9569,0.9922,0.0719,0.0625,0.1609,0.0406,0.6838,none
instruct,healthy_q8,tri_boundary_heavy,boundary,640,0.9219,0.6969,0.9531,0.9938,0.0641,0.0641,0.2016,0.0563,0.6459,none
instruct,healthy_q8,tri_boundary_heavy,coding,640,0.9344,0.7453,0.9654,0.9922,0.0422,0.0719,0.1484,0.0391,0.7045,none
instruct,healthy_q8,tri_boundary_heavy,epistemic,640,0.9281,0.7531,0.9607,0.9859,0.05,0.0422,0.1562,0.0422,0.7151,none
instruct,healthy_q8,tri_boundary_heavy,forensic,640,0.9469,0.7859,0.9661,0.9922,0.0359,0.0625,0.1234,0.0563,0.75,none
instruct,healthy_q8,tri_boundary_heavy,generalist,640,0.9469,0.7438,0.9647,0.9875,0.0297,0.0734,0.1719,0.0469,0.7041,none
instruct,healthy_q8,tri_boundary_heavy,math,640,0.9422,0.7266,0.9612,0.9938,0.0422,0.0344,0.2266,0.0422,0.6868,none
instruct,healthy_q8,tri_boundary_heavy,planning,640,0.95,0.7531,0.9634,0.9906,0.0437,0.0547,0.1609,0.0422,0.7141,none
instruct,healthy_q8,tri_boundary_heavy,rhetoric,640,0.9359,0.7469,0.9577,0.9859,0.0422,0.0688,0.1625,0.075,0.7037,none
instruct,healthy_q8,tri_boundary_heavy,spatial,640,0.9531,0.7656,0.9698,0.9922,0.0312,0.0672,0.1406,0.0422,0.7295,none
instruct,healthy_q8,tri_cognitive_bridge,adversarial,640,0.9516,0.7484,0.9628,0.9875,0.0422,0.0656,0.1812,0.0437,0.706,none
instruct,healthy_q8,tri_cognitive_bridge,boundary,640,0.9406,0.7188,0.9589,0.9844,0.05,0.0656,0.1875,0.0422,0.6735,none
instruct,healthy_q8,tri_cognitive_bridge,coding,640,0.9328,0.7531,0.9611,0.9938,0.0469,0.0625,0.1531,0.0547,0.7116,none
instruct,healthy_q8,tri_cognitive_bridge,epistemic,640,0.9266,0.7281,0.9559,0.9859,0.0469,0.0469,0.1984,0.0547,0.6861,none
instruct,healthy_q8,tri_cognitive_bridge,forensic,640,0.9344,0.7734,0.9603,0.9828,0.05,0.0469,0.1547,0.0453,0.7344,none
instruct,healthy_q8,tri_cognitive_bridge,generalist,640,0.9469,0.7469,0.9649,0.9781,0.025,0.0484,0.1859,0.0406,0.7128,none
instruct,healthy_q8,tri_cognitive_bridge,math,640,0.9406,0.7359,0.9557,0.9812,0.0422,0.0469,0.2047,0.0672,0.6942,none
instruct,healthy_q8,tri_cognitive_bridge,planning,640,0.9328,0.7531,0.9551,0.9875,0.05,0.0406,0.1703,0.0688,0.7129,none
instruct,healthy_q8,tri_cognitive_bridge,rhetoric,640,0.9375,0.7469,0.9566,0.9875,0.0437,0.0312,0.1984,0.0672,0.7083,none
instruct,healthy_q8,tri_cognitive_bridge,spatial,640,0.9344,0.7906,0.9614,0.9938,0.05,0.0453,0.1234,0.0609,0.7536,none
instruct,healthy_q8,tri_cognitive_heavy,adversarial,640,0.9375,0.7406,0.9572,0.9875,0.0484,0.0422,0.1844,0.0594,0.6999,none
instruct,healthy_q8,tri_cognitive_heavy,boundary,640,0.9359,0.7484,0.9586,0.9938,0.0547,0.0609,0.1672,0.0594,0.7035,none
instruct,healthy_q8,tri_cognitive_heavy,coding,640,0.9359,0.7625,0.958,0.9781,0.0437,0.0547,0.1578,0.0578,0.7229,none
instruct,healthy_q8,tri_cognitive_heavy,epistemic,640,0.9187,0.6969,0.9529,0.9922,0.0563,0.0469,0.2375,0.05,0.6491,none
instruct,healthy_q8,tri_cognitive_heavy,forensic,640,0.9313,0.7188,0.9572,0.9875,0.0516,0.05,0.2,0.0469,0.6749,none
instruct,healthy_q8,tri_cognitive_heavy,generalist,640,0.9375,0.7469,0.9633,0.9922,0.0406,0.0609,0.1609,0.0469,0.7073,none
instruct,healthy_q8,tri_cognitive_heavy,math,640,0.9437,0.7141,0.9607,0.9938,0.0484,0.0469,0.2297,0.0375,0.6699,none
instruct,healthy_q8,tri_cognitive_heavy,planning,640,0.9266,0.7516,0.9563,0.9922,0.0578,0.0422,0.1766,0.0547,0.7089,none
instruct,healthy_q8,tri_cognitive_heavy,rhetoric,640,0.9437,0.7562,0.9644,0.9891,0.0406,0.0516,0.175,0.0437,0.7176,none
instruct,healthy_q8,tri_cognitive_heavy,spatial,640,0.9234,0.7422,0.9553,0.9891,0.0641,0.0641,0.1562,0.0547,0.6949,none
instruct,healthy_q8,tri_cyber_heavy,adversarial,640,0.9359,0.7297,0.9596,0.9859,0.05,0.0719,0.1688,0.0516,0.6842,none
instruct,healthy_q8,tri_cyber_heavy,boundary,640,0.9078,0.6813,0.9497,0.9812,0.0734,0.0828,0.1953,0.0469,0.6247,none
instruct,healthy_q8,tri_cyber_heavy,coding,640,0.9563,0.7734,0.9704,0.9875,0.0266,0.0891,0.1156,0.0453,0.7361,none
instruct,healthy_q8,tri_cyber_heavy,epistemic,640,0.9234,0.7438,0.9592,0.9922,0.0547,0.0437,0.1812,0.0406,0.7021,none
instruct,healthy_q8,tri_cyber_heavy,forensic,640,0.9469,0.7031,0.9617,0.9922,0.0422,0.1016,0.1922,0.0484,0.6524,none
instruct,healthy_q8,tri_cyber_heavy,generalist,640,0.9219,0.7125,0.9575,0.9812,0.0484,0.0844,0.1688,0.0469,0.6653,none
instruct,healthy_q8,tri_cyber_heavy,math,640,0.9344,0.7094,0.9575,0.9859,0.0375,0.0688,0.2078,0.0656,0.6645,none
instruct,healthy_q8,tri_cyber_heavy,planning,640,0.9422,0.7375,0.9606,0.9906,0.0422,0.0875,0.1578,0.0531,0.6921,none
instruct,healthy_q8,tri_cyber_heavy,rhetoric,640,0.9328,0.7391,0.9607,0.9875,0.0484,0.0688,0.175,0.0453,0.6945,none
instruct,healthy_q8,tri_cyber_heavy,spatial,640,0.9313,0.7344,0.9613,0.9922,0.0578,0.0953,0.1375,0.0469,0.6846,none
instruct,healthy_q8,tri_equal_routed,adversarial,640,0.9453,0.7453,0.9647,0.9891,0.0437,0.0781,0.1531,0.0391,0.7024,none
instruct,healthy_q8,tri_equal_routed,boundary,640,0.9141,0.725,0.9512,0.9844,0.0656,0.0656,0.1859,0.0547,0.6746,none
instruct,healthy_q8,tri_equal_routed,coding,640,0.9422,0.7469,0.963,0.9922,0.0406,0.0656,0.1609,0.0516,0.7061,none
instruct,healthy_q8,tri_equal_routed,epistemic,640,0.9266,0.7266,0.9593,0.9906,0.0422,0.05,0.2016,0.0469,0.6854,none
instruct,healthy_q8,tri_equal_routed,forensic,640,0.9406,0.7578,0.9632,0.9922,0.05,0.05,0.1656,0.0406,0.7175,none
instruct,healthy_q8,tri_equal_routed,generalist,640,0.9297,0.7375,0.9622,0.9891,0.0437,0.0672,0.1703,0.0406,0.6953,none
instruct,healthy_q8,tri_equal_routed,math,640,0.9391,0.7625,0.9624,0.9922,0.0422,0.05,0.1766,0.0547,0.723,none
instruct,healthy_q8,tri_equal_routed,planning,640,0.9578,0.7781,0.9696,0.9938,0.0312,0.0656,0.1437,0.0406,0.7421,none
instruct,healthy_q8,tri_equal_routed,rhetoric,640,0.9406,0.7453,0.965,0.9938,0.0453,0.0516,0.1875,0.0312,0.7048,none
instruct,healthy_q8,tri_equal_routed,spatial,640,0.9375,0.7547,0.9606,0.9891,0.0469,0.0641,0.1562,0.0547,0.7126,none
instruct,healthy_q8,tri_naive_equal_all_fire,adversarial,640,0.8969,0.5156,0.9219,0.9891,0.0703,0.3031,0.2344,0.0531,0.4125,none
instruct,healthy_q8,tri_naive_equal_all_fire,boundary,640,0.8891,0.4922,0.9179,0.9953,0.0906,0.3141,0.2453,0.0359,0.3808,none
instruct,healthy_q8,tri_naive_equal_all_fire,coding,640,0.9156,0.5219,0.9276,0.9969,0.0641,0.3109,0.2297,0.0375,0.4202,none
instruct,healthy_q8,tri_naive_equal_all_fire,epistemic,640,0.8938,0.4719,0.9232,0.9844,0.0625,0.325,0.2594,0.0437,0.3652,none
instruct,healthy_q8,tri_naive_equal_all_fire,forensic,640,0.8984,0.4875,0.9218,0.9844,0.0703,0.3266,0.2313,0.05,0.3801,none
instruct,healthy_q8,tri_naive_equal_all_fire,generalist,640,0.8859,0.4656,0.9135,0.9797,0.0734,0.3266,0.2547,0.05,0.3554,none
instruct,healthy_q8,tri_naive_equal_all_fire,math,640,0.8875,0.4938,0.9186,0.9781,0.0719,0.2828,0.2906,0.0594,0.3894,none
instruct,healthy_q8,tri_naive_equal_all_fire,planning,640,0.9031,0.5125,0.9228,0.9844,0.0578,0.3094,0.2,0.0609,0.4142,none
instruct,healthy_q8,tri_naive_equal_all_fire,rhetoric,640,0.9219,0.4969,0.9318,0.9953,0.0516,0.325,0.2234,0.0484,0.3961,none
instruct,healthy_q8,tri_naive_equal_all_fire,spatial,640,0.9031,0.5469,0.928,0.9844,0.0719,0.2969,0.1734,0.0516,0.4495,none
instruct,healthy_q8,tri_naive_structural_heavy_all_fire,adversarial,640,0.9094,0.5437,0.9278,0.9906,0.0656,0.3031,0.1984,0.0437,0.4454,none
instruct,healthy_q8,tri_naive_structural_heavy_all_fire,boundary,640,0.9078,0.5094,0.9247,0.9891,0.0578,0.3,0.2344,0.0563,0.4105,none
instruct,healthy_q8,tri_naive_structural_heavy_all_fire,coding,640,0.9078,0.5344,0.9281,0.9891,0.0578,0.2984,0.1828,0.0547,0.44,none
instruct,healthy_q8,tri_naive_structural_heavy_all_fire,epistemic,640,0.9172,0.5062,0.9311,0.9938,0.0516,0.2734,0.2594,0.0484,0.4129,none
instruct,healthy_q8,tri_naive_structural_heavy_all_fire,forensic,640,0.9094,0.5141,0.9315,0.9969,0.0609,0.2797,0.2328,0.0453,0.419,none
instruct,healthy_q8,tri_naive_structural_heavy_all_fire,generalist,640,0.8875,0.5156,0.9264,0.9891,0.0656,0.3063,0.1859,0.0422,0.4177,none
instruct,healthy_q8,tri_naive_structural_heavy_all_fire,math,640,0.9156,0.5125,0.9262,0.9891,0.0563,0.2844,0.2938,0.0563,0.4124,none
instruct,healthy_q8,tri_naive_structural_heavy_all_fire,planning,640,0.9266,0.5391,0.9279,0.9891,0.0641,0.2938,0.2031,0.0406,0.4428,none
instruct,healthy_q8,tri_naive_structural_heavy_all_fire,rhetoric,640,0.8969,0.5109,0.9273,0.9875,0.0656,0.2719,0.2516,0.0531,0.4141,none
instruct,healthy_q8,tri_naive_structural_heavy_all_fire,spatial,640,0.9297,0.5609,0.9371,0.9922,0.05,0.2781,0.1797,0.0531,0.4733,none
instruct,healthy_q8,tri_structural_heavy_55,adversarial,640,0.9437,0.7812,0.9624,0.9875,0.0391,0.0437,0.1406,0.0688,0.7461,none
instruct,healthy_q8,tri_structural_heavy_55,boundary,640,0.9469,0.725,0.9622,0.9891,0.0406,0.0656,0.1922,0.0453,0.682,none
instruct,healthy_q8,tri_structural_heavy_55,coding,640,0.9359,0.7641,0.9616,0.9844,0.0437,0.05,0.1547,0.0469,0.7262,none
instruct,healthy_q8,tri_structural_heavy_55,epistemic,640,0.9172,0.7375,0.9565,0.9875,0.0484,0.0297,0.1891,0.0516,0.6993,none
instruct,healthy_q8,tri_structural_heavy_55,forensic,640,0.9484,0.7734,0.9671,0.9938,0.0422,0.0437,0.1641,0.0312,0.7373,none
instruct,healthy_q8,tri_structural_heavy_55,generalist,640,0.9359,0.7344,0.9628,0.9844,0.0391,0.0641,0.1812,0.0344,0.6936,none
instruct,healthy_q8,tri_structural_heavy_55,math,640,0.9453,0.7656,0.9642,0.9922,0.0422,0.0437,0.1703,0.0484,0.7282,none
instruct,healthy_q8,tri_structural_heavy_55,planning,640,0.9422,0.775,0.963,0.9938,0.0469,0.0516,0.1437,0.0469,0.7368,none
instruct,healthy_q8,tri_structural_heavy_55,rhetoric,640,0.9437,0.7625,0.9635,0.9891,0.0344,0.0328,0.1812,0.0516,0.7285,none
instruct,healthy_q8,tri_structural_heavy_55,spatial,640,0.9453,0.8063,0.9653,0.9875,0.0406,0.0359,0.1266,0.0516,0.7742,none
instruct,healthy_q8,tri_structural_heavy_60,adversarial,640,0.9422,0.7844,0.9657,0.9938,0.05,0.0297,0.1437,0.0375,0.7501,none
instruct,healthy_q8,tri_structural_heavy_60,boundary,640,0.925,0.7625,0.957,0.9906,0.0563,0.0437,0.1484,0.0641,0.7218,none
instruct,healthy_q8,tri_structural_heavy_60,coding,640,0.9297,0.7375,0.9602,0.9922,0.0453,0.0469,0.1734,0.0516,0.6981,none
instruct,healthy_q8,tri_structural_heavy_60,epistemic,640,0.9359,0.7625,0.9632,0.9891,0.0344,0.0281,0.1797,0.0453,0.7299,none
instruct,healthy_q8,tri_structural_heavy_60,forensic,640,0.9469,0.7953,0.9654,0.9922,0.0453,0.0406,0.1344,0.0484,0.7604,none
instruct,healthy_q8,tri_structural_heavy_60,generalist,640,0.9047,0.7359,0.9518,0.9906,0.0563,0.0625,0.1578,0.075,0.6902,none
instruct,healthy_q8,tri_structural_heavy_60,math,640,0.9469,0.7203,0.9595,0.9891,0.0328,0.0422,0.2203,0.0688,0.681,none
instruct,healthy_q8,tri_structural_heavy_60,planning,640,0.95,0.7656,0.9662,0.9938,0.0437,0.05,0.1484,0.0375,0.7288,none
instruct,healthy_q8,tri_structural_heavy_60,rhetoric,640,0.9453,0.7688,0.9618,0.9922,0.0469,0.0344,0.1688,0.0531,0.7317,none
instruct,healthy_q8,tri_structural_heavy_60,spatial,640,0.9547,0.7937,0.9684,0.9875,0.0328,0.0344,0.1578,0.0375,0.7625,none
instruct,healthy_q8,tri_structural_heavy_65,adversarial,640,0.9391,0.7594,0.9625,0.9922,0.0484,0.0422,0.1734,0.0422,0.7204,none
instruct,healthy_q8,tri_structural_heavy_65,boundary,640,0.9266,0.7594,0.9575,0.9922,0.0594,0.0437,0.1547,0.0563,0.7176,none
instruct,healthy_q8,tri_structural_heavy_65,coding,640,0.9391,0.7656,0.9643,0.9922,0.0469,0.0563,0.1453,0.0406,0.7267,none
instruct,healthy_q8,tri_structural_heavy_65,epistemic,640,0.9344,0.7438,0.9625,0.9875,0.0406,0.0312,0.1922,0.0359,0.7081,none
instruct,healthy_q8,tri_structural_heavy_65,forensic,640,0.95,0.7891,0.9669,0.9844,0.0312,0.0359,0.1469,0.0422,0.7586,none
instruct,healthy_q8,tri_structural_heavy_65,generalist,640,0.9297,0.775,0.9631,0.9906,0.0406,0.0563,0.1375,0.0516,0.738,none
instruct,healthy_q8,tri_structural_heavy_65,math,640,0.9406,0.7391,0.9594,0.9891,0.0406,0.0328,0.2047,0.0563,0.7011,none
instruct,healthy_q8,tri_structural_heavy_65,planning,640,0.9547,0.7953,0.9727,0.9891,0.0297,0.0437,0.1313,0.025,0.7659,none
instruct,healthy_q8,tri_structural_heavy_65,rhetoric,640,0.9563,0.7734,0.9664,0.9938,0.0328,0.0312,0.1859,0.0453,0.7402,none
instruct,healthy_q8,tri_structural_heavy_65,spatial,640,0.9437,0.7969,0.9662,0.9938,0.0469,0.0437,0.1234,0.0437,0.762,none
