substrate,quant,stack,pressure_band,trials,pass_rate,clean_pass_rate,mean_score,classified_rate,cascade_rate,echo_rate,avg_distractors,avg_missing_required,stability_score,top_failure
base,collapsed_q2_edge,baseline,extreme,1600,0.0,0.0,0.0,0.0,0.9919,0.0356,1.1812,6.0,-0.6992,cascade
base,collapsed_q2_edge,baseline,high,1600,0.0,0.0,0.0,0.0469,0.9888,0.0075,0.7856,5.1981,-0.6209,cascade
base,collapsed_q2_edge,baseline,low,1600,0.0006,0.0006,0.0279,0.2506,0.5706,0.0,0.39,3.3838,-0.371,cascade
base,collapsed_q2_edge,baseline,medium,1600,0.0,0.0,0.0041,0.1537,0.8137,0.01,0.5856,4.73,-0.5295,cascade
base,collapsed_q2_edge,cog_25_cyb_75,extreme,1600,0.0013,0.0013,0.0161,0.3744,0.9625,0.1194,0.9788,5.2663,-0.653,cascade
base,collapsed_q2_edge,cog_25_cyb_75,high,1600,0.0025,0.0019,0.0497,0.4606,0.8306,0.0806,0.6338,4.3513,-0.5317,cascade
base,collapsed_q2_edge,cog_25_cyb_75,low,1600,0.0269,0.0187,0.2308,0.655,0.3812,0.055,0.3275,2.2963,-0.2476,cascade
base,collapsed_q2_edge,cog_25_cyb_75,medium,1600,0.0219,0.0194,0.1323,0.5719,0.5806,0.075,0.4794,3.5156,-0.3839,cascade
base,collapsed_q2_edge,cog_25_str_75,extreme,1600,0.0106,0.0063,0.117,0.4681,0.7375,0.0469,0.9337,3.8344,-0.4908,cascade
base,collapsed_q2_edge,cog_25_str_75,high,1600,0.0344,0.0262,0.1924,0.5288,0.575,0.0163,0.6219,3.0737,-0.3529,cascade
base,collapsed_q2_edge,cog_25_str_75,low,1600,0.1394,0.105,0.4458,0.6856,0.2481,0.0075,0.3312,1.475,-0.0712,cascade
base,collapsed_q2_edge,cog_25_str_75,medium,1600,0.0769,0.0625,0.2991,0.5856,0.4056,0.0187,0.445,2.4519,-0.2211,cascade
base,collapsed_q2_edge,cog_40_cyb_60,extreme,1600,0.0006,0.0,0.0171,0.3969,0.9563,0.1081,0.9825,5.2881,-0.6515,cascade
base,collapsed_q2_edge,cog_40_cyb_60,high,1600,0.0019,0.0019,0.0478,0.4725,0.845,0.0844,0.6706,4.3662,-0.5405,cascade
base,collapsed_q2_edge,cog_40_cyb_60,low,1600,0.0306,0.0194,0.2306,0.6531,0.3781,0.0563,0.3738,2.3119,-0.2508,cascade
base,collapsed_q2_edge,cog_40_cyb_60,medium,1600,0.0125,0.0088,0.1234,0.5537,0.5975,0.0744,0.4769,3.5506,-0.4011,cascade
base,collapsed_q2_edge,cog_40_str_60,extreme,1600,0.0075,0.0044,0.0805,0.4294,0.7887,0.0531,0.9525,4.2569,-0.5319,cascade
base,collapsed_q2_edge,cog_40_str_60,high,1600,0.0175,0.0125,0.1486,0.5169,0.6269,0.0206,0.6613,3.3613,-0.4006,cascade
base,collapsed_q2_edge,cog_40_str_60,low,1600,0.0944,0.0669,0.38,0.6737,0.2819,0.0163,0.3281,1.7119,-0.1328,cascade
base,collapsed_q2_edge,cog_40_str_60,medium,1600,0.0519,0.0431,0.2502,0.5825,0.445,0.0281,0.4606,2.7037,-0.268,cascade
base,collapsed_q2_edge,cog_50_cyb_50,extreme,1600,0.0006,0.0006,0.0139,0.39,0.9631,0.1281,1.0594,5.3925,-0.6683,cascade
base,collapsed_q2_edge,cog_50_cyb_50,high,1600,0.0013,0.0006,0.0444,0.4719,0.8538,0.0688,0.6844,4.4144,-0.5447,cascade
base,collapsed_q2_edge,cog_50_cyb_50,low,1600,0.0169,0.0112,0.2198,0.66,0.3894,0.0544,0.3481,2.3525,-0.2619,cascade
base,collapsed_q2_edge,cog_50_cyb_50,medium,1600,0.0094,0.0081,0.1115,0.5387,0.5925,0.0669,0.4913,3.6106,-0.4028,cascade
base,collapsed_q2_edge,cog_50_str_50,extreme,1600,0.0031,0.0025,0.0576,0.4462,0.8369,0.0537,1.0131,4.4844,-0.5646,cascade
base,collapsed_q2_edge,cog_50_str_50,high,1600,0.0187,0.0119,0.1212,0.5169,0.6669,0.0244,0.6863,3.5894,-0.4274,cascade
base,collapsed_q2_edge,cog_50_str_50,low,1600,0.0756,0.0531,0.3467,0.6825,0.32,0.015,0.3306,1.8344,-0.164,cascade
base,collapsed_q2_edge,cog_50_str_50,medium,1600,0.045,0.0394,0.2282,0.5969,0.4669,0.0306,0.4625,2.8456,-0.2861,cascade
base,collapsed_q2_edge,cog_60_cyb_40,extreme,1600,0.0,0.0,0.0105,0.3869,0.9769,0.1006,1.0344,5.4813,-0.67,cascade
base,collapsed_q2_edge,cog_60_cyb_40,high,1600,0.0013,0.0006,0.0377,0.4594,0.865,0.0681,0.6619,4.4475,-0.5478,cascade
base,collapsed_q2_edge,cog_60_cyb_40,low,1600,0.0262,0.0163,0.2241,0.6637,0.4019,0.0494,0.3469,2.3575,-0.2598,cascade
base,collapsed_q2_edge,cog_60_cyb_40,medium,1600,0.0063,0.0044,0.0985,0.5369,0.655,0.0731,0.5144,3.6119,-0.4285,cascade
base,collapsed_q2_edge,cog_60_str_40,extreme,1600,0.0006,0.0006,0.0452,0.4206,0.8669,0.0663,1.0206,4.7719,-0.5929,cascade
base,collapsed_q2_edge,cog_60_str_40,high,1600,0.0094,0.0088,0.1003,0.5131,0.6925,0.0394,0.6744,3.7706,-0.4494,cascade
base,collapsed_q2_edge,cog_60_str_40,low,1600,0.0781,0.0569,0.3332,0.6512,0.3044,0.02,0.3369,1.9069,-0.1607,cascade
base,collapsed_q2_edge,cog_60_str_40,medium,1600,0.0244,0.0225,0.1962,0.59,0.4913,0.0312,0.4875,3.0131,-0.3208,cascade
base,collapsed_q2_edge,cog_75_cyb_25,extreme,1600,0.0,0.0,0.0066,0.3794,0.9838,0.1125,1.0725,5.5875,-0.6828,cascade
base,collapsed_q2_edge,cog_75_cyb_25,high,1600,0.0013,0.0013,0.034,0.4631,0.8744,0.0606,0.7175,4.5044,-0.5558,cascade
base,collapsed_q2_edge,cog_75_cyb_25,low,1600,0.0231,0.0119,0.2033,0.635,0.3937,0.0506,0.3431,2.4119,-0.2644,cascade
base,collapsed_q2_edge,cog_75_cyb_25,medium,1600,0.0063,0.005,0.1014,0.5681,0.6369,0.065,0.4944,3.6606,-0.4216,cascade
base,collapsed_q2_edge,cog_75_str_25,extreme,1600,0.0013,0.0013,0.0252,0.4213,0.935,0.0788,1.0575,5.1675,-0.638,cascade
base,collapsed_q2_edge,cog_75_str_25,high,1600,0.0056,0.0025,0.0765,0.525,0.7619,0.0387,0.6919,4.0088,-0.4896,cascade
base,collapsed_q2_edge,cog_75_str_25,low,1600,0.0475,0.0281,0.2756,0.6581,0.3606,0.0306,0.3656,2.0944,-0.2202,cascade
base,collapsed_q2_edge,cog_75_str_25,medium,1600,0.0144,0.0119,0.1579,0.5894,0.5537,0.0425,0.5231,3.285,-0.3689,cascade
base,collapsed_q2_edge,cognitive_only,extreme,1600,0.0,0.0,0.0023,0.2931,0.9819,0.0813,1.15,5.8475,-0.6952,cascade
base,collapsed_q2_edge,cognitive_only,high,1600,0.0,0.0,0.0144,0.3825,0.945,0.0519,0.76,4.8656,-0.598,cascade
base,collapsed_q2_edge,cognitive_only,low,1600,0.0125,0.0088,0.1506,0.5444,0.4531,0.0306,0.3588,2.6562,-0.2948,cascade
base,collapsed_q2_edge,cognitive_only,medium,1600,0.0019,0.0013,0.0559,0.4475,0.7031,0.0394,0.5413,4.0694,-0.4643,cascade
base,collapsed_q2_edge,cyb_25_str_75,extreme,1600,0.0094,0.0044,0.1289,0.4594,0.7325,0.0625,0.8688,3.6869,-0.4817,cascade
base,collapsed_q2_edge,cyb_25_str_75,high,1600,0.0406,0.0256,0.1988,0.5369,0.5913,0.0275,0.5675,3.0,-0.3527,cascade
base,collapsed_q2_edge,cyb_25_str_75,low,1600,0.1394,0.1056,0.4529,0.6856,0.2569,0.0156,0.3069,1.4531,-0.0718,cascade
base,collapsed_q2_edge,cyb_25_str_75,medium,1600,0.0875,0.0706,0.3077,0.565,0.4194,0.0244,0.4081,2.3862,-0.212,cascade
base,collapsed_q2_edge,cyb_40_str_60,extreme,1600,0.0131,0.0075,0.1038,0.4263,0.7588,0.0788,0.8956,3.9725,-0.5061,cascade
base,collapsed_q2_edge,cyb_40_str_60,high,1600,0.03,0.0175,0.1693,0.5119,0.6219,0.0413,0.5744,3.23,-0.3848,cascade
base,collapsed_q2_edge,cyb_40_str_60,low,1600,0.1081,0.0744,0.3956,0.6637,0.2731,0.0319,0.3044,1.6538,-0.121,cascade
base,collapsed_q2_edge,cyb_40_str_60,medium,1600,0.0731,0.0575,0.2736,0.5737,0.46,0.0344,0.4225,2.565,-0.2494,cascade
base,collapsed_q2_edge,cyb_50_str_50,extreme,1600,0.0069,0.0025,0.092,0.4219,0.8,0.0925,0.8744,4.105,-0.5312,cascade
base,collapsed_q2_edge,cyb_50_str_50,high,1600,0.0206,0.0094,0.1439,0.4944,0.6594,0.0506,0.5863,3.3881,-0.4149,cascade
base,collapsed_q2_edge,cyb_50_str_50,low,1600,0.0963,0.0737,0.3779,0.6863,0.3038,0.0419,0.28,1.7469,-0.1355,cascade
base,collapsed_q2_edge,cyb_50_str_50,medium,1600,0.0706,0.0544,0.2562,0.5831,0.4487,0.0488,0.4281,2.6919,-0.2588,cascade
base,collapsed_q2_edge,cyb_60_str_40,extreme,1600,0.0025,0.0,0.0687,0.4269,0.8438,0.1013,0.8819,4.3637,-0.5621,cascade
base,collapsed_q2_edge,cyb_60_str_40,high,1600,0.0194,0.0106,0.131,0.5112,0.6763,0.0631,0.5737,3.5631,-0.4289,cascade
base,collapsed_q2_edge,cyb_60_str_40,low,1600,0.0694,0.0475,0.3467,0.6575,0.315,0.0312,0.3106,1.8525,-0.1707,cascade
base,collapsed_q2_edge,cyb_60_str_40,medium,1600,0.0512,0.04,0.2299,0.5669,0.4713,0.0619,0.4163,2.8563,-0.2899,cascade
base,collapsed_q2_edge,cyb_75_str_25,extreme,1600,0.0006,0.0006,0.0478,0.4231,0.8819,0.1206,0.9256,4.6306,-0.5936,cascade
base,collapsed_q2_edge,cyb_75_str_25,high,1600,0.015,0.0081,0.1015,0.4831,0.7163,0.0669,0.6238,3.8306,-0.4616,cascade
base,collapsed_q2_edge,cyb_75_str_25,low,1600,0.065,0.0525,0.3134,0.6606,0.3256,0.0469,0.3237,1.9563,-0.1783,cascade
base,collapsed_q2_edge,cyb_75_str_25,medium,1600,0.0475,0.0375,0.1927,0.5613,0.5387,0.06,0.4275,3.0769,-0.3242,cascade
base,collapsed_q2_edge,cyber_only,extreme,1600,0.0,0.0,0.0082,0.2975,0.9756,0.1087,0.9825,5.495,-0.6678,cascade
base,collapsed_q2_edge,cyber_only,high,1600,0.0037,0.0019,0.0335,0.3531,0.8838,0.0819,0.6687,4.6156,-0.5639,cascade
base,collapsed_q2_edge,cyber_only,low,1600,0.0187,0.0125,0.1905,0.56,0.3812,0.0537,0.3644,2.4956,-0.2666,cascade
base,collapsed_q2_edge,cyber_only,medium,1600,0.0112,0.01,0.0882,0.4525,0.6444,0.0681,0.4744,3.8256,-0.4262,cascade
base,collapsed_q2_edge,structural_only,extreme,1600,0.0013,0.0006,0.0605,0.3175,0.8269,0.0312,0.9344,4.3406,-0.5455,cascade
base,collapsed_q2_edge,structural_only,high,1600,0.0206,0.0131,0.1364,0.4238,0.6375,0.0119,0.6162,3.365,-0.398,cascade
base,collapsed_q2_edge,structural_only,low,1600,0.0881,0.0663,0.3561,0.5594,0.3,0.0025,0.325,1.7175,-0.1361,cascade
base,collapsed_q2_edge,structural_only,medium,1600,0.0575,0.0525,0.237,0.4656,0.4431,0.01,0.4825,2.7175,-0.2569,cascade
base,collapsed_q2_edge,tri_boundary_heavy,extreme,1600,0.0238,0.0112,0.1651,0.5369,0.6813,0.1138,0.9069,3.4719,-0.462,cascade
base,collapsed_q2_edge,tri_boundary_heavy,high,1600,0.0638,0.0419,0.2433,0.5944,0.5288,0.0762,0.5969,2.7963,-0.3196,cascade
base,collapsed_q2_edge,tri_boundary_heavy,low,1600,0.1844,0.1294,0.5083,0.7538,0.2525,0.0506,0.3044,1.2737,-0.0445,cascade
base,collapsed_q2_edge,tri_boundary_heavy,medium,1600,0.1331,0.1056,0.3672,0.6569,0.3806,0.0675,0.4081,2.185,-0.164,cascade
base,collapsed_q2_edge,tri_cognitive_bridge,extreme,1600,0.0156,0.0081,0.1329,0.53,0.7163,0.0994,0.9294,3.7225,-0.4871,cascade
base,collapsed_q2_edge,tri_cognitive_bridge,high,1600,0.04,0.0275,0.2178,0.6162,0.5863,0.0619,0.63,2.8794,-0.3551,cascade
base,collapsed_q2_edge,tri_cognitive_bridge,low,1600,0.1537,0.1069,0.4808,0.7594,0.2556,0.0306,0.325,1.3925,-0.0716,cascade
base,collapsed_q2_edge,tri_cognitive_bridge,medium,1600,0.0938,0.0719,0.3398,0.66,0.4012,0.0525,0.4575,2.2994,-0.2106,cascade
base,collapsed_q2_edge,tri_cognitive_heavy,extreme,1600,0.01,0.0044,0.1053,0.5244,0.7575,0.0862,0.9481,4.0237,-0.5172,cascade
base,collapsed_q2_edge,tri_cognitive_heavy,high,1600,0.0244,0.0175,0.1735,0.6069,0.6125,0.0594,0.6288,3.2125,-0.3891,cascade
base,collapsed_q2_edge,tri_cognitive_heavy,low,1600,0.1037,0.0694,0.421,0.7462,0.2781,0.0344,0.3444,1.5906,-0.128,cascade
base,collapsed_q2_edge,tri_cognitive_heavy,medium,1600,0.0756,0.0612,0.2925,0.6775,0.4512,0.0381,0.4619,2.5112,-0.2443,cascade
base,collapsed_q2_edge,tri_cyber_heavy,extreme,1600,0.0244,0.0138,0.1436,0.5312,0.71,0.1144,0.8781,3.7219,-0.4785,cascade
base,collapsed_q2_edge,tri_cyber_heavy,high,1600,0.06,0.0387,0.2163,0.5906,0.5725,0.0737,0.5856,3.025,-0.3458,cascade
base,collapsed_q2_edge,tri_cyber_heavy,low,1600,0.125,0.0838,0.4339,0.7319,0.2838,0.0525,0.3344,1.5275,-0.115,cascade
base,collapsed_q2_edge,tri_cyber_heavy,medium,1600,0.1044,0.0794,0.3308,0.66,0.4144,0.08,0.4106,2.3656,-0.2121,cascade
base,collapsed_q2_edge,tri_equal_routed,extreme,1600,0.0138,0.0069,0.1124,0.5138,0.7588,0.0969,0.9169,3.9287,-0.5099,cascade
base,collapsed_q2_edge,tri_equal_routed,high,1600,0.0338,0.0181,0.186,0.595,0.6031,0.0737,0.5819,3.16,-0.3821,cascade
base,collapsed_q2_edge,tri_equal_routed,low,1600,0.1081,0.0806,0.4241,0.7425,0.2762,0.0356,0.3262,1.5756,-0.1143,cascade
base,collapsed_q2_edge,tri_equal_routed,medium,1600,0.0719,0.0563,0.3033,0.6669,0.44,0.0519,0.4606,2.4737,-0.2467,cascade
base,collapsed_q2_edge,tri_naive_equal_all_fire,extreme,1600,0.03,0.01,0.2209,0.6006,0.5787,0.3956,0.9981,2.9925,-0.4722,cascade
base,collapsed_q2_edge,tri_naive_equal_all_fire,high,1600,0.0825,0.0413,0.3094,0.695,0.4544,0.3262,0.6475,2.3806,-0.3311,cascade
base,collapsed_q2_edge,tri_naive_equal_all_fire,low,1600,0.2137,0.1144,0.5366,0.7906,0.235,0.2263,0.3312,1.1513,-0.0854,cascade
base,collapsed_q2_edge,tri_naive_equal_all_fire,medium,1600,0.1544,0.09,0.4311,0.7238,0.3356,0.3113,0.4662,1.8106,-0.2008,cascade
base,collapsed_q2_edge,tri_naive_structural_heavy_all_fire,extreme,1600,0.1975,0.0694,0.4483,0.625,0.375,0.3675,0.8706,1.6769,-0.2701,cascade
base,collapsed_q2_edge,tri_naive_structural_heavy_all_fire,high,1600,0.2719,0.1381,0.524,0.725,0.3287,0.3119,0.5938,1.3194,-0.1363,cascade
base,collapsed_q2_edge,tri_naive_structural_heavy_all_fire,low,1600,0.5194,0.2744,0.7434,0.8231,0.1638,0.2419,0.3281,0.4575,0.1277,none
base,collapsed_q2_edge,tri_naive_structural_heavy_all_fire,medium,1600,0.4,0.2269,0.6374,0.765,0.2344,0.2731,0.4069,0.9287,0.0229,cascade
base,collapsed_q2_edge,tri_structural_heavy_55,extreme,1600,0.0281,0.0081,0.1863,0.5456,0.6519,0.0775,0.9113,3.3206,-0.4419,cascade
base,collapsed_q2_edge,tri_structural_heavy_55,high,1600,0.07,0.0462,0.2755,0.6331,0.5094,0.0456,0.61,2.61,-0.295,cascade
base,collapsed_q2_edge,tri_structural_heavy_55,low,1600,0.2094,0.145,0.5341,0.7606,0.2338,0.0312,0.3131,1.1919,-0.016,cascade
base,collapsed_q2_edge,tri_structural_heavy_55,medium,1600,0.1256,0.0944,0.3839,0.6663,0.3912,0.0406,0.4431,2.0575,-0.1694,cascade
base,collapsed_q2_edge,tri_structural_heavy_60,extreme,1600,0.0356,0.0175,0.2057,0.5587,0.6281,0.0719,0.8662,3.1675,-0.413,cascade
base,collapsed_q2_edge,tri_structural_heavy_60,high,1600,0.0675,0.0481,0.2957,0.6438,0.5012,0.0462,0.5919,2.5112,-0.2844,cascade
base,collapsed_q2_edge,tri_structural_heavy_60,low,1600,0.235,0.165,0.5569,0.7712,0.2206,0.0269,0.2981,1.1306,0.0131,cascade
base,collapsed_q2_edge,tri_structural_heavy_60,medium,1600,0.1381,0.1062,0.4073,0.6744,0.3519,0.035,0.4144,1.9706,-0.138,cascade
base,collapsed_q2_edge,tri_structural_heavy_65,extreme,1600,0.0556,0.0225,0.2436,0.5644,0.5769,0.0762,0.8681,2.97,-0.3838,cascade
base,collapsed_q2_edge,tri_structural_heavy_65,high,1600,0.0981,0.0625,0.3171,0.6331,0.485,0.0494,0.5819,2.3687,-0.2579,cascade
base,collapsed_q2_edge,tri_structural_heavy_65,low,1600,0.2431,0.1869,0.5672,0.7544,0.2144,0.0231,0.3106,1.0875,0.0387,cascade
base,collapsed_q2_edge,tri_structural_heavy_65,medium,1600,0.1812,0.1344,0.4465,0.7013,0.335,0.0488,0.4462,1.7956,-0.1014,cascade
base,damaged_q2,baseline,extreme,1600,0.0,0.0,0.0033,0.18,0.9481,0.0331,1.0144,5.8613,-0.6653,cascade
base,damaged_q2,baseline,high,1600,0.0006,0.0006,0.0179,0.2394,0.775,0.0106,0.6744,4.8613,-0.531,cascade
base,damaged_q2,baseline,low,1600,0.0119,0.0088,0.134,0.38,0.3444,0.0,0.2812,2.69,-0.2516,classification_miss
base,damaged_q2,baseline,medium,1600,0.0044,0.0044,0.0624,0.3244,0.5537,0.0063,0.4706,4.03,-0.4022,cascade
base,damaged_q2,cog_25_cyb_75,extreme,1600,0.0194,0.0063,0.1494,0.5844,0.635,0.1381,0.8363,3.8462,-0.4711,cascade
base,damaged_q2,cog_25_cyb_75,high,1600,0.035,0.0238,0.216,0.6512,0.4969,0.0881,0.5262,3.1525,-0.3427,cascade
base,damaged_q2,cog_25_cyb_75,low,1600,0.1062,0.0694,0.4152,0.7575,0.2506,0.0537,0.2881,1.6706,-0.1231,primitive_gap
base,damaged_q2,cog_25_cyb_75,medium,1600,0.0938,0.0731,0.3272,0.7125,0.3575,0.0719,0.4075,2.5269,-0.2074,cascade
base,damaged_q2,cog_25_str_75,extreme,1600,0.1225,0.0525,0.3572,0.6356,0.4231,0.0394,0.7631,2.5044,-0.2686,cascade
base,damaged_q2,cog_25_str_75,high,1600,0.1812,0.13,0.4341,0.6937,0.345,0.0225,0.5038,1.9512,-0.1159,cascade
base,damaged_q2,cog_25_str_75,low,1600,0.3488,0.2606,0.6632,0.8075,0.1544,0.0037,0.2812,0.8387,0.1491,none
base,damaged_q2,cog_25_str_75,medium,1600,0.2719,0.2188,0.5418,0.7488,0.2487,0.0206,0.3694,1.4869,0.0361,cascade
base,damaged_q2,cog_40_cyb_60,extreme,1600,0.0163,0.0094,0.1343,0.5731,0.6606,0.1056,0.8394,3.9381,-0.474,cascade
base,damaged_q2,cog_40_cyb_60,high,1600,0.0325,0.02,0.2117,0.6562,0.5081,0.0862,0.5663,3.1606,-0.353,cascade
base,damaged_q2,cog_40_cyb_60,low,1600,0.0963,0.0694,0.4129,0.7806,0.2375,0.0444,0.2575,1.7175,-0.1172,primitive_gap
base,damaged_q2,cog_40_cyb_60,medium,1600,0.0781,0.0638,0.3176,0.7119,0.355,0.0706,0.4175,2.5369,-0.2171,cascade
base,damaged_q2,cog_40_str_60,extreme,1600,0.0688,0.0369,0.2843,0.6375,0.4825,0.0544,0.7981,2.8819,-0.3267,cascade
base,damaged_q2,cog_40_str_60,high,1600,0.1138,0.0838,0.3786,0.6981,0.3975,0.0256,0.5531,2.2081,-0.1953,cascade
base,damaged_q2,cog_40_str_60,low,1600,0.2719,0.2112,0.5958,0.7919,0.1675,0.0106,0.2775,1.0744,0.083,none
base,damaged_q2,cog_40_str_60,medium,1600,0.2119,0.17,0.4841,0.7419,0.2675,0.0325,0.3875,1.7575,-0.0356,cascade
base,damaged_q2,cog_50_cyb_50,extreme,1600,0.0125,0.0056,0.1336,0.5856,0.6388,0.1044,0.89,3.945,-0.4753,cascade
base,damaged_q2,cog_50_cyb_50,high,1600,0.0369,0.0256,0.2018,0.6388,0.5206,0.0869,0.565,3.1869,-0.3525,cascade
base,damaged_q2,cog_50_cyb_50,low,1600,0.1037,0.0775,0.4244,0.8025,0.235,0.0456,0.3,1.6787,-0.1101,primitive_gap
base,damaged_q2,cog_50_cyb_50,medium,1600,0.0706,0.0612,0.3044,0.7063,0.3825,0.0638,0.4156,2.5638,-0.2277,cascade
base,damaged_q2,cog_50_str_50,extreme,1600,0.0469,0.0231,0.2452,0.6175,0.5356,0.0569,0.8425,3.0956,-0.3711,cascade
base,damaged_q2,cog_50_str_50,high,1600,0.1056,0.0756,0.3413,0.6819,0.4156,0.0306,0.5594,2.4194,-0.2209,cascade
base,damaged_q2,cog_50_str_50,low,1600,0.2288,0.1681,0.5698,0.815,0.19,0.0125,0.2919,1.1587,0.0273,low_score
base,damaged_q2,cog_50_str_50,medium,1600,0.1713,0.1425,0.4516,0.755,0.2981,0.0331,0.3887,1.8987,-0.0796,cascade
base,damaged_q2,cog_60_cyb_40,extreme,1600,0.0075,0.0037,0.1176,0.5869,0.6925,0.1138,0.8794,4.06,-0.5001,cascade
base,damaged_q2,cog_60_cyb_40,high,1600,0.0275,0.0194,0.1955,0.6575,0.5425,0.0663,0.5463,3.2475,-0.3627,cascade
base,damaged_q2,cog_60_cyb_40,low,1600,0.1044,0.0725,0.432,0.7987,0.2094,0.0556,0.2919,1.6663,-0.1081,primitive_gap
base,damaged_q2,cog_60_cyb_40,medium,1600,0.0581,0.0425,0.3033,0.7294,0.3762,0.0781,0.4181,2.5863,-0.2488,cascade
base,damaged_q2,cog_60_str_40,extreme,1600,0.035,0.0169,0.2155,0.6162,0.5656,0.07,0.8169,3.3319,-0.3988,cascade
base,damaged_q2,cog_60_str_40,high,1600,0.0769,0.0575,0.3025,0.6725,0.4381,0.0369,0.5675,2.5894,-0.2562,cascade
base,damaged_q2,cog_60_str_40,low,1600,0.2112,0.1456,0.5539,0.825,0.1994,0.0194,0.2956,1.2138,-0.0024,low_score
base,damaged_q2,cog_60_str_40,medium,1600,0.1406,0.1113,0.4211,0.7538,0.315,0.0312,0.4031,2.0387,-0.1237,cascade
base,damaged_q2,cog_75_cyb_25,extreme,1600,0.0088,0.0037,0.1083,0.5781,0.7025,0.0881,0.8981,4.1562,-0.5043,cascade
base,damaged_q2,cog_75_cyb_25,high,1600,0.025,0.0194,0.171,0.6381,0.5487,0.0706,0.6225,3.3537,-0.3769,cascade
base,damaged_q2,cog_75_cyb_25,low,1600,0.1131,0.0762,0.4158,0.7819,0.2437,0.0394,0.3119,1.6812,-0.1138,primitive_gap
base,damaged_q2,cog_75_cyb_25,medium,1600,0.0581,0.0431,0.2807,0.705,0.3981,0.05,0.4419,2.6875,-0.256,cascade
base,damaged_q2,cog_75_str_25,extreme,1600,0.0194,0.0138,0.1654,0.5969,0.6194,0.07,0.8556,3.7363,-0.4413,cascade
base,damaged_q2,cog_75_str_25,high,1600,0.0494,0.0362,0.2558,0.6613,0.4681,0.0469,0.6019,2.8781,-0.3056,cascade
base,damaged_q2,cog_75_str_25,low,1600,0.1688,0.1212,0.5056,0.7981,0.205,0.0225,0.2781,1.3931,-0.0367,primitive_gap
base,damaged_q2,cog_75_str_25,medium,1600,0.09,0.0719,0.3523,0.7169,0.3438,0.0362,0.4419,2.3506,-0.1914,cascade
base,damaged_q2,cognitive_only,extreme,1600,0.0019,0.0013,0.0599,0.4694,0.7688,0.0819,0.9681,4.7569,-0.561,cascade
base,damaged_q2,cognitive_only,high,1600,0.0125,0.0106,0.1175,0.5513,0.5994,0.0387,0.6144,3.775,-0.4148,cascade
base,damaged_q2,cognitive_only,low,1600,0.0587,0.0394,0.3263,0.6881,0.2981,0.035,0.3294,1.97,-0.1819,cascade
base,damaged_q2,cognitive_only,medium,1600,0.03,0.025,0.1996,0.5981,0.4375,0.0381,0.4431,3.0994,-0.3043,cascade
base,damaged_q2,cyb_25_str_75,extreme,1600,0.1406,0.0788,0.3841,0.6106,0.4244,0.0619,0.7256,2.2425,-0.2311,cascade
base,damaged_q2,cyb_25_str_75,high,1600,0.21,0.1512,0.439,0.6531,0.3438,0.0325,0.4769,1.9056,-0.0918,cascade
base,damaged_q2,cyb_25_str_75,low,1600,0.3475,0.2694,0.647,0.7775,0.1663,0.0131,0.2694,0.8631,0.1522,none
base,damaged_q2,cyb_25_str_75,medium,1600,0.3119,0.2431,0.5583,0.7219,0.2562,0.0213,0.3406,1.3956,0.065,cascade
base,damaged_q2,cyb_40_str_60,extreme,1600,0.0956,0.0519,0.3279,0.5913,0.4719,0.075,0.7612,2.565,-0.2938,cascade
base,damaged_q2,cyb_40_str_60,high,1600,0.1625,0.1106,0.3959,0.6687,0.3787,0.0425,0.505,2.1469,-0.1592,cascade
base,damaged_q2,cyb_40_str_60,low,1600,0.2894,0.2206,0.6131,0.7869,0.1906,0.0269,0.2562,0.9706,0.089,none
base,damaged_q2,cyb_40_str_60,medium,1600,0.2594,0.2056,0.5096,0.7144,0.28,0.0319,0.3331,1.5938,0.0089,cascade
base,damaged_q2,cyb_50_str_50,extreme,1600,0.0919,0.0462,0.3144,0.6256,0.4913,0.0919,0.7075,2.7006,-0.3111,cascade
base,damaged_q2,cyb_50_str_50,high,1600,0.1394,0.0912,0.377,0.6719,0.3931,0.05,0.4744,2.235,-0.1864,cascade
base,damaged_q2,cyb_50_str_50,low,1600,0.2531,0.1794,0.5716,0.7575,0.1837,0.0306,0.2856,1.1144,0.0396,cascade
base,damaged_q2,cyb_50_str_50,medium,1600,0.2294,0.18,0.4868,0.72,0.285,0.0525,0.3406,1.7256,-0.0295,cascade
base,damaged_q2,cyb_60_str_40,extreme,1600,0.0688,0.0338,0.2884,0.61,0.4938,0.1069,0.7438,2.8894,-0.3397,cascade
base,damaged_q2,cyb_60_str_40,high,1600,0.1256,0.0887,0.3457,0.675,0.4288,0.0556,0.4813,2.3731,-0.2082,cascade
base,damaged_q2,cyb_60_str_40,low,1600,0.215,0.1519,0.5422,0.7625,0.2137,0.0462,0.2669,1.2019,-0.0029,cascade
base,damaged_q2,cyb_60_str_40,medium,1600,0.1894,0.155,0.4464,0.7156,0.3094,0.0488,0.3475,1.9,-0.0704,cascade
base,damaged_q2,cyb_75_str_25,extreme,1600,0.0563,0.0281,0.2472,0.6062,0.5225,0.1187,0.7662,3.1738,-0.3724,cascade
base,damaged_q2,cyb_75_str_25,high,1600,0.1019,0.0612,0.3099,0.6575,0.435,0.0831,0.5006,2.5962,-0.2557,cascade
base,damaged_q2,cyb_75_str_25,low,1600,0.1669,0.1269,0.4962,0.7338,0.2119,0.05,0.25,1.3825,-0.0358,cascade
base,damaged_q2,cyb_75_str_25,medium,1600,0.1744,0.1406,0.4262,0.7244,0.2906,0.0619,0.345,2.0575,-0.0894,cascade
base,damaged_q2,cyber_only,extreme,1600,0.0088,0.0037,0.1056,0.4725,0.6837,0.1106,0.8137,4.2081,-0.499,cascade
base,damaged_q2,cyber_only,high,1600,0.0262,0.0138,0.16,0.5606,0.5506,0.0663,0.5563,3.4712,-0.3828,cascade
base,damaged_q2,cyber_only,low,1600,0.0756,0.0544,0.3662,0.7031,0.2712,0.0494,0.275,1.8356,-0.1507,cascade
base,damaged_q2,cyber_only,medium,1600,0.0631,0.0519,0.254,0.6225,0.3931,0.0706,0.4044,2.8425,-0.2547,cascade
base,damaged_q2,structural_only,extreme,1600,0.0737,0.0369,0.2761,0.5337,0.5,0.0369,0.7894,2.8281,-0.3251,cascade
base,damaged_q2,structural_only,high,1600,0.1163,0.0919,0.3495,0.5794,0.4044,0.0106,0.5062,2.2581,-0.185,cascade
base,damaged_q2,structural_only,low,1600,0.2781,0.2094,0.5812,0.7075,0.1819,0.0056,0.2938,1.0381,0.0783,none
base,damaged_q2,structural_only,medium,1600,0.2144,0.1825,0.4666,0.6338,0.2656,0.01,0.3756,1.7437,-0.0164,cascade
base,damaged_q2,tri_boundary_heavy,extreme,1600,0.195,0.0894,0.4356,0.705,0.4012,0.1019,0.7212,2.06,-0.2121,cascade
base,damaged_q2,tri_boundary_heavy,high,1600,0.2594,0.175,0.5055,0.7612,0.3162,0.06,0.4875,1.6612,-0.0539,cascade
base,damaged_q2,tri_boundary_heavy,low,1600,0.4088,0.2988,0.7109,0.8619,0.155,0.0419,0.2525,0.7031,0.1885,none
base,damaged_q2,tri_boundary_heavy,medium,1600,0.3575,0.2744,0.6091,0.8013,0.2225,0.0556,0.3319,1.2537,0.1073,none
base,damaged_q2,tri_cognitive_bridge,extreme,1600,0.1375,0.065,0.4022,0.7087,0.4269,0.0894,0.7706,2.2487,-0.255,cascade
base,damaged_q2,tri_cognitive_bridge,high,1600,0.2188,0.1475,0.48,0.7781,0.335,0.0544,0.51,1.7869,-0.094,cascade
base,damaged_q2,tri_cognitive_bridge,low,1600,0.3775,0.2869,0.7011,0.8819,0.1487,0.0312,0.2631,0.765,0.1767,none
base,damaged_q2,tri_cognitive_bridge,medium,1600,0.3306,0.2537,0.5948,0.83,0.2425,0.0406,0.39,1.3062,0.0764,none
base,damaged_q2,tri_cognitive_heavy,extreme,1600,0.09,0.0437,0.327,0.685,0.4594,0.0906,0.7919,2.6919,-0.3101,cascade
base,damaged_q2,tri_cognitive_heavy,high,1600,0.1462,0.0988,0.4081,0.7412,0.3781,0.0531,0.5456,2.1056,-0.1742,cascade
base,damaged_q2,tri_cognitive_heavy,low,1600,0.3106,0.2175,0.639,0.8725,0.1694,0.035,0.2881,0.9587,0.0887,none
base,damaged_q2,tri_cognitive_heavy,medium,1600,0.2487,0.1888,0.5306,0.8206,0.2569,0.0512,0.3894,1.6062,-0.01,primitive_gap
base,damaged_q2,tri_cyber_heavy,extreme,1600,0.1544,0.0737,0.3934,0.685,0.4294,0.1212,0.7275,2.2988,-0.2525,cascade
base,damaged_q2,tri_cyber_heavy,high,1600,0.2013,0.1263,0.4454,0.7312,0.35,0.0862,0.4906,1.9306,-0.1318,cascade
base,damaged_q2,tri_cyber_heavy,low,1600,0.345,0.26,0.6492,0.8169,0.1569,0.0587,0.2487,0.8919,0.1367,none
base,damaged_q2,tri_cyber_heavy,medium,1600,0.3063,0.2281,0.5571,0.7638,0.2512,0.0769,0.3463,1.4419,0.0376,cascade
base,damaged_q2,tri_equal_routed,extreme,1600,0.115,0.0506,0.3543,0.6994,0.4594,0.1037,0.7775,2.4881,-0.2945,cascade
base,damaged_q2,tri_equal_routed,high,1600,0.1906,0.1244,0.4348,0.7712,0.3719,0.0712,0.5094,1.9644,-0.1404,cascade
base,damaged_q2,tri_equal_routed,low,1600,0.3031,0.2194,0.6416,0.8469,0.1531,0.05,0.2906,0.9456,0.0929,none
base,damaged_q2,tri_equal_routed,medium,1600,0.2775,0.2188,0.5412,0.8031,0.2525,0.0556,0.3619,1.5437,0.0257,cascade
base,damaged_q2,tri_naive_equal_all_fire,extreme,1600,0.19,0.0644,0.4713,0.75,0.3531,0.4056,0.8631,1.6938,-0.2764,cascade
base,damaged_q2,tri_naive_equal_all_fire,high,1600,0.2869,0.1469,0.542,0.7913,0.29,0.3444,0.5744,1.3513,-0.1225,cascade
base,damaged_q2,tri_naive_equal_all_fire,low,1600,0.4675,0.2656,0.7295,0.8725,0.1356,0.2275,0.29,0.5887,0.1268,none
base,damaged_q2,tri_naive_equal_all_fire,medium,1600,0.4019,0.2269,0.6597,0.8488,0.1981,0.2906,0.4131,0.9494,0.0288,none
base,damaged_q2,tri_naive_structural_heavy_all_fire,extreme,1600,0.5125,0.1644,0.6993,0.775,0.2306,0.375,0.7619,0.5456,-0.068,distractor_capture
base,damaged_q2,tri_naive_structural_heavy_all_fire,high,1600,0.5687,0.2806,0.7504,0.8175,0.1994,0.3019,0.4756,0.4587,0.0995,none
base,damaged_q2,tri_naive_structural_heavy_all_fire,low,1600,0.7987,0.4881,0.8817,0.8931,0.1144,0.2231,0.2625,0.085,0.3839,none
base,damaged_q2,tri_naive_structural_heavy_all_fire,medium,1600,0.66,0.3431,0.8104,0.87,0.1744,0.2662,0.38,0.2863,0.1929,none
base,damaged_q2,tri_structural_heavy_55,extreme,1600,0.1963,0.1025,0.457,0.7238,0.39,0.0756,0.7262,1.945,-0.185,cascade
base,damaged_q2,tri_structural_heavy_55,high,1600,0.2931,0.1925,0.5295,0.7762,0.3175,0.0431,0.5106,1.54,-0.0292,cascade
base,damaged_q2,tri_structural_heavy_55,low,1600,0.4644,0.3456,0.7515,0.89,0.14,0.0275,0.2712,0.5819,0.2473,none
base,damaged_q2,tri_structural_heavy_55,medium,1600,0.4188,0.3212,0.6505,0.8462,0.215,0.0419,0.3663,1.0969,0.1642,none
base,damaged_q2,tri_structural_heavy_60,extreme,1600,0.2162,0.1131,0.4809,0.7206,0.3837,0.085,0.7494,1.7937,-0.1686,cascade
base,damaged_q2,tri_structural_heavy_60,high,1600,0.325,0.2106,0.5639,0.785,0.2888,0.0462,0.4856,1.4125,0.0053,cascade
base,damaged_q2,tri_structural_heavy_60,low,1600,0.5138,0.3975,0.7712,0.8669,0.1344,0.0194,0.2506,0.5069,0.3079,none
base,damaged_q2,tri_structural_heavy_60,medium,1600,0.4244,0.3256,0.6645,0.8337,0.2175,0.0325,0.3738,1.0019,0.1739,none
base,damaged_q2,tri_structural_heavy_65,extreme,1600,0.2756,0.1275,0.5289,0.7481,0.3538,0.0706,0.725,1.5856,-0.13,cascade
base,damaged_q2,tri_structural_heavy_65,high,1600,0.3775,0.2612,0.5966,0.7931,0.2731,0.0394,0.4462,1.2763,0.0719,cascade
base,damaged_q2,tri_structural_heavy_65,low,1600,0.535,0.4037,0.7802,0.8788,0.1244,0.0213,0.2737,0.4863,0.316,none
base,damaged_q2,tri_structural_heavy_65,medium,1600,0.4675,0.3475,0.6835,0.8281,0.2019,0.0444,0.3569,0.9275,0.2031,none
base,damaged_q3,baseline,extreme,1600,0.0169,0.0112,0.1546,0.435,0.4619,0.0394,0.6344,3.9512,-0.3835,cascade
base,damaged_q3,baseline,high,1600,0.0431,0.0369,0.2266,0.5106,0.3744,0.0037,0.4025,3.1144,-0.2641,cascade
base,damaged_q3,baseline,low,1600,0.0919,0.0744,0.3935,0.6025,0.1619,0.0,0.1806,1.7556,-0.0764,classification_miss
base,damaged_q3,baseline,medium,1600,0.0631,0.0556,0.2978,0.5444,0.2519,0.0025,0.2906,2.6494,-0.1762,classification_miss
base,damaged_q3,cog_25_cyb_75,extreme,1600,0.2756,0.1519,0.5369,0.8069,0.2825,0.1131,0.5194,1.8262,-0.0884,cascade
base,damaged_q3,cog_25_cyb_75,high,1600,0.33,0.2256,0.5645,0.8356,0.2375,0.0963,0.3606,1.5775,0.0274,primitive_gap
base,damaged_q3,cog_25_cyb_75,low,1600,0.4075,0.3237,0.713,0.8975,0.1181,0.0506,0.1812,0.7788,0.2247,none
base,damaged_q3,cog_25_cyb_75,medium,1600,0.385,0.3081,0.6489,0.8812,0.1694,0.0725,0.2375,1.2519,0.1612,none
base,damaged_q3,cog_25_str_75,extreme,1600,0.63,0.3725,0.7757,0.8944,0.1906,0.0525,0.5162,0.6294,0.232,none
base,damaged_q3,cog_25_str_75,high,1600,0.6837,0.4963,0.8125,0.9106,0.1575,0.0131,0.3681,0.4756,0.3931,none
base,damaged_q3,cog_25_str_75,low,1600,0.855,0.6763,0.9306,0.9681,0.0744,0.0088,0.2013,0.0894,0.6316,none
base,damaged_q3,cog_25_str_75,medium,1600,0.7994,0.625,0.8843,0.9394,0.1106,0.02,0.2431,0.2431,0.5562,none
base,damaged_q3,cog_40_cyb_60,extreme,1600,0.2794,0.1694,0.5313,0.8294,0.2869,0.1281,0.5425,1.8856,-0.08,cascade
base,damaged_q3,cog_40_cyb_60,high,1600,0.3137,0.2213,0.5593,0.8569,0.2406,0.0862,0.3719,1.6156,0.0213,primitive_gap
base,damaged_q3,cog_40_cyb_60,low,1600,0.4106,0.3231,0.7249,0.9194,0.1138,0.0544,0.1731,0.7588,0.2263,none
base,damaged_q3,cog_40_cyb_60,medium,1600,0.4012,0.3256,0.644,0.8869,0.1844,0.06,0.2725,1.2431,0.1744,none
base,damaged_q3,cog_40_str_60,extreme,1600,0.5419,0.3237,0.7146,0.8812,0.2206,0.0475,0.5088,0.9431,0.1602,none
base,damaged_q3,cog_40_str_60,high,1600,0.5962,0.445,0.7635,0.9094,0.165,0.0288,0.3688,0.7212,0.3242,none
base,damaged_q3,cog_40_str_60,low,1600,0.7825,0.6238,0.9108,0.9844,0.0762,0.0169,0.1988,0.1737,0.5729,none
base,damaged_q3,cog_40_str_60,medium,1600,0.72,0.5756,0.8412,0.95,0.1256,0.0194,0.2644,0.4369,0.4911,none
base,damaged_q3,cog_50_cyb_50,extreme,1600,0.2306,0.1363,0.5166,0.8369,0.3081,0.115,0.5375,1.9387,-0.1191,primitive_gap
base,damaged_q3,cog_50_cyb_50,high,1600,0.3194,0.2394,0.5743,0.8844,0.2356,0.0625,0.3725,1.5769,0.0475,primitive_gap
base,damaged_q3,cog_50_cyb_50,low,1600,0.3762,0.2906,0.7258,0.9494,0.1087,0.0494,0.2081,0.7769,0.1926,none
base,damaged_q3,cog_50_cyb_50,medium,1600,0.3981,0.3069,0.6475,0.9,0.1862,0.0794,0.2594,1.2425,0.1522,none
base,damaged_q3,cog_50_str_50,extreme,1600,0.4512,0.2544,0.6746,0.8969,0.2319,0.0525,0.5469,1.1675,0.0722,none
base,damaged_q3,cog_50_str_50,high,1600,0.5525,0.4406,0.7338,0.9175,0.1812,0.0238,0.3387,0.8738,0.3107,none
base,damaged_q3,cog_50_str_50,low,1600,0.6944,0.5575,0.8812,0.9894,0.085,0.0187,0.1762,0.2831,0.5,none
base,damaged_q3,cog_50_str_50,medium,1600,0.6819,0.5475,0.8194,0.9519,0.1306,0.0319,0.2487,0.5481,0.4546,none
base,damaged_q3,cog_60_cyb_40,extreme,1600,0.2469,0.1475,0.5181,0.8525,0.2769,0.0956,0.5456,2.0125,-0.099,primitive_gap
base,damaged_q3,cog_60_cyb_40,high,1600,0.3187,0.2419,0.569,0.8856,0.2394,0.0725,0.3656,1.6106,0.0458,primitive_gap
base,damaged_q3,cog_60_cyb_40,low,1600,0.3675,0.2756,0.718,0.955,0.1237,0.0519,0.2,0.785,0.1729,none
base,damaged_q3,cog_60_cyb_40,medium,1600,0.3769,0.3044,0.6496,0.9156,0.1762,0.0619,0.2762,1.2519,0.1544,none
base,damaged_q3,cog_60_str_40,extreme,1600,0.4131,0.235,0.6391,0.8944,0.2456,0.0631,0.5513,1.345,0.0373,cascade
base,damaged_q3,cog_60_str_40,high,1600,0.5131,0.38,0.7086,0.9156,0.1719,0.0338,0.3787,1.0094,0.2409,none
base,damaged_q3,cog_60_str_40,low,1600,0.6262,0.5131,0.8486,0.9862,0.0963,0.0206,0.1737,0.3869,0.4469,none
base,damaged_q3,cog_60_str_40,medium,1600,0.6094,0.4913,0.7783,0.9513,0.1356,0.0231,0.2712,0.7262,0.3879,none
base,damaged_q3,cog_75_cyb_25,extreme,1600,0.2031,0.1119,0.482,0.8538,0.3287,0.1081,0.5906,2.1106,-0.1612,primitive_gap
base,damaged_q3,cog_75_cyb_25,high,1600,0.2744,0.2094,0.5521,0.8938,0.2506,0.065,0.3869,1.6806,0.0062,primitive_gap
base,damaged_q3,cog_75_cyb_25,low,1600,0.3588,0.2731,0.7118,0.9706,0.1244,0.0437,0.2081,0.8306,0.1689,none
base,damaged_q3,cog_75_cyb_25,medium,1600,0.395,0.3306,0.6571,0.9531,0.1694,0.0519,0.2925,1.2569,0.1832,none
base,damaged_q3,cog_75_str_25,extreme,1600,0.3063,0.1812,0.5651,0.8681,0.2737,0.0619,0.565,1.7244,-0.0447,primitive_gap
base,damaged_q3,cog_75_str_25,high,1600,0.3894,0.3131,0.6371,0.9175,0.2125,0.0387,0.3663,1.3337,0.1456,none
base,damaged_q3,cog_75_str_25,low,1600,0.5144,0.4069,0.7988,0.98,0.105,0.0213,0.1988,0.5425,0.3281,none
base,damaged_q3,cog_75_str_25,medium,1600,0.5075,0.4056,0.7241,0.9494,0.1644,0.0369,0.2812,0.9406,0.2794,none
base,damaged_q3,cognitive_only,extreme,1600,0.1037,0.0544,0.3712,0.7588,0.3531,0.0694,0.6069,2.7237,-0.2502,primitive_gap
base,damaged_q3,cognitive_only,high,1600,0.1988,0.1531,0.4569,0.805,0.2975,0.0494,0.4075,2.0888,-0.083,primitive_gap
base,damaged_q3,cognitive_only,low,1600,0.2612,0.2094,0.6294,0.89,0.1437,0.0256,0.2094,1.0569,0.0915,low_score
base,damaged_q3,cognitive_only,medium,1600,0.2581,0.2131,0.5434,0.8531,0.2175,0.0462,0.2838,1.67,0.0324,primitive_gap
base,damaged_q3,cyb_25_str_75,extreme,1600,0.64,0.39,0.7787,0.8375,0.1862,0.0681,0.4694,0.5594,0.255,none
base,damaged_q3,cyb_25_str_75,high,1600,0.6613,0.4919,0.7997,0.8413,0.165,0.0288,0.3031,0.4706,0.3888,none
base,damaged_q3,cyb_25_str_75,low,1600,0.82,0.6744,0.9163,0.9281,0.0825,0.0138,0.1769,0.1081,0.6273,none
base,damaged_q3,cyb_25_str_75,medium,1600,0.7419,0.5869,0.8581,0.8862,0.1225,0.0238,0.2344,0.2988,0.5117,none
base,damaged_q3,cyb_40_str_60,extreme,1600,0.5869,0.3663,0.7468,0.8313,0.2025,0.0569,0.4475,0.7281,0.2219,none
base,damaged_q3,cyb_40_str_60,high,1600,0.6131,0.4612,0.7602,0.8656,0.1706,0.0413,0.3181,0.6906,0.3418,none
base,damaged_q3,cyb_40_str_60,low,1600,0.7562,0.6244,0.8919,0.9175,0.07,0.0288,0.1544,0.2056,0.575,none
base,damaged_q3,cyb_40_str_60,medium,1600,0.6675,0.5431,0.8125,0.8631,0.1269,0.0406,0.2206,0.4944,0.4546,none
base,damaged_q3,cyb_50_str_50,extreme,1600,0.5506,0.3231,0.7247,0.8256,0.2081,0.0925,0.4731,0.8313,0.1628,none
base,damaged_q3,cyb_50_str_50,high,1600,0.5631,0.4175,0.736,0.8488,0.1812,0.0475,0.3306,0.7719,0.2886,none
base,damaged_q3,cyb_50_str_50,low,1600,0.6975,0.5706,0.8589,0.8944,0.0856,0.0344,0.1644,0.2938,0.5102,none
base,damaged_q3,cyb_50_str_50,medium,1600,0.6312,0.4963,0.8005,0.8731,0.1281,0.0531,0.225,0.5575,0.4013,none
base,damaged_q3,cyb_60_str_40,extreme,1600,0.5081,0.2963,0.6889,0.8131,0.2294,0.0875,0.4844,0.9956,0.1214,none
base,damaged_q3,cyb_60_str_40,high,1600,0.515,0.3856,0.6919,0.8231,0.1819,0.0594,0.3162,0.9844,0.2447,none
base,damaged_q3,cyb_60_str_40,low,1600,0.5837,0.4819,0.8153,0.8994,0.1031,0.0444,0.1625,0.4263,0.4077,none
base,damaged_q3,cyb_60_str_40,medium,1600,0.6112,0.495,0.7726,0.8656,0.1344,0.0506,0.225,0.6787,0.3926,none
base,damaged_q3,cyb_75_str_25,extreme,1600,0.455,0.2519,0.65,0.8069,0.2331,0.0994,0.4788,1.215,0.063,none
base,damaged_q3,cyb_75_str_25,high,1600,0.4225,0.3013,0.6416,0.8206,0.2112,0.0756,0.3606,1.18,0.1349,none
base,damaged_q3,cyb_75_str_25,low,1600,0.5088,0.4019,0.7708,0.88,0.0925,0.0469,0.18,0.5837,0.3212,none
base,damaged_q3,cyb_75_str_25,medium,1600,0.5269,0.4194,0.7351,0.8725,0.1456,0.0725,0.2313,0.8475,0.3003,none
base,damaged_q3,cyber_only,extreme,1600,0.2025,0.1144,0.4563,0.7606,0.3119,0.1119,0.5587,2.2275,-0.1576,cascade
base,damaged_q3,cyber_only,high,1600,0.2494,0.1831,0.4832,0.7662,0.2687,0.0719,0.3556,1.9163,-0.0361,primitive_gap
base,damaged_q3,cyber_only,low,1600,0.2956,0.2263,0.6449,0.8294,0.1131,0.0537,0.2094,0.9663,0.1165,low_score
base,damaged_q3,cyber_only,medium,1600,0.335,0.2656,0.5763,0.7956,0.1794,0.0825,0.2656,1.515,0.0983,none
base,damaged_q3,structural_only,extreme,1600,0.5112,0.3106,0.6936,0.78,0.2238,0.0375,0.5206,0.9131,0.1487,none
base,damaged_q3,structural_only,high,1600,0.5881,0.4387,0.74,0.8037,0.1744,0.0138,0.3419,0.7206,0.3203,none
base,damaged_q3,structural_only,low,1600,0.7525,0.6244,0.881,0.8881,0.0844,0.0031,0.1881,0.1994,0.5734,none
base,damaged_q3,structural_only,medium,1600,0.6894,0.5644,0.824,0.8538,0.1194,0.0106,0.2481,0.4288,0.4851,none
base,damaged_q3,tri_boundary_heavy,extreme,1600,0.6937,0.4012,0.8158,0.8969,0.1831,0.0838,0.4819,0.4163,0.2702,none
base,damaged_q3,tri_boundary_heavy,high,1600,0.7444,0.5387,0.8473,0.935,0.1369,0.0575,0.3187,0.3725,0.4421,none
base,damaged_q3,tri_boundary_heavy,low,1600,0.8788,0.705,0.9442,0.9738,0.07,0.0419,0.1706,0.0619,0.6589,none
base,damaged_q3,tri_boundary_heavy,medium,1600,0.795,0.5925,0.889,0.9494,0.12,0.0475,0.2562,0.2156,0.5157,none
base,damaged_q3,tri_cognitive_bridge,extreme,1600,0.7188,0.3987,0.8274,0.9413,0.1794,0.0875,0.5075,0.3994,0.2669,none
base,damaged_q3,tri_cognitive_bridge,high,1600,0.7638,0.5344,0.8677,0.97,0.1456,0.0512,0.3406,0.2863,0.4389,none
base,damaged_q3,tri_cognitive_bridge,low,1600,0.8681,0.6925,0.9434,0.9906,0.08,0.03,0.1844,0.0625,0.6446,none
base,damaged_q3,tri_cognitive_bridge,medium,1600,0.8294,0.6238,0.9096,0.9869,0.1087,0.0431,0.2512,0.1744,0.5537,none
base,damaged_q3,tri_cognitive_heavy,extreme,1600,0.5981,0.3256,0.7598,0.9413,0.1925,0.08,0.5494,0.7788,0.169,none
base,damaged_q3,tri_cognitive_heavy,high,1600,0.6669,0.4869,0.8038,0.9694,0.1688,0.055,0.3275,0.5863,0.3697,none
base,damaged_q3,tri_cognitive_heavy,low,1600,0.8006,0.6438,0.92,0.9862,0.08,0.0331,0.1862,0.1394,0.5913,none
base,damaged_q3,tri_cognitive_heavy,medium,1600,0.7812,0.5869,0.8777,0.9819,0.0988,0.0612,0.2569,0.3375,0.5076,none
base,damaged_q3,tri_cyber_heavy,extreme,1600,0.6525,0.3688,0.7837,0.855,0.1769,0.1194,0.475,0.5706,0.2253,none
base,damaged_q3,tri_cyber_heavy,high,1600,0.6188,0.4238,0.7806,0.8844,0.1781,0.0762,0.3331,0.5837,0.2992,none
base,damaged_q3,tri_cyber_heavy,low,1600,0.7625,0.6044,0.9006,0.9475,0.0981,0.0531,0.1669,0.1663,0.5427,none
base,damaged_q3,tri_cyber_heavy,medium,1600,0.7206,0.5437,0.8422,0.9106,0.1175,0.0781,0.2444,0.4094,0.4529,none
base,damaged_q3,tri_equal_routed,extreme,1600,0.6681,0.3812,0.7854,0.9125,0.1869,0.09,0.5094,0.6106,0.2359,none
base,damaged_q3,tri_equal_routed,high,1600,0.6813,0.4819,0.8087,0.9363,0.1363,0.0669,0.3519,0.56,0.3715,none
base,damaged_q3,tri_equal_routed,low,1600,0.8025,0.6512,0.92,0.9825,0.0819,0.0381,0.17,0.1412,0.5984,none
base,damaged_q3,tri_equal_routed,medium,1600,0.7588,0.5763,0.8678,0.9563,0.1163,0.0563,0.2481,0.335,0.4935,none
base,damaged_q3,tri_naive_equal_all_fire,extreme,1600,0.6544,0.2225,0.7883,0.9144,0.1856,0.4163,0.6019,0.3113,0.0198,distractor_capture
base,damaged_q3,tri_naive_equal_all_fire,high,1600,0.7588,0.35,0.8514,0.96,0.1344,0.3456,0.3975,0.2162,0.198,none
base,damaged_q3,tri_naive_equal_all_fire,low,1600,0.8731,0.5231,0.9221,0.99,0.0925,0.25,0.2288,0.0387,0.4251,none
base,damaged_q3,tri_naive_equal_all_fire,medium,1600,0.8106,0.4437,0.8873,0.9694,0.1187,0.2656,0.3019,0.13,0.3243,none
base,damaged_q3,tri_naive_structural_heavy_all_fire,extreme,1600,0.7756,0.3013,0.853,0.9331,0.1569,0.3831,0.4894,0.0656,0.1351,distractor_capture
base,damaged_q3,tri_naive_structural_heavy_all_fire,high,1600,0.8481,0.4219,0.8985,0.9738,0.12,0.3125,0.3337,0.0531,0.294,none
base,damaged_q3,tri_naive_structural_heavy_all_fire,low,1600,0.8738,0.5487,0.9278,0.9919,0.0912,0.2225,0.2075,0.035,0.4585,none
base,damaged_q3,tri_naive_structural_heavy_all_fire,medium,1600,0.8681,0.4719,0.9116,0.985,0.1019,0.2794,0.285,0.0531,0.36,none
base,damaged_q3,tri_structural_heavy_55,extreme,1600,0.7662,0.43,0.8601,0.9419,0.1713,0.0856,0.5056,0.2213,0.31,none
base,damaged_q3,tri_structural_heavy_55,high,1600,0.7994,0.5494,0.885,0.9587,0.1363,0.0512,0.3337,0.2044,0.4613,none
base,damaged_q3,tri_structural_heavy_55,low,1600,0.9006,0.7225,0.9546,0.9912,0.0694,0.0294,0.1875,0.0312,0.6793,none
base,damaged_q3,tri_structural_heavy_55,medium,1600,0.8619,0.645,0.9282,0.9875,0.1075,0.0369,0.2494,0.0894,0.581,none
base,damaged_q3,tri_structural_heavy_60,extreme,1600,0.7675,0.4288,0.8589,0.9144,0.1606,0.0694,0.4844,0.22,0.3169,none
base,damaged_q3,tri_structural_heavy_60,high,1600,0.8156,0.5694,0.8972,0.9631,0.1388,0.0375,0.3231,0.1475,0.487,none
base,damaged_q3,tri_structural_heavy_60,low,1600,0.8919,0.7188,0.9513,0.9888,0.0744,0.0238,0.1794,0.0381,0.6754,none
base,damaged_q3,tri_structural_heavy_60,medium,1600,0.8531,0.6469,0.93,0.9769,0.1138,0.0381,0.2294,0.0656,0.5835,none
base,damaged_q3,tri_structural_heavy_65,extreme,1600,0.8075,0.445,0.879,0.9363,0.1381,0.0744,0.5131,0.1606,0.3396,none
base,damaged_q3,tri_structural_heavy_65,high,1600,0.8231,0.5744,0.9038,0.9537,0.1319,0.0469,0.3162,0.1187,0.4942,none
base,damaged_q3,tri_structural_heavy_65,low,1600,0.9094,0.7406,0.9574,0.9862,0.0569,0.0262,0.1725,0.0356,0.7027,none
base,damaged_q3,tri_structural_heavy_65,medium,1600,0.8831,0.6606,0.9376,0.9712,0.0938,0.0456,0.2356,0.0512,0.602,none
base,damaged_q4,baseline,extreme,1600,0.0862,0.0544,0.3509,0.6019,0.2806,0.0281,0.4869,2.8394,-0.2164,primitive_gap
base,damaged_q4,baseline,high,1600,0.1562,0.135,0.4085,0.62,0.2175,0.0069,0.3319,2.3069,-0.0735,primitive_gap
base,damaged_q4,baseline,low,1600,0.2056,0.17,0.5496,0.7181,0.1,0.0,0.1744,1.2737,0.0624,low_score
base,damaged_q4,baseline,medium,1600,0.2075,0.1938,0.4759,0.6644,0.1625,0.0075,0.2244,1.92,0.0296,primitive_gap
base,damaged_q4,cog_25_cyb_75,extreme,1600,0.5844,0.3481,0.7465,0.8969,0.1756,0.1344,0.4437,0.8638,0.1899,none
base,damaged_q4,cog_25_cyb_75,high,1600,0.6019,0.4525,0.7501,0.9225,0.145,0.0856,0.275,0.8556,0.3271,none
base,damaged_q4,cog_25_cyb_75,low,1600,0.6181,0.5006,0.849,0.965,0.0737,0.0575,0.1512,0.3956,0.4351,none
base,damaged_q4,cog_25_cyb_75,medium,1600,0.6737,0.5275,0.8058,0.9425,0.1044,0.0844,0.21,0.6538,0.4298,none
base,damaged_q4,cog_25_str_75,extreme,1600,0.8688,0.56,0.9218,0.98,0.115,0.0375,0.3744,0.0663,0.4847,none
base,damaged_q4,cog_25_str_75,high,1600,0.8925,0.6675,0.9399,0.9931,0.095,0.015,0.2675,0.0537,0.6119,none
base,damaged_q4,cog_25_str_75,low,1600,0.9181,0.7869,0.9635,0.9906,0.0506,0.0088,0.1425,0.0325,0.7569,none
base,damaged_q4,cog_25_str_75,medium,1600,0.9075,0.7238,0.948,0.9938,0.075,0.0169,0.2062,0.0625,0.6783,none
base,damaged_q4,cog_40_cyb_60,extreme,1600,0.5869,0.3575,0.7454,0.9244,0.1781,0.1281,0.4031,0.9263,0.1999,none
base,damaged_q4,cog_40_cyb_60,high,1600,0.5956,0.4425,0.7525,0.9356,0.1319,0.08,0.31,0.8681,0.3187,none
base,damaged_q4,cog_40_cyb_60,low,1600,0.6488,0.5281,0.8626,0.9825,0.0537,0.0506,0.1494,0.3812,0.4709,none
base,damaged_q4,cog_40_cyb_60,medium,1600,0.6794,0.5413,0.8186,0.9656,0.1087,0.0569,0.2188,0.6006,0.4497,none
base,damaged_q4,cog_40_str_60,extreme,1600,0.8662,0.5394,0.9123,0.9888,0.1163,0.0575,0.4125,0.1144,0.4543,none
base,damaged_q4,cog_40_str_60,high,1600,0.8719,0.6531,0.9277,0.9931,0.1081,0.0194,0.2762,0.0912,0.5901,none
base,damaged_q4,cog_40_str_60,low,1600,0.9075,0.7681,0.9594,0.9906,0.0537,0.0106,0.1588,0.04,0.7352,none
base,damaged_q4,cog_40_str_60,medium,1600,0.8988,0.7194,0.9477,0.9919,0.0831,0.0194,0.205,0.0494,0.6717,none
base,damaged_q4,cog_50_cyb_50,extreme,1600,0.5781,0.3556,0.7425,0.9387,0.1537,0.115,0.4181,0.9981,0.2031,none
base,damaged_q4,cog_50_cyb_50,high,1600,0.5869,0.4525,0.7553,0.9587,0.15,0.0669,0.3025,0.8569,0.3271,none
base,damaged_q4,cog_50_cyb_50,low,1600,0.6556,0.5456,0.8688,0.9875,0.06,0.0425,0.1481,0.3544,0.4896,none
base,damaged_q4,cog_50_cyb_50,medium,1600,0.6763,0.5312,0.8245,0.9788,0.11,0.0688,0.2106,0.5887,0.4382,none
base,damaged_q4,cog_50_str_50,extreme,1600,0.8231,0.5106,0.8878,0.9869,0.135,0.0688,0.4025,0.2306,0.4126,none
base,damaged_q4,cog_50_str_50,high,1600,0.845,0.6206,0.911,0.9931,0.1169,0.0288,0.2994,0.1544,0.5481,none
base,damaged_q4,cog_50_str_50,low,1600,0.9012,0.7431,0.9555,0.9862,0.055,0.0169,0.1719,0.0444,0.7073,none
base,damaged_q4,cog_50_str_50,medium,1600,0.8994,0.7019,0.9412,0.9881,0.0638,0.0238,0.2281,0.0994,0.6548,none
base,damaged_q4,cog_60_cyb_40,extreme,1600,0.5444,0.3231,0.7273,0.9475,0.17,0.1037,0.4456,1.0588,0.1628,none
base,damaged_q4,cog_60_cyb_40,high,1600,0.6006,0.4575,0.7561,0.9619,0.145,0.0675,0.2869,0.875,0.3338,none
base,damaged_q4,cog_60_cyb_40,low,1600,0.635,0.5169,0.861,0.9894,0.0638,0.0444,0.1631,0.3756,0.457,none
base,damaged_q4,cog_60_cyb_40,medium,1600,0.6719,0.5394,0.8172,0.9881,0.1062,0.0644,0.2119,0.6362,0.4459,none
base,damaged_q4,cog_60_str_40,extreme,1600,0.7812,0.4831,0.8544,0.9844,0.1313,0.0638,0.4113,0.435,0.3764,none
base,damaged_q4,cog_60_str_40,high,1600,0.8187,0.5969,0.8885,0.9912,0.0956,0.04,0.3031,0.3031,0.5208,none
base,damaged_q4,cog_60_str_40,low,1600,0.8794,0.7406,0.9502,0.99,0.0594,0.0206,0.1481,0.0688,0.7034,none
base,damaged_q4,cog_60_str_40,medium,1600,0.8738,0.6963,0.9247,0.9881,0.0794,0.0294,0.2112,0.1606,0.6416,none
base,damaged_q4,cog_75_cyb_25,extreme,1600,0.5275,0.3187,0.7223,0.97,0.1856,0.1019,0.4562,1.0931,0.1515,none
base,damaged_q4,cog_75_cyb_25,high,1600,0.5794,0.4394,0.7492,0.98,0.1487,0.0656,0.3025,0.9269,0.3111,none
base,damaged_q4,cog_75_cyb_25,low,1600,0.6144,0.5056,0.8542,0.9912,0.075,0.0394,0.1562,0.3975,0.4429,none
base,damaged_q4,cog_75_cyb_25,medium,1600,0.6675,0.5513,0.8167,0.9906,0.1031,0.0575,0.2081,0.6525,0.4595,none
base,damaged_q4,cog_75_str_25,extreme,1600,0.67,0.4025,0.7982,0.985,0.1494,0.075,0.4669,0.715,0.2696,none
base,damaged_q4,cog_75_str_25,high,1600,0.74,0.5456,0.8343,0.9894,0.1194,0.0512,0.3281,0.54,0.4463,none
base,damaged_q4,cog_75_str_25,low,1600,0.7837,0.6362,0.9167,0.9906,0.0587,0.0256,0.1606,0.1906,0.5911,none
base,damaged_q4,cog_75_str_25,medium,1600,0.7919,0.6438,0.8796,0.9894,0.0975,0.0325,0.2069,0.3594,0.5735,none
base,damaged_q4,cognitive_only,extreme,1600,0.3544,0.2188,0.6206,0.8988,0.1994,0.0769,0.4562,1.6069,0.0267,primitive_gap
base,damaged_q4,cognitive_only,high,1600,0.4444,0.3581,0.6667,0.92,0.1663,0.0375,0.3294,1.2744,0.2107,none
base,damaged_q4,cognitive_only,low,1600,0.4856,0.4044,0.7882,0.9706,0.0806,0.0206,0.1669,0.6138,0.332,none
base,damaged_q4,cognitive_only,medium,1600,0.5188,0.445,0.7244,0.9419,0.1244,0.0431,0.2256,1.0131,0.3304,none
base,damaged_q4,cyb_25_str_75,extreme,1600,0.8425,0.5613,0.9078,0.9313,0.1106,0.0544,0.3606,0.1,0.4833,none
base,damaged_q4,cyb_25_str_75,high,1600,0.8731,0.6569,0.9267,0.9463,0.0838,0.0294,0.2537,0.0912,0.601,none
base,damaged_q4,cyb_25_str_75,low,1600,0.9175,0.7694,0.9621,0.9881,0.0462,0.0169,0.1487,0.0381,0.7383,none
base,damaged_q4,cyb_25_str_75,medium,1600,0.8944,0.7262,0.943,0.9619,0.0725,0.0262,0.1875,0.0619,0.6812,none
base,damaged_q4,cyb_40_str_60,extreme,1600,0.8094,0.5181,0.8864,0.925,0.1294,0.0731,0.3713,0.1794,0.426,none
base,damaged_q4,cyb_40_str_60,high,1600,0.845,0.6275,0.9089,0.9413,0.0994,0.0275,0.2725,0.1431,0.5632,none
base,damaged_q4,cyb_40_str_60,low,1600,0.9125,0.77,0.9583,0.9788,0.0569,0.0256,0.1394,0.0338,0.735,none
base,damaged_q4,cyb_40_str_60,medium,1600,0.8988,0.7275,0.9411,0.9575,0.0694,0.0375,0.1781,0.075,0.6812,none
base,damaged_q4,cyb_50_str_50,extreme,1600,0.755,0.4881,0.8574,0.895,0.145,0.0656,0.3812,0.28,0.387,none
base,damaged_q4,cyb_50_str_50,high,1600,0.7975,0.5863,0.88,0.9263,0.1069,0.0531,0.2856,0.2569,0.5079,none
base,damaged_q4,cyb_50_str_50,low,1600,0.9019,0.7481,0.9532,0.9762,0.0563,0.0381,0.145,0.0488,0.7096,none
base,damaged_q4,cyb_50_str_50,medium,1600,0.8531,0.6894,0.9182,0.935,0.0844,0.0475,0.1781,0.1375,0.6334,none
base,damaged_q4,cyb_60_str_40,extreme,1600,0.74,0.465,0.8392,0.89,0.14,0.0931,0.3837,0.3887,0.3542,none
base,damaged_q4,cyb_60_str_40,high,1600,0.7775,0.5944,0.8604,0.925,0.1075,0.0563,0.2512,0.3656,0.5125,none
base,damaged_q4,cyb_60_str_40,low,1600,0.8644,0.7362,0.9399,0.9587,0.05,0.0375,0.1256,0.0975,0.6988,none
base,damaged_q4,cyb_60_str_40,medium,1600,0.8306,0.6806,0.9083,0.9425,0.0813,0.0444,0.1762,0.1988,0.6233,none
base,damaged_q4,cyb_75_str_25,extreme,1600,0.715,0.4356,0.8171,0.8819,0.1325,0.1156,0.395,0.5188,0.3152,none
base,damaged_q4,cyb_75_str_25,high,1600,0.7113,0.5319,0.8215,0.9056,0.1144,0.0781,0.2644,0.5219,0.4347,none
base,damaged_q4,cyb_75_str_25,low,1600,0.7975,0.655,0.9153,0.9619,0.0638,0.0563,0.145,0.1675,0.6047,none
base,damaged_q4,cyb_75_str_25,medium,1600,0.7625,0.6112,0.8658,0.9244,0.0813,0.06,0.1881,0.3787,0.5409,none
base,damaged_q4,cyber_only,extreme,1600,0.4869,0.2888,0.6767,0.8194,0.1706,0.1138,0.4106,1.2156,0.1212,none
base,damaged_q4,cyber_only,high,1600,0.4994,0.3881,0.6837,0.8444,0.1537,0.0844,0.2881,1.0975,0.2472,none
base,damaged_q4,cyber_only,low,1600,0.53,0.4319,0.7926,0.9113,0.0737,0.0488,0.1394,0.555,0.3611,none
base,damaged_q4,cyber_only,medium,1600,0.5606,0.4562,0.7449,0.8744,0.1225,0.07,0.195,0.8506,0.3474,none
base,damaged_q4,structural_only,extreme,1600,0.7869,0.4969,0.8701,0.8862,0.13,0.0406,0.4306,0.1975,0.4054,none
base,damaged_q4,structural_only,high,1600,0.8287,0.6406,0.907,0.9206,0.1025,0.0088,0.2662,0.1275,0.5805,none
base,damaged_q4,structural_only,low,1600,0.9031,0.7781,0.9523,0.9575,0.0531,0.0025,0.1425,0.0425,0.7482,none
base,damaged_q4,structural_only,medium,1600,0.8744,0.7069,0.93,0.9413,0.0856,0.0156,0.2013,0.0794,0.658,none
base,damaged_q4,tri_boundary_heavy,extreme,1600,0.8712,0.5456,0.9203,0.9825,0.1175,0.085,0.3769,0.0669,0.4599,none
base,damaged_q4,tri_boundary_heavy,high,1600,0.8956,0.65,0.941,0.9938,0.0906,0.0669,0.2544,0.06,0.5861,none
base,damaged_q4,tri_boundary_heavy,low,1600,0.9163,0.7675,0.9638,0.9938,0.0519,0.0394,0.1331,0.0338,0.7317,none
base,damaged_q4,tri_boundary_heavy,medium,1600,0.9113,0.6994,0.9518,0.9906,0.0731,0.0625,0.1856,0.05,0.6476,none
base,damaged_q4,tri_cognitive_bridge,extreme,1600,0.8681,0.5325,0.9194,0.9881,0.1163,0.0756,0.3925,0.0775,0.4472,none
base,damaged_q4,tri_cognitive_bridge,high,1600,0.8869,0.6206,0.9352,0.9912,0.0994,0.0519,0.2812,0.0644,0.5547,none
base,damaged_q4,tri_cognitive_bridge,low,1600,0.9094,0.7375,0.9603,0.9925,0.0506,0.0375,0.1581,0.0406,0.7001,none
base,damaged_q4,tri_cognitive_bridge,medium,1600,0.9137,0.7081,0.9516,0.9894,0.07,0.0462,0.1963,0.0506,0.6596,none
base,damaged_q4,tri_cognitive_heavy,extreme,1600,0.8594,0.5069,0.911,0.9925,0.1219,0.0869,0.3975,0.12,0.4151,none
base,damaged_q4,tri_cognitive_heavy,high,1600,0.8944,0.6175,0.9367,0.9944,0.0881,0.0594,0.3013,0.0706,0.5516,none
base,damaged_q4,tri_cognitive_heavy,low,1600,0.8938,0.73,0.9556,0.9925,0.0612,0.0425,0.1444,0.0488,0.6891,none
base,damaged_q4,tri_cognitive_heavy,medium,1600,0.9169,0.6919,0.9534,0.9962,0.065,0.0587,0.2112,0.0512,0.6412,none
base,damaged_q4,tri_cyber_heavy,extreme,1600,0.8456,0.5012,0.9019,0.9556,0.1125,0.1106,0.3912,0.1425,0.4069,none
base,damaged_q4,tri_cyber_heavy,high,1600,0.8531,0.6012,0.921,0.9738,0.1094,0.0806,0.265,0.1056,0.5258,none
base,damaged_q4,tri_cyber_heavy,low,1600,0.9038,0.7419,0.9597,0.9919,0.0587,0.055,0.1344,0.0394,0.7005,none
base,damaged_q4,tri_cyber_heavy,medium,1600,0.9069,0.7075,0.9492,0.9838,0.0681,0.0669,0.1806,0.065,0.656,none
base,damaged_q4,tri_equal_routed,extreme,1600,0.8438,0.5,0.9036,0.9819,0.1281,0.09,0.4169,0.1313,0.4036,none
base,damaged_q4,tri_equal_routed,high,1600,0.8688,0.6219,0.9306,0.9888,0.1019,0.06,0.2662,0.085,0.5538,none
base,damaged_q4,tri_equal_routed,low,1600,0.9062,0.7444,0.9574,0.9856,0.0644,0.0444,0.1469,0.0338,0.7028,none
base,damaged_q4,tri_equal_routed,medium,1600,0.8988,0.6881,0.9474,0.9894,0.0781,0.0663,0.2006,0.0581,0.6325,none
base,damaged_q4,tri_naive_equal_all_fire,extreme,1600,0.8275,0.3,0.8719,0.98,0.1256,0.395,0.505,0.0606,0.1399,distractor_capture
base,damaged_q4,tri_naive_equal_all_fire,high,1600,0.8562,0.4025,0.8998,0.9919,0.1163,0.3538,0.3294,0.0575,0.2676,none
base,damaged_q4,tri_naive_equal_all_fire,low,1600,0.89,0.5775,0.9347,0.99,0.0737,0.235,0.1606,0.0369,0.4937,none
base,damaged_q4,tri_naive_equal_all_fire,medium,1600,0.87,0.4769,0.9159,0.99,0.1019,0.3106,0.2288,0.045,0.3636,none
base,damaged_q4,tri_naive_structural_heavy_all_fire,extreme,1600,0.8494,0.34,0.8825,0.9931,0.115,0.3906,0.4525,0.0563,0.1884,none
base,damaged_q4,tri_naive_structural_heavy_all_fire,high,1600,0.8838,0.4456,0.9127,0.9906,0.0931,0.32,0.2969,0.0525,0.3273,none
base,damaged_q4,tri_naive_structural_heavy_all_fire,low,1600,0.9019,0.5744,0.9371,0.9931,0.0669,0.2244,0.1906,0.0338,0.4925,none
base,damaged_q4,tri_naive_structural_heavy_all_fire,medium,1600,0.8912,0.5225,0.9256,0.9931,0.0825,0.27,0.2219,0.05,0.4235,none
base,damaged_q4,tri_structural_heavy_55,extreme,1600,0.8838,0.5781,0.9294,0.9912,0.1062,0.0788,0.3488,0.0581,0.4997,none
base,damaged_q4,tri_structural_heavy_55,high,1600,0.9081,0.6681,0.9458,0.9925,0.0781,0.0444,0.2575,0.0537,0.6125,none
base,damaged_q4,tri_structural_heavy_55,low,1600,0.9044,0.7588,0.9584,0.9888,0.0581,0.0238,0.1475,0.0394,0.7228,none
base,damaged_q4,tri_structural_heavy_55,medium,1600,0.9038,0.7288,0.9505,0.9906,0.0756,0.0381,0.1775,0.055,0.6815,none
base,damaged_q4,tri_structural_heavy_60,extreme,1600,0.8862,0.5425,0.9279,0.9912,0.1031,0.0862,0.38,0.0556,0.4611,none
base,damaged_q4,tri_structural_heavy_60,high,1600,0.9113,0.6637,0.9466,0.9919,0.0762,0.0444,0.2687,0.0481,0.6081,none
base,damaged_q4,tri_structural_heavy_60,low,1600,0.9244,0.7844,0.965,0.9875,0.045,0.0275,0.1319,0.0319,0.7532,none
base,damaged_q4,tri_structural_heavy_60,medium,1600,0.9044,0.7113,0.9487,0.9875,0.08,0.0413,0.1925,0.0494,0.6611,none
base,damaged_q4,tri_structural_heavy_65,extreme,1600,0.8812,0.5525,0.9269,0.9919,0.1087,0.0819,0.375,0.0563,0.4707,none
base,damaged_q4,tri_structural_heavy_65,high,1600,0.9025,0.6631,0.9437,0.9881,0.0844,0.0387,0.2675,0.0456,0.6064,none
base,damaged_q4,tri_structural_heavy_65,low,1600,0.915,0.7788,0.9638,0.9919,0.05,0.025,0.1288,0.0362,0.7466,none
base,damaged_q4,tri_structural_heavy_65,medium,1600,0.9181,0.73,0.9556,0.9894,0.0663,0.0369,0.1775,0.0431,0.6864,none
base,healthy_q6,baseline,extreme,1600,0.3713,0.2725,0.6069,0.7575,0.1356,0.0431,0.3275,1.675,0.1132,none
base,healthy_q6,baseline,high,1600,0.4562,0.3912,0.6528,0.7675,0.1019,0.0075,0.2306,1.3031,0.2756,none
base,healthy_q6,baseline,low,1600,0.4219,0.3856,0.728,0.8156,0.0525,0.0,0.1044,0.755,0.3238,none
base,healthy_q6,baseline,medium,1600,0.5144,0.48,0.7022,0.7975,0.0781,0.0056,0.135,1.0619,0.3915,none
base,healthy_q6,cog_25_cyb_75,extreme,1600,0.8781,0.5694,0.9126,0.985,0.0931,0.125,0.2919,0.1988,0.4832,none
base,healthy_q6,cog_25_cyb_75,high,1600,0.8819,0.6713,0.9255,0.9862,0.0725,0.0875,0.2044,0.1756,0.6069,none
base,healthy_q6,cog_25_cyb_75,low,1600,0.9113,0.7712,0.963,0.9869,0.04,0.06,0.1069,0.0519,0.7361,none
base,healthy_q6,cog_25_cyb_75,medium,1600,0.9119,0.7188,0.9474,0.9881,0.05,0.0819,0.1569,0.1138,0.6691,none
base,healthy_q6,cog_25_str_75,extreme,1600,0.925,0.6775,0.9479,0.9938,0.0681,0.0375,0.2781,0.055,0.6246,none
base,healthy_q6,cog_25_str_75,high,1600,0.9269,0.7344,0.9545,0.9906,0.0625,0.0244,0.205,0.05,0.6919,none
base,healthy_q6,cog_25_str_75,low,1600,0.9381,0.8219,0.9707,0.9906,0.0362,0.0069,0.1194,0.0275,0.7987,none
base,healthy_q6,cog_25_str_75,medium,1600,0.9369,0.8106,0.9648,0.9931,0.0456,0.0112,0.1331,0.0488,0.7816,none
base,healthy_q6,cog_40_cyb_60,extreme,1600,0.8719,0.5806,0.9175,0.9869,0.0975,0.1219,0.2706,0.1675,0.497,none
base,healthy_q6,cog_40_cyb_60,high,1600,0.9,0.6981,0.9349,0.9956,0.0706,0.075,0.1894,0.1475,0.6394,none
base,healthy_q6,cog_40_cyb_60,low,1600,0.9113,0.7675,0.9647,0.9956,0.05,0.0556,0.105,0.0419,0.7309,none
base,healthy_q6,cog_40_cyb_60,medium,1600,0.9206,0.7319,0.9501,0.9869,0.0544,0.0725,0.1506,0.0956,0.6842,none
base,healthy_q6,cog_40_str_60,extreme,1600,0.9187,0.66,0.9439,0.9919,0.075,0.0488,0.2869,0.06,0.6018,none
base,healthy_q6,cog_40_str_60,high,1600,0.9275,0.7406,0.9542,0.9881,0.0681,0.0206,0.1988,0.0425,0.698,none
base,healthy_q6,cog_40_str_60,low,1600,0.9369,0.8331,0.9715,0.9894,0.0338,0.0106,0.1062,0.0306,0.8108,none
base,healthy_q6,cog_40_str_60,medium,1600,0.9419,0.7906,0.9635,0.9906,0.0462,0.0219,0.1469,0.0481,0.7582,none
base,healthy_q6,cog_50_cyb_50,extreme,1600,0.8812,0.5831,0.9183,0.9875,0.0931,0.0994,0.2956,0.1706,0.5031,none
base,healthy_q6,cog_50_cyb_50,high,1600,0.8888,0.6725,0.9285,0.9906,0.0844,0.08,0.2081,0.1469,0.6072,none
base,healthy_q6,cog_50_cyb_50,low,1600,0.9137,0.7519,0.9641,0.9962,0.04,0.065,0.1219,0.0512,0.7146,none
base,healthy_q6,cog_50_cyb_50,medium,1600,0.9094,0.7256,0.9483,0.9906,0.0681,0.075,0.15,0.0881,0.6738,none
base,healthy_q6,cog_50_str_50,extreme,1600,0.9075,0.6381,0.9398,0.9888,0.0781,0.0519,0.3013,0.0663,0.5769,none
base,healthy_q6,cog_50_str_50,high,1600,0.925,0.7288,0.9499,0.9919,0.065,0.0256,0.2206,0.0663,0.6832,none
base,healthy_q6,cog_50_str_50,low,1600,0.9331,0.815,0.9702,0.99,0.0325,0.0156,0.1113,0.0356,0.7914,none
base,healthy_q6,cog_50_str_50,medium,1600,0.9425,0.7956,0.9628,0.9881,0.0488,0.0225,0.1519,0.0437,0.7622,none
base,healthy_q6,cog_60_cyb_40,extreme,1600,0.8712,0.5575,0.9153,0.9912,0.095,0.11,0.3194,0.1725,0.4728,none
base,healthy_q6,cog_60_cyb_40,high,1600,0.8962,0.6856,0.9325,0.9894,0.0719,0.0644,0.2137,0.1419,0.627,none
base,healthy_q6,cog_60_cyb_40,low,1600,0.9194,0.7731,0.965,0.9925,0.0356,0.0469,0.1219,0.05,0.7408,none
base,healthy_q6,cog_60_cyb_40,medium,1600,0.91,0.7369,0.9492,0.9906,0.0688,0.0712,0.1444,0.0844,0.6862,none
base,healthy_q6,cog_60_str_40,extreme,1600,0.9087,0.6131,0.9394,0.9912,0.0819,0.0688,0.3063,0.0619,0.5472,none
base,healthy_q6,cog_60_str_40,high,1600,0.9269,0.7288,0.9545,0.9919,0.0625,0.0381,0.2062,0.0519,0.6833,none
base,healthy_q6,cog_60_str_40,low,1600,0.92,0.8044,0.9661,0.9894,0.0456,0.0231,0.1044,0.0369,0.7759,none
base,healthy_q6,cog_60_str_40,medium,1600,0.9344,0.775,0.9623,0.9869,0.0488,0.0375,0.1469,0.045,0.7389,none
base,healthy_q6,cog_75_cyb_25,extreme,1600,0.875,0.5825,0.9155,0.9919,0.0956,0.0981,0.2944,0.1862,0.5013,none
base,healthy_q6,cog_75_cyb_25,high,1600,0.8912,0.6656,0.9315,0.9894,0.0788,0.0606,0.2331,0.1294,0.6048,none
base,healthy_q6,cog_75_cyb_25,low,1600,0.9237,0.7837,0.9664,0.9906,0.0394,0.0387,0.1194,0.04,0.7526,none
base,healthy_q6,cog_75_cyb_25,medium,1600,0.9062,0.7369,0.947,0.9894,0.0675,0.0537,0.15,0.0931,0.6892,none
base,healthy_q6,cog_75_str_25,extreme,1600,0.9038,0.5994,0.9332,0.9962,0.0887,0.0731,0.3212,0.0875,0.528,none
base,healthy_q6,cog_75_str_25,high,1600,0.9087,0.68,0.9441,0.9862,0.0781,0.0462,0.2263,0.0663,0.6259,none
base,healthy_q6,cog_75_str_25,low,1600,0.9287,0.8087,0.9687,0.9912,0.0387,0.0262,0.1106,0.035,0.7813,none
base,healthy_q6,cog_75_str_25,medium,1600,0.93,0.7644,0.9599,0.9875,0.0531,0.0375,0.1588,0.0481,0.7258,none
base,healthy_q6,cognitive_only,extreme,1600,0.7794,0.5181,0.8501,0.9875,0.1106,0.0712,0.33,0.5381,0.4174,none
base,healthy_q6,cognitive_only,high,1600,0.8025,0.6456,0.8746,0.9862,0.0856,0.0387,0.2162,0.4244,0.5737,none
base,healthy_q6,cognitive_only,low,1600,0.8419,0.7219,0.938,0.9894,0.0456,0.0244,0.1281,0.1325,0.6864,none
base,healthy_q6,cognitive_only,medium,1600,0.8606,0.7238,0.9118,0.9875,0.0531,0.0338,0.1613,0.2812,0.6741,none
base,healthy_q6,cyb_25_str_75,extreme,1600,0.9081,0.64,0.9414,0.9888,0.0813,0.0512,0.285,0.0575,0.5797,none
base,healthy_q6,cyb_25_str_75,high,1600,0.9244,0.725,0.9511,0.9869,0.0669,0.0331,0.2056,0.0563,0.6791,none
base,healthy_q6,cyb_25_str_75,low,1600,0.9369,0.8219,0.9699,0.9825,0.0338,0.0187,0.1113,0.0288,0.7977,none
base,healthy_q6,cyb_25_str_75,medium,1600,0.9275,0.7969,0.9617,0.9906,0.0537,0.0369,0.12,0.0525,0.7611,none
base,healthy_q6,cyb_40_str_60,extreme,1600,0.905,0.6262,0.9392,0.9894,0.0875,0.0788,0.2781,0.0612,0.5589,none
base,healthy_q6,cyb_40_str_60,high,1600,0.9213,0.7494,0.9542,0.9938,0.0663,0.0475,0.165,0.0638,0.7036,none
base,healthy_q6,cyb_40_str_60,low,1600,0.9406,0.82,0.9723,0.9894,0.0275,0.0281,0.1087,0.0338,0.7957,none
base,healthy_q6,cyb_40_str_60,medium,1600,0.9369,0.7963,0.9642,0.9875,0.0488,0.0356,0.1237,0.0437,0.7624,none
base,healthy_q6,cyb_50_str_50,extreme,1600,0.9075,0.6325,0.9401,0.9869,0.0819,0.075,0.2775,0.0625,0.5676,none
base,healthy_q6,cyb_50_str_50,high,1600,0.9413,0.7462,0.9595,0.99,0.0456,0.0444,0.1894,0.0563,0.7057,none
base,healthy_q6,cyb_50_str_50,low,1600,0.9344,0.8131,0.9706,0.99,0.0288,0.0338,0.1056,0.0387,0.7874,none
base,healthy_q6,cyb_50_str_50,medium,1600,0.9331,0.7881,0.962,0.9888,0.0512,0.0394,0.1275,0.0512,0.7521,none
base,healthy_q6,cyb_60_str_40,extreme,1600,0.9069,0.6519,0.9402,0.9769,0.0788,0.0762,0.2544,0.0656,0.5894,none
base,healthy_q6,cyb_60_str_40,high,1600,0.9281,0.7194,0.9536,0.9869,0.0625,0.0563,0.1981,0.0531,0.6709,none
base,healthy_q6,cyb_60_str_40,low,1600,0.9306,0.8244,0.9714,0.9944,0.0381,0.0325,0.0894,0.0331,0.7976,none
base,healthy_q6,cyb_60_str_40,medium,1600,0.9306,0.7569,0.9596,0.99,0.055,0.0612,0.1462,0.0525,0.7138,none
base,healthy_q6,cyb_75_str_25,extreme,1600,0.9094,0.6131,0.9386,0.9738,0.0719,0.1113,0.2581,0.0775,0.5448,none
base,healthy_q6,cyb_75_str_25,high,1600,0.9163,0.6994,0.9504,0.9819,0.0638,0.0719,0.1956,0.0625,0.6471,none
base,healthy_q6,cyb_75_str_25,low,1600,0.9237,0.8006,0.968,0.9875,0.04,0.0425,0.0969,0.0375,0.7705,none
base,healthy_q6,cyb_75_str_25,medium,1600,0.92,0.7412,0.9565,0.9844,0.0506,0.0706,0.1419,0.0688,0.6971,none
base,healthy_q6,cyber_only,extreme,1600,0.7925,0.5181,0.8644,0.925,0.1013,0.1288,0.3,0.3875,0.4186,none
base,healthy_q6,cyber_only,high,1600,0.8056,0.6238,0.8718,0.9431,0.085,0.07,0.2137,0.3769,0.5483,none
base,healthy_q6,cyber_only,low,1600,0.8256,0.7169,0.9309,0.9681,0.0413,0.0512,0.0912,0.1525,0.6793,none
base,healthy_q6,cyber_only,medium,1600,0.825,0.6625,0.9005,0.9419,0.0581,0.0681,0.1644,0.2737,0.6046,none
base,healthy_q6,structural_only,extreme,1600,0.9125,0.6594,0.9428,0.9844,0.0806,0.0387,0.2775,0.05,0.6027,none
base,healthy_q6,structural_only,high,1600,0.9044,0.74,0.9482,0.9875,0.0862,0.0125,0.1919,0.0456,0.694,none
base,healthy_q6,structural_only,low,1600,0.9231,0.8225,0.9676,0.9938,0.04,0.0037,0.1081,0.0387,0.7992,none
base,healthy_q6,structural_only,medium,1600,0.9369,0.7975,0.9631,0.9888,0.0462,0.0075,0.1537,0.045,0.7676,none
base,healthy_q6,tri_boundary_heavy,extreme,1600,0.9225,0.6325,0.9453,0.995,0.07,0.0819,0.2787,0.0625,0.5697,none
base,healthy_q6,tri_boundary_heavy,high,1600,0.9231,0.71,0.9521,0.99,0.0688,0.065,0.2006,0.0537,0.6576,none
base,healthy_q6,tri_boundary_heavy,low,1600,0.9281,0.8044,0.9686,0.9881,0.0356,0.0344,0.105,0.0369,0.7766,none
base,healthy_q6,tri_boundary_heavy,medium,1600,0.9294,0.7731,0.9618,0.9912,0.055,0.0475,0.1363,0.0469,0.7339,none
base,healthy_q6,tri_cognitive_bridge,extreme,1600,0.91,0.6356,0.9419,0.9938,0.0819,0.0856,0.2725,0.0625,0.569,none
base,healthy_q6,tri_cognitive_bridge,high,1600,0.9319,0.7288,0.9561,0.9912,0.0575,0.0587,0.1781,0.06,0.6825,none
base,healthy_q6,tri_cognitive_bridge,low,1600,0.9431,0.8106,0.9734,0.9925,0.0288,0.0362,0.1056,0.0306,0.7848,none
base,healthy_q6,tri_cognitive_bridge,medium,1600,0.9419,0.7806,0.9627,0.9869,0.0425,0.0456,0.1419,0.0537,0.7447,none
base,healthy_q6,tri_cognitive_heavy,extreme,1600,0.9187,0.5975,0.9423,0.9925,0.0744,0.0887,0.3131,0.0556,0.5296,none
base,healthy_q6,tri_cognitive_heavy,high,1600,0.9294,0.7137,0.9559,0.9881,0.0625,0.0563,0.1981,0.0425,0.6658,none
base,healthy_q6,tri_cognitive_heavy,low,1600,0.9356,0.8006,0.9703,0.9881,0.0306,0.035,0.1175,0.0331,0.7734,none
base,healthy_q6,tri_cognitive_heavy,medium,1600,0.9469,0.7825,0.967,0.9906,0.0425,0.0519,0.1338,0.0406,0.7466,none
base,healthy_q6,tri_cyber_heavy,extreme,1600,0.9113,0.6225,0.9411,0.9869,0.0794,0.1187,0.2581,0.0638,0.5511,none
base,healthy_q6,tri_cyber_heavy,high,1600,0.9213,0.7019,0.9533,0.9881,0.07,0.0775,0.1819,0.05,0.6483,none
base,healthy_q6,tri_cyber_heavy,low,1600,0.9225,0.7875,0.9655,0.9894,0.0431,0.0506,0.1087,0.04,0.7537,none
base,healthy_q6,tri_cyber_heavy,medium,1600,0.9231,0.7494,0.9596,0.9938,0.0606,0.0737,0.1319,0.0531,0.7032,none
base,healthy_q6,tri_equal_routed,extreme,1600,0.905,0.6019,0.9374,0.9856,0.085,0.0956,0.3069,0.0569,0.5299,none
base,healthy_q6,tri_equal_routed,high,1600,0.9275,0.6894,0.9535,0.9925,0.0688,0.0706,0.2069,0.0475,0.6357,none
base,healthy_q6,tri_equal_routed,low,1600,0.9294,0.7881,0.9687,0.9912,0.0344,0.05,0.1106,0.04,0.757,none
base,healthy_q6,tri_equal_routed,medium,1600,0.935,0.7494,0.9616,0.9888,0.0456,0.0775,0.14,0.0569,0.7061,none
base,healthy_q6,tri_naive_equal_all_fire,extreme,1600,0.8738,0.3744,0.8951,0.9875,0.09,0.3925,0.3806,0.0506,0.2359,none
base,healthy_q6,tri_naive_equal_all_fire,high,1600,0.9019,0.4863,0.9233,0.9912,0.0719,0.3231,0.2487,0.0488,0.3777,none
base,healthy_q6,tri_naive_equal_all_fire,low,1600,0.9137,0.595,0.9426,0.9906,0.0569,0.2281,0.1681,0.0275,0.5175,none
base,healthy_q6,tri_naive_equal_all_fire,medium,1600,0.91,0.5725,0.9339,0.9888,0.0638,0.2863,0.1706,0.0437,0.4803,none
base,healthy_q6,tri_naive_structural_heavy_all_fire,extreme,1600,0.885,0.4019,0.8988,0.99,0.0894,0.3769,0.335,0.0569,0.27,none
base,healthy_q6,tri_naive_structural_heavy_all_fire,high,1600,0.8912,0.4838,0.9222,0.9894,0.0769,0.3063,0.235,0.055,0.3779,none
base,healthy_q6,tri_naive_structural_heavy_all_fire,low,1600,0.915,0.605,0.9441,0.9894,0.0462,0.2294,0.1431,0.0387,0.5319,none
base,healthy_q6,tri_naive_structural_heavy_all_fire,medium,1600,0.9175,0.5437,0.934,0.9944,0.0644,0.275,0.1981,0.0431,0.4514,none
base,healthy_q6,tri_structural_heavy_55,extreme,1600,0.9263,0.6275,0.9445,0.9919,0.0663,0.08,0.2831,0.0694,0.5655,none
base,healthy_q6,tri_structural_heavy_55,high,1600,0.9287,0.7212,0.9547,0.9869,0.0631,0.0481,0.1975,0.0469,0.6745,none
base,healthy_q6,tri_structural_heavy_55,low,1600,0.9225,0.815,0.9674,0.9912,0.0375,0.0288,0.0969,0.0437,0.7881,none
base,healthy_q6,tri_structural_heavy_55,medium,1600,0.9331,0.7869,0.9624,0.9862,0.05,0.0413,0.1344,0.0462,0.7506,none
base,healthy_q6,tri_structural_heavy_60,extreme,1600,0.9281,0.6613,0.9488,0.9888,0.0644,0.0737,0.2656,0.0531,0.6033,none
base,healthy_q6,tri_structural_heavy_60,high,1600,0.935,0.735,0.9581,0.9938,0.0581,0.0462,0.1894,0.0488,0.6907,none
base,healthy_q6,tri_structural_heavy_60,low,1600,0.9394,0.82,0.9727,0.9888,0.0312,0.0356,0.0956,0.0312,0.7943,none
base,healthy_q6,tri_structural_heavy_60,medium,1600,0.9475,0.8044,0.9679,0.9925,0.0381,0.0387,0.1263,0.0462,0.7728,none
base,healthy_q6,tri_structural_heavy_65,extreme,1600,0.9319,0.6556,0.951,0.99,0.0606,0.0712,0.2669,0.0469,0.5995,none
base,healthy_q6,tri_structural_heavy_65,high,1600,0.9256,0.7238,0.9517,0.9894,0.0669,0.0419,0.1981,0.0587,0.6765,none
base,healthy_q6,tri_structural_heavy_65,low,1600,0.9263,0.8094,0.9676,0.9881,0.0319,0.0219,0.1125,0.0437,0.7842,none
base,healthy_q6,tri_structural_heavy_65,medium,1600,0.9463,0.7863,0.9647,0.9881,0.0431,0.0344,0.1475,0.0437,0.7524,none
base,healthy_q8,baseline,extreme,1600,0.5594,0.435,0.7276,0.8281,0.0806,0.0312,0.2412,1.1581,0.3274,none
base,healthy_q8,baseline,high,1600,0.6381,0.5587,0.7644,0.8544,0.0656,0.0131,0.1906,0.8881,0.4768,none
base,healthy_q8,baseline,low,1600,0.56,0.5062,0.8111,0.8669,0.0244,0.0,0.0975,0.5269,0.4648,none
base,healthy_q8,baseline,medium,1600,0.6375,0.5844,0.782,0.8544,0.0375,0.0088,0.1275,0.7969,0.5213,none
base,healthy_q8,cog_25_cyb_75,extreme,1600,0.9281,0.6438,0.9478,0.9925,0.0625,0.1194,0.245,0.0675,0.5782,none
base,healthy_q8,cog_25_cyb_75,high,1600,0.9444,0.7262,0.9603,0.9888,0.0419,0.0781,0.1844,0.0594,0.6803,none
base,healthy_q8,cog_25_cyb_75,low,1600,0.9475,0.8094,0.9756,0.9906,0.0231,0.0569,0.095,0.0306,0.7819,none
base,healthy_q8,cog_25_cyb_75,medium,1600,0.9494,0.7744,0.9676,0.99,0.0362,0.0769,0.1263,0.0488,0.7356,none
base,healthy_q8,cog_25_str_75,extreme,1600,0.9413,0.6944,0.9563,0.9912,0.0488,0.0512,0.2469,0.0512,0.6472,none
base,healthy_q8,cog_25_str_75,high,1600,0.945,0.7875,0.964,0.9862,0.0456,0.02,0.165,0.0375,0.7547,none
base,healthy_q8,cog_25_str_75,low,1600,0.9469,0.8631,0.9762,0.9888,0.0194,0.0069,0.0819,0.035,0.8476,none
base,healthy_q8,cog_25_str_75,medium,1600,0.9469,0.8287,0.969,0.9919,0.0375,0.0175,0.1225,0.0431,0.802,none
base,healthy_q8,cog_40_cyb_60,extreme,1600,0.9269,0.6212,0.9448,0.9856,0.06,0.1206,0.2525,0.0788,0.555,none
base,healthy_q8,cog_40_cyb_60,high,1600,0.9406,0.7294,0.9601,0.9931,0.0494,0.0825,0.1681,0.0587,0.6817,none
base,healthy_q8,cog_40_cyb_60,low,1600,0.9406,0.7944,0.9725,0.9869,0.0269,0.0594,0.1062,0.0325,0.7643,none
base,healthy_q8,cog_40_cyb_60,medium,1600,0.9456,0.7738,0.9665,0.9894,0.0338,0.0681,0.1319,0.055,0.7367,none
base,healthy_q8,cog_40_str_60,extreme,1600,0.9356,0.6931,0.9524,0.9875,0.0525,0.0512,0.2544,0.0575,0.6439,none
base,healthy_q8,cog_40_str_60,high,1600,0.9419,0.7662,0.9632,0.9912,0.05,0.03,0.1762,0.0362,0.7293,none
base,healthy_q8,cog_40_str_60,low,1600,0.9444,0.8469,0.9765,0.9944,0.0181,0.0169,0.0894,0.0369,0.8291,none
base,healthy_q8,cog_40_str_60,medium,1600,0.9525,0.8319,0.9682,0.9869,0.0312,0.0213,0.1187,0.0525,0.8061,none
base,healthy_q8,cog_50_cyb_50,extreme,1600,0.9394,0.6469,0.9529,0.9925,0.0519,0.115,0.235,0.0631,0.5864,none
base,healthy_q8,cog_50_cyb_50,high,1600,0.9237,0.7069,0.9517,0.9894,0.0631,0.0719,0.1844,0.0694,0.6553,none
base,healthy_q8,cog_50_cyb_50,low,1600,0.9281,0.7937,0.9692,0.9919,0.0312,0.0494,0.1025,0.045,0.7641,none
base,healthy_q8,cog_50_cyb_50,medium,1600,0.9494,0.79,0.9671,0.9912,0.0338,0.0731,0.1138,0.0606,0.7531,none
base,healthy_q8,cog_50_str_50,extreme,1600,0.9425,0.6787,0.9532,0.9925,0.0519,0.0638,0.2612,0.0563,0.6267,none
base,healthy_q8,cog_50_str_50,high,1600,0.9494,0.7806,0.9619,0.9931,0.0437,0.0262,0.1675,0.0594,0.7459,none
base,healthy_q8,cog_50_str_50,low,1600,0.9281,0.8237,0.9691,0.9906,0.035,0.0156,0.1031,0.0381,0.8,none
base,healthy_q8,cog_50_str_50,medium,1600,0.95,0.8194,0.967,0.9844,0.0325,0.0219,0.1237,0.0519,0.7928,none
base,healthy_q8,cog_60_cyb_40,extreme,1600,0.9237,0.6281,0.9446,0.9888,0.0669,0.1125,0.2481,0.0737,0.562,none
base,healthy_q8,cog_60_cyb_40,high,1600,0.935,0.7244,0.9578,0.9912,0.0519,0.0569,0.1875,0.0581,0.6795,none
base,healthy_q8,cog_60_cyb_40,low,1600,0.9331,0.8037,0.9706,0.9931,0.0269,0.0494,0.1013,0.0444,0.7755,none
base,healthy_q8,cog_60_cyb_40,medium,1600,0.9537,0.7712,0.9683,0.99,0.0269,0.0663,0.1419,0.0531,0.7359,none
base,healthy_q8,cog_60_str_40,extreme,1600,0.9275,0.6519,0.9461,0.9856,0.0638,0.0725,0.2644,0.065,0.5939,none
base,healthy_q8,cog_60_str_40,high,1600,0.9394,0.7575,0.9575,0.9912,0.055,0.0319,0.1725,0.0594,0.7179,none
base,healthy_q8,cog_60_str_40,low,1600,0.9463,0.8431,0.976,0.9912,0.0156,0.0175,0.0969,0.0381,0.8253,none
base,healthy_q8,cog_60_str_40,medium,1600,0.9487,0.8119,0.9666,0.99,0.0381,0.0288,0.1263,0.0506,0.7821,none
base,healthy_q8,cog_75_cyb_25,extreme,1600,0.9194,0.635,0.9447,0.9906,0.0669,0.1,0.2587,0.0731,0.5706,none
base,healthy_q8,cog_75_cyb_25,high,1600,0.9356,0.7194,0.959,0.9931,0.0444,0.0587,0.2013,0.06,0.6752,none
base,healthy_q8,cog_75_cyb_25,low,1600,0.9475,0.8175,0.9755,0.9912,0.0219,0.0456,0.1056,0.0306,0.7918,none
base,healthy_q8,cog_75_cyb_25,medium,1600,0.9369,0.7719,0.9624,0.9912,0.0444,0.0544,0.1437,0.0563,0.7334,none
base,healthy_q8,cog_75_str_25,extreme,1600,0.9319,0.6787,0.9519,0.9925,0.0544,0.0581,0.2594,0.0606,0.627,none
base,healthy_q8,cog_75_str_25,high,1600,0.95,0.7538,0.9645,0.9938,0.0387,0.0537,0.1756,0.0506,0.7148,none
base,healthy_q8,cog_75_str_25,low,1600,0.9363,0.8269,0.9718,0.9881,0.0288,0.0325,0.0919,0.0362,0.8026,none
base,healthy_q8,cog_75_str_25,medium,1600,0.9475,0.8013,0.9683,0.9888,0.0331,0.0406,0.1269,0.0481,0.7706,none
base,healthy_q8,cognitive_only,extreme,1600,0.9069,0.6581,0.9296,0.9888,0.0663,0.085,0.2437,0.1762,0.5929,none
base,healthy_q8,cognitive_only,high,1600,0.9137,0.725,0.9426,0.9944,0.065,0.0419,0.1938,0.12,0.6756,none
base,healthy_q8,cognitive_only,low,1600,0.935,0.8194,0.9722,0.9912,0.0244,0.0269,0.0994,0.0419,0.7966,none
base,healthy_q8,cognitive_only,medium,1600,0.935,0.7775,0.9592,0.9931,0.0444,0.0387,0.1456,0.075,0.741,none
base,healthy_q8,cyb_25_str_75,extreme,1600,0.9475,0.7125,0.9582,0.9894,0.0419,0.0537,0.2331,0.0537,0.6679,none
base,healthy_q8,cyb_25_str_75,high,1600,0.95,0.7869,0.9642,0.9919,0.0419,0.0244,0.1656,0.05,0.7537,none
base,healthy_q8,cyb_25_str_75,low,1600,0.9444,0.8419,0.9746,0.9869,0.0206,0.0169,0.0938,0.0344,0.8231,none
base,healthy_q8,cyb_25_str_75,medium,1600,0.9525,0.83,0.9701,0.9912,0.0344,0.0269,0.1144,0.045,0.8029,none
base,healthy_q8,cyb_40_str_60,extreme,1600,0.9419,0.6775,0.954,0.9912,0.0519,0.0825,0.2394,0.0581,0.6234,none
base,healthy_q8,cyb_40_str_60,high,1600,0.9563,0.7812,0.9644,0.9906,0.0356,0.0319,0.1656,0.0563,0.7481,none
base,healthy_q8,cyb_40_str_60,low,1600,0.9431,0.8425,0.9751,0.9931,0.0225,0.0181,0.0925,0.0362,0.8229,none
base,healthy_q8,cyb_40_str_60,medium,1600,0.955,0.8181,0.9693,0.9906,0.0325,0.035,0.1181,0.05,0.7894,none
base,healthy_q8,cyb_50_str_50,extreme,1600,0.9369,0.6844,0.9518,0.99,0.0556,0.0869,0.2206,0.0688,0.6292,none
base,healthy_q8,cyb_50_str_50,high,1600,0.9525,0.7869,0.9631,0.9862,0.0431,0.045,0.1425,0.0544,0.7508,none
base,healthy_q8,cyb_50_str_50,low,1600,0.945,0.8381,0.9746,0.9906,0.0256,0.0238,0.0975,0.0319,0.8163,none
base,healthy_q8,cyb_50_str_50,medium,1600,0.9544,0.825,0.9709,0.9919,0.0331,0.0494,0.1025,0.0481,0.7946,none
base,healthy_q8,cyb_60_str_40,extreme,1600,0.925,0.6725,0.9492,0.9894,0.0681,0.0938,0.2244,0.0563,0.6125,none
base,healthy_q8,cyb_60_str_40,high,1600,0.9387,0.7594,0.9598,0.9925,0.0475,0.06,0.1625,0.065,0.7169,none
base,healthy_q8,cyb_60_str_40,low,1600,0.9225,0.8069,0.9681,0.9881,0.0325,0.03,0.095,0.0456,0.7812,none
base,healthy_q8,cyb_60_str_40,medium,1600,0.9663,0.8219,0.9747,0.9912,0.0206,0.0475,0.1144,0.0431,0.7949,none
base,healthy_q8,cyb_75_str_25,extreme,1600,0.9244,0.6375,0.9463,0.9831,0.06,0.1163,0.2525,0.0675,0.5727,none
base,healthy_q8,cyb_75_str_25,high,1600,0.9375,0.73,0.9603,0.9925,0.0537,0.0825,0.1681,0.0494,0.6815,none
base,healthy_q8,cyb_75_str_25,low,1600,0.93,0.8175,0.9697,0.9844,0.0375,0.0462,0.0819,0.0338,0.7888,none
base,healthy_q8,cyb_75_str_25,medium,1600,0.9506,0.8063,0.9701,0.9938,0.0375,0.0569,0.11,0.0437,0.7726,none
base,healthy_q8,cyber_only,extreme,1600,0.8912,0.6212,0.9254,0.9663,0.0675,0.1175,0.235,0.1675,0.5503,none
base,healthy_q8,cyber_only,high,1600,0.9175,0.7025,0.939,0.9781,0.0444,0.0844,0.1837,0.1506,0.6501,none
base,healthy_q8,cyber_only,low,1600,0.9125,0.785,0.9642,0.9862,0.0312,0.0525,0.0956,0.0587,0.7545,none
base,healthy_q8,cyber_only,medium,1600,0.925,0.76,0.9548,0.9844,0.045,0.0806,0.1187,0.0944,0.7162,none
base,healthy_q8,structural_only,extreme,1600,0.94,0.7,0.9545,0.9894,0.0563,0.0394,0.2369,0.05,0.6538,none
base,healthy_q8,structural_only,high,1600,0.9456,0.7819,0.9608,0.9894,0.0462,0.0112,0.1787,0.0519,0.7489,none
base,healthy_q8,structural_only,low,1600,0.9406,0.85,0.9739,0.99,0.0275,0.0031,0.0925,0.0312,0.8322,none
base,healthy_q8,structural_only,medium,1600,0.9469,0.8256,0.9678,0.9881,0.0369,0.0169,0.1194,0.0462,0.7993,none
base,healthy_q8,tri_boundary_heavy,extreme,1600,0.9475,0.6781,0.9541,0.9894,0.0437,0.105,0.2306,0.0681,0.6221,none
base,healthy_q8,tri_boundary_heavy,high,1600,0.9431,0.745,0.9607,0.9925,0.0481,0.065,0.1681,0.0569,0.7013,none
base,healthy_q8,tri_boundary_heavy,low,1600,0.9331,0.8219,0.9706,0.9869,0.0312,0.0338,0.0919,0.0381,0.7965,none
base,healthy_q8,tri_boundary_heavy,medium,1600,0.95,0.8056,0.9691,0.9862,0.0331,0.0556,0.1113,0.0469,0.7733,none
base,healthy_q8,tri_cognitive_bridge,extreme,1600,0.9363,0.6656,0.9518,0.9912,0.0544,0.0887,0.2437,0.0606,0.609,none
base,healthy_q8,tri_cognitive_bridge,high,1600,0.9463,0.7775,0.9616,0.9875,0.0506,0.055,0.1431,0.0512,0.7373,none
base,healthy_q8,tri_cognitive_bridge,low,1600,0.9413,0.8331,0.9735,0.9862,0.0244,0.0306,0.0919,0.0344,0.8106,none
base,healthy_q8,tri_cognitive_bridge,medium,1600,0.9519,0.795,0.9662,0.9844,0.0356,0.0437,0.1344,0.0481,0.7624,none
base,healthy_q8,tri_cognitive_heavy,extreme,1600,0.9287,0.6594,0.95,0.995,0.0656,0.0887,0.2412,0.0575,0.5998,none
base,healthy_q8,tri_cognitive_heavy,high,1600,0.9513,0.7656,0.9635,0.9894,0.0413,0.0456,0.1675,0.05,0.7282,none
base,healthy_q8,tri_cognitive_heavy,low,1600,0.9413,0.8325,0.9744,0.9888,0.0244,0.0369,0.0831,0.0356,0.8094,none
base,healthy_q8,tri_cognitive_heavy,medium,1600,0.95,0.7963,0.9682,0.9906,0.0387,0.0481,0.1269,0.0425,0.7627,none
base,healthy_q8,tri_cyber_heavy,extreme,1600,0.9294,0.6725,0.9515,0.99,0.0619,0.1125,0.2031,0.0606,0.6122,none
base,healthy_q8,tri_cyber_heavy,high,1600,0.9525,0.7406,0.9615,0.9825,0.04,0.0762,0.1719,0.0537,0.6969,none
base,healthy_q8,tri_cyber_heavy,low,1600,0.9425,0.7931,0.973,0.9906,0.0256,0.0656,0.1075,0.0338,0.762,none
base,healthy_q8,tri_cyber_heavy,medium,1600,0.9506,0.7806,0.9679,0.9912,0.0362,0.0756,0.1194,0.0512,0.7425,none
base,healthy_q8,tri_equal_routed,extreme,1600,0.9375,0.6656,0.9517,0.99,0.0563,0.0894,0.2419,0.06,0.6085,none
base,healthy_q8,tri_equal_routed,high,1600,0.9456,0.7538,0.9602,0.9881,0.0444,0.065,0.1562,0.0656,0.7117,none
base,healthy_q8,tri_equal_routed,low,1600,0.9337,0.8037,0.9716,0.9888,0.0238,0.0425,0.1013,0.0425,0.7779,none
base,healthy_q8,tri_equal_routed,medium,1600,0.9494,0.7863,0.9674,0.9881,0.0325,0.0675,0.1206,0.055,0.7506,none
base,healthy_q8,tri_naive_equal_all_fire,extreme,1600,0.8925,0.4,0.9011,0.9894,0.0794,0.4081,0.3094,0.0525,0.2672,none
base,healthy_q8,tri_naive_equal_all_fire,high,1600,0.9056,0.4713,0.9214,0.99,0.0688,0.3631,0.2288,0.0525,0.3571,none
base,healthy_q8,tri_naive_equal_all_fire,low,1600,0.9163,0.6188,0.9458,0.9894,0.0387,0.2313,0.1281,0.0444,0.5484,none
base,healthy_q8,tri_naive_equal_all_fire,medium,1600,0.9213,0.5556,0.9368,0.9925,0.05,0.2875,0.1737,0.0512,0.4667,none
base,healthy_q8,tri_naive_structural_heavy_all_fire,extreme,1600,0.9044,0.4319,0.9091,0.9894,0.0644,0.3719,0.3056,0.0575,0.3109,none
base,healthy_q8,tri_naive_structural_heavy_all_fire,high,1600,0.925,0.5238,0.9324,0.9925,0.0519,0.3088,0.2181,0.0512,0.4264,none
base,healthy_q8,tri_naive_structural_heavy_all_fire,low,1600,0.925,0.6019,0.9471,0.9912,0.0381,0.2437,0.1338,0.0362,0.5292,none
base,healthy_q8,tri_naive_structural_heavy_all_fire,medium,1600,0.9231,0.5781,0.9391,0.9894,0.0444,0.2631,0.1775,0.0531,0.4953,none
base,healthy_q8,tri_structural_heavy_55,extreme,1600,0.9494,0.7069,0.9556,0.9894,0.0444,0.0731,0.22,0.0663,0.658,none
base,healthy_q8,tri_structural_heavy_55,high,1600,0.9525,0.7731,0.9648,0.9925,0.0406,0.0519,0.1562,0.0525,0.7354,none
base,healthy_q8,tri_structural_heavy_55,low,1600,0.9331,0.8175,0.9715,0.9912,0.0231,0.0306,0.1,0.0444,0.7942,none
base,healthy_q8,tri_structural_heavy_55,medium,1600,0.9644,0.8169,0.9731,0.9875,0.0262,0.0419,0.1244,0.035,0.7889,none
base,healthy_q8,tri_structural_heavy_60,extreme,1600,0.9319,0.685,0.9515,0.9906,0.0581,0.08,0.22,0.0694,0.6305,none
base,healthy_q8,tri_structural_heavy_60,high,1600,0.9481,0.7781,0.9651,0.9869,0.04,0.0462,0.1525,0.0469,0.7423,none
base,healthy_q8,tri_structural_heavy_60,low,1600,0.94,0.84,0.9741,0.99,0.025,0.0294,0.0838,0.0375,0.8181,none
base,healthy_q8,tri_structural_heavy_60,medium,1600,0.9556,0.8256,0.9718,0.9919,0.0275,0.0325,0.1163,0.0469,0.7992,none
base,healthy_q8,tri_structural_heavy_65,extreme,1600,0.9437,0.7137,0.9542,0.9894,0.05,0.0656,0.2162,0.0675,0.6649,none
base,healthy_q8,tri_structural_heavy_65,high,1600,0.9494,0.7775,0.9635,0.9844,0.04,0.0444,0.165,0.0469,0.7411,none
base,healthy_q8,tri_structural_heavy_65,low,1600,0.9487,0.8519,0.9778,0.9931,0.0119,0.0288,0.0806,0.04,0.8341,none
base,healthy_q8,tri_structural_heavy_65,medium,1600,0.9613,0.8287,0.9725,0.9944,0.0288,0.0331,0.1212,0.0431,0.8016,none
degraded_instruct,collapsed_q2_edge,baseline,extreme,1600,0.0,0.0,0.0,0.0,0.99,0.0306,1.2069,6.0,-0.6997,cascade
degraded_instruct,collapsed_q2_edge,baseline,high,1600,0.0,0.0,0.0,0.0425,0.9906,0.0075,0.7825,5.2,-0.6213,cascade
degraded_instruct,collapsed_q2_edge,baseline,low,1600,0.0013,0.0006,0.03,0.2681,0.5669,0.0,0.375,3.3719,-0.368,cascade
degraded_instruct,collapsed_q2_edge,baseline,medium,1600,0.0,0.0,0.0041,0.1425,0.8281,0.0063,0.575,4.7425,-0.5328,cascade
degraded_instruct,collapsed_q2_edge,cog_25_cyb_75,extreme,1600,0.0,0.0,0.0055,0.2812,0.9781,0.1256,0.9775,5.6181,-0.6777,cascade
degraded_instruct,collapsed_q2_edge,cog_25_cyb_75,high,1600,0.0019,0.0,0.0252,0.3663,0.8981,0.115,0.6825,4.705,-0.5823,cascade
degraded_instruct,collapsed_q2_edge,cog_25_cyb_75,low,1600,0.0131,0.0106,0.1666,0.545,0.4181,0.0719,0.3844,2.535,-0.2867,cascade
degraded_instruct,collapsed_q2_edge,cog_25_cyb_75,medium,1600,0.0037,0.0037,0.0784,0.4575,0.6562,0.0731,0.5238,3.895,-0.4444,cascade
degraded_instruct,collapsed_q2_edge,cog_25_str_75,extreme,1600,0.0119,0.0069,0.1093,0.4412,0.7344,0.0537,0.9331,3.9469,-0.4962,cascade
degraded_instruct,collapsed_q2_edge,cog_25_str_75,high,1600,0.0269,0.02,0.1845,0.5156,0.5781,0.0181,0.6331,3.1063,-0.363,cascade
degraded_instruct,collapsed_q2_edge,cog_25_str_75,low,1600,0.1288,0.09,0.4203,0.65,0.2825,0.0106,0.3344,1.54,-0.1006,cascade
degraded_instruct,collapsed_q2_edge,cog_25_str_75,medium,1600,0.0587,0.0437,0.2713,0.5681,0.4481,0.0225,0.4625,2.5281,-0.2586,cascade
degraded_instruct,collapsed_q2_edge,cog_40_cyb_60,extreme,1600,0.0,0.0,0.0038,0.2831,0.9812,0.1244,1.095,5.7138,-0.6925,cascade
degraded_instruct,collapsed_q2_edge,cog_40_cyb_60,high,1600,0.0006,0.0006,0.0188,0.3744,0.9137,0.08,0.695,4.7462,-0.5824,cascade
degraded_instruct,collapsed_q2_edge,cog_40_cyb_60,low,1600,0.015,0.0094,0.1718,0.5537,0.4219,0.0656,0.3625,2.5406,-0.2863,cascade
degraded_instruct,collapsed_q2_edge,cog_40_cyb_60,medium,1600,0.0044,0.0031,0.0708,0.4419,0.6519,0.0688,0.53,3.9337,-0.4453,cascade
degraded_instruct,collapsed_q2_edge,cog_40_str_60,extreme,1600,0.0037,0.0019,0.0704,0.4219,0.8069,0.07,0.9556,4.3788,-0.5496,cascade
degraded_instruct,collapsed_q2_edge,cog_40_str_60,high,1600,0.0175,0.0131,0.1333,0.4906,0.6575,0.0269,0.6713,3.4606,-0.4162,cascade
degraded_instruct,collapsed_q2_edge,cog_40_str_60,low,1600,0.0881,0.0644,0.3686,0.6394,0.2844,0.0119,0.3225,1.7563,-0.1369,cascade
degraded_instruct,collapsed_q2_edge,cog_40_str_60,medium,1600,0.0506,0.0419,0.2441,0.5581,0.4537,0.0244,0.45,2.7425,-0.2722,cascade
degraded_instruct,collapsed_q2_edge,cog_50_cyb_50,extreme,1600,0.0,0.0,0.0018,0.2794,0.9838,0.1187,1.0375,5.7944,-0.6916,cascade
degraded_instruct,collapsed_q2_edge,cog_50_cyb_50,high,1600,0.0,0.0,0.0164,0.3481,0.9156,0.0831,0.6987,4.8106,-0.5877,cascade
degraded_instruct,collapsed_q2_edge,cog_50_cyb_50,low,1600,0.0112,0.0063,0.1665,0.5594,0.4069,0.0494,0.3794,2.6088,-0.2865,cascade
degraded_instruct,collapsed_q2_edge,cog_50_cyb_50,medium,1600,0.0013,0.0013,0.06,0.4213,0.6881,0.0706,0.5188,4.02,-0.4618,cascade
degraded_instruct,collapsed_q2_edge,cog_50_str_50,extreme,1600,0.0025,0.0025,0.0396,0.3894,0.8731,0.0587,1.0381,4.7575,-0.5921,cascade
degraded_instruct,collapsed_q2_edge,cog_50_str_50,high,1600,0.0112,0.0069,0.1001,0.4794,0.6787,0.035,0.6825,3.715,-0.4441,cascade
degraded_instruct,collapsed_q2_edge,cog_50_str_50,low,1600,0.0581,0.04,0.3056,0.6156,0.3225,0.0219,0.3481,1.965,-0.1872,cascade
degraded_instruct,collapsed_q2_edge,cog_50_str_50,medium,1600,0.0306,0.0269,0.1929,0.5244,0.4856,0.0338,0.4794,3.0106,-0.3144,cascade
degraded_instruct,collapsed_q2_edge,cog_60_cyb_40,extreme,1600,0.0,0.0,0.0017,0.2612,0.985,0.1212,1.11,5.8419,-0.7006,cascade
degraded_instruct,collapsed_q2_edge,cog_60_cyb_40,high,1600,0.0,0.0,0.0142,0.3444,0.92,0.0669,0.7031,4.8487,-0.5881,cascade
degraded_instruct,collapsed_q2_edge,cog_60_cyb_40,low,1600,0.0138,0.0088,0.1584,0.545,0.4325,0.0569,0.3894,2.6125,-0.2942,cascade
degraded_instruct,collapsed_q2_edge,cog_60_cyb_40,medium,1600,0.0031,0.0019,0.0607,0.4363,0.6844,0.0663,0.5144,4.0012,-0.4579,cascade
degraded_instruct,collapsed_q2_edge,cog_60_str_40,extreme,1600,0.0006,0.0,0.0306,0.3669,0.8969,0.0625,1.0581,5.0175,-0.6171,cascade
degraded_instruct,collapsed_q2_edge,cog_60_str_40,high,1600,0.0056,0.0031,0.0784,0.4431,0.7444,0.0419,0.6856,3.9219,-0.4795,cascade
degraded_instruct,collapsed_q2_edge,cog_60_str_40,low,1600,0.0544,0.0406,0.2926,0.6219,0.3438,0.0269,0.3362,2.0131,-0.1954,cascade
degraded_instruct,collapsed_q2_edge,cog_60_str_40,medium,1600,0.0256,0.02,0.1601,0.5,0.5256,0.0387,0.5119,3.2262,-0.3477,cascade
degraded_instruct,collapsed_q2_edge,cog_75_cyb_25,extreme,1600,0.0,0.0,0.0025,0.2681,0.9856,0.1062,1.135,5.8569,-0.7006,cascade
degraded_instruct,collapsed_q2_edge,cog_75_cyb_25,high,1600,0.0,0.0,0.0143,0.3544,0.9344,0.055,0.74,4.8788,-0.5945,cascade
degraded_instruct,collapsed_q2_edge,cog_75_cyb_25,low,1600,0.015,0.0112,0.1483,0.545,0.4462,0.0419,0.3919,2.6587,-0.2953,cascade
degraded_instruct,collapsed_q2_edge,cog_75_cyb_25,medium,1600,0.0044,0.0019,0.0607,0.4738,0.6775,0.0656,0.5406,4.0163,-0.4586,cascade
degraded_instruct,collapsed_q2_edge,cog_75_str_25,extreme,1600,0.0,0.0,0.0112,0.3331,0.9606,0.0719,1.085,5.4994,-0.6643,cascade
degraded_instruct,collapsed_q2_edge,cog_75_str_25,high,1600,0.0031,0.0019,0.0416,0.4213,0.835,0.0469,0.7425,4.3875,-0.5368,cascade
degraded_instruct,collapsed_q2_edge,cog_75_str_25,low,1600,0.0362,0.0213,0.2249,0.5806,0.3931,0.0338,0.3613,2.2844,-0.2466,cascade
degraded_instruct,collapsed_q2_edge,cog_75_str_25,medium,1600,0.0075,0.0069,0.1117,0.48,0.5844,0.04,0.5162,3.5438,-0.3949,cascade
degraded_instruct,collapsed_q2_edge,cognitive_only,extreme,1600,0.0,0.0,0.0001,0.1875,0.99,0.0712,1.1719,5.9631,-0.7032,cascade
degraded_instruct,collapsed_q2_edge,cognitive_only,high,1600,0.0,0.0,0.0049,0.2744,0.97,0.0537,0.7656,5.045,-0.6153,cascade
degraded_instruct,collapsed_q2_edge,cognitive_only,low,1600,0.0088,0.0044,0.1068,0.4456,0.4656,0.0288,0.3987,2.8712,-0.3165,cascade
degraded_instruct,collapsed_q2_edge,cognitive_only,medium,1600,0.0,0.0,0.0321,0.3475,0.7538,0.0425,0.5581,4.3856,-0.4986,cascade
degraded_instruct,collapsed_q2_edge,cyb_25_str_75,extreme,1600,0.0187,0.0131,0.131,0.4363,0.7025,0.06,0.8606,3.7444,-0.4657,cascade
degraded_instruct,collapsed_q2_edge,cyb_25_str_75,high,1600,0.0419,0.0256,0.1968,0.4775,0.595,0.0331,0.5725,2.9663,-0.3536,cascade
degraded_instruct,collapsed_q2_edge,cyb_25_str_75,low,1600,0.1388,0.0981,0.441,0.6613,0.255,0.0175,0.315,1.4806,-0.0811,cascade
degraded_instruct,collapsed_q2_edge,cyb_25_str_75,medium,1600,0.0956,0.0769,0.3214,0.5563,0.3962,0.03,0.4512,2.3112,-0.1997,cascade
degraded_instruct,collapsed_q2_edge,cyb_40_str_60,extreme,1600,0.0106,0.0044,0.0924,0.3925,0.7956,0.0762,0.8981,4.0656,-0.5247,cascade
degraded_instruct,collapsed_q2_edge,cyb_40_str_60,high,1600,0.0175,0.0112,0.149,0.4706,0.6269,0.0481,0.5944,3.3606,-0.402,cascade
degraded_instruct,collapsed_q2_edge,cyb_40_str_60,low,1600,0.0969,0.0663,0.3917,0.6606,0.2981,0.0262,0.2981,1.655,-0.135,cascade
degraded_instruct,collapsed_q2_edge,cyb_40_str_60,medium,1600,0.0675,0.05,0.2592,0.5319,0.4544,0.0369,0.4363,2.6488,-0.261,cascade
degraded_instruct,collapsed_q2_edge,cyb_50_str_50,extreme,1600,0.0063,0.0037,0.0726,0.3719,0.8219,0.095,0.8869,4.3312,-0.5493,cascade
degraded_instruct,collapsed_q2_edge,cyb_50_str_50,high,1600,0.0175,0.01,0.1243,0.445,0.6806,0.0606,0.5956,3.5456,-0.4312,cascade
degraded_instruct,collapsed_q2_edge,cyb_50_str_50,low,1600,0.0712,0.05,0.3365,0.6125,0.3038,0.0413,0.3169,1.8456,-0.167,cascade
degraded_instruct,collapsed_q2_edge,cyb_50_str_50,medium,1600,0.0469,0.04,0.2319,0.5506,0.4856,0.0456,0.44,2.7819,-0.2891,cascade
degraded_instruct,collapsed_q2_edge,cyb_60_str_40,extreme,1600,0.0019,0.0,0.0436,0.3344,0.8825,0.1031,0.9194,4.6481,-0.5913,cascade
degraded_instruct,collapsed_q2_edge,cyb_60_str_40,high,1600,0.0138,0.0081,0.096,0.4494,0.7331,0.0725,0.5988,3.7869,-0.4636,cascade
degraded_instruct,collapsed_q2_edge,cyb_60_str_40,low,1600,0.0544,0.0356,0.3145,0.62,0.3106,0.0512,0.3137,1.9425,-0.19,cascade
degraded_instruct,collapsed_q2_edge,cyb_60_str_40,medium,1600,0.045,0.0344,0.2033,0.5363,0.4944,0.0675,0.4512,3.0,-0.3135,cascade
degraded_instruct,collapsed_q2_edge,cyb_75_str_25,extreme,1600,0.0019,0.0006,0.0319,0.3256,0.9231,0.1381,0.9431,5.0,-0.6294,cascade
degraded_instruct,collapsed_q2_edge,cyb_75_str_25,high,1600,0.0094,0.0031,0.0752,0.4194,0.7806,0.075,0.6238,4.085,-0.5002,cascade
degraded_instruct,collapsed_q2_edge,cyb_75_str_25,low,1600,0.0462,0.0331,0.26,0.6169,0.3625,0.0512,0.3237,2.1875,-0.2211,cascade
degraded_instruct,collapsed_q2_edge,cyb_75_str_25,medium,1600,0.0262,0.0206,0.1528,0.5025,0.5575,0.0813,0.4781,3.2738,-0.3648,cascade
degraded_instruct,collapsed_q2_edge,cyber_only,extreme,1600,0.0,0.0,0.001,0.19,0.9925,0.1231,1.04,5.8225,-0.6967,cascade
degraded_instruct,collapsed_q2_edge,cyber_only,high,1600,0.0,0.0,0.0156,0.29,0.9306,0.08,0.69,4.8288,-0.5918,cascade
degraded_instruct,collapsed_q2_edge,cyber_only,low,1600,0.0112,0.0088,0.1258,0.4662,0.4425,0.0537,0.3581,2.7575,-0.3013,cascade
degraded_instruct,collapsed_q2_edge,cyber_only,medium,1600,0.0081,0.0056,0.0561,0.3887,0.665,0.0825,0.5044,4.1419,-0.4578,cascade
degraded_instruct,collapsed_q2_edge,structural_only,extreme,1600,0.005,0.0031,0.0786,0.335,0.8013,0.0425,0.9181,4.1844,-0.5284,cascade
degraded_instruct,collapsed_q2_edge,structural_only,high,1600,0.0238,0.0156,0.1389,0.4081,0.6362,0.0138,0.6094,3.3525,-0.3944,cascade
degraded_instruct,collapsed_q2_edge,structural_only,low,1600,0.1056,0.0794,0.3825,0.5619,0.2925,0.0063,0.32,1.6194,-0.1162,cascade
degraded_instruct,collapsed_q2_edge,structural_only,medium,1600,0.0606,0.05,0.2492,0.4925,0.4512,0.0187,0.445,2.6288,-0.2562,cascade
degraded_instruct,collapsed_q2_edge,tri_boundary_heavy,extreme,1600,0.0112,0.0037,0.1224,0.4512,0.7219,0.0944,0.9006,3.7419,-0.4908,cascade
degraded_instruct,collapsed_q2_edge,tri_boundary_heavy,high,1600,0.04,0.0275,0.1931,0.5437,0.5637,0.0781,0.605,3.1125,-0.3613,cascade
degraded_instruct,collapsed_q2_edge,tri_boundary_heavy,low,1600,0.1412,0.1006,0.4455,0.7131,0.2681,0.0431,0.3094,1.4781,-0.0871,cascade
degraded_instruct,collapsed_q2_edge,tri_boundary_heavy,medium,1600,0.0938,0.0719,0.3159,0.6288,0.4194,0.0563,0.44,2.3875,-0.2198,cascade
degraded_instruct,collapsed_q2_edge,tri_cognitive_bridge,extreme,1600,0.01,0.0063,0.1124,0.4713,0.7244,0.0925,0.9637,3.9487,-0.5041,cascade
degraded_instruct,collapsed_q2_edge,tri_cognitive_bridge,high,1600,0.0406,0.0262,0.1892,0.5563,0.5931,0.0456,0.6344,3.11,-0.3671,cascade
degraded_instruct,collapsed_q2_edge,tri_cognitive_bridge,low,1600,0.1369,0.0869,0.4296,0.6994,0.2525,0.0444,0.3425,1.5675,-0.1035,cascade
degraded_instruct,collapsed_q2_edge,tri_cognitive_bridge,medium,1600,0.0831,0.0663,0.2995,0.6056,0.4206,0.0462,0.475,2.4162,-0.228,cascade
degraded_instruct,collapsed_q2_edge,tri_cognitive_heavy,extreme,1600,0.0031,0.0013,0.062,0.4206,0.8319,0.0862,1.0112,4.4538,-0.5692,cascade
degraded_instruct,collapsed_q2_edge,tri_cognitive_heavy,high,1600,0.0138,0.0112,0.1253,0.5088,0.6606,0.0619,0.6831,3.5594,-0.4319,cascade
degraded_instruct,collapsed_q2_edge,tri_cognitive_heavy,low,1600,0.0737,0.05,0.3414,0.6325,0.3156,0.0413,0.3519,1.8069,-0.1714,cascade
degraded_instruct,collapsed_q2_edge,tri_cognitive_heavy,medium,1600,0.0381,0.0331,0.2316,0.5819,0.4694,0.055,0.4925,2.7806,-0.2971,cascade
degraded_instruct,collapsed_q2_edge,tri_cyber_heavy,extreme,1600,0.0112,0.0044,0.0937,0.4156,0.7612,0.1181,0.8912,4.0675,-0.5223,cascade
degraded_instruct,collapsed_q2_edge,tri_cyber_heavy,high,1600,0.0356,0.0213,0.1665,0.5387,0.6188,0.0894,0.6031,3.2625,-0.3936,cascade
degraded_instruct,collapsed_q2_edge,tri_cyber_heavy,low,1600,0.1106,0.0813,0.3984,0.6637,0.2913,0.0612,0.3144,1.6231,-0.1247,cascade
degraded_instruct,collapsed_q2_edge,tri_cyber_heavy,medium,1600,0.0762,0.0612,0.2732,0.5969,0.4506,0.0775,0.4344,2.6231,-0.2553,cascade
degraded_instruct,collapsed_q2_edge,tri_equal_routed,extreme,1600,0.0063,0.0031,0.0706,0.4056,0.8094,0.1081,0.9194,4.3256,-0.5511,cascade
degraded_instruct,collapsed_q2_edge,tri_equal_routed,high,1600,0.0175,0.0125,0.1417,0.5212,0.6344,0.075,0.6462,3.4481,-0.4169,cascade
degraded_instruct,collapsed_q2_edge,tri_equal_routed,low,1600,0.0938,0.0625,0.3768,0.6863,0.285,0.05,0.3281,1.735,-0.146,cascade
degraded_instruct,collapsed_q2_edge,tri_equal_routed,medium,1600,0.0469,0.0338,0.2452,0.5919,0.4531,0.0631,0.4831,2.7181,-0.2894,cascade
degraded_instruct,collapsed_q2_edge,tri_naive_equal_all_fire,extreme,1600,0.0156,0.0056,0.1391,0.5,0.6656,0.4331,0.9962,3.5488,-0.5378,cascade
degraded_instruct,collapsed_q2_edge,tri_naive_equal_all_fire,high,1600,0.0512,0.0238,0.2214,0.5763,0.525,0.3412,0.6956,2.8237,-0.3988,cascade
degraded_instruct,collapsed_q2_edge,tri_naive_equal_all_fire,low,1600,0.1656,0.0925,0.4705,0.7194,0.25,0.2225,0.3669,1.3288,-0.1228,cascade
degraded_instruct,collapsed_q2_edge,tri_naive_equal_all_fire,medium,1600,0.0906,0.0612,0.3414,0.65,0.36,0.31,0.48,2.2012,-0.2572,cascade
degraded_instruct,collapsed_q2_edge,tri_naive_structural_heavy_all_fire,extreme,1600,0.1512,0.055,0.4104,0.6025,0.4138,0.39,0.9125,1.78,-0.3091,cascade
degraded_instruct,collapsed_q2_edge,tri_naive_structural_heavy_all_fire,high,1600,0.2288,0.12,0.4823,0.6781,0.3575,0.295,0.5913,1.4812,-0.1676,cascade
degraded_instruct,collapsed_q2_edge,tri_naive_structural_heavy_all_fire,low,1600,0.4981,0.2719,0.7278,0.7931,0.1675,0.2375,0.335,0.4913,0.1228,none
degraded_instruct,collapsed_q2_edge,tri_naive_structural_heavy_all_fire,medium,1600,0.3744,0.2031,0.6135,0.7188,0.2288,0.2831,0.4719,0.9812,-0.0089,cascade
degraded_instruct,collapsed_q2_edge,tri_structural_heavy_55,extreme,1600,0.0256,0.01,0.1703,0.5094,0.655,0.0938,0.8694,3.5038,-0.45,cascade
degraded_instruct,collapsed_q2_edge,tri_structural_heavy_55,high,1600,0.065,0.045,0.2435,0.5606,0.5312,0.05,0.6262,2.795,-0.3142,cascade
degraded_instruct,collapsed_q2_edge,tri_structural_heavy_55,low,1600,0.1675,0.1288,0.4907,0.7125,0.2481,0.0425,0.3244,1.3137,-0.0458,cascade
degraded_instruct,collapsed_q2_edge,tri_structural_heavy_55,medium,1600,0.1106,0.0912,0.3546,0.6281,0.3944,0.05,0.4381,2.1637,-0.1803,cascade
degraded_instruct,collapsed_q2_edge,tri_structural_heavy_60,extreme,1600,0.0406,0.015,0.1932,0.4969,0.6225,0.0887,0.8994,3.2938,-0.4261,cascade
degraded_instruct,collapsed_q2_edge,tri_structural_heavy_60,high,1600,0.0719,0.0488,0.2752,0.5906,0.5175,0.05,0.5731,2.6237,-0.2935,cascade
degraded_instruct,collapsed_q2_edge,tri_structural_heavy_60,low,1600,0.1844,0.1269,0.5225,0.73,0.2137,0.0256,0.3219,1.2412,-0.0302,cascade
degraded_instruct,collapsed_q2_edge,tri_structural_heavy_60,medium,1600,0.1338,0.1094,0.3827,0.6362,0.3638,0.0462,0.45,2.0481,-0.1474,cascade
degraded_instruct,collapsed_q2_edge,tri_structural_heavy_65,extreme,1600,0.0462,0.0288,0.2193,0.5312,0.6075,0.0681,0.8662,3.0888,-0.3909,cascade
degraded_instruct,collapsed_q2_edge,tri_structural_heavy_65,high,1600,0.0781,0.0525,0.2948,0.5806,0.4819,0.0525,0.5863,2.5131,-0.2751,cascade
degraded_instruct,collapsed_q2_edge,tri_structural_heavy_65,low,1600,0.2244,0.155,0.5503,0.7325,0.2,0.0275,0.3013,1.1462,0.0081,cascade
degraded_instruct,collapsed_q2_edge,tri_structural_heavy_65,medium,1600,0.1694,0.1356,0.4315,0.6619,0.3419,0.0381,0.415,1.8575,-0.1006,cascade
degraded_instruct,damaged_q2,baseline,extreme,1600,0.0,0.0,0.0037,0.1544,0.9487,0.0269,0.9788,5.8812,-0.6624,cascade
degraded_instruct,damaged_q2,baseline,high,1600,0.0,0.0,0.0185,0.2481,0.7544,0.0094,0.6419,4.86,-0.5225,cascade
degraded_instruct,damaged_q2,baseline,low,1600,0.0081,0.005,0.1379,0.4094,0.355,0.0,0.3244,2.6919,-0.262,classification_miss
degraded_instruct,damaged_q2,baseline,medium,1600,0.0019,0.0019,0.061,0.3244,0.5825,0.0063,0.4731,4.0163,-0.4128,cascade
degraded_instruct,damaged_q2,cog_25_cyb_75,extreme,1600,0.0075,0.005,0.0928,0.4781,0.6994,0.1275,0.83,4.3356,-0.5135,cascade
degraded_instruct,damaged_q2,cog_25_cyb_75,high,1600,0.0213,0.015,0.1454,0.5294,0.5463,0.0862,0.6,3.5756,-0.3929,cascade
degraded_instruct,damaged_q2,cog_25_cyb_75,low,1600,0.0806,0.0525,0.364,0.7006,0.2612,0.0663,0.3056,1.8362,-0.1554,cascade
degraded_instruct,damaged_q2,cog_25_cyb_75,medium,1600,0.0581,0.045,0.2402,0.6156,0.4175,0.0737,0.4169,2.8813,-0.2724,cascade
degraded_instruct,damaged_q2,cog_25_str_75,extreme,1600,0.1113,0.0587,0.3404,0.6181,0.4288,0.0462,0.7981,2.5562,-0.2708,cascade
degraded_instruct,damaged_q2,cog_25_str_75,high,1600,0.1619,0.1175,0.4137,0.6562,0.3513,0.0206,0.5331,2.0244,-0.1359,cascade
degraded_instruct,damaged_q2,cog_25_str_75,low,1600,0.3306,0.2556,0.639,0.7837,0.1725,0.0056,0.28,0.8919,0.1358,none
degraded_instruct,damaged_q2,cog_25_str_75,medium,1600,0.2619,0.2131,0.5244,0.7331,0.2694,0.0175,0.3837,1.53,0.0216,cascade
degraded_instruct,damaged_q2,cog_40_cyb_60,extreme,1600,0.0056,0.0025,0.0789,0.47,0.73,0.1025,0.8938,4.4262,-0.5298,cascade
degraded_instruct,damaged_q2,cog_40_cyb_60,high,1600,0.0131,0.0063,0.1336,0.5481,0.5938,0.0881,0.5956,3.5688,-0.4156,cascade
degraded_instruct,damaged_q2,cog_40_cyb_60,low,1600,0.0663,0.0469,0.3436,0.685,0.2656,0.055,0.3019,1.9131,-0.1636,primitive_gap
degraded_instruct,damaged_q2,cog_40_cyb_60,medium,1600,0.0456,0.0369,0.2215,0.5962,0.43,0.0769,0.4288,2.9419,-0.2889,cascade
degraded_instruct,damaged_q2,cog_40_str_60,extreme,1600,0.0587,0.0331,0.2578,0.5931,0.5181,0.0494,0.8263,2.9994,-0.3483,cascade
degraded_instruct,damaged_q2,cog_40_str_60,high,1600,0.1019,0.0806,0.3431,0.6438,0.4056,0.03,0.5487,2.36,-0.209,cascade
degraded_instruct,damaged_q2,cog_40_str_60,low,1600,0.2494,0.19,0.5849,0.7769,0.1737,0.0169,0.2981,1.0837,0.0565,low_score
degraded_instruct,damaged_q2,cog_40_str_60,medium,1600,0.1819,0.1437,0.4558,0.705,0.2994,0.025,0.3812,1.8175,-0.0724,cascade
degraded_instruct,damaged_q2,cog_50_cyb_50,extreme,1600,0.0056,0.0013,0.0712,0.4469,0.7269,0.1138,0.8956,4.5225,-0.5373,cascade
degraded_instruct,damaged_q2,cog_50_cyb_50,high,1600,0.0144,0.0112,0.1354,0.5256,0.5731,0.0887,0.5906,3.6006,-0.4057,cascade
degraded_instruct,damaged_q2,cog_50_cyb_50,low,1600,0.0663,0.0488,0.3336,0.7,0.2719,0.0606,0.2969,1.9556,-0.1665,primitive_gap
degraded_instruct,damaged_q2,cog_50_cyb_50,medium,1600,0.045,0.0375,0.2321,0.6156,0.4156,0.0737,0.4313,2.9194,-0.2824,cascade
degraded_instruct,damaged_q2,cog_50_str_50,extreme,1600,0.0456,0.0269,0.2194,0.5781,0.5463,0.0556,0.8069,3.2669,-0.376,cascade
degraded_instruct,damaged_q2,cog_50_str_50,high,1600,0.0831,0.0656,0.314,0.64,0.4081,0.0312,0.5481,2.5419,-0.234,cascade
degraded_instruct,damaged_q2,cog_50_str_50,low,1600,0.1906,0.1456,0.5252,0.765,0.1931,0.0269,0.2762,1.2856,-0.0041,cascade
degraded_instruct,damaged_q2,cog_50_str_50,medium,1600,0.1419,0.1163,0.3996,0.69,0.3256,0.0275,0.4213,2.0806,-0.1247,cascade
degraded_instruct,damaged_q2,cog_60_cyb_40,extreme,1600,0.0037,0.0019,0.0691,0.4831,0.74,0.1119,0.9131,4.5931,-0.5452,cascade
degraded_instruct,damaged_q2,cog_60_cyb_40,high,1600,0.0125,0.0088,0.1261,0.5456,0.5763,0.0875,0.6075,3.6681,-0.4136,cascade
degraded_instruct,damaged_q2,cog_60_cyb_40,low,1600,0.0669,0.0419,0.3445,0.7,0.2556,0.0462,0.3256,1.9225,-0.1662,primitive_gap
degraded_instruct,damaged_q2,cog_60_cyb_40,medium,1600,0.0413,0.035,0.227,0.6362,0.4094,0.065,0.42,2.955,-0.2822,cascade
degraded_instruct,damaged_q2,cog_60_str_40,extreme,1600,0.0206,0.0125,0.1786,0.5544,0.5706,0.0737,0.8475,3.5863,-0.4206,cascade
degraded_instruct,damaged_q2,cog_60_str_40,high,1600,0.0556,0.0437,0.2541,0.6131,0.4625,0.0419,0.5475,2.8681,-0.2906,cascade
degraded_instruct,damaged_q2,cog_60_str_40,low,1600,0.1669,0.1206,0.5041,0.7462,0.1875,0.0331,0.2838,1.38,-0.0339,low_score
degraded_instruct,damaged_q2,cog_60_str_40,medium,1600,0.1106,0.0869,0.3707,0.7019,0.3362,0.045,0.425,2.2306,-0.1685,cascade
degraded_instruct,damaged_q2,cog_75_cyb_25,extreme,1600,0.0031,0.0019,0.0559,0.4581,0.7719,0.1194,0.9413,4.7331,-0.5655,cascade
degraded_instruct,damaged_q2,cog_75_cyb_25,high,1600,0.0125,0.0081,0.1265,0.5481,0.5919,0.0744,0.6256,3.6913,-0.4189,cascade
degraded_instruct,damaged_q2,cog_75_cyb_25,low,1600,0.0681,0.0462,0.3423,0.695,0.2631,0.055,0.3256,1.9156,-0.1655,primitive_gap
degraded_instruct,damaged_q2,cog_75_cyb_25,medium,1600,0.0312,0.025,0.2147,0.5988,0.4294,0.055,0.4531,2.9956,-0.3008,cascade
degraded_instruct,damaged_q2,cog_75_str_25,extreme,1600,0.01,0.0044,0.116,0.5075,0.6719,0.0669,0.8725,4.0438,-0.4826,cascade
degraded_instruct,damaged_q2,cog_75_str_25,high,1600,0.0344,0.0262,0.196,0.5775,0.5181,0.0444,0.6069,3.2113,-0.3472,cascade
degraded_instruct,damaged_q2,cog_75_str_25,low,1600,0.0969,0.0719,0.421,0.7425,0.2531,0.02,0.3069,1.6281,-0.114,cascade
degraded_instruct,damaged_q2,cog_75_str_25,medium,1600,0.0656,0.0506,0.2922,0.6663,0.3656,0.0481,0.4238,2.62,-0.2336,cascade
degraded_instruct,damaged_q2,cognitive_only,extreme,1600,0.0013,0.0006,0.0349,0.3869,0.8281,0.0862,0.9644,5.1612,-0.6003,cascade
degraded_instruct,damaged_q2,cognitive_only,high,1600,0.0069,0.0063,0.0782,0.47,0.6562,0.0425,0.635,4.0744,-0.4536,cascade
degraded_instruct,damaged_q2,cognitive_only,low,1600,0.0406,0.0331,0.2606,0.5944,0.3244,0.0294,0.3287,2.1831,-0.2055,cascade
degraded_instruct,damaged_q2,cognitive_only,medium,1600,0.0156,0.0125,0.1477,0.5162,0.4838,0.0462,0.4775,3.3887,-0.3495,cascade
degraded_instruct,damaged_q2,cyb_25_str_75,extreme,1600,0.1175,0.0594,0.3664,0.6225,0.4431,0.0656,0.7275,2.3406,-0.2619,cascade
degraded_instruct,damaged_q2,cyb_25_str_75,high,1600,0.1825,0.1212,0.4261,0.6512,0.3538,0.0419,0.505,1.9694,-0.1321,cascade
degraded_instruct,damaged_q2,cyb_25_str_75,low,1600,0.3456,0.2706,0.6553,0.7844,0.1506,0.0219,0.2431,0.8562,0.1588,none
degraded_instruct,damaged_q2,cyb_25_str_75,medium,1600,0.2888,0.2306,0.545,0.725,0.2481,0.02,0.3412,1.455,0.0521,cascade
degraded_instruct,damaged_q2,cyb_40_str_60,extreme,1600,0.1019,0.0462,0.3167,0.5913,0.46,0.0844,0.7288,2.675,-0.3007,cascade
degraded_instruct,damaged_q2,cyb_40_str_60,high,1600,0.1462,0.1006,0.3717,0.6356,0.4056,0.0525,0.5006,2.2031,-0.1818,cascade
degraded_instruct,damaged_q2,cyb_40_str_60,low,1600,0.2775,0.2094,0.5929,0.7725,0.1737,0.03,0.2994,1.0475,0.0749,none
degraded_instruct,damaged_q2,cyb_40_str_60,medium,1600,0.2306,0.1756,0.4859,0.7031,0.2737,0.0481,0.3731,1.7012,-0.031,cascade
degraded_instruct,damaged_q2,cyb_50_str_50,extreme,1600,0.0762,0.0356,0.2759,0.5694,0.495,0.0994,0.7231,2.9213,-0.3367,cascade
degraded_instruct,damaged_q2,cyb_50_str_50,high,1600,0.12,0.0806,0.3284,0.6275,0.435,0.0606,0.5238,2.4213,-0.225,cascade
degraded_instruct,damaged_q2,cyb_50_str_50,low,1600,0.22,0.1675,0.5459,0.7325,0.1862,0.0375,0.2544,1.1881,0.0244,classification_miss
degraded_instruct,damaged_q2,cyb_50_str_50,medium,1600,0.2031,0.1656,0.4694,0.7269,0.2737,0.0494,0.3769,1.8156,-0.0473,cascade
degraded_instruct,damaged_q2,cyb_60_str_40,extreme,1600,0.0512,0.0206,0.2362,0.5556,0.535,0.0969,0.7837,3.1575,-0.3798,cascade
degraded_instruct,damaged_q2,cyb_60_str_40,high,1600,0.0919,0.0612,0.2988,0.6012,0.4331,0.0706,0.525,2.5981,-0.2547,cascade
degraded_instruct,damaged_q2,cyb_60_str_40,low,1600,0.2,0.1406,0.5065,0.7325,0.2106,0.0506,0.2719,1.325,-0.0207,cascade
degraded_instruct,damaged_q2,cyb_60_str_40,medium,1600,0.1713,0.1306,0.4171,0.7056,0.3063,0.0725,0.3681,2.0469,-0.1075,cascade
degraded_instruct,damaged_q2,cyb_75_str_25,extreme,1600,0.0256,0.0094,0.1735,0.5288,0.6019,0.1306,0.7987,3.5894,-0.4407,cascade
degraded_instruct,damaged_q2,cyb_75_str_25,high,1600,0.0656,0.0437,0.2449,0.5831,0.4637,0.0675,0.5162,2.9219,-0.2963,cascade
degraded_instruct,damaged_q2,cyb_75_str_25,low,1600,0.1388,0.1081,0.454,0.7106,0.2169,0.0581,0.2687,1.5181,-0.066,cascade
degraded_instruct,damaged_q2,cyb_75_str_25,medium,1600,0.115,0.0925,0.3367,0.6575,0.3837,0.0688,0.3713,2.3794,-0.185,cascade
degraded_instruct,damaged_q2,cyber_only,extreme,1600,0.0019,0.0,0.054,0.38,0.7638,0.1319,0.84,4.6994,-0.5577,cascade
degraded_instruct,damaged_q2,cyber_only,high,1600,0.0144,0.0094,0.1114,0.4856,0.6044,0.0775,0.57,3.8275,-0.4244,cascade
degraded_instruct,damaged_q2,cyber_only,low,1600,0.0587,0.0425,0.2907,0.5975,0.2681,0.0606,0.2994,2.0606,-0.177,classification_miss
degraded_instruct,damaged_q2,cyber_only,medium,1600,0.0331,0.0244,0.1928,0.5375,0.4437,0.0706,0.4269,3.1113,-0.3126,cascade
degraded_instruct,damaged_q2,structural_only,extreme,1600,0.0694,0.035,0.2817,0.52,0.495,0.0344,0.7562,2.7981,-0.3208,cascade
degraded_instruct,damaged_q2,structural_only,high,1600,0.1106,0.0844,0.3512,0.57,0.3956,0.0131,0.51,2.2494,-0.1902,cascade
degraded_instruct,damaged_q2,structural_only,low,1600,0.2531,0.1925,0.5792,0.7125,0.1831,0.005,0.2812,1.0506,0.0615,classification_miss
degraded_instruct,damaged_q2,structural_only,medium,1600,0.2156,0.1719,0.4786,0.6512,0.2769,0.0131,0.3856,1.6806,-0.0287,cascade
degraded_instruct,damaged_q2,tri_boundary_heavy,extreme,1600,0.1306,0.0606,0.3699,0.6388,0.4319,0.1169,0.7375,2.3681,-0.2697,cascade
degraded_instruct,damaged_q2,tri_boundary_heavy,high,1600,0.1969,0.1356,0.4468,0.7056,0.35,0.0694,0.5088,1.8762,-0.1178,cascade
degraded_instruct,damaged_q2,tri_boundary_heavy,low,1600,0.3481,0.2506,0.6607,0.8219,0.1725,0.0519,0.2481,0.8456,0.1264,none
degraded_instruct,damaged_q2,tri_boundary_heavy,medium,1600,0.2963,0.2375,0.5606,0.7681,0.2575,0.0563,0.3663,1.4013,0.0496,cascade
degraded_instruct,damaged_q2,tri_cognitive_bridge,extreme,1600,0.1181,0.0606,0.3401,0.6475,0.4612,0.1,0.8013,2.5375,-0.2887,cascade
degraded_instruct,damaged_q2,tri_cognitive_bridge,high,1600,0.1594,0.11,0.4243,0.6844,0.345,0.0594,0.5056,2.0269,-0.1472,cascade
degraded_instruct,damaged_q2,tri_cognitive_bridge,low,1600,0.3319,0.2344,0.6542,0.8381,0.1519,0.04,0.2906,0.895,0.1128,none
degraded_instruct,damaged_q2,tri_cognitive_bridge,medium,1600,0.2587,0.2006,0.5284,0.7669,0.2756,0.0537,0.3931,1.5381,-0.0012,cascade
degraded_instruct,damaged_q2,tri_cognitive_heavy,extreme,1600,0.0563,0.0275,0.2658,0.6169,0.5019,0.1119,0.8344,2.9981,-0.3621,cascade
degraded_instruct,damaged_q2,tri_cognitive_heavy,high,1600,0.1163,0.0844,0.3555,0.6931,0.4056,0.0719,0.5544,2.33,-0.2125,cascade
degraded_instruct,damaged_q2,tri_cognitive_heavy,low,1600,0.215,0.1606,0.572,0.8094,0.1913,0.0319,0.2769,1.1444,0.0175,low_score
degraded_instruct,damaged_q2,tri_cognitive_heavy,medium,1600,0.1681,0.1406,0.4602,0.7381,0.2931,0.0525,0.3725,1.8475,-0.08,cascade
degraded_instruct,damaged_q2,tri_cyber_heavy,extreme,1600,0.0906,0.0394,0.3265,0.6212,0.4512,0.1381,0.7738,2.6481,-0.3179,cascade
degraded_instruct,damaged_q2,tri_cyber_heavy,high,1600,0.155,0.0925,0.3899,0.6725,0.3619,0.0969,0.5162,2.1831,-0.1859,cascade
degraded_instruct,damaged_q2,tri_cyber_heavy,low,1600,0.2681,0.1969,0.6023,0.8013,0.1837,0.0606,0.2544,1.0269,0.0579,none
degraded_instruct,damaged_q2,tri_cyber_heavy,medium,1600,0.2444,0.1894,0.5139,0.7462,0.2562,0.075,0.3556,1.6319,-0.0125,cascade
degraded_instruct,damaged_q2,tri_equal_routed,extreme,1600,0.0744,0.03,0.2868,0.6181,0.4838,0.0975,0.7738,2.8662,-0.3398,cascade
degraded_instruct,damaged_q2,tri_equal_routed,high,1600,0.1225,0.08,0.3589,0.6881,0.3881,0.0756,0.5644,2.3281,-0.2131,cascade
degraded_instruct,damaged_q2,tri_equal_routed,low,1600,0.2594,0.1944,0.5858,0.7856,0.1881,0.045,0.2769,1.075,0.053,none
degraded_instruct,damaged_q2,tri_equal_routed,medium,1600,0.2037,0.1631,0.4858,0.7712,0.2794,0.0612,0.3981,1.7469,-0.0521,cascade
degraded_instruct,damaged_q2,tri_naive_equal_all_fire,extreme,1600,0.1025,0.0406,0.3525,0.6469,0.4069,0.4194,0.845,2.2862,-0.3472,cascade
degraded_instruct,damaged_q2,tri_naive_equal_all_fire,high,1600,0.1781,0.09,0.4488,0.7356,0.3387,0.3556,0.5719,1.7381,-0.2154,cascade
degraded_instruct,damaged_q2,tri_naive_equal_all_fire,low,1600,0.3825,0.2106,0.6595,0.8113,0.1762,0.24,0.3125,0.7438,0.0476,none
degraded_instruct,damaged_q2,tri_naive_equal_all_fire,medium,1600,0.2913,0.165,0.5659,0.7644,0.2456,0.2856,0.4231,1.2681,-0.0631,cascade
degraded_instruct,damaged_q2,tri_naive_structural_heavy_all_fire,extreme,1600,0.4462,0.1406,0.655,0.7244,0.2537,0.3862,0.7562,0.6881,-0.1077,distractor_capture
degraded_instruct,damaged_q2,tri_naive_structural_heavy_all_fire,high,1600,0.51,0.23,0.7132,0.7806,0.2244,0.3219,0.5238,0.5494,0.0289,distractor_capture
degraded_instruct,damaged_q2,tri_naive_structural_heavy_all_fire,low,1600,0.7762,0.4587,0.8689,0.8806,0.1106,0.23,0.2812,0.12,0.3511,none
degraded_instruct,damaged_q2,tri_naive_structural_heavy_all_fire,medium,1600,0.6225,0.3219,0.785,0.8187,0.1744,0.2888,0.3956,0.3406,0.1631,none
degraded_instruct,damaged_q2,tri_structural_heavy_55,extreme,1600,0.1631,0.08,0.4188,0.6825,0.3975,0.08,0.775,2.1256,-0.2235,cascade
degraded_instruct,damaged_q2,tri_structural_heavy_55,high,1600,0.2375,0.1619,0.4945,0.735,0.3225,0.0587,0.5019,1.6938,-0.0715,cascade
degraded_instruct,damaged_q2,tri_structural_heavy_55,low,1600,0.4163,0.3106,0.7132,0.8431,0.1437,0.0375,0.2925,0.6831,0.2024,none
degraded_instruct,damaged_q2,tri_structural_heavy_55,medium,1600,0.3488,0.2594,0.6053,0.7831,0.2325,0.0437,0.3669,1.2225,0.0904,none
degraded_instruct,damaged_q2,tri_structural_heavy_60,extreme,1600,0.21,0.1087,0.4537,0.685,0.4069,0.0744,0.695,1.9319,-0.1804,cascade
degraded_instruct,damaged_q2,tri_structural_heavy_60,high,1600,0.2787,0.195,0.5234,0.7444,0.3169,0.0481,0.4988,1.5263,-0.0259,cascade
degraded_instruct,damaged_q2,tri_structural_heavy_60,low,1600,0.4856,0.3638,0.7522,0.8594,0.1319,0.0262,0.255,0.58,0.2695,none
degraded_instruct,damaged_q2,tri_structural_heavy_60,medium,1600,0.4181,0.3169,0.6534,0.7981,0.1956,0.0575,0.3638,1.065,0.1643,none
degraded_instruct,damaged_q2,tri_structural_heavy_65,extreme,1600,0.2431,0.1144,0.4996,0.7094,0.3488,0.0819,0.7481,1.725,-0.1527,cascade
degraded_instruct,damaged_q2,tri_structural_heavy_65,high,1600,0.3044,0.2062,0.5549,0.7312,0.295,0.0413,0.5138,1.3925,-0.0012,cascade
degraded_instruct,damaged_q2,tri_structural_heavy_65,low,1600,0.5337,0.3925,0.7694,0.8413,0.1225,0.0325,0.2675,0.5025,0.3027,none
degraded_instruct,damaged_q2,tri_structural_heavy_65,medium,1600,0.4219,0.3256,0.6592,0.7738,0.205,0.0369,0.3488,0.9906,0.1793,none
degraded_instruct,damaged_q3,baseline,extreme,1600,0.0187,0.0106,0.1649,0.4713,0.4612,0.0325,0.6188,3.8875,-0.3781,cascade
degraded_instruct,damaged_q3,baseline,high,1600,0.0437,0.0381,0.2321,0.5175,0.3475,0.0037,0.4269,3.1113,-0.2566,cascade
degraded_instruct,damaged_q3,baseline,low,1600,0.0994,0.0806,0.4013,0.6244,0.1769,0.0,0.2031,1.7131,-0.0743,classification_miss
degraded_instruct,damaged_q3,baseline,medium,1600,0.0681,0.0587,0.2981,0.5344,0.2644,0.005,0.2963,2.6037,-0.1754,classification_miss
degraded_instruct,damaged_q3,cog_25_cyb_75,extreme,1600,0.1837,0.0988,0.4441,0.74,0.3369,0.1313,0.5537,2.2388,-0.1848,cascade
degraded_instruct,damaged_q3,cog_25_cyb_75,high,1600,0.2519,0.1831,0.4953,0.7819,0.2469,0.1044,0.3831,1.9019,-0.0376,primitive_gap
degraded_instruct,damaged_q3,cog_25_cyb_75,low,1600,0.3063,0.2362,0.6419,0.8475,0.1169,0.0544,0.2006,1.0006,0.1242,none
degraded_instruct,damaged_q3,cog_25_cyb_75,medium,1600,0.3075,0.2375,0.5642,0.7963,0.195,0.0969,0.2819,1.5331,0.0604,primitive_gap
degraded_instruct,damaged_q3,cog_25_str_75,extreme,1600,0.6338,0.3756,0.7654,0.8681,0.2056,0.0481,0.4925,0.6406,0.2329,none
degraded_instruct,damaged_q3,cog_25_str_75,high,1600,0.675,0.4944,0.8064,0.8919,0.1588,0.0175,0.3563,0.4888,0.3903,none
degraded_instruct,damaged_q3,cog_25_str_75,low,1600,0.8319,0.6669,0.9226,0.9537,0.08,0.0131,0.1981,0.105,0.6191,none
degraded_instruct,damaged_q3,cog_25_str_75,medium,1600,0.7694,0.5881,0.8769,0.9244,0.1081,0.0169,0.26,0.2644,0.5183,none
degraded_instruct,damaged_q3,cog_40_cyb_60,extreme,1600,0.1594,0.0969,0.4225,0.7488,0.3294,0.1163,0.5837,2.3975,-0.1918,cascade
degraded_instruct,damaged_q3,cog_40_cyb_60,high,1600,0.2125,0.1562,0.4633,0.7925,0.27,0.09,0.3969,2.0425,-0.0766,primitive_gap
degraded_instruct,damaged_q3,cog_40_cyb_60,low,1600,0.2944,0.2331,0.6473,0.8656,0.1319,0.0638,0.1913,0.9775,0.1166,low_score
degraded_instruct,damaged_q3,cog_40_cyb_60,medium,1600,0.3038,0.2506,0.5697,0.8213,0.19,0.0762,0.2981,1.5231,0.0784,primitive_gap
degraded_instruct,damaged_q3,cog_40_str_60,extreme,1600,0.4706,0.2637,0.6714,0.8294,0.2112,0.0612,0.5481,1.1331,0.0876,none
degraded_instruct,damaged_q3,cog_40_str_60,high,1600,0.5737,0.4338,0.7378,0.8906,0.1756,0.0213,0.345,0.8369,0.3074,none
degraded_instruct,damaged_q3,cog_40_str_60,low,1600,0.7244,0.5769,0.8894,0.965,0.0844,0.0163,0.2,0.2275,0.5209,none
degraded_instruct,damaged_q3,cog_40_str_60,medium,1600,0.6731,0.5356,0.8137,0.9219,0.1388,0.025,0.2594,0.52,0.4422,none
degraded_instruct,damaged_q3,cog_50_cyb_50,extreme,1600,0.1569,0.0825,0.4309,0.7644,0.3438,0.1306,0.5787,2.3331,-0.2097,cascade
degraded_instruct,damaged_q3,cog_50_cyb_50,high,1600,0.2181,0.1644,0.4801,0.7925,0.2762,0.0906,0.3769,1.9525,-0.0644,primitive_gap
degraded_instruct,damaged_q3,cog_50_cyb_50,low,1600,0.2787,0.205,0.6321,0.8838,0.1531,0.0594,0.2137,1.0156,0.0793,low_score
degraded_instruct,damaged_q3,cog_50_cyb_50,medium,1600,0.3044,0.2519,0.569,0.8337,0.1919,0.0656,0.2675,1.5562,0.082,primitive_gap
degraded_instruct,damaged_q3,cog_50_str_50,extreme,1600,0.4044,0.2119,0.6259,0.8187,0.2288,0.0694,0.5756,1.3613,0.0153,cascade
degraded_instruct,damaged_q3,cog_50_str_50,high,1600,0.5,0.3725,0.6964,0.8806,0.2069,0.0375,0.3513,0.9844,0.2256,none
degraded_instruct,damaged_q3,cog_50_str_50,low,1600,0.6212,0.5012,0.8478,0.9656,0.0831,0.025,0.1888,0.385,0.437,none
degraded_instruct,damaged_q3,cog_50_str_50,medium,1600,0.6112,0.4881,0.782,0.9194,0.1169,0.0325,0.2812,0.7,0.3891,none
degraded_instruct,damaged_q3,cog_60_cyb_40,extreme,1600,0.1338,0.0775,0.4001,0.74,0.3381,0.1006,0.5894,2.4981,-0.2161,cascade
degraded_instruct,damaged_q3,cog_60_cyb_40,high,1600,0.21,0.1531,0.4734,0.7963,0.2825,0.0762,0.3887,1.9794,-0.0769,primitive_gap
degraded_instruct,damaged_q3,cog_60_cyb_40,low,1600,0.2944,0.2369,0.6478,0.89,0.1338,0.0563,0.1925,1.0031,0.1199,none
degraded_instruct,damaged_q3,cog_60_cyb_40,medium,1600,0.2875,0.2381,0.5537,0.8244,0.2137,0.0625,0.2769,1.58,0.0603,primitive_gap
degraded_instruct,damaged_q3,cog_60_str_40,extreme,1600,0.3337,0.1844,0.5794,0.8206,0.2469,0.0606,0.5787,1.6175,-0.029,primitive_gap
degraded_instruct,damaged_q3,cog_60_str_40,high,1600,0.4019,0.2994,0.632,0.8631,0.2206,0.0444,0.39,1.2775,0.1292,none
degraded_instruct,damaged_q3,cog_60_str_40,low,1600,0.5206,0.4188,0.8014,0.9437,0.0887,0.0294,0.195,0.5256,0.3444,none
degraded_instruct,damaged_q3,cog_60_str_40,medium,1600,0.515,0.4275,0.7216,0.9081,0.1406,0.0288,0.2556,0.9506,0.3116,none
degraded_instruct,damaged_q3,cog_75_cyb_25,extreme,1600,0.1231,0.065,0.3751,0.7362,0.36,0.095,0.6138,2.6313,-0.2427,cascade
degraded_instruct,damaged_q3,cog_75_cyb_25,high,1600,0.1988,0.1562,0.4641,0.81,0.2913,0.0719,0.4094,2.025,-0.0795,primitive_gap
degraded_instruct,damaged_q3,cog_75_cyb_25,low,1600,0.28,0.2144,0.6393,0.8912,0.1306,0.0481,0.2256,1.0288,0.0961,low_score
degraded_instruct,damaged_q3,cog_75_cyb_25,medium,1600,0.2706,0.22,0.5465,0.8394,0.21,0.06,0.29,1.6481,0.0394,primitive_gap
degraded_instruct,damaged_q3,cog_75_str_25,extreme,1600,0.2206,0.1281,0.487,0.7788,0.2988,0.0856,0.5681,2.0756,-0.1279,primitive_gap
degraded_instruct,damaged_q3,cog_75_str_25,high,1600,0.3044,0.2338,0.5654,0.8419,0.2575,0.0531,0.3769,1.5675,0.0374,cascade
degraded_instruct,damaged_q3,cog_75_str_25,low,1600,0.4131,0.3094,0.7339,0.9225,0.1125,0.035,0.2169,0.7288,0.2148,none
degraded_instruct,damaged_q3,cog_75_str_25,medium,1600,0.4,0.3237,0.6545,0.8806,0.165,0.0431,0.2781,1.2169,0.1825,none
degraded_instruct,damaged_q3,cognitive_only,extreme,1600,0.0663,0.0344,0.2935,0.6644,0.3931,0.0825,0.6475,3.0981,-0.3068,cascade
degraded_instruct,damaged_q3,cognitive_only,high,1600,0.1231,0.0938,0.374,0.7231,0.3181,0.0494,0.4387,2.4431,-0.1688,primitive_gap
degraded_instruct,damaged_q3,cognitive_only,low,1600,0.1944,0.15,0.5589,0.8125,0.1537,0.0331,0.2331,1.2512,0.016,low_score
degraded_instruct,damaged_q3,cognitive_only,medium,1600,0.1913,0.16,0.4662,0.7475,0.2075,0.0437,0.2975,1.9769,-0.0336,primitive_gap
degraded_instruct,damaged_q3,cyb_25_str_75,extreme,1600,0.6494,0.3894,0.7832,0.845,0.1794,0.0712,0.4575,0.5675,0.2563,none
degraded_instruct,damaged_q3,cyb_25_str_75,high,1600,0.6656,0.4856,0.8003,0.8688,0.1688,0.0394,0.3056,0.4894,0.3782,none
degraded_instruct,damaged_q3,cyb_25_str_75,low,1600,0.8187,0.6781,0.9108,0.915,0.0831,0.0206,0.1744,0.12,0.6291,none
degraded_instruct,damaged_q3,cyb_25_str_75,medium,1600,0.75,0.5825,0.8591,0.88,0.1025,0.0281,0.2556,0.3119,0.5101,none
degraded_instruct,damaged_q3,cyb_40_str_60,extreme,1600,0.5463,0.3194,0.7255,0.8181,0.2238,0.0856,0.4688,0.7913,0.1581,none
degraded_instruct,damaged_q3,cyb_40_str_60,high,1600,0.5744,0.4188,0.7381,0.8419,0.1731,0.0581,0.3337,0.7675,0.2901,none
degraded_instruct,damaged_q3,cyb_40_str_60,low,1600,0.7013,0.56,0.8612,0.8919,0.0956,0.0288,0.1819,0.2656,0.4977,none
degraded_instruct,damaged_q3,cyb_40_str_60,medium,1600,0.66,0.5138,0.807,0.8669,0.1294,0.0406,0.2562,0.5125,0.4207,none
degraded_instruct,damaged_q3,cyb_50_str_50,extreme,1600,0.4913,0.2806,0.6844,0.7856,0.2181,0.0894,0.4938,1.0025,0.1077,none
degraded_instruct,damaged_q3,cyb_50_str_50,high,1600,0.5181,0.3744,0.6978,0.8231,0.18,0.0519,0.3394,0.9431,0.2357,none
degraded_instruct,damaged_q3,cyb_50_str_50,low,1600,0.6412,0.5238,0.8354,0.8756,0.08,0.0387,0.1681,0.3644,0.4603,none
degraded_instruct,damaged_q3,cyb_50_str_50,medium,1600,0.6044,0.4806,0.7748,0.8531,0.1325,0.0488,0.2281,0.6556,0.3801,none
degraded_instruct,damaged_q3,cyb_60_str_40,extreme,1600,0.4325,0.2487,0.6443,0.7756,0.2188,0.0906,0.4838,1.2425,0.0642,none
degraded_instruct,damaged_q3,cyb_60_str_40,high,1600,0.4519,0.3269,0.666,0.8144,0.1925,0.0669,0.3438,1.0788,0.1743,none
degraded_instruct,damaged_q3,cyb_60_str_40,low,1600,0.5725,0.4487,0.8006,0.8806,0.0931,0.0344,0.195,0.4725,0.3747,none
degraded_instruct,damaged_q3,cyb_60_str_40,medium,1600,0.54,0.4206,0.7364,0.8394,0.1575,0.0631,0.2537,0.7837,0.3013,none
degraded_instruct,damaged_q3,cyb_75_str_25,extreme,1600,0.3256,0.1825,0.5666,0.75,0.2675,0.1263,0.5012,1.5981,-0.043,cascade
degraded_instruct,damaged_q3,cyb_75_str_25,high,1600,0.3831,0.2737,0.5919,0.7875,0.2238,0.0875,0.3463,1.3944,0.0917,none
degraded_instruct,damaged_q3,cyb_75_str_25,low,1600,0.4594,0.365,0.7298,0.85,0.11,0.0581,0.1819,0.6913,0.2713,none
degraded_instruct,damaged_q3,cyb_75_str_25,medium,1600,0.4494,0.3469,0.6733,0.8069,0.1625,0.0769,0.2469,1.0588,0.2101,none
degraded_instruct,damaged_q3,cyber_only,extreme,1600,0.1344,0.0731,0.3736,0.6737,0.3494,0.1313,0.5806,2.6081,-0.2348,cascade
degraded_instruct,damaged_q3,cyber_only,high,1600,0.1888,0.1356,0.4172,0.7037,0.295,0.0956,0.3756,2.2019,-0.1121,cascade
degraded_instruct,damaged_q3,cyber_only,low,1600,0.2362,0.1862,0.5824,0.7913,0.1388,0.065,0.1931,1.1594,0.0582,low_score
degraded_instruct,damaged_q3,cyber_only,medium,1600,0.2456,0.2,0.5042,0.7381,0.2194,0.0769,0.3006,1.7469,0.0074,primitive_gap
degraded_instruct,damaged_q3,structural_only,extreme,1600,0.4981,0.3031,0.6905,0.7669,0.2269,0.0356,0.5369,0.9137,0.1393,none
degraded_instruct,damaged_q3,structural_only,high,1600,0.6025,0.465,0.7543,0.7981,0.1562,0.0119,0.3419,0.665,0.3552,none
degraded_instruct,damaged_q3,structural_only,low,1600,0.7769,0.6394,0.8919,0.8888,0.0744,0.0031,0.1963,0.17,0.5922,none
degraded_instruct,damaged_q3,structural_only,medium,1600,0.6687,0.53,0.8163,0.8406,0.1225,0.0131,0.2594,0.445,0.4476,none
degraded_instruct,damaged_q3,tri_boundary_heavy,extreme,1600,0.6625,0.38,0.7849,0.8625,0.1769,0.1,0.4925,0.5656,0.2393,none
degraded_instruct,damaged_q3,tri_boundary_heavy,high,1600,0.68,0.4831,0.8103,0.8938,0.1569,0.0669,0.3406,0.475,0.3717,none
degraded_instruct,damaged_q3,tri_boundary_heavy,low,1600,0.8287,0.6494,0.922,0.9456,0.0762,0.0475,0.1913,0.1062,0.5964,none
degraded_instruct,damaged_q3,tri_boundary_heavy,medium,1600,0.7506,0.5556,0.8611,0.915,0.1263,0.0619,0.2562,0.3019,0.4698,none
degraded_instruct,damaged_q3,tri_cognitive_bridge,extreme,1600,0.6319,0.3387,0.7759,0.8875,0.185,0.0894,0.5256,0.6206,0.1923,none
degraded_instruct,damaged_q3,tri_cognitive_bridge,high,1600,0.6775,0.4794,0.8088,0.9244,0.1487,0.0569,0.3669,0.5238,0.3678,none
degraded_instruct,damaged_q3,tri_cognitive_bridge,low,1600,0.8294,0.64,0.9279,0.9794,0.0744,0.0419,0.205,0.11,0.5874,none
degraded_instruct,damaged_q3,tri_cognitive_bridge,medium,1600,0.7969,0.5844,0.8825,0.9437,0.0975,0.0475,0.2762,0.2687,0.5101,none
degraded_instruct,damaged_q3,tri_cognitive_heavy,extreme,1600,0.465,0.2462,0.6716,0.8569,0.2394,0.1081,0.5456,1.1138,0.0535,none
degraded_instruct,damaged_q3,tri_cognitive_heavy,high,1600,0.5663,0.3969,0.7354,0.9187,0.1944,0.0688,0.3887,0.8269,0.2524,none
degraded_instruct,damaged_q3,tri_cognitive_heavy,low,1600,0.73,0.5687,0.8902,0.9775,0.09,0.0375,0.2056,0.2269,0.5065,none
degraded_instruct,damaged_q3,tri_cognitive_heavy,medium,1600,0.6763,0.5125,0.8189,0.9425,0.1281,0.0481,0.28,0.53,0.4155,none
degraded_instruct,damaged_q3,tri_cyber_heavy,extreme,1600,0.5663,0.32,0.7309,0.8325,0.2144,0.1494,0.4825,0.7812,0.1482,none
degraded_instruct,damaged_q3,tri_cyber_heavy,high,1600,0.5863,0.3981,0.7356,0.8519,0.1713,0.1081,0.3356,0.795,0.2585,none
degraded_instruct,damaged_q3,tri_cyber_heavy,low,1600,0.7044,0.535,0.8648,0.9094,0.08,0.0544,0.1956,0.2775,0.4706,none
degraded_instruct,damaged_q3,tri_cyber_heavy,medium,1600,0.6644,0.505,0.8138,0.8819,0.1244,0.0663,0.2381,0.5094,0.4099,none
degraded_instruct,damaged_q3,tri_equal_routed,extreme,1600,0.5306,0.2919,0.7118,0.8519,0.2225,0.1125,0.5106,0.9113,0.1162,none
degraded_instruct,damaged_q3,tri_equal_routed,high,1600,0.5613,0.3919,0.7354,0.8812,0.1844,0.0819,0.375,0.79,0.2507,none
degraded_instruct,damaged_q3,tri_equal_routed,low,1600,0.7144,0.5669,0.8774,0.9394,0.0825,0.0506,0.1787,0.2581,0.5048,none
degraded_instruct,damaged_q3,tri_equal_routed,medium,1600,0.6656,0.5069,0.8156,0.9137,0.1294,0.0706,0.2369,0.5231,0.4088,none
degraded_instruct,damaged_q3,tri_naive_equal_all_fire,extreme,1600,0.5587,0.22,0.7336,0.8456,0.2019,0.405,0.5725,0.5463,0.0053,distractor_capture
degraded_instruct,damaged_q3,tri_naive_equal_all_fire,high,1600,0.6225,0.2981,0.7791,0.8906,0.1569,0.3419,0.4294,0.4612,0.1253,none
degraded_instruct,damaged_q3,tri_naive_equal_all_fire,low,1600,0.8106,0.4975,0.8981,0.9569,0.1031,0.2369,0.2225,0.0956,0.3966,none
degraded_instruct,damaged_q3,tri_naive_equal_all_fire,medium,1600,0.7356,0.4037,0.8421,0.9181,0.1294,0.2925,0.3156,0.265,0.2679,none
degraded_instruct,damaged_q3,tri_naive_structural_heavy_all_fire,extreme,1600,0.7512,0.2819,0.8404,0.9069,0.1575,0.3975,0.5194,0.0856,0.1093,distractor_capture
degraded_instruct,damaged_q3,tri_naive_structural_heavy_all_fire,high,1600,0.8,0.395,0.8784,0.94,0.1406,0.3262,0.3538,0.0719,0.2557,none
degraded_instruct,damaged_q3,tri_naive_structural_heavy_all_fire,low,1600,0.8994,0.5619,0.9329,0.9881,0.0694,0.23,0.2069,0.0369,0.4767,none
degraded_instruct,damaged_q3,tri_naive_structural_heavy_all_fire,medium,1600,0.8456,0.4619,0.9046,0.9725,0.12,0.2869,0.2756,0.0475,0.3441,none
degraded_instruct,damaged_q3,tri_structural_heavy_55,extreme,1600,0.7212,0.3912,0.8317,0.9019,0.1837,0.0912,0.4888,0.3219,0.2627,none
degraded_instruct,damaged_q3,tri_structural_heavy_55,high,1600,0.7394,0.5169,0.8591,0.9237,0.1475,0.0675,0.3356,0.2756,0.4185,none
degraded_instruct,damaged_q3,tri_structural_heavy_55,low,1600,0.8969,0.7163,0.9512,0.9831,0.0663,0.0362,0.1812,0.0425,0.6725,none
degraded_instruct,damaged_q3,tri_structural_heavy_55,medium,1600,0.8144,0.6125,0.905,0.9587,0.1125,0.0469,0.2519,0.1613,0.5412,none
degraded_instruct,damaged_q3,tri_structural_heavy_60,extreme,1600,0.7606,0.4319,0.855,0.9163,0.155,0.0712,0.4988,0.2537,0.3185,none
degraded_instruct,damaged_q3,tri_structural_heavy_60,high,1600,0.7856,0.5575,0.8804,0.9287,0.135,0.0444,0.3256,0.1994,0.4721,none
degraded_instruct,damaged_q3,tri_structural_heavy_60,low,1600,0.8906,0.71,0.9486,0.9788,0.0706,0.0312,0.1819,0.0425,0.6659,none
degraded_instruct,damaged_q3,tri_structural_heavy_60,medium,1600,0.8544,0.6362,0.9202,0.9519,0.1006,0.0519,0.2494,0.1006,0.5707,none
degraded_instruct,damaged_q3,tri_structural_heavy_65,extreme,1600,0.7712,0.4519,0.8639,0.895,0.1506,0.0744,0.4644,0.1963,0.3448,none
degraded_instruct,damaged_q3,tri_structural_heavy_65,high,1600,0.815,0.5725,0.8934,0.9256,0.1212,0.0469,0.305,0.16,0.4943,none
degraded_instruct,damaged_q3,tri_structural_heavy_65,low,1600,0.8925,0.7219,0.9496,0.9806,0.0719,0.0281,0.1762,0.0413,0.6785,none
degraded_instruct,damaged_q3,tri_structural_heavy_65,medium,1600,0.8706,0.6488,0.9303,0.9569,0.0981,0.0406,0.24,0.0631,0.5888,none
degraded_instruct,damaged_q4,baseline,extreme,1600,0.1,0.0675,0.3627,0.6269,0.2819,0.0381,0.4775,2.785,-0.2021,primitive_gap
degraded_instruct,damaged_q4,baseline,high,1600,0.1613,0.1388,0.4165,0.6381,0.2213,0.0106,0.3113,2.2681,-0.0681,primitive_gap
degraded_instruct,damaged_q4,baseline,low,1600,0.2144,0.1831,0.5633,0.7294,0.0963,0.0,0.1494,1.2431,0.0801,low_score
degraded_instruct,damaged_q4,baseline,medium,1600,0.1894,0.1744,0.4696,0.6369,0.1581,0.0019,0.2344,1.9062,0.0125,classification_miss
degraded_instruct,damaged_q4,cog_25_cyb_75,extreme,1600,0.4487,0.2619,0.6513,0.8369,0.1944,0.1288,0.4363,1.33,0.0764,none
degraded_instruct,damaged_q4,cog_25_cyb_75,high,1600,0.4869,0.3663,0.6754,0.8725,0.165,0.0881,0.3056,1.1538,0.217,none
degraded_instruct,damaged_q4,cog_25_cyb_75,low,1600,0.5156,0.4019,0.7887,0.9187,0.0744,0.0775,0.16,0.5744,0.3225,none
degraded_instruct,damaged_q4,cog_25_cyb_75,medium,1600,0.57,0.4394,0.7532,0.9,0.1075,0.0838,0.2219,0.8494,0.3302,none
degraded_instruct,damaged_q4,cog_25_str_75,extreme,1600,0.8356,0.525,0.9059,0.9575,0.1281,0.0431,0.4081,0.0944,0.4406,none
degraded_instruct,damaged_q4,cog_25_str_75,high,1600,0.885,0.6431,0.9331,0.9794,0.0956,0.02,0.2988,0.0612,0.5835,none
degraded_instruct,damaged_q4,cog_25_str_75,low,1600,0.9231,0.765,0.9621,0.9888,0.0394,0.0094,0.1669,0.0419,0.7359,none
degraded_instruct,damaged_q4,cog_25_str_75,medium,1600,0.9144,0.735,0.9509,0.99,0.0712,0.0219,0.1913,0.0563,0.6911,none
degraded_instruct,damaged_q4,cog_40_cyb_60,extreme,1600,0.4406,0.2675,0.6546,0.8619,0.195,0.1294,0.4306,1.3619,0.0806,none
degraded_instruct,damaged_q4,cog_40_cyb_60,high,1600,0.5,0.3656,0.6904,0.89,0.15,0.09,0.2975,1.1244,0.2226,none
degraded_instruct,damaged_q4,cog_40_cyb_60,low,1600,0.5281,0.4294,0.7926,0.9325,0.0719,0.0544,0.1675,0.5737,0.3548,none
degraded_instruct,damaged_q4,cog_40_cyb_60,medium,1600,0.5544,0.4481,0.7501,0.9137,0.1006,0.085,0.2019,0.8981,0.3399,none
degraded_instruct,damaged_q4,cog_40_str_60,extreme,1600,0.8406,0.5406,0.8962,0.9575,0.1194,0.0525,0.3831,0.1781,0.4548,none
degraded_instruct,damaged_q4,cog_40_str_60,high,1600,0.87,0.6556,0.9222,0.9862,0.0938,0.0269,0.2662,0.1369,0.594,none
degraded_instruct,damaged_q4,cog_40_str_60,low,1600,0.9287,0.7837,0.9658,0.9888,0.0419,0.0131,0.1462,0.0306,0.7553,none
degraded_instruct,damaged_q4,cog_40_str_60,medium,1600,0.9012,0.715,0.9467,0.9869,0.0731,0.0262,0.2037,0.0638,0.6683,none
degraded_instruct,damaged_q4,cog_50_cyb_50,extreme,1600,0.415,0.2619,0.6453,0.865,0.19,0.1056,0.4338,1.4212,0.078,none
degraded_instruct,damaged_q4,cog_50_cyb_50,high,1600,0.4856,0.3663,0.6803,0.9038,0.1581,0.075,0.3088,1.1756,0.2203,none
degraded_instruct,damaged_q4,cog_50_cyb_50,low,1600,0.5181,0.405,0.7982,0.9525,0.08,0.0675,0.1575,0.5606,0.3269,none
degraded_instruct,damaged_q4,cog_50_cyb_50,medium,1600,0.5419,0.4363,0.7386,0.9175,0.1306,0.075,0.2181,0.91,0.3191,none
degraded_instruct,damaged_q4,cog_50_str_50,extreme,1600,0.7706,0.4988,0.8565,0.9656,0.1369,0.0656,0.3912,0.395,0.3935,none
degraded_instruct,damaged_q4,cog_50_str_50,high,1600,0.8269,0.5962,0.8894,0.9819,0.1031,0.0369,0.3156,0.2687,0.5192,none
degraded_instruct,damaged_q4,cog_50_str_50,low,1600,0.8931,0.7381,0.9535,0.9912,0.0575,0.025,0.1606,0.0544,0.7003,none
degraded_instruct,damaged_q4,cog_50_str_50,medium,1600,0.8631,0.6756,0.9228,0.9881,0.0875,0.0262,0.225,0.1537,0.6184,none
degraded_instruct,damaged_q4,cog_60_cyb_40,extreme,1600,0.3837,0.2419,0.625,0.8812,0.2056,0.1062,0.4825,1.5169,0.0445,primitive_gap
degraded_instruct,damaged_q4,cog_60_cyb_40,high,1600,0.4781,0.3625,0.6803,0.9113,0.1638,0.0956,0.2906,1.1863,0.2117,none
degraded_instruct,damaged_q4,cog_60_cyb_40,low,1600,0.4975,0.3969,0.7877,0.9631,0.0731,0.05,0.1731,0.6081,0.3207,none
degraded_instruct,damaged_q4,cog_60_cyb_40,medium,1600,0.54,0.4363,0.7414,0.9263,0.125,0.07,0.2188,0.9056,0.322,none
degraded_instruct,damaged_q4,cog_60_str_40,extreme,1600,0.7094,0.4363,0.8119,0.9525,0.1331,0.0638,0.4225,0.6438,0.3176,none
degraded_instruct,damaged_q4,cog_60_str_40,high,1600,0.7494,0.5737,0.8488,0.9744,0.1163,0.04,0.2819,0.4662,0.485,none
degraded_instruct,damaged_q4,cog_60_str_40,low,1600,0.8319,0.6944,0.9345,0.9856,0.0644,0.0238,0.1462,0.1156,0.6528,none
degraded_instruct,damaged_q4,cog_60_str_40,medium,1600,0.8438,0.6675,0.9039,0.9881,0.0737,0.0338,0.2137,0.2706,0.608,none
degraded_instruct,damaged_q4,cog_75_cyb_25,extreme,1600,0.3613,0.2044,0.6078,0.8694,0.2256,0.1263,0.445,1.5881,-0.0036,primitive_gap
degraded_instruct,damaged_q4,cog_75_cyb_25,high,1600,0.4338,0.32,0.6639,0.92,0.17,0.0756,0.3438,1.2625,0.1633,none
degraded_instruct,damaged_q4,cog_75_cyb_25,low,1600,0.4788,0.3806,0.7847,0.97,0.0963,0.0569,0.1669,0.6075,0.2967,none
degraded_instruct,damaged_q4,cog_75_cyb_25,medium,1600,0.5075,0.4131,0.7291,0.945,0.13,0.0644,0.2338,0.9762,0.2937,none
degraded_instruct,damaged_q4,cog_75_str_25,extreme,1600,0.5719,0.3581,0.7379,0.9337,0.1519,0.0719,0.4644,1.0131,0.2104,none
degraded_instruct,damaged_q4,cog_75_str_25,high,1600,0.65,0.4938,0.7849,0.9669,0.1212,0.0488,0.3094,0.7744,0.3842,none
degraded_instruct,damaged_q4,cog_75_str_25,low,1600,0.7175,0.5881,0.8944,0.9881,0.0656,0.0344,0.1556,0.2606,0.5361,none
degraded_instruct,damaged_q4,cog_75_str_25,medium,1600,0.6981,0.5669,0.8308,0.9788,0.1037,0.0413,0.2238,0.5663,0.4813,none
degraded_instruct,damaged_q4,cognitive_only,extreme,1600,0.2475,0.145,0.5209,0.8187,0.2325,0.0806,0.4913,2.0569,-0.083,primitive_gap
degraded_instruct,damaged_q4,cognitive_only,high,1600,0.3206,0.2556,0.5778,0.8356,0.1981,0.0537,0.335,1.6131,0.078,primitive_gap
degraded_instruct,damaged_q4,cognitive_only,low,1600,0.3762,0.3088,0.723,0.9044,0.0844,0.04,0.1594,0.805,0.2224,none
degraded_instruct,damaged_q4,cognitive_only,medium,1600,0.3931,0.33,0.6482,0.8556,0.1306,0.0494,0.2419,1.2775,0.1977,none
degraded_instruct,damaged_q4,cyb_25_str_75,extreme,1600,0.8381,0.5606,0.9034,0.9263,0.1094,0.0544,0.345,0.1269,0.483,none
degraded_instruct,damaged_q4,cyb_25_str_75,high,1600,0.8688,0.655,0.9248,0.9437,0.1019,0.0356,0.2456,0.0719,0.5941,none
degraded_instruct,damaged_q4,cyb_25_str_75,low,1600,0.9094,0.7656,0.9555,0.9762,0.0531,0.0213,0.1506,0.0444,0.7312,none
degraded_instruct,damaged_q4,cyb_25_str_75,medium,1600,0.8831,0.7081,0.9393,0.9581,0.08,0.0306,0.1906,0.0644,0.6595,none
degraded_instruct,damaged_q4,cyb_40_str_60,extreme,1600,0.8056,0.5156,0.8792,0.9075,0.1263,0.0675,0.3769,0.2019,0.424,none
degraded_instruct,damaged_q4,cyb_40_str_60,high,1600,0.8187,0.6175,0.8901,0.9181,0.105,0.0475,0.2644,0.2069,0.545,none
degraded_instruct,damaged_q4,cyb_40_str_60,low,1600,0.9031,0.7631,0.9519,0.9619,0.055,0.0338,0.135,0.0475,0.7267,none
degraded_instruct,damaged_q4,cyb_40_str_60,medium,1600,0.8581,0.7063,0.9231,0.9337,0.0881,0.0369,0.1619,0.1131,0.6538,none
degraded_instruct,damaged_q4,cyb_50_str_50,extreme,1600,0.7356,0.4719,0.8419,0.8906,0.1531,0.0906,0.3825,0.3456,0.3599,none
degraded_instruct,damaged_q4,cyb_50_str_50,high,1600,0.775,0.5719,0.861,0.9075,0.1131,0.0556,0.2806,0.3244,0.4881,none
degraded_instruct,damaged_q4,cyb_50_str_50,low,1600,0.8769,0.7225,0.9421,0.9575,0.0531,0.04,0.1469,0.0781,0.6829,none
degraded_instruct,damaged_q4,cyb_50_str_50,medium,1600,0.835,0.6825,0.9075,0.9381,0.0856,0.0506,0.175,0.1931,0.623,none
degraded_instruct,damaged_q4,cyb_60_str_40,extreme,1600,0.6937,0.4288,0.8161,0.8606,0.1437,0.0881,0.3969,0.4744,0.3125,none
degraded_instruct,damaged_q4,cyb_60_str_40,high,1600,0.71,0.5206,0.8289,0.8988,0.12,0.0737,0.2856,0.4631,0.4239,none
degraded_instruct,damaged_q4,cyb_60_str_40,low,1600,0.83,0.6856,0.9224,0.94,0.0619,0.0481,0.1469,0.1275,0.6393,none
degraded_instruct,damaged_q4,cyb_60_str_40,medium,1600,0.7863,0.6219,0.8782,0.9263,0.0919,0.0506,0.2013,0.3,0.5531,none
degraded_instruct,damaged_q4,cyb_75_str_25,extreme,1600,0.6375,0.3987,0.7655,0.8506,0.1594,0.1031,0.3994,0.7444,0.2611,none
degraded_instruct,damaged_q4,cyb_75_str_25,high,1600,0.6356,0.4731,0.7679,0.8688,0.1406,0.0844,0.2637,0.7175,0.3571,none
degraded_instruct,damaged_q4,cyb_75_str_25,low,1600,0.7219,0.5906,0.8775,0.9225,0.0563,0.0525,0.1613,0.275,0.5366,none
degraded_instruct,damaged_q4,cyb_75_str_25,medium,1600,0.7019,0.5631,0.826,0.8881,0.1087,0.0725,0.1931,0.4925,0.4759,none
degraded_instruct,damaged_q4,cyber_only,extreme,1600,0.3369,0.195,0.5846,0.7706,0.2169,0.13,0.4475,1.6262,-0.0132,primitive_gap
degraded_instruct,damaged_q4,cyber_only,high,1600,0.4125,0.2988,0.615,0.8006,0.1644,0.0869,0.3063,1.3981,0.1377,none
degraded_instruct,damaged_q4,cyber_only,low,1600,0.4338,0.3425,0.7396,0.8756,0.0819,0.0619,0.1756,0.7081,0.2561,none
degraded_instruct,damaged_q4,cyber_only,medium,1600,0.4625,0.3738,0.6758,0.8281,0.1256,0.0712,0.2256,1.1281,0.2474,none
degraded_instruct,damaged_q4,structural_only,extreme,1600,0.7987,0.5212,0.8815,0.89,0.1219,0.0444,0.3688,0.1762,0.4375,none
degraded_instruct,damaged_q4,structural_only,high,1600,0.8313,0.6362,0.9048,0.9156,0.1087,0.0131,0.2675,0.1237,0.5734,none
degraded_instruct,damaged_q4,structural_only,low,1600,0.9125,0.7681,0.9543,0.9637,0.0444,0.0044,0.16,0.045,0.7389,none
degraded_instruct,damaged_q4,structural_only,medium,1600,0.8662,0.7225,0.9287,0.9306,0.0781,0.0112,0.1844,0.0912,0.6775,none
degraded_instruct,damaged_q4,tri_boundary_heavy,extreme,1600,0.8313,0.4975,0.9015,0.9563,0.1313,0.1119,0.3856,0.1163,0.3991,none
degraded_instruct,damaged_q4,tri_boundary_heavy,high,1600,0.8706,0.6275,0.9279,0.9712,0.1044,0.0581,0.2637,0.0769,0.5596,none
degraded_instruct,damaged_q4,tri_boundary_heavy,low,1600,0.9144,0.7569,0.9618,0.9906,0.0512,0.0475,0.1381,0.0387,0.719,none
degraded_instruct,damaged_q4,tri_boundary_heavy,medium,1600,0.9038,0.6975,0.9475,0.9831,0.0788,0.0569,0.1975,0.0512,0.6441,none
degraded_instruct,damaged_q4,tri_cognitive_bridge,extreme,1600,0.8712,0.5363,0.9168,0.9894,0.1138,0.0838,0.4,0.0963,0.4486,none
degraded_instruct,damaged_q4,tri_cognitive_bridge,high,1600,0.8944,0.6331,0.9387,0.9931,0.0925,0.0531,0.285,0.0581,0.569,none
degraded_instruct,damaged_q4,tri_cognitive_bridge,low,1600,0.905,0.7569,0.9578,0.985,0.0569,0.0344,0.1437,0.0394,0.7195,none
degraded_instruct,damaged_q4,tri_cognitive_bridge,medium,1600,0.9094,0.6919,0.9503,0.9912,0.0744,0.05,0.2075,0.0494,0.6405,none
degraded_instruct,damaged_q4,tri_cognitive_heavy,extreme,1600,0.8319,0.505,0.8951,0.98,0.1256,0.0781,0.43,0.1831,0.4081,none
degraded_instruct,damaged_q4,tri_cognitive_heavy,high,1600,0.855,0.6056,0.9155,0.9875,0.1138,0.0569,0.2869,0.1344,0.5305,none
degraded_instruct,damaged_q4,tri_cognitive_heavy,low,1600,0.8969,0.7225,0.9545,0.9925,0.0669,0.0387,0.1706,0.0387,0.6791,none
degraded_instruct,damaged_q4,tri_cognitive_heavy,medium,1600,0.8931,0.6856,0.942,0.9912,0.0788,0.0537,0.2094,0.0825,0.6304,none
degraded_instruct,damaged_q4,tri_cyber_heavy,extreme,1600,0.8025,0.4831,0.8723,0.9113,0.1288,0.1256,0.3656,0.2425,0.378,none
degraded_instruct,damaged_q4,tri_cyber_heavy,high,1600,0.8375,0.5981,0.9015,0.9419,0.0981,0.0956,0.2587,0.1881,0.5195,none
degraded_instruct,damaged_q4,tri_cyber_heavy,low,1600,0.8881,0.7194,0.9486,0.9663,0.0669,0.0644,0.1319,0.05,0.6734,none
degraded_instruct,damaged_q4,tri_cyber_heavy,medium,1600,0.86,0.6506,0.9216,0.9519,0.0925,0.0712,0.205,0.12,0.5862,none
degraded_instruct,damaged_q4,tri_equal_routed,extreme,1600,0.815,0.4625,0.8831,0.95,0.1225,0.1194,0.4238,0.2188,0.357,none
degraded_instruct,damaged_q4,tri_equal_routed,high,1600,0.8431,0.5988,0.9048,0.9731,0.115,0.0694,0.275,0.175,0.5196,none
degraded_instruct,damaged_q4,tri_equal_routed,low,1600,0.9131,0.7362,0.9606,0.9938,0.0506,0.0531,0.1581,0.0406,0.6958,none
degraded_instruct,damaged_q4,tri_equal_routed,medium,1600,0.8881,0.6919,0.9378,0.9888,0.0825,0.0606,0.2037,0.0969,0.6339,none
degraded_instruct,damaged_q4,tri_naive_equal_all_fire,extreme,1600,0.7531,0.2994,0.8381,0.9269,0.1475,0.4169,0.4788,0.1494,0.126,distractor_capture
degraded_instruct,damaged_q4,tri_naive_equal_all_fire,high,1600,0.835,0.3994,0.8895,0.9637,0.1163,0.3394,0.3469,0.0769,0.265,none
degraded_instruct,damaged_q4,tri_naive_equal_all_fire,low,1600,0.8956,0.5394,0.9317,0.9875,0.0737,0.2387,0.2069,0.0325,0.4513,none
degraded_instruct,damaged_q4,tri_naive_equal_all_fire,medium,1600,0.8638,0.485,0.9118,0.9831,0.1019,0.2737,0.25,0.0644,0.3765,none
degraded_instruct,damaged_q4,tri_naive_structural_heavy_all_fire,extreme,1600,0.8175,0.3,0.87,0.9825,0.1388,0.4244,0.4263,0.0631,0.1362,distractor_capture
degraded_instruct,damaged_q4,tri_naive_structural_heavy_all_fire,high,1600,0.8725,0.435,0.9079,0.99,0.1025,0.3262,0.3119,0.0531,0.3114,none
degraded_instruct,damaged_q4,tri_naive_structural_heavy_all_fire,low,1600,0.9031,0.5737,0.9387,0.9962,0.0594,0.2512,0.1619,0.0381,0.4908,none
degraded_instruct,damaged_q4,tri_naive_structural_heavy_all_fire,medium,1600,0.8812,0.5088,0.9214,0.9938,0.0931,0.2619,0.2387,0.0512,0.4068,none
degraded_instruct,damaged_q4,tri_structural_heavy_55,extreme,1600,0.8706,0.5319,0.9216,0.9875,0.1187,0.0894,0.3794,0.0619,0.4449,none
degraded_instruct,damaged_q4,tri_structural_heavy_55,high,1600,0.8875,0.6219,0.938,0.99,0.0944,0.0544,0.2869,0.0544,0.557,none
degraded_instruct,damaged_q4,tri_structural_heavy_55,low,1600,0.9119,0.7725,0.9618,0.9881,0.0569,0.0281,0.1325,0.0312,0.7376,none
degraded_instruct,damaged_q4,tri_structural_heavy_55,medium,1600,0.9087,0.7,0.9497,0.99,0.0756,0.0488,0.2037,0.05,0.6488,none
degraded_instruct,damaged_q4,tri_structural_heavy_60,extreme,1600,0.8694,0.5244,0.9211,0.9888,0.1181,0.09,0.3887,0.0644,0.4366,none
degraded_instruct,damaged_q4,tri_structural_heavy_60,high,1600,0.8931,0.6306,0.9361,0.9875,0.0963,0.055,0.2731,0.0625,0.5658,none
degraded_instruct,damaged_q4,tri_structural_heavy_60,low,1600,0.9244,0.7744,0.9659,0.9919,0.0419,0.035,0.1462,0.0338,0.7414,none
degraded_instruct,damaged_q4,tri_structural_heavy_60,medium,1600,0.9225,0.7306,0.9538,0.9869,0.0606,0.0419,0.1956,0.0519,0.6858,none
degraded_instruct,damaged_q4,tri_structural_heavy_65,extreme,1600,0.8806,0.5387,0.9237,0.9875,0.1044,0.0794,0.4081,0.0663,0.4556,none
degraded_instruct,damaged_q4,tri_structural_heavy_65,high,1600,0.9075,0.6731,0.9464,0.9956,0.0788,0.0519,0.2475,0.0569,0.6165,none
degraded_instruct,damaged_q4,tri_structural_heavy_65,low,1600,0.9106,0.775,0.9612,0.9862,0.0519,0.0306,0.135,0.0362,0.7407,none
degraded_instruct,damaged_q4,tri_structural_heavy_65,medium,1600,0.9119,0.7113,0.9538,0.9919,0.0706,0.0425,0.2013,0.0406,0.6634,none
degraded_instruct,healthy_q6,baseline,extreme,1600,0.375,0.2888,0.612,0.7362,0.1263,0.0338,0.3106,1.6319,0.1377,none
degraded_instruct,healthy_q6,baseline,high,1600,0.4394,0.3894,0.6513,0.7638,0.1031,0.0075,0.2231,1.3075,0.2737,none
degraded_instruct,healthy_q6,baseline,low,1600,0.4219,0.3806,0.7264,0.8156,0.0625,0.0,0.1181,0.7425,0.3153,none
degraded_instruct,healthy_q6,baseline,medium,1600,0.495,0.4512,0.6979,0.7906,0.0762,0.005,0.1537,1.0706,0.3615,none
degraded_instruct,healthy_q6,cog_25_cyb_75,extreme,1600,0.8019,0.4963,0.8641,0.9413,0.0969,0.1319,0.3331,0.4056,0.3939,none
degraded_instruct,healthy_q6,cog_25_cyb_75,high,1600,0.7981,0.595,0.8704,0.9569,0.095,0.1,0.2294,0.3769,0.5093,none
degraded_instruct,healthy_q6,cog_25_cyb_75,low,1600,0.8475,0.6931,0.9386,0.9769,0.0456,0.0625,0.1269,0.1219,0.6507,none
degraded_instruct,healthy_q6,cog_25_cyb_75,medium,1600,0.8606,0.6813,0.9115,0.9694,0.0575,0.0825,0.1663,0.255,0.6215,none
degraded_instruct,healthy_q6,cog_25_str_75,extreme,1600,0.9156,0.6425,0.9443,0.99,0.0719,0.0488,0.2931,0.0587,0.5848,none
degraded_instruct,healthy_q6,cog_25_str_75,high,1600,0.9325,0.7356,0.9548,0.9906,0.0575,0.0238,0.2056,0.0569,0.6943,none
degraded_instruct,healthy_q6,cog_25_str_75,low,1600,0.93,0.8225,0.9697,0.9962,0.0369,0.0131,0.1069,0.0375,0.7984,none
degraded_instruct,healthy_q6,cog_25_str_75,medium,1600,0.9444,0.825,0.9658,0.9856,0.0419,0.0187,0.1219,0.0456,0.7967,none
degraded_instruct,healthy_q6,cog_40_cyb_60,extreme,1600,0.8144,0.515,0.8736,0.96,0.1,0.1175,0.3331,0.3688,0.4164,none
degraded_instruct,healthy_q6,cog_40_cyb_60,high,1600,0.8225,0.6225,0.8838,0.9744,0.0806,0.0944,0.2181,0.355,0.5442,none
degraded_instruct,healthy_q6,cog_40_cyb_60,low,1600,0.8594,0.7069,0.9433,0.985,0.0431,0.0644,0.1306,0.1125,0.665,none
degraded_instruct,healthy_q6,cog_40_cyb_60,medium,1600,0.8531,0.6887,0.9136,0.98,0.0688,0.0719,0.1594,0.24,0.629,none
degraded_instruct,healthy_q6,cog_40_str_60,extreme,1600,0.9119,0.6312,0.9417,0.9931,0.0813,0.055,0.2944,0.0594,0.5694,none
degraded_instruct,healthy_q6,cog_40_str_60,high,1600,0.925,0.7225,0.9522,0.9944,0.0669,0.0275,0.2125,0.0569,0.6771,none
degraded_instruct,healthy_q6,cog_40_str_60,low,1600,0.9281,0.8056,0.9694,0.9931,0.0325,0.0194,0.1138,0.04,0.7809,none
degraded_instruct,healthy_q6,cog_40_str_60,medium,1600,0.935,0.7856,0.9597,0.9844,0.0481,0.0281,0.1519,0.0544,0.7507,none
degraded_instruct,healthy_q6,cog_50_cyb_50,extreme,1600,0.8256,0.515,0.8756,0.9656,0.0938,0.1306,0.3319,0.3756,0.4154,none
degraded_instruct,healthy_q6,cog_50_cyb_50,high,1600,0.8044,0.6169,0.8774,0.9756,0.0938,0.0737,0.2288,0.3656,0.5374,none
degraded_instruct,healthy_q6,cog_50_cyb_50,low,1600,0.8519,0.7244,0.9447,0.9869,0.0394,0.0475,0.12,0.1163,0.6876,none
degraded_instruct,healthy_q6,cog_50_cyb_50,medium,1600,0.84,0.6775,0.9078,0.9875,0.0756,0.0663,0.1719,0.2606,0.6148,none
degraded_instruct,healthy_q6,cog_50_str_50,extreme,1600,0.9056,0.6175,0.9373,0.9894,0.0844,0.0663,0.3006,0.07,0.5514,none
degraded_instruct,healthy_q6,cog_50_str_50,high,1600,0.9294,0.7231,0.9536,0.9888,0.0587,0.0356,0.2081,0.0575,0.6788,none
degraded_instruct,healthy_q6,cog_50_str_50,low,1600,0.9156,0.8019,0.9642,0.9869,0.0406,0.015,0.115,0.0437,0.7753,none
degraded_instruct,healthy_q6,cog_50_str_50,medium,1600,0.945,0.7981,0.9655,0.9938,0.04,0.0256,0.1431,0.0519,0.767,none
degraded_instruct,healthy_q6,cog_60_cyb_40,extreme,1600,0.8231,0.5337,0.8797,0.9819,0.0994,0.1231,0.3212,0.3656,0.4353,none
degraded_instruct,healthy_q6,cog_60_cyb_40,high,1600,0.8331,0.6406,0.8901,0.985,0.0781,0.0788,0.2156,0.34,0.5672,none
degraded_instruct,healthy_q6,cog_60_cyb_40,low,1600,0.8494,0.7144,0.9428,0.9894,0.0456,0.0519,0.1194,0.1175,0.6749,none
degraded_instruct,healthy_q6,cog_60_cyb_40,medium,1600,0.8694,0.7075,0.92,0.9894,0.0612,0.0756,0.1437,0.2344,0.6508,none
degraded_instruct,healthy_q6,cog_60_str_40,extreme,1600,0.9131,0.6044,0.938,0.9881,0.0756,0.07,0.3312,0.0669,0.5378,none
degraded_instruct,healthy_q6,cog_60_str_40,high,1600,0.915,0.6931,0.95,0.9869,0.0719,0.0512,0.2119,0.0531,0.6417,none
degraded_instruct,healthy_q6,cog_60_str_40,low,1600,0.9325,0.7994,0.9687,0.99,0.03,0.0281,0.1231,0.0387,0.773,none
degraded_instruct,healthy_q6,cog_60_str_40,medium,1600,0.9337,0.7538,0.959,0.9888,0.0462,0.0413,0.17,0.0594,0.7151,none
degraded_instruct,healthy_q6,cog_75_cyb_25,extreme,1600,0.7925,0.5112,0.8608,0.9825,0.1206,0.115,0.3231,0.4444,0.404,none
degraded_instruct,healthy_q6,cog_75_cyb_25,high,1600,0.825,0.6331,0.8833,0.9875,0.0919,0.0681,0.2263,0.3569,0.556,none
degraded_instruct,healthy_q6,cog_75_cyb_25,low,1600,0.8456,0.7163,0.9411,0.9869,0.0419,0.0519,0.1194,0.1269,0.6774,none
degraded_instruct,healthy_q6,cog_75_cyb_25,medium,1600,0.85,0.7063,0.9102,0.9838,0.0663,0.0569,0.1556,0.2637,0.6494,none
degraded_instruct,healthy_q6,cog_75_str_25,extreme,1600,0.9019,0.5962,0.9333,0.9881,0.0844,0.075,0.3219,0.0831,0.526,none
degraded_instruct,healthy_q6,cog_75_str_25,high,1600,0.9194,0.6975,0.9492,0.9888,0.065,0.0437,0.2194,0.0656,0.6484,none
degraded_instruct,healthy_q6,cog_75_str_25,low,1600,0.9231,0.7887,0.9652,0.9881,0.0381,0.0344,0.1219,0.0425,0.7586,none
degraded_instruct,healthy_q6,cog_75_str_25,medium,1600,0.9256,0.7538,0.9586,0.9869,0.055,0.04,0.1631,0.0488,0.7138,none
degraded_instruct,healthy_q6,cognitive_only,extreme,1600,0.6581,0.4537,0.7834,0.9419,0.11,0.0781,0.315,0.8794,0.336,none
degraded_instruct,healthy_q6,cognitive_only,high,1600,0.7031,0.5544,0.8164,0.9619,0.0963,0.0494,0.2512,0.67,0.462,none
degraded_instruct,healthy_q6,cognitive_only,low,1600,0.7431,0.6325,0.9025,0.9869,0.0512,0.0331,0.1231,0.2569,0.5878,none
degraded_instruct,healthy_q6,cognitive_only,medium,1600,0.7388,0.6162,0.8542,0.9756,0.0781,0.0512,0.1663,0.5056,0.544,none
degraded_instruct,healthy_q6,cyb_25_str_75,extreme,1600,0.9225,0.6769,0.9447,0.9894,0.07,0.0525,0.2594,0.0731,0.621,none
degraded_instruct,healthy_q6,cyb_25_str_75,high,1600,0.925,0.7344,0.9536,0.9888,0.0669,0.0281,0.1981,0.0481,0.6904,none
degraded_instruct,healthy_q6,cyb_25_str_75,low,1600,0.9237,0.8031,0.9675,0.9925,0.0419,0.0262,0.1044,0.0387,0.775,none
degraded_instruct,healthy_q6,cyb_25_str_75,medium,1600,0.9306,0.7844,0.9623,0.9862,0.0525,0.03,0.1437,0.0394,0.7492,none
degraded_instruct,healthy_q6,cyb_40_str_60,extreme,1600,0.9031,0.6281,0.9378,0.9819,0.0806,0.0762,0.2825,0.0706,0.5626,none
degraded_instruct,healthy_q6,cyb_40_str_60,high,1600,0.9213,0.7256,0.9526,0.9881,0.0675,0.0462,0.1856,0.0569,0.6784,none
degraded_instruct,healthy_q6,cyb_40_str_60,low,1600,0.9256,0.8156,0.9687,0.9931,0.0406,0.03,0.1006,0.0362,0.7876,none
degraded_instruct,healthy_q6,cyb_40_str_60,medium,1600,0.9319,0.7669,0.9609,0.9856,0.0488,0.0544,0.1412,0.0531,0.7274,none
degraded_instruct,healthy_q6,cyb_50_str_50,extreme,1600,0.9113,0.6356,0.9405,0.98,0.0781,0.0825,0.2662,0.0619,0.5713,none
degraded_instruct,healthy_q6,cyb_50_str_50,high,1600,0.9169,0.705,0.9503,0.9881,0.0694,0.0606,0.205,0.0581,0.6528,none
degraded_instruct,healthy_q6,cyb_50_str_50,low,1600,0.9113,0.7981,0.9623,0.985,0.0425,0.0325,0.1019,0.0488,0.7683,none
degraded_instruct,healthy_q6,cyb_50_str_50,medium,1600,0.9406,0.765,0.9631,0.99,0.0456,0.0594,0.1475,0.05,0.7251,none
degraded_instruct,healthy_q6,cyb_60_str_40,extreme,1600,0.8969,0.6306,0.934,0.9594,0.0756,0.0969,0.2531,0.0831,0.5642,none
degraded_instruct,healthy_q6,cyb_60_str_40,high,1600,0.9075,0.695,0.9427,0.9694,0.0731,0.0675,0.1956,0.0737,0.6402,none
degraded_instruct,healthy_q6,cyb_60_str_40,low,1600,0.93,0.7881,0.9696,0.9912,0.0319,0.0469,0.1106,0.0413,0.7583,none
degraded_instruct,healthy_q6,cyb_60_str_40,medium,1600,0.9337,0.7706,0.9605,0.9819,0.0462,0.0581,0.1319,0.0569,0.7317,none
degraded_instruct,healthy_q6,cyb_75_str_25,extreme,1600,0.8781,0.5687,0.9199,0.9537,0.0887,0.1294,0.2888,0.1163,0.4873,none
degraded_instruct,healthy_q6,cyb_75_str_25,high,1600,0.8875,0.6519,0.9285,0.9556,0.07,0.0919,0.215,0.1275,0.5889,none
degraded_instruct,healthy_q6,cyb_75_str_25,low,1600,0.9187,0.7794,0.9627,0.9756,0.0331,0.0537,0.1125,0.0494,0.7472,none
degraded_instruct,healthy_q6,cyb_75_str_25,medium,1600,0.9137,0.7475,0.9524,0.9712,0.0537,0.0587,0.1475,0.0694,0.7044,none
degraded_instruct,healthy_q6,cyber_only,extreme,1600,0.7238,0.4706,0.8161,0.8806,0.1163,0.1206,0.315,0.5837,0.3572,none
degraded_instruct,healthy_q6,cyber_only,high,1600,0.7131,0.5463,0.8252,0.9025,0.0894,0.0925,0.2313,0.5525,0.4548,none
degraded_instruct,healthy_q6,cyber_only,low,1600,0.7288,0.6056,0.8805,0.9287,0.0506,0.0631,0.1119,0.2888,0.5544,none
degraded_instruct,healthy_q6,cyber_only,medium,1600,0.7412,0.595,0.8489,0.9106,0.0819,0.0737,0.165,0.4537,0.5198,none
degraded_instruct,healthy_q6,structural_only,extreme,1600,0.9113,0.6625,0.9419,0.9862,0.0813,0.0319,0.2812,0.0569,0.6064,none
degraded_instruct,healthy_q6,structural_only,high,1600,0.92,0.7438,0.9517,0.9875,0.0712,0.0088,0.195,0.0512,0.7025,none
degraded_instruct,healthy_q6,structural_only,low,1600,0.9275,0.8256,0.9677,0.9888,0.0362,0.0056,0.1069,0.04,0.8031,none
degraded_instruct,healthy_q6,structural_only,medium,1600,0.9375,0.8013,0.9615,0.9875,0.0519,0.0112,0.1388,0.0481,0.7699,none
degraded_instruct,healthy_q6,tri_boundary_heavy,extreme,1600,0.8975,0.6119,0.9389,0.9844,0.09,0.0969,0.2669,0.0544,0.5414,none
degraded_instruct,healthy_q6,tri_boundary_heavy,high,1600,0.9256,0.7013,0.9541,0.9881,0.0638,0.065,0.2106,0.045,0.65,none
degraded_instruct,healthy_q6,tri_boundary_heavy,low,1600,0.9213,0.7869,0.9666,0.9919,0.0394,0.0413,0.1144,0.0413,0.7556,none
degraded_instruct,healthy_q6,tri_boundary_heavy,medium,1600,0.9306,0.7556,0.9613,0.995,0.0594,0.0625,0.1394,0.0456,0.7119,none
degraded_instruct,healthy_q6,tri_cognitive_bridge,extreme,1600,0.9106,0.6181,0.9403,0.9931,0.0806,0.0875,0.305,0.0587,0.5491,none
degraded_instruct,healthy_q6,tri_cognitive_bridge,high,1600,0.9181,0.7113,0.9518,0.99,0.0719,0.0519,0.2019,0.05,0.6607,none
degraded_instruct,healthy_q6,tri_cognitive_bridge,low,1600,0.9256,0.8031,0.9683,0.9931,0.04,0.0375,0.1081,0.0369,0.7731,none
degraded_instruct,healthy_q6,tri_cognitive_bridge,medium,1600,0.935,0.7819,0.9634,0.9912,0.0525,0.0475,0.1256,0.0462,0.7443,none
degraded_instruct,healthy_q6,tri_cognitive_heavy,extreme,1600,0.915,0.6138,0.9418,0.9888,0.075,0.0906,0.2975,0.0587,0.5464,none
degraded_instruct,healthy_q6,tri_cognitive_heavy,high,1600,0.9181,0.6875,0.9506,0.9912,0.0669,0.0581,0.2319,0.0544,0.6345,none
degraded_instruct,healthy_q6,tri_cognitive_heavy,low,1600,0.9275,0.7863,0.9681,0.9875,0.0319,0.045,0.1138,0.04,0.7566,none
degraded_instruct,healthy_q6,tri_cognitive_heavy,medium,1600,0.9263,0.7644,0.9613,0.9894,0.055,0.0544,0.1425,0.045,0.7234,none
degraded_instruct,healthy_q6,tri_cyber_heavy,extreme,1600,0.9075,0.5819,0.9381,0.985,0.0813,0.135,0.2831,0.065,0.5046,none
degraded_instruct,healthy_q6,tri_cyber_heavy,high,1600,0.9231,0.6794,0.9521,0.9888,0.0669,0.0944,0.1994,0.0556,0.6217,none
degraded_instruct,healthy_q6,tri_cyber_heavy,low,1600,0.9137,0.7731,0.9658,0.9925,0.0406,0.0656,0.0975,0.0469,0.7377,none
degraded_instruct,healthy_q6,tri_cyber_heavy,medium,1600,0.9319,0.7444,0.9617,0.9906,0.0512,0.0669,0.1444,0.0488,0.7016,none
degraded_instruct,healthy_q6,tri_equal_routed,extreme,1600,0.9113,0.6044,0.9399,0.9869,0.0788,0.0963,0.305,0.0563,0.5343,none
degraded_instruct,healthy_q6,tri_equal_routed,high,1600,0.9113,0.6981,0.9508,0.9888,0.0762,0.08,0.1969,0.0475,0.6411,none
degraded_instruct,healthy_q6,tri_equal_routed,low,1600,0.915,0.7644,0.9635,0.99,0.0431,0.0481,0.1275,0.0437,0.7294,none
degraded_instruct,healthy_q6,tri_equal_routed,medium,1600,0.9244,0.7425,0.959,0.9912,0.0563,0.0712,0.1506,0.0531,0.6967,none
degraded_instruct,healthy_q6,tri_naive_equal_all_fire,extreme,1600,0.8525,0.3619,0.8849,0.9912,0.1138,0.4169,0.3513,0.0688,0.2128,none
degraded_instruct,healthy_q6,tri_naive_equal_all_fire,high,1600,0.8788,0.4419,0.9111,0.9912,0.0969,0.3588,0.2756,0.0469,0.3167,none
degraded_instruct,healthy_q6,tri_naive_equal_all_fire,low,1600,0.92,0.6081,0.946,0.9944,0.0481,0.2213,0.1625,0.0312,0.5349,none
degraded_instruct,healthy_q6,tri_naive_equal_all_fire,medium,1600,0.8962,0.5381,0.9267,0.9862,0.0825,0.2819,0.1975,0.04,0.4392,none
degraded_instruct,healthy_q6,tri_naive_structural_heavy_all_fire,extreme,1600,0.8831,0.355,0.8938,0.9906,0.0869,0.4175,0.3744,0.0531,0.2128,none
degraded_instruct,healthy_q6,tri_naive_structural_heavy_all_fire,high,1600,0.8894,0.4875,0.92,0.9912,0.0881,0.325,0.2225,0.0475,0.3759,none
degraded_instruct,healthy_q6,tri_naive_structural_heavy_all_fire,low,1600,0.9019,0.5831,0.9405,0.9938,0.0544,0.2256,0.165,0.0419,0.5064,none
degraded_instruct,healthy_q6,tri_naive_structural_heavy_all_fire,medium,1600,0.9012,0.5506,0.9304,0.9912,0.0725,0.2744,0.1837,0.0494,0.4568,none
degraded_instruct,healthy_q6,tri_structural_heavy_55,extreme,1600,0.9187,0.6331,0.9445,0.9919,0.0719,0.0875,0.2769,0.0606,0.5689,none
degraded_instruct,healthy_q6,tri_structural_heavy_55,high,1600,0.92,0.735,0.9539,0.9931,0.0663,0.0437,0.1837,0.0575,0.6888,none
degraded_instruct,healthy_q6,tri_structural_heavy_55,low,1600,0.9287,0.8,0.9683,0.9875,0.0306,0.0319,0.1163,0.0406,0.7731,none
degraded_instruct,healthy_q6,tri_structural_heavy_55,medium,1600,0.9363,0.7669,0.9618,0.9944,0.0462,0.0481,0.1487,0.0581,0.7286,none
degraded_instruct,healthy_q6,tri_structural_heavy_60,extreme,1600,0.9113,0.6312,0.9418,0.99,0.0806,0.0881,0.2619,0.065,0.5652,none
degraded_instruct,healthy_q6,tri_structural_heavy_60,high,1600,0.9356,0.715,0.9571,0.9925,0.0544,0.0481,0.2069,0.0519,0.6699,none
degraded_instruct,healthy_q6,tri_structural_heavy_60,low,1600,0.94,0.8056,0.9712,0.9894,0.0312,0.0338,0.1138,0.0312,0.7788,none
degraded_instruct,healthy_q6,tri_structural_heavy_60,medium,1600,0.9444,0.7837,0.9647,0.9906,0.0406,0.0431,0.1437,0.0506,0.7489,none
degraded_instruct,healthy_q6,tri_structural_heavy_65,extreme,1600,0.9187,0.6381,0.9449,0.9881,0.0737,0.0794,0.2719,0.0525,0.5758,none
degraded_instruct,healthy_q6,tri_structural_heavy_65,high,1600,0.9337,0.7194,0.9571,0.9906,0.0575,0.0437,0.2031,0.0462,0.6748,none
degraded_instruct,healthy_q6,tri_structural_heavy_65,low,1600,0.9287,0.7925,0.968,0.9906,0.0394,0.03,0.1263,0.0312,0.763,none
degraded_instruct,healthy_q6,tri_structural_heavy_65,medium,1600,0.9356,0.7894,0.9615,0.9875,0.0519,0.0444,0.1319,0.0506,0.7519,none
degraded_instruct,healthy_q8,baseline,extreme,1600,0.5687,0.4481,0.7294,0.8356,0.0875,0.0325,0.2338,1.1444,0.3395,none
degraded_instruct,healthy_q8,baseline,high,1600,0.6281,0.5525,0.7609,0.8413,0.0581,0.0094,0.1806,0.905,0.4735,none
degraded_instruct,healthy_q8,baseline,low,1600,0.5825,0.5262,0.8198,0.8744,0.0262,0.0,0.0925,0.5019,0.4859,none
degraded_instruct,healthy_q8,baseline,medium,1600,0.6406,0.5975,0.7878,0.8581,0.0394,0.0063,0.1256,0.7731,0.5357,none
degraded_instruct,healthy_q8,cog_25_cyb_75,extreme,1600,0.8994,0.6019,0.9283,0.9838,0.0688,0.1381,0.2637,0.1569,0.5247,none
degraded_instruct,healthy_q8,cog_25_cyb_75,high,1600,0.91,0.6756,0.9378,0.9912,0.0537,0.1056,0.1975,0.1506,0.615,none
degraded_instruct,healthy_q8,cog_25_cyb_75,low,1600,0.9206,0.7644,0.965,0.9869,0.0306,0.0656,0.1156,0.0519,0.7302,none
degraded_instruct,healthy_q8,cog_25_cyb_75,medium,1600,0.9431,0.7694,0.9601,0.9888,0.0331,0.075,0.1338,0.0862,0.7294,none
degraded_instruct,healthy_q8,cog_25_str_75,extreme,1600,0.9381,0.715,0.9513,0.9912,0.0531,0.0462,0.2269,0.0794,0.6677,none
degraded_instruct,healthy_q8,cog_25_str_75,high,1600,0.9463,0.7825,0.9618,0.9944,0.0431,0.0206,0.1725,0.0594,0.7487,none
degraded_instruct,healthy_q8,cog_25_str_75,low,1600,0.9369,0.8488,0.9727,0.9875,0.0231,0.0088,0.0906,0.04,0.8308,none
degraded_instruct,healthy_q8,cog_25_str_75,medium,1600,0.9506,0.8375,0.968,0.9919,0.035,0.015,0.115,0.0544,0.8121,none
degraded_instruct,healthy_q8,cog_40_cyb_60,extreme,1600,0.9075,0.5938,0.9271,0.9875,0.0625,0.1244,0.2838,0.1706,0.5189,none
degraded_instruct,healthy_q8,cog_40_cyb_60,high,1600,0.9081,0.685,0.938,0.9875,0.0563,0.0838,0.2013,0.1412,0.6282,none
degraded_instruct,healthy_q8,cog_40_cyb_60,low,1600,0.9181,0.7738,0.9641,0.9894,0.0338,0.0606,0.1119,0.0556,0.7398,none
degraded_instruct,healthy_q8,cog_40_cyb_60,medium,1600,0.9237,0.7369,0.9545,0.99,0.0425,0.0844,0.1437,0.0969,0.6909,none
degraded_instruct,healthy_q8,cog_40_str_60,extreme,1600,0.9319,0.7013,0.9505,0.9912,0.06,0.0469,0.2344,0.0688,0.6517,none
degraded_instruct,healthy_q8,cog_40_str_60,high,1600,0.9531,0.7875,0.9661,0.9931,0.04,0.0238,0.1669,0.0431,0.7552,none
degraded_instruct,healthy_q8,cog_40_str_60,low,1600,0.9413,0.8456,0.9747,0.9906,0.0194,0.015,0.0931,0.0381,0.8275,none
degraded_instruct,healthy_q8,cog_40_str_60,medium,1600,0.9606,0.825,0.9707,0.9894,0.0306,0.025,0.1275,0.0413,0.7985,none
degraded_instruct,healthy_q8,cog_50_cyb_50,extreme,1600,0.9131,0.6294,0.9351,0.9925,0.0606,0.1194,0.2525,0.1506,0.5596,none
degraded_instruct,healthy_q8,cog_50_cyb_50,high,1600,0.9175,0.6819,0.9418,0.9925,0.0494,0.0875,0.2156,0.1331,0.6257,none
degraded_instruct,healthy_q8,cog_50_cyb_50,low,1600,0.9269,0.775,0.9657,0.9856,0.0331,0.0556,0.1156,0.0456,0.7424,none
degraded_instruct,healthy_q8,cog_50_cyb_50,medium,1600,0.9163,0.7394,0.9512,0.9894,0.0444,0.0706,0.1475,0.1075,0.6948,none
degraded_instruct,healthy_q8,cog_50_str_50,extreme,1600,0.9319,0.69,0.952,0.9894,0.0569,0.065,0.2313,0.0619,0.6383,none
degraded_instruct,healthy_q8,cog_50_str_50,high,1600,0.9481,0.7781,0.9649,0.99,0.0406,0.0338,0.1737,0.0419,0.7432,none
degraded_instruct,healthy_q8,cog_50_str_50,low,1600,0.9419,0.825,0.9726,0.9881,0.0256,0.0238,0.1087,0.0325,0.8022,none
degraded_instruct,healthy_q8,cog_50_str_50,medium,1600,0.9463,0.8006,0.9669,0.9888,0.0406,0.0369,0.1294,0.0431,0.7686,none
degraded_instruct,healthy_q8,cog_60_cyb_40,extreme,1600,0.8944,0.5844,0.9233,0.9894,0.075,0.1225,0.2913,0.1706,0.5055,none
degraded_instruct,healthy_q8,cog_60_cyb_40,high,1600,0.9181,0.6994,0.9434,0.99,0.0512,0.0781,0.1969,0.125,0.6464,none
degraded_instruct,healthy_q8,cog_60_cyb_40,low,1600,0.9206,0.7931,0.9666,0.9912,0.0369,0.0381,0.1037,0.0456,0.7639,none
degraded_instruct,healthy_q8,cog_60_cyb_40,medium,1600,0.9237,0.7531,0.9525,0.9875,0.05,0.06,0.1444,0.0931,0.7099,none
degraded_instruct,healthy_q8,cog_60_str_40,extreme,1600,0.9363,0.675,0.9501,0.9912,0.0563,0.0775,0.255,0.0663,0.6189,none
degraded_instruct,healthy_q8,cog_60_str_40,high,1600,0.94,0.7569,0.958,0.9869,0.0494,0.0387,0.1781,0.0587,0.7171,none
degraded_instruct,healthy_q8,cog_60_str_40,low,1600,0.9287,0.8256,0.971,0.995,0.0312,0.02,0.0994,0.04,0.8023,none
degraded_instruct,healthy_q8,cog_60_str_40,medium,1600,0.9575,0.8156,0.9678,0.9869,0.0319,0.0294,0.1294,0.0506,0.7873,none
degraded_instruct,healthy_q8,cog_75_cyb_25,extreme,1600,0.8962,0.6044,0.9235,0.9919,0.0731,0.105,0.2956,0.1762,0.529,none
degraded_instruct,healthy_q8,cog_75_cyb_25,high,1600,0.9031,0.6813,0.936,0.985,0.0612,0.0756,0.2112,0.1369,0.624,none
degraded_instruct,healthy_q8,cog_75_cyb_25,low,1600,0.9213,0.77,0.9656,0.9894,0.0306,0.0544,0.1194,0.0512,0.7378,none
degraded_instruct,healthy_q8,cog_75_cyb_25,medium,1600,0.9363,0.7656,0.9594,0.9906,0.0444,0.0675,0.1319,0.0756,0.7245,none
degraded_instruct,healthy_q8,cog_75_str_25,extreme,1600,0.9375,0.6562,0.9509,0.9919,0.055,0.0712,0.2681,0.06,0.6011,none
degraded_instruct,healthy_q8,cog_75_str_25,high,1600,0.9225,0.7075,0.951,0.985,0.0581,0.0494,0.2069,0.0688,0.6602,none
degraded_instruct,healthy_q8,cog_75_str_25,low,1600,0.9394,0.8394,0.9736,0.9944,0.0331,0.0225,0.0894,0.0319,0.8162,none
degraded_instruct,healthy_q8,cog_75_str_25,medium,1600,0.9406,0.7875,0.9663,0.9894,0.04,0.0462,0.1294,0.0475,0.7535,none
degraded_instruct,healthy_q8,cognitive_only,extreme,1600,0.8269,0.5737,0.8761,0.9831,0.0762,0.0894,0.2787,0.46,0.4877,none
degraded_instruct,healthy_q8,cognitive_only,high,1600,0.86,0.6937,0.9013,0.985,0.0525,0.0406,0.2081,0.3387,0.6363,none
degraded_instruct,healthy_q8,cognitive_only,low,1600,0.845,0.7206,0.9402,0.9869,0.0387,0.0338,0.1212,0.1338,0.6859,none
degraded_instruct,healthy_q8,cognitive_only,medium,1600,0.895,0.77,0.928,0.9931,0.04,0.0338,0.14,0.2362,0.7282,none
degraded_instruct,healthy_q8,cyb_25_str_75,extreme,1600,0.9419,0.695,0.9561,0.9919,0.0519,0.0769,0.2181,0.0544,0.6439,none
degraded_instruct,healthy_q8,cyb_25_str_75,high,1600,0.9494,0.7875,0.9645,0.9875,0.0419,0.0288,0.1581,0.0456,0.7543,none
degraded_instruct,healthy_q8,cyb_25_str_75,low,1600,0.9363,0.8425,0.9738,0.9931,0.0275,0.02,0.0869,0.0369,0.8215,none
degraded_instruct,healthy_q8,cyb_25_str_75,medium,1600,0.95,0.8313,0.9676,0.9862,0.0312,0.0269,0.1163,0.0569,0.8044,none
degraded_instruct,healthy_q8,cyb_40_str_60,extreme,1600,0.945,0.6769,0.954,0.99,0.0488,0.08,0.2444,0.0587,0.6238,none
degraded_instruct,healthy_q8,cyb_40_str_60,high,1600,0.9556,0.7756,0.9653,0.9869,0.0338,0.0456,0.1644,0.0512,0.7407,none
degraded_instruct,healthy_q8,cyb_40_str_60,low,1600,0.9306,0.8219,0.9703,0.9912,0.0288,0.0294,0.095,0.0444,0.7976,none
degraded_instruct,healthy_q8,cyb_40_str_60,medium,1600,0.9419,0.7925,0.9673,0.9919,0.0406,0.0506,0.1275,0.045,0.7577,none
degraded_instruct,healthy_q8,cyb_50_str_50,extreme,1600,0.9344,0.6731,0.951,0.9881,0.0575,0.0862,0.2325,0.06,0.617,none
degraded_instruct,healthy_q8,cyb_50_str_50,high,1600,0.9375,0.7638,0.9613,0.9906,0.0525,0.05,0.1681,0.0444,0.7223,none
degraded_instruct,healthy_q8,cyb_50_str_50,low,1600,0.9337,0.8163,0.9729,0.9938,0.0238,0.0406,0.0956,0.0425,0.7912,none
degraded_instruct,healthy_q8,cyb_50_str_50,medium,1600,0.9463,0.79,0.9667,0.9844,0.0375,0.0606,0.1219,0.0462,0.7546,none
degraded_instruct,healthy_q8,cyb_60_str_40,extreme,1600,0.9225,0.6769,0.9496,0.9881,0.0669,0.0994,0.2031,0.0619,0.6176,none
degraded_instruct,healthy_q8,cyb_60_str_40,high,1600,0.9406,0.7256,0.9619,0.9956,0.0475,0.0669,0.1837,0.05,0.6808,none
degraded_instruct,healthy_q8,cyb_60_str_40,low,1600,0.9344,0.7937,0.9706,0.9875,0.03,0.0488,0.1025,0.0369,0.765,none
degraded_instruct,healthy_q8,cyb_60_str_40,medium,1600,0.9463,0.7831,0.9664,0.9888,0.0338,0.0606,0.13,0.055,0.7477,none
degraded_instruct,healthy_q8,cyb_75_str_25,extreme,1600,0.9275,0.6269,0.9469,0.9856,0.0612,0.1125,0.2637,0.0612,0.5618,none
degraded_instruct,healthy_q8,cyb_75_str_25,high,1600,0.9294,0.7206,0.956,0.985,0.0575,0.0781,0.1681,0.0575,0.6714,none
degraded_instruct,healthy_q8,cyb_75_str_25,low,1600,0.9256,0.7894,0.9677,0.9869,0.035,0.0569,0.1069,0.0394,0.757,none
degraded_instruct,healthy_q8,cyb_75_str_25,medium,1600,0.9469,0.7856,0.9667,0.99,0.0362,0.0719,0.1206,0.055,0.748,none
degraded_instruct,healthy_q8,cyber_only,extreme,1600,0.8263,0.5681,0.8841,0.9225,0.0688,0.1119,0.2656,0.3419,0.4868,none
degraded_instruct,healthy_q8,cyber_only,high,1600,0.8431,0.6656,0.8907,0.9375,0.0575,0.0919,0.1731,0.33,0.5997,none
degraded_instruct,healthy_q8,cyber_only,low,1600,0.8525,0.7169,0.9409,0.9681,0.0294,0.0625,0.1062,0.1275,0.6807,none
degraded_instruct,healthy_q8,cyber_only,medium,1600,0.8681,0.7013,0.917,0.9494,0.0425,0.0762,0.1475,0.2325,0.6498,none
degraded_instruct,healthy_q8,structural_only,extreme,1600,0.945,0.7181,0.9551,0.9856,0.0431,0.0406,0.2375,0.0625,0.6749,none
degraded_instruct,healthy_q8,structural_only,high,1600,0.9619,0.7937,0.9666,0.9894,0.0338,0.015,0.1694,0.0462,0.7648,none
degraded_instruct,healthy_q8,structural_only,low,1600,0.9375,0.8588,0.9726,0.9869,0.0187,0.0056,0.0825,0.0462,0.8431,none
degraded_instruct,healthy_q8,structural_only,medium,1600,0.9444,0.8306,0.9652,0.99,0.0381,0.01,0.1269,0.0569,0.8042,none
degraded_instruct,healthy_q8,tri_boundary_heavy,extreme,1600,0.9306,0.6594,0.9485,0.99,0.0619,0.0981,0.2369,0.0688,0.5988,none
degraded_instruct,healthy_q8,tri_boundary_heavy,high,1600,0.95,0.7425,0.9625,0.9912,0.045,0.06,0.1794,0.0481,0.7002,none
degraded_instruct,healthy_q8,tri_boundary_heavy,low,1600,0.9344,0.8169,0.9713,0.9888,0.0256,0.0362,0.0944,0.0419,0.7923,none
degraded_instruct,healthy_q8,tri_boundary_heavy,medium,1600,0.9556,0.7937,0.9704,0.9906,0.0338,0.0631,0.1288,0.0387,0.7588,none
degraded_instruct,healthy_q8,tri_cognitive_bridge,extreme,1600,0.9444,0.665,0.9511,0.9881,0.0481,0.0875,0.2606,0.0644,0.609,none
degraded_instruct,healthy_q8,tri_cognitive_bridge,high,1600,0.9437,0.7406,0.9606,0.9875,0.0462,0.06,0.1794,0.05,0.6979,none
degraded_instruct,healthy_q8,tri_cognitive_bridge,low,1600,0.9375,0.8213,0.9724,0.9912,0.0256,0.0344,0.0988,0.0387,0.7969,none
degraded_instruct,healthy_q8,tri_cognitive_bridge,medium,1600,0.9463,0.8006,0.9658,0.9888,0.0369,0.055,0.1163,0.0587,0.7663,none
degraded_instruct,healthy_q8,tri_cognitive_heavy,extreme,1600,0.9369,0.6594,0.952,0.9875,0.0537,0.095,0.2406,0.0575,0.6021,none
degraded_instruct,healthy_q8,tri_cognitive_heavy,high,1600,0.9419,0.7069,0.959,0.9888,0.0462,0.075,0.2031,0.0512,0.6592,none
degraded_instruct,healthy_q8,tri_cognitive_heavy,low,1600,0.9213,0.7844,0.9671,0.9888,0.035,0.045,0.1075,0.0437,0.7541,none
degraded_instruct,healthy_q8,tri_cognitive_heavy,medium,1600,0.9494,0.785,0.9659,0.9912,0.0375,0.0606,0.1306,0.055,0.7484,none
degraded_instruct,healthy_q8,tri_cyber_heavy,extreme,1600,0.9287,0.6406,0.9473,0.99,0.0612,0.1062,0.2556,0.0669,0.5772,none
degraded_instruct,healthy_q8,tri_cyber_heavy,high,1600,0.9475,0.74,0.9623,0.99,0.0444,0.0856,0.1644,0.0537,0.6937,none
degraded_instruct,healthy_q8,tri_cyber_heavy,low,1600,0.9369,0.785,0.9725,0.9938,0.0294,0.0619,0.1062,0.035,0.7536,none
degraded_instruct,healthy_q8,tri_cyber_heavy,medium,1600,0.9544,0.77,0.9676,0.9856,0.0375,0.0819,0.1288,0.0425,0.7299,none
degraded_instruct,healthy_q8,tri_equal_routed,extreme,1600,0.9431,0.6575,0.9536,0.9906,0.0481,0.1181,0.2419,0.0612,0.597,none
degraded_instruct,healthy_q8,tri_equal_routed,high,1600,0.9425,0.7362,0.9593,0.985,0.045,0.0619,0.1831,0.0544,0.693,none
degraded_instruct,healthy_q8,tri_equal_routed,low,1600,0.9394,0.7975,0.9739,0.9944,0.0269,0.0563,0.1025,0.0344,0.7683,none
degraded_instruct,healthy_q8,tri_equal_routed,medium,1600,0.9513,0.7925,0.9698,0.9894,0.0344,0.0625,0.1163,0.0431,0.7582,none
degraded_instruct,healthy_q8,tri_naive_equal_all_fire,extreme,1600,0.8906,0.3775,0.8989,0.9919,0.0781,0.41,0.3294,0.0625,0.2426,none
degraded_instruct,healthy_q8,tri_naive_equal_all_fire,high,1600,0.9031,0.475,0.9218,0.9875,0.0706,0.3569,0.2288,0.0469,0.3618,none
degraded_instruct,healthy_q8,tri_naive_equal_all_fire,low,1600,0.9062,0.5856,0.9411,0.9912,0.045,0.2419,0.1569,0.0456,0.5089,none
degraded_instruct,healthy_q8,tri_naive_equal_all_fire,medium,1600,0.9031,0.5413,0.9291,0.9894,0.0606,0.2969,0.1831,0.0619,0.4459,none
degraded_instruct,healthy_q8,tri_naive_structural_heavy_all_fire,extreme,1600,0.8906,0.4188,0.906,0.9894,0.0725,0.3844,0.2869,0.0625,0.294,none
degraded_instruct,healthy_q8,tri_naive_structural_heavy_all_fire,high,1600,0.91,0.5219,0.9281,0.9875,0.065,0.3162,0.2044,0.0494,0.4203,none
degraded_instruct,healthy_q8,tri_naive_structural_heavy_all_fire,low,1600,0.9094,0.615,0.9427,0.9869,0.0525,0.215,0.1475,0.0381,0.5425,none
degraded_instruct,healthy_q8,tri_naive_structural_heavy_all_fire,medium,1600,0.9181,0.5663,0.9362,0.995,0.0612,0.2806,0.1706,0.045,0.4759,none
degraded_instruct,healthy_q8,tri_structural_heavy_55,extreme,1600,0.935,0.6844,0.9536,0.9925,0.0531,0.0887,0.2263,0.0631,0.6294,none
degraded_instruct,healthy_q8,tri_structural_heavy_55,high,1600,0.9487,0.7606,0.9637,0.9888,0.04,0.0563,0.1663,0.0506,0.7215,none
degraded_instruct,healthy_q8,tri_structural_heavy_55,low,1600,0.9487,0.835,0.977,0.9888,0.0169,0.0344,0.0894,0.0338,0.8142,none
degraded_instruct,healthy_q8,tri_structural_heavy_55,medium,1600,0.9437,0.8006,0.9667,0.9888,0.04,0.0413,0.1206,0.0475,0.7683,none
degraded_instruct,healthy_q8,tri_structural_heavy_60,extreme,1600,0.9387,0.6963,0.9541,0.9925,0.0537,0.0737,0.2269,0.0606,0.6442,none
degraded_instruct,healthy_q8,tri_structural_heavy_60,high,1600,0.9387,0.7656,0.9612,0.9956,0.0512,0.0494,0.1525,0.0594,0.7252,none
degraded_instruct,healthy_q8,tri_structural_heavy_60,low,1600,0.9437,0.8363,0.975,0.9906,0.0181,0.0225,0.0956,0.04,0.8167,none
degraded_instruct,healthy_q8,tri_structural_heavy_60,medium,1600,0.9537,0.8175,0.971,0.9919,0.035,0.0406,0.1125,0.0406,0.7878,none
degraded_instruct,healthy_q8,tri_structural_heavy_65,extreme,1600,0.9381,0.6937,0.9532,0.9894,0.0537,0.0806,0.2156,0.0644,0.641,none
degraded_instruct,healthy_q8,tri_structural_heavy_65,high,1600,0.9487,0.7688,0.962,0.9894,0.0437,0.045,0.1688,0.0537,0.7304,none
degraded_instruct,healthy_q8,tri_structural_heavy_65,low,1600,0.945,0.8431,0.9754,0.99,0.0187,0.0225,0.0894,0.0369,0.824,none
degraded_instruct,healthy_q8,tri_structural_heavy_65,medium,1600,0.9563,0.8156,0.9709,0.9919,0.0319,0.0387,0.1156,0.045,0.7868,none
instruct,collapsed_q2_edge,baseline,extreme,1600,0.0,0.0,0.0,0.0,0.9925,0.0362,1.1656,6.0,-0.6983,cascade
instruct,collapsed_q2_edge,baseline,high,1600,0.0,0.0,0.0001,0.0431,0.9906,0.0063,0.7769,5.1988,-0.6205,cascade
instruct,collapsed_q2_edge,baseline,low,1600,0.0,0.0,0.0333,0.2387,0.5425,0.0,0.3856,3.3656,-0.3619,cascade
instruct,collapsed_q2_edge,baseline,medium,1600,0.0,0.0,0.004,0.1244,0.83,0.0075,0.5556,4.7438,-0.5321,cascade
instruct,collapsed_q2_edge,cog_25_cyb_75,extreme,1600,0.0,0.0,0.0006,0.1794,0.9894,0.12,1.0706,5.9094,-0.7019,cascade
instruct,collapsed_q2_edge,cog_25_cyb_75,high,1600,0.0,0.0,0.0083,0.255,0.9494,0.0819,0.7081,4.9344,-0.6046,cascade
instruct,collapsed_q2_edge,cog_25_cyb_75,low,1600,0.0063,0.0031,0.104,0.4306,0.4694,0.0537,0.3831,2.8469,-0.3214,cascade
instruct,collapsed_q2_edge,cog_25_cyb_75,medium,1600,0.0013,0.0013,0.0406,0.3669,0.7106,0.0694,0.5387,4.2763,-0.4827,cascade
instruct,collapsed_q2_edge,cog_25_str_75,extreme,1600,0.0069,0.0037,0.0772,0.3856,0.7769,0.0469,0.9363,4.3069,-0.5289,cascade
instruct,collapsed_q2_edge,cog_25_str_75,high,1600,0.0219,0.0163,0.1439,0.4594,0.6375,0.0138,0.6325,3.3669,-0.3967,cascade
instruct,collapsed_q2_edge,cog_25_str_75,low,1600,0.0969,0.0681,0.3761,0.6025,0.2812,0.0044,0.3181,1.7031,-0.1277,cascade
instruct,collapsed_q2_edge,cog_25_str_75,medium,1600,0.0556,0.0456,0.2363,0.5275,0.4456,0.0112,0.4856,2.7506,-0.2667,cascade
instruct,collapsed_q2_edge,cog_40_cyb_60,extreme,1600,0.0,0.0,0.0003,0.1544,0.9862,0.1087,1.0713,5.9394,-0.7003,cascade
instruct,collapsed_q2_edge,cog_40_cyb_60,high,1600,0.0,0.0,0.0071,0.2556,0.9506,0.0794,0.7094,4.99,-0.6073,cascade
instruct,collapsed_q2_edge,cog_40_cyb_60,low,1600,0.0056,0.005,0.1058,0.4406,0.4306,0.0706,0.3494,2.8487,-0.3087,cascade
instruct,collapsed_q2_edge,cog_40_cyb_60,medium,1600,0.0013,0.0013,0.0355,0.3262,0.7125,0.0694,0.4994,4.3388,-0.4833,cascade
instruct,collapsed_q2_edge,cog_40_str_60,extreme,1600,0.0019,0.0013,0.0356,0.335,0.8831,0.0456,1.0513,4.7906,-0.5964,cascade
instruct,collapsed_q2_edge,cog_40_str_60,high,1600,0.0044,0.0031,0.0843,0.3981,0.6987,0.0262,0.6925,3.8081,-0.4576,cascade
instruct,collapsed_q2_edge,cog_40_str_60,low,1600,0.0575,0.04,0.2966,0.5656,0.3225,0.0144,0.3694,1.9744,-0.1879,cascade
instruct,collapsed_q2_edge,cog_40_str_60,medium,1600,0.0231,0.02,0.1714,0.4863,0.4963,0.0206,0.4863,3.1131,-0.3276,cascade
instruct,collapsed_q2_edge,cog_50_cyb_50,extreme,1600,0.0,0.0,0.0001,0.165,0.985,0.0981,1.105,5.9519,-0.7011,cascade
instruct,collapsed_q2_edge,cog_50_cyb_50,high,1600,0.0,0.0,0.0064,0.245,0.9581,0.0675,0.7619,5.0381,-0.6138,cascade
instruct,collapsed_q2_edge,cog_50_cyb_50,low,1600,0.0063,0.005,0.1088,0.4581,0.4744,0.0631,0.3931,2.8287,-0.3228,cascade
instruct,collapsed_q2_edge,cog_50_cyb_50,medium,1600,0.0013,0.0013,0.0341,0.3394,0.7294,0.0669,0.5425,4.3113,-0.4899,cascade
instruct,collapsed_q2_edge,cog_50_str_50,extreme,1600,0.0,0.0,0.0205,0.3275,0.9231,0.05,1.0394,5.1131,-0.6257,cascade
instruct,collapsed_q2_edge,cog_50_str_50,high,1600,0.0031,0.0031,0.0658,0.3937,0.7356,0.0288,0.7431,4.0425,-0.4849,cascade
instruct,collapsed_q2_edge,cog_50_str_50,low,1600,0.0512,0.0362,0.2644,0.5456,0.3506,0.0156,0.3444,2.115,-0.2054,cascade
instruct,collapsed_q2_edge,cog_50_str_50,medium,1600,0.0106,0.0094,0.1419,0.4763,0.5281,0.03,0.5175,3.2981,-0.3614,cascade
instruct,collapsed_q2_edge,cog_60_cyb_40,extreme,1600,0.0,0.0,0.0001,0.1388,0.9869,0.1031,1.1194,5.9681,-0.7046,cascade
instruct,collapsed_q2_edge,cog_60_cyb_40,high,1600,0.0,0.0,0.0049,0.2606,0.9606,0.0681,0.7319,5.0506,-0.6129,cascade
instruct,collapsed_q2_edge,cog_60_cyb_40,low,1600,0.0056,0.0037,0.0964,0.4338,0.4606,0.0512,0.3856,2.8862,-0.3198,cascade
instruct,collapsed_q2_edge,cog_60_cyb_40,medium,1600,0.0006,0.0006,0.0283,0.3406,0.7425,0.0737,0.5425,4.3769,-0.4991,cascade
instruct,collapsed_q2_edge,cog_60_str_40,extreme,1600,0.0,0.0,0.0127,0.2762,0.9525,0.0563,1.0631,5.51,-0.6576,cascade
instruct,collapsed_q2_edge,cog_60_str_40,high,1600,0.0019,0.0019,0.0476,0.3719,0.7975,0.0381,0.7469,4.3056,-0.52,cascade
instruct,collapsed_q2_edge,cog_60_str_40,low,1600,0.0262,0.0194,0.2249,0.5288,0.3625,0.02,0.3619,2.2694,-0.2358,cascade
instruct,collapsed_q2_edge,cog_60_str_40,medium,1600,0.0081,0.0075,0.1179,0.4625,0.5756,0.0362,0.5062,3.5187,-0.3889,cascade
instruct,collapsed_q2_edge,cog_75_cyb_25,extreme,1600,0.0,0.0,0.0,0.1256,0.9925,0.095,1.1319,5.9863,-0.7066,cascade
instruct,collapsed_q2_edge,cog_75_cyb_25,high,1600,0.0,0.0,0.0045,0.2275,0.9669,0.0644,0.745,5.0906,-0.6171,cascade
instruct,collapsed_q2_edge,cog_75_cyb_25,low,1600,0.0056,0.0031,0.0943,0.4569,0.4813,0.0356,0.3987,2.9213,-0.3263,cascade
instruct,collapsed_q2_edge,cog_75_cyb_25,medium,1600,0.0,0.0,0.0287,0.3369,0.7188,0.0581,0.545,4.4287,-0.4923,cascade
instruct,collapsed_q2_edge,cog_75_str_25,extreme,1600,0.0,0.0,0.003,0.22,0.9838,0.07,1.0881,5.8381,-0.6881,cascade
instruct,collapsed_q2_edge,cog_75_str_25,high,1600,0.0,0.0,0.0169,0.3206,0.8925,0.0419,0.7319,4.7669,-0.573,cascade
instruct,collapsed_q2_edge,cog_75_str_25,low,1600,0.0181,0.0125,0.1697,0.5138,0.4094,0.0213,0.3719,2.5194,-0.2703,cascade
instruct,collapsed_q2_edge,cog_75_str_25,medium,1600,0.0069,0.0069,0.0679,0.3987,0.6481,0.0394,0.5481,3.8875,-0.4337,cascade
instruct,collapsed_q2_edge,cognitive_only,extreme,1600,0.0,0.0,0.0,0.0688,0.9869,0.0831,1.1881,6.0,-0.7077,cascade
instruct,collapsed_q2_edge,cognitive_only,high,1600,0.0,0.0,0.0012,0.1606,0.9819,0.0413,0.8144,5.1525,-0.6256,cascade
instruct,collapsed_q2_edge,cognitive_only,low,1600,0.0069,0.0044,0.062,0.3488,0.5138,0.0281,0.4231,3.1231,-0.3454,cascade
instruct,collapsed_q2_edge,cognitive_only,medium,1600,0.0,0.0,0.014,0.2644,0.7963,0.0375,0.5481,4.6238,-0.5214,cascade
instruct,collapsed_q2_edge,cyb_25_str_75,extreme,1600,0.0094,0.0031,0.0877,0.3719,0.7956,0.0544,0.8919,4.0637,-0.521,cascade
instruct,collapsed_q2_edge,cyb_25_str_75,high,1600,0.0281,0.0206,0.1546,0.4744,0.63,0.0238,0.5938,3.3081,-0.386,cascade
instruct,collapsed_q2_edge,cyb_25_str_75,low,1600,0.1,0.0788,0.3861,0.6069,0.2913,0.0131,0.3162,1.6394,-0.1185,cascade
instruct,collapsed_q2_edge,cyb_25_str_75,medium,1600,0.055,0.05,0.2584,0.4988,0.4363,0.0181,0.4281,2.5769,-0.2476,cascade
instruct,collapsed_q2_edge,cyb_40_str_60,extreme,1600,0.0037,0.0006,0.053,0.3531,0.8644,0.0731,0.9144,4.4819,-0.5706,cascade
instruct,collapsed_q2_edge,cyb_40_str_60,high,1600,0.0169,0.0106,0.1041,0.425,0.6906,0.035,0.6138,3.6731,-0.4363,cascade
instruct,collapsed_q2_edge,cyb_40_str_60,low,1600,0.0606,0.0419,0.3196,0.5719,0.3281,0.0206,0.3594,1.8606,-0.1825,cascade
instruct,collapsed_q2_edge,cyb_40_str_60,medium,1600,0.0413,0.0319,0.1999,0.4813,0.4825,0.0381,0.4575,2.9156,-0.3029,cascade
instruct,collapsed_q2_edge,cyb_50_str_50,extreme,1600,0.0019,0.0019,0.042,0.3406,0.885,0.0756,0.9369,4.7213,-0.5898,cascade
instruct,collapsed_q2_edge,cyb_50_str_50,high,1600,0.0081,0.0025,0.0837,0.4075,0.7394,0.0425,0.6362,3.8588,-0.4717,cascade
instruct,collapsed_q2_edge,cyb_50_str_50,low,1600,0.0506,0.0406,0.2929,0.5794,0.3269,0.0262,0.33,1.9906,-0.1886,cascade
instruct,collapsed_q2_edge,cyb_50_str_50,medium,1600,0.0275,0.0231,0.1756,0.49,0.5112,0.0431,0.4238,3.0962,-0.3276,cascade
instruct,collapsed_q2_edge,cyb_60_str_40,extreme,1600,0.0006,0.0,0.0259,0.2938,0.9344,0.08,0.9775,5.0319,-0.6261,cascade
instruct,collapsed_q2_edge,cyb_60_str_40,high,1600,0.0044,0.0025,0.0674,0.3887,0.76,0.0469,0.6394,4.1162,-0.4918,cascade
instruct,collapsed_q2_edge,cyb_60_str_40,low,1600,0.0413,0.0312,0.257,0.5463,0.3463,0.0381,0.3237,2.1225,-0.2123,cascade
instruct,collapsed_q2_edge,cyb_60_str_40,medium,1600,0.0187,0.0156,0.1348,0.4444,0.545,0.05,0.4781,3.3456,-0.3634,cascade
instruct,collapsed_q2_edge,cyb_75_str_25,extreme,1600,0.0006,0.0006,0.012,0.2331,0.9719,0.1138,0.9794,5.4094,-0.6625,cascade
instruct,collapsed_q2_edge,cyb_75_str_25,high,1600,0.0019,0.0013,0.0415,0.3625,0.8319,0.0744,0.6669,4.4131,-0.5372,cascade
instruct,collapsed_q2_edge,cyb_75_str_25,low,1600,0.0219,0.0119,0.1889,0.5188,0.3887,0.045,0.3494,2.4275,-0.2631,cascade
instruct,collapsed_q2_edge,cyb_75_str_25,medium,1600,0.0106,0.0069,0.1001,0.4206,0.6088,0.0656,0.4906,3.6269,-0.4095,cascade
instruct,collapsed_q2_edge,cyber_only,extreme,1600,0.0,0.0,0.0002,0.1087,0.9906,0.0969,1.0775,5.9431,-0.6999,cascade
instruct,collapsed_q2_edge,cyber_only,high,1600,0.0,0.0,0.0045,0.1869,0.9644,0.0719,0.73,5.0388,-0.614,cascade
instruct,collapsed_q2_edge,cyber_only,low,1600,0.0044,0.0025,0.0877,0.4037,0.4931,0.0688,0.39,2.9744,-0.3391,cascade
instruct,collapsed_q2_edge,cyber_only,medium,1600,0.0019,0.0019,0.0309,0.3175,0.7362,0.0737,0.5394,4.3856,-0.4962,cascade
instruct,collapsed_q2_edge,structural_only,extreme,1600,0.0063,0.0037,0.0575,0.3325,0.8356,0.0375,0.9831,4.4244,-0.5543,cascade
instruct,collapsed_q2_edge,structural_only,high,1600,0.0187,0.0138,0.1185,0.3881,0.6613,0.0125,0.6394,3.5094,-0.4137,cascade
instruct,collapsed_q2_edge,structural_only,low,1600,0.0831,0.0625,0.3533,0.5837,0.2906,0.0044,0.3444,1.7637,-0.1413,cascade
instruct,collapsed_q2_edge,structural_only,medium,1600,0.0375,0.0319,0.2068,0.4644,0.4856,0.0144,0.4619,2.8156,-0.2944,cascade
instruct,collapsed_q2_edge,tri_boundary_heavy,extreme,1600,0.0044,0.0031,0.0713,0.3831,0.7987,0.0875,0.9094,4.2763,-0.5406,cascade
instruct,collapsed_q2_edge,tri_boundary_heavy,high,1600,0.015,0.0112,0.1358,0.4594,0.6319,0.07,0.6444,3.4594,-0.4168,cascade
instruct,collapsed_q2_edge,tri_boundary_heavy,low,1600,0.1025,0.0737,0.3776,0.6231,0.2869,0.0375,0.3381,1.6869,-0.1312,cascade
instruct,collapsed_q2_edge,tri_boundary_heavy,medium,1600,0.0587,0.0462,0.2458,0.5475,0.4487,0.0494,0.4625,2.6869,-0.2696,cascade
instruct,collapsed_q2_edge,tri_cognitive_bridge,extreme,1600,0.0081,0.0044,0.0651,0.3837,0.8087,0.0844,0.9669,4.46,-0.5555,cascade
instruct,collapsed_q2_edge,tri_cognitive_bridge,high,1600,0.0169,0.0138,0.121,0.4325,0.6538,0.0475,0.6319,3.5412,-0.4195,cascade
instruct,collapsed_q2_edge,tri_cognitive_bridge,low,1600,0.0862,0.0619,0.3533,0.6175,0.3212,0.03,0.3281,1.7688,-0.1552,cascade
instruct,collapsed_q2_edge,tri_cognitive_bridge,medium,1600,0.0369,0.0269,0.2192,0.5281,0.4769,0.0437,0.4738,2.8119,-0.3034,cascade
instruct,collapsed_q2_edge,tri_cognitive_heavy,extreme,1600,0.0019,0.0019,0.0284,0.3256,0.8962,0.0838,1.0188,4.9894,-0.6147,cascade
instruct,collapsed_q2_edge,tri_cognitive_heavy,high,1600,0.0056,0.0019,0.0767,0.4406,0.7188,0.0494,0.6844,3.9244,-0.4746,cascade
instruct,collapsed_q2_edge,tri_cognitive_heavy,low,1600,0.0506,0.0338,0.2741,0.5594,0.3438,0.0387,0.3519,2.0537,-0.208,cascade
instruct,collapsed_q2_edge,tri_cognitive_heavy,medium,1600,0.02,0.015,0.1675,0.5025,0.5244,0.0512,0.5038,3.1425,-0.35,cascade
instruct,collapsed_q2_edge,tri_cyber_heavy,extreme,1600,0.0037,0.0006,0.05,0.3563,0.8662,0.1131,0.96,4.585,-0.5879,cascade
instruct,collapsed_q2_edge,tri_cyber_heavy,high,1600,0.0056,0.0037,0.094,0.4094,0.69,0.0719,0.6462,3.7569,-0.4572,cascade
instruct,collapsed_q2_edge,tri_cyber_heavy,low,1600,0.0644,0.0431,0.3211,0.5969,0.3063,0.0512,0.3081,1.8975,-0.1785,cascade
instruct,collapsed_q2_edge,tri_cyber_heavy,medium,1600,0.0413,0.0281,0.1992,0.5119,0.4813,0.0688,0.425,2.99,-0.3135,cascade
instruct,collapsed_q2_edge,tri_equal_routed,extreme,1600,0.0019,0.0006,0.0313,0.3287,0.8806,0.0956,1.0012,4.82,-0.6038,cascade
instruct,collapsed_q2_edge,tri_equal_routed,high,1600,0.0056,0.0044,0.0843,0.4356,0.7219,0.0737,0.6787,3.8487,-0.4737,cascade
instruct,collapsed_q2_edge,tri_equal_routed,low,1600,0.0506,0.0312,0.2931,0.5719,0.3325,0.045,0.3581,1.9681,-0.2046,cascade
instruct,collapsed_q2_edge,tri_equal_routed,medium,1600,0.0275,0.0238,0.1657,0.4888,0.5188,0.0594,0.5138,3.1219,-0.3409,cascade
instruct,collapsed_q2_edge,tri_naive_equal_all_fire,extreme,1600,0.005,0.0013,0.0529,0.3237,0.7837,0.4075,1.0606,4.3625,-0.6183,cascade
instruct,collapsed_q2_edge,tri_naive_equal_all_fire,high,1600,0.0144,0.0081,0.1239,0.4387,0.6081,0.3194,0.6775,3.4519,-0.465,cascade
instruct,collapsed_q2_edge,tri_naive_equal_all_fire,low,1600,0.0869,0.0469,0.339,0.59,0.3038,0.2375,0.3781,1.7312,-0.2086,cascade
instruct,collapsed_q2_edge,tri_naive_equal_all_fire,medium,1600,0.03,0.0213,0.2149,0.5238,0.4681,0.2856,0.5463,2.7519,-0.3576,cascade
instruct,collapsed_q2_edge,tri_naive_structural_heavy_all_fire,extreme,1600,0.0631,0.0238,0.2727,0.4675,0.5112,0.36,0.9481,2.48,-0.4015,cascade
instruct,collapsed_q2_edge,tri_naive_structural_heavy_all_fire,high,1600,0.1237,0.0638,0.363,0.5775,0.3956,0.3069,0.6362,2.0044,-0.2674,cascade
instruct,collapsed_q2_edge,tri_naive_structural_heavy_all_fire,low,1600,0.3269,0.1794,0.6139,0.7125,0.1856,0.235,0.3531,0.8194,0.0075,classification_miss
instruct,collapsed_q2_edge,tri_naive_structural_heavy_all_fire,medium,1600,0.2462,0.1556,0.509,0.65,0.2838,0.2544,0.4281,1.4019,-0.0847,cascade
instruct,collapsed_q2_edge,tri_structural_heavy_55,extreme,1600,0.0119,0.0056,0.0989,0.4188,0.7431,0.0638,0.9681,3.985,-0.5068,cascade
instruct,collapsed_q2_edge,tri_structural_heavy_55,high,1600,0.0275,0.0181,0.1704,0.4856,0.5931,0.0437,0.6206,3.19,-0.3777,cascade
instruct,collapsed_q2_edge,tri_structural_heavy_55,low,1600,0.1256,0.095,0.427,0.6481,0.2556,0.0331,0.3169,1.5312,-0.0902,cascade
instruct,collapsed_q2_edge,tri_structural_heavy_55,medium,1600,0.0656,0.0556,0.2873,0.5613,0.4138,0.04,0.4406,2.4825,-0.2359,cascade
instruct,collapsed_q2_edge,tri_structural_heavy_60,extreme,1600,0.0125,0.005,0.1287,0.4406,0.7013,0.0694,0.8944,3.7738,-0.4795,cascade
instruct,collapsed_q2_edge,tri_structural_heavy_60,high,1600,0.0362,0.0269,0.1996,0.51,0.5563,0.0369,0.6069,3.0175,-0.3468,cascade
instruct,collapsed_q2_edge,tri_structural_heavy_60,low,1600,0.1444,0.1106,0.4582,0.6681,0.2419,0.025,0.3375,1.4212,-0.065,cascade
instruct,collapsed_q2_edge,tri_structural_heavy_60,medium,1600,0.095,0.075,0.3213,0.5863,0.4037,0.0413,0.4688,2.315,-0.2076,cascade
instruct,collapsed_q2_edge,tri_structural_heavy_65,extreme,1600,0.0194,0.0119,0.1425,0.4437,0.6831,0.0631,0.9075,3.5831,-0.4574,cascade
instruct,collapsed_q2_edge,tri_structural_heavy_65,high,1600,0.05,0.0356,0.2238,0.4975,0.5369,0.0306,0.59,2.8781,-0.3227,cascade
instruct,collapsed_q2_edge,tri_structural_heavy_65,low,1600,0.1731,0.1225,0.4871,0.6925,0.2394,0.015,0.2781,1.3438,-0.0418,cascade
instruct,collapsed_q2_edge,tri_structural_heavy_65,medium,1600,0.1131,0.0887,0.3469,0.595,0.3694,0.0312,0.4406,2.2169,-0.1744,cascade
instruct,damaged_q2,baseline,extreme,1600,0.0,0.0,0.0043,0.1575,0.9381,0.0387,0.9969,5.8794,-0.6629,cascade
instruct,damaged_q2,baseline,high,1600,0.0,0.0,0.019,0.2431,0.7525,0.0075,0.6419,4.8656,-0.5219,cascade
instruct,damaged_q2,baseline,low,1600,0.0144,0.0094,0.1431,0.3819,0.3525,0.0,0.3194,2.6575,-0.2548,classification_miss
instruct,damaged_q2,baseline,medium,1600,0.0025,0.0025,0.0558,0.3044,0.5431,0.01,0.4813,4.0838,-0.4051,cascade
instruct,damaged_q2,cog_25_cyb_75,extreme,1600,0.0031,0.0019,0.0438,0.3806,0.77,0.1019,0.9069,4.9469,-0.5694,cascade
instruct,damaged_q2,cog_25_cyb_75,high,1600,0.01,0.0069,0.0937,0.4531,0.6406,0.0931,0.6188,3.9512,-0.451,cascade
instruct,damaged_q2,cog_25_cyb_75,low,1600,0.0375,0.0275,0.2663,0.59,0.2988,0.0587,0.3194,2.1456,-0.2067,cascade
instruct,damaged_q2,cog_25_cyb_75,medium,1600,0.0275,0.0206,0.173,0.5306,0.4562,0.0656,0.4169,3.23,-0.3242,cascade
instruct,damaged_q2,cog_25_str_75,extreme,1600,0.0712,0.0344,0.2748,0.5669,0.4744,0.04,0.81,2.9069,-0.3261,cascade
instruct,damaged_q2,cog_25_str_75,high,1600,0.1131,0.0825,0.3502,0.6075,0.3881,0.0206,0.5344,2.3037,-0.196,cascade
instruct,damaged_q2,cog_25_str_75,low,1600,0.2444,0.1925,0.5705,0.7144,0.1812,0.0081,0.2906,1.0806,0.0592,classification_miss
instruct,damaged_q2,cog_25_str_75,medium,1600,0.1881,0.1644,0.45,0.6525,0.3069,0.015,0.3588,1.795,-0.0491,cascade
instruct,damaged_q2,cog_40_cyb_60,extreme,1600,0.0006,0.0,0.0369,0.3681,0.8037,0.105,0.9113,4.9856,-0.5843,cascade
instruct,damaged_q2,cog_40_cyb_60,high,1600,0.005,0.0044,0.0851,0.4419,0.64,0.0869,0.6019,4.0375,-0.455,cascade
instruct,damaged_q2,cog_40_cyb_60,low,1600,0.0494,0.0281,0.2718,0.6094,0.2963,0.0544,0.3412,2.1544,-0.2066,cascade
instruct,damaged_q2,cog_40_cyb_60,medium,1600,0.0206,0.0194,0.1518,0.5056,0.475,0.0663,0.4475,3.3294,-0.3386,cascade
instruct,damaged_q2,cog_40_str_60,extreme,1600,0.04,0.0181,0.2031,0.52,0.5325,0.0437,0.8356,3.395,-0.387,cascade
instruct,damaged_q2,cog_40_str_60,high,1600,0.0737,0.0587,0.2852,0.5931,0.4306,0.0225,0.5531,2.6519,-0.2518,cascade
instruct,damaged_q2,cog_40_str_60,low,1600,0.1794,0.1281,0.5056,0.7206,0.2162,0.0106,0.2938,1.3094,-0.0278,cascade
instruct,damaged_q2,cog_40_str_60,medium,1600,0.1225,0.1037,0.4077,0.6637,0.2938,0.0213,0.4088,2.0556,-0.1241,cascade
instruct,damaged_q2,cog_50_cyb_50,extreme,1600,0.0,0.0,0.0325,0.3563,0.8013,0.11,0.9113,5.0869,-0.5896,cascade
instruct,damaged_q2,cog_50_cyb_50,high,1600,0.0088,0.0069,0.0881,0.475,0.6438,0.07,0.5994,3.9994,-0.4482,cascade
instruct,damaged_q2,cog_50_cyb_50,low,1600,0.0369,0.0262,0.2509,0.5844,0.3088,0.0387,0.315,2.2281,-0.2107,cascade
instruct,damaged_q2,cog_50_cyb_50,medium,1600,0.0181,0.0138,0.1567,0.495,0.4575,0.0694,0.4394,3.3269,-0.3389,cascade
instruct,damaged_q2,cog_50_str_50,extreme,1600,0.0194,0.005,0.1653,0.5006,0.5819,0.0587,0.8456,3.6144,-0.4297,cascade
instruct,damaged_q2,cog_50_str_50,high,1600,0.0381,0.025,0.2309,0.5581,0.455,0.0312,0.6275,2.9275,-0.3143,cascade
instruct,damaged_q2,cog_50_str_50,low,1600,0.1469,0.1113,0.4582,0.6937,0.225,0.0138,0.3038,1.4794,-0.0573,cascade
instruct,damaged_q2,cog_50_str_50,medium,1600,0.0862,0.0725,0.3326,0.6188,0.3544,0.0225,0.415,2.3456,-0.1888,cascade
instruct,damaged_q2,cog_60_cyb_40,extreme,1600,0.0006,0.0,0.032,0.3769,0.8069,0.0981,0.9425,5.0781,-0.591,cascade
instruct,damaged_q2,cog_60_cyb_40,high,1600,0.0019,0.0019,0.0678,0.4419,0.6556,0.0831,0.6019,4.1025,-0.4647,cascade
instruct,damaged_q2,cog_60_cyb_40,low,1600,0.0319,0.0244,0.2593,0.6019,0.3156,0.0587,0.3325,2.1825,-0.2178,cascade
instruct,damaged_q2,cog_60_cyb_40,medium,1600,0.0213,0.0181,0.149,0.51,0.4669,0.0606,0.4575,3.3744,-0.3394,cascade
instruct,damaged_q2,cog_60_str_40,extreme,1600,0.0125,0.0063,0.1184,0.45,0.6288,0.0706,0.9294,4.0362,-0.4727,cascade
instruct,damaged_q2,cog_60_str_40,high,1600,0.0387,0.0331,0.2022,0.5587,0.4906,0.0275,0.6019,3.1375,-0.3246,cascade
instruct,damaged_q2,cog_60_str_40,low,1600,0.1106,0.0788,0.4174,0.6719,0.2331,0.0156,0.31,1.6319,-0.1007,cascade
instruct,damaged_q2,cog_60_str_40,medium,1600,0.0744,0.0631,0.2917,0.5938,0.3544,0.0294,0.4537,2.5531,-0.213,cascade
instruct,damaged_q2,cog_75_cyb_25,extreme,1600,0.0,0.0,0.0293,0.3519,0.8325,0.11,0.9769,5.2044,-0.6101,cascade
instruct,damaged_q2,cog_75_cyb_25,high,1600,0.0025,0.0025,0.0705,0.4381,0.6606,0.0725,0.6231,4.1325,-0.4667,cascade
instruct,damaged_q2,cog_75_cyb_25,low,1600,0.0444,0.0269,0.2674,0.6131,0.3019,0.0475,0.3381,2.1869,-0.2096,cascade
instruct,damaged_q2,cog_75_cyb_25,medium,1600,0.0144,0.0119,0.1442,0.4919,0.4763,0.0563,0.4494,3.4044,-0.3484,cascade
instruct,damaged_q2,cog_75_str_25,extreme,1600,0.0063,0.0025,0.0733,0.4363,0.7125,0.0781,0.9319,4.5006,-0.5265,cascade
instruct,damaged_q2,cog_75_str_25,high,1600,0.0144,0.0094,0.1373,0.4838,0.5413,0.05,0.6319,3.5631,-0.3917,cascade
instruct,damaged_q2,cog_75_str_25,low,1600,0.0844,0.0631,0.357,0.6512,0.2494,0.0231,0.3031,1.8556,-0.1333,primitive_gap
instruct,damaged_q2,cog_75_str_25,medium,1600,0.0375,0.0331,0.2266,0.5713,0.4069,0.0369,0.4456,2.9181,-0.2779,cascade
instruct,damaged_q2,cognitive_only,extreme,1600,0.0,0.0,0.0151,0.28,0.9012,0.0762,1.0075,5.6231,-0.6474,cascade
instruct,damaged_q2,cognitive_only,high,1600,0.0037,0.0031,0.0416,0.3463,0.7163,0.05,0.6544,4.47,-0.4976,cascade
instruct,damaged_q2,cognitive_only,low,1600,0.0213,0.0156,0.191,0.4806,0.3244,0.0344,0.355,2.465,-0.2402,classification_miss
instruct,damaged_q2,cognitive_only,medium,1600,0.0044,0.0031,0.0888,0.3969,0.5206,0.0475,0.4781,3.7444,-0.388,cascade
instruct,damaged_q2,cyb_25_str_75,extreme,1600,0.0781,0.035,0.2898,0.5431,0.5056,0.0544,0.7444,2.7225,-0.3232,cascade
instruct,damaged_q2,cyb_25_str_75,high,1600,0.1369,0.0956,0.3698,0.6006,0.3887,0.0262,0.4894,2.1819,-0.1745,cascade
instruct,damaged_q2,cyb_25_str_75,low,1600,0.28,0.2288,0.5997,0.7375,0.1656,0.015,0.2575,1.005,0.1052,none
instruct,damaged_q2,cyb_25_str_75,medium,1600,0.2288,0.1787,0.4895,0.6925,0.2844,0.0181,0.4,1.6556,-0.025,cascade
instruct,damaged_q2,cyb_40_str_60,extreme,1600,0.0587,0.0338,0.245,0.5256,0.535,0.065,0.7725,3.0181,-0.3525,cascade
instruct,damaged_q2,cyb_40_str_60,high,1600,0.09,0.0694,0.3053,0.5787,0.4456,0.0325,0.5056,2.5038,-0.2364,cascade
instruct,damaged_q2,cyb_40_str_60,low,1600,0.2019,0.1625,0.5339,0.7444,0.205,0.02,0.2737,1.2294,0.0136,cascade
instruct,damaged_q2,cyb_40_str_60,medium,1600,0.1694,0.1356,0.4284,0.6575,0.3237,0.0306,0.3588,1.9019,-0.0914,cascade
instruct,damaged_q2,cyb_50_str_50,extreme,1600,0.0387,0.0175,0.2072,0.5125,0.5475,0.0737,0.7844,3.3206,-0.3903,cascade
instruct,damaged_q2,cyb_50_str_50,high,1600,0.0806,0.0612,0.2695,0.5906,0.4763,0.0612,0.5312,2.7169,-0.2722,cascade
instruct,damaged_q2,cyb_50_str_50,low,1600,0.1713,0.1256,0.4888,0.71,0.2238,0.03,0.2731,1.3562,-0.0372,cascade
instruct,damaged_q2,cyb_50_str_50,medium,1600,0.1388,0.1175,0.3875,0.64,0.3169,0.0494,0.3438,2.1344,-0.1217,cascade
instruct,damaged_q2,cyb_60_str_40,extreme,1600,0.0262,0.0163,0.1694,0.4662,0.5988,0.0856,0.7956,3.5612,-0.4222,cascade
instruct,damaged_q2,cyb_60_str_40,high,1600,0.0456,0.0312,0.221,0.5262,0.4944,0.0587,0.5425,2.9838,-0.3214,cascade
instruct,damaged_q2,cyb_60_str_40,low,1600,0.1406,0.1031,0.4496,0.7044,0.2306,0.0369,0.2637,1.505,-0.0698,cascade
instruct,damaged_q2,cyb_60_str_40,medium,1600,0.1131,0.0938,0.3473,0.625,0.3488,0.0488,0.3931,2.3013,-0.1671,cascade
instruct,damaged_q2,cyb_75_str_25,extreme,1600,0.01,0.0069,0.1262,0.4656,0.6512,0.1025,0.8406,3.9575,-0.4741,cascade
instruct,damaged_q2,cyb_75_str_25,high,1600,0.0356,0.0206,0.1786,0.5244,0.5406,0.065,0.5406,3.2725,-0.3614,cascade
instruct,damaged_q2,cyb_75_str_25,low,1600,0.1025,0.0731,0.3952,0.6725,0.2556,0.0475,0.2806,1.6875,-0.1199,cascade
instruct,damaged_q2,cyb_75_str_25,medium,1600,0.065,0.0544,0.2721,0.5756,0.3819,0.0656,0.395,2.6738,-0.2386,cascade
instruct,damaged_q2,cyber_only,extreme,1600,0.0,0.0,0.0285,0.3025,0.8231,0.11,0.8806,5.1594,-0.5974,cascade
instruct,damaged_q2,cyber_only,high,1600,0.0044,0.0025,0.0655,0.3844,0.6625,0.0869,0.6106,4.1825,-0.4716,cascade
instruct,damaged_q2,cyber_only,low,1600,0.0338,0.0231,0.2364,0.5387,0.31,0.0575,0.3013,2.2744,-0.2192,cascade
instruct,damaged_q2,cyber_only,medium,1600,0.0169,0.0138,0.1324,0.4481,0.4763,0.0775,0.4412,3.4575,-0.3528,cascade
instruct,damaged_q2,structural_only,extreme,1600,0.0544,0.0294,0.2392,0.49,0.535,0.0319,0.8044,3.0319,-0.3534,cascade
instruct,damaged_q2,structural_only,high,1600,0.0969,0.0719,0.3272,0.5544,0.3981,0.0175,0.5337,2.385,-0.213,cascade
instruct,damaged_q2,structural_only,low,1600,0.2288,0.1737,0.5462,0.6781,0.1994,0.0044,0.2694,1.135,0.0348,classification_miss
instruct,damaged_q2,structural_only,medium,1600,0.18,0.1431,0.4427,0.6206,0.2712,0.0119,0.3831,1.8369,-0.0631,cascade
instruct,damaged_q2,tri_boundary_heavy,extreme,1600,0.0781,0.0431,0.2839,0.5587,0.4763,0.0881,0.7712,2.8788,-0.323,cascade
instruct,damaged_q2,tri_boundary_heavy,high,1600,0.1288,0.0819,0.3587,0.6381,0.4125,0.0656,0.5044,2.2837,-0.2095,cascade
instruct,damaged_q2,tri_boundary_heavy,low,1600,0.2644,0.2037,0.5915,0.7625,0.1925,0.0312,0.2625,1.0294,0.0673,none
instruct,damaged_q2,tri_boundary_heavy,medium,1600,0.2144,0.1719,0.4795,0.6881,0.2781,0.0494,0.3962,1.7125,-0.0388,cascade
instruct,damaged_q2,tri_cognitive_bridge,extreme,1600,0.06,0.0256,0.2564,0.5763,0.4956,0.0781,0.8031,3.0256,-0.3542,cascade
instruct,damaged_q2,tri_cognitive_bridge,high,1600,0.1044,0.07,0.3373,0.62,0.4,0.0525,0.5569,2.3719,-0.2236,cascade
instruct,damaged_q2,tri_cognitive_bridge,low,1600,0.2606,0.195,0.5726,0.7469,0.1812,0.0262,0.2812,1.105,0.0576,none
instruct,damaged_q2,tri_cognitive_bridge,medium,1600,0.1981,0.1506,0.4615,0.7019,0.2706,0.0494,0.3875,1.8394,-0.0634,cascade
instruct,damaged_q2,tri_cognitive_heavy,extreme,1600,0.025,0.0138,0.1749,0.5088,0.5581,0.08,0.8481,3.5987,-0.4175,cascade
instruct,damaged_q2,tri_cognitive_heavy,high,1600,0.0475,0.0331,0.2557,0.5644,0.4275,0.0413,0.5769,2.82,-0.2905,cascade
instruct,damaged_q2,tri_cognitive_heavy,low,1600,0.1588,0.1119,0.4849,0.7063,0.22,0.04,0.3306,1.3662,-0.0569,cascade
instruct,damaged_q2,tri_cognitive_heavy,medium,1600,0.1025,0.085,0.3683,0.6456,0.3237,0.0481,0.4062,2.2062,-0.1646,cascade
instruct,damaged_q2,tri_cyber_heavy,extreme,1600,0.0431,0.0256,0.2265,0.5469,0.5381,0.1219,0.7863,3.17,-0.3816,cascade
instruct,damaged_q2,tri_cyber_heavy,high,1600,0.0938,0.0581,0.3082,0.6094,0.42,0.0719,0.5138,2.5606,-0.2514,cascade
instruct,damaged_q2,tri_cyber_heavy,low,1600,0.195,0.1412,0.5218,0.7256,0.1969,0.0362,0.2706,1.2763,-0.0105,classification_miss
instruct,damaged_q2,tri_cyber_heavy,medium,1600,0.1562,0.115,0.414,0.6656,0.3031,0.0712,0.405,2.005,-0.1228,cascade
instruct,damaged_q2,tri_equal_routed,extreme,1600,0.0356,0.0187,0.1943,0.5031,0.5631,0.0919,0.8087,3.3831,-0.4024,cascade
instruct,damaged_q2,tri_equal_routed,high,1600,0.0625,0.0437,0.2819,0.5919,0.4462,0.0612,0.5563,2.6519,-0.2795,cascade
instruct,damaged_q2,tri_equal_routed,low,1600,0.1781,0.1281,0.5138,0.7331,0.1969,0.0413,0.2894,1.3075,-0.0277,cascade
instruct,damaged_q2,tri_equal_routed,medium,1600,0.1288,0.1056,0.3932,0.6706,0.3244,0.0575,0.405,2.0875,-0.14,cascade
instruct,damaged_q2,tri_naive_equal_all_fire,extreme,1600,0.0413,0.0187,0.2356,0.5188,0.4906,0.38,0.9094,2.9275,-0.4236,cascade
instruct,damaged_q2,tri_naive_equal_all_fire,high,1600,0.0956,0.0544,0.3177,0.6112,0.4012,0.33,0.6012,2.3481,-0.2975,cascade
instruct,damaged_q2,tri_naive_equal_all_fire,low,1600,0.2606,0.1525,0.5592,0.725,0.1888,0.2506,0.3181,1.0519,-0.0323,cascade
instruct,damaged_q2,tri_naive_equal_all_fire,medium,1600,0.1619,0.1037,0.44,0.6813,0.2869,0.275,0.47,1.7788,-0.1639,cascade
instruct,damaged_q2,tri_naive_structural_heavy_all_fire,extreme,1600,0.2775,0.0919,0.5458,0.6581,0.3175,0.3856,0.7756,1.1912,-0.2021,cascade
instruct,damaged_q2,tri_naive_structural_heavy_all_fire,high,1600,0.3694,0.1713,0.6055,0.7075,0.2556,0.3063,0.5794,0.9775,-0.0619,cascade
instruct,damaged_q2,tri_naive_structural_heavy_all_fire,low,1600,0.6538,0.3981,0.8133,0.8381,0.1306,0.1969,0.3113,0.2675,0.2813,none
instruct,damaged_q2,tri_naive_structural_heavy_all_fire,medium,1600,0.5006,0.2869,0.7103,0.7656,0.1869,0.2731,0.3869,0.6506,0.1127,none
instruct,damaged_q2,tri_structural_heavy_55,extreme,1600,0.0938,0.0406,0.316,0.5844,0.4775,0.0688,0.7975,2.5962,-0.31,cascade
instruct,damaged_q2,tri_structural_heavy_55,high,1600,0.1575,0.1094,0.3975,0.63,0.3475,0.0375,0.5288,2.0863,-0.149,cascade
instruct,damaged_q2,tri_structural_heavy_55,low,1600,0.3025,0.2231,0.6276,0.7719,0.1619,0.025,0.2769,0.9256,0.1011,none
instruct,damaged_q2,tri_structural_heavy_55,medium,1600,0.2425,0.1888,0.5094,0.6937,0.2394,0.0344,0.3962,1.6031,-0.0018,cascade
instruct,damaged_q2,tri_structural_heavy_60,extreme,1600,0.125,0.0556,0.3723,0.6138,0.4044,0.0788,0.7731,2.3687,-0.2617,cascade
instruct,damaged_q2,tri_structural_heavy_60,high,1600,0.1837,0.1294,0.4397,0.6687,0.345,0.0375,0.5056,1.8931,-0.1167,cascade
instruct,damaged_q2,tri_structural_heavy_60,low,1600,0.38,0.2844,0.6764,0.7956,0.1512,0.0312,0.2606,0.7919,0.1723,none
instruct,damaged_q2,tri_structural_heavy_60,medium,1600,0.2781,0.2194,0.5384,0.7169,0.2675,0.0356,0.36,1.4444,0.031,cascade
instruct,damaged_q2,tri_structural_heavy_65,extreme,1600,0.1462,0.06,0.3913,0.62,0.4094,0.0694,0.7781,2.2169,-0.2498,cascade
instruct,damaged_q2,tri_structural_heavy_65,high,1600,0.2406,0.1675,0.4837,0.6987,0.3175,0.0312,0.5125,1.7038,-0.0602,cascade
instruct,damaged_q2,tri_structural_heavy_65,low,1600,0.4269,0.3262,0.7063,0.8044,0.1456,0.0238,0.2706,0.68,0.2222,none
instruct,damaged_q2,tri_structural_heavy_65,medium,1600,0.3325,0.2475,0.5889,0.7425,0.2569,0.0369,0.3731,1.2344,0.0715,cascade
instruct,damaged_q3,baseline,extreme,1600,0.0219,0.0138,0.162,0.4587,0.4469,0.0375,0.6062,3.9425,-0.3734,cascade
instruct,damaged_q3,baseline,high,1600,0.0575,0.0506,0.2315,0.4969,0.3619,0.0081,0.4025,3.1056,-0.247,cascade
instruct,damaged_q3,baseline,low,1600,0.1031,0.0894,0.4005,0.5969,0.1681,0.0,0.2081,1.7256,-0.064,classification_miss
instruct,damaged_q3,baseline,medium,1600,0.0794,0.0731,0.2979,0.5531,0.2787,0.0075,0.3031,2.6444,-0.1685,classification_miss
instruct,damaged_q3,cog_25_cyb_75,extreme,1600,0.0919,0.0512,0.334,0.6569,0.3831,0.1181,0.5881,2.8013,-0.2744,cascade
instruct,damaged_q3,cog_25_cyb_75,high,1600,0.1437,0.1106,0.397,0.6906,0.285,0.0781,0.3906,2.3119,-0.1373,primitive_gap
instruct,damaged_q3,cog_25_cyb_75,low,1600,0.2069,0.16,0.5575,0.8013,0.1569,0.0531,0.2194,1.2369,0.0229,low_score
instruct,damaged_q3,cog_25_cyb_75,medium,1600,0.2231,0.19,0.4989,0.7706,0.215,0.065,0.2712,1.8162,-0.0,primitive_gap
instruct,damaged_q3,cog_25_str_75,extreme,1600,0.5106,0.3219,0.6974,0.8031,0.2019,0.0431,0.4981,0.9725,0.1642,none
instruct,damaged_q3,cog_25_str_75,high,1600,0.5856,0.4406,0.7465,0.86,0.1769,0.015,0.3412,0.7469,0.3199,none
instruct,damaged_q3,cog_25_str_75,low,1600,0.7762,0.6338,0.8956,0.9237,0.0775,0.0094,0.2,0.1806,0.5836,none
instruct,damaged_q3,cog_25_str_75,medium,1600,0.6619,0.5231,0.8119,0.8788,0.14,0.0175,0.2619,0.4819,0.4326,none
instruct,damaged_q3,cog_40_cyb_60,extreme,1600,0.0719,0.0444,0.3236,0.6494,0.3837,0.0925,0.5731,2.9025,-0.2802,cascade
instruct,damaged_q3,cog_40_cyb_60,high,1600,0.1313,0.0969,0.3919,0.7163,0.3063,0.0869,0.4431,2.3194,-0.1638,primitive_gap
instruct,damaged_q3,cog_40_cyb_60,low,1600,0.2137,0.1663,0.5628,0.7913,0.1475,0.0437,0.2081,1.2225,0.0355,low_score
instruct,damaged_q3,cog_40_cyb_60,medium,1600,0.2062,0.1663,0.4795,0.7319,0.2188,0.0719,0.295,1.8694,-0.0308,primitive_gap
instruct,damaged_q3,cog_40_str_60,extreme,1600,0.38,0.2194,0.6124,0.775,0.2362,0.05,0.5294,1.3938,0.0265,cascade
instruct,damaged_q3,cog_40_str_60,high,1600,0.4738,0.3663,0.6794,0.8256,0.1731,0.0219,0.3656,1.0619,0.2276,none
instruct,damaged_q3,cog_40_str_60,low,1600,0.6069,0.4838,0.8246,0.9056,0.0906,0.0106,0.2,0.4113,0.4179,none
instruct,damaged_q3,cog_40_str_60,medium,1600,0.5819,0.4844,0.7556,0.8694,0.1294,0.0138,0.2425,0.7662,0.3851,none
instruct,damaged_q3,cog_50_cyb_50,extreme,1600,0.0625,0.0362,0.3012,0.6406,0.4,0.1125,0.5931,2.9781,-0.3026,cascade
instruct,damaged_q3,cog_50_cyb_50,high,1600,0.125,0.0887,0.3731,0.6944,0.3275,0.0869,0.4225,2.3887,-0.1801,cascade
instruct,damaged_q3,cog_50_cyb_50,low,1600,0.1837,0.14,0.5395,0.795,0.1531,0.05,0.2444,1.3006,-0.0005,primitive_gap
instruct,damaged_q3,cog_50_cyb_50,medium,1600,0.1737,0.1363,0.4589,0.7375,0.2356,0.0788,0.3219,1.95,-0.0734,primitive_gap
instruct,damaged_q3,cog_50_str_50,extreme,1600,0.3019,0.1819,0.5461,0.75,0.2669,0.0512,0.5563,1.7069,-0.0383,cascade
instruct,damaged_q3,cog_50_str_50,high,1600,0.3744,0.3,0.6197,0.8119,0.1881,0.0331,0.3837,1.3381,0.1393,none
instruct,damaged_q3,cog_50_str_50,low,1600,0.5106,0.4131,0.7773,0.89,0.1087,0.0131,0.1994,0.5475,0.3346,none
instruct,damaged_q3,cog_50_str_50,medium,1600,0.4981,0.4231,0.7115,0.8544,0.1306,0.0206,0.2512,0.9625,0.3116,none
instruct,damaged_q3,cog_60_cyb_40,extreme,1600,0.0825,0.05,0.3047,0.615,0.3756,0.1094,0.6281,2.995,-0.2846,cascade
instruct,damaged_q3,cog_60_cyb_40,high,1600,0.1331,0.0981,0.3708,0.6869,0.3075,0.0644,0.43,2.4206,-0.1624,primitive_gap
instruct,damaged_q3,cog_60_cyb_40,low,1600,0.205,0.1556,0.5597,0.8106,0.1369,0.0456,0.2162,1.26,0.0251,low_score
instruct,damaged_q3,cog_60_cyb_40,medium,1600,0.1825,0.1519,0.4587,0.7456,0.2338,0.0681,0.3181,1.9525,-0.0549,primitive_gap
instruct,damaged_q3,cog_60_str_40,extreme,1600,0.2219,0.14,0.4905,0.7338,0.2831,0.0556,0.55,2.0181,-0.101,cascade
instruct,damaged_q3,cog_60_str_40,high,1600,0.3125,0.2481,0.5615,0.7837,0.2238,0.0331,0.3987,1.5688,0.064,none
instruct,damaged_q3,cog_60_str_40,low,1600,0.4156,0.3244,0.7229,0.8781,0.115,0.0244,0.2219,0.7231,0.2311,none
instruct,damaged_q3,cog_60_str_40,medium,1600,0.4012,0.3237,0.6381,0.8187,0.1756,0.0262,0.3063,1.2056,0.181,none
instruct,damaged_q3,cog_75_cyb_25,extreme,1600,0.0531,0.0312,0.2727,0.6081,0.3987,0.0975,0.6381,3.1544,-0.3166,cascade
instruct,damaged_q3,cog_75_cyb_25,high,1600,0.1194,0.0912,0.3655,0.6944,0.3131,0.0756,0.44,2.4613,-0.1761,primitive_gap
instruct,damaged_q3,cog_75_cyb_25,low,1600,0.1869,0.1456,0.5306,0.7812,0.1494,0.0462,0.2112,1.3375,0.0078,primitive_gap
instruct,damaged_q3,cog_75_cyb_25,medium,1600,0.1613,0.1369,0.4362,0.7188,0.2338,0.0606,0.3013,2.06,-0.0725,primitive_gap
instruct,damaged_q3,cog_75_str_25,extreme,1600,0.1369,0.0775,0.3955,0.6969,0.3494,0.0813,0.6219,2.4762,-0.2171,cascade
instruct,damaged_q3,cog_75_str_25,high,1600,0.2206,0.1762,0.4739,0.7369,0.2625,0.04,0.4012,1.9494,-0.0401,primitive_gap
instruct,damaged_q3,cog_75_str_25,low,1600,0.3094,0.255,0.6553,0.8369,0.1237,0.0238,0.2119,0.9337,0.1495,none
instruct,damaged_q3,cog_75_str_25,medium,1600,0.2569,0.2156,0.5519,0.7881,0.2056,0.035,0.3125,1.5681,0.0435,primitive_gap
instruct,damaged_q3,cognitive_only,extreme,1600,0.035,0.0206,0.211,0.5569,0.4556,0.085,0.6356,3.5238,-0.3601,cascade
instruct,damaged_q3,cognitive_only,high,1600,0.0856,0.0681,0.3041,0.6081,0.3481,0.0481,0.415,2.7556,-0.2169,cascade
instruct,damaged_q3,cognitive_only,low,1600,0.1375,0.1087,0.4722,0.7113,0.1694,0.0344,0.2294,1.4906,-0.0418,classification_miss
instruct,damaged_q3,cognitive_only,medium,1600,0.1106,0.0894,0.3748,0.6544,0.2481,0.0406,0.3387,2.3019,-0.1354,primitive_gap
instruct,damaged_q3,cyb_25_str_75,extreme,1600,0.5369,0.3125,0.7198,0.8006,0.2231,0.0519,0.51,0.7913,0.1548,none
instruct,damaged_q3,cyb_25_str_75,high,1600,0.6069,0.455,0.7668,0.8456,0.1581,0.0231,0.33,0.6462,0.3442,none
instruct,damaged_q3,cyb_25_str_75,low,1600,0.7444,0.6225,0.8776,0.8925,0.0894,0.0094,0.1812,0.21,0.5688,none
instruct,damaged_q3,cyb_25_str_75,medium,1600,0.695,0.56,0.8266,0.8656,0.1231,0.02,0.2331,0.4288,0.479,none
instruct,damaged_q3,cyb_40_str_60,extreme,1600,0.4644,0.2781,0.6518,0.7656,0.2394,0.0762,0.4919,1.14,0.0947,none
instruct,damaged_q3,cyb_40_str_60,high,1600,0.5125,0.3881,0.6879,0.8144,0.1931,0.0312,0.3256,0.97,0.2494,none
instruct,damaged_q3,cyb_40_str_60,low,1600,0.6,0.4906,0.8114,0.8481,0.0869,0.0213,0.1963,0.4163,0.4238,none
instruct,damaged_q3,cyb_40_str_60,medium,1600,0.5919,0.4738,0.7669,0.8425,0.1456,0.0288,0.2387,0.6575,0.3723,none
instruct,damaged_q3,cyb_50_str_50,extreme,1600,0.4094,0.2406,0.6154,0.7662,0.2356,0.0875,0.5162,1.3619,0.043,none
instruct,damaged_q3,cyb_50_str_50,high,1600,0.4525,0.33,0.6502,0.8037,0.205,0.0425,0.3588,1.1381,0.1744,none
instruct,damaged_q3,cyb_50_str_50,low,1600,0.5344,0.4325,0.7802,0.8538,0.1138,0.0288,0.1913,0.5019,0.3522,none
instruct,damaged_q3,cyb_50_str_50,medium,1600,0.5181,0.4075,0.7208,0.8087,0.1462,0.05,0.2681,0.8387,0.2902,none
instruct,damaged_q3,cyb_60_str_40,extreme,1600,0.3038,0.1775,0.5503,0.7238,0.2938,0.0838,0.4963,1.6094,-0.0475,cascade
instruct,damaged_q3,cyb_60_str_40,high,1600,0.3769,0.2831,0.5946,0.7719,0.22,0.0569,0.3588,1.3606,0.109,none
instruct,damaged_q3,cyb_60_str_40,low,1600,0.49,0.3931,0.7528,0.8444,0.0994,0.0338,0.205,0.6075,0.3098,none
instruct,damaged_q3,cyb_60_str_40,medium,1600,0.4938,0.3931,0.6913,0.8194,0.16,0.0494,0.2556,0.9856,0.2655,none
instruct,damaged_q3,cyb_75_str_25,extreme,1600,0.2362,0.1269,0.4785,0.7144,0.3056,0.1081,0.5381,2.0306,-0.131,cascade
instruct,damaged_q3,cyb_75_str_25,high,1600,0.3088,0.2188,0.5341,0.7519,0.2387,0.0744,0.3656,1.6481,0.0206,cascade
instruct,damaged_q3,cyb_75_str_25,low,1600,0.3819,0.3031,0.6859,0.8181,0.1306,0.0431,0.1981,0.8025,0.1993,none
instruct,damaged_q3,cyb_75_str_25,medium,1600,0.375,0.2938,0.613,0.7869,0.1719,0.0694,0.2737,1.31,0.1409,none
instruct,damaged_q3,cyber_only,extreme,1600,0.0731,0.0387,0.291,0.5819,0.3919,0.1181,0.5994,3.0044,-0.3006,cascade
instruct,damaged_q3,cyber_only,high,1600,0.12,0.0838,0.3419,0.6419,0.3325,0.0737,0.41,2.5213,-0.1896,cascade
instruct,damaged_q3,cyber_only,low,1600,0.1894,0.1406,0.5279,0.7312,0.135,0.0519,0.2194,1.3288,0.0058,classification_miss
instruct,damaged_q3,cyber_only,medium,1600,0.1825,0.145,0.4318,0.67,0.2412,0.075,0.28,2.0475,-0.0672,primitive_gap
instruct,damaged_q3,structural_only,extreme,1600,0.4644,0.2831,0.6669,0.76,0.2238,0.0425,0.4763,1.0737,0.1157,none
instruct,damaged_q3,structural_only,high,1600,0.5369,0.3994,0.7048,0.79,0.1869,0.0131,0.3619,0.8644,0.2685,none
instruct,damaged_q3,structural_only,low,1600,0.7119,0.5944,0.8664,0.88,0.0844,0.0056,0.1769,0.2456,0.5415,none
instruct,damaged_q3,structural_only,medium,1600,0.6225,0.4919,0.7861,0.8244,0.1425,0.0131,0.2587,0.5469,0.3985,none
instruct,damaged_q3,tri_boundary_heavy,extreme,1600,0.5275,0.2869,0.7032,0.82,0.2156,0.0925,0.5344,0.9206,0.1149,none
instruct,damaged_q3,tri_boundary_heavy,high,1600,0.5731,0.4113,0.7318,0.8375,0.1737,0.0519,0.3525,0.7856,0.2813,none
instruct,damaged_q3,tri_boundary_heavy,low,1600,0.7087,0.5713,0.8645,0.8925,0.0887,0.0425,0.1869,0.255,0.5084,none
instruct,damaged_q3,tri_boundary_heavy,medium,1600,0.6525,0.5125,0.8009,0.8744,0.1369,0.0512,0.2531,0.5369,0.4141,none
instruct,damaged_q3,tri_cognitive_bridge,extreme,1600,0.4925,0.2781,0.6809,0.825,0.2125,0.0856,0.5219,1.0681,0.1021,none
instruct,damaged_q3,tri_cognitive_bridge,high,1600,0.5487,0.4,0.7275,0.8656,0.1837,0.0462,0.37,0.8294,0.2646,none
instruct,damaged_q3,tri_cognitive_bridge,low,1600,0.7087,0.5519,0.8712,0.93,0.0981,0.0325,0.1994,0.2475,0.4876,none
instruct,damaged_q3,tri_cognitive_bridge,medium,1600,0.6462,0.5162,0.7992,0.89,0.1388,0.0387,0.2562,0.5594,0.4184,none
instruct,damaged_q3,tri_cognitive_heavy,extreme,1600,0.3212,0.1787,0.5647,0.7731,0.2744,0.0988,0.5819,1.5931,-0.0495,cascade
instruct,damaged_q3,tri_cognitive_heavy,high,1600,0.4419,0.3256,0.6523,0.8225,0.2019,0.055,0.3894,1.1444,0.1657,none
instruct,damaged_q3,tri_cognitive_heavy,low,1600,0.5513,0.4269,0.7979,0.9044,0.1044,0.0344,0.2081,0.4869,0.3477,none
instruct,damaged_q3,tri_cognitive_heavy,medium,1600,0.5281,0.4294,0.7215,0.8656,0.1594,0.0406,0.2656,0.8844,0.308,none
instruct,damaged_q3,tri_cyber_heavy,extreme,1600,0.415,0.2188,0.6278,0.7625,0.2406,0.1081,0.545,1.2612,0.0183,cascade
instruct,damaged_q3,tri_cyber_heavy,high,1600,0.475,0.3431,0.6732,0.7956,0.1969,0.0737,0.3494,1.0069,0.191,none
instruct,damaged_q3,tri_cyber_heavy,low,1600,0.6031,0.4562,0.8109,0.8712,0.0813,0.0594,0.1956,0.4437,0.3822,none
instruct,damaged_q3,tri_cyber_heavy,medium,1600,0.5644,0.4269,0.7487,0.8462,0.1469,0.0706,0.2675,0.7475,0.3099,none
instruct,damaged_q3,tri_equal_routed,extreme,1600,0.3775,0.2125,0.6091,0.7906,0.2412,0.0956,0.555,1.4044,0.0064,cascade
instruct,damaged_q3,tri_equal_routed,high,1600,0.4431,0.3144,0.6527,0.8181,0.2019,0.0775,0.3812,1.1319,0.1512,none
instruct,damaged_q3,tri_equal_routed,low,1600,0.585,0.4569,0.812,0.9006,0.1,0.0362,0.2169,0.4344,0.3806,none
instruct,damaged_q3,tri_equal_routed,medium,1600,0.5369,0.4056,0.7289,0.8419,0.1494,0.0644,0.2687,0.8306,0.2849,none
instruct,damaged_q3,tri_naive_equal_all_fire,extreme,1600,0.3756,0.1706,0.6204,0.76,0.2369,0.3794,0.6181,1.0556,-0.0785,cascade
instruct,damaged_q3,tri_naive_equal_all_fire,high,1600,0.4356,0.2263,0.6621,0.7925,0.2037,0.3362,0.4344,0.885,0.0189,none
instruct,damaged_q3,tri_naive_equal_all_fire,low,1600,0.6556,0.3912,0.8168,0.8712,0.1181,0.2206,0.2631,0.3,0.2756,none
instruct,damaged_q3,tri_naive_equal_all_fire,medium,1600,0.5569,0.3269,0.747,0.8206,0.1462,0.2744,0.3337,0.5975,0.1716,none
instruct,damaged_q3,tri_naive_structural_heavy_all_fire,extreme,1600,0.7031,0.2769,0.8169,0.85,0.1719,0.355,0.5669,0.1288,0.1025,distractor_capture
instruct,damaged_q3,tri_naive_structural_heavy_all_fire,high,1600,0.7781,0.3744,0.8626,0.8931,0.1306,0.295,0.3937,0.1125,0.2391,none
instruct,damaged_q3,tri_naive_structural_heavy_all_fire,low,1600,0.8706,0.5144,0.9161,0.9519,0.0844,0.2319,0.2537,0.0394,0.4204,none
instruct,damaged_q3,tri_naive_structural_heavy_all_fire,medium,1600,0.8175,0.4825,0.8877,0.9062,0.1125,0.2531,0.2731,0.0844,0.3721,none
instruct,damaged_q3,tri_structural_heavy_55,extreme,1600,0.6206,0.3594,0.7654,0.8488,0.1844,0.0625,0.5119,0.6488,0.2182,none
instruct,damaged_q3,tri_structural_heavy_55,high,1600,0.6481,0.4694,0.7875,0.8806,0.1719,0.0431,0.3569,0.5469,0.3533,none
instruct,damaged_q3,tri_structural_heavy_55,low,1600,0.8094,0.645,0.9124,0.9487,0.0831,0.0288,0.1938,0.1344,0.5921,none
instruct,damaged_q3,tri_structural_heavy_55,medium,1600,0.755,0.5781,0.8625,0.9062,0.1187,0.045,0.2437,0.3038,0.4988,none
instruct,damaged_q3,tri_structural_heavy_60,extreme,1600,0.6713,0.3862,0.7909,0.8469,0.1769,0.0712,0.4906,0.5119,0.2541,none
instruct,damaged_q3,tri_structural_heavy_60,high,1600,0.6975,0.4944,0.8253,0.8875,0.1506,0.0369,0.35,0.3987,0.3939,none
instruct,damaged_q3,tri_structural_heavy_60,low,1600,0.8475,0.6913,0.9242,0.9356,0.0806,0.0163,0.1925,0.085,0.6442,none
instruct,damaged_q3,tri_structural_heavy_60,medium,1600,0.7731,0.6,0.8771,0.9125,0.1194,0.0288,0.245,0.2362,0.527,none
instruct,damaged_q3,tri_structural_heavy_65,extreme,1600,0.7031,0.4019,0.8186,0.8669,0.1706,0.06,0.5019,0.3825,0.2794,none
instruct,damaged_q3,tri_structural_heavy_65,high,1600,0.7325,0.5262,0.8458,0.895,0.1462,0.0362,0.3281,0.3175,0.433,none
instruct,damaged_q3,tri_structural_heavy_65,low,1600,0.8694,0.7131,0.935,0.9437,0.0781,0.0194,0.1812,0.0563,0.6685,none
instruct,damaged_q3,tri_structural_heavy_65,medium,1600,0.8094,0.6275,0.897,0.93,0.1094,0.0387,0.2338,0.1775,0.5594,none
instruct,damaged_q4,baseline,extreme,1600,0.105,0.0712,0.3568,0.6112,0.2694,0.0356,0.4906,2.8363,-0.1978,primitive_gap
instruct,damaged_q4,baseline,high,1600,0.1506,0.1325,0.4064,0.6294,0.2194,0.0075,0.3306,2.3025,-0.0764,primitive_gap
instruct,damaged_q4,baseline,low,1600,0.2206,0.1819,0.5609,0.7156,0.1131,0.0,0.1706,1.2231,0.0731,low_score
instruct,damaged_q4,baseline,medium,1600,0.2169,0.2,0.4857,0.6825,0.1606,0.0063,0.2344,1.88,0.0378,primitive_gap
instruct,damaged_q4,cog_25_cyb_75,extreme,1600,0.2913,0.1663,0.5525,0.77,0.2112,0.1163,0.4625,1.8256,-0.0487,primitive_gap
instruct,damaged_q4,cog_25_cyb_75,high,1600,0.3719,0.2744,0.594,0.8069,0.1819,0.0819,0.2969,1.5006,0.1047,none
instruct,damaged_q4,cog_25_cyb_75,low,1600,0.4031,0.3206,0.7079,0.8413,0.0931,0.065,0.185,0.7775,0.226,none
instruct,damaged_q4,cog_25_cyb_75,medium,1600,0.4444,0.3669,0.668,0.8363,0.1294,0.0825,0.2106,1.1631,0.2366,none
instruct,damaged_q4,cog_25_str_75,extreme,1600,0.8175,0.5238,0.8889,0.9331,0.1319,0.0394,0.3956,0.1613,0.4366,none
instruct,damaged_q4,cog_25_str_75,high,1600,0.8525,0.6338,0.9147,0.9469,0.1081,0.0138,0.2787,0.1056,0.571,none
instruct,damaged_q4,cog_25_str_75,low,1600,0.905,0.7625,0.9577,0.9894,0.0619,0.005,0.165,0.0338,0.728,none
instruct,damaged_q4,cog_25_str_75,medium,1600,0.89,0.7125,0.9417,0.97,0.0825,0.0219,0.1963,0.06,0.6647,none
instruct,damaged_q4,cog_40_cyb_60,extreme,1600,0.2944,0.1819,0.5445,0.7881,0.23,0.1025,0.4719,1.8669,-0.0387,primitive_gap
instruct,damaged_q4,cog_40_cyb_60,high,1600,0.3781,0.2825,0.6011,0.8206,0.1794,0.08,0.3262,1.4869,0.1122,none
instruct,damaged_q4,cog_40_cyb_60,low,1600,0.3987,0.3169,0.7138,0.8612,0.0956,0.0544,0.1881,0.7731,0.2236,none
instruct,damaged_q4,cog_40_cyb_60,medium,1600,0.4288,0.3419,0.6648,0.8462,0.1256,0.0869,0.2425,1.1919,0.2078,none
instruct,damaged_q4,cog_40_str_60,extreme,1600,0.7356,0.4356,0.8273,0.9056,0.1431,0.0556,0.4425,0.4537,0.3235,none
instruct,damaged_q4,cog_40_str_60,high,1600,0.7881,0.6012,0.8699,0.9363,0.1144,0.0219,0.2806,0.3113,0.5245,none
instruct,damaged_q4,cog_40_str_60,low,1600,0.875,0.7325,0.9475,0.9838,0.0669,0.0112,0.1556,0.0619,0.6946,none
instruct,damaged_q4,cog_40_str_60,medium,1600,0.8506,0.6787,0.9161,0.9669,0.0825,0.0187,0.2181,0.1731,0.6241,none
instruct,damaged_q4,cog_50_cyb_50,extreme,1600,0.2744,0.1531,0.5354,0.7937,0.2244,0.1181,0.4969,1.9269,-0.0739,primitive_gap
instruct,damaged_q4,cog_50_cyb_50,high,1600,0.3475,0.2594,0.587,0.8281,0.2037,0.0844,0.3331,1.5194,0.0788,primitive_gap
instruct,damaged_q4,cog_50_cyb_50,low,1600,0.3738,0.2844,0.7064,0.8788,0.1019,0.0569,0.1931,0.8025,0.1869,none
instruct,damaged_q4,cog_50_cyb_50,medium,1600,0.3919,0.3225,0.6413,0.8569,0.1506,0.0663,0.2631,1.2794,0.179,none
instruct,damaged_q4,cog_50_str_50,extreme,1600,0.6594,0.4169,0.7823,0.8962,0.1525,0.0544,0.4169,0.71,0.2914,none
instruct,damaged_q4,cog_50_str_50,high,1600,0.715,0.5487,0.8233,0.9269,0.1163,0.0288,0.3144,0.5319,0.4564,none
instruct,damaged_q4,cog_50_str_50,low,1600,0.82,0.69,0.9268,0.9769,0.0644,0.0163,0.1519,0.1356,0.6485,none
instruct,damaged_q4,cog_50_str_50,medium,1600,0.7675,0.6225,0.8714,0.95,0.0944,0.0206,0.2219,0.35,0.5548,none
instruct,damaged_q4,cog_60_cyb_40,extreme,1600,0.2313,0.1356,0.5117,0.7562,0.24,0.1131,0.4925,1.9969,-0.0982,primitive_gap
instruct,damaged_q4,cog_60_cyb_40,high,1600,0.34,0.2556,0.5815,0.8137,0.1794,0.0862,0.3356,1.5762,0.0789,primitive_gap
instruct,damaged_q4,cog_60_cyb_40,low,1600,0.3744,0.2931,0.7059,0.8962,0.0975,0.045,0.1769,0.8313,0.1992,none
instruct,damaged_q4,cog_60_cyb_40,medium,1600,0.3919,0.3225,0.6457,0.8612,0.14,0.0606,0.2419,1.2781,0.1851,none
instruct,damaged_q4,cog_60_str_40,extreme,1600,0.5531,0.3463,0.723,0.8681,0.1581,0.0612,0.4487,1.0112,0.2001,none
instruct,damaged_q4,cog_60_str_40,high,1600,0.6281,0.4719,0.7644,0.905,0.1325,0.0475,0.3275,0.79,0.3569,none
instruct,damaged_q4,cog_60_str_40,low,1600,0.6906,0.5831,0.8801,0.9675,0.0712,0.0206,0.1556,0.2875,0.5308,none
instruct,damaged_q4,cog_60_str_40,medium,1600,0.6925,0.5544,0.8166,0.9219,0.1094,0.0362,0.2412,0.5631,0.4669,none
instruct,damaged_q4,cog_75_cyb_25,extreme,1600,0.23,0.1325,0.5044,0.7488,0.2188,0.0994,0.4988,2.0894,-0.0974,primitive_gap
instruct,damaged_q4,cog_75_cyb_25,high,1600,0.3162,0.2587,0.5689,0.8275,0.1869,0.0688,0.3256,1.6669,0.0795,primitive_gap
instruct,damaged_q4,cog_75_cyb_25,low,1600,0.3531,0.2863,0.6937,0.8844,0.1081,0.0419,0.18,0.85,0.1885,none
instruct,damaged_q4,cog_75_cyb_25,medium,1600,0.3619,0.3038,0.6323,0.845,0.1313,0.0712,0.2512,1.345,0.1628,none
instruct,damaged_q4,cog_75_str_25,extreme,1600,0.3944,0.2575,0.6299,0.8306,0.195,0.0737,0.4238,1.47,0.0769,primitive_gap
instruct,damaged_q4,cog_75_str_25,high,1600,0.4594,0.3694,0.6852,0.8675,0.1412,0.0325,0.3056,1.1519,0.2385,none
instruct,damaged_q4,cog_75_str_25,low,1600,0.5456,0.4531,0.8048,0.9244,0.0744,0.0175,0.1619,0.5219,0.3883,none
instruct,damaged_q4,cog_75_str_25,medium,1600,0.5513,0.465,0.741,0.9012,0.1169,0.0331,0.2369,0.8944,0.3596,none
instruct,damaged_q4,cognitive_only,extreme,1600,0.1394,0.0825,0.4147,0.705,0.2619,0.0813,0.5069,2.5369,-0.1797,primitive_gap
instruct,damaged_q4,cognitive_only,high,1600,0.2412,0.1956,0.4979,0.745,0.2137,0.045,0.3094,1.9294,0.0013,primitive_gap
instruct,damaged_q4,cognitive_only,low,1600,0.275,0.2244,0.6206,0.8169,0.1087,0.0362,0.1881,1.0788,0.1155,low_score
instruct,damaged_q4,cognitive_only,medium,1600,0.2806,0.2406,0.5547,0.7712,0.1594,0.0431,0.24,1.6187,0.0841,primitive_gap
instruct,damaged_q4,cyb_25_str_75,extreme,1600,0.7825,0.5131,0.877,0.8944,0.13,0.0456,0.3831,0.1906,0.4248,none
instruct,damaged_q4,cyb_25_str_75,high,1600,0.8325,0.6175,0.9036,0.9256,0.1025,0.0219,0.2731,0.1481,0.5531,none
instruct,damaged_q4,cyb_25_str_75,low,1600,0.9062,0.7781,0.9539,0.9594,0.0525,0.0125,0.1388,0.0413,0.7467,none
instruct,damaged_q4,cyb_25_str_75,medium,1600,0.8556,0.695,0.9215,0.9306,0.0912,0.0163,0.1975,0.1006,0.6435,none
instruct,damaged_q4,cyb_40_str_60,extreme,1600,0.7356,0.4519,0.8377,0.8838,0.1406,0.0675,0.4075,0.3794,0.3446,none
instruct,damaged_q4,cyb_40_str_60,high,1600,0.7544,0.56,0.8563,0.8912,0.1131,0.0431,0.2925,0.3244,0.4778,none
instruct,damaged_q4,cyb_40_str_60,low,1600,0.8556,0.7231,0.9287,0.9275,0.0706,0.0231,0.1487,0.0831,0.6813,none
instruct,damaged_q4,cyb_40_str_60,medium,1600,0.8094,0.6581,0.8909,0.9012,0.0938,0.0319,0.1862,0.2162,0.5979,none
instruct,damaged_q4,cyb_50_str_50,extreme,1600,0.6956,0.4444,0.8055,0.85,0.1369,0.0756,0.3856,0.5456,0.3301,none
instruct,damaged_q4,cyb_50_str_50,high,1600,0.6931,0.5331,0.8174,0.8856,0.1306,0.04,0.2806,0.4925,0.4389,none
instruct,damaged_q4,cyb_50_str_50,low,1600,0.8025,0.6637,0.9068,0.9144,0.06,0.0331,0.1619,0.1644,0.618,none
instruct,damaged_q4,cyb_50_str_50,medium,1600,0.7675,0.6119,0.8684,0.9113,0.0994,0.0469,0.19,0.3244,0.5413,none
instruct,damaged_q4,cyb_60_str_40,extreme,1600,0.6425,0.4081,0.7765,0.8456,0.1456,0.0731,0.3956,0.6981,0.2833,none
instruct,damaged_q4,cyb_60_str_40,high,1600,0.6431,0.4838,0.7789,0.8619,0.1331,0.0606,0.2619,0.6631,0.3776,none
instruct,damaged_q4,cyb_60_str_40,low,1600,0.7456,0.6069,0.8869,0.9219,0.0581,0.04,0.1562,0.2412,0.5569,none
instruct,damaged_q4,cyb_60_str_40,medium,1600,0.6937,0.565,0.8254,0.875,0.1087,0.0437,0.195,0.4794,0.4841,none
instruct,damaged_q4,cyb_75_str_25,extreme,1600,0.5406,0.3219,0.7047,0.8225,0.1825,0.11,0.4369,1.0137,0.1595,none
instruct,damaged_q4,cyb_75_str_25,high,1600,0.5544,0.4225,0.7186,0.8431,0.1462,0.0644,0.2681,0.9344,0.2976,none
instruct,damaged_q4,cyb_75_str_25,low,1600,0.6019,0.4856,0.814,0.8844,0.0712,0.0512,0.1688,0.455,0.4178,none
instruct,damaged_q4,cyb_75_str_25,medium,1600,0.5906,0.4637,0.7652,0.8525,0.1163,0.0606,0.2362,0.7238,0.3617,none
instruct,damaged_q4,cyber_only,extreme,1600,0.2575,0.1644,0.5165,0.7212,0.2263,0.1062,0.4612,1.9675,-0.06,primitive_gap
instruct,damaged_q4,cyber_only,high,1600,0.2988,0.2213,0.5425,0.7612,0.1931,0.0669,0.3094,1.7056,0.0399,primitive_gap
instruct,damaged_q4,cyber_only,low,1600,0.3381,0.2775,0.6597,0.8081,0.0981,0.055,0.1644,0.9313,0.1774,none
instruct,damaged_q4,cyber_only,medium,1600,0.3781,0.3175,0.6217,0.8013,0.1388,0.0694,0.2244,1.3425,0.1769,none
instruct,damaged_q4,structural_only,extreme,1600,0.7781,0.5131,0.8676,0.8894,0.1281,0.0375,0.41,0.2319,0.4228,none
instruct,damaged_q4,structural_only,high,1600,0.815,0.6244,0.8944,0.9075,0.1037,0.0106,0.2644,0.175,0.5612,none
instruct,damaged_q4,structural_only,low,1600,0.89,0.7538,0.9421,0.9456,0.0612,0.005,0.165,0.0556,0.7184,none
instruct,damaged_q4,structural_only,medium,1600,0.8594,0.7087,0.9251,0.9275,0.0881,0.0138,0.1856,0.0881,0.6603,none
instruct,damaged_q4,tri_boundary_heavy,extreme,1600,0.7788,0.4719,0.8679,0.9069,0.1313,0.0956,0.3919,0.2506,0.3695,none
instruct,damaged_q4,tri_boundary_heavy,high,1600,0.8269,0.585,0.8957,0.935,0.1025,0.0594,0.2806,0.1956,0.5101,none
instruct,damaged_q4,tri_boundary_heavy,low,1600,0.9038,0.7494,0.9537,0.9719,0.0619,0.0331,0.1525,0.0369,0.7101,none
instruct,damaged_q4,tri_boundary_heavy,medium,1600,0.8738,0.6825,0.9283,0.9481,0.0831,0.0519,0.205,0.0994,0.6258,none
instruct,damaged_q4,tri_cognitive_bridge,extreme,1600,0.7863,0.4738,0.8719,0.9213,0.1394,0.0762,0.4175,0.2219,0.3722,none
instruct,damaged_q4,tri_cognitive_bridge,high,1600,0.82,0.605,0.8988,0.9619,0.1263,0.0488,0.2656,0.1781,0.5272,none
instruct,damaged_q4,tri_cognitive_bridge,low,1600,0.9062,0.7425,0.9586,0.99,0.05,0.0325,0.1544,0.0469,0.7063,none
instruct,damaged_q4,tri_cognitive_bridge,medium,1600,0.8688,0.6713,0.929,0.965,0.0975,0.0413,0.2181,0.0869,0.612,none
instruct,damaged_q4,tri_cognitive_heavy,extreme,1600,0.7238,0.4288,0.8188,0.9256,0.1363,0.09,0.4319,0.5475,0.308,none
instruct,damaged_q4,tri_cognitive_heavy,high,1600,0.7388,0.5369,0.8451,0.9337,0.1319,0.0575,0.3088,0.4006,0.4411,none
instruct,damaged_q4,tri_cognitive_heavy,low,1600,0.8512,0.6894,0.9385,0.9825,0.0631,0.0394,0.1631,0.0969,0.6447,none
instruct,damaged_q4,tri_cognitive_heavy,medium,1600,0.8081,0.6162,0.8927,0.955,0.0988,0.0531,0.2356,0.2437,0.545,none
instruct,damaged_q4,tri_cyber_heavy,extreme,1600,0.6963,0.4125,0.8102,0.8619,0.1631,0.1156,0.4263,0.4619,0.2832,none
instruct,damaged_q4,tri_cyber_heavy,high,1600,0.7269,0.5256,0.8359,0.8838,0.1281,0.0737,0.27,0.405,0.4306,none
instruct,damaged_q4,tri_cyber_heavy,low,1600,0.8444,0.6863,0.9237,0.9325,0.0706,0.0456,0.1619,0.1013,0.6379,none
instruct,damaged_q4,tri_cyber_heavy,medium,1600,0.8063,0.6331,0.8896,0.9156,0.0881,0.0619,0.1963,0.245,0.5664,none
instruct,damaged_q4,tri_equal_routed,extreme,1600,0.7056,0.3987,0.8137,0.8775,0.1319,0.1006,0.4506,0.5131,0.2774,none
instruct,damaged_q4,tri_equal_routed,high,1600,0.7206,0.5056,0.8343,0.9194,0.1225,0.0794,0.3106,0.4469,0.4058,none
instruct,damaged_q4,tri_equal_routed,low,1600,0.8331,0.6713,0.9318,0.9637,0.065,0.0475,0.1613,0.1037,0.6242,none
instruct,damaged_q4,tri_equal_routed,medium,1600,0.7981,0.6138,0.8873,0.9375,0.095,0.0581,0.2175,0.2612,0.5432,none
instruct,damaged_q4,tri_naive_equal_all_fire,extreme,1600,0.6606,0.2681,0.7875,0.8588,0.1675,0.3837,0.4706,0.3506,0.0859,distractor_capture
instruct,damaged_q4,tri_naive_equal_all_fire,high,1600,0.7438,0.3837,0.8438,0.91,0.1206,0.3131,0.3531,0.2506,0.2442,none
instruct,damaged_q4,tri_naive_equal_all_fire,low,1600,0.8656,0.5594,0.9181,0.9469,0.0719,0.2375,0.1844,0.0594,0.4726,none
instruct,damaged_q4,tri_naive_equal_all_fire,medium,1600,0.7825,0.4556,0.8709,0.9087,0.1138,0.2825,0.2594,0.1588,0.3363,none
instruct,damaged_q4,tri_naive_structural_heavy_all_fire,extreme,1600,0.8081,0.3337,0.8676,0.9369,0.1225,0.3681,0.4794,0.0606,0.182,none
instruct,damaged_q4,tri_naive_structural_heavy_all_fire,high,1600,0.8575,0.4113,0.9015,0.9656,0.105,0.3337,0.3262,0.0462,0.2846,none
instruct,damaged_q4,tri_naive_structural_heavy_all_fire,low,1600,0.9038,0.5763,0.9368,0.9875,0.0619,0.2213,0.1919,0.0362,0.4963,none
instruct,damaged_q4,tri_naive_structural_heavy_all_fire,medium,1600,0.8862,0.5238,0.9229,0.9794,0.0844,0.2619,0.2362,0.0425,0.425,none
instruct,damaged_q4,tri_structural_heavy_55,extreme,1600,0.8313,0.5238,0.8983,0.9325,0.1187,0.0762,0.3887,0.1275,0.4354,none
instruct,damaged_q4,tri_structural_heavy_55,high,1600,0.8706,0.6369,0.9252,0.965,0.1019,0.0431,0.2762,0.0838,0.5714,none
instruct,damaged_q4,tri_structural_heavy_55,low,1600,0.915,0.7725,0.9615,0.9881,0.0594,0.0213,0.1388,0.0275,0.738,none
instruct,damaged_q4,tri_structural_heavy_55,medium,1600,0.9006,0.7087,0.9449,0.9775,0.0769,0.0413,0.195,0.0606,0.6588,none
instruct,damaged_q4,tri_structural_heavy_60,extreme,1600,0.8256,0.5038,0.9008,0.9419,0.1331,0.0625,0.4069,0.0906,0.4142,none
instruct,damaged_q4,tri_structural_heavy_60,high,1600,0.895,0.64,0.9327,0.9675,0.0813,0.0413,0.2938,0.0744,0.5802,none
instruct,damaged_q4,tri_structural_heavy_60,low,1600,0.9056,0.7625,0.9585,0.9894,0.0594,0.0244,0.1444,0.0381,0.7264,none
instruct,damaged_q4,tri_structural_heavy_60,medium,1600,0.8962,0.6975,0.9452,0.9825,0.0813,0.0381,0.2125,0.0531,0.6458,none
instruct,damaged_q4,tri_structural_heavy_65,extreme,1600,0.8575,0.5563,0.9132,0.9487,0.11,0.0575,0.3613,0.0887,0.4784,none
instruct,damaged_q4,tri_structural_heavy_65,high,1600,0.8619,0.6362,0.9268,0.9656,0.11,0.0338,0.2669,0.0675,0.5718,none
instruct,damaged_q4,tri_structural_heavy_65,low,1600,0.925,0.7731,0.9645,0.9912,0.0488,0.025,0.1531,0.0275,0.7399,none
instruct,damaged_q4,tri_structural_heavy_65,medium,1600,0.9019,0.7137,0.9477,0.9862,0.0806,0.03,0.1931,0.0525,0.6655,none
instruct,healthy_q6,baseline,extreme,1600,0.3431,0.2569,0.5966,0.7331,0.1456,0.03,0.2944,1.6931,0.099,primitive_gap
instruct,healthy_q6,baseline,high,1600,0.4544,0.39,0.6547,0.7544,0.1113,0.0112,0.2137,1.2731,0.2736,none
instruct,healthy_q6,baseline,low,1600,0.4275,0.3825,0.7288,0.8,0.0481,0.0,0.1187,0.7469,0.3212,none
instruct,healthy_q6,baseline,medium,1600,0.485,0.4444,0.6869,0.7794,0.0963,0.0056,0.1412,1.0862,0.3488,none
instruct,healthy_q6,cog_25_cyb_75,extreme,1600,0.6769,0.4356,0.7988,0.8769,0.125,0.125,0.3456,0.6556,0.3127,none
instruct,healthy_q6,cog_25_cyb_75,high,1600,0.6856,0.5344,0.8008,0.8912,0.105,0.0931,0.2225,0.6456,0.4342,none
instruct,healthy_q6,cog_25_cyb_75,low,1600,0.7087,0.5931,0.8756,0.9406,0.0525,0.0563,0.1356,0.305,0.54,none
instruct,healthy_q6,cog_25_cyb_75,medium,1600,0.73,0.5919,0.8435,0.9044,0.0675,0.0712,0.1812,0.4906,0.5183,none
instruct,healthy_q6,cog_25_str_75,extreme,1600,0.9062,0.6594,0.9401,0.9862,0.0856,0.0425,0.2856,0.0563,0.5995,none
instruct,healthy_q6,cog_25_str_75,high,1600,0.9019,0.72,0.9469,0.9894,0.0806,0.0144,0.2131,0.0563,0.6731,none
instruct,healthy_q6,cog_25_str_75,low,1600,0.9194,0.8094,0.9654,0.99,0.0387,0.0044,0.1187,0.0437,0.7852,none
instruct,healthy_q6,cog_25_str_75,medium,1600,0.9344,0.8056,0.9643,0.9925,0.0544,0.0094,0.1363,0.0362,0.7747,none
instruct,healthy_q6,cog_40_cyb_60,extreme,1600,0.6713,0.4356,0.79,0.8912,0.13,0.1169,0.3331,0.7269,0.3103,none
instruct,healthy_q6,cog_40_cyb_60,high,1600,0.6919,0.5437,0.8048,0.9113,0.11,0.0806,0.2238,0.6381,0.4448,none
instruct,healthy_q6,cog_40_cyb_60,low,1600,0.7113,0.5863,0.886,0.9594,0.0569,0.0606,0.1375,0.2787,0.5321,none
instruct,healthy_q6,cog_40_cyb_60,medium,1600,0.76,0.6112,0.8588,0.9331,0.065,0.0712,0.1681,0.4556,0.5413,none
instruct,healthy_q6,cog_40_str_60,extreme,1600,0.9031,0.6419,0.9385,0.9869,0.085,0.0462,0.285,0.0688,0.5809,none
instruct,healthy_q6,cog_40_str_60,high,1600,0.925,0.7231,0.9525,0.9894,0.0631,0.0231,0.2244,0.0519,0.679,none
instruct,healthy_q6,cog_40_str_60,low,1600,0.9213,0.8175,0.9667,0.9906,0.0381,0.0044,0.1125,0.0419,0.7941,none
instruct,healthy_q6,cog_40_str_60,medium,1600,0.9306,0.7731,0.9588,0.9881,0.0569,0.0156,0.1656,0.045,0.7374,none
instruct,healthy_q6,cog_50_cyb_50,extreme,1600,0.6675,0.4138,0.783,0.8881,0.1194,0.1125,0.3638,0.7675,0.288,none
instruct,healthy_q6,cog_50_cyb_50,high,1600,0.6919,0.545,0.8002,0.9206,0.1,0.0712,0.2406,0.6863,0.4472,none
instruct,healthy_q6,cog_50_cyb_50,low,1600,0.7225,0.5938,0.8871,0.9544,0.0525,0.0512,0.1394,0.2756,0.5428,none
instruct,healthy_q6,cog_50_cyb_50,medium,1600,0.7244,0.6,0.8451,0.9294,0.0769,0.0625,0.1769,0.495,0.5255,none
instruct,healthy_q6,cog_50_str_50,extreme,1600,0.9031,0.6056,0.9382,0.9931,0.0894,0.0606,0.3162,0.0537,0.5387,none
instruct,healthy_q6,cog_50_str_50,high,1600,0.9081,0.6919,0.9467,0.9881,0.0725,0.0262,0.2387,0.0594,0.6428,none
instruct,healthy_q6,cog_50_str_50,low,1600,0.9337,0.8113,0.9701,0.9938,0.0362,0.0131,0.1237,0.0312,0.7863,none
instruct,healthy_q6,cog_50_str_50,medium,1600,0.9231,0.7725,0.9566,0.9875,0.0587,0.0175,0.1531,0.0563,0.7363,none
instruct,healthy_q6,cog_60_cyb_40,extreme,1600,0.6544,0.43,0.7779,0.9025,0.1281,0.1013,0.3613,0.8106,0.3019,none
instruct,healthy_q6,cog_60_cyb_40,high,1600,0.7037,0.5463,0.8108,0.9325,0.1006,0.0712,0.2238,0.6569,0.4511,none
instruct,healthy_q6,cog_60_cyb_40,low,1600,0.6813,0.5575,0.8762,0.9663,0.0594,0.05,0.1531,0.3137,0.5018,none
instruct,healthy_q6,cog_60_cyb_40,medium,1600,0.7369,0.6,0.8455,0.9406,0.08,0.0594,0.1806,0.4988,0.5247,none
instruct,healthy_q6,cog_60_str_40,extreme,1600,0.9044,0.6206,0.9348,0.99,0.0813,0.0606,0.3094,0.09,0.5549,none
instruct,healthy_q6,cog_60_str_40,high,1600,0.9169,0.7113,0.9509,0.9906,0.0688,0.0331,0.2169,0.0544,0.6639,none
instruct,healthy_q6,cog_60_str_40,low,1600,0.9125,0.7662,0.9598,0.9862,0.04,0.0169,0.1531,0.0519,0.736,none
instruct,healthy_q6,cog_60_str_40,medium,1600,0.9244,0.7431,0.9567,0.9925,0.0525,0.0238,0.1888,0.0581,0.7046,none
instruct,healthy_q6,cog_75_cyb_25,extreme,1600,0.6412,0.4188,0.7691,0.9075,0.1169,0.1056,0.3475,0.89,0.2903,none
instruct,healthy_q6,cog_75_cyb_25,high,1600,0.6981,0.5481,0.801,0.9381,0.0931,0.065,0.2444,0.7188,0.4517,none
instruct,healthy_q6,cog_75_cyb_25,low,1600,0.68,0.5675,0.8776,0.97,0.0606,0.0362,0.1356,0.3125,0.5156,none
instruct,healthy_q6,cog_75_cyb_25,medium,1600,0.7238,0.5988,0.843,0.9519,0.0775,0.0506,0.1744,0.5306,0.5249,none
instruct,healthy_q6,cog_75_str_25,extreme,1600,0.8394,0.5606,0.8828,0.9625,0.0919,0.0619,0.3337,0.34,0.477,none
instruct,healthy_q6,cog_75_str_25,high,1600,0.8575,0.6412,0.9078,0.98,0.0894,0.0394,0.2612,0.2188,0.5747,none
instruct,healthy_q6,cog_75_str_25,low,1600,0.9006,0.7744,0.9591,0.99,0.0506,0.0288,0.1237,0.0525,0.7409,none
instruct,healthy_q6,cog_75_str_25,medium,1600,0.8869,0.7312,0.9363,0.9806,0.0675,0.0331,0.1638,0.13,0.6848,none
instruct,healthy_q6,cognitive_only,extreme,1600,0.4738,0.3119,0.6848,0.8462,0.1338,0.0762,0.3619,1.2962,0.1627,none
instruct,healthy_q6,cognitive_only,high,1600,0.5656,0.4506,0.7269,0.87,0.1263,0.045,0.2675,0.9862,0.333,none
instruct,healthy_q6,cognitive_only,low,1600,0.57,0.4738,0.8149,0.9163,0.0675,0.03,0.145,0.4888,0.4115,none
instruct,healthy_q6,cognitive_only,medium,1600,0.5962,0.4988,0.7628,0.8881,0.095,0.0512,0.1862,0.8287,0.4037,none
instruct,healthy_q6,cyb_25_str_75,extreme,1600,0.9006,0.6281,0.9362,0.9825,0.0894,0.0544,0.2875,0.0644,0.5642,none
instruct,healthy_q6,cyb_25_str_75,high,1600,0.9087,0.7169,0.9473,0.9869,0.0756,0.0244,0.2087,0.0612,0.6696,none
instruct,healthy_q6,cyb_25_str_75,low,1600,0.9363,0.8263,0.9703,0.99,0.0288,0.0131,0.11,0.0387,0.8043,none
instruct,healthy_q6,cyb_25_str_75,medium,1600,0.9319,0.7887,0.9624,0.9888,0.0506,0.0187,0.1381,0.0462,0.7564,none
instruct,healthy_q6,cyb_40_str_60,extreme,1600,0.905,0.6338,0.9345,0.9631,0.0775,0.0731,0.2812,0.0725,0.5698,none
instruct,healthy_q6,cyb_40_str_60,high,1600,0.9194,0.7231,0.9493,0.9788,0.0663,0.0394,0.2013,0.0587,0.6763,none
instruct,healthy_q6,cyb_40_str_60,low,1600,0.9269,0.8081,0.9672,0.9869,0.04,0.0213,0.1131,0.0338,0.7811,none
instruct,healthy_q6,cyb_40_str_60,medium,1600,0.9194,0.7656,0.955,0.9788,0.0575,0.0375,0.1444,0.0594,0.7264,none
instruct,healthy_q6,cyb_50_str_50,extreme,1600,0.8638,0.6062,0.9202,0.94,0.095,0.0844,0.2869,0.0906,0.5334,none
instruct,healthy_q6,cyb_50_str_50,high,1600,0.9094,0.705,0.9427,0.9613,0.0656,0.0506,0.1975,0.0756,0.6556,none
instruct,healthy_q6,cyb_50_str_50,low,1600,0.925,0.7956,0.9658,0.9888,0.0406,0.0256,0.1144,0.0394,0.7672,none
instruct,healthy_q6,cyb_50_str_50,medium,1600,0.9125,0.7719,0.9535,0.9762,0.0663,0.035,0.1375,0.0537,0.7313,none
instruct,healthy_q6,cyb_60_str_40,extreme,1600,0.8588,0.5725,0.9159,0.9313,0.0887,0.0919,0.3094,0.105,0.4975,none
instruct,healthy_q6,cyb_60_str_40,high,1600,0.8912,0.6781,0.9325,0.9487,0.0719,0.0563,0.2144,0.0981,0.6233,none
instruct,healthy_q6,cyb_60_str_40,low,1600,0.9131,0.7913,0.9608,0.9738,0.045,0.0375,0.1094,0.0425,0.7594,none
instruct,healthy_q6,cyb_60_str_40,medium,1600,0.9125,0.74,0.9465,0.9537,0.055,0.0531,0.1569,0.0744,0.6966,none
instruct,healthy_q6,cyb_75_str_25,extreme,1600,0.8131,0.53,0.8796,0.8988,0.0931,0.1062,0.3175,0.2719,0.4418,none
instruct,healthy_q6,cyb_75_str_25,high,1600,0.8287,0.6156,0.8971,0.9287,0.0788,0.0681,0.2437,0.2319,0.5473,none
instruct,healthy_q6,cyb_75_str_25,low,1600,0.9012,0.7556,0.9504,0.9487,0.0406,0.0494,0.1219,0.0619,0.7207,none
instruct,healthy_q6,cyb_75_str_25,medium,1600,0.8631,0.6956,0.921,0.9281,0.065,0.0631,0.1656,0.1506,0.6427,none
instruct,healthy_q6,cyber_only,extreme,1600,0.6288,0.41,0.7644,0.8469,0.1175,0.1169,0.3488,0.8344,0.2818,none
instruct,healthy_q6,cyber_only,high,1600,0.6319,0.4994,0.7647,0.8531,0.1062,0.0744,0.2331,0.7794,0.395,none
instruct,healthy_q6,cyber_only,low,1600,0.6256,0.5288,0.8351,0.8925,0.0606,0.0519,0.1263,0.41,0.4696,none
instruct,healthy_q6,cyber_only,medium,1600,0.6781,0.5363,0.8085,0.8888,0.0806,0.0725,0.1794,0.6206,0.4522,none
instruct,healthy_q6,structural_only,extreme,1600,0.9,0.6594,0.9368,0.9738,0.0887,0.0406,0.2687,0.0606,0.6001,none
instruct,healthy_q6,structural_only,high,1600,0.9244,0.7344,0.9551,0.9881,0.0612,0.0112,0.2125,0.0437,0.6946,none
instruct,healthy_q6,structural_only,low,1600,0.9237,0.84,0.969,0.99,0.0413,0.0031,0.0925,0.0344,0.8179,none
instruct,healthy_q6,structural_only,medium,1600,0.9394,0.8169,0.9636,0.9912,0.0469,0.0063,0.14,0.0494,0.7879,none
instruct,healthy_q6,tri_boundary_heavy,extreme,1600,0.9075,0.6081,0.9372,0.9894,0.0831,0.0856,0.3088,0.0656,0.5381,none
instruct,healthy_q6,tri_boundary_heavy,high,1600,0.9244,0.7219,0.9531,0.9888,0.0625,0.05,0.1975,0.0587,0.6744,none
instruct,healthy_q6,tri_boundary_heavy,low,1600,0.9319,0.7969,0.9691,0.9919,0.0325,0.0325,0.1219,0.0375,0.769,none
instruct,healthy_q6,tri_boundary_heavy,medium,1600,0.9237,0.75,0.9564,0.9869,0.0556,0.0519,0.1613,0.0575,0.7072,none
instruct,healthy_q6,tri_cognitive_bridge,extreme,1600,0.8969,0.5988,0.9339,0.9856,0.0931,0.0756,0.3187,0.06,0.5272,none
instruct,healthy_q6,tri_cognitive_bridge,high,1600,0.9187,0.7063,0.9509,0.9875,0.07,0.0537,0.2056,0.0537,0.6554,none
instruct,healthy_q6,tri_cognitive_bridge,low,1600,0.9269,0.7956,0.9678,0.9894,0.0381,0.0338,0.1163,0.0369,0.7663,none
instruct,healthy_q6,tri_cognitive_bridge,medium,1600,0.9269,0.7525,0.959,0.9938,0.06,0.0462,0.1537,0.0494,0.7105,none
instruct,healthy_q6,tri_cognitive_heavy,extreme,1600,0.8931,0.6044,0.9344,0.9925,0.0981,0.0894,0.2975,0.0656,0.53,none
instruct,healthy_q6,tri_cognitive_heavy,high,1600,0.925,0.6937,0.9558,0.9956,0.065,0.0631,0.2181,0.0406,0.6421,none
instruct,healthy_q6,tri_cognitive_heavy,low,1600,0.9194,0.7706,0.9628,0.9838,0.0437,0.0319,0.14,0.0369,0.7381,none
instruct,healthy_q6,tri_cognitive_heavy,medium,1600,0.9244,0.73,0.9553,0.9881,0.0575,0.0525,0.1825,0.0556,0.6849,none
instruct,healthy_q6,tri_cyber_heavy,extreme,1600,0.8844,0.5756,0.9261,0.9544,0.0887,0.125,0.2994,0.0769,0.4962,none
instruct,healthy_q6,tri_cyber_heavy,high,1600,0.9044,0.6687,0.9423,0.9719,0.075,0.0769,0.22,0.0663,0.61,none
instruct,healthy_q6,tri_cyber_heavy,low,1600,0.9206,0.7606,0.9646,0.9862,0.0431,0.0575,0.1344,0.035,0.7237,none
instruct,healthy_q6,tri_cyber_heavy,medium,1600,0.9294,0.7481,0.9592,0.9838,0.0563,0.0669,0.1506,0.0444,0.7036,none
instruct,healthy_q6,tri_equal_routed,extreme,1600,0.8988,0.6012,0.9347,0.9775,0.0819,0.0969,0.3038,0.0688,0.5296,none
instruct,healthy_q6,tri_equal_routed,high,1600,0.9106,0.6769,0.9449,0.9881,0.0756,0.0656,0.2288,0.0669,0.6194,none
instruct,healthy_q6,tri_equal_routed,low,1600,0.9094,0.7681,0.9622,0.9862,0.0506,0.0456,0.1169,0.04,0.7325,none
instruct,healthy_q6,tri_equal_routed,medium,1600,0.9131,0.7388,0.9557,0.9875,0.0712,0.0563,0.1531,0.0425,0.6917,none
instruct,healthy_q6,tri_naive_equal_all_fire,extreme,1600,0.8287,0.3519,0.8748,0.9506,0.1081,0.3912,0.3869,0.0875,0.2059,none
instruct,healthy_q6,tri_naive_equal_all_fire,high,1600,0.8638,0.4475,0.9069,0.9694,0.0956,0.3269,0.2787,0.0569,0.3283,none
instruct,healthy_q6,tri_naive_equal_all_fire,low,1600,0.895,0.5844,0.9363,0.9881,0.0712,0.2313,0.1644,0.0312,0.502,none
instruct,healthy_q6,tri_naive_equal_all_fire,medium,1600,0.8838,0.5175,0.9222,0.9769,0.0825,0.2938,0.2075,0.0431,0.4152,none
instruct,healthy_q6,tri_naive_structural_heavy_all_fire,extreme,1600,0.8738,0.3563,0.8922,0.9925,0.0969,0.3881,0.4025,0.0537,0.2147,none
instruct,healthy_q6,tri_naive_structural_heavy_all_fire,high,1600,0.8875,0.4931,0.9196,0.9894,0.0788,0.2981,0.2562,0.0612,0.3863,none
instruct,healthy_q6,tri_naive_structural_heavy_all_fire,low,1600,0.9025,0.6112,0.9411,0.985,0.0569,0.2169,0.1581,0.0344,0.5364,none
instruct,healthy_q6,tri_naive_structural_heavy_all_fire,medium,1600,0.9012,0.5469,0.9295,0.9869,0.0737,0.2719,0.1875,0.0475,0.453,none
instruct,healthy_q6,tri_structural_heavy_55,extreme,1600,0.9163,0.6244,0.9445,0.9931,0.0737,0.0669,0.2944,0.0537,0.5626,none
instruct,healthy_q6,tri_structural_heavy_55,high,1600,0.93,0.7288,0.9546,0.9888,0.0594,0.0419,0.1994,0.055,0.6839,none
instruct,healthy_q6,tri_structural_heavy_55,low,1600,0.9313,0.8,0.9684,0.9912,0.0369,0.0219,0.1256,0.0344,0.7728,none
instruct,healthy_q6,tri_structural_heavy_55,medium,1600,0.9431,0.7588,0.9638,0.9881,0.0437,0.0375,0.1731,0.0375,0.7224,none
instruct,healthy_q6,tri_structural_heavy_60,extreme,1600,0.9119,0.6244,0.941,0.9906,0.0769,0.07,0.2938,0.0656,0.5605,none
instruct,healthy_q6,tri_structural_heavy_60,high,1600,0.9256,0.6975,0.9516,0.9881,0.0638,0.0375,0.2294,0.0512,0.65,none
instruct,healthy_q6,tri_structural_heavy_60,low,1600,0.9431,0.8325,0.9735,0.99,0.0269,0.0194,0.1025,0.0319,0.8108,none
instruct,healthy_q6,tri_structural_heavy_60,medium,1600,0.9325,0.795,0.9602,0.99,0.0512,0.0288,0.1369,0.0581,0.76,none
instruct,healthy_q6,tri_structural_heavy_65,extreme,1600,0.9125,0.6494,0.942,0.99,0.0762,0.0656,0.2794,0.0663,0.5877,none
instruct,healthy_q6,tri_structural_heavy_65,high,1600,0.9213,0.7325,0.9529,0.99,0.0663,0.0281,0.2013,0.0531,0.6882,none
instruct,healthy_q6,tri_structural_heavy_65,low,1600,0.9344,0.8144,0.9697,0.9912,0.0269,0.0125,0.1225,0.0406,0.792,none
instruct,healthy_q6,tri_structural_heavy_65,medium,1600,0.9356,0.7806,0.9593,0.9906,0.0519,0.0375,0.1456,0.0606,0.7429,none
instruct,healthy_q8,baseline,extreme,1600,0.5725,0.4381,0.7341,0.8331,0.0712,0.0369,0.2687,1.13,0.3314,none
instruct,healthy_q8,baseline,high,1600,0.6262,0.5487,0.7521,0.8356,0.0669,0.0075,0.1731,0.9363,0.4665,none
instruct,healthy_q8,baseline,low,1600,0.555,0.5112,0.8107,0.8606,0.0356,0.0,0.0931,0.5144,0.4674,none
instruct,healthy_q8,baseline,medium,1600,0.6206,0.57,0.7735,0.8344,0.0431,0.0094,0.13,0.8081,0.5044,none
instruct,healthy_q8,cog_25_cyb_75,extreme,1600,0.8225,0.555,0.8784,0.9294,0.0669,0.11,0.2881,0.3812,0.4708,none
instruct,healthy_q8,cog_25_cyb_75,high,1600,0.8306,0.6525,0.8869,0.9531,0.0581,0.0875,0.1938,0.3581,0.5842,none
instruct,healthy_q8,cog_25_cyb_75,low,1600,0.8456,0.7,0.9372,0.9756,0.0356,0.055,0.1237,0.1319,0.6618,none
instruct,healthy_q8,cog_25_cyb_75,medium,1600,0.8462,0.6956,0.9074,0.9569,0.0581,0.0681,0.1419,0.2644,0.64,none
instruct,healthy_q8,cog_25_str_75,extreme,1600,0.9313,0.6869,0.9496,0.9881,0.0625,0.0375,0.2556,0.0581,0.6373,none
instruct,healthy_q8,cog_25_str_75,high,1600,0.9406,0.775,0.9582,0.99,0.05,0.0106,0.1869,0.0563,0.7401,none
instruct,healthy_q8,cog_25_str_75,low,1600,0.94,0.8425,0.9723,0.9838,0.0238,0.0069,0.1025,0.035,0.824,none
instruct,healthy_q8,cog_25_str_75,medium,1600,0.9437,0.8306,0.9653,0.9856,0.04,0.0169,0.1119,0.0544,0.8036,none
instruct,healthy_q8,cog_40_cyb_60,extreme,1600,0.8187,0.545,0.8731,0.9413,0.08,0.125,0.2963,0.4012,0.4522,none
instruct,healthy_q8,cog_40_cyb_60,high,1600,0.8488,0.6525,0.8899,0.9637,0.065,0.0813,0.2062,0.3419,0.5832,none
instruct,healthy_q8,cog_40_cyb_60,low,1600,0.8369,0.6956,0.9345,0.985,0.045,0.0531,0.1294,0.1431,0.654,none
instruct,healthy_q8,cog_40_cyb_60,medium,1600,0.8562,0.7163,0.9124,0.9688,0.0456,0.0594,0.1388,0.275,0.6658,none
instruct,healthy_q8,cog_40_str_60,extreme,1600,0.93,0.6794,0.9504,0.9875,0.0625,0.0563,0.2469,0.0531,0.627,none
instruct,healthy_q8,cog_40_str_60,high,1600,0.9413,0.7712,0.9606,0.9881,0.0444,0.0194,0.1837,0.0525,0.7367,none
instruct,healthy_q8,cog_40_str_60,low,1600,0.9381,0.8394,0.9731,0.9894,0.0275,0.0056,0.1044,0.0319,0.8201,none
instruct,healthy_q8,cog_40_str_60,medium,1600,0.9544,0.8119,0.9701,0.9956,0.0356,0.0194,0.1431,0.0381,0.784,none
instruct,healthy_q8,cog_50_cyb_50,extreme,1600,0.8231,0.5475,0.8759,0.9494,0.0819,0.1131,0.3044,0.3844,0.4567,none
instruct,healthy_q8,cog_50_cyb_50,high,1600,0.8356,0.6406,0.887,0.9744,0.0731,0.08,0.2175,0.3519,0.5677,none
instruct,healthy_q8,cog_50_cyb_50,low,1600,0.8413,0.7119,0.9388,0.9869,0.0369,0.0425,0.1175,0.1369,0.6761,none
instruct,healthy_q8,cog_50_cyb_50,medium,1600,0.8481,0.69,0.9091,0.9744,0.0469,0.0762,0.1581,0.2888,0.6336,none
instruct,healthy_q8,cog_50_str_50,extreme,1600,0.9219,0.6519,0.944,0.9875,0.0663,0.0594,0.2769,0.0706,0.5944,none
instruct,healthy_q8,cog_50_str_50,high,1600,0.93,0.7375,0.9553,0.9938,0.0581,0.0281,0.2006,0.0581,0.6955,none
instruct,healthy_q8,cog_50_str_50,low,1600,0.9394,0.8381,0.9722,0.9875,0.0312,0.02,0.1006,0.0294,0.8152,none
instruct,healthy_q8,cog_50_str_50,medium,1600,0.9494,0.8175,0.969,0.9925,0.0375,0.0244,0.125,0.0431,0.7892,none
instruct,healthy_q8,cog_60_cyb_40,extreme,1600,0.8019,0.5419,0.8649,0.9463,0.0844,0.1131,0.2994,0.4456,0.4477,none
instruct,healthy_q8,cog_60_cyb_40,high,1600,0.8306,0.6369,0.8872,0.975,0.0712,0.0725,0.2288,0.35,0.5652,none
instruct,healthy_q8,cog_60_cyb_40,low,1600,0.8263,0.7037,0.9347,0.9831,0.0394,0.0506,0.1087,0.1494,0.6656,none
instruct,healthy_q8,cog_60_cyb_40,medium,1600,0.8488,0.695,0.9105,0.9838,0.0569,0.075,0.1475,0.2781,0.6372,none
instruct,healthy_q8,cog_60_str_40,extreme,1600,0.9119,0.6344,0.9405,0.985,0.075,0.0625,0.2838,0.0712,0.5731,none
instruct,healthy_q8,cog_60_str_40,high,1600,0.9437,0.7369,0.9607,0.9881,0.0425,0.0356,0.2031,0.0488,0.6983,none
instruct,healthy_q8,cog_60_str_40,low,1600,0.9281,0.805,0.9678,0.9888,0.0344,0.0194,0.115,0.0406,0.7796,none
instruct,healthy_q8,cog_60_str_40,medium,1600,0.9387,0.8,0.9643,0.9906,0.0481,0.0231,0.1319,0.0456,0.7681,none
instruct,healthy_q8,cog_75_cyb_25,extreme,1600,0.8013,0.5394,0.8554,0.96,0.0775,0.0956,0.2975,0.5413,0.4461,none
instruct,healthy_q8,cog_75_cyb_25,high,1600,0.8425,0.6388,0.8859,0.9806,0.0556,0.0737,0.2294,0.3912,0.5694,none
instruct,healthy_q8,cog_75_cyb_25,low,1600,0.8069,0.6863,0.9293,0.985,0.0381,0.0488,0.11,0.1719,0.6477,none
instruct,healthy_q8,cog_75_cyb_25,medium,1600,0.86,0.6963,0.9105,0.9869,0.0531,0.07,0.1456,0.2894,0.6402,none
instruct,healthy_q8,cog_75_str_25,extreme,1600,0.9331,0.6506,0.9463,0.9944,0.0575,0.0725,0.2706,0.0838,0.593,none
instruct,healthy_q8,cog_75_str_25,high,1600,0.9244,0.7212,0.9525,0.9888,0.0556,0.04,0.2031,0.07,0.6768,none
instruct,healthy_q8,cog_75_str_25,low,1600,0.9381,0.8213,0.9714,0.99,0.0344,0.0238,0.11,0.0294,0.7959,none
instruct,healthy_q8,cog_75_str_25,medium,1600,0.9294,0.7625,0.9594,0.99,0.045,0.0344,0.1625,0.0625,0.726,none
instruct,healthy_q8,cognitive_only,extreme,1600,0.6781,0.46,0.7871,0.9131,0.0831,0.0744,0.3306,0.87,0.3502,none
instruct,healthy_q8,cognitive_only,high,1600,0.7419,0.5975,0.8275,0.93,0.0638,0.0425,0.2306,0.6375,0.5196,none
instruct,healthy_q8,cognitive_only,low,1600,0.6925,0.5869,0.8844,0.9681,0.0462,0.0419,0.115,0.3144,0.5397,none
instruct,healthy_q8,cognitive_only,medium,1600,0.7712,0.6644,0.8605,0.9431,0.0525,0.0369,0.1606,0.4819,0.6043,none
instruct,healthy_q8,cyb_25_str_75,extreme,1600,0.94,0.7,0.9515,0.9912,0.0556,0.0537,0.2431,0.0669,0.6498,none
instruct,healthy_q8,cyb_25_str_75,high,1600,0.9525,0.7944,0.964,0.9931,0.0419,0.0238,0.1625,0.0525,0.7614,none
instruct,healthy_q8,cyb_25_str_75,low,1600,0.9331,0.8519,0.9724,0.9912,0.0338,0.0075,0.0838,0.0331,0.8319,none
instruct,healthy_q8,cyb_25_str_75,medium,1600,0.9494,0.8275,0.9696,0.9919,0.04,0.0219,0.115,0.0394,0.8,none
instruct,healthy_q8,cyb_40_str_60,extreme,1600,0.9456,0.7013,0.9545,0.9925,0.0469,0.0681,0.2338,0.0681,0.6515,none
instruct,healthy_q8,cyb_40_str_60,high,1600,0.9356,0.7544,0.9579,0.9919,0.0544,0.0338,0.1825,0.0556,0.7139,none
instruct,healthy_q8,cyb_40_str_60,low,1600,0.9406,0.8363,0.9739,0.9881,0.0213,0.0225,0.0944,0.0369,0.816,none
instruct,healthy_q8,cyb_40_str_60,medium,1600,0.9494,0.8025,0.9686,0.9925,0.0338,0.0387,0.1294,0.0488,0.7718,none
instruct,healthy_q8,cyb_50_str_50,extreme,1600,0.9275,0.6669,0.9452,0.9788,0.0606,0.09,0.2394,0.075,0.6078,none
instruct,healthy_q8,cyb_50_str_50,high,1600,0.9344,0.7469,0.9586,0.9925,0.0531,0.0481,0.1775,0.0569,0.7043,none
instruct,healthy_q8,cyb_50_str_50,low,1600,0.9375,0.8181,0.9718,0.9925,0.035,0.0312,0.0994,0.0312,0.7919,none
instruct,healthy_q8,cyb_50_str_50,medium,1600,0.9525,0.8025,0.9648,0.985,0.035,0.0406,0.1288,0.0581,0.7707,none
instruct,healthy_q8,cyb_60_str_40,extreme,1600,0.9075,0.6506,0.9374,0.9688,0.0675,0.0744,0.2556,0.0925,0.5904,none
instruct,healthy_q8,cyb_60_str_40,high,1600,0.9437,0.7462,0.9604,0.9806,0.0419,0.0581,0.1831,0.0488,0.705,none
instruct,healthy_q8,cyb_60_str_40,low,1600,0.9387,0.82,0.9731,0.9925,0.0294,0.0387,0.0944,0.0331,0.7942,none
instruct,healthy_q8,cyb_60_str_40,medium,1600,0.9369,0.7769,0.9621,0.9881,0.0462,0.0575,0.13,0.0581,0.7382,none
instruct,healthy_q8,cyb_75_str_25,extreme,1600,0.8988,0.635,0.9298,0.9506,0.0681,0.1062,0.255,0.11,0.5674,none
instruct,healthy_q8,cyb_75_str_25,high,1600,0.9062,0.7031,0.941,0.9556,0.0606,0.0638,0.1881,0.0894,0.6527,none
instruct,healthy_q8,cyb_75_str_25,low,1600,0.9331,0.8019,0.9672,0.9738,0.0275,0.0512,0.0981,0.0425,0.7734,none
instruct,healthy_q8,cyb_75_str_25,medium,1600,0.935,0.7556,0.9588,0.9794,0.0413,0.0756,0.1363,0.0706,0.7137,none
instruct,healthy_q8,cyber_only,extreme,1600,0.7581,0.5012,0.8419,0.8781,0.0756,0.1113,0.2913,0.5131,0.4074,none
instruct,healthy_q8,cyber_only,high,1600,0.7488,0.5756,0.8411,0.9025,0.0731,0.0788,0.2306,0.4975,0.4946,none
instruct,healthy_q8,cyber_only,low,1600,0.7481,0.6362,0.8906,0.9163,0.0338,0.0488,0.1263,0.2587,0.5933,none
instruct,healthy_q8,cyber_only,medium,1600,0.7731,0.6369,0.8656,0.9094,0.0525,0.0694,0.1475,0.4206,0.5744,none
instruct,healthy_q8,structural_only,extreme,1600,0.9275,0.6931,0.9489,0.985,0.0619,0.0325,0.2412,0.0663,0.6454,none
instruct,healthy_q8,structural_only,high,1600,0.9487,0.7775,0.9635,0.9906,0.0437,0.0119,0.1819,0.0419,0.7454,none
instruct,healthy_q8,structural_only,low,1600,0.9481,0.8588,0.9744,0.9838,0.0187,0.0037,0.0912,0.0344,0.8434,none
instruct,healthy_q8,structural_only,medium,1600,0.9506,0.8187,0.9675,0.9906,0.0362,0.0163,0.1306,0.0481,0.7918,none
instruct,healthy_q8,tri_boundary_heavy,extreme,1600,0.9263,0.6481,0.9471,0.9869,0.0644,0.0906,0.25,0.0625,0.5876,none
instruct,healthy_q8,tri_boundary_heavy,high,1600,0.9513,0.7469,0.9645,0.9931,0.0419,0.0537,0.1781,0.0444,0.7071,none
instruct,healthy_q8,tri_boundary_heavy,low,1600,0.9306,0.8106,0.9709,0.9906,0.0319,0.0425,0.0925,0.0387,0.7832,none
instruct,healthy_q8,tri_boundary_heavy,medium,1600,0.9437,0.7744,0.9651,0.9919,0.0431,0.0537,0.1406,0.0475,0.7371,none
instruct,healthy_q8,tri_cognitive_bridge,extreme,1600,0.9337,0.6562,0.9487,0.985,0.055,0.0781,0.2756,0.0587,0.5991,none
instruct,healthy_q8,tri_cognitive_bridge,high,1600,0.9381,0.7406,0.955,0.9856,0.05,0.0419,0.1906,0.0675,0.6986,none
instruct,healthy_q8,tri_cognitive_bridge,low,1600,0.9387,0.8125,0.9714,0.9888,0.03,0.0369,0.1037,0.0338,0.7861,none
instruct,healthy_q8,tri_cognitive_bridge,medium,1600,0.9406,0.7887,0.9619,0.9856,0.0437,0.0431,0.1331,0.0581,0.7534,none
instruct,healthy_q8,tri_cognitive_heavy,extreme,1600,0.925,0.6325,0.9438,0.9881,0.065,0.09,0.2794,0.0712,0.5691,none
instruct,healthy_q8,tri_cognitive_heavy,high,1600,0.9319,0.7388,0.9557,0.9906,0.0587,0.0481,0.1856,0.0575,0.6938,none
instruct,healthy_q8,tri_cognitive_heavy,low,1600,0.9419,0.8081,0.9724,0.99,0.0288,0.0331,0.1144,0.03,0.7822,none
instruct,healthy_q8,tri_cognitive_heavy,medium,1600,0.935,0.7719,0.9617,0.9894,0.05,0.0369,0.1588,0.0456,0.7345,none
instruct,healthy_q8,tri_cyber_heavy,extreme,1600,0.9219,0.6262,0.9461,0.9875,0.0694,0.1131,0.2594,0.055,0.5593,none
instruct,healthy_q8,tri_cyber_heavy,high,1600,0.9394,0.7269,0.9598,0.9894,0.0494,0.0762,0.1775,0.0525,0.68,none
instruct,healthy_q8,tri_cyber_heavy,low,1600,0.9387,0.805,0.9727,0.9888,0.0256,0.0531,0.1013,0.0356,0.7768,none
instruct,healthy_q8,tri_cyber_heavy,medium,1600,0.9331,0.7475,0.9607,0.985,0.0481,0.075,0.1419,0.0531,0.7041,none
instruct,healthy_q8,tri_equal_routed,extreme,1600,0.9363,0.6556,0.9503,0.9894,0.055,0.0969,0.2525,0.0619,0.5965,none
instruct,healthy_q8,tri_equal_routed,high,1600,0.9369,0.7338,0.961,0.9888,0.0494,0.0631,0.1919,0.04,0.689,none
instruct,healthy_q8,tri_equal_routed,low,1600,0.9313,0.8081,0.97,0.9912,0.0338,0.04,0.1025,0.0381,0.7799,none
instruct,healthy_q8,tri_equal_routed,medium,1600,0.945,0.7944,0.9672,0.9931,0.0425,0.0431,0.1338,0.0419,0.7602,none
instruct,healthy_q8,tri_naive_equal_all_fire,extreme,1600,0.8738,0.3825,0.8944,0.9781,0.0825,0.4,0.3375,0.0663,0.2474,none
instruct,healthy_q8,tri_naive_equal_all_fire,high,1600,0.8894,0.4719,0.9187,0.9912,0.0788,0.3312,0.2525,0.0563,0.359,none
instruct,healthy_q8,tri_naive_equal_all_fire,low,1600,0.9131,0.6012,0.9431,0.9875,0.0556,0.22,0.165,0.0275,0.526,none
instruct,healthy_q8,tri_naive_equal_all_fire,medium,1600,0.9219,0.5463,0.9346,0.9919,0.0569,0.2969,0.1819,0.0462,0.453,none
instruct,healthy_q8,tri_naive_structural_heavy_all_fire,extreme,1600,0.89,0.4062,0.9036,0.99,0.075,0.3619,0.3362,0.065,0.2812,none
instruct,healthy_q8,tri_naive_structural_heavy_all_fire,high,1600,0.9194,0.5181,0.9298,0.9912,0.0594,0.3088,0.2181,0.0512,0.4185,none
instruct,healthy_q8,tri_naive_structural_heavy_all_fire,low,1600,0.9206,0.6212,0.9465,0.9869,0.0375,0.22,0.1506,0.0387,0.552,none
instruct,healthy_q8,tri_naive_structural_heavy_all_fire,medium,1600,0.9131,0.5531,0.9353,0.9944,0.0663,0.265,0.1837,0.0425,0.4634,none
instruct,healthy_q8,tri_structural_heavy_55,extreme,1600,0.9287,0.6669,0.9495,0.9869,0.0625,0.0737,0.2544,0.0531,0.6104,none
instruct,healthy_q8,tri_structural_heavy_55,high,1600,0.9444,0.7569,0.9613,0.9894,0.0456,0.04,0.1787,0.0506,0.7184,none
instruct,healthy_q8,tri_structural_heavy_55,low,1600,0.94,0.8237,0.9735,0.9888,0.0213,0.0306,0.1006,0.0375,0.8013,none
instruct,healthy_q8,tri_structural_heavy_55,medium,1600,0.9487,0.8025,0.9673,0.9906,0.0375,0.04,0.1237,0.0494,0.7709,none
instruct,healthy_q8,tri_structural_heavy_60,extreme,1600,0.9419,0.6637,0.9539,0.9931,0.05,0.0744,0.2506,0.0594,0.6109,none
instruct,healthy_q8,tri_structural_heavy_60,high,1600,0.9313,0.76,0.9573,0.99,0.0556,0.0338,0.1731,0.0575,0.7198,none
instruct,healthy_q8,tri_structural_heavy_60,low,1600,0.9344,0.8281,0.9717,0.9894,0.03,0.0219,0.0994,0.0362,0.805,none
instruct,healthy_q8,tri_structural_heavy_60,medium,1600,0.945,0.7987,0.9648,0.9919,0.0419,0.035,0.13,0.0544,0.7661,none
instruct,healthy_q8,tri_structural_heavy_65,extreme,1600,0.9419,0.6706,0.9546,0.9925,0.0512,0.0831,0.2519,0.0494,0.616,none
instruct,healthy_q8,tri_structural_heavy_65,high,1600,0.9381,0.7562,0.9601,0.9881,0.0525,0.0306,0.1787,0.0444,0.7179,none
instruct,healthy_q8,tri_structural_heavy_65,low,1600,0.9356,0.8263,0.972,0.99,0.0281,0.0225,0.0963,0.0369,0.8038,none
instruct,healthy_q8,tri_structural_heavy_65,medium,1600,0.95,0.8256,0.9699,0.9912,0.035,0.0306,0.1113,0.045,0.7979,none
